#Numero traiettorie utilizzate-> 10000 
#Tempo massimo-> 10000
2 -2 0.2424
2 0 0.5083
2 2 0.2493


4 -4 0.0615
4 -2 0.2427
4 0 0.3808
4 2 0.2528
4 4 0.0622


8 -8 0.0037
8 -6 0.0305
8 -4 0.1101
8 -2 0.2258
8 0 0.2679
8 2 0.2172
8 4 0.1103
8 6 0.0302
8 8 0.0043


16 -16 0
16 -14 0.0002
16 -12 0.001
16 -10 0.0091
16 -8 0.026
16 -6 0.0671
16 -4 0.1193
16 -2 0.1748
16 0 0.2022
16 2 0.1706
16 4 0.1234
16 6 0.0679
16 8 0.0295
16 10 0.0072
16 12 0.0014
16 14 0.0003
16 16 0


32 -32 0
32 -30 0
32 -28 0
32 -26 0
32 -24 0
32 -22 0
32 -20 0.0002
32 -18 0.001
32 -16 0.0023
32 -14 0.007
32 -12 0.0153
32 -10 0.0282
32 -8 0.0505
32 -6 0.0798
32 -4 0.1097
32 -2 0.1344
32 0 0.1317
32 2 0.1316
32 4 0.117
32 6 0.0839
32 8 0.0543
32 10 0.0297
32 12 0.0131
32 14 0.0071
32 16 0.0027
32 18 0.0003
32 20 0.0002
32 22 0
32 24 0
32 26 0
32 28 0
32 30 0
32 32 0


64 -64 0
64 -62 0
64 -60 0
64 -58 0
64 -56 0
64 -54 0
64 -52 0
64 -50 0
64 -48 0
64 -46 0
64 -44 0
64 -42 0
64 -40 0
64 -38 0.0001
64 -36 0
64 -34 0
64 -32 0
64 -30 0
64 -28 0.0001
64 -26 0.0004
64 -24 0.0011
64 -22 0.0025
64 -20 0.0042
64 -18 0.008
64 -16 0.0133
64 -14 0.0221
64 -12 0.0342
64 -10 0.0449
64 -8 0.0584
64 -6 0.0711
64 -4 0.0909
64 -2 0.0957
64 0 0.0984
64 2 0.0953
64 4 0.0905
64 6 0.0768
64 8 0.0639
64 10 0.0458
64 12 0.0323
64 14 0.0213
64 16 0.0136
64 18 0.0076
64 20 0.0033
64 22 0.0024
64 24 0.0014
64 26 0.0001
64 28 0.0002
64 30 0.0001
64 32 0
64 34 0
64 36 0
64 38 0
64 40 0
64 42 0
64 44 0
64 46 0
64 48 0
64 50 0
64 52 0
64 54 0
64 56 0
64 58 0
64 60 0
64 62 0
64 64 0


128 -128 0
128 -126 0
128 -124 0
128 -122 0
128 -120 0
128 -118 0
128 -116 0
128 -114 0
128 -112 0
128 -110 0
128 -108 0
128 -106 0
128 -104 0
128 -102 0
128 -100 0
128 -98 0
128 -96 0
128 -94 0
128 -92 0
128 -90 0
128 -88 0
128 -86 0
128 -84 0
128 -82 0
128 -80 0
128 -78 0
128 -76 0
128 -74 0
128 -72 0
128 -70 0
128 -68 0
128 -66 0
128 -64 0
128 -62 0
128 -60 0
128 -58 0
128 -56 0
128 -54 0
128 -52 0
128 -50 0
128 -48 0
128 -46 0
128 -44 0
128 -42 0.0003
128 -40 0.0003
128 -38 0.0001
128 -36 0.0004
128 -34 0.0005
128 -32 0.001
128 -30 0.002
128 -28 0.0034
128 -26 0.0056
128 -24 0.0081
128 -22 0.0115
128 -20 0.0141
128 -18 0.0199
128 -16 0.0245
128 -14 0.0329
128 -12 0.04
128 -10 0.0498
128 -8 0.0529
128 -6 0.063
128 -4 0.0629
128 -2 0.0632
128 0 0.0722
128 2 0.0711
128 4 0.0649
128 6 0.0595
128 8 0.0557
128 10 0.0522
128 12 0.042
128 14 0.0321
128 16 0.0267
128 18 0.0185
128 20 0.016
128 22 0.0118
128 24 0.0074
128 26 0.0058
128 28 0.0036
128 30 0.0021
128 32 0.0011
128 34 0.0003
128 36 0.0002
128 38 0.0001
128 40 0.0001
128 42 0
128 44 0.0002
128 46 0
128 48 0
128 50 0
128 52 0
128 54 0
128 56 0
128 58 0
128 60 0
128 62 0
128 64 0
128 66 0
128 68 0
128 70 0
128 72 0
128 74 0
128 76 0
128 78 0
128 80 0
128 82 0
128 84 0
128 86 0
128 88 0
128 90 0
128 92 0
128 94 0
128 96 0
128 98 0
128 100 0
128 102 0
128 104 0
128 106 0
128 108 0
128 110 0
128 112 0
128 114 0
128 116 0
128 118 0
128 120 0
128 122 0
128 124 0
128 126 0
128 128 0


256 -256 0
256 -254 0
256 -252 0
256 -250 0
256 -248 0
256 -246 0
256 -244 0
256 -242 0
256 -240 0
256 -238 0
256 -236 0
256 -234 0
256 -232 0
256 -230 0
256 -228 0
256 -226 0
256 -224 0
256 -222 0
256 -220 0
256 -218 0
256 -216 0
256 -214 0
256 -212 0
256 -210 0
256 -208 0
256 -206 0
256 -204 0
256 -202 0
256 -200 0
256 -198 0
256 -196 0
256 -194 0
256 -192 0
256 -190 0
256 -188 0
256 -186 0
256 -184 0
256 -182 0
256 -180 0
256 -178 0
256 -176 0
256 -174 0
256 -172 0
256 -170 0
256 -168 0
256 -166 0
256 -164 0
256 -162 0
256 -160 0
256 -158 0
256 -156 0
256 -154 0
256 -152 0
256 -150 0
256 -148 0
256 -146 0
256 -144 0
256 -142 0
256 -140 0
256 -138 0
256 -136 0
256 -134 0
256 -132 0
256 -130 0
256 -128 0
256 -126 0
256 -124 0
256 -122 0
256 -120 0
256 -118 0
256 -116 0
256 -114 0
256 -112 0
256 -110 0
256 -108 0
256 -106 0
256 -104 0
256 -102 0
256 -100 0
256 -98 0
256 -96 0
256 -94 0
256 -92 0
256 -90 0
256 -88 0
256 -86 0
256 -84 0
256 -82 0
256 -80 0
256 -78 0
256 -76 0
256 -74 0
256 -72 0
256 -70 0
256 -68 0
256 -66 0
256 -64 0
256 -62 0.0002
256 -60 0
256 -58 0
256 -56 0.0002
256 -54 0.0001
256 -52 0.0002
256 -50 0.0006
256 -48 0.0003
256 -46 0.0007
256 -44 0.0007
256 -42 0.0013
256 -40 0.002
256 -38 0.0027
256 -36 0.0038
256 -34 0.0049
256 -32 0.0069
256 -30 0.0108
256 -28 0.0126
256 -26 0.015
256 -24 0.0182
256 -22 0.0189
256 -20 0.0216
256 -18 0.0264
256 -16 0.0303
256 -14 0.0323
256 -12 0.037
256 -10 0.0369
256 -8 0.0456
256 -6 0.0491
256 -4 0.0479
256 -2 0.0504
256 0 0.0498
256 2 0.0476
256 4 0.0475
256 6 0.0463
256 8 0.0486
256 10 0.0423
256 12 0.0387
256 14 0.0332
256 16 0.0306
256 18 0.0253
256 20 0.0212
256 22 0.019
256 24 0.0143
256 26 0.0144
256 28 0.0123
256 30 0.0077
256 32 0.0049
256 34 0.0045
256 36 0.0045
256 38 0.0038
256 40 0.0018
256 42 0.0011
256 44 0.0007
256 46 0.0011
256 48 0.0005
256 50 0.0002
256 52 0
256 54 0.0001
256 56 0
256 58 0.0002
256 60 0
256 62 0.0001
256 64 0
256 66 0.0001
256 68 0
256 70 0
256 72 0
256 74 0
256 76 0
256 78 0
256 80 0
256 82 0
256 84 0
256 86 0
256 88 0
256 90 0
256 92 0
256 94 0
256 96 0
256 98 0
256 100 0
256 102 0
256 104 0
256 106 0
256 108 0
256 110 0
256 112 0
256 114 0
256 116 0
256 118 0
256 120 0
256 122 0
256 124 0
256 126 0
256 128 0
256 130 0
256 132 0
256 134 0
256 136 0
256 138 0
256 140 0
256 142 0
256 144 0
256 146 0
256 148 0
256 150 0
256 152 0
256 154 0
256 156 0
256 158 0
256 160 0
256 162 0
256 164 0
256 166 0
256 168 0
256 170 0
256 172 0
256 174 0
256 176 0
256 178 0
256 180 0
256 182 0
256 184 0
256 186 0
256 188 0
256 190 0
256 192 0
256 194 0
256 196 0
256 198 0
256 200 0
256 202 0
256 204 0
256 206 0
256 208 0
256 210 0
256 212 0
256 214 0
256 216 0
256 218 0
256 220 0
256 222 0
256 224 0
256 226 0
256 228 0
256 230 0
256 232 0
256 234 0
256 236 0
256 238 0
256 240 0
256 242 0
256 244 0
256 246 0
256 248 0
256 250 0
256 252 0
256 254 0
256 256 0


512 -512 0
512 -510 0
512 -508 0
512 -506 0
512 -504 0
512 -502 0
512 -500 0
512 -498 0
512 -496 0
512 -494 0
512 -492 0
512 -490 0
512 -488 0
512 -486 0
512 -484 0
512 -482 0
512 -480 0
512 -478 0
512 -476 0
512 -474 0
512 -472 0
512 -470 0
512 -468 0
512 -466 0
512 -464 0
512 -462 0
512 -460 0
512 -458 0
512 -456 0
512 -454 0
512 -452 0
512 -450 0
512 -448 0
512 -446 0
512 -444 0
512 -442 0
512 -440 0
512 -438 0
512 -436 0
512 -434 0
512 -432 0
512 -430 0
512 -428 0
512 -426 0
512 -424 0
512 -422 0
512 -420 0
512 -418 0
512 -416 0
512 -414 0
512 -412 0
512 -410 0
512 -408 0
512 -406 0
512 -404 0
512 -402 0
512 -400 0
512 -398 0
512 -396 0
512 -394 0
512 -392 0
512 -390 0
512 -388 0
512 -386 0
512 -384 0
512 -382 0
512 -380 0
512 -378 0
512 -376 0
512 -374 0
512 -372 0
512 -370 0
512 -368 0
512 -366 0
512 -364 0
512 -362 0
512 -360 0
512 -358 0
512 -356 0
512 -354 0
512 -352 0
512 -350 0
512 -348 0
512 -346 0
512 -344 0
512 -342 0
512 -340 0
512 -338 0
512 -336 0
512 -334 0
512 -332 0
512 -330 0
512 -328 0
512 -326 0
512 -324 0
512 -322 0
512 -320 0
512 -318 0
512 -316 0
512 -314 0
512 -312 0
512 -310 0
512 -308 0
512 -306 0
512 -304 0
512 -302 0
512 -300 0
512 -298 0
512 -296 0
512 -294 0
512 -292 0
512 -290 0
512 -288 0
512 -286 0
512 -284 0
512 -282 0
512 -280 0
512 -278 0
512 -276 0
512 -274 0
512 -272 0
512 -270 0
512 -268 0
512 -266 0
512 -264 0
512 -262 0
512 -260 0
512 -258 0
512 -256 0
512 -254 0
512 -252 0
512 -250 0
512 -248 0
512 -246 0
512 -244 0
512 -242 0
512 -240 0
512 -238 0
512 -236 0
512 -234 0
512 -232 0
512 -230 0
512 -228 0
512 -226 0
512 -224 0
512 -222 0
512 -220 0
512 -218 0
512 -216 0
512 -214 0
512 -212 0
512 -210 0
512 -208 0
512 -206 0
512 -204 0
512 -202 0
512 -200 0
512 -198 0
512 -196 0
512 -194 0
512 -192 0
512 -190 0
512 -188 0
512 -186 0
512 -184 0
512 -182 0
512 -180 0
512 -178 0
512 -176 0
512 -174 0
512 -172 0
512 -170 0
512 -168 0
512 -166 0
512 -164 0
512 -162 0
512 -160 0
512 -158 0
512 -156 0
512 -154 0
512 -152 0
512 -150 0
512 -148 0
512 -146 0
512 -144 0
512 -142 0
512 -140 0
512 -138 0
512 -136 0
512 -134 0
512 -132 0
512 -130 0
512 -128 0
512 -126 0
512 -124 0
512 -122 0
512 -120 0
512 -118 0
512 -116 0
512 -114 0
512 -112 0
512 -110 0
512 -108 0
512 -106 0
512 -104 0.0001
512 -102 0
512 -100 0
512 -98 0
512 -96 0
512 -94 0
512 -92 0
512 -90 0
512 -88 0
512 -86 0
512 -84 0.0002
512 -82 0.0001
512 -80 0
512 -78 0.0001
512 -76 0.0003
512 -74 0.0002
512 -72 0
512 -70 0.0004
512 -68 0.0003
512 -66 0.0002
512 -64 0.0004
512 -62 0.0011
512 -60 0.0007
512 -58 0.0013
512 -56 0.0014
512 -54 0.0025
512 -52 0.0022
512 -50 0.0023
512 -48 0.0029
512 -46 0.003
512 -44 0.0056
512 -42 0.0062
512 -40 0.0088
512 -38 0.008
512 -36 0.0088
512 -34 0.0135
512 -32 0.0141
512 -30 0.0158
512 -28 0.0185
512 -26 0.0201
512 -24 0.0221
512 -22 0.0201
512 -20 0.024
512 -18 0.0254
512 -16 0.0281
512 -14 0.0285
512 -12 0.0299
512 -10 0.0346
512 -8 0.0324
512 -6 0.035
512 -4 0.0348
512 -2 0.0337
512 0 0.0337
512 2 0.0334
512 4 0.0341
512 6 0.0326
512 8 0.0357
512 10 0.0329
512 12 0.0292
512 14 0.0302
512 16 0.0282
512 18 0.0266
512 20 0.0241
512 22 0.0201
512 24 0.0211
512 26 0.0166
512 28 0.0172
512 30 0.0161
512 32 0.0138
512 34 0.0113
512 36 0.0088
512 38 0.0101
512 40 0.0066
512 42 0.006
512 44 0.0034
512 46 0.0045
512 48 0.0033
512 50 0.0029
512 52 0.0022
512 54 0.0012
512 56 0.0012
512 58 0.001
512 60 0.0006
512 62 0.0008
512 64 0.0007
512 66 0.0004
512 68 0.0004
512 70 0.0003
512 72 0.0004
512 74 0.0002
512 76 0
512 78 0.0001
512 80 0.0001
512 82 0
512 84 0
512 86 0.0001
512 88 0.0001
512 90 0
512 92 0
512 94 0
512 96 0
512 98 0
512 100 0
512 102 0
512 104 0
512 106 0
512 108 0
512 110 0
512 112 0
512 114 0
512 116 0
512 118 0
512 120 0
512 122 0
512 124 0
512 126 0
512 128 0
512 130 0
512 132 0
512 134 0
512 136 0
512 138 0
512 140 0
512 142 0
512 144 0
512 146 0
512 148 0
512 150 0
512 152 0
512 154 0
512 156 0
512 158 0
512 160 0
512 162 0
512 164 0
512 166 0
512 168 0
512 170 0
512 172 0
512 174 0
512 176 0
512 178 0
512 180 0
512 182 0
512 184 0
512 186 0
512 188 0
512 190 0
512 192 0
512 194 0
512 196 0
512 198 0
512 200 0
512 202 0
512 204 0
512 206 0
512 208 0
512 210 0
512 212 0
512 214 0
512 216 0
512 218 0
512 220 0
512 222 0
512 224 0
512 226 0
512 228 0
512 230 0
512 232 0
512 234 0
512 236 0
512 238 0
512 240 0
512 242 0
512 244 0
512 246 0
512 248 0
512 250 0
512 252 0
512 254 0
512 256 0
512 258 0
512 260 0
512 262 0
512 264 0
512 266 0
512 268 0
512 270 0
512 272 0
512 274 0
512 276 0
512 278 0
512 280 0
512 282 0
512 284 0
512 286 0
512 288 0
512 290 0
512 292 0
512 294 0
512 296 0
512 298 0
512 300 0
512 302 0
512 304 0
512 306 0
512 308 0
512 310 0
512 312 0
512 314 0
512 316 0
512 318 0
512 320 0
512 322 0
512 324 0
512 326 0
512 328 0
512 330 0
512 332 0
512 334 0
512 336 0
512 338 0
512 340 0
512 342 0
512 344 0
512 346 0
512 348 0
512 350 0
512 352 0
512 354 0
512 356 0
512 358 0
512 360 0
512 362 0
512 364 0
512 366 0
512 368 0
512 370 0
512 372 0
512 374 0
512 376 0
512 378 0
512 380 0
512 382 0
512 384 0
512 386 0
512 388 0
512 390 0
512 392 0
512 394 0
512 396 0
512 398 0
512 400 0
512 402 0
512 404 0
512 406 0
512 408 0
512 410 0
512 412 0
512 414 0
512 416 0
512 418 0
512 420 0
512 422 0
512 424 0
512 426 0
512 428 0
512 430 0
512 432 0
512 434 0
512 436 0
512 438 0
512 440 0
512 442 0
512 444 0
512 446 0
512 448 0
512 450 0
512 452 0
512 454 0
512 456 0
512 458 0
512 460 0
512 462 0
512 464 0
512 466 0
512 468 0
512 470 0
512 472 0
512 474 0
512 476 0
512 478 0
512 480 0
512 482 0
512 484 0
512 486 0
512 488 0
512 490 0
512 492 0
512 494 0
512 496 0
512 498 0
512 500 0
512 502 0
512 504 0
512 506 0
512 508 0
512 510 0
512 512 0


1024 -1024 0
1024 -1022 0
1024 -1020 0
1024 -1018 0
1024 -1016 0
1024 -1014 0
1024 -1012 0
1024 -1010 0
1024 -1008 0
1024 -1006 0
1024 -1004 0
1024 -1002 0
1024 -1000 0
1024 -998 0
1024 -996 0
1024 -994 0
1024 -992 0
1024 -990 0
1024 -988 0
1024 -986 0
1024 -984 0
1024 -982 0
1024 -980 0
1024 -978 0
1024 -976 0
1024 -974 0
1024 -972 0
1024 -970 0
1024 -968 0
1024 -966 0
1024 -964 0
1024 -962 0
1024 -960 0
1024 -958 0
1024 -956 0
1024 -954 0
1024 -952 0
1024 -950 0
1024 -948 0
1024 -946 0
1024 -944 0
1024 -942 0
1024 -940 0
1024 -938 0
1024 -936 0
1024 -934 0
1024 -932 0
1024 -930 0
1024 -928 0
1024 -926 0
1024 -924 0
1024 -922 0
1024 -920 0
1024 -918 0
1024 -916 0
1024 -914 0
1024 -912 0
1024 -910 0
1024 -908 0
1024 -906 0
1024 -904 0
1024 -902 0
1024 -900 0
1024 -898 0
1024 -896 0
1024 -894 0
1024 -892 0
1024 -890 0
1024 -888 0
1024 -886 0
1024 -884 0
1024 -882 0
1024 -880 0
1024 -878 0
1024 -876 0
1024 -874 0
1024 -872 0
1024 -870 0
1024 -868 0
1024 -866 0
1024 -864 0
1024 -862 0
1024 -860 0
1024 -858 0
1024 -856 0
1024 -854 0
1024 -852 0
1024 -850 0
1024 -848 0
1024 -846 0
1024 -844 0
1024 -842 0
1024 -840 0
1024 -838 0
1024 -836 0
1024 -834 0
1024 -832 0
1024 -830 0
1024 -828 0
1024 -826 0
1024 -824 0
1024 -822 0
1024 -820 0
1024 -818 0
1024 -816 0
1024 -814 0
1024 -812 0
1024 -810 0
1024 -808 0
1024 -806 0
1024 -804 0
1024 -802 0
1024 -800 0
1024 -798 0
1024 -796 0
1024 -794 0
1024 -792 0
1024 -790 0
1024 -788 0
1024 -786 0
1024 -784 0
1024 -782 0
1024 -780 0
1024 -778 0
1024 -776 0
1024 -774 0
1024 -772 0
1024 -770 0
1024 -768 0
1024 -766 0
1024 -764 0
1024 -762 0
1024 -760 0
1024 -758 0
1024 -756 0
1024 -754 0
1024 -752 0
1024 -750 0
1024 -748 0
1024 -746 0
1024 -744 0
1024 -742 0
1024 -740 0
1024 -738 0
1024 -736 0
1024 -734 0
1024 -732 0
1024 -730 0
1024 -728 0
1024 -726 0
1024 -724 0
1024 -722 0
1024 -720 0
1024 -718 0
1024 -716 0
1024 -714 0
1024 -712 0
1024 -710 0
1024 -708 0
1024 -706 0
1024 -704 0
1024 -702 0
1024 -700 0
1024 -698 0
1024 -696 0
1024 -694 0
1024 -692 0
1024 -690 0
1024 -688 0
1024 -686 0
1024 -684 0
1024 -682 0
1024 -680 0
1024 -678 0
1024 -676 0
1024 -674 0
1024 -672 0
1024 -670 0
1024 -668 0
1024 -666 0
1024 -664 0
1024 -662 0
1024 -660 0
1024 -658 0
1024 -656 0
1024 -654 0
1024 -652 0
1024 -650 0
1024 -648 0
1024 -646 0
1024 -644 0
1024 -642 0
1024 -640 0
1024 -638 0
1024 -636 0
1024 -634 0
1024 -632 0
1024 -630 0
1024 -628 0
1024 -626 0
1024 -624 0
1024 -622 0
1024 -620 0
1024 -618 0
1024 -616 0
1024 -614 0
1024 -612 0
1024 -610 0
1024 -608 0
1024 -606 0
1024 -604 0
1024 -602 0
1024 -600 0
1024 -598 0
1024 -596 0
1024 -594 0
1024 -592 0
1024 -590 0
1024 -588 0
1024 -586 0
1024 -584 0
1024 -582 0
1024 -580 0
1024 -578 0
1024 -576 0
1024 -574 0
1024 -572 0
1024 -570 0
1024 -568 0
1024 -566 0
1024 -564 0
1024 -562 0
1024 -560 0
1024 -558 0
1024 -556 0
1024 -554 0
1024 -552 0
1024 -550 0
1024 -548 0
1024 -546 0
1024 -544 0
1024 -542 0
1024 -540 0
1024 -538 0
1024 -536 0
1024 -534 0
1024 -532 0
1024 -530 0
1024 -528 0
1024 -526 0
1024 -524 0
1024 -522 0
1024 -520 0
1024 -518 0
1024 -516 0
1024 -514 0
1024 -512 0
1024 -510 0
1024 -508 0
1024 -506 0
1024 -504 0
1024 -502 0
1024 -500 0
1024 -498 0
1024 -496 0
1024 -494 0
1024 -492 0
1024 -490 0
1024 -488 0
1024 -486 0
1024 -484 0
1024 -482 0
1024 -480 0
1024 -478 0
1024 -476 0
1024 -474 0
1024 -472 0
1024 -470 0
1024 -468 0
1024 -466 0
1024 -464 0
1024 -462 0
1024 -460 0
1024 -458 0
1024 -456 0
1024 -454 0
1024 -452 0
1024 -450 0
1024 -448 0
1024 -446 0
1024 -444 0
1024 -442 0
1024 -440 0
1024 -438 0
1024 -436 0
1024 -434 0
1024 -432 0
1024 -430 0
1024 -428 0
1024 -426 0
1024 -424 0
1024 -422 0
1024 -420 0
1024 -418 0
1024 -416 0
1024 -414 0
1024 -412 0
1024 -410 0
1024 -408 0
1024 -406 0
1024 -404 0
1024 -402 0
1024 -400 0
1024 -398 0
1024 -396 0
1024 -394 0
1024 -392 0
1024 -390 0
1024 -388 0
1024 -386 0
1024 -384 0
1024 -382 0
1024 -380 0
1024 -378 0
1024 -376 0
1024 -374 0
1024 -372 0
1024 -370 0
1024 -368 0
1024 -366 0
1024 -364 0
1024 -362 0
1024 -360 0
1024 -358 0
1024 -356 0
1024 -354 0
1024 -352 0
1024 -350 0
1024 -348 0
1024 -346 0
1024 -344 0
1024 -342 0
1024 -340 0
1024 -338 0
1024 -336 0
1024 -334 0
1024 -332 0
1024 -330 0
1024 -328 0
1024 -326 0
1024 -324 0
1024 -322 0
1024 -320 0
1024 -318 0
1024 -316 0
1024 -314 0
1024 -312 0
1024 -310 0
1024 -308 0
1024 -306 0
1024 -304 0
1024 -302 0
1024 -300 0
1024 -298 0
1024 -296 0
1024 -294 0
1024 -292 0
1024 -290 0
1024 -288 0
1024 -286 0
1024 -284 0
1024 -282 0
1024 -280 0
1024 -278 0
1024 -276 0
1024 -274 0
1024 -272 0
1024 -270 0
1024 -268 0
1024 -266 0
1024 -264 0
1024 -262 0
1024 -260 0
1024 -258 0
1024 -256 0
1024 -254 0
1024 -252 0
1024 -250 0
1024 -248 0
1024 -246 0
1024 -244 0
1024 -242 0
1024 -240 0
1024 -238 0
1024 -236 0
1024 -234 0
1024 -232 0
1024 -230 0
1024 -228 0
1024 -226 0
1024 -224 0
1024 -222 0
1024 -220 0
1024 -218 0
1024 -216 0
1024 -214 0
1024 -212 0
1024 -210 0
1024 -208 0
1024 -206 0
1024 -204 0
1024 -202 0
1024 -200 0
1024 -198 0
1024 -196 0
1024 -194 0
1024 -192 0
1024 -190 0
1024 -188 0
1024 -186 0
1024 -184 0
1024 -182 0
1024 -180 0
1024 -178 0
1024 -176 0
1024 -174 0
1024 -172 0
1024 -170 0
1024 -168 0
1024 -166 0
1024 -164 0
1024 -162 0
1024 -160 0
1024 -158 0
1024 -156 0
1024 -154 0
1024 -152 0
1024 -150 0
1024 -148 0
1024 -146 0
1024 -144 0
1024 -142 0
1024 -140 0
1024 -138 0
1024 -136 0
1024 -134 0
1024 -132 0
1024 -130 0.0001
1024 -128 0.0001
1024 -126 0
1024 -124 0
1024 -122 0.0001
1024 -120 0.0001
1024 -118 0
1024 -116 0
1024 -114 0.0001
1024 -112 0
1024 -110 0
1024 -108 0.0001
1024 -106 0.0001
1024 -104 0.0002
1024 -102 0.0001
1024 -100 0.0002
1024 -98 0.0003
1024 -96 0.0002
1024 -94 0.0003
1024 -92 0.0007
1024 -90 0.0009
1024 -88 0.0008
1024 -86 0.0011
1024 -84 0.0007
1024 -82 0.0014
1024 -80 0.001
1024 -78 0.0016
1024 -76 0.0014
1024 -74 0.0015
1024 -72 0.0018
1024 -70 0.0021
1024 -68 0.0024
1024 -66 0.0032
1024 -64 0.0032
1024 -62 0.0039
1024 -60 0.0032
1024 -58 0.0048
1024 -56 0.0067
1024 -54 0.0052
1024 -52 0.0078
1024 -50 0.0074
1024 -48 0.0078
1024 -46 0.0098
1024 -44 0.0086
1024 -42 0.0101
1024 -40 0.0109
1024 -38 0.0128
1024 -36 0.0142
1024 -34 0.0128
1024 -32 0.015
1024 -30 0.0164
1024 -28 0.0178
1024 -26 0.0187
1024 -24 0.0188
1024 -22 0.018
1024 -20 0.0218
1024 -18 0.0223
1024 -16 0.0232
1024 -14 0.0193
1024 -12 0.0249
1024 -10 0.0232
1024 -8 0.0224
1024 -6 0.0268
1024 -4 0.0263
1024 -2 0.0251
1024 0 0.0239
1024 2 0.0255
1024 4 0.0254
1024 6 0.0221
1024 8 0.0209
1024 10 0.0236
1024 12 0.0249
1024 14 0.0212
1024 16 0.0219
1024 18 0.0237
1024 20 0.0207
1024 22 0.0195
1024 24 0.0189
1024 26 0.0176
1024 28 0.0174
1024 30 0.0159
1024 32 0.0156
1024 34 0.0152
1024 36 0.0138
1024 38 0.0119
1024 40 0.0106
1024 42 0.0114
1024 44 0.0089
1024 46 0.008
1024 48 0.0073
1024 50 0.0063
1024 52 0.0056
1024 54 0.0068
1024 56 0.0047
1024 58 0.0057
1024 60 0.005
1024 62 0.0034
1024 64 0.0034
1024 66 0.0036
1024 68 0.003
1024 70 0.002
1024 72 0.0021
1024 74 0.0017
1024 76 0.0019
1024 78 0.0009
1024 80 0.0016
1024 82 0.0007
1024 84 0.0008
1024 86 0.0003
1024 88 0.0008
1024 90 0.0004
1024 92 0.0004
1024 94 0.0002
1024 96 0.0004
1024 98 0.0004
1024 100 0
1024 102 0
1024 104 0.0001
1024 106 0
1024 108 0
1024 110 0
1024 112 0.0001
1024 114 0.0001
1024 116 0
1024 118 0
1024 120 0
1024 122 0
1024 124 0
1024 126 0
1024 128 0
1024 130 0
1024 132 0
1024 134 0
1024 136 0
1024 138 0
1024 140 0
1024 142 0
1024 144 0
1024 146 0
1024 148 0
1024 150 0
1024 152 0
1024 154 0
1024 156 0
1024 158 0
1024 160 0
1024 162 0
1024 164 0
1024 166 0
1024 168 0
1024 170 0
1024 172 0
1024 174 0
1024 176 0
1024 178 0
1024 180 0
1024 182 0
1024 184 0
1024 186 0
1024 188 0
1024 190 0
1024 192 0
1024 194 0
1024 196 0
1024 198 0
1024 200 0
1024 202 0
1024 204 0
1024 206 0
1024 208 0
1024 210 0
1024 212 0
1024 214 0
1024 216 0
1024 218 0
1024 220 0
1024 222 0
1024 224 0
1024 226 0
1024 228 0
1024 230 0
1024 232 0
1024 234 0
1024 236 0
1024 238 0
1024 240 0
1024 242 0
1024 244 0
1024 246 0
1024 248 0
1024 250 0
1024 252 0
1024 254 0
1024 256 0
1024 258 0
1024 260 0
1024 262 0
1024 264 0
1024 266 0
1024 268 0
1024 270 0
1024 272 0
1024 274 0
1024 276 0
1024 278 0
1024 280 0
1024 282 0
1024 284 0
1024 286 0
1024 288 0
1024 290 0
1024 292 0
1024 294 0
1024 296 0
1024 298 0
1024 300 0
1024 302 0
1024 304 0
1024 306 0
1024 308 0
1024 310 0
1024 312 0
1024 314 0
1024 316 0
1024 318 0
1024 320 0
1024 322 0
1024 324 0
1024 326 0
1024 328 0
1024 330 0
1024 332 0
1024 334 0
1024 336 0
1024 338 0
1024 340 0
1024 342 0
1024 344 0
1024 346 0
1024 348 0
1024 350 0
1024 352 0
1024 354 0
1024 356 0
1024 358 0
1024 360 0
1024 362 0
1024 364 0
1024 366 0
1024 368 0
1024 370 0
1024 372 0
1024 374 0
1024 376 0
1024 378 0
1024 380 0
1024 382 0
1024 384 0
1024 386 0
1024 388 0
1024 390 0
1024 392 0
1024 394 0
1024 396 0
1024 398 0
1024 400 0
1024 402 0
1024 404 0
1024 406 0
1024 408 0
1024 410 0
1024 412 0
1024 414 0
1024 416 0
1024 418 0
1024 420 0
1024 422 0
1024 424 0
1024 426 0
1024 428 0
1024 430 0
1024 432 0
1024 434 0
1024 436 0
1024 438 0
1024 440 0
1024 442 0
1024 444 0
1024 446 0
1024 448 0
1024 450 0
1024 452 0
1024 454 0
1024 456 0
1024 458 0
1024 460 0
1024 462 0
1024 464 0
1024 466 0
1024 468 0
1024 470 0
1024 472 0
1024 474 0
1024 476 0
1024 478 0
1024 480 0
1024 482 0
1024 484 0
1024 486 0
1024 488 0
1024 490 0
1024 492 0
1024 494 0
1024 496 0
1024 498 0
1024 500 0
1024 502 0
1024 504 0
1024 506 0
1024 508 0
1024 510 0
1024 512 0
1024 514 0
1024 516 0
1024 518 0
1024 520 0
1024 522 0
1024 524 0
1024 526 0
1024 528 0
1024 530 0
1024 532 0
1024 534 0
1024 536 0
1024 538 0
1024 540 0
1024 542 0
1024 544 0
1024 546 0
1024 548 0
1024 550 0
1024 552 0
1024 554 0
1024 556 0
1024 558 0
1024 560 0
1024 562 0
1024 564 0
1024 566 0
1024 568 0
1024 570 0
1024 572 0
1024 574 0
1024 576 0
1024 578 0
1024 580 0
1024 582 0
1024 584 0
1024 586 0
1024 588 0
1024 590 0
1024 592 0
1024 594 0
1024 596 0
1024 598 0
1024 600 0
1024 602 0
1024 604 0
1024 606 0
1024 608 0
1024 610 0
1024 612 0
1024 614 0
1024 616 0
1024 618 0
1024 620 0
1024 622 0
1024 624 0
1024 626 0
1024 628 0
1024 630 0
1024 632 0
1024 634 0
1024 636 0
1024 638 0
1024 640 0
1024 642 0
1024 644 0
1024 646 0
1024 648 0
1024 650 0
1024 652 0
1024 654 0
1024 656 0
1024 658 0
1024 660 0
1024 662 0
1024 664 0
1024 666 0
1024 668 0
1024 670 0
1024 672 0
1024 674 0
1024 676 0
1024 678 0
1024 680 0
1024 682 0
1024 684 0
1024 686 0
1024 688 0
1024 690 0
1024 692 0
1024 694 0
1024 696 0
1024 698 0
1024 700 0
1024 702 0
1024 704 0
1024 706 0
1024 708 0
1024 710 0
1024 712 0
1024 714 0
1024 716 0
1024 718 0
1024 720 0
1024 722 0
1024 724 0
1024 726 0
1024 728 0
1024 730 0
1024 732 0
1024 734 0
1024 736 0
1024 738 0
1024 740 0
1024 742 0
1024 744 0
1024 746 0
1024 748 0
1024 750 0
1024 752 0
1024 754 0
1024 756 0
1024 758 0
1024 760 0
1024 762 0
1024 764 0
1024 766 0
1024 768 0
1024 770 0
1024 772 0
1024 774 0
1024 776 0
1024 778 0
1024 780 0
1024 782 0
1024 784 0
1024 786 0
1024 788 0
1024 790 0
1024 792 0
1024 794 0
1024 796 0
1024 798 0
1024 800 0
1024 802 0
1024 804 0
1024 806 0
1024 808 0
1024 810 0
1024 812 0
1024 814 0
1024 816 0
1024 818 0
1024 820 0
1024 822 0
1024 824 0
1024 826 0
1024 828 0
1024 830 0
1024 832 0
1024 834 0
1024 836 0
1024 838 0
1024 840 0
1024 842 0
1024 844 0
1024 846 0
1024 848 0
1024 850 0
1024 852 0
1024 854 0
1024 856 0
1024 858 0
1024 860 0
1024 862 0
1024 864 0
1024 866 0
1024 868 0
1024 870 0
1024 872 0
1024 874 0
1024 876 0
1024 878 0
1024 880 0
1024 882 0
1024 884 0
1024 886 0
1024 888 0
1024 890 0
1024 892 0
1024 894 0
1024 896 0
1024 898 0
1024 900 0
1024 902 0
1024 904 0
1024 906 0
1024 908 0
1024 910 0
1024 912 0
1024 914 0
1024 916 0
1024 918 0
1024 920 0
1024 922 0
1024 924 0
1024 926 0
1024 928 0
1024 930 0
1024 932 0
1024 934 0
1024 936 0
1024 938 0
1024 940 0
1024 942 0
1024 944 0
1024 946 0
1024 948 0
1024 950 0
1024 952 0
1024 954 0
1024 956 0
1024 958 0
1024 960 0
1024 962 0
1024 964 0
1024 966 0
1024 968 0
1024 970 0
1024 972 0
1024 974 0
1024 976 0
1024 978 0
1024 980 0
1024 982 0
1024 984 0
1024 986 0
1024 988 0
1024 990 0
1024 992 0
1024 994 0
1024 996 0
1024 998 0
1024 1000 0
1024 1002 0
1024 1004 0
1024 1006 0
1024 1008 0
1024 1010 0
1024 1012 0
1024 1014 0
1024 1016 0
1024 1018 0
1024 1020 0
1024 1022 0
1024 1024 0


2048 -2048 0
2048 -2046 0
2048 -2044 0
2048 -2042 0
2048 -2040 0
2048 -2038 0
2048 -2036 0
2048 -2034 0
2048 -2032 0
2048 -2030 0
2048 -2028 0
2048 -2026 0
2048 -2024 0
2048 -2022 0
2048 -2020 0
2048 -2018 0
2048 -2016 0
2048 -2014 0
2048 -2012 0
2048 -2010 0
2048 -2008 0
2048 -2006 0
2048 -2004 0
2048 -2002 0
2048 -2000 0
2048 -1998 0
2048 -1996 0
2048 -1994 0
2048 -1992 0
2048 -1990 0
2048 -1988 0
2048 -1986 0
2048 -1984 0
2048 -1982 0
2048 -1980 0
2048 -1978 0
2048 -1976 0
2048 -1974 0
2048 -1972 0
2048 -1970 0
2048 -1968 0
2048 -1966 0
2048 -1964 0
2048 -1962 0
2048 -1960 0
2048 -1958 0
2048 -1956 0
2048 -1954 0
2048 -1952 0
2048 -1950 0
2048 -1948 0
2048 -1946 0
2048 -1944 0
2048 -1942 0
2048 -1940 0
2048 -1938 0
2048 -1936 0
2048 -1934 0
2048 -1932 0
2048 -1930 0
2048 -1928 0
2048 -1926 0
2048 -1924 0
2048 -1922 0
2048 -1920 0
2048 -1918 0
2048 -1916 0
2048 -1914 0
2048 -1912 0
2048 -1910 0
2048 -1908 0
2048 -1906 0
2048 -1904 0
2048 -1902 0
2048 -1900 0
2048 -1898 0
2048 -1896 0
2048 -1894 0
2048 -1892 0
2048 -1890 0
2048 -1888 0
2048 -1886 0
2048 -1884 0
2048 -1882 0
2048 -1880 0
2048 -1878 0
2048 -1876 0
2048 -1874 0
2048 -1872 0
2048 -1870 0
2048 -1868 0
2048 -1866 0
2048 -1864 0
2048 -1862 0
2048 -1860 0
2048 -1858 0
2048 -1856 0
2048 -1854 0
2048 -1852 0
2048 -1850 0
2048 -1848 0
2048 -1846 0
2048 -1844 0
2048 -1842 0
2048 -1840 0
2048 -1838 0
2048 -1836 0
2048 -1834 0
2048 -1832 0
2048 -1830 0
2048 -1828 0
2048 -1826 0
2048 -1824 0
2048 -1822 0
2048 -1820 0
2048 -1818 0
2048 -1816 0
2048 -1814 0
2048 -1812 0
2048 -1810 0
2048 -1808 0
2048 -1806 0
2048 -1804 0
2048 -1802 0
2048 -1800 0
2048 -1798 0
2048 -1796 0
2048 -1794 0
2048 -1792 0
2048 -1790 0
2048 -1788 0
2048 -1786 0
2048 -1784 0
2048 -1782 0
2048 -1780 0
2048 -1778 0
2048 -1776 0
2048 -1774 0
2048 -1772 0
2048 -1770 0
2048 -1768 0
2048 -1766 0
2048 -1764 0
2048 -1762 0
2048 -1760 0
2048 -1758 0
2048 -1756 0
2048 -1754 0
2048 -1752 0
2048 -1750 0
2048 -1748 0
2048 -1746 0
2048 -1744 0
2048 -1742 0
2048 -1740 0
2048 -1738 0
2048 -1736 0
2048 -1734 0
2048 -1732 0
2048 -1730 0
2048 -1728 0
2048 -1726 0
2048 -1724 0
2048 -1722 0
2048 -1720 0
2048 -1718 0
2048 -1716 0
2048 -1714 0
2048 -1712 0
2048 -1710 0
2048 -1708 0
2048 -1706 0
2048 -1704 0
2048 -1702 0
2048 -1700 0
2048 -1698 0
2048 -1696 0
2048 -1694 0
2048 -1692 0
2048 -1690 0
2048 -1688 0
2048 -1686 0
2048 -1684 0
2048 -1682 0
2048 -1680 0
2048 -1678 0
2048 -1676 0
2048 -1674 0
2048 -1672 0
2048 -1670 0
2048 -1668 0
2048 -1666 0
2048 -1664 0
2048 -1662 0
2048 -1660 0
2048 -1658 0
2048 -1656 0
2048 -1654 0
2048 -1652 0
2048 -1650 0
2048 -1648 0
2048 -1646 0
2048 -1644 0
2048 -1642 0
2048 -1640 0
2048 -1638 0
2048 -1636 0
2048 -1634 0
2048 -1632 0
2048 -1630 0
2048 -1628 0
2048 -1626 0
2048 -1624 0
2048 -1622 0
2048 -1620 0
2048 -1618 0
2048 -1616 0
2048 -1614 0
2048 -1612 0
2048 -1610 0
2048 -1608 0
2048 -1606 0
2048 -1604 0
2048 -1602 0
2048 -1600 0
2048 -1598 0
2048 -1596 0
2048 -1594 0
2048 -1592 0
2048 -1590 0
2048 -1588 0
2048 -1586 0
2048 -1584 0
2048 -1582 0
2048 -1580 0
2048 -1578 0
2048 -1576 0
2048 -1574 0
2048 -1572 0
2048 -1570 0
2048 -1568 0
2048 -1566 0
2048 -1564 0
2048 -1562 0
2048 -1560 0
2048 -1558 0
2048 -1556 0
2048 -1554 0
2048 -1552 0
2048 -1550 0
2048 -1548 0
2048 -1546 0
2048 -1544 0
2048 -1542 0
2048 -1540 0
2048 -1538 0
2048 -1536 0
2048 -1534 0
2048 -1532 0
2048 -1530 0
2048 -1528 0
2048 -1526 0
2048 -1524 0
2048 -1522 0
2048 -1520 0
2048 -1518 0
2048 -1516 0
2048 -1514 0
2048 -1512 0
2048 -1510 0
2048 -1508 0
2048 -1506 0
2048 -1504 0
2048 -1502 0
2048 -1500 0
2048 -1498 0
2048 -1496 0
2048 -1494 0
2048 -1492 0
2048 -1490 0
2048 -1488 0
2048 -1486 0
2048 -1484 0
2048 -1482 0
2048 -1480 0
2048 -1478 0
2048 -1476 0
2048 -1474 0
2048 -1472 0
2048 -1470 0
2048 -1468 0
2048 -1466 0
2048 -1464 0
2048 -1462 0
2048 -1460 0
2048 -1458 0
2048 -1456 0
2048 -1454 0
2048 -1452 0
2048 -1450 0
2048 -1448 0
2048 -1446 0
2048 -1444 0
2048 -1442 0
2048 -1440 0
2048 -1438 0
2048 -1436 0
2048 -1434 0
2048 -1432 0
2048 -1430 0
2048 -1428 0
2048 -1426 0
2048 -1424 0
2048 -1422 0
2048 -1420 0
2048 -1418 0
2048 -1416 0
2048 -1414 0
2048 -1412 0
2048 -1410 0
2048 -1408 0
2048 -1406 0
2048 -1404 0
2048 -1402 0
2048 -1400 0
2048 -1398 0
2048 -1396 0
2048 -1394 0
2048 -1392 0
2048 -1390 0
2048 -1388 0
2048 -1386 0
2048 -1384 0
2048 -1382 0
2048 -1380 0
2048 -1378 0
2048 -1376 0
2048 -1374 0
2048 -1372 0
2048 -1370 0
2048 -1368 0
2048 -1366 0
2048 -1364 0
2048 -1362 0
2048 -1360 0
2048 -1358 0
2048 -1356 0
2048 -1354 0
2048 -1352 0
2048 -1350 0
2048 -1348 0
2048 -1346 0
2048 -1344 0
2048 -1342 0
2048 -1340 0
2048 -1338 0
2048 -1336 0
2048 -1334 0
2048 -1332 0
2048 -1330 0
2048 -1328 0
2048 -1326 0
2048 -1324 0
2048 -1322 0
2048 -1320 0
2048 -1318 0
2048 -1316 0
2048 -1314 0
2048 -1312 0
2048 -1310 0
2048 -1308 0
2048 -1306 0
2048 -1304 0
2048 -1302 0
2048 -1300 0
2048 -1298 0
2048 -1296 0
2048 -1294 0
2048 -1292 0
2048 -1290 0
2048 -1288 0
2048 -1286 0
2048 -1284 0
2048 -1282 0
2048 -1280 0
2048 -1278 0
2048 -1276 0
2048 -1274 0
2048 -1272 0
2048 -1270 0
2048 -1268 0
2048 -1266 0
2048 -1264 0
2048 -1262 0
2048 -1260 0
2048 -1258 0
2048 -1256 0
2048 -1254 0
2048 -1252 0
2048 -1250 0
2048 -1248 0
2048 -1246 0
2048 -1244 0
2048 -1242 0
2048 -1240 0
2048 -1238 0
2048 -1236 0
2048 -1234 0
2048 -1232 0
2048 -1230 0
2048 -1228 0
2048 -1226 0
2048 -1224 0
2048 -1222 0
2048 -1220 0
2048 -1218 0
2048 -1216 0
2048 -1214 0
2048 -1212 0
2048 -1210 0
2048 -1208 0
2048 -1206 0
2048 -1204 0
2048 -1202 0
2048 -1200 0
2048 -1198 0
2048 -1196 0
2048 -1194 0
2048 -1192 0
2048 -1190 0
2048 -1188 0
2048 -1186 0
2048 -1184 0
2048 -1182 0
2048 -1180 0
2048 -1178 0
2048 -1176 0
2048 -1174 0
2048 -1172 0
2048 -1170 0
2048 -1168 0
2048 -1166 0
2048 -1164 0
2048 -1162 0
2048 -1160 0
2048 -1158 0
2048 -1156 0
2048 -1154 0
2048 -1152 0
2048 -1150 0
2048 -1148 0
2048 -1146 0
2048 -1144 0
2048 -1142 0
2048 -1140 0
2048 -1138 0
2048 -1136 0
2048 -1134 0
2048 -1132 0
2048 -1130 0
2048 -1128 0
2048 -1126 0
2048 -1124 0
2048 -1122 0
2048 -1120 0
2048 -1118 0
2048 -1116 0
2048 -1114 0
2048 -1112 0
2048 -1110 0
2048 -1108 0
2048 -1106 0
2048 -1104 0
2048 -1102 0
2048 -1100 0
2048 -1098 0
2048 -1096 0
2048 -1094 0
2048 -1092 0
2048 -1090 0
2048 -1088 0
2048 -1086 0
2048 -1084 0
2048 -1082 0
2048 -1080 0
2048 -1078 0
2048 -1076 0
2048 -1074 0
2048 -1072 0
2048 -1070 0
2048 -1068 0
2048 -1066 0
2048 -1064 0
2048 -1062 0
2048 -1060 0
2048 -1058 0
2048 -1056 0
2048 -1054 0
2048 -1052 0
2048 -1050 0
2048 -1048 0
2048 -1046 0
2048 -1044 0
2048 -1042 0
2048 -1040 0
2048 -1038 0
2048 -1036 0
2048 -1034 0
2048 -1032 0
2048 -1030 0
2048 -1028 0
2048 -1026 0
2048 -1024 0
2048 -1022 0
2048 -1020 0
2048 -1018 0
2048 -1016 0
2048 -1014 0
2048 -1012 0
2048 -1010 0
2048 -1008 0
2048 -1006 0
2048 -1004 0
2048 -1002 0
2048 -1000 0
2048 -998 0
2048 -996 0
2048 -994 0
2048 -992 0
2048 -990 0
2048 -988 0
2048 -986 0
2048 -984 0
2048 -982 0
2048 -980 0
2048 -978 0
2048 -976 0
2048 -974 0
2048 -972 0
2048 -970 0
2048 -968 0
2048 -966 0
2048 -964 0
2048 -962 0
2048 -960 0
2048 -958 0
2048 -956 0
2048 -954 0
2048 -952 0
2048 -950 0
2048 -948 0
2048 -946 0
2048 -944 0
2048 -942 0
2048 -940 0
2048 -938 0
2048 -936 0
2048 -934 0
2048 -932 0
2048 -930 0
2048 -928 0
2048 -926 0
2048 -924 0
2048 -922 0
2048 -920 0
2048 -918 0
2048 -916 0
2048 -914 0
2048 -912 0
2048 -910 0
2048 -908 0
2048 -906 0
2048 -904 0
2048 -902 0
2048 -900 0
2048 -898 0
2048 -896 0
2048 -894 0
2048 -892 0
2048 -890 0
2048 -888 0
2048 -886 0
2048 -884 0
2048 -882 0
2048 -880 0
2048 -878 0
2048 -876 0
2048 -874 0
2048 -872 0
2048 -870 0
2048 -868 0
2048 -866 0
2048 -864 0
2048 -862 0
2048 -860 0
2048 -858 0
2048 -856 0
2048 -854 0
2048 -852 0
2048 -850 0
2048 -848 0
2048 -846 0
2048 -844 0
2048 -842 0
2048 -840 0
2048 -838 0
2048 -836 0
2048 -834 0
2048 -832 0
2048 -830 0
2048 -828 0
2048 -826 0
2048 -824 0
2048 -822 0
2048 -820 0
2048 -818 0
2048 -816 0
2048 -814 0
2048 -812 0
2048 -810 0
2048 -808 0
2048 -806 0
2048 -804 0
2048 -802 0
2048 -800 0
2048 -798 0
2048 -796 0
2048 -794 0
2048 -792 0
2048 -790 0
2048 -788 0
2048 -786 0
2048 -784 0
2048 -782 0
2048 -780 0
2048 -778 0
2048 -776 0
2048 -774 0
2048 -772 0
2048 -770 0
2048 -768 0
2048 -766 0
2048 -764 0
2048 -762 0
2048 -760 0
2048 -758 0
2048 -756 0
2048 -754 0
2048 -752 0
2048 -750 0
2048 -748 0
2048 -746 0
2048 -744 0
2048 -742 0
2048 -740 0
2048 -738 0
2048 -736 0
2048 -734 0
2048 -732 0
2048 -730 0
2048 -728 0
2048 -726 0
2048 -724 0
2048 -722 0
2048 -720 0
2048 -718 0
2048 -716 0
2048 -714 0
2048 -712 0
2048 -710 0
2048 -708 0
2048 -706 0
2048 -704 0
2048 -702 0
2048 -700 0
2048 -698 0
2048 -696 0
2048 -694 0
2048 -692 0
2048 -690 0
2048 -688 0
2048 -686 0
2048 -684 0
2048 -682 0
2048 -680 0
2048 -678 0
2048 -676 0
2048 -674 0
2048 -672 0
2048 -670 0
2048 -668 0
2048 -666 0
2048 -664 0
2048 -662 0
2048 -660 0
2048 -658 0
2048 -656 0
2048 -654 0
2048 -652 0
2048 -650 0
2048 -648 0
2048 -646 0
2048 -644 0
2048 -642 0
2048 -640 0
2048 -638 0
2048 -636 0
2048 -634 0
2048 -632 0
2048 -630 0
2048 -628 0
2048 -626 0
2048 -624 0
2048 -622 0
2048 -620 0
2048 -618 0
2048 -616 0
2048 -614 0
2048 -612 0
2048 -610 0
2048 -608 0
2048 -606 0
2048 -604 0
2048 -602 0
2048 -600 0
2048 -598 0
2048 -596 0
2048 -594 0
2048 -592 0
2048 -590 0
2048 -588 0
2048 -586 0
2048 -584 0
2048 -582 0
2048 -580 0
2048 -578 0
2048 -576 0
2048 -574 0
2048 -572 0
2048 -570 0
2048 -568 0
2048 -566 0
2048 -564 0
2048 -562 0
2048 -560 0
2048 -558 0
2048 -556 0
2048 -554 0
2048 -552 0
2048 -550 0
2048 -548 0
2048 -546 0
2048 -544 0
2048 -542 0
2048 -540 0
2048 -538 0
2048 -536 0
2048 -534 0
2048 -532 0
2048 -530 0
2048 -528 0
2048 -526 0
2048 -524 0
2048 -522 0
2048 -520 0
2048 -518 0
2048 -516 0
2048 -514 0
2048 -512 0
2048 -510 0
2048 -508 0
2048 -506 0
2048 -504 0
2048 -502 0
2048 -500 0
2048 -498 0
2048 -496 0
2048 -494 0
2048 -492 0
2048 -490 0
2048 -488 0
2048 -486 0
2048 -484 0
2048 -482 0
2048 -480 0
2048 -478 0
2048 -476 0
2048 -474 0
2048 -472 0
2048 -470 0
2048 -468 0
2048 -466 0
2048 -464 0
2048 -462 0
2048 -460 0
2048 -458 0
2048 -456 0
2048 -454 0
2048 -452 0
2048 -450 0
2048 -448 0
2048 -446 0
2048 -444 0
2048 -442 0
2048 -440 0
2048 -438 0
2048 -436 0
2048 -434 0
2048 -432 0
2048 -430 0
2048 -428 0
2048 -426 0
2048 -424 0
2048 -422 0
2048 -420 0
2048 -418 0
2048 -416 0
2048 -414 0
2048 -412 0
2048 -410 0
2048 -408 0
2048 -406 0
2048 -404 0
2048 -402 0
2048 -400 0
2048 -398 0
2048 -396 0
2048 -394 0
2048 -392 0
2048 -390 0
2048 -388 0
2048 -386 0
2048 -384 0
2048 -382 0
2048 -380 0
2048 -378 0
2048 -376 0
2048 -374 0
2048 -372 0
2048 -370 0
2048 -368 0
2048 -366 0
2048 -364 0
2048 -362 0
2048 -360 0
2048 -358 0
2048 -356 0
2048 -354 0
2048 -352 0
2048 -350 0
2048 -348 0
2048 -346 0
2048 -344 0
2048 -342 0
2048 -340 0
2048 -338 0
2048 -336 0
2048 -334 0
2048 -332 0
2048 -330 0
2048 -328 0
2048 -326 0
2048 -324 0
2048 -322 0
2048 -320 0
2048 -318 0
2048 -316 0
2048 -314 0
2048 -312 0
2048 -310 0
2048 -308 0
2048 -306 0
2048 -304 0
2048 -302 0
2048 -300 0
2048 -298 0
2048 -296 0
2048 -294 0
2048 -292 0
2048 -290 0
2048 -288 0
2048 -286 0
2048 -284 0
2048 -282 0
2048 -280 0
2048 -278 0
2048 -276 0
2048 -274 0
2048 -272 0
2048 -270 0
2048 -268 0
2048 -266 0
2048 -264 0
2048 -262 0
2048 -260 0
2048 -258 0
2048 -256 0
2048 -254 0
2048 -252 0
2048 -250 0
2048 -248 0
2048 -246 0
2048 -244 0
2048 -242 0
2048 -240 0
2048 -238 0
2048 -236 0
2048 -234 0
2048 -232 0
2048 -230 0
2048 -228 0
2048 -226 0
2048 -224 0
2048 -222 0
2048 -220 0
2048 -218 0
2048 -216 0
2048 -214 0
2048 -212 0
2048 -210 0
2048 -208 0
2048 -206 0
2048 -204 0
2048 -202 0
2048 -200 0
2048 -198 0
2048 -196 0
2048 -194 0
2048 -192 0
2048 -190 0
2048 -188 0
2048 -186 0
2048 -184 0
2048 -182 0
2048 -180 0
2048 -178 0.0001
2048 -176 0
2048 -174 0
2048 -172 0
2048 -170 0
2048 -168 0
2048 -166 0
2048 -164 0
2048 -162 0
2048 -160 0.0001
2048 -158 0.0002
2048 -156 0
2048 -154 0
2048 -152 0
2048 -150 0
2048 -148 0.0001
2048 -146 0.0001
2048 -144 0.0001
2048 -142 0.0003
2048 -140 0
2048 -138 0.0007
2048 -136 0.0001
2048 -134 0.0001
2048 -132 0.0007
2048 -130 0.0001
2048 -128 0.0004
2048 -126 0.0006
2048 -124 0.0003
2048 -122 0.0005
2048 -120 0.0007
2048 -118 0.0008
2048 -116 0.0006
2048 -114 0.0013
2048 -112 0.0009
2048 -110 0.0007
2048 -108 0.0008
2048 -106 0.0009
2048 -104 0.0011
2048 -102 0.0012
2048 -100 0.0026
2048 -98 0.0019
2048 -96 0.003
2048 -94 0.0026
2048 -92 0.002
2048 -90 0.0021
2048 -88 0.0031
2048 -86 0.002
2048 -84 0.0035
2048 -82 0.0034
2048 -80 0.004
2048 -78 0.0045
2048 -76 0.0045
2048 -74 0.0058
2048 -72 0.0046
2048 -70 0.0059
2048 -68 0.0056
2048 -66 0.0059
2048 -64 0.0069
2048 -62 0.0061
2048 -60 0.0059
2048 -58 0.0079
2048 -56 0.0083
2048 -54 0.0079
2048 -52 0.0092
2048 -50 0.01
2048 -48 0.0083
2048 -46 0.0099
2048 -44 0.0098
2048 -42 0.0115
2048 -40 0.0117
2048 -38 0.0131
2048 -36 0.0123
2048 -34 0.012
2048 -32 0.0136
2048 -30 0.0146
2048 -28 0.0151
2048 -26 0.0157
2048 -24 0.0147
2048 -22 0.0152
2048 -20 0.0187
2048 -18 0.0175
2048 -16 0.0171
2048 -14 0.0152
2048 -12 0.0183
2048 -10 0.0155
2048 -8 0.0149
2048 -6 0.0181
2048 -4 0.0164
2048 -2 0.017
2048 0 0.0199
2048 2 0.0198
2048 4 0.0169
2048 6 0.0147
2048 8 0.0195
2048 10 0.0162
2048 12 0.0179
2048 14 0.0163
2048 16 0.0194
2048 18 0.0169
2048 20 0.013
2048 22 0.0147
2048 24 0.0137
2048 26 0.0159
2048 28 0.0145
2048 30 0.0148
2048 32 0.0131
2048 34 0.0128
2048 36 0.0133
2048 38 0.0104
2048 40 0.0114
2048 42 0.0119
2048 44 0.0109
2048 46 0.0101
2048 48 0.0108
2048 50 0.0097
2048 52 0.0075
2048 54 0.0094
2048 56 0.0075
2048 58 0.008
2048 60 0.0084
2048 62 0.0064
2048 64 0.0063
2048 66 0.0061
2048 68 0.0067
2048 70 0.005
2048 72 0.0053
2048 74 0.0054
2048 76 0.0039
2048 78 0.0049
2048 80 0.0039
2048 82 0.0037
2048 84 0.003
2048 86 0.0031
2048 88 0.0033
2048 90 0.0022
2048 92 0.0015
2048 94 0.0021
2048 96 0.002
2048 98 0.0024
2048 100 0.0017
2048 102 0.0015
2048 104 0.0017
2048 106 0.0012
2048 108 0.0013
2048 110 0.0012
2048 112 0.0006
2048 114 0.0009
2048 116 0.0003
2048 118 0.0006
2048 120 0.0006
2048 122 0.0006
2048 124 0.0001
2048 126 0.0005
2048 128 0.0002
2048 130 0.0002
2048 132 0.0003
2048 134 0.0001
2048 136 0.0001
2048 138 0.0002
2048 140 0.0002
2048 142 0
2048 144 0.0001
2048 146 0
2048 148 0
2048 150 0
2048 152 0.0001
2048 154 0.0001
2048 156 0
2048 158 0
2048 160 0.0002
2048 162 0
2048 164 0
2048 166 0
2048 168 0
2048 170 0
2048 172 0
2048 174 0
2048 176 0
2048 178 0
2048 180 0
2048 182 0
2048 184 0
2048 186 0
2048 188 0
2048 190 0
2048 192 0
2048 194 0
2048 196 0
2048 198 0
2048 200 0
2048 202 0
2048 204 0
2048 206 0
2048 208 0
2048 210 0
2048 212 0
2048 214 0
2048 216 0
2048 218 0
2048 220 0
2048 222 0
2048 224 0
2048 226 0
2048 228 0
2048 230 0
2048 232 0
2048 234 0
2048 236 0
2048 238 0
2048 240 0
2048 242 0
2048 244 0
2048 246 0
2048 248 0
2048 250 0
2048 252 0
2048 254 0
2048 256 0
2048 258 0
2048 260 0
2048 262 0
2048 264 0
2048 266 0
2048 268 0
2048 270 0
2048 272 0
2048 274 0
2048 276 0
2048 278 0
2048 280 0
2048 282 0
2048 284 0
2048 286 0
2048 288 0
2048 290 0
2048 292 0
2048 294 0
2048 296 0
2048 298 0
2048 300 0
2048 302 0
2048 304 0
2048 306 0
2048 308 0
2048 310 0
2048 312 0
2048 314 0
2048 316 0
2048 318 0
2048 320 0
2048 322 0
2048 324 0
2048 326 0
2048 328 0
2048 330 0
2048 332 0
2048 334 0
2048 336 0
2048 338 0
2048 340 0
2048 342 0
2048 344 0
2048 346 0
2048 348 0
2048 350 0
2048 352 0
2048 354 0
2048 356 0
2048 358 0
2048 360 0
2048 362 0
2048 364 0
2048 366 0
2048 368 0
2048 370 0
2048 372 0
2048 374 0
2048 376 0
2048 378 0
2048 380 0
2048 382 0
2048 384 0
2048 386 0
2048 388 0
2048 390 0
2048 392 0
2048 394 0
2048 396 0
2048 398 0
2048 400 0
2048 402 0
2048 404 0
2048 406 0
2048 408 0
2048 410 0
2048 412 0
2048 414 0
2048 416 0
2048 418 0
2048 420 0
2048 422 0
2048 424 0
2048 426 0
2048 428 0
2048 430 0
2048 432 0
2048 434 0
2048 436 0
2048 438 0
2048 440 0
2048 442 0
2048 444 0
2048 446 0
2048 448 0
2048 450 0
2048 452 0
2048 454 0
2048 456 0
2048 458 0
2048 460 0
2048 462 0
2048 464 0
2048 466 0
2048 468 0
2048 470 0
2048 472 0
2048 474 0
2048 476 0
2048 478 0
2048 480 0
2048 482 0
2048 484 0
2048 486 0
2048 488 0
2048 490 0
2048 492 0
2048 494 0
2048 496 0
2048 498 0
2048 500 0
2048 502 0
2048 504 0
2048 506 0
2048 508 0
2048 510 0
2048 512 0
2048 514 0
2048 516 0
2048 518 0
2048 520 0
2048 522 0
2048 524 0
2048 526 0
2048 528 0
2048 530 0
2048 532 0
2048 534 0
2048 536 0
2048 538 0
2048 540 0
2048 542 0
2048 544 0
2048 546 0
2048 548 0
2048 550 0
2048 552 0
2048 554 0
2048 556 0
2048 558 0
2048 560 0
2048 562 0
2048 564 0
2048 566 0
2048 568 0
2048 570 0
2048 572 0
2048 574 0
2048 576 0
2048 578 0
2048 580 0
2048 582 0
2048 584 0
2048 586 0
2048 588 0
2048 590 0
2048 592 0
2048 594 0
2048 596 0
2048 598 0
2048 600 0
2048 602 0
2048 604 0
2048 606 0
2048 608 0
2048 610 0
2048 612 0
2048 614 0
2048 616 0
2048 618 0
2048 620 0
2048 622 0
2048 624 0
2048 626 0
2048 628 0
2048 630 0
2048 632 0
2048 634 0
2048 636 0
2048 638 0
2048 640 0
2048 642 0
2048 644 0
2048 646 0
2048 648 0
2048 650 0
2048 652 0
2048 654 0
2048 656 0
2048 658 0
2048 660 0
2048 662 0
2048 664 0
2048 666 0
2048 668 0
2048 670 0
2048 672 0
2048 674 0
2048 676 0
2048 678 0
2048 680 0
2048 682 0
2048 684 0
2048 686 0
2048 688 0
2048 690 0
2048 692 0
2048 694 0
2048 696 0
2048 698 0
2048 700 0
2048 702 0
2048 704 0
2048 706 0
2048 708 0
2048 710 0
2048 712 0
2048 714 0
2048 716 0
2048 718 0
2048 720 0
2048 722 0
2048 724 0
2048 726 0
2048 728 0
2048 730 0
2048 732 0
2048 734 0
2048 736 0
2048 738 0
2048 740 0
2048 742 0
2048 744 0
2048 746 0
2048 748 0
2048 750 0
2048 752 0
2048 754 0
2048 756 0
2048 758 0
2048 760 0
2048 762 0
2048 764 0
2048 766 0
2048 768 0
2048 770 0
2048 772 0
2048 774 0
2048 776 0
2048 778 0
2048 780 0
2048 782 0
2048 784 0
2048 786 0
2048 788 0
2048 790 0
2048 792 0
2048 794 0
2048 796 0
2048 798 0
2048 800 0
2048 802 0
2048 804 0
2048 806 0
2048 808 0
2048 810 0
2048 812 0
2048 814 0
2048 816 0
2048 818 0
2048 820 0
2048 822 0
2048 824 0
2048 826 0
2048 828 0
2048 830 0
2048 832 0
2048 834 0
2048 836 0
2048 838 0
2048 840 0
2048 842 0
2048 844 0
2048 846 0
2048 848 0
2048 850 0
2048 852 0
2048 854 0
2048 856 0
2048 858 0
2048 860 0
2048 862 0
2048 864 0
2048 866 0
2048 868 0
2048 870 0
2048 872 0
2048 874 0
2048 876 0
2048 878 0
2048 880 0
2048 882 0
2048 884 0
2048 886 0
2048 888 0
2048 890 0
2048 892 0
2048 894 0
2048 896 0
2048 898 0
2048 900 0
2048 902 0
2048 904 0
2048 906 0
2048 908 0
2048 910 0
2048 912 0
2048 914 0
2048 916 0
2048 918 0
2048 920 0
2048 922 0
2048 924 0
2048 926 0
2048 928 0
2048 930 0
2048 932 0
2048 934 0
2048 936 0
2048 938 0
2048 940 0
2048 942 0
2048 944 0
2048 946 0
2048 948 0
2048 950 0
2048 952 0
2048 954 0
2048 956 0
2048 958 0
2048 960 0
2048 962 0
2048 964 0
2048 966 0
2048 968 0
2048 970 0
2048 972 0
2048 974 0
2048 976 0
2048 978 0
2048 980 0
2048 982 0
2048 984 0
2048 986 0
2048 988 0
2048 990 0
2048 992 0
2048 994 0
2048 996 0
2048 998 0
2048 1000 0
2048 1002 0
2048 1004 0
2048 1006 0
2048 1008 0
2048 1010 0
2048 1012 0
2048 1014 0
2048 1016 0
2048 1018 0
2048 1020 0
2048 1022 0
2048 1024 0
2048 1026 0
2048 1028 0
2048 1030 0
2048 1032 0
2048 1034 0
2048 1036 0
2048 1038 0
2048 1040 0
2048 1042 0
2048 1044 0
2048 1046 0
2048 1048 0
2048 1050 0
2048 1052 0
2048 1054 0
2048 1056 0
2048 1058 0
2048 1060 0
2048 1062 0
2048 1064 0
2048 1066 0
2048 1068 0
2048 1070 0
2048 1072 0
2048 1074 0
2048 1076 0
2048 1078 0
2048 1080 0
2048 1082 0
2048 1084 0
2048 1086 0
2048 1088 0
2048 1090 0
2048 1092 0
2048 1094 0
2048 1096 0
2048 1098 0
2048 1100 0
2048 1102 0
2048 1104 0
2048 1106 0
2048 1108 0
2048 1110 0
2048 1112 0
2048 1114 0
2048 1116 0
2048 1118 0
2048 1120 0
2048 1122 0
2048 1124 0
2048 1126 0
2048 1128 0
2048 1130 0
2048 1132 0
2048 1134 0
2048 1136 0
2048 1138 0
2048 1140 0
2048 1142 0
2048 1144 0
2048 1146 0
2048 1148 0
2048 1150 0
2048 1152 0
2048 1154 0
2048 1156 0
2048 1158 0
2048 1160 0
2048 1162 0
2048 1164 0
2048 1166 0
2048 1168 0
2048 1170 0
2048 1172 0
2048 1174 0
2048 1176 0
2048 1178 0
2048 1180 0
2048 1182 0
2048 1184 0
2048 1186 0
2048 1188 0
2048 1190 0
2048 1192 0
2048 1194 0
2048 1196 0
2048 1198 0
2048 1200 0
2048 1202 0
2048 1204 0
2048 1206 0
2048 1208 0
2048 1210 0
2048 1212 0
2048 1214 0
2048 1216 0
2048 1218 0
2048 1220 0
2048 1222 0
2048 1224 0
2048 1226 0
2048 1228 0
2048 1230 0
2048 1232 0
2048 1234 0
2048 1236 0
2048 1238 0
2048 1240 0
2048 1242 0
2048 1244 0
2048 1246 0
2048 1248 0
2048 1250 0
2048 1252 0
2048 1254 0
2048 1256 0
2048 1258 0
2048 1260 0
2048 1262 0
2048 1264 0
2048 1266 0
2048 1268 0
2048 1270 0
2048 1272 0
2048 1274 0
2048 1276 0
2048 1278 0
2048 1280 0
2048 1282 0
2048 1284 0
2048 1286 0
2048 1288 0
2048 1290 0
2048 1292 0
2048 1294 0
2048 1296 0
2048 1298 0
2048 1300 0
2048 1302 0
2048 1304 0
2048 1306 0
2048 1308 0
2048 1310 0
2048 1312 0
2048 1314 0
2048 1316 0
2048 1318 0
2048 1320 0
2048 1322 0
2048 1324 0
2048 1326 0
2048 1328 0
2048 1330 0
2048 1332 0
2048 1334 0
2048 1336 0
2048 1338 0
2048 1340 0
2048 1342 0
2048 1344 0
2048 1346 0
2048 1348 0
2048 1350 0
2048 1352 0
2048 1354 0
2048 1356 0
2048 1358 0
2048 1360 0
2048 1362 0
2048 1364 0
2048 1366 0
2048 1368 0
2048 1370 0
2048 1372 0
2048 1374 0
2048 1376 0
2048 1378 0
2048 1380 0
2048 1382 0
2048 1384 0
2048 1386 0
2048 1388 0
2048 1390 0
2048 1392 0
2048 1394 0
2048 1396 0
2048 1398 0
2048 1400 0
2048 1402 0
2048 1404 0
2048 1406 0
2048 1408 0
2048 1410 0
2048 1412 0
2048 1414 0
2048 1416 0
2048 1418 0
2048 1420 0
2048 1422 0
2048 1424 0
2048 1426 0
2048 1428 0
2048 1430 0
2048 1432 0
2048 1434 0
2048 1436 0
2048 1438 0
2048 1440 0
2048 1442 0
2048 1444 0
2048 1446 0
2048 1448 0
2048 1450 0
2048 1452 0
2048 1454 0
2048 1456 0
2048 1458 0
2048 1460 0
2048 1462 0
2048 1464 0
2048 1466 0
2048 1468 0
2048 1470 0
2048 1472 0
2048 1474 0
2048 1476 0
2048 1478 0
2048 1480 0
2048 1482 0
2048 1484 0
2048 1486 0
2048 1488 0
2048 1490 0
2048 1492 0
2048 1494 0
2048 1496 0
2048 1498 0
2048 1500 0
2048 1502 0
2048 1504 0
2048 1506 0
2048 1508 0
2048 1510 0
2048 1512 0
2048 1514 0
2048 1516 0
2048 1518 0
2048 1520 0
2048 1522 0
2048 1524 0
2048 1526 0
2048 1528 0
2048 1530 0
2048 1532 0
2048 1534 0
2048 1536 0
2048 1538 0
2048 1540 0
2048 1542 0
2048 1544 0
2048 1546 0
2048 1548 0
2048 1550 0
2048 1552 0
2048 1554 0
2048 1556 0
2048 1558 0
2048 1560 0
2048 1562 0
2048 1564 0
2048 1566 0
2048 1568 0
2048 1570 0
2048 1572 0
2048 1574 0
2048 1576 0
2048 1578 0
2048 1580 0
2048 1582 0
2048 1584 0
2048 1586 0
2048 1588 0
2048 1590 0
2048 1592 0
2048 1594 0
2048 1596 0
2048 1598 0
2048 1600 0
2048 1602 0
2048 1604 0
2048 1606 0
2048 1608 0
2048 1610 0
2048 1612 0
2048 1614 0
2048 1616 0
2048 1618 0
2048 1620 0
2048 1622 0
2048 1624 0
2048 1626 0
2048 1628 0
2048 1630 0
2048 1632 0
2048 1634 0
2048 1636 0
2048 1638 0
2048 1640 0
2048 1642 0
2048 1644 0
2048 1646 0
2048 1648 0
2048 1650 0
2048 1652 0
2048 1654 0
2048 1656 0
2048 1658 0
2048 1660 0
2048 1662 0
2048 1664 0
2048 1666 0
2048 1668 0
2048 1670 0
2048 1672 0
2048 1674 0
2048 1676 0
2048 1678 0
2048 1680 0
2048 1682 0
2048 1684 0
2048 1686 0
2048 1688 0
2048 1690 0
2048 1692 0
2048 1694 0
2048 1696 0
2048 1698 0
2048 1700 0
2048 1702 0
2048 1704 0
2048 1706 0
2048 1708 0
2048 1710 0
2048 1712 0
2048 1714 0
2048 1716 0
2048 1718 0
2048 1720 0
2048 1722 0
2048 1724 0
2048 1726 0
2048 1728 0
2048 1730 0
2048 1732 0
2048 1734 0
2048 1736 0
2048 1738 0
2048 1740 0
2048 1742 0
2048 1744 0
2048 1746 0
2048 1748 0
2048 1750 0
2048 1752 0
2048 1754 0
2048 1756 0
2048 1758 0
2048 1760 0
2048 1762 0
2048 1764 0
2048 1766 0
2048 1768 0
2048 1770 0
2048 1772 0
2048 1774 0
2048 1776 0
2048 1778 0
2048 1780 0
2048 1782 0
2048 1784 0
2048 1786 0
2048 1788 0
2048 1790 0
2048 1792 0
2048 1794 0
2048 1796 0
2048 1798 0
2048 1800 0
2048 1802 0
2048 1804 0
2048 1806 0
2048 1808 0
2048 1810 0
2048 1812 0
2048 1814 0
2048 1816 0
2048 1818 0
2048 1820 0
2048 1822 0
2048 1824 0
2048 1826 0
2048 1828 0
2048 1830 0
2048 1832 0
2048 1834 0
2048 1836 0
2048 1838 0
2048 1840 0
2048 1842 0
2048 1844 0
2048 1846 0
2048 1848 0
2048 1850 0
2048 1852 0
2048 1854 0
2048 1856 0
2048 1858 0
2048 1860 0
2048 1862 0
2048 1864 0
2048 1866 0
2048 1868 0
2048 1870 0
2048 1872 0
2048 1874 0
2048 1876 0
2048 1878 0
2048 1880 0
2048 1882 0
2048 1884 0
2048 1886 0
2048 1888 0
2048 1890 0
2048 1892 0
2048 1894 0
2048 1896 0
2048 1898 0
2048 1900 0
2048 1902 0
2048 1904 0
2048 1906 0
2048 1908 0
2048 1910 0
2048 1912 0
2048 1914 0
2048 1916 0
2048 1918 0
2048 1920 0
2048 1922 0
2048 1924 0
2048 1926 0
2048 1928 0
2048 1930 0
2048 1932 0
2048 1934 0
2048 1936 0
2048 1938 0
2048 1940 0
2048 1942 0
2048 1944 0
2048 1946 0
2048 1948 0
2048 1950 0
2048 1952 0
2048 1954 0
2048 1956 0
2048 1958 0
2048 1960 0
2048 1962 0
2048 1964 0
2048 1966 0
2048 1968 0
2048 1970 0
2048 1972 0
2048 1974 0
2048 1976 0
2048 1978 0
2048 1980 0
2048 1982 0
2048 1984 0
2048 1986 0
2048 1988 0
2048 1990 0
2048 1992 0
2048 1994 0
2048 1996 0
2048 1998 0
2048 2000 0
2048 2002 0
2048 2004 0
2048 2006 0
2048 2008 0
2048 2010 0
2048 2012 0
2048 2014 0
2048 2016 0
2048 2018 0
2048 2020 0
2048 2022 0
2048 2024 0
2048 2026 0
2048 2028 0
2048 2030 0
2048 2032 0
2048 2034 0
2048 2036 0
2048 2038 0
2048 2040 0
2048 2042 0
2048 2044 0
2048 2046 0
2048 2048 0


4096 -4096 0
4096 -4094 0
4096 -4092 0
4096 -4090 0
4096 -4088 0
4096 -4086 0
4096 -4084 0
4096 -4082 0
4096 -4080 0
4096 -4078 0
4096 -4076 0
4096 -4074 0
4096 -4072 0
4096 -4070 0
4096 -4068 0
4096 -4066 0
4096 -4064 0
4096 -4062 0
4096 -4060 0
4096 -4058 0
4096 -4056 0
4096 -4054 0
4096 -4052 0
4096 -4050 0
4096 -4048 0
4096 -4046 0
4096 -4044 0
4096 -4042 0
4096 -4040 0
4096 -4038 0
4096 -4036 0
4096 -4034 0
4096 -4032 0
4096 -4030 0
4096 -4028 0
4096 -4026 0
4096 -4024 0
4096 -4022 0
4096 -4020 0
4096 -4018 0
4096 -4016 0
4096 -4014 0
4096 -4012 0
4096 -4010 0
4096 -4008 0
4096 -4006 0
4096 -4004 0
4096 -4002 0
4096 -4000 0
4096 -3998 0
4096 -3996 0
4096 -3994 0
4096 -3992 0
4096 -3990 0
4096 -3988 0
4096 -3986 0
4096 -3984 0
4096 -3982 0
4096 -3980 0
4096 -3978 0
4096 -3976 0
4096 -3974 0
4096 -3972 0
4096 -3970 0
4096 -3968 0
4096 -3966 0
4096 -3964 0
4096 -3962 0
4096 -3960 0
4096 -3958 0
4096 -3956 0
4096 -3954 0
4096 -3952 0
4096 -3950 0
4096 -3948 0
4096 -3946 0
4096 -3944 0
4096 -3942 0
4096 -3940 0
4096 -3938 0
4096 -3936 0
4096 -3934 0
4096 -3932 0
4096 -3930 0
4096 -3928 0
4096 -3926 0
4096 -3924 0
4096 -3922 0
4096 -3920 0
4096 -3918 0
4096 -3916 0
4096 -3914 0
4096 -3912 0
4096 -3910 0
4096 -3908 0
4096 -3906 0
4096 -3904 0
4096 -3902 0
4096 -3900 0
4096 -3898 0
4096 -3896 0
4096 -3894 0
4096 -3892 0
4096 -3890 0
4096 -3888 0
4096 -3886 0
4096 -3884 0
4096 -3882 0
4096 -3880 0
4096 -3878 0
4096 -3876 0
4096 -3874 0
4096 -3872 0
4096 -3870 0
4096 -3868 0
4096 -3866 0
4096 -3864 0
4096 -3862 0
4096 -3860 0
4096 -3858 0
4096 -3856 0
4096 -3854 0
4096 -3852 0
4096 -3850 0
4096 -3848 0
4096 -3846 0
4096 -3844 0
4096 -3842 0
4096 -3840 0
4096 -3838 0
4096 -3836 0
4096 -3834 0
4096 -3832 0
4096 -3830 0
4096 -3828 0
4096 -3826 0
4096 -3824 0
4096 -3822 0
4096 -3820 0
4096 -3818 0
4096 -3816 0
4096 -3814 0
4096 -3812 0
4096 -3810 0
4096 -3808 0
4096 -3806 0
4096 -3804 0
4096 -3802 0
4096 -3800 0
4096 -3798 0
4096 -3796 0
4096 -3794 0
4096 -3792 0
4096 -3790 0
4096 -3788 0
4096 -3786 0
4096 -3784 0
4096 -3782 0
4096 -3780 0
4096 -3778 0
4096 -3776 0
4096 -3774 0
4096 -3772 0
4096 -3770 0
4096 -3768 0
4096 -3766 0
4096 -3764 0
4096 -3762 0
4096 -3760 0
4096 -3758 0
4096 -3756 0
4096 -3754 0
4096 -3752 0
4096 -3750 0
4096 -3748 0
4096 -3746 0
4096 -3744 0
4096 -3742 0
4096 -3740 0
4096 -3738 0
4096 -3736 0
4096 -3734 0
4096 -3732 0
4096 -3730 0
4096 -3728 0
4096 -3726 0
4096 -3724 0
4096 -3722 0
4096 -3720 0
4096 -3718 0
4096 -3716 0
4096 -3714 0
4096 -3712 0
4096 -3710 0
4096 -3708 0
4096 -3706 0
4096 -3704 0
4096 -3702 0
4096 -3700 0
4096 -3698 0
4096 -3696 0
4096 -3694 0
4096 -3692 0
4096 -3690 0
4096 -3688 0
4096 -3686 0
4096 -3684 0
4096 -3682 0
4096 -3680 0
4096 -3678 0
4096 -3676 0
4096 -3674 0
4096 -3672 0
4096 -3670 0
4096 -3668 0
4096 -3666 0
4096 -3664 0
4096 -3662 0
4096 -3660 0
4096 -3658 0
4096 -3656 0
4096 -3654 0
4096 -3652 0
4096 -3650 0
4096 -3648 0
4096 -3646 0
4096 -3644 0
4096 -3642 0
4096 -3640 0
4096 -3638 0
4096 -3636 0
4096 -3634 0
4096 -3632 0
4096 -3630 0
4096 -3628 0
4096 -3626 0
4096 -3624 0
4096 -3622 0
4096 -3620 0
4096 -3618 0
4096 -3616 0
4096 -3614 0
4096 -3612 0
4096 -3610 0
4096 -3608 0
4096 -3606 0
4096 -3604 0
4096 -3602 0
4096 -3600 0
4096 -3598 0
4096 -3596 0
4096 -3594 0
4096 -3592 0
4096 -3590 0
4096 -3588 0
4096 -3586 0
4096 -3584 0
4096 -3582 0
4096 -3580 0
4096 -3578 0
4096 -3576 0
4096 -3574 0
4096 -3572 0
4096 -3570 0
4096 -3568 0
4096 -3566 0
4096 -3564 0
4096 -3562 0
4096 -3560 0
4096 -3558 0
4096 -3556 0
4096 -3554 0
4096 -3552 0
4096 -3550 0
4096 -3548 0
4096 -3546 0
4096 -3544 0
4096 -3542 0
4096 -3540 0
4096 -3538 0
4096 -3536 0
4096 -3534 0
4096 -3532 0
4096 -3530 0
4096 -3528 0
4096 -3526 0
4096 -3524 0
4096 -3522 0
4096 -3520 0
4096 -3518 0
4096 -3516 0
4096 -3514 0
4096 -3512 0
4096 -3510 0
4096 -3508 0
4096 -3506 0
4096 -3504 0
4096 -3502 0
4096 -3500 0
4096 -3498 0
4096 -3496 0
4096 -3494 0
4096 -3492 0
4096 -3490 0
4096 -3488 0
4096 -3486 0
4096 -3484 0
4096 -3482 0
4096 -3480 0
4096 -3478 0
4096 -3476 0
4096 -3474 0
4096 -3472 0
4096 -3470 0
4096 -3468 0
4096 -3466 0
4096 -3464 0
4096 -3462 0
4096 -3460 0
4096 -3458 0
4096 -3456 0
4096 -3454 0
4096 -3452 0
4096 -3450 0
4096 -3448 0
4096 -3446 0
4096 -3444 0
4096 -3442 0
4096 -3440 0
4096 -3438 0
4096 -3436 0
4096 -3434 0
4096 -3432 0
4096 -3430 0
4096 -3428 0
4096 -3426 0
4096 -3424 0
4096 -3422 0
4096 -3420 0
4096 -3418 0
4096 -3416 0
4096 -3414 0
4096 -3412 0
4096 -3410 0
4096 -3408 0
4096 -3406 0
4096 -3404 0
4096 -3402 0
4096 -3400 0
4096 -3398 0
4096 -3396 0
4096 -3394 0
4096 -3392 0
4096 -3390 0
4096 -3388 0
4096 -3386 0
4096 -3384 0
4096 -3382 0
4096 -3380 0
4096 -3378 0
4096 -3376 0
4096 -3374 0
4096 -3372 0
4096 -3370 0
4096 -3368 0
4096 -3366 0
4096 -3364 0
4096 -3362 0
4096 -3360 0
4096 -3358 0
4096 -3356 0
4096 -3354 0
4096 -3352 0
4096 -3350 0
4096 -3348 0
4096 -3346 0
4096 -3344 0
4096 -3342 0
4096 -3340 0
4096 -3338 0
4096 -3336 0
4096 -3334 0
4096 -3332 0
4096 -3330 0
4096 -3328 0
4096 -3326 0
4096 -3324 0
4096 -3322 0
4096 -3320 0
4096 -3318 0
4096 -3316 0
4096 -3314 0
4096 -3312 0
4096 -3310 0
4096 -3308 0
4096 -3306 0
4096 -3304 0
4096 -3302 0
4096 -3300 0
4096 -3298 0
4096 -3296 0
4096 -3294 0
4096 -3292 0
4096 -3290 0
4096 -3288 0
4096 -3286 0
4096 -3284 0
4096 -3282 0
4096 -3280 0
4096 -3278 0
4096 -3276 0
4096 -3274 0
4096 -3272 0
4096 -3270 0
4096 -3268 0
4096 -3266 0
4096 -3264 0
4096 -3262 0
4096 -3260 0
4096 -3258 0
4096 -3256 0
4096 -3254 0
4096 -3252 0
4096 -3250 0
4096 -3248 0
4096 -3246 0
4096 -3244 0
4096 -3242 0
4096 -3240 0
4096 -3238 0
4096 -3236 0
4096 -3234 0
4096 -3232 0
4096 -3230 0
4096 -3228 0
4096 -3226 0
4096 -3224 0
4096 -3222 0
4096 -3220 0
4096 -3218 0
4096 -3216 0
4096 -3214 0
4096 -3212 0
4096 -3210 0
4096 -3208 0
4096 -3206 0
4096 -3204 0
4096 -3202 0
4096 -3200 0
4096 -3198 0
4096 -3196 0
4096 -3194 0
4096 -3192 0
4096 -3190 0
4096 -3188 0
4096 -3186 0
4096 -3184 0
4096 -3182 0
4096 -3180 0
4096 -3178 0
4096 -3176 0
4096 -3174 0
4096 -3172 0
4096 -3170 0
4096 -3168 0
4096 -3166 0
4096 -3164 0
4096 -3162 0
4096 -3160 0
4096 -3158 0
4096 -3156 0
4096 -3154 0
4096 -3152 0
4096 -3150 0
4096 -3148 0
4096 -3146 0
4096 -3144 0
4096 -3142 0
4096 -3140 0
4096 -3138 0
4096 -3136 0
4096 -3134 0
4096 -3132 0
4096 -3130 0
4096 -3128 0
4096 -3126 0
4096 -3124 0
4096 -3122 0
4096 -3120 0
4096 -3118 0
4096 -3116 0
4096 -3114 0
4096 -3112 0
4096 -3110 0
4096 -3108 0
4096 -3106 0
4096 -3104 0
4096 -3102 0
4096 -3100 0
4096 -3098 0
4096 -3096 0
4096 -3094 0
4096 -3092 0
4096 -3090 0
4096 -3088 0
4096 -3086 0
4096 -3084 0
4096 -3082 0
4096 -3080 0
4096 -3078 0
4096 -3076 0
4096 -3074 0
4096 -3072 0
4096 -3070 0
4096 -3068 0
4096 -3066 0
4096 -3064 0
4096 -3062 0
4096 -3060 0
4096 -3058 0
4096 -3056 0
4096 -3054 0
4096 -3052 0
4096 -3050 0
4096 -3048 0
4096 -3046 0
4096 -3044 0
4096 -3042 0
4096 -3040 0
4096 -3038 0
4096 -3036 0
4096 -3034 0
4096 -3032 0
4096 -3030 0
4096 -3028 0
4096 -3026 0
4096 -3024 0
4096 -3022 0
4096 -3020 0
4096 -3018 0
4096 -3016 0
4096 -3014 0
4096 -3012 0
4096 -3010 0
4096 -3008 0
4096 -3006 0
4096 -3004 0
4096 -3002 0
4096 -3000 0
4096 -2998 0
4096 -2996 0
4096 -2994 0
4096 -2992 0
4096 -2990 0
4096 -2988 0
4096 -2986 0
4096 -2984 0
4096 -2982 0
4096 -2980 0
4096 -2978 0
4096 -2976 0
4096 -2974 0
4096 -2972 0
4096 -2970 0
4096 -2968 0
4096 -2966 0
4096 -2964 0
4096 -2962 0
4096 -2960 0
4096 -2958 0
4096 -2956 0
4096 -2954 0
4096 -2952 0
4096 -2950 0
4096 -2948 0
4096 -2946 0
4096 -2944 0
4096 -2942 0
4096 -2940 0
4096 -2938 0
4096 -2936 0
4096 -2934 0
4096 -2932 0
4096 -2930 0
4096 -2928 0
4096 -2926 0
4096 -2924 0
4096 -2922 0
4096 -2920 0
4096 -2918 0
4096 -2916 0
4096 -2914 0
4096 -2912 0
4096 -2910 0
4096 -2908 0
4096 -2906 0
4096 -2904 0
4096 -2902 0
4096 -2900 0
4096 -2898 0
4096 -2896 0
4096 -2894 0
4096 -2892 0
4096 -2890 0
4096 -2888 0
4096 -2886 0
4096 -2884 0
4096 -2882 0
4096 -2880 0
4096 -2878 0
4096 -2876 0
4096 -2874 0
4096 -2872 0
4096 -2870 0
4096 -2868 0
4096 -2866 0
4096 -2864 0
4096 -2862 0
4096 -2860 0
4096 -2858 0
4096 -2856 0
4096 -2854 0
4096 -2852 0
4096 -2850 0
4096 -2848 0
4096 -2846 0
4096 -2844 0
4096 -2842 0
4096 -2840 0
4096 -2838 0
4096 -2836 0
4096 -2834 0
4096 -2832 0
4096 -2830 0
4096 -2828 0
4096 -2826 0
4096 -2824 0
4096 -2822 0
4096 -2820 0
4096 -2818 0
4096 -2816 0
4096 -2814 0
4096 -2812 0
4096 -2810 0
4096 -2808 0
4096 -2806 0
4096 -2804 0
4096 -2802 0
4096 -2800 0
4096 -2798 0
4096 -2796 0
4096 -2794 0
4096 -2792 0
4096 -2790 0
4096 -2788 0
4096 -2786 0
4096 -2784 0
4096 -2782 0
4096 -2780 0
4096 -2778 0
4096 -2776 0
4096 -2774 0
4096 -2772 0
4096 -2770 0
4096 -2768 0
4096 -2766 0
4096 -2764 0
4096 -2762 0
4096 -2760 0
4096 -2758 0
4096 -2756 0
4096 -2754 0
4096 -2752 0
4096 -2750 0
4096 -2748 0
4096 -2746 0
4096 -2744 0
4096 -2742 0
4096 -2740 0
4096 -2738 0
4096 -2736 0
4096 -2734 0
4096 -2732 0
4096 -2730 0
4096 -2728 0
4096 -2726 0
4096 -2724 0
4096 -2722 0
4096 -2720 0
4096 -2718 0
4096 -2716 0
4096 -2714 0
4096 -2712 0
4096 -2710 0
4096 -2708 0
4096 -2706 0
4096 -2704 0
4096 -2702 0
4096 -2700 0
4096 -2698 0
4096 -2696 0
4096 -2694 0
4096 -2692 0
4096 -2690 0
4096 -2688 0
4096 -2686 0
4096 -2684 0
4096 -2682 0
4096 -2680 0
4096 -2678 0
4096 -2676 0
4096 -2674 0
4096 -2672 0
4096 -2670 0
4096 -2668 0
4096 -2666 0
4096 -2664 0
4096 -2662 0
4096 -2660 0
4096 -2658 0
4096 -2656 0
4096 -2654 0
4096 -2652 0
4096 -2650 0
4096 -2648 0
4096 -2646 0
4096 -2644 0
4096 -2642 0
4096 -2640 0
4096 -2638 0
4096 -2636 0
4096 -2634 0
4096 -2632 0
4096 -2630 0
4096 -2628 0
4096 -2626 0
4096 -2624 0
4096 -2622 0
4096 -2620 0
4096 -2618 0
4096 -2616 0
4096 -2614 0
4096 -2612 0
4096 -2610 0
4096 -2608 0
4096 -2606 0
4096 -2604 0
4096 -2602 0
4096 -2600 0
4096 -2598 0
4096 -2596 0
4096 -2594 0
4096 -2592 0
4096 -2590 0
4096 -2588 0
4096 -2586 0
4096 -2584 0
4096 -2582 0
4096 -2580 0
4096 -2578 0
4096 -2576 0
4096 -2574 0
4096 -2572 0
4096 -2570 0
4096 -2568 0
4096 -2566 0
4096 -2564 0
4096 -2562 0
4096 -2560 0
4096 -2558 0
4096 -2556 0
4096 -2554 0
4096 -2552 0
4096 -2550 0
4096 -2548 0
4096 -2546 0
4096 -2544 0
4096 -2542 0
4096 -2540 0
4096 -2538 0
4096 -2536 0
4096 -2534 0
4096 -2532 0
4096 -2530 0
4096 -2528 0
4096 -2526 0
4096 -2524 0
4096 -2522 0
4096 -2520 0
4096 -2518 0
4096 -2516 0
4096 -2514 0
4096 -2512 0
4096 -2510 0
4096 -2508 0
4096 -2506 0
4096 -2504 0
4096 -2502 0
4096 -2500 0
4096 -2498 0
4096 -2496 0
4096 -2494 0
4096 -2492 0
4096 -2490 0
4096 -2488 0
4096 -2486 0
4096 -2484 0
4096 -2482 0
4096 -2480 0
4096 -2478 0
4096 -2476 0
4096 -2474 0
4096 -2472 0
4096 -2470 0
4096 -2468 0
4096 -2466 0
4096 -2464 0
4096 -2462 0
4096 -2460 0
4096 -2458 0
4096 -2456 0
4096 -2454 0
4096 -2452 0
4096 -2450 0
4096 -2448 0
4096 -2446 0
4096 -2444 0
4096 -2442 0
4096 -2440 0
4096 -2438 0
4096 -2436 0
4096 -2434 0
4096 -2432 0
4096 -2430 0
4096 -2428 0
4096 -2426 0
4096 -2424 0
4096 -2422 0
4096 -2420 0
4096 -2418 0
4096 -2416 0
4096 -2414 0
4096 -2412 0
4096 -2410 0
4096 -2408 0
4096 -2406 0
4096 -2404 0
4096 -2402 0
4096 -2400 0
4096 -2398 0
4096 -2396 0
4096 -2394 0
4096 -2392 0
4096 -2390 0
4096 -2388 0
4096 -2386 0
4096 -2384 0
4096 -2382 0
4096 -2380 0
4096 -2378 0
4096 -2376 0
4096 -2374 0
4096 -2372 0
4096 -2370 0
4096 -2368 0
4096 -2366 0
4096 -2364 0
4096 -2362 0
4096 -2360 0
4096 -2358 0
4096 -2356 0
4096 -2354 0
4096 -2352 0
4096 -2350 0
4096 -2348 0
4096 -2346 0
4096 -2344 0
4096 -2342 0
4096 -2340 0
4096 -2338 0
4096 -2336 0
4096 -2334 0
4096 -2332 0
4096 -2330 0
4096 -2328 0
4096 -2326 0
4096 -2324 0
4096 -2322 0
4096 -2320 0
4096 -2318 0
4096 -2316 0
4096 -2314 0
4096 -2312 0
4096 -2310 0
4096 -2308 0
4096 -2306 0
4096 -2304 0
4096 -2302 0
4096 -2300 0
4096 -2298 0
4096 -2296 0
4096 -2294 0
4096 -2292 0
4096 -2290 0
4096 -2288 0
4096 -2286 0
4096 -2284 0
4096 -2282 0
4096 -2280 0
4096 -2278 0
4096 -2276 0
4096 -2274 0
4096 -2272 0
4096 -2270 0
4096 -2268 0
4096 -2266 0
4096 -2264 0
4096 -2262 0
4096 -2260 0
4096 -2258 0
4096 -2256 0
4096 -2254 0
4096 -2252 0
4096 -2250 0
4096 -2248 0
4096 -2246 0
4096 -2244 0
4096 -2242 0
4096 -2240 0
4096 -2238 0
4096 -2236 0
4096 -2234 0
4096 -2232 0
4096 -2230 0
4096 -2228 0
4096 -2226 0
4096 -2224 0
4096 -2222 0
4096 -2220 0
4096 -2218 0
4096 -2216 0
4096 -2214 0
4096 -2212 0
4096 -2210 0
4096 -2208 0
4096 -2206 0
4096 -2204 0
4096 -2202 0
4096 -2200 0
4096 -2198 0
4096 -2196 0
4096 -2194 0
4096 -2192 0
4096 -2190 0
4096 -2188 0
4096 -2186 0
4096 -2184 0
4096 -2182 0
4096 -2180 0
4096 -2178 0
4096 -2176 0
4096 -2174 0
4096 -2172 0
4096 -2170 0
4096 -2168 0
4096 -2166 0
4096 -2164 0
4096 -2162 0
4096 -2160 0
4096 -2158 0
4096 -2156 0
4096 -2154 0
4096 -2152 0
4096 -2150 0
4096 -2148 0
4096 -2146 0
4096 -2144 0
4096 -2142 0
4096 -2140 0
4096 -2138 0
4096 -2136 0
4096 -2134 0
4096 -2132 0
4096 -2130 0
4096 -2128 0
4096 -2126 0
4096 -2124 0
4096 -2122 0
4096 -2120 0
4096 -2118 0
4096 -2116 0
4096 -2114 0
4096 -2112 0
4096 -2110 0
4096 -2108 0
4096 -2106 0
4096 -2104 0
4096 -2102 0
4096 -2100 0
4096 -2098 0
4096 -2096 0
4096 -2094 0
4096 -2092 0
4096 -2090 0
4096 -2088 0
4096 -2086 0
4096 -2084 0
4096 -2082 0
4096 -2080 0
4096 -2078 0
4096 -2076 0
4096 -2074 0
4096 -2072 0
4096 -2070 0
4096 -2068 0
4096 -2066 0
4096 -2064 0
4096 -2062 0
4096 -2060 0
4096 -2058 0
4096 -2056 0
4096 -2054 0
4096 -2052 0
4096 -2050 0
4096 -2048 0
4096 -2046 0
4096 -2044 0
4096 -2042 0
4096 -2040 0
4096 -2038 0
4096 -2036 0
4096 -2034 0
4096 -2032 0
4096 -2030 0
4096 -2028 0
4096 -2026 0
4096 -2024 0
4096 -2022 0
4096 -2020 0
4096 -2018 0
4096 -2016 0
4096 -2014 0
4096 -2012 0
4096 -2010 0
4096 -2008 0
4096 -2006 0
4096 -2004 0
4096 -2002 0
4096 -2000 0
4096 -1998 0
4096 -1996 0
4096 -1994 0
4096 -1992 0
4096 -1990 0
4096 -1988 0
4096 -1986 0
4096 -1984 0
4096 -1982 0
4096 -1980 0
4096 -1978 0
4096 -1976 0
4096 -1974 0
4096 -1972 0
4096 -1970 0
4096 -1968 0
4096 -1966 0
4096 -1964 0
4096 -1962 0
4096 -1960 0
4096 -1958 0
4096 -1956 0
4096 -1954 0
4096 -1952 0
4096 -1950 0
4096 -1948 0
4096 -1946 0
4096 -1944 0
4096 -1942 0
4096 -1940 0
4096 -1938 0
4096 -1936 0
4096 -1934 0
4096 -1932 0
4096 -1930 0
4096 -1928 0
4096 -1926 0
4096 -1924 0
4096 -1922 0
4096 -1920 0
4096 -1918 0
4096 -1916 0
4096 -1914 0
4096 -1912 0
4096 -1910 0
4096 -1908 0
4096 -1906 0
4096 -1904 0
4096 -1902 0
4096 -1900 0
4096 -1898 0
4096 -1896 0
4096 -1894 0
4096 -1892 0
4096 -1890 0
4096 -1888 0
4096 -1886 0
4096 -1884 0
4096 -1882 0
4096 -1880 0
4096 -1878 0
4096 -1876 0
4096 -1874 0
4096 -1872 0
4096 -1870 0
4096 -1868 0
4096 -1866 0
4096 -1864 0
4096 -1862 0
4096 -1860 0
4096 -1858 0
4096 -1856 0
4096 -1854 0
4096 -1852 0
4096 -1850 0
4096 -1848 0
4096 -1846 0
4096 -1844 0
4096 -1842 0
4096 -1840 0
4096 -1838 0
4096 -1836 0
4096 -1834 0
4096 -1832 0
4096 -1830 0
4096 -1828 0
4096 -1826 0
4096 -1824 0
4096 -1822 0
4096 -1820 0
4096 -1818 0
4096 -1816 0
4096 -1814 0
4096 -1812 0
4096 -1810 0
4096 -1808 0
4096 -1806 0
4096 -1804 0
4096 -1802 0
4096 -1800 0
4096 -1798 0
4096 -1796 0
4096 -1794 0
4096 -1792 0
4096 -1790 0
4096 -1788 0
4096 -1786 0
4096 -1784 0
4096 -1782 0
4096 -1780 0
4096 -1778 0
4096 -1776 0
4096 -1774 0
4096 -1772 0
4096 -1770 0
4096 -1768 0
4096 -1766 0
4096 -1764 0
4096 -1762 0
4096 -1760 0
4096 -1758 0
4096 -1756 0
4096 -1754 0
4096 -1752 0
4096 -1750 0
4096 -1748 0
4096 -1746 0
4096 -1744 0
4096 -1742 0
4096 -1740 0
4096 -1738 0
4096 -1736 0
4096 -1734 0
4096 -1732 0
4096 -1730 0
4096 -1728 0
4096 -1726 0
4096 -1724 0
4096 -1722 0
4096 -1720 0
4096 -1718 0
4096 -1716 0
4096 -1714 0
4096 -1712 0
4096 -1710 0
4096 -1708 0
4096 -1706 0
4096 -1704 0
4096 -1702 0
4096 -1700 0
4096 -1698 0
4096 -1696 0
4096 -1694 0
4096 -1692 0
4096 -1690 0
4096 -1688 0
4096 -1686 0
4096 -1684 0
4096 -1682 0
4096 -1680 0
4096 -1678 0
4096 -1676 0
4096 -1674 0
4096 -1672 0
4096 -1670 0
4096 -1668 0
4096 -1666 0
4096 -1664 0
4096 -1662 0
4096 -1660 0
4096 -1658 0
4096 -1656 0
4096 -1654 0
4096 -1652 0
4096 -1650 0
4096 -1648 0
4096 -1646 0
4096 -1644 0
4096 -1642 0
4096 -1640 0
4096 -1638 0
4096 -1636 0
4096 -1634 0
4096 -1632 0
4096 -1630 0
4096 -1628 0
4096 -1626 0
4096 -1624 0
4096 -1622 0
4096 -1620 0
4096 -1618 0
4096 -1616 0
4096 -1614 0
4096 -1612 0
4096 -1610 0
4096 -1608 0
4096 -1606 0
4096 -1604 0
4096 -1602 0
4096 -1600 0
4096 -1598 0
4096 -1596 0
4096 -1594 0
4096 -1592 0
4096 -1590 0
4096 -1588 0
4096 -1586 0
4096 -1584 0
4096 -1582 0
4096 -1580 0
4096 -1578 0
4096 -1576 0
4096 -1574 0
4096 -1572 0
4096 -1570 0
4096 -1568 0
4096 -1566 0
4096 -1564 0
4096 -1562 0
4096 -1560 0
4096 -1558 0
4096 -1556 0
4096 -1554 0
4096 -1552 0
4096 -1550 0
4096 -1548 0
4096 -1546 0
4096 -1544 0
4096 -1542 0
4096 -1540 0
4096 -1538 0
4096 -1536 0
4096 -1534 0
4096 -1532 0
4096 -1530 0
4096 -1528 0
4096 -1526 0
4096 -1524 0
4096 -1522 0
4096 -1520 0
4096 -1518 0
4096 -1516 0
4096 -1514 0
4096 -1512 0
4096 -1510 0
4096 -1508 0
4096 -1506 0
4096 -1504 0
4096 -1502 0
4096 -1500 0
4096 -1498 0
4096 -1496 0
4096 -1494 0
4096 -1492 0
4096 -1490 0
4096 -1488 0
4096 -1486 0
4096 -1484 0
4096 -1482 0
4096 -1480 0
4096 -1478 0
4096 -1476 0
4096 -1474 0
4096 -1472 0
4096 -1470 0
4096 -1468 0
4096 -1466 0
4096 -1464 0
4096 -1462 0
4096 -1460 0
4096 -1458 0
4096 -1456 0
4096 -1454 0
4096 -1452 0
4096 -1450 0
4096 -1448 0
4096 -1446 0
4096 -1444 0
4096 -1442 0
4096 -1440 0
4096 -1438 0
4096 -1436 0
4096 -1434 0
4096 -1432 0
4096 -1430 0
4096 -1428 0
4096 -1426 0
4096 -1424 0
4096 -1422 0
4096 -1420 0
4096 -1418 0
4096 -1416 0
4096 -1414 0
4096 -1412 0
4096 -1410 0
4096 -1408 0
4096 -1406 0
4096 -1404 0
4096 -1402 0
4096 -1400 0
4096 -1398 0
4096 -1396 0
4096 -1394 0
4096 -1392 0
4096 -1390 0
4096 -1388 0
4096 -1386 0
4096 -1384 0
4096 -1382 0
4096 -1380 0
4096 -1378 0
4096 -1376 0
4096 -1374 0
4096 -1372 0
4096 -1370 0
4096 -1368 0
4096 -1366 0
4096 -1364 0
4096 -1362 0
4096 -1360 0
4096 -1358 0
4096 -1356 0
4096 -1354 0
4096 -1352 0
4096 -1350 0
4096 -1348 0
4096 -1346 0
4096 -1344 0
4096 -1342 0
4096 -1340 0
4096 -1338 0
4096 -1336 0
4096 -1334 0
4096 -1332 0
4096 -1330 0
4096 -1328 0
4096 -1326 0
4096 -1324 0
4096 -1322 0
4096 -1320 0
4096 -1318 0
4096 -1316 0
4096 -1314 0
4096 -1312 0
4096 -1310 0
4096 -1308 0
4096 -1306 0
4096 -1304 0
4096 -1302 0
4096 -1300 0
4096 -1298 0
4096 -1296 0
4096 -1294 0
4096 -1292 0
4096 -1290 0
4096 -1288 0
4096 -1286 0
4096 -1284 0
4096 -1282 0
4096 -1280 0
4096 -1278 0
4096 -1276 0
4096 -1274 0
4096 -1272 0
4096 -1270 0
4096 -1268 0
4096 -1266 0
4096 -1264 0
4096 -1262 0
4096 -1260 0
4096 -1258 0
4096 -1256 0
4096 -1254 0
4096 -1252 0
4096 -1250 0
4096 -1248 0
4096 -1246 0
4096 -1244 0
4096 -1242 0
4096 -1240 0
4096 -1238 0
4096 -1236 0
4096 -1234 0
4096 -1232 0
4096 -1230 0
4096 -1228 0
4096 -1226 0
4096 -1224 0
4096 -1222 0
4096 -1220 0
4096 -1218 0
4096 -1216 0
4096 -1214 0
4096 -1212 0
4096 -1210 0
4096 -1208 0
4096 -1206 0
4096 -1204 0
4096 -1202 0
4096 -1200 0
4096 -1198 0
4096 -1196 0
4096 -1194 0
4096 -1192 0
4096 -1190 0
4096 -1188 0
4096 -1186 0
4096 -1184 0
4096 -1182 0
4096 -1180 0
4096 -1178 0
4096 -1176 0
4096 -1174 0
4096 -1172 0
4096 -1170 0
4096 -1168 0
4096 -1166 0
4096 -1164 0
4096 -1162 0
4096 -1160 0
4096 -1158 0
4096 -1156 0
4096 -1154 0
4096 -1152 0
4096 -1150 0
4096 -1148 0
4096 -1146 0
4096 -1144 0
4096 -1142 0
4096 -1140 0
4096 -1138 0
4096 -1136 0
4096 -1134 0
4096 -1132 0
4096 -1130 0
4096 -1128 0
4096 -1126 0
4096 -1124 0
4096 -1122 0
4096 -1120 0
4096 -1118 0
4096 -1116 0
4096 -1114 0
4096 -1112 0
4096 -1110 0
4096 -1108 0
4096 -1106 0
4096 -1104 0
4096 -1102 0
4096 -1100 0
4096 -1098 0
4096 -1096 0
4096 -1094 0
4096 -1092 0
4096 -1090 0
4096 -1088 0
4096 -1086 0
4096 -1084 0
4096 -1082 0
4096 -1080 0
4096 -1078 0
4096 -1076 0
4096 -1074 0
4096 -1072 0
4096 -1070 0
4096 -1068 0
4096 -1066 0
4096 -1064 0
4096 -1062 0
4096 -1060 0
4096 -1058 0
4096 -1056 0
4096 -1054 0
4096 -1052 0
4096 -1050 0
4096 -1048 0
4096 -1046 0
4096 -1044 0
4096 -1042 0
4096 -1040 0
4096 -1038 0
4096 -1036 0
4096 -1034 0
4096 -1032 0
4096 -1030 0
4096 -1028 0
4096 -1026 0
4096 -1024 0
4096 -1022 0
4096 -1020 0
4096 -1018 0
4096 -1016 0
4096 -1014 0
4096 -1012 0
4096 -1010 0
4096 -1008 0
4096 -1006 0
4096 -1004 0
4096 -1002 0
4096 -1000 0
4096 -998 0
4096 -996 0
4096 -994 0
4096 -992 0
4096 -990 0
4096 -988 0
4096 -986 0
4096 -984 0
4096 -982 0
4096 -980 0
4096 -978 0
4096 -976 0
4096 -974 0
4096 -972 0
4096 -970 0
4096 -968 0
4096 -966 0
4096 -964 0
4096 -962 0
4096 -960 0
4096 -958 0
4096 -956 0
4096 -954 0
4096 -952 0
4096 -950 0
4096 -948 0
4096 -946 0
4096 -944 0
4096 -942 0
4096 -940 0
4096 -938 0
4096 -936 0
4096 -934 0
4096 -932 0
4096 -930 0
4096 -928 0
4096 -926 0
4096 -924 0
4096 -922 0
4096 -920 0
4096 -918 0
4096 -916 0
4096 -914 0
4096 -912 0
4096 -910 0
4096 -908 0
4096 -906 0
4096 -904 0
4096 -902 0
4096 -900 0
4096 -898 0
4096 -896 0
4096 -894 0
4096 -892 0
4096 -890 0
4096 -888 0
4096 -886 0
4096 -884 0
4096 -882 0
4096 -880 0
4096 -878 0
4096 -876 0
4096 -874 0
4096 -872 0
4096 -870 0
4096 -868 0
4096 -866 0
4096 -864 0
4096 -862 0
4096 -860 0
4096 -858 0
4096 -856 0
4096 -854 0
4096 -852 0
4096 -850 0
4096 -848 0
4096 -846 0
4096 -844 0
4096 -842 0
4096 -840 0
4096 -838 0
4096 -836 0
4096 -834 0
4096 -832 0
4096 -830 0
4096 -828 0
4096 -826 0
4096 -824 0
4096 -822 0
4096 -820 0
4096 -818 0
4096 -816 0
4096 -814 0
4096 -812 0
4096 -810 0
4096 -808 0
4096 -806 0
4096 -804 0
4096 -802 0
4096 -800 0
4096 -798 0
4096 -796 0
4096 -794 0
4096 -792 0
4096 -790 0
4096 -788 0
4096 -786 0
4096 -784 0
4096 -782 0
4096 -780 0
4096 -778 0
4096 -776 0
4096 -774 0
4096 -772 0
4096 -770 0
4096 -768 0
4096 -766 0
4096 -764 0
4096 -762 0
4096 -760 0
4096 -758 0
4096 -756 0
4096 -754 0
4096 -752 0
4096 -750 0
4096 -748 0
4096 -746 0
4096 -744 0
4096 -742 0
4096 -740 0
4096 -738 0
4096 -736 0
4096 -734 0
4096 -732 0
4096 -730 0
4096 -728 0
4096 -726 0
4096 -724 0
4096 -722 0
4096 -720 0
4096 -718 0
4096 -716 0
4096 -714 0
4096 -712 0
4096 -710 0
4096 -708 0
4096 -706 0
4096 -704 0
4096 -702 0
4096 -700 0
4096 -698 0
4096 -696 0
4096 -694 0
4096 -692 0
4096 -690 0
4096 -688 0
4096 -686 0
4096 -684 0
4096 -682 0
4096 -680 0
4096 -678 0
4096 -676 0
4096 -674 0
4096 -672 0
4096 -670 0
4096 -668 0
4096 -666 0
4096 -664 0
4096 -662 0
4096 -660 0
4096 -658 0
4096 -656 0
4096 -654 0
4096 -652 0
4096 -650 0
4096 -648 0
4096 -646 0
4096 -644 0
4096 -642 0
4096 -640 0
4096 -638 0
4096 -636 0
4096 -634 0
4096 -632 0
4096 -630 0
4096 -628 0
4096 -626 0
4096 -624 0
4096 -622 0
4096 -620 0
4096 -618 0
4096 -616 0
4096 -614 0
4096 -612 0
4096 -610 0
4096 -608 0
4096 -606 0
4096 -604 0
4096 -602 0
4096 -600 0
4096 -598 0
4096 -596 0
4096 -594 0
4096 -592 0
4096 -590 0
4096 -588 0
4096 -586 0
4096 -584 0
4096 -582 0
4096 -580 0
4096 -578 0
4096 -576 0
4096 -574 0
4096 -572 0
4096 -570 0
4096 -568 0
4096 -566 0
4096 -564 0
4096 -562 0
4096 -560 0
4096 -558 0
4096 -556 0
4096 -554 0
4096 -552 0
4096 -550 0
4096 -548 0
4096 -546 0
4096 -544 0
4096 -542 0
4096 -540 0
4096 -538 0
4096 -536 0
4096 -534 0
4096 -532 0
4096 -530 0
4096 -528 0
4096 -526 0
4096 -524 0
4096 -522 0
4096 -520 0
4096 -518 0
4096 -516 0
4096 -514 0
4096 -512 0
4096 -510 0
4096 -508 0
4096 -506 0
4096 -504 0
4096 -502 0
4096 -500 0
4096 -498 0
4096 -496 0
4096 -494 0
4096 -492 0
4096 -490 0
4096 -488 0
4096 -486 0
4096 -484 0
4096 -482 0
4096 -480 0
4096 -478 0
4096 -476 0
4096 -474 0
4096 -472 0
4096 -470 0
4096 -468 0
4096 -466 0
4096 -464 0
4096 -462 0
4096 -460 0
4096 -458 0
4096 -456 0
4096 -454 0
4096 -452 0
4096 -450 0
4096 -448 0
4096 -446 0
4096 -444 0
4096 -442 0
4096 -440 0
4096 -438 0
4096 -436 0
4096 -434 0
4096 -432 0
4096 -430 0
4096 -428 0
4096 -426 0
4096 -424 0
4096 -422 0
4096 -420 0
4096 -418 0
4096 -416 0
4096 -414 0
4096 -412 0
4096 -410 0
4096 -408 0
4096 -406 0
4096 -404 0
4096 -402 0
4096 -400 0
4096 -398 0
4096 -396 0
4096 -394 0
4096 -392 0
4096 -390 0
4096 -388 0
4096 -386 0
4096 -384 0
4096 -382 0
4096 -380 0
4096 -378 0
4096 -376 0
4096 -374 0
4096 -372 0
4096 -370 0
4096 -368 0
4096 -366 0
4096 -364 0
4096 -362 0
4096 -360 0
4096 -358 0
4096 -356 0
4096 -354 0
4096 -352 0
4096 -350 0
4096 -348 0
4096 -346 0
4096 -344 0
4096 -342 0
4096 -340 0
4096 -338 0
4096 -336 0
4096 -334 0
4096 -332 0
4096 -330 0
4096 -328 0
4096 -326 0
4096 -324 0
4096 -322 0
4096 -320 0
4096 -318 0
4096 -316 0
4096 -314 0
4096 -312 0
4096 -310 0
4096 -308 0
4096 -306 0
4096 -304 0
4096 -302 0
4096 -300 0
4096 -298 0
4096 -296 0
4096 -294 0
4096 -292 0
4096 -290 0
4096 -288 0
4096 -286 0
4096 -284 0
4096 -282 0
4096 -280 0
4096 -278 0
4096 -276 0
4096 -274 0
4096 -272 0
4096 -270 0
4096 -268 0
4096 -266 0
4096 -264 0
4096 -262 0
4096 -260 0
4096 -258 0
4096 -256 0
4096 -254 0
4096 -252 0
4096 -250 0
4096 -248 0
4096 -246 0
4096 -244 0
4096 -242 0
4096 -240 0
4096 -238 0
4096 -236 0
4096 -234 0
4096 -232 0
4096 -230 0
4096 -228 0
4096 -226 0
4096 -224 0
4096 -222 0.0001
4096 -220 0
4096 -218 0
4096 -216 0
4096 -214 0
4096 -212 0.0001
4096 -210 0
4096 -208 0
4096 -206 0.0001
4096 -204 0
4096 -202 0
4096 -200 0.0002
4096 -198 0
4096 -196 0.0001
4096 -194 0.0003
4096 -192 0.0001
4096 -190 0.0001
4096 -188 0.0002
4096 -186 0
4096 -184 0.0004
4096 -182 0.0003
4096 -180 0.0003
4096 -178 0.0001
4096 -176 0.0002
4096 -174 0.0005
4096 -172 0.0006
4096 -170 0.0005
4096 -168 0.0007
4096 -166 0.0007
4096 -164 0.0008
4096 -162 0.0003
4096 -160 0.0003
4096 -158 0.0008
4096 -156 0.0005
4096 -154 0.0007
4096 -152 0.0003
4096 -150 0.0009
4096 -148 0.0008
4096 -146 0.0006
4096 -144 0.0004
4096 -142 0.001
4096 -140 0.0006
4096 -138 0.0012
4096 -136 0.0019
4096 -134 0.0012
4096 -132 0.0018
4096 -130 0.0007
4096 -128 0.0024
4096 -126 0.0015
4096 -124 0.0023
4096 -122 0.0017
4096 -120 0.0027
4096 -118 0.003
4096 -116 0.003
4096 -114 0.0028
4096 -112 0.0027
4096 -110 0.0032
4096 -108 0.0031
4096 -106 0.0023
4096 -104 0.0035
4096 -102 0.0033
4096 -100 0.0045
4096 -98 0.0043
4096 -96 0.0037
4096 -94 0.0043
4096 -92 0.005
4096 -90 0.0047
4096 -88 0.0047
4096 -86 0.0052
4096 -84 0.0069
4096 -82 0.0049
4096 -80 0.006
4096 -78 0.0055
4096 -76 0.0069
4096 -74 0.0068
4096 -72 0.0089
4096 -70 0.0058
4096 -68 0.007
4096 -66 0.0071
4096 -64 0.0071
4096 -62 0.0074
4096 -60 0.0058
4096 -58 0.0092
4096 -56 0.0086
4096 -54 0.0084
4096 -52 0.0089
4096 -50 0.0088
4096 -48 0.01
4096 -46 0.0086
4096 -44 0.0105
4096 -42 0.0088
4096 -40 0.0107
4096 -38 0.0096
4096 -36 0.01
4096 -34 0.0098
4096 -32 0.0083
4096 -30 0.0114
4096 -28 0.0097
4096 -26 0.0105
4096 -24 0.0119
4096 -22 0.0131
4096 -20 0.0116
4096 -18 0.0127
4096 -16 0.011
4096 -14 0.0128
4096 -12 0.0131
4096 -10 0.0123
4096 -8 0.0131
4096 -6 0.0117
4096 -4 0.0128
4096 -2 0.0125
4096 0 0.0125
4096 2 0.0134
4096 4 0.013
4096 6 0.0116
4096 8 0.0122
4096 10 0.0128
4096 12 0.0137
4096 14 0.0108
4096 16 0.0104
4096 18 0.0135
4096 20 0.0117
4096 22 0.0122
4096 24 0.0125
4096 26 0.0124
4096 28 0.0109
4096 30 0.0105
4096 32 0.012
4096 34 0.0109
4096 36 0.0071
4096 38 0.0117
4096 40 0.0111
4096 42 0.009
4096 44 0.0121
4096 46 0.0093
4096 48 0.0099
4096 50 0.0082
4096 52 0.0094
4096 54 0.0115
4096 56 0.0083
4096 58 0.0065
4096 60 0.0083
4096 62 0.0087
4096 64 0.0094
4096 66 0.0078
4096 68 0.0083
4096 70 0.0069
4096 72 0.0054
4096 74 0.0054
4096 76 0.0059
4096 78 0.0055
4096 80 0.0051
4096 82 0.007
4096 84 0.0058
4096 86 0.0046
4096 88 0.0039
4096 90 0.004
4096 92 0.005
4096 94 0.0045
4096 96 0.004
4096 98 0.0047
4096 100 0.0034
4096 102 0.0032
4096 104 0.003
4096 106 0.0021
4096 108 0.0026
4096 110 0.0029
4096 112 0.0029
4096 114 0.0023
4096 116 0.0022
4096 118 0.0029
4096 120 0.0019
4096 122 0.0011
4096 124 0.0022
4096 126 0.0015
4096 128 0.0018
4096 130 0.0019
4096 132 0.0017
4096 134 0.0018
4096 136 0.0011
4096 138 0.0013
4096 140 0.0012
4096 142 0.0014
4096 144 0.0012
4096 146 0.0008
4096 148 0.0007
4096 150 0.0009
4096 152 0.0005
4096 154 0.0006
4096 156 0.0006
4096 158 0.0008
4096 160 0.0001
4096 162 0.0003
4096 164 0.0001
4096 166 0.0008
4096 168 0.0002
4096 170 0.0003
4096 172 0.0005
4096 174 0.0005
4096 176 0.0002
4096 178 0
4096 180 0.0002
4096 182 0.0001
4096 184 0
4096 186 0.0001
4096 188 0
4096 190 0.0003
4096 192 0.0001
4096 194 0.0001
4096 196 0.0002
4096 198 0.0003
4096 200 0.0002
4096 202 0
4096 204 0
4096 206 0.0002
4096 208 0
4096 210 0.0001
4096 212 0
4096 214 0.0001
4096 216 0
4096 218 0
4096 220 0
4096 222 0.0002
4096 224 0.0002
4096 226 0
4096 228 0
4096 230 0
4096 232 0
4096 234 0
4096 236 0
4096 238 0
4096 240 0
4096 242 0
4096 244 0
4096 246 0
4096 248 0
4096 250 0
4096 252 0
4096 254 0
4096 256 0
4096 258 0
4096 260 0
4096 262 0
4096 264 0
4096 266 0
4096 268 0
4096 270 0
4096 272 0
4096 274 0
4096 276 0
4096 278 0
4096 280 0
4096 282 0
4096 284 0
4096 286 0
4096 288 0
4096 290 0
4096 292 0
4096 294 0
4096 296 0
4096 298 0
4096 300 0
4096 302 0
4096 304 0
4096 306 0
4096 308 0
4096 310 0
4096 312 0
4096 314 0
4096 316 0
4096 318 0
4096 320 0
4096 322 0
4096 324 0
4096 326 0
4096 328 0
4096 330 0
4096 332 0
4096 334 0
4096 336 0
4096 338 0
4096 340 0
4096 342 0
4096 344 0
4096 346 0
4096 348 0
4096 350 0
4096 352 0
4096 354 0
4096 356 0
4096 358 0
4096 360 0
4096 362 0
4096 364 0
4096 366 0
4096 368 0
4096 370 0
4096 372 0
4096 374 0
4096 376 0
4096 378 0
4096 380 0
4096 382 0
4096 384 0
4096 386 0
4096 388 0
4096 390 0
4096 392 0
4096 394 0
4096 396 0
4096 398 0
4096 400 0
4096 402 0
4096 404 0
4096 406 0
4096 408 0
4096 410 0
4096 412 0
4096 414 0
4096 416 0
4096 418 0
4096 420 0
4096 422 0
4096 424 0
4096 426 0
4096 428 0
4096 430 0
4096 432 0
4096 434 0
4096 436 0
4096 438 0
4096 440 0
4096 442 0
4096 444 0
4096 446 0
4096 448 0
4096 450 0
4096 452 0
4096 454 0
4096 456 0
4096 458 0
4096 460 0
4096 462 0
4096 464 0
4096 466 0
4096 468 0
4096 470 0
4096 472 0
4096 474 0
4096 476 0
4096 478 0
4096 480 0
4096 482 0
4096 484 0
4096 486 0
4096 488 0
4096 490 0
4096 492 0
4096 494 0
4096 496 0
4096 498 0
4096 500 0
4096 502 0
4096 504 0
4096 506 0
4096 508 0
4096 510 0
4096 512 0
4096 514 0
4096 516 0
4096 518 0
4096 520 0
4096 522 0
4096 524 0
4096 526 0
4096 528 0
4096 530 0
4096 532 0
4096 534 0
4096 536 0
4096 538 0
4096 540 0
4096 542 0
4096 544 0
4096 546 0
4096 548 0
4096 550 0
4096 552 0
4096 554 0
4096 556 0
4096 558 0
4096 560 0
4096 562 0
4096 564 0
4096 566 0
4096 568 0
4096 570 0
4096 572 0
4096 574 0
4096 576 0
4096 578 0
4096 580 0
4096 582 0
4096 584 0
4096 586 0
4096 588 0
4096 590 0
4096 592 0
4096 594 0
4096 596 0
4096 598 0
4096 600 0
4096 602 0
4096 604 0
4096 606 0
4096 608 0
4096 610 0
4096 612 0
4096 614 0
4096 616 0
4096 618 0
4096 620 0
4096 622 0
4096 624 0
4096 626 0
4096 628 0
4096 630 0
4096 632 0
4096 634 0
4096 636 0
4096 638 0
4096 640 0
4096 642 0
4096 644 0
4096 646 0
4096 648 0
4096 650 0
4096 652 0
4096 654 0
4096 656 0
4096 658 0
4096 660 0
4096 662 0
4096 664 0
4096 666 0
4096 668 0
4096 670 0
4096 672 0
4096 674 0
4096 676 0
4096 678 0
4096 680 0
4096 682 0
4096 684 0
4096 686 0
4096 688 0
4096 690 0
4096 692 0
4096 694 0
4096 696 0
4096 698 0
4096 700 0
4096 702 0
4096 704 0
4096 706 0
4096 708 0
4096 710 0
4096 712 0
4096 714 0
4096 716 0
4096 718 0
4096 720 0
4096 722 0
4096 724 0
4096 726 0
4096 728 0
4096 730 0
4096 732 0
4096 734 0
4096 736 0
4096 738 0
4096 740 0
4096 742 0
4096 744 0
4096 746 0
4096 748 0
4096 750 0
4096 752 0
4096 754 0
4096 756 0
4096 758 0
4096 760 0
4096 762 0
4096 764 0
4096 766 0
4096 768 0
4096 770 0
4096 772 0
4096 774 0
4096 776 0
4096 778 0
4096 780 0
4096 782 0
4096 784 0
4096 786 0
4096 788 0
4096 790 0
4096 792 0
4096 794 0
4096 796 0
4096 798 0
4096 800 0
4096 802 0
4096 804 0
4096 806 0
4096 808 0
4096 810 0
4096 812 0
4096 814 0
4096 816 0
4096 818 0
4096 820 0
4096 822 0
4096 824 0
4096 826 0
4096 828 0
4096 830 0
4096 832 0
4096 834 0
4096 836 0
4096 838 0
4096 840 0
4096 842 0
4096 844 0
4096 846 0
4096 848 0
4096 850 0
4096 852 0
4096 854 0
4096 856 0
4096 858 0
4096 860 0
4096 862 0
4096 864 0
4096 866 0
4096 868 0
4096 870 0
4096 872 0
4096 874 0
4096 876 0
4096 878 0
4096 880 0
4096 882 0
4096 884 0
4096 886 0
4096 888 0
4096 890 0
4096 892 0
4096 894 0
4096 896 0
4096 898 0
4096 900 0
4096 902 0
4096 904 0
4096 906 0
4096 908 0
4096 910 0
4096 912 0
4096 914 0
4096 916 0
4096 918 0
4096 920 0
4096 922 0
4096 924 0
4096 926 0
4096 928 0
4096 930 0
4096 932 0
4096 934 0
4096 936 0
4096 938 0
4096 940 0
4096 942 0
4096 944 0
4096 946 0
4096 948 0
4096 950 0
4096 952 0
4096 954 0
4096 956 0
4096 958 0
4096 960 0
4096 962 0
4096 964 0
4096 966 0
4096 968 0
4096 970 0
4096 972 0
4096 974 0
4096 976 0
4096 978 0
4096 980 0
4096 982 0
4096 984 0
4096 986 0
4096 988 0
4096 990 0
4096 992 0
4096 994 0
4096 996 0
4096 998 0
4096 1000 0
4096 1002 0
4096 1004 0
4096 1006 0
4096 1008 0
4096 1010 0
4096 1012 0
4096 1014 0
4096 1016 0
4096 1018 0
4096 1020 0
4096 1022 0
4096 1024 0
4096 1026 0
4096 1028 0
4096 1030 0
4096 1032 0
4096 1034 0
4096 1036 0
4096 1038 0
4096 1040 0
4096 1042 0
4096 1044 0
4096 1046 0
4096 1048 0
4096 1050 0
4096 1052 0
4096 1054 0
4096 1056 0
4096 1058 0
4096 1060 0
4096 1062 0
4096 1064 0
4096 1066 0
4096 1068 0
4096 1070 0
4096 1072 0
4096 1074 0
4096 1076 0
4096 1078 0
4096 1080 0
4096 1082 0
4096 1084 0
4096 1086 0
4096 1088 0
4096 1090 0
4096 1092 0
4096 1094 0
4096 1096 0
4096 1098 0
4096 1100 0
4096 1102 0
4096 1104 0
4096 1106 0
4096 1108 0
4096 1110 0
4096 1112 0
4096 1114 0
4096 1116 0
4096 1118 0
4096 1120 0
4096 1122 0
4096 1124 0
4096 1126 0
4096 1128 0
4096 1130 0
4096 1132 0
4096 1134 0
4096 1136 0
4096 1138 0
4096 1140 0
4096 1142 0
4096 1144 0
4096 1146 0
4096 1148 0
4096 1150 0
4096 1152 0
4096 1154 0
4096 1156 0
4096 1158 0
4096 1160 0
4096 1162 0
4096 1164 0
4096 1166 0
4096 1168 0
4096 1170 0
4096 1172 0
4096 1174 0
4096 1176 0
4096 1178 0
4096 1180 0
4096 1182 0
4096 1184 0
4096 1186 0
4096 1188 0
4096 1190 0
4096 1192 0
4096 1194 0
4096 1196 0
4096 1198 0
4096 1200 0
4096 1202 0
4096 1204 0
4096 1206 0
4096 1208 0
4096 1210 0
4096 1212 0
4096 1214 0
4096 1216 0
4096 1218 0
4096 1220 0
4096 1222 0
4096 1224 0
4096 1226 0
4096 1228 0
4096 1230 0
4096 1232 0
4096 1234 0
4096 1236 0
4096 1238 0
4096 1240 0
4096 1242 0
4096 1244 0
4096 1246 0
4096 1248 0
4096 1250 0
4096 1252 0
4096 1254 0
4096 1256 0
4096 1258 0
4096 1260 0
4096 1262 0
4096 1264 0
4096 1266 0
4096 1268 0
4096 1270 0
4096 1272 0
4096 1274 0
4096 1276 0
4096 1278 0
4096 1280 0
4096 1282 0
4096 1284 0
4096 1286 0
4096 1288 0
4096 1290 0
4096 1292 0
4096 1294 0
4096 1296 0
4096 1298 0
4096 1300 0
4096 1302 0
4096 1304 0
4096 1306 0
4096 1308 0
4096 1310 0
4096 1312 0
4096 1314 0
4096 1316 0
4096 1318 0
4096 1320 0
4096 1322 0
4096 1324 0
4096 1326 0
4096 1328 0
4096 1330 0
4096 1332 0
4096 1334 0
4096 1336 0
4096 1338 0
4096 1340 0
4096 1342 0
4096 1344 0
4096 1346 0
4096 1348 0
4096 1350 0
4096 1352 0
4096 1354 0
4096 1356 0
4096 1358 0
4096 1360 0
4096 1362 0
4096 1364 0
4096 1366 0
4096 1368 0
4096 1370 0
4096 1372 0
4096 1374 0
4096 1376 0
4096 1378 0
4096 1380 0
4096 1382 0
4096 1384 0
4096 1386 0
4096 1388 0
4096 1390 0
4096 1392 0
4096 1394 0
4096 1396 0
4096 1398 0
4096 1400 0
4096 1402 0
4096 1404 0
4096 1406 0
4096 1408 0
4096 1410 0
4096 1412 0
4096 1414 0
4096 1416 0
4096 1418 0
4096 1420 0
4096 1422 0
4096 1424 0
4096 1426 0
4096 1428 0
4096 1430 0
4096 1432 0
4096 1434 0
4096 1436 0
4096 1438 0
4096 1440 0
4096 1442 0
4096 1444 0
4096 1446 0
4096 1448 0
4096 1450 0
4096 1452 0
4096 1454 0
4096 1456 0
4096 1458 0
4096 1460 0
4096 1462 0
4096 1464 0
4096 1466 0
4096 1468 0
4096 1470 0
4096 1472 0
4096 1474 0
4096 1476 0
4096 1478 0
4096 1480 0
4096 1482 0
4096 1484 0
4096 1486 0
4096 1488 0
4096 1490 0
4096 1492 0
4096 1494 0
4096 1496 0
4096 1498 0
4096 1500 0
4096 1502 0
4096 1504 0
4096 1506 0
4096 1508 0
4096 1510 0
4096 1512 0
4096 1514 0
4096 1516 0
4096 1518 0
4096 1520 0
4096 1522 0
4096 1524 0
4096 1526 0
4096 1528 0
4096 1530 0
4096 1532 0
4096 1534 0
4096 1536 0
4096 1538 0
4096 1540 0
4096 1542 0
4096 1544 0
4096 1546 0
4096 1548 0
4096 1550 0
4096 1552 0
4096 1554 0
4096 1556 0
4096 1558 0
4096 1560 0
4096 1562 0
4096 1564 0
4096 1566 0
4096 1568 0
4096 1570 0
4096 1572 0
4096 1574 0
4096 1576 0
4096 1578 0
4096 1580 0
4096 1582 0
4096 1584 0
4096 1586 0
4096 1588 0
4096 1590 0
4096 1592 0
4096 1594 0
4096 1596 0
4096 1598 0
4096 1600 0
4096 1602 0
4096 1604 0
4096 1606 0
4096 1608 0
4096 1610 0
4096 1612 0
4096 1614 0
4096 1616 0
4096 1618 0
4096 1620 0
4096 1622 0
4096 1624 0
4096 1626 0
4096 1628 0
4096 1630 0
4096 1632 0
4096 1634 0
4096 1636 0
4096 1638 0
4096 1640 0
4096 1642 0
4096 1644 0
4096 1646 0
4096 1648 0
4096 1650 0
4096 1652 0
4096 1654 0
4096 1656 0
4096 1658 0
4096 1660 0
4096 1662 0
4096 1664 0
4096 1666 0
4096 1668 0
4096 1670 0
4096 1672 0
4096 1674 0
4096 1676 0
4096 1678 0
4096 1680 0
4096 1682 0
4096 1684 0
4096 1686 0
4096 1688 0
4096 1690 0
4096 1692 0
4096 1694 0
4096 1696 0
4096 1698 0
4096 1700 0
4096 1702 0
4096 1704 0
4096 1706 0
4096 1708 0
4096 1710 0
4096 1712 0
4096 1714 0
4096 1716 0
4096 1718 0
4096 1720 0
4096 1722 0
4096 1724 0
4096 1726 0
4096 1728 0
4096 1730 0
4096 1732 0
4096 1734 0
4096 1736 0
4096 1738 0
4096 1740 0
4096 1742 0
4096 1744 0
4096 1746 0
4096 1748 0
4096 1750 0
4096 1752 0
4096 1754 0
4096 1756 0
4096 1758 0
4096 1760 0
4096 1762 0
4096 1764 0
4096 1766 0
4096 1768 0
4096 1770 0
4096 1772 0
4096 1774 0
4096 1776 0
4096 1778 0
4096 1780 0
4096 1782 0
4096 1784 0
4096 1786 0
4096 1788 0
4096 1790 0
4096 1792 0
4096 1794 0
4096 1796 0
4096 1798 0
4096 1800 0
4096 1802 0
4096 1804 0
4096 1806 0
4096 1808 0
4096 1810 0
4096 1812 0
4096 1814 0
4096 1816 0
4096 1818 0
4096 1820 0
4096 1822 0
4096 1824 0
4096 1826 0
4096 1828 0
4096 1830 0
4096 1832 0
4096 1834 0
4096 1836 0
4096 1838 0
4096 1840 0
4096 1842 0
4096 1844 0
4096 1846 0
4096 1848 0
4096 1850 0
4096 1852 0
4096 1854 0
4096 1856 0
4096 1858 0
4096 1860 0
4096 1862 0
4096 1864 0
4096 1866 0
4096 1868 0
4096 1870 0
4096 1872 0
4096 1874 0
4096 1876 0
4096 1878 0
4096 1880 0
4096 1882 0
4096 1884 0
4096 1886 0
4096 1888 0
4096 1890 0
4096 1892 0
4096 1894 0
4096 1896 0
4096 1898 0
4096 1900 0
4096 1902 0
4096 1904 0
4096 1906 0
4096 1908 0
4096 1910 0
4096 1912 0
4096 1914 0
4096 1916 0
4096 1918 0
4096 1920 0
4096 1922 0
4096 1924 0
4096 1926 0
4096 1928 0
4096 1930 0
4096 1932 0
4096 1934 0
4096 1936 0
4096 1938 0
4096 1940 0
4096 1942 0
4096 1944 0
4096 1946 0
4096 1948 0
4096 1950 0
4096 1952 0
4096 1954 0
4096 1956 0
4096 1958 0
4096 1960 0
4096 1962 0
4096 1964 0
4096 1966 0
4096 1968 0
4096 1970 0
4096 1972 0
4096 1974 0
4096 1976 0
4096 1978 0
4096 1980 0
4096 1982 0
4096 1984 0
4096 1986 0
4096 1988 0
4096 1990 0
4096 1992 0
4096 1994 0
4096 1996 0
4096 1998 0
4096 2000 0
4096 2002 0
4096 2004 0
4096 2006 0
4096 2008 0
4096 2010 0
4096 2012 0
4096 2014 0
4096 2016 0
4096 2018 0
4096 2020 0
4096 2022 0
4096 2024 0
4096 2026 0
4096 2028 0
4096 2030 0
4096 2032 0
4096 2034 0
4096 2036 0
4096 2038 0
4096 2040 0
4096 2042 0
4096 2044 0
4096 2046 0
4096 2048 0
4096 2050 0
4096 2052 0
4096 2054 0
4096 2056 0
4096 2058 0
4096 2060 0
4096 2062 0
4096 2064 0
4096 2066 0
4096 2068 0
4096 2070 0
4096 2072 0
4096 2074 0
4096 2076 0
4096 2078 0
4096 2080 0
4096 2082 0
4096 2084 0
4096 2086 0
4096 2088 0
4096 2090 0
4096 2092 0
4096 2094 0
4096 2096 0
4096 2098 0
4096 2100 0
4096 2102 0
4096 2104 0
4096 2106 0
4096 2108 0
4096 2110 0
4096 2112 0
4096 2114 0
4096 2116 0
4096 2118 0
4096 2120 0
4096 2122 0
4096 2124 0
4096 2126 0
4096 2128 0
4096 2130 0
4096 2132 0
4096 2134 0
4096 2136 0
4096 2138 0
4096 2140 0
4096 2142 0
4096 2144 0
4096 2146 0
4096 2148 0
4096 2150 0
4096 2152 0
4096 2154 0
4096 2156 0
4096 2158 0
4096 2160 0
4096 2162 0
4096 2164 0
4096 2166 0
4096 2168 0
4096 2170 0
4096 2172 0
4096 2174 0
4096 2176 0
4096 2178 0
4096 2180 0
4096 2182 0
4096 2184 0
4096 2186 0
4096 2188 0
4096 2190 0
4096 2192 0
4096 2194 0
4096 2196 0
4096 2198 0
4096 2200 0
4096 2202 0
4096 2204 0
4096 2206 0
4096 2208 0
4096 2210 0
4096 2212 0
4096 2214 0
4096 2216 0
4096 2218 0
4096 2220 0
4096 2222 0
4096 2224 0
4096 2226 0
4096 2228 0
4096 2230 0
4096 2232 0
4096 2234 0
4096 2236 0
4096 2238 0
4096 2240 0
4096 2242 0
4096 2244 0
4096 2246 0
4096 2248 0
4096 2250 0
4096 2252 0
4096 2254 0
4096 2256 0
4096 2258 0
4096 2260 0
4096 2262 0
4096 2264 0
4096 2266 0
4096 2268 0
4096 2270 0
4096 2272 0
4096 2274 0
4096 2276 0
4096 2278 0
4096 2280 0
4096 2282 0
4096 2284 0
4096 2286 0
4096 2288 0
4096 2290 0
4096 2292 0
4096 2294 0
4096 2296 0
4096 2298 0
4096 2300 0
4096 2302 0
4096 2304 0
4096 2306 0
4096 2308 0
4096 2310 0
4096 2312 0
4096 2314 0
4096 2316 0
4096 2318 0
4096 2320 0
4096 2322 0
4096 2324 0
4096 2326 0
4096 2328 0
4096 2330 0
4096 2332 0
4096 2334 0
4096 2336 0
4096 2338 0
4096 2340 0
4096 2342 0
4096 2344 0
4096 2346 0
4096 2348 0
4096 2350 0
4096 2352 0
4096 2354 0
4096 2356 0
4096 2358 0
4096 2360 0
4096 2362 0
4096 2364 0
4096 2366 0
4096 2368 0
4096 2370 0
4096 2372 0
4096 2374 0
4096 2376 0
4096 2378 0
4096 2380 0
4096 2382 0
4096 2384 0
4096 2386 0
4096 2388 0
4096 2390 0
4096 2392 0
4096 2394 0
4096 2396 0
4096 2398 0
4096 2400 0
4096 2402 0
4096 2404 0
4096 2406 0
4096 2408 0
4096 2410 0
4096 2412 0
4096 2414 0
4096 2416 0
4096 2418 0
4096 2420 0
4096 2422 0
4096 2424 0
4096 2426 0
4096 2428 0
4096 2430 0
4096 2432 0
4096 2434 0
4096 2436 0
4096 2438 0
4096 2440 0
4096 2442 0
4096 2444 0
4096 2446 0
4096 2448 0
4096 2450 0
4096 2452 0
4096 2454 0
4096 2456 0
4096 2458 0
4096 2460 0
4096 2462 0
4096 2464 0
4096 2466 0
4096 2468 0
4096 2470 0
4096 2472 0
4096 2474 0
4096 2476 0
4096 2478 0
4096 2480 0
4096 2482 0
4096 2484 0
4096 2486 0
4096 2488 0
4096 2490 0
4096 2492 0
4096 2494 0
4096 2496 0
4096 2498 0
4096 2500 0
4096 2502 0
4096 2504 0
4096 2506 0
4096 2508 0
4096 2510 0
4096 2512 0
4096 2514 0
4096 2516 0
4096 2518 0
4096 2520 0
4096 2522 0
4096 2524 0
4096 2526 0
4096 2528 0
4096 2530 0
4096 2532 0
4096 2534 0
4096 2536 0
4096 2538 0
4096 2540 0
4096 2542 0
4096 2544 0
4096 2546 0
4096 2548 0
4096 2550 0
4096 2552 0
4096 2554 0
4096 2556 0
4096 2558 0
4096 2560 0
4096 2562 0
4096 2564 0
4096 2566 0
4096 2568 0
4096 2570 0
4096 2572 0
4096 2574 0
4096 2576 0
4096 2578 0
4096 2580 0
4096 2582 0
4096 2584 0
4096 2586 0
4096 2588 0
4096 2590 0
4096 2592 0
4096 2594 0
4096 2596 0
4096 2598 0
4096 2600 0
4096 2602 0
4096 2604 0
4096 2606 0
4096 2608 0
4096 2610 0
4096 2612 0
4096 2614 0
4096 2616 0
4096 2618 0
4096 2620 0
4096 2622 0
4096 2624 0
4096 2626 0
4096 2628 0
4096 2630 0
4096 2632 0
4096 2634 0
4096 2636 0
4096 2638 0
4096 2640 0
4096 2642 0
4096 2644 0
4096 2646 0
4096 2648 0
4096 2650 0
4096 2652 0
4096 2654 0
4096 2656 0
4096 2658 0
4096 2660 0
4096 2662 0
4096 2664 0
4096 2666 0
4096 2668 0
4096 2670 0
4096 2672 0
4096 2674 0
4096 2676 0
4096 2678 0
4096 2680 0
4096 2682 0
4096 2684 0
4096 2686 0
4096 2688 0
4096 2690 0
4096 2692 0
4096 2694 0
4096 2696 0
4096 2698 0
4096 2700 0
4096 2702 0
4096 2704 0
4096 2706 0
4096 2708 0
4096 2710 0
4096 2712 0
4096 2714 0
4096 2716 0
4096 2718 0
4096 2720 0
4096 2722 0
4096 2724 0
4096 2726 0
4096 2728 0
4096 2730 0
4096 2732 0
4096 2734 0
4096 2736 0
4096 2738 0
4096 2740 0
4096 2742 0
4096 2744 0
4096 2746 0
4096 2748 0
4096 2750 0
4096 2752 0
4096 2754 0
4096 2756 0
4096 2758 0
4096 2760 0
4096 2762 0
4096 2764 0
4096 2766 0
4096 2768 0
4096 2770 0
4096 2772 0
4096 2774 0
4096 2776 0
4096 2778 0
4096 2780 0
4096 2782 0
4096 2784 0
4096 2786 0
4096 2788 0
4096 2790 0
4096 2792 0
4096 2794 0
4096 2796 0
4096 2798 0
4096 2800 0
4096 2802 0
4096 2804 0
4096 2806 0
4096 2808 0
4096 2810 0
4096 2812 0
4096 2814 0
4096 2816 0
4096 2818 0
4096 2820 0
4096 2822 0
4096 2824 0
4096 2826 0
4096 2828 0
4096 2830 0
4096 2832 0
4096 2834 0
4096 2836 0
4096 2838 0
4096 2840 0
4096 2842 0
4096 2844 0
4096 2846 0
4096 2848 0
4096 2850 0
4096 2852 0
4096 2854 0
4096 2856 0
4096 2858 0
4096 2860 0
4096 2862 0
4096 2864 0
4096 2866 0
4096 2868 0
4096 2870 0
4096 2872 0
4096 2874 0
4096 2876 0
4096 2878 0
4096 2880 0
4096 2882 0
4096 2884 0
4096 2886 0
4096 2888 0
4096 2890 0
4096 2892 0
4096 2894 0
4096 2896 0
4096 2898 0
4096 2900 0
4096 2902 0
4096 2904 0
4096 2906 0
4096 2908 0
4096 2910 0
4096 2912 0
4096 2914 0
4096 2916 0
4096 2918 0
4096 2920 0
4096 2922 0
4096 2924 0
4096 2926 0
4096 2928 0
4096 2930 0
4096 2932 0
4096 2934 0
4096 2936 0
4096 2938 0
4096 2940 0
4096 2942 0
4096 2944 0
4096 2946 0
4096 2948 0
4096 2950 0
4096 2952 0
4096 2954 0
4096 2956 0
4096 2958 0
4096 2960 0
4096 2962 0
4096 2964 0
4096 2966 0
4096 2968 0
4096 2970 0
4096 2972 0
4096 2974 0
4096 2976 0
4096 2978 0
4096 2980 0
4096 2982 0
4096 2984 0
4096 2986 0
4096 2988 0
4096 2990 0
4096 2992 0
4096 2994 0
4096 2996 0
4096 2998 0
4096 3000 0
4096 3002 0
4096 3004 0
4096 3006 0
4096 3008 0
4096 3010 0
4096 3012 0
4096 3014 0
4096 3016 0
4096 3018 0
4096 3020 0
4096 3022 0
4096 3024 0
4096 3026 0
4096 3028 0
4096 3030 0
4096 3032 0
4096 3034 0
4096 3036 0
4096 3038 0
4096 3040 0
4096 3042 0
4096 3044 0
4096 3046 0
4096 3048 0
4096 3050 0
4096 3052 0
4096 3054 0
4096 3056 0
4096 3058 0
4096 3060 0
4096 3062 0
4096 3064 0
4096 3066 0
4096 3068 0
4096 3070 0
4096 3072 0
4096 3074 0
4096 3076 0
4096 3078 0
4096 3080 0
4096 3082 0
4096 3084 0
4096 3086 0
4096 3088 0
4096 3090 0
4096 3092 0
4096 3094 0
4096 3096 0
4096 3098 0
4096 3100 0
4096 3102 0
4096 3104 0
4096 3106 0
4096 3108 0
4096 3110 0
4096 3112 0
4096 3114 0
4096 3116 0
4096 3118 0
4096 3120 0
4096 3122 0
4096 3124 0
4096 3126 0
4096 3128 0
4096 3130 0
4096 3132 0
4096 3134 0
4096 3136 0
4096 3138 0
4096 3140 0
4096 3142 0
4096 3144 0
4096 3146 0
4096 3148 0
4096 3150 0
4096 3152 0
4096 3154 0
4096 3156 0
4096 3158 0
4096 3160 0
4096 3162 0
4096 3164 0
4096 3166 0
4096 3168 0
4096 3170 0
4096 3172 0
4096 3174 0
4096 3176 0
4096 3178 0
4096 3180 0
4096 3182 0
4096 3184 0
4096 3186 0
4096 3188 0
4096 3190 0
4096 3192 0
4096 3194 0
4096 3196 0
4096 3198 0
4096 3200 0
4096 3202 0
4096 3204 0
4096 3206 0
4096 3208 0
4096 3210 0
4096 3212 0
4096 3214 0
4096 3216 0
4096 3218 0
4096 3220 0
4096 3222 0
4096 3224 0
4096 3226 0
4096 3228 0
4096 3230 0
4096 3232 0
4096 3234 0
4096 3236 0
4096 3238 0
4096 3240 0
4096 3242 0
4096 3244 0
4096 3246 0
4096 3248 0
4096 3250 0
4096 3252 0
4096 3254 0
4096 3256 0
4096 3258 0
4096 3260 0
4096 3262 0
4096 3264 0
4096 3266 0
4096 3268 0
4096 3270 0
4096 3272 0
4096 3274 0
4096 3276 0
4096 3278 0
4096 3280 0
4096 3282 0
4096 3284 0
4096 3286 0
4096 3288 0
4096 3290 0
4096 3292 0
4096 3294 0
4096 3296 0
4096 3298 0
4096 3300 0
4096 3302 0
4096 3304 0
4096 3306 0
4096 3308 0
4096 3310 0
4096 3312 0
4096 3314 0
4096 3316 0
4096 3318 0
4096 3320 0
4096 3322 0
4096 3324 0
4096 3326 0
4096 3328 0
4096 3330 0
4096 3332 0
4096 3334 0
4096 3336 0
4096 3338 0
4096 3340 0
4096 3342 0
4096 3344 0
4096 3346 0
4096 3348 0
4096 3350 0
4096 3352 0
4096 3354 0
4096 3356 0
4096 3358 0
4096 3360 0
4096 3362 0
4096 3364 0
4096 3366 0
4096 3368 0
4096 3370 0
4096 3372 0
4096 3374 0
4096 3376 0
4096 3378 0
4096 3380 0
4096 3382 0
4096 3384 0
4096 3386 0
4096 3388 0
4096 3390 0
4096 3392 0
4096 3394 0
4096 3396 0
4096 3398 0
4096 3400 0
4096 3402 0
4096 3404 0
4096 3406 0
4096 3408 0
4096 3410 0
4096 3412 0
4096 3414 0
4096 3416 0
4096 3418 0
4096 3420 0
4096 3422 0
4096 3424 0
4096 3426 0
4096 3428 0
4096 3430 0
4096 3432 0
4096 3434 0
4096 3436 0
4096 3438 0
4096 3440 0
4096 3442 0
4096 3444 0
4096 3446 0
4096 3448 0
4096 3450 0
4096 3452 0
4096 3454 0
4096 3456 0
4096 3458 0
4096 3460 0
4096 3462 0
4096 3464 0
4096 3466 0
4096 3468 0
4096 3470 0
4096 3472 0
4096 3474 0
4096 3476 0
4096 3478 0
4096 3480 0
4096 3482 0
4096 3484 0
4096 3486 0
4096 3488 0
4096 3490 0
4096 3492 0
4096 3494 0
4096 3496 0
4096 3498 0
4096 3500 0
4096 3502 0
4096 3504 0
4096 3506 0
4096 3508 0
4096 3510 0
4096 3512 0
4096 3514 0
4096 3516 0
4096 3518 0
4096 3520 0
4096 3522 0
4096 3524 0
4096 3526 0
4096 3528 0
4096 3530 0
4096 3532 0
4096 3534 0
4096 3536 0
4096 3538 0
4096 3540 0
4096 3542 0
4096 3544 0
4096 3546 0
4096 3548 0
4096 3550 0
4096 3552 0
4096 3554 0
4096 3556 0
4096 3558 0
4096 3560 0
4096 3562 0
4096 3564 0
4096 3566 0
4096 3568 0
4096 3570 0
4096 3572 0
4096 3574 0
4096 3576 0
4096 3578 0
4096 3580 0
4096 3582 0
4096 3584 0
4096 3586 0
4096 3588 0
4096 3590 0
4096 3592 0
4096 3594 0
4096 3596 0
4096 3598 0
4096 3600 0
4096 3602 0
4096 3604 0
4096 3606 0
4096 3608 0
4096 3610 0
4096 3612 0
4096 3614 0
4096 3616 0
4096 3618 0
4096 3620 0
4096 3622 0
4096 3624 0
4096 3626 0
4096 3628 0
4096 3630 0
4096 3632 0
4096 3634 0
4096 3636 0
4096 3638 0
4096 3640 0
4096 3642 0
4096 3644 0
4096 3646 0
4096 3648 0
4096 3650 0
4096 3652 0
4096 3654 0
4096 3656 0
4096 3658 0
4096 3660 0
4096 3662 0
4096 3664 0
4096 3666 0
4096 3668 0
4096 3670 0
4096 3672 0
4096 3674 0
4096 3676 0
4096 3678 0
4096 3680 0
4096 3682 0
4096 3684 0
4096 3686 0
4096 3688 0
4096 3690 0
4096 3692 0
4096 3694 0
4096 3696 0
4096 3698 0
4096 3700 0
4096 3702 0
4096 3704 0
4096 3706 0
4096 3708 0
4096 3710 0
4096 3712 0
4096 3714 0
4096 3716 0
4096 3718 0
4096 3720 0
4096 3722 0
4096 3724 0
4096 3726 0
4096 3728 0
4096 3730 0
4096 3732 0
4096 3734 0
4096 3736 0
4096 3738 0
4096 3740 0
4096 3742 0
4096 3744 0
4096 3746 0
4096 3748 0
4096 3750 0
4096 3752 0
4096 3754 0
4096 3756 0
4096 3758 0
4096 3760 0
4096 3762 0
4096 3764 0
4096 3766 0
4096 3768 0
4096 3770 0
4096 3772 0
4096 3774 0
4096 3776 0
4096 3778 0
4096 3780 0
4096 3782 0
4096 3784 0
4096 3786 0
4096 3788 0
4096 3790 0
4096 3792 0
4096 3794 0
4096 3796 0
4096 3798 0
4096 3800 0
4096 3802 0
4096 3804 0
4096 3806 0
4096 3808 0
4096 3810 0
4096 3812 0
4096 3814 0
4096 3816 0
4096 3818 0
4096 3820 0
4096 3822 0
4096 3824 0
4096 3826 0
4096 3828 0
4096 3830 0
4096 3832 0
4096 3834 0
4096 3836 0
4096 3838 0
4096 3840 0
4096 3842 0
4096 3844 0
4096 3846 0
4096 3848 0
4096 3850 0
4096 3852 0
4096 3854 0
4096 3856 0
4096 3858 0
4096 3860 0
4096 3862 0
4096 3864 0
4096 3866 0
4096 3868 0
4096 3870 0
4096 3872 0
4096 3874 0
4096 3876 0
4096 3878 0
4096 3880 0
4096 3882 0
4096 3884 0
4096 3886 0
4096 3888 0
4096 3890 0
4096 3892 0
4096 3894 0
4096 3896 0
4096 3898 0
4096 3900 0
4096 3902 0
4096 3904 0
4096 3906 0
4096 3908 0
4096 3910 0
4096 3912 0
4096 3914 0
4096 3916 0
4096 3918 0
4096 3920 0
4096 3922 0
4096 3924 0
4096 3926 0
4096 3928 0
4096 3930 0
4096 3932 0
4096 3934 0
4096 3936 0
4096 3938 0
4096 3940 0
4096 3942 0
4096 3944 0
4096 3946 0
4096 3948 0
4096 3950 0
4096 3952 0
4096 3954 0
4096 3956 0
4096 3958 0
4096 3960 0
4096 3962 0
4096 3964 0
4096 3966 0
4096 3968 0
4096 3970 0
4096 3972 0
4096 3974 0
4096 3976 0
4096 3978 0
4096 3980 0
4096 3982 0
4096 3984 0
4096 3986 0
4096 3988 0
4096 3990 0
4096 3992 0
4096 3994 0
4096 3996 0
4096 3998 0
4096 4000 0
4096 4002 0
4096 4004 0
4096 4006 0
4096 4008 0
4096 4010 0
4096 4012 0
4096 4014 0
4096 4016 0
4096 4018 0
4096 4020 0
4096 4022 0
4096 4024 0
4096 4026 0
4096 4028 0
4096 4030 0
4096 4032 0
4096 4034 0
4096 4036 0
4096 4038 0
4096 4040 0
4096 4042 0
4096 4044 0
4096 4046 0
4096 4048 0
4096 4050 0
4096 4052 0
4096 4054 0
4096 4056 0
4096 4058 0
4096 4060 0
4096 4062 0
4096 4064 0
4096 4066 0
4096 4068 0
4096 4070 0
4096 4072 0
4096 4074 0
4096 4076 0
4096 4078 0
4096 4080 0
4096 4082 0
4096 4084 0
4096 4086 0
4096 4088 0
4096 4090 0
4096 4092 0
4096 4094 0
4096 4096 0


8192 -8192 0
8192 -8190 0
8192 -8188 0
8192 -8186 0
8192 -8184 0
8192 -8182 0
8192 -8180 0
8192 -8178 0
8192 -8176 0
8192 -8174 0
8192 -8172 0
8192 -8170 0
8192 -8168 0
8192 -8166 0
8192 -8164 0
8192 -8162 0
8192 -8160 0
8192 -8158 0
8192 -8156 0
8192 -8154 0
8192 -8152 0
8192 -8150 0
8192 -8148 0
8192 -8146 0
8192 -8144 0
8192 -8142 0
8192 -8140 0
8192 -8138 0
8192 -8136 0
8192 -8134 0
8192 -8132 0
8192 -8130 0
8192 -8128 0
8192 -8126 0
8192 -8124 0
8192 -8122 0
8192 -8120 0
8192 -8118 0
8192 -8116 0
8192 -8114 0
8192 -8112 0
8192 -8110 0
8192 -8108 0
8192 -8106 0
8192 -8104 0
8192 -8102 0
8192 -8100 0
8192 -8098 0
8192 -8096 0
8192 -8094 0
8192 -8092 0
8192 -8090 0
8192 -8088 0
8192 -8086 0
8192 -8084 0
8192 -8082 0
8192 -8080 0
8192 -8078 0
8192 -8076 0
8192 -8074 0
8192 -8072 0
8192 -8070 0
8192 -8068 0
8192 -8066 0
8192 -8064 0
8192 -8062 0
8192 -8060 0
8192 -8058 0
8192 -8056 0
8192 -8054 0
8192 -8052 0
8192 -8050 0
8192 -8048 0
8192 -8046 0
8192 -8044 0
8192 -8042 0
8192 -8040 0
8192 -8038 0
8192 -8036 0
8192 -8034 0
8192 -8032 0
8192 -8030 0
8192 -8028 0
8192 -8026 0
8192 -8024 0
8192 -8022 0
8192 -8020 0
8192 -8018 0
8192 -8016 0
8192 -8014 0
8192 -8012 0
8192 -8010 0
8192 -8008 0
8192 -8006 0
8192 -8004 0
8192 -8002 0
8192 -8000 0
8192 -7998 0
8192 -7996 0
8192 -7994 0
8192 -7992 0
8192 -7990 0
8192 -7988 0
8192 -7986 0
8192 -7984 0
8192 -7982 0
8192 -7980 0
8192 -7978 0
8192 -7976 0
8192 -7974 0
8192 -7972 0
8192 -7970 0
8192 -7968 0
8192 -7966 0
8192 -7964 0
8192 -7962 0
8192 -7960 0
8192 -7958 0
8192 -7956 0
8192 -7954 0
8192 -7952 0
8192 -7950 0
8192 -7948 0
8192 -7946 0
8192 -7944 0
8192 -7942 0
8192 -7940 0
8192 -7938 0
8192 -7936 0
8192 -7934 0
8192 -7932 0
8192 -7930 0
8192 -7928 0
8192 -7926 0
8192 -7924 0
8192 -7922 0
8192 -7920 0
8192 -7918 0
8192 -7916 0
8192 -7914 0
8192 -7912 0
8192 -7910 0
8192 -7908 0
8192 -7906 0
8192 -7904 0
8192 -7902 0
8192 -7900 0
8192 -7898 0
8192 -7896 0
8192 -7894 0
8192 -7892 0
8192 -7890 0
8192 -7888 0
8192 -7886 0
8192 -7884 0
8192 -7882 0
8192 -7880 0
8192 -7878 0
8192 -7876 0
8192 -7874 0
8192 -7872 0
8192 -7870 0
8192 -7868 0
8192 -7866 0
8192 -7864 0
8192 -7862 0
8192 -7860 0
8192 -7858 0
8192 -7856 0
8192 -7854 0
8192 -7852 0
8192 -7850 0
8192 -7848 0
8192 -7846 0
8192 -7844 0
8192 -7842 0
8192 -7840 0
8192 -7838 0
8192 -7836 0
8192 -7834 0
8192 -7832 0
8192 -7830 0
8192 -7828 0
8192 -7826 0
8192 -7824 0
8192 -7822 0
8192 -7820 0
8192 -7818 0
8192 -7816 0
8192 -7814 0
8192 -7812 0
8192 -7810 0
8192 -7808 0
8192 -7806 0
8192 -7804 0
8192 -7802 0
8192 -7800 0
8192 -7798 0
8192 -7796 0
8192 -7794 0
8192 -7792 0
8192 -7790 0
8192 -7788 0
8192 -7786 0
8192 -7784 0
8192 -7782 0
8192 -7780 0
8192 -7778 0
8192 -7776 0
8192 -7774 0
8192 -7772 0
8192 -7770 0
8192 -7768 0
8192 -7766 0
8192 -7764 0
8192 -7762 0
8192 -7760 0
8192 -7758 0
8192 -7756 0
8192 -7754 0
8192 -7752 0
8192 -7750 0
8192 -7748 0
8192 -7746 0
8192 -7744 0
8192 -7742 0
8192 -7740 0
8192 -7738 0
8192 -7736 0
8192 -7734 0
8192 -7732 0
8192 -7730 0
8192 -7728 0
8192 -7726 0
8192 -7724 0
8192 -7722 0
8192 -7720 0
8192 -7718 0
8192 -7716 0
8192 -7714 0
8192 -7712 0
8192 -7710 0
8192 -7708 0
8192 -7706 0
8192 -7704 0
8192 -7702 0
8192 -7700 0
8192 -7698 0
8192 -7696 0
8192 -7694 0
8192 -7692 0
8192 -7690 0
8192 -7688 0
8192 -7686 0
8192 -7684 0
8192 -7682 0
8192 -7680 0
8192 -7678 0
8192 -7676 0
8192 -7674 0
8192 -7672 0
8192 -7670 0
8192 -7668 0
8192 -7666 0
8192 -7664 0
8192 -7662 0
8192 -7660 0
8192 -7658 0
8192 -7656 0
8192 -7654 0
8192 -7652 0
8192 -7650 0
8192 -7648 0
8192 -7646 0
8192 -7644 0
8192 -7642 0
8192 -7640 0
8192 -7638 0
8192 -7636 0
8192 -7634 0
8192 -7632 0
8192 -7630 0
8192 -7628 0
8192 -7626 0
8192 -7624 0
8192 -7622 0
8192 -7620 0
8192 -7618 0
8192 -7616 0
8192 -7614 0
8192 -7612 0
8192 -7610 0
8192 -7608 0
8192 -7606 0
8192 -7604 0
8192 -7602 0
8192 -7600 0
8192 -7598 0
8192 -7596 0
8192 -7594 0
8192 -7592 0
8192 -7590 0
8192 -7588 0
8192 -7586 0
8192 -7584 0
8192 -7582 0
8192 -7580 0
8192 -7578 0
8192 -7576 0
8192 -7574 0
8192 -7572 0
8192 -7570 0
8192 -7568 0
8192 -7566 0
8192 -7564 0
8192 -7562 0
8192 -7560 0
8192 -7558 0
8192 -7556 0
8192 -7554 0
8192 -7552 0
8192 -7550 0
8192 -7548 0
8192 -7546 0
8192 -7544 0
8192 -7542 0
8192 -7540 0
8192 -7538 0
8192 -7536 0
8192 -7534 0
8192 -7532 0
8192 -7530 0
8192 -7528 0
8192 -7526 0
8192 -7524 0
8192 -7522 0
8192 -7520 0
8192 -7518 0
8192 -7516 0
8192 -7514 0
8192 -7512 0
8192 -7510 0
8192 -7508 0
8192 -7506 0
8192 -7504 0
8192 -7502 0
8192 -7500 0
8192 -7498 0
8192 -7496 0
8192 -7494 0
8192 -7492 0
8192 -7490 0
8192 -7488 0
8192 -7486 0
8192 -7484 0
8192 -7482 0
8192 -7480 0
8192 -7478 0
8192 -7476 0
8192 -7474 0
8192 -7472 0
8192 -7470 0
8192 -7468 0
8192 -7466 0
8192 -7464 0
8192 -7462 0
8192 -7460 0
8192 -7458 0
8192 -7456 0
8192 -7454 0
8192 -7452 0
8192 -7450 0
8192 -7448 0
8192 -7446 0
8192 -7444 0
8192 -7442 0
8192 -7440 0
8192 -7438 0
8192 -7436 0
8192 -7434 0
8192 -7432 0
8192 -7430 0
8192 -7428 0
8192 -7426 0
8192 -7424 0
8192 -7422 0
8192 -7420 0
8192 -7418 0
8192 -7416 0
8192 -7414 0
8192 -7412 0
8192 -7410 0
8192 -7408 0
8192 -7406 0
8192 -7404 0
8192 -7402 0
8192 -7400 0
8192 -7398 0
8192 -7396 0
8192 -7394 0
8192 -7392 0
8192 -7390 0
8192 -7388 0
8192 -7386 0
8192 -7384 0
8192 -7382 0
8192 -7380 0
8192 -7378 0
8192 -7376 0
8192 -7374 0
8192 -7372 0
8192 -7370 0
8192 -7368 0
8192 -7366 0
8192 -7364 0
8192 -7362 0
8192 -7360 0
8192 -7358 0
8192 -7356 0
8192 -7354 0
8192 -7352 0
8192 -7350 0
8192 -7348 0
8192 -7346 0
8192 -7344 0
8192 -7342 0
8192 -7340 0
8192 -7338 0
8192 -7336 0
8192 -7334 0
8192 -7332 0
8192 -7330 0
8192 -7328 0
8192 -7326 0
8192 -7324 0
8192 -7322 0
8192 -7320 0
8192 -7318 0
8192 -7316 0
8192 -7314 0
8192 -7312 0
8192 -7310 0
8192 -7308 0
8192 -7306 0
8192 -7304 0
8192 -7302 0
8192 -7300 0
8192 -7298 0
8192 -7296 0
8192 -7294 0
8192 -7292 0
8192 -7290 0
8192 -7288 0
8192 -7286 0
8192 -7284 0
8192 -7282 0
8192 -7280 0
8192 -7278 0
8192 -7276 0
8192 -7274 0
8192 -7272 0
8192 -7270 0
8192 -7268 0
8192 -7266 0
8192 -7264 0
8192 -7262 0
8192 -7260 0
8192 -7258 0
8192 -7256 0
8192 -7254 0
8192 -7252 0
8192 -7250 0
8192 -7248 0
8192 -7246 0
8192 -7244 0
8192 -7242 0
8192 -7240 0
8192 -7238 0
8192 -7236 0
8192 -7234 0
8192 -7232 0
8192 -7230 0
8192 -7228 0
8192 -7226 0
8192 -7224 0
8192 -7222 0
8192 -7220 0
8192 -7218 0
8192 -7216 0
8192 -7214 0
8192 -7212 0
8192 -7210 0
8192 -7208 0
8192 -7206 0
8192 -7204 0
8192 -7202 0
8192 -7200 0
8192 -7198 0
8192 -7196 0
8192 -7194 0
8192 -7192 0
8192 -7190 0
8192 -7188 0
8192 -7186 0
8192 -7184 0
8192 -7182 0
8192 -7180 0
8192 -7178 0
8192 -7176 0
8192 -7174 0
8192 -7172 0
8192 -7170 0
8192 -7168 0
8192 -7166 0
8192 -7164 0
8192 -7162 0
8192 -7160 0
8192 -7158 0
8192 -7156 0
8192 -7154 0
8192 -7152 0
8192 -7150 0
8192 -7148 0
8192 -7146 0
8192 -7144 0
8192 -7142 0
8192 -7140 0
8192 -7138 0
8192 -7136 0
8192 -7134 0
8192 -7132 0
8192 -7130 0
8192 -7128 0
8192 -7126 0
8192 -7124 0
8192 -7122 0
8192 -7120 0
8192 -7118 0
8192 -7116 0
8192 -7114 0
8192 -7112 0
8192 -7110 0
8192 -7108 0
8192 -7106 0
8192 -7104 0
8192 -7102 0
8192 -7100 0
8192 -7098 0
8192 -7096 0
8192 -7094 0
8192 -7092 0
8192 -7090 0
8192 -7088 0
8192 -7086 0
8192 -7084 0
8192 -7082 0
8192 -7080 0
8192 -7078 0
8192 -7076 0
8192 -7074 0
8192 -7072 0
8192 -7070 0
8192 -7068 0
8192 -7066 0
8192 -7064 0
8192 -7062 0
8192 -7060 0
8192 -7058 0
8192 -7056 0
8192 -7054 0
8192 -7052 0
8192 -7050 0
8192 -7048 0
8192 -7046 0
8192 -7044 0
8192 -7042 0
8192 -7040 0
8192 -7038 0
8192 -7036 0
8192 -7034 0
8192 -7032 0
8192 -7030 0
8192 -7028 0
8192 -7026 0
8192 -7024 0
8192 -7022 0
8192 -7020 0
8192 -7018 0
8192 -7016 0
8192 -7014 0
8192 -7012 0
8192 -7010 0
8192 -7008 0
8192 -7006 0
8192 -7004 0
8192 -7002 0
8192 -7000 0
8192 -6998 0
8192 -6996 0
8192 -6994 0
8192 -6992 0
8192 -6990 0
8192 -6988 0
8192 -6986 0
8192 -6984 0
8192 -6982 0
8192 -6980 0
8192 -6978 0
8192 -6976 0
8192 -6974 0
8192 -6972 0
8192 -6970 0
8192 -6968 0
8192 -6966 0
8192 -6964 0
8192 -6962 0
8192 -6960 0
8192 -6958 0
8192 -6956 0
8192 -6954 0
8192 -6952 0
8192 -6950 0
8192 -6948 0
8192 -6946 0
8192 -6944 0
8192 -6942 0
8192 -6940 0
8192 -6938 0
8192 -6936 0
8192 -6934 0
8192 -6932 0
8192 -6930 0
8192 -6928 0
8192 -6926 0
8192 -6924 0
8192 -6922 0
8192 -6920 0
8192 -6918 0
8192 -6916 0
8192 -6914 0
8192 -6912 0
8192 -6910 0
8192 -6908 0
8192 -6906 0
8192 -6904 0
8192 -6902 0
8192 -6900 0
8192 -6898 0
8192 -6896 0
8192 -6894 0
8192 -6892 0
8192 -6890 0
8192 -6888 0
8192 -6886 0
8192 -6884 0
8192 -6882 0
8192 -6880 0
8192 -6878 0
8192 -6876 0
8192 -6874 0
8192 -6872 0
8192 -6870 0
8192 -6868 0
8192 -6866 0
8192 -6864 0
8192 -6862 0
8192 -6860 0
8192 -6858 0
8192 -6856 0
8192 -6854 0
8192 -6852 0
8192 -6850 0
8192 -6848 0
8192 -6846 0
8192 -6844 0
8192 -6842 0
8192 -6840 0
8192 -6838 0
8192 -6836 0
8192 -6834 0
8192 -6832 0
8192 -6830 0
8192 -6828 0
8192 -6826 0
8192 -6824 0
8192 -6822 0
8192 -6820 0
8192 -6818 0
8192 -6816 0
8192 -6814 0
8192 -6812 0
8192 -6810 0
8192 -6808 0
8192 -6806 0
8192 -6804 0
8192 -6802 0
8192 -6800 0
8192 -6798 0
8192 -6796 0
8192 -6794 0
8192 -6792 0
8192 -6790 0
8192 -6788 0
8192 -6786 0
8192 -6784 0
8192 -6782 0
8192 -6780 0
8192 -6778 0
8192 -6776 0
8192 -6774 0
8192 -6772 0
8192 -6770 0
8192 -6768 0
8192 -6766 0
8192 -6764 0
8192 -6762 0
8192 -6760 0
8192 -6758 0
8192 -6756 0
8192 -6754 0
8192 -6752 0
8192 -6750 0
8192 -6748 0
8192 -6746 0
8192 -6744 0
8192 -6742 0
8192 -6740 0
8192 -6738 0
8192 -6736 0
8192 -6734 0
8192 -6732 0
8192 -6730 0
8192 -6728 0
8192 -6726 0
8192 -6724 0
8192 -6722 0
8192 -6720 0
8192 -6718 0
8192 -6716 0
8192 -6714 0
8192 -6712 0
8192 -6710 0
8192 -6708 0
8192 -6706 0
8192 -6704 0
8192 -6702 0
8192 -6700 0
8192 -6698 0
8192 -6696 0
8192 -6694 0
8192 -6692 0
8192 -6690 0
8192 -6688 0
8192 -6686 0
8192 -6684 0
8192 -6682 0
8192 -6680 0
8192 -6678 0
8192 -6676 0
8192 -6674 0
8192 -6672 0
8192 -6670 0
8192 -6668 0
8192 -6666 0
8192 -6664 0
8192 -6662 0
8192 -6660 0
8192 -6658 0
8192 -6656 0
8192 -6654 0
8192 -6652 0
8192 -6650 0
8192 -6648 0
8192 -6646 0
8192 -6644 0
8192 -6642 0
8192 -6640 0
8192 -6638 0
8192 -6636 0
8192 -6634 0
8192 -6632 0
8192 -6630 0
8192 -6628 0
8192 -6626 0
8192 -6624 0
8192 -6622 0
8192 -6620 0
8192 -6618 0
8192 -6616 0
8192 -6614 0
8192 -6612 0
8192 -6610 0
8192 -6608 0
8192 -6606 0
8192 -6604 0
8192 -6602 0
8192 -6600 0
8192 -6598 0
8192 -6596 0
8192 -6594 0
8192 -6592 0
8192 -6590 0
8192 -6588 0
8192 -6586 0
8192 -6584 0
8192 -6582 0
8192 -6580 0
8192 -6578 0
8192 -6576 0
8192 -6574 0
8192 -6572 0
8192 -6570 0
8192 -6568 0
8192 -6566 0
8192 -6564 0
8192 -6562 0
8192 -6560 0
8192 -6558 0
8192 -6556 0
8192 -6554 0
8192 -6552 0
8192 -6550 0
8192 -6548 0
8192 -6546 0
8192 -6544 0
8192 -6542 0
8192 -6540 0
8192 -6538 0
8192 -6536 0
8192 -6534 0
8192 -6532 0
8192 -6530 0
8192 -6528 0
8192 -6526 0
8192 -6524 0
8192 -6522 0
8192 -6520 0
8192 -6518 0
8192 -6516 0
8192 -6514 0
8192 -6512 0
8192 -6510 0
8192 -6508 0
8192 -6506 0
8192 -6504 0
8192 -6502 0
8192 -6500 0
8192 -6498 0
8192 -6496 0
8192 -6494 0
8192 -6492 0
8192 -6490 0
8192 -6488 0
8192 -6486 0
8192 -6484 0
8192 -6482 0
8192 -6480 0
8192 -6478 0
8192 -6476 0
8192 -6474 0
8192 -6472 0
8192 -6470 0
8192 -6468 0
8192 -6466 0
8192 -6464 0
8192 -6462 0
8192 -6460 0
8192 -6458 0
8192 -6456 0
8192 -6454 0
8192 -6452 0
8192 -6450 0
8192 -6448 0
8192 -6446 0
8192 -6444 0
8192 -6442 0
8192 -6440 0
8192 -6438 0
8192 -6436 0
8192 -6434 0
8192 -6432 0
8192 -6430 0
8192 -6428 0
8192 -6426 0
8192 -6424 0
8192 -6422 0
8192 -6420 0
8192 -6418 0
8192 -6416 0
8192 -6414 0
8192 -6412 0
8192 -6410 0
8192 -6408 0
8192 -6406 0
8192 -6404 0
8192 -6402 0
8192 -6400 0
8192 -6398 0
8192 -6396 0
8192 -6394 0
8192 -6392 0
8192 -6390 0
8192 -6388 0
8192 -6386 0
8192 -6384 0
8192 -6382 0
8192 -6380 0
8192 -6378 0
8192 -6376 0
8192 -6374 0
8192 -6372 0
8192 -6370 0
8192 -6368 0
8192 -6366 0
8192 -6364 0
8192 -6362 0
8192 -6360 0
8192 -6358 0
8192 -6356 0
8192 -6354 0
8192 -6352 0
8192 -6350 0
8192 -6348 0
8192 -6346 0
8192 -6344 0
8192 -6342 0
8192 -6340 0
8192 -6338 0
8192 -6336 0
8192 -6334 0
8192 -6332 0
8192 -6330 0
8192 -6328 0
8192 -6326 0
8192 -6324 0
8192 -6322 0
8192 -6320 0
8192 -6318 0
8192 -6316 0
8192 -6314 0
8192 -6312 0
8192 -6310 0
8192 -6308 0
8192 -6306 0
8192 -6304 0
8192 -6302 0
8192 -6300 0
8192 -6298 0
8192 -6296 0
8192 -6294 0
8192 -6292 0
8192 -6290 0
8192 -6288 0
8192 -6286 0
8192 -6284 0
8192 -6282 0
8192 -6280 0
8192 -6278 0
8192 -6276 0
8192 -6274 0
8192 -6272 0
8192 -6270 0
8192 -6268 0
8192 -6266 0
8192 -6264 0
8192 -6262 0
8192 -6260 0
8192 -6258 0
8192 -6256 0
8192 -6254 0
8192 -6252 0
8192 -6250 0
8192 -6248 0
8192 -6246 0
8192 -6244 0
8192 -6242 0
8192 -6240 0
8192 -6238 0
8192 -6236 0
8192 -6234 0
8192 -6232 0
8192 -6230 0
8192 -6228 0
8192 -6226 0
8192 -6224 0
8192 -6222 0
8192 -6220 0
8192 -6218 0
8192 -6216 0
8192 -6214 0
8192 -6212 0
8192 -6210 0
8192 -6208 0
8192 -6206 0
8192 -6204 0
8192 -6202 0
8192 -6200 0
8192 -6198 0
8192 -6196 0
8192 -6194 0
8192 -6192 0
8192 -6190 0
8192 -6188 0
8192 -6186 0
8192 -6184 0
8192 -6182 0
8192 -6180 0
8192 -6178 0
8192 -6176 0
8192 -6174 0
8192 -6172 0
8192 -6170 0
8192 -6168 0
8192 -6166 0
8192 -6164 0
8192 -6162 0
8192 -6160 0
8192 -6158 0
8192 -6156 0
8192 -6154 0
8192 -6152 0
8192 -6150 0
8192 -6148 0
8192 -6146 0
8192 -6144 0
8192 -6142 0
8192 -6140 0
8192 -6138 0
8192 -6136 0
8192 -6134 0
8192 -6132 0
8192 -6130 0
8192 -6128 0
8192 -6126 0
8192 -6124 0
8192 -6122 0
8192 -6120 0
8192 -6118 0
8192 -6116 0
8192 -6114 0
8192 -6112 0
8192 -6110 0
8192 -6108 0
8192 -6106 0
8192 -6104 0
8192 -6102 0
8192 -6100 0
8192 -6098 0
8192 -6096 0
8192 -6094 0
8192 -6092 0
8192 -6090 0
8192 -6088 0
8192 -6086 0
8192 -6084 0
8192 -6082 0
8192 -6080 0
8192 -6078 0
8192 -6076 0
8192 -6074 0
8192 -6072 0
8192 -6070 0
8192 -6068 0
8192 -6066 0
8192 -6064 0
8192 -6062 0
8192 -6060 0
8192 -6058 0
8192 -6056 0
8192 -6054 0
8192 -6052 0
8192 -6050 0
8192 -6048 0
8192 -6046 0
8192 -6044 0
8192 -6042 0
8192 -6040 0
8192 -6038 0
8192 -6036 0
8192 -6034 0
8192 -6032 0
8192 -6030 0
8192 -6028 0
8192 -6026 0
8192 -6024 0
8192 -6022 0
8192 -6020 0
8192 -6018 0
8192 -6016 0
8192 -6014 0
8192 -6012 0
8192 -6010 0
8192 -6008 0
8192 -6006 0
8192 -6004 0
8192 -6002 0
8192 -6000 0
8192 -5998 0
8192 -5996 0
8192 -5994 0
8192 -5992 0
8192 -5990 0
8192 -5988 0
8192 -5986 0
8192 -5984 0
8192 -5982 0
8192 -5980 0
8192 -5978 0
8192 -5976 0
8192 -5974 0
8192 -5972 0
8192 -5970 0
8192 -5968 0
8192 -5966 0
8192 -5964 0
8192 -5962 0
8192 -5960 0
8192 -5958 0
8192 -5956 0
8192 -5954 0
8192 -5952 0
8192 -5950 0
8192 -5948 0
8192 -5946 0
8192 -5944 0
8192 -5942 0
8192 -5940 0
8192 -5938 0
8192 -5936 0
8192 -5934 0
8192 -5932 0
8192 -5930 0
8192 -5928 0
8192 -5926 0
8192 -5924 0
8192 -5922 0
8192 -5920 0
8192 -5918 0
8192 -5916 0
8192 -5914 0
8192 -5912 0
8192 -5910 0
8192 -5908 0
8192 -5906 0
8192 -5904 0
8192 -5902 0
8192 -5900 0
8192 -5898 0
8192 -5896 0
8192 -5894 0
8192 -5892 0
8192 -5890 0
8192 -5888 0
8192 -5886 0
8192 -5884 0
8192 -5882 0
8192 -5880 0
8192 -5878 0
8192 -5876 0
8192 -5874 0
8192 -5872 0
8192 -5870 0
8192 -5868 0
8192 -5866 0
8192 -5864 0
8192 -5862 0
8192 -5860 0
8192 -5858 0
8192 -5856 0
8192 -5854 0
8192 -5852 0
8192 -5850 0
8192 -5848 0
8192 -5846 0
8192 -5844 0
8192 -5842 0
8192 -5840 0
8192 -5838 0
8192 -5836 0
8192 -5834 0
8192 -5832 0
8192 -5830 0
8192 -5828 0
8192 -5826 0
8192 -5824 0
8192 -5822 0
8192 -5820 0
8192 -5818 0
8192 -5816 0
8192 -5814 0
8192 -5812 0
8192 -5810 0
8192 -5808 0
8192 -5806 0
8192 -5804 0
8192 -5802 0
8192 -5800 0
8192 -5798 0
8192 -5796 0
8192 -5794 0
8192 -5792 0
8192 -5790 0
8192 -5788 0
8192 -5786 0
8192 -5784 0
8192 -5782 0
8192 -5780 0
8192 -5778 0
8192 -5776 0
8192 -5774 0
8192 -5772 0
8192 -5770 0
8192 -5768 0
8192 -5766 0
8192 -5764 0
8192 -5762 0
8192 -5760 0
8192 -5758 0
8192 -5756 0
8192 -5754 0
8192 -5752 0
8192 -5750 0
8192 -5748 0
8192 -5746 0
8192 -5744 0
8192 -5742 0
8192 -5740 0
8192 -5738 0
8192 -5736 0
8192 -5734 0
8192 -5732 0
8192 -5730 0
8192 -5728 0
8192 -5726 0
8192 -5724 0
8192 -5722 0
8192 -5720 0
8192 -5718 0
8192 -5716 0
8192 -5714 0
8192 -5712 0
8192 -5710 0
8192 -5708 0
8192 -5706 0
8192 -5704 0
8192 -5702 0
8192 -5700 0
8192 -5698 0
8192 -5696 0
8192 -5694 0
8192 -5692 0
8192 -5690 0
8192 -5688 0
8192 -5686 0
8192 -5684 0
8192 -5682 0
8192 -5680 0
8192 -5678 0
8192 -5676 0
8192 -5674 0
8192 -5672 0
8192 -5670 0
8192 -5668 0
8192 -5666 0
8192 -5664 0
8192 -5662 0
8192 -5660 0
8192 -5658 0
8192 -5656 0
8192 -5654 0
8192 -5652 0
8192 -5650 0
8192 -5648 0
8192 -5646 0
8192 -5644 0
8192 -5642 0
8192 -5640 0
8192 -5638 0
8192 -5636 0
8192 -5634 0
8192 -5632 0
8192 -5630 0
8192 -5628 0
8192 -5626 0
8192 -5624 0
8192 -5622 0
8192 -5620 0
8192 -5618 0
8192 -5616 0
8192 -5614 0
8192 -5612 0
8192 -5610 0
8192 -5608 0
8192 -5606 0
8192 -5604 0
8192 -5602 0
8192 -5600 0
8192 -5598 0
8192 -5596 0
8192 -5594 0
8192 -5592 0
8192 -5590 0
8192 -5588 0
8192 -5586 0
8192 -5584 0
8192 -5582 0
8192 -5580 0
8192 -5578 0
8192 -5576 0
8192 -5574 0
8192 -5572 0
8192 -5570 0
8192 -5568 0
8192 -5566 0
8192 -5564 0
8192 -5562 0
8192 -5560 0
8192 -5558 0
8192 -5556 0
8192 -5554 0
8192 -5552 0
8192 -5550 0
8192 -5548 0
8192 -5546 0
8192 -5544 0
8192 -5542 0
8192 -5540 0
8192 -5538 0
8192 -5536 0
8192 -5534 0
8192 -5532 0
8192 -5530 0
8192 -5528 0
8192 -5526 0
8192 -5524 0
8192 -5522 0
8192 -5520 0
8192 -5518 0
8192 -5516 0
8192 -5514 0
8192 -5512 0
8192 -5510 0
8192 -5508 0
8192 -5506 0
8192 -5504 0
8192 -5502 0
8192 -5500 0
8192 -5498 0
8192 -5496 0
8192 -5494 0
8192 -5492 0
8192 -5490 0
8192 -5488 0
8192 -5486 0
8192 -5484 0
8192 -5482 0
8192 -5480 0
8192 -5478 0
8192 -5476 0
8192 -5474 0
8192 -5472 0
8192 -5470 0
8192 -5468 0
8192 -5466 0
8192 -5464 0
8192 -5462 0
8192 -5460 0
8192 -5458 0
8192 -5456 0
8192 -5454 0
8192 -5452 0
8192 -5450 0
8192 -5448 0
8192 -5446 0
8192 -5444 0
8192 -5442 0
8192 -5440 0
8192 -5438 0
8192 -5436 0
8192 -5434 0
8192 -5432 0
8192 -5430 0
8192 -5428 0
8192 -5426 0
8192 -5424 0
8192 -5422 0
8192 -5420 0
8192 -5418 0
8192 -5416 0
8192 -5414 0
8192 -5412 0
8192 -5410 0
8192 -5408 0
8192 -5406 0
8192 -5404 0
8192 -5402 0
8192 -5400 0
8192 -5398 0
8192 -5396 0
8192 -5394 0
8192 -5392 0
8192 -5390 0
8192 -5388 0
8192 -5386 0
8192 -5384 0
8192 -5382 0
8192 -5380 0
8192 -5378 0
8192 -5376 0
8192 -5374 0
8192 -5372 0
8192 -5370 0
8192 -5368 0
8192 -5366 0
8192 -5364 0
8192 -5362 0
8192 -5360 0
8192 -5358 0
8192 -5356 0
8192 -5354 0
8192 -5352 0
8192 -5350 0
8192 -5348 0
8192 -5346 0
8192 -5344 0
8192 -5342 0
8192 -5340 0
8192 -5338 0
8192 -5336 0
8192 -5334 0
8192 -5332 0
8192 -5330 0
8192 -5328 0
8192 -5326 0
8192 -5324 0
8192 -5322 0
8192 -5320 0
8192 -5318 0
8192 -5316 0
8192 -5314 0
8192 -5312 0
8192 -5310 0
8192 -5308 0
8192 -5306 0
8192 -5304 0
8192 -5302 0
8192 -5300 0
8192 -5298 0
8192 -5296 0
8192 -5294 0
8192 -5292 0
8192 -5290 0
8192 -5288 0
8192 -5286 0
8192 -5284 0
8192 -5282 0
8192 -5280 0
8192 -5278 0
8192 -5276 0
8192 -5274 0
8192 -5272 0
8192 -5270 0
8192 -5268 0
8192 -5266 0
8192 -5264 0
8192 -5262 0
8192 -5260 0
8192 -5258 0
8192 -5256 0
8192 -5254 0
8192 -5252 0
8192 -5250 0
8192 -5248 0
8192 -5246 0
8192 -5244 0
8192 -5242 0
8192 -5240 0
8192 -5238 0
8192 -5236 0
8192 -5234 0
8192 -5232 0
8192 -5230 0
8192 -5228 0
8192 -5226 0
8192 -5224 0
8192 -5222 0
8192 -5220 0
8192 -5218 0
8192 -5216 0
8192 -5214 0
8192 -5212 0
8192 -5210 0
8192 -5208 0
8192 -5206 0
8192 -5204 0
8192 -5202 0
8192 -5200 0
8192 -5198 0
8192 -5196 0
8192 -5194 0
8192 -5192 0
8192 -5190 0
8192 -5188 0
8192 -5186 0
8192 -5184 0
8192 -5182 0
8192 -5180 0
8192 -5178 0
8192 -5176 0
8192 -5174 0
8192 -5172 0
8192 -5170 0
8192 -5168 0
8192 -5166 0
8192 -5164 0
8192 -5162 0
8192 -5160 0
8192 -5158 0
8192 -5156 0
8192 -5154 0
8192 -5152 0
8192 -5150 0
8192 -5148 0
8192 -5146 0
8192 -5144 0
8192 -5142 0
8192 -5140 0
8192 -5138 0
8192 -5136 0
8192 -5134 0
8192 -5132 0
8192 -5130 0
8192 -5128 0
8192 -5126 0
8192 -5124 0
8192 -5122 0
8192 -5120 0
8192 -5118 0
8192 -5116 0
8192 -5114 0
8192 -5112 0
8192 -5110 0
8192 -5108 0
8192 -5106 0
8192 -5104 0
8192 -5102 0
8192 -5100 0
8192 -5098 0
8192 -5096 0
8192 -5094 0
8192 -5092 0
8192 -5090 0
8192 -5088 0
8192 -5086 0
8192 -5084 0
8192 -5082 0
8192 -5080 0
8192 -5078 0
8192 -5076 0
8192 -5074 0
8192 -5072 0
8192 -5070 0
8192 -5068 0
8192 -5066 0
8192 -5064 0
8192 -5062 0
8192 -5060 0
8192 -5058 0
8192 -5056 0
8192 -5054 0
8192 -5052 0
8192 -5050 0
8192 -5048 0
8192 -5046 0
8192 -5044 0
8192 -5042 0
8192 -5040 0
8192 -5038 0
8192 -5036 0
8192 -5034 0
8192 -5032 0
8192 -5030 0
8192 -5028 0
8192 -5026 0
8192 -5024 0
8192 -5022 0
8192 -5020 0
8192 -5018 0
8192 -5016 0
8192 -5014 0
8192 -5012 0
8192 -5010 0
8192 -5008 0
8192 -5006 0
8192 -5004 0
8192 -5002 0
8192 -5000 0
8192 -4998 0
8192 -4996 0
8192 -4994 0
8192 -4992 0
8192 -4990 0
8192 -4988 0
8192 -4986 0
8192 -4984 0
8192 -4982 0
8192 -4980 0
8192 -4978 0
8192 -4976 0
8192 -4974 0
8192 -4972 0
8192 -4970 0
8192 -4968 0
8192 -4966 0
8192 -4964 0
8192 -4962 0
8192 -4960 0
8192 -4958 0
8192 -4956 0
8192 -4954 0
8192 -4952 0
8192 -4950 0
8192 -4948 0
8192 -4946 0
8192 -4944 0
8192 -4942 0
8192 -4940 0
8192 -4938 0
8192 -4936 0
8192 -4934 0
8192 -4932 0
8192 -4930 0
8192 -4928 0
8192 -4926 0
8192 -4924 0
8192 -4922 0
8192 -4920 0
8192 -4918 0
8192 -4916 0
8192 -4914 0
8192 -4912 0
8192 -4910 0
8192 -4908 0
8192 -4906 0
8192 -4904 0
8192 -4902 0
8192 -4900 0
8192 -4898 0
8192 -4896 0
8192 -4894 0
8192 -4892 0
8192 -4890 0
8192 -4888 0
8192 -4886 0
8192 -4884 0
8192 -4882 0
8192 -4880 0
8192 -4878 0
8192 -4876 0
8192 -4874 0
8192 -4872 0
8192 -4870 0
8192 -4868 0
8192 -4866 0
8192 -4864 0
8192 -4862 0
8192 -4860 0
8192 -4858 0
8192 -4856 0
8192 -4854 0
8192 -4852 0
8192 -4850 0
8192 -4848 0
8192 -4846 0
8192 -4844 0
8192 -4842 0
8192 -4840 0
8192 -4838 0
8192 -4836 0
8192 -4834 0
8192 -4832 0
8192 -4830 0
8192 -4828 0
8192 -4826 0
8192 -4824 0
8192 -4822 0
8192 -4820 0
8192 -4818 0
8192 -4816 0
8192 -4814 0
8192 -4812 0
8192 -4810 0
8192 -4808 0
8192 -4806 0
8192 -4804 0
8192 -4802 0
8192 -4800 0
8192 -4798 0
8192 -4796 0
8192 -4794 0
8192 -4792 0
8192 -4790 0
8192 -4788 0
8192 -4786 0
8192 -4784 0
8192 -4782 0
8192 -4780 0
8192 -4778 0
8192 -4776 0
8192 -4774 0
8192 -4772 0
8192 -4770 0
8192 -4768 0
8192 -4766 0
8192 -4764 0
8192 -4762 0
8192 -4760 0
8192 -4758 0
8192 -4756 0
8192 -4754 0
8192 -4752 0
8192 -4750 0
8192 -4748 0
8192 -4746 0
8192 -4744 0
8192 -4742 0
8192 -4740 0
8192 -4738 0
8192 -4736 0
8192 -4734 0
8192 -4732 0
8192 -4730 0
8192 -4728 0
8192 -4726 0
8192 -4724 0
8192 -4722 0
8192 -4720 0
8192 -4718 0
8192 -4716 0
8192 -4714 0
8192 -4712 0
8192 -4710 0
8192 -4708 0
8192 -4706 0
8192 -4704 0
8192 -4702 0
8192 -4700 0
8192 -4698 0
8192 -4696 0
8192 -4694 0
8192 -4692 0
8192 -4690 0
8192 -4688 0
8192 -4686 0
8192 -4684 0
8192 -4682 0
8192 -4680 0
8192 -4678 0
8192 -4676 0
8192 -4674 0
8192 -4672 0
8192 -4670 0
8192 -4668 0
8192 -4666 0
8192 -4664 0
8192 -4662 0
8192 -4660 0
8192 -4658 0
8192 -4656 0
8192 -4654 0
8192 -4652 0
8192 -4650 0
8192 -4648 0
8192 -4646 0
8192 -4644 0
8192 -4642 0
8192 -4640 0
8192 -4638 0
8192 -4636 0
8192 -4634 0
8192 -4632 0
8192 -4630 0
8192 -4628 0
8192 -4626 0
8192 -4624 0
8192 -4622 0
8192 -4620 0
8192 -4618 0
8192 -4616 0
8192 -4614 0
8192 -4612 0
8192 -4610 0
8192 -4608 0
8192 -4606 0
8192 -4604 0
8192 -4602 0
8192 -4600 0
8192 -4598 0
8192 -4596 0
8192 -4594 0
8192 -4592 0
8192 -4590 0
8192 -4588 0
8192 -4586 0
8192 -4584 0
8192 -4582 0
8192 -4580 0
8192 -4578 0
8192 -4576 0
8192 -4574 0
8192 -4572 0
8192 -4570 0
8192 -4568 0
8192 -4566 0
8192 -4564 0
8192 -4562 0
8192 -4560 0
8192 -4558 0
8192 -4556 0
8192 -4554 0
8192 -4552 0
8192 -4550 0
8192 -4548 0
8192 -4546 0
8192 -4544 0
8192 -4542 0
8192 -4540 0
8192 -4538 0
8192 -4536 0
8192 -4534 0
8192 -4532 0
8192 -4530 0
8192 -4528 0
8192 -4526 0
8192 -4524 0
8192 -4522 0
8192 -4520 0
8192 -4518 0
8192 -4516 0
8192 -4514 0
8192 -4512 0
8192 -4510 0
8192 -4508 0
8192 -4506 0
8192 -4504 0
8192 -4502 0
8192 -4500 0
8192 -4498 0
8192 -4496 0
8192 -4494 0
8192 -4492 0
8192 -4490 0
8192 -4488 0
8192 -4486 0
8192 -4484 0
8192 -4482 0
8192 -4480 0
8192 -4478 0
8192 -4476 0
8192 -4474 0
8192 -4472 0
8192 -4470 0
8192 -4468 0
8192 -4466 0
8192 -4464 0
8192 -4462 0
8192 -4460 0
8192 -4458 0
8192 -4456 0
8192 -4454 0
8192 -4452 0
8192 -4450 0
8192 -4448 0
8192 -4446 0
8192 -4444 0
8192 -4442 0
8192 -4440 0
8192 -4438 0
8192 -4436 0
8192 -4434 0
8192 -4432 0
8192 -4430 0
8192 -4428 0
8192 -4426 0
8192 -4424 0
8192 -4422 0
8192 -4420 0
8192 -4418 0
8192 -4416 0
8192 -4414 0
8192 -4412 0
8192 -4410 0
8192 -4408 0
8192 -4406 0
8192 -4404 0
8192 -4402 0
8192 -4400 0
8192 -4398 0
8192 -4396 0
8192 -4394 0
8192 -4392 0
8192 -4390 0
8192 -4388 0
8192 -4386 0
8192 -4384 0
8192 -4382 0
8192 -4380 0
8192 -4378 0
8192 -4376 0
8192 -4374 0
8192 -4372 0
8192 -4370 0
8192 -4368 0
8192 -4366 0
8192 -4364 0
8192 -4362 0
8192 -4360 0
8192 -4358 0
8192 -4356 0
8192 -4354 0
8192 -4352 0
8192 -4350 0
8192 -4348 0
8192 -4346 0
8192 -4344 0
8192 -4342 0
8192 -4340 0
8192 -4338 0
8192 -4336 0
8192 -4334 0
8192 -4332 0
8192 -4330 0
8192 -4328 0
8192 -4326 0
8192 -4324 0
8192 -4322 0
8192 -4320 0
8192 -4318 0
8192 -4316 0
8192 -4314 0
8192 -4312 0
8192 -4310 0
8192 -4308 0
8192 -4306 0
8192 -4304 0
8192 -4302 0
8192 -4300 0
8192 -4298 0
8192 -4296 0
8192 -4294 0
8192 -4292 0
8192 -4290 0
8192 -4288 0
8192 -4286 0
8192 -4284 0
8192 -4282 0
8192 -4280 0
8192 -4278 0
8192 -4276 0
8192 -4274 0
8192 -4272 0
8192 -4270 0
8192 -4268 0
8192 -4266 0
8192 -4264 0
8192 -4262 0
8192 -4260 0
8192 -4258 0
8192 -4256 0
8192 -4254 0
8192 -4252 0
8192 -4250 0
8192 -4248 0
8192 -4246 0
8192 -4244 0
8192 -4242 0
8192 -4240 0
8192 -4238 0
8192 -4236 0
8192 -4234 0
8192 -4232 0
8192 -4230 0
8192 -4228 0
8192 -4226 0
8192 -4224 0
8192 -4222 0
8192 -4220 0
8192 -4218 0
8192 -4216 0
8192 -4214 0
8192 -4212 0
8192 -4210 0
8192 -4208 0
8192 -4206 0
8192 -4204 0
8192 -4202 0
8192 -4200 0
8192 -4198 0
8192 -4196 0
8192 -4194 0
8192 -4192 0
8192 -4190 0
8192 -4188 0
8192 -4186 0
8192 -4184 0
8192 -4182 0
8192 -4180 0
8192 -4178 0
8192 -4176 0
8192 -4174 0
8192 -4172 0
8192 -4170 0
8192 -4168 0
8192 -4166 0
8192 -4164 0
8192 -4162 0
8192 -4160 0
8192 -4158 0
8192 -4156 0
8192 -4154 0
8192 -4152 0
8192 -4150 0
8192 -4148 0
8192 -4146 0
8192 -4144 0
8192 -4142 0
8192 -4140 0
8192 -4138 0
8192 -4136 0
8192 -4134 0
8192 -4132 0
8192 -4130 0
8192 -4128 0
8192 -4126 0
8192 -4124 0
8192 -4122 0
8192 -4120 0
8192 -4118 0
8192 -4116 0
8192 -4114 0
8192 -4112 0
8192 -4110 0
8192 -4108 0
8192 -4106 0
8192 -4104 0
8192 -4102 0
8192 -4100 0
8192 -4098 0
8192 -4096 0
8192 -4094 0
8192 -4092 0
8192 -4090 0
8192 -4088 0
8192 -4086 0
8192 -4084 0
8192 -4082 0
8192 -4080 0
8192 -4078 0
8192 -4076 0
8192 -4074 0
8192 -4072 0
8192 -4070 0
8192 -4068 0
8192 -4066 0
8192 -4064 0
8192 -4062 0
8192 -4060 0
8192 -4058 0
8192 -4056 0
8192 -4054 0
8192 -4052 0
8192 -4050 0
8192 -4048 0
8192 -4046 0
8192 -4044 0
8192 -4042 0
8192 -4040 0
8192 -4038 0
8192 -4036 0
8192 -4034 0
8192 -4032 0
8192 -4030 0
8192 -4028 0
8192 -4026 0
8192 -4024 0
8192 -4022 0
8192 -4020 0
8192 -4018 0
8192 -4016 0
8192 -4014 0
8192 -4012 0
8192 -4010 0
8192 -4008 0
8192 -4006 0
8192 -4004 0
8192 -4002 0
8192 -4000 0
8192 -3998 0
8192 -3996 0
8192 -3994 0
8192 -3992 0
8192 -3990 0
8192 -3988 0
8192 -3986 0
8192 -3984 0
8192 -3982 0
8192 -3980 0
8192 -3978 0
8192 -3976 0
8192 -3974 0
8192 -3972 0
8192 -3970 0
8192 -3968 0
8192 -3966 0
8192 -3964 0
8192 -3962 0
8192 -3960 0
8192 -3958 0
8192 -3956 0
8192 -3954 0
8192 -3952 0
8192 -3950 0
8192 -3948 0
8192 -3946 0
8192 -3944 0
8192 -3942 0
8192 -3940 0
8192 -3938 0
8192 -3936 0
8192 -3934 0
8192 -3932 0
8192 -3930 0
8192 -3928 0
8192 -3926 0
8192 -3924 0
8192 -3922 0
8192 -3920 0
8192 -3918 0
8192 -3916 0
8192 -3914 0
8192 -3912 0
8192 -3910 0
8192 -3908 0
8192 -3906 0
8192 -3904 0
8192 -3902 0
8192 -3900 0
8192 -3898 0
8192 -3896 0
8192 -3894 0
8192 -3892 0
8192 -3890 0
8192 -3888 0
8192 -3886 0
8192 -3884 0
8192 -3882 0
8192 -3880 0
8192 -3878 0
8192 -3876 0
8192 -3874 0
8192 -3872 0
8192 -3870 0
8192 -3868 0
8192 -3866 0
8192 -3864 0
8192 -3862 0
8192 -3860 0
8192 -3858 0
8192 -3856 0
8192 -3854 0
8192 -3852 0
8192 -3850 0
8192 -3848 0
8192 -3846 0
8192 -3844 0
8192 -3842 0
8192 -3840 0
8192 -3838 0
8192 -3836 0
8192 -3834 0
8192 -3832 0
8192 -3830 0
8192 -3828 0
8192 -3826 0
8192 -3824 0
8192 -3822 0
8192 -3820 0
8192 -3818 0
8192 -3816 0
8192 -3814 0
8192 -3812 0
8192 -3810 0
8192 -3808 0
8192 -3806 0
8192 -3804 0
8192 -3802 0
8192 -3800 0
8192 -3798 0
8192 -3796 0
8192 -3794 0
8192 -3792 0
8192 -3790 0
8192 -3788 0
8192 -3786 0
8192 -3784 0
8192 -3782 0
8192 -3780 0
8192 -3778 0
8192 -3776 0
8192 -3774 0
8192 -3772 0
8192 -3770 0
8192 -3768 0
8192 -3766 0
8192 -3764 0
8192 -3762 0
8192 -3760 0
8192 -3758 0
8192 -3756 0
8192 -3754 0
8192 -3752 0
8192 -3750 0
8192 -3748 0
8192 -3746 0
8192 -3744 0
8192 -3742 0
8192 -3740 0
8192 -3738 0
8192 -3736 0
8192 -3734 0
8192 -3732 0
8192 -3730 0
8192 -3728 0
8192 -3726 0
8192 -3724 0
8192 -3722 0
8192 -3720 0
8192 -3718 0
8192 -3716 0
8192 -3714 0
8192 -3712 0
8192 -3710 0
8192 -3708 0
8192 -3706 0
8192 -3704 0
8192 -3702 0
8192 -3700 0
8192 -3698 0
8192 -3696 0
8192 -3694 0
8192 -3692 0
8192 -3690 0
8192 -3688 0
8192 -3686 0
8192 -3684 0
8192 -3682 0
8192 -3680 0
8192 -3678 0
8192 -3676 0
8192 -3674 0
8192 -3672 0
8192 -3670 0
8192 -3668 0
8192 -3666 0
8192 -3664 0
8192 -3662 0
8192 -3660 0
8192 -3658 0
8192 -3656 0
8192 -3654 0
8192 -3652 0
8192 -3650 0
8192 -3648 0
8192 -3646 0
8192 -3644 0
8192 -3642 0
8192 -3640 0
8192 -3638 0
8192 -3636 0
8192 -3634 0
8192 -3632 0
8192 -3630 0
8192 -3628 0
8192 -3626 0
8192 -3624 0
8192 -3622 0
8192 -3620 0
8192 -3618 0
8192 -3616 0
8192 -3614 0
8192 -3612 0
8192 -3610 0
8192 -3608 0
8192 -3606 0
8192 -3604 0
8192 -3602 0
8192 -3600 0
8192 -3598 0
8192 -3596 0
8192 -3594 0
8192 -3592 0
8192 -3590 0
8192 -3588 0
8192 -3586 0
8192 -3584 0
8192 -3582 0
8192 -3580 0
8192 -3578 0
8192 -3576 0
8192 -3574 0
8192 -3572 0
8192 -3570 0
8192 -3568 0
8192 -3566 0
8192 -3564 0
8192 -3562 0
8192 -3560 0
8192 -3558 0
8192 -3556 0
8192 -3554 0
8192 -3552 0
8192 -3550 0
8192 -3548 0
8192 -3546 0
8192 -3544 0
8192 -3542 0
8192 -3540 0
8192 -3538 0
8192 -3536 0
8192 -3534 0
8192 -3532 0
8192 -3530 0
8192 -3528 0
8192 -3526 0
8192 -3524 0
8192 -3522 0
8192 -3520 0
8192 -3518 0
8192 -3516 0
8192 -3514 0
8192 -3512 0
8192 -3510 0
8192 -3508 0
8192 -3506 0
8192 -3504 0
8192 -3502 0
8192 -3500 0
8192 -3498 0
8192 -3496 0
8192 -3494 0
8192 -3492 0
8192 -3490 0
8192 -3488 0
8192 -3486 0
8192 -3484 0
8192 -3482 0
8192 -3480 0
8192 -3478 0
8192 -3476 0
8192 -3474 0
8192 -3472 0
8192 -3470 0
8192 -3468 0
8192 -3466 0
8192 -3464 0
8192 -3462 0
8192 -3460 0
8192 -3458 0
8192 -3456 0
8192 -3454 0
8192 -3452 0
8192 -3450 0
8192 -3448 0
8192 -3446 0
8192 -3444 0
8192 -3442 0
8192 -3440 0
8192 -3438 0
8192 -3436 0
8192 -3434 0
8192 -3432 0
8192 -3430 0
8192 -3428 0
8192 -3426 0
8192 -3424 0
8192 -3422 0
8192 -3420 0
8192 -3418 0
8192 -3416 0
8192 -3414 0
8192 -3412 0
8192 -3410 0
8192 -3408 0
8192 -3406 0
8192 -3404 0
8192 -3402 0
8192 -3400 0
8192 -3398 0
8192 -3396 0
8192 -3394 0
8192 -3392 0
8192 -3390 0
8192 -3388 0
8192 -3386 0
8192 -3384 0
8192 -3382 0
8192 -3380 0
8192 -3378 0
8192 -3376 0
8192 -3374 0
8192 -3372 0
8192 -3370 0
8192 -3368 0
8192 -3366 0
8192 -3364 0
8192 -3362 0
8192 -3360 0
8192 -3358 0
8192 -3356 0
8192 -3354 0
8192 -3352 0
8192 -3350 0
8192 -3348 0
8192 -3346 0
8192 -3344 0
8192 -3342 0
8192 -3340 0
8192 -3338 0
8192 -3336 0
8192 -3334 0
8192 -3332 0
8192 -3330 0
8192 -3328 0
8192 -3326 0
8192 -3324 0
8192 -3322 0
8192 -3320 0
8192 -3318 0
8192 -3316 0
8192 -3314 0
8192 -3312 0
8192 -3310 0
8192 -3308 0
8192 -3306 0
8192 -3304 0
8192 -3302 0
8192 -3300 0
8192 -3298 0
8192 -3296 0
8192 -3294 0
8192 -3292 0
8192 -3290 0
8192 -3288 0
8192 -3286 0
8192 -3284 0
8192 -3282 0
8192 -3280 0
8192 -3278 0
8192 -3276 0
8192 -3274 0
8192 -3272 0
8192 -3270 0
8192 -3268 0
8192 -3266 0
8192 -3264 0
8192 -3262 0
8192 -3260 0
8192 -3258 0
8192 -3256 0
8192 -3254 0
8192 -3252 0
8192 -3250 0
8192 -3248 0
8192 -3246 0
8192 -3244 0
8192 -3242 0
8192 -3240 0
8192 -3238 0
8192 -3236 0
8192 -3234 0
8192 -3232 0
8192 -3230 0
8192 -3228 0
8192 -3226 0
8192 -3224 0
8192 -3222 0
8192 -3220 0
8192 -3218 0
8192 -3216 0
8192 -3214 0
8192 -3212 0
8192 -3210 0
8192 -3208 0
8192 -3206 0
8192 -3204 0
8192 -3202 0
8192 -3200 0
8192 -3198 0
8192 -3196 0
8192 -3194 0
8192 -3192 0
8192 -3190 0
8192 -3188 0
8192 -3186 0
8192 -3184 0
8192 -3182 0
8192 -3180 0
8192 -3178 0
8192 -3176 0
8192 -3174 0
8192 -3172 0
8192 -3170 0
8192 -3168 0
8192 -3166 0
8192 -3164 0
8192 -3162 0
8192 -3160 0
8192 -3158 0
8192 -3156 0
8192 -3154 0
8192 -3152 0
8192 -3150 0
8192 -3148 0
8192 -3146 0
8192 -3144 0
8192 -3142 0
8192 -3140 0
8192 -3138 0
8192 -3136 0
8192 -3134 0
8192 -3132 0
8192 -3130 0
8192 -3128 0
8192 -3126 0
8192 -3124 0
8192 -3122 0
8192 -3120 0
8192 -3118 0
8192 -3116 0
8192 -3114 0
8192 -3112 0
8192 -3110 0
8192 -3108 0
8192 -3106 0
8192 -3104 0
8192 -3102 0
8192 -3100 0
8192 -3098 0
8192 -3096 0
8192 -3094 0
8192 -3092 0
8192 -3090 0
8192 -3088 0
8192 -3086 0
8192 -3084 0
8192 -3082 0
8192 -3080 0
8192 -3078 0
8192 -3076 0
8192 -3074 0
8192 -3072 0
8192 -3070 0
8192 -3068 0
8192 -3066 0
8192 -3064 0
8192 -3062 0
8192 -3060 0
8192 -3058 0
8192 -3056 0
8192 -3054 0
8192 -3052 0
8192 -3050 0
8192 -3048 0
8192 -3046 0
8192 -3044 0
8192 -3042 0
8192 -3040 0
8192 -3038 0
8192 -3036 0
8192 -3034 0
8192 -3032 0
8192 -3030 0
8192 -3028 0
8192 -3026 0
8192 -3024 0
8192 -3022 0
8192 -3020 0
8192 -3018 0
8192 -3016 0
8192 -3014 0
8192 -3012 0
8192 -3010 0
8192 -3008 0
8192 -3006 0
8192 -3004 0
8192 -3002 0
8192 -3000 0
8192 -2998 0
8192 -2996 0
8192 -2994 0
8192 -2992 0
8192 -2990 0
8192 -2988 0
8192 -2986 0
8192 -2984 0
8192 -2982 0
8192 -2980 0
8192 -2978 0
8192 -2976 0
8192 -2974 0
8192 -2972 0
8192 -2970 0
8192 -2968 0
8192 -2966 0
8192 -2964 0
8192 -2962 0
8192 -2960 0
8192 -2958 0
8192 -2956 0
8192 -2954 0
8192 -2952 0
8192 -2950 0
8192 -2948 0
8192 -2946 0
8192 -2944 0
8192 -2942 0
8192 -2940 0
8192 -2938 0
8192 -2936 0
8192 -2934 0
8192 -2932 0
8192 -2930 0
8192 -2928 0
8192 -2926 0
8192 -2924 0
8192 -2922 0
8192 -2920 0
8192 -2918 0
8192 -2916 0
8192 -2914 0
8192 -2912 0
8192 -2910 0
8192 -2908 0
8192 -2906 0
8192 -2904 0
8192 -2902 0
8192 -2900 0
8192 -2898 0
8192 -2896 0
8192 -2894 0
8192 -2892 0
8192 -2890 0
8192 -2888 0
8192 -2886 0
8192 -2884 0
8192 -2882 0
8192 -2880 0
8192 -2878 0
8192 -2876 0
8192 -2874 0
8192 -2872 0
8192 -2870 0
8192 -2868 0
8192 -2866 0
8192 -2864 0
8192 -2862 0
8192 -2860 0
8192 -2858 0
8192 -2856 0
8192 -2854 0
8192 -2852 0
8192 -2850 0
8192 -2848 0
8192 -2846 0
8192 -2844 0
8192 -2842 0
8192 -2840 0
8192 -2838 0
8192 -2836 0
8192 -2834 0
8192 -2832 0
8192 -2830 0
8192 -2828 0
8192 -2826 0
8192 -2824 0
8192 -2822 0
8192 -2820 0
8192 -2818 0
8192 -2816 0
8192 -2814 0
8192 -2812 0
8192 -2810 0
8192 -2808 0
8192 -2806 0
8192 -2804 0
8192 -2802 0
8192 -2800 0
8192 -2798 0
8192 -2796 0
8192 -2794 0
8192 -2792 0
8192 -2790 0
8192 -2788 0
8192 -2786 0
8192 -2784 0
8192 -2782 0
8192 -2780 0
8192 -2778 0
8192 -2776 0
8192 -2774 0
8192 -2772 0
8192 -2770 0
8192 -2768 0
8192 -2766 0
8192 -2764 0
8192 -2762 0
8192 -2760 0
8192 -2758 0
8192 -2756 0
8192 -2754 0
8192 -2752 0
8192 -2750 0
8192 -2748 0
8192 -2746 0
8192 -2744 0
8192 -2742 0
8192 -2740 0
8192 -2738 0
8192 -2736 0
8192 -2734 0
8192 -2732 0
8192 -2730 0
8192 -2728 0
8192 -2726 0
8192 -2724 0
8192 -2722 0
8192 -2720 0
8192 -2718 0
8192 -2716 0
8192 -2714 0
8192 -2712 0
8192 -2710 0
8192 -2708 0
8192 -2706 0
8192 -2704 0
8192 -2702 0
8192 -2700 0
8192 -2698 0
8192 -2696 0
8192 -2694 0
8192 -2692 0
8192 -2690 0
8192 -2688 0
8192 -2686 0
8192 -2684 0
8192 -2682 0
8192 -2680 0
8192 -2678 0
8192 -2676 0
8192 -2674 0
8192 -2672 0
8192 -2670 0
8192 -2668 0
8192 -2666 0
8192 -2664 0
8192 -2662 0
8192 -2660 0
8192 -2658 0
8192 -2656 0
8192 -2654 0
8192 -2652 0
8192 -2650 0
8192 -2648 0
8192 -2646 0
8192 -2644 0
8192 -2642 0
8192 -2640 0
8192 -2638 0
8192 -2636 0
8192 -2634 0
8192 -2632 0
8192 -2630 0
8192 -2628 0
8192 -2626 0
8192 -2624 0
8192 -2622 0
8192 -2620 0
8192 -2618 0
8192 -2616 0
8192 -2614 0
8192 -2612 0
8192 -2610 0
8192 -2608 0
8192 -2606 0
8192 -2604 0
8192 -2602 0
8192 -2600 0
8192 -2598 0
8192 -2596 0
8192 -2594 0
8192 -2592 0
8192 -2590 0
8192 -2588 0
8192 -2586 0
8192 -2584 0
8192 -2582 0
8192 -2580 0
8192 -2578 0
8192 -2576 0
8192 -2574 0
8192 -2572 0
8192 -2570 0
8192 -2568 0
8192 -2566 0
8192 -2564 0
8192 -2562 0
8192 -2560 0
8192 -2558 0
8192 -2556 0
8192 -2554 0
8192 -2552 0
8192 -2550 0
8192 -2548 0
8192 -2546 0
8192 -2544 0
8192 -2542 0
8192 -2540 0
8192 -2538 0
8192 -2536 0
8192 -2534 0
8192 -2532 0
8192 -2530 0
8192 -2528 0
8192 -2526 0
8192 -2524 0
8192 -2522 0
8192 -2520 0
8192 -2518 0
8192 -2516 0
8192 -2514 0
8192 -2512 0
8192 -2510 0
8192 -2508 0
8192 -2506 0
8192 -2504 0
8192 -2502 0
8192 -2500 0
8192 -2498 0
8192 -2496 0
8192 -2494 0
8192 -2492 0
8192 -2490 0
8192 -2488 0
8192 -2486 0
8192 -2484 0
8192 -2482 0
8192 -2480 0
8192 -2478 0
8192 -2476 0
8192 -2474 0
8192 -2472 0
8192 -2470 0
8192 -2468 0
8192 -2466 0
8192 -2464 0
8192 -2462 0
8192 -2460 0
8192 -2458 0
8192 -2456 0
8192 -2454 0
8192 -2452 0
8192 -2450 0
8192 -2448 0
8192 -2446 0
8192 -2444 0
8192 -2442 0
8192 -2440 0
8192 -2438 0
8192 -2436 0
8192 -2434 0
8192 -2432 0
8192 -2430 0
8192 -2428 0
8192 -2426 0
8192 -2424 0
8192 -2422 0
8192 -2420 0
8192 -2418 0
8192 -2416 0
8192 -2414 0
8192 -2412 0
8192 -2410 0
8192 -2408 0
8192 -2406 0
8192 -2404 0
8192 -2402 0
8192 -2400 0
8192 -2398 0
8192 -2396 0
8192 -2394 0
8192 -2392 0
8192 -2390 0
8192 -2388 0
8192 -2386 0
8192 -2384 0
8192 -2382 0
8192 -2380 0
8192 -2378 0
8192 -2376 0
8192 -2374 0
8192 -2372 0
8192 -2370 0
8192 -2368 0
8192 -2366 0
8192 -2364 0
8192 -2362 0
8192 -2360 0
8192 -2358 0
8192 -2356 0
8192 -2354 0
8192 -2352 0
8192 -2350 0
8192 -2348 0
8192 -2346 0
8192 -2344 0
8192 -2342 0
8192 -2340 0
8192 -2338 0
8192 -2336 0
8192 -2334 0
8192 -2332 0
8192 -2330 0
8192 -2328 0
8192 -2326 0
8192 -2324 0
8192 -2322 0
8192 -2320 0
8192 -2318 0
8192 -2316 0
8192 -2314 0
8192 -2312 0
8192 -2310 0
8192 -2308 0
8192 -2306 0
8192 -2304 0
8192 -2302 0
8192 -2300 0
8192 -2298 0
8192 -2296 0
8192 -2294 0
8192 -2292 0
8192 -2290 0
8192 -2288 0
8192 -2286 0
8192 -2284 0
8192 -2282 0
8192 -2280 0
8192 -2278 0
8192 -2276 0
8192 -2274 0
8192 -2272 0
8192 -2270 0
8192 -2268 0
8192 -2266 0
8192 -2264 0
8192 -2262 0
8192 -2260 0
8192 -2258 0
8192 -2256 0
8192 -2254 0
8192 -2252 0
8192 -2250 0
8192 -2248 0
8192 -2246 0
8192 -2244 0
8192 -2242 0
8192 -2240 0
8192 -2238 0
8192 -2236 0
8192 -2234 0
8192 -2232 0
8192 -2230 0
8192 -2228 0
8192 -2226 0
8192 -2224 0
8192 -2222 0
8192 -2220 0
8192 -2218 0
8192 -2216 0
8192 -2214 0
8192 -2212 0
8192 -2210 0
8192 -2208 0
8192 -2206 0
8192 -2204 0
8192 -2202 0
8192 -2200 0
8192 -2198 0
8192 -2196 0
8192 -2194 0
8192 -2192 0
8192 -2190 0
8192 -2188 0
8192 -2186 0
8192 -2184 0
8192 -2182 0
8192 -2180 0
8192 -2178 0
8192 -2176 0
8192 -2174 0
8192 -2172 0
8192 -2170 0
8192 -2168 0
8192 -2166 0
8192 -2164 0
8192 -2162 0
8192 -2160 0
8192 -2158 0
8192 -2156 0
8192 -2154 0
8192 -2152 0
8192 -2150 0
8192 -2148 0
8192 -2146 0
8192 -2144 0
8192 -2142 0
8192 -2140 0
8192 -2138 0
8192 -2136 0
8192 -2134 0
8192 -2132 0
8192 -2130 0
8192 -2128 0
8192 -2126 0
8192 -2124 0
8192 -2122 0
8192 -2120 0
8192 -2118 0
8192 -2116 0
8192 -2114 0
8192 -2112 0
8192 -2110 0
8192 -2108 0
8192 -2106 0
8192 -2104 0
8192 -2102 0
8192 -2100 0
8192 -2098 0
8192 -2096 0
8192 -2094 0
8192 -2092 0
8192 -2090 0
8192 -2088 0
8192 -2086 0
8192 -2084 0
8192 -2082 0
8192 -2080 0
8192 -2078 0
8192 -2076 0
8192 -2074 0
8192 -2072 0
8192 -2070 0
8192 -2068 0
8192 -2066 0
8192 -2064 0
8192 -2062 0
8192 -2060 0
8192 -2058 0
8192 -2056 0
8192 -2054 0
8192 -2052 0
8192 -2050 0
8192 -2048 0
8192 -2046 0
8192 -2044 0
8192 -2042 0
8192 -2040 0
8192 -2038 0
8192 -2036 0
8192 -2034 0
8192 -2032 0
8192 -2030 0
8192 -2028 0
8192 -2026 0
8192 -2024 0
8192 -2022 0
8192 -2020 0
8192 -2018 0
8192 -2016 0
8192 -2014 0
8192 -2012 0
8192 -2010 0
8192 -2008 0
8192 -2006 0
8192 -2004 0
8192 -2002 0
8192 -2000 0
8192 -1998 0
8192 -1996 0
8192 -1994 0
8192 -1992 0
8192 -1990 0
8192 -1988 0
8192 -1986 0
8192 -1984 0
8192 -1982 0
8192 -1980 0
8192 -1978 0
8192 -1976 0
8192 -1974 0
8192 -1972 0
8192 -1970 0
8192 -1968 0
8192 -1966 0
8192 -1964 0
8192 -1962 0
8192 -1960 0
8192 -1958 0
8192 -1956 0
8192 -1954 0
8192 -1952 0
8192 -1950 0
8192 -1948 0
8192 -1946 0
8192 -1944 0
8192 -1942 0
8192 -1940 0
8192 -1938 0
8192 -1936 0
8192 -1934 0
8192 -1932 0
8192 -1930 0
8192 -1928 0
8192 -1926 0
8192 -1924 0
8192 -1922 0
8192 -1920 0
8192 -1918 0
8192 -1916 0
8192 -1914 0
8192 -1912 0
8192 -1910 0
8192 -1908 0
8192 -1906 0
8192 -1904 0
8192 -1902 0
8192 -1900 0
8192 -1898 0
8192 -1896 0
8192 -1894 0
8192 -1892 0
8192 -1890 0
8192 -1888 0
8192 -1886 0
8192 -1884 0
8192 -1882 0
8192 -1880 0
8192 -1878 0
8192 -1876 0
8192 -1874 0
8192 -1872 0
8192 -1870 0
8192 -1868 0
8192 -1866 0
8192 -1864 0
8192 -1862 0
8192 -1860 0
8192 -1858 0
8192 -1856 0
8192 -1854 0
8192 -1852 0
8192 -1850 0
8192 -1848 0
8192 -1846 0
8192 -1844 0
8192 -1842 0
8192 -1840 0
8192 -1838 0
8192 -1836 0
8192 -1834 0
8192 -1832 0
8192 -1830 0
8192 -1828 0
8192 -1826 0
8192 -1824 0
8192 -1822 0
8192 -1820 0
8192 -1818 0
8192 -1816 0
8192 -1814 0
8192 -1812 0
8192 -1810 0
8192 -1808 0
8192 -1806 0
8192 -1804 0
8192 -1802 0
8192 -1800 0
8192 -1798 0
8192 -1796 0
8192 -1794 0
8192 -1792 0
8192 -1790 0
8192 -1788 0
8192 -1786 0
8192 -1784 0
8192 -1782 0
8192 -1780 0
8192 -1778 0
8192 -1776 0
8192 -1774 0
8192 -1772 0
8192 -1770 0
8192 -1768 0
8192 -1766 0
8192 -1764 0
8192 -1762 0
8192 -1760 0
8192 -1758 0
8192 -1756 0
8192 -1754 0
8192 -1752 0
8192 -1750 0
8192 -1748 0
8192 -1746 0
8192 -1744 0
8192 -1742 0
8192 -1740 0
8192 -1738 0
8192 -1736 0
8192 -1734 0
8192 -1732 0
8192 -1730 0
8192 -1728 0
8192 -1726 0
8192 -1724 0
8192 -1722 0
8192 -1720 0
8192 -1718 0
8192 -1716 0
8192 -1714 0
8192 -1712 0
8192 -1710 0
8192 -1708 0
8192 -1706 0
8192 -1704 0
8192 -1702 0
8192 -1700 0
8192 -1698 0
8192 -1696 0
8192 -1694 0
8192 -1692 0
8192 -1690 0
8192 -1688 0
8192 -1686 0
8192 -1684 0
8192 -1682 0
8192 -1680 0
8192 -1678 0
8192 -1676 0
8192 -1674 0
8192 -1672 0
8192 -1670 0
8192 -1668 0
8192 -1666 0
8192 -1664 0
8192 -1662 0
8192 -1660 0
8192 -1658 0
8192 -1656 0
8192 -1654 0
8192 -1652 0
8192 -1650 0
8192 -1648 0
8192 -1646 0
8192 -1644 0
8192 -1642 0
8192 -1640 0
8192 -1638 0
8192 -1636 0
8192 -1634 0
8192 -1632 0
8192 -1630 0
8192 -1628 0
8192 -1626 0
8192 -1624 0
8192 -1622 0
8192 -1620 0
8192 -1618 0
8192 -1616 0
8192 -1614 0
8192 -1612 0
8192 -1610 0
8192 -1608 0
8192 -1606 0
8192 -1604 0
8192 -1602 0
8192 -1600 0
8192 -1598 0
8192 -1596 0
8192 -1594 0
8192 -1592 0
8192 -1590 0
8192 -1588 0
8192 -1586 0
8192 -1584 0
8192 -1582 0
8192 -1580 0
8192 -1578 0
8192 -1576 0
8192 -1574 0
8192 -1572 0
8192 -1570 0
8192 -1568 0
8192 -1566 0
8192 -1564 0
8192 -1562 0
8192 -1560 0
8192 -1558 0
8192 -1556 0
8192 -1554 0
8192 -1552 0
8192 -1550 0
8192 -1548 0
8192 -1546 0
8192 -1544 0
8192 -1542 0
8192 -1540 0
8192 -1538 0
8192 -1536 0
8192 -1534 0
8192 -1532 0
8192 -1530 0
8192 -1528 0
8192 -1526 0
8192 -1524 0
8192 -1522 0
8192 -1520 0
8192 -1518 0
8192 -1516 0
8192 -1514 0
8192 -1512 0
8192 -1510 0
8192 -1508 0
8192 -1506 0
8192 -1504 0
8192 -1502 0
8192 -1500 0
8192 -1498 0
8192 -1496 0
8192 -1494 0
8192 -1492 0
8192 -1490 0
8192 -1488 0
8192 -1486 0
8192 -1484 0
8192 -1482 0
8192 -1480 0
8192 -1478 0
8192 -1476 0
8192 -1474 0
8192 -1472 0
8192 -1470 0
8192 -1468 0
8192 -1466 0
8192 -1464 0
8192 -1462 0
8192 -1460 0
8192 -1458 0
8192 -1456 0
8192 -1454 0
8192 -1452 0
8192 -1450 0
8192 -1448 0
8192 -1446 0
8192 -1444 0
8192 -1442 0
8192 -1440 0
8192 -1438 0
8192 -1436 0
8192 -1434 0
8192 -1432 0
8192 -1430 0
8192 -1428 0
8192 -1426 0
8192 -1424 0
8192 -1422 0
8192 -1420 0
8192 -1418 0
8192 -1416 0
8192 -1414 0
8192 -1412 0
8192 -1410 0
8192 -1408 0
8192 -1406 0
8192 -1404 0
8192 -1402 0
8192 -1400 0
8192 -1398 0
8192 -1396 0
8192 -1394 0
8192 -1392 0
8192 -1390 0
8192 -1388 0
8192 -1386 0
8192 -1384 0
8192 -1382 0
8192 -1380 0
8192 -1378 0
8192 -1376 0
8192 -1374 0
8192 -1372 0
8192 -1370 0
8192 -1368 0
8192 -1366 0
8192 -1364 0
8192 -1362 0
8192 -1360 0
8192 -1358 0
8192 -1356 0
8192 -1354 0
8192 -1352 0
8192 -1350 0
8192 -1348 0
8192 -1346 0
8192 -1344 0
8192 -1342 0
8192 -1340 0
8192 -1338 0
8192 -1336 0
8192 -1334 0
8192 -1332 0
8192 -1330 0
8192 -1328 0
8192 -1326 0
8192 -1324 0
8192 -1322 0
8192 -1320 0
8192 -1318 0
8192 -1316 0
8192 -1314 0
8192 -1312 0
8192 -1310 0
8192 -1308 0
8192 -1306 0
8192 -1304 0
8192 -1302 0
8192 -1300 0
8192 -1298 0
8192 -1296 0
8192 -1294 0
8192 -1292 0
8192 -1290 0
8192 -1288 0
8192 -1286 0
8192 -1284 0
8192 -1282 0
8192 -1280 0
8192 -1278 0
8192 -1276 0
8192 -1274 0
8192 -1272 0
8192 -1270 0
8192 -1268 0
8192 -1266 0
8192 -1264 0
8192 -1262 0
8192 -1260 0
8192 -1258 0
8192 -1256 0
8192 -1254 0
8192 -1252 0
8192 -1250 0
8192 -1248 0
8192 -1246 0
8192 -1244 0
8192 -1242 0
8192 -1240 0
8192 -1238 0
8192 -1236 0
8192 -1234 0
8192 -1232 0
8192 -1230 0
8192 -1228 0
8192 -1226 0
8192 -1224 0
8192 -1222 0
8192 -1220 0
8192 -1218 0
8192 -1216 0
8192 -1214 0
8192 -1212 0
8192 -1210 0
8192 -1208 0
8192 -1206 0
8192 -1204 0
8192 -1202 0
8192 -1200 0
8192 -1198 0
8192 -1196 0
8192 -1194 0
8192 -1192 0
8192 -1190 0
8192 -1188 0
8192 -1186 0
8192 -1184 0
8192 -1182 0
8192 -1180 0
8192 -1178 0
8192 -1176 0
8192 -1174 0
8192 -1172 0
8192 -1170 0
8192 -1168 0
8192 -1166 0
8192 -1164 0
8192 -1162 0
8192 -1160 0
8192 -1158 0
8192 -1156 0
8192 -1154 0
8192 -1152 0
8192 -1150 0
8192 -1148 0
8192 -1146 0
8192 -1144 0
8192 -1142 0
8192 -1140 0
8192 -1138 0
8192 -1136 0
8192 -1134 0
8192 -1132 0
8192 -1130 0
8192 -1128 0
8192 -1126 0
8192 -1124 0
8192 -1122 0
8192 -1120 0
8192 -1118 0
8192 -1116 0
8192 -1114 0
8192 -1112 0
8192 -1110 0
8192 -1108 0
8192 -1106 0
8192 -1104 0
8192 -1102 0
8192 -1100 0
8192 -1098 0
8192 -1096 0
8192 -1094 0
8192 -1092 0
8192 -1090 0
8192 -1088 0
8192 -1086 0
8192 -1084 0
8192 -1082 0
8192 -1080 0
8192 -1078 0
8192 -1076 0
8192 -1074 0
8192 -1072 0
8192 -1070 0
8192 -1068 0
8192 -1066 0
8192 -1064 0
8192 -1062 0
8192 -1060 0
8192 -1058 0
8192 -1056 0
8192 -1054 0
8192 -1052 0
8192 -1050 0
8192 -1048 0
8192 -1046 0
8192 -1044 0
8192 -1042 0
8192 -1040 0
8192 -1038 0
8192 -1036 0
8192 -1034 0
8192 -1032 0
8192 -1030 0
8192 -1028 0
8192 -1026 0
8192 -1024 0
8192 -1022 0
8192 -1020 0
8192 -1018 0
8192 -1016 0
8192 -1014 0
8192 -1012 0
8192 -1010 0
8192 -1008 0
8192 -1006 0
8192 -1004 0
8192 -1002 0
8192 -1000 0
8192 -998 0
8192 -996 0
8192 -994 0
8192 -992 0
8192 -990 0
8192 -988 0
8192 -986 0
8192 -984 0
8192 -982 0
8192 -980 0
8192 -978 0
8192 -976 0
8192 -974 0
8192 -972 0
8192 -970 0
8192 -968 0
8192 -966 0
8192 -964 0
8192 -962 0
8192 -960 0
8192 -958 0
8192 -956 0
8192 -954 0
8192 -952 0
8192 -950 0
8192 -948 0
8192 -946 0
8192 -944 0
8192 -942 0
8192 -940 0
8192 -938 0
8192 -936 0
8192 -934 0
8192 -932 0
8192 -930 0
8192 -928 0
8192 -926 0
8192 -924 0
8192 -922 0
8192 -920 0
8192 -918 0
8192 -916 0
8192 -914 0
8192 -912 0
8192 -910 0
8192 -908 0
8192 -906 0
8192 -904 0
8192 -902 0
8192 -900 0
8192 -898 0
8192 -896 0
8192 -894 0
8192 -892 0
8192 -890 0
8192 -888 0
8192 -886 0
8192 -884 0
8192 -882 0
8192 -880 0
8192 -878 0
8192 -876 0
8192 -874 0
8192 -872 0
8192 -870 0
8192 -868 0
8192 -866 0
8192 -864 0
8192 -862 0
8192 -860 0
8192 -858 0
8192 -856 0
8192 -854 0
8192 -852 0
8192 -850 0
8192 -848 0
8192 -846 0
8192 -844 0
8192 -842 0
8192 -840 0
8192 -838 0
8192 -836 0
8192 -834 0
8192 -832 0
8192 -830 0
8192 -828 0
8192 -826 0
8192 -824 0
8192 -822 0
8192 -820 0
8192 -818 0
8192 -816 0
8192 -814 0
8192 -812 0
8192 -810 0
8192 -808 0
8192 -806 0
8192 -804 0
8192 -802 0
8192 -800 0
8192 -798 0
8192 -796 0
8192 -794 0
8192 -792 0
8192 -790 0
8192 -788 0
8192 -786 0
8192 -784 0
8192 -782 0
8192 -780 0
8192 -778 0
8192 -776 0
8192 -774 0
8192 -772 0
8192 -770 0
8192 -768 0
8192 -766 0
8192 -764 0
8192 -762 0
8192 -760 0
8192 -758 0
8192 -756 0
8192 -754 0
8192 -752 0
8192 -750 0
8192 -748 0
8192 -746 0
8192 -744 0
8192 -742 0
8192 -740 0
8192 -738 0
8192 -736 0
8192 -734 0
8192 -732 0
8192 -730 0
8192 -728 0
8192 -726 0
8192 -724 0
8192 -722 0
8192 -720 0
8192 -718 0
8192 -716 0
8192 -714 0
8192 -712 0
8192 -710 0
8192 -708 0
8192 -706 0
8192 -704 0
8192 -702 0
8192 -700 0
8192 -698 0
8192 -696 0
8192 -694 0
8192 -692 0
8192 -690 0
8192 -688 0
8192 -686 0
8192 -684 0
8192 -682 0
8192 -680 0
8192 -678 0
8192 -676 0
8192 -674 0
8192 -672 0
8192 -670 0
8192 -668 0
8192 -666 0
8192 -664 0
8192 -662 0
8192 -660 0
8192 -658 0
8192 -656 0
8192 -654 0
8192 -652 0
8192 -650 0
8192 -648 0
8192 -646 0
8192 -644 0
8192 -642 0
8192 -640 0
8192 -638 0
8192 -636 0
8192 -634 0
8192 -632 0
8192 -630 0
8192 -628 0
8192 -626 0
8192 -624 0
8192 -622 0
8192 -620 0
8192 -618 0
8192 -616 0
8192 -614 0
8192 -612 0
8192 -610 0
8192 -608 0
8192 -606 0
8192 -604 0
8192 -602 0
8192 -600 0
8192 -598 0
8192 -596 0
8192 -594 0
8192 -592 0
8192 -590 0
8192 -588 0
8192 -586 0
8192 -584 0
8192 -582 0
8192 -580 0
8192 -578 0
8192 -576 0
8192 -574 0
8192 -572 0
8192 -570 0
8192 -568 0
8192 -566 0
8192 -564 0
8192 -562 0
8192 -560 0
8192 -558 0
8192 -556 0
8192 -554 0
8192 -552 0
8192 -550 0
8192 -548 0
8192 -546 0
8192 -544 0
8192 -542 0
8192 -540 0
8192 -538 0
8192 -536 0
8192 -534 0
8192 -532 0
8192 -530 0
8192 -528 0
8192 -526 0
8192 -524 0
8192 -522 0
8192 -520 0
8192 -518 0
8192 -516 0
8192 -514 0
8192 -512 0
8192 -510 0
8192 -508 0
8192 -506 0
8192 -504 0
8192 -502 0
8192 -500 0
8192 -498 0
8192 -496 0
8192 -494 0
8192 -492 0
8192 -490 0
8192 -488 0
8192 -486 0
8192 -484 0
8192 -482 0
8192 -480 0
8192 -478 0
8192 -476 0
8192 -474 0
8192 -472 0
8192 -470 0
8192 -468 0
8192 -466 0
8192 -464 0
8192 -462 0
8192 -460 0
8192 -458 0
8192 -456 0
8192 -454 0
8192 -452 0
8192 -450 0
8192 -448 0
8192 -446 0
8192 -444 0
8192 -442 0
8192 -440 0
8192 -438 0
8192 -436 0
8192 -434 0
8192 -432 0
8192 -430 0
8192 -428 0
8192 -426 0
8192 -424 0
8192 -422 0
8192 -420 0
8192 -418 0
8192 -416 0
8192 -414 0
8192 -412 0
8192 -410 0
8192 -408 0
8192 -406 0
8192 -404 0
8192 -402 0
8192 -400 0
8192 -398 0.0001
8192 -396 0
8192 -394 0
8192 -392 0
8192 -390 0
8192 -388 0
8192 -386 0
8192 -384 0
8192 -382 0
8192 -380 0
8192 -378 0
8192 -376 0
8192 -374 0
8192 -372 0
8192 -370 0
8192 -368 0
8192 -366 0
8192 -364 0
8192 -362 0
8192 -360 0
8192 -358 0
8192 -356 0
8192 -354 0
8192 -352 0
8192 -350 0
8192 -348 0
8192 -346 0
8192 -344 0
8192 -342 0
8192 -340 0
8192 -338 0
8192 -336 0
8192 -334 0
8192 -332 0
8192 -330 0
8192 -328 0
8192 -326 0
8192 -324 0
8192 -322 0
8192 -320 0
8192 -318 0
8192 -316 0
8192 -314 0.0001
8192 -312 0
8192 -310 0.0001
8192 -308 0.0001
8192 -306 0
8192 -304 0
8192 -302 0.0001
8192 -300 0
8192 -298 0
8192 -296 0
8192 -294 0.0001
8192 -292 0.0001
8192 -290 0.0001
8192 -288 0
8192 -286 0
8192 -284 0
8192 -282 0
8192 -280 0
8192 -278 0
8192 -276 0.0001
8192 -274 0
8192 -272 0.0001
8192 -270 0.0001
8192 -268 0.0003
8192 -266 0.0001
8192 -264 0.0001
8192 -262 0.0003
8192 -260 0.0001
8192 -258 0.0003
8192 -256 0
8192 -254 0.0002
8192 -252 0.0007
8192 -250 0
8192 -248 0
8192 -246 0.0004
8192 -244 0
8192 -242 0.0004
8192 -240 0
8192 -238 0.0002
8192 -236 0.0005
8192 -234 0.0003
8192 -232 0.0003
8192 -230 0.0005
8192 -228 0.0006
8192 -226 0.0004
8192 -224 0
8192 -222 0.0002
8192 -220 0.0006
8192 -218 0.0002
8192 -216 0.0005
8192 -214 0.0004
8192 -212 0.0005
8192 -210 0.0011
8192 -208 0.0007
8192 -206 0.0009
8192 -204 0.0011
8192 -202 0.0005
8192 -200 0.0008
8192 -198 0.0007
8192 -196 0.0006
8192 -194 0.0003
8192 -192 0.0009
8192 -190 0.0008
8192 -188 0.0009
8192 -186 0.0014
8192 -184 0.0012
8192 -182 0.0011
8192 -180 0.0016
8192 -178 0.0014
8192 -176 0.002
8192 -174 0.0018
8192 -172 0.0018
8192 -170 0.0016
8192 -168 0.0019
8192 -166 0.0013
8192 -164 0.002
8192 -162 0.0021
8192 -160 0.0014
8192 -158 0.0017
8192 -156 0.0014
8192 -154 0.0025
8192 -152 0.0022
8192 -150 0.002
8192 -148 0.0019
8192 -146 0.0025
8192 -144 0.0028
8192 -142 0.0036
8192 -140 0.0024
8192 -138 0.0025
8192 -136 0.0035
8192 -134 0.0032
8192 -132 0.0034
8192 -130 0.0029
8192 -128 0.002
8192 -126 0.0032
8192 -124 0.0033
8192 -122 0.0034
8192 -120 0.0035
8192 -118 0.0043
8192 -116 0.0039
8192 -114 0.0041
8192 -112 0.0049
8192 -110 0.0042
8192 -108 0.003
8192 -106 0.005
8192 -104 0.0038
8192 -102 0.0043
8192 -100 0.005
8192 -98 0.0057
8192 -96 0.0054
8192 -94 0.0065
8192 -92 0.005
8192 -90 0.0061
8192 -88 0.005
8192 -86 0.0059
8192 -84 0.0063
8192 -82 0.0058
8192 -80 0.0066
8192 -78 0.0071
8192 -76 0.0047
8192 -74 0.007
8192 -72 0.0058
8192 -70 0.0046
8192 -68 0.0063
8192 -66 0.0061
8192 -64 0.0058
8192 -62 0.0061
8192 -60 0.0073
8192 -58 0.0085
8192 -56 0.0086
8192 -54 0.0088
8192 -52 0.0073
8192 -50 0.0081
8192 -48 0.0092
8192 -46 0.0074
8192 -44 0.0065
8192 -42 0.0092
8192 -40 0.0074
8192 -38 0.008
8192 -36 0.0073
8192 -34 0.0066
8192 -32 0.0057
8192 -30 0.0076
8192 -28 0.0073
8192 -26 0.01
8192 -24 0.0086
8192 -22 0.0087
8192 -20 0.0083
8192 -18 0.01
8192 -16 0.0084
8192 -14 0.0091
8192 -12 0.0077
8192 -10 0.008
8192 -8 0.007
8192 -6 0.0104
8192 -4 0.0086
8192 -2 0.0086
8192 0 0.008
8192 2 0.0096
8192 4 0.0099
8192 6 0.0081
8192 8 0.0087
8192 10 0.0097
8192 12 0.0088
8192 14 0.0089
8192 16 0.009
8192 18 0.009
8192 20 0.0098
8192 22 0.0066
8192 24 0.0086
8192 26 0.0093
8192 28 0.0089
8192 30 0.0087
8192 32 0.0065
8192 34 0.0087
8192 36 0.0078
8192 38 0.0074
8192 40 0.0091
8192 42 0.009
8192 44 0.0095
8192 46 0.0062
8192 48 0.0069
8192 50 0.0078
8192 52 0.0077
8192 54 0.0065
8192 56 0.0081
8192 58 0.0068
8192 60 0.0064
8192 62 0.0071
8192 64 0.0069
8192 66 0.0075
8192 68 0.0063
8192 70 0.0055
8192 72 0.0055
8192 74 0.0074
8192 76 0.0065
8192 78 0.0058
8192 80 0.0074
8192 82 0.007
8192 84 0.0054
8192 86 0.0049
8192 88 0.0059
8192 90 0.0052
8192 92 0.0058
8192 94 0.0051
8192 96 0.0045
8192 98 0.0035
8192 100 0.005
8192 102 0.0039
8192 104 0.0041
8192 106 0.0037
8192 108 0.0042
8192 110 0.0037
8192 112 0.0043
8192 114 0.0038
8192 116 0.0047
8192 118 0.004
8192 120 0.0034
8192 122 0.0029
8192 124 0.0037
8192 126 0.0032
8192 128 0.0034
8192 130 0.003
8192 132 0.0028
8192 134 0.002
8192 136 0.0036
8192 138 0.0035
8192 140 0.0032
8192 142 0.0025
8192 144 0.0021
8192 146 0.0027
8192 148 0.0031
8192 150 0.0029
8192 152 0.0022
8192 154 0.003
8192 156 0.0026
8192 158 0.0019
8192 160 0.0019
8192 162 0.0018
8192 164 0.002
8192 166 0.0012
8192 168 0.0012
8192 170 0.0011
8192 172 0.0018
8192 174 0.0014
8192 176 0.0016
8192 178 0.0014
8192 180 0.0009
8192 182 0.0009
8192 184 0.0014
8192 186 0.0009
8192 188 0.0009
8192 190 0.0013
8192 192 0.0009
8192 194 0.0009
8192 196 0.0007
8192 198 0.0006
8192 200 0.001
8192 202 0.0004
8192 204 0.0002
8192 206 0.0009
8192 208 0.0004
8192 210 0.0007
8192 212 0.0009
8192 214 0.001
8192 216 0.0006
8192 218 0.0005
8192 220 0.0003
8192 222 0.0004
8192 224 0.0004
8192 226 0.0001
8192 228 0.0005
8192 230 0.0002
8192 232 0.0002
8192 234 0.0004
8192 236 0.0003
8192 238 0.0003
8192 240 0.0003
8192 242 0.0004
8192 244 0
8192 246 0.0001
8192 248 0.0001
8192 250 0.0001
8192 252 0.0002
8192 254 0.0002
8192 256 0.0001
8192 258 0.0002
8192 260 0.0002
8192 262 0.0003
8192 264 0.0001
8192 266 0
8192 268 0
8192 270 0
8192 272 0.0001
8192 274 0.0001
8192 276 0
8192 278 0.0003
8192 280 0.0001
8192 282 0
8192 284 0
8192 286 0
8192 288 0
8192 290 0.0002
8192 292 0
8192 294 0.0001
8192 296 0.0002
8192 298 0
8192 300 0.0001
8192 302 0
8192 304 0
8192 306 0
8192 308 0
8192 310 0
8192 312 0
8192 314 0
8192 316 0.0001
8192 318 0
8192 320 0
8192 322 0
8192 324 0
8192 326 0
8192 328 0
8192 330 0.0001
8192 332 0
8192 334 0
8192 336 0
8192 338 0
8192 340 0
8192 342 0
8192 344 0
8192 346 0
8192 348 0
8192 350 0
8192 352 0
8192 354 0
8192 356 0
8192 358 0
8192 360 0
8192 362 0
8192 364 0
8192 366 0
8192 368 0
8192 370 0
8192 372 0
8192 374 0
8192 376 0
8192 378 0
8192 380 0
8192 382 0
8192 384 0
8192 386 0
8192 388 0
8192 390 0
8192 392 0
8192 394 0
8192 396 0
8192 398 0
8192 400 0
8192 402 0
8192 404 0
8192 406 0
8192 408 0
8192 410 0
8192 412 0
8192 414 0
8192 416 0
8192 418 0
8192 420 0
8192 422 0
8192 424 0
8192 426 0
8192 428 0
8192 430 0
8192 432 0
8192 434 0
8192 436 0
8192 438 0
8192 440 0
8192 442 0
8192 444 0
8192 446 0
8192 448 0
8192 450 0
8192 452 0
8192 454 0
8192 456 0
8192 458 0
8192 460 0
8192 462 0
8192 464 0
8192 466 0
8192 468 0
8192 470 0
8192 472 0
8192 474 0
8192 476 0
8192 478 0
8192 480 0
8192 482 0
8192 484 0
8192 486 0
8192 488 0
8192 490 0
8192 492 0
8192 494 0
8192 496 0
8192 498 0
8192 500 0
8192 502 0
8192 504 0
8192 506 0
8192 508 0
8192 510 0
8192 512 0
8192 514 0
8192 516 0
8192 518 0
8192 520 0
8192 522 0
8192 524 0
8192 526 0
8192 528 0
8192 530 0
8192 532 0
8192 534 0
8192 536 0
8192 538 0
8192 540 0
8192 542 0
8192 544 0
8192 546 0
8192 548 0
8192 550 0
8192 552 0
8192 554 0
8192 556 0
8192 558 0
8192 560 0
8192 562 0
8192 564 0
8192 566 0
8192 568 0
8192 570 0
8192 572 0
8192 574 0
8192 576 0
8192 578 0
8192 580 0
8192 582 0
8192 584 0
8192 586 0
8192 588 0
8192 590 0
8192 592 0
8192 594 0
8192 596 0
8192 598 0
8192 600 0
8192 602 0
8192 604 0
8192 606 0
8192 608 0
8192 610 0
8192 612 0
8192 614 0
8192 616 0
8192 618 0
8192 620 0
8192 622 0
8192 624 0
8192 626 0
8192 628 0
8192 630 0
8192 632 0
8192 634 0
8192 636 0
8192 638 0
8192 640 0
8192 642 0
8192 644 0
8192 646 0
8192 648 0
8192 650 0
8192 652 0
8192 654 0
8192 656 0
8192 658 0
8192 660 0
8192 662 0
8192 664 0
8192 666 0
8192 668 0
8192 670 0
8192 672 0
8192 674 0
8192 676 0
8192 678 0
8192 680 0
8192 682 0
8192 684 0
8192 686 0
8192 688 0
8192 690 0
8192 692 0
8192 694 0
8192 696 0
8192 698 0
8192 700 0
8192 702 0
8192 704 0
8192 706 0
8192 708 0
8192 710 0
8192 712 0
8192 714 0
8192 716 0
8192 718 0
8192 720 0
8192 722 0
8192 724 0
8192 726 0
8192 728 0
8192 730 0
8192 732 0
8192 734 0
8192 736 0
8192 738 0
8192 740 0
8192 742 0
8192 744 0
8192 746 0
8192 748 0
8192 750 0
8192 752 0
8192 754 0
8192 756 0
8192 758 0
8192 760 0
8192 762 0
8192 764 0
8192 766 0
8192 768 0
8192 770 0
8192 772 0
8192 774 0
8192 776 0
8192 778 0
8192 780 0
8192 782 0
8192 784 0
8192 786 0
8192 788 0
8192 790 0
8192 792 0
8192 794 0
8192 796 0
8192 798 0
8192 800 0
8192 802 0
8192 804 0
8192 806 0
8192 808 0
8192 810 0
8192 812 0
8192 814 0
8192 816 0
8192 818 0
8192 820 0
8192 822 0
8192 824 0
8192 826 0
8192 828 0
8192 830 0
8192 832 0
8192 834 0
8192 836 0
8192 838 0
8192 840 0
8192 842 0
8192 844 0
8192 846 0
8192 848 0
8192 850 0
8192 852 0
8192 854 0
8192 856 0
8192 858 0
8192 860 0
8192 862 0
8192 864 0
8192 866 0
8192 868 0
8192 870 0
8192 872 0
8192 874 0
8192 876 0
8192 878 0
8192 880 0
8192 882 0
8192 884 0
8192 886 0
8192 888 0
8192 890 0
8192 892 0
8192 894 0
8192 896 0
8192 898 0
8192 900 0
8192 902 0
8192 904 0
8192 906 0
8192 908 0
8192 910 0
8192 912 0
8192 914 0
8192 916 0
8192 918 0
8192 920 0
8192 922 0
8192 924 0
8192 926 0
8192 928 0
8192 930 0
8192 932 0
8192 934 0
8192 936 0
8192 938 0
8192 940 0
8192 942 0
8192 944 0
8192 946 0
8192 948 0
8192 950 0
8192 952 0
8192 954 0
8192 956 0
8192 958 0
8192 960 0
8192 962 0
8192 964 0
8192 966 0
8192 968 0
8192 970 0
8192 972 0
8192 974 0
8192 976 0
8192 978 0
8192 980 0
8192 982 0
8192 984 0
8192 986 0
8192 988 0
8192 990 0
8192 992 0
8192 994 0
8192 996 0
8192 998 0
8192 1000 0
8192 1002 0
8192 1004 0
8192 1006 0
8192 1008 0
8192 1010 0
8192 1012 0
8192 1014 0
8192 1016 0
8192 1018 0
8192 1020 0
8192 1022 0
8192 1024 0
8192 1026 0
8192 1028 0
8192 1030 0
8192 1032 0
8192 1034 0
8192 1036 0
8192 1038 0
8192 1040 0
8192 1042 0
8192 1044 0
8192 1046 0
8192 1048 0
8192 1050 0
8192 1052 0
8192 1054 0
8192 1056 0
8192 1058 0
8192 1060 0
8192 1062 0
8192 1064 0
8192 1066 0
8192 1068 0
8192 1070 0
8192 1072 0
8192 1074 0
8192 1076 0
8192 1078 0
8192 1080 0
8192 1082 0
8192 1084 0
8192 1086 0
8192 1088 0
8192 1090 0
8192 1092 0
8192 1094 0
8192 1096 0
8192 1098 0
8192 1100 0
8192 1102 0
8192 1104 0
8192 1106 0
8192 1108 0
8192 1110 0
8192 1112 0
8192 1114 0
8192 1116 0
8192 1118 0
8192 1120 0
8192 1122 0
8192 1124 0
8192 1126 0
8192 1128 0
8192 1130 0
8192 1132 0
8192 1134 0
8192 1136 0
8192 1138 0
8192 1140 0
8192 1142 0
8192 1144 0
8192 1146 0
8192 1148 0
8192 1150 0
8192 1152 0
8192 1154 0
8192 1156 0
8192 1158 0
8192 1160 0
8192 1162 0
8192 1164 0
8192 1166 0
8192 1168 0
8192 1170 0
8192 1172 0
8192 1174 0
8192 1176 0
8192 1178 0
8192 1180 0
8192 1182 0
8192 1184 0
8192 1186 0
8192 1188 0
8192 1190 0
8192 1192 0
8192 1194 0
8192 1196 0
8192 1198 0
8192 1200 0
8192 1202 0
8192 1204 0
8192 1206 0
8192 1208 0
8192 1210 0
8192 1212 0
8192 1214 0
8192 1216 0
8192 1218 0
8192 1220 0
8192 1222 0
8192 1224 0
8192 1226 0
8192 1228 0
8192 1230 0
8192 1232 0
8192 1234 0
8192 1236 0
8192 1238 0
8192 1240 0
8192 1242 0
8192 1244 0
8192 1246 0
8192 1248 0
8192 1250 0
8192 1252 0
8192 1254 0
8192 1256 0
8192 1258 0
8192 1260 0
8192 1262 0
8192 1264 0
8192 1266 0
8192 1268 0
8192 1270 0
8192 1272 0
8192 1274 0
8192 1276 0
8192 1278 0
8192 1280 0
8192 1282 0
8192 1284 0
8192 1286 0
8192 1288 0
8192 1290 0
8192 1292 0
8192 1294 0
8192 1296 0
8192 1298 0
8192 1300 0
8192 1302 0
8192 1304 0
8192 1306 0
8192 1308 0
8192 1310 0
8192 1312 0
8192 1314 0
8192 1316 0
8192 1318 0
8192 1320 0
8192 1322 0
8192 1324 0
8192 1326 0
8192 1328 0
8192 1330 0
8192 1332 0
8192 1334 0
8192 1336 0
8192 1338 0
8192 1340 0
8192 1342 0
8192 1344 0
8192 1346 0
8192 1348 0
8192 1350 0
8192 1352 0
8192 1354 0
8192 1356 0
8192 1358 0
8192 1360 0
8192 1362 0
8192 1364 0
8192 1366 0
8192 1368 0
8192 1370 0
8192 1372 0
8192 1374 0
8192 1376 0
8192 1378 0
8192 1380 0
8192 1382 0
8192 1384 0
8192 1386 0
8192 1388 0
8192 1390 0
8192 1392 0
8192 1394 0
8192 1396 0
8192 1398 0
8192 1400 0
8192 1402 0
8192 1404 0
8192 1406 0
8192 1408 0
8192 1410 0
8192 1412 0
8192 1414 0
8192 1416 0
8192 1418 0
8192 1420 0
8192 1422 0
8192 1424 0
8192 1426 0
8192 1428 0
8192 1430 0
8192 1432 0
8192 1434 0
8192 1436 0
8192 1438 0
8192 1440 0
8192 1442 0
8192 1444 0
8192 1446 0
8192 1448 0
8192 1450 0
8192 1452 0
8192 1454 0
8192 1456 0
8192 1458 0
8192 1460 0
8192 1462 0
8192 1464 0
8192 1466 0
8192 1468 0
8192 1470 0
8192 1472 0
8192 1474 0
8192 1476 0
8192 1478 0
8192 1480 0
8192 1482 0
8192 1484 0
8192 1486 0
8192 1488 0
8192 1490 0
8192 1492 0
8192 1494 0
8192 1496 0
8192 1498 0
8192 1500 0
8192 1502 0
8192 1504 0
8192 1506 0
8192 1508 0
8192 1510 0
8192 1512 0
8192 1514 0
8192 1516 0
8192 1518 0
8192 1520 0
8192 1522 0
8192 1524 0
8192 1526 0
8192 1528 0
8192 1530 0
8192 1532 0
8192 1534 0
8192 1536 0
8192 1538 0
8192 1540 0
8192 1542 0
8192 1544 0
8192 1546 0
8192 1548 0
8192 1550 0
8192 1552 0
8192 1554 0
8192 1556 0
8192 1558 0
8192 1560 0
8192 1562 0
8192 1564 0
8192 1566 0
8192 1568 0
8192 1570 0
8192 1572 0
8192 1574 0
8192 1576 0
8192 1578 0
8192 1580 0
8192 1582 0
8192 1584 0
8192 1586 0
8192 1588 0
8192 1590 0
8192 1592 0
8192 1594 0
8192 1596 0
8192 1598 0
8192 1600 0
8192 1602 0
8192 1604 0
8192 1606 0
8192 1608 0
8192 1610 0
8192 1612 0
8192 1614 0
8192 1616 0
8192 1618 0
8192 1620 0
8192 1622 0
8192 1624 0
8192 1626 0
8192 1628 0
8192 1630 0
8192 1632 0
8192 1634 0
8192 1636 0
8192 1638 0
8192 1640 0
8192 1642 0
8192 1644 0
8192 1646 0
8192 1648 0
8192 1650 0
8192 1652 0
8192 1654 0
8192 1656 0
8192 1658 0
8192 1660 0
8192 1662 0
8192 1664 0
8192 1666 0
8192 1668 0
8192 1670 0
8192 1672 0
8192 1674 0
8192 1676 0
8192 1678 0
8192 1680 0
8192 1682 0
8192 1684 0
8192 1686 0
8192 1688 0
8192 1690 0
8192 1692 0
8192 1694 0
8192 1696 0
8192 1698 0
8192 1700 0
8192 1702 0
8192 1704 0
8192 1706 0
8192 1708 0
8192 1710 0
8192 1712 0
8192 1714 0
8192 1716 0
8192 1718 0
8192 1720 0
8192 1722 0
8192 1724 0
8192 1726 0
8192 1728 0
8192 1730 0
8192 1732 0
8192 1734 0
8192 1736 0
8192 1738 0
8192 1740 0
8192 1742 0
8192 1744 0
8192 1746 0
8192 1748 0
8192 1750 0
8192 1752 0
8192 1754 0
8192 1756 0
8192 1758 0
8192 1760 0
8192 1762 0
8192 1764 0
8192 1766 0
8192 1768 0
8192 1770 0
8192 1772 0
8192 1774 0
8192 1776 0
8192 1778 0
8192 1780 0
8192 1782 0
8192 1784 0
8192 1786 0
8192 1788 0
8192 1790 0
8192 1792 0
8192 1794 0
8192 1796 0
8192 1798 0
8192 1800 0
8192 1802 0
8192 1804 0
8192 1806 0
8192 1808 0
8192 1810 0
8192 1812 0
8192 1814 0
8192 1816 0
8192 1818 0
8192 1820 0
8192 1822 0
8192 1824 0
8192 1826 0
8192 1828 0
8192 1830 0
8192 1832 0
8192 1834 0
8192 1836 0
8192 1838 0
8192 1840 0
8192 1842 0
8192 1844 0
8192 1846 0
8192 1848 0
8192 1850 0
8192 1852 0
8192 1854 0
8192 1856 0
8192 1858 0
8192 1860 0
8192 1862 0
8192 1864 0
8192 1866 0
8192 1868 0
8192 1870 0
8192 1872 0
8192 1874 0
8192 1876 0
8192 1878 0
8192 1880 0
8192 1882 0
8192 1884 0
8192 1886 0
8192 1888 0
8192 1890 0
8192 1892 0
8192 1894 0
8192 1896 0
8192 1898 0
8192 1900 0
8192 1902 0
8192 1904 0
8192 1906 0
8192 1908 0
8192 1910 0
8192 1912 0
8192 1914 0
8192 1916 0
8192 1918 0
8192 1920 0
8192 1922 0
8192 1924 0
8192 1926 0
8192 1928 0
8192 1930 0
8192 1932 0
8192 1934 0
8192 1936 0
8192 1938 0
8192 1940 0
8192 1942 0
8192 1944 0
8192 1946 0
8192 1948 0
8192 1950 0
8192 1952 0
8192 1954 0
8192 1956 0
8192 1958 0
8192 1960 0
8192 1962 0
8192 1964 0
8192 1966 0
8192 1968 0
8192 1970 0
8192 1972 0
8192 1974 0
8192 1976 0
8192 1978 0
8192 1980 0
8192 1982 0
8192 1984 0
8192 1986 0
8192 1988 0
8192 1990 0
8192 1992 0
8192 1994 0
8192 1996 0
8192 1998 0
8192 2000 0
8192 2002 0
8192 2004 0
8192 2006 0
8192 2008 0
8192 2010 0
8192 2012 0
8192 2014 0
8192 2016 0
8192 2018 0
8192 2020 0
8192 2022 0
8192 2024 0
8192 2026 0
8192 2028 0
8192 2030 0
8192 2032 0
8192 2034 0
8192 2036 0
8192 2038 0
8192 2040 0
8192 2042 0
8192 2044 0
8192 2046 0
8192 2048 0
8192 2050 0
8192 2052 0
8192 2054 0
8192 2056 0
8192 2058 0
8192 2060 0
8192 2062 0
8192 2064 0
8192 2066 0
8192 2068 0
8192 2070 0
8192 2072 0
8192 2074 0
8192 2076 0
8192 2078 0
8192 2080 0
8192 2082 0
8192 2084 0
8192 2086 0
8192 2088 0
8192 2090 0
8192 2092 0
8192 2094 0
8192 2096 0
8192 2098 0
8192 2100 0
8192 2102 0
8192 2104 0
8192 2106 0
8192 2108 0
8192 2110 0
8192 2112 0
8192 2114 0
8192 2116 0
8192 2118 0
8192 2120 0
8192 2122 0
8192 2124 0
8192 2126 0
8192 2128 0
8192 2130 0
8192 2132 0
8192 2134 0
8192 2136 0
8192 2138 0
8192 2140 0
8192 2142 0
8192 2144 0
8192 2146 0
8192 2148 0
8192 2150 0
8192 2152 0
8192 2154 0
8192 2156 0
8192 2158 0
8192 2160 0
8192 2162 0
8192 2164 0
8192 2166 0
8192 2168 0
8192 2170 0
8192 2172 0
8192 2174 0
8192 2176 0
8192 2178 0
8192 2180 0
8192 2182 0
8192 2184 0
8192 2186 0
8192 2188 0
8192 2190 0
8192 2192 0
8192 2194 0
8192 2196 0
8192 2198 0
8192 2200 0
8192 2202 0
8192 2204 0
8192 2206 0
8192 2208 0
8192 2210 0
8192 2212 0
8192 2214 0
8192 2216 0
8192 2218 0
8192 2220 0
8192 2222 0
8192 2224 0
8192 2226 0
8192 2228 0
8192 2230 0
8192 2232 0
8192 2234 0
8192 2236 0
8192 2238 0
8192 2240 0
8192 2242 0
8192 2244 0
8192 2246 0
8192 2248 0
8192 2250 0
8192 2252 0
8192 2254 0
8192 2256 0
8192 2258 0
8192 2260 0
8192 2262 0
8192 2264 0
8192 2266 0
8192 2268 0
8192 2270 0
8192 2272 0
8192 2274 0
8192 2276 0
8192 2278 0
8192 2280 0
8192 2282 0
8192 2284 0
8192 2286 0
8192 2288 0
8192 2290 0
8192 2292 0
8192 2294 0
8192 2296 0
8192 2298 0
8192 2300 0
8192 2302 0
8192 2304 0
8192 2306 0
8192 2308 0
8192 2310 0
8192 2312 0
8192 2314 0
8192 2316 0
8192 2318 0
8192 2320 0
8192 2322 0
8192 2324 0
8192 2326 0
8192 2328 0
8192 2330 0
8192 2332 0
8192 2334 0
8192 2336 0
8192 2338 0
8192 2340 0
8192 2342 0
8192 2344 0
8192 2346 0
8192 2348 0
8192 2350 0
8192 2352 0
8192 2354 0
8192 2356 0
8192 2358 0
8192 2360 0
8192 2362 0
8192 2364 0
8192 2366 0
8192 2368 0
8192 2370 0
8192 2372 0
8192 2374 0
8192 2376 0
8192 2378 0
8192 2380 0
8192 2382 0
8192 2384 0
8192 2386 0
8192 2388 0
8192 2390 0
8192 2392 0
8192 2394 0
8192 2396 0
8192 2398 0
8192 2400 0
8192 2402 0
8192 2404 0
8192 2406 0
8192 2408 0
8192 2410 0
8192 2412 0
8192 2414 0
8192 2416 0
8192 2418 0
8192 2420 0
8192 2422 0
8192 2424 0
8192 2426 0
8192 2428 0
8192 2430 0
8192 2432 0
8192 2434 0
8192 2436 0
8192 2438 0
8192 2440 0
8192 2442 0
8192 2444 0
8192 2446 0
8192 2448 0
8192 2450 0
8192 2452 0
8192 2454 0
8192 2456 0
8192 2458 0
8192 2460 0
8192 2462 0
8192 2464 0
8192 2466 0
8192 2468 0
8192 2470 0
8192 2472 0
8192 2474 0
8192 2476 0
8192 2478 0
8192 2480 0
8192 2482 0
8192 2484 0
8192 2486 0
8192 2488 0
8192 2490 0
8192 2492 0
8192 2494 0
8192 2496 0
8192 2498 0
8192 2500 0
8192 2502 0
8192 2504 0
8192 2506 0
8192 2508 0
8192 2510 0
8192 2512 0
8192 2514 0
8192 2516 0
8192 2518 0
8192 2520 0
8192 2522 0
8192 2524 0
8192 2526 0
8192 2528 0
8192 2530 0
8192 2532 0
8192 2534 0
8192 2536 0
8192 2538 0
8192 2540 0
8192 2542 0
8192 2544 0
8192 2546 0
8192 2548 0
8192 2550 0
8192 2552 0
8192 2554 0
8192 2556 0
8192 2558 0
8192 2560 0
8192 2562 0
8192 2564 0
8192 2566 0
8192 2568 0
8192 2570 0
8192 2572 0
8192 2574 0
8192 2576 0
8192 2578 0
8192 2580 0
8192 2582 0
8192 2584 0
8192 2586 0
8192 2588 0
8192 2590 0
8192 2592 0
8192 2594 0
8192 2596 0
8192 2598 0
8192 2600 0
8192 2602 0
8192 2604 0
8192 2606 0
8192 2608 0
8192 2610 0
8192 2612 0
8192 2614 0
8192 2616 0
8192 2618 0
8192 2620 0
8192 2622 0
8192 2624 0
8192 2626 0
8192 2628 0
8192 2630 0
8192 2632 0
8192 2634 0
8192 2636 0
8192 2638 0
8192 2640 0
8192 2642 0
8192 2644 0
8192 2646 0
8192 2648 0
8192 2650 0
8192 2652 0
8192 2654 0
8192 2656 0
8192 2658 0
8192 2660 0
8192 2662 0
8192 2664 0
8192 2666 0
8192 2668 0
8192 2670 0
8192 2672 0
8192 2674 0
8192 2676 0
8192 2678 0
8192 2680 0
8192 2682 0
8192 2684 0
8192 2686 0
8192 2688 0
8192 2690 0
8192 2692 0
8192 2694 0
8192 2696 0
8192 2698 0
8192 2700 0
8192 2702 0
8192 2704 0
8192 2706 0
8192 2708 0
8192 2710 0
8192 2712 0
8192 2714 0
8192 2716 0
8192 2718 0
8192 2720 0
8192 2722 0
8192 2724 0
8192 2726 0
8192 2728 0
8192 2730 0
8192 2732 0
8192 2734 0
8192 2736 0
8192 2738 0
8192 2740 0
8192 2742 0
8192 2744 0
8192 2746 0
8192 2748 0
8192 2750 0
8192 2752 0
8192 2754 0
8192 2756 0
8192 2758 0
8192 2760 0
8192 2762 0
8192 2764 0
8192 2766 0
8192 2768 0
8192 2770 0
8192 2772 0
8192 2774 0
8192 2776 0
8192 2778 0
8192 2780 0
8192 2782 0
8192 2784 0
8192 2786 0
8192 2788 0
8192 2790 0
8192 2792 0
8192 2794 0
8192 2796 0
8192 2798 0
8192 2800 0
8192 2802 0
8192 2804 0
8192 2806 0
8192 2808 0
8192 2810 0
8192 2812 0
8192 2814 0
8192 2816 0
8192 2818 0
8192 2820 0
8192 2822 0
8192 2824 0
8192 2826 0
8192 2828 0
8192 2830 0
8192 2832 0
8192 2834 0
8192 2836 0
8192 2838 0
8192 2840 0
8192 2842 0
8192 2844 0
8192 2846 0
8192 2848 0
8192 2850 0
8192 2852 0
8192 2854 0
8192 2856 0
8192 2858 0
8192 2860 0
8192 2862 0
8192 2864 0
8192 2866 0
8192 2868 0
8192 2870 0
8192 2872 0
8192 2874 0
8192 2876 0
8192 2878 0
8192 2880 0
8192 2882 0
8192 2884 0
8192 2886 0
8192 2888 0
8192 2890 0
8192 2892 0
8192 2894 0
8192 2896 0
8192 2898 0
8192 2900 0
8192 2902 0
8192 2904 0
8192 2906 0
8192 2908 0
8192 2910 0
8192 2912 0
8192 2914 0
8192 2916 0
8192 2918 0
8192 2920 0
8192 2922 0
8192 2924 0
8192 2926 0
8192 2928 0
8192 2930 0
8192 2932 0
8192 2934 0
8192 2936 0
8192 2938 0
8192 2940 0
8192 2942 0
8192 2944 0
8192 2946 0
8192 2948 0
8192 2950 0
8192 2952 0
8192 2954 0
8192 2956 0
8192 2958 0
8192 2960 0
8192 2962 0
8192 2964 0
8192 2966 0
8192 2968 0
8192 2970 0
8192 2972 0
8192 2974 0
8192 2976 0
8192 2978 0
8192 2980 0
8192 2982 0
8192 2984 0
8192 2986 0
8192 2988 0
8192 2990 0
8192 2992 0
8192 2994 0
8192 2996 0
8192 2998 0
8192 3000 0
8192 3002 0
8192 3004 0
8192 3006 0
8192 3008 0
8192 3010 0
8192 3012 0
8192 3014 0
8192 3016 0
8192 3018 0
8192 3020 0
8192 3022 0
8192 3024 0
8192 3026 0
8192 3028 0
8192 3030 0
8192 3032 0
8192 3034 0
8192 3036 0
8192 3038 0
8192 3040 0
8192 3042 0
8192 3044 0
8192 3046 0
8192 3048 0
8192 3050 0
8192 3052 0
8192 3054 0
8192 3056 0
8192 3058 0
8192 3060 0
8192 3062 0
8192 3064 0
8192 3066 0
8192 3068 0
8192 3070 0
8192 3072 0
8192 3074 0
8192 3076 0
8192 3078 0
8192 3080 0
8192 3082 0
8192 3084 0
8192 3086 0
8192 3088 0
8192 3090 0
8192 3092 0
8192 3094 0
8192 3096 0
8192 3098 0
8192 3100 0
8192 3102 0
8192 3104 0
8192 3106 0
8192 3108 0
8192 3110 0
8192 3112 0
8192 3114 0
8192 3116 0
8192 3118 0
8192 3120 0
8192 3122 0
8192 3124 0
8192 3126 0
8192 3128 0
8192 3130 0
8192 3132 0
8192 3134 0
8192 3136 0
8192 3138 0
8192 3140 0
8192 3142 0
8192 3144 0
8192 3146 0
8192 3148 0
8192 3150 0
8192 3152 0
8192 3154 0
8192 3156 0
8192 3158 0
8192 3160 0
8192 3162 0
8192 3164 0
8192 3166 0
8192 3168 0
8192 3170 0
8192 3172 0
8192 3174 0
8192 3176 0
8192 3178 0
8192 3180 0
8192 3182 0
8192 3184 0
8192 3186 0
8192 3188 0
8192 3190 0
8192 3192 0
8192 3194 0
8192 3196 0
8192 3198 0
8192 3200 0
8192 3202 0
8192 3204 0
8192 3206 0
8192 3208 0
8192 3210 0
8192 3212 0
8192 3214 0
8192 3216 0
8192 3218 0
8192 3220 0
8192 3222 0
8192 3224 0
8192 3226 0
8192 3228 0
8192 3230 0
8192 3232 0
8192 3234 0
8192 3236 0
8192 3238 0
8192 3240 0
8192 3242 0
8192 3244 0
8192 3246 0
8192 3248 0
8192 3250 0
8192 3252 0
8192 3254 0
8192 3256 0
8192 3258 0
8192 3260 0
8192 3262 0
8192 3264 0
8192 3266 0
8192 3268 0
8192 3270 0
8192 3272 0
8192 3274 0
8192 3276 0
8192 3278 0
8192 3280 0
8192 3282 0
8192 3284 0
8192 3286 0
8192 3288 0
8192 3290 0
8192 3292 0
8192 3294 0
8192 3296 0
8192 3298 0
8192 3300 0
8192 3302 0
8192 3304 0
8192 3306 0
8192 3308 0
8192 3310 0
8192 3312 0
8192 3314 0
8192 3316 0
8192 3318 0
8192 3320 0
8192 3322 0
8192 3324 0
8192 3326 0
8192 3328 0
8192 3330 0
8192 3332 0
8192 3334 0
8192 3336 0
8192 3338 0
8192 3340 0
8192 3342 0
8192 3344 0
8192 3346 0
8192 3348 0
8192 3350 0
8192 3352 0
8192 3354 0
8192 3356 0
8192 3358 0
8192 3360 0
8192 3362 0
8192 3364 0
8192 3366 0
8192 3368 0
8192 3370 0
8192 3372 0
8192 3374 0
8192 3376 0
8192 3378 0
8192 3380 0
8192 3382 0
8192 3384 0
8192 3386 0
8192 3388 0
8192 3390 0
8192 3392 0
8192 3394 0
8192 3396 0
8192 3398 0
8192 3400 0
8192 3402 0
8192 3404 0
8192 3406 0
8192 3408 0
8192 3410 0
8192 3412 0
8192 3414 0
8192 3416 0
8192 3418 0
8192 3420 0
8192 3422 0
8192 3424 0
8192 3426 0
8192 3428 0
8192 3430 0
8192 3432 0
8192 3434 0
8192 3436 0
8192 3438 0
8192 3440 0
8192 3442 0
8192 3444 0
8192 3446 0
8192 3448 0
8192 3450 0
8192 3452 0
8192 3454 0
8192 3456 0
8192 3458 0
8192 3460 0
8192 3462 0
8192 3464 0
8192 3466 0
8192 3468 0
8192 3470 0
8192 3472 0
8192 3474 0
8192 3476 0
8192 3478 0
8192 3480 0
8192 3482 0
8192 3484 0
8192 3486 0
8192 3488 0
8192 3490 0
8192 3492 0
8192 3494 0
8192 3496 0
8192 3498 0
8192 3500 0
8192 3502 0
8192 3504 0
8192 3506 0
8192 3508 0
8192 3510 0
8192 3512 0
8192 3514 0
8192 3516 0
8192 3518 0
8192 3520 0
8192 3522 0
8192 3524 0
8192 3526 0
8192 3528 0
8192 3530 0
8192 3532 0
8192 3534 0
8192 3536 0
8192 3538 0
8192 3540 0
8192 3542 0
8192 3544 0
8192 3546 0
8192 3548 0
8192 3550 0
8192 3552 0
8192 3554 0
8192 3556 0
8192 3558 0
8192 3560 0
8192 3562 0
8192 3564 0
8192 3566 0
8192 3568 0
8192 3570 0
8192 3572 0
8192 3574 0
8192 3576 0
8192 3578 0
8192 3580 0
8192 3582 0
8192 3584 0
8192 3586 0
8192 3588 0
8192 3590 0
8192 3592 0
8192 3594 0
8192 3596 0
8192 3598 0
8192 3600 0
8192 3602 0
8192 3604 0
8192 3606 0
8192 3608 0
8192 3610 0
8192 3612 0
8192 3614 0
8192 3616 0
8192 3618 0
8192 3620 0
8192 3622 0
8192 3624 0
8192 3626 0
8192 3628 0
8192 3630 0
8192 3632 0
8192 3634 0
8192 3636 0
8192 3638 0
8192 3640 0
8192 3642 0
8192 3644 0
8192 3646 0
8192 3648 0
8192 3650 0
8192 3652 0
8192 3654 0
8192 3656 0
8192 3658 0
8192 3660 0
8192 3662 0
8192 3664 0
8192 3666 0
8192 3668 0
8192 3670 0
8192 3672 0
8192 3674 0
8192 3676 0
8192 3678 0
8192 3680 0
8192 3682 0
8192 3684 0
8192 3686 0
8192 3688 0
8192 3690 0
8192 3692 0
8192 3694 0
8192 3696 0
8192 3698 0
8192 3700 0
8192 3702 0
8192 3704 0
8192 3706 0
8192 3708 0
8192 3710 0
8192 3712 0
8192 3714 0
8192 3716 0
8192 3718 0
8192 3720 0
8192 3722 0
8192 3724 0
8192 3726 0
8192 3728 0
8192 3730 0
8192 3732 0
8192 3734 0
8192 3736 0
8192 3738 0
8192 3740 0
8192 3742 0
8192 3744 0
8192 3746 0
8192 3748 0
8192 3750 0
8192 3752 0
8192 3754 0
8192 3756 0
8192 3758 0
8192 3760 0
8192 3762 0
8192 3764 0
8192 3766 0
8192 3768 0
8192 3770 0
8192 3772 0
8192 3774 0
8192 3776 0
8192 3778 0
8192 3780 0
8192 3782 0
8192 3784 0
8192 3786 0
8192 3788 0
8192 3790 0
8192 3792 0
8192 3794 0
8192 3796 0
8192 3798 0
8192 3800 0
8192 3802 0
8192 3804 0
8192 3806 0
8192 3808 0
8192 3810 0
8192 3812 0
8192 3814 0
8192 3816 0
8192 3818 0
8192 3820 0
8192 3822 0
8192 3824 0
8192 3826 0
8192 3828 0
8192 3830 0
8192 3832 0
8192 3834 0
8192 3836 0
8192 3838 0
8192 3840 0
8192 3842 0
8192 3844 0
8192 3846 0
8192 3848 0
8192 3850 0
8192 3852 0
8192 3854 0
8192 3856 0
8192 3858 0
8192 3860 0
8192 3862 0
8192 3864 0
8192 3866 0
8192 3868 0
8192 3870 0
8192 3872 0
8192 3874 0
8192 3876 0
8192 3878 0
8192 3880 0
8192 3882 0
8192 3884 0
8192 3886 0
8192 3888 0
8192 3890 0
8192 3892 0
8192 3894 0
8192 3896 0
8192 3898 0
8192 3900 0
8192 3902 0
8192 3904 0
8192 3906 0
8192 3908 0
8192 3910 0
8192 3912 0
8192 3914 0
8192 3916 0
8192 3918 0
8192 3920 0
8192 3922 0
8192 3924 0
8192 3926 0
8192 3928 0
8192 3930 0
8192 3932 0
8192 3934 0
8192 3936 0
8192 3938 0
8192 3940 0
8192 3942 0
8192 3944 0
8192 3946 0
8192 3948 0
8192 3950 0
8192 3952 0
8192 3954 0
8192 3956 0
8192 3958 0
8192 3960 0
8192 3962 0
8192 3964 0
8192 3966 0
8192 3968 0
8192 3970 0
8192 3972 0
8192 3974 0
8192 3976 0
8192 3978 0
8192 3980 0
8192 3982 0
8192 3984 0
8192 3986 0
8192 3988 0
8192 3990 0
8192 3992 0
8192 3994 0
8192 3996 0
8192 3998 0
8192 4000 0
8192 4002 0
8192 4004 0
8192 4006 0
8192 4008 0
8192 4010 0
8192 4012 0
8192 4014 0
8192 4016 0
8192 4018 0
8192 4020 0
8192 4022 0
8192 4024 0
8192 4026 0
8192 4028 0
8192 4030 0
8192 4032 0
8192 4034 0
8192 4036 0
8192 4038 0
8192 4040 0
8192 4042 0
8192 4044 0
8192 4046 0
8192 4048 0
8192 4050 0
8192 4052 0
8192 4054 0
8192 4056 0
8192 4058 0
8192 4060 0
8192 4062 0
8192 4064 0
8192 4066 0
8192 4068 0
8192 4070 0
8192 4072 0
8192 4074 0
8192 4076 0
8192 4078 0
8192 4080 0
8192 4082 0
8192 4084 0
8192 4086 0
8192 4088 0
8192 4090 0
8192 4092 0
8192 4094 0
8192 4096 0
8192 4098 0
8192 4100 0
8192 4102 0
8192 4104 0
8192 4106 0
8192 4108 0
8192 4110 0
8192 4112 0
8192 4114 0
8192 4116 0
8192 4118 0
8192 4120 0
8192 4122 0
8192 4124 0
8192 4126 0
8192 4128 0
8192 4130 0
8192 4132 0
8192 4134 0
8192 4136 0
8192 4138 0
8192 4140 0
8192 4142 0
8192 4144 0
8192 4146 0
8192 4148 0
8192 4150 0
8192 4152 0
8192 4154 0
8192 4156 0
8192 4158 0
8192 4160 0
8192 4162 0
8192 4164 0
8192 4166 0
8192 4168 0
8192 4170 0
8192 4172 0
8192 4174 0
8192 4176 0
8192 4178 0
8192 4180 0
8192 4182 0
8192 4184 0
8192 4186 0
8192 4188 0
8192 4190 0
8192 4192 0
8192 4194 0
8192 4196 0
8192 4198 0
8192 4200 0
8192 4202 0
8192 4204 0
8192 4206 0
8192 4208 0
8192 4210 0
8192 4212 0
8192 4214 0
8192 4216 0
8192 4218 0
8192 4220 0
8192 4222 0
8192 4224 0
8192 4226 0
8192 4228 0
8192 4230 0
8192 4232 0
8192 4234 0
8192 4236 0
8192 4238 0
8192 4240 0
8192 4242 0
8192 4244 0
8192 4246 0
8192 4248 0
8192 4250 0
8192 4252 0
8192 4254 0
8192 4256 0
8192 4258 0
8192 4260 0
8192 4262 0
8192 4264 0
8192 4266 0
8192 4268 0
8192 4270 0
8192 4272 0
8192 4274 0
8192 4276 0
8192 4278 0
8192 4280 0
8192 4282 0
8192 4284 0
8192 4286 0
8192 4288 0
8192 4290 0
8192 4292 0
8192 4294 0
8192 4296 0
8192 4298 0
8192 4300 0
8192 4302 0
8192 4304 0
8192 4306 0
8192 4308 0
8192 4310 0
8192 4312 0
8192 4314 0
8192 4316 0
8192 4318 0
8192 4320 0
8192 4322 0
8192 4324 0
8192 4326 0
8192 4328 0
8192 4330 0
8192 4332 0
8192 4334 0
8192 4336 0
8192 4338 0
8192 4340 0
8192 4342 0
8192 4344 0
8192 4346 0
8192 4348 0
8192 4350 0
8192 4352 0
8192 4354 0
8192 4356 0
8192 4358 0
8192 4360 0
8192 4362 0
8192 4364 0
8192 4366 0
8192 4368 0
8192 4370 0
8192 4372 0
8192 4374 0
8192 4376 0
8192 4378 0
8192 4380 0
8192 4382 0
8192 4384 0
8192 4386 0
8192 4388 0
8192 4390 0
8192 4392 0
8192 4394 0
8192 4396 0
8192 4398 0
8192 4400 0
8192 4402 0
8192 4404 0
8192 4406 0
8192 4408 0
8192 4410 0
8192 4412 0
8192 4414 0
8192 4416 0
8192 4418 0
8192 4420 0
8192 4422 0
8192 4424 0
8192 4426 0
8192 4428 0
8192 4430 0
8192 4432 0
8192 4434 0
8192 4436 0
8192 4438 0
8192 4440 0
8192 4442 0
8192 4444 0
8192 4446 0
8192 4448 0
8192 4450 0
8192 4452 0
8192 4454 0
8192 4456 0
8192 4458 0
8192 4460 0
8192 4462 0
8192 4464 0
8192 4466 0
8192 4468 0
8192 4470 0
8192 4472 0
8192 4474 0
8192 4476 0
8192 4478 0
8192 4480 0
8192 4482 0
8192 4484 0
8192 4486 0
8192 4488 0
8192 4490 0
8192 4492 0
8192 4494 0
8192 4496 0
8192 4498 0
8192 4500 0
8192 4502 0
8192 4504 0
8192 4506 0
8192 4508 0
8192 4510 0
8192 4512 0
8192 4514 0
8192 4516 0
8192 4518 0
8192 4520 0
8192 4522 0
8192 4524 0
8192 4526 0
8192 4528 0
8192 4530 0
8192 4532 0
8192 4534 0
8192 4536 0
8192 4538 0
8192 4540 0
8192 4542 0
8192 4544 0
8192 4546 0
8192 4548 0
8192 4550 0
8192 4552 0
8192 4554 0
8192 4556 0
8192 4558 0
8192 4560 0
8192 4562 0
8192 4564 0
8192 4566 0
8192 4568 0
8192 4570 0
8192 4572 0
8192 4574 0
8192 4576 0
8192 4578 0
8192 4580 0
8192 4582 0
8192 4584 0
8192 4586 0
8192 4588 0
8192 4590 0
8192 4592 0
8192 4594 0
8192 4596 0
8192 4598 0
8192 4600 0
8192 4602 0
8192 4604 0
8192 4606 0
8192 4608 0
8192 4610 0
8192 4612 0
8192 4614 0
8192 4616 0
8192 4618 0
8192 4620 0
8192 4622 0
8192 4624 0
8192 4626 0
8192 4628 0
8192 4630 0
8192 4632 0
8192 4634 0
8192 4636 0
8192 4638 0
8192 4640 0
8192 4642 0
8192 4644 0
8192 4646 0
8192 4648 0
8192 4650 0
8192 4652 0
8192 4654 0
8192 4656 0
8192 4658 0
8192 4660 0
8192 4662 0
8192 4664 0
8192 4666 0
8192 4668 0
8192 4670 0
8192 4672 0
8192 4674 0
8192 4676 0
8192 4678 0
8192 4680 0
8192 4682 0
8192 4684 0
8192 4686 0
8192 4688 0
8192 4690 0
8192 4692 0
8192 4694 0
8192 4696 0
8192 4698 0
8192 4700 0
8192 4702 0
8192 4704 0
8192 4706 0
8192 4708 0
8192 4710 0
8192 4712 0
8192 4714 0
8192 4716 0
8192 4718 0
8192 4720 0
8192 4722 0
8192 4724 0
8192 4726 0
8192 4728 0
8192 4730 0
8192 4732 0
8192 4734 0
8192 4736 0
8192 4738 0
8192 4740 0
8192 4742 0
8192 4744 0
8192 4746 0
8192 4748 0
8192 4750 0
8192 4752 0
8192 4754 0
8192 4756 0
8192 4758 0
8192 4760 0
8192 4762 0
8192 4764 0
8192 4766 0
8192 4768 0
8192 4770 0
8192 4772 0
8192 4774 0
8192 4776 0
8192 4778 0
8192 4780 0
8192 4782 0
8192 4784 0
8192 4786 0
8192 4788 0
8192 4790 0
8192 4792 0
8192 4794 0
8192 4796 0
8192 4798 0
8192 4800 0
8192 4802 0
8192 4804 0
8192 4806 0
8192 4808 0
8192 4810 0
8192 4812 0
8192 4814 0
8192 4816 0
8192 4818 0
8192 4820 0
8192 4822 0
8192 4824 0
8192 4826 0
8192 4828 0
8192 4830 0
8192 4832 0
8192 4834 0
8192 4836 0
8192 4838 0
8192 4840 0
8192 4842 0
8192 4844 0
8192 4846 0
8192 4848 0
8192 4850 0
8192 4852 0
8192 4854 0
8192 4856 0
8192 4858 0
8192 4860 0
8192 4862 0
8192 4864 0
8192 4866 0
8192 4868 0
8192 4870 0
8192 4872 0
8192 4874 0
8192 4876 0
8192 4878 0
8192 4880 0
8192 4882 0
8192 4884 0
8192 4886 0
8192 4888 0
8192 4890 0
8192 4892 0
8192 4894 0
8192 4896 0
8192 4898 0
8192 4900 0
8192 4902 0
8192 4904 0
8192 4906 0
8192 4908 0
8192 4910 0
8192 4912 0
8192 4914 0
8192 4916 0
8192 4918 0
8192 4920 0
8192 4922 0
8192 4924 0
8192 4926 0
8192 4928 0
8192 4930 0
8192 4932 0
8192 4934 0
8192 4936 0
8192 4938 0
8192 4940 0
8192 4942 0
8192 4944 0
8192 4946 0
8192 4948 0
8192 4950 0
8192 4952 0
8192 4954 0
8192 4956 0
8192 4958 0
8192 4960 0
8192 4962 0
8192 4964 0
8192 4966 0
8192 4968 0
8192 4970 0
8192 4972 0
8192 4974 0
8192 4976 0
8192 4978 0
8192 4980 0
8192 4982 0
8192 4984 0
8192 4986 0
8192 4988 0
8192 4990 0
8192 4992 0
8192 4994 0
8192 4996 0
8192 4998 0
8192 5000 0
8192 5002 0
8192 5004 0
8192 5006 0
8192 5008 0
8192 5010 0
8192 5012 0
8192 5014 0
8192 5016 0
8192 5018 0
8192 5020 0
8192 5022 0
8192 5024 0
8192 5026 0
8192 5028 0
8192 5030 0
8192 5032 0
8192 5034 0
8192 5036 0
8192 5038 0
8192 5040 0
8192 5042 0
8192 5044 0
8192 5046 0
8192 5048 0
8192 5050 0
8192 5052 0
8192 5054 0
8192 5056 0
8192 5058 0
8192 5060 0
8192 5062 0
8192 5064 0
8192 5066 0
8192 5068 0
8192 5070 0
8192 5072 0
8192 5074 0
8192 5076 0
8192 5078 0
8192 5080 0
8192 5082 0
8192 5084 0
8192 5086 0
8192 5088 0
8192 5090 0
8192 5092 0
8192 5094 0
8192 5096 0
8192 5098 0
8192 5100 0
8192 5102 0
8192 5104 0
8192 5106 0
8192 5108 0
8192 5110 0
8192 5112 0
8192 5114 0
8192 5116 0
8192 5118 0
8192 5120 0
8192 5122 0
8192 5124 0
8192 5126 0
8192 5128 0
8192 5130 0
8192 5132 0
8192 5134 0
8192 5136 0
8192 5138 0
8192 5140 0
8192 5142 0
8192 5144 0
8192 5146 0
8192 5148 0
8192 5150 0
8192 5152 0
8192 5154 0
8192 5156 0
8192 5158 0
8192 5160 0
8192 5162 0
8192 5164 0
8192 5166 0
8192 5168 0
8192 5170 0
8192 5172 0
8192 5174 0
8192 5176 0
8192 5178 0
8192 5180 0
8192 5182 0
8192 5184 0
8192 5186 0
8192 5188 0
8192 5190 0
8192 5192 0
8192 5194 0
8192 5196 0
8192 5198 0
8192 5200 0
8192 5202 0
8192 5204 0
8192 5206 0
8192 5208 0
8192 5210 0
8192 5212 0
8192 5214 0
8192 5216 0
8192 5218 0
8192 5220 0
8192 5222 0
8192 5224 0
8192 5226 0
8192 5228 0
8192 5230 0
8192 5232 0
8192 5234 0
8192 5236 0
8192 5238 0
8192 5240 0
8192 5242 0
8192 5244 0
8192 5246 0
8192 5248 0
8192 5250 0
8192 5252 0
8192 5254 0
8192 5256 0
8192 5258 0
8192 5260 0
8192 5262 0
8192 5264 0
8192 5266 0
8192 5268 0
8192 5270 0
8192 5272 0
8192 5274 0
8192 5276 0
8192 5278 0
8192 5280 0
8192 5282 0
8192 5284 0
8192 5286 0
8192 5288 0
8192 5290 0
8192 5292 0
8192 5294 0
8192 5296 0
8192 5298 0
8192 5300 0
8192 5302 0
8192 5304 0
8192 5306 0
8192 5308 0
8192 5310 0
8192 5312 0
8192 5314 0
8192 5316 0
8192 5318 0
8192 5320 0
8192 5322 0
8192 5324 0
8192 5326 0
8192 5328 0
8192 5330 0
8192 5332 0
8192 5334 0
8192 5336 0
8192 5338 0
8192 5340 0
8192 5342 0
8192 5344 0
8192 5346 0
8192 5348 0
8192 5350 0
8192 5352 0
8192 5354 0
8192 5356 0
8192 5358 0
8192 5360 0
8192 5362 0
8192 5364 0
8192 5366 0
8192 5368 0
8192 5370 0
8192 5372 0
8192 5374 0
8192 5376 0
8192 5378 0
8192 5380 0
8192 5382 0
8192 5384 0
8192 5386 0
8192 5388 0
8192 5390 0
8192 5392 0
8192 5394 0
8192 5396 0
8192 5398 0
8192 5400 0
8192 5402 0
8192 5404 0
8192 5406 0
8192 5408 0
8192 5410 0
8192 5412 0
8192 5414 0
8192 5416 0
8192 5418 0
8192 5420 0
8192 5422 0
8192 5424 0
8192 5426 0
8192 5428 0
8192 5430 0
8192 5432 0
8192 5434 0
8192 5436 0
8192 5438 0
8192 5440 0
8192 5442 0
8192 5444 0
8192 5446 0
8192 5448 0
8192 5450 0
8192 5452 0
8192 5454 0
8192 5456 0
8192 5458 0
8192 5460 0
8192 5462 0
8192 5464 0
8192 5466 0
8192 5468 0
8192 5470 0
8192 5472 0
8192 5474 0
8192 5476 0
8192 5478 0
8192 5480 0
8192 5482 0
8192 5484 0
8192 5486 0
8192 5488 0
8192 5490 0
8192 5492 0
8192 5494 0
8192 5496 0
8192 5498 0
8192 5500 0
8192 5502 0
8192 5504 0
8192 5506 0
8192 5508 0
8192 5510 0
8192 5512 0
8192 5514 0
8192 5516 0
8192 5518 0
8192 5520 0
8192 5522 0
8192 5524 0
8192 5526 0
8192 5528 0
8192 5530 0
8192 5532 0
8192 5534 0
8192 5536 0
8192 5538 0
8192 5540 0
8192 5542 0
8192 5544 0
8192 5546 0
8192 5548 0
8192 5550 0
8192 5552 0
8192 5554 0
8192 5556 0
8192 5558 0
8192 5560 0
8192 5562 0
8192 5564 0
8192 5566 0
8192 5568 0
8192 5570 0
8192 5572 0
8192 5574 0
8192 5576 0
8192 5578 0
8192 5580 0
8192 5582 0
8192 5584 0
8192 5586 0
8192 5588 0
8192 5590 0
8192 5592 0
8192 5594 0
8192 5596 0
8192 5598 0
8192 5600 0
8192 5602 0
8192 5604 0
8192 5606 0
8192 5608 0
8192 5610 0
8192 5612 0
8192 5614 0
8192 5616 0
8192 5618 0
8192 5620 0
8192 5622 0
8192 5624 0
8192 5626 0
8192 5628 0
8192 5630 0
8192 5632 0
8192 5634 0
8192 5636 0
8192 5638 0
8192 5640 0
8192 5642 0
8192 5644 0
8192 5646 0
8192 5648 0
8192 5650 0
8192 5652 0
8192 5654 0
8192 5656 0
8192 5658 0
8192 5660 0
8192 5662 0
8192 5664 0
8192 5666 0
8192 5668 0
8192 5670 0
8192 5672 0
8192 5674 0
8192 5676 0
8192 5678 0
8192 5680 0
8192 5682 0
8192 5684 0
8192 5686 0
8192 5688 0
8192 5690 0
8192 5692 0
8192 5694 0
8192 5696 0
8192 5698 0
8192 5700 0
8192 5702 0
8192 5704 0
8192 5706 0
8192 5708 0
8192 5710 0
8192 5712 0
8192 5714 0
8192 5716 0
8192 5718 0
8192 5720 0
8192 5722 0
8192 5724 0
8192 5726 0
8192 5728 0
8192 5730 0
8192 5732 0
8192 5734 0
8192 5736 0
8192 5738 0
8192 5740 0
8192 5742 0
8192 5744 0
8192 5746 0
8192 5748 0
8192 5750 0
8192 5752 0
8192 5754 0
8192 5756 0
8192 5758 0
8192 5760 0
8192 5762 0
8192 5764 0
8192 5766 0
8192 5768 0
8192 5770 0
8192 5772 0
8192 5774 0
8192 5776 0
8192 5778 0
8192 5780 0
8192 5782 0
8192 5784 0
8192 5786 0
8192 5788 0
8192 5790 0
8192 5792 0
8192 5794 0
8192 5796 0
8192 5798 0
8192 5800 0
8192 5802 0
8192 5804 0
8192 5806 0
8192 5808 0
8192 5810 0
8192 5812 0
8192 5814 0
8192 5816 0
8192 5818 0
8192 5820 0
8192 5822 0
8192 5824 0
8192 5826 0
8192 5828 0
8192 5830 0
8192 5832 0
8192 5834 0
8192 5836 0
8192 5838 0
8192 5840 0
8192 5842 0
8192 5844 0
8192 5846 0
8192 5848 0
8192 5850 0
8192 5852 0
8192 5854 0
8192 5856 0
8192 5858 0
8192 5860 0
8192 5862 0
8192 5864 0
8192 5866 0
8192 5868 0
8192 5870 0
8192 5872 0
8192 5874 0
8192 5876 0
8192 5878 0
8192 5880 0
8192 5882 0
8192 5884 0
8192 5886 0
8192 5888 0
8192 5890 0
8192 5892 0
8192 5894 0
8192 5896 0
8192 5898 0
8192 5900 0
8192 5902 0
8192 5904 0
8192 5906 0
8192 5908 0
8192 5910 0
8192 5912 0
8192 5914 0
8192 5916 0
8192 5918 0
8192 5920 0
8192 5922 0
8192 5924 0
8192 5926 0
8192 5928 0
8192 5930 0
8192 5932 0
8192 5934 0
8192 5936 0
8192 5938 0
8192 5940 0
8192 5942 0
8192 5944 0
8192 5946 0
8192 5948 0
8192 5950 0
8192 5952 0
8192 5954 0
8192 5956 0
8192 5958 0
8192 5960 0
8192 5962 0
8192 5964 0
8192 5966 0
8192 5968 0
8192 5970 0
8192 5972 0
8192 5974 0
8192 5976 0
8192 5978 0
8192 5980 0
8192 5982 0
8192 5984 0
8192 5986 0
8192 5988 0
8192 5990 0
8192 5992 0
8192 5994 0
8192 5996 0
8192 5998 0
8192 6000 0
8192 6002 0
8192 6004 0
8192 6006 0
8192 6008 0
8192 6010 0
8192 6012 0
8192 6014 0
8192 6016 0
8192 6018 0
8192 6020 0
8192 6022 0
8192 6024 0
8192 6026 0
8192 6028 0
8192 6030 0
8192 6032 0
8192 6034 0
8192 6036 0
8192 6038 0
8192 6040 0
8192 6042 0
8192 6044 0
8192 6046 0
8192 6048 0
8192 6050 0
8192 6052 0
8192 6054 0
8192 6056 0
8192 6058 0
8192 6060 0
8192 6062 0
8192 6064 0
8192 6066 0
8192 6068 0
8192 6070 0
8192 6072 0
8192 6074 0
8192 6076 0
8192 6078 0
8192 6080 0
8192 6082 0
8192 6084 0
8192 6086 0
8192 6088 0
8192 6090 0
8192 6092 0
8192 6094 0
8192 6096 0
8192 6098 0
8192 6100 0
8192 6102 0
8192 6104 0
8192 6106 0
8192 6108 0
8192 6110 0
8192 6112 0
8192 6114 0
8192 6116 0
8192 6118 0
8192 6120 0
8192 6122 0
8192 6124 0
8192 6126 0
8192 6128 0
8192 6130 0
8192 6132 0
8192 6134 0
8192 6136 0
8192 6138 0
8192 6140 0
8192 6142 0
8192 6144 0
8192 6146 0
8192 6148 0
8192 6150 0
8192 6152 0
8192 6154 0
8192 6156 0
8192 6158 0
8192 6160 0
8192 6162 0
8192 6164 0
8192 6166 0
8192 6168 0
8192 6170 0
8192 6172 0
8192 6174 0
8192 6176 0
8192 6178 0
8192 6180 0
8192 6182 0
8192 6184 0
8192 6186 0
8192 6188 0
8192 6190 0
8192 6192 0
8192 6194 0
8192 6196 0
8192 6198 0
8192 6200 0
8192 6202 0
8192 6204 0
8192 6206 0
8192 6208 0
8192 6210 0
8192 6212 0
8192 6214 0
8192 6216 0
8192 6218 0
8192 6220 0
8192 6222 0
8192 6224 0
8192 6226 0
8192 6228 0
8192 6230 0
8192 6232 0
8192 6234 0
8192 6236 0
8192 6238 0
8192 6240 0
8192 6242 0
8192 6244 0
8192 6246 0
8192 6248 0
8192 6250 0
8192 6252 0
8192 6254 0
8192 6256 0
8192 6258 0
8192 6260 0
8192 6262 0
8192 6264 0
8192 6266 0
8192 6268 0
8192 6270 0
8192 6272 0
8192 6274 0
8192 6276 0
8192 6278 0
8192 6280 0
8192 6282 0
8192 6284 0
8192 6286 0
8192 6288 0
8192 6290 0
8192 6292 0
8192 6294 0
8192 6296 0
8192 6298 0
8192 6300 0
8192 6302 0
8192 6304 0
8192 6306 0
8192 6308 0
8192 6310 0
8192 6312 0
8192 6314 0
8192 6316 0
8192 6318 0
8192 6320 0
8192 6322 0
8192 6324 0
8192 6326 0
8192 6328 0
8192 6330 0
8192 6332 0
8192 6334 0
8192 6336 0
8192 6338 0
8192 6340 0
8192 6342 0
8192 6344 0
8192 6346 0
8192 6348 0
8192 6350 0
8192 6352 0
8192 6354 0
8192 6356 0
8192 6358 0
8192 6360 0
8192 6362 0
8192 6364 0
8192 6366 0
8192 6368 0
8192 6370 0
8192 6372 0
8192 6374 0
8192 6376 0
8192 6378 0
8192 6380 0
8192 6382 0
8192 6384 0
8192 6386 0
8192 6388 0
8192 6390 0
8192 6392 0
8192 6394 0
8192 6396 0
8192 6398 0
8192 6400 0
8192 6402 0
8192 6404 0
8192 6406 0
8192 6408 0
8192 6410 0
8192 6412 0
8192 6414 0
8192 6416 0
8192 6418 0
8192 6420 0
8192 6422 0
8192 6424 0
8192 6426 0
8192 6428 0
8192 6430 0
8192 6432 0
8192 6434 0
8192 6436 0
8192 6438 0
8192 6440 0
8192 6442 0
8192 6444 0
8192 6446 0
8192 6448 0
8192 6450 0
8192 6452 0
8192 6454 0
8192 6456 0
8192 6458 0
8192 6460 0
8192 6462 0
8192 6464 0
8192 6466 0
8192 6468 0
8192 6470 0
8192 6472 0
8192 6474 0
8192 6476 0
8192 6478 0
8192 6480 0
8192 6482 0
8192 6484 0
8192 6486 0
8192 6488 0
8192 6490 0
8192 6492 0
8192 6494 0
8192 6496 0
8192 6498 0
8192 6500 0
8192 6502 0
8192 6504 0
8192 6506 0
8192 6508 0
8192 6510 0
8192 6512 0
8192 6514 0
8192 6516 0
8192 6518 0
8192 6520 0
8192 6522 0
8192 6524 0
8192 6526 0
8192 6528 0
8192 6530 0
8192 6532 0
8192 6534 0
8192 6536 0
8192 6538 0
8192 6540 0
8192 6542 0
8192 6544 0
8192 6546 0
8192 6548 0
8192 6550 0
8192 6552 0
8192 6554 0
8192 6556 0
8192 6558 0
8192 6560 0
8192 6562 0
8192 6564 0
8192 6566 0
8192 6568 0
8192 6570 0
8192 6572 0
8192 6574 0
8192 6576 0
8192 6578 0
8192 6580 0
8192 6582 0
8192 6584 0
8192 6586 0
8192 6588 0
8192 6590 0
8192 6592 0
8192 6594 0
8192 6596 0
8192 6598 0
8192 6600 0
8192 6602 0
8192 6604 0
8192 6606 0
8192 6608 0
8192 6610 0
8192 6612 0
8192 6614 0
8192 6616 0
8192 6618 0
8192 6620 0
8192 6622 0
8192 6624 0
8192 6626 0
8192 6628 0
8192 6630 0
8192 6632 0
8192 6634 0
8192 6636 0
8192 6638 0
8192 6640 0
8192 6642 0
8192 6644 0
8192 6646 0
8192 6648 0
8192 6650 0
8192 6652 0
8192 6654 0
8192 6656 0
8192 6658 0
8192 6660 0
8192 6662 0
8192 6664 0
8192 6666 0
8192 6668 0
8192 6670 0
8192 6672 0
8192 6674 0
8192 6676 0
8192 6678 0
8192 6680 0
8192 6682 0
8192 6684 0
8192 6686 0
8192 6688 0
8192 6690 0
8192 6692 0
8192 6694 0
8192 6696 0
8192 6698 0
8192 6700 0
8192 6702 0
8192 6704 0
8192 6706 0
8192 6708 0
8192 6710 0
8192 6712 0
8192 6714 0
8192 6716 0
8192 6718 0
8192 6720 0
8192 6722 0
8192 6724 0
8192 6726 0
8192 6728 0
8192 6730 0
8192 6732 0
8192 6734 0
8192 6736 0
8192 6738 0
8192 6740 0
8192 6742 0
8192 6744 0
8192 6746 0
8192 6748 0
8192 6750 0
8192 6752 0
8192 6754 0
8192 6756 0
8192 6758 0
8192 6760 0
8192 6762 0
8192 6764 0
8192 6766 0
8192 6768 0
8192 6770 0
8192 6772 0
8192 6774 0
8192 6776 0
8192 6778 0
8192 6780 0
8192 6782 0
8192 6784 0
8192 6786 0
8192 6788 0
8192 6790 0
8192 6792 0
8192 6794 0
8192 6796 0
8192 6798 0
8192 6800 0
8192 6802 0
8192 6804 0
8192 6806 0
8192 6808 0
8192 6810 0
8192 6812 0
8192 6814 0
8192 6816 0
8192 6818 0
8192 6820 0
8192 6822 0
8192 6824 0
8192 6826 0
8192 6828 0
8192 6830 0
8192 6832 0
8192 6834 0
8192 6836 0
8192 6838 0
8192 6840 0
8192 6842 0
8192 6844 0
8192 6846 0
8192 6848 0
8192 6850 0
8192 6852 0
8192 6854 0
8192 6856 0
8192 6858 0
8192 6860 0
8192 6862 0
8192 6864 0
8192 6866 0
8192 6868 0
8192 6870 0
8192 6872 0
8192 6874 0
8192 6876 0
8192 6878 0
8192 6880 0
8192 6882 0
8192 6884 0
8192 6886 0
8192 6888 0
8192 6890 0
8192 6892 0
8192 6894 0
8192 6896 0
8192 6898 0
8192 6900 0
8192 6902 0
8192 6904 0
8192 6906 0
8192 6908 0
8192 6910 0
8192 6912 0
8192 6914 0
8192 6916 0
8192 6918 0
8192 6920 0
8192 6922 0
8192 6924 0
8192 6926 0
8192 6928 0
8192 6930 0
8192 6932 0
8192 6934 0
8192 6936 0
8192 6938 0
8192 6940 0
8192 6942 0
8192 6944 0
8192 6946 0
8192 6948 0
8192 6950 0
8192 6952 0
8192 6954 0
8192 6956 0
8192 6958 0
8192 6960 0
8192 6962 0
8192 6964 0
8192 6966 0
8192 6968 0
8192 6970 0
8192 6972 0
8192 6974 0
8192 6976 0
8192 6978 0
8192 6980 0
8192 6982 0
8192 6984 0
8192 6986 0
8192 6988 0
8192 6990 0
8192 6992 0
8192 6994 0
8192 6996 0
8192 6998 0
8192 7000 0
8192 7002 0
8192 7004 0
8192 7006 0
8192 7008 0
8192 7010 0
8192 7012 0
8192 7014 0
8192 7016 0
8192 7018 0
8192 7020 0
8192 7022 0
8192 7024 0
8192 7026 0
8192 7028 0
8192 7030 0
8192 7032 0
8192 7034 0
8192 7036 0
8192 7038 0
8192 7040 0
8192 7042 0
8192 7044 0
8192 7046 0
8192 7048 0
8192 7050 0
8192 7052 0
8192 7054 0
8192 7056 0
8192 7058 0
8192 7060 0
8192 7062 0
8192 7064 0
8192 7066 0
8192 7068 0
8192 7070 0
8192 7072 0
8192 7074 0
8192 7076 0
8192 7078 0
8192 7080 0
8192 7082 0
8192 7084 0
8192 7086 0
8192 7088 0
8192 7090 0
8192 7092 0
8192 7094 0
8192 7096 0
8192 7098 0
8192 7100 0
8192 7102 0
8192 7104 0
8192 7106 0
8192 7108 0
8192 7110 0
8192 7112 0
8192 7114 0
8192 7116 0
8192 7118 0
8192 7120 0
8192 7122 0
8192 7124 0
8192 7126 0
8192 7128 0
8192 7130 0
8192 7132 0
8192 7134 0
8192 7136 0
8192 7138 0
8192 7140 0
8192 7142 0
8192 7144 0
8192 7146 0
8192 7148 0
8192 7150 0
8192 7152 0
8192 7154 0
8192 7156 0
8192 7158 0
8192 7160 0
8192 7162 0
8192 7164 0
8192 7166 0
8192 7168 0
8192 7170 0
8192 7172 0
8192 7174 0
8192 7176 0
8192 7178 0
8192 7180 0
8192 7182 0
8192 7184 0
8192 7186 0
8192 7188 0
8192 7190 0
8192 7192 0
8192 7194 0
8192 7196 0
8192 7198 0
8192 7200 0
8192 7202 0
8192 7204 0
8192 7206 0
8192 7208 0
8192 7210 0
8192 7212 0
8192 7214 0
8192 7216 0
8192 7218 0
8192 7220 0
8192 7222 0
8192 7224 0
8192 7226 0
8192 7228 0
8192 7230 0
8192 7232 0
8192 7234 0
8192 7236 0
8192 7238 0
8192 7240 0
8192 7242 0
8192 7244 0
8192 7246 0
8192 7248 0
8192 7250 0
8192 7252 0
8192 7254 0
8192 7256 0
8192 7258 0
8192 7260 0
8192 7262 0
8192 7264 0
8192 7266 0
8192 7268 0
8192 7270 0
8192 7272 0
8192 7274 0
8192 7276 0
8192 7278 0
8192 7280 0
8192 7282 0
8192 7284 0
8192 7286 0
8192 7288 0
8192 7290 0
8192 7292 0
8192 7294 0
8192 7296 0
8192 7298 0
8192 7300 0
8192 7302 0
8192 7304 0
8192 7306 0
8192 7308 0
8192 7310 0
8192 7312 0
8192 7314 0
8192 7316 0
8192 7318 0
8192 7320 0
8192 7322 0
8192 7324 0
8192 7326 0
8192 7328 0
8192 7330 0
8192 7332 0
8192 7334 0
8192 7336 0
8192 7338 0
8192 7340 0
8192 7342 0
8192 7344 0
8192 7346 0
8192 7348 0
8192 7350 0
8192 7352 0
8192 7354 0
8192 7356 0
8192 7358 0
8192 7360 0
8192 7362 0
8192 7364 0
8192 7366 0
8192 7368 0
8192 7370 0
8192 7372 0
8192 7374 0
8192 7376 0
8192 7378 0
8192 7380 0
8192 7382 0
8192 7384 0
8192 7386 0
8192 7388 0
8192 7390 0
8192 7392 0
8192 7394 0
8192 7396 0
8192 7398 0
8192 7400 0
8192 7402 0
8192 7404 0
8192 7406 0
8192 7408 0
8192 7410 0
8192 7412 0
8192 7414 0
8192 7416 0
8192 7418 0
8192 7420 0
8192 7422 0
8192 7424 0
8192 7426 0
8192 7428 0
8192 7430 0
8192 7432 0
8192 7434 0
8192 7436 0
8192 7438 0
8192 7440 0
8192 7442 0
8192 7444 0
8192 7446 0
8192 7448 0
8192 7450 0
8192 7452 0
8192 7454 0
8192 7456 0
8192 7458 0
8192 7460 0
8192 7462 0
8192 7464 0
8192 7466 0
8192 7468 0
8192 7470 0
8192 7472 0
8192 7474 0
8192 7476 0
8192 7478 0
8192 7480 0
8192 7482 0
8192 7484 0
8192 7486 0
8192 7488 0
8192 7490 0
8192 7492 0
8192 7494 0
8192 7496 0
8192 7498 0
8192 7500 0
8192 7502 0
8192 7504 0
8192 7506 0
8192 7508 0
8192 7510 0
8192 7512 0
8192 7514 0
8192 7516 0
8192 7518 0
8192 7520 0
8192 7522 0
8192 7524 0
8192 7526 0
8192 7528 0
8192 7530 0
8192 7532 0
8192 7534 0
8192 7536 0
8192 7538 0
8192 7540 0
8192 7542 0
8192 7544 0
8192 7546 0
8192 7548 0
8192 7550 0
8192 7552 0
8192 7554 0
8192 7556 0
8192 7558 0
8192 7560 0
8192 7562 0
8192 7564 0
8192 7566 0
8192 7568 0
8192 7570 0
8192 7572 0
8192 7574 0
8192 7576 0
8192 7578 0
8192 7580 0
8192 7582 0
8192 7584 0
8192 7586 0
8192 7588 0
8192 7590 0
8192 7592 0
8192 7594 0
8192 7596 0
8192 7598 0
8192 7600 0
8192 7602 0
8192 7604 0
8192 7606 0
8192 7608 0
8192 7610 0
8192 7612 0
8192 7614 0
8192 7616 0
8192 7618 0
8192 7620 0
8192 7622 0
8192 7624 0
8192 7626 0
8192 7628 0
8192 7630 0
8192 7632 0
8192 7634 0
8192 7636 0
8192 7638 0
8192 7640 0
8192 7642 0
8192 7644 0
8192 7646 0
8192 7648 0
8192 7650 0
8192 7652 0
8192 7654 0
8192 7656 0
8192 7658 0
8192 7660 0
8192 7662 0
8192 7664 0
8192 7666 0
8192 7668 0
8192 7670 0
8192 7672 0
8192 7674 0
8192 7676 0
8192 7678 0
8192 7680 0
8192 7682 0
8192 7684 0
8192 7686 0
8192 7688 0
8192 7690 0
8192 7692 0
8192 7694 0
8192 7696 0
8192 7698 0
8192 7700 0
8192 7702 0
8192 7704 0
8192 7706 0
8192 7708 0
8192 7710 0
8192 7712 0
8192 7714 0
8192 7716 0
8192 7718 0
8192 7720 0
8192 7722 0
8192 7724 0
8192 7726 0
8192 7728 0
8192 7730 0
8192 7732 0
8192 7734 0
8192 7736 0
8192 7738 0
8192 7740 0
8192 7742 0
8192 7744 0
8192 7746 0
8192 7748 0
8192 7750 0
8192 7752 0
8192 7754 0
8192 7756 0
8192 7758 0
8192 7760 0
8192 7762 0
8192 7764 0
8192 7766 0
8192 7768 0
8192 7770 0
8192 7772 0
8192 7774 0
8192 7776 0
8192 7778 0
8192 7780 0
8192 7782 0
8192 7784 0
8192 7786 0
8192 7788 0
8192 7790 0
8192 7792 0
8192 7794 0
8192 7796 0
8192 7798 0
8192 7800 0
8192 7802 0
8192 7804 0
8192 7806 0
8192 7808 0
8192 7810 0
8192 7812 0
8192 7814 0
8192 7816 0
8192 7818 0
8192 7820 0
8192 7822 0
8192 7824 0
8192 7826 0
8192 7828 0
8192 7830 0
8192 7832 0
8192 7834 0
8192 7836 0
8192 7838 0
8192 7840 0
8192 7842 0
8192 7844 0
8192 7846 0
8192 7848 0
8192 7850 0
8192 7852 0
8192 7854 0
8192 7856 0
8192 7858 0
8192 7860 0
8192 7862 0
8192 7864 0
8192 7866 0
8192 7868 0
8192 7870 0
8192 7872 0
8192 7874 0
8192 7876 0
8192 7878 0
8192 7880 0
8192 7882 0
8192 7884 0
8192 7886 0
8192 7888 0
8192 7890 0
8192 7892 0
8192 7894 0
8192 7896 0
8192 7898 0
8192 7900 0
8192 7902 0
8192 7904 0
8192 7906 0
8192 7908 0
8192 7910 0
8192 7912 0
8192 7914 0
8192 7916 0
8192 7918 0
8192 7920 0
8192 7922 0
8192 7924 0
8192 7926 0
8192 7928 0
8192 7930 0
8192 7932 0
8192 7934 0
8192 7936 0
8192 7938 0
8192 7940 0
8192 7942 0
8192 7944 0
8192 7946 0
8192 7948 0
8192 7950 0
8192 7952 0
8192 7954 0
8192 7956 0
8192 7958 0
8192 7960 0
8192 7962 0
8192 7964 0
8192 7966 0
8192 7968 0
8192 7970 0
8192 7972 0
8192 7974 0
8192 7976 0
8192 7978 0
8192 7980 0
8192 7982 0
8192 7984 0
8192 7986 0
8192 7988 0
8192 7990 0
8192 7992 0
8192 7994 0
8192 7996 0
8192 7998 0
8192 8000 0
8192 8002 0
8192 8004 0
8192 8006 0
8192 8008 0
8192 8010 0
8192 8012 0
8192 8014 0
8192 8016 0
8192 8018 0
8192 8020 0
8192 8022 0
8192 8024 0
8192 8026 0
8192 8028 0
8192 8030 0
8192 8032 0
8192 8034 0
8192 8036 0
8192 8038 0
8192 8040 0
8192 8042 0
8192 8044 0
8192 8046 0
8192 8048 0
8192 8050 0
8192 8052 0
8192 8054 0
8192 8056 0
8192 8058 0
8192 8060 0
8192 8062 0
8192 8064 0
8192 8066 0
8192 8068 0
8192 8070 0
8192 8072 0
8192 8074 0
8192 8076 0
8192 8078 0
8192 8080 0
8192 8082 0
8192 8084 0
8192 8086 0
8192 8088 0
8192 8090 0
8192 8092 0
8192 8094 0
8192 8096 0
8192 8098 0
8192 8100 0
8192 8102 0
8192 8104 0
8192 8106 0
8192 8108 0
8192 8110 0
8192 8112 0
8192 8114 0
8192 8116 0
8192 8118 0
8192 8120 0
8192 8122 0
8192 8124 0
8192 8126 0
8192 8128 0
8192 8130 0
8192 8132 0
8192 8134 0
8192 8136 0
8192 8138 0
8192 8140 0
8192 8142 0
8192 8144 0
8192 8146 0
8192 8148 0
8192 8150 0
8192 8152 0
8192 8154 0
8192 8156 0
8192 8158 0
8192 8160 0
8192 8162 0
8192 8164 0
8192 8166 0
8192 8168 0
8192 8170 0
8192 8172 0
8192 8174 0
8192 8176 0
8192 8178 0
8192 8180 0
8192 8182 0
8192 8184 0
8192 8186 0
8192 8188 0
8192 8190 0
8192 8192 0


