#Legenda: 1)Istante 2)Posizione
Legenda:
 1)istante 2)media 3)errore sulla media 4)varianza 5)errore sulla varianza0 0.000000 0.576297 0.000000 -6039201084133730170806762329974662023969809382125969127182887039052524513651210217448275968.000000
1 0.000000 0.000000 0.000000 0.000000
2 0.120000 0.100000 1.000000 0.000000
3 0.280000 0.135647 1.840000 0.183303
4 0.280000 0.163707 2.680000 0.296648
5 0.460000 0.204939 4.200000 0.468188
6 0.540000 0.232379 5.400000 0.684690
7 0.660000 0.260000 6.760000 0.890842
8 0.500000 0.290517 8.440000 0.977343
9 0.500000 0.307896 9.480000 1.195324
10 0.580000 0.323110 10.440000 1.368211
11 0.480000 0.331059 10.960000 1.383908
12 0.460000 0.338821 11.480000 1.568184
13 0.540000 0.362767 13.160000 1.901999
14 0.500000 0.368239 13.560000 1.959184
15 0.580000 0.398497 15.880000 2.281052
16 0.340000 0.410366 16.840000 2.207623
17 0.540000 0.414246 17.160000 2.236068
18 0.640000 0.414246 17.160000 2.129413
19 0.600000 0.429884 18.480000 2.338204
20 0.520000 0.457384 20.920000 2.659022
21 0.520000 0.453431 20.560000 2.619924
22 0.540000 0.470319 22.120000 2.909295
23 0.480000 0.469894 22.080000 3.000533
24 0.300000 0.479583 23.000000 2.898551
25 0.320000 0.486621 23.680000 2.972945
26 0.360000 0.495984 24.600000 3.066985
27 0.500000 0.498397 24.840000 3.146554
28 0.600000 0.505569 25.560000 3.044470
29 0.560000 0.529906 28.080000 3.436743
30 0.600000 0.532541 28.360000 3.322650
31 0.620000 0.560357 31.400000 3.732667
32 0.680000 0.564624 31.880000 3.683911
33 0.540000 0.585491 34.280000 3.992192
34 0.400000 0.600333 36.040000 4.459596
35 0.320000 0.600000 36.000000 4.368432
36 0.240000 0.598331 35.800000 4.640862
37 0.180000 0.612209 37.480000 5.113903
38 0.420000 0.606300 36.760000 5.007035
39 0.360000 0.619032 38.320000 5.165578
40 0.640000 0.636553 40.520000 5.573939
41 0.620000 0.638436 40.760000 5.538375
42 0.700000 0.639062 40.840000 5.284543
43 0.740000 0.634035 40.200000 5.190145
44 0.780000 0.628331 39.480000 4.751589
45 0.960000 0.627375 39.360000 4.868840
46 1.080000 0.638436 40.760000 5.208455
47 1.180000 0.623859 38.920000 4.999840
48 1.200000 0.637809 40.680000 5.233737
49 1.260000 0.635925 40.440000 5.705156
50 1.400000 0.641561 41.160000 5.745259
51 1.360000 0.651767 42.480000 5.764026
52 1.320000 0.663626 44.040000 5.934037
53 1.360000 0.689348 47.520000 6.765087
54 1.320000 0.688477 47.400000 7.034316
55 1.300000 0.701142 49.160000 7.167482
56 1.380000 0.695989 48.440000 7.384416
57 1.300000 0.721388 52.040000 8.253678
58 1.340000 0.729657 53.240000 8.174595
59 1.160000 0.728286 53.040000 7.532861
60 1.040000 0.741620 55.000000 8.333163
61 0.960000 0.753127 56.720000 9.075858
62 0.980000 0.769675 59.240000 9.803673
63 0.860000 0.785111 61.640000 9.898687
64 0.840000 0.794229 63.080000 10.246873
65 0.860000 0.819512 67.160000 10.730965
66 0.900000 0.821462 67.480000 10.884337
67 0.860000 0.834026 69.560000 10.927397
68 1.000000 0.841190 70.760000 10.779388
69 0.980000 0.848764 72.040000 10.490453
70 0.900000 0.840238 70.600000 10.559394
71 1.000000 0.862090 74.320000 11.390733
72 0.940000 0.870632 75.800000 11.315335
73 0.940000 0.876128 76.760000 11.299487
74 0.940000 0.894204 79.960000 11.765917
75 0.920000 0.897106 80.480000 11.090825
76 0.960000 0.902219 81.400000 10.772038
77 1.000000 0.914768 83.680000 11.489125
78 1.060000 0.932738 87.000000 12.021115
79 1.100000 0.946361 89.560000 12.482179
80 1.060000 0.943398 89.000000 12.234770
81 0.980000 0.942125 88.760000 11.941122
82 1.280000 0.954358 91.080000 12.607426
83 1.180000 0.970155 94.120000 13.575743
84 1.220000 0.971802 94.440000 13.613993
85 1.160000 0.979388 95.920000 13.793796
86 1.160000 0.985698 97.160000 14.349467
87 1.080000 0.998799 99.760000 14.982069
88 1.100000 0.991363 98.280000 15.104754
89 1.320000 1.003195 100.640000 15.252960
90 1.360000 1.018037 103.640000 15.820341
91 1.300000 1.021176 104.280000 15.958647
92 1.360000 1.023132 104.680000 16.376080
93 1.320000 1.031504 106.400000 16.130270
94 1.200000 1.032473 106.600000 16.426613
95 1.240000 1.016661 103.360000 16.159356
96 1.260000 1.008960 101.800000 16.484465
97 1.400000 1.011929 102.400000 16.471260
98 1.560000 1.023132 104.680000 16.303521
99 1.580000 1.016858 103.400000 16.165346
100 1.600000 1.008563 101.720000 15.346504
101 1.600000 0.993177 98.640000 14.242584
102 1.640000 0.994585 98.920000 14.202310
103 1.640000 0.983463 96.720000 13.479763
104 1.620000 1.004589 100.920000 14.375590
105 1.540000 1.014495 102.920000 14.905838
106 1.640000 1.002597 100.520000 14.125834
107 1.700000 1.023523 104.760000 14.661733
108 1.820000 1.032085 106.520000 15.025791
109 1.860000 1.024695 105.000000 14.831372
110 1.800000 1.035954 107.320000 15.229603
111 1.700000 1.032860 106.680000 14.753766
112 1.740000 1.047473 109.720000 15.539936
113 1.720000 1.047282 109.680000 14.972722
114 1.780000 1.035954 107.320000 14.047519
115 1.660000 1.045945 109.400000 14.720543
116 1.480000 1.049381 110.120000 14.488285
117 1.560000 1.067708 114.000000 15.213152
118 1.340000 1.056598 111.640000 14.320503
119 1.360000 1.061697 112.720000 14.385159
120 1.420000 1.060754 112.520000 13.996914
121 1.580000 1.060377 112.440000 13.846877
122 1.600000 1.069392 114.360000 14.089599
123 1.620000 1.082035 117.080000 14.824304
124 1.740000 1.106888 122.520000 16.255018
125 1.760000 1.112115 123.680000 16.168908
126 1.960000 1.130487 127.800000 17.435366
127 2.080000 1.129248 127.520000 16.800524
128 2.100000 1.145251 131.160000 17.438119
129 2.220000 1.139649 129.880000 16.746916
130 2.240000 1.136838 129.240000 16.318382
131 2.320000 1.131724 128.080000 15.822870
132 2.380000 1.123744 126.280000 15.933662
133 2.560000 1.134901 128.800000 16.038354
134 2.580000 1.149087 132.040000 17.177474
135 2.560000 1.162755 135.200000 17.817519
136 2.420000 1.175585 138.200000 18.567025
137 2.460000 1.195157 142.840000 19.578887
138 2.480000 1.196495 143.160000 19.424397
139 2.460000 1.197497 143.400000 19.641914
140 2.520000 1.209793 146.360000 20.139315
141 2.300000 1.212106 146.920000 20.039521
142 2.200000 1.202165 144.520000 19.222653
143 2.220000 1.201166 144.280000 19.275103
144 2.280000 1.207145 145.720000 19.343340
145 2.440000 1.208967 146.160000 19.537287
146 2.520000 1.213755 147.320000 19.902201
147 2.520000 1.232558 151.920000 21.190526
148 2.720000 1.248839 155.960000 21.536314
149 2.920000 1.249320 156.080000 21.217427
150 2.960000 1.247237 155.560000 21.029123
151 2.920000 1.237740 153.200000 20.292146
152 2.900000 1.240161 153.800000 20.012236
153 2.940000 1.260635 158.920000 21.045208
154 3.020000 1.261903 159.240000 20.488045
155 3.080000 1.274990 162.560000 21.347225
156 3.160000 1.304301 170.120000 22.834220
157 3.400000 1.301691 169.440000 22.232517
158 3.360000 1.305833 170.520000 22.444563
159 3.100000 1.294141 167.480000 22.139846
160 3.360000 1.288255 165.960000 21.973002
161 3.320000 1.286857 165.600000 21.778668
162 3.380000 1.294141 167.480000 22.406749
163 3.400000 1.313925 172.640000 23.594949
164 3.420000 1.303994 170.040000 23.124394
165 3.320000 1.323934 175.280000 24.619147
166 3.240000 1.318332 173.800000 24.382879
167 3.300000 1.311945 172.120000 23.746865
168 3.340000 1.317422 173.560000 24.119602
169 3.380000 1.325594 175.720000 24.400689
170 3.480000 1.321060 174.520000 23.633502
171 3.600000 1.328759 176.560000 23.475775
172 3.660000 1.330113 176.920000 23.564482
173 3.560000 1.323934 175.280000 23.515033
174 3.520000 1.327705 176.280000 23.816666
175 3.560000 1.331766 177.360000 24.571105
176 3.600000 1.330714 177.080000 24.489835
177 3.540000 1.326499 175.960000 23.617858
178 3.520000 1.317725 173.640000 22.881329
179 3.580000 1.331616 177.320000 23.706337
180 3.600000 1.332516 177.560000 23.365239
181 3.740000 1.352183 182.840000 24.707537
182 3.600000 1.336712 178.680000 24.162218
183 3.600000 1.355876 183.840000 25.206063
184 3.620000 1.372443 188.360000 26.523409
185 3.560000 1.367918 187.120000 26.008552
186 3.720000 1.369525 187.560000 25.576489
187 3.660000 1.374482 188.920000 26.207236
188 3.660000 1.385785 192.040000 27.193352
189 3.720000 1.402854 196.800000 28.196908
190 3.640000 1.395851 194.840000 26.955400
191 3.480000 1.392264 193.840000 26.565933
192 3.500000 1.390683 193.400000 26.962047
193 3.420000 1.384341 191.640000 26.885446
194 3.340000 1.382027 191.000000 26.754558
195 3.260000 1.369233 187.480000 25.909442
196 3.420000 1.376517 189.480000 26.339385
197 3.300000 1.400429 196.120000 27.904838
198 3.280000 1.405276 197.480000 27.933235
199 3.400000 1.399714 195.920000 26.904780
200 3.260000 1.409539 198.680000 27.023397
201 3.340000 1.403282 196.920000 26.779066
202 3.300000 1.427585 203.800000 28.142011
203 3.220000 1.431782 205.000000 28.204170
204 3.140000 1.427585 203.800000 28.285318
205 3.120000 1.427725 203.840000 28.828541
206 3.120000 1.436245 206.280000 29.719865
207 3.060000 1.417180 200.840000 28.774433
208 3.180000 1.426745 203.560000 29.981221
209 3.260000 1.421689 202.120000 29.797960
210 3.380000 1.434015 205.640000 30.644229
211 3.300000 1.444299 208.600000 31.286291
212 3.100000 1.470102 216.120000 32.171018
213 3.040000 1.465060 214.640000 32.024441
214 2.900000 1.467651 215.400000 32.455804
215 2.880000 1.467787 215.440000 32.994472
216 2.940000 1.476076 217.880000 33.178668
217 2.880000 1.479189 218.800000 33.930894
218 2.980000 1.493318 223.000000 35.223424
219 3.000000 1.497732 224.320000 35.333361
220 2.760000 1.493854 223.160000 35.306362
221 2.820000 1.512481 228.760000 36.176965
222 2.800000 1.528790 233.720000 37.443226
223 2.940000 1.526696 233.080000 37.600128
224 2.900000 1.525910 232.840000 37.201677
225 3.160000 1.543762 238.320000 38.071133
226 3.220000 1.540260 237.240000 37.976603
227 3.180000 1.544668 238.600000 38.420744
228 3.260000 1.548031 239.640000 38.806206
229 3.260000 1.560897 243.640000 38.653559
230 3.320000 1.570860 246.760000 38.967679
231 3.320000 1.570478 246.640000 39.286211
232 3.260000 1.573912 247.720000 38.969116
233 3.300000 1.576452 248.520000 39.159346
234 3.180000 1.581771 250.200000 39.688124
235 3.040000 1.585686 251.440000 39.724672
236 3.100000 1.590597 253.000000 39.529877
237 3.060000 1.589843 252.760000 39.553002
238 3.080000 1.598624 255.560000 39.805688
239 3.080000 1.606736 258.160000 39.776757
240 3.180000 1.602623 256.840000 38.991076
241 3.220000 1.604618 257.480000 39.223034
242 3.320000 1.619259 262.200000 40.098060
243 3.180000 1.606611 258.120000 39.279837
244 3.160000 1.586821 251.800000 37.911919
245 3.280000 1.603247 257.040000 39.272627
246 3.060000 1.599375 255.800000 39.330863
247 3.200000 1.600750 256.240000 38.744228
248 3.280000 1.598624 255.560000 38.567842
249 3.300000 1.593612 253.960000 38.231819
250 3.260000 1.588836 252.440000 37.941745
251 3.220000 1.612328 259.960000 38.768853
252 3.080000 1.604868 257.560000 37.814473
253 3.220000 1.618023 261.800000 38.901332
254 3.100000 1.608353 258.680000 38.656291
255 3.160000 1.630951 266.000000 40.360951
256 3.080000 1.641828 269.560000 41.162643
257 2.960000 1.644141 270.320000 41.482951
258 2.940000 1.652029 272.920000 42.091614
259 3.020000 1.670569 279.080000 43.534409
260 3.140000 1.672244 279.640000 43.517445
261 3.260000 1.689615 285.480000 44.958950
262 3.340000 1.691035 285.960000 44.632903
263 3.380000 1.685586 284.120000 44.544593
264 3.440000 1.695995 287.640000 44.673518
265 3.380000 1.687009 284.600000 43.172195
266 3.220000 1.682260 283.000000 43.086908
267 3.260000 1.672961 279.880000 42.154003
268 3.080000 1.688668 285.160000 43.514154
269 3.080000 1.701999 289.680000 44.677439
270 3.180000 1.699059 288.680000 44.525624
271 3.160000 1.699412 288.800000 44.232531
272 3.260000 1.716858 294.760000 45.440563
273 3.080000 1.709503 292.240000 44.913891
274 3.080000 1.727078 298.280000 44.755478
275 3.120000 1.745852 304.800000 46.922489
276 3.220000 1.768954 312.920000 49.128941
277 3.360000 1.791759 321.040000 49.939964
278 3.280000 1.790531 320.600000 49.005485
279 3.140000 1.795216 322.280000 49.000441
280 3.160000 1.804993 325.800000 50.343587
281 3.220000 1.825267 333.160000 52.024440
282 3.240000 1.832703 335.880000 52.140825
283 3.200000 1.847810 341.440000 53.520463
284 3.300000 1.851378 342.760000 52.418531
285 3.300000 1.855694 344.360000 53.272988
286 3.360000 1.846185 340.840000 52.094529
287 3.420000 1.834230 336.440000 51.520466
288 3.340000 1.839239 338.280000 53.097465
289 3.260000 1.844017 340.040000 54.003807
290 3.300000 1.859355 345.720000 55.305537
291 3.360000 1.864189 347.520000 55.642042
292 3.340000 1.873713 351.080000 56.585595
293 3.320000 1.876806 352.240000 55.479380
294 3.300000 1.867512 348.760000 55.482538
295 3.340000 1.851810 342.920000 53.732255
296 3.440000 1.861075 346.360000 55.011461
297 3.360000 1.854724 344.000000 54.202878
298 3.440000 1.857418 345.000000 53.094813
299 3.420000 1.851378 342.760000 52.250964
300 3.300000 1.854400 343.880000 52.627232
301 3.320000 1.853429 343.520000 52.181407
302 3.220000 1.850297 342.360000 51.605101
303 3.300000 1.854832 344.040000 52.443097
304 3.280000 1.870294 349.800000 53.890199
305 3.320000 1.875313 351.680000 54.270493
306 3.300000 1.871363 350.200000 55.172645
307 3.400000 1.891454 357.760000 56.418479
308 3.300000 1.887326 356.200000 55.718349
309 3.220000 1.896629 359.720000 56.181378
310 3.300000 1.895363 359.240000 55.431284
311 3.260000 1.874353 351.320000 53.275645
312 3.320000 1.869224 349.400000 52.664478
313 3.480000 1.887856 356.400000 52.848977
314 3.620000 1.885206 355.400000 52.930536
315 3.740000 1.911753 365.480000 55.204232
316 3.720000 1.922186 369.480000 56.929767
317 3.640000 1.919375 368.400000 56.339570
318 3.600000 1.935665 374.680000 57.133570
319 3.560000 1.943399 377.680000 56.993824
320 3.600000 1.952127 381.080000 57.411957
321 3.540000 1.963772 385.640000 57.933051
322 3.480000 1.969061 387.720000 57.424650
323 3.520000 1.974639 389.920000 58.291557
324 3.540000 1.979192 391.720000 58.380956
325 3.460000 1.968045 387.320000 56.591660
326 3.360000 1.971497 388.680000 57.123473
327 3.300000 1.983633 393.480000 57.740274
328 3.280000 1.989874 395.960000 57.889840
329 3.280000 1.989171 395.680000 57.892424
330 3.360000 2.004694 401.880000 59.145745
331 3.240000 2.011567 404.640000 59.483900
332 3.080000 2.024154 409.720000 59.835334
333 3.100000 2.043037 417.400000 61.265573
334 3.040000 2.034797 414.040000 59.997933
335 3.100000 2.044603 418.040000 61.042909
336 3.260000 2.037940 415.320000 61.236212
337 3.200000 2.037842 415.280000 61.296577
338 3.280000 2.048707 419.720000 62.478233
339 3.440000 2.043135 417.440000 62.283365
340 3.560000 2.056113 422.760000 63.006666
341 3.520000 2.060679 424.640000 63.786042
342 3.480000 2.069879 428.440000 63.038845
343 3.420000 2.084322 434.440000 64.914763
344 3.480000 2.106086 443.560000 67.265682
345 3.600000 2.112250 446.160000 67.545990
346 3.520000 2.114805 447.240000 68.187389
347 3.680000 2.111113 445.680000 68.042493
348 3.780000 2.128943 453.240000 69.995417
349 3.820000 2.143922 459.640000 71.487453
350 3.660000 2.144295 459.800000 72.177925
351 3.680000 2.153323 463.680000 72.423543
352 3.640000 2.166564 469.400000 74.226238
353 3.660000 2.171912 471.720000 74.306188
354 3.820000 2.180917 475.640000 74.948441
355 3.840000 2.185223 477.520000 75.999589
356 3.960000 2.199727 483.880000 77.641082
357 3.960000 2.209977 488.400000 78.143274
358 4.020000 2.217656 491.800000 78.960010
359 4.080000 2.228901 496.800000 80.032343
360 4.260000 2.224680 494.920000 79.838096
361 4.180000 2.224140 494.680000 80.517715
362 4.080000 2.236873 500.360000 81.425205
363 4.020000 2.234010 499.080000 80.007240
364 4.060000 2.253619 507.880000 81.678413
365 4.040000 2.269626 515.120000 82.671765
366 4.060000 2.263360 512.280000 81.240788
367 4.040000 2.263095 512.160000 79.863433
368 3.900000 2.254684 508.360000 79.378042
369 3.780000 2.248822 505.720000 80.286039
370 3.780000 2.246686 504.760000 79.338193
371 3.680000 2.261327 511.360000 80.638958
372 3.780000 2.252909 507.560000 79.798085
373 3.860000 2.244371 503.720000 77.853452
374 3.880000 2.245974 504.440000 78.362062
375 3.880000 2.251933 507.120000 78.954701
376 3.620000 2.242231 502.760000 78.398571
377 3.520000 2.255127 508.560000 80.000100
378 3.460000 2.249889 506.200000 80.163144
379 3.480000 2.250866 506.640000 79.516428
380 3.620000 2.260354 510.920000 79.385157
381 3.560000 2.269449 515.040000 80.115876
382 3.420000 2.269714 515.160000 79.832114
383 3.220000 2.269009 514.840000 79.287406
384 3.300000 2.279386 519.560000 80.232163
385 3.240000 2.275434 517.760000 79.742827
386 3.280000 2.285170 522.200000 80.143541
387 3.240000 2.300609 529.280000 80.772223
388 3.140000 2.303997 530.840000 81.858580
389 3.080000 2.323101 539.680000 83.443183
390 3.120000 2.332467 544.040000 84.101862
391 3.060000 2.347509 551.080000 86.126827
392 3.180000 2.337948 546.600000 85.311664
393 3.100000 2.344781 549.800000 85.946374
394 3.280000 2.347169 550.920000 86.596277
395 3.220000 2.357202 555.640000 87.310261
396 3.120000 2.344611 549.720000 85.986501
397 2.880000 2.349638 552.080000 86.467437
398 2.720000 2.358389 556.200000 86.192659
399 2.800000 2.364064 558.880000 86.422803
400 2.740000 2.350064 552.280000 84.970009
401 2.600000 2.363218 558.480000 86.264913
402 2.640000 2.347169 550.920000 84.387923
403 2.660000 2.352275 553.320000 85.372895
404 2.760000 2.343587 549.240000 83.957237
405 2.660000 2.334352 544.920000 83.534357
406 2.720000 2.330923 543.320000 83.175775
407 2.680000 2.314131 535.520000 80.826164
408 2.700000 2.301738 529.800000 79.298989
409 2.760000 2.303736 530.720000 80.750837
410 2.700000 2.298260 528.200000 79.759338
411 2.660000 2.281140 520.360000 78.426404
412 2.540000 2.260000 510.760000 75.431792
413 2.420000 2.267245 514.040000 76.494340
414 2.520000 2.272884 516.600000 78.296656
415 2.660000 2.291113 524.920000 79.900038
416 2.700000 2.293556 526.040000 79.265498
417 2.620000 2.284294 521.800000 78.601588
418 2.660000 2.270595 515.560000 76.958753
419 2.620000 2.257521 509.640000 75.650988
420 2.640000 2.252732 507.480000 75.215456
421 2.640000 2.232846 498.560000 73.680738
422 2.560000 2.237052 500.440000 74.604718
423 2.620000 2.234189 499.160000 74.399849
424 2.420000 2.221981 493.720000 73.601728
425 2.360000 2.215220 490.720000 73.432418
426 2.440000 2.223601 494.440000 73.635687
427 2.280000 2.235889 499.920000 74.963511
428 2.360000 2.235800 499.880000 74.817388
429 2.280000 2.237856 500.800000 74.481246
430 2.420000 2.254507 508.280000 75.517532
431 2.440000 2.258141 509.920000 75.760623
432 2.460000 2.251488 506.920000 75.683763
433 2.440000 2.258318 510.000000 76.706380
434 2.540000 2.274643 517.400000 78.735070
435 2.460000 2.273412 516.840000 78.958987
436 2.360000 2.274643 517.400000 78.776981
437 2.360000 2.309978 533.600000 81.497504
438 2.440000 2.305732 531.640000 80.490486
439 2.420000 2.297042 527.640000 79.651139
440 2.460000 2.295997 527.160000 80.121358
441 2.280000 2.307899 532.640000 80.816751
442 2.340000 2.303476 530.600000 80.152175
443 2.200000 2.311017 534.080000 80.511515
444 2.280000 2.321982 539.160000 81.672958
445 2.500000 2.340684 547.880000 82.854060
446 2.380000 2.323532 539.880000 81.319656
447 2.600000 2.344014 549.440000 84.086765
448 2.600000 2.339316 547.240000 83.488308
449 2.660000 2.334524 545.000000 83.548281
450 2.600000 2.334695 545.080000 83.502038
451 2.600000 2.338889 547.040000 83.502402
452 2.580000 2.325253 540.680000 82.256574
453 2.540000 2.337948 546.600000 82.328794
454 2.480000 2.362964 558.360000 84.282012
455 2.500000 2.378991 565.960000 84.958531
456 2.360000 2.381512 567.160000 85.402436
457 2.360000 2.375037 564.080000 83.738354
458 2.340000 2.376805 564.920000 84.766569
459 2.140000 2.382855 567.800000 84.402104
460 2.180000 2.369050 561.240000 83.181700
461 2.240000 2.376215 564.640000 83.949814
462 2.320000 2.389895 571.160000 86.263457
463 2.280000 2.394995 573.600000 87.178630
464 2.080000 2.378823 565.880000 85.443380
465 2.060000 2.359576 556.760000 82.968129
466 2.080000 2.364149 558.920000 83.792334
467 1.960000 2.365587 559.600000 85.031354
468 2.080000 2.370063 561.720000 84.861289
469 2.100000 2.372256 562.760000 84.906132
470 2.080000 2.380168 566.520000 85.241220
471 2.000000 2.400333 576.160000 87.171472
472 1.940000 2.403913 577.880000 87.098611
473 1.880000 2.400500 576.240000 85.900687
474 1.820000 2.408070 579.880000 87.232434
475 1.820000 2.410228 580.920000 87.748313
476 1.680000 2.420000 585.640000 89.882964
477 1.780000 2.423304 587.240000 89.464442
478 2.000000 2.435323 593.080000 90.597121
479 1.900000 2.442867 596.760000 91.152426
480 1.900000 2.432694 591.800000 88.912478
481 1.860000 2.440574 595.640000 88.810153
482 1.880000 2.451367 600.920000 88.811306
483 1.960000 2.458780 604.560000 89.537523
484 1.940000 2.445813 598.200000 87.480384
485 1.920000 2.438360 594.560000 86.628069
486 1.900000 2.451856 601.160000 87.400577
487 1.980000 2.448428 599.480000 87.615798
488 2.060000 2.454791 602.600000 87.566386
489 2.260000 2.456420 603.400000 88.778132
490 2.360000 2.481854 615.960000 91.594646
491 2.420000 2.477983 614.040000 90.965611
492 2.440000 2.493913 621.960000 91.981042
493 2.440000 2.495917 622.960000 91.070733
494 2.420000 2.500960 625.480000 92.448818
495 2.420000 2.519921 635.000000 95.346559
496 2.520000 2.524837 637.480000 96.464908
497 2.540000 2.512767 631.400000 95.614635
498 2.700000 2.512449 631.240000 95.640376
499 2.720000 2.516506 633.280000 95.126081
500 2.760000 2.531482 640.840000 96.525263
501 2.880000 2.541496 645.920000 97.734563
502 2.920000 2.535113 642.680000 98.309902
503 2.840000 2.551392 650.960000 100.410685
504 2.920000 2.548019 649.240000 101.435639
505 2.940000 2.549117 649.800000 101.064201
506 2.980000 2.560078 655.400000 102.827545
507 3.020000 2.573169 662.120000 102.654683
508 3.040000 2.584337 667.880000 102.598261
509 3.020000 2.591447 671.560000 103.145637
510 3.080000 2.608524 680.440000 104.401126
511 3.080000 2.608294 680.320000 103.517705
512 2.980000 2.601154 676.600000 103.216627
513 3.060000 2.598692 675.320000 102.007866
514 3.140000 2.599000 675.480000 102.889976
515 3.160000 2.587508 669.520000 100.822640
516 3.280000 2.572703 661.880000 99.746166
517 3.260000 2.561952 656.360000 99.251479
518 3.320000 2.563357 657.080000 98.961188
519 3.240000 2.572314 661.680000 99.693972
520 3.160000 2.570214 660.600000 98.741043
521 3.100000 2.570214 660.600000 98.811619
522 3.140000 2.594995 673.400000 100.313596
523 3.280000 2.615798 684.240000 101.754693
524 3.300000 2.619542 686.200000 102.654956
525 3.300000 2.637954 695.880000 103.842689
526 3.320000 2.645525 699.880000 103.801210
527 3.280000 2.655108 704.960000 103.442931
528 3.340000 2.649755 702.120000 101.505878
529 3.300000 2.645071 699.640000 99.934819
530 3.280000 2.656238 705.560000 101.549933
531 3.280000 2.652395 703.520000 101.377828
532 3.140000 2.648094 701.240000 100.817800
533 3.120000 2.650585 702.560000 101.728234
534 3.160000 2.636589 695.160000 99.736381
535 3.280000 2.633173 693.360000 98.991466
536 3.260000 2.615722 684.200000 97.484653
537 3.200000 2.606147 679.200000 96.648874
538 3.240000 2.604074 678.120000 95.989299
539 3.220000 2.612355 682.440000 97.224557
540 3.160000 2.612355 682.440000 96.980658
541 3.140000 2.629449 691.400000 98.746163
542 3.000000 2.621984 687.480000 97.293675
543 2.960000 2.601077 676.560000 94.535674
544 2.960000 2.601000 676.520000 93.723372
545 2.980000 2.608984 680.680000 94.619347
546 2.960000 2.603613 677.880000 93.660023
547 2.980000 2.608984 680.680000 94.191804
548 2.960000 2.612968 682.760000 93.379158
549 2.980000 2.608524 680.440000 93.145795
550 3.040000 2.613427 683.000000 92.788784
551 3.020000 2.615875 684.280000 93.075092
552 3.100000 2.620153 686.520000 92.885624
553 3.120000 2.618091 685.440000 93.245688
554 3.260000 2.633553 693.560000 94.739939
555 3.280000 2.621297 687.120000 94.469542
556 3.320000 2.607144 679.720000 94.071411
557 3.180000 2.600077 676.040000 93.021193
558 3.320000 2.608064 680.200000 94.485656
559 3.440000 2.620992 686.960000 96.441924
560 3.520000 2.618931 685.880000 96.184331
561 3.460000 2.632337 692.920000 97.583663
562 3.420000 2.628688 691.000000 97.198033
563 3.340000 2.627014 690.120000 96.041858
564 3.320000 2.620458 686.680000 95.112472
565 3.100000 2.620153 686.520000 94.781694
566 3.160000 2.619084 685.960000 94.783999
567 3.180000 2.601769 676.920000 94.205444
568 3.080000 2.616028 684.360000 95.555722
569 3.020000 2.625947 689.560000 96.523199
570 3.060000 2.642347 698.200000 97.393117
571 3.020000 2.634464 694.040000 96.454939
572 2.980000 2.631577 692.520000 96.708105
573 2.920000 2.646205 700.240000 97.892888
574 2.920000 2.665258 710.360000 99.950940
575 3.000000 2.664733 710.080000 98.795133
576 3.000000 2.657292 706.120000 97.416204
577 3.080000 2.638788 696.320000 94.834795
578 3.060000 2.647489 700.920000 96.645372
579 2.940000 2.662555 708.920000 98.083083
580 2.940000 2.655786 705.320000 98.199813
581 2.920000 2.669682 712.720000 98.097633
582 2.920000 2.678731 717.560000 99.244724
583 2.920000 2.691319 724.320000 100.941639
584 2.780000 2.688420 722.760000 100.408589
585 2.860000 2.700148 729.080000 101.552674
586 2.680000 2.697184 727.480000 100.623472
587 2.740000 2.690502 723.880000 99.913146
588 2.820000 2.673948 715.000000 98.240090
589 2.800000 2.662180 708.720000 96.871891
590 2.860000 2.670955 713.400000 96.974545
591 2.820000 2.671254 713.560000 96.800711
592 2.680000 2.674696 715.400000 97.940994
593 2.660000 2.678880 717.640000 98.017868
594 2.600000 2.694364 725.960000 100.021934
595 2.660000 2.702221 730.200000 100.868881
596 2.540000 2.697184 727.480000 101.028527
597 2.500000 2.694364 725.960000 100.753140
598 2.400000 2.701777 729.960000 102.293085
599 2.520000 2.705254 731.840000 102.947746
600 2.460000 2.714774 737.000000 104.468698
601 2.600000 2.700815 729.440000 102.467696
602 2.460000 2.712416 735.720000 103.019719
603 2.300000 2.704293 731.320000 102.207178
604 2.240000 2.700593 729.320000 101.879191
605 2.320000 2.697406 727.600000 101.790137
606 2.200000 2.676789 716.520000 99.581894
607 2.100000 2.684697 720.760000 99.677833
608 2.140000 2.694068 725.800000 100.854366
609 2.060000 2.687676 722.360000 100.477731
610 2.000000 2.685591 721.240000 101.146887
611 1.940000 2.680224 718.360000 99.874465
612 1.980000 2.683207 719.960000 100.712637
613 2.060000 2.699852 728.920000 103.161349
614 2.040000 2.693919 725.720000 102.875404
615 2.140000 2.673500 714.760000 100.235754
616 2.220000 2.680224 718.360000 102.083503
617 2.160000 2.676714 716.480000 102.304612
618 2.060000 2.682312 719.480000 101.360639
619 2.200000 2.708505 733.600000 103.360302
620 2.100000 2.713743 736.440000 105.050198
621 2.160000 2.710719 734.800000 105.649398
622 2.040000 2.715806 737.560000 104.963178
623 2.080000 2.721470 740.640000 105.763684
624 2.180000 2.720074 739.880000 105.746656
625 2.100000 2.720956 740.360000 105.491437
626 2.160000 2.710646 734.760000 104.126969
627 2.280000 2.724261 742.160000 106.034930
628 2.300000 2.732398 746.600000 106.030320
629 2.460000 2.730641 745.640000 106.067699
630 2.360000 2.726976 743.640000 105.491528
631 2.380000 2.717720 738.600000 105.665889
632 2.260000 2.723601 741.800000 104.841763
633 2.280000 2.712490 735.760000 103.642262
634 2.240000 2.712268 735.640000 103.292850
635 2.200000 2.720147 739.920000 103.533732
636 2.300000 2.720368 740.040000 103.655800
637 2.160000 2.738467 749.920000 105.443915
638 2.040000 2.742043 751.880000 105.937219
639 2.220000 2.743064 752.440000 107.771892
640 2.200000 2.737809 749.560000 106.807648
641 2.180000 2.740438 751.000000 107.218976
642 2.220000 2.747144 754.680000 107.810805
643 2.260000 2.746416 754.280000 108.928600
644 2.440000 2.749618 756.040000 109.607328
645 2.480000 2.753180 758.000000 109.648909
646 2.480000 2.741022 751.320000 108.885679
647 2.600000 2.737298 749.280000 107.662398
648 2.540000 2.739854 750.680000 107.456909
649 2.620000 2.740000 750.760000 107.400834
650 2.480000 2.737371 749.320000 106.616066
651 2.320000 2.735982 748.560000 105.914207
652 2.300000 2.741459 751.560000 105.321815
653 2.440000 2.746634 754.400000 106.647022
654 2.340000 2.753834 758.360000 107.557412
655 2.420000 2.743356 752.600000 106.020360
656 2.420000 2.765574 764.840000 107.574123
657 2.440000 2.778633 772.080000 107.439092
658 2.520000 2.794638 781.000000 108.807985
659 2.420000 2.806065 787.400000 111.244365
660 2.340000 2.820993 795.800000 113.233218
661 2.340000 2.845417 809.640000 116.359395
662 2.360000 2.820709 795.640000 113.146722
663 2.180000 2.825102 798.120000 115.159132
664 2.060000 2.824819 797.960000 113.534051
665 1.980000 2.820142 795.320000 112.671040
666 2.060000 2.829063 800.360000 114.797157
667 2.200000 2.820638 795.600000 114.571096
668 2.160000 2.803926 786.200000 113.007561
669 2.220000 2.797356 782.520000 111.932058
670 2.100000 2.794065 780.680000 112.239857
671 2.120000 2.797570 782.640000 112.361908
672 2.220000 2.815884 792.920000 115.265530
673 1.920000 2.819787 795.120000 115.398787
674 2.180000 2.820000 795.240000 115.463255
675 2.160000 2.835771 804.160000 116.860388
676 2.200000 2.841619 807.480000 116.817663
677 2.360000 2.855311 815.280000 119.664344
678 2.340000 2.878124 828.360000 122.157616
679 2.140000 2.887144 833.560000 123.428451
680 2.080000 2.881041 830.040000 122.456686
681 1.940000 2.875761 827.000000 122.216064
682 1.860000 2.888114 834.120000 122.496550
683 1.840000 2.897585 839.600000 123.506068
684 1.680000 2.904961 843.880000 122.879648
685 1.740000 2.903308 842.920000 123.030617
686 1.680000 2.903446 843.000000 122.555503
687 1.880000 2.908883 846.160000 121.673353
688 1.940000 2.898068 839.880000 119.710250
689 2.020000 2.894754 837.960000 119.286552
690 2.080000 2.904548 843.640000 120.008700
691 2.160000 2.921643 853.600000 122.462226
692 2.160000 2.914584 849.480000 120.895194
693 2.220000 2.920890 853.160000 121.648997
694 2.100000 2.926773 856.600000 121.826349
695 2.080000 2.928891 857.840000 121.323112
696 1.940000 2.933598 860.600000 120.719927
697 1.940000 2.917328 851.080000 118.514249
698 1.940000 2.932235 859.800000 120.374928
699 1.740000 2.925406 855.800000 119.980545
700 1.660000 2.934280 861.000000 121.967235
701 1.580000 2.937550 862.920000 122.273850
702 1.520000 2.946252 868.040000 124.591852
703 1.480000 2.921643 853.600000 122.776565
704 1.400000 2.930734 858.920000 124.154665
705 1.340000 2.923491 854.680000 122.958510
706 1.280000 2.928959 857.880000 122.482972
707 1.420000 2.945301 867.480000 123.376276
708 1.440000 2.938775 863.640000 122.379090
709 1.520000 2.935166 861.520000 122.726141
710 1.600000 2.935916 861.960000 123.004754
711 1.700000 2.931825 859.560000 124.363133
712 1.640000 2.947338 868.680000 126.458632
713 1.720000 2.946320 868.080000 125.596166
714 1.600000 2.974626 884.840000 129.376721
715 1.680000 2.974962 885.040000 128.217521
716 1.720000 2.972070 883.320000 128.870459
717 1.740000 2.968030 880.920000 127.922170
718 1.520000 2.969512 881.800000 128.237380
719 1.500000 2.955199 873.320000 126.268767
720 1.520000 2.972474 883.560000 128.536277
721 1.600000 2.971868 883.200000 128.653581
722 1.680000 2.979060 887.480000 129.244333
723 1.740000 2.982281 889.400000 130.290740
724 1.860000 2.961013 876.760000 127.851395
725 2.020000 2.966682 880.120000 128.899905
726 2.040000 2.975702 885.480000 129.847923
727 2.020000 2.957769 874.840000 127.006482
728 2.080000 2.957905 874.920000 127.077878
729 1.840000 2.958243 875.120000 128.820980
730 1.880000 2.951813 871.320000 127.462616
731 1.820000 2.963309 878.120000 127.687093
732 1.760000 2.970858 882.600000 127.600815
733 1.720000 2.992791 895.680000 130.657096
734 1.620000 3.002865 901.720000 131.799830
735 1.680000 3.005595 903.360000 131.435149
736 1.560000 3.013370 908.040000 133.310261
737 1.440000 3.020993 912.640000 135.345460
738 1.440000 3.032029 919.320000 135.111468
739 1.460000 3.023442 914.120000 134.188166
740 1.480000 3.042433 925.640000 136.448132
741 1.580000 3.029653 917.880000 134.715125
742 1.440000 3.026880 916.200000 133.059998
743 1.500000 3.045981 927.800000 136.082316
744 1.460000 3.036906 922.280000 134.047060
745 1.440000 3.037236 922.480000 135.561540
746 1.500000 3.021589 913.000000 133.155740
747 1.460000 3.032293 919.480000 133.778384
748 1.380000 3.049393 929.880000 134.218502
749 1.520000 3.044602 926.960000 134.396988
750 1.640000 3.063136 938.280000 137.072022
751 1.640000 3.057319 934.720000 137.111966
752 1.720000 3.063658 938.600000 137.953685
753 1.620000 3.064702 939.240000 138.765489
754 1.620000 3.061176 937.080000 138.248524
755 1.800000 3.059412 936.000000 137.760134
756 1.880000 3.059085 935.800000 136.499688
757 1.840000 3.059804 936.240000 137.515427
758 1.860000 3.064833 939.320000 136.995130
759 1.920000 3.081818 949.760000 138.446553
760 1.720000 3.078506 947.720000 137.162129
761 1.760000 3.066072 940.080000 136.367468
762 1.780000 3.063005 938.200000 134.920154
763 1.800000 3.050115 930.320000 131.684016
764 1.740000 3.050705 930.680000 130.241198
765 1.780000 3.044667 927.000000 130.294724
766 1.700000 3.050574 930.600000 130.941758
767 1.540000 3.077466 947.080000 133.537518
768 1.620000 3.063789 938.680000 131.327724
769 1.680000 3.063593 938.560000 131.276587
770 1.480000 3.058562 935.480000 130.104284
771 1.540000 3.067963 941.240000 131.058009
772 1.400000 3.064963 939.400000 131.279293
773 1.440000 3.078181 947.520000 131.462518
774 1.560000 3.066268 940.200000 131.151247
775 1.500000 3.066529 940.360000 130.952376
776 1.440000 3.062091 937.640000 129.839877
777 1.380000 3.076296 946.360000 131.996818
778 1.140000 3.080584 949.000000 133.162433
779 1.280000 3.078441 947.680000 131.831256
780 1.220000 3.087329 953.160000 133.779042
781 1.180000 3.098838 960.280000 135.631896
782 1.080000 3.098580 960.120000 136.990738
783 1.040000 3.092960 956.640000 136.669125
784 0.980000 3.085903 952.280000 136.133811
785 0.900000 3.080584 949.000000 136.388134
786 0.820000 3.071351 943.320000 135.410907
787 0.640000 3.091278 955.600000 136.798322
788 0.600000 3.112105 968.520000 138.261642
789 0.780000 3.113390 969.320000 138.505653
790 0.840000 3.131837 980.840000 139.004288
791 0.800000 3.130367 979.920000 138.555294
792 0.740000 3.129409 979.320000 138.439468
793 0.760000 3.132667 981.360000 137.706017
794 0.840000 3.130942 980.280000 138.372674
795 0.860000 3.141910 987.160000 140.797693
796 0.840000 3.141401 986.840000 142.006158
797 0.800000 3.147698 990.800000 142.531299
798 0.920000 3.147634 990.760000 141.763668
799 0.840000 3.170741 1005.360000 145.001964
800 1.000000 3.182515 1012.840000 147.715922
801 1.000000 3.172507 1006.480000 147.086163
802 1.100000 3.174083 1007.480000 147.796319
803 0.860000 3.182389 1012.760000 149.059440
804 0.880000 3.189545 1017.320000 149.802804
805 0.820000 3.199312 1023.560000 151.561626
806 0.840000 3.210794 1030.920000 152.510868
807 0.880000 3.210109 1030.480000 152.729706
808 0.900000 3.197812 1022.600000 149.735842
809 0.780000 3.186785 1015.560000 148.208723
810 0.640000 3.177987 1009.960000 146.986759
811 0.640000 3.176665 1009.120000 146.712950
812 0.660000 3.165249 1001.880000 144.641798
813 0.780000 3.161835 999.720000 144.181846
814 0.540000 3.165375 1001.960000 144.817225
815 0.540000 3.158417 997.560000 143.566492
816 0.680000 3.157657 997.080000 143.820950
817 0.760000 3.145664 989.520000 141.172269
818 0.960000 3.144455 988.760000 141.900061
819 0.980000 3.150048 992.280000 142.279736
820 0.820000 3.151698 993.320000 143.106036
821 0.860000 3.148905 991.560000 142.632535
822 0.860000 3.163353 1000.680000 144.817027
823 0.860000 3.168154 1003.720000 143.927204
824 0.840000 3.159304 998.120000 144.197620
825 0.980000 3.169669 1004.680000 145.581894
826 0.860000 3.166765 1002.840000 146.098854
827 0.880000 3.171624 1005.920000 146.211261
828 0.840000 3.161582 999.560000 145.185277
829 0.800000 3.154299 994.960000 143.802053
830 0.780000 3.156390 996.280000 144.921998
831 0.800000 3.161519 999.520000 143.812094
832 0.680000 3.153982 994.760000 143.260847
833 0.560000 3.146045 989.760000 142.397124
834 0.680000 3.144583 988.840000 141.202629
835 0.700000 3.160063 998.600000 142.524283
836 0.880000 3.166765 1002.840000 143.690629
837 0.860000 3.170804 1005.400000 142.901561
838 0.900000 3.183143 1013.240000 143.007843
839 1.000000 3.186095 1015.120000 144.704925
840 1.100000 3.179119 1010.680000 144.707844
841 0.980000 3.170678 1005.320000 144.634231
842 0.820000 3.165375 1001.960000 144.413429
843 0.860000 3.173830 1007.320000 144.439762
844 0.900000 3.192178 1019.000000 146.423403
845 0.840000 3.198250 1022.880000 147.250231
846 0.740000 3.191677 1018.680000 147.752241
847 0.760000 3.196248 1021.600000 147.537000
848 0.720000 3.211417 1031.320000 149.928127
849 0.740000 3.233017 1045.240000 153.115940
850 0.580000 3.230913 1043.880000 154.293746
851 0.740000 3.222235 1038.280000 152.445411
852 0.620000 3.213907 1032.920000 150.892836
853 0.600000 3.224531 1039.760000 152.284187
854 0.820000 3.234502 1046.200000 153.385679
855 0.800000 3.255273 1059.680000 155.362920
856 0.900000 3.249185 1055.720000 155.406358
857 0.820000 3.256194 1060.280000 155.159990
858 0.880000 3.243393 1051.960000 152.874584
859 0.880000 3.245428 1053.280000 151.385701
860 0.800000 3.249308 1055.800000 151.955904
861 0.820000 3.245243 1053.160000 151.283961
862 0.960000 3.247461 1054.600000 152.291132
863 1.080000 3.252445 1057.840000 152.175504
864 1.240000 3.252507 1057.880000 151.328744
865 1.080000 3.250723 1056.720000 149.847122
866 1.200000 3.259018 1062.120000 150.383488
867 1.140000 3.258773 1061.960000 151.400904
868 1.180000 3.273713 1071.720000 153.867049
869 1.060000 3.261349 1063.640000 152.839529
870 1.120000 3.260368 1063.000000 151.780267
871 1.180000 3.271147 1070.040000 153.685320
872 1.180000 3.263189 1064.840000 152.916971
873 1.020000 3.268455 1068.280000 152.512982
874 1.220000 3.285301 1079.320000 154.581153
875 1.100000 3.284570 1078.840000 155.655096
876 1.180000 3.285301 1079.320000 155.109319
877 1.120000 3.293873 1084.960000 156.632829
878 1.180000 3.316806 1100.120000 159.680586
879 1.220000 3.331726 1110.040000 162.067216
880 1.200000 3.316685 1100.040000 160.801761
881 1.280000 3.327101 1106.960000 161.691311
882 1.280000 3.318373 1101.160000 161.352246
883 1.300000 3.340479 1115.880000 163.970534
884 1.380000 3.333887 1111.480000 161.382601
885 1.300000 3.313065 1097.640000 158.331404
886 1.440000 3.311495 1096.600000 156.998716
887 1.540000 3.311978 1096.920000 157.437632
888 1.440000 3.321987 1103.560000 159.432845
889 1.540000 3.304482 1091.960000 156.641200
890 1.580000 3.300242 1089.160000 156.147284
891 1.660000 3.300970 1089.640000 156.074075
892 1.820000 3.306176 1093.080000 157.192656
893 1.920000 3.310106 1095.680000 158.540201
894 2.020000 3.312824 1097.480000 157.448008
895 2.060000 3.299273 1088.520000 156.626680
896 1.980000 3.323673 1104.680000 159.102101
897 2.000000 3.331546 1109.920000 161.127487
898 1.900000 3.338443 1114.520000 161.650462
899 1.840000 3.338622 1114.640000 162.075069
900 1.680000 3.330285 1109.080000 161.046125
901 1.720000 3.319880 1102.160000 160.443077
902 1.760000 3.322469 1103.880000 161.829876
903 1.760000 3.318554 1101.280000 163.436667
904 1.860000 3.319458 1101.880000 164.641171
905 1.860000 3.316926 1100.200000 164.176885
906 1.700000 3.311012 1096.280000 163.529760
907 1.480000 3.298485 1088.000000 162.610519
908 1.400000 3.305934 1092.920000 164.008619
909 1.380000 3.298303 1087.880000 162.265861
910 1.440000 3.308958 1094.920000 163.474671
911 1.380000 3.312220 1097.080000 162.858378
912 1.380000 3.316203 1099.720000 164.067489
913 1.480000 3.315298 1099.120000 165.256271
914 1.400000 3.315720 1099.400000 164.258382
915 1.320000 3.285848 1079.680000 160.017514
916 1.340000 3.286031 1079.800000 159.264223
917 1.240000 3.298121 1087.760000 160.866364
918 1.280000 3.293569 1084.760000 158.276078
919 1.480000 3.297878 1087.600000 158.460842
920 1.580000 3.305329 1092.520000 161.010608
921 1.480000 3.302363 1090.560000 160.627948
922 1.440000 3.300364 1089.240000 159.245034
923 1.380000 3.287126 1080.520000 156.213761
924 1.340000 3.280061 1075.880000 155.345447
925 1.320000 3.294116 1085.120000 157.144764
926 1.380000 3.303755 1091.480000 159.294449
927 1.300000 3.277987 1074.520000 156.954832
928 1.420000 3.272858 1071.160000 155.843188
929 1.440000 3.284874 1079.040000 157.954201
930 1.380000 3.285179 1079.240000 157.913668
931 1.200000 3.289012 1081.760000 157.282721
932 1.080000 3.302302 1090.520000 158.031151
933 1.100000 3.299636 1088.760000 156.708540
934 1.300000 3.298424 1087.960000 156.194960
935 1.160000 3.301394 1089.920000 156.762909
936 1.180000 3.318373 1101.160000 159.096227
937 1.220000 3.319940 1102.200000 159.977613
938 1.240000 3.337724 1114.040000 161.602540
939 1.360000 3.339341 1115.120000 161.187538
940 1.460000 3.337005 1113.560000 159.726050
941 1.380000 3.336405 1113.160000 159.665836
942 1.460000 3.345265 1119.080000 158.735755
943 1.480000 3.341377 1116.480000 158.025269
944 1.400000 3.343591 1117.960000 157.451676
945 1.420000 3.362559 1130.680000 159.323565
946 1.420000 3.365056 1132.360000 158.962869
947 1.420000 3.373485 1138.040000 159.664278
948 1.420000 3.378106 1141.160000 160.266987
949 1.340000 3.376566 1140.120000 157.650484
950 1.260000 3.370282 1135.880000 157.334253
951 1.360000 3.371291 1136.560000 157.259454
952 1.480000 3.372655 1137.480000 158.958379
953 1.440000 3.377928 1141.040000 158.065394
954 1.420000 3.375381 1139.320000 157.149839
955 1.600000 3.357499 1127.280000 153.549601
956 1.600000 3.358512 1127.960000 153.805056
957 1.500000 3.356963 1126.920000 154.334893
958 1.600000 3.354817 1125.480000 154.783472
959 1.540000 3.360893 1129.560000 155.135585
960 1.700000 3.373841 1138.280000 156.047336
961 1.800000 3.374967 1139.040000 155.349413
962 1.800000 3.384494 1145.480000 156.436241
963 1.720000 3.396351 1153.520000 158.307311
964 1.620000 3.386621 1146.920000 156.388818
965 1.800000 3.399647 1155.760000 157.799620
966 1.820000 3.393464 1151.560000 158.361935
967 1.700000 3.396881 1153.880000 158.944770
968 1.740000 3.392993 1151.240000 159.265745
969 1.740000 3.400294 1156.200000 161.136628
970 1.620000 3.403704 1158.520000 162.903559
971 1.680000 3.412096 1164.240000 165.989248
972 1.800000 3.405114 1159.480000 164.311933
973 1.680000 3.396704 1153.760000 163.725018
974 1.640000 3.399118 1155.400000 163.190882
975 1.700000 3.385676 1146.280000 162.993163
976 1.700000 3.391342 1150.120000 165.220338
977 1.580000 3.396292 1153.480000 164.983534
978 1.520000 3.401353 1156.920000 165.575327
979 1.400000 3.414908 1166.160000 168.011528
980 1.380000 3.412155 1164.280000 169.526508
981 1.300000 3.412858 1164.760000 171.594196
982 1.360000 3.399471 1155.640000 170.435747
983 1.460000 3.395939 1153.240000 169.257948
984 1.300000 3.387684 1147.640000 167.391531
985 1.200000 3.398235 1154.800000 168.601656
986 1.160000 3.397823 1154.520000 168.345982
987 1.080000 3.407286 1160.960000 171.012959
988 1.140000 3.389572 1148.920000 167.546450
989 1.140000 3.397823 1154.520000 168.397126
990 1.040000 3.409340 1162.360000 169.730813
991 0.760000 3.404585 1159.120000 169.691263
992 0.760000 3.409457 1162.440000 170.894672
993 0.760000 3.415963 1166.880000 170.382008
994 0.940000 3.402646 1157.800000 168.491643
995 1.000000 3.407521 1161.120000 168.264815
996 1.020000 3.394054 1151.960000 165.891516
997 1.020000 3.395232 1152.760000 165.138172
998 0.940000 3.404761 1159.240000 167.173625
999 1.040000 3.422397 1171.280000 168.759886
1000 0.980000 3.439709 1183.160000 171.099265
1001 1.040000 3.444532 1186.480000 172.160846
1002 1.020000 3.430977 1177.160000 169.438801
1003 1.060000 3.421754 1170.840000 167.748125
1004 1.060000 3.405466 1159.720000 164.952153
1005 0.980000 3.393818 1151.800000 164.601584
1006 1.060000 3.375974 1139.720000 163.540742
1007 1.100000 3.372536 1137.400000 162.800010
1008 0.980000 3.379527 1142.120000 162.125719
1009 1.040000 3.399059 1155.360000 162.936964
1010 1.120000 3.392639 1151.000000 162.733072
1011 1.040000 3.401529 1157.040000 164.208380
1012 1.000000 3.396292 1153.480000 162.741257
1013 0.840000 3.368086 1134.400000 159.736663
1014 0.740000 3.381420 1143.400000 162.408758
1015 0.820000 3.379882 1142.360000 162.961659
1016 0.960000 3.374552 1138.760000 160.694104
1017 0.840000 3.375678 1139.520000 161.950906
1018 0.880000 3.370163 1135.800000 160.775924
1019 0.780000 3.361607 1130.040000 159.473885
1020 0.780000 3.369332 1135.240000 161.473039
1021 0.640000 3.376270 1139.920000 163.215107
1022 0.700000 3.376685 1140.200000 164.522164
1023 0.540000 3.386266 1146.680000 166.332111
1024 0.620000 3.391696 1150.360000 165.335301
1025 0.600000 3.403293 1158.240000 168.746892
1026 0.580000 3.403586 1158.440000 168.025960
1027 0.520000 3.405995 1160.080000 166.079196
1028 0.400000 3.392403 1150.840000 163.750088
1029 0.400000 3.396822 1153.840000 163.011097
1030 0.280000 3.398294 1154.840000 164.308028
1031 0.160000 3.405055 1159.440000 165.223771
1032 0.160000 3.396763 1153.800000 164.320224
1033 0.080000 3.384671 1145.600000 161.707212
1034 0.140000 3.401588 1157.080000 164.695865
1035 0.220000 3.405701 1159.880000 164.329581
1036 0.200000 3.393111 1151.320000 163.076782
1037 0.220000 3.396528 1153.640000 163.622986
1038 -0.040000 3.404526 1159.080000 163.268113
1039 0.160000 3.408460 1161.760000 164.592855
1040 0.220000 3.396292 1153.480000 164.590226
1041 0.000000 3.379112 1141.840000 161.970042
1042 0.080000 3.371824 1136.920000 162.947545
1043 0.020000 3.382248 1143.960000 162.866257
1044 0.240000 3.388038 1147.880000 163.090777
1045 0.180000 3.393936 1151.880000 163.204221
1046 0.200000 3.412975 1164.840000 163.953154
1047 0.300000 3.411920 1164.120000 163.122462
1048 0.340000 3.406171 1160.200000 161.174718
1049 0.380000 3.413210 1165.000000 163.190161
1050 0.620000 3.410865 1163.400000 162.732812
1051 0.720000 3.405290 1159.600000 162.379885
1052 0.840000 3.390988 1149.880000 159.678793
1053 0.960000 3.379822 1142.320000 158.972873
1054 0.900000 3.374433 1138.680000 157.412513
1055 1.040000 3.369510 1135.360000 157.884388
1056 1.140000 3.385085 1145.880000 157.834440
1057 1.260000 3.384967 1145.800000 159.319699
1058 1.320000 3.393700 1151.720000 159.621793
1059 1.280000 3.395173 1152.720000 160.215080
1060 1.480000 3.414967 1166.200000 164.361781
1061 1.380000 3.446912 1188.120000 168.845809
1062 1.440000 3.449928 1190.200000 167.671178
1063 1.260000 3.467506 1202.360000 170.350425
1064 1.380000 3.476032 1208.280000 172.496228
1065 1.460000 3.480517 1211.400000 173.083568
1066 1.220000 3.481207 1211.880000 172.161654
1067 1.340000 3.488438 1216.920000 173.418237
1068 1.340000 3.503655 1227.560000 174.474874
1069 1.460000 3.491647 1219.160000 172.847322
1070 1.540000 3.507763 1230.440000 174.962240
1071 1.440000 3.500857 1225.600000 174.524465
1072 1.500000 3.511182 1232.840000 175.611963
1073 1.320000 3.518181 1237.760000 177.234832
1074 1.200000 3.534685 1249.400000 178.718321
1075 1.200000 3.527038 1244.000000 177.524953
1076 0.960000 3.514826 1235.400000 174.839831
1077 1.080000 3.513744 1234.640000 175.507666
1078 0.960000 3.520170 1239.160000 177.498759
1079 1.040000 3.520341 1239.280000 177.302007
1080 1.140000 3.518693 1238.120000 176.905471
1081 1.060000 3.513460 1234.440000 176.103138
1082 1.040000 3.500686 1225.480000 173.249554
1083 0.920000 3.499600 1224.720000 171.990628
1084 0.900000 3.511410 1233.000000 173.145405
1085 0.960000 3.526244 1243.440000 174.451231
1086 0.980000 3.525621 1243.000000 176.068055
1087 1.000000 3.526244 1243.440000 177.395274
1088 0.980000 3.527889 1244.600000 179.160125
1089 0.840000 3.527379 1244.240000 177.400257
1090 0.940000 3.528909 1245.320000 177.862734
1091 0.920000 3.531119 1246.880000 177.930373
1092 0.920000 3.535704 1250.120000 178.431154
1093 0.860000 3.528229 1244.840000 177.996553
1094 0.840000 3.536948 1251.000000 179.833839
1095 0.880000 3.526018 1243.280000 178.481277
1096 0.720000 3.522783 1241.000000 179.312536
1097 0.640000 3.513061 1234.160000 177.221750
1098 0.640000 3.511524 1233.080000 178.629453
1099 0.620000 3.529816 1245.960000 181.053822
1100 0.520000 3.529249 1245.560000 181.545873
1101 0.480000 3.537457 1251.360000 180.968152
1102 0.440000 3.549479 1259.880000 181.488909
1103 0.520000 3.546153 1257.520000 181.471836
1104 0.420000 3.529249 1245.560000 178.038059
1105 0.340000 3.518693 1238.120000 177.111404
1106 0.400000 3.505253 1228.680000 175.804774
1107 0.400000 3.501200 1225.840000 174.747567
1108 0.460000 3.507649 1230.360000 175.562734
1109 0.580000 3.509701 1231.800000 175.474630
1110 0.600000 3.529929 1246.040000 177.467631
1111 0.660000 3.542711 1255.080000 177.309005
1112 0.720000 3.524599 1242.280000 173.875983
1113 0.820000 3.517670 1237.400000 171.995270
1114 0.760000 3.506850 1229.800000 169.897305
1115 0.820000 3.503884 1227.720000 170.245883
1116 0.820000 3.492220 1219.560000 169.228433
1117 0.820000 3.499200 1224.440000 170.007148
1118 0.900000 3.509245 1231.480000 173.490800
1119 0.940000 3.513574 1234.520000 175.226455
1120 1.220000 3.518920 1238.280000 174.829169
1121 1.260000 3.528116 1244.760000 175.791326
1122 1.180000 3.524940 1242.520000 175.111882
1123 1.220000 3.525394 1242.840000 175.611325
1124 1.380000 3.539096 1252.520000 177.899360
1125 1.300000 3.527662 1244.440000 175.063303
1126 1.300000 3.529023 1245.400000 175.029511
1127 1.380000 3.533553 1248.600000 174.372906
1128 1.320000 3.528796 1245.240000 173.201834
1129 1.340000 3.543840 1255.880000 174.642588
1130 1.340000 3.538870 1252.360000 174.131454
1131 1.460000 3.522102 1240.520000 170.788983
1132 1.320000 3.522442 1240.760000 169.562104
1133 1.320000 3.532365 1247.760000 170.496151
1134 1.260000 3.542372 1254.840000 171.208724
1135 1.300000 3.541807 1254.440000 169.674040
1136 1.200000 3.547788 1258.680000 170.259120
1137 1.200000 3.548972 1259.520000 171.088057
1138 1.320000 3.555334 1264.040000 172.904950
1139 1.360000 3.564940 1270.880000 173.887941
1140 1.400000 3.564548 1270.600000 174.592096
1141 1.440000 3.579385 1281.200000 175.912806
1142 1.380000 3.587144 1286.760000 176.275829
1143 1.300000 3.579218 1281.080000 177.525597
1144 1.440000 3.581564 1282.760000 176.780279
1145 1.640000 3.562583 1269.200000 175.025493
1146 1.600000 3.559494 1267.000000 175.345405
1147 1.640000 3.554378 1263.360000 173.989586
1148 1.540000 3.545984 1257.400000 174.407592
1149 1.600000 3.545250 1256.880000 171.921554
1150 1.540000 3.551281 1261.160000 171.276684
1151 1.540000 3.554771 1263.640000 169.972901
1152 1.540000 3.570602 1274.920000 172.350248
1153 1.680000 3.556403 1264.800000 170.422928
1154 1.720000 3.571274 1275.400000 173.045686
1155 1.780000 3.574857 1277.960000 174.588430
1156 1.760000 3.585248 1285.400000 175.116661
1157 1.760000 3.580056 1281.680000 173.996515
1158 1.760000 3.590376 1289.080000 175.394755
1159 1.820000 3.585248 1285.400000 173.998961
1160 1.860000 3.589373 1288.360000 174.679006
1161 1.800000 3.599222 1295.440000 175.859608
1162 1.760000 3.613807 1305.960000 178.774656
1163 1.760000 3.634611 1321.040000 179.750018
1164 1.660000 3.612368 1304.920000 176.951180
1165 1.660000 3.628609 1316.680000 178.449755
1166 1.560000 3.624196 1313.480000 180.333149
1167 1.560000 3.615965 1307.520000 180.118996
1168 1.740000 3.607049 1301.080000 177.715886
1169 1.840000 3.603998 1298.880000 178.174081
1170 1.680000 3.606938 1301.000000 178.751555
1171 1.680000 3.614637 1306.560000 179.441815
1172 1.600000 3.619116 1309.800000 180.262271
1173 1.620000 3.616241 1307.720000 180.225836
1174 1.480000 3.615135 1306.920000 179.478204
1175 1.440000 3.627120 1315.600000 182.691964
1176 1.420000 3.630813 1318.280000 182.660962
1177 1.400000 3.629215 1317.120000 182.837108
1178 1.360000 3.642582 1326.840000 184.171316
1179 1.380000 3.645436 1328.920000 186.660685
1180 1.440000 3.659672 1339.320000 190.341499
1181 1.400000 3.683259 1356.640000 192.842601
1182 1.540000 3.682010 1355.720000 190.792218
1183 1.500000 3.684942 1357.880000 189.867314
1184 1.560000 3.694158 1364.680000 189.226290
1185 1.540000 3.694374 1364.840000 188.187145
1186 1.620000 3.697945 1367.480000 187.754380
1187 1.640000 3.698648 1368.000000 187.784366
1188 1.700000 3.691233 1362.520000 185.283510
1189 1.580000 3.709501 1376.040000 188.229719
1190 1.620000 3.706373 1373.720000 187.365931
1191 1.780000 3.689499 1361.240000 185.505347
1192 1.740000 3.697621 1367.240000 186.425380
1193 1.800000 3.716558 1381.280000 188.039111
1194 1.840000 3.716504 1381.240000 188.430201
1195 1.720000 3.702972 1371.200000 186.337857
1196 1.920000 3.712735 1378.440000 185.347017
1197 1.860000 3.715643 1380.600000 185.852273
1198 1.820000 3.706157 1373.560000 185.354316
1199 1.900000 3.724997 1387.560000 188.047449
1200 2.000000 3.737646 1397.000000 190.512177
1201 1.880000 3.743795 1401.600000 190.315208
1202 1.940000 3.733792 1394.120000 187.605603
1203 2.020000 3.730362 1391.560000 187.678005
1204 2.260000 3.737325 1396.760000 188.652184
1205 2.140000 3.730147 1391.400000 186.523157
1206 2.140000 3.740214 1398.920000 188.349921
1207 2.060000 3.751000 1407.000000 191.440710
1208 2.040000 3.760372 1414.040000 193.852988
1209 1.940000 3.763031 1416.040000 194.521826
1210 1.840000 3.756328 1411.000000 192.297374
1211 1.700000 3.761861 1415.160000 194.092160
1212 1.660000 3.750467 1406.600000 193.105335
1213 1.640000 3.762021 1415.280000 192.672248
1214 1.520000 3.760372 1414.040000 192.629273
1215 1.420000 3.752812 1408.360000 191.252194
1216 1.560000 3.768023 1419.800000 193.321697
1217 1.700000 3.773009 1423.560000 195.624559
1218 1.600000 3.773539 1423.960000 194.629950
1219 1.560000 3.778677 1427.840000 195.601861
1220 1.660000 3.786133 1433.480000 197.194402
1221 1.640000 3.780159 1428.960000 197.322704
1222 1.760000 3.778730 1427.880000 195.858357
1223 1.740000 3.780635 1429.320000 195.876255
1224 1.660000 3.799842 1443.880000 199.173492
1225 1.620000 3.813817 1454.520000 200.648050
1226 1.720000 3.827845 1465.240000 203.889535
1227 1.740000 3.822826 1461.400000 203.669827
1228 1.600000 3.819057 1458.520000 203.425737
1229 1.600000 3.819215 1458.640000 202.592343
1230 1.720000 3.830770 1467.480000 205.724589
1231 1.720000 3.825389 1463.360000 204.386548
1232 1.700000 3.806468 1448.920000 202.473690
1233 1.560000 3.805890 1448.480000 201.308996
1234 1.720000 3.819791 1459.080000 203.650312
1235 1.640000 3.828629 1465.840000 205.547857
1236 1.600000 3.830875 1467.560000 207.430397
1237 1.700000 3.841198 1475.480000 210.392817
1238 1.760000 3.848792 1481.320000 211.599509
1239 1.820000 3.828472 1465.720000 209.766201
1240 1.940000 3.826382 1464.120000 210.161207
1241 1.900000 3.828263 1465.560000 212.544218
1242 2.020000 3.840469 1474.920000 214.922900
1243 2.020000 3.839219 1473.960000 212.474744
1244 1.980000 3.840156 1474.680000 210.805491
1245 2.040000 3.851961 1483.760000 211.669380
1246 2.040000 3.837551 1472.680000 209.446211
1247 1.980000 3.840989 1475.320000 210.352185
1248 1.960000 3.834527 1470.360000 210.171081
1249 2.040000 3.835205 1470.880000 212.690032
1250 2.000000 3.841927 1476.040000 210.396403
1251 2.120000 3.843852 1477.520000 211.982645
1252 1.960000 3.850351 1482.520000 211.182003
1253 1.920000 3.854763 1485.920000 212.338809
1254 2.040000 3.880773 1506.040000 217.010979
1255 1.980000 3.867144 1495.480000 214.392142
1256 1.880000 3.881288 1506.440000 216.460391
1257 1.740000 3.891786 1514.600000 216.749813
1258 1.720000 3.886026 1510.120000 214.743918
1259 1.660000 3.883658 1508.280000 213.757478
1260 1.460000 3.874481 1501.160000 211.277296
1261 1.460000 3.857720 1488.200000 209.406724
1262 1.300000 3.860207 1490.120000 210.515360
1263 1.220000 3.853985 1485.320000 209.467363
1264 1.320000 3.866213 1494.760000 210.587719
1265 1.320000 3.886901 1510.800000 213.583108
1266 1.440000 3.890758 1513.800000 214.487646
1267 1.560000 3.883401 1508.080000 211.356446
1268 1.440000 3.883143 1507.880000 213.323724
1269 1.380000 3.889113 1512.520000 212.804259
1270 1.540000 3.894663 1516.840000 214.492868
1271 1.420000 3.882731 1507.560000 213.416311
1272 1.420000 3.863936 1493.000000 211.177537
1273 1.500000 3.849000 1481.480000 208.379596
1274 1.420000 3.840885 1475.240000 208.609814
1275 1.300000 3.840365 1474.840000 209.310892
1276 1.340000 3.833275 1469.400000 209.930217
1277 1.460000 3.843800 1477.480000 212.836016
1278 1.480000 3.850662 1482.760000 212.081252
1279 1.600000 3.868333 1496.400000 213.227799
1280 1.340000 3.862279 1491.720000 210.279639
1281 1.400000 3.872054 1499.280000 210.670662
1282 1.440000 3.871692 1499.000000 210.175032
1283 1.280000 3.867402 1495.680000 207.826000
1284 1.100000 3.876648 1502.840000 209.073503
1285 1.100000 3.863522 1492.680000 207.637904
1286 1.160000 3.877886 1503.800000 208.523062
1287 1.220000 3.898564 1519.880000 211.297129
1288 1.260000 3.906047 1525.720000 211.983799
1289 1.200000 3.886798 1510.720000 209.096755
1290 0.980000 3.880155 1505.560000 206.151164
1291 1.080000 3.886695 1510.640000 206.558517
1292 1.220000 3.895485 1517.480000 208.071549
1293 1.380000 3.893019 1515.560000 207.916618
1294 1.320000 3.899282 1520.440000 208.229362
1295 1.340000 3.898153 1519.560000 207.520062
1296 1.480000 3.906866 1526.360000 209.383671
1297 1.300000 3.890655 1513.720000 208.346892
1298 1.380000 3.888702 1512.200000 208.281049
1299 1.420000 3.885409 1509.640000 207.741686
1300 1.440000 3.871176 1498.600000 206.669491
1301 1.300000 3.873551 1500.440000 206.069204
1302 1.300000 3.878917 1504.600000 205.747842
1303 1.200000 3.875255 1501.760000 207.304943
1304 1.260000 3.884791 1509.160000 209.162719
1305 1.220000 3.878505 1504.280000 207.068433
1306 1.080000 3.903076 1523.400000 210.313206
1307 1.100000 3.900103 1521.080000 208.448386
1308 1.260000 3.907889 1527.160000 211.283268
1309 1.320000 3.908657 1527.760000 212.685631
1310 1.200000 3.916376 1533.800000 212.289727
1311 1.180000 3.904715 1524.680000 210.958786
1312 1.120000 3.906354 1525.960000 209.749740
1313 1.020000 3.888393 1511.960000 206.398213
1314 1.060000 3.872519 1499.640000 203.539123
1315 1.180000 3.882525 1507.400000 204.537676
1316 1.360000 3.877577 1503.560000 204.509028
1317 1.420000 3.885923 1510.040000 204.285569
1318 1.500000 3.892403 1515.080000 205.934296
1319 1.360000 3.871124 1498.560000 204.323739
1320 1.360000 3.881185 1506.360000 207.701821
1321 1.440000 3.878453 1504.240000 206.303877
1322 1.560000 3.901231 1521.960000 209.717372
1323 1.420000 3.905330 1525.160000 208.711445
1324 1.240000 3.891067 1514.040000 205.313664
1325 1.180000 3.893533 1515.960000 205.558373
1326 1.200000 3.899795 1520.840000 206.121781
1327 1.200000 3.909066 1528.080000 208.087186
1328 1.300000 3.886438 1510.440000 206.003511
1329 1.200000 3.900462 1521.360000 207.289116
1330 1.060000 3.912902 1531.080000 208.825952
1331 1.100000 3.919541 1536.280000 211.247699
1332 1.040000 3.916887 1534.200000 209.710471
1333 1.100000 3.919847 1536.520000 208.915742
1334 1.060000 3.933904 1547.560000 211.227021
1335 1.200000 3.959495 1567.760000 213.211921
1336 1.120000 3.953176 1562.760000 212.436765
1337 1.040000 3.931921 1546.000000 208.054601
1338 1.120000 3.916478 1533.880000 205.716205
1339 1.360000 3.931310 1545.520000 207.070125
1340 1.440000 3.926067 1541.400000 206.012306
1341 1.480000 3.954238 1563.600000 209.915602
1342 1.580000 3.974167 1579.400000 212.588737
1343 1.540000 3.962777 1570.360000 210.602860
1344 1.620000 3.947607 1558.360000 209.103469
1345 1.620000 3.940508 1552.760000 207.688763
1346 1.600000 3.949835 1560.120000 208.534287
1347 1.520000 3.951607 1561.520000 210.437491
1348 1.440000 3.949329 1559.720000 210.848169
1349 1.360000 3.959394 1567.680000 211.981403
1350 1.260000 3.946188 1557.240000 209.696508
1351 1.200000 3.957979 1566.560000 211.211087
1352 1.100000 3.979095 1583.320000 212.765753
1353 0.960000 3.975726 1580.640000 211.780777
1354 1.120000 3.977487 1582.040000 213.569028
1355 1.140000 3.986728 1589.400000 215.590686
1356 1.140000 3.980603 1584.520000 216.450508
1357 1.000000 3.992693 1594.160000 220.008545
1358 0.980000 4.010536 1608.440000 222.633370
1359 1.080000 4.020348 1616.320000 222.597434
1360 0.900000 4.016615 1613.320000 221.417521
1361 1.020000 4.033113 1626.600000 224.148711
1362 0.920000 4.030533 1624.520000 225.086302
1363 0.840000 4.045936 1636.960000 226.951720
1364 0.940000 4.053394 1643.000000 229.186328
1365 0.960000 4.048209 1638.800000 227.510119
1366 0.940000 4.058423 1647.080000 229.543331
1367 0.800000 4.051666 1641.600000 228.567375
1368 0.700000 4.044008 1635.400000 228.170021
1369 0.680000 4.042376 1634.080000 228.064679
1370 0.460000 4.052703 1642.440000 231.482049
1371 0.520000 4.056402 1645.440000 231.160533
1372 0.460000 4.050926 1641.000000 227.824290
1373 0.340000 4.052900 1642.600000 225.839394
1374 0.440000 4.058226 1646.920000 229.035501
1375 0.480000 4.045046 1636.240000 227.482405
1376 0.540000 4.033807 1627.160000 224.618956
1377 0.500000 4.037078 1629.800000 224.892212
1378 0.360000 4.029739 1623.880000 223.710806
1379 0.340000 4.015121 1612.120000 221.088312
1380 0.400000 4.010835 1608.680000 220.498047
1381 0.380000 3.981206 1585.000000 216.837668
1382 0.220000 3.984821 1587.880000 218.226942
1383 0.260000 3.982813 1586.280000 220.581704
1384 0.240000 3.986126 1588.920000 222.932862
1385 0.100000 3.984922 1587.960000 223.626814
1386 0.060000 3.980101 1584.120000 223.946812
1387 -0.080000 3.970491 1576.480000 222.018446
1388 -0.380000 3.974368 1579.560000 222.486911
1389 -0.300000 3.958030 1566.600000 220.412461
1390 -0.300000 3.952265 1562.040000 220.572328
1391 -0.280000 3.944819 1556.160000 218.603813
1392 -0.360000 3.944667 1556.040000 218.053931
1393 -0.340000 3.966711 1573.480000 220.647647
1394 -0.280000 3.951455 1561.400000 217.190457
1395 -0.360000 3.942791 1554.560000 215.670753
1396 -0.380000 3.916682 1534.040000 210.997649
1397 -0.320000 3.918877 1535.760000 212.759838
1398 -0.500000 3.914333 1532.200000 212.237022
1399 -0.480000 3.918877 1535.760000 213.100889
1400 -0.480000 3.916682 1534.040000 212.820762
1401 -0.400000 3.916427 1533.840000 212.211992
1402 -0.480000 3.903588 1523.800000 208.688135
1403 -0.580000 3.917091 1534.360000 211.755066
1404 -0.480000 3.907889 1527.160000 211.859074
1405 -0.320000 3.900872 1521.680000 210.144689
1406 -0.260000 3.905330 1525.160000 210.252732
1407 -0.280000 3.913464 1531.520000 211.601055
1408 -0.140000 3.918928 1535.800000 212.510709
1409 -0.040000 3.938325 1551.040000 216.358192
1410 -0.080000 3.945884 1557.000000 218.466898
1411 -0.160000 3.958485 1566.960000 220.978048
1412 -0.120000 3.954491 1563.800000 219.131088
1413 -0.220000 3.946391 1557.400000 218.553452
1414 0.020000 3.953378 1562.920000 219.593392
1415 0.060000 3.947810 1558.520000 215.696758
1416 -0.120000 3.954896 1564.120000 217.982029
1417 -0.080000 3.973613 1578.960000 219.494773
1418 -0.200000 3.981206 1585.000000 220.014647
1419 -0.160000 3.996398 1597.120000 222.540844
1420 -0.180000 3.989637 1591.720000 221.661270
1421 -0.060000 3.992242 1593.800000 221.883303
1422 -0.020000 3.976682 1581.400000 220.031434
1423 -0.080000 3.980653 1584.560000 219.147180
1424 -0.160000 3.990840 1592.680000 221.383924
1425 -0.160000 3.983064 1586.480000 219.108382
1426 -0.360000 3.983215 1586.600000 217.621014
1427 -0.360000 3.993294 1594.640000 217.695130
1428 -0.460000 4.009439 1607.560000 219.656954
1429 -0.480000 4.000700 1600.560000 217.396000
1430 -0.480000 3.988534 1590.840000 215.131227
1431 -0.400000 3.989286 1591.440000 215.411706
1432 -0.480000 3.982914 1586.360000 211.929169
1433 -0.540000 3.982813 1586.280000 212.225212
1434 -0.600000 3.984922 1587.960000 212.735979
1435 -0.600000 3.993595 1594.880000 210.881939
1436 -0.560000 4.000850 1600.680000 211.209416
1437 -0.660000 4.013926 1611.160000 214.494766
1438 -0.500000 4.026661 1621.400000 217.417368
1439 -0.520000 4.036434 1629.280000 218.797803
1440 -0.340000 4.045887 1636.920000 221.120308
1441 -0.320000 4.033658 1627.040000 219.633513
1442 -0.440000 4.049938 1640.200000 220.699347
1443 -0.280000 4.041683 1633.520000 220.276470
1444 -0.200000 4.040743 1632.760000 219.990978
1445 -0.320000 4.031873 1625.600000 216.401420
1446 -0.360000 4.033014 1626.520000 217.184121
1447 -0.360000 4.032171 1625.840000 216.198416
1448 -0.400000 4.040545 1632.600000 218.421226
1449 -0.360000 4.051074 1641.120000 218.692624
1450 -0.420000 4.048259 1638.840000 218.727524
1451 -0.300000 4.044700 1635.960000 218.788585
1452 -0.340000 4.049840 1640.120000 219.439748
1453 -0.220000 4.070725 1657.080000 221.929124
1454 -0.160000 4.068857 1655.560000 220.099498
1455 -0.320000 4.058571 1647.200000 217.055890
1456 -0.200000 4.062955 1650.760000 218.162853
1457 -0.340000 4.060394 1648.680000 220.059210
1458 -0.300000 4.069447 1656.040000 222.878650
1459 -0.180000 4.065710 1653.000000 221.003689
1460 -0.260000 4.055959 1645.080000 219.653520
1461 -0.280000 4.052456 1642.240000 218.325350
1462 -0.340000 4.059113 1647.640000 219.964903
1463 -0.340000 4.090623 1673.320000 224.752322
1464 -0.300000 4.088765 1671.800000 223.651461
1465 -0.400000 4.091650 1674.160000 225.353007
1466 -0.360000 4.100195 1681.160000 227.513242
1467 -0.380000 4.091503 1674.040000 226.428500
1468 -0.300000 4.084752 1668.520000 224.413982
1469 -0.240000 4.060246 1648.560000 219.740858
1470 -0.420000 4.073966 1659.720000 219.219371
1471 -0.340000 4.077597 1662.680000 219.358038
1472 -0.480000 4.074064 1659.800000 218.562822
1473 -0.320000 4.072149 1658.240000 220.731700
1474 -0.480000 4.090134 1672.920000 223.387502
1475 -0.500000 4.086123 1669.640000 222.380747
1476 -0.500000 4.091112 1673.720000 222.033882
1477 -0.540000 4.096682 1678.280000 223.168962
1478 -0.540000 4.096877 1678.440000 223.202244
1479 -0.440000 4.095266 1677.120000 222.128219
1480 -0.580000 4.098146 1679.480000 222.614217
1481 -0.540000 4.096682 1678.280000 221.672324
1482 -0.540000 4.082597 1666.760000 218.222206
1483 -0.540000 4.098829 1680.040000 220.091094
1484 -0.580000 4.098829 1680.040000 218.562247
1485 -0.460000 4.112080 1690.920000 221.697455
1486 -0.540000 4.099805 1680.840000 218.657387
1487 -0.580000 4.094924 1676.840000 218.584245
1488 -0.580000 4.091894 1674.360000 216.528394
1489 -0.580000 4.085340 1669.000000 214.790350
1490 -0.500000 4.094338 1676.360000 215.311339
1491 -0.540000 4.091015 1673.640000 213.402276
1492 -0.720000 4.087102 1670.440000 213.088864
1493 -0.840000 4.073524 1659.360000 210.957618
1494 -0.800000 4.077892 1662.920000 209.837941
1495 -0.820000 4.093849 1675.960000 212.712396
1496 -0.860000 4.078382 1663.320000 211.442266
1497 -0.900000 4.078774 1663.640000 211.523597
1498 -1.080000 4.071609 1657.800000 211.461997
1499 -1.080000 4.083136 1667.200000 211.391652
1500 -0.940000 4.086612 1670.040000 212.904144
1501 -1.100000 4.080833 1665.320000 212.724607
1502 -1.240000 4.087591 1670.840000 213.928897
1503 -1.240000 4.074899 1660.480000 212.211363
1504 -1.480000 4.063447 1651.160000 209.130585
1505 -1.380000 4.067972 1654.840000 209.674136
1506 -1.400000 4.070332 1656.760000 208.817459
1507 -1.400000 4.065956 1653.200000 210.534242
1508 -1.520000 4.055761 1644.920000 206.969752
1509 -1.500000 4.037276 1629.960000 204.080804
1510 -1.560000 4.047073 1637.880000 205.282381
1511 -1.620000 4.032518 1626.120000 204.613415
1512 -1.680000 4.044502 1635.800000 207.603726
1513 -1.680000 4.049494 1639.840000 207.550391
1514 -1.780000 4.055663 1644.840000 208.469102
1515 -1.940000 4.051716 1641.640000 208.458387
1516 -1.960000 4.063447 1651.160000 210.283348
1517 -2.140000 4.065022 1652.440000 210.567656
1518 -2.160000 4.049148 1639.560000 207.814717
1519 -2.220000 4.067481 1654.440000 211.141265
1520 -2.260000 4.061675 1649.720000 209.794463
1521 -2.220000 4.036285 1629.160000 207.827240
1522 -2.280000 4.020199 1616.200000 204.721446
1523 -2.160000 4.030782 1624.720000 206.414220
1524 -2.060000 4.019900 1615.960000 207.183154
1525 -2.040000 4.024028 1619.280000 207.655831
1526 -2.060000 4.022885 1618.360000 207.426899
1527 -2.000000 4.020846 1616.720000 206.339297
1528 -2.060000 4.021194 1617.000000 206.373347
1529 -1.980000 4.036583 1629.400000 210.273205
1530 -2.060000 4.048358 1638.920000 213.831597
1531 -2.140000 4.055268 1644.520000 213.988157
1532 -2.180000 4.069349 1655.960000 214.820919
1533 -2.140000 4.090917 1673.560000 219.490300
1534 -2.260000 4.080539 1665.080000 215.545518
1535 -2.300000 4.085144 1668.840000 216.974940
1536 -2.300000 4.091210 1673.800000 218.704337
1537 -2.260000 4.100195 1681.160000 219.355292
1538 -2.360000 4.091992 1674.440000 217.215152
1539 -2.260000 4.103316 1683.720000 218.825461
1540 -2.180000 4.099219 1680.360000 217.618668
1541 -2.080000 4.090379 1673.120000 215.041131
1542 -1.960000 4.096584 1678.200000 213.305006
1543 -1.940000 4.090819 1673.480000 212.268057
1544 -1.940000 4.092970 1675.240000 210.340387
1545 -1.920000 4.102585 1683.120000 211.744896
1546 -1.920000 4.127130 1703.320000 216.282685
1547 -1.860000 4.115969 1694.120000 216.490835
1548 -1.920000 4.121699 1698.840000 216.795354
1549 -1.980000 4.112761 1691.480000 215.620730
1550 -2.100000 4.132941 1708.120000 219.921546
1551 -2.040000 4.158750 1729.520000 224.081146
1552 -2.040000 4.163796 1733.720000 225.878208
1553 -1.960000 4.169604 1738.560000 226.076929
1554 -1.980000 4.168213 1737.400000 227.712145
1555 -1.920000 4.161634 1731.920000 228.350317
1556 -1.740000 4.165045 1734.760000 229.207016
1557 -1.660000 4.163316 1733.320000 226.324740
1558 -1.620000 4.160433 1730.920000 222.622256
1559 -1.640000 4.158076 1728.960000 221.133788
1560 -1.520000 4.145214 1718.280000 219.582258
1561 -1.400000 4.144201 1717.440000 219.246579
1562 -1.500000 4.149169 1721.560000 220.134661
1563 -1.720000 4.119320 1696.880000 215.876813
1564 -1.860000 4.131102 1706.600000 216.585259
1565 -1.820000 4.124512 1701.160000 214.796637
1566 -1.940000 4.143187 1716.600000 217.567906
1567 -2.080000 4.158076 1728.960000 219.892363
1568 -2.140000 4.152927 1724.680000 219.603694
1569 -2.060000 4.150229 1722.440000 219.762523
1570 -2.140000 4.161394 1731.720000 223.093889
1571 -2.100000 4.150904 1723.000000 219.711644
1572 -2.300000 4.164661 1734.440000 221.776745
1573 -2.240000 4.156826 1727.920000 222.280767
1574 -2.160000 4.172913 1741.320000 226.513117
1575 -2.020000 4.165045 1734.760000 225.610000
1576 -2.000000 4.182870 1749.640000 229.366006
1577 -1.880000 4.187028 1753.120000 229.201885
1578 -2.140000 4.181148 1748.200000 227.135413
1579 -2.160000 4.173536 1741.840000 224.437904
1580 -2.200000 4.170803 1739.560000 221.872720
1581 -2.340000 4.158606 1729.400000 218.990042
1582 -2.180000 4.144635 1717.800000 216.851190
1583 -2.040000 4.156826 1727.920000 220.768900
1584 -2.120000 4.157451 1728.440000 219.596331
1585 -2.180000 4.150711 1722.840000 219.740207
1586 -2.320000 4.158990 1729.720000 219.727733
1587 -2.300000 4.149265 1721.640000 219.722618
1588 -2.280000 4.156200 1727.400000 218.368415
1589 -2.260000 4.144346 1717.560000 217.155616
1590 -2.240000 4.150422 1722.600000 218.013820
1591 -2.180000 4.140386 1714.280000 216.085568
1592 -2.320000 4.135940 1710.600000 214.069918
1593 -2.440000 4.137826 1712.160000 213.514395
1594 -2.340000 4.144153 1717.400000 214.128511
1595 -2.280000 4.142173 1715.760000 212.735302
1596 -2.260000 4.139227 1713.320000 212.958760
1597 -2.260000 4.143573 1716.920000 213.060258
1598 -2.120000 4.143863 1717.160000 213.244506
1599 -2.160000 4.137342 1711.760000 211.427608
1600 -2.080000 4.144635 1717.800000 210.828082
1601 -1.960000 4.150277 1722.480000 210.504818
1602 -1.880000 4.146951 1719.720000 211.164527
1603 -1.920000 4.133860 1708.880000 208.250054
1604 -2.200000 4.137584 1711.960000 207.958569
1605 -2.240000 4.130666 1706.240000 205.238187
1606 -2.180000 4.150518 1722.680000 208.446225
1607 -2.160000 4.167397 1736.720000 210.474531
1608 -2.260000 4.175213 1743.240000 213.153203
1609 -2.140000 4.185355 1751.720000 216.297014
1610 -2.200000 4.200238 1764.200000 218.178188
1611 -2.320000 4.205425 1768.560000 218.834092
1612 -2.300000 4.214214 1775.960000 222.070147
1613 -2.300000 4.203380 1766.840000 220.069338
1614 -2.360000 4.208705 1771.320000 222.338592
1615 -2.280000 4.210843 1773.120000 224.181509
1616 -2.280000 4.211366 1773.560000 223.553788
1617 -2.440000 4.208183 1770.880000 222.537166
1618 -2.540000 4.216302 1777.720000 223.793837
1619 -2.780000 4.218293 1779.400000 224.501966
1620 -2.520000 4.216397 1777.800000 223.884828
1621 -2.320000 4.212553 1774.560000 223.572335
1622 -2.260000 4.204046 1767.400000 223.228708
1623 -2.300000 4.194520 1759.400000 222.765613
1624 -2.440000 4.205187 1768.360000 223.454278
1625 -2.400000 4.209988 1772.400000 224.096315
1626 -2.560000 4.194139 1759.080000 219.797536
1627 -2.420000 4.188699 1754.520000 217.538719
1628 -2.440000 4.195760 1760.440000 219.775678
1629 -2.560000 4.194854 1759.680000 219.735900
1630 -2.560000 4.198142 1762.440000 219.711840
1631 -2.460000 4.194520 1759.400000 218.394784
1632 -2.600000 4.187840 1753.800000 217.047821
1633 -2.520000 4.183396 1750.080000 218.246276
1634 -2.460000 4.182965 1749.720000 219.083674
1635 -2.440000 4.188651 1754.480000 221.965752
1636 -2.300000 4.200048 1764.040000 225.770588
1637 -2.320000 4.213502 1775.360000 227.378747
1638 -2.220000 4.194616 1759.480000 224.513907
1639 -2.160000 4.182631 1749.440000 221.279129
1640 -2.240000 4.188508 1754.360000 224.708925
1641 -2.180000 4.198238 1762.520000 226.330587
1642 -2.200000 4.202428 1766.040000 226.417381
1643 -2.260000 4.199952 1763.960000 227.225245
1644 -2.180000 4.189463 1755.160000 227.196891
1645 -2.240000 4.192279 1757.520000 228.174060
1646 -2.220000 4.199381 1763.480000 228.632642
1647 -2.140000 4.192803 1757.960000 226.446723
1648 -2.120000 4.193280 1758.360000 224.534003
1649 -2.380000 4.202904 1766.440000 225.621180
1650 -2.460000 4.212315 1774.360000 228.368723
1651 -2.520000 4.217298 1778.560000 228.344186
1652 -2.640000 4.220379 1781.160000 229.358319
1653 -2.500000 4.205092 1768.280000 226.725981
1654 -2.500000 4.218293 1779.400000 229.822498
1655 -2.600000 4.227813 1787.440000 230.454691
1656 -2.480000 4.219147 1780.120000 231.104890
1657 -2.360000 4.223174 1783.520000 230.936570
1658 -2.440000 4.231643 1790.680000 230.931896
1659 -2.360000 4.226204 1786.080000 229.739383
1660 -2.280000 4.230414 1789.640000 230.100917
1661 -2.260000 4.226819 1786.600000 229.597801
1662 -2.340000 4.229373 1788.760000 230.162117
1663 -2.500000 4.215163 1776.760000 226.163544
1664 -2.520000 4.222274 1782.760000 227.056490
1665 -2.500000 4.228144 1787.720000 228.594429
1666 -2.520000 4.223222 1783.560000 226.074883
1667 -2.460000 4.238443 1796.440000 228.892548
1668 -2.380000 4.240425 1798.120000 228.021157
1669 -2.400000 4.250082 1806.320000 228.953214
1670 -2.500000 4.240802 1798.440000 227.095095
1671 -2.500000 4.217630 1778.840000 223.396122
1672 -2.400000 4.207755 1770.520000 220.412729
1673 -2.380000 4.186693 1752.840000 217.660789
1674 -2.400000 4.182870 1749.640000 215.931211
1675 -2.300000 4.184782 1751.240000 218.222111
1676 -2.240000 4.186884 1753.000000 219.776607
1677 -2.280000 4.193710 1758.720000 222.307319
1678 -2.220000 4.202333 1765.960000 224.632493
1679 -2.080000 4.211698 1773.840000 225.107352
1680 -2.020000 4.205092 1768.280000 223.793730
1681 -2.180000 4.213455 1775.320000 224.512852
1682 -2.320000 4.222180 1782.680000 223.868744
1683 -2.440000 4.226583 1786.400000 225.057756
1684 -2.400000 4.223222 1783.560000 225.968295
1685 -2.440000 4.240566 1798.240000 227.241475
1686 -2.540000 4.245515 1802.440000 227.500421
1687 -2.480000 4.263051 1817.360000 230.435848
1688 -2.480000 4.263004 1817.320000 230.591212
1689 -2.620000 4.245327 1802.280000 228.567942
1690 -2.800000 4.241462 1799.000000 226.555039
1691 -2.860000 4.249376 1805.720000 227.926128
1692 -2.880000 4.251729 1807.720000 228.207127
1693 -2.900000 4.239670 1797.480000 228.364666
1694 -2.900000 4.226535 1786.360000 223.840168
1695 -3.000000 4.240943 1798.560000 224.511455
1696 -2.940000 4.251070 1807.160000 227.984101
1697 -2.880000 4.254409 1810.000000 229.462739
1698 -2.900000 4.253328 1809.080000 229.412680
1699 -2.840000 4.255444 1810.880000 229.260093
1700 -2.900000 4.258967 1813.880000 229.693608
1701 -2.800000 4.252341 1808.240000 229.900243
1702 -2.820000 4.256806 1812.040000 231.143439
1703 -2.880000 4.257511 1812.640000 232.113183
1704 -2.760000 4.249941 1806.200000 232.919354
1705 -2.780000 4.244290 1801.400000 232.283134
1706 -2.720000 4.242311 1799.720000 233.800298
1707 -2.820000 4.250506 1806.680000 232.670308
1708 -2.520000 4.234666 1793.240000 230.497122
1709 -2.440000 4.238773 1796.720000 229.441248
1710 -2.300000 4.233155 1791.960000 229.813187
1711 -2.340000 4.240047 1797.800000 231.163388
1712 -2.240000 4.221895 1782.440000 229.476162
1713 -2.340000 4.230508 1789.720000 230.290234
1714 -2.480000 4.231076 1790.200000 230.052241
1715 -2.500000 4.210986 1773.240000 226.146027
1716 -2.380000 4.218199 1779.320000 227.894484
1717 -2.320000 4.216823 1778.160000 226.727248
1718 -2.200000 4.227765 1787.400000 228.807986
1719 -2.220000 4.235328 1793.800000 231.353402
1720 -2.320000 4.237310 1795.480000 233.968391
1721 -2.400000 4.248670 1805.120000 236.561420
1722 -2.540000 4.245609 1802.520000 235.960563
1723 -2.540000 4.245798 1802.680000 233.877253
1724 -2.660000 4.257934 1813.000000 234.321093
1725 -2.720000 4.256665 1811.920000 233.183169
1726 -2.880000 4.260000 1814.760000 231.688418
1727 -3.040000 4.269333 1822.720000 231.402787
1728 -3.020000 4.287797 1838.520000 233.598483
1729 -2.820000 4.274904 1827.480000 231.843447
1730 -2.960000 4.287144 1837.960000 233.794720
1731 -3.020000 4.305578 1853.800000 235.481505
1732 -3.060000 4.309664 1857.320000 235.987667
1733 -3.040000 4.321018 1867.120000 237.338664
1734 -3.160000 4.320046 1866.280000 236.474202
1735 -3.180000 4.310592 1858.120000 235.783616
1736 -3.160000 4.308178 1856.040000 236.358724
1737 -3.280000 4.306739 1854.800000 237.116026
1738 -3.320000 4.326985 1872.280000 240.798615
1739 -3.280000 4.349529 1891.840000 245.878224
1740 -3.320000 4.346999 1889.640000 244.570723
1741 -3.400000 4.355870 1897.360000 244.519323
1742 -3.400000 4.373328 1912.600000 247.897221
1743 -3.540000 4.389396 1926.680000 250.420606
1744 -3.560000 4.387391 1924.920000 249.625528
1745 -3.480000 4.381050 1919.360000 250.427756
1746 -3.360000 4.373511 1912.760000 249.345835
1747 -3.320000 4.371453 1910.960000 246.397432
1748 -3.320000 4.390399 1927.560000 249.176050
1749 -3.300000 4.400773 1936.680000 248.294834
1750 -3.260000 4.403226 1938.840000 248.677594
1751 -3.280000 4.386798 1924.400000 244.473825
1752 -3.220000 4.379361 1917.880000 242.907143
1753 -3.320000 4.375203 1914.240000 243.363156
1754 -3.140000 4.363164 1903.720000 241.496335
1755 -3.120000 4.369165 1908.960000 242.996609
1756 -3.060000 4.371041 1910.600000 243.331938
1757 -3.100000 4.367562 1907.560000 242.440541
1758 -3.100000 4.359587 1900.600000 242.110253
1759 -3.200000 4.349345 1891.680000 238.146090
1760 -3.100000 4.345803 1888.600000 237.905067
1761 -3.220000 4.361605 1902.360000 241.302184
1762 -3.180000 4.366280 1906.440000 242.982409
1763 -3.260000 4.360321 1901.240000 242.899637
1764 -3.300000 4.364722 1905.080000 242.287324
1765 -3.180000 4.375431 1914.440000 242.800201
1766 -3.020000 4.384746 1922.600000 246.939973
1767 -3.160000 4.397181 1933.520000 250.249696
1768 -3.120000 4.401045 1936.920000 250.578974
1769 -3.160000 4.400273 1936.240000 248.051485
1770 -3.260000 4.410578 1945.320000 250.401316
1771 -3.200000 4.407448 1942.560000 250.256109
1772 -3.300000 4.398318 1934.520000 248.266357
1773 -3.340000 4.385294 1923.080000 244.915976
1774 -3.540000 4.388029 1925.480000 244.669344
1775 -3.580000 4.389396 1926.680000 244.913575
1776 -3.280000 4.385020 1922.840000 246.915704
1777 -3.300000 4.377259 1916.040000 245.632574
1778 -3.420000 4.372688 1912.040000 244.556794
1779 -3.440000 4.381598 1919.840000 246.243531
1780 -3.500000 4.375888 1914.840000 244.419773
1781 -3.460000 4.367287 1907.320000 240.551536
1782 -3.400000 4.366371 1906.520000 243.381699
1783 -3.300000 4.358486 1899.640000 240.439551
1784 -3.280000 4.377534 1916.280000 242.711816
1785 -3.240000 4.392812 1929.680000 245.179699
1786 -3.240000 4.405224 1940.600000 247.005765
1787 -3.260000 4.414114 1948.440000 247.965849
1788 -3.340000 4.412573 1947.080000 247.129207
1789 -3.340000 4.432652 1964.840000 251.777060
1790 -3.280000 4.411394 1946.040000 247.842308
1791 -3.320000 4.404180 1939.680000 249.184613
1792 -3.360000 4.387573 1925.080000 245.471181
1793 -3.300000 4.382100 1920.280000 243.420752
1794 -3.180000 4.383104 1921.160000 242.749009
1795 -3.120000 4.386342 1924.000000 242.378953
1796 -2.980000 4.369943 1909.640000 239.699225
1797 -3.100000 4.371956 1911.400000 240.020829
1798 -3.240000 4.368936 1908.760000 238.221614
1799 -3.180000 4.365730 1905.960000 240.188992
1800 -3.080000 4.354997 1896.600000 239.237907
1801 -3.200000 4.353849 1895.600000 241.247047
1802 -3.360000 4.372962 1912.280000 245.673640
1803 -3.320000 4.377305 1916.080000 248.100409
1804 -3.200000 4.387573 1925.080000 249.272327
1805 -3.200000 4.387528 1925.040000 250.022687
1806 -3.200000 4.387938 1925.400000 250.163342
1807 -3.200000 4.391355 1928.400000 250.606959
1808 -3.280000 4.394041 1930.760000 250.801065
1809 -3.300000 4.400136 1936.120000 253.761056
1810 -3.140000 4.416741 1950.760000 257.581254
1811 -3.240000 4.432697 1964.880000 258.894131
1812 -3.380000 4.434636 1966.600000 258.419194
1813 -3.340000 4.418280 1952.120000 256.237624
1814 -3.260000 4.421900 1955.320000 257.373574
1815 -3.240000 4.425652 1958.640000 258.535720
1816 -3.240000 4.420271 1953.880000 258.517531
1817 -3.020000 4.425427 1958.440000 259.891033
1818 -2.960000 4.418009 1951.880000 260.605885
1819 -2.860000 4.418823 1952.600000 260.250433
1820 -2.820000 4.410397 1945.160000 258.425336
1821 -2.840000 4.413525 1947.920000 258.813632
1822 -2.860000 4.412482 1947.000000 260.154954
1823 -2.980000 4.420995 1954.520000 261.444204
1824 -2.980000 4.416107 1950.200000 261.068601
1825 -2.920000 4.422126 1955.520000 259.754740
1826 -2.680000 4.410669 1945.400000 258.783780
1827 -2.560000 4.394360 1931.040000 256.654647
1828 -2.620000 4.392403 1929.320000 257.260491
1829 -2.420000 4.399773 1935.800000 259.782996
1830 -2.600000 4.412029 1946.600000 260.476370
1831 -2.720000 4.427640 1960.400000 260.951174
1832 -2.760000 4.434817 1966.760000 260.608519
1833 -2.780000 4.437522 1969.160000 259.100725
1834 -2.900000 4.423166 1956.440000 255.147540
1835 -2.800000 4.432877 1965.040000 255.421938
1836 -2.780000 4.434185 1966.200000 255.176209
1837 -2.700000 4.441576 1972.760000 258.169801
1838 -2.620000 4.435358 1967.240000 257.760422
1839 -2.680000 4.412074 1946.640000 252.718078
1840 -2.860000 4.404952 1940.360000 250.959382
1841 -2.780000 4.401409 1937.240000 251.009313
1842 -2.840000 4.411032 1945.720000 254.721259
1843 -2.780000 4.421267 1954.760000 257.031696
1844 -2.760000 4.436801 1968.520000 257.307312
1845 -3.000000 4.431253 1963.600000 255.808309
1846 -2.880000 4.425607 1958.600000 254.531086
1847 -2.860000 4.435358 1967.240000 256.283943
1848 -2.940000 4.436260 1968.040000 256.466176
1849 -2.760000 4.427550 1960.320000 253.789532
1850 -2.920000 4.436440 1968.200000 255.470459
1851 -2.900000 4.430846 1963.240000 252.921363
1852 -2.860000 4.425698 1958.680000 250.235924
1853 -2.860000 4.428047 1960.760000 252.455306
1854 -2.860000 4.433193 1965.320000 250.624640
1855 -2.840000 4.407539 1942.640000 250.457083
1856 -2.800000 4.410125 1944.920000 249.526473
1857 -2.700000 4.431749 1964.040000 252.989198
1858 -2.760000 4.413570 1947.960000 248.464175
1859 -2.880000 4.411712 1946.320000 246.481743
1860 -2.880000 4.400045 1936.040000 245.394683
1861 -2.820000 4.388850 1926.200000 242.478044
1862 -2.740000 4.382283 1920.440000 243.802146
1863 -2.800000 4.384245 1922.160000 246.875609
1864 -2.720000 4.399591 1935.640000 250.140361
1865 -2.900000 4.406949 1942.120000 251.487622
1866 -2.900000 4.409308 1944.200000 253.006972
1867 -3.060000 4.418099 1951.960000 252.348477
1868 -3.040000 4.416831 1950.840000 251.863236
1869 -2.780000 4.416560 1950.600000 253.136728
1870 -2.800000 4.414295 1948.600000 253.518760
1871 -2.840000 4.410351 1945.120000 253.963371
1872 -2.840000 4.418733 1952.520000 255.997631
1873 -2.760000 4.432426 1964.640000 258.747902
1874 -2.880000 4.446257 1976.920000 260.877875
1875 -3.040000 4.467035 1995.440000 265.140557
1876 -2.840000 4.470213 1998.280000 266.438063
1877 -2.700000 4.470928 1998.920000 267.420283
1878 -2.680000 4.475846 2003.320000 268.393273
1879 -2.900000 4.481919 2008.760000 267.398495
1880 -3.060000 4.473164 2000.920000 266.192252
1881 -3.300000 4.468960 1997.160000 262.134259
1882 -3.180000 4.464661 1993.320000 263.204073
1883 -3.140000 4.449494 1979.800000 258.970065
1884 -3.340000 4.446257 1976.920000 257.500754
1885 -3.220000 4.440495 1971.800000 255.265393
1886 -3.360000 4.435899 1967.720000 252.815360
1887 -3.360000 4.434230 1966.240000 253.394778
1888 -3.220000 4.426963 1959.800000 252.999671
1889 -3.280000 4.446572 1977.200000 255.892934
1890 -3.140000 4.431478 1963.800000 254.068649
1891 -3.080000 4.434681 1966.640000 253.080443
1892 -3.040000 4.424975 1958.040000 253.637023
1893 -2.960000 4.422036 1955.440000 250.770582
1894 -2.840000 4.389670 1926.920000 245.943746
1895 -2.780000 4.408401 1943.400000 248.086204
1896 -2.960000 4.399773 1935.800000 244.341378
1897 -3.020000 4.392311 1929.240000 242.808853
1898 -3.120000 4.398318 1934.520000 241.089106
1899 -3.260000 4.407312 1942.440000 241.894112
1900 -3.200000 4.405224 1940.600000 241.333373
1901 -3.220000 4.406677 1941.880000 240.928454
1902 -3.320000 4.421629 1955.080000 242.574749
1903 -3.420000 4.433373 1965.480000 243.784285
1904 -3.300000 4.423980 1957.160000 241.527950
1905 -3.420000 4.429041 1961.640000 243.157250
1906 -3.320000 4.420362 1953.960000 239.718355
1907 -3.540000 4.416469 1950.520000 238.230739
1908 -3.300000 4.415654 1949.800000 239.241381
1909 -3.640000 4.409898 1944.720000 237.631291
1910 -3.540000 4.408220 1943.240000 239.676395
1911 -3.580000 4.415292 1949.480000 240.892036
1912 -3.720000 4.416741 1950.760000 240.330705
1913 -3.800000 4.414793 1949.040000 238.836185
1914 -4.040000 4.398682 1934.840000 233.589633
1915 -4.100000 4.413298 1947.720000 236.296546
1916 -4.060000 4.402227 1937.960000 236.838450
1917 -4.100000 4.422262 1955.640000 239.267800
1918 -4.120000 4.419547 1953.240000 240.027348
1919 -4.120000 4.416696 1950.720000 240.045152
1920 -4.120000 4.421448 1954.920000 241.967323
1921 -4.100000 4.411666 1946.280000 241.132797
1922 -3.960000 4.402136 1937.880000 241.012023
1923 -4.060000 4.414839 1949.080000 243.394416
1924 -4.120000 4.418099 1951.960000 244.244746
1925 -4.120000 4.410624 1945.360000 241.970411
1926 -4.140000 4.422714 1956.040000 245.989190
1927 -4.180000 4.431839 1964.120000 248.580617
1928 -4.160000 4.432200 1964.440000 248.032975
1929 -4.340000 4.432200 1964.440000 248.874532
1930 -4.360000 4.429853 1962.360000 251.714267
1931 -4.340000 4.427144 1959.960000 248.227773
1932 -4.380000 4.432561 1964.760000 249.403978
1933 -4.360000 4.447561 1978.080000 250.717766
1934 -4.080000 4.431749 1964.040000 246.755432
1935 -4.020000 4.439955 1971.320000 249.419582
1936 -3.940000 4.450034 1980.280000 251.747000
1937 -3.900000 4.454436 1984.200000 252.825939
1938 -3.820000 4.452370 1982.360000 248.968878
1939 -3.900000 4.448955 1979.320000 245.948203
1940 -3.900000 4.444007 1974.920000 244.500497
1941 -3.680000 4.438108 1969.680000 243.846424
1942 -3.640000 4.421810 1955.240000 240.265180
1943 -3.520000 4.429718 1962.240000 243.636802
1944 -3.520000 4.417103 1951.080000 240.492282
1945 -3.540000 4.438333 1969.880000 244.913813
1946 -3.360000 4.428770 1961.400000 242.839895
1947 -3.440000 4.425833 1958.800000 241.792258
1948 -3.300000 4.433013 1965.160000 245.507403
1949 -3.160000 4.440000 1971.360000 245.930709
1950 -3.120000 4.446617 1977.240000 246.071186
1951 -3.060000 4.446077 1976.760000 243.806356
1952 -3.220000 4.464661 1993.320000 248.036513
1953 -3.300000 4.471197 1999.160000 248.934481
1954 -3.360000 4.496443 2021.800000 252.184174
1955 -3.280000 4.489900 2015.920000 250.907718
1956 -3.240000 4.501600 2026.440000 252.876862
1957 -3.200000 4.490612 2016.560000 250.293850
1958 -3.100000 4.505064 2029.560000 252.918513
1959 -3.180000 4.517743 2041.000000 255.037428
1960 -3.280000 4.523494 2046.200000 257.936417
1961 -3.360000 4.527958 2050.240000 258.093527
1962 -3.380000 4.526323 2048.760000 259.919978
1963 -3.500000 4.525793 2048.280000 259.079361
1964 -3.600000 4.515086 2038.600000 258.090812
1965 -3.540000 4.520221 2043.240000 257.888438
1966 -3.580000 4.518717 2041.880000 255.893031
1967 -3.680000 4.527869 2050.160000 256.634380
1968 -3.740000 4.538414 2059.720000 257.439969
1969 -3.560000 4.529371 2051.520000 258.925966
1970 -3.540000 4.535945 2057.480000 259.807024
1971 -3.560000 4.534578 2056.240000 262.299862
1972 -3.600000 4.539912 2061.080000 264.228098
1973 -3.500000 4.542730 2063.640000 262.591183
1974 -3.460000 4.532240 2054.120000 261.331710
1975 -3.520000 4.517964 2041.200000 259.780895
1976 -3.580000 4.499733 2024.760000 255.228892
1977 -3.540000 4.502133 2026.920000 258.486144
1978 -3.400000 4.509678 2033.720000 261.801442
1979 -3.460000 4.517389 2040.680000 263.675194
1980 -3.540000 4.518628 2041.800000 266.170953
1981 -3.420000 4.527030 2049.400000 267.667564
1982 -3.480000 4.522168 2045.000000 264.325629
1983 -3.420000 4.511807 2035.640000 263.830594
1984 -3.360000 4.517123 2040.440000 264.177228
1985 -3.300000 4.527913 2050.200000 267.831502
1986 -3.200000 4.538238 2059.560000 270.920410
1987 -3.100000 4.548714 2069.080000 272.209125
1988 -3.160000 4.538238 2059.560000 268.736213
1989 -3.180000 4.542554 2063.480000 269.748917
1990 -3.340000 4.547835 2068.280000 268.497470
1991 -3.180000 4.546867 2067.400000 267.732057
1992 -3.120000 4.545635 2066.280000 267.112549
1993 -3.080000 4.533343 2055.120000 264.957627
1994 -3.160000 4.535504 2057.080000 265.451130
1995 -3.200000 4.541101 2062.160000 268.007585
1996 -3.220000 4.578777 2096.520000 274.931881
1997 -3.240000 4.576024 2094.000000 275.072569
1998 -3.260000 4.577991 2095.800000 272.508874
1999 -3.360000 4.587723 2104.720000 272.253179
2000 -3.300000 4.600652 2116.600000 276.190291
2001 -3.300000 4.610987 2126.120000 280.333564
2002 -3.180000 4.610119 2125.320000 281.861566
2003 -3.280000 4.614846 2129.680000 283.157310
2004 -3.300000 4.608731 2124.040000 280.850867
2005 -3.300000 4.609512 2124.760000 279.792812
2006 -3.120000 4.615149 2129.960000 281.560810
2007 -3.320000 4.610163 2125.360000 279.249763
2008 -3.220000 4.609512 2124.760000 281.121170
2009 -3.100000 4.607602 2123.000000 279.204650
2010 -3.120000 4.615062 2129.880000 282.861116
2011 -3.180000 4.635127 2148.440000 285.769938
2012 -3.200000 4.638319 2151.400000 287.643763
2013 -3.200000 4.640431 2153.360000 291.411094
2014 -3.180000 4.656737 2168.520000 294.495648
2015 -3.340000 4.651580 2163.720000 293.156886
2016 -3.360000 4.652698 2164.760000 294.037764
2017 -3.480000 4.648268 2160.640000 292.138312
2018 -3.540000 4.648656 2161.000000 293.327394
2019 -3.580000 4.650806 2163.000000 294.333694
2020 -3.500000 4.668747 2179.720000 296.320389
2021 -3.600000 4.664676 2175.920000 293.917403
2022 -3.460000 4.660258 2171.800000 295.696875
2023 -3.420000 4.660258 2171.800000 295.546880
2024 -3.500000 4.659485 2171.080000 297.510745
2025 -3.520000 4.651967 2164.080000 294.535355
2026 -3.480000 4.656308 2168.120000 295.545925
2027 -3.440000 4.637327 2150.480000 291.751173
2028 -3.540000 4.640302 2153.240000 292.782068
2029 -3.660000 4.629082 2142.840000 288.220024
2030 -3.600000 4.636680 2149.880000 287.080619
2031 -3.720000 4.635601 2148.880000 285.496712
2032 -3.480000 4.641853 2154.680000 287.841971
2033 -3.320000 4.633789 2147.200000 289.572872
2034 -3.440000 4.637025 2150.200000 292.644147
2035 -3.400000 4.628693 2142.480000 292.338645
2036 -3.480000 4.642198 2155.000000 294.278603
2037 -3.400000 4.632667 2146.160000 293.251024
2038 -3.580000 4.646332 2158.840000 294.291858
2039 -3.460000 4.641250 2154.120000 296.134575
2040 -3.440000 4.664633 2175.880000 301.879314
2041 -3.280000 4.663389 2174.720000 303.938804
2042 -3.220000 4.671488 2182.280000 305.891583
2043 -3.240000 4.676409 2186.880000 309.414143
2044 -3.160000 4.697105 2206.280000 313.250560
2045 -3.140000 4.699319 2208.360000 314.814793
2046 -3.180000 4.698979 2208.040000 314.491758
2047 -3.040000 4.689904 2199.520000 311.280851
2048 -3.020000 4.697191 2206.360000 313.160741
2049 -2.960000 4.693911 2203.280000 313.127098
2050 -2.920000 4.698468 2207.560000 314.130505
2051 -2.920000 4.701234 2210.160000 312.872792
2052 -3.140000 4.706719 2215.320000 315.063039
2053 -3.100000 4.697616 2206.760000 315.512335
2054 -3.040000 4.691993 2201.480000 313.634743
2055 -3.120000 4.697148 2206.320000 313.310645
2056 -3.080000 4.690458 2200.040000 309.855016
2057 -2.980000 4.710796 2219.160000 314.168156
2058 -3.020000 4.702893 2211.720000 311.976035
2059 -2.820000 4.708248 2216.760000 312.732908
2060 -2.820000 4.725124 2232.680000 314.384575
2061 -2.860000 4.722076 2229.800000 314.506305
2062 -2.800000 4.720551 2228.360000 313.808808
2063 -2.800000 4.728975 2236.320000 315.392568
2064 -2.860000 4.748347 2254.680000 318.768970
2065 -2.840000 4.742489 2249.120000 317.199072
2066 -2.660000 4.755839 2261.800000 318.329369
2067 -2.820000 4.747252 2253.640000 315.907257
2068 -2.900000 4.756680 2262.600000 317.566497
2069 -2.860000 4.754661 2260.680000 317.921301
2070 -2.960000 4.756511 2262.440000 319.215453
2071 -3.100000 4.759118 2264.920000 322.415647
2072 -3.160000 4.758613 2264.440000 322.153546
2073 -3.240000 4.766047 2271.520000 325.429970
2074 -3.260000 4.771708 2276.920000 325.236458
2075 -3.220000 4.774139 2279.240000 323.502472
2076 -3.380000 4.785687 2290.280000 325.345498
2077 -3.360000 4.780711 2285.520000 322.603167
2078 -3.420000 4.778410 2283.320000 322.415610
2079 -3.400000 4.787901 2292.400000 324.964276
2080 -3.480000 4.778661 2283.560000 323.221871
2081 -3.700000 4.784600 2289.240000 325.055818
2082 -3.700000 4.796791 2300.920000 327.347470
2083 -3.820000 4.811694 2315.240000 331.021275
2084 -3.900000 4.797791 2301.880000 331.109270
2085 -3.720000 4.805663 2309.440000 330.777731
2086 -3.660000 4.797208 2301.320000 330.282895
2087 -3.640000 4.795081 2299.280000 328.494459
2088 -3.780000 4.782593 2287.320000 325.959200
2089 -3.900000 4.771708 2276.920000 327.187772
2090 -3.720000 4.774809 2279.880000 327.299647
2091 -3.760000 4.772840 2278.000000 325.251383
2092 -3.800000 4.771792 2277.000000 323.495044
2093 -3.640000 4.782384 2287.120000 323.387970
2094 -3.560000 4.778745 2283.640000 322.530155
2095 -3.420000 4.769444 2274.760000 323.075194
2096 -3.420000 4.759286 2265.080000 322.585537
2097 -3.320000 4.753946 2260.000000 319.371022
2098 -3.480000 4.764829 2270.360000 319.139631
2099 -3.500000 4.773804 2278.920000 318.684898
2100 -3.460000 4.772714 2277.880000 317.915830
2101 -3.380000 4.765585 2271.080000 315.988002
2102 -3.300000 4.751968 2258.120000 313.951354
2103 -3.240000 4.761008 2266.720000 315.996959
2104 -3.420000 4.770618 2275.880000 317.280020
2105 -3.460000 4.766256 2271.720000 314.874129
2106 -3.640000 4.774139 2279.240000 314.380422
2107 -3.600000 4.775940 2280.960000 316.111411
2108 -3.380000 4.775982 2281.000000 318.027395
2109 -3.420000 4.785603 2290.200000 318.191819
2110 -3.400000 4.789447 2293.880000 319.919667
2111 -3.340000 4.799375 2303.400000 322.710372
2112 -3.280000 4.802291 2306.200000 323.741593
2113 -3.260000 4.801541 2305.480000 324.183151
2114 -3.300000 4.802374 2306.280000 322.820510
2115 -3.160000 4.798083 2302.160000 320.832041
2116 -3.220000 4.794455 2298.680000 322.321606
2117 -3.140000 4.810946 2314.520000 326.176882
2118 -3.120000 4.812276 2315.800000 327.850124
2119 -3.140000 4.820332 2323.560000 329.585602
2120 -3.240000 4.807120 2310.840000 327.316754
2121 -3.200000 4.812650 2316.160000 328.923889
2122 -3.120000 4.818506 2321.800000 331.140222
2123 -3.320000 4.823526 2326.640000 330.657587
2124 -3.200000 4.810447 2314.040000 329.204090
2125 -3.080000 4.812650 2316.160000 330.326713
2126 -3.140000 4.823152 2326.280000 329.324292
2127 -3.160000 4.826344 2329.360000 331.706880
2128 -3.240000 4.824562 2327.640000 331.029848
2129 -3.320000 4.830404 2333.280000 333.118088
2130 -3.140000 4.826137 2329.160000 332.681955
2131 -3.200000 4.821784 2324.960000 333.136366
2132 -3.260000 4.817676 2321.000000 330.461026
2133 -3.400000 4.836693 2339.360000 332.846497
2134 -3.440000 4.836404 2339.080000 330.429955
2135 -3.440000 4.852381 2354.560000 333.854615
2136 -3.440000 4.869620 2371.320000 339.004861
2137 -3.540000 4.859177 2361.160000 338.603119
2138 -3.560000 4.874874 2376.440000 344.217264
2139 -3.440000 4.878278 2379.760000 343.645997
2140 -3.340000 4.884547 2385.880000 345.851078
2141 -3.360000 4.897101 2398.160000 347.764302
2142 -3.320000 4.887576 2388.840000 343.498253
2143 -3.340000 4.883073 2384.440000 341.196553
2144 -3.260000 4.883646 2385.000000 341.572889
2145 -3.380000 4.898612 2399.640000 343.476362
2146 -3.480000 4.899020 2400.040000 343.785636
2147 -3.480000 4.890644 2391.840000 343.608705
2148 -3.580000 4.889213 2390.440000 342.630731
2149 -3.560000 4.877294 2378.800000 339.300131
2150 -3.480000 4.882172 2383.560000 343.132488
2151 -3.500000 4.870606 2372.280000 339.233107
2152 -3.620000 4.850526 2352.760000 334.155540
2153 -3.620000 4.855801 2357.880000 335.385350
2154 -3.540000 4.856377 2358.440000 334.157213
2155 -3.460000 4.871016 2372.680000 338.730430
2156 -3.200000 4.851598 2353.800000 333.827884
2157 -3.120000 4.874013 2375.600000 339.283127
2158 -3.080000 4.881598 2383.000000 341.198023
2159 -3.100000 4.892648 2393.800000 344.638078
2160 -3.180000 4.887903 2389.160000 344.455447
2161 -3.080000 4.895794 2396.880000 345.893500
2162 -2.920000 4.895100 2396.200000 345.862595
2163 -2.940000 4.893383 2394.520000 345.255453
2164 -2.840000 4.878073 2379.560000 344.404325
2165 -2.820000 4.876269 2377.800000 343.444568
2166 -2.940000 4.883319 2384.680000 343.030294
2167 -3.020000 4.877499 2379.000000 340.296910
2168 -3.060000 4.868634 2370.360000 337.116471
2169 -2.880000 4.870893 2372.560000 339.641001
2170 -2.860000 4.868223 2369.960000 337.585478
2171 -2.900000 4.863538 2365.400000 335.616777
2172 -2.840000 4.881024 2382.440000 338.575014
2173 -2.820000 4.876679 2378.200000 337.421353
2174 -2.880000 4.868223 2369.960000 333.158869
2175 -3.040000 4.899143 2400.160000 339.335508
2176 -3.000000 4.898939 2399.960000 337.432771
2177 -2.920000 4.887208 2388.480000 337.182652
2178 -2.960000 4.887903 2389.160000 335.972751
2179 -2.900000 4.879795 2381.240000 335.472562
2180 -2.940000 4.882417 2383.800000 337.008570
2181 -3.040000 4.873110 2374.720000 332.833825
2182 -3.020000 4.870934 2372.600000 332.584553
2183 -2.880000 4.864155 2366.000000 328.268566
2184 -2.740000 4.875367 2376.920000 330.750001
2185 -2.600000 4.871139 2372.800000 329.406749
2186 -2.620000 4.878073 2379.560000 333.570800
2187 -2.540000 4.884875 2386.200000 335.910421
2188 -2.600000 4.880451 2381.880000 332.344609
2189 -2.660000 4.899510 2400.520000 334.003978
2190 -2.640000 4.891094 2392.280000 333.338115
2191 -2.640000 4.892852 2394.000000 332.954678
2192 -2.740000 4.896570 2397.640000 333.542916
2193 -2.760000 4.902897 2403.840000 334.316315
2194 -2.600000 4.903101 2404.040000 334.120893
2195 -2.560000 4.888272 2389.520000 329.667529
2196 -2.400000 4.885939 2387.240000 331.108475
2197 -2.240000 4.897591 2398.640000 334.237238
2198 -2.160000 4.911822 2412.600000 336.796425
2199 -2.040000 4.931531 2432.000000 342.155462
2200 -2.160000 4.931977 2432.440000 341.964211
2201 -1.940000 4.943642 2443.960000 343.582423
2202 -2.020000 4.937408 2437.800000 343.310379
2203 -1.800000 4.944330 2444.640000 344.155070
2204 -1.720000 4.941295 2441.640000 344.395099
2205 -1.720000 4.950232 2450.480000 347.356753
2206 -1.880000 4.939433 2439.800000 347.720382
2207 -1.780000 4.919715 2420.360000 342.969778
2208 -1.680000 4.950515 2450.760000 349.404756
2209 -1.660000 4.956894 2457.080000 347.180080
2210 -1.600000 4.975178 2475.240000 349.199221
2211 -1.580000 4.970674 2470.760000 347.162201
2212 -1.620000 4.992194 2492.200000 353.659167
2213 -1.600000 4.970875 2470.960000 349.779354
2214 -1.380000 4.979598 2479.640000 351.425543
2215 -1.320000 4.970634 2470.720000 352.233030
2216 -1.140000 4.989309 2489.320000 354.318067
2217 -1.060000 5.001000 2501.000000 358.050859
2218 -1.160000 5.005237 2505.240000 358.508035
2219 -1.100000 5.000920 2500.920000 358.722163
2220 -0.940000 5.003878 2503.880000 358.801828
2221 -1.080000 4.994557 2494.560000 356.426235
2222 -1.140000 4.982730 2482.760000 358.080867
2223 -1.260000 4.996359 2496.360000 358.254211
2224 -1.280000 4.994917 2494.920000 357.473548
2225 -1.180000 4.997319 2497.320000 356.814128
2226 -1.080000 4.983292 2483.320000 350.779213
2227 -1.100000 4.982008 2482.040000 350.210337
2228 -1.180000 4.997880 2497.880000 353.785971
2229 -1.200000 5.004078 2504.080000 353.563270
2230 -1.300000 5.001880 2501.880000 353.303213
2231 -1.360000 5.009990 2510.000000 354.090703
2232 -1.340000 5.009311 2509.320000 354.567739
2233 -1.480000 5.008952 2508.960000 354.676452
2234 -1.440000 5.004518 2504.520000 352.822262
2235 -1.480000 5.021952 2522.000000 355.815199
2236 -1.540000 5.035752 2535.880000 357.530445
2237 -1.380000 5.029871 2529.960000 357.323582
2238 -1.260000 5.027882 2527.960000 356.213682
2239 -1.100000 5.020558 2520.600000 354.580609
2240 -1.120000 5.013223 2513.240000 349.740381
2241 -1.120000 5.014938 2514.960000 350.383073
2242 -1.160000 5.026211 2526.280000 352.451687
2243 -1.280000 5.029592 2529.680000 348.590784
2244 -1.320000 5.027405 2527.480000 349.667158
2245 -1.260000 5.036149 2536.280000 350.461033
2246 -1.340000 5.022868 2522.920000 347.739999
2247 -1.240000 5.020598 2520.640000 350.232460
2248 -1.220000 5.023505 2523.560000 353.106823
2249 -1.300000 5.019920 2519.960000 354.134634
2250 -1.280000 5.015376 2515.400000 352.061999
2251 -1.140000 5.010908 2510.920000 350.702180
2252 -1.200000 5.031859 2531.960000 355.180637
2253 -1.100000 5.030109 2530.200000 353.296329
2254 -1.040000 5.025336 2525.400000 353.495634
2255 -0.940000 5.048604 2548.840000 357.379180
2256 -1.140000 5.046781 2547.000000 358.826793
2257 -1.140000 5.056679 2557.000000 362.027864
2258 -1.060000 5.056362 2556.680000 361.445387
2259 -0.960000 5.068017 2568.480000 365.301600
2260 -0.940000 5.056679 2557.000000 363.687787
2261 -1.000000 5.063201 2563.600000 367.302718
2262 -1.060000 5.070030 2570.520000 368.300792
2263 -1.080000 5.071016 2571.520000 367.129734
2264 -1.180000 5.064109 2564.520000 363.258550
2265 -1.060000 5.064899 2565.320000 365.226017
2266 -1.040000 5.057944 2558.280000 364.049900
2267 -1.300000 5.060000 2560.360000 362.684101
2268 -1.380000 5.056679 2557.000000 362.106424
2269 -1.420000 5.053593 2553.880000 362.259246
2270 -1.400000 5.041785 2541.960000 361.343803
2271 -1.500000 5.059209 2559.560000 366.012363
2272 -1.600000 5.061265 2561.640000 367.509569
2273 -1.600000 5.068885 2569.360000 369.671642
2274 -1.540000 5.063003 2563.400000 366.198001
2275 -1.680000 5.066360 2566.800000 365.477522
2276 -1.860000 5.069477 2569.960000 363.084506
2277 -1.980000 5.073973 2574.520000 362.996893
2278 -2.060000 5.073106 2573.640000 362.636214
2279 -1.920000 5.091640 2592.480000 367.144961
2280 -1.800000 5.074209 2574.760000 363.868389
2281 -1.700000 5.078622 2579.240000 364.209059
2282 -1.760000 5.093957 2594.840000 364.609545
2283 -1.780000 5.090737 2591.560000 364.990766
2284 -1.780000 5.106114 2607.240000 366.357177
2285 -1.700000 5.113707 2615.000000 370.563590
2286 -1.800000 5.112534 2613.800000 370.624731
2287 -1.660000 5.113472 2614.760000 373.291299
2288 -1.720000 5.111203 2612.440000 370.332968
2289 -1.780000 5.139767 2641.720000 375.515396
2290 -1.820000 5.121679 2623.160000 371.532775
2291 -1.740000 5.106271 2607.400000 367.875588
2292 -1.720000 5.107524 2608.680000 368.630942
2293 -1.720000 5.104429 2605.520000 368.788907
2294 -1.600000 5.100471 2601.480000 368.551543
2295 -1.660000 5.102744 2603.800000 367.886482
2296 -1.760000 5.108385 2609.560000 370.454974
2297 -1.780000 5.104860 2605.960000 370.779177
2298 -1.800000 5.103842 2604.920000 369.712634
2299 -2.040000 5.108738 2609.920000 369.784852
2300 -2.020000 5.102352 2603.400000 367.965207
2301 -2.020000 5.089401 2590.200000 364.042501
2302 -1.980000 5.109090 2610.280000 369.380502
2303 -2.000000 5.102000 2603.040000 365.512775
2304 -2.040000 5.117851 2619.240000 365.737235
2305 -2.000000 5.122577 2624.080000 369.040039
2306 -2.120000 5.118086 2619.480000 369.543474
2307 -2.080000 5.106701 2607.840000 367.799978
2308 -2.280000 5.095213 2596.120000 366.240369
2309 -2.200000 5.101686 2602.720000 367.391218
2310 -2.320000 5.105095 2606.200000 368.469759
2311 -2.320000 5.098784 2599.760000 367.421225
2312 -2.320000 5.095841 2596.760000 366.893953
2313 -2.200000 5.085509 2586.240000 367.645786
2314 -2.260000 5.087514 2588.280000 365.876563
2315 -2.080000 5.103254 2604.320000 368.762000
2316 -2.020000 5.097960 2598.920000 370.448697
2317 -2.060000 5.068057 2568.520000 365.399615
2318 -2.020000 5.066794 2567.240000 366.297671
2319 -2.000000 5.066360 2566.800000 366.591952
2320 -2.040000 5.065373 2565.800000 367.025675
2321 -2.020000 5.063872 2564.280000 362.666258
2322 -2.140000 5.072554 2573.080000 362.775335
2323 -2.140000 5.080118 2580.760000 363.381607
2324 -2.080000 5.086413 2587.160000 362.100064
2325 -2.200000 5.077243 2577.840000 358.390754
2326 -2.160000 5.075864 2576.440000 357.810853
2327 -2.000000 5.085509 2586.240000 358.612979
2328 -1.940000 5.092858 2593.720000 360.050576
2329 -1.860000 5.082244 2582.920000 359.022194
2330 -1.820000 5.099294 2600.280000 358.963867
2331 -1.880000 5.095488 2596.400000 358.619274
2332 -1.900000 5.098510 2599.480000 359.475580
2333 -1.860000 5.113159 2614.440000 364.308865
2334 -1.920000 5.097019 2597.960000 360.409589
2335 -1.920000 5.100431 2601.440000 360.251403
2336 -1.980000 5.091758 2592.600000 359.027538
2337 -1.860000 5.093486 2594.360000 358.725867
2338 -1.820000 5.090108 2590.920000 360.102985
2339 -1.860000 5.085469 2586.200000 360.146366
2340 -1.840000 5.099686 2600.680000 362.366899
2341 -1.720000 5.092112 2592.960000 361.284987
2342 -1.700000 5.091130 2591.960000 357.978701
2343 -1.780000 5.082165 2582.840000 356.478721
2344 -1.760000 5.093957 2594.840000 360.452886
2345 -1.740000 5.068609 2569.080000 355.034283
2346 -1.700000 5.061897 2562.280000 354.192598
2347 -1.620000 5.078149 2578.760000 354.656278
2348 -1.840000 5.071686 2572.200000 352.739455
2349 -1.900000 5.084998 2585.720000 356.238929
2350 -2.020000 5.076810 2577.400000 355.606702
2351 -2.000000 5.077716 2578.320000 354.843102
2352 -2.020000 5.079488 2580.120000 355.114068
2353 -2.200000 5.077480 2578.080000 354.784703
2354 -1.980000 5.090580 2591.400000 358.709572
2355 -2.000000 5.095017 2595.920000 361.071501
2356 -2.060000 5.077125 2577.720000 356.850227
2357 -2.120000 5.090855 2591.680000 357.376225
2358 -1.940000 5.072238 2572.760000 356.424432
2359 -2.060000 5.076180 2576.760000 356.306318
2360 -2.140000 5.078622 2579.240000 354.921711
2361 -2.080000 5.091876 2592.720000 355.665456
2362 -2.180000 5.096626 2597.560000 355.859930
2363 -2.140000 5.082637 2583.320000 351.205125
2364 -2.020000 5.070582 2571.080000 350.441842
2365 -1.880000 5.065649 2566.080000 347.437145
2366 -1.800000 5.080276 2580.920000 351.702772
2367 -1.740000 5.089401 2590.200000 354.041738
2368 -1.640000 5.088300 2589.080000 353.826721
2369 -1.680000 5.085116 2585.840000 354.246120
2370 -1.760000 5.087357 2588.120000 354.976378
2371 -1.740000 5.080276 2580.920000 353.076169
2372 -1.520000 5.078386 2579.000000 353.748157
2373 -1.460000 5.075943 2576.520000 351.582700
2374 -1.600000 5.082637 2583.320000 352.180801
2375 -1.620000 5.076101 2576.680000 351.840764
2376 -1.680000 5.083581 2584.280000 352.822410
2377 -1.620000 5.088064 2588.840000 354.988408
2378 -1.540000 5.103842 2604.920000 358.573737
2379 -1.560000 5.106858 2608.000000 361.300192
2380 -1.640000 5.121836 2623.320000 363.376189
2381 -1.680000 5.137704 2639.600000 366.671825
2382 -1.680000 5.134939 2636.760000 363.624591
2383 -1.660000 5.142567 2644.600000 367.020265
2384 -1.980000 5.151815 2654.120000 367.532512
2385 -2.120000 5.153484 2655.840000 369.443673
2386 -2.240000 5.169952 2672.840000 374.688073
2387 -2.240000 5.164029 2666.720000 373.037562
2388 -2.220000 5.159341 2661.880000 369.546626
2389 -2.440000 5.164184 2666.880000 369.755032
2390 -2.360000 5.151970 2654.280000 365.166781
2391 -2.340000 5.139767 2641.720000 362.508712
2392 -2.260000 5.140467 2642.440000 365.686130
2393 -2.300000 5.147932 2650.120000 367.716832
2394 -2.320000 5.163216 2665.880000 370.721275
2395 -2.460000 5.192803 2696.520000 375.407644
2396 -2.340000 5.193804 2697.560000 375.376421
2397 -2.240000 5.190376 2694.000000 376.705954
2398 -2.300000 5.188487 2692.040000 375.454302
2399 -2.120000 5.183281 2686.640000 375.537965
2400 -2.200000 5.183165 2686.520000 372.687290
2401 -2.300000 5.200577 2704.600000 377.106362
2402 -2.480000 5.195575 2699.400000 374.816081
2403 -2.460000 5.181081 2684.360000 369.933832
2404 -2.520000 5.174978 2678.040000 368.169250
2405 -2.440000 5.178108 2681.280000 368.848370
2406 -2.500000 5.197499 2701.400000 372.890755
2407 -2.500000 5.212485 2717.000000 376.644520
2408 -2.420000 5.222222 2727.160000 378.053044
2409 -2.400000 5.200308 2704.320000 374.462166
2410 -2.380000 5.189489 2693.080000 373.574361
2411 -2.360000 5.203384 2707.520000 378.506317
2412 -2.320000 5.207879 2712.200000 377.030664
2413 -2.360000 5.212293 2716.800000 377.280941
2414 -2.240000 5.205574 2709.800000 376.522671
2415 -2.320000 5.191146 2694.800000 373.209391
2416 -2.180000 5.197499 2701.400000 375.655943
2417 -2.260000 5.198577 2702.520000 375.417666
2418 -2.120000 5.217471 2722.200000 379.317524
2419 -2.320000 5.247171 2753.280000 384.744984
2420 -2.400000 5.232323 2737.720000 384.180114
2421 -2.540000 5.228269 2733.480000 385.648397
2422 -2.480000 5.210413 2714.840000 382.734751
2423 -2.500000 5.219310 2724.120000 386.469687
2424 -2.420000 5.219157 2723.960000 386.987605
2425 -2.240000 5.209760 2714.160000 385.578842
2426 -2.200000 5.201500 2705.560000 386.047771
2427 -2.040000 5.198692 2702.640000 385.321387
2428 -2.120000 5.209415 2713.800000 384.356534
2429 -2.160000 5.207072 2711.360000 383.174271
2430 -2.180000 5.225667 2730.760000 387.560592
2431 -2.220000 5.212792 2717.320000 382.447244
2432 -2.280000 5.208800 2713.160000 380.228323
2433 -2.340000 5.229876 2735.160000 383.925991
2434 -2.340000 5.217624 2722.360000 382.631940
2435 -2.280000 5.216666 2721.360000 380.111624
2436 -2.200000 5.208877 2713.240000 377.080883
2437 -2.340000 5.216167 2720.840000 377.136446
2438 -2.260000 5.200731 2704.760000 375.540509
2439 -2.200000 5.200692 2704.720000 379.679791
2440 -2.320000 5.207955 2712.280000 380.644075
2441 -2.400000 5.199231 2703.200000 379.072367
2442 -2.400000 5.211948 2716.440000 379.830866
2443 -2.560000 5.217279 2722.000000 380.444189
2444 -2.620000 5.200731 2704.760000 376.985014
2445 -2.540000 5.190877 2694.520000 373.321170
2446 -2.540000 5.203653 2707.800000 376.063222
2447 -2.560000 5.196614 2700.480000 374.191376
2448 -2.560000 5.189566 2693.160000 373.526562
2449 -2.460000 5.202653 2706.760000 375.551462
2450 -2.380000 5.205036 2709.240000 372.768018
2451 -2.320000 5.208531 2712.880000 375.659925
2452 -2.260000 5.211487 2715.960000 376.311180
2453 -2.260000 5.218927 2723.720000 377.456755
2454 -2.100000 5.227045 2732.200000 381.024484
2455 -2.060000 5.234310 2739.800000 383.574518
2456 -2.080000 5.232628 2738.040000 382.806606
2457 -2.100000 5.241641 2747.480000 384.762882
2458 -2.160000 5.252695 2759.080000 385.877593
2459 -2.060000 5.248657 2754.840000 387.615286
2460 -2.040000 5.255511 2762.040000 390.895487
2461 -2.000000 5.258060 2764.720000 391.909316
2462 -2.180000 5.254979 2761.480000 391.033191
2463 -2.180000 5.252542 2758.920000 393.023032
2464 -2.200000 5.265928 2773.000000 396.355981
2465 -2.260000 5.265017 2772.040000 395.684668
2466 -2.340000 5.278219 2785.960000 396.472615
2467 -2.400000 5.280833 2788.720000 395.517648
2468 -2.480000 5.278901 2786.680000 393.639980
2469 -2.520000 5.271053 2778.400000 388.352879
2470 -2.440000 5.280795 2788.680000 391.946037
2471 -2.620000 5.302716 2811.880000 395.747119
2472 -2.560000 5.320113 2830.360000 398.428656
2473 -2.600000 5.315412 2825.360000 396.409199
2474 -2.780000 5.312438 2822.200000 394.946739
2475 -2.860000 5.307768 2817.240000 395.945503
2476 -2.880000 5.316352 2826.360000 397.054070
2477 -2.780000 5.313342 2823.160000 396.362749
2478 -2.720000 5.303320 2812.520000 394.130760
2479 -2.720000 5.335841 2847.120000 402.382809
2480 -2.780000 5.339176 2850.680000 402.845275
2481 -2.700000 5.331229 2842.200000 400.292539
2482 -2.600000 5.321691 2832.040000 399.248743
2483 -2.580000 5.323119 2833.560000 398.198748
2484 -2.640000 5.323119 2833.560000 397.976773
2485 -2.680000 5.319549 2829.760000 397.472664
2486 -2.600000 5.322218 2832.600000 399.644932
2487 -2.640000 5.316239 2826.240000 397.849956
2488 -2.500000 5.324096 2834.600000 400.716367
2489 -2.500000 5.310104 2819.720000 397.401063
2490 -2.300000 5.312363 2822.120000 396.872985
2491 -2.180000 5.333254 2844.360000 401.050245
2492 -2.380000 5.334079 2845.240000 402.547263
2493 -2.480000 5.332842 2843.920000 403.868054
2494 -2.580000 5.325899 2836.520000 403.417088
2495 -2.440000 5.337715 2849.120000 405.344620
2496 -2.420000 5.321917 2832.280000 401.974859
2497 -2.400000 5.335466 2846.720000 403.695925
2498 -2.460000 5.352794 2865.240000 406.036355
2499 -2.500000 5.361231 2874.280000 407.099760
2500 -2.460000 5.375537 2889.640000 409.846945
2501 -2.500000 5.374867 2888.920000 406.781008
2502 -2.320000 5.377843 2892.120000 406.749883
2503 -2.340000 5.369134 2882.760000 402.907203
2504 -2.480000 5.384831 2899.640000 404.947264
2505 -2.480000 5.397333 2913.120000 405.889238
2506 -2.480000 5.394701 2910.280000 405.765146
2507 -2.380000 5.404702 2921.080000 409.985885
2508 -2.400000 5.399296 2915.240000 406.992871
2509 -2.320000 5.407772 2924.400000 410.407731
2510 -2.300000 5.406774 2923.320000 408.717133
2511 -2.200000 5.409991 2926.800000 408.931957
2512 -2.340000 5.404480 2920.840000 406.265887
2513 -2.300000 5.390176 2905.400000 403.172251
2514 -2.240000 5.397963 2913.800000 404.411865
2515 -2.220000 5.385053 2899.880000 403.052656
2516 -2.420000 5.386242 2901.160000 403.807578
2517 -2.280000 5.372374 2886.240000 400.909749
2518 -2.200000 5.369432 2883.080000 402.256937
2519 -2.120000 5.365967 2879.360000 399.693120
2520 -2.080000 5.351523 2863.880000 397.557756
2521 -2.140000 5.368836 2882.440000 401.035262
2522 -2.240000 5.369209 2882.840000 402.332223
2523 -2.260000 5.384385 2899.160000 407.546379
2524 -2.220000 5.377472 2891.720000 404.963682
2525 -2.340000 5.370326 2884.040000 404.469741
2526 -2.400000 5.363916 2877.160000 401.539689
2527 -2.240000 5.366414 2879.840000 403.963656
2528 -2.340000 5.373379 2887.320000 405.369803
2529 -2.180000 5.376058 2890.200000 408.511536
2530 -2.060000 5.372411 2886.280000 409.824317
2531 -2.020000 5.384831 2899.640000 413.666668
2532 -2.020000 5.388469 2903.560000 413.461470
2533 -2.080000 5.387467 2902.480000 411.202977
2534 -2.120000 5.397814 2913.640000 416.440033
2535 -2.340000 5.379777 2894.200000 413.967848
2536 -2.480000 5.386390 2901.320000 412.530288
2537 -2.520000 5.395480 2911.120000 411.364796
2538 -2.500000 5.386167 2901.080000 409.160880
2539 -2.500000 5.395517 2911.160000 411.324857
2540 -2.400000 5.380223 2894.680000 407.600481
2541 -2.260000 5.392402 2907.800000 410.334722
2542 -2.420000 5.399963 2915.960000 415.500698
2543 -2.460000 5.415644 2932.920000 418.087765
2544 -2.400000 5.427007 2945.240000 421.176332
2545 -2.440000 5.436984 2956.080000 423.927545
2546 -2.520000 5.426122 2944.280000 422.595400
2547 -2.660000 5.427817 2946.120000 423.366931
2548 -2.580000 5.430838 2949.400000 423.563218
2549 -2.560000 5.432937 2951.680000 424.360066
2550 -2.600000 5.455309 2976.040000 431.385797
2551 -2.640000 5.471892 2994.160000 435.646391
2552 -2.580000 5.466297 2988.040000 433.979564
2553 -2.880000 5.471599 2993.840000 434.928360
2554 -3.140000 5.471782 2994.040000 435.891827
2555 -3.280000 5.466699 2988.480000 435.652160
2556 -3.300000 5.479453 3002.440000 441.275228
2557 -3.180000 5.472513 2994.840000 440.283063
2558 -3.300000 5.485654 3009.240000 444.753445
2559 -3.360000 5.493997 3018.400000 446.029034
2560 -3.320000 5.508357 3034.200000 450.524585
2561 -3.240000 5.514998 3041.520000 453.394962
2562 -3.200000 5.533498 3061.960000 457.258023
2563 -3.160000 5.527242 3055.040000 455.455863
2564 -3.240000 5.524238 3051.720000 455.894381
2565 -3.320000 5.505488 3031.040000 452.326961
2566 -3.380000 5.513293 3039.640000 454.551744
2567 -3.400000 5.508466 3034.320000 454.779111
2568 -3.500000 5.517064 3043.800000 457.740529
2569 -3.600000 5.504544 3030.000000 455.160585
2570 -3.620000 5.505888 3031.480000 455.145025
2571 -3.740000 5.507776 3033.560000 454.127372
2572 -3.760000 5.508793 3034.680000 453.268900
2573 -3.820000 5.514671 3041.160000 454.847352
2574 -3.660000 5.521630 3048.840000 460.243803
2575 -3.660000 5.528797 3056.760000 462.436438
2576 -3.660000 5.524527 3052.040000 463.541984
2577 -3.660000 5.512785 3039.080000 459.006595
2578 -3.740000 5.532775 3061.160000 463.865132
2579 -3.800000 5.523912 3051.360000 460.563333
2580 -3.740000 5.526337 3054.040000 460.739658
2581 -3.620000 5.515977 3042.600000 458.565494
2582 -3.580000 5.515252 3041.800000 454.698712
2583 -3.640000 5.538159 3067.120000 458.306456
2584 -3.680000 5.536100 3064.840000 458.984085
2585 -3.660000 5.537111 3065.960000 456.072501
2586 -3.500000 5.524672 3052.200000 454.403197
2587 -3.420000 5.521485 3048.680000 453.988948
2588 -3.320000 5.522137 3049.400000 455.667723
2589 -3.120000 5.522898 3050.240000 457.946903
2590 -3.120000 5.529376 3057.400000 458.968790
2591 -3.160000 5.518695 3045.600000 455.143742
2592 -3.200000 5.523441 3050.840000 457.502547
2593 -3.240000 5.536064 3064.800000 458.534703
2594 -3.060000 5.549883 3080.120000 462.018412
2595 -2.940000 5.541155 3070.440000 458.380307
2596 -2.980000 5.551756 3082.200000 460.704318
2597 -2.900000 5.557805 3088.920000 465.174216
2598 -2.840000 5.552909 3083.480000 464.084380
2599 -2.760000 5.551288 3081.680000 463.785732
2600 -2.700000 5.536389 3065.160000 459.593006
2601 -2.800000 5.552153 3082.640000 464.312733
2602 -2.880000 5.568303 3100.600000 469.079086
2603 -2.940000 5.575195 3108.280000 470.551414
2604 -2.960000 5.560683 3092.120000 466.059507
2605 -3.100000 5.563488 3095.240000 465.996417
2606 -3.060000 5.563416 3095.160000 466.740498
2607 -2.780000 5.570458 3103.000000 468.285995
2608 -2.820000 5.564063 3095.880000 469.050442
2609 -2.860000 5.552549 3083.080000 468.126173
2610 -2.720000 5.557158 3088.200000 468.643766
2611 -2.720000 5.563308 3095.040000 468.332933
2612 -2.800000 5.572324 3105.080000 472.600477
2613 -2.960000 5.589705 3124.480000 476.412514
2614 -2.920000 5.583655 3117.720000 474.820773
2615 -2.800000 5.594140 3129.440000 474.209849
2616 -3.000000 5.604605 3141.160000 476.873981
2617 -3.020000 5.612165 3149.640000 480.096125
2618 -2.800000 5.620142 3158.600000 481.600150
2619 -2.660000 5.621281 3159.880000 482.507948
2620 -2.500000 5.622704 3161.480000 485.178855
2621 -2.500000 5.620000 3158.440000 487.639206
2622 -2.660000 5.622846 3161.640000 486.401082
2623 -2.720000 5.598571 3134.400000 479.984785
2624 -2.820000 5.609456 3146.600000 482.699715
2625 -2.660000 5.597892 3133.640000 477.132195
2626 -2.660000 5.599393 3135.320000 475.877899
2627 -2.360000 5.594354 3129.680000 472.278130
2628 -2.300000 5.592674 3127.800000 473.798295
2629 -2.300000 5.595534 3131.000000 471.427773
2630 -2.360000 5.592888 3128.040000 468.251136
2631 -2.300000 5.599179 3135.080000 471.225507
2632 -2.440000 5.586519 3120.920000 468.039709
2633 -2.500000 5.591959 3127.000000 470.235956
2634 -2.680000 5.589025 3123.720000 468.370708
2635 -2.460000 5.591029 3125.960000 470.552356
2636 -2.540000 5.587307 3121.800000 467.099023
2637 -2.340000 5.603249 3139.640000 471.016567
2638 -2.240000 5.589597 3124.360000 467.319450
2639 -2.340000 5.561403 3092.920000 460.230242
2640 -2.400000 5.542526 3071.960000 453.912201
2641 -2.520000 5.553305 3083.920000 454.774582
2642 -2.380000 5.543753 3073.320000 454.115636
2643 -2.540000 5.553990 3084.680000 454.068231
2644 -2.700000 5.562553 3094.200000 457.272713
2645 -2.700000 5.590313 3125.160000 464.896880
2646 -2.680000 5.592245 3127.320000 465.637739
2647 -2.720000 5.588703 3123.360000 468.548607
2648 -2.680000 5.583153 3117.160000 465.381578
2649 -2.680000 5.579677 3113.280000 463.588618
2650 -2.680000 5.587522 3122.040000 462.865698
2651 -2.760000 5.583547 3117.600000 462.507003
2652 -2.720000 5.593103 3128.280000 465.360215
2653 -2.760000 5.573006 3105.840000 461.869083
2654 -2.760000 5.580358 3114.040000 463.112660
2655 -2.720000 5.593282 3128.480000 464.761091
2656 -2.700000 5.606247 3143.000000 470.207183
2657 -2.860000 5.605533 3142.200000 468.743920
2658 -2.800000 5.615728 3153.640000 471.131187
2659 -2.660000 5.621993 3160.680000 473.483465
2660 -2.720000 5.630595 3170.360000 476.296383
2661 -2.680000 5.614481 3152.240000 472.656178
2662 -2.600000 5.611880 3149.320000 474.408924
2663 -2.620000 5.599250 3135.160000 472.705727
2664 -2.680000 5.611167 3148.520000 475.139599
2665 -2.620000 5.607317 3144.200000 474.178547
2666 -2.700000 5.598964 3134.840000 473.391287
2667 -2.480000 5.600714 3136.800000 473.420464
2668 -2.400000 5.592459 3127.560000 470.314829
2669 -2.280000 5.590778 3125.680000 468.154774
2670 -2.340000 5.588667 3123.320000 466.202674
2671 -2.480000 5.578028 3111.440000 461.270893
2672 -2.400000 5.556294 3087.240000 459.497162
2673 -2.420000 5.552045 3082.520000 461.096354
2674 -2.320000 5.567226 3099.400000 463.055539
2675 -2.120000 5.555610 3086.480000 460.868038
2676 -2.120000 5.542454 3071.880000 458.569030
2677 -2.140000 5.538050 3067.000000 459.168415
2678 -2.000000 5.546350 3076.200000 458.305334
2679 -2.120000 5.547612 3077.600000 455.706528
2680 -1.920000 5.536172 3064.920000 453.447387
2681 -1.960000 5.530787 3058.960000 450.310560
2682 -1.960000 5.528436 3056.360000 451.433606
2683 -1.960000 5.532233 3060.560000 449.540617
2684 -1.860000 5.538772 3067.800000 448.392123
2685 -1.940000 5.547071 3077.000000 448.992538
2686 -1.920000 5.539495 3068.600000 446.290157
2687 -2.040000 5.552081 3082.560000 448.517021
2688 -1.900000 5.557230 3088.280000 451.888912
2689 -1.940000 5.565357 3097.320000 454.090608
2690 -1.980000 5.563848 3095.640000 451.098838
2691 -1.900000 5.558093 3089.240000 450.246564
2692 -1.800000 5.545485 3075.240000 447.452598
2693 -1.840000 5.545232 3074.960000 447.145481
2694 -1.920000 5.531184 3059.400000 446.048306
2695 -2.020000 5.558021 3089.160000 450.873840
2696 -2.100000 5.569381 3101.800000 452.982288
2697 -2.060000 5.557445 3088.520000 450.869817
2698 -2.140000 5.532920 3061.320000 445.655067
2699 -2.080000 5.521956 3049.200000 444.295889
2700 -2.160000 5.501382 3026.520000 439.023034
2701 -2.140000 5.513946 3040.360000 439.625260
2702 -2.200000 5.523224 3050.600000 438.786600
2703 -2.300000 5.510245 3036.280000 435.742004
2704 -2.120000 5.518804 3045.720000 437.199054
2705 -2.000000 5.520652 3047.760000 438.657023
2706 -1.920000 5.517862 3044.680000 438.491768
2707 -1.800000 5.512241 3038.480000 438.438737
2708 -1.780000 5.511842 3038.040000 436.876662
2709 -1.780000 5.510463 3036.520000 435.406144
2710 -1.660000 5.514599 3041.080000 438.878146
2711 -1.680000 5.525722 3053.360000 443.864111
2712 -1.640000 5.530823 3059.000000 445.676103
2713 -1.840000 5.532016 3060.320000 444.620770
2714 -1.800000 5.526265 3053.960000 444.199217
2715 -1.800000 5.524274 3051.760000 441.988411
2716 -1.840000 5.512060 3038.280000 440.652418
2717 -1.900000 5.516484 3043.160000 440.783541
2718 -1.920000 5.494688 3019.160000 434.180720
2719 -1.900000 5.493014 3017.320000 432.552499
2720 -1.740000 5.490464 3014.520000 432.576403
2721 -1.860000 5.487039 3010.760000 430.391028
2722 -1.940000 5.490537 3014.600000 429.059753
2723 -1.980000 5.481277 3004.440000 426.676604
2724 -1.940000 5.477262 3000.040000 423.710252
2725 -1.920000 5.486857 3010.560000 425.875858
2726 -1.940000 5.492285 3016.520000 430.280519
2727 -1.880000 5.500836 3025.920000 434.410606
2728 -1.780000 5.494106 3018.520000 432.098091
2729 -1.880000 5.481460 3004.640000 429.595181
2730 -1.960000 5.484341 3007.800000 430.115298
2731 -1.980000 5.486602 3010.280000 433.493212
2732 -1.920000 5.467175 2989.000000 430.721620
2733 -1.880000 5.463552 2985.040000 427.748939
2734 -1.960000 5.454063 2974.680000 423.988915
2735 -2.020000 5.474194 2996.680000 428.702773
2736 -2.100000 5.467175 2989.000000 425.291885
2737 -2.260000 5.483758 3007.160000 425.553905
2738 -2.320000 5.474340 2996.840000 422.854059
2739 -2.360000 5.481022 3004.160000 421.690053
2740 -2.400000 5.475144 2997.720000 418.840863
2741 -2.460000 5.469881 2991.960000 415.417721
2742 -2.380000 5.456556 2977.400000 415.826385
2743 -2.360000 5.445879 2965.760000 412.519973
2744 -2.540000 5.436727 2955.800000 411.100609
2745 -2.440000 5.431611 2950.240000 411.503429
2746 -2.400000 5.431132 2949.720000 410.223126
2747 -2.540000 5.433710 2952.520000 411.162823
2748 -2.380000 5.449367 2969.560000 412.393631
2749 -2.380000 5.469296 2991.320000 418.395333
2750 -2.500000 5.479088 3002.040000 421.481158
2751 -2.480000 5.498800 3023.680000 423.033372
2752 -2.500000 5.499855 3024.840000 424.630079
2753 -2.640000 5.508031 3033.840000 426.130012
2754 -2.580000 5.514526 3041.000000 429.425067
2755 -2.580000 5.518732 3045.640000 427.092826
2756 -2.480000 5.521703 3048.920000 428.230198
2757 -2.540000 5.517064 3043.800000 426.245741
2758 -2.480000 5.522862 3050.200000 428.383441
2759 -2.220000 5.521485 3048.680000 428.461762
2760 -2.240000 5.539350 3068.440000 434.862588
2761 -2.080000 5.554890 3085.680000 436.370525
2762 -2.000000 5.552189 3082.680000 435.743104
2763 -1.960000 5.558993 3090.240000 435.381519
2764 -1.820000 5.558237 3089.400000 434.953244
2765 -1.820000 5.569955 3102.440000 437.696357
2766 -1.820000 5.567800 3100.040000 438.474271
2767 -1.660000 5.551468 3081.880000 433.610505
2768 -1.720000 5.534221 3062.760000 427.445293
2769 -1.680000 5.536714 3065.520000 428.695812
2770 -1.720000 5.535449 3064.120000 429.703699
2771 -1.820000 5.529882 3057.960000 427.422609
2772 -1.680000 5.532052 3060.360000 429.539586
2773 -1.720000 5.535991 3064.720000 428.547534
2774 -1.680000 5.542454 3071.880000 428.279079
2775 -1.540000 5.549883 3080.120000 429.907573
2776 -1.680000 5.544547 3074.200000 428.312228
2777 -1.580000 5.557949 3089.080000 430.712754
2778 -1.420000 5.574406 3107.400000 435.180077
2779 -1.540000 5.566866 3099.000000 434.178231
2780 -1.560000 5.574406 3107.400000 437.119590
2781 -1.640000 5.573724 3106.640000 437.363742
2782 -1.500000 5.571176 3103.800000 438.026196
2783 -1.400000 5.553665 3084.320000 434.216328
2784 -1.440000 5.554854 3085.640000 436.606063
2785 -1.500000 5.553773 3084.440000 435.447487
2786 -1.580000 5.539856 3069.000000 434.108436
2787 -1.540000 5.520906 3048.040000 428.741959
2788 -1.500000 5.520181 3047.240000 428.531625
2789 -1.660000 5.521848 3049.080000 431.248567
2790 -1.780000 5.531401 3059.640000 433.176662
2791 -1.740000 5.512640 3038.920000 429.974012
2792 -1.640000 5.504725 3030.200000 428.664951
2793 -1.780000 5.501164 3026.280000 429.215636
2794 -1.760000 5.490027 3014.040000 426.539608
2795 -1.720000 5.499891 3024.880000 429.829609
2796 -1.580000 5.508938 3034.840000 429.362677
2797 -1.540000 5.516194 3042.840000 430.573027
2798 -1.560000 5.508720 3034.600000 428.407070
2799 -1.840000 5.489918 3013.920000 422.597588
2800 -1.980000 5.498545 3023.400000 423.331224
2801 -1.900000 5.478065 3000.920000 419.230371
2802 -1.880000 5.469004 2991.000000 416.029805
2803 -1.820000 5.469808 2991.880000 415.022236
2804 -1.860000 5.467102 2988.920000 415.405928
2805 -1.700000 5.475874 2998.520000 416.846299
2806 -1.740000 5.460659 2981.880000 413.755783
2807 -1.700000 5.470832 2993.000000 416.128680
2808 -1.520000 5.485800 3009.400000 416.731505
2809 -1.540000 5.474779 2997.320000 416.144000
2810 -1.500000 5.461026 2982.280000 410.891413
2811 -1.580000 5.446210 2966.120000 408.954327
2812 -1.580000 5.452082 2972.520000 411.583825
2813 -1.440000 5.465675 2987.360000 414.146440
2814 -1.380000 5.454136 2974.760000 413.371438
2815 -1.480000 5.450798 2971.120000 412.280023
2816 -1.440000 5.443565 2963.240000 410.808086
2817 -1.420000 5.447972 2968.040000 411.707650
2818 -1.540000 5.460952 2982.200000 417.963484
2819 -1.440000 5.464577 2986.160000 417.483526
2820 -1.280000 5.454869 2975.560000 415.618633
2821 -1.180000 5.446136 2966.040000 413.974127
2822 -1.220000 5.452229 2972.680000 413.494787
2823 -1.280000 5.456372 2977.200000 411.526207
2824 -1.380000 5.469808 2991.880000 414.230726
2825 -1.240000 5.482335 3005.600000 419.181496
2826 -1.180000 5.469442 2991.480000 416.478089
2827 -1.460000 5.481934 3005.160000 418.016551
2828 -1.460000 5.482445 3005.720000 415.914139
2829 -1.460000 5.507341 3033.080000 421.553688
2830 -1.400000 5.520181 3047.240000 425.301075
2831 -1.320000 5.512313 3038.560000 420.766712
2832 -1.380000 5.518804 3045.720000 422.752533
2833 -1.280000 5.510354 3036.400000 422.375496
2834 -1.260000 5.525903 3053.560000 425.143697
2835 -1.280000 5.537797 3066.720000 427.215009
2836 -1.360000 5.533281 3061.720000 427.822088
2837 -1.320000 5.535919 3064.640000 427.584486
2838 -1.260000 5.515034 3041.560000 422.598221
2839 -1.260000 5.530823 3059.000000 425.856318
2840 -1.180000 5.535305 3063.960000 428.450348
2841 -1.300000 5.524744 3052.280000 424.475188
2842 -1.040000 5.551901 3082.360000 429.019162
2843 -1.140000 5.537328 3066.200000 424.122529
2844 -1.060000 5.529376 3057.400000 425.143596
2845 -1.000000 5.524201 3051.680000 426.298322
2846 -1.060000 5.522644 3049.960000 426.381880
2847 -1.180000 5.526771 3054.520000 425.552385
2848 -1.180000 5.532920 3061.320000 424.885200
2849 -1.040000 5.540541 3069.760000 424.410579
2850 -1.160000 5.537834 3066.760000 423.381167
2851 -1.100000 5.542310 3071.720000 427.028700
2852 -0.900000 5.528436 3056.360000 430.095264
2853 -0.900000 5.540000 3069.160000 431.838475
2854 -1.040000 5.547720 3077.720000 433.046054
2855 -1.120000 5.565106 3097.040000 436.997144
2856 -1.060000 5.568590 3100.920000 436.430358
2857 -1.100000 5.572683 3105.480000 433.468388
2858 -1.220000 5.583870 3117.960000 437.059158
2859 -1.200000 5.592495 3127.600000 438.867606
2860 -1.260000 5.608387 3145.400000 441.647300
2861 -1.360000 5.609492 3146.640000 443.581406
2862 -1.260000 5.598821 3134.680000 442.229242
2863 -1.280000 5.597571 3133.280000 444.116134
2864 -1.360000 5.597249 3132.920000 441.439451
2865 -1.480000 5.611845 3149.280000 444.862334
2866 -1.400000 5.617010 3155.080000 446.240420
2867 -1.340000 5.618790 3157.080000 442.843817
2868 -1.400000 5.615087 3152.920000 444.458547
2869 -1.540000 5.622206 3160.920000 447.611523
2870 -1.540000 5.616440 3154.440000 450.210099
2871 -1.680000 5.615407 3153.280000 450.760131
2872 -1.660000 5.604962 3141.560000 448.773848
2873 -1.760000 5.608850 3145.920000 451.721819
2874 -1.800000 5.614588 3152.360000 452.211045
2875 -1.580000 5.610811 3148.120000 451.216230
2876 -1.600000 5.606603 3143.400000 450.252327
2877 -1.580000 5.593818 3129.080000 447.886248
2878 -1.400000 5.580430 3114.120000 445.039259
2879 -1.400000 5.586269 3120.640000 449.435662
2880 -1.400000 5.585517 3119.800000 448.681776
2881 -1.480000 5.593568 3128.800000 448.221367
2882 -1.380000 5.588524 3123.160000 447.715165
2883 -1.420000 5.598607 3134.440000 449.465176
2884 -1.300000 5.601178 3137.320000 451.567528
2885 -1.260000 5.604605 3141.160000 455.853782
2886 -1.400000 5.611952 3149.400000 456.787560
2887 -1.360000 5.599857 3135.840000 454.989581
2888 -1.340000 5.589311 3124.040000 450.069538
2889 -1.220000 5.591100 3126.040000 450.187721
2890 -1.220000 5.596678 3132.280000 450.387547
2891 -1.360000 5.601357 3137.520000 452.380677
2892 -1.340000 5.603463 3139.880000 450.816344
2893 -1.360000 5.621815 3160.480000 455.880812
2894 -1.340000 5.622135 3160.840000 455.794985
2895 -1.320000 5.608850 3145.920000 453.403384
2896 -1.360000 5.627966 3167.400000 456.739085
2897 -1.360000 5.627077 3166.400000 459.007165
2898 -1.360000 5.642163 3183.400000 463.278936
2899 -1.320000 5.651265 3193.680000 463.667241
2900 -1.340000 5.660989 3204.680000 464.365752
2901 -1.240000 5.671614 3216.720000 464.434441
2902 -1.160000 5.672213 3217.400000 468.287889
2903 -1.080000 5.663709 3207.760000 467.436209
2904 -1.080000 5.664733 3208.920000 465.722931
2905 -0.960000 5.671049 3216.080000 469.178499
2906 -1.080000 5.665298 3209.560000 466.077369
2907 -1.040000 5.680352 3226.640000 467.938952
2908 -1.280000 5.690026 3237.640000 467.666144
2909 -1.220000 5.687917 3235.240000 468.212049
2910 -1.260000 5.693610 3241.720000 467.675523
2911 -1.320000 5.686334 3233.440000 465.477192
2912 -1.160000 5.689675 3237.240000 463.835780
2913 -1.140000 5.700211 3249.240000 468.014931
2914 -1.200000 5.702245 3251.560000 467.232465
2915 -1.180000 5.691784 3239.640000 463.899041
2916 -1.260000 5.697122 3245.720000 464.206990
2917 -1.220000 5.698316 3247.080000 464.238892
2918 -1.240000 5.708064 3258.200000 467.350484
2919 -1.140000 5.715698 3266.920000 472.409768
2920 -1.000000 5.729607 3282.840000 478.761748
2921 -1.000000 5.741498 3296.480000 481.451333
2922 -0.960000 5.751278 3307.720000 483.180930
2923 -1.040000 5.754511 3311.440000 485.817646
2924 -0.960000 5.753225 3309.960000 485.661683
2925 -0.880000 5.754164 3311.040000 485.467850
2926 -0.980000 5.756284 3313.480000 485.521648
2927 -0.940000 5.759340 3317.000000 486.785683
2928 -0.740000 5.753364 3310.120000 484.693236
2929 -0.900000 5.758159 3315.640000 488.650051
2930 -0.880000 5.741812 3296.840000 485.081103
2931 -0.740000 5.746895 3302.680000 487.392799
2932 -0.680000 5.733097 3286.840000 481.564243
2933 -0.440000 5.731806 3285.360000 483.248531
2934 -0.400000 5.729747 3283.000000 479.171149
2935 -0.420000 5.737421 3291.800000 481.305508
2936 -0.320000 5.749887 3306.120000 484.999863
2937 -0.380000 5.741881 3296.920000 481.233041
2938 -0.160000 5.744876 3300.360000 482.978409
2939 -0.240000 5.745329 3300.880000 481.683742
2940 -0.260000 5.751904 3308.440000 481.854851
2941 -0.220000 5.757882 3315.320000 480.729444
2942 -0.220000 5.748843 3304.920000 480.043846
2943 -0.140000 5.760104 3317.880000 481.975677
2944 0.080000 5.759757 3317.480000 487.969219
2945 0.160000 5.736271 3290.480000 481.966369
2946 0.060000 5.740070 3294.840000 479.817033
2947 0.060000 5.742299 3297.400000 478.848054
2948 -0.020000 5.745572 3301.160000 484.453358
2949 -0.080000 5.745329 3300.880000 482.927682
2950 -0.100000 5.743274 3298.520000 480.794651
2951 -0.120000 5.745607 3301.200000 480.465083
2952 -0.020000 5.738885 3293.480000 477.807861
2953 -0.100000 5.744806 3300.280000 474.633027
2954 -0.120000 5.748217 3304.200000 475.807675
2955 -0.240000 5.748600 3304.640000 478.559610
2956 -0.520000 5.745642 3301.240000 474.318811
2957 -0.760000 5.745259 3300.800000 470.831442
2958 -0.820000 5.751000 3307.400000 471.404343
2959 -0.960000 5.772140 3331.760000 474.897892
2960 -0.900000 5.773145 3332.920000 475.817695
2961 -0.980000 5.787677 3349.720000 478.609230
2962 -0.980000 5.794791 3357.960000 477.919602
2963 -0.820000 5.790509 3353.000000 476.796658
2964 -0.900000 5.799069 3362.920000 478.444931
2965 -0.980000 5.790371 3352.840000 476.723640
2966 -1.020000 5.793686 3356.680000 475.173151
2967 -1.020000 5.776954 3337.320000 470.929940
2968 -1.080000 5.780138 3341.000000 473.805594
2969 -1.080000 5.791925 3354.640000 474.741445
2970 -1.020000 5.798793 3362.600000 475.958250
2971 -0.920000 5.798552 3362.320000 474.155763
2972 -0.740000 5.798103 3361.800000 476.005412
2973 -0.540000 5.804653 3369.400000 478.238473
2974 -0.700000 5.795274 3358.520000 475.053168
2975 -0.740000 5.804102 3368.760000 477.783787
2976 -0.780000 5.809957 3375.560000 475.674709
2977 -0.740000 5.813536 3379.720000 476.467161
2978 -0.640000 5.824328 3392.280000 478.214297
2979 -0.640000 5.824637 3392.640000 480.117964
2980 -0.540000 5.860068 3434.040000 488.611478
2981 -0.520000 5.862764 3437.200000 492.366624
2982 -0.480000 5.866004 3441.000000 492.365877
2983 -0.400000 5.852316 3424.960000 491.804246
2984 -0.500000 5.878877 3456.120000 496.632676
2985 -0.360000 5.893115 3472.880000 500.200629
2986 -0.320000 5.918142 3502.440000 503.328753
2987 -0.200000 5.930329 3516.880000 504.402406
2988 -0.020000 5.929553 3515.960000 502.603295
2989 0.000000 5.916959 3501.040000 501.429576
2990 0.040000 5.898237 3478.920000 498.692986
2991 0.080000 5.901729 3483.040000 502.377221
2992 0.120000 5.896066 3476.360000 499.277536
2993 0.160000 5.894811 3474.880000 500.440075
2994 0.160000 5.898915 3479.720000 503.413265
2995 0.260000 5.906573 3488.760000 505.776137
2996 0.060000 5.905354 3487.320000 505.471308
2997 0.140000 5.894438 3474.440000 503.458358
2998 0.080000 5.905015 3486.920000 504.876774
2999 0.000000 5.915606 3499.440000 506.228851
3000 -0.120000 5.913273 3496.680000 503.940981
3001 -0.180000 5.907385 3489.720000 499.614121
3002 -0.120000 5.913273 3496.680000 503.110409
3003 -0.040000 5.926010 3511.760000 508.153005
3004 0.020000 5.941279 3529.880000 509.260441
3005 0.020000 5.946058 3535.560000 512.676374
3006 0.100000 5.924897 3510.440000 508.378634
3007 0.100000 5.922533 3507.640000 506.262746
3008 0.080000 5.909890 3492.680000 504.347839
3009 0.080000 5.906674 3488.880000 502.806724
3010 -0.100000 5.920034 3504.680000 506.336103
3011 -0.100000 5.919426 3503.960000 508.750598
3012 -0.200000 5.925234 3510.840000 506.054079
3013 -0.260000 5.923816 3509.160000 504.417441
3014 -0.200000 5.929621 3516.040000 504.913819
3015 -0.240000 5.934644 3522.000000 506.001425
3016 -0.120000 5.927529 3513.560000 503.968702
3017 -0.180000 5.934341 3521.640000 506.570463
3018 -0.240000 5.928541 3514.760000 507.261709
3019 -0.320000 5.941515 3530.160000 509.241954
3020 -0.440000 5.944308 3533.480000 510.907256
3021 -0.480000 5.940101 3528.480000 509.220009
3022 -0.560000 5.923209 3508.440000 502.935061
3023 -0.640000 5.916756 3500.800000 500.996254
3024 -0.660000 5.922803 3507.960000 504.140274
3025 -0.680000 5.925943 3511.680000 501.398754
3026 -0.640000 5.924424 3509.880000 500.252917
3027 -0.800000 5.942054 3530.800000 505.244003
3028 -0.880000 5.954125 3545.160000 505.595513
3029 -0.960000 5.944140 3533.280000 501.879208
3030 -0.880000 5.936160 3523.800000 501.566916
3031 -0.880000 5.916283 3500.240000 496.003660
3032 -1.060000 5.921453 3506.360000 497.872660
3033 -0.980000 5.911988 3495.160000 495.395488
3034 -0.980000 5.908062 3490.520000 496.300907
3035 -1.060000 5.911582 3494.680000 499.153931
3036 -0.920000 5.907656 3490.040000 498.185846
3037 -0.940000 5.911176 3494.200000 500.409891
3038 -1.000000 5.911920 3495.080000 500.962252
3039 -1.240000 5.912901 3496.240000 501.780346
3040 -1.300000 5.915978 3499.880000 498.220167
3041 -1.380000 5.911379 3494.440000 500.074882
3042 -1.380000 5.898169 3478.840000 494.152205
3043 -1.340000 5.894438 3474.440000 494.234140
3044 -1.340000 5.885542 3463.960000 492.401568
3045 -1.260000 5.884658 3462.920000 493.297024
3046 -1.300000 5.880510 3458.040000 490.146053
3047 -1.200000 5.874011 3450.400000 487.204517
3048 -1.220000 5.873295 3449.560000 486.765525
3049 -1.220000 5.869344 3444.920000 487.778276
3050 -1.320000 5.865595 3440.520000 483.377143
3051 -1.260000 5.869071 3444.600000 485.014293
3052 -1.200000 5.855152 3428.280000 482.747482
3053 -1.300000 5.857747 3431.320000 480.845640
3054 -1.300000 5.854537 3427.560000 479.626798
3055 -1.160000 5.861809 3436.080000 483.950419
3056 -1.240000 5.859044 3432.840000 481.582475
3057 -1.280000 5.843150 3414.240000 476.319221
3058 -1.220000 5.835101 3404.840000 474.088552
3059 -1.100000 5.820206 3387.480000 471.187406
3060 -1.160000 5.808442 3373.800000 468.353490
3061 -1.180000 5.797827 3361.480000 465.251005
3062 -1.240000 5.809613 3375.160000 468.410266
3063 -1.400000 5.810404 3376.080000 469.092989
3064 -1.260000 5.821237 3388.680000 473.804588
3065 -1.580000 5.804240 3368.920000 470.242203
3066 -1.360000 5.817594 3384.440000 473.872997
3067 -1.280000 5.825118 3393.200000 477.867411
3068 -1.240000 5.821443 3388.920000 476.745586
3069 -1.220000 5.821100 3388.520000 476.297180
3070 -1.240000 5.823298 3391.080000 478.012656
3071 -1.280000 5.828688 3397.360000 478.269194
3072 -1.580000 5.841883 3412.760000 477.120112
3073 -1.560000 5.853751 3426.640000 482.994178
3074 -1.540000 5.867027 3442.200000 485.231272
3075 -1.560000 5.855254 3428.400000 481.991617
3076 -1.480000 5.856859 3430.280000 482.739555
3077 -1.520000 5.834792 3404.480000 476.225728
3078 -1.540000 5.841815 3412.680000 479.239090
3079 -1.440000 5.830677 3399.680000 477.847231
3080 -1.580000 5.829545 3398.360000 477.795208
3081 -1.660000 5.816494 3383.160000 474.971014
3082 -1.740000 5.813605 3379.800000 474.623251
3083 -1.840000 5.805032 3369.840000 473.183548
3084 -1.940000 5.794100 3357.160000 469.181596
3085 -2.020000 5.803137 3367.640000 473.628957
3086 -1.980000 5.797137 3360.680000 470.063611
3087 -2.060000 5.806031 3371.000000 472.543196
3088 -2.200000 5.793203 3356.120000 470.479991
3089 -2.300000 5.793134 3356.040000 469.285545
3090 -2.220000 5.794515 3357.640000 471.109475
3091 -2.200000 5.787296 3349.280000 473.005253
3092 -2.220000 5.799759 3363.720000 476.414381
3093 -2.340000 5.791338 3353.960000 471.423114
3094 -2.380000 5.784151 3345.640000 469.064980
3095 -2.160000 5.786467 3348.320000 470.202195
3096 -2.260000 5.776539 3336.840000 465.261220
3097 -2.240000 5.778166 3338.720000 466.347146
3098 -2.140000 5.778270 3338.840000 465.232259
3099 -2.220000 5.771412 3330.920000 464.704217
3100 -2.020000 5.760035 3317.800000 464.105019
3101 -1.940000 5.761285 3319.240000 464.163056
3102 -1.800000 5.765796 3324.440000 464.879320
3103 -1.940000 5.763922 3322.280000 463.580645
3104 -2.020000 5.757673 3315.080000 464.853563
3105 -2.100000 5.752113 3308.680000 465.257229
3106 -2.220000 5.755936 3313.080000 464.615242
3107 -2.200000 5.753469 3310.240000 463.717395
3108 -2.260000 5.756770 3314.040000 462.310689
3109 -2.460000 5.749539 3305.720000 463.655691
3110 -2.440000 5.751974 3308.520000 462.379256
3111 -2.440000 5.741846 3296.880000 463.227635
3112 -2.300000 5.739512 3294.200000 465.375212
3113 -2.440000 5.729014 3282.160000 463.069857
3114 -2.580000 5.724159 3276.600000 463.616795
3115 -2.440000 5.716083 3267.360000 461.060473
3116 -2.380000 5.712338 3263.080000 462.492091
3117 -2.580000 5.709396 3259.720000 462.244605
3118 -2.580000 5.694875 3243.160000 458.429236
3119 -2.560000 5.701017 3250.160000 460.636077
3120 -2.580000 5.686159 3233.240000 457.997406
3121 -2.540000 5.690308 3237.960000 458.779524
3122 -2.380000 5.669180 3213.960000 457.155634
3123 -2.560000 5.670697 3215.680000 453.086296
3124 -2.460000 5.665792 3210.120000 453.876191
3125 -2.520000 5.666745 3211.200000 450.353326
3126 -2.620000 5.657031 3200.200000 450.424440
3127 -2.560000 5.646379 3188.160000 450.677597
3128 -2.640000 5.653707 3196.440000 451.981067
3129 -2.700000 5.655051 3197.960000 451.534197
3130 -2.720000 5.659505 3203.000000 450.746568
3131 -2.780000 5.651725 3194.200000 451.429803
3132 -2.760000 5.655829 3198.840000 453.456759
3133 -2.700000 5.658940 3202.360000 452.859090
3134 -2.820000 5.647690 3189.640000 446.627469
3135 -2.820000 5.642801 3184.120000 444.434112
3136 -2.920000 5.641808 3183.000000 445.233751
3137 -3.040000 5.618256 3156.480000 439.542941
3138 -3.000000 5.618149 3156.360000 439.822120
3139 -2.840000 5.623309 3162.160000 442.246507
3140 -2.820000 5.616440 3154.440000 442.245629
3141 -2.900000 5.616298 3154.280000 443.099131
3142 -3.000000 5.620641 3159.160000 441.792558
3143 -3.040000 5.624091 3163.040000 441.073024
3144 -3.020000 5.630098 3169.800000 441.313280
3145 -2.900000 5.630666 3170.440000 442.607657
3146 -2.960000 5.624767 3163.800000 442.084211
3147 -2.920000 5.621530 3160.160000 443.098730
3148 -2.760000 5.625833 3165.000000 444.803986
3149 -2.520000 5.626651 3165.920000 448.364309
3150 -2.560000 5.637978 3178.680000 452.062387
3151 -2.400000 5.635104 3175.440000 450.776945
3152 -2.420000 5.621139 3159.720000 447.323253
3153 -2.260000 5.634288 3174.520000 452.116521
3154 -1.920000 5.620641 3159.160000 448.505017
3155 -1.980000 5.621139 3159.720000 446.488930
3156 -2.120000 5.631163 3171.000000 448.932022
3157 -2.240000 5.623664 3162.560000 445.804822
3158 -2.200000 5.618861 3157.160000 446.070585
3159 -2.300000 5.615585 3153.480000 443.162316
3160 -2.440000 5.618149 3156.360000 444.177013
3161 -2.580000 5.619003 3157.320000 447.964943
3162 -2.640000 5.620000 3158.440000 446.129036
3163 -2.680000 5.607923 3144.880000 442.054203
3164 -2.600000 5.595820 3131.320000 439.722995
3165 -2.740000 5.596535 3132.120000 442.426876
3166 -2.660000 5.616013 3153.960000 449.829312
3167 -2.560000 5.624518 3163.520000 453.531732
3168 -2.440000 5.628677 3168.200000 457.008817
3169 -2.540000 5.621566 3160.200000 453.011316
3170 -2.360000 5.614374 3152.120000 453.296027
3171 -2.280000 5.605355 3142.000000 451.067699
3172 -2.360000 5.623273 3162.120000 455.681362
3173 -2.440000 5.633045 3173.120000 459.644496
3174 -2.340000 5.647831 3189.800000 463.782139
3175 -2.280000 5.660106 3203.680000 465.314440
3176 -2.340000 5.661131 3204.840000 462.967935
3177 -2.220000 5.653919 3196.680000 461.063059
3178 -2.160000 5.653424 3196.120000 457.899320
3179 -2.040000 5.658056 3201.360000 456.665565
3180 -2.180000 5.659293 3202.760000 456.515021
3181 -2.000000 5.665404 3209.680000 458.239152
3182 -1.880000 5.670168 3215.080000 457.445971
3183 -1.860000 5.680669 3227.000000 457.996992
3184 -1.820000 5.698877 3247.720000 463.337209
3185 -1.940000 5.699649 3248.600000 462.206491
3186 -1.720000 5.704069 3253.640000 460.955783
3187 -1.760000 5.716502 3267.840000 463.932607
3188 -1.780000 5.718077 3269.640000 463.127718
3189 -1.700000 5.711777 3262.440000 460.968874
3190 -1.800000 5.714858 3265.960000 459.204275
3191 -1.840000 5.706628 3256.560000 456.290758
3192 -1.700000 5.705331 3255.080000 457.835324
3193 -1.680000 5.703893 3253.440000 456.454994
3194 -1.640000 5.708275 3258.440000 457.885551
3195 -1.860000 5.714438 3265.480000 459.324053
3196 -1.860000 5.727024 3279.880000 460.715958
3197 -1.760000 5.725801 3278.480000 458.697994
3198 -1.960000 5.731701 3285.240000 458.275458
3199 -1.900000 5.734283 3288.200000 461.805230
3200 -2.080000 5.740209 3295.000000 463.469523
3201 -1.960000 5.731946 3285.520000 463.764847
3202 -1.960000 5.741045 3295.960000 464.130352
3203 -2.000000 5.759028 3316.640000 467.808588
3204 -2.100000 5.752321 3308.920000 468.128459
3205 -1.920000 5.754164 3311.040000 464.729372
3206 -1.920000 5.745642 3301.240000 462.751249
3207 -1.920000 5.758680 3316.240000 466.398671
3208 -1.900000 5.747591 3303.480000 464.657123
3209 -1.840000 5.738502 3293.040000 462.649687
3210 -1.800000 5.740209 3295.000000 462.296263
3211 -1.840000 5.752426 3309.040000 464.400126
3212 -1.940000 5.750930 3307.320000 462.227496
3213 -1.940000 5.756978 3314.280000 463.441707
3214 -1.960000 5.762465 3320.600000 462.868387
3215 -1.920000 5.750200 3306.480000 462.867288
3216 -2.060000 5.764824 3323.320000 462.760491
3217 -2.160000 5.766177 3324.880000 467.016234
3218 -2.300000 5.773560 3333.400000 468.335352
3219 -2.280000 5.771932 3331.520000 469.782443
3220 -2.260000 5.773838 3333.720000 470.423586
3221 -2.300000 5.773491 3333.320000 470.291112
3222 -2.140000 5.769957 3329.240000 471.936594
3223 -2.080000 5.772694 3332.400000 473.257824
3224 -1.960000 5.767322 3326.200000 472.557496
3225 -1.920000 5.760764 3318.640000 470.480269
3226 -1.740000 5.755797 3312.920000 468.713956
3227 -1.960000 5.744702 3300.160000 462.881678
3228 -2.100000 5.750722 3307.080000 466.133193
3229 -2.140000 5.750443 3306.760000 463.912987
3230 -2.200000 5.747034 3302.840000 464.136744
3231 -2.160000 5.748878 3304.960000 463.198865
3232 -2.180000 5.758646 3316.200000 466.943053
3233 -2.140000 5.765934 3324.600000 467.632839
3234 -2.020000 5.766975 3325.800000 466.908114
3235 -1.860000 5.767669 3326.600000 467.930039
3236 -1.940000 5.782283 3343.480000 471.461359
3237 -1.840000 5.776158 3336.400000 469.502440
3238 -1.780000 5.777023 3337.400000 473.262391
3239 -1.700000 5.776608 3336.920000 472.252349
3240 -1.720000 5.780900 3341.880000 472.035105
3241 -1.780000 5.764200 3322.600000 467.608412
3242 -1.900000 5.762881 3321.080000 466.016702
3243 -1.840000 5.749296 3305.440000 463.477642
3244 -1.820000 5.767946 3326.920000 467.170821
3245 -1.800000 5.775258 3335.360000 466.670837
3246 -1.860000 5.770927 3330.360000 462.600128
3247 -1.860000 5.764616 3323.080000 458.919336
3248 -1.960000 5.771551 3331.080000 460.661233
3249 -1.960000 5.787158 3349.120000 464.117433
3250 -1.960000 5.808855 3374.280000 471.989122
3251 -2.060000 5.816012 3382.600000 475.108658
3252 -2.100000 5.829408 3398.200000 480.894372
3253 -1.980000 5.839897 3410.440000 485.672425
3254 -1.920000 5.842636 3413.640000 485.051968
3255 -2.120000 5.852042 3424.640000 489.396655
3256 -2.100000 5.840719 3411.400000 488.053220
3257 -2.140000 5.840377 3411.000000 487.631787
3258 -2.100000 5.836334 3406.280000 488.687519
3259 -2.060000 5.843184 3414.280000 491.195798
3260 -2.220000 5.844895 3416.280000 490.413705
3261 -2.160000 5.842260 3413.200000 494.288288
3262 -2.240000 5.841472 3412.280000 497.949413
3263 -2.200000 5.823607 3391.440000 491.542156
3264 -2.060000 5.833661 3403.160000 492.894905
3265 -2.180000 5.828310 3396.920000 491.937790
3266 -2.060000 5.822061 3389.640000 489.887468
3267 -1.880000 5.819485 3386.640000 490.067785
3268 -1.880000 5.801827 3366.120000 483.360725
3269 -1.760000 5.778720 3339.360000 479.750208
3270 -1.740000 5.778477 3339.080000 480.567571
3271 -1.920000 5.787988 3350.080000 482.561756
3272 -2.100000 5.786363 3348.200000 481.011421
3273 -2.200000 5.782733 3344.000000 476.693921
3274 -2.340000 5.780554 3341.480000 475.498506
3275 -2.300000 5.765726 3324.360000 469.908103
3276 -2.320000 5.761840 3319.880000 469.001254
3277 -2.240000 5.761180 3319.120000 467.438265
3278 -2.040000 5.763783 3322.120000 467.238437
3279 -2.000000 5.786536 3348.400000 471.563393
3280 -1.980000 5.778616 3339.240000 470.740897
3281 -1.900000 5.791822 3354.520000 474.664633
3282 -2.020000 5.795481 3358.760000 475.794463
3283 -2.060000 5.777300 3337.720000 470.003605
3284 -2.040000 5.797344 3360.920000 474.082931
3285 -2.120000 5.795654 3358.960000 475.123014
3286 -2.040000 5.818900 3385.960000 480.424029
3287 -2.000000 5.816253 3382.880000 478.812162
3288 -1.940000 5.836060 3405.960000 484.933549
3289 -1.820000 5.845922 3417.480000 487.242279
3290 -1.820000 5.845922 3417.480000 487.892182
3291 -1.740000 5.849273 3421.400000 492.680482
3292 -1.620000 5.840582 3411.240000 492.162676
3293 -1.500000 5.826182 3394.440000 489.100852
3294 -1.520000 5.827418 3395.880000 491.548635
3295 -1.280000 5.824019 3391.920000 492.922895
3296 -1.320000 5.828036 3396.600000 493.519126
3297 -1.320000 5.827933 3396.480000 492.190376
3298 -1.260000 5.818694 3385.720000 488.873423
3299 -1.240000 5.816666 3383.360000 492.195797
3300 -1.400000 5.829683 3398.520000 494.160873
3301 -1.320000 5.832187 3401.440000 492.877215
3302 -1.440000 5.847564 3419.400000 497.918734
3303 -1.440000 5.855664 3428.880000 497.489944
3304 -1.360000 5.860068 3434.040000 502.066745
3305 -1.400000 5.850060 3422.320000 496.653128
3306 -1.580000 5.858225 3431.880000 499.481655
3307 -1.580000 5.869617 3445.240000 500.438729
3308 -1.460000 5.875134 3451.720000 501.315900
3309 -1.520000 5.879456 3456.800000 500.033368
3310 -1.620000 5.880782 3458.360000 499.801425
3311 -1.600000 5.876938 3453.840000 497.734839
3312 -1.620000 5.880442 3457.960000 497.661919
3313 -1.600000 5.884012 3462.160000 497.595457
3314 -1.680000 5.880578 3458.120000 498.292056
3315 -1.820000 5.872819 3449.000000 496.541659
3316 -1.820000 5.870162 3445.880000 492.699676
3317 -1.620000 5.853307 3426.120000 489.281983
3318 -1.620000 5.842294 3413.240000 485.240940
3319 -1.680000 5.840411 3411.040000 483.967812
3320 -1.800000 5.833387 3402.840000 479.258205
3321 -1.880000 5.834724 3404.400000 479.754981
3322 -2.000000 5.861774 3436.040000 485.977050
3323 -1.980000 5.850504 3422.840000 484.127768
3324 -1.920000 5.852077 3424.680000 486.319622
3325 -2.040000 5.858874 3432.640000 488.632207
3326 -2.100000 5.865117 3439.960000 492.145496
3327 -2.080000 5.875440 3452.080000 496.020891
3328 -2.140000 5.878877 3456.120000 497.314106
3329 -2.260000 5.896338 3476.680000 501.779255
3330 -2.280000 5.900203 3481.240000 504.141166
3331 -2.140000 5.911717 3494.840000 508.948642
3332 -2.240000 5.906911 3489.160000 508.399994
3333 -2.520000 5.915336 3499.120000 509.419463
3334 -2.500000 5.909145 3491.800000 504.290432
3335 -2.620000 5.898847 3479.640000 499.638119
3336 -2.480000 5.884386 3462.600000 494.733871
3337 -2.580000 5.876019 3452.760000 493.833525
3338 -2.540000 5.886765 3465.400000 501.443550
3339 -2.360000 5.907825 3490.240000 506.371321
3340 -2.600000 5.901220 3482.440000 503.870675
3341 -2.560000 5.905184 3487.120000 502.820343
3342 -2.520000 5.912326 3495.560000 507.350186
3343 -2.480000 5.903423 3485.040000 506.121302
3344 -2.560000 5.900271 3481.320000 504.809838
3345 -2.780000 5.902372 3483.800000 505.791342
3346 -2.620000 5.907182 3489.480000 505.309698
3347 -2.480000 5.914863 3498.560000 507.133262
3348 -2.580000 5.915573 3499.400000 510.907848
3349 -2.440000 5.917635 3501.840000 510.132886
3350 -2.420000 5.913611 3497.080000 507.949672
3351 -2.420000 5.932858 3519.880000 514.865339
3352 -2.560000 5.927731 3513.800000 508.999436
3353 -2.580000 5.921250 3506.120000 507.758464
3354 -2.500000 5.925369 3511.000000 507.317657
3355 -2.620000 5.932049 3518.920000 510.081656
3356 -2.520000 5.912597 3495.880000 506.431809
3357 -2.480000 5.911142 3494.160000 504.024117
3358 -2.480000 5.920101 3504.760000 506.802467
3359 -2.640000 5.910465 3493.360000 506.507036
3360 -2.720000 5.911041 3494.040000 505.513668
3361 -2.680000 5.911480 3494.560000 506.577170
3362 -2.900000 5.907588 3489.960000 504.972389
3363 -2.820000 5.905015 3486.920000 503.360763
3364 -2.800000 5.893556 3473.400000 499.802353
3365 -2.780000 5.881122 3458.760000 499.691535
3366 -2.820000 5.868049 3443.400000 498.331257
3367 -2.980000 5.863207 3437.720000 493.919906
3368 -3.080000 5.870434 3446.200000 493.492813
3369 -3.040000 5.889856 3469.040000 497.206690
3370 -3.180000 5.883842 3461.960000 493.133566
3371 -3.260000 5.890840 3470.200000 494.504232
3372 -3.180000 5.884182 3462.360000 492.435620
3373 -3.040000 5.888633 3467.600000 495.828580
3374 -3.040000 5.879490 3456.840000 492.110186
3375 -3.060000 5.881598 3459.320000 492.808406
3376 -3.000000 5.900475 3481.560000 498.831850
3377 -3.020000 5.912529 3495.800000 500.523967
3378 -3.000000 5.907250 3489.560000 502.179141
3379 -2.980000 5.907656 3490.040000 501.649264
3380 -2.940000 5.914896 3498.600000 504.881423
3381 -2.920000 5.924120 3509.520000 505.876984
3382 -2.860000 5.900136 3481.160000 498.381842
3383 -2.740000 5.891723 3471.240000 497.494677
3384 -2.880000 5.894709 3474.760000 494.219841
3385 -2.960000 5.901593 3482.880000 495.406742
3386 -3.020000 5.908333 3490.840000 495.425097
3387 -3.080000 5.904371 3486.160000 495.977362
3388 -3.100000 5.914423 3498.040000 499.538550
3389 -3.120000 5.911548 3494.640000 498.012071
3390 -3.020000 5.903999 3485.720000 497.505665
3391 -3.180000 5.896745 3477.160000 493.044556
3392 -3.060000 5.900136 3481.160000 493.773308
3393 -3.040000 5.914727 3498.400000 498.627037
3394 -2.960000 5.916181 3500.120000 499.984843
3395 -2.980000 5.934745 3522.120000 505.519570
3396 -2.800000 5.937508 3525.400000 507.569583
3397 -2.600000 5.946091 3535.600000 508.124605
3398 -2.440000 5.969958 3564.040000 515.973711
3399 -2.300000 5.983811 3580.600000 517.635872
3400 -2.320000 5.978595 3574.360000 514.899992
3401 -2.260000 5.987287 3584.760000 517.043706
3402 -2.240000 6.007162 3608.600000 516.482687
3403 -2.420000 6.025579 3630.760000 518.496071
3404 -2.560000 6.020000 3624.040000 515.345175
3405 -2.600000 6.020432 3624.560000 514.256848
3406 -2.580000 6.030091 3636.200000 517.407739
3407 -2.540000 6.017740 3621.320000 511.163817
3408 -2.560000 6.017873 3621.480000 507.827914
3409 -2.700000 6.026110 3631.400000 508.063985
3410 -2.660000 6.036125 3643.480000 509.186330
3411 -2.740000 6.036191 3643.560000 507.225558
3412 -2.840000 6.044469 3653.560000 505.897221
3413 -2.820000 6.052471 3663.240000 508.471015
3414 -2.880000 6.063761 3676.920000 509.162417
3415 -2.880000 6.060825 3673.360000 510.474567
3416 -2.800000 6.059934 3672.280000 507.581073
3417 -2.700000 6.060792 3673.320000 507.028547
3418 -2.800000 6.044799 3653.960000 503.649024
3419 -3.080000 6.047479 3657.200000 504.443692
3420 -3.120000 6.041556 3650.040000 502.768838
3421 -2.920000 6.043509 3652.400000 505.701664
3422 -3.140000 6.044071 3653.080000 505.396499
3423 -3.180000 6.055246 3666.600000 507.733102
3424 -3.100000 6.058812 3670.920000 507.902104
3425 -3.100000 6.057425 3669.240000 508.679512
3426 -3.120000 6.062970 3675.960000 511.475764
3427 -3.200000 6.046950 3656.560000 509.758664
3428 -3.280000 6.057557 3669.400000 513.112456
3429 -3.400000 6.073286 3688.480000 516.101069
3430 -3.460000 6.062574 3675.480000 511.879750
3431 -3.520000 6.054090 3665.200000 509.960220
3432 -3.500000 6.073253 3688.440000 516.419335
3433 -3.480000 6.081842 3698.880000 518.555865
3434 -3.620000 6.077927 3694.120000 515.758790
3435 -3.820000 6.075031 3690.600000 515.858747
3436 -3.860000 6.078980 3695.400000 516.459897
3437 -3.640000 6.087430 3705.680000 521.002354
3438 -3.480000 6.070750 3685.400000 516.119802
3439 -3.620000 6.097048 3717.400000 522.623092
3440 -3.660000 6.105244 3727.400000 525.566288
3441 -3.700000 6.091469 3710.600000 523.300414
3442 -3.580000 6.086148 3704.120000 521.640178
3443 -3.680000 6.095703 3715.760000 522.923543
3444 -3.720000 6.102885 3724.520000 525.982652
3445 -3.980000 6.112315 3736.040000 528.961133
3446 -3.900000 6.104195 3726.120000 527.044830
3447 -3.960000 6.109272 3732.320000 529.095801
3448 -3.820000 6.115129 3739.480000 533.556968
3449 -3.700000 6.122516 3748.520000 536.101126
3450 -3.460000 6.133743 3762.280000 537.728324
3451 -3.280000 6.126467 3753.360000 535.146935
3452 -3.160000 6.127675 3754.840000 537.540153
3453 -3.140000 6.133482 3761.960000 539.618053
3454 -2.980000 6.111857 3735.480000 534.993974
3455 -2.880000 6.107307 3729.920000 534.402609
3456 -2.940000 6.080559 3697.320000 529.766638
3457 -3.100000 6.063827 3677.000000 525.144011
3458 -3.100000 6.080099 3696.760000 525.324983
3459 -3.160000 6.077960 3694.160000 522.766758
3460 -3.100000 6.085162 3702.920000 526.775975
3461 -3.100000 6.080625 3697.400000 525.978194
3462 -3.240000 6.081743 3698.760000 527.452820
3463 -3.140000 6.064948 3678.360000 523.180541
3464 -3.100000 6.055576 3667.000000 522.405613
3465 -2.980000 6.060528 3673.000000 526.406299
3466 -3.160000 6.067586 3681.560000 528.183567
3467 -3.340000 6.074438 3689.880000 530.251077
3468 -3.400000 6.081283 3698.200000 534.586658
3469 -3.320000 6.071310 3686.080000 533.932352
3470 -3.220000 6.052867 3663.720000 528.893302
3471 -2.960000 6.058581 3670.640000 528.259574
3472 -2.780000 6.043012 3651.800000 524.886674
3473 -2.840000 6.033241 3640.000000 522.733664
3474 -2.780000 6.049694 3659.880000 529.501405
3475 -2.880000 6.053627 3664.640000 534.232703
3476 -2.600000 6.069498 3683.880000 538.360108
3477 -2.440000 6.065575 3679.120000 536.529819
3478 -2.460000 6.048372 3658.280000 535.278186
3479 -2.540000 6.045196 3654.440000 534.247948
3480 -2.560000 6.041953 3650.520000 538.914196
3481 -2.620000 6.048768 3658.760000 542.404361
3482 -2.420000 6.039570 3647.640000 537.016468
3483 -2.380000 6.032412 3639.000000 530.982796
3484 -2.440000 6.042086 3650.680000 530.450596
3485 -2.340000 6.039702 3647.800000 531.915902
3486 -2.400000 6.032015 3638.520000 528.947730
3487 -2.320000 6.036820 3644.320000 530.894061
3488 -2.320000 6.062112 3674.920000 537.713470
3489 -2.460000 6.051611 3662.200000 535.605035
3490 -2.300000 6.037914 3645.640000 534.970100
3491 -2.260000 6.067718 3681.720000 544.038431
3492 -2.180000 6.058878 3671.000000 541.552561
3493 -2.240000 6.067751 3681.760000 541.643691
3494 -2.380000 6.077006 3693.000000 541.266544
3495 -2.440000 6.091437 3710.560000 541.317544
3496 -2.620000 6.095146 3715.080000 539.362869
3497 -2.720000 6.100688 3721.840000 542.218332
3498 -2.640000 6.090681 3709.640000 540.799991
3499 -2.560000 6.080526 3697.280000 535.472593
3500 -2.480000 6.066333 3680.040000 536.026540
3501 -2.640000 6.087233 3705.440000 542.993310
3502 -2.660000 6.084636 3702.280000 542.669443
3503 -2.500000 6.078651 3695.000000 539.039516
3504 -2.460000 6.092914 3712.360000 541.266816
3505 -2.500000 6.102491 3724.040000 544.784694
3506 -2.540000 6.107209 3729.800000 545.243288
3507 -2.740000 6.113755 3737.800000 545.889395
3508 -3.000000 6.119052 3744.280000 543.848510
3509 -2.900000 6.113820 3737.880000 542.170924
3510 -2.800000 6.098098 3718.680000 536.356319
3511 -2.720000 6.109403 3732.480000 537.627950
3512 -2.720000 6.101705 3723.080000 533.712927
3513 -2.780000 6.105964 3728.280000 537.870288
3514 -2.620000 6.111530 3735.080000 537.176095
3515 -2.420000 6.102229 3723.720000 539.515457
3516 -2.320000 6.108715 3731.640000 541.072108
3517 -2.300000 6.105244 3727.400000 540.112280
3518 -2.400000 6.097245 3717.640000 539.358517
3519 -2.460000 6.102229 3723.720000 539.263421
3520 -2.360000 6.096261 3716.440000 536.873663
3521 -2.320000 6.082894 3700.160000 534.440364
3522 -2.300000 6.089433 3708.120000 535.259080
3523 -2.340000 6.091601 3710.760000 538.500549
3524 -2.240000 6.096589 3716.840000 538.949232
3525 -2.300000 6.101901 3723.320000 538.146715
3526 -2.220000 6.099738 3720.680000 537.501137
3527 -2.260000 6.103737 3725.560000 537.877598
3528 -2.140000 6.089171 3707.800000 534.591605
3529 -1.960000 6.100623 3721.760000 536.786450
3530 -1.860000 6.118072 3743.080000 542.412230
3531 -1.940000 6.130873 3758.760000 543.691978
3532 -1.920000 6.149374 3781.480000 549.768024
3533 -1.740000 6.136025 3765.080000 548.551464
3534 -1.620000 6.125194 3751.800000 547.485538
3535 -1.760000 6.142377 3772.880000 551.538649
3536 -1.700000 6.143908 3774.760000 550.424203
3537 -1.600000 6.152138 3784.880000 549.992852
3538 -1.540000 6.153341 3786.360000 552.032812
3539 -1.480000 6.139055 3768.800000 547.531822
3540 -1.380000 6.146967 3778.520000 548.207162
3541 -1.300000 6.148398 3780.280000 548.423590
3542 -1.360000 6.141498 3771.800000 545.608054
3543 -1.300000 6.138892 3768.600000 544.437027
3544 -1.220000 6.149894 3782.120000 549.540148
3545 -1.280000 6.165712 3801.600000 549.747747
3546 -1.260000 6.160487 3795.160000 549.854723
3547 -1.280000 6.151162 3783.680000 548.042893
3548 -1.240000 6.141954 3772.360000 546.126385
3549 -1.120000 6.129405 3756.960000 545.218248
3550 -1.040000 6.130285 3758.040000 543.816129
3551 -0.980000 6.141042 3771.240000 547.001098
3552 -0.980000 6.151065 3783.560000 548.807373
3553 -0.980000 6.137785 3767.240000 547.132898
3554 -0.900000 6.142996 3773.640000 548.236127
3555 -1.100000 6.141173 3771.400000 547.120731
3556 -1.180000 6.147357 3779.000000 549.149631
3557 -1.300000 6.146381 3777.800000 551.737522
3558 -1.420000 6.140000 3769.960000 549.768280
3559 -1.320000 6.126206 3753.040000 545.508563
3560 -1.200000 6.128197 3755.480000 549.569180
3561 -1.300000 6.115325 3739.720000 543.043773
3562 -1.340000 6.114475 3738.680000 545.704648
3563 -1.280000 6.128295 3755.600000 552.036609
3564 -1.320000 6.123626 3749.880000 550.585299
3565 -1.280000 6.126337 3753.200000 547.330952
3566 -1.440000 6.139479 3769.320000 547.673815
3567 -1.480000 6.134493 3763.200000 546.576292
3568 -1.460000 6.148138 3779.960000 550.788922
3569 -1.360000 6.152723 3785.600000 554.648279
3570 -1.340000 6.152040 3784.760000 555.434102
3571 -1.400000 6.159610 3794.080000 557.195731
3572 -1.380000 6.174625 3812.600000 557.495576
3573 -1.460000 6.179288 3818.360000 553.754127
3574 -1.200000 6.183947 3824.120000 556.881286
3575 -1.100000 6.203580 3848.440000 561.962849
3576 -1.200000 6.196418 3839.560000 559.403560
3577 -1.240000 6.189927 3831.520000 557.013017
3578 -1.320000 6.200032 3844.040000 560.500374
3579 -1.140000 6.211248 3857.960000 560.194024
3580 -1.240000 6.206352 3851.880000 557.794758
3581 -1.220000 6.192996 3835.320000 554.198663
3582 -1.180000 6.200742 3844.920000 558.508739
3583 -1.040000 6.215207 3862.880000 562.869077
3584 -0.980000 6.223793 3873.560000 561.470132
3585 -1.200000 6.230249 3881.600000 564.142796
3586 -1.080000 6.220322 3869.240000 559.116121
3587 -1.080000 6.237371 3890.480000 564.130829
3588 -1.020000 6.244261 3899.080000 567.845427
3589 -1.080000 6.264120 3923.920000 572.028992
3590 -1.040000 6.272129 3933.960000 577.537476
3591 -1.020000 6.271619 3933.320000 577.732317
3592 -1.000000 6.262875 3922.360000 577.735985
3593 -1.060000 6.276337 3939.240000 582.900918
3594 -1.140000 6.270343 3931.720000 581.200449
3595 -0.940000 6.270024 3931.320000 583.773915
3596 -0.920000 6.266833 3927.320000 582.803504
3597 -0.760000 6.271842 3933.600000 584.027062
3598 -0.520000 6.267408 3928.040000 583.105460
3599 -0.320000 6.272288 3934.160000 582.558364
3600 -0.240000 6.271300 3932.920000 581.259632
3601 -0.360000 6.275731 3938.480000 584.914421
3602 -0.500000 6.286080 3951.480000 587.063212
3603 -0.440000 6.292472 3959.520000 588.907348
3604 -0.300000 6.282324 3946.760000 584.006071
3605 -0.040000 6.293171 3960.400000 585.915431
3606 -0.080000 6.315536 3988.600000 591.002493
3607 -0.160000 6.316328 3989.600000 586.806084
3608 -0.340000 6.313699 3986.280000 585.331113
3609 -0.380000 6.319589 3993.720000 585.613835
3610 -0.440000 6.338170 4017.240000 592.935341
3611 -0.360000 6.331824 4009.200000 588.031222
3612 -0.480000 6.338486 4017.640000 587.509240
3613 -0.460000 6.360660 4045.800000 590.755645
3614 -0.480000 6.366569 4053.320000 590.759018
3615 -0.300000 6.364307 4050.440000 592.224033
3616 -0.220000 6.376237 4065.640000 597.544501
3617 -0.200000 6.367417 4054.400000 594.702265
3618 -0.120000 6.378746 4068.840000 598.073654
3619 0.000000 6.384043 4075.600000 598.559568
3620 -0.100000 6.403280 4100.200000 604.809087
3621 -0.340000 6.401968 4098.520000 603.410487
3622 -0.420000 6.382507 4073.640000 600.370677
3623 -0.300000 6.377115 4066.760000 600.967673
3624 -0.280000 6.358144 4042.600000 597.777949
3625 -0.160000 6.354526 4038.000000 597.778503
3626 -0.040000 6.367448 4054.440000 602.873036
3627 -0.140000 6.353109 4036.200000 597.520777
3628 -0.240000 6.365501 4051.960000 603.160215
3629 -0.200000 6.360440 4045.520000 603.329495
3630 -0.260000 6.368893 4056.280000 602.668112
3631 -0.160000 6.353393 4036.560000 599.655993
3632 -0.240000 6.353109 4036.200000 597.321552
3633 -0.220000 6.346054 4027.240000 593.634728
3634 -0.280000 6.339369 4018.760000 592.699768
3635 -0.060000 6.343595 4024.120000 595.253215
3636 -0.140000 6.333309 4011.080000 593.038403
3637 0.000000 6.329613 4006.400000 593.304314
3638 -0.040000 6.337791 4016.760000 596.645775
3639 -0.140000 6.337350 4016.200000 598.585998
3640 -0.200000 6.334256 4012.280000 594.258391
3641 -0.220000 6.331161 4008.360000 593.591964
3642 -0.460000 6.318829 3992.760000 589.632435
3643 -0.440000 6.332898 4010.560000 593.216025
3644 -0.480000 6.337034 4015.800000 592.938606
3645 -0.500000 6.347062 4028.520000 596.031410
3646 -0.400000 6.352543 4035.480000 597.773384
3647 -0.320000 6.344888 4025.760000 592.036673
3648 -0.240000 6.337981 4017.000000 590.357993
3649 -0.420000 6.339369 4018.760000 591.928938
3650 -0.360000 6.347882 4029.560000 596.528744
3651 -0.320000 6.348669 4030.560000 598.441655
3652 -0.080000 6.358270 4042.760000 601.125579
3653 -0.180000 6.351535 4034.200000 599.280821
3654 -0.140000 6.354243 4037.640000 598.243889
3655 -0.260000 6.346558 4027.880000 594.747032
3656 -0.200000 6.342082 4022.200000 590.203980
3657 -0.180000 6.346306 4027.560000 588.286174
3658 -0.080000 6.349646 4031.800000 591.495862
3659 0.040000 6.347661 4029.280000 592.071556
3660 0.020000 6.353361 4036.520000 597.902732
3661 0.040000 6.341482 4021.440000 597.596225
3662 0.000000 6.341956 4022.040000 597.509735
3663 0.100000 6.335771 4014.200000 597.957176
3664 0.220000 6.319905 3994.120000 590.395428
3665 0.240000 6.316455 3989.760000 590.308329
3666 0.180000 6.315346 3988.360000 589.654611
3667 0.140000 6.293902 3961.320000 582.815050
3668 0.040000 6.288052 3953.960000 580.863514
3669 -0.100000 6.283025 3947.640000 580.959828
3670 -0.060000 6.276528 3939.480000 575.847776
3671 -0.080000 6.288466 3954.480000 579.096136
3672 0.100000 6.305014 3975.320000 583.572796
3673 0.040000 6.314111 3986.800000 584.468002
3674 0.160000 6.314840 3987.720000 587.815370
3675 0.140000 6.335014 4013.240000 592.967795
3676 0.180000 6.340505 4020.200000 594.686459
3677 0.140000 6.327306 4003.480000 589.719840
3678 0.180000 6.331224 4008.440000 590.158920
3679 0.200000 6.324872 4000.400000 586.084118
3680 0.480000 6.322310 3997.160000 586.814140
3681 0.540000 6.328823 4005.400000 586.706582
3682 0.620000 6.350842 4033.320000 592.729405
3683 0.660000 6.363678 4049.640000 595.620459
3684 0.720000 6.369333 4056.840000 593.470951
3685 0.620000 6.376237 4065.640000 594.262004
3686 0.500000 6.382445 4073.560000 594.021814
3687 0.460000 6.396093 4091.000000 598.849390
3688 0.260000 6.414640 4114.760000 603.303739
3689 0.240000 6.425325 4128.480000 601.975016
3690 0.080000 6.437049 4143.560000 605.272971
3691 0.000000 6.425823 4129.120000 602.013559
3692 -0.120000 6.412893 4112.520000 601.460106
3693 -0.140000 6.413143 4112.840000 599.705401
3694 -0.140000 6.432200 4137.320000 605.575046
3695 -0.040000 6.424516 4127.440000 604.719784
3696 -0.040000 6.417944 4119.000000 605.648800
3697 -0.080000 6.419470 4120.960000 603.089316
3698 -0.100000 6.425107 4128.200000 604.600472
3699 -0.100000 6.420125 4121.800000 605.288533
3700 -0.300000 6.422990 4125.480000 605.312220
3701 -0.300000 6.419564 4121.080000 604.451173
3702 -0.100000 6.428592 4132.680000 611.081392
3703 -0.140000 6.447852 4157.480000 613.664195
3704 -0.260000 6.440342 4147.800000 614.797198
3705 -0.280000 6.446829 4156.160000 620.958191
3706 -0.360000 6.434812 4140.680000 616.276839
3707 -0.440000 6.440745 4148.320000 620.699537
3708 -0.480000 6.433506 4139.000000 617.776528
3709 -0.520000 6.440745 4148.320000 620.968348
3710 -0.400000 6.463652 4177.880000 628.474650
3711 -0.460000 6.462538 4176.440000 628.229128
3712 -0.300000 6.458576 4171.320000 628.487002
3713 -0.520000 6.475060 4192.640000 633.252955
3714 -0.580000 6.483487 4203.560000 633.603096
3715 -0.600000 6.482654 4202.480000 633.966052
3716 -0.680000 6.482931 4202.840000 631.609496
3717 -0.700000 6.479907 4198.920000 628.658998
3718 -0.700000 6.481327 4200.760000 628.643776
3719 -0.780000 6.477870 4196.280000 631.355177
3720 -0.840000 6.475770 4193.560000 631.840576
3721 -0.780000 6.488236 4209.720000 631.177509
3722 -0.700000 6.489407 4211.240000 631.544930
3723 -0.520000 6.489376 4211.200000 630.416795
3724 -0.780000 6.484967 4205.480000 630.437702
3725 -0.700000 6.472063 4188.760000 625.977041
3726 -0.640000 6.477994 4196.440000 630.576814
3727 -0.720000 6.474442 4191.840000 629.362180
3728 -0.900000 6.470085 4186.200000 625.666297
3729 -0.940000 6.461981 4175.720000 627.361746
3730 -1.020000 6.455416 4167.240000 626.804199
3731 -0.940000 6.453433 4164.680000 624.088460
3732 -0.940000 6.450953 4161.480000 625.815692
3733 -0.920000 6.458483 4171.200000 625.787977
3734 -1.000000 6.460867 4174.280000 623.089942
3735 -0.880000 6.464302 4178.720000 621.079590
3736 -0.960000 6.469529 4185.480000 621.196757
3737 -0.660000 6.475956 4193.800000 624.820057
3738 -0.820000 6.472496 4189.320000 623.275443
3739 -0.980000 6.485399 4206.040000 625.061295
3740 -1.020000 6.481080 4200.440000 622.838143
3741 -1.020000 6.489283 4211.080000 626.002475
3742 -0.880000 6.503384 4229.400000 628.527128
3743 -0.820000 6.495752 4219.480000 630.090805
3744 -0.840000 6.492180 4214.840000 630.904586
3745 -0.780000 6.492919 4215.800000 634.172074
3746 -0.600000 6.480463 4199.640000 629.440558
3747 -0.820000 6.497415 4221.640000 632.762492
3748 -0.800000 6.500246 4225.320000 633.820378
3749 -0.620000 6.505536 4232.200000 637.110257
3750 -0.580000 6.517515 4247.800000 638.969614
3751 -0.520000 6.532320 4267.120000 642.764003
3752 -0.500000 6.535472 4271.240000 642.247651
3753 -0.520000 6.532565 4267.440000 639.434653
3754 -0.580000 6.533942 4269.240000 639.388899
3755 -0.440000 6.534891 4270.480000 641.329605
3756 -0.520000 6.538104 4274.680000 642.453063
3757 -0.440000 6.553778 4295.200000 645.875143
3758 -0.500000 6.527143 4260.360000 637.078010
3759 -0.480000 6.539541 4276.560000 640.358026
3760 -0.580000 6.548435 4288.200000 642.084413
3761 -0.660000 6.546419 4285.560000 638.617075
3762 -0.840000 6.548068 4287.720000 636.154618
3763 -0.660000 6.555639 4297.640000 640.463517
3764 -0.500000 6.566186 4311.480000 643.818522
3765 -0.460000 6.553808 4295.240000 642.009781
3766 -0.300000 6.545197 4283.960000 638.428419
3767 -0.280000 6.554327 4295.920000 641.980317
3768 -0.280000 6.557164 4299.640000 642.513271
3769 -0.040000 6.551519 4292.240000 645.043227
3770 -0.100000 6.554785 4296.520000 644.099394
3771 -0.120000 6.548282 4288.000000 639.482424
3772 -0.200000 6.567952 4313.800000 643.541869
3773 -0.320000 6.587564 4339.600000 649.305182
3774 -0.200000 6.584618 4335.720000 644.598199
3775 -0.060000 6.576595 4325.160000 640.540007
3776 -0.100000 6.579878 4329.480000 641.464557
3777 -0.320000 6.573218 4320.720000 641.931229
3778 -0.340000 6.555700 4297.720000 637.936254
3779 -0.340000 6.549901 4290.120000 639.300037
3780 -0.360000 6.536084 4272.040000 633.962101
3781 -0.440000 6.523864 4256.080000 630.529771
3782 -0.420000 6.537247 4273.560000 636.651929
3783 -0.120000 6.547488 4286.960000 641.039807
3784 -0.220000 6.552038 4292.920000 640.985532
3785 -0.340000 6.553991 4295.480000 642.213087
3786 -0.260000 6.553625 4295.000000 639.680964
3787 -0.340000 6.562286 4306.360000 642.529095
3788 -0.300000 6.555700 4297.720000 637.117271
3789 -0.180000 6.561738 4305.640000 642.825858
3790 -0.060000 6.563444 4307.880000 644.611072
3791 0.060000 6.559543 4302.760000 647.756769
3792 0.020000 6.558384 4301.240000 645.210129
3793 -0.180000 6.562652 4306.840000 645.255158
3794 -0.340000 6.568744 4314.840000 644.668829
3795 -0.420000 6.562774 4307.000000 641.004939
3796 -0.580000 6.568379 4314.360000 640.323737
3797 -0.480000 6.579118 4328.480000 642.136230
3798 -0.560000 6.570997 4317.800000 638.606295
3799 -0.700000 6.567892 4313.720000 638.368678
3800 -0.840000 6.590994 4344.120000 640.934958
3801 -0.880000 6.606845 4365.040000 647.195419
3802 -1.060000 6.618429 4380.360000 651.376942
3803 -1.180000 6.602757 4359.640000 647.198326
3804 -1.260000 6.607057 4365.320000 652.940108
3805 -1.280000 6.595999 4350.720000 650.400089
3806 -1.520000 6.598454 4353.960000 649.159439
3807 -1.400000 6.609206 4368.160000 651.148591
3808 -1.440000 6.591965 4345.400000 647.299687
3809 -1.460000 6.595787 4350.440000 646.025006
3810 -1.420000 6.607238 4365.560000 645.649605
3811 -1.360000 6.595878 4350.560000 640.519788
3812 -1.320000 6.599000 4354.680000 646.283325
3813 -1.220000 6.599061 4354.760000 645.383385
3814 -1.020000 6.583343 4334.040000 644.503764
3815 -0.920000 6.581793 4332.000000 644.908342
3816 -0.740000 6.594270 4348.440000 651.426878
3817 -0.680000 6.598667 4354.240000 650.604903
3818 -0.760000 6.588627 4341.000000 645.835186
3819 -0.720000 6.592359 4345.920000 645.276572
3820 -0.720000 6.601909 4358.520000 646.995403
3821 -0.860000 6.592450 4346.040000 643.732942
3822 -0.980000 6.595544 4350.120000 646.102647
3823 -0.960000 6.579909 4329.520000 642.116327
3824 -1.080000 6.588566 4340.920000 646.334270
3825 -1.200000 6.600970 4357.280000 651.507947
3826 -1.240000 6.607602 4366.040000 657.146090
3827 -1.320000 6.617673 4379.360000 660.305407
3828 -1.220000 6.625134 4389.240000 663.586559
3829 -1.240000 6.625043 4389.120000 663.819682
3830 -1.320000 6.642259 4411.960000 668.752629
3831 -1.340000 6.636897 4404.840000 668.349394
3832 -1.380000 6.633521 4400.360000 669.027048
3833 -1.380000 6.641777 4411.320000 671.821004
3834 -1.420000 6.646713 4417.880000 676.425110
3835 -1.440000 6.642590 4412.400000 675.194361
3836 -1.420000 6.656636 4431.080000 680.158713
3837 -1.420000 6.658138 4433.080000 678.151349
3838 -1.400000 6.657958 4432.840000 680.789128
3839 -1.480000 6.650774 4423.280000 676.810356
3840 -1.560000 6.639367 4408.120000 676.057007
3841 -1.740000 6.635149 4402.520000 674.897282
3842 -1.740000 6.639910 4408.840000 675.760187
3843 -1.900000 6.637379 4405.480000 673.850580
3844 -1.860000 6.636294 4404.040000 675.971782
3845 -1.920000 6.637650 4405.840000 680.000341
3846 -1.740000 6.637560 4405.720000 680.703900
3847 -1.740000 6.666243 4443.880000 687.170467
3848 -1.900000 6.677814 4459.320000 692.217992
3849 -1.940000 6.694027 4481.000000 697.620900
3850 -2.080000 6.699761 4488.680000 697.664075
3851 -1.980000 6.690202 4475.880000 698.035350
3852 -1.820000 6.699881 4488.840000 700.577028
3853 -1.760000 6.695431 4482.880000 700.077248
3854 -1.720000 6.687870 4472.760000 698.577447
3855 -1.640000 6.702119 4491.840000 702.529645
3856 -1.560000 6.678233 4459.880000 694.704044
3857 -1.520000 6.682455 4465.520000 692.803721
3858 -1.540000 6.679371 4461.400000 692.515488
3859 -1.460000 6.663843 4440.680000 689.546448
3860 -1.460000 6.659099 4434.360000 686.031130
3861 -1.540000 6.646413 4417.480000 679.495452
3862 -1.460000 6.651887 4424.760000 680.098335
3863 -1.460000 6.650684 4423.160000 681.647095
3864 -1.560000 6.667323 4445.320000 688.112277
3865 -1.620000 6.668763 4447.240000 686.023660
3866 -1.400000 6.666663 4444.440000 687.443066
3867 -1.460000 6.647977 4419.560000 685.188054
3868 -1.380000 6.641536 4411.000000 679.774649
3869 -1.340000 6.657537 4432.280000 683.911764
3870 -1.500000 6.658739 4433.880000 683.719668
3871 -1.460000 6.656816 4431.320000 681.603594
3872 -1.360000 6.652007 4424.920000 679.838135
3873 -1.380000 6.662582 4439.000000 680.662222
3874 -1.380000 6.669063 4447.640000 683.579870
3875 -1.540000 6.656996 4431.560000 681.732893
3876 -1.520000 6.655254 4429.240000 682.550074
3877 -1.520000 6.670172 4449.120000 688.225670
3878 -1.540000 6.690859 4476.760000 690.568444
3879 -1.540000 6.669483 4448.200000 681.976910
3880 -1.480000 6.684579 4468.360000 687.327259
3881 -1.400000 6.683053 4466.320000 684.309060
3882 -1.480000 6.683023 4466.280000 683.643299
3883 -1.520000 6.693758 4480.640000 687.315151
3884 -1.480000 6.710499 4503.080000 694.086305
3885 -1.580000 6.688587 4473.720000 691.565805
3886 -1.600000 6.659640 4435.080000 681.168962
3887 -1.480000 6.659189 4434.480000 680.355306
3888 -1.480000 6.641717 4411.240000 675.339929
3889 -1.560000 6.640060 4409.040000 675.178632
3890 -1.520000 6.636113 4403.800000 673.980670
3891 -1.400000 6.652819 4426.000000 678.135813
3892 -1.220000 6.630445 4396.280000 668.807846
3893 -1.240000 6.646683 4417.840000 672.416778
3894 -1.140000 6.648639 4420.440000 677.464176
3895 -1.000000 6.636204 4403.920000 676.854467
3896 -0.880000 6.640934 4410.200000 682.384022
3897 -1.000000 6.635722 4403.280000 681.256592
3898 -1.020000 6.632074 4398.440000 678.490140
3899 -1.000000 6.630354 4396.160000 677.762317
3900 -1.140000 6.627488 4392.360000 676.786570
3901 -1.300000 6.628756 4394.040000 677.639922
3902 -1.220000 6.664143 4441.080000 687.370166
3903 -1.340000 6.666543 4444.280000 685.881424
3904 -1.380000 6.672361 4452.040000 684.840324
3905 -1.480000 6.679820 4462.000000 688.625532
3906 -1.480000 6.686793 4471.320000 689.673800
3907 -1.320000 6.667833 4446.000000 684.829206
3908 -1.400000 6.656576 4431.000000 681.920790
3909 -1.580000 6.650985 4423.560000 679.637123
3910 -1.460000 6.652669 4425.800000 675.843390
3911 -1.420000 6.658739 4433.880000 681.002684
3912 -1.340000 6.643222 4413.240000 675.714781
3913 -1.360000 6.652218 4425.200000 675.938518
3914 -1.340000 6.644727 4415.240000 676.939785
3915 -1.240000 6.636023 4403.680000 675.096526
3916 -1.360000 6.622054 4385.160000 674.396085
3917 -1.420000 6.629600 4395.160000 677.437009
3918 -1.540000 6.620906 4383.640000 676.425808
3919 -1.540000 6.610688 4370.120000 675.803474
3920 -1.380000 6.614923 4375.720000 676.208238
3921 -1.420000 6.614076 4374.600000 674.862836
3922 -1.440000 6.617885 4379.640000 671.546486
3923 -1.440000 6.625949 4390.320000 672.470584
3924 -1.540000 6.620483 4383.080000 669.843681
3925 -1.500000 6.622960 4386.360000 671.586505
3926 -1.380000 6.621208 4384.040000 673.037311
3927 -1.500000 6.634244 4401.320000 676.872285
3928 -1.520000 6.642259 4411.960000 676.707541
3929 -1.660000 6.641717 4411.240000 675.492379
3930 -1.700000 6.652669 4425.800000 677.133915
3931 -1.580000 6.647736 4419.240000 675.994982
3932 -1.440000 6.658679 4433.800000 682.073962
3933 -1.520000 6.649331 4421.360000 682.811147
3934 -1.480000 6.639247 4407.960000 675.599883
3935 -1.540000 6.655374 4429.400000 676.071648
3936 -1.240000 6.666423 4444.120000 677.860435
3937 -1.260000 6.650624 4423.080000 673.346462
3938 -1.140000 6.644185 4414.520000 671.704836
3939 -0.940000 6.641717 4411.240000 671.120138
3940 -0.880000 6.645811 4416.680000 670.863928
3941 -0.840000 6.641084 4410.400000 668.437256
3942 -0.940000 6.634184 4401.240000 665.787388
3943 -0.740000 6.657417 4432.120000 674.970731
3944 -0.940000 6.652368 4425.400000 673.731437
3945 -0.980000 6.641837 4411.400000 669.845662
3946 -1.060000 6.630505 4396.360000 667.800346
3947 -1.100000 6.635511 4403.000000 670.207206
3948 -1.100000 6.636415 4404.200000 669.681555
3949 -1.140000 6.649782 4421.960000 673.997865
3950 -1.260000 6.659219 4434.520000 676.779003
3951 -1.340000 6.653931 4427.480000 674.581226
3952 -1.480000 6.647616 4419.080000 670.197098
3953 -1.460000 6.651707 4424.520000 670.390364
3954 -1.380000 6.652969 4426.200000 669.697655
3955 -1.460000 6.667503 4445.560000 675.359059
3956 -1.580000 6.658859 4434.040000 673.873748
3957 -1.600000 6.644757 4415.280000 668.860756
3958 -1.500000 6.657717 4432.520000 673.977400
3959 -1.460000 6.668403 4446.760000 680.808865
3960 -1.440000 6.657237 4431.880000 674.036322
3961 -1.500000 6.642018 4411.640000 668.915118
3962 -1.500000 6.659339 4434.680000 675.277651
3963 -1.540000 6.653510 4426.920000 672.018138
3964 -1.460000 6.656335 4430.680000 673.548987
3965 -1.360000 6.632526 4399.040000 670.204263
3966 -1.360000 6.639367 4408.120000 672.864533
3967 -1.380000 6.653210 4426.520000 673.453288
3968 -1.360000 6.675298 4455.960000 675.922934
3969 -1.480000 6.677005 4458.240000 673.181271
3970 -1.540000 6.659940 4435.480000 669.116465
3971 -1.540000 6.640572 4409.720000 665.092265
3972 -1.520000 6.635571 4403.080000 662.619761
3973 -1.600000 6.637710 4405.920000 663.479237
3974 -1.600000 6.638283 4406.680000 661.893049
3975 -1.480000 6.620332 4382.880000 661.714775
3976 -1.500000 6.616978 4378.440000 661.112393
3977 -1.320000 6.607450 4365.840000 660.713624
3978 -1.380000 6.596393 4351.240000 654.300870
3979 -1.380000 6.612080 4371.960000 657.216509
3980 -1.340000 6.595605 4350.200000 655.212184
3981 -1.400000 6.603151 4360.160000 660.495397
3982 -1.420000 6.618006 4379.800000 659.901841
3983 -1.420000 6.613169 4373.400000 662.540219
3984 -1.280000 6.616313 4377.560000 663.012247
3985 -1.340000 6.601727 4358.280000 662.854840
3986 -1.400000 6.593846 4347.880000 658.153577
3987 -1.180000 6.581033 4331.000000 658.913343
3988 -1.200000 6.561250 4305.000000 654.165902
3989 -1.280000 6.570053 4316.560000 654.268547
3990 -1.380000 6.569475 4315.800000 655.254128
3991 -1.440000 6.572488 4319.760000 659.281802
3992 -1.340000 6.580912 4330.840000 659.715317
3993 -1.420000 6.598939 4354.600000 665.701782
3994 -1.400000 6.595059 4349.480000 664.812139
3995 -1.380000 6.579635 4329.160000 662.012408
3996 -1.360000 6.596150 4350.920000 663.836635
3997 -1.320000 6.600424 4356.560000 660.652204
3998 -1.400000 6.588384 4340.680000 657.640422
3999 -1.260000 6.595119 4349.560000 663.366259
4000 -1.100000 6.592572 4346.200000 661.131867
4001 -1.000000 6.591510 4344.800000 662.352902
4002 -0.900000 6.590448 4343.400000 663.819069
4003 -0.760000 6.589568 4342.240000 666.526201
4004 -0.760000 6.589112 4341.640000 666.961223
4005 -0.860000 6.594998 4349.400000 668.680486
4006 -0.920000 6.604635 4362.120000 668.052994
4007 -1.020000 6.607662 4366.120000 664.292774
4008 -1.040000 6.604998 4362.600000 659.653548
4009 -1.020000 6.606270 4364.280000 659.452111
4010 -1.120000 6.614378 4375.000000 663.665346
4011 -1.040000 6.591510 4344.800000 661.569009
4012 -1.040000 6.590690 4343.720000 660.913508
4013 -1.040000 6.591631 4344.960000 658.681937
4014 -1.140000 6.590387 4343.320000 660.745771
4015 -1.140000 6.600333 4356.440000 664.929362
4016 -1.160000 6.593542 4347.480000 661.782465
4017 -1.240000 6.606300 4364.320000 664.390271
4018 -1.280000 6.603726 4360.920000 662.550407
4019 -1.300000 6.585955 4337.480000 656.597577
4020 -1.380000 6.604998 4362.600000 661.214783
4021 -1.200000 6.596969 4352.000000 657.569732
4022 -1.160000 6.602636 4359.480000 657.184218
4023 -1.040000 6.594240 4348.400000 654.316989
4024 -1.000000 6.574466 4322.360000 646.021058
4025 -1.020000 6.583525 4334.280000 646.253133
4026 -0.960000 6.579696 4329.240000 643.243788
4027 -0.960000 6.592056 4345.520000 648.399350
4028 -0.900000 6.582249 4332.600000 645.258823
4029 -0.900000 6.595362 4349.880000 649.681299
4030 -0.900000 6.587655 4339.720000 650.497813
4031 -0.900000 6.572153 4319.320000 650.621018
4032 -1.080000 6.575135 4323.240000 651.332964
4033 -1.100000 6.581884 4332.120000 651.651773
4034 -1.040000 6.584193 4335.160000 653.808864
4035 -1.040000 6.570540 4317.200000 649.851962
4036 -1.080000 6.580973 4330.920000 653.326104
4037 -1.200000 6.589082 4341.600000 655.294259
4038 -1.200000 6.596878 4351.880000 659.962447
4039 -1.220000 6.609599 4368.680000 662.158168
4040 -1.200000 6.610023 4369.240000 665.312701
4041 -1.160000 6.620755 4383.440000 668.975864
4042 -1.180000 6.612866 4373.000000 667.459563
4043 -1.180000 6.611354 4371.000000 667.140129
4044 -1.060000 6.616253 4377.480000 671.046004
4045 -1.180000 6.615346 4376.280000 671.350418
4046 -1.140000 6.628454 4393.640000 673.355331
4047 -1.000000 6.634516 4401.680000 676.664598
4048 -1.020000 6.637620 4405.800000 672.321652
4049 -0.880000 6.639398 4408.160000 671.773724
4050 -0.760000 6.628575 4393.800000 667.370355
4051 -0.820000 6.640693 4409.880000 672.336723
4052 -0.780000 6.647797 4419.320000 670.692765
4053 -0.840000 6.667773 4445.920000 678.499257
4054 -0.740000 6.683921 4467.480000 684.306454
4055 -0.720000 6.675208 4455.840000 680.498292
4056 -0.600000 6.676137 4457.080000 682.940565
4057 -0.440000 6.661651 4437.760000 676.355887
4058 -0.380000 6.656035 4430.280000 676.421883
4059 -0.340000 6.656095 4430.360000 676.978428
4060 -0.380000 6.651165 4423.800000 676.117787
4061 -0.480000 6.649210 4421.200000 672.755796
4062 -0.360000 6.664563 4441.640000 680.199051
4063 -0.320000 6.657868 4432.720000 679.257214
4064 -0.300000 6.650925 4423.480000 679.876776
4065 -0.420000 6.650263 4422.600000 681.683325
4066 -0.640000 6.637258 4405.320000 678.848764
4067 -0.620000 6.643884 4414.120000 678.682899
4068 -0.560000 6.632918 4399.560000 678.095521
4069 -0.760000 6.625949 4390.320000 676.539347
4070 -0.860000 6.623685 4387.320000 673.378998
4071 -0.860000 6.632435 4398.920000 673.687942
4072 -0.960000 6.635993 4403.640000 670.927154
4073 -0.780000 6.654773 4428.600000 677.093708
4074 -0.960000 6.664203 4441.160000 680.020407
4075 -0.980000 6.666783 4444.600000 682.658331
4076 -1.080000 6.637198 4405.240000 673.613410
4077 -0.920000 6.642831 4412.720000 674.322769
4078 -1.040000 6.623020 4386.440000 669.909644
4079 -1.240000 6.634275 4401.360000 673.169631
4080 -1.280000 6.622960 4386.360000 670.356195
4081 -1.140000 6.619094 4381.240000 668.776692
4082 -1.240000 6.637439 4405.560000 673.580918
4083 -1.020000 6.650143 4422.440000 677.041536
4084 -0.960000 6.640512 4409.640000 677.303125
4085 -1.140000 6.634184 4401.240000 672.246297
4086 -1.200000 6.641897 4411.480000 671.656837
4087 -1.380000 6.659580 4435.000000 676.728987
4088 -1.480000 6.672840 4452.680000 675.176504
4089 -1.460000 6.681587 4464.360000 675.717523
4090 -1.440000 6.685297 4469.320000 677.650428
4091 -1.480000 6.687959 4472.880000 679.347001
4092 -1.500000 6.669063 4447.640000 675.345090
4093 -1.260000 6.664923 4442.120000 673.615963
4094 -1.440000 6.658799 4433.960000 671.345808
4095 -1.380000 6.650744 4423.240000 672.110462
4096 -1.400000 6.654292 4427.960000 674.207523
4097 -1.300000 6.651286 4423.960000 672.389319
4098 -1.300000 6.636415 4404.200000 667.951308
4099 -1.200000 6.639639 4408.480000 668.704628
4100 -1.080000 6.641536 4411.000000 672.580539
4101 -0.960000 6.647225 4418.560000 672.686007
4102 -1.100000 6.643644 4413.800000 672.730405
4103 -1.080000 6.641446 4410.880000 672.522572
4104 -1.140000 6.628092 4393.160000 664.432546
4105 -1.220000 6.629962 4395.640000 664.170974
4106 -1.020000 6.634425 4401.560000 666.410707
4107 -1.020000 6.638343 4406.760000 669.134113
4108 -1.120000 6.641536 4411.000000 669.874948
4109 -1.060000 6.650564 4423.000000 672.661578
4110 -1.100000 6.657898 4432.760000 669.172919
4111 -0.960000 6.653961 4427.520000 668.225158
4112 -1.240000 6.668103 4446.360000 666.666534
4113 -1.360000 6.662192 4438.480000 666.531629
4114 -1.360000 6.658498 4433.560000 667.893073
4115 -1.440000 6.652037 4424.960000 668.708662
4116 -1.320000 6.667143 4445.080000 672.210920
4117 -1.280000 6.674429 4454.800000 675.378818
4118 -1.080000 6.681527 4464.280000 676.347164
4119 -1.080000 6.666693 4444.480000 675.152111
4120 -1.100000 6.664023 4440.920000 673.258093
4121 -1.220000 6.641295 4410.680000 665.420672
4122 -1.320000 6.639608 4408.440000 662.150829
4123 -1.180000 6.638705 4407.240000 663.812827
4124 -1.120000 6.650504 4422.920000 667.427304
4125 -1.100000 6.653150 4426.440000 668.273330
4126 -1.180000 6.654773 4428.600000 667.639053
4127 -1.120000 6.657026 4431.600000 669.771310
4128 -1.100000 6.664263 4441.240000 675.612352
4129 -1.080000 6.675208 4455.840000 678.769164
4130 -1.060000 6.677155 4458.440000 677.038197
4131 -0.900000 6.675298 4455.960000 679.448974
4132 -0.900000 6.676796 4457.960000 680.472605
4133 -0.940000 6.690022 4475.640000 683.524170
4134 -0.960000 6.701671 4491.240000 687.809101
4135 -1.040000 6.719583 4515.280000 695.383715
4136 -0.840000 6.726336 4524.360000 700.190422
4137 -0.880000 6.723868 4521.040000 701.026368
4138 -0.880000 6.735072 4536.120000 706.049418
4139 -0.820000 6.715921 4510.360000 700.024016
4140 -0.800000 6.711036 4503.800000 700.151338
4141 -0.780000 6.725742 4523.560000 704.744421
4142 -0.760000 6.721696 4518.120000 705.208043
4143 -0.580000 6.735726 4537.000000 710.159905
4144 -0.520000 6.744331 4548.600000 714.922265
4145 -0.360000 6.734449 4535.280000 707.267718
4146 -0.360000 6.732993 4533.320000 706.681210
4147 -0.220000 6.732162 4532.200000 709.854809
4148 -0.300000 6.729666 4528.840000 706.420625
4149 -0.440000 6.724284 4521.600000 705.665965
4150 -0.480000 6.706683 4497.960000 699.837840
4151 -0.460000 6.720327 4516.280000 703.137538
4152 -0.360000 6.711930 4505.000000 701.841737
4153 -0.460000 6.714492 4508.440000 699.696715
4154 -0.440000 6.716160 4510.680000 701.853139
4155 -0.300000 6.718780 4514.200000 705.019101
4156 -0.340000 6.709188 4501.320000 701.597820
4157 -0.220000 6.705848 4496.840000 700.892803
4158 -0.220000 6.715266 4509.480000 701.974771
4159 -0.320000 6.716011 4510.480000 703.047657
4160 -0.320000 6.697313 4485.400000 696.722222
4161 -0.340000 6.686853 4471.400000 693.244533
4162 -0.300000 6.666543 4444.280000 690.556776
4163 -0.340000 6.651406 4424.120000 684.245918
4164 -0.340000 6.651947 4424.840000 687.699767
4165 -0.300000 6.638042 4406.360000 687.518235
4166 -0.280000 6.643583 4413.720000 690.708609
4167 -0.240000 6.632104 4398.480000 689.511318
4168 -0.240000 6.624228 4388.040000 687.270043
4169 -0.140000 6.621631 4384.600000 689.772752
4170 -0.200000 6.622598 4385.880000 690.060462
4171 -0.300000 6.621752 4384.760000 686.286720
4172 -0.260000 6.626885 4391.560000 689.468595
4173 -0.200000 6.617915 4379.680000 686.258783
4174 -0.320000 6.615406 4376.360000 686.834522
4175 -0.400000 6.628906 4394.240000 691.525681
4176 -0.200000 6.639729 4408.600000 695.646617
4177 -0.400000 6.643072 4413.040000 691.558530
4178 -0.480000 6.650444 4422.840000 693.093025
4179 -0.480000 6.639518 4408.320000 691.048899
4180 -0.480000 6.649301 4421.320000 694.680436
4181 -0.560000 6.669993 4448.880000 703.219333
4182 -0.320000 6.673260 4453.240000 703.583407
4183 -0.400000 6.688498 4473.600000 706.153473
4184 -0.420000 6.677335 4458.680000 702.017273
4185 -0.340000 6.675478 4456.200000 704.172425
4186 -0.320000 6.665583 4443.000000 702.795703
4187 -0.240000 6.660450 4436.160000 702.729316
4188 -0.400000 6.656576 4431.000000 703.911700
4189 -0.380000 6.664803 4441.960000 704.764037
4190 -0.460000 6.660480 4436.200000 699.634243
4191 -0.560000 6.650053 4422.320000 695.893455
4192 -0.580000 6.655193 4429.160000 695.867472
4193 -0.580000 6.655073 4429.000000 694.935735
4194 -0.660000 6.660721 4436.520000 700.132417
4195 -0.640000 6.660450 4436.160000 700.171845
4196 -0.640000 6.673740 4453.880000 704.663713
4197 -0.540000 6.672361 4452.040000 705.595793
4198 -0.680000 6.669303 4447.960000 702.426989
4199 -0.640000 6.676586 4457.680000 706.373872
4200 -0.720000 6.687271 4471.960000 706.018451
4201 -0.800000 6.660751 4436.560000 699.196327
4202 -0.860000 6.662402 4438.760000 702.651613
4203 -0.960000 6.668613 4447.040000 705.529991
4204 -0.820000 6.657477 4432.200000 704.389438
4205 -0.760000 6.656606 4431.040000 705.646434
4206 -0.600000 6.654112 4427.720000 705.524817
4207 -0.620000 6.659700 4435.160000 709.388011
4208 -0.620000 6.653029 4426.280000 707.688723
4209 -0.580000 6.644246 4414.600000 704.628157
4210 -0.480000 6.638946 4407.560000 704.278656
4211 -0.560000 6.612655 4372.720000 695.554889
4212 -0.700000 6.611777 4371.560000 697.882032
4213 -0.840000 6.622869 4386.240000 701.813910
4214 -0.820000 6.641596 4411.080000 709.557969
4215 -0.760000 6.653420 4426.800000 714.673973
4216 -0.740000 6.643403 4413.480000 709.868774
4217 -0.740000 6.639789 4408.680000 715.102227
4218 -0.720000 6.630264 4396.040000 714.178678
4219 -0.800000 6.644577 4415.040000 717.242630
4220 -0.640000 6.641295 4410.680000 719.215207
4221 -0.420000 6.641416 4410.840000 716.656971
4222 -0.520000 6.645570 4416.360000 713.319279
4223 -0.600000 6.646443 4417.520000 713.845995
4224 -0.660000 6.649000 4420.920000 714.297181
4225 -0.660000 6.649060 4421.000000 717.012233
4226 -0.420000 6.645811 4416.680000 716.096543
4227 -0.380000 6.649541 4421.640000 715.484972
4228 -0.320000 6.661862 4438.040000 720.156482
4229 -0.340000 6.675897 4456.760000 724.166313
4230 -0.340000 6.665223 4442.520000 718.281100
4231 -0.180000 6.674399 4454.760000 722.245445
4232 -0.020000 6.674039 4454.280000 720.417548
4233 -0.100000 6.663302 4439.960000 716.389931
4234 -0.100000 6.668223 4446.520000 722.384346
4235 -0.020000 6.663062 4439.640000 723.069977
4236 0.020000 6.677155 4458.440000 725.162708
4237 -0.120000 6.681676 4464.480000 729.069676
4238 -0.080000 6.680030 4462.280000 731.563861
4239 0.220000 6.696118 4483.800000 738.452221
4240 0.200000 6.685716 4469.880000 734.947570
4241 0.140000 6.692772 4479.320000 737.159477
4242 0.220000 6.698686 4487.240000 737.055849
4243 0.300000 6.709068 4501.160000 739.862115
4244 0.320000 6.713300 4506.840000 738.833213
4245 0.240000 6.699552 4488.400000 737.100297
4246 0.400000 6.706922 4498.280000 740.657811
4247 0.400000 6.698298 4486.720000 739.338211
4248 0.140000 6.711334 4504.200000 742.232393
4249 0.260000 6.717410 4512.360000 746.302318
4250 0.260000 6.719851 4515.640000 750.506987
4251 0.220000 6.710440 4503.000000 748.871140
4252 0.300000 6.713658 4507.320000 749.349481
4253 0.180000 6.719018 4514.520000 748.471978
4254 0.340000 6.725563 4523.320000 748.825131
4255 0.460000 6.728001 4526.600000 751.739151
4256 0.580000 6.724968 4522.520000 750.328972
4257 0.680000 6.720595 4516.640000 746.466792
4258 0.580000 6.722351 4519.000000 743.753696
4259 0.440000 6.720179 4516.080000 743.782619
4260 0.460000 6.722589 4519.320000 743.570243
4261 0.480000 6.744183 4548.400000 749.819560
4262 0.620000 6.756893 4565.560000 753.685998
4263 0.620000 6.763106 4573.960000 752.029421
4264 0.420000 6.769077 4582.040000 754.569108
4265 0.500000 6.752629 4559.800000 749.935770
4266 0.600000 6.749667 4555.800000 749.056801
4267 0.800000 6.746851 4552.000000 744.428968
4268 0.720000 6.750081 4556.360000 745.261013
4269 0.680000 6.764436 4575.760000 752.476583
4270 0.620000 6.759556 4569.160000 752.753950
4271 0.540000 6.769077 4582.040000 755.978994
4272 0.580000 6.763934 4575.080000 755.501846
4273 0.440000 6.762130 4572.640000 755.192500
4274 0.480000 6.751089 4557.720000 754.831515
4275 0.540000 6.748126 4553.720000 752.715874
4276 0.600000 6.753044 4560.360000 752.988242
4277 0.600000 6.739139 4541.600000 751.381388
4278 0.640000 6.743382 4547.320000 755.367205
4279 0.680000 6.729933 4529.200000 756.036559
4280 0.600000 6.742433 4546.040000 761.194259
4281 0.760000 6.733261 4533.680000 761.230778
4282 0.700000 6.729666 4528.840000 761.970693
4283 0.640000 6.740326 4543.200000 765.861459
4284 0.700000 6.732340 4532.440000 761.961848
4285 0.740000 6.720446 4516.440000 759.153199
4286 0.660000 6.730914 4530.520000 762.274706
4287 0.660000 6.731567 4531.400000 760.402727
4288 0.600000 6.749844 4556.040000 761.701441
4289 0.640000 6.750822 4557.360000 760.326441
4290 0.580000 6.758373 4567.560000 762.844246
4291 0.460000 6.738338 4540.520000 753.776115
4292 0.540000 6.737507 4539.400000 748.818487
4293 0.280000 6.733498 4534.000000 745.020842
4294 0.280000 6.728298 4527.000000 739.568762
4295 0.220000 6.750674 4557.160000 745.609562
4296 0.120000 6.762633 4573.320000 746.877624
4297 0.080000 6.766979 4579.200000 750.474269
4298 0.060000 6.769727 4582.920000 750.521012
4299 0.040000 6.769934 4583.200000 750.011600
4300 0.060000 6.768663 4581.480000 745.863724
4301 0.020000 6.759497 4569.080000 742.990781
4302 0.040000 6.768309 4581.000000 748.658431
4303 0.040000 6.783156 4601.120000 756.214940
4304 0.060000 6.781003 4598.200000 751.686485
4305 0.260000 6.789786 4610.120000 756.729135
4306 0.300000 6.805263 4631.160000 763.103072
4307 0.120000 6.786693 4605.920000 757.098029
4308 0.200000 6.795969 4618.520000 757.377565
4309 0.100000 6.776518 4592.120000 750.480818
4310 0.120000 6.772562 4586.760000 744.104814
4311 0.220000 6.765235 4576.840000 742.534402
4312 0.340000 6.781652 4599.080000 750.002428
4313 0.400000 6.783156 4601.120000 751.436274
4314 0.420000 6.785249 4603.960000 752.945713
4315 0.520000 6.781563 4598.960000 754.350778
4316 0.440000 6.798559 4622.040000 756.415954
4317 0.220000 6.801794 4626.440000 761.642676
4318 0.120000 6.830198 4665.160000 764.268816
4319 0.080000 6.836841 4674.240000 763.051645
4320 0.140000 6.817888 4648.360000 757.272694
4321 0.260000 6.819707 4650.840000 753.329980
4322 0.260000 6.818710 4649.480000 754.938770
4323 0.320000 6.828353 4662.640000 756.830373
4324 0.460000 6.814602 4643.880000 751.204364
4325 0.500000 6.825980 4659.400000 751.904791
4326 0.540000 6.840731 4679.560000 758.204468
4327 0.640000 6.825950 4659.360000 755.222956
4328 0.640000 6.826156 4659.640000 759.751059
4329 0.720000 6.805292 4631.200000 755.564814
4330 0.820000 6.803029 4628.120000 756.497004
4331 0.920000 6.821437 4653.200000 761.643294
4332 0.940000 6.825628 4658.920000 764.154391
4333 0.820000 6.819531 4650.600000 764.521055
4334 0.720000 6.826507 4660.120000 763.267151
4335 0.660000 6.820000 4651.240000 759.785418
4336 0.740000 6.806086 4632.280000 758.178912
4337 0.720000 6.806820 4633.280000 758.865254
4338 0.700000 6.802970 4628.040000 759.071388
4339 0.920000 6.811520 4639.680000 761.573616
4340 1.020000 6.810609 4638.440000 761.958183
4341 1.080000 6.816392 4646.320000 764.024555
4342 0.940000 6.824339 4657.160000 767.991071
4343 0.880000 6.806526 4632.880000 765.871309
4344 1.120000 6.806497 4632.840000 766.261347
4345 1.100000 6.787076 4606.440000 762.073606
4346 1.080000 6.794262 4616.200000 759.706425
4347 1.080000 6.792172 4613.360000 760.349988
4348 1.120000 6.793202 4614.760000 760.466461
4349 1.000000 6.808348 4635.360000 762.758547
4350 1.040000 6.802323 4627.160000 765.298061
4351 0.960000 6.814103 4643.200000 765.139204
4352 1.040000 6.814250 4643.400000 767.619370
4353 1.140000 6.810257 4637.960000 766.517270
4354 1.180000 6.820117 4651.400000 771.805300
4355 1.160000 6.795940 4618.480000 765.248819
4356 1.020000 6.788726 4608.680000 762.528142
4357 0.960000 6.775780 4591.120000 757.822424
4358 0.860000 6.775101 4590.200000 754.210474
4359 0.820000 6.764466 4575.800000 749.586085
4360 0.800000 6.768072 4580.680000 751.349951
4361 0.700000 6.778466 4594.760000 752.966040
4362 0.840000 6.788549 4608.440000 755.436744
4363 0.840000 6.808289 4635.280000 759.815857
4364 0.860000 6.813487 4642.360000 759.828797
4365 0.880000 6.821378 4653.120000 765.563995
4366 0.880000 6.815658 4645.320000 760.557829
4367 0.980000 6.828675 4663.080000 764.790929
4368 0.800000 6.826976 4660.760000 764.153236
4369 0.740000 6.823870 4656.520000 764.696308
4370 0.580000 6.813193 4641.960000 760.297218
4371 0.580000 6.798441 4621.880000 757.004537
4372 0.700000 6.783421 4601.480000 749.995746
4373 0.640000 6.782566 4600.320000 750.084330
4374 0.580000 6.794674 4616.760000 753.051468
4375 0.440000 6.794939 4617.120000 753.058356
4376 0.340000 6.795911 4618.440000 748.772720
4377 0.440000 6.798353 4621.760000 747.920950
4378 0.320000 6.800382 4624.520000 746.824383
4379 0.380000 6.794969 4617.160000 740.658263
4380 0.340000 6.812195 4640.600000 744.348074
4381 0.360000 6.812988 4641.680000 750.261704
4382 0.520000 6.810374 4638.120000 748.621237
4383 0.560000 6.804116 4629.600000 748.775499
4384 0.580000 6.810903 4638.840000 750.238397
4385 0.540000 6.834764 4671.400000 757.109608
4386 0.420000 6.844238 4684.360000 757.997266
4387 0.580000 6.839152 4677.400000 758.408593
4388 0.540000 6.849730 4691.880000 757.342860
4389 0.620000 6.842543 4682.040000 757.363582
4390 0.640000 6.854984 4699.080000 763.246716
4391 0.760000 6.868479 4717.600000 770.123916
4392 0.660000 6.872118 4722.600000 773.374577
4393 0.700000 6.866178 4714.440000 770.613425
4394 0.740000 6.853408 4696.920000 764.345140
4395 0.700000 6.852649 4695.880000 762.894480
4396 0.640000 6.867925 4716.840000 766.640353
4397 0.700000 6.881599 4735.640000 769.888760
4398 0.760000 6.888396 4745.000000 770.568640
4399 0.880000 6.868537 4717.680000 764.878466
4400 0.840000 6.864430 4712.040000 766.920174
4401 0.780000 6.862973 4710.040000 765.786990
4402 0.720000 6.868799 4718.040000 770.257772
4403 0.560000 6.881860 4736.000000 774.518395
4404 0.520000 6.866994 4715.560000 769.025384
4405 0.560000 6.874125 4725.360000 771.946653
4406 0.680000 6.885782 4741.400000 775.340137
4407 0.660000 6.883981 4738.920000 777.787776
4408 0.480000 6.869789 4719.400000 772.092587
4409 0.480000 6.874242 4725.520000 775.017434
4410 0.560000 6.883168 4737.800000 779.545983
4411 0.540000 6.878343 4731.160000 776.543033
4412 0.680000 6.872234 4722.760000 775.947974
4413 0.400000 6.871215 4721.360000 774.825406
4414 0.300000 6.862857 4709.880000 770.613469
4415 0.380000 6.872118 4722.600000 777.691805
4416 0.320000 6.867867 4716.760000 778.239802
4417 0.360000 6.865508 4713.520000 774.576143
4418 0.240000 6.861049 4707.400000 771.891845
4419 0.340000 6.854283 4698.120000 772.141467
4420 0.340000 6.854925 4699.000000 774.696042
4421 0.320000 6.849292 4691.280000 774.087117
4422 0.320000 6.848387 4690.040000 770.433464
4423 0.340000 6.852999 4696.360000 769.513949
4424 0.540000 6.846576 4687.560000 769.983092
4425 0.560000 6.837017 4674.480000 765.435345
4426 0.480000 6.856501 4701.160000 771.729971
4427 0.480000 6.848825 4690.640000 766.969059
4428 0.540000 6.846985 4688.120000 769.886453
4429 0.520000 6.846897 4688.000000 771.678337
4430 0.640000 6.837631 4675.320000 768.846907
4431 0.580000 6.837865 4675.640000 765.957996
4432 0.340000 6.835408 4672.280000 763.716114
4433 0.280000 6.839415 4677.760000 763.185748
4434 0.380000 6.852707 4695.960000 769.161383
4435 0.420000 6.857317 4702.280000 771.028811
4436 0.400000 6.846284 4687.160000 767.923116
4437 0.400000 6.876569 4728.720000 775.890481
4438 0.320000 6.882529 4736.920000 777.814478
4439 0.460000 6.889906 4747.080000 783.747670
4440 0.400000 6.906026 4769.320000 791.796192
4441 0.280000 6.902116 4763.920000 795.720942
4442 0.480000 6.894955 4754.040000 788.811429
4443 0.700000 6.906084 4769.400000 794.631630
4444 0.740000 6.928521 4800.440000 795.917679
4445 0.760000 6.937550 4812.960000 799.142937
4446 0.780000 6.923612 4793.640000 794.400824
4447 0.800000 6.933224 4806.960000 794.860915
4448 0.780000 6.926846 4798.120000 792.357750
4449 0.640000 6.935474 4810.080000 794.341408
4450 0.620000 6.914015 4780.360000 785.363221
4451 0.620000 6.908285 4772.440000 783.753780
4452 0.640000 6.928521 4800.440000 786.635036
4453 0.740000 6.925229 4795.880000 784.239793
4454 0.840000 6.926211 4797.240000 787.475585
4455 0.720000 6.935705 4810.400000 788.656221
4456 0.820000 6.964682 4850.680000 796.460953
4457 0.640000 6.965802 4852.240000 798.348405
4458 0.460000 6.962212 4847.240000 799.138302
4459 0.380000 6.966520 4853.240000 798.165531
4460 0.280000 6.960086 4844.280000 794.660126
4461 0.280000 6.958736 4842.400000 797.103412
4462 0.260000 6.950712 4831.240000 795.880859
4463 0.320000 6.939452 4815.600000 792.521506
4464 0.440000 6.926442 4797.560000 791.253661
4465 0.320000 6.915837 4782.880000 792.780928
4466 0.360000 6.925807 4796.680000 797.645305
4467 0.340000 6.946855 4825.880000 803.287551
4468 0.460000 6.948007 4827.480000 806.927491
4469 0.540000 6.950079 4830.360000 809.226854
4470 0.440000 6.938790 4814.680000 807.972428
4471 0.240000 6.930108 4802.640000 803.161052
4472 0.320000 6.930714 4803.480000 800.655706
4473 0.440000 6.943429 4821.120000 805.157551
4474 0.480000 6.945128 4823.480000 806.343158
4475 0.480000 6.935589 4810.240000 806.943582
4476 0.480000 6.927597 4799.160000 802.035497
4477 0.280000 6.941931 4819.040000 805.282841
4478 0.340000 6.929964 4802.440000 801.104949
4479 0.300000 6.929214 4801.400000 798.920850
4480 0.200000 6.927597 4799.160000 796.689098
4481 -0.020000 6.922110 4791.560000 790.498274
4482 0.100000 6.900232 4761.320000 784.072854
4483 0.000000 6.893417 4751.920000 783.398211
4484 0.040000 6.916560 4783.880000 791.817037
4485 0.060000 6.918468 4786.520000 788.165050
4486 0.060000 6.923323 4793.240000 786.008909
4487 0.060000 6.941383 4818.280000 793.911137
4488 0.060000 6.928752 4800.760000 787.979611
4489 0.080000 6.924680 4795.120000 788.703866
4490 0.040000 6.911411 4776.760000 782.872603
4491 0.020000 6.905795 4769.000000 785.965048
4492 0.080000 6.916155 4783.320000 792.188884
4493 0.140000 6.926038 4797.000000 798.438477
4494 0.120000 6.914362 4780.840000 792.473913
4495 0.140000 6.897623 4757.720000 785.518719
4496 0.120000 6.906895 4770.520000 784.129392
4497 0.220000 6.901913 4763.640000 781.138209
4498 0.360000 6.912915 4778.840000 785.952718
4499 0.360000 6.902811 4764.880000 781.930433
4500 0.520000 6.905447 4768.520000 782.741880
4501 0.480000 6.902174 4764.000000 778.200250
4502 0.420000 6.886131 4741.880000 773.965526
4503 0.400000 6.885463 4740.960000 777.565159
4504 0.480000 6.891473 4749.240000 777.512350
4505 0.520000 6.886567 4742.480000 779.330406
4506 0.660000 6.888164 4744.680000 780.469073
4507 0.460000 6.879273 4732.440000 773.646226
4508 0.320000 6.886363 4742.200000 775.922552
4509 0.240000 6.877151 4729.520000 773.800158
4510 0.300000 6.868508 4717.640000 770.500176
4511 0.180000 6.867925 4716.840000 769.960307
4512 0.280000 6.879855 4733.240000 775.911093
4513 0.220000 6.887699 4744.040000 781.075829
4514 0.200000 6.896985 4756.840000 781.574976
4515 0.220000 6.894142 4752.920000 781.807062
4516 0.180000 6.887990 4744.440000 776.172458
4517 0.220000 6.881250 4735.160000 771.994171
4518 0.280000 6.871361 4721.560000 773.231951
4519 0.360000 6.874591 4726.000000 773.513523
4520 0.240000 6.867576 4716.360000 771.523619
4521 0.180000 6.862449 4709.320000 767.234653
4522 0.240000 6.880843 4734.600000 772.511182
4523 0.300000 6.888454 4745.080000 775.612330
4524 0.420000 6.904810 4767.640000 783.291268
4525 0.440000 6.920289 4789.040000 781.795990
4526 0.380000 6.928867 4800.920000 782.567222
4527 0.360000 6.948036 4827.520000 789.836162
4528 0.320000 6.948180 4827.720000 790.226019
4529 0.220000 6.944206 4822.200000 789.912448
4530 0.340000 6.953704 4835.400000 793.897136
4531 0.280000 6.959770 4843.840000 796.560682
4532 0.500000 6.955660 4838.120000 799.112089
4533 0.680000 6.958506 4842.080000 801.390132
4534 0.780000 6.966635 4853.400000 805.394585
4535 0.720000 6.961609 4846.400000 804.031553
4536 0.760000 6.964740 4850.760000 805.820127
4537 0.780000 6.969792 4857.800000 809.421238
4538 0.600000 6.959224 4843.080000 804.188398
4539 0.560000 6.933686 4807.600000 796.415314
4540 0.540000 6.936714 4811.800000 799.200734
4541 0.440000 6.955056 4837.280000 807.691505
4542 0.600000 6.968414 4855.880000 812.487739
4543 0.480000 6.974124 4863.840000 817.151673
4544 0.560000 6.973464 4862.920000 816.315992
4545 0.680000 6.979742 4871.680000 814.702781
4546 0.740000 6.967553 4854.680000 809.243521
4547 0.760000 6.944811 4823.040000 805.355096
4548 0.760000 6.960144 4844.360000 810.093356
4549 0.640000 6.958850 4842.560000 807.843466
4550 0.700000 6.981719 4874.440000 813.430024
4551 0.800000 6.970911 4859.360000 808.551981
4552 0.920000 6.956120 4838.760000 809.582755
4553 0.900000 6.953186 4834.680000 805.739753
4554 0.840000 6.945473 4823.960000 803.580220
4555 0.760000 6.970624 4858.960000 813.336300
4556 0.740000 6.969735 4857.720000 815.519375
4557 0.800000 6.949590 4829.680000 807.377378
4558 0.720000 6.946280 4825.080000 807.030269
4559 0.860000 6.939885 4816.200000 807.943067
4560 0.940000 6.938559 4814.360000 811.725576
4561 0.980000 6.956752 4839.640000 819.839070
4562 1.060000 6.958994 4842.760000 822.268739
4563 1.000000 6.953042 4834.480000 820.055554
4564 1.080000 6.977879 4869.080000 826.741936
4565 1.040000 6.981117 4873.600000 828.710686
4566 1.340000 6.979542 4871.400000 827.341792
4567 1.380000 6.986186 4880.680000 826.784596
4568 1.320000 6.996885 4895.640000 830.878220
4569 1.420000 7.004656 4906.520000 833.331180
4570 1.380000 6.989449 4885.240000 828.490673
4571 1.500000 6.999971 4899.960000 826.989902
4572 1.440000 7.003970 4905.560000 824.344442
4573 1.420000 6.988305 4883.640000 817.739326
4574 1.200000 6.987675 4882.760000 815.196220
4575 1.240000 6.999486 4899.280000 817.948518
4576 1.260000 6.991910 4888.680000 816.573234
4577 1.040000 6.988734 4884.240000 818.224464
4578 1.100000 6.996599 4895.240000 821.300839
4579 1.060000 7.012532 4917.560000 828.529861
4580 1.000000 7.021026 4929.480000 825.284471
4581 0.840000 7.014727 4920.640000 826.898049
4582 0.760000 7.010078 4914.120000 823.446051
4583 0.800000 7.023503 4932.960000 829.792378
4584 0.760000 7.024500 4934.360000 825.247548
4585 0.520000 7.029822 4941.840000 826.331426
4586 0.480000 7.022678 4931.800000 826.023545
4587 0.500000 7.012988 4918.200000 824.841747
4588 0.380000 6.993282 4890.600000 816.796899
4589 0.460000 7.014186 4919.880000 825.584540
4590 0.360000 7.022791 4931.960000 830.307100
4591 0.300000 7.006768 4909.480000 825.227873
4592 0.460000 7.010193 4914.280000 830.963139
4593 0.340000 7.017093 4923.960000 834.881214
4594 0.260000 7.016580 4923.240000 838.265157
4595 0.120000 7.009308 4913.040000 832.691721
4596 0.340000 7.004541 4906.360000 836.430671
4597 0.480000 7.021795 4930.560000 842.201276
4598 0.380000 7.022450 4931.480000 840.869597
4599 0.460000 7.021652 4930.360000 841.867393
4600 0.460000 7.025525 4935.800000 843.551855
4601 0.540000 7.027062 4937.960000 842.187450
4602 0.540000 7.040994 4957.560000 849.970907
4603 0.540000 7.039176 4955.000000 846.070592
4604 0.400000 7.030533 4942.840000 847.234495
4605 0.360000 7.037443 4952.560000 850.573572
4606 0.400000 7.031159 4943.720000 849.978279
4607 0.360000 7.009251 4912.960000 841.999429
4608 0.360000 7.023304 4932.680000 845.563403
4609 0.480000 7.028855 4940.480000 847.651083
4610 0.480000 7.031444 4944.120000 844.052686
4611 0.520000 7.042613 4959.840000 847.904816
4612 0.500000 7.031557 4944.280000 845.986146
4613 0.360000 7.026009 4936.480000 841.279312
4614 0.260000 7.011391 4915.960000 834.614510
4615 0.320000 7.011248 4915.760000 830.834758
4616 0.460000 7.011277 4915.800000 832.984474
4617 0.520000 7.022364 4931.360000 838.702133
4618 0.520000 7.018119 4925.400000 842.355079
4619 0.440000 7.017977 4925.200000 844.812918
4620 0.440000 7.016694 4923.400000 846.797105
4621 0.520000 7.012788 4917.920000 841.642813
4622 0.520000 7.005741 4908.040000 836.596120
4623 0.700000 7.012189 4917.080000 836.128321
4624 0.620000 7.006654 4909.320000 838.123773
4625 0.560000 7.010221 4914.320000 837.627138
4626 0.600000 7.018290 4925.640000 842.291060
4627 0.700000 7.022848 4932.040000 842.116594
4628 0.780000 7.035084 4949.240000 849.672275
4629 0.740000 7.031728 4944.520000 846.067444
4630 0.780000 7.038721 4954.360000 849.854646
4631 0.840000 7.028456 4939.920000 851.180963
4632 1.020000 7.035140 4949.320000 852.930416
4633 0.900000 7.048035 4967.480000 851.296103
4634 0.760000 7.065550 4992.200000 847.350002
4635 0.760000 7.052943 4974.400000 841.364860
4636 0.860000 7.064701 4991.000000 848.072349
4637 0.680000 7.066371 4993.360000 842.957519
4638 0.760000 7.072849 5002.520000 848.293075
4639 0.920000 7.068861 4996.880000 846.392458
4640 0.980000 7.057393 4980.680000 847.731027
4641 0.900000 7.071549 5000.680000 853.550451
4642 0.940000 7.061869 4987.000000 854.735171
4643 0.900000 7.053652 4975.400000 851.370701
4644 0.920000 7.060113 4984.520000 855.187439
4645 1.120000 7.063880 4989.840000 858.787460
4646 1.200000 7.053708 4975.480000 855.588188
4647 1.160000 7.051014 4971.680000 857.306815
4648 1.240000 7.039006 4954.760000 852.641147
4649 1.260000 7.038096 4953.480000 849.583541
4650 1.440000 7.026322 4936.920000 842.657658
4651 1.400000 7.024244 4934.000000 839.118605
4652 1.540000 7.014471 4920.280000 833.280216
4653 1.440000 7.013359 4918.720000 827.395153
4654 1.320000 7.004427 4906.200000 821.286146
4655 1.320000 7.029367 4941.200000 830.224190
4656 1.340000 7.038665 4954.280000 829.863784
4657 1.260000 7.017036 4923.880000 822.178096
4658 1.300000 7.006254 4908.760000 820.072441
4659 1.280000 7.022934 4932.160000 826.502289
4660 1.260000 7.034003 4947.720000 827.856173
4661 1.180000 7.031216 4943.800000 828.402699
4662 1.180000 7.042698 4959.960000 829.532187
4663 1.200000 7.029595 4941.520000 823.693847
4664 1.180000 7.027631 4938.760000 825.858454
4665 1.100000 7.011220 4915.720000 818.426941
4666 1.240000 7.016979 4923.800000 817.053202
4667 1.300000 7.023076 4932.360000 817.510340
4668 1.360000 7.013900 4919.480000 812.797345
4669 1.420000 7.026891 4937.720000 817.800695
4670 1.300000 7.005969 4908.360000 810.461506
4671 1.520000 7.012674 4917.760000 810.961045
4672 1.580000 7.006882 4909.640000 809.485777
4673 1.400000 7.017407 4924.400000 809.143806
4674 1.440000 7.021766 4930.520000 808.183558
4675 1.560000 7.026977 4937.840000 807.080432
4676 1.480000 7.020114 4928.200000 805.137428
4677 1.420000 7.034913 4949.000000 811.662828
4678 1.440000 7.048035 4967.480000 818.334917
4679 1.320000 7.045963 4964.560000 816.308162
4680 1.320000 7.060906 4985.640000 822.920357
4681 1.360000 7.052035 4973.120000 818.905564
4682 1.380000 7.051383 4972.200000 814.916842
4683 1.400000 7.041704 4958.560000 810.052659
4684 1.360000 7.040483 4956.840000 807.506128
4685 1.320000 7.037215 4952.240000 802.437537
4686 1.380000 7.032866 4946.120000 803.941351
4687 1.400000 7.043863 4961.600000 806.698146
4688 1.220000 7.043039 4960.440000 809.972212
4689 1.400000 7.038977 4954.720000 810.678542
4690 1.400000 7.030192 4942.360000 805.367262
4691 1.320000 7.022478 4931.520000 803.493463
4692 1.160000 7.014243 4919.960000 799.897162
4693 1.200000 7.015754 4922.080000 795.414064
4694 1.160000 7.004256 4905.960000 794.975117
4695 1.060000 6.999114 4898.760000 794.761714
4696 1.120000 7.022905 4932.120000 800.615123
4697 1.220000 7.024158 4933.880000 805.850355
4698 1.280000 7.023304 4932.680000 809.458590
4699 1.240000 7.038295 4953.760000 814.532228
4700 1.180000 7.047751 4967.080000 812.683005
4701 1.140000 7.041619 4958.440000 808.146677
4702 1.220000 7.033946 4947.640000 804.980412
4703 1.140000 7.030818 4943.240000 806.521328
4704 1.220000 7.041733 4958.600000 810.243470
4705 1.400000 7.046928 4965.920000 814.663914
4706 1.300000 7.040710 4957.160000 810.512055
4707 1.220000 7.047070 4966.120000 811.998033
4708 1.380000 7.051213 4971.960000 811.696679
4709 1.400000 7.059462 4983.600000 816.697069
4710 1.440000 7.065097 4991.560000 818.189674
4711 1.420000 7.069512 4997.800000 817.862654
4712 1.360000 7.093744 5032.120000 826.904258
4713 1.420000 7.098253 5038.520000 823.252367
4714 1.480000 7.083530 5017.640000 815.883717
4715 1.460000 7.089175 5025.640000 816.328146
4716 1.360000 7.094251 5032.840000 814.967123
4717 1.420000 7.089683 5026.360000 812.129581
4718 1.440000 7.091037 5028.280000 814.550739
4719 1.380000 7.080763 5013.720000 813.997368
4720 1.300000 7.089965 5026.760000 814.590467
4721 1.520000 7.098958 5039.520000 821.741269
4722 1.500000 7.105744 5049.160000 823.115010
4723 1.340000 7.109121 5053.960000 826.348781
4724 1.420000 7.101803 5043.560000 826.329861
4725 1.400000 7.095012 5033.920000 824.253868
4726 1.620000 7.090698 5027.800000 825.237503
4727 1.740000 7.085337 5020.200000 820.998978
4728 1.540000 7.082344 5015.960000 818.165299
4729 1.620000 7.081045 5014.120000 814.525964
4730 1.760000 7.089288 5025.800000 818.647702
4731 1.780000 7.084490 5019.000000 811.286873
4732 1.840000 7.081215 5014.360000 811.648327
4733 1.780000 7.089908 5026.680000 814.202301
4734 1.740000 7.094138 5032.680000 814.608026
4735 1.760000 7.094223 5032.800000 817.336238
4736 1.640000 7.107376 5051.480000 818.592782
4737 1.700000 7.111990 5058.040000 825.332588
4738 1.840000 7.111765 5057.720000 828.345463
4739 1.800000 7.106335 5050.000000 827.786196
4740 1.800000 7.128506 5081.560000 832.105160
4741 1.800000 7.124718 5076.160000 833.263610
4742 1.800000 7.123510 5074.440000 834.808410
4743 1.800000 7.126626 5078.880000 833.427728
4744 1.920000 7.126710 5079.000000 831.392958
4745 1.820000 7.129684 5083.240000 829.177733
4746 1.740000 7.135405 5091.400000 828.067470
4747 1.880000 7.142213 5101.120000 832.187920
4748 2.020000 7.154495 5118.680000 838.094434
4749 2.100000 7.149406 5111.400000 835.678098
4750 2.160000 7.155110 5119.560000 836.131538
4751 2.160000 7.143109 5102.400000 833.146371
4752 2.360000 7.127215 5079.720000 827.757201
4753 2.520000 7.136722 5093.280000 834.008840
4754 2.420000 7.136246 5092.600000 831.366937
4755 2.440000 7.129769 5083.360000 834.503460
4756 2.380000 7.128787 5081.960000 832.778019
4757 2.540000 7.121320 5071.320000 836.455148
4758 2.500000 7.131760 5086.200000 841.454614
4759 2.320000 7.128254 5081.200000 838.334166
4760 2.340000 7.123903 5075.000000 835.662011
4761 2.480000 7.113986 5060.880000 832.468708
4762 2.500000 7.116938 5065.080000 835.505688
4763 2.500000 7.122668 5073.240000 834.092567
4764 2.540000 7.126317 5078.440000 831.543196
4765 2.600000 7.133863 5089.200000 828.526470
4766 2.660000 7.151923 5115.000000 833.589227
4767 2.600000 7.155585 5120.240000 832.971799
4768 2.740000 7.156675 5121.800000 835.163587
4769 2.920000 7.159944 5126.480000 835.527290
4770 2.980000 7.156340 5121.320000 836.843100
4771 3.040000 7.158603 5124.560000 834.863834
4772 3.240000 7.166059 5135.240000 839.811468
4773 3.180000 7.167677 5137.560000 842.333979
4774 2.940000 7.175319 5148.520000 844.712755
4775 3.020000 7.182061 5158.200000 843.995869
4776 2.940000 7.161369 5128.520000 836.926616
4777 3.000000 7.171834 5143.520000 840.202349
4778 3.060000 7.181671 5157.640000 842.527973
4779 2.960000 7.165249 5134.080000 836.317355
4780 3.060000 7.183732 5160.600000 843.804456
4781 3.020000 7.175653 5149.000000 841.568955
4782 3.020000 7.167454 5137.240000 839.442532
4783 3.060000 7.187350 5165.800000 848.717048
4784 3.180000 7.183286 5159.960000 851.420553
4785 3.460000 7.170969 5142.280000 848.143019
4786 3.500000 7.181003 5156.680000 852.024764
4787 3.460000 7.175430 5148.680000 844.813140
4788 3.500000 7.167119 5136.760000 846.984735
4789 3.400000 7.180251 5155.600000 851.789031
4790 3.540000 7.176991 5150.920000 855.451151
4791 3.460000 7.185068 5162.520000 856.012379
4792 3.560000 7.180111 5155.400000 851.090108
4793 3.460000 7.191300 5171.480000 855.801150
4794 3.540000 7.185569 5163.240000 858.734149
4795 3.660000 7.188407 5167.320000 857.684009
4796 3.720000 7.201805 5186.600000 865.880108
4797 3.660000 7.212739 5202.360000 872.360229
4798 3.700000 7.209688 5197.960000 873.458575
4799 3.700000 7.200583 5184.840000 866.014548
4800 3.720000 7.190355 5170.120000 862.865861
4801 3.680000 7.201778 5186.560000 865.392670
4802 3.660000 7.199806 5183.720000 863.858337
4803 3.760000 7.196444 5178.880000 861.773601
4804 3.860000 7.202583 5187.720000 864.166673
4805 3.760000 7.192274 5172.880000 860.598287
4806 3.780000 7.195971 5178.200000 861.483670
4807 3.880000 7.195943 5178.160000 860.257395
4808 3.840000 7.178830 5153.560000 857.764871
4809 3.820000 7.182061 5158.200000 856.645386
4810 3.860000 7.188463 5167.400000 856.912448
4811 3.820000 7.200139 5184.200000 861.088509
4812 3.880000 7.191690 5172.040000 860.466419
4813 4.020000 7.191690 5172.040000 863.742507
4814 3.860000 7.183787 5160.680000 858.585410
4815 3.980000 7.186181 5164.120000 862.987590
4816 3.880000 7.204082 5189.880000 869.302007
4817 3.820000 7.203194 5188.600000 868.622924
4818 3.800000 7.195137 5177.000000 864.591601
4819 3.780000 7.180947 5156.600000 857.098616
4820 3.720000 7.173089 5145.320000 852.649801
4821 3.660000 7.178106 5152.520000 853.568079
4822 3.580000 7.179833 5155.000000 849.650152
4823 3.460000 7.188964 5168.120000 852.776973
4824 3.420000 7.177325 5151.400000 849.250278
4825 3.420000 7.159525 5125.880000 843.515466
4826 3.440000 7.170132 5141.080000 848.440613
4827 3.440000 7.175570 5148.880000 851.075823
4828 3.560000 7.188463 5167.400000 853.869601
4829 3.580000 7.189465 5168.840000 853.351211
4830 3.700000 7.194915 5176.680000 854.008890
4831 3.660000 7.191189 5171.320000 850.009617
4832 3.760000 7.188630 5167.640000 845.155807
4833 3.860000 7.190299 5170.040000 841.856618
4834 3.840000 7.198861 5182.360000 844.393898
4835 3.860000 7.191912 5172.360000 844.265941
4836 3.920000 7.185792 5163.560000 840.960238
4837 3.960000 7.186877 5165.120000 841.695177
4838 3.820000 7.179944 5155.160000 840.797428
4839 3.820000 7.187127 5165.480000 845.968230
4840 3.920000 7.191523 5171.800000 849.491220
4841 3.860000 7.204360 5190.280000 855.868937
4842 4.060000 7.200417 5184.600000 849.953609
4843 4.120000 7.196721 5179.280000 847.858797
4844 4.060000 7.189242 5168.520000 847.117862
4845 4.000000 7.186543 5164.640000 845.347292
4846 3.980000 7.201139 5185.640000 843.193486
4847 3.960000 7.199778 5183.680000 840.666070
4848 3.980000 7.197305 5180.120000 840.700903
4849 4.060000 7.193692 5174.920000 837.863936
4850 4.020000 7.177493 5151.640000 831.799610
4851 4.080000 7.163128 5131.040000 828.755639
4852 4.160000 7.173033 5145.240000 829.396049
4853 4.260000 7.166226 5135.480000 823.752323
4854 4.400000 7.163547 5131.640000 820.487655
4855 4.460000 7.181114 5156.840000 826.828315
4856 4.620000 7.182284 5158.520000 826.351577
4857 4.620000 7.195693 5177.800000 829.963050
4858 4.660000 7.196916 5179.560000 832.002615
4859 4.640000 7.194887 5176.640000 833.472634
4860 4.640000 7.181727 5157.720000 829.971490
4861 4.740000 7.189465 5168.840000 832.815786
4862 4.620000 7.189409 5168.760000 829.764449
4863 4.740000 7.203249 5188.680000 836.148894
4864 4.660000 7.202749 5187.960000 840.332971
4865 4.720000 7.202111 5187.040000 843.702958
4866 4.780000 7.209466 5197.640000 847.441799
4867 4.900000 7.211740 5200.920000 844.018769
4868 4.920000 7.207302 5194.520000 840.719578
4869 4.880000 7.203222 5188.640000 835.346635
4870 4.680000 7.197639 5180.600000 831.668048
4871 4.620000 7.212351 5201.800000 834.621087
4872 4.720000 7.228029 5224.440000 842.402808
4873 4.840000 7.235689 5235.520000 847.443583
4874 4.880000 7.238259 5239.240000 849.605124
4875 4.800000 7.243148 5246.320000 847.894013
4876 5.040000 7.247096 5252.040000 851.436388
4877 5.000000 7.233146 5231.840000 844.826606
4878 5.060000 7.233561 5232.440000 842.329588
4879 5.180000 7.246213 5250.760000 845.233620
4880 5.160000 7.250297 5256.680000 845.449266
4881 5.060000 7.244391 5248.120000 845.089396
4882 5.120000 7.239751 5241.400000 843.161241
4883 4.880000 7.225621 5220.960000 836.701500
4884 4.740000 7.242403 5245.240000 839.176834
4885 4.760000 7.243590 5246.960000 838.956039
4886 4.960000 7.231404 5229.320000 837.879109
4887 5.120000 7.236463 5236.640000 844.188581
4888 5.100000 7.254543 5262.840000 850.048263
4889 5.140000 7.256528 5265.720000 853.746716
4890 5.060000 7.256638 5265.880000 852.153341
4891 5.140000 7.271066 5286.840000 857.943511
4892 5.000000 7.256969 5266.360000 853.252367
4893 4.800000 7.261460 5272.880000 854.574037
4894 4.860000 7.265287 5278.440000 852.099853
4895 4.720000 7.263773 5276.240000 850.965424
4896 4.860000 7.264021 5276.600000 853.069628
4897 4.740000 7.262259 5274.040000 854.569675
4898 4.560000 7.257741 5267.480000 855.450630
4899 4.480000 7.260578 5271.600000 856.326473
4900 4.480000 7.261102 5272.360000 856.871984
4901 4.440000 7.254792 5263.200000 851.890761
4902 4.280000 7.252724 5260.200000 847.964314
4903 4.200000 7.256335 5265.440000 848.904890
4904 4.080000 7.234058 5233.160000 841.007189
4905 3.980000 7.240967 5243.160000 840.339268
4906 3.900000 7.260992 5272.200000 844.225720
4907 3.880000 7.267792 5282.080000 849.619765
4908 3.980000 7.259780 5270.440000 849.191817
4909 3.960000 7.248062 5253.440000 846.715915
4910 3.940000 7.242569 5245.480000 845.282765
4911 3.920000 7.224569 5219.440000 842.453146
4912 3.860000 7.229578 5226.680000 845.774238
4913 4.000000 7.235302 5234.960000 846.790381
4914 3.920000 7.241795 5244.360000 850.967117
4915 3.860000 7.236436 5236.600000 848.341959
4916 3.800000 7.232289 5230.600000 846.944755
4917 3.980000 7.234667 5234.040000 846.176718
4918 4.120000 7.245606 5249.880000 851.701883
4919 4.300000 7.222271 5216.120000 849.377754
4920 4.320000 7.242513 5245.400000 853.626274
4921 4.400000 7.214984 5205.600000 845.815776
4922 4.440000 7.220886 5214.120000 845.561142
4923 4.460000 7.219557 5212.200000 844.322839
4924 4.580000 7.217562 5209.320000 845.563831
4925 4.560000 7.203222 5188.640000 839.202745
4926 4.620000 7.205359 5191.720000 842.662745
4927 4.780000 7.206525 5193.400000 846.292101
4928 4.840000 7.206858 5193.880000 850.435976
4929 4.780000 7.197750 5180.760000 847.884753
4930 4.860000 7.200806 5185.160000 848.051517
4931 5.000000 7.199167 5182.800000 847.046903
4932 5.100000 7.201861 5186.680000 849.724367
4933 5.060000 7.205692 5192.200000 855.453004
4934 5.160000 7.227309 5223.400000 864.188441
4935 5.040000 7.233312 5232.080000 866.607411
4936 5.120000 7.246489 5251.160000 870.753174
4937 5.220000 7.239972 5241.720000 868.258549
4938 5.180000 7.233505 5232.360000 867.165066
4939 5.200000 7.212378 5201.840000 861.917116
4940 5.160000 7.227254 5223.320000 867.123721
4941 5.080000 7.209882 5198.240000 862.837410
4942 5.220000 7.206858 5193.880000 860.321325
4943 5.160000 7.197111 5179.840000 857.414516
4944 5.140000 7.190355 5170.120000 854.577291
4945 5.200000 7.191050 5171.120000 851.459391
4946 5.240000 7.186571 5164.680000 850.673403
4947 5.240000 7.179582 5154.640000 848.780201
4948 5.160000 7.163993 5132.280000 843.101010
4949 5.020000 7.148678 5110.360000 836.160187
4950 5.160000 7.144592 5104.520000 839.499329
4951 5.040000 7.148147 5109.600000 836.877835
4952 5.120000 7.152650 5116.040000 839.117729
4953 5.120000 7.166478 5135.840000 844.350134
4954 5.100000 7.175319 5148.520000 847.777144
4955 4.860000 7.165333 5134.200000 845.781579
4956 4.800000 7.161704 5129.000000 846.350394
4957 4.860000 7.159804 5126.280000 847.577058
4958 4.960000 7.165668 5134.680000 847.668748
4959 4.980000 7.160140 5126.760000 841.834713
4960 5.060000 7.160810 5127.720000 845.319761
4961 5.020000 7.170356 5141.400000 847.889713
4962 5.060000 7.182005 5158.120000 847.800195
4963 4.980000 7.171248 5142.680000 846.918607
4964 4.840000 7.189520 5168.920000 848.706363
4965 4.740000 7.188964 5168.120000 849.176251
4966 4.800000 7.192524 5173.240000 851.846517
4967 4.760000 7.188046 5166.800000 849.987110
4968 4.780000 7.182674 5159.080000 848.647081
4969 4.740000 7.181783 5157.800000 850.288788
4970 4.760000 7.192580 5173.320000 854.999342
4971 4.680000 7.199222 5182.880000 854.353960
4972 4.680000 7.189131 5168.360000 850.722153
4973 4.820000 7.199472 5183.240000 853.021529
4974 4.980000 7.197805 5180.840000 853.195115
4975 4.960000 7.202999 5188.320000 853.176430
4976 4.920000 7.190967 5171.000000 847.493854
4977 4.700000 7.187573 5166.120000 848.948840
4978 4.700000 7.180613 5156.120000 846.438558
4979 4.740000 7.161648 5128.920000 837.513464
4980 4.580000 7.181950 5158.040000 844.301718
4981 4.460000 7.174594 5147.480000 840.039781
4982 4.500000 7.180056 5155.320000 840.744755
4983 4.440000 7.173507 5145.920000 839.149324
4984 4.340000 7.184400 5161.560000 843.843302
4985 4.340000 7.188519 5167.480000 845.357728
4986 4.180000 7.204637 5190.680000 844.078972
4987 4.080000 7.220637 5213.760000 849.878330
4988 4.200000 7.222160 5215.960000 852.487801
4989 4.220000 7.209133 5197.160000 851.302656
4990 4.300000 7.213792 5203.880000 854.596586
4991 4.280000 7.227558 5223.760000 857.373150
4992 4.400000 7.217617 5209.400000 851.484904
4993 4.380000 7.222659 5216.680000 850.296992
4994 4.300000 7.233782 5232.760000 850.723875
4995 4.420000 7.236767 5237.080000 852.607136
4996 4.320000 7.232897 5231.480000 849.104872
4997 4.380000 7.221219 5214.600000 844.885250
4998 4.440000 7.221440 5214.920000 843.578223
4999 4.480000 7.231100 5228.880000 845.729043
5000 4.600000 7.229744 5226.920000 845.737608
5001 4.720000 7.223296 5217.600000 849.995633
5002 4.740000 7.226590 5222.360000 853.160797
5003 4.720000 7.218365 5210.480000 849.568622
5004 4.740000 7.221108 5214.440000 847.198831
5005 4.800000 7.205664 5192.160000 838.515122
5006 4.680000 7.203305 5188.760000 834.875248
5007 4.640000 7.210992 5199.840000 838.012299
5008 4.680000 7.236933 5237.320000 846.529047
5009 4.640000 7.234915 5234.400000 847.609823
5010 4.800000 7.247427 5252.520000 852.090042
5011 4.760000 7.265976 5279.440000 856.886473
5012 4.780000 7.271121 5286.920000 859.490647
5013 4.860000 7.286234 5308.920000 863.756342
5014 4.840000 7.283873 5305.480000 860.231853
5015 4.900000 7.278379 5297.480000 858.569079
5016 4.960000 7.279038 5298.440000 859.502582
5017 5.100000 7.282554 5303.560000 855.958142
5018 5.140000 7.284751 5306.760000 853.127673
5019 5.020000 7.278434 5297.560000 856.677072
5020 4.900000 7.275576 5293.400000 855.904354
5021 4.860000 7.272111 5288.360000 851.598509
5022 4.940000 7.276070 5294.120000 855.142136
5023 4.920000 7.274503 5291.840000 857.115258
5024 4.920000 7.257796 5267.560000 852.803272
5025 4.960000 7.259697 5270.320000 852.501402
5026 4.960000 7.286069 5308.680000 859.830422
5027 4.920000 7.297561 5325.440000 862.733167
5028 4.980000 7.297150 5324.840000 860.303323
5029 4.900000 7.301205 5330.760000 861.330551
5030 4.860000 7.301096 5330.600000 862.595367
5031 4.880000 7.305012 5336.320000 859.739911
5032 4.940000 7.314233 5349.800000 858.024253
5033 5.020000 7.305204 5336.600000 858.104403
5034 4.980000 7.309856 5343.400000 860.023203
5035 5.000000 7.296026 5323.200000 855.730214
5036 4.880000 7.307394 5339.800000 861.347058
5037 4.880000 7.302548 5332.720000 865.755345
5038 4.840000 7.304054 5334.920000 865.852754
5039 4.660000 7.302739 5333.000000 863.960447
5040 4.460000 7.297479 5325.320000 859.945920
5041 4.480000 7.303862 5334.640000 864.030231
5042 4.480000 7.319754 5357.880000 863.420677
5043 4.460000 7.325817 5366.760000 868.292025
5044 4.640000 7.343487 5392.680000 875.465453
5045 4.940000 7.354536 5408.920000 879.273688
5046 4.920000 7.351272 5404.120000 881.204558
5047 4.760000 7.339373 5386.640000 872.728460
5048 4.700000 7.328329 5370.440000 870.793104
5049 4.720000 7.338992 5386.080000 873.701122
5050 4.860000 7.331275 5374.760000 869.283166
5051 4.880000 7.338556 5385.440000 873.100358
5052 4.960000 7.352578 5406.040000 875.134573
5053 4.980000 7.340054 5387.640000 868.182513
5054 5.140000 7.347244 5398.200000 868.877576
5055 5.140000 7.350020 5402.280000 865.404777
5056 5.220000 7.345992 5396.360000 865.463762
5057 5.240000 7.353149 5406.880000 866.263823
5058 5.240000 7.346591 5397.240000 861.313238
5059 5.280000 7.340245 5387.920000 858.681543
5060 5.440000 7.335257 5380.600000 854.713170
5061 5.400000 7.358696 5415.040000 863.939965
5062 5.480000 7.357962 5413.960000 863.136227
5063 5.380000 7.350238 5402.600000 860.104466
5064 5.560000 7.362092 5420.040000 864.171951
5065 5.560000 7.355923 5410.960000 862.361366
5066 5.520000 7.364863 5424.120000 858.714661
5067 5.440000 7.362228 5420.240000 858.319192
5068 5.600000 7.365786 5425.480000 857.582000
5069 5.640000 7.366356 5426.320000 855.203875
5070 5.560000 7.358233 5414.360000 850.834618
5071 5.360000 7.362934 5421.280000 852.916516
5072 5.320000 7.361494 5419.160000 853.330809
5073 5.260000 7.361929 5419.800000 854.627924
5074 5.260000 7.371540 5433.960000 854.417843
5075 5.300000 7.361223 5418.760000 854.679583
5076 5.420000 7.361386 5419.000000 856.986974
5077 5.300000 7.344685 5394.440000 851.513297
5078 5.220000 7.335530 5381.000000 850.603524
5079 5.240000 7.339591 5386.960000 853.733468
5080 5.160000 7.332585 5376.680000 852.707162
5081 4.960000 7.337356 5383.680000 852.537382
5082 5.160000 7.338419 5385.240000 851.671102
5083 5.200000 7.331794 5375.520000 850.126879
5084 5.220000 7.320082 5358.360000 843.181978
5085 5.220000 7.322704 5362.200000 844.294291
5086 5.140000 7.314233 5349.800000 841.115627
5087 5.120000 7.344004 5393.440000 850.588140
5088 5.140000 7.335257 5380.600000 849.765235
5089 5.280000 7.315955 5352.320000 842.941509
5090 5.260000 7.328165 5370.200000 847.753593
5091 5.120000 7.321257 5360.080000 847.696633
5092 5.000000 7.298904 5327.400000 843.488271
5093 4.920000 7.281154 5301.520000 840.627840
5094 4.940000 7.282994 5304.200000 841.803804
5095 4.900000 7.279863 5299.640000 838.463706
5096 4.940000 7.279753 5299.480000 840.465074
5097 5.020000 7.286453 5309.240000 843.158947
5098 5.100000 7.277994 5296.920000 838.679548
5099 5.300000 7.284586 5306.520000 839.763774
5100 5.220000 7.292050 5317.400000 843.404291
5101 5.300000 7.283598 5305.080000 843.945366
5102 5.460000 7.261763 5273.320000 834.917176
5103 5.240000 7.260083 5270.880000 834.134780
5104 5.300000 7.265177 5278.280000 836.988145
5105 5.460000 7.259063 5269.400000 835.172650
5106 5.480000 7.251234 5258.040000 837.589002
5107 5.460000 7.253992 5262.040000 839.749046
5108 5.480000 7.237983 5238.840000 833.191250
5109 5.420000 7.260331 5271.240000 839.315257
5110 5.280000 7.249359 5255.320000 837.697245
5111 5.200000 7.238066 5238.960000 833.470340
5112 5.100000 7.238867 5240.120000 834.950124
5113 5.160000 7.232538 5230.960000 834.277903
5114 5.180000 7.242182 5244.920000 838.646923
5115 5.260000 7.244225 5247.880000 835.393932
5116 5.200000 7.260331 5271.240000 840.012800
5117 5.260000 7.273266 5290.040000 844.597630
5118 5.300000 7.273651 5290.600000 846.674109
5119 5.260000 7.270846 5286.520000 843.367181
5120 5.280000 7.274091 5291.240000 846.729584
5121 5.200000 7.277197 5295.760000 848.344196
5122 5.220000 7.276620 5294.920000 848.973439
5123 5.320000 7.283461 5304.880000 851.537314
5124 5.400000 7.303177 5333.640000 859.373800
5125 5.600000 7.302548 5332.720000 861.847005
5126 5.420000 7.308433 5341.320000 865.864274
5127 5.560000 7.320820 5359.440000 870.778768
5128 5.480000 7.297808 5325.800000 864.572207
5129 5.400000 7.308680 5341.680000 864.059378
5130 5.400000 7.293915 5320.120000 856.664110
5131 5.460000 7.301589 5331.320000 860.097678
5132 5.420000 7.283928 5305.560000 857.769126
5133 5.420000 7.291996 5317.320000 859.286481
5134 5.420000 7.285849 5308.360000 855.540254
5135 5.360000 7.279615 5299.280000 856.473631
5136 5.480000 7.281291 5301.720000 850.456720
5137 5.620000 7.275246 5292.920000 845.851776
5138 5.640000 7.285081 5307.240000 849.986631
5139 5.540000 7.299178 5327.800000 854.190755
5140 5.600000 7.297260 5325.000000 850.725007
5141 5.700000 7.314889 5350.760000 855.408664
5142 5.600000 7.324725 5365.160000 856.763672
5143 5.580000 7.315436 5351.560000 849.877145
5144 5.600000 7.330184 5373.160000 853.834476
5145 5.500000 7.315709 5351.960000 845.678482
5146 5.420000 7.316147 5352.600000 847.762275
5147 5.360000 7.302438 5332.560000 840.282003
5148 5.360000 7.305368 5336.840000 841.026188
5149 5.320000 7.300247 5329.360000 842.524752
5150 5.340000 7.291996 5317.320000 840.027264
5151 5.340000 7.279698 5299.400000 832.362944
5152 5.300000 7.294683 5321.240000 837.058127
5153 5.200000 7.306600 5338.640000 837.818869
5154 5.100000 7.310513 5344.360000 841.408739
5155 5.100000 7.313412 5348.600000 843.808488
5156 5.100000 7.318224 5355.640000 845.048387
5157 5.120000 7.314588 5350.320000 844.843592
5158 5.260000 7.315053 5351.000000 841.941430
5159 5.320000 7.317158 5354.080000 844.440290
5160 5.520000 7.310349 5344.120000 848.161921
5161 5.640000 7.310704 5344.640000 848.804946
5162 5.720000 7.317623 5354.760000 852.744927
5163 5.740000 7.316420 5353.000000 851.199635
5164 5.700000 7.300219 5329.320000 847.933988
5165 5.620000 7.297205 5324.920000 843.130023
5166 5.580000 7.306901 5339.080000 846.558227
5167 5.460000 7.301918 5331.800000 844.826251
5168 5.400000 7.305258 5336.680000 841.672575
5169 5.460000 7.307175 5339.480000 839.565677
5170 5.540000 7.302356 5332.440000 837.656975
5171 5.600000 7.294820 5321.440000 832.590270
5172 5.480000 7.282500 5303.480000 825.031753
5173 5.560000 7.279231 5298.720000 825.977123
5174 5.620000 7.279918 5299.720000 824.685435
5175 5.800000 7.277912 5296.800000 828.528271
5176 6.000000 7.267324 5281.400000 824.431643
5177 6.100000 7.266719 5280.520000 823.126011
5178 6.120000 7.258567 5268.680000 820.377187
5179 6.140000 7.269691 5284.840000 819.596795
5180 5.940000 7.278928 5298.280000 817.142441
5181 5.960000 7.271589 5287.600000 815.709707
5182 6.100000 7.282664 5303.720000 820.302892
5183 6.120000 7.269388 5284.400000 814.703064
5184 6.220000 7.272221 5288.520000 817.472450
5185 6.000000 7.271369 5287.280000 816.372811
5186 5.980000 7.297863 5325.880000 824.998778
5187 6.120000 7.301233 5330.800000 829.524125
5188 6.100000 7.307558 5340.040000 829.547485
5189 5.920000 7.317595 5354.720000 831.484948
5190 5.900000 7.330566 5373.720000 835.348543
5191 5.780000 7.327073 5368.600000 831.694480
5192 5.840000 7.327564 5369.320000 832.750673
5193 5.860000 7.328984 5371.400000 834.141710
5194 5.860000 7.309200 5342.440000 828.131704
5195 5.800000 7.326991 5368.480000 831.485744
5196 5.820000 7.314397 5350.040000 827.329944
5197 5.660000 7.324234 5364.440000 829.189105
5198 5.620000 7.336130 5381.880000 834.342455
5199 5.640000 7.311689 5346.080000 828.608050
5200 5.600000 7.326145 5367.240000 829.937981
5201 5.580000 7.333730 5378.360000 831.109680
5202 5.720000 7.344740 5394.520000 833.269830
5203 5.760000 7.356140 5411.280000 839.360531
5204 5.640000 7.350673 5403.240000 837.407579
5205 5.420000 7.350184 5402.520000 833.026585
5206 5.620000 7.369586 5431.080000 841.184451
5207 5.480000 7.372435 5435.280000 836.500923
5208 5.580000 7.377235 5442.360000 841.386141
5209 5.660000 7.377018 5442.040000 842.647560
5210 5.760000 7.372679 5435.640000 841.917086
5211 5.760000 7.371784 5434.320000 844.036933
5212 5.780000 7.370455 5432.360000 847.679538
5213 5.740000 7.372734 5435.720000 850.324856
5214 5.720000 7.378970 5444.920000 851.299771
5215 5.660000 7.377018 5442.040000 851.718318
5216 5.640000 7.368392 5429.320000 849.463068
5217 5.640000 7.365541 5425.120000 846.170218
5218 5.640000 7.365080 5424.440000 841.640460
5219 5.560000 7.352007 5405.200000 840.920099
5220 5.420000 7.349204 5401.080000 840.541265
5221 5.520000 7.365053 5424.400000 850.707299
5222 5.480000 7.368121 5428.920000 853.422181
5223 5.520000 7.388586 5459.120000 859.277316
5224 5.560000 7.404080 5482.040000 862.872525
5225 5.580000 7.405106 5483.560000 861.687068
5226 5.740000 7.404350 5482.440000 863.716266
5227 5.860000 7.398784 5474.200000 858.215400
5228 5.780000 7.396080 5470.200000 856.125751
5229 5.840000 7.381274 5448.320000 854.741138
5230 5.980000 7.377615 5442.920000 855.552449
5231 5.860000 7.382222 5449.720000 853.097597
5232 5.820000 7.387855 5458.040000 854.249920
5233 5.740000 7.384876 5453.640000 852.394903
5234 5.760000 7.395323 5469.080000 851.784126
5235 5.800000 7.386907 5456.640000 847.509314
5236 5.800000 7.393916 5467.000000 848.240365
5237 5.800000 7.389668 5460.720000 850.992646
5238 5.780000 7.390886 5462.520000 854.424302
5239 5.680000 7.388423 5458.880000 852.909272
5240 5.520000 7.396296 5470.520000 855.284195
5241 5.520000 7.393781 5466.800000 857.182770
5242 5.340000 7.404188 5482.200000 861.779683
5243 5.480000 7.429132 5519.200000 870.645556
5244 5.460000 7.422641 5509.560000 866.415002
5245 5.340000 7.416118 5499.880000 864.717214
5246 5.280000 7.421132 5507.320000 864.570337
5247 5.420000 7.410452 5491.480000 863.900289
5248 5.440000 7.406457 5485.560000 864.364021
5249 5.480000 7.388640 5459.200000 855.045060
5250 5.420000 7.398081 5473.160000 854.202728
5251 5.480000 7.424392 5512.160000 863.283947
5252 5.560000 7.410776 5491.960000 856.938177
5253 5.620000 7.401540 5478.280000 855.933598
5254 5.520000 7.405376 5483.960000 857.484924
5255 5.540000 7.423395 5510.680000 864.309750
5256 5.600000 7.427166 5516.280000 868.328960
5257 5.680000 7.439194 5534.160000 869.999619
5258 5.480000 7.436101 5529.560000 866.472524
5259 5.600000 7.455146 5557.920000 873.378169
5260 5.740000 7.458391 5562.760000 874.634732
5261 5.820000 7.456246 5559.560000 876.886971
5262 5.780000 7.463056 5569.720000 877.557172
5263 5.820000 7.458230 5562.520000 871.221673
5264 5.640000 7.459088 5563.800000 873.849315
5265 5.580000 7.456299 5559.640000 867.656377
5266 5.500000 7.443789 5541.000000 861.802132
5267 5.520000 7.450745 5551.360000 862.875082
5268 5.500000 7.448463 5547.960000 861.541869
5269 5.480000 7.440376 5535.920000 860.000065
5270 5.320000 7.456246 5559.560000 862.028265
5271 5.220000 7.444058 5541.400000 859.955495
5272 5.280000 7.452704 5554.280000 866.167877
5273 5.320000 7.462707 5569.200000 869.787937
5274 5.380000 7.458981 5563.640000 867.190720
5275 5.340000 7.459088 5563.800000 865.877554
5276 5.280000 7.462198 5568.440000 863.518072
5277 5.120000 7.459598 5564.560000 863.293039
5278 5.120000 7.448570 5548.120000 858.558052
5279 5.240000 7.436720 5530.480000 855.657039
5280 5.240000 7.424204 5511.880000 849.847043
5281 5.260000 7.425443 5513.720000 853.045510
5282 5.100000 7.431743 5523.080000 854.164179
5283 4.920000 7.428109 5517.680000 853.653697
5284 4.820000 7.420108 5505.800000 850.032191
5285 4.580000 7.430989 5521.960000 854.340961
5286 4.680000 7.440296 5535.800000 857.552438
5287 4.760000 7.426709 5515.600000 858.889688
5288 4.800000 7.414607 5497.640000 853.061303
5289 4.600000 7.402000 5478.960000 847.462364
5290 4.580000 7.394025 5467.160000 843.533504
5291 4.600000 7.383658 5451.840000 841.421083
5292 4.620000 7.375446 5439.720000 843.270891
5293 4.620000 7.378916 5444.840000 847.662960
5294 4.600000 7.384985 5453.800000 845.995546
5295 4.620000 7.392347 5464.680000 848.977361
5296 4.600000 7.386718 5456.360000 848.254716
5297 4.660000 7.388017 5458.280000 849.413890
5298 4.580000 7.390832 5462.440000 848.675033
5299 4.560000 7.390589 5462.080000 849.523122
5300 4.600000 7.392672 5465.160000 844.880242
5301 4.620000 7.414445 5497.400000 849.938278
5302 4.500000 7.405701 5484.440000 847.755720
5303 4.500000 7.428243 5517.880000 852.448203
5304 4.500000 7.424473 5512.280000 853.248028
5305 4.600000 7.422991 5510.080000 855.068596
5306 4.620000 7.422318 5509.080000 855.096940
5307 4.520000 7.442795 5539.520000 861.165401
5308 4.400000 7.441102 5537.000000 858.944835
5309 4.360000 7.434460 5527.120000 860.992549
5310 4.320000 7.445186 5543.080000 863.474079
5311 4.300000 7.447228 5546.120000 864.803756
5312 4.300000 7.442123 5538.520000 868.120765
5313 4.380000 7.432281 5523.880000 864.869449
5314 4.320000 7.416819 5500.920000 859.586804
5315 4.420000 7.403972 5481.880000 855.947447
5316 4.640000 7.395377 5469.160000 856.778000
5317 4.620000 7.403053 5480.520000 860.662864
5318 4.700000 7.395918 5469.960000 862.711191
5319 4.600000 7.403945 5481.840000 861.214481
5320 4.540000 7.416225 5500.040000 863.505049
5321 4.660000 7.422318 5509.080000 863.241422
5322 4.700000 7.443682 5540.840000 869.718480
5323 4.820000 7.450289 5550.680000 870.602739
5324 4.980000 7.457587 5561.560000 874.833204
5325 5.160000 7.461528 5567.440000 877.320665
5326 5.120000 7.466914 5575.480000 877.009518
5327 5.280000 7.476630 5590.000000 881.449621
5328 5.260000 7.489860 5609.800000 887.226847
5329 5.180000 7.488792 5608.200000 890.049298
5330 5.080000 7.481791 5597.720000 886.494395
5331 5.200000 7.487429 5606.160000 885.322422
5332 5.260000 7.491355 5612.040000 891.139725
5333 5.240000 7.487429 5606.160000 891.050395
5334 5.340000 7.498400 5622.600000 893.351407
5335 5.400000 7.492716 5614.080000 893.650361
5336 5.300000 7.481470 5597.240000 885.526480
5337 5.200000 7.467208 5575.920000 880.194006
5338 5.240000 7.469003 5578.600000 876.797734
5339 4.940000 7.467985 5577.080000 871.443270
5340 4.800000 7.447980 5547.240000 862.905531
5341 4.780000 7.441908 5538.200000 864.314486
5342 4.660000 7.435079 5528.040000 862.890367
5343 4.620000 7.442446 5539.000000 865.711300
5344 4.500000 7.439919 5535.240000 859.616184
5345 4.460000 7.425766 5514.200000 852.660900
5346 4.180000 7.433196 5525.240000 855.943079
5347 4.080000 7.416145 5499.920000 849.662748
5348 4.100000 7.413150 5495.480000 852.547470
5349 4.100000 7.419784 5505.320000 856.241051
5350 4.140000 7.419191 5504.440000 852.812014
5351 4.100000 7.425497 5513.800000 851.632518
5352 4.100000 7.419137 5504.360000 849.866674
5353 4.180000 7.409103 5489.480000 849.270054
5354 4.160000 7.401000 5477.480000 844.360003
5355 4.100000 7.405863 5484.680000 847.139775
5356 4.280000 7.410830 5492.040000 850.537539
5357 4.320000 7.396486 5470.800000 846.938568
5358 4.400000 7.396026 5470.120000 844.103685
5359 4.220000 7.406565 5485.720000 847.925772
5360 4.340000 7.403594 5481.320000 846.063729
5361 4.340000 7.412125 5493.960000 849.179211
5362 4.520000 7.420916 5507.000000 853.751939
5363 4.480000 7.437096 5531.040000 856.742216
5364 4.480000 7.428513 5518.280000 853.350888
5365 4.420000 7.431043 5522.040000 851.378898
5366 4.240000 7.432066 5523.560000 846.257865
5367 4.100000 7.436263 5529.800000 846.630657
5368 4.120000 7.450772 5551.400000 850.446795
5369 3.960000 7.448543 5548.080000 845.648962
5370 4.020000 7.455924 5559.080000 849.369747
5371 4.140000 7.451148 5551.960000 846.171589
5372 4.180000 7.457265 5561.080000 844.202132
5373 4.220000 7.453026 5554.760000 845.322294
5374 4.300000 7.465735 5573.720000 850.944997
5375 4.300000 7.469056 5578.680000 845.431743
5376 4.280000 7.464181 5571.400000 844.704796
5377 4.180000 7.472697 5584.120000 850.599938
5378 4.200000 7.485640 5603.480000 856.014605
5379 4.140000 7.482379 5598.600000 851.284575
5380 4.180000 7.480508 5595.800000 850.709461
5381 4.380000 7.471144 5581.800000 846.063946
5382 4.200000 7.472215 5583.400000 844.498406
5383 4.180000 7.473286 5585.000000 842.797851
5384 4.300000 7.468253 5577.480000 843.354049
5385 4.360000 7.473741 5585.680000 846.919393
5386 4.360000 7.467342 5576.120000 843.049544
5387 4.400000 7.477433 5591.200000 843.118147
5388 4.460000 7.483128 5599.720000 841.904281
5389 4.380000 7.483128 5599.720000 842.834852
5390 4.320000 7.493491 5615.240000 842.872179
5391 4.280000 7.517766 5651.680000 854.541272
5392 4.380000 7.519707 5654.600000 854.376193
5393 4.460000 7.513481 5645.240000 852.823316
5394 4.480000 7.538037 5682.200000 861.123429
5395 4.380000 7.529276 5669.000000 856.638009
5396 4.460000 7.536232 5679.480000 858.800733
5397 4.600000 7.539655 5684.640000 859.398912
5398 4.500000 7.548695 5698.280000 860.694813
5399 4.640000 7.526699 5665.120000 853.121316
5400 4.620000 7.525716 5663.640000 854.328513
5401 4.700000 7.523696 5660.600000 855.282790
5402 4.860000 7.525663 5663.560000 859.658487
5403 4.940000 7.520718 5656.120000 858.188807
5404 4.860000 7.542175 5688.440000 865.047975
5405 4.820000 7.540000 5685.160000 862.557315
5406 4.760000 7.547105 5695.880000 863.954014
5407 4.840000 7.559630 5714.800000 871.546555
5408 4.800000 7.563571 5720.760000 874.584373
5409 4.900000 7.561825 5718.120000 872.557316
5410 4.780000 7.572978 5735.000000 876.548123
5411 4.880000 7.562222 5718.720000 873.623768
5412 4.980000 7.565739 5724.040000 876.743553
5413 4.960000 7.582031 5748.720000 881.024914
5414 5.020000 7.581055 5747.240000 880.641641
5415 4.900000 7.595025 5768.440000 886.579431
5416 4.900000 7.598605 5773.880000 885.062790
5417 4.900000 7.593023 5765.400000 884.711673
5418 5.000000 7.603710 5781.640000 890.615440
5419 4.920000 7.611412 5793.360000 888.708720
5420 5.140000 7.602868 5780.360000 882.627383
5421 5.000000 7.600684 5777.040000 880.616440
5422 5.000000 7.614434 5797.960000 880.813606
5423 5.100000 7.608600 5789.080000 878.644791
5424 5.100000 7.622677 5810.520000 882.863457
5425 4.980000 7.621732 5809.080000 883.232665
5426 4.860000 7.620787 5807.640000 880.670278
5427 4.760000 7.637644 5833.360000 884.280619
5428 4.700000 7.639555 5836.280000 885.759486
5429 4.600000 7.637225 5832.720000 881.222930
5430 4.600000 7.656083 5861.560000 887.283508
5431 4.660000 7.659739 5867.160000 887.331949
5432 4.720000 7.646463 5846.840000 882.392110
5433 4.680000 7.628421 5819.280000 873.710764
5434 4.720000 7.631592 5824.120000 877.677726
5435 4.720000 7.636753 5832.000000 877.651188
5436 4.660000 7.645365 5845.160000 881.438786
5437 4.680000 7.641413 5839.120000 877.579812
5438 4.660000 7.651065 5853.880000 881.616235
5439 4.720000 7.652973 5856.800000 881.239221
5440 4.720000 7.635417 5829.960000 874.303283
5441 4.780000 7.635575 5830.200000 874.406188
5442 4.740000 7.630596 5822.600000 872.018644
5443 4.820000 7.614854 5798.600000 866.742809
5444 4.760000 7.634474 5828.520000 871.223252
5445 4.760000 7.638324 5834.400000 867.058671
5446 4.800000 7.646254 5846.520000 869.822473
5447 4.860000 7.648817 5850.440000 870.509030
5448 5.000000 7.645731 5845.720000 870.157991
5449 5.040000 7.642146 5840.240000 871.647501
5450 5.180000 7.629495 5820.920000 869.403758
5451 5.160000 7.641623 5839.440000 872.513813
5452 5.160000 7.637617 5833.320000 874.670679
5453 5.220000 7.639188 5835.720000 874.421706
5454 5.080000 7.625772 5815.240000 867.695442
5455 5.120000 7.644658 5844.080000 874.665761
5456 5.200000 7.647352 5848.200000 875.638020
5457 5.300000 7.661097 5869.240000 879.163529
5458 5.260000 7.667412 5878.920000 880.308631
5459 5.200000 7.652398 5855.920000 878.293543
5460 5.140000 7.664072 5873.800000 880.395329
5461 5.320000 7.651562 5854.640000 880.760862
5462 5.300000 7.654149 5858.600000 883.404214
5463 5.320000 7.670828 5884.160000 890.677031
5464 5.160000 7.663341 5872.680000 887.211563
5465 5.220000 7.670072 5883.000000 894.338190
5466 5.380000 7.692620 5917.640000 903.953820
5467 5.280000 7.685155 5906.160000 906.201098
5468 5.240000 7.684087 5904.520000 906.934956
5469 5.120000 7.663106 5872.320000 899.016782
5470 5.140000 7.682578 5902.200000 905.176508
5471 5.060000 7.674034 5889.080000 901.407974
5472 5.200000 7.666003 5876.760000 896.785416
5473 5.260000 7.668716 5880.920000 896.964812
5474 5.260000 7.672835 5887.240000 899.188322
5475 5.360000 7.681614 5900.720000 901.961831
5476 5.320000 7.675806 5891.800000 897.975826
5477 5.300000 7.677213 5893.960000 898.091424
5478 5.500000 7.666316 5877.240000 892.625197
5479 5.500000 7.670385 5883.480000 895.862280
5480 5.440000 7.663028 5872.200000 892.228765
5481 5.360000 7.672079 5886.080000 895.774790
5482 5.460000 7.673565 5888.360000 896.156076
5483 5.480000 7.662115 5870.800000 887.673645
5484 5.500000 7.666003 5876.760000 886.212432
5485 5.600000 7.656265 5861.840000 883.061045
5486 5.340000 7.653052 5856.920000 881.209170
5487 5.220000 7.661566 5869.960000 880.231697
5488 5.180000 7.664490 5874.440000 883.633787
5489 4.980000 7.652738 5856.440000 876.780152
5490 4.940000 7.643847 5842.840000 870.053574
5491 4.740000 7.640026 5837.000000 866.674535
5492 4.720000 7.634108 5827.960000 867.161341
5493 4.880000 7.641937 5839.920000 870.798819
5494 4.840000 7.648242 5849.560000 870.976920
5495 4.940000 7.643533 5842.360000 869.678401
5496 5.000000 7.637617 5833.320000 868.307282
5497 5.020000 7.636779 5832.040000 864.514559
5498 5.140000 7.627922 5818.520000 863.040696
5499 5.100000 7.611702 5793.800000 862.308236
5500 5.060000 7.591706 5763.400000 856.489595
5501 5.200000 7.586831 5756.000000 858.565758
5502 5.220000 7.604183 5782.360000 863.696233
5503 5.240000 7.612148 5794.480000 869.964591
5504 5.140000 7.602394 5779.640000 868.521912
5505 5.300000 7.624408 5813.160000 874.745364
5506 5.420000 7.629338 5820.680000 873.669186
5507 5.420000 7.626611 5816.520000 874.634669
5508 5.360000 7.617690 5802.920000 870.007590
5509 5.300000 7.618688 5804.440000 872.088996
5510 5.340000 7.626664 5816.600000 874.454451
5511 5.280000 7.634239 5828.160000 878.191319
5512 5.340000 7.630282 5822.120000 875.754055
5513 5.320000 7.624907 5813.920000 873.037324
5514 5.440000 7.629443 5820.840000 875.220153
5515 5.480000 7.615826 5800.080000 871.502281
5516 5.600000 7.605025 5783.640000 872.000375
5517 5.740000 7.604393 5782.680000 875.087677
5518 5.700000 7.605708 5784.680000 872.366020
5519 5.820000 7.601500 5778.280000 869.997495
5520 6.080000 7.594919 5768.280000 868.890403
5521 6.080000 7.589835 5760.560000 870.353166
5522 6.260000 7.579367 5744.680000 865.261956
5523 6.320000 7.582823 5749.920000 866.519116
5524 6.420000 7.573295 5735.480000 862.491315
5525 6.680000 7.579710 5745.200000 865.319746
5526 6.820000 7.594182 5767.160000 870.568295
5527 6.820000 7.599763 5775.640000 871.562116
5528 6.760000 7.610020 5791.240000 876.464102
5529 6.820000 7.608390 5788.760000 872.150100
5530 6.760000 7.594024 5766.920000 866.403160
5531 6.780000 7.589545 5760.120000 861.596180
5532 6.780000 7.578258 5743.000000 858.493181
5533 6.860000 7.579578 5745.000000 859.409178
5534 7.020000 7.599816 5775.720000 869.491384
5535 7.000000 7.600895 5777.360000 864.994029
5536 6.980000 7.609862 5791.000000 868.050965
5537 6.800000 7.602736 5780.160000 863.954340
5538 6.660000 7.619423 5805.560000 865.943105
5539 6.880000 7.614618 5798.240000 867.396977
5540 6.840000 7.621207 5808.280000 868.405156
5541 6.960000 7.619554 5805.760000 865.307466
5542 7.020000 7.630177 5821.960000 866.131685
5543 7.120000 7.636229 5831.200000 868.333093
5544 7.120000 7.631802 5824.440000 870.455654
5545 6.900000 7.636413 5831.480000 871.307056
5546 6.880000 7.646463 5846.840000 873.991056
5547 6.820000 7.646882 5847.480000 874.497892
5548 6.900000 7.628971 5820.120000 867.627637
5549 6.960000 7.624434 5813.200000 864.778233
5550 7.040000 7.615064 5798.920000 859.098720
5551 6.960000 7.623595 5811.920000 862.532013
5552 7.080000 7.622204 5809.800000 865.198038
5553 7.060000 7.633636 5827.240000 869.943852
5554 7.120000 7.641387 5839.080000 871.083651
5555 7.100000 7.642487 5840.760000 875.828303
5556 7.040000 7.641440 5839.160000 876.904843
5557 7.120000 7.654593 5859.280000 882.297842
5558 7.220000 7.646254 5846.520000 878.831008
5559 7.420000 7.641387 5839.080000 879.647580
5560 7.500000 7.642120 5840.200000 880.565602
5561 7.600000 7.643193 5841.840000 881.033115
5562 7.740000 7.654410 5859.000000 884.108896
5563 7.620000 7.653104 5857.000000 885.764834
5564 7.680000 7.651745 5854.920000 880.697462
5565 7.780000 7.657911 5864.360000 882.106596
5566 7.840000 7.641754 5839.640000 877.879118
5567 7.900000 7.642748 5841.160000 881.641984
5568 7.980000 7.617952 5803.320000 875.460244
5569 7.960000 7.617874 5803.200000 878.219151
5570 8.060000 7.627870 5818.440000 882.963416
5571 8.040000 7.617559 5802.720000 879.537307
5572 8.140000 7.617900 5803.240000 881.892247
5573 8.300000 7.606550 5785.960000 880.837370
5574 8.440000 7.611649 5793.720000 885.240793
5575 8.380000 7.625772 5815.240000 886.887880
5576 8.440000 7.619213 5805.240000 884.108982
5577 8.400000 7.602315 5779.520000 876.059136
5578 8.400000 7.603131 5780.760000 877.831677
5579 8.480000 7.588570 5758.640000 877.847412
5580 8.380000 7.575302 5738.520000 874.686977
5581 8.280000 7.551318 5702.240000 866.641193
5582 8.160000 7.540053 5685.240000 860.690260
5583 8.080000 7.553172 5705.040000 859.919871
5584 7.900000 7.560503 5716.120000 858.132136
5585 7.840000 7.543527 5690.480000 851.048616
5586 7.780000 7.548748 5698.360000 851.554202
5587 7.940000 7.545409 5693.320000 847.062962
5588 7.660000 7.540530 5685.960000 845.699926
5589 7.680000 7.540080 5685.280000 847.091868
5590 7.600000 7.548960 5698.680000 847.614949
5591 7.640000 7.544004 5691.200000 847.132752
5592 7.740000 7.550867 5701.560000 850.001480
5593 7.780000 7.549066 5698.840000 845.971263
5594 7.980000 7.562883 5719.720000 850.009912
5595 8.220000 7.584273 5752.120000 857.315850
5596 8.200000 7.585697 5754.280000 856.837644
5597 8.200000 7.582348 5749.200000 849.821950
5598 8.320000 7.573982 5736.520000 847.834924
5599 8.200000 7.575856 5739.360000 852.016667
5600 8.180000 7.586119 5754.920000 855.432055
5601 8.120000 7.586303 5755.200000 856.723791
5602 8.240000 7.586752 5755.880000 853.726416
5603 8.240000 7.601474 5778.240000 859.043113
5604 8.180000 7.592233 5764.200000 854.750121
5605 8.280000 7.593313 5765.840000 854.913073
5606 8.300000 7.582111 5748.840000 852.821262
5607 8.360000 7.588992 5759.280000 857.807659
5608 8.040000 7.588966 5759.240000 855.910296
5609 7.940000 7.586224 5755.080000 858.426987
5610 7.800000 7.590916 5762.200000 856.406758
5611 7.760000 7.594366 5767.440000 858.926278
5612 7.780000 7.601237 5777.880000 857.839296
5613 7.720000 7.602947 5780.480000 858.239120
5614 7.820000 7.604972 5783.560000 860.120014
5615 7.840000 7.610414 5791.840000 864.478526
5616 7.960000 7.616797 5801.560000 870.641929
5617 8.080000 7.613882 5797.120000 872.890232
5618 8.160000 7.602605 5779.960000 868.620520
5619 8.200000 7.602315 5779.520000 868.403894
5620 8.160000 7.594656 5767.880000 867.135374
5621 8.160000 7.584721 5752.800000 858.756329
5622 8.300000 7.569333 5729.480000 853.950976
5623 8.100000 7.575830 5739.320000 853.525959
5624 8.080000 7.581266 5747.560000 851.665433
5625 7.840000 7.579604 5745.040000 850.567511
5626 7.900000 7.563359 5720.440000 840.300119
5627 7.860000 7.569756 5730.120000 841.661770
5628 7.820000 7.547688 5696.760000 834.196534
5629 7.760000 7.545648 5693.680000 836.379889
5630 7.880000 7.551503 5702.520000 840.378794
5631 7.740000 7.554787 5707.480000 839.647406
5632 7.620000 7.562354 5718.920000 847.959390
5633 7.580000 7.578206 5742.920000 852.691101
5634 7.520000 7.579894 5745.480000 854.469786
5635 7.320000 7.575698 5739.120000 850.586295
5636 7.360000 7.579631 5745.080000 846.900792
5637 7.320000 7.590204 5761.120000 847.887200
5638 7.260000 7.586752 5755.880000 846.405408
5639 7.140000 7.575355 5738.600000 842.481174
5640 7.180000 7.586383 5755.320000 841.750923
5641 7.180000 7.592707 5764.920000 846.667496
5642 7.280000 7.598447 5773.640000 848.411291
5643 7.160000 7.602000 5779.040000 845.041040
5644 7.180000 7.597658 5772.440000 844.627601
5645 7.240000 7.598631 5773.920000 843.979097
5646 7.340000 7.596973 5771.400000 845.609302
5647 7.400000 7.614985 5798.800000 855.671302
5648 7.480000 7.630125 5821.880000 861.610463
5649 7.480000 7.625221 5814.400000 858.745735
5650 7.360000 7.605708 5784.680000 853.627478
5651 7.320000 7.612569 5795.120000 856.658802
5652 7.300000 7.601552 5778.360000 851.186258
5653 7.320000 7.614512 5798.080000 855.722643
5654 7.220000 7.581319 5747.640000 844.686469
5655 7.240000 7.573691 5736.080000 848.315029
5656 7.200000 7.548006 5697.240000 839.862643
5657 7.320000 7.556878 5710.640000 842.312153
5658 7.320000 7.556322 5709.800000 842.086852
5659 7.320000 7.545648 5693.680000 837.529499
5660 7.300000 7.548059 5697.320000 837.361569
5661 7.280000 7.553754 5705.920000 838.254701
5662 7.180000 7.555898 5709.160000 839.452803
5663 7.080000 7.530843 5671.360000 828.896491
5664 7.060000 7.533472 5675.320000 827.774923
5665 6.920000 7.540928 5686.560000 827.591018
5666 7.040000 7.537347 5681.160000 831.947393
5667 7.080000 7.534985 5677.600000 835.410769
5668 7.100000 7.543129 5689.880000 836.063708
5669 6.880000 7.534773 5677.280000 835.195303
5670 6.820000 7.524281 5661.480000 832.477415
5671 6.900000 7.524812 5662.280000 831.997592
5672 6.900000 7.519761 5654.680000 829.757546
5673 7.020000 7.530710 5671.160000 833.365912
5674 7.060000 7.522101 5658.200000 832.580892
5675 7.000000 7.537639 5681.600000 833.658446
5676 6.920000 7.541910 5688.040000 833.208033
5677 7.040000 7.543527 5690.480000 838.650300
5678 6.940000 7.526513 5664.840000 838.219045
5679 6.800000 7.538276 5682.560000 840.025081
5680 6.780000 7.533153 5674.840000 837.815085
5681 6.860000 7.529648 5669.560000 840.640056
5682 6.840000 7.521463 5657.240000 843.116910
5683 6.880000 7.534242 5676.480000 847.557265
5684 6.940000 7.519335 5654.040000 841.375165
5685 6.940000 7.515930 5648.920000 842.065486
5686 6.900000 7.513055 5644.600000 840.686971
5687 6.900000 7.519707 5654.600000 845.152748
5688 6.840000 7.511085 5641.640000 841.579604
5689 6.820000 7.509967 5639.960000 837.216347
5690 6.900000 7.521037 5656.600000 841.584714
5691 6.740000 7.522101 5658.200000 840.737743
5692 6.660000 7.533206 5674.920000 842.987949
5693 6.620000 7.528532 5667.880000 842.742788
5694 6.660000 7.533153 5674.840000 845.884097
5695 6.540000 7.542281 5688.600000 848.872734
5696 6.600000 7.541538 5687.480000 849.707892
5697 6.660000 7.517313 5651.000000 844.723799
5698 6.640000 7.528267 5667.480000 844.323687
5699 6.660000 7.533313 5675.080000 846.652764
5700 6.540000 7.544243 5691.560000 850.259482
5701 6.440000 7.529250 5668.960000 842.337164
5702 6.400000 7.530710 5671.160000 841.132626
5703 6.480000 7.535463 5678.320000 843.946418
5704 6.640000 7.554734 5707.400000 847.158924
5705 6.740000 7.556639 5710.280000 849.576125
5706 6.660000 7.559286 5714.280000 848.450043
5707 6.600000 7.561957 5718.320000 848.214129
5708 6.820000 7.546946 5695.640000 845.526722
5709 6.860000 7.547688 5696.760000 846.456160
5710 6.780000 7.550391 5700.840000 848.736674
5711 6.880000 7.548404 5697.840000 847.924228
5712 6.820000 7.563518 5720.680000 849.878101
5713 6.760000 7.571578 5732.880000 852.341695
5714 6.780000 7.572978 5735.000000 853.813063
5715 6.820000 7.583693 5751.240000 855.629808
5716 6.860000 7.558121 5712.520000 848.140071
5717 6.900000 7.565263 5723.320000 845.842859
5718 7.020000 7.563042 5719.960000 848.676648
5719 7.220000 7.565633 5723.880000 847.383719
5720 7.060000 7.569280 5729.400000 848.400740
5721 7.140000 7.580686 5746.680000 853.375508
5722 6.980000 7.579578 5745.000000 852.844123
5723 6.900000 7.585539 5754.040000 854.241216
5724 6.960000 7.589862 5760.600000 855.072628
5725 6.920000 7.589888 5760.640000 853.621019
5726 6.940000 7.589071 5759.400000 854.240189
5727 7.040000 7.590942 5762.240000 852.752564
5728 7.100000 7.593550 5766.200000 854.821429
5729 7.060000 7.594235 5767.240000 853.763400
5730 7.040000 7.586172 5755.000000 850.497952
5731 6.820000 7.589756 5760.440000 852.089169
5732 6.800000 7.602447 5779.720000 854.788137
5733 6.880000 7.611255 5793.120000 862.277657
5734 6.940000 7.613068 5795.880000 861.494840
5735 6.920000 7.604420 5782.720000 855.535495
5736 6.900000 7.611176 5793.000000 856.000250
5737 6.900000 7.610913 5792.600000 854.626115
5738 6.700000 7.623149 5811.240000 858.556884
5739 6.600000 7.620184 5806.720000 860.544727
5740 6.520000 7.638612 5834.840000 868.806933
5741 6.560000 7.626270 5816.000000 867.440243
5742 6.540000 7.622519 5810.280000 863.918498
5743 6.560000 7.627214 5817.440000 864.631302
5744 6.680000 7.610598 5792.120000 858.537645
5745 6.700000 7.590336 5761.320000 850.923516
5746 6.600000 7.592707 5764.920000 857.873096
5747 6.660000 7.606024 5785.160000 858.634052
5748 6.740000 7.600500 5776.760000 853.341868
5749 6.800000 7.599316 5774.960000 852.522433
5750 6.880000 7.604551 5782.920000 852.134746
5751 6.980000 7.604604 5783.000000 855.609479
5752 7.000000 7.617900 5803.240000 857.988177
5753 6.980000 7.611439 5793.400000 855.681390
5754 7.000000 7.594024 5766.920000 847.598363
5755 7.060000 7.590599 5761.720000 847.005710
5756 7.000000 7.591917 5763.720000 850.644845
5757 7.160000 7.597421 5772.080000 852.501034
5758 7.200000 7.595288 5768.840000 853.080944
5759 7.200000 7.595999 5769.920000 851.477221
5760 7.100000 7.587121 5756.440000 851.905936
5761 6.980000 7.589071 5759.400000 851.050634
5762 6.940000 7.593497 5766.120000 856.793509
5763 7.000000 7.589941 5760.720000 854.458306
5764 6.940000 7.588122 5757.960000 852.772225
5765 6.960000 7.577018 5741.120000 852.431692
5766 7.040000 7.593128 5765.560000 857.254392
5767 7.080000 7.580132 5745.840000 851.603364
5768 6.980000 7.585328 5753.720000 849.871675
5769 6.880000 7.565236 5723.280000 841.192664
5770 6.960000 7.561296 5717.320000 843.138261
5771 7.040000 7.546178 5694.480000 835.870138
5772 6.940000 7.547264 5696.120000 837.208935
5773 7.000000 7.533658 5675.600000 829.916821
5774 6.900000 7.523483 5660.280000 827.675344
5775 6.800000 7.514626 5646.960000 828.257275
5776 6.900000 7.508209 5637.320000 828.209587
5777 6.940000 7.493063 5614.600000 824.800820
5778 6.960000 7.478957 5593.480000 820.333639
5779 6.960000 7.470689 5581.120000 818.245036
5780 6.940000 7.469913 5579.960000 815.166699
5781 6.780000 7.462627 5569.080000 811.535728
5782 6.740000 7.455173 5557.960000 808.988481
5783 6.800000 7.461903 5568.000000 811.774352
5784 6.820000 7.454475 5556.920000 806.928114
5785 6.880000 7.451228 5552.080000 805.142339
5786 6.920000 7.469592 5579.480000 810.248147
5787 6.900000 7.448302 5547.720000 801.255503
5788 6.900000 7.442715 5539.400000 795.219525
5789 6.940000 7.454797 5557.400000 794.502260
5790 7.180000 7.456729 5560.280000 794.828804
5791 7.140000 7.465681 5573.640000 797.125307
5792 7.240000 7.490287 5610.440000 804.306208
5793 7.280000 7.490314 5610.480000 802.413338
5794 7.300000 7.502613 5628.920000 803.591985
5795 7.340000 7.507570 5636.360000 804.376179
5796 7.380000 7.504745 5632.120000 804.416623
5797 7.280000 7.493677 5615.520000 799.733155
5798 7.420000 7.509008 5638.520000 802.977279
5799 7.560000 7.512443 5643.680000 805.884533
5800 7.640000 7.514546 5646.840000 809.806066
5801 7.700000 7.525025 5662.600000 810.009538
5802 7.700000 7.524600 5661.960000 808.551382
5803 7.700000 7.534268 5676.520000 809.666970
5804 7.640000 7.534162 5676.360000 809.413496
5805 7.480000 7.535091 5677.760000 809.250573
5806 7.620000 7.553569 5705.640000 817.682049
5807 7.540000 7.561137 5717.080000 823.712826
5808 7.460000 7.571235 5732.360000 825.321684
5809 7.520000 7.570099 5730.640000 825.570428
5810 7.640000 7.569914 5730.360000 830.156108
5811 7.600000 7.584247 5752.080000 832.101452
5812 7.460000 7.579472 5744.840000 831.781691
5813 7.320000 7.573955 5736.480000 832.615076
5814 7.380000 7.590968 5762.280000 841.781427
5815 7.320000 7.604946 5783.520000 845.955939
5816 7.380000 7.595288 5768.840000 841.018284
5817 7.280000 7.600211 5776.320000 846.107155
5818 7.200000 7.604078 5782.200000 847.549693
5819 7.160000 7.611938 5794.160000 853.789322
5820 7.200000 7.626349 5816.120000 859.189236
5821 7.300000 7.629862 5821.480000 860.845364
5822 7.080000 7.625615 5815.000000 854.492532
5823 6.980000 7.633898 5827.640000 852.783705
5824 7.000000 7.640183 5837.240000 854.667626
5825 7.200000 7.636596 5831.760000 854.202091
5826 7.040000 7.645731 5845.720000 856.817762
5827 6.980000 7.641858 5839.800000 859.025999
5828 6.960000 7.634474 5828.520000 851.704266
5829 6.980000 7.645888 5845.960000 856.337553
5830 6.820000 7.648974 5850.680000 854.506509
5831 6.780000 7.657023 5863.000000 856.394744
5832 6.940000 7.647980 5849.160000 859.911729
5833 6.960000 7.663837 5873.440000 863.182739
5834 6.900000 7.663707 5873.240000 859.669230
5835 6.920000 7.663420 5872.800000 863.251453
5836 6.840000 7.677474 5894.360000 869.497724
5837 6.800000 7.696493 5923.600000 869.867206
5838 6.880000 7.687158 5909.240000 865.549639
5839 6.720000 7.680677 5899.280000 865.865269
5840 6.760000 7.676744 5893.240000 863.515094
5841 6.740000 7.680026 5898.280000 866.859964
5842 6.600000 7.687887 5910.360000 872.329023
5843 6.500000 7.685441 5906.600000 868.448717
5844 6.600000 7.678672 5896.200000 868.175872
5845 6.620000 7.679818 5897.960000 867.287306
5846 6.660000 7.684400 5905.000000 872.781809
5847 6.720000 7.683645 5903.840000 872.099311
5848 6.780000 7.690384 5914.200000 868.424275
5849 6.800000 7.690046 5913.680000 870.575333
5850 6.900000 7.672992 5887.480000 864.418340
5851 6.760000 7.654698 5859.440000 856.088482
5852 6.620000 7.649340 5851.240000 850.265429
5853 6.800000 7.669263 5881.760000 858.643097
5854 6.880000 7.666472 5877.480000 856.840722
5855 6.980000 7.676171 5892.360000 861.436282
5856 6.920000 7.695011 5921.320000 865.415052
5857 6.860000 7.694855 5921.080000 862.662048
5858 6.800000 7.703220 5933.960000 866.379045
5859 6.780000 7.721995 5962.920000 873.059027
5860 6.700000 7.721632 5962.360000 876.205922
5861 6.800000 7.714506 5951.360000 871.694651
5862 6.860000 7.718627 5957.720000 871.234226
5863 6.720000 7.726474 5969.840000 873.004747
5864 6.900000 7.745838 5999.800000 883.652153
5865 7.180000 7.747748 6002.760000 878.396168
5866 7.240000 7.737777 5987.320000 874.394574
5867 7.200000 7.732167 5978.640000 872.638101
5868 7.200000 7.718109 5956.920000 868.674288
5869 7.260000 7.710227 5944.760000 869.556984
5870 7.300000 7.707684 5940.840000 867.166344
5871 7.540000 7.708048 5941.400000 867.131877
5872 7.760000 7.699065 5927.560000 862.815130
5873 7.880000 7.689577 5912.960000 857.620104
5874 7.920000 7.696779 5924.040000 862.304327
5875 7.880000 7.701428 5931.200000 861.522948
5876 7.720000 7.706854 5939.560000 860.765194
5877 7.820000 7.683671 5903.880000 853.551077
5878 7.820000 7.681536 5900.600000 855.509189
5879 8.000000 7.671506 5885.200000 853.648959
5880 7.920000 7.680182 5898.520000 860.345887
5881 7.960000 7.685259 5906.320000 860.670026
5882 7.940000 7.685493 5906.680000 861.017003
5883 7.900000 7.692568 5917.560000 859.985687
5884 8.060000 7.692880 5918.040000 860.810655
5885 7.960000 7.673800 5888.720000 854.822849
5886 8.220000 7.650281 5852.680000 848.749156
5887 8.360000 7.636596 5831.760000 843.971841
5888 8.360000 7.618740 5804.520000 837.704276
5889 8.080000 7.612621 5795.200000 835.949664
5890 8.100000 7.608127 5788.360000 834.797648
5891 8.320000 7.592312 5764.320000 833.021284
5892 8.560000 7.586593 5755.640000 837.749220
5893 8.400000 7.580343 5746.160000 834.701198
5894 8.240000 7.585012 5753.240000 831.933833
5895 8.260000 7.571129 5732.200000 827.540649
5896 8.300000 7.571605 5732.920000 826.556354
5897 8.280000 7.576279 5740.000000 828.685224
5898 8.220000 7.577889 5742.440000 827.162618
5899 8.180000 7.585064 5753.320000 826.556345
5900 8.340000 7.588597 5758.680000 830.352709
5901 8.140000 7.584801 5752.920000 824.737374
5902 8.200000 7.589598 5760.200000 829.311815
5903 8.280000 7.595999 5769.920000 836.834476
5904 8.400000 7.580158 5745.880000 831.830505
5905 8.380000 7.565157 5723.160000 826.184296
5906 8.480000 7.564575 5722.280000 821.352169
5907 8.560000 7.563703 5720.960000 822.730777
5908 8.560000 7.550603 5701.160000 819.642086
5909 8.660000 7.547052 5695.800000 820.187782
5910 8.580000 7.547582 5696.600000 820.475258
5911 8.600000 7.551636 5702.720000 822.014995
5912 8.680000 7.546045 5694.280000 818.699787
5913 8.740000 7.539469 5684.360000 818.034852
5914 8.900000 7.553251 5705.160000 823.163049
5915 8.820000 7.558439 5713.000000 821.213136
5916 8.960000 7.543766 5690.840000 817.545901
5917 8.820000 7.578997 5744.120000 828.095309
5918 8.840000 7.583957 5751.640000 829.750055
5919 8.780000 7.586330 5755.240000 831.483998
5920 8.640000 7.594867 5768.200000 830.932325
5921 8.680000 7.605419 5784.240000 836.584269
5922 8.640000 7.610545 5792.040000 839.671360
5923 8.760000 7.604893 5783.440000 837.707742
5924 8.760000 7.610545 5792.040000 838.816471
5925 8.860000 7.627765 5818.280000 842.273291
5926 8.620000 7.622624 5810.440000 836.665569
5927 8.460000 7.626611 5816.520000 836.924996
5928 8.360000 7.615799 5800.040000 831.272401
5929 8.400000 7.612358 5794.800000 830.920860
5930 8.320000 7.589704 5760.360000 821.189775
5931 8.220000 7.585644 5754.200000 824.782477
5932 8.200000 7.594077 5767.000000 823.724452
5933 8.300000 7.582796 5749.880000 821.553930
5934 8.340000 7.582691 5749.720000 825.642438
5935 8.320000 7.581662 5748.160000 825.301895
5936 8.380000 7.597078 5771.560000 832.724642
5937 8.360000 7.591680 5763.360000 830.941207
5938 8.280000 7.602184 5779.320000 832.116431
5939 8.200000 7.606681 5786.160000 826.534371
5940 8.340000 7.622152 5809.720000 833.622306
5941 8.320000 7.633557 5827.120000 836.186186
5942 8.260000 7.630544 5822.520000 832.988865
5943 8.360000 7.625221 5814.400000 831.920034
5944 8.220000 7.610545 5792.040000 824.489462
5945 8.380000 7.614381 5797.880000 826.061424
5946 8.220000 7.609757 5790.840000 826.883310
5947 8.220000 7.608443 5788.840000 827.937868
5948 8.340000 7.625352 5814.600000 830.708205
5949 8.460000 7.645679 5845.640000 837.604414
5950 8.400000 7.646359 5846.680000 841.014383
5951 8.440000 7.638586 5834.800000 840.577833
5952 8.400000 7.638508 5834.680000 842.188985
5953 8.260000 7.647719 5848.760000 846.275767
5954 8.260000 7.682213 5901.640000 856.047743
5955 8.340000 7.667829 5879.560000 848.448813
5956 8.320000 7.678880 5896.520000 852.542111
5957 8.380000 7.680703 5899.320000 853.758140
5958 8.500000 7.673982 5889.000000 852.542882
5959 8.540000 7.673252 5887.880000 848.071276
5960 8.600000 7.672470 5886.680000 847.699859
5961 8.700000 7.667777 5879.480000 847.825555
5962 8.540000 7.666994 5878.280000 847.620238
5963 8.640000 7.669993 5882.880000 848.035927
5964 8.740000 7.686586 5908.360000 854.699082
5965 8.580000 7.673461 5888.200000 847.942169
5966 8.480000 7.671167 5884.680000 849.797792
5967 8.560000 7.671714 5885.520000 850.702126
5968 8.520000 7.676692 5893.160000 855.679331
5969 8.680000 7.687600 5909.920000 857.067432
5970 8.780000 7.690124 5913.800000 859.450643
5971 8.800000 7.709942 5944.320000 869.105176
5972 8.700000 7.724377 5966.600000 873.980415
5973 8.660000 7.707944 5941.240000 866.087104
5974 8.660000 7.706750 5939.400000 865.746856
5975 8.800000 7.715439 5952.800000 868.261154
5976 8.660000 7.723289 5964.920000 868.175965
5977 8.620000 7.731520 5977.640000 870.621355
5978 8.600000 7.746664 6001.080000 871.846453
5979 8.580000 7.748729 6004.280000 871.368467
5980 8.680000 7.765333 6030.040000 876.454721
5981 8.800000 7.753244 6011.280000 869.012374
5982 8.740000 7.743565 5996.280000 864.187134
5983 8.920000 7.739612 5990.160000 858.987435
5984 8.960000 7.751206 6008.120000 862.031904
5985 8.880000 7.745605 5999.440000 858.938893
5986 8.920000 7.750845 6007.560000 858.146253
5987 8.820000 7.746096 6000.200000 859.673828
5988 8.820000 7.750019 6006.280000 859.518980
5989 8.920000 7.760052 6021.840000 860.309423
5990 8.760000 7.756004 6015.560000 861.395489
5991 8.920000 7.753760 6012.080000 861.748623
5992 9.060000 7.737571 5987.000000 854.843294
5993 8.920000 7.723315 5964.960000 845.748316
5994 8.920000 7.732244 5978.760000 843.667959
5995 9.100000 7.721787 5962.600000 842.155547
5996 9.120000 7.733641 5980.920000 848.427970
5997 9.160000 7.751851 6009.120000 848.238725
5998 9.240000 7.755282 6014.440000 849.760616
5999 9.220000 7.755334 6014.520000 849.288306
6000 9.360000 7.748626 6004.120000 845.852552
6001 9.200000 7.743849 5996.720000 839.562768
6002 9.180000 7.747490 6002.360000 836.258629
6003 9.200000 7.737855 5987.440000 832.809046
6004 9.100000 7.730071 5975.400000 826.742634
6005 9.120000 7.720052 5959.920000 820.516994
6006 9.360000 7.705453 5937.400000 818.988882
6007 9.260000 7.703687 5934.680000 815.536164
6008 9.540000 7.732658 5979.400000 827.233692
6009 9.620000 7.734417 5982.120000 828.904566
6010 9.760000 7.726345 5969.640000 829.394223
6011 9.740000 7.736899 5985.960000 834.674751
6012 9.700000 7.744133 5997.160000 835.918030
6013 9.620000 7.759923 6021.640000 843.183853
6014 9.680000 7.760593 6022.680000 844.184951
6015 9.660000 7.751258 6008.200000 839.770414
6016 9.640000 7.748574 6004.040000 837.542017
6017 9.600000 7.737441 5986.800000 834.935466
6018 9.560000 7.739742 5990.360000 837.459273
6019 9.580000 7.721166 5961.640000 835.660693
6020 9.680000 7.743100 5995.560000 844.910904
6021 9.680000 7.756236 6015.920000 850.855173
6022 9.640000 7.756262 6015.960000 850.017420
6023 9.620000 7.774445 6044.200000 851.172838
6024 9.540000 7.781594 6055.320000 853.466725
6025 9.460000 7.783650 6058.520000 851.794881
6026 9.460000 7.785653 6061.640000 850.649892
6027 9.520000 7.802359 6087.680000 852.949314
6028 9.400000 7.785910 6062.040000 847.194637
6029 9.660000 7.786373 6062.760000 845.066133
6030 9.660000 7.786270 6062.600000 842.074619
6031 9.560000 7.793844 6074.400000 841.549750
6032 9.500000 7.808739 6097.640000 843.208038
6033 9.500000 7.817135 6110.760000 850.031850
6034 9.400000 7.816009 6109.000000 851.915825
6035 9.240000 7.804768 6091.440000 849.522600
6036 9.200000 7.805203 6092.120000 847.277153
6037 9.380000 7.807970 6096.440000 846.879757
6038 9.360000 7.805613 6092.760000 846.462721
6039 9.260000 7.822148 6118.600000 851.381116
6040 9.380000 7.823017 6119.960000 853.787892
6041 9.420000 7.823938 6121.400000 852.750358
6042 9.400000 7.832828 6135.320000 857.432445
6043 9.260000 7.828844 6129.080000 861.067648
6044 9.140000 7.843800 6152.520000 866.137452
6045 9.220000 7.843749 6152.440000 867.605779
6046 9.320000 7.845840 6155.720000 869.350960
6047 9.300000 7.849764 6161.880000 872.090599
6048 9.440000 7.860102 6178.120000 877.475716
6049 9.340000 7.842372 6150.280000 871.592596
6050 9.340000 7.836708 6141.400000 871.103083
6051 9.320000 7.841735 6149.280000 876.786944
6052 9.440000 7.856488 6172.440000 885.546131
6053 9.480000 7.863485 6183.440000 885.516124
6054 9.420000 7.873779 6199.640000 886.572020
6055 9.500000 7.879619 6208.840000 890.099371
6056 9.620000 7.881396 6211.640000 891.561895
6057 9.780000 7.883070 6214.280000 888.788192
6058 9.880000 7.863867 6184.040000 883.964405
6059 9.880000 7.862163 6181.360000 880.415466
6060 9.740000 7.856080 6171.800000 873.997394
6061 9.700000 7.862442 6181.800000 879.053809
6062 9.780000 7.871493 6196.040000 876.143334
6063 9.880000 7.861450 6180.240000 875.840078
6064 9.800000 7.864986 6185.800000 877.000873
6065 9.800000 7.860891 6179.360000 875.324159
6066 9.740000 7.862188 6181.400000 873.008564
6067 9.780000 7.854706 6169.640000 872.761682
6068 9.920000 7.846961 6157.480000 872.686352
6069 9.840000 7.837806 6143.120000 871.562887
6070 9.920000 7.843392 6151.880000 874.506153
6071 9.800000 7.846528 6156.800000 877.005709
6072 9.800000 7.832164 6134.280000 871.334041
6073 9.940000 7.835279 6139.160000 873.233933
6074 10.040000 7.835534 6139.560000 871.915702
6075 10.080000 7.834335 6137.680000 867.736473
6076 10.120000 7.843290 6151.720000 871.902613
6077 9.940000 7.856946 6173.160000 877.590440
6078 10.060000 7.857964 6174.760000 876.557056
6079 10.060000 7.863511 6183.480000 883.324692
6080 10.120000 7.853280 6167.400000 878.143139
6081 10.300000 7.879162 6208.120000 885.880327
6082 10.340000 7.898785 6239.080000 894.460878
6083 10.200000 7.906099 6250.640000 894.292699
6084 10.400000 7.916236 6266.680000 899.125103
6085 10.500000 7.909311 6255.720000 896.215379
6086 10.400000 7.918510 6270.280000 901.489605
6087 10.220000 7.915428 6265.400000 902.771922
6088 10.120000 7.915479 6265.480000 896.672739
6089 10.180000 7.898937 6239.320000 894.112468
6090 10.080000 7.892300 6228.840000 892.535764
6091 9.940000 7.889157 6223.880000 892.128464
6092 9.940000 7.877182 6205.000000 885.990115
6093 9.980000 7.885201 6217.640000 891.110241
6094 9.920000 7.880990 6211.000000 887.738854
6095 10.080000 7.891920 6228.240000 893.136017
6096 10.080000 7.898532 6238.680000 895.566959
6097 9.900000 7.895746 6234.280000 891.581363
6098 9.900000 7.877182 6205.000000 888.078683
6099 9.840000 7.871569 6196.160000 884.562922
6100 9.680000 7.879010 6207.880000 885.445573
6101 9.580000 7.853483 6167.720000 875.495933
6102 9.540000 7.839515 6145.800000 873.167560
6103 9.700000 7.834769 6138.360000 877.308015
6104 9.500000 7.840587 6147.480000 876.882776
6105 9.500000 7.851700 6164.920000 881.780569
6106 9.460000 7.859287 6176.840000 884.077631
6107 9.560000 7.864197 6184.560000 889.539017
6108 9.600000 7.866562 6188.280000 889.310481
6109 9.700000 7.880482 6210.200000 893.287296
6110 9.780000 7.884897 6217.160000 894.103547
6111 9.900000 7.894682 6232.600000 895.774245
6112 9.980000 7.911030 6258.440000 901.767418
6113 9.820000 7.914720 6264.280000 901.701988
6114 9.860000 7.912092 6260.120000 898.727266
6115 10.000000 7.894454 6232.240000 893.442114
6116 10.060000 7.887027 6220.520000 888.183331
6117 10.060000 7.875252 6201.960000 884.685234
6118 10.080000 7.885759 6218.520000 888.132506
6119 10.160000 7.878985 6207.840000 887.640737
6120 10.260000 7.870121 6193.880000 888.583825
6121 10.380000 7.887281 6220.920000 893.660147
6122 10.480000 7.905719 6250.040000 899.767800
6123 10.360000 7.918384 6270.080000 904.521523
6124 10.320000 7.925226 6280.920000 905.709726
6125 10.020000 7.918106 6269.640000 905.298965
6126 9.920000 7.921439 6274.920000 905.472336
6127 10.020000 7.923610 6278.360000 907.743268
6128 10.080000 7.907945 6253.560000 899.165815
6129 10.160000 7.893086 6230.080000 890.771771
6130 10.100000 7.897519 6237.080000 890.973108
6131 9.920000 7.906655 6251.520000 898.425235
6132 9.980000 7.905618 6249.880000 897.949373
6133 10.000000 7.915605 6265.680000 903.108738
6134 9.900000 7.912901 6261.400000 901.210426
6135 9.820000 7.919773 6272.280000 903.466095
6136 9.840000 7.914822 6264.440000 896.438804
6137 9.860000 7.914013 6263.160000 892.607882
6138 9.940000 7.918763 6270.680000 894.691712
6139 10.000000 7.928329 6285.840000 900.810203
6140 10.020000 7.932742 6292.840000 899.971664
6141 10.040000 7.945112 6312.480000 903.319762
6142 10.080000 7.943425 6309.800000 904.823704
6143 9.980000 7.932591 6292.600000 901.433264
6144 9.980000 7.939950 6304.280000 907.254682
6145 9.940000 7.936120 6298.200000 906.880888
6146 9.800000 7.938690 6302.280000 908.021355
6147 9.780000 7.943979 6310.680000 908.818188
6148 9.700000 7.959171 6334.840000 914.255764
6149 9.820000 7.955451 6328.920000 917.477497
6150 9.820000 7.940353 6304.920000 912.235637
6151 9.660000 7.937682 6300.680000 908.633393
6152 9.420000 7.931835 6291.400000 903.518982
6153 9.400000 7.916464 6267.040000 894.306729
6154 9.400000 7.911789 6259.640000 892.470169
6155 9.420000 7.911991 6259.960000 895.204574
6156 9.280000 7.916186 6266.600000 898.509772
6157 9.100000 7.919672 6272.120000 898.401534
6158 9.180000 7.909614 6256.200000 894.628232
6159 9.220000 7.918005 6269.480000 902.062323
6160 9.100000 7.938489 6301.960000 905.951764
6161 9.120000 7.941184 6306.240000 911.136419
6162 9.120000 7.935918 6297.880000 910.679826
6163 8.960000 7.921111 6274.400000 905.680176
6164 9.040000 7.914316 6263.640000 902.582412
6165 8.940000 7.900911 6242.440000 894.987854
6166 9.100000 7.907794 6253.320000 897.617059
6167 9.260000 7.900253 6241.400000 894.318910
6168 9.160000 7.893820 6231.240000 889.153566
6169 9.060000 7.899899 6240.840000 891.629628
6170 9.040000 7.895087 6233.240000 885.155667
6171 8.980000 7.906478 6251.240000 890.420909
6172 8.940000 7.914063 6263.240000 895.292270
6173 9.000000 7.896278 6235.120000 888.017151
6174 8.980000 7.908451 6254.360000 892.004270
6175 8.860000 7.906782 6251.720000 892.986536
6176 8.660000 7.894378 6232.120000 887.933616
6177 8.680000 7.901848 6243.920000 888.958249
6178 8.600000 7.902481 6244.920000 892.826212
6179 8.640000 7.892984 6229.920000 890.784638
6180 8.560000 7.912800 6261.240000 895.033056
6181 8.640000 7.910095 6256.960000 899.066869
6182 8.600000 7.909867 6256.600000 896.722124
6183 8.520000 7.906959 6252.000000 893.770246
6184 8.600000 7.896303 6235.160000 893.812307
6185 8.640000 7.911308 6258.880000 901.822496
6186 8.680000 7.902025 6244.200000 896.387905
6187 8.840000 7.885430 6218.000000 890.670292
6188 8.900000 7.895948 6234.600000 893.775297
6189 8.900000 7.900810 6242.280000 896.339569
6190 9.000000 7.909766 6256.440000 899.633379
6191 9.000000 7.899013 6239.440000 897.120490
6192 8.960000 7.880076 6209.560000 893.788488
6193 9.060000 7.893972 6231.480000 901.080176
6194 9.040000 7.902228 6244.520000 902.576965
6195 9.060000 7.901418 6243.240000 901.915079
6196 9.100000 7.896607 6235.640000 903.891979
6197 9.040000 7.906200 6250.800000 907.303403
6198 9.100000 7.917651 6268.920000 906.285263
6199 9.040000 7.907819 6253.360000 904.292930
6200 9.180000 7.917095 6268.040000 909.644050
6201 9.220000 7.921086 6274.360000 906.277841
6202 9.220000 7.934860 6296.200000 911.302700
6203 9.280000 7.918535 6270.320000 901.562314
6204 9.300000 7.931280 6290.520000 909.116192
6205 9.400000 7.941083 6306.080000 911.382282
6206 9.200000 7.938388 6301.800000 906.327148
6207 9.300000 7.933902 6294.680000 903.288933
6208 9.280000 7.942367 6308.120000 906.214416
6209 9.400000 7.938614 6302.160000 905.943470
6210 9.540000 7.947352 6316.040000 903.224653
6211 9.440000 7.959246 6334.960000 904.295924
6212 9.320000 7.958115 6333.160000 904.564410
6213 9.100000 7.963090 6341.080000 901.386135
6214 8.980000 7.976390 6362.280000 905.674702
6215 9.180000 7.969216 6350.840000 903.744189
6216 9.040000 7.977243 6363.640000 903.202407
6217 8.920000 7.983984 6374.400000 906.233888
6218 8.760000 7.972779 6356.520000 904.575491
6219 8.720000 7.971098 6353.840000 904.265233
6220 8.660000 7.972177 6355.560000 899.629038
6221 8.640000 7.974108 6358.640000 895.705282
6222 8.600000 7.986914 6379.080000 899.585224
6223 8.620000 7.982957 6372.760000 894.119904
6224 8.580000 7.977042 6363.320000 894.139995
6225 8.540000 7.964145 6342.760000 894.605559
6226 8.500000 7.956255 6330.200000 893.587114
6227 8.540000 7.955401 6328.840000 896.993645
6228 8.600000 7.959523 6335.400000 901.051697
6229 8.400000 7.961156 6338.000000 902.639204
6230 8.540000 7.961884 6339.160000 907.182061
6231 8.480000 7.952610 6324.400000 898.480795
6232 8.580000 7.959271 6335.000000 898.360126
6233 8.560000 7.968990 6350.480000 904.644802
6234 8.320000 7.968764 6350.120000 906.783876
6235 8.520000 7.981278 6370.080000 908.195879
6236 8.500000 7.985963 6377.560000 911.576309
6237 8.320000 7.980075 6368.160000 911.458004
6238 8.260000 7.986413 6378.280000 917.628221
6239 8.400000 7.993397 6389.440000 917.020636
6240 8.320000 7.996674 6394.680000 915.427018
6241 8.340000 7.986063 6377.720000 913.222464
6242 8.320000 7.989618 6383.400000 912.310912
6243 8.420000 7.991470 6386.360000 914.771041
6244 8.240000 7.984660 6375.480000 909.770203
6245 8.260000 7.981353 6370.200000 908.176648
6246 8.240000 7.977192 6363.560000 911.299076
6247 8.180000 7.987515 6380.040000 914.614862
6248 8.000000 7.994423 6391.080000 913.930742
6249 7.860000 8.000875 6401.400000 919.550940
6250 7.720000 7.994273 6390.840000 917.310379
6251 7.860000 7.986914 6379.080000 918.585117
6252 7.880000 7.980852 6369.400000 916.784819
6253 7.840000 7.976967 6363.200000 915.892312
6254 7.840000 7.963793 6342.200000 914.947464
6255 7.740000 7.972929 6356.760000 913.889077
6256 7.660000 7.967409 6347.960000 907.757399
6257 7.700000 7.982005 6371.240000 912.653640
6258 7.660000 7.981403 6370.280000 912.764704
6259 7.520000 7.975061 6360.160000 908.817791
6260 7.760000 7.971725 6354.840000 908.153694
6261 7.600000 7.972152 6355.520000 908.066690
6262 7.800000 7.973481 6357.640000 907.951650
6263 7.960000 7.970144 6352.320000 905.070261
6264 7.900000 7.976240 6362.040000 911.686150
6265 7.940000 7.973130 6357.080000 909.241944
6266 8.040000 7.982756 6372.440000 909.542157
6267 8.120000 8.007546 6412.080000 920.722044
6268 8.140000 8.017456 6427.960000 921.664525
6269 8.300000 8.039677 6463.640000 931.513737
6270 8.380000 8.039080 6462.680000 934.541788
6271 8.380000 8.021745 6434.840000 929.652850
6272 8.400000 8.015710 6425.160000 926.504690
6273 8.260000 8.013264 6421.240000 929.168994
6274 8.240000 8.002974 6404.760000 924.513917
6275 8.220000 8.000225 6400.360000 918.424258
6276 8.260000 8.000475 6400.760000 919.012227
6277 8.300000 8.002775 6404.440000 919.848665
6278 8.040000 8.020199 6432.360000 928.464230
6279 8.100000 8.014761 6423.640000 931.832378
6280 8.100000 8.022444 6435.960000 935.970602
6281 8.020000 8.019950 6431.960000 934.238811
6282 8.120000 8.034301 6455.000000 941.443449
6283 8.140000 8.036044 6457.800000 943.235267
6284 8.240000 8.045844 6473.560000 946.704540
6285 7.960000 8.041492 6466.560000 945.134765
6286 7.800000 8.052304 6483.960000 950.692351
6287 7.880000 8.056600 6490.880000 952.541865
6288 7.840000 8.057816 6492.840000 951.276703
6289 7.880000 8.069647 6511.920000 955.869379
6290 7.840000 8.078143 6525.640000 961.965553
6291 7.720000 8.061166 6498.240000 955.094315
6292 7.760000 8.050516 6481.080000 951.148597
6293 7.860000 8.059404 6495.400000 955.255634
6294 7.900000 8.060099 6496.520000 951.954671
6295 7.980000 8.048329 6477.560000 945.300888
6296 8.220000 8.039080 6462.680000 945.641416
6297 8.180000 8.039726 6463.720000 946.813645
6298 8.300000 8.051609 6482.840000 949.428675
6299 8.240000 8.061464 6498.720000 949.032257
6300 8.120000 8.063076 6501.320000 949.687544
6301 8.240000 8.058387 6493.760000 947.209723
6302 8.200000 8.055632 6489.320000 949.220903
6303 8.320000 8.067267 6508.080000 949.112061
6304 8.320000 8.061687 6499.080000 948.100871
6305 8.380000 8.040771 6465.400000 936.873124
6306 8.200000 8.042413 6468.040000 935.815946
6307 8.360000 8.045719 6473.360000 936.882686
6308 8.440000 8.056972 6491.480000 944.388026
6309 8.480000 8.052875 6484.880000 940.664162
6310 8.400000 8.028375 6445.480000 928.806799
6311 8.220000 8.026431 6442.360000 927.551704
6312 8.260000 8.032111 6451.480000 928.682465
6313 8.060000 8.031712 6450.840000 929.357685
6314 8.000000 8.018753 6430.040000 924.061479
6315 8.020000 8.020299 6432.520000 922.531644
6316 7.940000 8.023341 6437.400000 929.001113
6317 7.980000 8.011067 6417.720000 924.865018
6318 7.980000 8.032758 6452.520000 929.628944
6319 7.880000 8.029346 6447.040000 926.872973
6320 7.920000 8.032210 6451.640000 929.972790
6321 8.000000 8.032484 6452.080000 932.193053
6322 8.060000 8.044352 6471.160000 936.623936
6323 8.120000 8.053670 6486.160000 940.027323
6324 8.340000 8.049074 6478.760000 937.799100
6325 8.440000 8.033480 6453.680000 931.910751
6326 8.600000 8.032808 6452.600000 934.882734
6327 8.580000 8.037836 6460.680000 933.992973
6328 8.660000 8.033953 6454.440000 929.119738
6329 8.720000 8.042189 6467.680000 929.418378
6330 8.520000 8.024936 6439.960000 920.626895
6331 8.640000 8.017182 6427.520000 921.509870
6332 8.580000 8.026132 6441.880000 920.886075
6333 8.660000 8.034451 6455.240000 926.551253
6334 8.500000 8.031911 6451.160000 925.872745
6335 8.600000 8.053273 6485.520000 930.537645
6336 8.660000 8.050814 6481.560000 927.373281
6337 8.660000 8.046838 6475.160000 928.414793
6338 8.640000 8.060099 6496.520000 930.609058
6339 8.620000 8.060645 6497.400000 934.418204
6340 8.560000 8.049323 6479.160000 927.345116
6341 8.540000 8.065507 6505.240000 929.998743
6342 8.660000 8.064713 6503.960000 933.093961
6343 8.660000 8.071010 6514.120000 935.472070
6344 8.860000 8.078787 6526.680000 935.863117
6345 8.680000 8.072571 6516.640000 933.607434
6346 8.640000 8.049820 6479.960000 924.872180
6347 8.680000 8.049547 6479.520000 926.277670
6348 8.600000 8.021895 6435.080000 916.726137
6349 8.620000 8.025086 6440.200000 923.570103
6350 8.420000 8.022194 6435.560000 924.086831
6351 8.520000 8.022169 6435.520000 924.101504
6352 8.580000 8.015061 6424.120000 922.663044
6353 8.460000 8.007521 6412.040000 916.491530
6354 8.400000 8.018553 6429.720000 922.621860
6355 8.240000 8.014637 6423.440000 924.401372
6356 8.220000 8.021696 6434.760000 928.768079
6357 8.120000 8.024512 6439.280000 932.417337
6358 8.080000 8.025235 6440.440000 931.459217
6359 7.980000 8.025933 6441.560000 930.288108
6360 7.840000 8.051509 6482.680000 941.482933
6361 7.860000 8.051956 6483.400000 940.360439
6362 7.940000 8.035596 6457.080000 935.804353
6363 8.180000 8.053794 6486.360000 945.728825
6364 8.160000 8.054390 6487.320000 946.013410
6365 8.140000 8.052453 6484.200000 947.447124
6366 8.240000 8.048677 6478.120000 941.833855
6367 8.240000 8.040746 6465.360000 936.591708
6368 8.320000 8.034700 6455.640000 934.056628
6369 8.280000 8.036218 6458.080000 934.761345
6370 8.200000 8.039229 6462.920000 935.264441
6371 8.100000 8.048826 6478.360000 936.097200
6372 8.060000 8.063473 6501.960000 938.252834
6373 8.020000 8.043954 6470.520000 929.894221
6374 8.020000 8.051658 6482.920000 927.103106
6375 8.020000 8.046788 6475.080000 923.589464
6376 8.100000 8.048081 6477.160000 927.123928
6377 8.080000 8.049596 6479.600000 925.222991
6378 8.180000 8.043407 6469.640000 921.469843
6379 8.180000 8.026780 6442.920000 916.114697
6380 8.100000 8.019102 6430.600000 914.299659
6381 8.220000 8.031065 6449.800000 916.473803
6382 8.160000 8.029720 6447.640000 915.671558
6383 8.200000 8.023316 6437.360000 916.184653
6384 8.060000 8.017406 6427.880000 916.468687
6385 8.020000 8.017805 6428.520000 921.699929
6386 7.920000 8.023241 6437.240000 923.615796
6387 7.820000 8.020948 6433.560000 921.866026
6388 7.860000 8.006622 6410.600000 916.094338
6389 7.820000 7.995023 6392.040000 911.280647
6390 7.820000 7.976440 6362.360000 904.194276
6391 7.880000 7.991696 6386.720000 909.236760
6392 7.800000 7.968814 6350.200000 903.019933
6393 7.700000 7.969417 6351.160000 898.724859
6394 7.740000 7.959422 6335.240000 895.711223
6395 7.760000 7.963015 6340.960000 897.618056
6396 7.720000 7.966404 6346.360000 899.289706
6397 7.760000 7.964421 6343.200000 898.034750
6398 7.700000 7.983107 6373.000000 904.165698
6399 7.620000 7.971876 6355.080000 903.320219
6400 7.640000 7.975939 6361.560000 899.567077
6401 7.540000 7.945993 6313.880000 888.170866
6402 7.480000 7.966505 6346.520000 894.786796
6403 7.520000 7.967685 6348.400000 898.028252
6404 7.480000 7.988567 6381.720000 904.965602
6405 7.500000 7.997225 6395.560000 908.277432
6406 7.600000 7.991070 6385.720000 903.785836
6407 7.640000 7.992496 6388.000000 905.352152
6408 7.700000 7.993873 6390.200000 905.081146
6409 7.740000 7.980601 6369.000000 900.599190
6410 7.700000 7.982105 6371.400000 898.724474
6411 7.840000 7.984435 6375.120000 902.401302
6412 7.780000 7.981454 6370.360000 899.261485
6413 7.780000 7.975237 6360.440000 895.230719
6414 7.760000 7.972729 6356.440000 892.484544
6415 7.620000 7.955602 6329.160000 887.319577
6416 7.480000 7.955250 6328.600000 887.466437
6417 7.480000 7.952258 6323.840000 885.928073
6418 7.540000 7.959774 6335.800000 882.861251
6419 7.620000 7.949667 6319.720000 884.309835
6420 7.600000 7.956859 6331.160000 887.411092
6421 7.560000 7.963215 6341.280000 885.453581
6422 7.700000 7.964697 6343.640000 890.014559
6423 7.880000 7.970395 6352.720000 894.720437
6424 7.980000 7.980000 6368.040000 898.241119
6425 7.880000 7.975362 6360.640000 898.743144
6426 7.940000 7.953339 6325.560000 889.528192
6427 7.940000 7.960879 6337.560000 896.168875
6428 7.860000 7.949868 6320.040000 894.895339
6429 7.780000 7.942871 6308.920000 896.181609
6430 7.560000 7.949868 6320.040000 900.550354
6431 7.560000 7.949440 6319.360000 899.627008
6432 7.580000 7.961432 6338.440000 901.859216
6433 7.560000 7.970496 6352.880000 902.686180
6434 7.580000 7.963693 6342.040000 904.210208
6435 7.540000 7.959271 6335.000000 905.008070
6436 7.500000 7.963040 6341.000000 905.968780
6437 7.580000 7.966204 6346.040000 904.813237
6438 7.520000 7.978947 6366.360000 909.561333
6439 7.600000 7.975563 6360.960000 906.821850
6440 7.540000 7.978296 6365.320000 908.503069
6441 7.460000 7.990019 6384.040000 915.755843
6442 7.420000 7.988166 6381.080000 915.779242
6443 7.280000 7.985086 6376.160000 909.188462
6444 7.200000 8.003624 6405.800000 911.165785
6445 7.160000 7.993547 6389.680000 907.834972
6446 7.040000 7.994473 6391.160000 911.872629
6447 7.080000 7.986288 6378.080000 904.263518
6448 6.860000 7.995924 6393.480000 908.692946
6449 6.980000 7.994023 6390.440000 903.836421
6450 7.020000 7.994773 6391.640000 903.443849
6451 6.920000 7.961306 6338.240000 892.023059
6452 6.900000 7.946043 6313.960000 884.917943
6453 7.120000 7.970144 6352.320000 895.445057
6454 7.020000 7.970169 6352.360000 893.935910
6455 7.020000 7.964195 6342.840000 889.414594
6456 6.960000 7.955803 6329.480000 884.113960
6457 6.940000 7.961733 6338.920000 889.810803
6458 6.940000 7.976039 6361.720000 895.931580
6459 7.060000 7.981253 6370.040000 898.138126
6460 7.080000 7.976992 6363.240000 893.519790
6461 7.080000 7.988942 6382.320000 895.781572
6462 7.160000 8.000475 6400.760000 898.671687
6463 7.280000 8.001300 6402.080000 902.715806
6464 7.200000 8.009819 6415.720000 906.487699
6465 7.100000 8.006472 6410.360000 905.401684
6466 7.300000 8.009270 6414.840000 909.935503
6467 7.300000 8.001125 6401.800000 902.746029
6468 7.400000 8.000475 6400.760000 904.317671
6469 7.360000 8.003399 6405.440000 904.265642
6470 7.540000 8.006422 6410.280000 904.427607
6471 7.520000 8.017481 6428.000000 911.848015
6472 7.500000 8.012266 6419.640000 904.840325
6473 7.580000 8.017057 6427.320000 907.099708
6474 7.500000 8.008021 6412.840000 900.229411
6475 7.620000 8.000375 6400.600000 895.519909
6476 7.680000 7.984059 6374.520000 888.944675
6477 7.660000 7.988166 6381.080000 888.946712
6478 7.680000 7.992121 6387.400000 887.045631
6479 7.740000 7.982807 6372.520000 888.579973
6480 7.780000 7.985362 6376.600000 891.631431
6481 7.740000 8.004274 6406.840000 895.161593
6482 7.580000 8.023191 6437.160000 903.314788
6483 7.540000 8.030268 6448.520000 906.035203
6484 7.640000 8.021745 6434.840000 906.403030
6485 7.820000 8.027129 6443.480000 909.739742
6486 7.840000 8.025684 6441.160000 908.507227
6487 7.900000 8.028923 6446.360000 907.938104
6488 7.900000 8.017805 6428.520000 901.401103
6489 7.760000 8.031737 6450.880000 902.775220
6490 7.540000 8.028773 6446.120000 898.129776
6491 7.400000 8.018429 6429.520000 894.078201
6492 7.500000 8.023341 6437.400000 897.346899
6493 7.480000 8.021970 6435.200000 892.791265
6494 7.400000 8.038781 6462.200000 901.227478
6495 7.480000 8.035023 6456.160000 897.146262
6496 7.320000 8.046540 6474.680000 897.498031
6497 7.280000 8.037562 6460.240000 894.714641
6498 7.440000 8.034351 6455.080000 890.326973
6499 7.540000 8.046540 6474.680000 898.174588
6500 7.560000 8.052453 6484.200000 899.570918
6501 7.480000 8.062803 6500.880000 900.893947
6502 7.520000 8.056029 6489.960000 897.153766
6503 7.340000 8.035745 6457.320000 890.558451
6504 7.200000 8.038930 6462.440000 892.563671
6505 7.020000 8.020449 6432.760000 885.823252
6506 6.900000 8.021696 6434.760000 883.509817
6507 6.720000 8.014936 6423.920000 881.077200
6508 6.520000 8.004923 6407.880000 873.100473
6509 6.620000 8.008920 6414.280000 869.046581
6510 6.660000 8.021596 6434.600000 871.385708
6511 6.700000 8.016658 6426.680000 869.050474
6512 6.740000 8.012665 6420.280000 861.170921
6513 6.860000 8.000425 6400.680000 852.743038
6514 6.960000 8.002225 6403.560000 849.734995
6515 7.000000 7.997950 6396.720000 847.232888
6516 6.940000 8.005923 6409.480000 848.819325
6517 6.940000 8.008271 6413.240000 851.859503
6518 6.860000 8.015111 6424.200000 853.491288
6519 6.940000 8.005273 6408.440000 850.477150
6520 6.940000 8.008021 6412.840000 850.949881
6521 6.900000 8.024537 6439.320000 859.694013
6522 6.900000 8.027328 6443.800000 859.044268
6523 6.800000 8.018129 6429.040000 856.903154
6524 6.920000 8.046540 6474.680000 868.264880
6525 7.140000 8.064664 6503.880000 878.181245
6526 7.020000 8.052652 6484.520000 869.778986
6527 6.920000 8.058883 6494.560000 872.057916
6528 6.780000 8.054340 6487.240000 867.775069
6529 6.860000 8.072546 6516.600000 877.517603
6530 6.840000 8.069176 6511.160000 877.791626
6531 6.840000 8.053322 6485.600000 869.969165
6532 6.860000 8.058511 6493.960000 870.241824
6533 6.880000 8.070291 6512.960000 875.851487
6534 6.900000 8.065755 6505.640000 872.773211
6535 7.100000 8.072348 6516.280000 876.504697
6536 6.880000 8.057618 6492.520000 871.373658
6537 6.700000 8.053397 6485.720000 872.168724
6538 6.720000 8.053943 6486.600000 877.717741
6539 6.600000 8.074354 6519.520000 876.089916
6540 6.380000 8.060893 6497.800000 871.517309
6541 6.420000 8.063126 6501.400000 874.472033
6542 6.440000 8.062084 6499.720000 870.004623
6543 6.360000 8.061067 6498.080000 867.042782
6544 6.260000 8.069424 6511.560000 868.746766
6545 6.260000 8.071109 6514.280000 870.047845
6546 6.120000 8.061538 6498.840000 861.639898
6547 6.000000 8.057692 6492.640000 859.357221
6548 6.060000 8.052801 6484.760000 855.605600
6549 6.280000 8.056252 6490.320000 855.278000
6550 6.160000 8.057568 6492.440000 857.014320
6551 6.140000 8.052155 6483.720000 853.535503
6552 6.020000 8.054589 6487.640000 852.795905
6553 5.820000 8.049820 6479.960000 851.192044
6554 5.800000 8.051956 6483.400000 852.097949
6555 5.800000 8.053670 6486.160000 850.870313
6556 5.760000 8.059603 6495.720000 854.384826
6557 5.900000 8.056625 6490.920000 852.966454
6558 5.860000 8.049671 6479.720000 849.065118
6559 5.760000 8.046515 6474.640000 847.769543
6560 5.880000 8.049671 6479.720000 851.396286
6561 5.960000 8.059082 6494.880000 858.854195
6562 5.900000 8.052254 6483.880000 857.879883
6563 6.080000 8.060124 6496.560000 857.638989
6564 6.100000 8.071555 6515.000000 863.197979
6565 5.960000 8.078812 6526.720000 863.966936
6566 6.100000 8.072051 6515.800000 858.844650
6567 5.980000 8.057568 6492.440000 854.726475
6568 5.880000 8.067391 6508.280000 856.123413
6569 5.840000 8.080198 6528.960000 860.813565
6570 5.980000 8.097086 6556.280000 866.738849
6571 6.100000 8.107897 6573.800000 874.246471
6572 6.060000 8.118547 6591.080000 879.383131
6573 6.120000 8.103333 6566.400000 875.734849
6574 6.040000 8.105134 6569.320000 872.614123
6575 5.980000 8.102074 6564.360000 870.949668
6576 6.140000 8.089475 6543.960000 864.754447
6577 6.220000 8.082599 6532.840000 861.464525
6578 6.160000 8.075766 6521.800000 863.777199
6579 5.940000 8.081411 6530.920000 867.028193
6580 5.900000 8.087299 6540.440000 869.381854
6581 5.920000 8.097308 6556.640000 873.985787
6582 5.860000 8.081114 6530.440000 867.802378
6583 5.860000 8.073587 6518.280000 864.751684
6584 5.880000 8.076212 6522.520000 865.090748
6585 5.960000 8.093207 6550.000000 872.247266
6586 6.120000 8.094517 6552.120000 873.559524
6587 5.980000 8.089771 6544.440000 873.229462
6588 5.960000 8.093627 6550.680000 874.672423
6589 5.860000 8.098222 6558.120000 876.411846
6590 6.000000 8.085518 6537.560000 870.290358
6591 5.760000 8.068209 6509.600000 861.550512
6592 5.880000 8.060447 6497.080000 860.650631
6593 5.880000 8.058635 6494.160000 860.197133
6594 5.900000 8.072199 6516.040000 868.651794
6595 5.840000 8.066474 6506.800000 867.281691
6596 5.840000 8.060546 6497.240000 867.795099
6597 5.900000 8.068383 6509.880000 872.349236
6598 5.680000 8.061290 6498.440000 866.962008
6599 5.520000 8.062407 6500.240000 865.380176
6600 5.400000 8.046639 6474.840000 859.813222
6601 5.480000 8.050342 6480.800000 863.590155
6602 5.480000 8.060596 6497.320000 872.200483
6603 5.440000 8.050739 6481.440000 868.878460
6604 5.260000 8.063324 6501.720000 872.045526
6605 5.160000 8.073710 6518.480000 878.241022
6606 5.240000 8.075172 6520.840000 878.613460
6607 5.240000 8.084207 6535.440000 881.763547
6608 5.320000 8.071357 6514.680000 876.467595
6609 5.200000 8.072769 6516.960000 875.533527
6610 5.200000 8.082401 6532.520000 876.559642
6611 5.360000 8.074701 6520.080000 876.504528
6612 5.400000 8.086161 6538.600000 880.103468
6613 5.400000 8.089153 6543.440000 879.727862
6614 5.320000 8.092639 6549.080000 880.306151
6615 5.200000 8.088263 6542.000000 878.073536
6616 5.140000 8.071357 6514.680000 870.275275
6617 5.080000 8.081831 6531.600000 870.954447
6618 5.220000 8.089524 6544.040000 875.621039
6619 5.300000 8.080470 6529.400000 871.834625
6620 5.420000 8.087546 6540.840000 872.470998
6621 5.460000 8.062729 6500.760000 860.398861
6622 5.300000 8.067342 6508.200000 860.715128
6623 5.260000 8.076856 6523.560000 867.562374
6624 5.220000 8.068383 6509.880000 866.132063
6625 5.340000 8.066548 6506.920000 865.470472
6626 5.320000 8.085122 6536.920000 873.508712
6627 5.380000 8.095258 6553.320000 877.534280
6628 5.440000 8.112632 6581.480000 883.806761
6629 5.420000 8.114111 6583.880000 886.220911
6630 5.440000 8.128838 6607.800000 892.233088
6631 5.260000 8.127214 6605.160000 888.184921
6632 5.260000 8.129674 6609.160000 890.254355
6633 5.360000 8.150092 6642.400000 896.674742
6634 5.460000 8.147810 6638.680000 895.249453
6635 5.540000 8.147417 6638.040000 894.927499
6636 5.600000 8.130166 6609.960000 892.965288
6637 5.580000 8.144520 6633.320000 900.035022
6638 5.480000 8.141474 6628.360000 897.448180
6639 5.340000 8.131740 6612.520000 889.259194
6640 5.300000 8.111153 6579.080000 881.879776
6641 5.380000 8.122044 6596.760000 886.176408
6642 5.460000 8.105628 6570.120000 880.669049
6643 5.500000 8.092293 6548.520000 872.813580
6644 5.460000 8.097234 6556.520000 871.110186
6645 5.280000 8.097753 6557.360000 871.190444
6646 5.340000 8.097530 6557.000000 869.437608
6647 5.200000 8.106294 6571.200000 873.648020
6648 5.220000 8.100988 6562.600000 870.748732
6649 5.140000 8.096394 6555.160000 864.440705
6650 5.280000 8.088288 6542.040000 858.858020
6651 5.400000 8.075098 6520.720000 855.480269
6652 5.400000 8.064812 6504.120000 850.096073
6653 5.300000 8.063275 6501.640000 851.915261
6654 5.320000 8.062233 6499.960000 847.702030
6655 5.340000 8.058263 6493.560000 848.846485
6656 5.260000 8.052105 6483.640000 847.017700
6657 5.160000 8.052130 6483.680000 850.984525
6658 5.200000 8.045098 6472.360000 849.209066
6659 5.100000 8.050416 6480.920000 847.974635
6660 5.040000 8.052652 6484.520000 845.156548
6661 5.140000 8.060099 6496.520000 843.417624
6662 5.260000 8.068829 6510.600000 846.805865
6663 5.200000 8.042040 6467.440000 836.159377
6664 5.220000 8.016708 6426.760000 829.862275
6665 5.460000 8.010967 6417.560000 827.825078
6666 5.560000 8.029172 6446.760000 833.316919
6667 5.380000 8.037885 6460.760000 835.497719
6668 5.320000 8.037786 6460.600000 838.291305
6669 5.440000 8.048901 6478.480000 840.020840
6670 5.420000 8.052850 6484.840000 837.129906
6671 5.460000 8.063275 6501.640000 844.012895
6672 5.380000 8.076658 6523.240000 850.616590
6673 5.300000 8.078143 6525.640000 848.874426
6674 5.200000 8.074429 6519.640000 847.311304
6675 5.060000 8.065011 6504.440000 841.930876
6676 5.180000 8.075073 6520.680000 848.806324
6677 5.160000 8.074701 6520.080000 845.306316
6678 5.020000 8.076707 6523.320000 842.128662
6679 4.940000 8.060298 6496.840000 831.524930
6680 4.820000 8.067540 6508.520000 829.808788
6681 4.800000 8.071828 6515.440000 831.323793
6682 4.680000 8.079530 6527.880000 833.895769
6683 4.800000 8.085048 6536.800000 833.517630
6684 4.720000 8.078638 6526.440000 829.316057
6685 4.660000 8.076262 6522.600000 827.495124
6686 4.640000 8.093281 6550.120000 830.536781
6687 4.680000 8.092416 6548.720000 828.251302
6688 4.540000 8.092935 6549.560000 825.319166
6689 4.580000 8.085468 6537.480000 824.059265
6690 4.760000 8.090513 6545.640000 827.269715
6691 4.660000 8.092639 6549.080000 826.439412
6692 4.760000 8.096394 6555.160000 823.320257
6693 4.820000 8.095950 6554.440000 825.225249
6694 4.820000 8.124752 6601.160000 834.581296
6695 4.820000 8.115738 6586.520000 831.707016
6696 4.860000 8.129034 6608.120000 834.097469
6697 4.680000 8.112114 6580.640000 826.596383
6698 4.680000 8.122980 6598.280000 827.963939
6699 4.720000 8.114925 6585.200000 824.838359
6700 4.760000 8.116083 6587.080000 824.010881
6701 4.520000 8.115910 6586.800000 822.087203
6702 4.560000 8.115689 6586.440000 824.803472
6703 4.600000 8.112213 6580.800000 823.478032
6704 4.360000 8.116871 6588.360000 824.652633
6705 4.200000 8.120443 6594.160000 827.704463
6706 4.240000 8.109279 6576.040000 820.905541
6707 4.220000 8.103653 6566.920000 822.932353
6708 4.200000 8.096246 6554.920000 818.703891
6709 4.160000 8.101506 6563.440000 817.293209
6710 4.180000 8.110068 6577.320000 823.400922
6711 4.100000 8.123127 6598.520000 825.128736
6712 4.300000 8.142014 6629.240000 831.081482
6713 4.400000 8.138943 6624.240000 832.293992
6714 4.200000 8.148644 6640.040000 835.490149
6715 4.120000 8.161666 6661.280000 839.616048
6716 3.920000 8.162279 6662.280000 844.297915
6717 4.080000 8.170483 6675.680000 849.425274
6718 4.160000 8.166590 6669.320000 847.256051
6719 4.200000 8.160392 6659.200000 844.340651
6720 4.220000 8.153993 6648.760000 843.542561
6721 4.160000 8.145084 6634.240000 839.684390
6722 4.080000 8.144471 6633.240000 840.929439
6723 4.160000 8.135207 6618.160000 838.211648
6724 4.200000 8.133954 6616.120000 835.230316
6725 4.320000 8.139926 6625.840000 834.160715
6726 4.360000 8.130609 6610.680000 836.054217
6727 4.180000 8.131888 6612.760000 833.575890
6728 4.240000 8.123177 6598.600000 830.397220
6729 4.320000 8.120739 6594.640000 830.211140
6730 4.260000 8.112287 6580.920000 828.456787
6731 4.320000 8.111572 6579.760000 829.193328
6732 4.380000 8.108687 6575.080000 829.748108
6733 4.420000 8.103456 6566.600000 831.860293
6734 4.360000 8.103900 6567.320000 833.877989
6735 4.320000 8.109846 6576.960000 837.266339
6736 4.440000 8.097382 6556.760000 840.126550
6737 4.480000 8.103826 6567.200000 846.905777
6738 4.400000 8.092095 6548.200000 844.261829
6739 4.460000 8.090019 6544.840000 845.601181
6740 4.500000 8.091353 6547.000000 849.006801
6741 4.440000 8.062704 6500.720000 836.795004
6742 4.480000 8.065259 6504.840000 838.129815
6743 4.260000 8.072150 6515.960000 842.906296
6744 4.080000 8.060397 6497.000000 835.598575
6745 4.040000 8.068655 6510.320000 840.774331
6746 3.880000 8.065854 6505.800000 840.371485
6747 3.960000 8.069597 6511.840000 841.527471
6748 3.940000 8.065656 6505.480000 841.708461
6749 3.980000 8.074478 6519.720000 845.445485
6750 4.000000 8.075519 6521.400000 844.932023
6751 3.940000 8.073983 6518.920000 838.646445
6752 4.000000 8.089623 6544.200000 838.051078
6753 4.060000 8.084776 6536.360000 839.203692
6754 4.020000 8.084034 6535.160000 840.875126
6755 3.980000 8.093775 6550.920000 844.564748
6756 4.080000 8.107256 6572.760000 851.934650
6757 3.900000 8.089277 6543.640000 848.946863
6758 3.860000 8.100790 6562.280000 850.811643
6759 3.720000 8.113939 6583.600000 851.150898
6760 3.720000 8.102419 6564.920000 845.955839
6761 3.880000 8.094887 6552.720000 846.902579
6762 4.040000 8.094863 6552.680000 851.158597
6763 3.880000 8.091329 6546.960000 846.510470
6764 3.860000 8.075964 6522.120000 842.091723
6765 3.940000 8.079282 6527.480000 841.811995
6766 3.920000 8.072150 6515.960000 838.655540
6767 3.800000 8.075791 6521.840000 842.171423
6768 3.840000 8.107651 6573.400000 853.334046
6769 3.780000 8.092391 6548.680000 843.671440
6770 3.620000 8.092243 6548.440000 845.076969
6771 3.580000 8.082153 6532.120000 840.807903
6772 3.580000 8.086408 6539.000000 841.841090
6773 3.520000 8.078812 6526.720000 833.259539
6774 3.580000 8.073735 6518.520000 832.923022
6775 3.620000 8.079381 6527.640000 830.146406
6776 3.760000 8.074132 6519.160000 830.708541
6777 3.700000 8.056227 6490.280000 825.844139
6778 3.660000 8.057965 6493.080000 824.359082
6779 3.600000 8.060918 6497.840000 824.987693
6780 3.740000 8.065705 6505.560000 823.511048
6781 3.740000 8.075469 6521.320000 825.882778
6782 3.840000 8.067837 6509.000000 824.694181
6783 4.080000 8.066375 6506.640000 819.791631
6784 4.220000 8.088288 6542.040000 828.078086
6785 4.240000 8.105159 6569.360000 837.158965
6786 4.280000 8.091947 6547.960000 838.458411
6787 4.220000 8.079183 6527.320000 837.294280
6788 4.140000 8.093083 6549.800000 839.664057
6789 4.240000 8.082821 6533.200000 834.133866
6790 4.240000 8.070762 6513.720000 831.758903
6791 4.080000 8.052180 6483.760000 823.827758
6792 4.080000 8.058263 6493.560000 821.331225
6793 4.060000 8.060992 6497.960000 818.812218
6794 3.980000 8.045695 6473.320000 816.155644
6795 3.940000 8.048578 6477.960000 817.800492
6796 4.160000 8.065606 6505.400000 827.450971
6797 4.060000 8.064812 6504.120000 827.461633
6798 4.060000 8.082005 6531.880000 833.831655
6799 4.020000 8.092194 6548.360000 837.478543
6800 4.060000 8.094961 6552.840000 838.564879
6801 4.020000 8.087447 6540.680000 838.734659
6802 3.860000 8.086755 6539.560000 837.467523
6803 3.840000 8.086037 6538.400000 832.096528
6804 3.800000 8.093479 6550.440000 836.225487
6805 4.000000 8.092120 6548.240000 833.512665
6806 4.020000 8.093281 6550.120000 835.767043
6807 3.900000 8.088238 6541.960000 837.578567
6808 3.820000 8.095554 6553.800000 842.766319
6809 3.840000 8.097605 6557.120000 842.086054
6810 3.680000 8.084627 6536.120000 836.350771
6811 3.720000 8.079752 6528.240000 831.991524
6812 3.700000 8.078044 6525.480000 828.869053
6813 3.560000 8.082871 6533.280000 824.175139
6814 3.460000 8.074776 6520.200000 819.095892
6815 3.460000 8.069176 6511.160000 816.788441
6816 3.480000 8.064664 6503.880000 814.718938
6817 3.620000 8.042413 6468.040000 805.422075
6818 3.660000 8.040821 6465.480000 809.565847
6819 3.640000 8.046167 6474.080000 806.798599
6820 3.720000 8.059801 6496.040000 811.730408
6821 3.800000 8.065780 6505.680000 812.720400
6822 3.960000 8.069672 6511.960000 815.804432
6823 4.080000 8.057841 6492.880000 810.435854
6824 4.240000 8.070712 6513.640000 816.359838
6825 4.020000 8.064316 6503.320000 808.922629
6826 3.920000 8.074032 6519.000000 817.916059
6827 3.780000 8.062878 6501.000000 816.570996
6828 3.680000 8.056227 6490.280000 815.252950
6829 3.460000 8.078886 6526.840000 821.280860
6830 3.420000 8.098864 6559.160000 825.811456
6831 3.460000 8.118793 6591.480000 832.394209
6832 3.480000 8.112632 6581.480000 831.259632
6833 3.640000 8.113988 6583.680000 832.179096
6834 3.600000 8.121158 6595.320000 835.300263
6835 3.660000 8.110808 6578.520000 833.580988
6836 3.800000 8.111991 6580.440000 836.852233
6837 3.840000 8.113988 6583.680000 841.257135
6838 3.560000 8.105726 6570.280000 840.941322
6839 3.460000 8.100938 6562.520000 839.091118
6840 3.280000 8.124063 6600.040000 849.245158
6841 3.220000 8.114210 6584.040000 844.669783
6842 3.180000 8.120961 6595.000000 847.147021
6843 3.040000 8.130437 6610.400000 850.484100
6844 3.120000 8.152619 6646.520000 859.558550
6845 3.120000 8.155685 6651.520000 858.552594
6846 3.280000 8.155612 6651.400000 854.140208
6847 3.320000 8.152497 6646.320000 855.965810
6848 3.260000 8.148742 6640.200000 853.453286
6849 3.220000 8.143537 6631.720000 850.519026
6850 3.040000 8.143243 6631.240000 852.245056
6851 3.040000 8.154900 6650.240000 853.961568
6852 2.940000 8.153895 6648.600000 854.325316
6853 3.020000 8.150656 6643.320000 852.153150
6854 3.140000 8.145011 6634.120000 852.969555
6855 3.020000 8.159632 6657.960000 860.852340
6856 3.060000 8.168403 6672.280000 868.727628
6857 2.980000 8.169578 6674.200000 873.321750
6858 3.000000 8.176234 6685.080000 868.780971
6859 2.920000 8.147540 6638.240000 861.702901
6860 2.940000 8.168403 6672.280000 868.549442
6861 2.820000 8.164974 6666.680000 867.117925
6862 2.980000 8.162181 6662.120000 863.177755
6863 3.100000 8.163798 6664.760000 865.850184
6864 3.100000 8.158848 6656.680000 861.200609
6865 3.180000 8.166884 6669.800000 863.987171
6866 3.180000 8.166493 6669.160000 865.174224
6867 3.000000 8.174497 6682.240000 864.286133
6868 3.140000 8.165072 6666.840000 862.615844
6869 2.980000 8.171977 6678.120000 862.562731
6870 2.920000 8.172466 6678.920000 861.660302
6871 2.840000 8.173665 6680.880000 860.714082
6872 2.840000 8.173787 6681.080000 868.620944
6873 3.000000 8.175427 6683.760000 870.568952
6874 2.920000 8.168843 6673.000000 867.325294
6875 2.900000 8.154974 6650.360000 864.694253
6876 3.000000 8.145747 6635.320000 860.206285
6877 3.080000 8.132503 6613.760000 853.441830
6878 3.140000 8.132773 6614.200000 854.374272
6879 3.100000 8.145207 6634.440000 858.531446
6880 3.160000 8.147466 6638.120000 859.883769
6881 3.200000 8.160147 6658.800000 866.501658
6882 3.140000 8.165709 6667.880000 869.856389
6883 3.240000 8.168917 6673.120000 871.468197
6884 3.300000 8.184840 6699.160000 877.391867
6885 3.300000 8.187527 6703.560000 877.335469
6886 3.280000 8.176283 6685.160000 869.431198
6887 3.140000 8.175549 6683.960000 868.427288
6888 3.200000 8.166639 6669.400000 866.644334
6889 3.260000 8.171046 6676.600000 866.022994
6890 3.140000 8.161054 6660.280000 860.458349
6891 3.140000 8.156985 6653.640000 860.976718
6892 3.340000 8.166248 6668.760000 866.455430
6893 3.260000 8.185719 6700.600000 876.015652
6894 3.260000 8.197975 6720.680000 884.166003
6895 3.380000 8.201488 6726.440000 885.528568
6896 3.560000 8.199878 6723.800000 887.286552
6897 3.580000 8.194657 6715.240000 885.404442
6898 3.600000 8.201975 6727.240000 887.161700
6899 3.600000 8.194779 6715.440000 884.123619
6900 3.500000 8.194950 6715.720000 889.949568
6901 3.420000 8.200902 6725.480000 891.294542
6902 3.460000 8.194266 6714.600000 887.911003
6903 3.460000 8.198512 6721.560000 885.322191
6904 3.560000 8.188016 6704.360000 879.589857
6905 3.520000 8.185744 6700.640000 878.306010
6906 3.420000 8.195535 6716.680000 885.795301
6907 3.420000 8.199000 6722.360000 885.744640
6908 3.460000 8.204901 6732.040000 893.036797
6909 3.420000 8.215327 6749.160000 894.896532
6910 3.360000 8.206315 6734.360000 893.953979
6911 3.420000 8.192704 6712.040000 892.373213
6912 3.140000 8.186990 6702.680000 891.703333
6913 3.100000 8.190067 6707.720000 891.159583
6914 3.260000 8.198171 6721.000000 889.153586
6915 3.440000 8.188235 6704.720000 884.520210
6916 3.460000 8.193973 6714.120000 887.545549
6917 3.440000 8.195755 6717.040000 882.334810
6918 3.480000 8.198561 6721.640000 881.526576
6919 3.420000 8.197487 6719.880000 884.346810
6920 3.460000 8.204560 6731.480000 884.768841
6921 3.660000 8.202951 6728.840000 882.407189
6922 3.640000 8.198073 6720.840000 880.995635
6923 3.660000 8.207289 6735.960000 882.782120
6924 3.620000 8.217323 6752.440000 883.260425
6925 3.620000 8.215230 6749.000000 885.144115
6926 3.640000 8.211187 6742.360000 884.844206
6927 3.680000 8.212673 6744.800000 881.189610
6928 3.720000 8.210457 6741.160000 880.762117
6929 3.680000 8.229362 6772.240000 889.749860
6930 3.640000 8.235897 6783.000000 892.747750
6931 3.680000 8.239078 6788.240000 890.696753
6932 3.740000 8.264890 6830.840000 898.223234
6933 3.820000 8.277125 6851.080000 900.072816
6934 3.940000 8.281570 6858.440000 900.104449
6935 4.020000 8.255980 6816.120000 889.332926
6936 4.160000 8.252587 6810.520000 894.508100
6937 4.260000 8.263728 6828.920000 899.858452
6938 4.300000 8.268325 6836.520000 901.634746
6939 4.180000 8.262373 6826.680000 901.073900
6940 4.280000 8.249291 6805.080000 901.881008
6941 4.220000 8.239150 6788.360000 898.435174
6942 4.260000 8.261114 6824.600000 906.787971
6943 4.200000 8.242621 6794.080000 900.891543
6944 4.220000 8.240024 6789.800000 900.014275
6945 4.200000 8.237670 6785.920000 896.363491
6946 4.040000 8.253605 6812.200000 900.888973
6947 4.100000 8.261017 6824.440000 900.549128
6948 4.200000 8.262760 6827.320000 904.159118
6949 4.140000 8.252733 6810.760000 900.976644
6950 4.160000 8.253945 6812.760000 899.477602
6951 4.100000 8.246041 6799.720000 894.464921
6952 4.060000 8.238228 6786.840000 890.481864
6953 4.040000 8.248879 6804.400000 896.963726
6954 4.000000 8.256270 6816.600000 900.640550
6955 4.020000 8.262663 6827.160000 900.212428
6956 4.040000 8.256222 6816.520000 900.220229
6957 3.900000 8.252345 6810.120000 893.308376
6958 3.920000 8.252927 6811.080000 896.437097
6959 3.800000 8.242087 6793.200000 893.896439
6960 3.820000 8.247400 6801.960000 896.435626
6961 3.720000 8.241650 6792.480000 894.250961
6962 3.700000 8.238228 6786.840000 890.886044
6963 3.700000 8.239830 6789.480000 885.742706
6964 3.680000 8.257821 6819.160000 890.426211
6965 3.740000 8.277367 6851.480000 896.769858
6966 3.800000 8.290983 6874.040000 898.221545
6967 3.680000 8.271106 6841.120000 891.889068
6968 3.680000 8.263680 6828.840000 885.179723
6969 3.640000 8.260896 6824.240000 887.825873
6970 3.460000 8.255447 6815.240000 887.665506
6971 3.380000 8.272001 6842.600000 893.554996
6972 3.440000 8.265809 6832.360000 888.307747
6973 3.380000 8.265906 6832.520000 892.358885
6974 3.540000 8.265228 6831.400000 891.117678
6975 3.460000 8.274757 6847.160000 892.463053
6976 3.580000 8.282294 6859.640000 892.784531
6977 3.460000 8.281425 6858.200000 896.671537
6978 3.440000 8.274660 6847.000000 890.746760
6979 3.440000 8.273137 6844.480000 889.629484
6980 3.520000 8.284998 6864.120000 891.608365
6981 3.560000 8.281787 6858.800000 889.953536
6982 3.520000 8.298217 6886.040000 896.299940
6983 3.460000 8.281473 6858.280000 886.615039
6984 3.560000 8.291465 6874.840000 886.613277
6985 3.580000 8.286447 6866.520000 883.668096
6986 3.480000 8.284564 6863.400000 878.941807
6987 3.660000 8.285047 6864.200000 876.039860
6988 3.740000 8.279203 6854.520000 873.203407
6989 3.800000 8.280966 6857.440000 874.149530
6990 3.820000 8.280990 6857.480000 872.188743
6991 3.920000 8.289946 6872.320000 873.611325
6992 3.900000 8.273403 6844.920000 865.506769
6993 3.860000 8.280169 6856.120000 868.594056
6994 3.800000 8.287509 6868.280000 873.323587
6995 3.920000 8.286809 6867.120000 873.641894
6996 3.900000 8.278430 6853.240000 870.967917
6997 3.880000 8.272944 6844.160000 874.553037
6998 3.860000 8.267986 6835.960000 872.829047
6999 3.920000 8.271542 6841.840000 872.593340
7000 3.860000 8.257869 6819.240000 871.172143
7001 3.780000 8.272581 6843.560000 877.466959
7002 3.720000 8.259467 6821.880000 869.078965
7003 3.760000 8.266559 6833.600000 872.167066
7004 3.820000 8.256900 6817.640000 866.149314
7005 3.980000 8.254235 6813.240000 865.445601
7006 3.920000 8.251763 6809.160000 864.766360
7007 4.020000 8.243179 6795.000000 858.747671
7008 4.080000 8.235023 6781.560000 856.261920
7009 4.120000 8.213160 6745.600000 850.789724
7010 4.100000 8.222092 6760.280000 854.107327
7011 4.160000 8.232278 6777.040000 860.199784
7012 4.140000 8.236723 6784.360000 861.210294
7013 4.160000 8.238932 6788.000000 858.763535
7014 4.060000 8.244538 6797.240000 862.726713
7015 4.000000 8.243494 6795.520000 860.873739
7016 3.960000 8.245217 6798.360000 865.896673
7017 4.120000 8.271348 6841.520000 877.218351
7018 4.020000 8.266535 6833.560000 874.907709
7019 4.140000 8.271469 6841.720000 873.072572
7020 4.220000 8.258450 6820.200000 866.269421
7021 4.080000 8.273041 6844.320000 874.654923
7022 4.040000 8.283115 6861.000000 879.607516
7023 3.920000 8.286905 6867.280000 882.216939
7024 3.900000 8.274080 6846.040000 877.926939
7025 3.840000 8.266220 6833.040000 875.242557
7026 3.920000 8.260726 6823.960000 873.716918
7027 4.000000 8.269800 6838.960000 877.288018
7028 3.960000 8.249873 6806.040000 869.355418
7029 4.020000 8.265761 6832.280000 879.037447
7030 4.040000 8.268422 6836.680000 879.766231
7031 4.040000 8.268640 6837.040000 881.920777
7032 4.120000 8.274902 6847.400000 886.775386
7033 4.280000 8.279324 6854.720000 887.281425
7034 4.140000 8.282005 6859.160000 890.305575
7035 4.140000 8.274853 6847.320000 888.655976
7036 4.100000 8.278043 6852.600000 888.398508
7037 4.120000 8.282753 6860.400000 890.492385
7038 4.220000 8.275965 6849.160000 885.921871
7039 4.160000 8.268253 6836.400000 883.904586
7040 4.000000 8.264599 6830.360000 880.407363
7041 4.020000 8.279686 6855.320000 883.298012
7042 4.100000 8.292093 6875.880000 888.863839
7043 4.260000 8.302650 6893.400000 887.998445
7044 4.300000 8.289584 6871.720000 885.812392
7045 4.340000 8.287364 6868.040000 883.736635
7046 4.420000 8.282777 6860.440000 883.302752
7047 4.480000 8.275361 6848.160000 876.833389
7048 4.600000 8.275240 6847.960000 876.199775
7049 4.760000 8.295589 6881.680000 888.341929
7050 4.600000 8.279589 6855.160000 885.723609
7051 4.640000 8.286133 6866.000000 885.784831
7052 4.500000 8.298168 6885.960000 888.446900
7053 4.300000 8.289632 6871.800000 884.805789
7054 4.400000 8.280121 6856.040000 884.266130
7055 4.240000 8.274974 6847.520000 880.328327
7056 4.140000 8.281135 6857.720000 881.157574
7057 4.280000 8.283767 6862.080000 877.325288
7058 4.240000 8.283888 6862.280000 877.306684
7059 4.220000 8.266632 6833.720000 870.940852
7060 4.280000 8.248176 6803.240000 864.162342
7061 4.180000 8.243907 6796.200000 860.454876
7062 4.200000 8.254332 6813.400000 861.861250
7063 4.360000 8.266753 6833.920000 862.164880
7064 4.400000 8.266777 6833.960000 863.728972
7065 4.420000 8.268954 6837.560000 862.664663
7066 4.360000 8.259080 6821.240000 862.182760
7067 4.160000 8.245290 6798.480000 860.857545
7068 4.140000 8.261792 6825.720000 860.596864
7069 4.040000 8.262445 6826.800000 859.316087
7070 4.020000 8.256270 6816.600000 853.912450
7071 4.020000 8.250794 6807.560000 852.068350
7072 3.780000 8.256561 6817.080000 852.573100
7073 3.940000 8.258935 6821.000000 852.487118
7074 4.080000 8.282970 6860.760000 860.478445
7075 4.160000 8.292261 6876.160000 865.682313
7076 4.200000 8.290597 6873.400000 869.016705
7077 4.140000 8.271034 6841.000000 862.790295
7078 4.300000 8.286833 6867.160000 868.913850
7079 4.300000 8.303806 6895.320000 870.722516
7080 4.380000 8.309296 6904.440000 875.973001
7081 4.320000 8.300072 6889.120000 873.871269
7082 4.420000 8.292575 6876.680000 871.629336
7083 4.420000 8.305685 6898.440000 876.313146
7084 4.280000 8.306552 6899.880000 870.701725
7085 4.260000 8.321322 6924.440000 876.794627
7086 4.220000 8.324398 6929.560000 878.057275
7087 4.340000 8.302506 6893.160000 870.117443
7088 4.280000 8.298120 6885.880000 871.540327
7089 4.080000 8.305275 6897.760000 871.074492
7090 4.120000 8.293829 6878.760000 865.607250
7091 4.140000 8.292961 6877.320000 862.518426
7092 4.180000 8.301542 6891.560000 867.879256
7093 4.120000 8.294191 6879.360000 862.755570
7094 3.940000 8.310162 6905.880000 869.585638
7095 3.820000 8.323773 6928.520000 877.764517
7096 3.800000 8.321466 6924.680000 883.611547
7097 3.820000 8.316610 6916.600000 874.765752
7098 4.020000 8.310114 6905.800000 872.797186
7099 4.060000 8.309103 6904.120000 871.922266
7100 3.880000 8.315263 6914.360000 875.550598
7101 3.860000 8.326752 6933.480000 878.807418
7102 3.760000 8.323917 6928.760000 877.620265
7103 3.760000 8.310379 6906.240000 876.231914
7104 3.760000 8.315840 6915.320000 874.582086
7105 3.860000 8.320793 6923.560000 875.913377
7106 3.860000 8.336018 6948.920000 885.723168
7107 3.980000 8.328145 6935.800000 882.356929
7108 4.000000 8.343213 6960.920000 887.560512
7109 3.880000 8.332155 6942.480000 878.393084
7110 3.880000 8.346616 6966.600000 885.545567
7111 3.900000 8.357153 6984.200000 894.027110
7112 3.960000 8.355764 6981.880000 892.362901
7113 3.900000 8.347479 6968.040000 888.733269
7114 3.780000 8.342014 6958.920000 888.485635
7115 3.940000 8.332611 6943.240000 889.013076
7116 4.020000 8.329730 6938.440000 885.897468
7117 4.000000 8.335226 6947.600000 891.614064
7118 4.020000 8.317187 6917.560000 886.444500
7119 3.880000 8.308165 6902.560000 879.134592
7120 3.920000 8.305300 6897.800000 875.038554
7121 3.640000 8.302241 6892.720000 873.529750
7122 3.560000 8.308526 6903.160000 873.213131
7123 3.600000 8.302771 6893.600000 872.722272
7124 3.640000 8.315888 6915.400000 875.966082
7125 3.660000 8.314734 6913.480000 877.718279
7126 3.560000 8.314638 6913.320000 872.944969
7127 3.580000 8.309440 6904.680000 872.717342
7128 3.660000 8.309970 6905.560000 878.588245
7129 3.620000 8.314926 6913.800000 882.731797
7130 3.840000 8.320264 6922.680000 889.502787
7131 4.020000 8.327905 6935.400000 890.824715
7132 3.940000 8.329346 6937.800000 895.307511
7133 3.980000 8.326080 6932.360000 897.478239
7134 3.980000 8.312954 6910.520000 891.608017
7135 3.820000 8.315696 6915.080000 894.106395
7136 3.740000 8.321707 6925.080000 894.884973
7137 3.640000 8.327641 6934.960000 892.646982
7138 3.780000 8.316850 6917.000000 888.792815
7139 3.760000 8.307057 6900.720000 883.825131
7140 3.780000 8.310884 6907.080000 885.237646
7141 3.720000 8.313074 6910.720000 882.653813
7142 3.820000 8.318293 6919.400000 886.127982
7143 3.920000 8.313122 6910.800000 883.516154
7144 4.000000 8.325023 6930.600000 887.974940
7145 4.060000 8.331747 6941.800000 886.971521
7146 4.000000 8.359258 6987.720000 893.829623
7147 3.980000 8.347527 6968.120000 895.643613
7148 3.960000 8.354520 6979.800000 898.789366
7149 4.120000 8.349419 6971.280000 901.595484
7150 4.160000 8.363373 6994.600000 907.439723
7151 4.220000 8.364903 6997.160000 904.917927
7152 4.200000 8.339568 6954.840000 893.291842
7153 4.260000 8.323533 6928.120000 884.010113
7154 4.400000 8.328337 6936.120000 889.706257
7155 4.620000 8.325599 6931.560000 891.512832
7156 4.580000 8.302747 6893.560000 885.150136
7157 4.780000 8.297638 6885.080000 885.250821
7158 4.800000 8.291176 6874.360000 885.714012
7159 4.900000 8.292430 6876.440000 880.935272
7160 4.860000 8.280169 6856.120000 876.437510
7161 4.900000 8.263583 6828.680000 872.441805
7162 4.820000 8.245896 6799.480000 866.866036
7163 4.640000 8.249703 6805.760000 869.757633
7164 4.840000 8.241141 6791.640000 868.824678
7165 4.760000 8.232181 6776.880000 863.405468
7166 4.620000 8.246381 6800.280000 868.765695
7167 4.740000 8.242888 6794.520000 869.720133
7168 4.940000 8.251860 6809.320000 875.920866
7169 4.980000 8.252297 6810.040000 879.340352
7170 5.200000 8.256755 6817.400000 883.676438
7171 5.240000 8.257796 6819.120000 883.813447
7172 5.360000 8.250455 6807.000000 879.095947
7173 5.300000 8.245168 6798.280000 874.557055
7174 5.300000 8.251570 6808.840000 878.425621
7175 5.200000 8.265204 6831.360000 883.296657
7176 5.360000 8.282391 6859.800000 892.432590
7177 5.480000 8.289753 6872.000000 898.051241
7178 5.600000 8.297445 6884.760000 901.416101
7179 5.540000 8.298120 6885.880000 899.623212
7180 5.580000 8.294311 6879.560000 901.124936
7181 5.480000 8.299301 6887.840000 905.971171
7182 5.520000 8.292720 6876.920000 901.181971
7183 5.660000 8.308237 6902.680000 908.368484
7184 5.540000 8.302072 6892.440000 902.356498
7185 5.460000 8.285143 6864.360000 899.065311
7186 5.240000 8.280604 6856.840000 896.551161
7187 5.240000 8.290669 6873.520000 899.760211
7188 5.140000 8.302072 6892.440000 904.669969
7189 5.220000 8.304384 6896.280000 911.081077
7190 5.360000 8.309103 6904.120000 913.779960
7191 5.260000 8.312232 6909.320000 909.715912
7192 5.320000 8.315407 6914.600000 913.074595
7193 5.300000 8.329250 6937.640000 917.899154
7194 5.320000 8.348054 6969.000000 926.646772
7195 5.360000 8.334987 6947.200000 924.715802
7196 5.380000 8.321755 6925.160000 918.675243
7197 5.480000 8.337530 6951.440000 924.679717
7198 5.480000 8.348054 6969.000000 929.014771
7199 5.520000 8.340647 6956.640000 926.023788
7200 5.580000 8.337841 6951.960000 920.597986
7201 5.500000 8.332083 6942.360000 918.849649
7202 5.680000 8.337937 6952.120000 920.550358
7203 5.620000 8.324446 6929.640000 920.956824
7204 5.780000 8.322908 6927.080000 922.352247
7205 5.800000 8.327545 6934.800000 925.517187
7206 5.700000 8.306889 6900.440000 917.777867
7207 5.640000 8.320529 6923.120000 921.699134
7208 5.620000 8.324398 6929.560000 917.767565
7209 5.760000 8.312304 6909.440000 912.632174
7210 5.740000 8.310499 6906.440000 911.977707
7211 5.820000 8.312569 6909.880000 910.095817
7212 5.900000 8.315552 6914.840000 912.347882
7213 5.820000 8.310981 6907.240000 911.975527
7214 5.620000 8.310307 6906.120000 906.584941
7215 5.600000 8.320769 6923.520000 910.986942
7216 5.380000 8.317572 6918.200000 906.506406
7217 5.500000 8.333139 6944.120000 912.623993
7218 5.340000 8.354520 6979.800000 922.853563
7219 5.240000 8.347455 6968.000000 917.288487
7220 5.320000 8.339856 6955.320000 919.957525
7221 5.340000 8.323677 6928.360000 916.236903
7222 5.440000 8.315023 6913.960000 913.382004
7223 5.400000 8.319567 6921.520000 916.513220
7224 5.340000 8.307804 6901.960000 911.668840
7225 5.340000 8.295999 6882.360000 909.493622
7226 5.260000 8.280894 6857.320000 906.171470
7227 5.240000 8.276328 6849.760000 902.537971
7228 5.120000 8.288522 6869.960000 903.439387
7229 5.000000 8.280725 6857.040000 901.132303
7230 4.940000 8.277222 6851.240000 898.954901
7231 4.840000 8.282174 6859.440000 902.067276
7232 4.800000 8.286881 6867.240000 903.578992
7233 4.760000 8.277488 6851.680000 897.890712
7234 4.780000 8.279638 6855.240000 893.621455
7235 4.940000 8.270405 6839.960000 894.251131
7236 5.060000 8.275095 6847.720000 898.286310
7237 5.040000 8.276183 6849.520000 895.163268
7238 4.960000 8.275289 6848.040000 891.812240
7239 4.980000 8.283791 6862.120000 891.248114
7240 5.020000 8.265809 6832.360000 883.819612
7241 5.000000 8.251691 6809.040000 880.181834
7242 5.020000 8.251230 6808.280000 879.077155
7243 4.980000 8.243761 6795.960000 878.721280
7244 4.960000 8.238471 6787.240000 879.395551
7245 4.840000 8.244562 6797.280000 881.804579
7246 4.940000 8.250406 6806.920000 883.750213
7247 4.960000 8.253581 6812.160000 881.685472
7248 4.740000 8.248418 6803.640000 879.013102
7249 4.840000 8.249945 6806.160000 878.661398
7250 4.780000 8.253411 6811.880000 875.848659
7251 4.660000 8.246090 6799.800000 870.229290
7252 4.760000 8.242500 6793.880000 868.871637
7253 4.600000 8.233978 6779.840000 863.845423
7254 4.540000 8.227685 6769.480000 865.258284
7255 4.560000 8.224305 6763.920000 862.145084
7256 4.480000 8.205388 6732.840000 850.851808
7257 4.580000 8.204218 6730.920000 849.700801
7258 4.540000 8.207094 6735.640000 852.223436
7259 4.800000 8.220511 6757.680000 857.590520
7260 4.620000 8.202024 6727.320000 849.947301
7261 4.380000 8.202366 6727.880000 848.266472
7262 4.380000 8.201341 6726.200000 846.981814
7263 4.440000 8.184522 6698.640000 841.942752
7264 4.340000 8.175060 6683.160000 837.397159
7265 4.160000 8.171365 6677.120000 836.667886
7266 4.140000 8.174570 6682.360000 837.100719
7267 4.100000 8.165121 6666.920000 836.087662
7268 4.140000 8.178288 6688.440000 841.506819
7269 4.260000 8.165317 6667.240000 835.977463
7270 4.320000 8.158603 6656.280000 829.548578
7271 4.360000 8.136387 6620.080000 821.100398
7272 4.340000 8.129477 6608.840000 819.052278
7273 4.180000 8.132626 6613.960000 817.097592
7274 4.160000 8.136707 6620.600000 819.071983
7275 4.140000 8.133757 6615.800000 820.211975
7276 4.180000 8.126081 6603.320000 819.028333
7277 4.020000 8.133708 6615.720000 820.286265
7278 4.100000 8.131593 6612.280000 823.854483
7279 4.120000 8.128272 6606.880000 826.024990
7280 4.000000 8.131298 6611.800000 829.063818
7281 4.100000 8.136658 6620.520000 829.060867
7282 4.120000 8.160564 6659.480000 832.628881
7283 4.140000 8.165268 6667.160000 838.177621
7284 3.980000 8.166590 6669.320000 835.900434
7285 3.940000 8.149135 6640.840000 832.423858
7286 3.960000 8.125786 6602.840000 823.662495
7287 3.960000 8.132896 6614.400000 824.868768
7288 3.860000 8.127853 6606.200000 819.970486
7289 3.860000 8.123275 6598.760000 819.980785
7290 3.900000 8.117118 6588.760000 819.337085
7291 4.000000 8.127238 6605.200000 824.000731
7292 4.020000 8.127509 6605.640000 824.157259
7293 3.980000 8.125195 6601.880000 823.603383
7294 3.920000 8.130510 6610.520000 829.586034
7295 4.020000 8.117413 6589.240000 822.443262
7296 4.060000 8.118941 6591.720000 820.362324
7297 3.940000 8.120271 6593.880000 823.910775
7298 3.800000 8.112534 6581.320000 817.364371
7299 3.820000 8.105874 6570.520000 814.824854
7300 3.740000 8.114160 6583.960000 819.297011
7301 3.720000 8.110684 6578.320000 815.535003
7302 3.760000 8.097185 6556.440000 807.521867
7303 3.640000 8.115812 6586.640000 814.183831
7304 3.600000 8.127361 6605.400000 822.091369
7305 3.580000 8.128198 6606.760000 821.070163
7306 3.540000 8.128493 6607.240000 821.865295
7307 3.600000 8.132060 6613.040000 816.309084
7308 3.460000 8.138034 6622.760000 820.525730
7309 3.300000 8.158554 6656.200000 829.787764
7310 3.300000 8.134691 6617.320000 820.770391
7311 3.260000 8.140000 6625.960000 821.667495
7312 3.280000 8.132822 6614.280000 819.650745
7313 3.360000 8.135994 6619.440000 820.928460
7314 3.360000 8.144225 6632.840000 825.361115
7315 3.460000 8.137149 6621.320000 827.057129
7316 3.400000 8.145698 6635.240000 830.587098
7317 3.520000 8.134667 6617.280000 828.678489
7318 3.520000 8.138034 6622.760000 827.641791
7319 3.420000 8.136166 6619.720000 826.039801
7320 3.340000 8.131002 6611.320000 817.861967
7321 3.300000 8.125786 6602.840000 814.126920
7322 3.240000 8.123029 6598.360000 813.368041
7323 3.220000 8.113914 6583.560000 808.519627
7324 3.120000 8.098222 6558.120000 804.171618
7325 3.060000 8.084479 6535.880000 801.201591
7326 3.020000 8.082153 6532.120000 802.972845
7327 2.900000 8.066251 6506.440000 791.997798
7328 2.960000 8.074825 6520.280000 792.448559
7329 2.980000 8.091848 6547.800000 800.429492
7330 2.860000 8.080916 6530.120000 799.120947
7331 2.840000 8.071084 6514.240000 792.747311
7332 2.760000 8.075915 6522.040000 788.689423
7333 3.000000 8.074899 6520.400000 788.192803
7334 2.840000 8.055880 6489.720000 780.811036
7335 2.960000 8.054812 6488.000000 785.852048
7336 3.020000 8.044501 6471.400000 778.121163
7337 2.920000 8.062407 6500.240000 786.950434
7338 3.080000 8.061836 6499.320000 789.541255
7339 2.980000 8.048428 6477.720000 783.136567
7340 3.060000 8.050714 6481.400000 783.630340
7341 2.920000 8.056600 6490.880000 787.373192
7342 2.800000 8.043308 6469.480000 783.393257
7343 2.680000 8.045023 6472.240000 782.091949
7344 2.620000 8.040174 6464.440000 775.503739
7345 2.680000 8.047012 6475.440000 777.013242
7346 2.820000 8.054142 6486.920000 779.323040
7347 2.580000 8.046092 6473.960000 771.478526
7348 2.500000 8.045297 6472.680000 769.769094
7349 2.580000 8.030367 6448.680000 763.906157
7350 2.540000 8.036542 6458.600000 767.156823
7351 2.620000 8.027528 6444.120000 763.422615
7352 2.600000 8.016857 6427.000000 755.573896
7353 2.580000 8.016209 6425.960000 751.271052
7354 2.480000 8.018204 6429.160000 751.307089
7355 2.420000 8.008321 6413.320000 747.078894
7356 2.460000 8.005673 6409.080000 746.861194
7357 2.480000 8.000350 6400.560000 744.672438
7358 2.580000 7.997475 6395.960000 741.775016
7359 2.500000 7.997225 6395.560000 741.587029
7360 2.660000 7.984760 6375.640000 740.016777
7361 2.660000 7.980251 6368.440000 739.157145
7362 2.780000 7.963140 6341.160000 735.267301
7363 2.780000 7.968061 6349.000000 737.932216
7364 2.980000 7.950774 6321.480000 739.182801
7365 2.920000 7.945363 6312.880000 734.519173
7366 2.780000 7.944331 6311.240000 733.010773
7367 2.800000 7.948937 6318.560000 737.192476
7368 2.900000 7.941914 6307.400000 733.138666
7369 3.120000 7.956582 6330.720000 742.955964
7370 3.120000 7.972478 6356.040000 751.507339
7371 3.160000 7.975713 6361.200000 751.375231
7372 3.220000 7.952786 6324.680000 739.215957
7373 3.200000 7.951805 6323.120000 742.580812
7374 3.500000 7.945590 6313.240000 743.154730
7375 3.500000 7.931179 6290.360000 738.478546
7376 3.500000 7.953942 6326.520000 747.424730
7377 3.440000 7.965425 6344.800000 746.190800
7378 3.500000 7.959221 6334.920000 744.063642
7379 3.540000 7.964597 6343.480000 746.304965
7380 3.760000 7.948157 6317.320000 738.241196
7381 3.580000 7.943324 6309.640000 735.805728
7382 3.460000 7.945993 6313.880000 735.127523
7383 3.660000 7.954345 6327.160000 738.899621
7384 3.540000 7.955451 6328.920000 737.431941
7385 3.440000 7.959347 6335.120000 738.519503
7386 3.340000 7.975187 6360.360000 740.072714
7387 3.460000 7.982155 6371.480000 742.736206
7388 3.260000 7.971073 6353.800000 735.981500
7389 3.300000 7.985362 6376.600000 739.206601
7390 3.120000 7.971775 6354.920000 731.390476
7391 3.280000 7.970345 6352.640000 730.177766
7392 3.080000 7.961131 6337.960000 729.674483
7393 3.160000 7.947880 6316.880000 722.607454
7394 3.180000 7.958367 6333.560000 729.899887
7395 3.180000 7.950572 6321.160000 725.103804
7396 3.200000 7.941159 6306.200000 725.814064
7397 3.300000 7.934305 6295.320000 723.120092
7398 3.260000 7.924519 6279.800000 719.076415
7399 3.400000 7.930851 6289.840000 723.379271
7400 3.400000 7.937128 6299.800000 725.131702
7401 3.580000 7.942015 6307.560000 728.360387
7402 3.460000 7.946899 6315.320000 727.603023
7403 3.460000 7.966354 6346.280000 730.880801
7404 3.360000 7.967710 6348.440000 729.960793
7405 3.300000 7.976591 6362.600000 731.424120
7406 3.300000 7.966756 6346.920000 725.953601
7407 3.360000 7.992046 6387.280000 736.728593
7408 3.320000 8.001875 6403.000000 741.403639
7409 3.460000 8.000025 6400.040000 742.424087
7410 3.380000 7.990219 6384.360000 736.820412
7411 3.360000 7.994198 6390.720000 738.801675
7412 3.240000 7.993622 6389.800000 739.627143
7413 3.480000 8.005048 6408.080000 746.422531
7414 3.340000 7.992622 6388.200000 738.396232
7415 3.360000 7.999300 6398.880000 743.269938
7416 3.580000 8.003774 6406.040000 747.666996
7417 3.520000 7.999150 6398.640000 750.562982
7418 3.580000 8.008271 6413.240000 749.112321
7419 3.720000 8.002100 6403.360000 745.347454
7420 3.560000 7.984811 6375.720000 737.602879
7421 3.820000 7.979449 6367.160000 738.807878
7422 3.980000 7.989168 6382.680000 741.260044
7423 4.020000 7.977142 6363.480000 733.559041
7424 3.860000 7.972327 6355.800000 730.686900
7425 3.940000 7.965651 6345.160000 732.979512
7426 3.960000 7.961231 6338.120000 733.864133
7427 4.100000 7.959422 6335.240000 731.939241
7428 4.200000 7.962387 6339.960000 731.922723
7429 4.060000 7.970822 6353.400000 733.420801
7430 4.080000 7.976139 6361.880000 733.933775
7431 4.200000 7.988592 6381.760000 737.231200
7432 4.100000 7.996524 6394.440000 741.757025
7433 4.000000 8.001450 6402.320000 746.061658
7434 4.120000 8.006223 6409.960000 746.314246
7435 4.160000 8.011142 6417.840000 744.629331
7436 3.980000 8.019202 6430.760000 746.493754
7437 3.880000 8.020424 6432.720000 750.052148
7438 3.900000 8.023391 6437.480000 749.898696
7439 3.920000 8.029446 6447.200000 755.064673
7440 3.900000 8.034252 6454.920000 757.978391
7441 3.960000 8.027353 6443.840000 758.949898
7442 4.060000 8.047434 6476.120000 763.976820
7443 3.960000 8.028948 6446.400000 754.560113
7444 4.080000 8.006622 6410.600000 747.094663
7445 4.040000 8.002849 6404.560000 741.379430
7446 4.220000 7.989668 6383.480000 735.146491
7447 4.220000 7.986113 6377.800000 735.931114
7448 4.200000 7.996674 6394.680000 742.484462
7449 4.280000 7.982882 6372.640000 737.338019
7450 4.340000 7.971524 6354.520000 733.831173
7451 4.460000 7.972729 6356.440000 738.007200
7452 4.480000 7.973030 6356.920000 740.741189
7453 4.340000 7.973882 6358.280000 737.449686
7454 4.100000 7.967760 6348.520000 732.856843
7455 4.140000 7.976390 6362.280000 732.178020
7456 4.100000 7.976190 6361.960000 734.024889
7457 4.160000 7.980476 6368.800000 736.724061
7458 4.060000 7.968814 6350.200000 731.399239
7459 4.080000 7.974509 6359.280000 730.470859
7460 3.840000 7.968613 6349.880000 727.407542
7461 3.920000 7.966831 6347.040000 727.162054
7462 3.940000 7.967258 6347.720000 725.053210
7463 3.840000 7.978170 6365.120000 733.931649
7464 3.880000 7.991571 6386.520000 736.099614
7465 3.860000 7.975187 6360.360000 733.238267
7466 3.800000 7.961784 6339.000000 727.906342
7467 3.840000 7.977920 6364.720000 735.112527
7468 3.880000 7.975187 6360.360000 736.637252
7469 4.020000 7.974735 6359.640000 735.175224
7470 4.020000 7.962487 6340.120000 729.814820
7471 4.080000 7.956884 6331.200000 725.925024
7472 4.140000 7.961482 6338.520000 726.058694
7473 4.020000 7.961884 6339.160000 723.757519
7474 4.080000 7.959472 6335.320000 718.895187
7475 4.160000 7.951956 6323.360000 715.587809
7476 4.320000 7.954998 6328.200000 720.396753
7477 4.500000 7.959422 6335.240000 720.459152
7478 4.640000 7.963241 6341.320000 718.475319
7479 4.780000 7.956306 6330.280000 719.287261
7480 4.900000 7.958517 6333.800000 724.496621
7481 5.060000 7.953691 6326.120000 723.437648
7482 4.980000 7.961784 6339.000000 727.508679
7483 4.960000 7.975763 6361.280000 734.803300
7484 4.840000 7.976942 6363.160000 735.260382
7485 4.820000 7.960025 6336.200000 733.667911
7486 4.860000 7.961131 6337.960000 732.493589
7487 4.720000 7.955325 6328.720000 726.681185
7488 4.800000 7.960276 6336.600000 728.153855
7489 4.940000 7.977343 6363.800000 732.787693
7490 5.040000 7.985011 6376.040000 735.188431
7491 5.180000 7.992822 6388.520000 739.114220
7492 5.260000 7.990269 6384.440000 742.339527
7493 5.160000 7.996999 6395.200000 750.182800
7494 5.200000 8.009819 6415.720000 755.450283
7495 5.000000 8.027054 6443.360000 758.399290
7496 5.200000 8.035745 6457.320000 766.345990
7497 5.200000 8.042835 6468.720000 770.811419
7498 5.200000 8.045695 6473.320000 765.462888
7499 5.380000 8.049074 6478.760000 767.647886
7500 5.380000 8.054092 6486.840000 771.127232
7501 5.420000 8.072942 6517.240000 779.053846
7502 5.340000 8.066151 6506.280000 772.382647
7503 5.320000 8.072868 6517.120000 771.442289
7504 5.200000 8.080124 6528.840000 772.321150
7505 5.260000 8.087150 6540.200000 772.433902
7506 5.340000 8.084133 6535.320000 774.668015
7507 5.420000 8.076856 6523.560000 767.580623
7508 5.580000 8.069771 6512.120000 761.175435
7509 5.720000 8.069944 6512.400000 763.931928
7510 5.740000 8.078985 6527.000000 765.499209
7511 5.880000 8.086779 6539.600000 771.334101
7512 5.860000 8.073339 6517.880000 769.916298
7513 5.820000 8.064068 6502.920000 761.418874
7514 5.840000 8.072843 6517.080000 767.352864
7515 5.840000 8.059826 6496.080000 764.922200
7516 5.800000 8.056575 6490.840000 764.643918
7517 5.820000 8.042462 6468.120000 760.396700
7518 5.860000 8.045595 6473.160000 766.938612
7519 5.940000 8.061935 6499.480000 775.219923
7520 5.900000 8.060397 6497.000000 774.978660
7521 5.760000 8.072719 6516.880000 782.906603
7522 5.960000 8.075618 6521.560000 784.521523
7523 6.100000 8.063622 6502.200000 779.392639
7524 6.160000 8.074825 6520.280000 786.754302
7525 6.300000 8.068978 6510.840000 785.712146
7526 6.420000 8.094566 6552.200000 793.993664
7527 6.480000 8.103530 6566.720000 801.907265
7528 6.400000 8.096493 6555.320000 797.539096
7529 6.360000 8.074503 6519.760000 789.439868
7530 6.340000 8.071109 6514.280000 791.715153
7531 6.420000 8.066598 6507.000000 788.935641
7532 6.620000 8.050963 6481.800000 787.438862
7533 6.660000 8.047484 6476.200000 789.112649
7534 6.580000 8.052801 6484.760000 793.471426
7535 6.460000 8.050366 6480.840000 794.748850
7536 6.380000 8.060248 6496.760000 800.056983
7537 6.380000 8.060744 6497.560000 798.081579
7538 6.440000 8.056823 6491.240000 794.350299
7539 6.520000 8.045769 6473.440000 788.573999
7540 6.640000 8.048776 6478.280000 792.280480
7541 6.580000 8.057766 6492.760000 798.589728
7542 6.680000 8.068333 6509.800000 806.970173
7543 6.900000 8.063027 6501.240000 805.314442
7544 7.060000 8.057915 6493.000000 799.233627
7545 7.120000 8.074751 6520.160000 808.902656
7546 7.180000 8.088832 6542.920000 818.974963
7547 7.220000 8.105184 6569.400000 826.259959
7548 7.100000 8.124408 6600.600000 833.802560
7549 7.120000 8.115319 6585.840000 830.067893
7550 7.240000 8.120271 6593.880000 836.586004
7551 7.300000 8.117167 6588.840000 832.649585
7552 7.180000 8.114604 6584.680000 831.463404
7553 7.100000 8.106220 6571.080000 827.692040
7554 7.100000 8.100000 6561.000000 827.300628
7555 7.060000 8.102518 6565.080000 832.891897
7556 7.100000 8.122931 6598.200000 843.224587
7557 7.140000 8.107355 6572.920000 836.856750
7558 7.000000 8.114062 6583.800000 838.078720
7559 7.120000 8.127091 6604.960000 842.139085
7560 7.160000 8.118497 6591.000000 841.070585
7561 7.200000 8.104073 6567.600000 831.594776
7562 7.060000 8.118645 6591.240000 833.641594
7563 7.020000 8.107848 6573.720000 826.742781
7564 7.060000 8.091057 6546.520000 823.482705
7565 6.880000 8.105800 6570.400000 830.765654
7566 7.060000 8.108292 6574.440000 833.562823
7567 7.280000 8.107182 6572.640000 836.283163
7568 7.380000 8.106960 6572.280000 835.893521
7569 7.340000 8.103604 6566.840000 832.967056
7570 7.360000 8.107897 6573.800000 834.914603
7571 7.280000 8.096320 6555.040000 830.047859
7572 7.200000 8.109081 6575.720000 833.687226
7573 7.260000 8.116428 6587.640000 839.337856
7574 7.240000 8.117118 6588.760000 839.423491
7575 7.300000 8.115491 6586.120000 841.697291
7576 7.520000 8.122143 6596.920000 845.506342
7577 7.440000 8.128862 6607.840000 849.628621
7578 7.540000 8.139312 6624.840000 859.846976
7579 7.580000 8.141228 6627.960000 860.188978
7580 7.740000 8.151687 6645.000000 865.266313
7581 7.640000 8.147294 6637.840000 860.607032
7582 7.800000 8.147515 6638.200000 865.932246
7583 7.720000 8.143758 6632.080000 863.540931
7584 7.780000 8.159289 6657.400000 868.802528
7585 7.720000 8.146459 6636.480000 864.961998
7586 7.600000 8.156053 6652.120000 867.593497
7587 7.760000 8.154655 6649.840000 867.760514
7588 7.680000 8.150755 6643.480000 862.800034
7589 7.860000 8.149969 6642.200000 861.497181
7590 7.780000 8.143685 6631.960000 858.464286
7591 7.620000 8.147760 6638.600000 860.144014
7592 7.660000 8.143193 6631.160000 862.435573
7593 7.700000 8.152178 6645.800000 862.493588
7594 7.560000 8.157916 6655.160000 864.856658
7595 7.600000 8.181442 6693.600000 875.246338
7596 7.460000 8.168794 6672.920000 875.959068
7597 7.460000 8.187381 6703.320000 883.402610
7598 7.480000 8.180978 6692.840000 881.245793
7599 7.420000 8.173836 6681.160000 880.005058
7600 7.340000 8.178924 6689.480000 887.273748
7601 7.580000 8.181516 6693.720000 888.555285
7602 7.460000 8.190116 6707.800000 894.836572
7603 7.320000 8.178606 6688.960000 890.188132
7604 7.220000 8.173787 6681.080000 891.862654
7605 7.340000 8.184107 6697.960000 894.094811
7606 7.300000 8.181467 6693.640000 891.874298
7607 7.220000 8.181320 6693.400000 888.410570
7608 7.320000 8.196560 6718.360000 892.200888
7609 7.320000 8.209848 6740.160000 897.294707
7610 7.180000 8.210652 6741.480000 897.803546
7611 7.020000 8.208118 6737.320000 900.871322
7612 7.140000 8.202902 6728.760000 903.568066
7613 7.180000 8.212649 6744.760000 908.101449
7614 7.320000 8.199976 6723.960000 900.359821
7615 7.380000 8.208313 6737.640000 904.374616
7616 7.420000 8.214889 6748.440000 906.718443
7617 7.260000 8.199146 6722.600000 900.807383
7618 7.300000 8.187771 6703.960000 899.675468
7619 7.320000 8.190580 6708.560000 905.516142
7620 7.420000 8.192460 6711.640000 913.754814
7621 7.360000 8.196585 6718.400000 913.785281
7622 7.440000 8.204511 6731.400000 920.899022
7623 7.400000 8.212624 6744.720000 926.672534
7624 7.240000 8.213672 6746.440000 926.086069
7625 7.120000 8.219538 6756.080000 927.095167
7626 7.100000 8.233420 6778.920000 928.435863
7627 6.960000 8.232424 6777.280000 928.907772
7628 7.020000 8.243664 6795.800000 926.033763
7629 6.980000 8.256077 6816.280000 931.710450
7630 6.980000 8.283067 6860.920000 944.118744
7631 6.920000 8.278261 6852.960000 946.825134
7632 6.780000 8.260145 6823.000000 941.167002
7633 6.620000 8.257336 6818.360000 936.331387
7634 6.640000 8.252297 6810.040000 928.422391
7635 6.580000 8.258256 6819.880000 932.730412
7636 6.460000 8.249242 6805.000000 931.781667
7637 6.360000 8.251739 6809.120000 926.541640
7638 6.260000 8.254090 6813.000000 922.728545
7639 6.200000 8.247521 6802.160000 920.345338
7640 6.300000 8.240558 6790.680000 920.589612
7641 6.260000 8.271517 6841.800000 932.440209
7642 6.300000 8.280749 6857.080000 932.714326
7643 6.320000 8.280338 6856.400000 932.973940
7644 6.320000 8.269244 6838.040000 934.021736
7645 6.280000 8.264091 6829.520000 932.320503
7646 6.300000 8.269583 6838.600000 930.218896
7647 6.120000 8.266849 6834.080000 930.856149
7648 6.140000 8.266922 6834.200000 931.282171
7649 6.180000 8.286833 6867.160000 936.768344
7650 6.200000 8.299277 6887.800000 944.123769
7651 6.020000 8.285674 6865.240000 937.029535
7652 6.040000 8.280024 6855.880000 932.874320
7653 6.040000 8.283574 6861.760000 929.767599
7654 6.160000 8.276835 6850.600000 924.996822
7655 6.080000 8.279179 6854.480000 922.256861
7656 5.960000 8.273306 6844.760000 920.354842
7657 6.000000 8.275796 6848.880000 923.633127
7658 5.980000 8.279638 6855.240000 928.093769
7659 6.100000 8.265132 6831.240000 922.635987
7660 6.260000 8.264309 6829.880000 918.495917
7661 6.440000 8.265978 6832.640000 923.186326
7662 6.480000 8.269341 6838.200000 920.551288
7663 6.500000 8.261985 6826.040000 916.330290
7664 6.500000 8.256949 6817.720000 917.105203
7665 6.380000 8.258886 6820.920000 916.910652
7666 6.360000 8.261937 6825.960000 913.917878
7667 6.300000 8.263196 6828.040000 918.560864
7668 6.140000 8.268470 6836.760000 923.832498
7669 6.320000 8.271687 6842.080000 929.216241
7670 6.360000 8.258547 6820.360000 923.277900
7671 6.260000 8.266099 6832.840000 924.882166
7672 6.420000 8.263631 6828.760000 922.589527
7673 6.420000 8.257869 6819.240000 919.466806
7674 6.400000 8.265567 6831.960000 921.303274
7675 6.340000 8.269583 6838.600000 924.168518
7676 6.320000 8.283067 6860.920000 929.670747
7677 6.320000 8.273282 6844.720000 925.405378
7678 6.540000 8.285819 6865.480000 934.429476
7679 6.620000 8.294986 6880.680000 930.974351
7680 6.660000 8.302409 6893.000000 930.650723
7681 6.780000 8.320361 6922.840000 938.897133
7682 7.000000 8.313916 6912.120000 938.808171
7683 6.780000 8.302120 6892.520000 933.425468
7684 6.840000 8.285240 6864.520000 933.615170
7685 6.860000 8.281232 6857.880000 931.844230
7686 6.880000 8.264309 6829.880000 928.739105
7687 6.840000 8.271396 6841.600000 929.661002
7688 6.860000 8.291273 6874.520000 936.037995
7689 6.880000 8.301711 6891.840000 938.089879
7690 6.780000 8.294263 6879.480000 933.887275
7691 6.780000 8.299614 6888.360000 934.160250
7692 6.800000 8.313242 6911.000000 937.534384
7693 6.640000 8.305853 6898.720000 933.478782
7694 6.600000 8.314590 6913.240000 935.864377
7695 6.800000 8.309994 6905.600000 937.135113
7696 6.820000 8.313579 6911.560000 937.421155
7697 6.760000 8.319327 6921.120000 935.136203
7698 6.640000 8.322283 6926.040000 937.694302
7699 6.700000 8.328097 6935.720000 941.934190
7700 6.760000 8.318245 6919.320000 943.385034
7701 6.840000 8.334939 6947.120000 953.903772
7702 6.840000 8.330930 6940.440000 951.843265
7703 6.940000 8.326560 6933.160000 952.604393
7704 6.920000 8.340288 6956.040000 957.200590
7705 6.900000 8.346568 6966.520000 953.945463
7706 6.960000 8.336786 6950.200000 953.377122
7707 6.840000 8.335658 6948.320000 955.146718
7708 6.900000 8.351790 6975.240000 965.648572
7709 6.960000 8.342422 6959.600000 961.121204
7710 6.900000 8.357583 6984.920000 969.250839
7711 6.920000 8.361005 6990.640000 966.697111
7712 6.920000 8.372837 7010.440000 968.079714
7713 6.980000 8.373792 7012.040000 965.072997
7714 7.000000 8.372264 7009.480000 965.094600
7715 7.200000 8.372909 7010.560000 971.372877
7716 7.220000 8.371882 7008.840000 968.948986
7717 7.220000 8.377470 7018.200000 970.217825
7718 7.180000 8.373267 7011.160000 967.195104
7719 7.120000 8.360335 6989.520000 958.090114
7720 7.080000 8.362559 6993.240000 956.748035
7721 7.200000 8.355405 6981.280000 954.088590
7722 7.100000 8.371117 7007.560000 956.653562
7723 7.100000 8.372120 7009.240000 960.035468
7724 7.080000 8.365955 6998.920000 961.745303
7725 7.140000 8.349347 6971.160000 958.404473
7726 7.240000 8.350257 6972.680000 953.615980
7727 7.060000 8.350162 6972.520000 949.212531
7728 7.160000 8.362225 6992.680000 955.722299
7729 7.180000 8.353083 6977.400000 955.289074
7730 7.160000 8.343740 6961.800000 955.050482
7731 7.240000 8.359426 6988.000000 958.578490
7732 7.120000 8.343548 6961.480000 950.060003
7733 7.080000 8.359569 6988.240000 957.577689
7734 6.940000 8.353514 6978.120000 950.453682
7735 7.020000 8.349395 6971.240000 944.874155
7736 7.140000 8.343453 6961.320000 946.426630
7737 7.120000 8.328841 6936.960000 938.344414
7738 7.140000 8.324206 6929.240000 939.648999
7739 7.100000 8.329202 6937.560000 946.973877
7740 7.100000 8.352317 6976.120000 946.640080
7741 7.160000 8.352580 6976.560000 950.612496
7742 7.200000 8.361555 6991.560000 958.083003
7743 7.260000 8.354711 6980.120000 958.471241
7744 7.360000 8.345370 6964.520000 954.787445
7745 7.380000 8.334147 6945.800000 949.716038
7746 7.400000 8.339808 6955.240000 955.771106
7747 7.620000 8.342062 6959.000000 965.292075
7748 7.520000 8.342590 6959.880000 964.743786
7749 7.440000 8.350569 6973.200000 964.617557
7750 7.460000 8.360120 6989.160000 969.526210
7751 7.420000 8.348677 6970.040000 964.341462
7752 7.280000 8.344747 6963.480000 967.000316
7753 7.260000 8.353131 6977.480000 971.585565
7754 7.420000 8.352652 6976.680000 977.408505
7755 7.320000 8.337530 6951.440000 967.886348
7756 7.340000 8.344028 6962.280000 968.741833
7757 7.380000 8.329010 6937.240000 959.549757
7758 7.440000 8.328193 6935.880000 962.079664
7759 7.380000 8.333379 6944.520000 962.419511
7760 7.260000 8.352604 6976.600000 971.179123
7761 7.120000 8.352580 6976.560000 974.186944
7762 7.180000 8.357296 6984.440000 980.372939
7763 7.200000 8.356459 6983.040000 983.922777
7764 7.140000 8.341247 6957.640000 975.510195
7765 7.240000 8.336522 6949.760000 975.262000
7766 7.320000 8.331699 6941.720000 974.932535
7767 7.260000 8.335730 6948.440000 977.581710
7768 7.220000 8.344507 6963.080000 982.094830
7769 7.180000 8.357488 6984.760000 989.314199
7770 7.100000 8.364425 6996.360000 995.673307
7771 6.880000 8.373052 7010.800000 995.198908
7772 6.880000 8.372503 7009.880000 996.065483
7773 6.820000 8.387157 7034.440000 994.390109
7774 6.800000 8.374939 7013.960000 990.006290
7775 6.960000 8.373721 7011.920000 988.908577
7776 7.020000 8.379045 7020.840000 988.858150
7777 7.020000 8.377852 7018.840000 991.692387
7778 6.980000 8.360455 6989.720000 984.237080
7779 6.920000 8.359569 6988.240000 977.592531
7780 6.940000 8.366194 6999.320000 977.931722
7781 6.840000 8.363492 6994.800000 969.855493
7782 6.760000 8.360885 6990.440000 965.549687
7783 6.640000 8.380597 7023.440000 970.490565
7784 6.740000 8.391877 7042.360000 966.930670
7785 6.580000 8.385678 7031.960000 962.810063
7786 6.480000 8.395070 7047.720000 968.468805
7787 6.640000 8.402143 7059.600000 970.885202
7788 6.760000 8.390638 7040.280000 972.512047
7789 6.680000 8.387324 7034.720000 973.163971
7790 6.620000 8.385344 7031.400000 975.227936
7791 6.800000 8.402714 7060.560000 983.337186
7792 6.720000 8.395356 7048.200000 979.678643
7793 6.740000 8.397928 7052.520000 983.825442
7794 6.780000 8.403642 7062.120000 990.167042
7795 6.740000 8.408781 7070.760000 992.360618
7796 6.580000 8.383054 7027.560000 980.097561
7797 6.560000 8.367413 7001.360000 971.184347
7798 6.560000 8.356483 6983.080000 966.122594
7799 6.560000 8.361866 6992.080000 966.507283
7800 6.560000 8.368297 7002.840000 973.572032
7801 6.620000 8.370209 7006.040000 972.741899
7802 6.460000 8.363564 6994.920000 969.563798
7803 6.580000 8.365524 6998.200000 974.226108
7804 6.520000 8.357823 6985.320000 967.249681
7805 6.460000 8.358684 6986.760000 967.945791
7806 6.240000 8.367532 7001.560000 969.691261
7807 6.300000 8.376754 7017.000000 970.610928
7808 6.320000 8.386346 7033.080000 973.119014
7809 6.160000 8.388707 7037.040000 976.157058
7810 6.240000 8.380764 7023.720000 972.609962
7811 6.260000 8.384486 7029.960000 976.668263
7812 6.260000 8.395737 7048.840000 980.319713
7813 6.220000 8.389493 7038.360000 978.242564
7814 6.200000 8.396356 7049.880000 986.778112
7815 6.400000 8.406045 7066.160000 990.857821
7816 6.320000 8.411112 7074.680000 994.200982
7817 6.480000 8.404570 7063.680000 988.992551
7818 6.580000 8.402214 7059.720000 987.314896
7819 6.440000 8.422541 7093.920000 991.340709
7820 6.460000 8.426079 7099.880000 986.350352
7821 6.460000 8.421473 7092.120000 987.468695
7822 6.400000 8.442488 7127.560000 998.702140
7823 6.320000 8.438483 7120.800000 992.224138
7824 6.340000 8.433196 7111.880000 986.990809
7825 6.300000 8.430113 7106.680000 989.713234
7826 6.300000 8.428879 7104.600000 989.668802
7827 6.360000 8.417696 7085.760000 988.565272
7828 6.300000 8.421758 7092.600000 995.963674
7829 6.160000 8.430516 7107.360000 996.887312
7830 6.000000 8.431251 7108.600000 995.324728
7831 6.040000 8.426909 7101.280000 995.348631
7832 5.820000 8.417007 7084.600000 992.993967
7833 5.800000 8.424773 7097.680000 992.571076
7834 5.700000 8.408258 7069.880000 984.210430
7835 5.600000 8.418931 7087.840000 990.945733
7836 5.520000 8.431821 7109.560000 998.839531
7837 5.760000 8.420404 7090.320000 994.188343
7838 5.900000 8.426791 7101.080000 994.097403
7839 6.020000 8.422137 7093.240000 988.965486
7840 5.960000 8.431536 7109.080000 995.119385
7841 5.960000 8.434690 7114.400000 1001.296283
7842 5.700000 8.429923 7106.360000 1001.258304
7843 5.540000 8.422090 7093.160000 1003.734314
7844 5.680000 8.415818 7082.600000 998.972988
7845 5.640000 8.413798 7079.200000 998.111218
7846 5.500000 8.411397 7075.160000 996.311695
7847 5.600000 8.419121 7088.160000 998.152334
7848 5.520000 8.418670 7087.400000 1005.058731
7849 5.500000 8.393021 7044.280000 992.945510
7850 5.460000 8.395451 7048.360000 988.144657
7851 5.440000 8.391520 7041.760000 987.781303
7852 5.460000 8.387443 7034.920000 990.683098
7853 5.460000 8.390781 7040.520000 991.952464
7854 5.460000 8.379666 7021.880000 986.150543
7855 5.480000 8.373482 7011.520000 981.164467
7856 5.340000 8.374891 7013.880000 975.771443
7857 5.280000 8.355405 6981.280000 970.758585
7858 5.080000 8.379141 7021.000000 977.503764
7859 5.060000 8.379666 7021.880000 984.666787
7860 5.100000 8.387729 7035.400000 985.585299
7861 5.140000 8.371213 7007.720000 978.957807
7862 4.960000 8.367054 7000.760000 973.845089
7863 4.840000 8.365309 6997.840000 970.504022
7864 4.820000 8.360167 6989.240000 968.187857
7865 4.760000 8.354687 6980.080000 962.514841
7866 4.720000 8.354185 6979.240000 966.376563
7867 4.660000 8.364042 6995.720000 969.127545
7868 4.700000 8.362129 6992.520000 968.617301
7869 4.680000 8.366122 6999.200000 966.447959
7870 4.820000 8.372120 7009.240000 970.742803
7871 4.780000 8.374461 7013.160000 979.009517
7872 4.780000 8.380811 7023.800000 979.971902
7873 4.760000 8.384462 7029.920000 977.034062
7874 4.900000 8.401119 7057.880000 985.039067
7875 4.940000 8.400833 7057.400000 984.943156
7876 4.900000 8.412015 7076.200000 992.564580
7877 4.920000 8.415177 7081.520000 993.138974
7878 4.980000 8.404737 7063.960000 993.457031
7879 4.880000 8.400143 7056.240000 994.457425
7880 4.820000 8.391686 7042.040000 987.479614
7881 4.960000 8.403666 7062.160000 993.501652
7882 4.900000 8.419145 7088.200000 1002.669169
7883 4.840000 8.418693 7087.440000 996.063086
7884 4.780000 8.435568 7115.880000 1005.978222
7885 4.740000 8.445851 7133.240000 1013.262917
7886 4.820000 8.437085 7118.440000 1006.930294
7887 4.940000 8.434050 7113.320000 1010.427670
7888 4.940000 8.428926 7104.680000 1013.111854
7889 5.000000 8.438720 7121.200000 1014.108458
7890 4.900000 8.421425 7092.040000 1006.129049
7891 5.020000 8.439929 7123.240000 1015.429821
7892 5.000000 8.440024 7123.400000 1014.955567
7893 4.880000 8.455625 7149.760000 1024.412208
7894 4.740000 8.442725 7127.960000 1013.580480
7895 4.740000 8.443056 7128.520000 1017.660442
7896 4.620000 8.432200 7110.200000 1013.160013
7897 4.780000 8.435283 7115.400000 1017.531684
7898 4.920000 8.430587 7107.480000 1020.751779
7899 5.000000 8.437203 7118.640000 1021.136923
7900 5.080000 8.445662 7132.920000 1031.406157
7901 4.980000 8.438934 7121.560000 1023.848929
7902 5.100000 8.426743 7101.000000 1017.870093
7903 5.040000 8.418171 7086.560000 1010.706490
7904 4.920000 8.425272 7098.520000 1011.590503
7905 4.780000 8.434856 7114.680000 1015.568963
7906 4.940000 8.446656 7134.600000 1021.374448
7907 5.020000 8.442819 7128.120000 1019.763005
7908 4.980000 8.440355 7123.960000 1021.084969
7909 4.980000 8.442819 7128.120000 1017.133697
7910 4.780000 8.429211 7105.160000 1011.433641
7911 4.840000 8.430136 7106.720000 1018.008574
7912 4.820000 8.432010 7109.880000 1026.663465
7913 4.820000 8.429116 7105.000000 1020.070405
7914 4.740000 8.426980 7101.400000 1018.298932
7915 4.740000 8.432864 7111.320000 1021.327846
7916 4.820000 8.438317 7120.520000 1022.051005
7917 4.680000 8.427906 7102.960000 1016.944190
7918 4.560000 8.423087 7094.840000 1017.778823
7919 4.680000 8.418646 7087.360000 1018.559022
7920 4.460000 8.411302 7075.000000 1010.917756
7921 4.580000 8.421188 7091.640000 1018.049422
7922 4.440000 8.411302 7075.000000 1010.809758
7923 4.460000 8.413632 7078.920000 1010.724477
7924 4.440000 8.420523 7090.520000 1013.705135
7925 4.520000 8.417601 7085.600000 1011.772107
7926 4.460000 8.406069 7066.200000 1003.265447
7927 4.620000 8.410969 7074.440000 1007.728589
7928 4.520000 8.410446 7073.560000 1002.606573
7929 4.580000 8.413584 7078.840000 1002.471192
7930 4.500000 8.418575 7087.240000 1006.919133
7931 4.420000 8.426079 7099.880000 1013.819433
7932 4.500000 8.401881 7059.160000 1002.419550
7933 4.440000 8.400667 7057.120000 997.680378
7934 4.280000 8.418812 7087.640000 1004.786249
7935 4.320000 8.435307 7115.440000 1013.487518
7936 4.440000 8.437654 7119.400000 1010.314318
7937 4.440000 8.420546 7090.560000 1002.601914
7938 4.320000 8.428499 7103.960000 998.533727
7939 4.420000 8.425082 7098.200000 997.182779
7940 4.480000 8.436374 7117.240000 1002.308448
7941 4.540000 8.430302 7107.000000 996.071303
7942 4.520000 8.437701 7119.480000 993.022753
7943 4.440000 8.448242 7137.280000 996.109461
7944 4.540000 8.453425 7146.040000 999.514078
7945 4.660000 8.461891 7160.360000 1005.638113
7946 4.540000 8.472426 7178.200000 1008.634279
7947 4.680000 8.484291 7198.320000 1013.324048
7948 4.540000 8.483655 7197.240000 1008.867334
7949 4.460000 8.474597 7181.880000 1009.010531
7950 4.640000 8.486766 7202.520000 1016.054604
7951 4.700000 8.485965 7201.160000 1013.216395
7952 4.720000 8.488698 7205.800000 1016.911059
7953 4.840000 8.471694 7176.960000 1010.179954
7954 4.980000 8.477429 7186.680000 1011.944765
7955 5.000000 8.476273 7184.720000 1011.673241
7956 5.080000 8.476060 7184.360000 1009.375840
7957 4.860000 8.470396 7174.760000 1009.240783
7958 4.880000 8.459574 7156.440000 1003.319719
7959 4.940000 8.462033 7160.600000 1004.362980
7960 4.840000 8.460426 7157.880000 1003.593528
7961 4.860000 8.465152 7165.880000 1005.447478
7962 4.960000 8.459669 7156.600000 997.317103
7963 4.880000 8.460544 7158.080000 998.380739
7964 4.880000 8.478986 7189.320000 1000.334939
7965 4.860000 8.477523 7186.840000 993.223719
7966 4.840000 8.453283 7145.800000 985.790452
7967 4.680000 8.459314 7156.000000 986.928250
7968 4.420000 8.458723 7155.000000 983.764815
7969 4.260000 8.460662 7158.280000 984.145619
7970 4.260000 8.461560 7159.800000 983.732446
7971 4.380000 8.461702 7160.040000 984.268916
7972 4.500000 8.454608 7148.040000 984.458508
7973 4.520000 8.430421 7107.200000 974.852243
7974 4.800000 8.432580 7110.840000 979.528317
7975 4.840000 8.422731 7094.240000 979.343646
7976 4.760000 8.429069 7104.920000 975.019868
7977 4.820000 8.419050 7088.040000 972.563317
7978 4.760000 8.417957 7086.200000 967.627820
7979 4.700000 8.415010 7081.240000 960.650984
7980 4.920000 8.417292 7085.080000 963.337715
7981 4.940000 8.402690 7060.520000 954.392759
7982 4.880000 8.417862 7086.040000 961.478080
7983 4.800000 8.393331 7044.800000 951.293727
7984 4.860000 8.383102 7027.640000 949.446233
7985 4.860000 8.371356 7007.960000 946.353543
7986 4.680000 8.379666 7021.880000 949.855976
7987 4.660000 8.372789 7010.360000 951.244142
7988 4.440000 8.372359 7009.640000 945.238894
7989 4.460000 8.373888 7012.200000 946.525501
7990 4.460000 8.366576 6999.960000 947.262840
7991 4.400000 8.357847 6985.360000 945.385130
7992 4.460000 8.369922 7005.560000 950.685544
7993 4.400000 8.351814 6975.280000 944.963916
7994 4.400000 8.339376 6954.520000 938.473954
7995 4.420000 8.352987 6977.240000 945.377221
7996 4.300000 8.357679 6985.080000 941.363038
7997 4.460000 8.359306 6987.800000 943.072018
7998 4.380000 8.366194 6999.320000 947.501237
7999 4.360000 8.370615 7006.720000 948.459206
8000 4.420000 8.379952 7022.360000 953.299452
8001 4.380000 8.370783 7007.000000 957.561669
8002 4.500000 8.358828 6987.000000 950.982092
8003 4.500000 8.340288 6956.040000 942.167054
8004 4.620000 8.347814 6968.600000 940.521184
8005 4.480000 8.343572 6961.520000 937.981228
8006 4.560000 8.328385 6936.200000 931.009077
8007 4.640000 8.312448 6909.680000 929.474970
8008 4.880000 8.321418 6924.600000 935.834249
8009 4.840000 8.323653 6928.320000 941.145637
8010 4.880000 8.312473 6909.720000 935.954685
8011 4.940000 8.310788 6906.920000 935.915224
8012 5.000000 8.329154 6937.480000 942.865661
8013 5.180000 8.330834 6940.280000 948.193647
8014 5.120000 8.332803 6943.560000 952.056788
8015 4.840000 8.341415 6957.920000 957.710716
8016 4.780000 8.326368 6932.840000 947.829223
8017 4.660000 8.334099 6945.720000 954.908340
8018 4.480000 8.338609 6953.240000 956.671044
8019 4.640000 8.331050 6940.640000 958.540186
8020 4.600000 8.352748 6976.840000 963.172920
8021 4.680000 8.343045 6960.640000 958.285108
8022 4.660000 8.346520 6966.440000 954.249334
8023 4.680000 8.329274 6937.680000 948.473803
8024 4.480000 8.326944 6933.800000 940.246279
8025 4.740000 8.315792 6915.240000 935.606988
8026 4.660000 8.311847 6908.680000 936.028347
8027 4.640000 8.301373 6891.280000 925.883190
8028 4.560000 8.314301 6912.760000 935.192618
8029 4.600000 8.315480 6914.720000 937.402525
8030 4.540000 8.314926 6913.800000 934.562411
8031 4.540000 8.308189 6902.600000 928.331906
8032 4.600000 8.299277 6887.800000 924.241112
8033 4.620000 8.318245 6919.320000 926.298097
8034 4.600000 8.316321 6916.120000 924.253412
8035 4.620000 8.322139 6925.800000 924.313318
8036 4.680000 8.340240 6955.960000 930.887063
8037 4.680000 8.324470 6929.680000 927.333732
8038 4.620000 8.331602 6941.560000 937.738074
8039 4.400000 8.336330 6949.440000 942.107570
8040 4.240000 8.337122 6950.760000 942.763275
8041 4.240000 8.344196 6962.560000 948.989472
8042 4.060000 8.353179 6977.560000 956.112019
8043 4.040000 8.357655 6985.040000 958.404575
8044 4.100000 8.354280 6979.400000 954.022155
8045 4.060000 8.354615 6979.960000 949.843911
8046 4.080000 8.358110 6985.800000 949.280509
8047 4.000000 8.363157 6994.240000 947.425746
8048 4.080000 8.386108 7032.680000 959.988013
8049 3.840000 8.377923 7018.960000 953.036590
8050 3.860000 8.370639 7006.760000 946.429359
8051 3.820000 8.382243 7026.200000 951.081643
8052 3.780000 8.369397 7004.680000 948.299335
8053 3.600000 8.366935 7000.560000 943.968618
8054 3.600000 8.375130 7014.280000 952.753238
8055 3.540000 8.375846 7015.480000 956.625926
8056 3.580000 8.382625 7026.840000 958.545230
8057 3.520000 8.396618 7050.320000 962.634882
8058 3.620000 8.412538 7077.080000 968.152460
8059 3.660000 8.389303 7038.040000 963.823972
8060 3.760000 8.394403 7046.600000 959.807714
8061 3.820000 8.383197 7027.800000 954.617550
8062 3.880000 8.394308 7046.440000 959.369701
8063 3.880000 8.393140 7044.480000 960.754283
8064 3.980000 8.391734 7042.120000 962.398628
8065 3.960000 8.393712 7045.440000 960.095625
8066 3.980000 8.398690 7053.800000 960.449448
8067 4.060000 8.405165 7064.680000 963.061468
8068 4.040000 8.422422 7093.720000 971.572618
8069 4.200000 8.420689 7090.800000 966.869891
8070 4.280000 8.428784 7104.440000 966.395820
8071 4.300000 8.415010 7081.240000 958.297208
8072 4.200000 8.398262 7053.080000 950.485517
8073 4.320000 8.405998 7066.080000 955.950054
8074 4.300000 8.389827 7038.920000 945.830836
8075 4.200000 8.407853 7069.200000 957.090405
8076 4.200000 8.401833 7059.080000 955.284482
8077 4.140000 8.399881 7055.800000 954.789214
8078 4.380000 8.402119 7059.560000 952.022492
8079 4.440000 8.422114 7093.200000 960.323940
8080 4.440000 8.416864 7084.360000 963.178417
8081 4.500000 8.408401 7070.120000 960.978013
8082 4.540000 8.428072 7103.240000 965.444171
8083 4.480000 8.415462 7082.000000 959.208518
8084 4.600000 8.422612 7094.040000 957.190122
8085 4.860000 8.425699 7099.240000 962.742041
8086 4.820000 8.417102 7084.760000 959.596910
8087 4.880000 8.404856 7064.160000 952.782417
8088 4.780000 8.399214 7054.680000 949.509552
8089 4.600000 8.399810 7055.680000 945.893075
8090 4.500000 8.412301 7076.680000 952.618759
8091 4.460000 8.425224 7098.440000 962.960090
8092 4.440000 8.417672 7085.720000 959.963103
8093 4.600000 8.426007 7099.760000 966.705430
8094 4.660000 8.439408 7122.360000 971.089459
8095 4.700000 8.424607 7097.400000 969.617589
8096 4.740000 8.415010 7081.240000 966.884537
8097 4.700000 8.418100 7086.440000 968.971451
8098 4.620000 8.412824 7077.560000 963.811179
8099 4.600000 8.425343 7098.640000 973.913305
8100 4.660000 8.424702 7097.560000 969.837949
8101 4.540000 8.416769 7084.200000 972.595923
8102 4.540000 8.412348 7076.760000 969.019553
8103 4.400000 8.401905 7059.200000 964.553118
8104 4.320000 8.393259 7044.680000 962.941236
8105 4.400000 8.402857 7060.800000 963.939075
8106 4.520000 8.415628 7082.280000 972.214699
8107 4.460000 8.414868 7081.000000 967.540331
8108 4.460000 8.422660 7094.120000 973.594710
8109 4.560000 8.426245 7100.160000 975.456783
8110 4.560000 8.422090 7093.160000 980.433010
8111 4.660000 8.421235 7091.720000 978.408762
8112 4.800000 8.423515 7095.560000 983.953373
8113 5.000000 8.423586 7095.680000 978.434639
8114 5.000000 8.411682 7075.640000 970.972386
8115 5.100000 8.397738 7052.200000 966.364840
8116 5.260000 8.383865 7028.920000 961.147850
8117 5.320000 8.385607 7031.840000 966.888489
8118 5.300000 8.390590 7040.200000 962.398105
8119 5.380000 8.389827 7038.920000 964.256739
8120 5.400000 8.386680 7033.640000 967.020662
8121 5.380000 8.393259 7044.680000 969.364497
8122 5.400000 8.386441 7033.240000 968.222731
8123 5.320000 8.408139 7069.680000 976.562825
8124 5.340000 8.418812 7087.640000 978.597924
8125 5.200000 8.422161 7093.280000 981.123803
8126 5.200000 8.425936 7099.640000 979.859490
8127 5.000000 8.428570 7104.080000 978.678970
8128 5.020000 8.429923 7106.360000 985.952214
8129 4.900000 8.428831 7104.520000 985.604056
8130 4.840000 8.432627 7110.920000 985.531986
8131 4.740000 8.418242 7086.680000 974.582832
8132 4.820000 8.427313 7101.960000 981.288661
8133 4.700000 8.421283 7091.800000 976.056496
8134 4.760000 8.399071 7054.440000 966.281564
8135 4.680000 8.411040 7074.560000 969.066245
8136 4.780000 8.406164 7066.360000 966.248184
8137 4.700000 8.401595 7058.680000 962.900823
8138 4.680000 8.403642 7062.120000 961.064127
8139 4.560000 8.416317 7083.440000 968.537736
8140 4.520000 8.415866 7082.680000 965.508780
8141 4.580000 8.427360 7102.040000 975.308252
8142 4.800000 8.431204 7108.520000 983.580250
8143 4.880000 8.438578 7120.960000 980.893796
8144 5.100000 8.462600 7161.560000 986.117668
8145 5.220000 8.467609 7170.040000 989.301962
8146 5.340000 8.475400 7183.240000 997.276799
8147 5.440000 8.494045 7214.880000 1005.315396
8148 5.440000 8.487709 7204.120000 1005.136320
8149 5.440000 8.482735 7195.680000 1003.865607
8150 5.420000 8.483183 7196.440000 1004.847984
8151 5.480000 8.492915 7212.960000 1001.580386
8152 5.480000 8.481297 7193.240000 995.093717
8153 5.440000 8.488816 7206.000000 999.475019
8154 5.340000 8.496234 7218.600000 1006.332417
8155 5.200000 8.487732 7204.160000 1000.403374
8156 5.200000 8.499765 7224.600000 1006.154200
8157 5.240000 8.495128 7216.720000 1006.854525
8158 5.300000 8.522417 7263.160000 1015.791313
8159 5.340000 8.516455 7253.000000 1011.027504
8160 5.460000 8.512461 7246.200000 1007.495354
8161 5.460000 8.523309 7264.680000 1016.445267
8162 5.640000 8.531096 7277.960000 1016.921650
8163 5.660000 8.530346 7276.680000 1019.359852
8164 5.680000 8.540796 7294.520000 1029.154877
8165 5.840000 8.545268 7302.160000 1026.412422
8166 5.780000 8.542576 7297.560000 1022.707751
8167 5.740000 8.540141 7293.400000 1028.022277
8168 5.720000 8.527860 7272.440000 1023.206528
8169 5.740000 8.541358 7295.480000 1026.141488
8170 5.600000 8.557640 7323.320000 1035.916507
8171 5.720000 8.570368 7345.120000 1044.512116
8172 5.840000 8.580513 7362.520000 1051.767561
8173 5.920000 8.590413 7379.520000 1055.901914
8174 5.900000 8.580186 7361.960000 1050.209934
8175 5.900000 8.580280 7362.120000 1054.361635
8176 5.800000 8.605835 7406.040000 1064.332104
8177 5.800000 8.602093 7399.600000 1065.970607
8178 5.740000 8.592997 7383.960000 1063.093908
8179 5.700000 8.587083 7373.800000 1057.958187
8180 5.700000 8.574264 7351.800000 1053.292073
8181 5.680000 8.573681 7350.800000 1057.843898
8182 5.620000 8.575943 7354.680000 1058.812666
8183 5.520000 8.587293 7374.160000 1061.959201
8184 5.780000 8.594812 7387.080000 1068.584992
8185 5.820000 8.607369 7408.680000 1076.223332
8186 5.780000 8.591601 7381.560000 1071.526720
8187 5.820000 8.602860 7400.920000 1071.526542
8188 5.880000 8.596022 7389.160000 1067.422755
8189 5.840000 8.598093 7392.720000 1070.360673
8190 5.800000 8.589552 7378.040000 1064.198327
8191 5.660000 8.589412 7377.800000 1064.455094
8192 5.800000 8.592299 7382.760000 1064.395145
8193 5.740000 8.582797 7366.440000 1064.298263
8194 5.540000 8.587316 7374.200000 1060.860120
8195 5.620000 8.577669 7357.640000 1058.312698
8196 5.640000 8.568524 7341.960000 1057.178657
8197 5.700000 8.576223 7355.160000 1053.611547
8198 5.940000 8.593649 7385.080000 1062.100707
8199 6.000000 8.597209 7391.200000 1059.883398
8200 5.980000 8.594207 7386.040000 1061.089373
8201 6.060000 8.597465 7391.640000 1057.369275
8202 6.020000 8.603976 7402.840000 1055.805221
8203 6.100000 8.606161 7406.600000 1052.496713
8204 6.100000 8.603743 7402.440000 1050.323732
8205 5.960000 8.610087 7413.360000 1056.768268
8206 5.920000 8.616240 7423.960000 1056.406386
8207 5.860000 8.618840 7428.440000 1060.237035
8208 5.880000 8.615498 7422.680000 1062.317580
8209 5.800000 8.607532 7408.960000 1060.809351
8210 5.840000 8.625381 7439.720000 1071.362288
8211 5.920000 8.634674 7455.760000 1079.821574
8212 6.060000 8.634373 7455.240000 1079.115923
8213 6.020000 8.637338 7460.360000 1074.011952
8214 6.060000 8.640023 7465.000000 1075.899848
8215 6.040000 8.641435 7467.440000 1077.177738
8216 5.900000 8.641690 7467.880000 1079.361331
8217 5.720000 8.646895 7476.880000 1081.033963
8218 5.560000 8.649832 7481.960000 1083.260001
8219 5.580000 8.639282 7463.720000 1077.352714
8220 5.660000 8.622969 7435.560000 1073.499219
8221 5.660000 8.627282 7443.000000 1073.803041
8222 5.700000 8.643310 7470.680000 1081.577418
8223 5.620000 8.637801 7461.160000 1075.199625
8224 5.740000 8.646502 7476.200000 1080.168988
8225 5.700000 8.655010 7490.920000 1079.731689
8226 5.640000 8.651451 7484.760000 1078.373281
8227 5.560000 8.645415 7474.320000 1070.521614
8228 5.640000 8.643865 7471.640000 1070.753915
8229 5.640000 8.646849 7476.800000 1071.150448
8230 5.660000 8.654502 7490.040000 1071.702385
8231 5.640000 8.651751 7485.280000 1069.921205
8232 5.620000 8.653993 7489.160000 1073.257512
8233 5.560000 8.654710 7490.400000 1070.711596
8234 5.700000 8.650896 7483.800000 1072.549626
8235 5.760000 8.639907 7464.800000 1070.467142
8236 5.880000 8.640023 7465.000000 1069.282267
8237 5.840000 8.636249 7458.480000 1068.255369
8238 5.920000 8.641088 7466.840000 1068.110620
8239 5.940000 8.640486 7465.800000 1063.784444
8240 5.840000 8.652144 7485.960000 1069.476446
8241 5.940000 8.657967 7496.040000 1068.659405
8242 5.920000 8.668402 7514.120000 1073.784212
8243 6.120000 8.680230 7534.640000 1080.733885
8244 6.120000 8.677304 7529.560000 1077.835927
8245 6.180000 8.683847 7540.920000 1076.962210
8246 6.200000 8.681544 7536.920000 1070.986862
8247 6.100000 8.685781 7544.280000 1072.717824
8248 5.920000 8.695953 7561.960000 1077.653685
8249 5.920000 8.680092 7534.400000 1070.422048
8250 5.960000 8.671309 7519.160000 1067.179029
8251 6.140000 8.666926 7511.560000 1062.564490
8252 6.120000 8.664756 7507.800000 1065.669218
8253 6.200000 8.671009 7518.640000 1069.360352
8254 6.200000 8.663464 7505.560000 1065.362497
8255 6.360000 8.671101 7518.800000 1070.899642
8256 6.540000 8.678733 7532.040000 1071.008851
8257 6.500000 8.677903 7530.600000 1069.774550
8258 6.340000 8.692272 7555.560000 1073.176119
8259 6.280000 8.698598 7566.560000 1075.685164
8260 6.420000 8.685045 7543.000000 1066.921965
8261 6.380000 8.682097 7537.880000 1061.465398
8262 6.260000 8.664849 7507.960000 1055.032213
8263 6.300000 8.658476 7496.920000 1059.620329
8264 6.480000 8.659815 7499.240000 1064.693365
8265 6.500000 8.648029 7478.840000 1057.912265
8266 6.600000 8.647150 7477.320000 1053.575704
8267 6.500000 8.656212 7493.000000 1059.578232
8268 6.500000 8.642847 7469.880000 1059.829057
8269 6.460000 8.644883 7473.400000 1063.086889
8270 6.560000 8.622042 7433.960000 1052.591680
8271 6.620000 8.625938 7440.680000 1054.711572
8272 6.480000 8.620371 7431.080000 1048.082241
8273 6.440000 8.622343 7434.480000 1041.563623
8274 6.580000 8.627050 7442.600000 1046.872612
8275 6.400000 8.618631 7428.080000 1040.892178
8276 6.260000 8.615544 7422.760000 1044.287809
8277 6.300000 8.626865 7442.280000 1050.677527
8278 6.360000 8.635624 7457.400000 1054.488885
8279 6.320000 8.624338 7437.920000 1045.016044
8280 6.360000 8.618376 7427.640000 1037.884742
8281 6.360000 8.625868 7440.560000 1041.085036
8282 6.440000 8.614894 7421.640000 1035.369570
8283 6.320000 8.621369 7432.800000 1038.325830
8284 6.260000 8.606579 7407.320000 1028.969909
8285 6.380000 8.599419 7395.000000 1020.654208
8286 6.400000 8.594626 7386.760000 1020.229922
8287 6.160000 8.603162 7401.440000 1024.786528
8288 6.000000 8.583775 7368.120000 1016.494196
8289 5.720000 8.575920 7354.640000 1010.490902
8290 5.620000 8.579254 7360.360000 1014.900318
8291 5.760000 8.582540 7366.000000 1017.446646
8292 5.900000 8.583170 7367.080000 1021.401404
8293 5.640000 8.584824 7369.920000 1018.759113
8294 5.740000 8.575150 7353.320000 1017.354261
8295 5.720000 8.563691 7333.680000 1009.124710
8296 5.860000 8.546040 7303.480000 1003.958030
8297 5.980000 8.542435 7297.320000 1004.315585
8298 6.020000 8.555536 7319.720000 1007.660832
8299 5.980000 8.558995 7325.640000 1007.365095
8300 6.040000 8.556050 7320.600000 1008.241899
8301 6.160000 8.551959 7313.600000 1005.511913
8302 6.180000 8.556191 7320.840000 1003.991420
8303 5.940000 8.538969 7291.400000 996.074516
8304 5.680000 8.515468 7251.320000 983.379864
8305 5.580000 8.519695 7258.520000 983.351669
8306 5.680000 8.516689 7253.400000 979.963887
8307 5.760000 8.512062 7245.520000 976.983558
8308 5.740000 8.510441 7242.760000 974.709048
8309 5.520000 8.505904 7235.040000 969.936938
8310 5.480000 8.500800 7226.360000 966.218694
8311 5.420000 8.512790 7246.760000 975.813582
8312 5.480000 8.515186 7250.840000 981.335520
8313 5.560000 8.518310 7256.160000 977.653550
8314 5.560000 8.532081 7279.640000 980.965995
8315 5.640000 8.536229 7286.720000 979.866210
8316 5.640000 8.521150 7261.000000 973.159466
8317 5.860000 8.507150 7237.160000 963.573404
8318 5.780000 8.503670 7231.240000 961.374776
8319 5.720000 8.512532 7246.320000 967.116874
8320 5.600000 8.511005 7243.720000 962.511573
8321 5.580000 8.493362 7213.720000 955.576129
8322 5.560000 8.507902 7238.440000 963.495407
8323 5.660000 8.503717 7231.320000 957.881548
8324 5.700000 8.501647 7227.800000 958.516274
8325 5.740000 8.498353 7222.200000 953.072545
8326 5.520000 8.492703 7212.600000 951.160638
8327 5.640000 8.495316 7217.040000 955.080911
8328 5.660000 8.503905 7231.640000 956.467567
8329 5.680000 8.496211 7218.560000 947.051938
8330 5.860000 8.516408 7252.920000 958.799203
8331 6.000000 8.534776 7284.240000 964.544199
8332 5.940000 8.532174 7279.800000 962.287547
8333 5.960000 8.525304 7268.080000 960.772075
8334 5.980000 8.525843 7269.000000 959.034962
8335 5.800000 8.517605 7254.960000 958.168500
8336 5.740000 8.503199 7230.440000 951.204643
8337 5.760000 8.497717 7221.120000 952.854595
8338 5.680000 8.491195 7210.040000 949.967987
8339 5.680000 8.492161 7211.680000 952.174901
8340 5.780000 8.493127 7213.320000 946.257443
8341 5.920000 8.489287 7206.800000 945.315045
8342 5.980000 8.481250 7193.160000 944.665332
8343 6.060000 8.478137 7187.880000 944.840555
8344 6.000000 8.469073 7172.520000 940.826102
8345 5.980000 8.470065 7174.200000 937.171860
8346 6.020000 8.474220 7181.240000 938.380768
8347 6.000000 8.473394 7179.840000 939.037965
8348 6.100000 8.463073 7162.360000 932.309321
8349 5.800000 8.455200 7149.040000 927.131064
8350 5.700000 8.449497 7139.400000 921.773952
8351 5.640000 8.456430 7151.120000 927.302949
8352 5.440000 8.470821 7175.480000 924.116284
8353 5.500000 8.467562 7169.960000 923.070155
8354 5.600000 8.478278 7188.120000 931.254647
8355 5.540000 8.496611 7219.240000 939.725039
8356 5.540000 8.503764 7231.400000 940.956621
8357 5.520000 8.486648 7202.320000 933.914626
8358 5.580000 8.490442 7208.760000 937.250405
8359 5.580000 8.491337 7210.280000 937.542531
8360 5.660000 8.491714 7210.920000 934.571101
8361 5.660000 8.486201 7201.560000 932.073785
8362 5.800000 8.493786 7214.440000 937.459133
8363 5.820000 8.474361 7181.480000 930.494974
8364 5.900000 8.469451 7173.160000 927.724219
8365 5.900000 8.455034 7148.760000 926.154115
8366 5.640000 8.462695 7161.720000 928.162447
8367 5.600000 8.459409 7156.160000 922.245957
8368 5.620000 8.458392 7154.440000 926.728013
8369 5.620000 8.431299 7108.680000 918.782291
8370 5.620000 8.440024 7123.400000 924.631139
8371 5.780000 8.436611 7117.640000 929.316649
8372 5.640000 8.439882 7123.160000 932.458069
8373 5.720000 8.456997 7152.080000 942.241333
8374 5.720000 8.454939 7148.600000 936.183940
8375 5.740000 8.459433 7156.200000 939.404656
8376 5.660000 8.461702 7160.040000 935.677028
8377 5.740000 8.457825 7153.480000 936.635816
8378 5.800000 8.463262 7162.680000 940.571232
8379 5.660000 8.457305 7152.600000 935.835967
8380 5.640000 8.469309 7172.920000 940.970868
8381 5.800000 8.475046 7182.640000 946.201144
8382 5.720000 8.446656 7134.600000 935.397454
8383 5.660000 8.453236 7145.720000 936.077886
8384 5.640000 8.460473 7157.960000 934.530023
8385 5.640000 8.464278 7164.400000 933.241828
8386 5.720000 8.457683 7153.240000 925.825465
8387 5.720000 8.457470 7152.880000 920.635461
8388 5.660000 8.450018 7140.280000 916.076429
8389 5.480000 8.440948 7124.960000 912.165866
8390 5.380000 8.430302 7107.000000 904.353035
8391 5.480000 8.432841 7111.280000 905.841979
8392 5.540000 8.439313 7122.200000 910.486997
8393 5.520000 8.431892 7109.680000 905.359344
8394 5.520000 8.437085 7118.440000 911.051222
8395 5.640000 8.447816 7136.560000 911.310445
8396 5.700000 8.437417 7119.000000 912.932896
8397 5.640000 8.444880 7131.600000 917.290321
8398 5.620000 8.437796 7119.640000 916.014764
8399 5.540000 8.448645 7137.960000 918.563755
8400 5.580000 8.451106 7142.120000 915.368488
8401 5.460000 8.456264 7150.840000 915.953301
8402 5.440000 8.449355 7139.160000 907.784552
8403 5.420000 8.447651 7136.280000 905.269535
8404 5.460000 8.455507 7149.560000 908.847350
8405 5.260000 8.459054 7155.560000 910.779036
8406 5.020000 8.459480 7156.280000 904.146274
8407 5.060000 8.462316 7161.080000 901.654417
8408 4.940000 8.471576 7176.760000 902.570800
8409 4.960000 8.480094 7191.200000 907.801846
8410 4.800000 8.479693 7190.520000 906.576969
8411 4.740000 8.495152 7216.760000 917.741557
8412 4.860000 8.511193 7244.040000 924.622831
8413 4.840000 8.498565 7222.560000 918.689164
8414 4.900000 8.499482 7224.120000 923.186810
8415 4.820000 8.498918 7223.160000 918.743847
8416 5.020000 8.525655 7268.680000 928.796401
8417 5.040000 8.516525 7253.120000 925.036233
8418 4.940000 8.518803 7257.000000 921.057795
8419 5.020000 8.514764 7250.120000 921.752901
8420 5.000000 8.521432 7261.480000 927.585288
8421 5.260000 8.515609 7251.560000 930.200764
8422 5.220000 8.492797 7212.760000 921.462887
8423 5.320000 8.489994 7208.000000 914.836899
8424 5.280000 8.484692 7199.000000 913.068875
8425 5.240000 8.502329 7228.960000 923.303564
8426 5.180000 8.491667 7210.840000 916.309735
8427 5.060000 8.494539 7215.720000 916.007843
8428 5.160000 8.505551 7234.440000 925.038367
8429 4.960000 8.502376 7229.040000 922.487429
8430 5.080000 8.498070 7221.720000 917.331683
8431 4.900000 8.505457 7234.280000 913.299019
8432 4.820000 8.507009 7236.920000 915.205116
8433 4.960000 8.512344 7246.000000 919.392518
8434 4.780000 8.488039 7204.680000 910.443793
8435 4.840000 8.501388 7227.360000 917.864282
8436 4.840000 8.506868 7236.680000 918.663387
8437 4.920000 8.509195 7240.640000 918.309685
8438 4.920000 8.524811 7267.240000 921.701187
8439 4.840000 8.537494 7288.880000 927.599514
8440 4.720000 8.535268 7285.080000 925.313251
8441 4.680000 8.527555 7271.920000 928.444878
8442 4.680000 8.523356 7264.760000 926.192506
8443 4.700000 8.521056 7260.840000 924.137579
8444 4.680000 8.511945 7245.320000 916.556599
8445 4.700000 8.519883 7258.840000 915.829531
8446 4.800000 8.515562 7251.480000 917.760782
8447 4.920000 8.515257 7250.960000 911.903985
8448 4.860000 8.506068 7235.320000 907.193997
8449 4.840000 8.518498 7256.480000 908.641507
8450 4.780000 8.531612 7278.840000 918.406942
8451 4.760000 8.541522 7295.760000 921.318430
8452 4.600000 8.541171 7295.160000 920.465137
8453 4.560000 8.527649 7272.080000 911.667295
8454 4.480000 8.529408 7275.080000 917.049404
8455 4.340000 8.522277 7262.920000 912.340719
8456 4.500000 8.530018 7276.120000 917.546233
8457 4.420000 8.535877 7286.120000 919.312286
8458 4.500000 8.531002 7277.800000 918.041488
8459 4.580000 8.541171 7295.160000 917.569783
8460 4.660000 8.563154 7332.760000 928.973439
8461 4.540000 8.556985 7322.200000 923.899564
8462 4.580000 8.551982 7313.640000 922.524049
8463 4.660000 8.556658 7321.640000 927.026144
8464 4.640000 8.555489 7319.640000 928.466785
8465 4.500000 8.564275 7334.680000 928.137255
8466 4.300000 8.567870 7340.840000 930.407171
8467 4.280000 8.577132 7356.720000 930.400788
8468 4.180000 8.587875 7375.160000 935.786474
8469 4.360000 8.590972 7380.480000 938.997137
8470 4.540000 8.602628 7400.520000 946.582048
8471 4.520000 8.597581 7391.840000 943.026911
8472 4.640000 8.595557 7388.360000 943.151356
8473 4.500000 8.592718 7383.480000 945.534701
8474 4.480000 8.597697 7392.040000 948.787865
8475 4.400000 8.624987 7439.040000 962.776175
8476 4.440000 8.624546 7438.280000 960.065684
8477 4.600000 8.626842 7442.240000 958.908343
8478 4.660000 8.626123 7441.000000 957.955789
8479 4.680000 8.628974 7445.920000 964.053070
8480 4.560000 8.635485 7457.160000 965.193732
8481 4.540000 8.617680 7426.440000 955.608470
8482 4.600000 8.617401 7425.960000 960.325635
8483 4.580000 8.615916 7423.400000 958.373616
8484 4.580000 8.631315 7449.960000 961.769122
8485 4.500000 8.656720 7493.880000 973.614030
8486 4.560000 8.654271 7489.640000 971.073680
8487 4.520000 8.661409 7502.000000 973.940543
8488 4.480000 8.661940 7502.920000 973.589819
8489 4.320000 8.657482 7495.200000 971.325027
8490 4.300000 8.667110 7511.880000 971.115313
8491 4.180000 8.643541 7471.080000 963.070709
8492 4.380000 8.646595 7476.360000 964.760553
8493 4.300000 8.653115 7487.640000 968.448226
8494 4.340000 8.666972 7511.640000 978.388504
8495 4.360000 8.661824 7502.720000 972.113649
8496 4.400000 8.657367 7495.000000 972.164739
8497 4.260000 8.659815 7499.240000 972.234573
8498 4.360000 8.678917 7532.360000 979.265271
8499 4.400000 8.693768 7558.160000 987.849865
8500 4.480000 8.698942 7567.160000 984.952368
8501 4.500000 8.710431 7587.160000 986.611444
8502 4.500000 8.702620 7573.560000 981.414299
8503 4.420000 8.700184 7569.320000 981.146992
8504 4.600000 8.702390 7573.160000 974.389452
8505 4.600000 8.702551 7573.440000 973.759077
8506 4.640000 8.719243 7602.520000 977.265516
8507 4.640000 8.690685 7552.800000 962.217837
8508 4.680000 8.690708 7552.840000 961.361814
8509 4.860000 8.690293 7552.120000 961.178473
8510 4.940000 8.704137 7576.200000 967.578116
8511 5.020000 8.700138 7569.240000 960.040301
8512 5.080000 8.689695 7551.080000 955.846642
8513 5.160000 8.711923 7589.760000 961.467036
8514 5.040000 8.716903 7598.440000 963.198611
8515 5.140000 8.719748 7603.400000 964.039856
8516 5.260000 8.706802 7580.840000 958.201564
8517 5.360000 8.702643 7573.600000 954.462057
8518 5.180000 8.688959 7549.800000 949.094553
8519 5.180000 8.683018 7539.480000 948.664528
8520 5.000000 8.668956 7515.080000 941.791323
8521 5.140000 8.684538 7542.120000 947.057433
8522 5.260000 8.694665 7559.720000 954.850703
8523 5.440000 8.689442 7550.640000 955.110131
8524 5.520000 8.697977 7565.480000 959.735555
8525 5.380000 8.692641 7556.200000 959.568571
8526 5.580000 8.694941 7560.200000 959.959872
8527 5.460000 8.691444 7554.120000 955.614654
8528 5.520000 8.688728 7549.400000 950.942901
8529 5.680000 8.676266 7527.760000 951.941270
8530 5.660000 8.688959 7549.800000 959.267020
8531 5.760000 8.681935 7537.600000 961.476787
8532 5.700000 8.686334 7545.240000 965.602785
8533 5.660000 8.679147 7532.760000 959.689892
8534 5.860000 8.679194 7532.840000 961.717342
8535 5.860000 8.691444 7554.120000 968.182773
8536 5.840000 8.698575 7566.520000 973.244084
8537 5.780000 8.692917 7556.680000 970.362064
8538 5.760000 8.697471 7564.600000 971.403281
8539 5.880000 8.706090 7579.600000 977.381489
8540 5.720000 8.686610 7545.720000 967.727171
8541 5.620000 8.680945 7535.880000 964.199011
8542 5.580000 8.677534 7529.960000 962.389897
8543 5.640000 8.676589 7528.320000 962.037078
8544 5.780000 8.673108 7522.280000 962.910621
8545 5.660000 8.657736 7495.640000 958.420700
8546 5.720000 8.663233 7505.160000 962.680320
8547 5.660000 8.657921 7495.960000 965.281497
8548 5.620000 8.672923 7521.960000 966.830992
8549 5.760000 8.674976 7525.520000 962.117573
8550 5.700000 8.660785 7500.920000 960.495248
8551 5.700000 8.663464 7505.560000 963.225579
8552 5.600000 8.650803 7483.640000 960.709209
8553 5.520000 8.653184 7487.760000 966.048845
8554 5.320000 8.657228 7494.760000 966.335836
8555 5.420000 8.650665 7483.400000 957.117095
8556 5.540000 8.655380 7491.560000 952.719098
8557 5.560000 8.652815 7487.120000 957.198544
8558 5.420000 8.650480 7483.080000 955.083427
8559 5.500000 8.655842 7492.360000 958.616623
8560 5.320000 8.656396 7493.320000 960.321245
8561 5.380000 8.669833 7516.600000 959.869504
8562 5.340000 8.678087 7530.920000 959.698896
8563 5.320000 8.673684 7523.280000 962.784140
8564 5.300000 8.675506 7526.440000 962.236610
8565 5.360000 8.664456 7507.280000 961.770136
8566 5.300000 8.664387 7507.160000 962.031884
8567 5.380000 8.656119 7492.840000 954.738924
8568 5.300000 8.669002 7515.160000 957.248810
8569 5.460000 8.677626 7530.120000 958.472222
8570 5.420000 8.693193 7557.160000 964.740575
8571 5.500000 8.691260 7553.800000 964.801393
8572 5.440000 8.682649 7538.840000 967.998345
8573 5.620000 8.690432 7552.360000 971.863958
8574 5.620000 8.696781 7563.400000 971.246266
8575 5.540000 8.697241 7564.200000 966.212816
8576 5.580000 8.702299 7573.000000 967.802725
8577 5.540000 8.687485 7547.240000 958.248122
8578 5.500000 8.679931 7534.120000 960.572792
8579 5.620000 8.684354 7541.800000 958.283035
8580 5.620000 8.685735 7544.200000 952.740089
8581 5.540000 8.695309 7560.840000 955.008139
8582 5.520000 8.688959 7549.800000 944.760441
8583 5.560000 8.672762 7521.680000 943.562964
8584 5.680000 8.662956 7504.680000 940.433929
8585 5.840000 8.662794 7504.400000 944.591298
8586 5.740000 8.670663 7518.040000 950.896055
8587 5.860000 8.662032 7503.080000 944.317360
8588 5.840000 8.663510 7505.640000 946.819175
8589 5.900000 8.686564 7545.640000 951.912209
8590 6.020000 8.674353 7524.440000 945.803901
8591 5.960000 8.679770 7533.840000 947.205778
8592 5.860000 8.680899 7535.800000 950.050196
8593 5.860000 8.676013 7527.320000 946.902148
8594 5.860000 8.660693 7500.760000 938.239876
8595 5.740000 8.672693 7521.560000 943.914211
8596 5.680000 8.687808 7547.800000 946.829354
8597 5.800000 8.694826 7560.000000 947.868707
8598 5.780000 8.691076 7553.480000 943.333968
8599 5.640000 8.696114 7562.240000 949.421991
8600 5.720000 8.703723 7575.480000 954.686369
8601 5.900000 8.703953 7575.880000 957.736068
8602 5.840000 8.690432 7552.360000 950.110929
8603 5.780000 8.691766 7554.680000 953.662308
8604 5.900000 8.708823 7584.360000 965.038778
8605 6.040000 8.717798 7600.000000 967.640508
8606 6.200000 8.708410 7583.640000 968.173579
8607 6.140000 8.706710 7580.680000 963.028383
8608 6.180000 8.719197 7602.440000 970.693840
8609 6.200000 8.714999 7595.120000 965.589466
8610 6.220000 8.725205 7612.920000 963.101763
8611 6.140000 8.720344 7604.440000 960.468924
8612 6.100000 8.736201 7632.120000 972.770301
8613 6.060000 8.726580 7615.320000 963.081623
8614 6.100000 8.740595 7639.800000 970.847299
8615 6.020000 8.749560 7655.480000 977.495289
8616 5.940000 8.770975 7693.000000 982.660957
8617 5.960000 8.756529 7667.680000 978.863249
8618 5.980000 8.770838 7692.760000 976.292726
8619 6.100000 8.784418 7716.600000 982.440454
8620 5.900000 8.776856 7703.320000 976.276765
8621 5.980000 8.779225 7707.480000 975.226752
8622 5.740000 8.776537 7702.760000 975.517171
8623 5.720000 8.791769 7729.520000 980.930230
8624 5.760000 8.784418 7716.600000 978.855090
8625 5.760000 8.782255 7712.800000 974.691119
8626 5.620000 8.780774 7710.200000 972.707964
8627 5.580000 8.781184 7710.920000 973.680565
8628 5.520000 8.769743 7690.840000 964.947767
8629 5.580000 8.761301 7676.040000 966.272029
8630 5.640000 8.791928 7729.800000 978.421903
8631 5.600000 8.791405 7728.880000 983.943742
8632 5.540000 8.799159 7742.520000 982.535757
8633 5.480000 8.805317 7753.360000 986.665585
8634 5.480000 8.807520 7757.240000 986.238645
8635 5.480000 8.805180 7753.120000 990.132768
8636 5.340000 8.790927 7728.040000 984.160714
8637 5.480000 8.793179 7732.000000 980.370310
8638 5.480000 8.812151 7765.400000 988.890767
8639 5.460000 8.818276 7776.200000 992.662430
8640 5.560000 8.821496 7781.880000 988.661829
8641 5.460000 8.824171 7786.600000 994.686035
8642 5.460000 8.835949 7807.400000 997.927064
8643 5.460000 8.835995 7807.480000 994.694098
8644 5.480000 8.835542 7806.680000 994.821109
8645 5.440000 8.844840 7823.120000 995.404293
8646 5.300000 8.821224 7781.400000 989.299897
8647 5.440000 8.822426 7783.520000 988.761814
8648 5.260000 8.804249 7751.480000 984.286691
8649 5.240000 8.792542 7730.880000 977.165727
8650 5.280000 8.800523 7744.920000 980.167906
8651 5.300000 8.821587 7782.040000 986.958727
8652 5.440000 8.826075 7789.960000 988.475316
8653 5.540000 8.828703 7794.600000 990.492375
8654 5.580000 8.823310 7785.080000 993.968111
8655 5.520000 8.813671 7768.080000 996.398411
8656 5.560000 8.829428 7795.880000 1002.462865
8657 5.600000 8.837692 7810.480000 1008.804646
8658 5.620000 8.838937 7812.680000 1005.564618
8659 5.700000 8.857200 7845.000000 1015.000737
8660 5.600000 8.865281 7859.320000 1013.935035
8661 5.600000 8.876891 7879.920000 1021.985007
8662 5.480000 8.871595 7870.520000 1015.672116
8663 5.380000 8.868078 7864.280000 1018.093520
8664 5.380000 8.876689 7879.560000 1022.957080
8665 5.480000 8.888959 7901.360000 1028.379259
8666 5.480000 8.887272 7898.360000 1028.656492
8667 5.360000 8.887159 7898.160000 1026.762733
8668 5.160000 8.898697 7918.680000 1030.015848
8669 5.240000 8.907435 7934.240000 1035.674123
8670 5.220000 8.901887 7924.360000 1025.270412
8671 5.140000 8.891726 7906.280000 1016.417555
8672 5.140000 8.894425 7911.080000 1017.034488
8673 5.120000 8.897775 7917.040000 1020.248972
8674 4.940000 8.890602 7904.280000 1013.530526
8675 4.860000 8.897438 7916.440000 1015.931127
8676 5.060000 8.882094 7889.160000 1009.286823
8677 5.060000 8.865461 7859.640000 1008.430015
8678 4.920000 8.862031 7853.560000 1011.403096
8679 5.060000 8.862302 7854.040000 1014.678575
8680 4.940000 8.850740 7833.560000 1005.422790
8681 4.760000 8.848096 7828.880000 1010.077885
8682 4.780000 8.854084 7839.480000 1009.381838
8683 4.860000 8.842963 7819.800000 1003.691693
8684 4.880000 8.842918 7819.720000 1004.886257
8685 4.740000 8.834636 7805.080000 1002.510100
8686 4.720000 8.824035 7786.360000 1000.333499
8687 4.680000 8.827412 7792.320000 999.397222
8688 4.820000 8.812650 7766.280000 990.351057
8689 5.000000 8.815169 7770.720000 992.796690
8690 5.100000 8.817097 7774.120000 993.422023
8691 5.140000 8.814738 7769.960000 994.302315
8692 5.300000 8.836221 7807.880000 1005.825375
8693 5.340000 8.836809 7808.920000 1012.063014
8694 5.420000 8.831014 7798.680000 1009.855401
8695 5.440000 8.825871 7789.600000 1012.728979
8696 5.680000 8.846581 7826.200000 1022.228936
8697 5.580000 8.844592 7822.680000 1019.571486
8698 5.580000 8.829292 7795.640000 1013.656372
8699 5.460000 8.833142 7802.440000 1012.015232
8700 5.480000 8.849475 7831.320000 1024.954578
8701 5.460000 8.837398 7809.960000 1018.357866
8702 5.320000 8.820544 7780.200000 1013.013827
8703 5.600000 8.820113 7779.440000 1012.079877
8704 5.500000 8.812468 7765.960000 1005.060207
8705 5.500000 8.812695 7766.360000 1000.376271
8706 5.440000 8.821905 7782.600000 1006.848706
8707 5.420000 8.835587 7806.760000 1012.513394
8708 5.500000 8.833731 7803.480000 1008.246355
8709 5.500000 8.850650 7833.400000 1015.524291
8710 5.380000 8.845270 7823.880000 1011.718029
8711 5.280000 8.852615 7836.880000 1011.758325
8712 5.300000 8.840339 7815.160000 1009.349989
8713 5.180000 8.832101 7800.600000 1008.042440
8714 5.280000 8.830334 7797.480000 1006.300793
8715 5.300000 8.834501 7804.840000 1006.451038
8716 5.280000 8.815055 7770.520000 995.416958
8717 5.360000 8.821428 7781.760000 993.743117
8718 5.320000 8.812287 7765.640000 986.070557
8719 5.300000 8.807247 7756.760000 986.536849
8720 5.280000 8.818911 7777.320000 987.999206
8721 5.240000 8.831444 7799.440000 987.526748
8722 5.500000 8.830470 7797.720000 987.190002
8723 5.540000 8.842194 7818.440000 996.206883
8724 5.520000 8.849972 7832.200000 996.007152
8725 5.700000 8.843777 7821.240000 989.971144
8726 5.740000 8.849294 7831.000000 991.111906
8727 5.760000 8.844207 7822.000000 988.779444
8728 5.620000 8.836221 7807.880000 987.548268
8729 5.640000 8.826007 7789.840000 984.720717
8730 5.540000 8.814375 7769.320000 979.659627
8731 5.560000 8.818707 7776.960000 976.640756
8732 5.540000 8.821859 7782.520000 979.343188
8733 5.540000 8.835225 7806.120000 985.670752
8734 5.480000 8.847938 7828.600000 985.347785
8735 5.520000 8.854829 7840.800000 984.996568
8736 5.520000 8.849746 7831.800000 980.061184
8737 5.520000 8.841086 7816.480000 979.088664
8738 5.540000 8.868123 7864.360000 985.110544
8739 5.600000 8.883333 7891.360000 989.734541
8740 5.540000 8.885111 7894.520000 990.129319
8741 5.460000 8.903774 7927.720000 995.704031
8742 5.420000 8.883805 7892.200000 985.958105
8743 5.460000 8.889837 7902.920000 983.578892
8744 5.380000 8.891007 7905.000000 985.906754
8745 5.200000 8.870310 7868.240000 977.774068
8746 5.400000 8.891187 7905.320000 987.956248
8747 5.400000 8.857765 7846.000000 977.952517
8748 5.400000 8.856659 7844.040000 980.890312
8749 5.480000 8.854739 7840.640000 987.653001
8750 5.600000 8.854897 7840.920000 988.301033
8751 5.540000 8.846536 7826.120000 987.671563
8752 5.560000 8.845541 7824.360000 982.768595
8753 5.560000 8.850943 7833.920000 981.928750
8754 5.500000 8.851418 7834.760000 980.044468
8755 5.280000 8.848412 7829.440000 979.137327
8756 5.120000 8.857246 7845.080000 982.199104
8757 5.000000 8.864581 7858.080000 986.159043
8758 5.000000 8.874976 7876.520000 984.536431
8759 5.040000 8.873511 7873.920000 983.560184
8760 5.060000 8.857381 7845.320000 973.096358
8761 5.120000 8.863859 7856.800000 974.728726
8762 5.300000 8.860045 7850.040000 972.316288
8763 5.400000 8.852615 7836.880000 967.678698
8764 5.360000 8.852141 7836.040000 969.909835
8765 5.480000 8.847644 7828.080000 973.001057
8766 5.600000 8.852412 7836.520000 970.454539
8767 5.620000 8.853045 7837.640000 969.231184
8768 5.540000 8.864875 7858.600000 976.133758
8769 5.620000 8.860903 7851.560000 973.210723
8770 5.660000 8.853361 7838.200000 969.282365
8771 5.740000 8.857562 7845.640000 974.628751
8772 5.700000 8.856884 7844.440000 973.549912
8773 5.560000 8.865168 7859.120000 981.656000
8774 5.640000 8.853948 7839.240000 977.375139
8775 5.700000 8.855575 7842.120000 982.798805
8776 5.920000 8.840520 7815.480000 984.763107
8777 5.920000 8.833527 7803.120000 978.159272
8778 5.820000 8.847350 7827.560000 982.719482
8779 5.900000 8.838394 7811.720000 979.839170
8780 5.980000 8.856342 7843.480000 983.499207
8781 5.880000 8.865980 7860.560000 988.683914
8782 5.740000 8.863069 7855.400000 992.381806
8783 5.920000 8.850446 7833.040000 985.660431
8784 5.920000 8.835316 7806.280000 981.177518
8785 5.880000 8.836108 7807.680000 981.500601
8786 5.800000 8.811969 7765.080000 973.988898
8787 5.720000 8.806952 7756.240000 974.869609
8788 5.720000 8.812423 7765.880000 977.173274
8789 5.820000 8.811788 7764.760000 975.360632
8790 5.780000 8.807520 7757.240000 977.464802
8791 5.700000 8.792702 7731.160000 967.678867
8792 5.700000 8.797704 7739.960000 966.340562
8793 5.520000 8.781116 7710.800000 959.333917
8794 5.680000 8.774622 7699.400000 959.310714
8795 5.780000 8.751343 7658.600000 949.300873
8796 5.720000 8.745719 7648.760000 947.537220
8797 5.780000 8.760571 7674.760000 952.604857
8798 5.840000 8.737116 7633.720000 942.879846
8799 5.940000 8.721307 7606.120000 936.172282
8800 6.020000 8.724288 7611.320000 939.670346
8801 5.780000 8.730155 7621.560000 943.064539
8802 5.720000 8.721628 7606.680000 937.801414
8803 5.700000 8.716720 7598.120000 930.446909
8804 5.800000 8.725572 7613.560000 934.763648
8805 5.900000 8.742746 7643.560000 943.041938
8806 5.860000 8.736384 7632.440000 943.709134
8807 5.840000 8.726511 7615.200000 937.707529
8808 5.820000 8.735285 7630.520000 938.579482
8809 5.800000 8.726786 7615.680000 935.095019
8810 5.700000 8.727588 7617.080000 934.294036
8811 5.880000 8.742997 7644.000000 942.559324
8812 5.820000 8.751069 7658.120000 948.665141
8813 5.840000 8.744507 7646.640000 948.941883
8814 5.720000 8.733636 7627.640000 939.481429
8815 5.740000 8.736979 7633.480000 944.386209
8816 5.880000 8.726168 7614.600000 940.842593
8817 5.920000 8.732835 7626.240000 944.920585
8818 5.960000 8.728551 7618.760000 939.989500
8819 6.000000 8.728574 7618.800000 937.261616
8820 6.020000 8.734873 7629.800000 943.872329
8821 6.120000 8.725090 7612.720000 942.656269
8822 6.100000 8.714149 7593.640000 936.343552
8823 6.000000 8.709168 7584.960000 938.466687
8824 5.920000 8.718371 7601.000000 947.788307
8825 5.700000 8.716720 7598.120000 951.748650
8826 5.600000 8.726626 7615.400000 958.191209
8827 5.660000 8.709788 7586.040000 948.592134
8828 5.760000 8.708548 7583.880000 944.989099
8829 5.600000 8.694780 7559.920000 942.847155
8830 5.660000 8.699310 7567.800000 941.795904
8831 5.900000 8.704229 7576.360000 946.580263
8832 5.920000 8.703356 7574.840000 945.983913
8833 5.960000 8.698092 7565.680000 942.854286
8834 5.840000 8.698023 7565.560000 942.435504
8835 5.720000 8.698046 7565.600000 943.434562
8836 5.660000 8.680714 7535.480000 933.552039
8837 5.680000 8.684285 7541.680000 933.379239
8838 5.660000 8.698299 7566.040000 943.136738
8839 5.660000 8.705837 7579.160000 953.191176
8840 5.680000 8.681359 7536.600000 946.531774
8841 5.600000 8.673131 7522.320000 944.158334
8842 5.520000 8.671401 7519.320000 941.404156
8843 5.520000 8.667410 7512.400000 940.643974
8844 5.620000 8.668449 7514.200000 947.255715
8845 5.680000 8.676958 7528.960000 949.491842
8846 5.740000 8.689695 7551.080000 953.591851
8847 5.760000 8.688429 7548.880000 947.046181
8848 5.900000 8.690524 7552.520000 946.919264
8849 5.840000 8.695332 7560.880000 952.854170
8850 5.900000 8.688959 7549.800000 946.932226
8851 5.860000 8.692825 7556.520000 951.919039
8852 5.800000 8.704826 7577.400000 960.552290
8853 5.840000 8.725274 7613.040000 971.672984
8854 5.980000 8.737162 7633.800000 977.840105
8855 5.960000 8.731277 7623.520000 973.788273
8856 6.060000 8.739771 7638.360000 978.893432
8857 6.260000 8.750017 7656.280000 986.092035
8858 6.400000 8.747137 7651.240000 986.583535
8859 6.520000 8.743775 7645.360000 989.650137
8860 6.460000 8.750611 7657.320000 990.908427
8861 6.240000 8.734712 7629.520000 984.070890
8862 6.320000 8.776400 7702.520000 997.929645
8863 6.220000 8.775489 7700.920000 994.003453
8864 6.080000 8.777266 7704.040000 996.188917
8865 6.120000 8.778884 7706.880000 996.586282
8866 6.120000 8.767691 7687.240000 993.679918
8867 6.160000 8.761918 7677.120000 992.832070
8868 6.260000 8.758425 7671.000000 989.533848
8869 6.380000 8.729284 7620.040000 980.109960
8870 6.280000 8.736429 7632.520000 983.291462
8871 6.320000 8.747663 7652.160000 985.852655
8872 6.420000 8.757511 7669.400000 990.607919
8873 6.360000 8.775739 7701.360000 994.066868
8874 6.400000 8.779225 7707.480000 994.305613
8875 6.360000 8.788356 7723.520000 1000.507323
8876 6.400000 8.793065 7731.800000 995.444087
8877 6.380000 8.789516 7725.560000 991.254668
8878 6.360000 8.790063 7726.520000 990.801188
8879 6.160000 8.792406 7730.640000 992.847632
8880 6.100000 8.798204 7740.840000 996.710683
8881 5.980000 8.791701 7729.400000 996.321913
8882 5.920000 8.776947 7703.480000 993.760693
8883 5.960000 8.766984 7686.000000 991.534930
8884 5.880000 8.759338 7672.600000 992.153692
8885 6.020000 8.748966 7654.440000 984.037155
8886 5.980000 8.724242 7611.240000 974.656973
8887 6.020000 8.724425 7611.560000 972.313260
8888 6.120000 8.725159 7612.840000 973.268210
8889 6.120000 8.726603 7615.360000 971.508182
8890 6.060000 8.721078 7605.720000 972.242520
8891 6.060000 8.726122 7614.520000 969.440556
8892 6.040000 8.711670 7589.320000 966.676921
8893 5.940000 8.726397 7615.000000 972.887295
8894 5.920000 8.730109 7621.480000 970.560519
8895 5.820000 8.736750 7633.080000 971.668034
8896 5.840000 8.726855 7615.800000 969.153538
8897 5.640000 8.732377 7625.440000 973.544531
8898 5.600000 8.751388 7658.680000 980.123738
8899 5.640000 8.760183 7674.080000 985.180540
8900 5.700000 8.769607 7690.600000 988.980823
8901 5.660000 8.768375 7688.440000 988.953437
8902 5.680000 8.762032 7677.320000 982.570431
8903 5.780000 8.763447 7679.800000 985.734359
8904 5.840000 8.751663 7659.160000 982.892950
8905 5.800000 8.764154 7681.040000 990.965204
8906 5.760000 8.769379 7690.200000 990.626380
8907 5.840000 8.763333 7679.600000 989.139865
8908 5.940000 8.775443 7700.840000 989.749914
8909 6.020000 8.788925 7724.520000 994.205559
8910 6.000000 8.785875 7719.160000 996.646125
8911 5.900000 8.791155 7728.440000 992.985367
8912 6.000000 8.787423 7721.880000 990.592695
8913 6.080000 8.798182 7740.800000 998.132660
8914 6.200000 8.804204 7751.400000 1001.571348
8915 6.140000 8.810698 7762.840000 999.421963
8916 6.160000 8.814783 7770.040000 1002.566654
8917 6.260000 8.820272 7779.720000 1001.738867
8918 6.400000 8.811924 7765.000000 1004.774544
8919 6.360000 8.804908 7752.640000 999.538344
8920 6.300000 8.795158 7735.480000 997.698023
8921 6.300000 8.799068 7742.360000 994.217958
8922 6.260000 8.806657 7755.720000 999.609231
8923 6.300000 8.795749 7736.520000 994.077016
8924 6.260000 8.793702 7732.920000 988.011005
8925 6.380000 8.820726 7780.520000 999.410115
8926 6.460000 8.832282 7800.920000 999.081694
8927 6.680000 8.848457 7829.520000 1004.139488
8928 6.780000 8.838303 7811.560000 1001.705547
8929 6.500000 8.841968 7818.040000 995.442114
8930 6.440000 8.844727 7822.920000 996.277582
8931 6.460000 8.857562 7845.640000 1000.708926
8932 6.380000 8.844818 7823.080000 997.183180
8933 6.280000 8.847779 7828.320000 996.596319
8934 6.340000 8.871911 7871.080000 1005.000103
8935 6.540000 8.877274 7880.600000 1010.465672
8936 6.600000 8.881914 7888.840000 1012.258410
8937 6.520000 8.866927 7862.240000 1003.766704
8938 6.340000 8.861309 7852.280000 998.196714
8939 6.400000 8.863092 7855.440000 996.673097
8940 6.460000 8.852412 7836.520000 994.967942
8941 6.520000 8.844705 7822.880000 991.777717
8942 6.520000 8.836266 7807.960000 990.494817
8943 6.380000 8.830696 7798.120000 989.491710
8944 6.360000 8.829020 7795.160000 983.926221
8945 6.380000 8.833957 7803.880000 989.119325
8946 6.400000 8.822267 7783.240000 988.737401
8947 6.280000 8.823333 7785.120000 987.249943
8948 6.360000 8.817823 7775.400000 983.236935
8949 6.340000 8.814193 7769.000000 984.729974
8950 6.280000 8.835451 7806.520000 997.102586
8951 6.460000 8.834229 7804.360000 994.021553
8952 6.480000 8.823174 7784.840000 989.650623
8953 6.580000 8.819501 7778.360000 988.070769
8954 6.460000 8.820000 7779.240000 991.767069
8955 6.580000 8.828613 7794.440000 993.218587
8956 6.700000 8.813558 7767.880000 985.174473
8957 6.720000 8.814670 7769.840000 982.148061
8958 6.760000 8.817460 7774.760000 982.411389
8959 6.780000 8.818911 7777.320000 983.769163
8960 6.760000 8.824625 7787.400000 991.539972
8961 6.660000 8.824579 7787.320000 993.662590
8962 6.760000 8.828794 7794.760000 996.020933
8963 6.940000 8.827435 7792.360000 993.574715
8964 6.940000 8.828930 7795.000000 991.144291
8965 6.900000 8.835406 7806.440000 993.949063
8966 6.620000 8.835723 7807.000000 991.128537
8967 6.760000 8.859616 7849.280000 1001.708092
8968 6.640000 8.857020 7844.680000 998.190928
8969 6.660000 8.853813 7839.000000 995.217803
8970 6.620000 8.855032 7841.160000 997.289644
8971 6.480000 8.854423 7840.080000 1004.551613
8972 6.300000 8.847124 7827.160000 997.258894
8973 6.360000 8.869183 7866.240000 1005.187951
8974 6.200000 8.869566 7866.920000 1002.025611
8975 6.240000 8.859120 7848.400000 993.620142
8976 6.140000 8.862754 7854.840000 996.565810
8977 6.200000 8.862460 7854.320000 989.509582
8978 6.380000 8.872857 7872.760000 991.790456
8979 6.300000 8.889612 7902.520000 1001.282641
8980 6.360000 8.892671 7907.960000 1001.050941
8981 6.380000 8.891367 7905.640000 1000.025645
8982 6.540000 8.897213 7916.040000 1003.068007
8983 6.460000 8.899236 7919.640000 1007.119897
8984 6.480000 8.901932 7924.440000 1008.249597
8985 6.580000 8.918139 7953.320000 1017.010330
8986 6.600000 8.915402 7948.440000 1017.775110
8987 6.440000 8.932189 7978.400000 1029.038342
8988 6.560000 8.931360 7976.920000 1026.698988
8989 6.580000 8.938165 7989.080000 1032.821189
8990 6.500000 8.947290 8005.400000 1037.652243
8991 6.600000 8.965802 8038.560000 1048.292233
8992 6.680000 8.967252 8041.160000 1049.657930
8993 6.740000 8.964798 8036.760000 1045.977189
8994 6.800000 8.954351 8018.040000 1037.706654
8995 6.920000 8.946821 8004.560000 1030.876239
8996 6.760000 8.934987 7983.400000 1024.860209
8997 6.620000 8.918991 7954.840000 1015.358893
8998 6.600000 8.913024 7944.200000 1011.954601
8999 6.560000 8.908647 7936.400000 1013.573554
9000 6.800000 8.904314 7928.680000 1015.644016
9001 6.740000 8.895999 7913.880000 1008.128908
9002 6.800000 8.894605 7911.400000 1008.496478
9003 6.920000 8.905728 7931.200000 1020.350163
9004 6.820000 8.908850 7936.760000 1020.709033
9005 6.700000 8.921368 7959.080000 1025.209474
9006 6.640000 8.908356 7935.880000 1016.812280
9007 6.640000 8.887474 7898.720000 1009.688157
9008 6.720000 8.889747 7902.760000 1007.593070
9009 6.760000 8.876756 7879.680000 999.619857
9010 6.700000 8.867807 7863.800000 1002.470581
9011 6.620000 8.863972 7857.000000 1004.634359
9012 6.600000 8.881329 7887.800000 1012.047394
9013 6.540000 8.887902 7899.480000 1017.971783
9014 6.580000 8.888127 7899.880000 1012.859918
9015 6.600000 8.884188 7892.880000 1006.265168
9016 6.680000 8.871280 7869.960000 1000.552838
9017 6.680000 8.870265 7868.160000 1000.034659
9018 6.840000 8.853858 7839.080000 993.017262
9019 6.920000 8.853745 7838.880000 988.344975
9020 6.920000 8.858916 7848.040000 986.943417
9021 6.940000 8.869160 7866.200000 991.826345
9022 7.080000 8.849565 7831.480000 983.366211
9023 6.940000 8.847712 7828.200000 981.227124
9024 6.920000 8.860632 7851.080000 983.766175
9025 7.000000 8.857855 7846.160000 983.543457
9026 7.120000 8.844275 7822.120000 972.930981
9027 7.180000 8.840023 7814.600000 970.857277
9028 7.260000 8.845451 7824.200000 975.931699
9029 7.220000 8.843054 7819.960000 977.166175
9030 7.100000 8.850333 7832.840000 978.394142
9031 7.000000 8.824466 7787.120000 970.695722
9032 6.880000 8.822993 7784.520000 961.833710
9033 6.880000 8.823605 7785.600000 966.217751
9034 6.760000 8.792611 7731.000000 952.466529
9035 6.780000 8.792247 7730.360000 954.728475
9036 6.780000 8.810244 7762.040000 964.547406
9037 6.900000 8.822811 7784.200000 971.209497
9038 6.840000 8.827616 7792.680000 974.001477
9039 6.780000 8.823718 7785.800000 967.135495
9040 6.880000 8.818458 7776.520000 962.915421
9041 6.900000 8.814057 7768.760000 961.503648
9042 6.840000 8.814238 7769.080000 963.758191
9043 6.860000 8.821723 7782.280000 966.692853
9044 6.800000 8.816144 7772.440000 963.393470
9045 6.740000 8.823083 7784.680000 963.914795
9046 6.820000 8.836990 7809.240000 968.910059
9047 6.840000 8.822517 7783.680000 961.727465
9048 6.860000 8.813512 7767.800000 956.544492
9049 6.820000 8.806112 7754.760000 954.978555
9050 6.900000 8.798568 7741.480000 948.709932
9051 6.840000 8.800636 7745.120000 947.482214
9052 6.940000 8.781731 7711.880000 934.337392
9053 6.960000 8.789994 7726.400000 938.966318
9054 6.980000 8.782187 7712.680000 932.117769
9055 6.880000 8.768808 7689.200000 929.504812
9056 6.700000 8.768010 7687.800000 925.125501
9057 6.720000 8.754336 7663.840000 915.285125
9058 6.820000 8.749651 7655.640000 911.718264
9059 6.800000 8.739657 7638.160000 910.580798
9060 6.640000 8.752074 7659.880000 919.862764
9061 6.740000 8.757100 7668.680000 924.864452
9062 6.740000 8.769470 7690.360000 933.547045
9063 6.900000 8.780319 7709.400000 940.784757
9064 6.940000 8.782095 7712.520000 941.704570
9065 7.060000 8.775625 7701.160000 937.363763
9066 7.120000 8.782505 7713.240000 938.862156
9067 7.000000 8.781435 7711.360000 938.928849
9068 7.300000 8.781685 7711.800000 942.331976
9069 7.360000 8.779749 7708.400000 940.232143
9070 7.180000 8.788834 7724.360000 944.475877
9071 7.200000 8.798454 7741.280000 949.600609
9072 7.140000 8.811016 7763.400000 955.880754
9073 6.980000 8.800023 7744.040000 950.038794
9074 6.900000 8.796749 7738.280000 941.336707
9075 6.780000 8.787650 7722.280000 935.393301
9076 6.680000 8.781685 7711.800000 930.447884
9077 6.500000 8.786968 7721.080000 938.932363
9078 6.340000 8.797477 7739.560000 942.862092
9079 6.440000 8.798864 7742.000000 940.256694
9080 6.400000 8.793384 7732.360000 940.466354
9081 6.340000 8.782779 7713.720000 935.725980
9082 6.300000 8.777403 7704.280000 933.502489
9083 6.220000 8.787741 7722.440000 938.389978
9084 6.260000 8.788060 7723.000000 942.973838
9085 6.260000 8.803931 7750.920000 952.348928
9086 6.180000 8.805430 7753.560000 955.668030
9087 6.160000 8.812718 7766.400000 963.168999
9088 6.200000 8.824987 7788.040000 967.667032
9089 6.160000 8.839050 7812.880000 975.867747
9090 6.060000 8.836945 7809.160000 973.593592
9091 6.020000 8.845451 7824.200000 977.059952
9092 5.920000 8.842104 7818.280000 979.187485
9093 5.760000 8.836515 7808.400000 969.427204
9094 5.640000 8.846265 7825.640000 978.370925
9095 5.640000 8.830900 7798.480000 973.923507
9096 5.480000 8.820408 7779.960000 963.759563
9097 5.220000 8.826030 7789.880000 961.316077
9098 5.400000 8.823627 7785.640000 962.552726
9099 5.260000 8.810562 7762.600000 958.082445
9100 5.300000 8.802568 7748.520000 950.889132
9101 5.320000 8.802909 7749.120000 951.774467
9102 5.440000 8.803976 7751.000000 954.583872
9103 5.540000 8.799568 7743.240000 948.455334
9104 5.740000 8.803477 7750.120000 948.976489
9105 5.940000 8.813558 7767.880000 957.110970
9106 5.940000 8.831421 7799.400000 957.523526
9107 5.940000 8.836538 7808.440000 961.211151
9108 5.900000 8.851915 7835.640000 969.324158
9109 5.680000 8.836696 7808.720000 958.499980
9110 5.640000 8.815600 7771.480000 953.828188
9111 5.780000 8.829156 7795.400000 962.325467
9112 5.920000 8.826755 7791.160000 958.034128
9113 5.960000 8.803408 7750.000000 950.624948
9114 6.040000 8.784464 7716.680000 949.227406
9115 5.960000 8.777289 7704.080000 951.987446
9116 5.900000 8.780592 7709.880000 953.981332
9117 5.960000 8.803454 7750.080000 960.984022
9118 5.940000 8.805703 7754.040000 964.666023
9119 5.940000 8.802522 7748.440000 961.395750
9120 5.780000 8.792793 7731.320000 960.558998
9121 6.040000 8.791223 7728.560000 959.067449
9122 6.060000 8.779772 7708.440000 953.042940
9123 6.020000 8.766139 7684.520000 946.914764
9124 5.840000 8.778633 7706.440000 951.181379
9125 5.740000 8.774349 7698.920000 952.968530
9126 5.960000 8.778314 7705.880000 948.628785
9127 6.200000 8.782483 7713.200000 951.769321
9128 6.200000 8.795112 7735.400000 953.708346
9129 6.320000 8.798500 7741.360000 952.307828
9130 6.300000 8.789607 7725.720000 943.848584
9131 6.200000 8.792770 7731.280000 945.124832
9132 6.220000 8.792929 7731.560000 941.071582
9133 6.160000 8.792042 7730.000000 940.786604
9134 6.280000 8.798568 7741.480000 949.668825
9135 6.280000 8.792861 7731.440000 948.764897
9136 6.220000 8.809563 7760.840000 959.063315
9137 6.140000 8.801613 7746.840000 948.650702
9138 6.100000 8.799886 7743.800000 942.837214
9139 6.100000 8.800386 7744.680000 938.047514
9140 6.100000 8.804658 7752.200000 943.137375
9141 6.140000 8.810970 7763.320000 936.063088
9142 6.220000 8.811061 7763.480000 930.268817
9143 6.340000 8.795294 7735.720000 922.778112
9144 6.440000 8.795203 7735.560000 924.550414
9145 6.580000 8.786103 7719.560000 923.788042
9146 6.440000 8.782187 7712.680000 924.373203
9147 6.300000 8.785556 7718.600000 918.221070
9148 6.240000 8.796658 7738.120000 920.981838
9149 6.220000 8.799705 7743.480000 917.337360
9150 6.260000 8.799477 7743.080000 921.677995
9151 6.320000 8.803318 7749.840000 927.224387
9152 6.460000 8.797977 7740.440000 925.198699
9153 6.540000 8.788333 7723.480000 918.271262
9154 6.540000 8.765592 7683.560000 913.149619
9155 6.460000 8.765866 7684.040000 910.077831
9156 6.320000 8.763629 7680.120000 914.229506
9157 6.360000 8.767303 7686.560000 915.194748
9158 6.260000 8.777448 7704.360000 917.867224
9159 6.240000 8.778929 7706.960000 919.516980
9160 6.200000 8.763401 7679.720000 916.325088
9161 6.060000 8.780957 7710.520000 928.881529
9162 6.120000 8.786877 7720.920000 929.566288
9163 6.260000 8.803204 7749.640000 937.820408
9164 6.040000 8.817959 7775.640000 942.298708
9165 5.960000 8.824829 7787.760000 949.161660
9166 5.860000 8.809790 7761.240000 942.583389
9167 5.680000 8.812128 7765.360000 940.681286
9168 5.780000 8.811878 7764.920000 939.351018
9169 5.840000 8.793270 7732.160000 935.557010
9170 5.560000 8.792383 7730.600000 932.679303
9171 5.360000 8.789084 7724.800000 931.100564
9172 5.260000 8.810199 7761.960000 935.712279
9173 5.280000 8.805180 7753.120000 931.380766
9174 5.260000 8.818276 7776.200000 933.017271
9175 5.160000 8.822018 7782.800000 935.125883
9176 5.160000 8.813331 7767.480000 929.616503
9177 5.180000 8.815645 7771.560000 926.020528
9178 5.280000 8.820952 7780.920000 929.068289
9179 5.360000 8.826143 7790.080000 937.641189
9180 5.280000 8.800523 7744.920000 928.573475
9181 5.380000 8.804567 7752.040000 923.572463
9182 5.380000 8.812196 7765.480000 925.788985
9183 5.540000 8.837126 7809.480000 929.575094
9184 5.360000 8.829247 7795.560000 926.688701
9185 5.500000 8.832282 7800.920000 928.881915
9186 5.540000 8.834455 7804.760000 934.702840
9187 5.620000 8.840430 7815.320000 934.875809
9188 5.540000 8.856297 7843.400000 942.578669
9189 5.740000 8.841787 7817.720000 935.717933
9190 5.780000 8.832825 7801.880000 932.648898
9191 5.940000 8.830243 7797.320000 929.998465
9192 6.060000 8.842873 7819.640000 932.774906
9193 5.980000 8.845134 7823.640000 930.258537
9194 6.180000 8.860271 7850.440000 933.469477
9195 6.220000 8.867672 7863.560000 938.510503
9196 6.180000 8.856975 7844.600000 932.516975
9197 6.140000 8.862708 7854.760000 934.405357
9198 6.200000 8.846174 7825.480000 931.130812
9199 6.260000 8.836900 7809.080000 922.993344
9200 6.220000 8.829790 7796.520000 922.701234
9201 6.340000 8.832282 7800.920000 920.210855
9202 6.180000 8.830334 7797.480000 916.901565
9203 6.180000 8.832870 7801.960000 915.923623
9204 6.180000 8.840430 7815.320000 915.345129
9205 6.120000 8.841312 7816.880000 910.451086
9206 6.300000 8.871054 7869.560000 917.383705
9207 6.460000 8.870107 7867.880000 921.316606
9208 6.400000 8.857742 7845.960000 918.198718
9209 6.340000 8.874796 7876.200000 929.206003
9210 6.320000 8.871144 7869.720000 925.467405
9211 6.440000 8.874773 7876.160000 923.490955
9212 6.520000 8.880383 7886.120000 927.905718
9213 6.640000 8.866386 7861.280000 920.870694
9214 6.600000 8.877725 7881.400000 920.763637
9215 6.580000 8.880203 7885.800000 920.823544
9216 6.520000 8.887542 7898.840000 927.824134
9217 6.540000 8.890557 7904.200000 925.179798
9218 6.580000 8.895415 7912.840000 930.087454
9219 6.560000 8.881486 7888.080000 927.113823
9220 6.520000 8.883175 7891.080000 927.826694
9221 6.580000 8.880023 7885.480000 921.151149
9222 6.600000 8.877635 7881.240000 923.500046
9223 6.620000 8.883085 7890.920000 923.440232
9224 6.600000 8.880968 7887.160000 920.167645
9225 6.620000 8.898697 7918.680000 921.857765
9226 6.740000 8.911139 7940.840000 921.504721
9227 6.700000 8.909254 7937.480000 917.479312
9228 6.600000 8.889837 7902.920000 908.010551
9229 6.640000 8.891029 7905.040000 913.728728
9230 6.400000 8.897348 7916.280000 916.727787
9231 6.320000 8.889634 7902.560000 912.732796
9232 6.160000 8.894110 7910.520000 910.571689
9233 6.160000 8.892649 7907.920000 909.812877
9234 6.120000 8.900854 7922.520000 917.535306
9235 6.100000 8.892806 7908.200000 912.458597
9236 6.060000 8.887902 7899.480000 906.282207
9237 6.140000 8.889612 7902.520000 903.973270
9238 6.180000 8.889432 7902.200000 903.056048
9239 6.140000 8.873849 7874.520000 900.613467
9240 6.100000 8.880698 7886.680000 898.782283
9241 6.040000 8.875945 7878.240000 897.498604
9242 6.040000 8.866905 7862.200000 889.293725
9243 6.160000 8.872114 7871.440000 890.303216
9244 6.260000 8.861670 7852.920000 887.839383
9245 6.140000 8.858329 7847.000000 884.755213
9246 6.180000 8.848706 7829.960000 879.534288
9247 6.140000 8.860722 7851.240000 883.534491
9248 6.040000 8.844727 7822.920000 877.327248
9249 6.000000 8.853926 7839.200000 882.813800
9250 6.020000 8.859865 7849.720000 883.913126
9251 6.180000 8.866138 7860.840000 888.952232
9252 6.260000 8.861174 7852.040000 882.288305
9253 6.120000 8.857720 7845.920000 882.851602
9254 6.140000 8.863792 7856.680000 882.607481
9255 6.140000 8.854761 7840.680000 881.254397
9256 6.220000 8.851734 7835.320000 879.777587
9257 6.060000 8.852954 7837.480000 880.015506
9258 6.020000 8.855665 7842.280000 884.369519
9259 5.940000 8.866048 7860.680000 891.449545
9260 5.920000 8.861896 7853.320000 892.362463
9261 5.780000 8.858962 7848.120000 891.047774
9262 5.760000 8.844999 7823.400000 881.505434
9263 5.760000 8.857765 7846.000000 890.659302
9264 5.740000 8.847757 7828.280000 882.340420
9265 5.620000 8.829337 7795.720000 877.229341
9266 5.580000 8.828975 7795.080000 879.138052
9267 5.660000 8.834546 7804.920000 875.059135
9268 5.680000 8.827752 7792.920000 871.243401
9269 5.740000 8.817188 7774.280000 862.272875
9270 5.860000 8.810880 7763.160000 851.675898
9271 5.780000 8.817505 7774.840000 855.441644
9272 5.800000 8.809427 7760.600000 855.125575
9273 5.920000 8.819615 7778.560000 857.436996
9274 5.940000 8.821088 7781.160000 854.931498
9275 6.000000 8.832576 7801.440000 861.944309
9276 6.020000 8.849475 7831.320000 866.563756
9277 6.040000 8.852073 7835.920000 865.585920
9278 5.860000 8.844139 7821.880000 859.885986
9279 5.880000 8.853700 7838.800000 861.456743
9280 5.780000 8.859774 7849.560000 857.337683
9281 5.880000 8.855236 7841.520000 853.055911
9282 5.880000 8.856659 7844.040000 852.443774
9283 6.020000 8.845406 7824.120000 844.140316
9284 6.160000 8.843551 7820.840000 846.050947
9285 6.340000 8.857291 7845.160000 856.037249
9286 6.260000 8.870197 7868.040000 860.591822
9287 6.200000 8.866341 7861.200000 861.759823
9288 6.220000 8.856839 7844.360000 854.524371
9289 6.240000 8.857900 7846.240000 859.008575
9290 6.320000 8.861038 7851.800000 862.830126
9291 6.340000 8.864378 7857.720000 864.218430
9292 6.320000 8.865100 7859.000000 863.295645
9293 6.380000 8.860722 7851.240000 861.585353
9294 6.560000 8.845134 7823.640000 854.762883
9295 6.560000 8.829813 7796.560000 846.306567
9296 6.620000 8.840430 7815.320000 847.026493
9297 6.500000 8.833912 7803.800000 843.668385
9298 6.560000 8.822857 7784.280000 838.207748
9299 6.460000 8.841651 7817.480000 845.498374
9300 6.460000 8.837986 7811.000000 843.841429
9301 6.560000 8.836334 7808.080000 842.215180
9302 6.540000 8.823627 7785.640000 836.456371
9303 6.560000 8.831308 7799.200000 838.317255
9304 6.540000 8.824443 7787.080000 834.735973
9305 6.660000 8.828114 7793.560000 838.263293
9306 6.620000 8.815464 7771.240000 836.130803
9307 6.560000 8.827502 7792.480000 844.376742
9308 6.680000 8.841244 7816.760000 852.222355
9309 6.700000 8.844185 7821.960000 849.531460
9310 6.860000 8.849384 7831.160000 847.436068
9311 6.880000 8.842534 7819.040000 847.672487
9312 6.960000 8.846943 7826.840000 853.229913
9313 7.080000 8.872339 7871.840000 863.107713
9314 7.260000 8.877590 7881.160000 863.671454
9315 7.260000 8.873759 7874.360000 864.078539
9316 7.380000 8.878986 7883.640000 869.960410
9317 7.320000 8.877747 7881.440000 869.468465
9318 7.360000 8.868258 7864.600000 869.688074
9319 7.500000 8.867356 7863.000000 871.236115
9320 7.520000 8.870648 7868.840000 875.549093
9321 7.500000 8.890872 7904.760000 887.494320
9322 7.540000 8.886957 7897.800000 883.585367
9323 7.700000 8.889702 7902.680000 890.665608
9324 7.600000 8.895325 7912.680000 896.906429
9325 7.580000 8.891951 7906.680000 898.482254
9326 7.560000 8.901753 7924.120000 904.698718
9327 7.560000 8.900921 7922.640000 904.802020
9328 7.640000 8.888532 7900.600000 899.366551
9329 7.760000 8.887474 7898.720000 902.858483
9330 7.720000 8.877815 7881.560000 900.841874
9331 7.860000 8.879437 7884.440000 903.869146
9332 7.740000 8.889342 7902.040000 912.569104
9333 7.580000 8.891097 7905.160000 909.680828
9334 7.560000 8.884301 7893.080000 909.588532
9335 7.640000 8.885674 7895.520000 906.823350
9336 7.680000 8.884931 7894.200000 906.975458
9337 7.660000 8.905122 7930.120000 919.430249
9338 7.600000 8.909747 7938.360000 925.020210
9339 7.460000 8.912486 7943.240000 928.782691
9340 7.340000 8.918946 7954.760000 935.991535
9341 7.420000 8.911049 7940.680000 936.930315
9342 7.480000 8.927418 7969.880000 943.233944
9343 7.480000 8.921256 7958.880000 945.205230
9344 7.420000 8.932614 7979.160000 946.355099
9345 7.500000 8.931360 7976.920000 943.983921
9346 7.480000 8.935032 7983.480000 942.384001
9347 7.480000 8.937606 7988.080000 941.972552
9348 7.440000 8.944428 8000.280000 942.812739
9349 7.320000 8.957232 8023.200000 949.076816
9350 7.240000 8.958594 8025.640000 951.910623
9351 7.280000 8.969905 8045.920000 956.993465
9352 7.220000 8.969437 8045.080000 954.327628
9353 7.060000 8.959576 8027.400000 951.608690
9354 7.080000 8.946888 8004.680000 945.224726
9355 7.100000 8.948184 8007.000000 944.189206
9356 6.980000 8.938523 7989.720000 942.479047
9357 6.940000 8.915582 7948.760000 928.783830
9358 6.880000 8.911992 7942.360000 927.948272
9359 6.760000 8.909725 7938.320000 929.487643
9360 7.020000 8.923295 7962.520000 931.611066
9361 6.920000 8.913181 7944.480000 921.695901
9362 6.900000 8.918722 7954.360000 923.324114
9363 6.860000 8.912620 7943.480000 926.841924
9364 6.920000 8.898876 7919.000000 923.424750
9365 6.960000 8.915201 7948.080000 931.323262
9366 7.040000 8.908760 7936.600000 929.563539
9367 6.980000 8.902651 7925.720000 927.569502
9368 7.020000 8.900180 7921.320000 921.840663
9369 6.920000 8.898090 7917.600000 922.069283
9370 6.900000 8.914011 7945.960000 930.387917
9371 6.860000 8.929031 7972.760000 934.800594
9372 7.020000 8.918901 7954.680000 928.118561
9373 7.020000 8.926836 7968.840000 931.019846
9374 6.980000 8.913742 7945.480000 923.232616
9375 6.840000 8.914572 7946.960000 917.917414
9376 6.780000 8.897483 7916.520000 917.758159
9377 6.820000 8.908670 7936.440000 925.710333
9378 6.720000 8.921861 7959.960000 931.063175
9379 6.720000 8.938367 7989.440000 941.311115
9380 6.780000 8.929569 7973.720000 935.095554
9381 6.860000 8.920874 7958.200000 931.185817
9382 6.740000 8.925895 7967.160000 928.178513
9383 6.840000 8.921838 7959.920000 926.844164
9384 6.880000 8.931808 7977.720000 933.387970
9385 6.720000 8.927799 7970.560000 927.814550
9386 6.760000 8.914595 7947.000000 920.030939
9387 6.840000 8.916277 7950.000000 919.745002
9388 6.840000 8.926253 7967.800000 922.643436
9389 6.880000 8.932726 7979.360000 923.156845
9390 6.780000 8.919798 7956.280000 912.594861
9391 6.700000 8.916120 7949.720000 912.200001
9392 6.920000 8.893346 7909.160000 898.265853
9393 6.920000 8.910802 7940.240000 908.782554
9394 6.900000 8.908894 7936.840000 912.352351
9395 6.800000 8.919013 7954.880000 911.915539
9396 6.860000 8.911364 7941.240000 914.790656
9397 6.860000 8.911633 7941.720000 909.578841
9398 6.960000 8.935525 7984.360000 917.553277
9399 7.100000 8.921592 7959.480000 907.928662
9400 7.060000 8.929838 7974.200000 910.073707
9401 7.120000 8.932682 7979.280000 916.448605
9402 7.140000 8.945502 8002.200000 914.332763
9403 7.160000 8.943735 7999.040000 913.086531
9404 7.160000 8.950732 8011.560000 916.249082
9405 6.940000 8.943042 7997.800000 915.437005
9406 6.760000 8.942550 7996.920000 912.930864
9407 6.600000 8.949011 8008.480000 914.842688
9408 6.680000 8.940761 7993.720000 905.626029
9409 6.700000 8.941029 7994.200000 910.002914
9410 6.500000 8.942908 7997.560000 912.731672
9411 6.440000 8.960446 8028.960000 918.993125
9412 6.540000 8.961228 8030.360000 916.441222
9413 6.540000 8.971310 8048.440000 921.773403
9414 6.580000 8.967564 8041.720000 917.372096
9415 6.680000 8.979755 8063.600000 921.328714
9416 6.520000 8.986768 8076.200000 922.641363
9417 6.440000 8.981492 8066.720000 916.526643
9418 6.340000 8.980668 8065.240000 909.755866
9419 6.340000 8.970151 8046.360000 908.487902
9420 6.400000 8.958102 8024.760000 907.558426
9421 6.440000 8.954731 8018.720000 902.550750
9422 6.520000 8.968857 8044.040000 913.295956
9423 6.460000 8.979688 8063.480000 916.140106
9424 6.740000 9.001444 8102.600000 928.114922
9425 6.800000 9.017405 8131.360000 937.668922
9426 6.840000 9.021995 8139.640000 942.402581
9427 6.920000 9.030349 8154.720000 944.020206
9428 6.960000 9.030061 8154.200000 940.114067
9429 7.000000 9.042831 8177.280000 946.947554
9430 7.000000 9.027580 8149.720000 936.579821
9431 6.860000 9.011482 8120.680000 931.989346
9432 6.800000 9.011659 8121.000000 928.418843
9433 6.960000 9.002089 8103.760000 923.846448
9434 7.000000 9.004821 8108.680000 925.832889
9435 7.100000 9.009839 8117.720000 929.762807
9436 7.220000 9.018093 8132.600000 930.017485
9437 7.140000 9.020621 8137.160000 931.202269
9438 7.120000 9.008907 8116.040000 927.332591
9439 7.120000 9.017184 8130.960000 928.850828
9440 7.160000 9.015697 8128.280000 931.957234
9441 7.140000 9.037278 8167.240000 939.549176
9442 7.320000 9.025231 8145.480000 938.679166
9443 7.340000 9.030504 8155.000000 940.796158
9444 7.480000 9.036216 8165.320000 938.147987
9445 7.360000 9.023037 8141.520000 932.560084
9446 7.240000 9.020843 8137.560000 930.085575
9447 7.160000 9.005332 8109.600000 918.075050
9448 7.220000 8.996688 8094.040000 915.172016
9449 7.200000 8.991730 8085.120000 920.421295
9450 7.060000 8.981470 8066.680000 911.861082
9451 7.020000 8.988014 8078.440000 916.911096
9452 6.800000 8.992019 8085.640000 913.020808
9453 6.860000 8.986724 8076.120000 913.073515
9454 6.880000 8.992730 8086.920000 915.747060
9455 7.000000 9.009151 8116.480000 921.226990
9456 7.000000 9.011482 8120.680000 925.186521
9457 6.860000 9.004821 8108.680000 926.267670
9458 6.960000 9.010771 8119.400000 932.587393
9459 6.880000 9.023702 8142.720000 940.262346
9460 6.660000 9.034711 8162.600000 942.244485
9461 6.580000 9.034047 8161.400000 943.102596
9462 6.700000 9.038650 8169.720000 945.735492
9463 6.780000 9.048381 8187.320000 949.300942
9464 6.700000 9.050812 8191.720000 948.953536
9465 6.640000 9.041858 8175.520000 944.608160
9466 6.620000 9.041261 8174.440000 948.736892
9467 6.620000 9.040111 8172.360000 947.874712
9468 6.760000 9.046038 8183.080000 955.739069
9469 6.640000 9.045220 8181.600000 951.351160
9470 6.660000 9.038739 8169.880000 950.610934
9471 6.700000 9.044667 8180.600000 953.600176
9472 6.640000 9.037588 8167.800000 948.784453
9473 6.620000 9.056644 8202.280000 954.487963
9474 6.580000 9.057881 8204.520000 957.793030
9475 6.500000 9.068385 8223.560000 961.342498
9476 6.740000 9.056335 8201.720000 952.951208
9477 6.540000 9.052536 8194.840000 948.615742
9478 6.560000 9.058631 8205.880000 953.890646
9479 6.580000 9.060397 8209.080000 961.523323
9480 6.400000 9.057925 8204.600000 962.412031
9481 6.580000 9.057571 8203.960000 955.898906
9482 6.500000 9.058808 8206.200000 952.941455
9483 6.740000 9.055937 8201.000000 951.284238
9484 6.820000 9.057351 8203.560000 950.970642
9485 6.780000 9.064237 8216.040000 955.282614
9486 6.820000 9.053331 8196.280000 957.108508
9487 6.800000 9.069421 8225.440000 963.492025
9488 6.680000 9.089048 8261.080000 971.593587
9489 6.660000 9.092876 8268.040000 970.086390
9490 6.800000 9.092480 8267.320000 970.364027
9491 6.740000 9.082136 8248.520000 969.334492
9492 6.760000 9.095515 8272.840000 980.332571
9493 6.820000 9.089356 8261.640000 980.353034
9494 6.660000 9.078788 8242.440000 973.638044
9495 6.600000 9.064348 8216.240000 967.570560
9496 6.740000 9.056202 8201.480000 962.500236
9497 6.780000 9.043650 8178.760000 957.167810
9498 6.840000 9.050017 8190.280000 958.452548
9499 6.860000 9.055010 8199.320000 962.693324
9500 6.780000 9.066576 8220.280000 963.725016
9501 6.760000 9.057593 8204.000000 959.351805
9502 6.800000 9.057527 8203.880000 957.593736
9503 6.740000 9.066047 8219.320000 959.488629
9504 6.720000 9.081608 8247.560000 960.063766
9505 6.520000 9.093734 8269.600000 963.030879
9506 6.580000 9.101099 8283.000000 970.293152
9507 6.740000 9.077378 8239.880000 959.711930
9508 6.800000 9.072662 8231.320000 956.159238
9509 6.720000 9.068760 8224.240000 947.456609
9510 6.820000 9.073897 8233.560000 943.367735
9511 6.640000 9.073434 8232.720000 944.509216
9512 6.600000 9.080418 8245.400000 950.284504
9513 6.620000 9.076321 8237.960000 948.748242
9514 6.580000 9.078039 8241.080000 952.450731
9515 6.440000 9.065716 8218.720000 950.272994
9516 6.480000 9.081696 8247.720000 958.822770
9517 6.560000 9.085505 8254.640000 953.534842
9518 6.460000 9.090677 8264.040000 961.199562
9519 6.380000 9.093800 8269.720000 960.352370
9520 6.480000 9.091469 8265.480000 956.438167
9521 6.440000 9.091842 8266.160000 960.461148
9522 6.540000 9.101450 8283.640000 965.223039
9523 6.620000 9.119408 8316.360000 970.740745
9524 6.580000 9.135885 8346.440000 976.492397
9525 6.600000 9.142297 8358.160000 973.253843
9526 6.680000 9.165304 8400.280000 984.220298
9527 6.760000 9.160349 8391.200000 981.063223
9528 6.960000 9.172938 8414.280000 982.371024
9529 6.980000 9.164213 8398.280000 976.755659
9530 7.000000 9.156921 8384.920000 972.218062
9531 6.920000 9.167944 8405.120000 980.401279
9532 6.840000 9.172328 8413.160000 978.764807
9533 6.920000 9.180370 8427.920000 984.773002
9534 7.020000 9.186708 8439.560000 993.011665
9535 7.020000 9.196847 8458.200000 996.490612
9536 6.960000 9.202326 8468.280000 1005.530083
9537 7.080000 9.203478 8470.400000 1008.249534
9538 6.880000 9.213316 8488.520000 1012.498962
9539 7.120000 9.209473 8481.440000 1011.333446
9540 7.160000 9.220304 8501.400000 1019.068991
9541 7.160000 9.213295 8488.480000 1015.461322
9542 7.220000 9.220130 8501.080000 1022.172921
9543 7.320000 9.208518 8479.680000 1018.905134
9544 7.280000 9.209191 8480.920000 1019.428984
9545 7.220000 9.219436 8499.800000 1024.719993
9546 7.320000 9.215400 8492.360000 1023.936581
9547 7.340000 9.221041 8502.760000 1024.982825
9548 7.140000 9.226549 8512.920000 1028.402683
9549 7.140000 9.222820 8506.040000 1030.655250
9550 7.100000 9.227459 8514.600000 1030.595188
9551 7.080000 9.229388 8518.160000 1031.973982
9552 7.120000 9.219913 8500.680000 1023.096619
9553 7.220000 9.222039 8504.600000 1018.735667
9554 7.320000 9.212405 8486.840000 1013.982259
9555 7.400000 9.222668 8505.760000 1015.509430
9556 7.300000 9.233916 8526.520000 1023.915905
9557 7.060000 9.239848 8537.480000 1022.586425
9558 7.120000 9.241969 8541.400000 1023.395466
9559 7.100000 9.236904 8532.040000 1025.383837
9560 7.040000 9.252394 8560.680000 1030.296908
9561 6.880000 9.259114 8573.120000 1029.344279
9562 6.920000 9.258142 8571.320000 1031.043086
9563 7.080000 9.242900 8543.120000 1023.328434
9564 6.960000 9.249324 8555.000000 1024.038345
9565 7.100000 9.251919 8559.800000 1025.872983
9566 7.220000 9.243095 8543.480000 1022.323477
9567 7.240000 9.229301 8518.000000 1020.178429
9568 7.260000 9.224641 8509.400000 1013.695130
9569 7.080000 9.229041 8517.520000 1012.501733
9570 7.200000 9.239892 8537.560000 1015.647611
9571 7.320000 9.232811 8524.480000 1012.610604
9572 7.340000 9.238636 8535.240000 1016.351476
9573 7.300000 9.233656 8526.040000 1012.900632
9574 7.280000 9.224598 8509.320000 1009.262153
9575 7.260000 9.219783 8500.440000 1003.812886
9576 7.420000 9.215921 8493.320000 999.378077
9577 7.740000 9.230233 8519.720000 1002.210626
9578 7.680000 9.222386 8505.240000 999.454269
9579 7.680000 9.224316 8508.800000 996.848261
9580 7.620000 9.233136 8525.080000 1001.809056
9581 7.560000 9.252546 8560.960000 1009.153283
9582 7.600000 9.253518 8562.760000 1011.390346
9583 7.680000 9.273791 8600.320000 1022.781793
9584 7.660000 9.283124 8617.640000 1033.966576
9585 7.800000 9.296924 8643.280000 1041.263010
9586 7.800000 9.307782 8663.480000 1040.618398
9587 7.720000 9.304236 8656.880000 1038.834745
9588 7.700000 9.290404 8631.160000 1038.675353
9589 7.520000 9.290081 8630.560000 1038.934630
9590 7.360000 9.277780 8607.720000 1033.307694
9591 7.320000 9.272540 8598.000000 1029.845933
9592 7.220000 9.270965 8595.080000 1030.422060
9593 7.040000 9.251249 8558.560000 1026.575558
9594 7.000000 9.244696 8546.440000 1014.386478
9595 7.040000 9.250384 8556.960000 1013.867913
9596 7.100000 9.255463 8566.360000 1009.678914
9597 7.060000 9.249843 8555.960000 1002.939331
9598 7.060000 9.255506 8566.440000 1011.274714
9599 7.140000 9.265787 8585.480000 1019.898850
9600 7.100000 9.251097 8558.280000 1016.689094
9601 7.180000 9.257667 8570.440000 1021.116209
9602 7.260000 9.263801 8581.800000 1024.015678
9603 7.160000 9.246924 8550.560000 1018.218582
9604 7.140000 9.235692 8529.800000 1011.559000
9605 7.200000 9.255053 8565.600000 1024.544171
9606 7.180000 9.246253 8549.320000 1019.947217
9607 7.160000 9.248265 8553.040000 1017.278035
9608 7.180000 9.242489 8542.360000 1011.898625
9609 7.040000 9.233548 8525.840000 1008.214861
9610 7.080000 9.239242 8536.360000 1004.781923
9611 7.000000 9.252459 8560.800000 1009.773268
9612 6.920000 9.230883 8520.920000 997.112998
9613 6.960000 9.226874 8513.520000 993.446447
9614 6.840000 9.222820 8506.040000 988.533999
9615 6.860000 9.224554 8509.240000 992.999340
9616 6.640000 9.231490 8522.040000 998.431497
9617 6.780000 9.243830 8544.840000 1003.520192
9618 6.900000 9.248503 8553.480000 1007.869974
9619 6.900000 9.246124 8549.080000 1004.243437
9620 7.040000 9.231966 8522.920000 999.124060
9621 7.080000 9.231555 8522.160000 998.017130
9622 7.100000 9.229626 8518.600000 992.512461
9623 7.060000 9.237857 8533.800000 998.925878
9624 7.040000 9.238809 8535.560000 997.529446
9625 6.900000 9.250924 8557.960000 999.517837
9626 6.840000 9.245907 8548.680000 995.526810
9627 6.760000 9.237835 8533.760000 990.695034
9628 6.920000 9.232703 8524.280000 991.784844
9629 7.000000 9.219675 8500.240000 991.223162
9630 7.120000 9.235259 8529.000000 996.663848
9631 7.220000 9.237943 8533.960000 1001.473417
9632 7.200000 9.263196 8580.680000 1014.425651
9633 7.260000 9.262376 8579.160000 1011.450275
9634 7.240000 9.282349 8616.200000 1015.918669
9635 7.120000 9.276163 8604.720000 1012.568669
9636 7.080000 9.270448 8594.120000 1005.942761
9637 6.980000 9.267168 8588.040000 999.558105
9638 6.900000 9.280668 8613.080000 1002.770454
9639 7.060000 9.275796 8604.040000 1001.854102
9640 6.700000 9.263239 8580.760000 998.910990
9641 6.660000 9.267815 8589.240000 998.790807
9642 6.660000 9.262548 8579.480000 995.471846
9643 6.640000 9.251940 8559.840000 988.183296
9644 6.700000 9.248373 8553.240000 986.773092
9645 6.720000 9.248438 8553.360000 989.312742
9646 6.600000 9.271181 8595.480000 1002.941830
9647 6.520000 9.269261 8591.920000 998.396575
9648 6.500000 9.264448 8583.000000 997.519938
9649 6.220000 9.265787 8585.480000 996.791834
9650 6.220000 9.264103 8582.360000 994.141114
9651 6.180000 9.285063 8621.240000 1002.753421
9652 5.960000 9.289801 8630.040000 1005.749552
9653 6.040000 9.283792 8618.880000 997.469303
9654 6.060000 9.302580 8653.800000 1006.255139
9655 6.040000 9.286377 8623.680000 1001.167935
9656 6.120000 9.287648 8626.040000 1004.723256
9657 6.120000 9.305224 8658.720000 1015.018742
9658 6.080000 9.302494 8653.640000 1019.342755
9659 6.040000 9.286205 8623.360000 1014.390308
9660 6.160000 9.293847 8637.560000 1021.048210
9661 6.340000 9.293632 8637.160000 1015.697335
9662 6.200000 9.297548 8644.440000 1016.809943
9663 6.240000 9.290296 8630.960000 1017.261237
9664 6.340000 9.299914 8648.840000 1023.111604
9665 6.260000 9.309458 8666.600000 1027.052831
9666 6.320000 9.303655 8655.800000 1028.473613
9667 6.200000 9.311155 8669.760000 1032.894378
9668 6.100000 9.323969 8693.640000 1038.244130
9669 5.940000 9.330188 8705.240000 1042.456538
9670 5.860000 9.323497 8692.760000 1040.129879
9671 5.720000 9.332652 8709.840000 1042.516918
9672 5.680000 9.311348 8670.120000 1030.065617
9673 5.820000 9.300000 8649.000000 1021.090643
9674 5.800000 9.311004 8669.480000 1026.180853
9675 5.680000 9.304365 8657.120000 1022.561242
9676 5.800000 9.312121 8671.560000 1025.566514
9677 5.920000 9.311326 8670.080000 1021.978790
9678 5.880000 9.314999 8676.920000 1023.890909
9679 5.900000 9.315085 8677.080000 1029.490078
9680 6.060000 9.317918 8682.360000 1035.029817
9681 6.100000 9.323025 8691.880000 1034.953028
9682 6.140000 9.319936 8686.120000 1032.014440
9683 6.120000 9.320558 8687.280000 1025.442173
9684 6.000000 9.308770 8665.320000 1023.772554
9685 5.920000 9.297742 8644.800000 1017.767090
9686 5.940000 9.310231 8668.040000 1019.608493
9687 5.820000 9.301075 8651.000000 1020.917948
9688 5.840000 9.307008 8662.040000 1024.484784
9689 5.680000 9.305095 8658.480000 1023.243494
9690 5.760000 9.308040 8663.960000 1025.963074
9691 5.700000 9.316759 8680.200000 1035.666742
9692 5.620000 9.310918 8669.320000 1031.012281
9693 5.460000 9.303483 8655.480000 1026.904639
9694 5.440000 9.290533 8631.400000 1022.936834
9695 5.340000 9.267686 8589.000000 1011.356665
9696 5.320000 9.251357 8558.760000 1002.158787
9697 5.300000 9.248416 8553.320000 998.398062
9698 5.400000 9.240498 8538.680000 995.697044
9699 5.380000 9.245777 8548.440000 999.822200
9700 5.500000 9.236644 8531.560000 994.506194
9701 5.520000 9.222451 8505.360000 989.262457
9702 5.500000 9.221388 8503.400000 992.940736
9703 5.620000 9.222342 8505.160000 991.492309
9704 5.600000 9.222559 8505.560000 990.361404
9705 5.700000 9.221648 8503.880000 988.565099
9706 5.760000 9.227676 8515.000000 993.474505
9707 5.900000 9.222993 8506.360000 987.520390
9708 5.800000 9.228629 8516.760000 984.301421
9709 5.900000 9.231533 8522.120000 987.206905
9710 5.860000 9.208192 8479.080000 976.238474
9711 5.860000 9.207801 8478.360000 973.809320
9712 5.760000 9.203065 8469.640000 970.467066
9713 5.660000 9.191061 8447.560000 962.312752
9714 5.560000 9.193541 8452.120000 964.935296
9715 5.600000 9.179281 8425.920000 958.870868
9716 5.620000 9.161681 8393.640000 953.860208
9717 5.660000 9.157270 8385.560000 949.323558
9718 5.700000 9.143632 8360.600000 939.745209
9719 5.640000 9.150038 8372.320000 943.552792
9720 5.540000 9.141182 8356.120000 944.019341
9721 5.540000 9.120987 8319.240000 930.712818
9722 5.800000 9.126949 8330.120000 935.562091
9723 5.780000 9.142844 8359.160000 936.865977
9724 5.720000 9.134791 8344.440000 926.668109
9725 5.860000 9.140088 8354.120000 932.786546
9726 5.600000 9.137024 8348.520000 936.797375
9727 5.560000 9.135732 8346.160000 930.252901
9728 5.720000 9.124626 8325.880000 923.993109
9729 5.620000 9.127168 8330.520000 924.909972
9730 5.620000 9.129184 8334.200000 917.430876
9731 5.460000 9.120066 8317.560000 916.073201
9732 5.420000 9.119496 8316.520000 912.509989
9733 5.460000 9.120680 8318.680000 911.956742
9734 5.500000 9.144638 8362.440000 924.588287
9735 5.480000 9.120175 8317.760000 919.691854
9736 5.420000 9.098461 8278.200000 910.276717
9737 5.460000 9.110148 8299.480000 916.426722
9738 5.480000 9.098373 8278.040000 907.780984
9739 5.580000 9.094944 8271.800000 911.808729
9740 5.720000 9.101846 8284.360000 916.254225
9741 5.700000 9.106547 8292.920000 915.298966
9742 5.660000 9.120680 8318.680000 917.885902
9743 5.600000 9.130827 8337.200000 919.232554
9744 5.500000 9.140219 8354.360000 918.125671
9745 5.680000 9.149645 8371.600000 919.675489
9746 5.660000 9.164344 8398.520000 930.655378
9747 5.680000 9.152661 8377.120000 923.822801
9748 5.620000 9.150672 8373.480000 921.032414
9749 5.600000 9.143172 8359.760000 917.531162
9750 5.580000 9.156440 8384.040000 923.526228
9751 5.620000 9.150454 8373.080000 912.884131
9752 5.600000 9.163122 8396.280000 919.708710
9753 5.660000 9.163558 8397.080000 920.482266
9754 5.460000 9.171063 8410.840000 927.256781
9755 5.220000 9.153731 8379.080000 918.368996
9756 5.280000 9.155523 8382.360000 924.356237
9757 5.360000 9.158035 8386.960000 920.567086
9758 5.420000 9.156135 8383.480000 925.197409
9759 5.440000 9.157511 8386.000000 927.122866
9760 5.360000 9.167137 8403.640000 927.798293
9761 5.300000 9.190582 8446.680000 937.166380
9762 5.220000 9.179390 8426.120000 927.552825
9763 5.200000 9.189516 8444.720000 926.820479
9764 5.100000 9.192584 8450.360000 924.958086
9765 5.040000 9.184160 8434.880000 916.971830
9766 5.140000 9.185314 8437.000000 915.458855
9767 5.200000 9.179499 8426.320000 915.782627
9768 5.260000 9.175598 8419.160000 914.312495
9769 5.280000 9.188732 8443.280000 921.524217
9770 5.400000 9.197065 8458.600000 925.045632
9771 5.460000 9.199370 8462.840000 924.685988
9772 5.540000 9.210885 8484.040000 926.830608
9773 5.640000 9.215118 8491.840000 926.436559
9774 5.680000 9.221562 8503.720000 929.428723
9775 5.800000 9.232291 8523.520000 933.421274
9776 5.740000 9.240325 8538.360000 930.930409
9777 5.660000 9.242229 8541.880000 930.960353
9778 5.740000 9.247421 8551.480000 933.407662
9779 5.740000 9.248589 8553.640000 933.853672
9780 5.820000 9.261857 8578.200000 943.482354
9781 5.680000 9.252589 8561.040000 937.638049
9782 5.620000 9.232399 8523.720000 926.639810
9783 5.500000 9.216919 8495.160000 920.818556
9784 5.640000 9.225595 8511.160000 926.561728
9785 5.640000 9.222841 8506.080000 922.634270
9786 5.420000 9.203369 8470.200000 909.914050
9787 5.380000 9.203934 8471.240000 904.142314
9788 5.240000 9.206932 8476.760000 899.829403
9789 5.120000 9.207997 8478.720000 903.714018
9790 5.160000 9.218568 8498.200000 906.897305
9791 5.140000 9.208713 8480.040000 902.404113
9792 5.100000 9.209712 8481.880000 906.758805
9793 4.960000 9.207562 8477.920000 905.114368
9794 4.960000 9.210711 8483.720000 911.207117
9795 4.860000 9.214445 8490.600000 913.955206
9796 4.760000 9.204238 8471.800000 914.011955
9797 4.980000 9.195673 8456.040000 914.019316
9798 4.800000 9.202891 8469.320000 919.686653
9799 4.580000 9.185184 8436.760000 916.255051
9800 4.680000 9.169013 8407.080000 906.695571
9801 4.640000 9.181242 8429.520000 910.183730
9802 4.560000 9.178170 8423.880000 908.581525
9803 4.560000 9.178366 8424.240000 908.054174
9804 4.660000 9.175990 8419.880000 901.767755
9805 4.460000 9.171499 8411.640000 899.530344
9806 4.580000 9.171761 8412.120000 895.787565
9807 4.520000 9.177189 8422.080000 895.824296
9808 4.460000 9.181481 8429.960000 900.701488
9809 4.500000 9.187274 8440.600000 905.809742
9810 4.480000 9.195716 8456.120000 906.266303
9811 4.540000 9.194455 8453.800000 905.599300
9812 4.740000 9.208235 8479.160000 911.820757
9813 4.860000 9.215574 8492.680000 916.504295
9814 4.820000 9.217700 8496.600000 920.780268
9815 4.800000 9.199565 8463.200000 916.887039
9816 4.760000 9.188014 8441.960000 908.784672
9817 4.760000 9.193563 8452.160000 914.352804
9818 4.680000 9.195803 8456.280000 916.288621
9819 4.660000 9.195977 8456.600000 912.206196
9820 4.520000 9.207931 8478.600000 913.325447
9821 4.680000 9.209995 8482.400000 915.806271
9822 4.400000 9.198109 8460.520000 915.414581
9823 4.440000 9.198522 8461.280000 918.712037
9824 4.480000 9.200500 8464.920000 923.967219
9825 4.380000 9.207497 8477.800000 932.310984
9826 4.460000 9.211145 8484.520000 928.035968
9827 4.400000 9.203304 8470.080000 924.495918
9828 4.460000 9.206280 8475.560000 924.177072
9829 4.540000 9.203717 8470.840000 923.708781
9830 4.520000 9.190495 8446.520000 916.638798
9831 4.520000 9.190604 8446.720000 910.267441
9832 4.640000 9.186142 8438.520000 913.074648
9833 4.700000 9.186534 8439.240000 914.707795
9834 4.680000 9.183921 8434.440000 912.291292
9835 4.640000 9.171870 8412.320000 909.097887
9836 4.500000 9.175249 8418.520000 913.170457
9837 4.580000 9.161070 8392.520000 902.814129
9838 4.580000 9.145075 8363.240000 895.593427
9839 4.600000 9.154234 8380.000000 899.856386
9840 4.260000 9.157926 8386.760000 897.058637
9841 4.340000 9.158712 8388.200000 900.256149
9842 4.280000 9.166439 8402.360000 900.661379
9843 4.260000 9.163209 8396.440000 898.924707
9844 4.280000 9.166526 8402.520000 895.494405
9845 4.420000 9.181133 8429.320000 903.202300
9846 4.500000 9.184095 8434.760000 904.923168
9847 4.320000 9.178715 8424.880000 903.888029
9848 4.360000 9.188406 8442.680000 905.116699
9849 4.360000 9.188558 8442.960000 908.024262
9850 4.500000 9.199370 8462.840000 910.176666
9851 4.220000 9.180218 8427.640000 904.723153
9852 4.320000 9.187143 8440.360000 906.782915
9853 4.260000 9.193193 8451.480000 910.668979
9854 4.240000 9.199152 8462.440000 912.725464
9855 4.340000 9.224814 8509.720000 921.041701
9856 4.160000 9.215530 8492.600000 916.610875
9857 4.000000 9.208692 8480.000000 913.760000
9858 4.040000 9.208453 8479.560000 914.113752
9859 4.040000 9.215335 8492.240000 917.376472
9860 3.960000 9.220954 8502.600000 915.806704
9861 3.840000 9.231078 8521.280000 920.455512
9862 3.700000 9.223036 8506.440000 919.905442
9863 3.580000 9.226375 8512.600000 927.777003
9864 3.580000 9.223600 8507.480000 924.311735
9865 3.600000 9.222971 8506.320000 919.112868
9866 3.580000 9.222169 8504.840000 917.548196
9867 3.540000 9.239286 8536.440000 922.259297
9868 3.440000 9.220781 8502.280000 916.498614
9869 3.480000 9.212861 8487.680000 911.754981
9870 3.480000 9.218525 8498.120000 917.079500
9871 3.600000 9.227524 8514.720000 921.590315
9872 3.640000 9.230060 8519.400000 925.617376
9873 3.780000 9.246297 8549.400000 936.117417
9874 3.860000 9.266002 8585.880000 946.735585
9875 3.980000 9.266779 8587.320000 943.812353
9876 3.960000 9.255723 8566.840000 945.273124
9877 3.960000 9.251594 8559.200000 949.283432
9878 4.000000 9.258488 8571.960000 952.885879
9879 4.080000 9.265074 8584.160000 952.736971
9880 4.080000 9.269283 8591.960000 951.961938
9881 4.160000 9.275559 8603.600000 959.270591
9882 4.120000 9.265312 8584.600000 957.318909
9883 4.200000 9.263736 8581.680000 954.643182
9884 4.180000 9.277478 8607.160000 965.599442
9885 4.240000 9.271116 8595.360000 963.596181
9886 4.120000 9.267297 8588.280000 963.564136
9887 4.280000 9.255009 8565.520000 961.867281
9888 4.440000 9.251789 8559.560000 963.169327
9889 4.520000 9.265420 8584.800000 962.283873
9890 4.640000 9.271742 8596.520000 961.002860
9891 4.680000 9.274654 8601.920000 962.854911
9892 4.820000 9.265528 8585.000000 964.081724
9893 4.960000 9.255312 8566.080000 953.326259
9894 4.860000 9.278858 8609.720000 956.010838
9895 4.700000 9.286743 8624.360000 960.386919
9896 4.620000 9.262894 8580.120000 953.501263
9897 4.580000 9.275624 8603.720000 960.477222
9898 4.600000 9.264362 8582.840000 952.781415
9899 4.640000 9.267880 8589.360000 950.582643
9900 4.560000 9.269110 8591.640000 948.677919
9901 4.380000 9.254123 8563.880000 941.536175
9902 4.440000 9.257926 8570.920000 946.871404
9903 4.360000 9.244155 8545.440000 939.952046
9904 4.360000 9.239545 8536.920000 939.964928
9905 4.200000 9.227697 8515.040000 934.804358
9906 4.280000 9.216919 8495.160000 927.998087
9907 4.160000 9.228521 8516.560000 926.427089
9908 4.120000 9.239113 8536.120000 927.978906
9909 4.240000 9.255701 8566.800000 925.324030
9910 4.260000 9.267513 8588.680000 931.260434
9911 4.300000 9.272260 8597.480000 933.350901
9912 4.200000 9.266823 8587.400000 934.317933
9913 4.220000 9.273769 8600.280000 940.086058
9914 4.280000 9.271742 8596.520000 942.225587
9915 4.360000 9.275516 8603.520000 942.949065
9916 4.460000 9.284072 8619.400000 949.861831
9917 4.620000 9.282694 8616.840000 949.458315
9918 4.680000 9.279332 8610.600000 948.395221
9919 4.720000 9.280991 8613.680000 948.134101
9920 4.760000 9.270534 8594.280000 938.333160
9921 4.780000 9.278125 8608.360000 939.623946
9922 4.660000 9.262894 8580.120000 932.152361
9923 4.700000 9.269153 8591.720000 938.079089
9924 4.840000 9.276874 8606.040000 943.621630
9925 4.840000 9.274481 8601.600000 937.789111
9926 4.960000 9.267599 8588.840000 931.610279
9927 4.740000 9.252654 8561.160000 923.589630
9928 4.680000 9.238463 8534.920000 918.458415
9929 4.560000 9.234154 8526.960000 913.767678
9930 4.520000 9.224337 8508.840000 907.304657
9931 4.500000 9.240498 8538.680000 917.108275
9932 4.520000 9.241320 8540.200000 914.574855
9933 4.400000 9.250730 8557.600000 917.873581
9934 4.500000 9.257451 8570.040000 923.447921
9935 4.660000 9.243008 8543.320000 918.184907
9936 4.880000 9.246340 8549.480000 924.677646
9937 4.920000 9.223969 8508.160000 913.392740
9938 4.820000 9.229063 8517.560000 916.113765
9939 4.860000 9.243830 8544.840000 922.524221
9940 5.060000 9.245821 8548.520000 922.148297
9941 5.080000 9.235713 8529.840000 911.315334
9942 4.980000 9.230926 8521.000000 913.173124
9943 4.960000 9.241212 8540.000000 917.256786
9944 4.800000 9.242662 8542.680000 915.234484
9945 4.700000 9.252913 8561.640000 918.182700
9946 4.620000 9.256025 8567.400000 919.796371
9947 4.460000 9.260259 8575.240000 919.042263
9948 4.520000 9.276918 8606.120000 921.152306
9949 4.440000 9.253670 8563.040000 909.604028
9950 4.460000 9.247811 8552.200000 912.762018
9951 4.280000 9.246924 8550.560000 910.480235
9952 4.180000 9.226852 8513.480000 898.592085
9953 3.960000 9.235107 8528.720000 896.731803
9954 4.060000 9.236774 8531.800000 896.137346
9955 4.160000 9.247529 8551.680000 893.274167
9956 4.120000 9.247032 8550.760000 892.212888
9957 4.320000 9.248524 8553.520000 895.107379
9958 4.240000 9.250968 8558.040000 896.193494
9959 4.220000 9.253302 8562.360000 889.921178
9960 4.280000 9.240325 8538.360000 885.751948
9961 4.320000 9.256825 8568.880000 891.427201
9962 4.440000 9.255074 8565.640000 890.701410
9963 4.240000 9.257645 8570.400000 890.598392
9964 4.440000 9.248027 8552.600000 881.611228
9965 4.460000 9.262721 8579.800000 883.409032
9966 4.600000 9.268333 8590.200000 882.000685
9967 4.560000 9.283922 8619.120000 894.335269
9968 4.600000 9.277392 8607.000000 894.208254
9969 4.660000 9.286183 8623.320000 898.658242
9970 4.640000 9.282866 8617.160000 892.637525
9971 4.660000 9.289758 8629.960000 893.729419
9972 4.680000 9.296559 8642.600000 895.547395
9973 4.540000 9.311949 8671.240000 901.549696
9974 4.460000 9.316330 8679.400000 903.537427
9975 4.660000 9.317961 8682.440000 902.808475
9976 4.640000 9.308211 8664.280000 904.175929
9977 4.660000 9.326243 8697.880000 913.779908
9978 4.660000 9.321352 8688.760000 909.886960
9979 4.460000 9.325814 8697.080000 911.653536
9980 4.300000 9.336787 8717.560000 916.914781
9981 4.320000 9.336680 8717.360000 908.760476
9982 4.400000 9.343254 8729.640000 918.277422
9983 4.400000 9.351791 8745.600000 922.762963
9984 4.480000 9.376119 8791.160000 931.810069
9985 4.440000 9.382452 8803.040000 929.756372
9986 4.400000 9.383922 8805.800000 929.723389
9987 4.300000 9.381834 8801.880000 930.753812
9988 4.400000 9.381791 8801.800000 928.807518
9989 4.480000 9.370934 8781.440000 925.456995
9990 4.560000 9.369162 8778.120000 921.895512
9991 4.680000 9.355212 8752.000000 917.602597
9992 4.600000 9.360363 8761.640000 915.585220
9993 4.680000 9.375159 8789.360000 918.654364
9994 4.640000 9.389931 8817.080000 918.455797
9995 4.660000 9.394956 8826.520000 921.092668
9996 4.840000 9.395595 8827.720000 923.105229
9997 4.780000 9.390485 8818.120000 918.927250
9998 4.800000 9.394019 8824.760000 920.337402
9999 4.760000 9.405998 8847.280000 924.944979
10000 4.920000 9.431585 8895.480000 936.962016
