#Posizione iniziale-->10
#Prima velocita' iniziale-->-4
#Passo di integrazione-->0.01
#Tempo massimo di integrazione-->2500
#Primo coefficente lambda -->0.2
#Numero di passi-->250000
#E' stato utilizzato l'algoritmo Runge-Kutta del quarto ordine
#Legenda
#1:v0 2:l 3:x (posizione asintotica)
-4 0.2 21.72629424375718
-4 0.198 21.75075181792381
-4 0.196 21.77565706253475
-4 0.194 21.80104273944526
-4 0.192 21.82694577590970
-4 0.19 21.85340793030227
-4 0.188 21.88047657757469
-4 0.186 21.90820563795229
-4 0.184 21.93665667724788
-4 0.182 21.96590021294537
-4 0.18 21.99601726730845
-4 0.178 22.02710121715603
-4 0.176 22.05926000000389
-4 0.174 22.09261874818450
-4 0.172 22.12732293642923
-4 0.17 22.16354214445447
-4 0.168 22.20147455420447
-4 0.166 22.24135232118725
-4 0.164 22.28344798002576
-4 0.162 22.32808206422003
-4 0.16 22.37563213631615
-4 0.158 22.42654343251651
-4 0.156 22.48134131785928
-4 0.154 22.54064571349254
-4 0.152 22.60518758052431
-4 0.15 22.67582740405873
-4 0.148 22.75357538909971
-4 0.146 22.83961272550944
-4 0.144 22.93531277143333
-4 0.142 23.04226032497627
-4 0.14 23.16226631525424
-4 0.138 23.29737432058621
-4 0.136 23.44985448547521
-4 0.134 23.62217995960831
-4 0.132 23.81698134807577
-4 0.13 24.03697632060339
-4 0.128 24.28487482513967
-4 0.126 24.56326521764604
-4 0.124 24.87449228615301
-4 0.122 25.22054307016264
-4 0.12 25.60295859632537
-4 0.118 26.02278760738132
-4 0.116 26.48059183070746
-4 0.114 26.97650288052168
-4 0.112 27.51032137930109
-4 0.11 28.08164222227481
-4 0.108 28.68998774335232
-4 0.106 29.33493272370007
-4 0.104 30.01621017718369
-4 0.102 30.73379266046678
-4 0.1 31.48794889283194
-4 0.098 32.27927891730666
-4 0.096 33.10873279824417
-4 0.094 33.97761827769980
-4 0.092 34.88760239442176
-4 0.09 35.84071124717215
-4 0.088 36.83933117207506
-4 0.086 37.88621378328452
-4 0.084 38.98448667910041
-4 0.082 40.13767116104021
-4 0.08 41.34970803995830
-4 0.078 42.62499248902842
-4 0.076 43.96841892742950
-4 0.074 45.38543706659912
-4 0.072 46.88212051526870
-4 0.07 48.46524972842749
-4 0.068 50.14241159241111
-4 0.066 51.92211862492785
-4 0.064 53.81395161270992
-4 0.062 55.82873062538139
-4 0.06 57.97872073315647
-4 0.058 60.27788063507323
-4 0.056 62.74216476008174
-4 0.054 65.38989263253006
-4 0.052 68.24220354567629
-4 0.05 71.32362039353869
-4 0.048 74.66275449104180
-4 0.046 78.29319427512755
-4 0.044 82.25463638457148
-4 0.042 86.59433991614856
-4 0.04 91.36901696431373
-4 0.038 96.64732017960513
-4 0.036 102.51315951906584
-4 0.034 109.07018962000659
-4 0.032 116.44797994429466
-4 0.03 124.81065298554307
-4 0.028 134.36922457012074
-4 0.026 145.39963968678776
-4 0.024 158.26982623579244
-4 0.022 173.48150537358859
-4 0.02 191.73708806914286
-4 0.018 214.05116936964390
-4 0.016 241.94564337059484
-4 0.014 277.81205959443491
-4 0.012 325.63633575413934
-4 0.01 392.59312583327221
-4 0.008 493.03173929801244
-4 0.006 660.43370166339196
-4 0.004 995.19915210008821
-4 0.002 1986.14587212530932
-3.96 0.2 21.72418486229940
-3.96 0.198 21.74846932598025
-3.96 0.196 21.77318132547179
-3.96 0.194 21.79835099387833
-3.96 0.192 21.82401222393792
-3.96 0.19 21.85020326502993
-3.96 0.188 21.87696742714264
-3.96 0.186 21.90435391284871
-3.96 0.184 21.93241880268347
-3.96 0.182 21.96122622462249
-3.96 0.18 21.99084974473752
-3.96 0.178 22.02137402381923
-3.96 0.176 22.05289679399121
-3.96 0.174 22.08553122039219
-3.96 0.172 22.11940872604606
-3.96 0.17 22.15468237333132
-3.96 0.168 22.19153091305137
-3.96 0.166 22.23016363193411
-3.96 0.164 22.27082615096492
-3.96 0.162 22.31380734927274
-3.96 0.16 22.35944760928180
-3.96 0.158 22.40814859519239
-3.96 0.156 22.46038478275297
-3.96 0.154 22.51671694517217
-3.96 0.152 22.57780775469847
-3.96 0.15 22.64443956356353
-3.96 0.148 22.71753425649383
-3.96 0.146 22.79817478878152
-3.96 0.144 22.88762760377694
-3.96 0.142 22.98736452982133
-3.96 0.14 23.09908197508338
-3.96 0.138 23.22471429802614
-3.96 0.136 23.36643723859623
-3.96 0.134 23.52665647717145
-3.96 0.132 23.70797611841922
-3.96 0.13 23.91314267440654
-3.96 0.128 24.14496245215902
-3.96 0.126 24.40619440436296
-3.96 0.124 24.69942617430239
-3.96 0.122 25.02694711294405
-3.96 0.12 25.39063654270353
-3.96 0.118 25.79188637690630
-3.96 0.116 26.23157310197989
-3.96 0.114 26.71008558081828
-3.96 0.112 27.22740452902222
-3.96 0.11 27.78322019516509
-3.96 0.108 28.37706950373461
-3.96 0.106 29.00847369576811
-3.96 0.104 29.67706141774318
-3.96 0.102 30.38266823118271
-3.96 0.1 31.12540956490104
-3.96 0.098 31.90572882529480
-3.96 0.096 32.72442521723427
-3.96 0.094 33.58266697682792
-3.96 0.092 34.48199566731114
-3.96 0.09 35.42432647101332
-3.96 0.088 36.41194844322927
-3.96 0.086 37.44752774582577
-3.96 0.084 38.53411608734948
-3.96 0.082 39.67516601069872
-3.96 0.08 40.87455428938657
-3.96 0.078 42.13661449792668
-3.96 0.076 43.46617978675759
-3.96 0.074 44.86863699798733
-3.96 0.072 46.34999349373005
-3.96 0.07 47.91695843764274
-3.96 0.068 49.57704075907864
-3.96 0.066 51.33866672814099
-3.96 0.064 53.21132085110821
-3.96 0.062 55.20571498959313
-3.96 0.06 57.33399190070515
-3.96 0.058 59.60997131851598
-3.96 0.056 62.04944901311708
-3.96 0.054 64.67056246401408
-3.96 0.052 67.49424101465232
-3.96 0.05 70.54476410373921
-3.96 0.048 73.85045910806505
-3.96 0.046 77.44458121464604
-3.96 0.044 81.36643329960256
-3.96 0.042 85.66280576728293
-3.96 0.04 90.38984835190755
-3.96 0.038 95.61553302125124
-3.96 0.036 101.42293785458452
-3.96 0.034 107.91468994241687
-3.96 0.032 115.21907437944846
-3.96 0.03 123.49858686031247
-3.96 0.028 132.96215167892089
-3.96 0.026 143.88297880993372
-3.96 0.024 156.62534953595997
-3.96 0.022 171.68601242251748
-3.96 0.02 189.76041688302229
-3.96 0.018 211.85310245939405
-3.96 0.016 239.47088006866753
-3.96 0.014 274.98159718118734
-3.96 0.012 322.33166818374934
-3.96 0.01 388.62464117947457
-3.96 0.008 488.06761400924887
-3.96 0.006 653.81028719142012
-3.96 0.004 985.25776422415697
-3.96 0.002 1966.38310532381047
-3.92 0.2 21.72221474960075
-3.92 0.198 21.74634100760284
-3.92 0.196 21.77087639981978
-3.92 0.194 21.79584868468678
-3.92 0.192 21.82128901415748
-3.92 0.19 21.84723246900597
-3.92 0.188 21.87371868959040
-3.92 0.186 21.90079262083014
-3.92 0.184 21.92850539415712
-3.92 0.182 21.95691537388419
-3.92 0.18 21.98608940127487
-3.92 0.178 22.01610427655671
-3.92 0.176 22.04704852758170
-3.92 0.174 22.07902452400532
-3.92 0.172 22.11215100795423
-3.92 0.17 22.14656612653739
-3.92 0.168 22.18243106833620
-3.92 0.166 22.21993442536208
-3.92 0.164 22.25929742364423
-3.92 0.162 22.30078018913508
-3.92 0.16 22.34468923962820
-3.92 0.158 22.39138641553399
-3.92 0.156 22.44129947841085
-3.92 0.154 22.49493460949584
-3.92 0.152 22.55289102056715
-3.92 0.15 22.61587783097094
-3.92 0.148 22.68473324572254
-3.92 0.146 22.76044586128081
-3.92 0.144 22.84417759210544
-3.92 0.142 22.93728721395593
-3.92 0.14 23.04135282695636
-3.92 0.138 23.15819064663295
-3.92 0.136 23.28986648487473
-3.92 0.134 23.43869523516119
-3.92 0.132 23.60722292155726
-3.92 0.13 23.79818586633363
-3.92 0.128 24.01444284674863
-3.92 0.126 24.25887925592468
-3.92 0.124 24.53428738628721
-3.92 0.122 24.84323339362705
-3.92 0.12 25.18792768930192
-3.92 0.118 25.57011915812268
-3.92 0.116 25.99103258907171
-3.92 0.114 26.45136227396304
-3.92 0.112 26.95132425702931
-3.92 0.11 27.49075841369487
-3.92 0.108 28.06926301311094
-3.92 0.106 28.68634101347807
-3.92 0.104 29.34153922274141
-3.92 0.102 30.03456696371131
-3.92 0.1 30.76538762736991
-3.92 0.098 31.53428247664321
-3.92 0.096 32.34189020611085
-3.92 0.094 33.18922790607260
-3.92 0.092 34.07769961933849
-3.92 0.09 35.00909820454992
-3.92 0.088 35.98560526510185
-3.92 0.086 37.00979284502947
-3.92 0.084 38.08462964859337
-3.92 0.082 39.21349380327501
-3.92 0.08 40.40019367707475
-3.92 0.078 41.64899796512152
-3.92 0.076 42.96467615110300
-3.92 0.074 44.35255050176935
-3.92 0.072 45.81856095174956
-3.92 0.07 47.36934457465881
-3.92 0.068 49.01233182648282
-3.92 0.066 50.75586238635519
-3.92 0.064 52.60932427562593
-3.92 0.062 54.58332101540659
-3.92 0.06 56.68987296774991
-3.92 0.058 58.94266085232778
-3.92 0.056 61.35732174560331
-3.92 0.054 63.95181106344167
-3.92 0.052 66.74684818620256
-3.92 0.05 69.76646909775553
-3.92 0.048 73.03871722919602
-3.92 0.046 76.59651452704388
-3.92 0.044 80.47877011837581
-3.92 0.042 84.73180573668576
-3.92 0.04 89.41120878699350
-3.92 0.038 94.58427059685638
-3.92 0.036 100.33323742457129
-3.92 0.034 106.75970888869173
-3.92 0.032 113.99068581488896
-3.92 0.03 122.18703722760694
-3.92 0.028 131.55559605838076
-3.92 0.026 142.36683749459016
-3.92 0.024 154.98139650812976
-3.92 0.022 169.89104949656610
-3.92 0.02 187.78428491458004
-3.92 0.018 209.65558766567725
-3.92 0.016 236.99668679362111
-3.92 0.014 272.15172977296999
-3.92 0.012 319.02763109744541
-3.92 0.01 384.65683917543492
-3.92 0.008 483.10425260172445
-3.92 0.006 647.18777579172342
-3.92 0.004 975.31756320664431
-3.92 0.002 1946.62237269832531
-3.88 0.2 21.72037255377330
-3.88 0.198 21.74435438405505
-3.88 0.196 21.76872851668143
-3.88 0.194 21.79352056699221
-3.88 0.192 21.81875921342950
-3.88 0.19 21.84447667756137
-3.88 0.188 21.87070928916116
-3.88 0.186 21.89749815311436
-3.88 0.184 21.92488993842992
-3.88 0.182 21.95293781391583
-3.88 0.18 21.98170256025930
-3.88 0.178 22.01125389460404
-3.88 0.176 22.04167205136257
-3.88 0.174 22.07304967229263
-3.88 0.172 22.10549407001518
-3.88 0.17 22.13912994250570
-3.88 0.168 22.17410263187646
-3.88 0.166 22.21058203928319
-3.88 0.164 22.24876732899157
-3.88 0.162 22.28889257845023
-3.88 0.16 22.33123355675991
-3.88 0.158 22.37611583976742
-3.88 0.156 22.42392449314099
-3.88 0.154 22.47511557025586
-3.88 0.152 22.53022967138847
-3.88 0.15 22.58990778232424
-3.88 0.148 22.65490953550497
-3.88 0.146 22.72613388986646
-3.88 0.144 22.80464197269197
-3.88 0.142 22.89168142763900
-3.88 0.14 22.98871102563509
-3.88 0.138 23.09742348915075
-3.88 0.136 23.21976346139364
-3.88 0.134 23.35793640055624
-3.88 0.132 23.51440310109824
-3.88 0.13 23.69185391487440
-3.88 0.128 23.89315711589560
-3.88 0.126 24.12127785642600
-3.88 0.124 24.37916826723822
-3.88 0.122 24.66963537280601
-3.88 0.12 24.99520058490469
-3.88 0.118 25.35797052766319
-3.88 0.116 25.75954124793102
-3.88 0.114 26.20095455217030
-3.88 0.112 26.68271629095971
-3.88 0.11 27.20487429232119
-3.88 0.108 27.76714224844086
-3.88 0.106 28.36904877839130
-3.88 0.104 29.01008974393245
-3.88 0.102 29.68986590985443
-3.88 0.1 30.40819487890979
-3.88 0.098 31.16519334201024
-3.88 0.096 31.96133129705377
-3.88 0.094 32.79746331967229
-3.88 0.092 33.67484337834230
-3.88 0.09 34.59512965509601
-3.88 0.088 35.56038500163928
-3.88 0.086 36.57307753610794
-3.88 0.084 37.63608478891973
-3.88 0.082 38.75270389935110
-3.88 0.08 39.92666970274975
-3.88 0.078 41.16218212913531
-3.88 0.076 42.46394413155699
-3.88 0.074 43.83721134813501
-3.88 0.072 45.28785485340105
-3.88 0.07 46.82243866187054
-3.88 0.068 48.44831411141003
-3.88 0.066 50.17373388003863
-3.88 0.064 52.00798924131082
-3.88 0.062 53.96157521600639
-3.88 0.06 56.04638967301749
-3.88 0.058 58.27597425374729
-3.88 0.056 60.66580730418930
-3.88 0.054 63.23366214965877
-3.88 0.052 66.00004819495469
-3.88 0.05 68.98875795976099
-3.88 0.048 72.22755092891079
-3.88 0.046 75.74901581432617
-3.88 0.044 79.59166800716021
-3.88 0.042 83.80136059152210
-3.88 0.04 88.43311867464071
-3.88 0.038 93.55355298719998
-3.88 0.036 99.24407802475746
-3.88 0.034 105.60526601089487
-3.88 0.032 112.76283360342065
-3.88 0.03 120.87602328965072
-3.88 0.028 130.14957681458640
-3.88 0.026 140.85123481309637
-3.88 0.024 153.33798626419434
-3.88 0.022 168.09663583576261
-3.88 0.02 185.80871164231110
-3.88 0.018 207.45864484744334
-3.88 0.016 234.52308397489887
-3.88 0.014 269.32247863562424
-3.88 0.012 315.72424698993234
-3.88 0.01 380.68974416615674
-3.88 0.008 478.14168235008009
-3.88 0.006 640.56619981718347
-3.88 0.004 965.37859183403248
-3.88 0.002 1926.86374832058868
-3.84 0.2 21.71864761560154
-3.84 0.198 21.74249778093038
-3.84 0.196 21.76672483501086
-3.84 0.194 21.79135246148237
-3.84 0.192 21.81640710873042
-3.84 0.19 21.84191842045816
-3.84 0.188 21.86791974196887
-3.84 0.186 21.89444871711144
-3.84 0.184 21.92154799395377
-3.84 0.182 21.94926606109267
-3.84 0.18 21.97765824115396
-3.84 0.178 22.00678787374348
-3.84 0.176 22.03672772700633
-3.84 0.174 22.06756168541605
-3.84 0.172 22.09938677155143
-3.84 0.17 22.13231557194732
-3.84 0.168 22.16647915176995
-3.84 0.166 22.20203056048367
-3.84 0.164 22.23914905105453
-3.84 0.162 22.27804515855354
-3.84 0.16 22.31896681009032
-3.84 0.158 22.36220666580360
-3.84 0.156 22.40811091832537
-3.84 0.154 22.45708980208853
-3.84 0.152 22.50963007816292
-3.84 0.15 22.56630975515660
-3.84 0.148 22.62781526744180
-3.84 0.146 22.69496123670512
-3.84 0.144 22.76871276156643
-3.84 0.142 22.85020987361597
-3.84 0.14 22.94079332097067
-3.84 0.138 23.04203014765664
-3.84 0.136 23.15573660242988
-3.84 0.134 23.28399475789502
-3.84 0.132 23.42915797089457
-3.84 0.13 23.59383924397071
-3.84 0.128 23.78087612872521
-3.84 0.126 23.99326669597938
-3.84 0.124 24.23407396058202
-3.84 0.122 24.50630135732350
-3.84 0.12 24.81274901084053
-3.84 0.118 25.15586807477687
-3.84 0.116 25.53763574763551
-3.84 0.114 25.95947395759977
-3.84 0.112 26.42222868670422
-3.84 0.11 26.92621550460091
-3.84 0.108 27.47132359142820
-3.84 0.106 28.05715976878841
-3.84 0.104 28.68320904203344
-3.84 0.102 29.34898953171380
-3.84 0.1 30.05418568648453
-3.84 0.098 30.79875148113894
-3.84 0.096 31.58298240202080
-3.84 0.094 32.40756000793029
-3.84 0.092 33.27357546108465
-3.84 0.09 34.18253910257854
-3.84 0.088 35.13638260785672
-3.84 0.086 36.13745914644142
-3.84 0.084 37.18854574150178
-3.84 0.082 38.29285093589523
-3.84 0.08 39.45403003182404
-3.84 0.078 40.67620960251784
-3.84 0.076 41.96402265647254
-3.84 0.074 43.32265573559535
-3.84 0.072 44.75790932057011
-3.84 0.07 46.27627318160519
-3.84 0.068 47.88501875038303
-3.84 0.066 49.59231119721385
-3.84 0.064 51.40734472670883
-3.84 0.062 53.34050565751496
-3.84 0.06 55.40356924272145
-3.84 0.058 57.60993797068168
-3.84 0.056 59.97493140919183
-3.84 0.054 62.51614076715138
-3.84 0.052 65.25386545215447
-3.84 0.05 68.21165450722710
-3.84 0.048 71.41698347438350
-3.84 0.046 74.90210783315608
-3.84 0.044 78.70514925127273
-3.84 0.042 82.87149218475237
-3.84 0.04 87.45559947462323
-3.84 0.038 92.52340129884408
-3.84 0.036 98.15548044980903
-3.84 0.034 104.45138183521711
-3.84 0.032 111.53553804925949
-3.84 0.03 119.56556517939697
-3.84 0.028 128.74411396582451
-3.84 0.026 139.33619073373833
-3.84 0.024 151.69513879819675
-3.84 0.022 166.30279155123634
-3.84 0.02 183.83371740785404
-3.84 0.018 205.26229472275341
-3.84 0.016 232.05009290182883
-3.84 0.014 266.49386590202209
-3.84 0.012 312.42153923963889
-3.84 0.01 376.72338141113187
-3.84 0.008 473.17993149851003
-3.84 0.006 633.94559269323338
-3.84 0.004 955.44089418678573
-3.84 0.002 1907.10730823257472
-3.8 0.2 21.71702988014071
-3.8 0.198 21.74076023568149
-3.8 0.196 21.76485334328670
-3.8 0.194 21.78933114844963
-3.8 0.192 21.81421809166627
-3.8 0.19 21.83954149489904
-3.8 0.188 21.86533201533819
-3.8 0.186 21.89162417977136
-3.8 0.184 21.91845701566549
-3.8 0.182 21.94587479846039
-3.8 0.18 21.97392793873470
-3.8 0.178 22.00267403801319
-3.8 0.176 22.03217914822305
-3.8 0.174 22.06251927734613
-3.8 0.172 22.09378219315000
-3.8 0.17 22.12606958800547
-3.8 0.168 22.15949968139177
-3.8 0.166 22.19421035283946
-3.8 0.164 22.23036291729793
-3.8 0.162 22.26814667733647
-3.8 0.16 22.30778441226888
-3.8 0.158 22.34953899282349
-3.8 0.156 22.39372134018122
-3.8 0.154 22.44069997777842
-3.8 0.152 22.49091244883026
-3.8 0.15 22.54487888493513
-3.8 0.148 22.60321799961562
-3.8 0.146 22.66666572765616
-3.8 0.144 22.73609661073174
-3.8 0.142 22.81254780683267
-3.8 0.14 22.89724523012337
-3.8 0.138 22.99163075812789
-3.8 0.136 23.09738862788936
-3.8 0.134 23.21646806380636
-3.8 0.132 23.35109788634279
-3.8 0.13 23.50378751783930
-3.8 0.128 23.67730779291460
-3.8 0.126 23.87464488341426
-3.8 0.124 24.09892221228938
-3.8 0.122 24.35328914039742
-3.8 0.12 24.64078164483400
-3.8 0.118 24.96416832005342
-3.8 0.116 25.32580266878823
-3.8 0.114 25.72750675011944
-3.8 0.112 26.17050912534649
-3.8 0.11 26.65545101428171
-3.8 0.108 27.18246091738726
-3.8 0.106 27.75128417644806
-3.8 0.104 28.36144462313117
-3.8 0.102 29.01241305442664
-3.8 0.1 29.70376125821559
-3.8 0.098 30.43528804253656
-3.8 0.096 31.20711207596195
-3.8 0.094 32.01973306395624
-3.8 0.092 32.87406693708544
-3.8 0.09 33.77146245608986
-3.8 0.088 34.71370663375928
-3.8 0.086 35.70302540911992
-3.8 0.084 36.74208469906828
-3.8 0.082 37.83399568198117
-3.8 0.08 38.98232712767727
-3.8 0.078 40.19112684076701
-3.8 0.076 41.46495382395093
-3.8 0.074 42.80892256237223
-3.8 0.072 44.22876084561821
-3.8 0.07 45.73088275687709
-3.8 0.068 47.32247885678907
-3.8 0.066 49.01162617786581
-3.8 0.064 50.80742145808229
-3.8 0.062 52.72014206828986
-3.8 0.06 54.76144049439178
-3.8 0.058 56.94457997918649
-3.8 0.056 59.28472125427236
-3.8 0.054 61.79927337460922
-3.8 0.052 64.50832572899630
-3.8 0.05 67.43518388140637
-3.8 0.048 70.60703940997992
-3.8 0.046 74.05581457625281
-3.8 0.044 77.81923733362385
-3.8 0.042 81.94222353096704
-3.8 0.04 86.47867377487061
-3.8 0.038 91.49383773536093
-3.8 0.036 97.06746656255223
-3.8 0.034 103.29807792943983
-3.8 0.032 110.30882047386685
-3.8 0.03 118.25568402502927
-3.8 0.028 127.33922850599741
-3.8 0.026 137.82172618325021
-3.8 0.024 150.05287504824096
-3.8 0.022 164.50953768682839
-3.8 0.02 181.85932347785223
-3.8 0.018 203.06655893124440
-3.8 0.016 229.57773578741666
-3.8 0.014 263.66591463825563
-3.8 0.012 309.11953217811208
-3.8 0.01 372.75777715929814
-3.8 0.008 468.21902934480471
-3.8 0.006 627.32598901787583
-3.8 0.004 945.50451577254057
-3.8 0.002 1887.35313068126561
-3.76 0.2 21.71550980462431
-3.76 0.198 21.73913140347287
-3.76 0.196 21.76310276135465
-3.76 0.194 21.78744426368131
-3.76 0.192 21.81217854646360
-3.76 0.19 21.83733084357625
-3.76 0.188 21.86292939373781
-3.76 0.186 21.88900591906056
-3.76 0.184 21.91559618949521
-3.76 0.182 21.94274069052197
-3.76 0.18 21.97048541515568
-3.76 0.178 21.99888280586426
-3.76 0.176 22.02799287757955
-3.76 0.174 22.05788455982188
-3.76 0.172 22.08863730425970
-3.76 0.17 22.12034301424843
-3.76 0.168 22.15310836518314
-3.76 0.166 22.18705759946782
-3.76 0.164 22.22233589775333
-3.76 0.162 22.25911344927954
-3.76 0.16 22.29759036894960
-3.76 0.158 22.33800263697557
-3.76 0.156 22.38062926819548
-3.76 0.154 22.42580095094091
-3.76 0.152 22.47391042674045
-3.76 0.15 22.52542490701613
-3.76 0.148 22.58090083242541
-3.76 0.146 22.64100126071468
-3.76 0.144 22.70651609865827
-3.76 0.142 22.77838524235841
-3.76 0.14 22.85772441630259
-3.76 0.138 22.94585305335265
-3.76 0.136 23.04432287863192
-3.76 0.134 23.15494490384353
-3.76 0.132 23.27981129933082
-3.76 0.13 23.42130717483490
-3.76 0.128 23.58210591169949
-3.76 0.126 23.76514082138039
-3.76 0.124 23.97354627234867
-3.76 0.122 24.21056387047413
-3.76 0.12 24.47941442965984
-3.76 0.118 24.78314421020605
-3.76 0.116 25.12446281252114
-3.76 0.114 25.50559737289753
-3.76 0.112 25.92818989839177
-3.76 0.11 26.39325936804809
-3.76 0.108 26.90123807555025
-3.76 0.106 27.45207624783679
-3.76 0.104 28.04539555663856
-3.76 0.102 28.68066505882093
-3.76 0.1 29.35737368682906
-3.76 0.098 30.07517989878561
-3.76 0.096 30.83402812605706
-3.76 0.094 31.63423008638201
-3.76 0.092 32.47651503721962
-3.76 0.09 33.36205621679444
-3.76 0.088 34.29248157419536
-3.76 0.086 35.26987627645661
-3.76 0.084 36.29678318436678
-3.76 0.082 37.37620605910434
-3.76 0.08 38.51161900519981
-3.76 0.078 39.70698469899733
-3.76 0.076 40.96678331738786
-3.76 0.074 42.29605374317047
-3.76 0.072 43.70044854251963
-3.76 0.07 45.18630435464141
-3.76 0.068 46.76072968556763
-3.76 0.066 48.43171265872436
-3.76 0.064 50.20825204874996
-3.76 0.062 52.10051597259097
-3.76 0.06 54.12003396270995
-3.76 0.058 56.27992990078896
-3.76 0.056 58.59520561181385
-3.76 0.054 61.08308795514760
-3.76 0.052 63.76345627608709
-3.76 0.05 66.65937263177302
-3.76 0.048 69.79774464857759
-3.76 0.046 73.21016136026623
-3.76 0.044 76.93395701941451
-3.76 0.042 81.01357888820031
-3.76 0.04 85.50236537055400
-3.76 0.038 90.46488567394938
-3.76 0.036 95.98005936835752
-3.76 0.034 102.14537697528621
-3.76 0.032 109.08270328654373
-3.76 0.03 116.94640201897963
-3.76 0.028 125.93494247223386
-3.76 0.026 136.30786311348163
-3.76 0.024 148.41121696240148
-3.76 0.022 162.71689628465242
-3.76 0.02 179.88555210947362
-3.76 0.018 200.87146010012998
-3.76 0.016 227.10603583548598
-3.76 0.014 260.83864891274146
-3.76 0.012 305.81825116264537
-3.76 0.01 368.79295872701522
-3.76 0.008 463.25900632727740
-3.76 0.006 620.70742466439879
-3.76 0.004 935.56950366215722
-3.76 0.002 1867.60129635403723
-3.72 0.2 21.71407825905374
-3.72 0.198 21.73760145842206
-3.72 0.196 21.76146243998003
-3.72 0.194 21.78568019413257
-3.72 0.192 21.81027573961220
-3.72 0.19 21.83527243612586
-3.72 0.188 21.86069634984356
-3.72 0.186 21.88657668228900
-3.72 0.184 21.91294627541492
-3.72 0.182 21.93984220827453
-3.72 0.18 21.96730650402374
-3.72 0.178 21.99538697001017
-3.72 0.176 22.02413819868656
-3.72 0.174 22.05362276319205
-3.72 0.172 22.08391264891040
-3.72 0.17 22.11509097152145
-3.72 0.168 22.14725404320539
-3.72 0.166 22.18051386233477
-3.72 0.164 22.21500111839399
-3.72 0.162 22.25086882368262
-3.72 0.16 22.28829670671757
-3.72 0.158 22.32749652959410
-3.72 0.156 22.36871852267120
-3.72 0.154 22.41225916413505
-3.72 0.152 22.45847056748722
-3.72 0.15 22.50777177323543
-3.72 0.148 22.56066226568579
-3.72 0.146 22.61773804117656
-3.72 0.144 22.67971052345985
-3.72 0.142 22.74742853002656
-3.72 0.14 22.82190330363707
-3.72 0.138 22.90433628763310
-3.72 0.136 22.99614878257362
-3.72 0.134 23.09901181363881
-3.72 0.132 23.21487341992242
-3.72 0.13 23.34597916264769
-3.72 0.128 23.49488007516375
-3.72 0.126 23.66442087928818
-3.72 0.124 23.85770067317283
-3.72 0.122 24.07799930824093
-3.72 0.12 24.32866622153762
-3.72 0.118 24.61297507222390
-3.72 0.116 24.93395658564473
-3.72 0.114 25.29423140769605
-3.72 0.112 25.69587101910464
-3.72 0.11 26.14031428967706
-3.72 0.108 26.62835848392637
-3.72 0.106 27.16022838249379
-3.72 0.104 27.73571070012904
-3.72 0.102 28.35432891007246
-3.72 0.1 29.01552947417512
-3.72 0.098 29.71885424408651
-3.72 0.096 30.46408248793044
-3.72 0.094 31.25133580442384
-3.72 0.092 32.08114723214743
-3.72 0.09 32.95450089074239
-3.72 0.088 33.87285061324020
-3.72 0.086 34.83812605936913
-3.72 0.084 35.85273367808787
-3.72 0.082 36.91955835801073
-3.72 0.08 38.04197013027793
-3.72 0.078 39.22383909472467
-3.72 0.076 40.46956089690944
-3.72 0.074 41.78409458014924
-3.72 0.072 43.17301443392246
-3.72 0.07 44.64257751835720
-3.72 0.068 46.19980883685761
-3.72 0.066 47.85260664693254
-3.72 0.064 49.60987115051515
-3.72 0.062 51.48166082971662
-3.72 0.06 53.47938202882793
-3.72 0.058 55.61601912416103
-3.72 0.056 57.90641495437774
-3.72 0.054 60.36761412572066
-3.72 0.052 63.01928590636288
-3.72 0.05 65.88424883493795
-3.72 0.048 68.98912657039931
-3.72 0.046 72.36517492082518
-3.72 0.044 76.04933444765270
-3.72 0.042 80.08558384618983
-3.72 0.04 84.52669934938118
-3.72 0.038 89.43656974801064
-3.72 0.036 94.89328309521764
-3.72 0.034 100.99330284624028
-3.72 0.032 107.85721006023334
-3.72 0.03 115.63774249198561
-3.72 0.028 124.53127901756520
-3.72 0.026 134.79462457273013
-3.72 0.024 146.77018756914427
-3.72 0.022 160.92489045488276
-3.72 0.02 177.91242662001048
-3.72 0.018 198.67702191424630
-3.72 0.016 224.63501731174244
-3.72 0.014 258.01209386919822
-3.72 0.012 302.51772265239327
-3.72 0.01 364.82895457951741
-3.72 0.008 458.29989411485263
-3.72 0.006 614.08993688733312
-3.72 0.004 925.63590662890829
-3.72 0.002 1847.85188861822667
-3.68 0.2 21.71272641422982
-3.68 0.198 21.73616098600052
-3.68 0.196 21.75992225465613
-3.68 0.194 21.78402797049268
-3.68 0.192 21.80849770874680
-3.68 0.19 21.83335315196950
-3.68 0.188 21.85861841895080
-3.68 0.186 21.88432044965800
-3.68 0.184 21.91048945758040
-3.68 0.182 21.93715946320296
-3.68 0.18 21.96436892526223
-3.68 0.178 21.99216148998080
-3.68 0.176 22.02058688293033
-3.68 0.174 22.04970197359341
-3.68 0.172 22.07957204937018
-3.68 0.17 22.11027234403337
-3.68 0.168 22.14188987568154
-3.68 0.166 22.17452566162377
-3.68 0.164 22.20829739263116
-3.68 0.162 22.24334266719876
-3.68 0.16 22.27982290831400
-3.68 0.158 22.31792811111320
-3.68 0.156 22.35788259997265
-3.68 0.154 22.39995200784431
-3.68 0.152 22.44445172805109
-3.68 0.15 22.49175712709070
-3.68 0.148 22.54231584191446
-3.68 0.146 22.59666250886028
-3.68 0.144 22.65543627116995
-3.68 0.142 22.71940136747684
-3.68 0.14 22.78947098459303
-3.68 0.138 22.86673432133570
-3.68 0.136 22.95248639937565
-3.68 0.134 23.04825950493771
-3.68 0.132 23.15585418605966
-3.68 0.13 23.27736642782677
-3.68 0.128 23.41520602733502
-3.68 0.126 23.57209949412697
-3.68 0.124 23.75106946192349
-3.68 0.122 23.95538237037069
-3.68 0.12 24.18845805444601
-3.68 0.118 24.45373978392099
-3.68 0.116 24.75453146729507
-3.68 0.114 25.09381900228471
-3.68 0.112 25.47410216302467
-3.68 0.11 25.89726786098080
-3.68 0.108 26.36453172133715
-3.68 0.106 26.87646229590760
-3.68 0.104 27.43308452749167
-3.68 0.102 28.03404254398220
-3.68 0.1 28.67879216235810
-3.68 0.098 29.36679290713570
-3.68 0.096 30.09767623683701
-3.68 0.094 30.87137707921601
-3.68 0.092 31.68822578960293
-3.68 0.09 32.54900489009140
-3.68 0.088 33.45497881315656
-3.68 0.086 34.40790594315391
-3.68 0.084 35.41004154941145
-3.68 0.082 36.46413868944223
-3.68 0.08 37.57345249456186
-3.68 0.078 38.74175179885609
-3.68 0.076 39.97334098307525
-3.68 0.074 41.27309419929500
-3.68 0.072 42.64650378627447
-3.68 0.07 44.09974463368795
-3.68 0.068 45.63975646923399
-3.68 0.066 47.27434650848885
-3.68 0.064 49.01231562421290
-3.68 0.062 50.86361218686188
-3.68 0.06 52.83951905977165
-3.68 0.058 54.95288094450112
-3.68 0.056 57.21838158079294
-3.68 0.054 59.65288325891328
-3.68 0.052 62.27584513451502
-3.68 0.05 65.10984219820554
-3.68 0.048 68.18121413009503
-3.68 0.046 71.52088351540687
-3.68 0.044 75.16539723015954
-3.68 0.042 79.15826542180473
-3.68 0.04 83.55170218371104
-3.68 0.038 88.40891593622361
-3.68 0.036 93.80716328004867
-3.68 0.034 99.84188069135287
-3.68 0.032 106.63236561305000
-3.68 0.03 114.32972999261834
-3.68 0.028 123.12826248864542
-3.68 0.026 133.28203478210148
-3.68 0.024 145.12981105255076
-3.68 0.022 159.13354445029685
-3.68 0.02 175.93997146118787
-3.68 0.018 196.48326919046809
-3.68 0.016 222.16470561908534
-3.68 0.014 255.18627580388338
-3.68 0.012 299.21797428876982
-3.68 0.01 360.86579441642141
-3.68 0.008 453.34172570146086
-3.68 0.006 607.47356443238857
-3.68 0.004 915.70377529083419
-3.68 0.002 1828.10499376410576
-3.64 0.2 21.71144560928861
-3.64 0.198 21.73480086039790
-3.64 0.196 21.75847248874850
-3.64 0.194 21.78247715269602
-3.64 0.192 21.80683314750818
-3.64 0.19 21.83156066175482
-3.64 0.188 21.85668207438250
-3.64 0.186 21.88222230102694
-3.64 0.184 21.90820919977758
-3.64 0.182 21.93467404861880
-3.64 0.18 21.96165210937450
-3.64 0.178 21.98918329607791
-3.64 0.176 22.01731296965498
-3.64 0.174 22.04609288558634
-3.64 0.172 22.07558232719842
-3.64 0.17 22.10584946455197
-3.64 0.168 22.13697298795622
-3.64 0.166 22.16904407624729
-3.64 0.164 22.20216877357980
-3.64 0.162 22.23647086511175
-3.64 0.16 22.27209536209576
-3.64 0.158 22.30921273106140
-3.64 0.156 22.34802403044850
-3.64 0.154 22.38876715139073
-3.64 0.152 22.43172439705795
-3.64 0.15 22.47723167587735
-3.64 0.148 22.52568962523816
-3.64 0.146 22.57757701862680
-3.64 0.144 22.63346683106048
-3.64 0.142 22.69404532968253
-3.64 0.14 22.76013449399057
-3.64 0.138 22.83271791718028
-3.64 0.136 22.91297004559363
-3.64 0.134 23.00228811142699
-3.64 0.132 23.10232532917671
-3.64 0.13 23.21502279096480
-3.64 0.128 23.34263598717550
-3.64 0.126 23.48775008514829
-3.64 0.124 23.65327631277814
-3.64 0.122 23.84242061122372
-3.64 0.12 24.05861607375414
-3.64 0.118 24.30541369706779
-3.64 0.116 24.58633249277652
-3.64 0.114 24.90467986519494
-3.64 0.112 25.26336438934920
-3.64 0.11 25.66473186184750
-3.64 0.108 26.11045722893193
-3.64 0.106 26.60151697578247
-3.64 0.104 27.13825007118108
-3.64 0.102 27.72049607441340
-3.64 0.1 28.34778360838192
-3.64 0.098 29.01953604538586
-3.64 0.096 29.73526453337386
-3.64 0.094 30.49472818992535
-3.64 0.092 31.29805279427225
-3.64 0.09 32.14580895074978
-3.64 0.088 33.03905679670714
-3.64 0.086 33.97936693378463
-3.64 0.084 34.96882733995047
-3.64 0.082 36.01004471212279
-3.64 0.08 37.10614690026231
-3.64 0.078 38.26079138148445
-3.64 0.076 39.47818335230760
-3.64 0.074 40.76310606672565
-3.64 0.072 42.12096550093570
-3.64 0.07 43.55785123407142
-3.64 0.068 45.08061555203455
-3.64 0.066 46.69697318031986
-3.64 0.064 48.41562472089265
-3.64 0.062 50.24640784588316
-3.64 0.06 52.20048157188849
-3.64 0.058 54.29055070520702
-3.64 0.056 56.53113975380306
-3.64 0.054 58.93892861671619
-3.64 0.052 61.53316628483103
-3.64 0.05 64.33618417541025
-3.64 0.048 67.37403797546236
-3.64 0.046 70.67731703486675
-3.64 0.044 74.28217455881780
-3.64 0.042 78.23165216232616
-3.64 0.04 82.57740183019170
-3.64 0.038 87.38195165880877
-3.64 0.036 92.72172686187666
-3.64 0.034 98.69113702561879
-3.64 0.032 105.40819609617159
-3.64 0.03 113.02239037292377
-3.64 0.028 121.72591850947586
-3.64 0.026 131.77011921758134
-3.64 0.024 143.49011283314948
-3.64 0.022 157.34288374611788
-3.64 0.02 173.96821229842058
-3.64 0.018 194.29022795711981
-3.64 0.016 219.69512737776458
-3.64 0.014 252.36122224712926
-3.64 0.012 295.91903498017143
-3.64 0.01 356.90350926167463
-3.64 0.008 448.38453550463845
-3.64 0.006 600.85834765110360
-3.64 0.004 905.77316225936136
-3.64 0.002 1808.36070125440733
-3.6 0.2 21.71022718641712
-3.6 0.198 21.73351209737101
-3.6 0.196 21.75710369860582
-3.6 0.194 21.78101770254357
-3.6 0.192 21.80527128171217
-3.6 0.19 21.82988330363425
-3.6 0.188 21.85487460074337
-3.6 0.186 21.88026828320551
-3.6 0.184 21.90609010387322
-3.6 0.182 21.93236888633838
-3.6 0.18 21.95913702929480
-3.6 0.178 21.98643110316468
-3.6 0.176 22.01429255838946
-3.6 0.174 22.04276856904410
-3.6 0.172 22.07191304071250
-3.6 0.17 22.10178781808584
-3.6 0.168 22.13246413581047
-3.6 0.166 22.16402436607567
-3.6 0.164 22.19656412868903
-3.6 0.162 22.23019484442439
-3.6 0.16 22.26504683084522
-3.6 0.158 22.30127306208515
-3.6 0.156 22.33905374086957
-3.6 0.154 22.37860186284736
-3.6 0.152 22.42016999012620
-3.6 0.15 22.46405849247412
-3.6 0.148 22.51062555929784
-3.6 0.146 22.56029932982957
-3.6 0.144 22.61359252632743
-3.6 0.142 22.67111999402528
-3.6 0.14 22.73361953316601
-3.6 0.138 22.80197632324037
-3.6 0.136 22.87725104424158
-3.6 0.134 22.96071143405161
-3.6 0.132 23.05386640899970
-3.6 0.13 23.15850093231752
-3.6 0.128 23.27670847581774
-3.6 0.126 23.41091618336747
-3.6 0.124 23.56389586027405
-3.6 0.122 23.73875209133134
-3.6 0.12 23.93887790315068
-3.6 0.118 24.16786955747384
-3.6 0.116 24.42939650616470
-3.6 0.114 24.72703092542298
-3.6 0.112 25.06405278421110
-3.6 0.11 25.44325813850078
-3.6 0.108 25.86680552540565
-3.6 0.106 26.33613336009925
-3.6 0.104 26.85196856649939
-3.6 0.102 27.41442666066511
-3.6 0.1 28.02318335705666
-3.6 0.098 28.67768478962817
-3.6 0.096 29.37736121831933
-3.6 0.094 30.12181625187533
-3.6 0.092 30.91097557676410
-3.6 0.09 31.74519107612545
-3.6 0.088 32.62530496598504
-3.6 0.086 33.55268329068760
-3.6 0.084 34.52922945716615
-3.6 0.082 35.55738768772878
-3.6 0.08 36.64014449580719
-3.6 0.078 37.78103434423073
-3.6 0.076 38.98415396779914
-3.6 0.074 40.25418860164221
-3.6 0.072 41.59645257430954
-3.6 0.07 43.01694635663534
-3.6 0.068 44.52243214966134
-3.6 0.066 46.12053040658941
-3.6 0.064 47.81984029811689
-3.6 0.062 49.63008805503154
-3.6 0.06 51.56230839712530
-3.6 0.058 53.62906595822756
-3.6 0.056 55.84472585515655
-3.6 0.054 58.22578549328543
-3.6 0.052 60.79128364077398
-3.6 0.05 63.56330810657594
-3.6 0.048 66.56763056317067
-3.6 0.046 69.83450712446344
-3.6 0.044 73.39969732186442
-3.6 0.042 77.30577425735854
-3.6 0.04 81.60382783761074
-3.6 0.038 86.35570588167647
-3.6 0.036 91.63700228258959
-3.6 0.034 97.54109982760727
-3.6 0.032 104.18472908862904
-3.6 0.03 111.71575088072298
-3.6 0.028 120.32427407149997
-3.6 0.026 130.25890469824085
-3.6 0.024 141.85111965451929
-3.6 0.022 155.55293512557290
-3.6 0.02 171.99717609580921
-3.6 0.018 192.09792553879228
-3.6 0.016 217.22631051083454
-3.6 0.014 249.53696205082829
-3.6 0.012 292.62093499219748
-3.6 0.01 352.94213155875894
-3.6 0.008 443.42835946948577
-3.6 0.006 594.24432862063918
-3.6 0.004 895.84412229302336
-3.6 0.002 1788.61910398261784
-3.56 0.2 21.70906227271961
-3.56 0.198 21.73228566760984
-3.56 0.196 21.75580654925477
-3.56 0.194 21.77963983465987
-3.56 0.192 21.80380172995347
-3.56 0.19 21.82830994888203
-3.56 0.188 21.85318396059383
-3.56 0.186 21.87844527413765
-3.56 0.184 21.90411776820861
-3.56 0.182 21.93022807607514
-3.56 0.18 21.95680603755569
-3.56 0.178 21.98388523225848
-3.56 0.176 22.01150361133770
-3.56 0.174 22.03970424873850
-3.56 0.172 22.06853623757485
-3.56 0.17 22.09805576304135
-3.56 0.168 22.12832739044409
-3.56 0.166 22.15942561580836
-3.56 0.164 22.19143673746081
-3.56 0.162 22.22446112059757
-3.56 0.16 22.25861594341719
-3.56 0.158 22.29403853382653
-3.56 0.156 22.33089043046054
-3.56 0.154 22.36936233146658
-3.56 0.152 22.40968012973246
-3.56 0.15 22.45211227403190
-3.56 0.148 22.49697874127303
-3.56 0.146 22.54466195375722
-3.56 0.144 22.59562002267245
-3.56 0.142 22.65040273693051
-3.56 0.14 22.70967073074898
-3.56 0.138 22.77421823120118
-3.56 0.136 22.84499967274045
-3.56 0.134 22.92316021757046
-3.56 0.132 23.01006976769821
-3.56 0.13 23.10735930921500
-3.56 0.128 23.21695730033228
-3.56 0.126 23.34112224110839
-3.56 0.124 23.48246557915630
-3.56 0.122 23.64395694654235
-3.56 0.12 23.82890195116118
-3.56 0.118 24.04088234175464
-3.56 0.116 24.28365065012646
-3.56 0.114 24.56097762813582
-3.56 0.112 24.87646125387935
-3.56 0.11 25.23331913249795
-3.56 0.108 25.63419767037686
-3.56 0.106 26.08103594430277
-3.56 0.104 26.57501554289033
-3.56 0.102 27.11661010289627
-3.56 0.1 27.70572550652954
-3.56 0.098 28.34190230778532
-3.56 0.096 29.02454267110188
-3.56 0.094 29.75312653472555
-3.56 0.092 30.52739244561265
-3.56 0.09 31.34747198765531
-3.56 0.088 32.21397828904004
-3.56 0.086 33.12805650060020
-3.56 0.084 34.09140733760312
-3.56 0.082 35.10629491899518
-3.56 0.08 36.17554860988829
-3.56 0.078 37.30256647689317
-3.56 0.076 38.49132597449317
-3.56 0.074 39.74640590699858
-3.56 0.072 41.07302264134838
-3.56 0.07 42.47708295683798
-3.56 0.068 43.96525575007126
-3.56 0.066 45.54506501339007
-3.56 0.064 47.22500704378376
-3.56 0.062 49.01469571353304
-3.56 0.06 50.92504087490516
-3.56 0.058 52.96846664882371
-3.56 0.056 55.15917855193929
-3.56 0.054 57.51349137475196
-3.56 0.052 60.05023359361220
-3.56 0.05 62.79124935990618
-3.56 0.048 65.76202631167186
-3.56 0.046 68.99248731539005
-3.56 0.044 72.51799823016403
-3.56 0.042 76.38066366027661
-3.56 0.04 80.63101146388725
-3.56 0.038 85.33020922928189
-3.56 0.036 90.55301959597583
-3.56 0.034 96.39179864506860
-3.56 0.032 102.96199369978609
-3.56 0.03 110.40984025926360
-3.56 0.028 118.92335763078812
-3.56 0.026 128.74841948132172
-3.56 0.024 140.21285967670980
-3.56 0.022 153.76372677190551
-3.56 0.02 170.02689120725947
-3.56 0.018 189.90639064728276
-3.56 0.016 214.75828433559784
-3.56 0.014 246.71352548102931
-3.56 0.012 289.32370604325041
-3.56 0.01 348.98169527157972
-3.56 0.008 438.47323517862151
-3.56 0.006 587.63155127015136
-3.56 0.004 885.91671245833948
-3.56 0.002 1768.88029853846319
-3.52 0.2 21.70794147541369
-3.52 0.198 21.73111224591566
-3.52 0.196 21.75457160236682
-3.52 0.194 21.77833383201611
-3.52 0.192 21.80241433811728
-3.52 0.19 21.82682984869874
-3.52 0.188 21.85159864810270
-3.52 0.186 21.87674083881247
-3.52 0.184 21.90227864171224
-3.52 0.182 21.92823674404103
-3.52 0.18 21.95464270579645
-3.52 0.178 21.98152743738079
-3.52 0.176 22.00892576388929
-3.52 0.174 22.03687709465144
-3.52 0.172 22.06542622075628
-3.52 0.17 22.09462426838246
-3.52 0.168 22.12452984204655
-3.52 0.166 22.15521039980803
-3.52 0.164 22.18674391220511
-3.52 0.162 22.21922086882531
-3.52 0.16 22.25274671139152
-3.52 0.158 22.28744479067992
-3.52 0.156 22.32345996719080
-3.52 0.154 22.36096300297744
-3.52 0.152 22.40015592503774
-3.52 0.15 22.44127857976286
-3.52 0.148 22.48461664307629
-3.52 0.146 22.53051140123541
-3.52 0.144 22.57937167027202
-3.52 0.142 22.63168827229917
-3.52 0.14 22.68805152447072
-3.52 0.138 22.74917220393331
-3.52 0.136 22.81590640184043
-3.52 0.134 22.88928452842913
-3.52 0.132 22.97054441728002
-3.52 0.13 23.06116791687442
-3.52 0.128 23.16291945158752
-3.52 0.126 23.27788368546070
-3.52 0.124 23.40849758260552
-3.52 0.122 23.55756991484558
-3.52 0.12 23.72827896997115
-3.52 0.118 23.92413761733038
-3.52 0.116 24.14891521376138
-3.52 0.114 24.40650958472817
-3.52 0.112 24.70077064740037
-3.52 0.11 25.03528988205779
-3.52 0.108 25.41318403842415
-3.52 0.106 25.83691186936467
-3.52 0.104 26.30816335544819
-3.52 0.102 26.82784873949059
-3.52 0.1 27.39619244291527
-3.52 0.098 28.01291266666018
-3.52 0.096 28.67745043533289
-3.52 0.094 29.38920735056810
-3.52 0.092 30.14775854537750
-3.52 0.09 30.95302101988061
-3.52 0.088 31.80537166464167
-3.52 0.086 32.70571984090358
-3.52 0.084 33.65554514242163
-3.52 0.082 34.65691263321300
-3.52 0.08 35.71247693865844
-3.52 0.078 36.82548448296774
-3.52 0.076 37.99978089245060
-3.52 0.074 39.23982864319088
-3.52 0.072 40.55073862065476
-3.52 0.07 41.93831839480710
-3.52 0.068 43.40913964323116
-3.52 0.066 44.97062721146885
-3.52 0.064 46.63117274056395
-3.52 0.062 48.40027659945977
-3.52 0.06 50.28872306131330
-3.52 0.058 52.30879529707735
-3.52 0.056 54.47453897275638
-3.52 0.054 56.80208610916759
-3.52 0.052 59.31005479907866
-3.52 0.05 62.02004548647471
-3.52 0.048 64.95726174255944
-3.52 0.046 68.15129316783664
-3.52 0.044 71.63711195451198
-3.52 0.042 75.45635422015572
-3.52 0.04 79.65898580304231
-3.52 0.038 84.30549410703587
-3.52 0.036 89.46981058596072
-3.52 0.034 95.24326470931635
-3.52 0.032 101.74002068024545
-3.52 0.03 109.10468885500822
-3.52 0.028 117.52319921303753
-3.52 0.026 127.23869336485299
-3.52 0.024 138.57536257677216
-3.52 0.022 151.97528836742677
-3.52 0.02 168.05738747451650
-3.52 0.018 187.71565347916135
-3.52 0.016 212.29107966147046
-3.52 0.014 243.89094431738073
-3.52 0.012 286.02738140688518
-3.52 0.01 345.02223599188841
-3.52 0.008 433.51920196837182
-3.52 0.006 581.02006151372302
-3.52 0.004 875.99099229870615
-3.52 0.002 1749.14438548725275
-3.48 0.2 21.70685443051413
-3.48 0.198 21.72998185373001
-3.48 0.196 21.75338902584664
-3.48 0.194 21.77708980349185
-3.48 0.192 21.80109897102202
-3.48 0.19 21.82543244949244
-3.48 0.188 21.85010751990977
-3.48 0.186 21.87514306925219
-3.48 0.184 21.90055986766858
-3.48 0.182 21.92638088583310
-3.48 0.18 21.95263166254406
-3.48 0.178 21.97934073422882
-3.48 0.176 22.00654014022673
-3.48 0.174 22.03426602045734
-3.48 0.172 22.06255932566818
-3.48 0.17 22.09146666489508
-3.48 0.168 22.12104132032083
-3.48 0.166 22.15134446669691
-3.48 0.164 22.18244664113219
-3.48 0.162 22.21442951983405
-3.48 0.16 22.24738807179794
-3.48 0.158 22.28143317598096
-3.48 0.156 22.31669480899806
-3.48 0.154 22.35332593545114
-3.48 0.152 22.39150726356300
-3.48 0.15 22.43145306549100
-3.48 0.148 22.47341830507840
-3.48 0.146 22.51770736581359
-3.48 0.144 22.56468472710525
-3.48 0.142 22.61478799454885
-3.48 0.14 22.66854374280880
-3.48 0.138 22.72658666583202
-3.48 0.136 22.78968252715845
-3.48 0.134 22.85875532919798
-3.48 0.132 22.93491892262570
-3.48 0.13 23.01951288144665
-3.48 0.128 23.11414177835074
-3.48 0.126 23.22071589609540
-3.48 0.124 23.34148980457596
-3.48 0.122 23.47909309647118
-3.48 0.12 23.63654506937727
-3.48 0.118 23.81724277269065
-3.48 0.116 24.02491059514427
-3.48 0.114 24.26350094344168
-3.48 0.112 24.53704119108767
-3.48 0.11 24.84943285495735
-3.48 0.108 25.20422373798971
-3.48 0.106 25.60438841908421
-3.48 0.104 26.05216048642122
-3.48 0.102 26.54895542161670
-3.48 0.1 27.09540486977526
-3.48 0.098 27.69149680897021
-3.48 0.096 28.33679200221038
-3.48 0.094 29.03067406654200
-3.48 0.092 29.77259157215175
-3.48 0.09 30.56226233703826
-3.48 0.088 31.39982584226757
-3.48 0.086 32.28594356735881
-3.48 0.084 33.22185604640779
-3.48 0.082 34.20940937829764
-3.48 0.08 35.25106414813319
-3.48 0.078 36.34989792611690
-3.48 0.076 37.50961004960385
-3.48 0.074 38.73453507552596
-3.48 0.072 40.02966948346195
-3.48 0.07 41.40071500946421
-3.48 0.068 42.85414136307523
-3.48 0.066 44.39727095318874
-3.48 0.064 46.03838856198468
-3.48 0.062 47.78687962997574
-3.48 0.06 49.65340195657194
-3.48 0.058 51.65009722236957
-3.48 0.056 53.79085091130466
-3.48 0.054 56.09161209507113
-3.48 0.052 58.57078836239707
-3.48 0.05 61.24973638916713
-3.48 0.048 64.15337563815399
-3.48 0.046 67.31096242932789
-3.48 0.044 70.75707527503315
-3.48 0.042 74.53288182525934
-3.48 0.04 78.68778592320801
-3.48 0.038 83.28159483425677
-3.48 0.036 88.38740889491801
-3.48 0.034 94.09553105927358
-3.48 0.032 100.51884254201849
-3.48 0.03 107.80032873431087
-3.48 0.028 116.12383052715748
-3.48 0.026 125.72975779842109
-3.48 0.024 136.93865965739428
-3.48 0.022 150.18765120031262
-3.48 0.02 166.08869633268694
-3.48 0.018 185.52574582071063
-3.48 0.016 209.82472889520739
-3.48 0.014 241.06925195953704
-3.48 0.012 282.73199602107974
-3.48 0.01 341.06379105370689
-3.48 0.008 428.56630105273479
-3.48 0.006 574.40990739138749
-3.48 0.004 866.06702401220173
-3.48 0.002 1729.41146965929283
-3.44 0.2 21.70578909310949
-3.44 0.198 21.72888331818185
-3.44 0.196 21.75224817119668
-3.44 0.194 21.77589734509195
-3.44 0.192 21.79984523330703
-3.44 0.19 21.82410715606171
-3.44 0.188 21.84869958775546
-3.44 0.186 21.87364039683692
-3.44 0.184 21.89894910802541
-3.44 0.182 21.92464719643012
-3.44 0.18 21.95075842352022
-3.44 0.178 21.97730922596952
-3.44 0.176 22.00432917009043
-3.44 0.174 22.03185148686653
-3.44 0.172 22.05991370559846
-3.44 0.17 22.08855840805630
-3.44 0.168 22.11783412985884
-3.44 0.166 22.14779644191950
-3.44 0.164 22.17850925244721
-3.44 0.162 22.21004637948697
-3.44 0.16 22.24249345595521
-3.44 0.158 22.27595024386926
-3.44 0.156 22.31053345290177
-3.44 0.154 22.34638018110182
-3.44 0.152 22.38365212353268
-3.44 0.15 22.42254072859279
-3.44 0.148 22.46327352260797
-3.44 0.146 22.50612187155099
-3.44 0.144 22.55141050406269
-3.44 0.142 22.59952918081087
-3.44 0.14 22.65094695751461
-3.44 0.138 22.70622954420266
-3.44 0.136 22.76606029634123
-3.44 0.134 22.83126535840245
-3.44 0.132 22.90284337584973
-3.44 0.13 22.98199993489666
-3.44 0.128 23.07018639235600
-3.44 0.126 23.16914190707750
-3.44 0.124 23.28093615488012
-3.44 0.122 23.40800830429990
-3.44 0.12 23.55319536763515
-3.44 0.118 23.71974029032882
-3.44 0.116 23.91126780591930
-3.44 0.114 24.13171544241487
-3.44 0.112 24.38520988498555
-3.44 0.11 24.67588685699318
-3.44 0.108 25.00766616604767
-3.44 0.106 25.38401021158185
-3.44 0.104 25.80770834981647
-3.44 0.102 26.28073364682963
-3.44 0.1 26.80420770062248
-3.44 0.098 27.37848495539382
-3.44 0.096 28.00333904440663
-3.44 0.094 28.67821166963876
-3.44 0.092 29.40247696425753
-3.44 0.09 30.17568126602742
-3.44 0.088 30.99773382478265
-3.44 0.086 31.86904073723665
-3.44 0.084 32.79058717471220
-3.44 0.082 33.76398000128671
-3.44 0.08 34.79146496089498
-3.44 0.078 35.87593155782558
-3.44 0.076 37.02091630247052
-3.44 0.074 38.23061233251257
-3.44 0.072 39.50989117350659
-3.44 0.07 40.86434079920978
-3.44 0.068 42.30032320389406
-3.44 0.066 43.82505433764487
-3.44 0.064 45.44670940580333
-3.44 0.062 47.17455714554504
-3.44 0.06 49.01912776369178
-3.44 0.058 50.99242076438347
-3.44 0.056 53.10816104763652
-3.44 0.054 55.38211448632877
-3.44 0.052 57.83247803452386
-3.44 0.05 60.48036451226010
-3.44 0.048 63.35040922818740
-3.44 0.046 66.47153519443123
-3.44 0.044 69.87792724400994
-3.44 0.042 73.61028455930665
-3.44 0.04 77.71744901683111
-3.44 0.038 82.25854778878387
-3.44 0.036 87.30585016309448
-3.44 0.034 92.94863267620084
-3.44 0.032 99.29849368893728
-3.44 0.03 106.49679380993207
-3.44 0.028 114.72528508830723
-3.44 0.026 124.22164600335429
-3.44 0.024 135.30278396434957
-3.44 0.022 148.40084827998743
-3.44 0.02 164.12085092416984
-3.44 0.018 183.33670116104628
-3.44 0.016 207.35926615402377
-3.44 0.014 238.24848354151464
-3.44 0.012 279.43758660533399
-3.44 0.01 337.10639965583852
-3.44 0.008 423.61457565510739
-3.44 0.006 567.80113921894372
-3.44 0.004 856.14487263962462
-3.44 0.002 1709.68166045587122
-3.4 0.2 21.70473054606387
-3.4 0.198 21.72780340038153
-3.4 0.196 21.75113691909623
-3.4 0.194 21.77474503599145
-3.4 0.192 21.79864207106700
-3.4 0.19 21.82284300787387
-3.4 0.188 21.84736374750023
-3.4 0.186 21.87222135809333
-3.4 0.184 21.89743433401618
-3.4 0.182 21.92302287638543
-3.4 0.18 21.94900920594381
-3.4 0.178 21.97541791937763
-3.4 0.176 22.00227640122927
-3.4 0.174 22.02961530526710
-3.4 0.172 22.05746912162054
-3.4 0.17 22.08587684925810
-3.4 0.168 22.11488279753896
-3.4 0.166 22.14453754591006
-3.4 0.164 22.17489909749499
-3.4 0.162 22.20603427072156
-3.4 0.16 22.23802038366944
-3.4 0.158 22.27094729896669
-3.4 0.156 22.30491991348094
-3.4 0.154 22.34006119747042
-3.4 0.152 22.37651591312293
-3.4 0.15 22.41445517351609
-3.4 0.148 22.45408204088352
-3.4 0.146 22.49563840862309
-3.4 0.144 22.53941346508637
-3.4 0.142 22.58575409848824
-3.4 0.14 22.63507766911047
-3.4 0.138 22.68788764203412
-3.4 0.136 22.74479263061259
-3.4 0.134 22.80652942875115
-3.4 0.132 22.87399057717936
-3.4 0.13 22.94825686469963
-3.4 0.128 23.03063483439963
-3.4 0.126 23.12269874213466
-3.4 0.124 23.22633536908851
-3.4 0.122 23.34378848598374
-3.4 0.12 23.47769751939217
-3.4 0.118 23.63112215981948
-3.4 0.116 23.80754169467559
-3.4 0.114 24.01081570894737
-3.4 0.112 24.24509308530719
-3.4 0.11 24.51466097737537
-3.4 0.108 24.82373618099664
-3.4 0.106 25.17621764069554
-3.4 0.104 25.57543675700487
-3.4 0.102 26.02395433725022
-3.4 0.1 26.52345163850271
-3.4 0.098 27.07474481725549
-3.4 0.096 27.67792233229066
-3.4 0.094 28.33257518507238
-3.4 0.092 29.03807205314062
-3.4 0.09 29.79383043423933
-3.4 0.088 30.59954761100215
-3.4 0.086 31.45537364059330
-3.4 0.084 32.36202522624485
-3.4 0.082 33.32085027769741
-3.4 0.08 34.33385780187301
-3.4 0.078 35.40372809481229
-3.4 0.076 36.53381610182483
-3.4 0.074 37.72815791942391
-3.4 0.072 38.99148771086755
-3.4 0.07 40.32927023294989
-3.4 0.068 41.74775282892134
-3.4 0.066 43.25404008371156
-3.4 0.064 44.85619427686017
-3.4 0.062 46.56336523771495
-3.4 0.06 48.38595417587269
-3.4 0.058 50.33581755686769
-3.4 0.056 52.42651918034571
-3.4 0.054 54.67364142149514
-3.4 0.052 57.09517041992326
-3.4 0.05 59.71197504115440
-3.4 0.048 62.54840637853490
-3.4 0.046 65.63305410571058
-3.4 0.044 68.99970936352217
-3.4 0.042 72.68860287183061
-3.4 0.04 76.74801456432503
-3.4 0.038 81.23639156440767
-3.4 0.036 86.22517218036297
-3.4 0.034 91.80260663017323
-3.4 0.032 98.07901055835821
-3.4 0.03 105.19411997841242
-3.4 0.028 113.32759835140901
-3.4 0.026 122.71439310270046
-3.4 0.024 133.66777041367533
-3.4 0.022 146.61491446195669
-3.4 0.02 162.15388622170465
-3.4 0.018 181.14855481413247
-3.4 0.016 204.89472738754716
-3.4 0.014 235.42867605478659
-3.4 0.012 276.14419178654748
-3.4 0.01 333.15010299302082
-3.4 0.008 418.66407114961072
-3.4 0.006 561.19380974730120
-3.4 0.004 846.22460626386453
-3.4 0.002 1689.95507217120758
-3.36 0.2 21.70365884479129
-3.36 0.198 21.72672528981405
-3.36 0.196 21.75004059684721
-3.36 0.194 21.77361963885395
-3.36 0.192 21.79747716536987
-3.36 0.19 21.82162820665439
-3.36 0.188 21.84608840069302
-3.36 0.186 21.87087428234788
-3.36 0.184 21.89600355989001
-3.36 0.182 21.92149539688291
-3.36 0.18 21.94737071366167
-3.36 0.178 21.97365252113941
-3.36 0.176 22.00036629950329
-3.36 0.174 22.02754043524404
-3.36 0.172 22.05520673171254
-3.36 0.17 22.08340101097660
-3.36 0.168 22.11216382824146
-3.36 0.166 22.14154132467934
-3.36 0.164 22.17158625027284
-3.36 0.162 22.20235919565898
-3.36 0.16 22.23393008119524
-3.36 0.158 22.26637996308554
-3.36 0.156 22.29980323100038
-3.36 0.154 22.33431028978670
-3.36 0.152 22.37003084062606
-3.36 0.15 22.40711790507357
-3.36 0.148 22.44575277014037
-3.36 0.146 22.48615107479019
-3.36 0.144 22.52857030901728
-3.36 0.142 22.57331905630806
-3.36 0.14 22.62076837820000
-3.36 0.138 22.67136581283918
-3.36 0.136 22.72565253141959
-3.36 0.134 22.78428425393062
-3.36 0.132 22.84805654559178
-3.36 0.13 22.91793505843516
-3.36 0.128 22.99509108732610
-3.36 0.126 23.08094238514300
-3.36 0.124 23.17719840368811
-3.36 0.122 23.28590784511227
-3.36 0.12 23.40950447967379
-3.36 0.118 23.55084455095191
-3.36 0.116 23.71322592192904
-3.36 0.114 23.90037603366815
-3.36 0.112 24.11639403780129
-3.36 0.11 24.36563411060258
-3.36 0.108 24.65252417596621
-3.36 0.106 24.98132824124520
-3.36 0.104 25.35587958108597
-3.36 0.102 25.77933021622945
-3.36 0.1 26.25397064304372
-3.36 0.098 26.78116519412012
-3.36 0.096 27.36142257189733
-3.36 0.094 27.99458714326458
-3.36 0.092 28.68010851465984
-3.36 0.09 29.41733526937406
-3.36 0.088 30.20578504007976
-3.36 0.086 31.04536075514695
-3.36 0.084 31.93650279534893
-3.36 0.082 32.88028225257271
-3.36 0.08 33.87844908119464
-3.36 0.078 34.93345152277831
-3.36 0.076 36.04844196955788
-3.36 0.074 37.22728153999132
-3.36 0.072 38.47455251963453
-3.36 0.07 39.79558522029532
-3.36 0.068 41.19650399090536
-3.36 0.066 42.68429608104354
-3.36 0.064 44.26690672672802
-3.36 0.062 45.95336411006200
-3.36 0.06 47.75393868957647
-3.36 0.058 49.68034280412575
-3.36 0.056 51.74597849702477
-3.36 0.054 53.96624426566913
-3.36 0.052 56.35891521542862
-3.36 0.05 58.94461612683204
-3.36 0.048 61.74741380601436
-3.36 0.046 64.79556454839467
-3.36 0.044 68.12246577947219
-3.36 0.042 71.76787976415159
-3.36 0.04 75.77952451257177
-3.36 0.038 80.21516714251521
-3.36 0.036 85.14541505150825
-3.36 0.034 90.65749223956206
-3.36 0.032 96.86043177531775
-3.36 0.03 103.89234526941318
-3.36 0.028 111.93080785614163
-3.36 0.026 121.20803626242882
-3.36 0.024 132.03365592957169
-3.36 0.022 144.82988658301707
-3.36 0.02 160.18783916156576
-3.36 0.018 178.96134405077862
-3.36 0.016 202.43115050949459
-3.36 0.014 232.60986848087629
-3.36 0.012 272.85185223450958
-3.36 0.01 329.19494439701089
-3.36 0.008 413.71483521196166
-3.36 0.006 554.58797433304562
-3.36 0.004 836.30629622212507
-3.36 0.002 1670.23182433246643
-3.32 0.2 21.70254474310646
-3.32 0.198 21.72562578333052
-3.32 0.196 21.74894004955629
-3.32 0.194 21.77250473917193
-3.32 0.192 21.79633594443222
-3.32 0.19 21.82044937925155
-3.32 0.188 21.84486088922273
-3.32 0.186 21.86958684561541
-3.32 0.184 21.89464448008645
-3.32 0.182 21.92005219486129
-3.32 0.18 21.94582987184064
-3.32 0.178 21.97199919832292
-3.32 0.176 21.99858402440403
-3.32 0.174 22.02561076643197
-3.32 0.172 22.05310887150917
-3.32 0.17 22.08111135975924
-3.32 0.168 22.10965546379819
-3.32 0.166 22.13878338857283
-3.32 0.164 22.16854321971423
-3.32 0.162 22.19899001486600
-3.32 0.16 22.23018712053066
-3.32 0.158 22.26220776719575
-3.32 0.156 22.29513700831204
-3.32 0.154 22.32907408488808
-3.32 0.152 22.36413531767764
-3.32 0.15 22.40045765420525
-3.32 0.148 22.43820302927087
-3.32 0.146 22.47756373628544
-3.32 0.144 22.51876905396132
-3.32 0.142 22.56209342956792
-3.32 0.14 22.60786658637558
-3.32 0.138 22.65648599802281
-3.32 0.136 22.70843225266115
-3.32 0.134 22.76428790629513
-3.32 0.132 22.82476048160963
-3.32 0.13 22.89071027659323
-3.32 0.128 22.96318355856594
-3.32 0.126 23.04345145855646
-3.32 0.124 23.13305433883447
-3.32 0.122 23.23385043636915
-3.32 0.12 23.34806601753450
-3.32 0.118 23.47834196962997
-3.32 0.116 23.62776868976952
-3.32 0.114 23.79989761981625
-3.32 0.112 23.99871470383865
-3.32 0.11 24.22856009141510
-3.32 0.108 24.49398195128972
-3.32 0.106 24.79952256731404
-3.32 0.104 25.14945241421759
-3.32 0.102 25.54748921017994
-3.32 0.1 25.99655596635668
-3.32 0.098 26.49863485322526
-3.32 0.096 27.05475651465252
-3.32 0.094 27.66513123332368
-3.32 0.092 28.32939231963866
-3.32 0.09 29.04689826542074
-3.32 0.088 29.81703637618111
-3.32 0.086 30.63948405880052
-3.32 0.084 31.51440535930130
-3.32 0.082 32.44258033657150
-3.32 0.08 33.42547819073545
-3.32 0.078 34.46529100970653
-3.32 0.076 35.56494546238631
-3.32 0.074 36.72810728859194
-3.32 0.072 37.95919002756401
-3.32 0.07 39.26337627632946
-3.32 0.068 40.64665738977305
-3.32 0.066 42.11589603824138
-3.32 0.064 43.67891536205787
-3.32 0.062 45.34461850237705
-3.32 0.06 47.12314296794266
-3.32 0.058 49.02605560353958
-3.32 0.056 51.06659586637648
-3.32 0.054 53.25997788836772
-3.32 0.052 55.62376546493422
-3.32 0.05 58.17833912974292
-3.32 0.048 60.94748130931201
-3.32 0.046 63.95911486894246
-3.32 0.044 67.24624349616251
-3.32 0.042 70.84816099260917
-3.32 0.04 74.81202346991064
-3.32 0.038 79.19491807942539
-3.32 0.036 84.06662137651996
-3.32 0.034 89.51333124485832
-3.32 0.032 95.64279832045064
-3.32 0.03 102.59151000825528
-3.32 0.028 110.53495338467491
-3.32 0.026 119.70261484494283
-3.32 0.024 130.40047959421622
-3.32 0.022 143.04580360800097
-3.32 0.02 158.22274878799061
-3.32 0.018 176.77510824149039
-3.32 0.016 199.96857554005371
-3.32 0.014 229.79210193467097
-3.32 0.012 269.56061080784247
-3.32 0.01 325.24096948813605
-3.32 0.008 408.76691798178808
-3.32 0.006 547.98369112066416
-3.32 0.004 826.39001733201292
-3.32 0.002 1650.51204206125772
-3.28 0.2 21.70134012915275
-3.28 0.198 21.72446943002391
-3.28 0.196 21.74780788263220
-3.28 0.194 21.77137823681598
-3.28 0.192 21.79519985067191
-3.28 0.19 21.81929034294028
-3.28 0.188 21.84366658976692
-3.28 0.186 21.86834538735417
-3.28 0.184 21.89334393855371
-3.28 0.182 21.91868024802743
-3.28 0.18 21.94437347522940
-3.28 0.178 21.97044427673674
-3.28 0.176 21.99691516045141
-3.28 0.174 22.02381086989267
-3.28 0.172 22.05115881523906
-3.28 0.17 22.07898956801887
-3.28 0.168 22.10733743795823
-3.28 0.166 22.13624115328783
-3.28 0.164 22.16574466984566
-3.28 0.162 22.19589813966254
-3.28 0.16 22.22675907665662
-3.28 0.158 22.25839376595662
-3.28 0.156 22.29087897463042
-3.28 0.154 22.32430403579748
-3.28 0.152 22.35877339607336
-3.28 0.15 22.39440973877428
-3.28 0.148 22.43135782351128
-3.28 0.146 22.46978921783125
-3.28 0.144 22.50990813985295
-3.28 0.142 22.55195868361008
-3.28 0.14 22.59623376211722
-3.28 0.138 22.64308617713971
-3.28 0.136 22.69294230774494
-3.28 0.134 22.74631899706319
-3.28 0.132 22.80384429754360
-3.28 0.13 22.86628278899471
-3.28 0.128 22.93456617488005
-3.28 0.126 23.00982973148850
-3.28 0.124 23.09345484022521
-3.28 0.122 23.18711714364390
-3.28 0.12 23.29283865953598
-3.28 0.118 23.41304027645073
-3.28 0.116 23.55058830230879
-3.28 0.114 23.70882520740530
-3.28 0.112 23.89157089397276
-3.28 0.11 24.10307797159675
-3.28 0.108 24.34792476495202
-3.28 0.106 24.63083586729194
-3.28 0.104 24.95643407154819
-3.28 0.102 25.32894869651930
-3.28 0.1 25.75192797767411
-3.28 0.098 26.22801704691543
-3.28 0.096 26.75885793571539
-3.28 0.094 27.34514130948923
-3.28 0.092 27.98680026887344
-3.28 0.09 28.68330125406833
-3.28 0.088 29.43397012000367
-3.28 0.086 30.23829642322088
-3.28 0.084 31.09617883301111
-3.28 0.082 32.00809816919796
-3.28 0.08 32.97522328238396
-3.28 0.078 33.99946551573210
-3.28 0.076 35.08350070724636
-3.28 0.074 36.23077628562100
-3.28 0.072 37.44551759517885
-3.28 0.07 38.73274392390767
-3.28 0.068 40.09830169823887
-3.28 0.066 41.54892024857526
-3.28 0.064 43.09229443670896
-3.28 0.062 44.73719816402363
-3.28 0.06 46.49363324669259
-3.28 0.058 48.37301930199560
-3.28 0.056 50.38843215903513
-3.28 0.054 52.55490096537112
-3.28 0.052 54.88977784728537
-3.28 0.05 57.41319888968411
-3.28 0.048 60.14866202490045
-3.28 0.046 63.12375662131217
-3.28 0.044 66.37109259869703
-3.28 0.042 69.92949529093656
-3.28 0.04 73.84555891933853
-3.28 0.038 78.17569071112104
-3.28 0.036 82.98883644753597
-3.28 0.034 88.37016799843121
-3.28 0.032 94.42615371315458
-3.28 0.03 101.29165699311255
-3.28 0.028 109.14007713346837
-3.28 0.026 118.19817057605398
-3.28 0.024 128.76828281062140
-3.28 0.022 141.26270678917427
-3.28 0.02 156.25865640983722
-3.28 0.018 174.58988901137576
-3.28 0.016 197.50704476012706
-3.28 0.014 226.97541981934498
-3.28 0.012 266.27051271173536
-3.28 0.01 321.28822633890718
-3.28 0.008 403.82037223717526
-3.28 0.006 541.38102123822023
-3.28 0.004 816.47584813341348
-3.28 0.002 1630.79585645745669
-3.24 0.2 21.69995259100248
-3.24 0.198 21.72319457088802
-3.24 0.196 21.74660024750652
-3.24 0.194 21.77020724121041
-3.24 0.192 21.79404302314251
-3.24 0.19 21.81812986588621
-3.24 0.188 21.84248735048418
-3.24 0.186 21.86713378506133
-3.24 0.184 21.89208709426716
-3.24 0.182 21.91736543742047
-3.24 0.18 21.94298768588595
-3.24 0.178 21.96897383177939
-3.24 0.176 21.99534537168888
-3.24 0.174 22.02212569492404
-3.24 0.172 22.04934049883474
-3.24 0.17 22.07701825087446
-3.24 0.168 22.10519071665837
-3.24 0.166 22.13389357464381
-3.24 0.164 22.16316714091700
-3.24 0.162 22.19305723182217
-3.24 0.16 22.22361619799324
-3.24 0.158 22.25490417094179
-3.24 0.156 22.28699057312393
-3.24 0.154 22.31995595486053
-3.24 0.152 22.35389423724442
-3.24 0.15 22.38891546010154
-3.24 0.148 22.42514915918573
-3.24 0.146 22.46274852820358
-3.24 0.144 22.50189556050297
-3.24 0.142 22.54280741367912
-3.24 0.14 22.58574429944251
-3.24 0.138 22.63101927184870
-3.24 0.136 22.67901036939876
-3.24 0.134 22.73017565833873
-3.24 0.132 22.78507181936984
-3.24 0.13 22.84437700440986
-3.24 0.128 22.90891873831092
-3.24 0.126 22.97970760804804
-3.24 0.124 23.05797729575426
-3.24 0.122 23.14523106073793
-3.24 0.12 23.24329390130813
-3.24 0.118 23.35436813114561
-3.24 0.116 23.48108778330663
-3.24 0.114 23.62656399768910
-3.24 0.112 23.79440953246217
-3.24 0.11 23.98872653207941
-3.24 0.108 24.21403936101355
-3.24 0.106 24.47515634006925
-3.24 0.104 24.77695361045694
-3.24 0.102 25.12409264255771
-3.24 0.1 25.52070751458253
-3.24 0.098 25.97012059264864
-3.24 0.096 26.47465348180009
-3.24 0.094 27.03558507291579
-3.24 0.092 27.65327214773149
-3.24 0.09 28.32740476316451
-3.24 0.088 29.05733735745551
-3.24 0.086 29.84242866873804
-3.24 0.084 30.68233749780876
-3.24 0.082 31.57724621055064
-3.24 0.08 32.52800787629993
-3.24 0.078 33.53622918526658
-3.24 0.076 34.60430860086991
-3.24 0.074 35.73544983944046
-3.24 0.072 36.93366784240909
-3.24 0.07 38.20380038546045
-3.24 0.068 39.55153479304958
-3.24 0.066 40.98345650007823
-3.24 0.064 42.50712454521623
-3.24 0.062 44.13117840729974
-3.24 0.06 45.86548078592299
-3.24 0.058 47.72130189878260
-3.24 0.056 49.71155261169510
-3.24 0.054 51.85107630544070
-3.24 0.052 54.15701297857191
-3.24 0.05 56.64925401407237
-3.24 0.048 59.35101270399328
-3.24 0.046 62.28954483774021
-3.24 0.044 65.49706652518621
-3.24 0.042 69.01193461387267
-3.24 0.04 72.88018145192065
-3.24 0.038 77.15753437726187
-3.24 0.036 81.91210846413098
-3.24 0.034 87.22804967182627
-3.24 0.032 93.21054421160582
-3.24 0.03 99.99283168836381
-3.24 0.028 107.74622390062312
-3.24 0.026 116.69474772700896
-3.24 0.024 127.13710948001257
-3.24 0.022 139.48063983971298
-3.24 0.02 154.29560577100060
-3.24 0.018 172.40573040843407
-3.24 0.016 195.04660287860955
-3.24 0.014 224.15986799431016
-3.24 0.012 262.98160566869069
-3.24 0.01 317.33676565061506
-3.24 0.008 398.87525358284580
-3.24 0.006 534.78002900797560
-3.24 0.004 806.56387114770212
-3.24 0.002 1611.08340500960571
-3.2 0.2 21.69815593583941
-3.2 0.198 21.72167239354896
-3.2 0.196 21.74523573113582
-3.2 0.194 21.76893622243391
-3.2 0.192 21.79282520345638
-3.2 0.19 21.81693719552916
-3.2 0.188 21.84129854942202
-3.2 0.186 21.86593144657353
-3.2 0.184 21.89085600478319
-3.2 0.182 21.91609151648717
-3.2 0.18 21.94165725945718
-3.2 0.178 21.96757308909665
-3.2 0.176 21.99385992154499
-3.2 0.174 22.02054017017054
-3.2 0.172 22.04763817530413
-3.2 0.17 22.07518065590766
-3.2 0.168 22.10319720687870
-3.2 0.166 22.13172086423669
-3.2 0.164 22.16078876140287
-3.2 0.162 22.19044290254888
-3.2 0.16 22.22073108353011
-3.2 0.158 22.25170799716242
-3.2 0.156 22.28343656793431
-3.2 0.154 22.31598957199964
-3.2 0.152 22.34945161206167
-3.2 0.15 22.38392153427389
-3.2 0.148 22.41951539646291
-3.2 0.146 22.45637012497637
-3.2 0.144 22.49464803266082
-3.2 0.142 22.53454241433052
-3.2 0.14 22.57628449042610
-3.2 0.138 22.62015203576088
-3.2 0.136 22.66648010942267
-3.2 0.134 22.71567439368878
-3.2 0.132 22.76822775113447
-3.2 0.13 22.82474071173881
-3.2 0.128 22.88594668848531
-3.2 0.126 22.95274275864834
-3.2 0.124 23.02622678303361
-3.2 0.122 23.10774137720409
-3.2 0.12 23.19892466120502
-3.2 0.118 23.30176660952132
-3.2 0.116 23.41866797259820
-3.2 0.114 23.55249593286346
-3.2 0.112 23.70662683291167
-3.2 0.11 23.88496182162575
-3.2 0.108 24.09189722979336
-3.2 0.106 24.33223013299064
-3.2 0.104 24.61098410166455
-3.2 0.102 24.93315365556125
-3.2 0.1 25.30338889359222
-3.2 0.098 25.72566905285533
-3.2 0.096 26.20303394578840
-3.2 0.094 26.73744207060416
-3.2 0.092 27.32979759332165
-3.2 0.09 27.98014342420353
-3.2 0.088 28.68797376832014
-3.2 0.086 29.45259568472548
-3.2 0.084 30.27347198280742
-3.2 0.082 31.15049994628315
-3.2 0.08 32.08420831153729
-3.2 0.078 33.07587759740983
-3.2 0.076 34.12760177055817
-3.2 0.074 35.24231322882206
-3.2 0.072 36.42379145245371
-3.2 0.07 37.67667162671545
-3.2 0.068 39.00646523813631
-3.2 0.066 40.41960116274910
-3.2 0.064 41.92349344038774
-3.2 0.062 43.52664074657213
-3.2 0.06 45.23876240258240
-3.2 0.058 47.07097649133376
-3.2 0.056 49.03602722866489
-3.2 0.054 51.14857122065039
-3.2 0.052 53.42553576452224
-3.2 0.05 55.88656721011567
-3.2 0.048 58.55459402478717
-3.2 0.046 61.45653831616129
-3.2 0.044 64.62422232839701
-3.2 0.042 68.09553440441104
-3.2 0.04 71.91594502268356
-3.2 0.038 76.14050166657998
-3.2 0.036 80.83648876909599
-3.2 0.034 86.08702648265928
-3.2 0.032 91.99601903146593
-3.2 0.03 98.69508243588379
-3.2 0.028 106.35344129045741
-3.2 0.026 115.19239331309004
-3.2 0.024 125.50700619512109
-3.2 0.022 137.69964912263191
-3.2 0.02 152.33364323582978
-3.2 0.018 170.22267908647132
-3.2 0.016 192.58729721415096
-3.2 0.014 221.34549495732082
-3.2 0.012 259.69394010319951
-3.2 0.01 313.38664094446381
-3.2 0.008 393.93162065314493
-3.2 0.006 528.18078217266395
-3.2 0.004 796.65417315600791
-3.2 0.002 1591.37483203224997
-3.16 0.2 21.69501883046486
-3.16 0.198 21.71953410947745
-3.16 0.196 21.74352534033035
-3.16 0.194 21.76745367703027
-3.16 0.192 21.79147407067572
-3.16 0.19 21.81566193773008
-3.16 0.188 21.84006293583216
-3.16 0.186 21.86470937526389
-3.16 0.184 21.88962700692080
-3.16 0.182 21.91483830342950
-3.16 0.18 21.94036425563192
-3.16 0.178 21.96622547475200
-3.16 0.176 21.99244295019719
-3.16 0.174 22.01903863477552
-3.16 0.172 22.04603595017806
-3.16 0.17 22.07346026839614
-3.16 0.168 22.10133940671487
-3.16 0.166 22.12970416555584
-3.16 0.164 22.15858893532776
-3.16 0.162 22.18803239866376
-3.16 0.16 22.21807835700168
-3.16 0.158 22.24877671516780
-3.16 0.156 22.28018466436571
-3.16 0.154 22.31236811305495
-3.16 0.152 22.34540342708308
-3.16 0.15 22.37937955563912
-3.16 0.148 22.41440063911682
-3.16 0.146 22.45058921964789
-3.16 0.144 22.48809020641219
-3.16 0.142 22.52707578719276
-3.16 0.14 22.56775152689453
-3.16 0.138 22.61036395468350
-3.16 0.136 22.65521001568915
-3.16 0.134 22.70264885186843
-3.16 0.132 22.75311647881392
-3.16 0.13 22.80714403692060
-3.16 0.128 22.86538040557738
-3.16 0.126 22.92862005623433
-3.16 0.124 22.99783704381328
-3.16 0.122 23.07422592700480
-3.16 0.12 23.15925005576465
-3.16 0.118 23.25469690373590
-3.16 0.116 23.36273873147115
-3.16 0.114 23.48599458506404
-3.16 0.112 23.62758625546466
-3.16 0.11 23.79117637633177
-3.16 0.108 23.98097192333989
-3.16 0.106 24.20167259330260
-3.16 0.104 24.45834375986255
-3.16 0.102 24.75620165204328
-3.16 0.1 25.10031688019775
-3.16 0.098 25.49527010772792
-3.16 0.096 25.94482219178262
-3.16 0.094 26.45167615556046
-3.16 0.092 27.01739698115367
-3.16 0.09 27.64251635291660
-3.16 0.088 28.32679824291952
-3.16 0.086 29.06960081704324
-3.16 0.084 29.87025681104540
-3.16 0.082 30.72840848097577
-3.16 0.08 31.64426199291005
-3.16 0.078 32.61875492820815
-3.16 0.076 33.65365039181577
-3.16 0.074 34.75158020852211
-3.16 0.072 35.91606054470704
-3.16 0.07 37.15149982653869
-3.16 0.068 38.46321407567120
-3.16 0.066 39.85746049316271
-3.16 0.064 41.34149700312618
-3.16 0.062 42.92367364513294
-3.16 0.06 44.61356106812682
-3.16 0.058 46.42212178617869
-3.16 0.056 48.36193122685135
-3.16 0.054 50.44745793874014
-3.16 0.052 52.69541577688607
-3.16 0.05 55.12520563746907
-3.16 0.048 57.75947092652189
-3.16 0.046 60.62479994341272
-3.16 0.044 63.75262099308474
-3.16 0.042 67.18035388945273
-3.16 0.04 70.95290723143943
-3.16 0.038 75.12464868607918
-3.16 0.036 79.76203210685897
-3.16 0.034 84.94715194313513
-3.16 0.032 90.78263058534540
-3.16 0.03 97.39846068621439
-3.16 0.028 104.96177993721444
-3.16 0.026 113.69115731062173
-3.16 0.024 123.87802245146567
-3.16 0.022 135.91978385695143
-3.16 0.02 150.37281799127624
-3.16 0.018 168.04078450434938
-3.16 0.016 190.12917789288480
-3.16 0.014 218.53235204252849
-3.16 0.012 256.40756934269643
-3.16 0.01 309.43790876867104
-3.16 0.008 388.98953533203866
-3.16 0.006 521.58335214028432
-3.16 0.004 786.74684549866902
-3.16 0.002 1571.67028913620675
-3.12 0.2 1.00000000000000
-3.12 0.198 21.71405945752188
-3.12 0.196 21.74078726082074
-3.12 0.194 21.76546225135307
-3.12 0.192 21.78982965065359
-3.12 0.19 21.81420664581188
-3.12 0.188 21.83871573728928
-3.12 0.186 21.86342147384460
-3.12 0.184 21.88836534343840
-3.12 0.182 21.91357820325053
-3.12 0.18 21.93908569559089
-3.12 0.178 21.96491098006998
-3.12 0.176 21.99107629414125
-3.12 0.174 22.01760395728205
-3.12 0.172 22.04451710063749
-3.12 0.17 22.07184026523490
-3.12 0.168 22.09959994939459
-3.12 0.166 22.12782515641818
-3.12 0.164 22.15654797976053
-3.12 0.162 22.18580425709403
-3.12 0.16 22.21563432364881
-3.12 0.158 22.24608389736800
-3.12 0.156 22.27720513318349
-3.12 0.154 22.30905789094647
-3.12 0.152 22.34171127144639
-3.12 0.15 22.37524548805885
-3.12 0.148 22.40975415840487
-3.12 0.146 22.44534712212266
-3.12 0.144 22.48215391844039
-3.12 0.142 22.52032809226481
-3.12 0.14 22.56005254169675
-3.12 0.138 22.60154617517674
-3.12 0.136 22.64507221495585
-3.12 0.134 22.69094856701169
-3.12 0.132 22.73956077684123
-3.12 0.13 22.79137820429629
-3.12 0.128 22.84697417326494
-3.12 0.126 22.90705096953292
-3.12 0.124 22.97247064503578
-3.12 0.122 23.04429258801235
-3.12 0.12 23.12381865041182
-3.12 0.118 23.21264614975995
-3.12 0.116 23.31272808275733
-3.12 0.114 23.42643813958276
-3.12 0.112 23.55663530611525
-3.12 0.11 23.70671880127251
-3.12 0.108 23.88065899233979
-3.12 0.106 24.08298471581493
-3.12 0.104 24.31870431270136
-3.12 0.102 24.59314027343623
-3.12 0.1 24.91166977945631
-3.12 0.098 25.27938759022109
-3.12 0.096 25.70073964195955
-3.12 0.094 26.17920322189599
-3.12 0.092 26.71709604791143
-3.12 0.09 27.31557152439557
-3.12 0.088 27.97480693118090
-3.12 0.086 28.69433751122066
-3.12 0.084 29.47345681873663
-3.12 0.082 30.31160314579367
-3.12 0.08 31.20867629925438
-3.12 0.078 32.16526203711845
-3.12 0.076 33.18276894770981
-3.12 0.074 34.26349834601868
-3.12 0.072 35.41067272046493
-3.12 0.07 36.62844636015898
-3.12 0.068 37.92191699267975
-3.12 0.066 39.29715220601327
-3.12 0.064 40.76124039903242
-3.12 0.062 42.32237339309105
-3.12 0.06 43.98996660575602
-3.12 0.058 45.77482267883644
-3.12 0.056 47.68934554305591
-3.12 0.054 49.74781405584366
-3.12 0.052 51.96672767280003
-3.12 0.05 54.36524130063977
-3.12 0.048 56.96571298564388
-3.12 0.046 59.79439704949872
-3.12 0.044 62.88232777387463
-3.12 0.042 66.26645639306061
-3.12 0.04 69.99112963139544
-3.12 0.038 74.11003535666624
-3.12 0.036 78.68879690714692
-3.12 0.034 83.80848313269284
-3.12 0.032 89.57043474534169
-3.12 0.03 96.10302125187167
-3.12 0.028 103.57129374997605
-3.12 0.026 112.19109289440539
-3.12 0.024 122.25021087808985
-3.12 0.022 134.14109634293757
-3.12 0.02 148.41318226752418
-3.12 0.018 165.86009914333130
-3.12 0.016 187.67229806383349
-3.12 0.014 215.72049363586220
-3.12 0.012 253.12254983551190
-3.12 0.01 305.49062892313930
-3.12 0.008 384.04906299086088
-3.12 0.006 514.98781424844924
-3.12 0.004 776.84198439778834
-3.12 0.002 1551.96993573156533
-3.08 0.2 1.00000000000000
-3.08 0.198 1.00000000000000
-3.08 0.196 1.00000000000000
-3.08 0.194 21.76134650697314
-3.08 0.192 21.78737291963184
-3.08 0.19 21.81232719037518
-3.08 0.188 21.83711995299827
-3.08 0.186 21.86198179937531
-3.08 0.184 21.88701252059303
-3.08 0.182 21.91226869392671
-3.08 0.18 21.93778885130966
-3.08 0.178 21.96360307368123
-3.08 0.176 21.98973738151055
-3.08 0.174 22.01621604881726
-3.08 0.172 22.04306298804796
-3.08 0.17 22.07030269086195
-3.08 0.168 22.09796095483236
-3.08 0.166 22.12606551747484
-3.08 0.164 22.15464666953671
-3.08 0.162 22.18373789640558
-3.08 0.16 22.21337658632252
-3.08 0.158 22.24360484097442
-3.08 0.156 22.27447042542122
-3.08 0.154 22.30602789891843
-3.08 0.152 22.33833997591327
-3.08 0.15 22.37147917724569
-3.08 0.148 22.40552984601258
-3.08 0.146 22.44059062130063
-3.08 0.144 22.47677748709570
-3.08 0.142 22.51422754463501
-3.08 0.14 22.55310369564819
-3.08 0.138 22.59360047362691
-3.08 0.136 22.63595132243191
-3.08 0.134 22.68043769862516
-3.08 0.132 22.72740046771017
-3.08 0.13 22.77725417570685
-3.08 0.128 22.83050490403797
-3.08 0.126 22.88777254989429
-3.08 0.124 22.94981849828661
-3.08 0.122 23.01757973049860
-3.08 0.12 23.09221038291695
-3.08 0.118 23.17513152288760
-3.08 0.116 23.26808927655052
-3.08 0.114 23.37322018621015
-3.08 0.112 23.49312048590688
-3.08 0.11 23.63091255833025
-3.08 0.108 23.79029704556587
-3.08 0.106 23.97557332611643
-3.08 0.104 24.19160577950259
-3.08 0.102 24.44371140640440
-3.08 0.1 24.73745033883940
-3.08 0.098 25.07831873256501
-3.08 0.096 25.47137381807342
-3.08 0.094 25.92085580204654
-3.08 0.092 26.42989458698608
-3.08 0.09 27.00038345237740
-3.08 0.088 27.63306152973786
-3.08 0.086 28.32778700757146
-3.08 0.084 29.08393152314492
-3.08 0.082 29.90080555320440
-3.08 0.08 30.77803789100498
-3.08 0.078 31.71586542250119
-3.08 0.076 32.71532398916555
-3.08 0.074 33.77835529607810
-3.08 0.072 34.90785589524282
-3.08 0.07 36.10769539666983
-3.08 0.068 37.38272694395302
-3.08 0.066 38.73880737292949
-3.08 0.064 40.18283946489615
-3.08 0.062 41.72284514601537
-3.08 0.06 43.36807650057861
-3.08 0.058 45.12917091657282
-3.08 0.056 47.01835740411136
-3.08 0.054 49.04972304190663
-3.08 0.052 51.23955166325333
-3.08 0.05 53.60675149065901
-3.08 0.048 56.17339482514962
-3.08 0.046 58.96540180215140
-3.08 0.044 62.01341256224818
-3.08 0.042 65.35390970862137
-3.08 0.04 69.03067806875957
-3.08 0.038 73.09672573827682
-3.08 0.036 77.61684559676853
-3.08 0.034 82.67108099747610
-3.08 0.032 88.35949113117427
-3.08 0.03 94.80882258518321
-3.08 0.028 102.18204018115063
-3.08 0.026 110.69225669782173
-3.08 0.024 120.62362749031705
-3.08 0.022 132.36364220841983
-3.08 0.02 146.45479157920781
-3.08 0.018 163.68067874432825
-3.08 0.016 185.21671413395788
-3.08 0.014 212.90997740989062
-3.08 0.012 249.83894138812974
-3.08 0.01 301.54486470379504
-3.08 0.008 379.11027274691435
-3.08 0.006 508.39424805064056
-3.08 0.004 766.93969130592245
-3.08 0.002 1532.27393956996275
-3.04 0.2 1.00000000000000
-3.04 0.198 1.00000000000000
-3.04 0.196 1.00000000000000
-3.04 0.194 1.00000000000000
-3.04 0.192 1.00000000000000
-3.04 0.19 21.80893697618887
-3.04 0.188 21.83486871155750
-3.04 0.186 21.86018679133685
-3.04 0.184 21.88544994371867
-3.04 0.182 21.91083329727653
-3.04 0.18 21.93642044468264
-3.04 0.178 21.96226217482214
-3.04 0.176 21.98839508273462
-3.04 0.174 22.01484910869970
-3.04 0.172 22.04165115750625
-3.04 0.17 22.06882709720343
-3.04 0.168 22.09640302013283
-3.04 0.166 22.12440615369101
-3.04 0.164 22.15286561156167
-3.04 0.162 22.18181309086899
-3.04 0.16 22.21128358181271
-3.04 0.158 22.24131613887869
-3.04 0.156 22.27195475620160
-3.04 0.154 22.30324938949763
-3.04 0.152 22.33525717129145
-3.04 0.15 22.36804387414124
-3.04 0.148 22.40168568829027
-3.04 0.146 22.43627139598990
-3.04 0.144 22.47190504561505
-3.04 0.142 22.50870925556402
-3.04 0.14 22.54682931257163
-3.04 0.138 22.58643827312365
-3.04 0.136 22.62774333247826
-3.04 0.134 22.67099379591191
-3.04 0.132 22.71649107359740
-3.04 0.13 22.76460122606877
-3.04 0.128 22.81577071191672
-3.04 0.126 22.87054612987677
-3.04 0.124 22.92959889380697
-3.04 0.122 22.99375590789871
-3.04 0.12 23.06403737613181
-3.04 0.118 23.14170280398245
-3.04 0.116 23.22830589807234
-3.04 0.114 23.32575823456326
-3.04 0.112 23.43639995989738
-3.04 0.11 23.56307305678088
-3.04 0.108 23.70918854297358
-3.04 0.106 23.87877334831171
-3.04 0.104 24.07647626102989
-3.04 0.102 24.30750733673281
-3.04 0.1 24.57748540444900
-3.04 0.098 24.89217888440801
-3.04 0.096 25.25714976066798
-3.04 0.094 25.67734687313275
-3.04 0.092 26.15673035296878
-3.04 0.09 26.69802400314564
-3.04 0.088 27.30267076272193
-3.04 0.086 27.97101076012562
-3.04 0.084 28.70263627364423
-3.04 0.082 29.49683429563997
-3.04 0.08 30.35302198151490
-3.04 0.078 31.27110688819829
-3.04 0.076 32.25174290805285
-3.04 0.074 33.29648610758514
-3.04 0.072 34.40787403771542
-3.04 0.07 35.58945822522255
-3.04 0.068 36.84581732656886
-3.04 0.066 38.18257272168957
-3.04 0.064 39.60642237799534
-3.04 0.062 41.12520416084144
-3.04 0.06 42.74799684822599
-3.04 0.058 44.48526586253054
-3.04 0.056 46.34906097296637
-3.04 0.054 48.35327481714379
-3.04 0.052 50.51397403465994
-3.04 0.05 52.84981926647737
-3.04 0.048 55.38259657468371
-3.04 0.046 58.13789163493137
-3.04 0.044 61.14595030218214
-3.04 0.042 64.44278647316372
-3.04 0.04 68.07162305930603
-3.04 0.038 72.08478838788581
-3.04 0.036 76.54624494271275
-3.04 0.034 81.53501067970511
-3.04 0.032 87.14986342699446
-3.04 0.03 93.51592708353361
-3.04 0.028 100.79408052126131
-3.04 0.026 109.19470909819356
-3.04 0.024 118.99833196679029
-3.04 0.022 130.58748067874552
-3.04 0.02 144.49770498935138
-3.04 0.018 161.50258256748359
-3.04 0.016 182.76248602496278
-3.04 0.014 210.10086458008288
-3.04 0.012 246.55680742440865
-3.04 0.01 297.60068316857712
-3.04 0.008 374.17323774402803
-3.04 0.006 501.80273762656753
-3.04 0.004 757.04007328292369
-3.04 0.002 1512.58247732855079
-3 0.2 1.00000000000000
-3 0.198 1.00000000000000
-3 0.196 1.00000000000000
-3 0.194 1.00000000000000
-3 0.192 1.00000000000000
-3 0.19 1.00000000000000
-3 0.188 21.82810129072913
-3 0.186 21.85725457282578
-3 0.184 21.88335114420100
-3 0.182 21.90909995011948
-3 0.18 21.93487676671949
-3 0.178 21.96081961273500
-3 0.176 21.98700042765432
-3 0.174 22.01346592622025
-3 0.172 22.04025166558218
-3 0.17 22.06738807475644
-3 0.168 22.09490349383901
-3 0.166 22.12282594142905
-3 0.164 22.15118429894392
-3 0.162 22.18000922588590
-3 0.16 22.20933396745308
-3 0.158 22.23919514899491
-3 0.156 22.26963362183433
-3 0.154 22.30069541270425
-3 0.152 22.33243282632277
-3 0.15 22.36490575407712
-3 0.148 22.39818324989665
-3 0.146 22.43234544702653
-3 0.144 22.46748590681418
-3 0.142 22.50371451377982
-3 0.14 22.54116106131365
-3 0.138 22.57997971112377
-3 0.136 22.62035455912124
-3 0.134 22.66250660337759
-3 0.132 22.70670248877506
-3 0.13 22.75326550097438
-3 0.128 22.80258940110998
-3 0.126 22.85515583235672
-3 0.124 22.91155618536870
-3 0.122 22.97251896804600
-3 0.12 23.03894385642695
-3 0.118 23.11194365036871
-3 0.116 23.19289521896994
-3 0.114 23.28350002965603
-3 0.112 23.38585375882169
-3 0.11 23.50252243515951
-3 0.108 23.63661917408758
-3 0.106 23.79187053105276
-3 0.104 23.97265499094942
-3 0.102 24.18398931853946
-3 0.1 24.43143435748004
-3 0.098 24.72089530467808
-3 0.096 25.05830810389777
-3 0.094 25.44923580710525
-3 0.092 25.89844019924380
-3 0.09 26.40952693442731
-3 0.088 26.98476439421593
-3 0.086 27.62513626084968
-3 0.084 28.33061881023920
-3 0.082 29.10060921765781
-3 0.08 29.93440091217150
-3 0.078 30.83161361539029
-3 0.076 31.79252365695145
-3 0.074 32.81828162782838
-3 0.072 33.91103393397244
-3 0.07 35.07397843586873
-3 0.068 36.31138581674124
-3 0.066 37.62861342351209
-3 0.064 39.03213167303535
-3 0.062 40.52957727502385
-3 0.06 42.12984347376892
-3 0.058 43.84321538097573
-3 0.056 45.68155808456282
-3 0.054 47.65856639134577
-3 0.052 49.79008772557950
-3 0.05 52.09453399136385
-3 0.048 54.59340436702325
-3 0.046 57.31194972309015
-3 0.044 60.28002143980228
-3 0.042 63.53316461091796
-3 0.04 67.11404019129870
-3 0.038 71.07429675422748
-3 0.036 75.47706643024796
-3 0.034 80.40034188043873
-3 0.032 85.94161973001607
-3 0.03 92.22440142511432
-3 0.028 99.40748022296660
-3 0.026 107.69851453028801
-3 0.024 117.37438795362057
-3 0.022 128.81267487279001
-3 0.02 142.54198539877612
-3 0.018 159.32587367636265
-3 0.016 180.30967745425735
-3 0.014 207.29322018496472
-3 0.012 243.27621526790685
-3 0.01 293.65815542732344
-3 0.008 369.23803545823233
-3 0.006 495.21337191970258
-3 0.004 747.14324340428618
-3 0.002 1492.89573523982563
-2.96 0.2 1.00000000000000
-2.96 0.198 1.00000000000000
-2.96 0.196 1.00000000000000
-2.96 0.194 1.00000000000000
-2.96 0.192 1.00000000000000
-2.96 0.19 1.00000000000000
-2.96 0.188 1.00000000000000
-2.96 0.186 1.00000000000000
-2.96 0.184 21.87867123699010
-2.96 0.182 21.90648041755169
-2.96 0.18 21.93289077454558
-2.96 0.178 21.95912814432313
-2.96 0.176 21.98546182651476
-2.96 0.174 22.01200426506653
-2.96 0.172 22.03881905685129
-2.96 0.17 22.06595025273263
-2.96 0.168 22.09343320991834
-2.96 0.166 22.12129950340760
-2.96 0.164 22.14957953349707
-2.96 0.162 22.17830413377443
-2.96 0.16 22.20750572462596
-2.96 0.158 22.23721927132220
-2.96 0.156 22.26748318695376
-2.96 0.154 22.29834026851184
-2.96 0.152 22.32983873223476
-2.96 0.15 22.36203340727305
-2.96 0.148 22.39498714840405
-2.96 0.146 22.42877253644664
-2.96 0.144 22.46347394850300
-2.96 0.142 22.49919009922708
-2.96 0.14 22.53603718002630
-2.96 0.138 22.57415275676747
-2.96 0.136 22.61370063006381
-2.96 0.134 22.65487691809230
-2.96 0.132 22.69791769285874
-2.96 0.13 22.74310859014644
-2.96 0.128 22.79079692395739
-2.96 0.126 22.84140697020448
-2.96 0.124 22.89545924084898
-2.96 0.122 22.95359474211205
-2.96 0.12 23.01660538073816
-2.96 0.118 23.08547181215945
-2.96 0.116 23.16141004075182
-2.96 0.114 23.24592785763753
-2.96 0.112 23.34089152810975
-2.96 0.11 23.44860170992058
-2.96 0.108 23.57187498709673
-2.96 0.106 23.71412320898630
-2.96 0.104 23.87941680002039
-2.96 0.102 24.07251079716155
-2.96 0.1 24.29880544022812
-2.96 0.098 24.56421069104069
-2.96 0.096 24.87489210385322
-2.96 0.094 25.23689964768383
-2.96 0.092 25.65572129606801
-2.96 0.09 26.13584769614795
-2.96 0.088 26.68045976702895
-2.96 0.086 27.29133517002447
-2.96 0.084 27.96900973385959
-2.96 0.082 28.71315191953067
-2.96 0.08 29.52305109862852
-2.96 0.078 30.39810813222521
-2.96 0.076 31.33824523024834
-2.96 0.074 32.34419801491314
-2.96 0.072 33.41769308186291
-2.96 0.07 34.56153808811288
-2.96 0.068 35.77965899487926
-2.96 0.066 37.07711647234073
-2.96 0.064 38.46012668564210
-2.96 0.062 39.93610468532579
-2.96 0.06 41.51374325974075
-2.96 0.058 43.20313687054301
-2.96 0.056 45.01595909215524
-2.96 0.054 46.96570259058007
-2.96 0.052 49.06799298199082
-2.96 0.05 51.34099193240942
-2.96 0.048 53.80591090806392
-2.96 0.046 56.48766551651808
-2.96 0.044 59.41571242856163
-2.96 0.042 62.62512780727825
-2.96 0.04 66.15801059631794
-2.96 0.038 70.06532961365218
-2.96 0.036 74.40938668014785
-2.96 0.034 79.26714925964266
-2.96 0.032 84.73483293481692
-2.96 0.03 90.93431693878998
-2.96 0.028 98.02230925778858
-2.96 0.026 106.20374183118247
-2.96 0.024 115.75186339875702
-2.96 0.022 127.03929212826171
-2.96 0.02 140.58769986370748
-2.96 0.018 157.15061924970956
-2.96 0.016 177.85835624287230
-2.96 0.014 204.48711339273484
-2.96 0.012 239.99723645088466
-2.96 0.01 289.71735695849117
-2.96 0.008 364.30474803091727
-2.96 0.006 488.62624510389389
-2.96 0.004 737.24932120425967
-2.96 0.002 1473.21390977300507
-2.92 0.2 1.00000000000000
-2.92 0.198 1.00000000000000
-2.92 0.196 1.00000000000000
-2.92 0.194 1.00000000000000
-2.92 0.192 1.00000000000000
-2.92 0.19 1.00000000000000
-2.92 0.188 1.00000000000000
-2.92 0.186 1.00000000000000
-2.92 0.184 1.00000000000000
-2.92 0.182 1.00000000000000
-2.92 0.18 21.92914651425859
-2.92 0.178 21.95673056816534
-2.92 0.176 21.98355722449037
-2.92 0.174 22.01033666991798
-2.92 0.172 22.03727164418690
-2.92 0.17 22.06445666712758
-2.92 0.168 22.09194951517732
-2.92 0.166 22.11979279956126
-2.92 0.164 22.14802250578552
-2.92 0.162 22.17667207613305
-2.92 0.16 22.20577470531678
-2.92 0.158 22.23536485459451
-2.92 0.156 22.26547942266873
-2.92 0.154 22.29615879197089
-2.92 0.152 22.32744787671444
-2.92 0.15 22.35939725965074
-2.92 0.148 22.39206448970443
-2.92 0.146 22.42551561122146
-2.92 0.144 22.45982700264471
-2.92 0.142 22.49508761652204
-2.92 0.14 22.53140173362263
-2.92 0.138 22.56889237243758
-2.92 0.136 22.60770553302443
-2.92 0.134 22.64801550309574
-2.92 0.132 22.69003151724749
-2.92 0.13 22.73400614046227
-2.92 0.128 22.78024584803714
-2.92 0.126 22.82912439913141
-2.92 0.124 22.88109975207911
-2.92 0.122 22.93673544475586
-2.92 0.12 22.99672755337308
-2.92 0.118 23.06193852429217
-2.92 0.116 23.13343929615561
-2.92 0.114 23.21256110065386
-2.92 0.112 23.30095798861727
-2.92 0.11 23.40068021590506
-2.92 0.108 23.51425676497817
-2.92 0.106 23.64478199736146
-2.92 0.104 23.79599627542884
-2.92 0.102 23.97234325555289
-2.92 0.1 24.17897832079306
-2.92 0.098 24.42169605310332
-2.92 0.096 24.70674504017703
-2.92 0.094 25.04051268086928
-2.92 0.092 25.42909584157607
-2.92 0.09 25.87782103612245
-2.92 0.088 26.39082178680855
-2.92 0.086 26.97079315440566
-2.92 0.084 27.61900544269756
-2.92 0.082 28.33558092300864
-2.92 0.08 29.11995710913867
-2.92 0.078 29.97141741324045
-2.92 0.076 30.88957854945141
-2.92 0.074 31.87476727880297
-2.92 0.072 32.92826878678272
-2.92 0.07 34.05246499883979
-2.92 0.068 35.25089789793403
-2.92 0.066 36.52829477727769
-2.92 0.064 37.89058651735332
-2.92 0.062 39.34494209583109
-2.92 0.06 40.89983573159205
-2.92 0.058 42.56515847844846
-2.92 0.056 44.35238384303464
-2.92 0.054 46.27479688635353
-2.92 0.052 48.34779808304178
-2.92 0.05 50.58929692766336
-2.92 0.048 53.02021608660581
-2.92 0.046 55.66513532437909
-2.92 0.044 58.55311628208694
-2.92 0.042 61.71876603764574
-2.92 0.04 65.20362144612575
-2.92 0.038 69.05797155198086
-2.92 0.036 73.34328790974600
-2.92 0.034 78.13551287804462
-2.92 0.032 83.52958115752598
-2.92 0.03 89.64575001207697
-2.92 0.028 96.63864250936213
-2.92 0.026 104.71046462023385
-2.92 0.024 114.13083092010980
-2.92 0.022 125.26740435942118
-2.92 0.02 138.63491994497457
-2.92 0.018 154.97689092385508
-2.92 0.016 175.40859465330590
-2.92 0.014 201.68261783745220
-2.92 0.012 236.71994705261014
-2.92 0.01 285.77836795518516
-2.92 0.008 359.37346263249992
-2.92 0.006 482.04145698342842
-2.92 0.004 727.35843315742284
-2.92 0.002 1453.53720837137689
-2.88 0.2 1.00000000000000
-2.88 0.198 1.00000000000000
-2.88 0.196 1.00000000000000
-2.88 0.194 1.00000000000000
-2.88 0.192 1.00000000000000
-2.88 0.19 1.00000000000000
-2.88 0.188 1.00000000000000
-2.88 0.186 1.00000000000000
-2.88 0.184 1.00000000000000
-2.88 0.182 1.00000000000000
-2.88 0.18 1.00000000000000
-2.88 0.178 21.94568402551636
-2.88 0.176 21.98036291409225
-2.88 0.174 22.00809863931000
-2.88 0.172 22.03542208569393
-2.88 0.17 22.06279577327201
-2.88 0.168 22.09037881173628
-2.88 0.166 22.11825312934664
-2.88 0.164 22.14647270357289
-2.88 0.162 22.17507983530294
-2.88 0.16 22.20411200626260
-2.88 0.158 22.23360535329234
-2.88 0.156 22.26359675425451
-2.88 0.154 22.29412531270350
-2.88 0.152 22.32523360076355
-2.88 0.15 22.35696885037355
-2.88 0.148 22.38938421229065
-2.88 0.146 22.42254017401311
-2.88 0.144 22.45650622059755
-2.88 0.142 22.49136282753737
-2.88 0.14 22.52720388919344
-2.88 0.138 22.56413970885437
-2.88 0.136 22.60230070816806
-2.88 0.134 22.64184205578553
-2.88 0.132 22.68294947025238
-2.88 0.13 22.72584652329470
-2.88 0.128 22.77080386049062
-2.88 0.126 22.81815087074849
-2.88 0.124 22.86829047754053
-2.88 0.122 22.92171789499400
-2.88 0.12 22.97904438782938
-2.88 0.118 23.04102728269964
-2.88 0.116 23.10860766856849
-2.88 0.114 23.18295733099054
-2.88 0.112 23.26553637071703
-2.88 0.11 23.35816245780136
-2.88 0.108 23.46309144834694
-2.88 0.106 23.58310668820603
-2.88 0.104 23.72161020159750
-2.88 0.102 23.88270266908673
-2.88 0.1 24.07123076266864
-2.88 0.098 24.29277155143745
-2.88 0.096 24.55351827267585
-2.88 0.094 24.86003655068238
-2.88 0.092 25.21888279883546
-2.88 0.09 25.63611982353510
-2.88 0.088 26.11681838009279
-2.88 0.086 26.66467165602548
-2.88 0.084 27.28184239878475
-2.88 0.082 27.96909982119485
-2.88 0.08 28.72621133118744
-2.88 0.078 29.55248002539053
-2.88 0.076 30.44729716107681
-2.88 0.074 31.41060863319338
-2.88 0.072 32.44324846733225
-2.88 0.07 33.54714126547591
-2.88 0.068 34.72540464615182
-2.88 0.066 35.98239210639574
-2.88 0.064 37.32371363517601
-2.88 0.062 38.75626332002759
-2.88 0.06 40.28827496099249
-2.88 0.058 41.92942053656134
-2.88 0.056 43.69096281467426
-2.88 0.054 45.58597233675199
-2.88 0.052 47.62962017311721
-2.88 0.05 49.83956113465797
-2.88 0.048 52.23642767998165
-2.88 0.046 54.84446296470005
-2.88 0.044 57.69233319610822
-2.88 0.042 60.81417615477422
-2.88 0.04 64.25096650667308
-2.88 0.038 68.05231350040978
-2.88 0.036 72.27885844312519
-2.88 0.034 77.00551868580362
-2.88 0.032 82.32594820469265
-2.88 0.03 88.35878254187747
-2.88 0.028 95.25656020760323
-2.88 0.026 103.21876171828707
-2.88 0.024 112.51136821144085
-2.88 0.022 123.49708845144526
-2.88 0.02 136.68372209240357
-2.88 0.018 152.80476516937279
-2.88 0.016 172.96046976085540
-2.88 0.014 198.87981198809783
-2.88 0.012 233.44442807039599
-2.88 0.01 281.84127370456196
-2.88 0.008 354.44427186009545
-2.88 0.006 475.45911342914502
-2.88 0.004 717.47071320261898
-2.88 0.002 1433.86585025178329
-2.84 0.2 1.00000000000000
-2.84 0.198 1.00000000000000
-2.84 0.196 1.00000000000000
-2.84 0.194 1.00000000000000
-2.84 0.192 1.00000000000000
-2.84 0.19 1.00000000000000
-2.84 0.188 1.00000000000000
-2.84 0.186 1.00000000000000
-2.84 0.184 1.00000000000000
-2.84 0.182 1.00000000000000
-2.84 0.18 1.00000000000000
-2.84 0.178 1.00000000000000
-2.84 0.176 1.00000000000000
-2.84 0.174 22.00246388834008
-2.84 0.172 22.03258664379014
-2.84 0.17 22.06067087024248
-2.84 0.168 22.08856094496356
-2.84 0.166 22.11658180582931
-2.84 0.164 22.14486309950783
-2.84 0.162 22.17347807154527
-2.84 0.16 22.20247861873238
-2.84 0.158 22.23190784337145
-2.84 0.156 22.26180568376944
-2.84 0.154 22.29221195634080
-2.84 0.152 22.32316832500620
-2.84 0.15 22.35471982519252
-2.84 0.148 22.38691624480258
-2.84 0.146 22.41981353452135
-2.84 0.144 22.45347536723672
-2.84 0.142 22.48797494886618
-2.84 0.14 22.52339718423244
-2.84 0.138 22.55984131537000
-2.84 0.136 22.59742417389615
-2.84 0.134 22.63628422398033
-2.84 0.132 22.67658661973293
-2.84 0.13 22.71852956288566
-2.84 0.128 22.76235232721995
-2.84 0.126 22.80834541912954
-2.84 0.124 22.85686347350045
-2.84 0.122 22.90834164438865
-2.84 0.12 22.96331644188362
-2.84 0.118 23.02245218509033
-2.84 0.116 23.08657446878452
-2.84 0.114 23.15671223664307
-2.84 0.112 23.23415013391046
-2.84 0.11 23.32049262514354
-2.84 0.108 23.41774065215204
-2.84 0.106 23.52837997766203
-2.84 0.104 23.65547726804216
-2.84 0.102 23.80277480582071
-2.84 0.1 23.97476711068782
-2.84 0.098 24.17673318667199
-2.84 0.096 24.41468904506367
-2.84 0.094 24.69522204476004
-2.84 0.092 25.02517975088148
-2.84 0.09 25.41121900591223
-2.84 0.088 25.85927457751304
-2.84 0.086 26.37406292991893
-2.84 0.084 26.95876223745480
-2.84 0.082 27.61497684092356
-2.84 0.08 28.34300744051058
-2.84 0.078 29.14234988750953
-2.84 0.076 30.01228685322018
-2.84 0.074 30.95244024077778
-2.84 0.072 31.96320107501587
-2.84 0.07 33.04601310177103
-2.84 0.068 34.20353028981963
-2.84 0.066 35.43968903500190
-2.84 0.064 36.75973823790523
-2.84 0.062 38.17026343966077
-2.84 0.06 39.67923186127595
-2.84 0.058 41.29607727092553
-2.84 0.056 43.03183844222905
-2.84 0.054 44.89936267732894
-2.84 0.052 46.91358618905493
-2.84 0.05 49.09190586596165
-2.84 0.048 51.45466211952623
-2.84 0.046 54.02576049010400
-2.84 0.044 56.83347122771794
-2.84 0.042 59.91146253676462
-2.84 0.04 63.30014676882995
-2.84 0.038 67.04845331744232
-2.84 0.036 71.21619327653113
-2.84 0.034 75.87725906378810
-2.84 0.032 81.12402409234315
-2.84 0.03 87.07350243313516
-2.84 0.028 93.87614840877107
-2.84 0.026 101.72871761088807
-2.84 0.024 110.89355849051978
-2.84 0.022 121.72842669536213
-2.84 0.02 134.73418806868000
-2.84 0.018 150.63432370599679
-2.84 0.016 170.51406386232074
-2.84 0.014 196.07877955436970
-2.84 0.012 230.17076582706147
-2.84 0.01 277.90616500354940
-2.84 0.008 349.51727417317187
-2.84 0.006 468.87932685540068
-2.84 0.004 707.58630331451775
-2.84 0.002 1414.20006727331702
-2.8 0.2 1.00000000000000
-2.8 0.198 1.00000000000000
-2.8 0.196 1.00000000000000
-2.8 0.194 1.00000000000000
-2.8 0.192 1.00000000000000
-2.8 0.19 1.00000000000000
-2.8 0.188 1.00000000000000
-2.8 0.186 1.00000000000000
-2.8 0.184 1.00000000000000
-2.8 0.182 1.00000000000000
-2.8 0.18 1.00000000000000
-2.8 0.178 1.00000000000000
-2.8 0.176 1.00000000000000
-2.8 0.174 1.00000000000000
-2.8 0.172 1.00000000000000
-2.8 0.17 22.05640142693013
-2.8 0.168 22.08597058755608
-2.8 0.166 22.11453300511557
-2.8 0.164 22.14305506951285
-2.8 0.162 22.17177849598146
-2.8 0.16 22.20081277830904
-2.8 0.158 22.23022550856445
-2.8 0.156 22.26006806485340
-2.8 0.154 22.29038551877489
-2.8 0.152 22.32122137965763
-2.8 0.15 22.35262035338695
-2.8 0.148 22.38463028781878
-2.8 0.146 22.41730381564819
-2.8 0.144 22.45069995804760
-2.8 0.142 22.48488585410137
-2.8 0.14 22.51993874482239
-2.8 0.138 22.55594833448252
-2.8 0.136 22.59301966373276
-2.8 0.134 22.63127665445607
-2.8 0.132 22.67086652464356
-2.8 0.13 22.71196532450989
-2.8 0.128 22.75478491511405
-2.8 0.126 22.79958180198083
-2.8 0.124 22.84666835313730
-2.8 0.122 22.89642707834447
-2.8 0.12 22.94932882801616
-2.8 0.118 23.00595598663666
-2.8 0.116 23.06703197877671
-2.8 0.114 23.13345865220354
-2.8 0.112 23.20636329756077
-2.8 0.11 23.28715710015267
-2.8 0.108 23.37760650248367
-2.8 0.106 23.47991796399054
-2.8 0.104 23.59683444941431
-2.8 0.102 23.73173801673057
-2.8 0.1 23.88874645730325
-2.8 0.098 24.07278283923513
-2.8 0.096 24.28958610995175
-2.8 0.094 24.54562233274746
-2.8 0.092 24.84785696968371
-2.8 0.09 25.20336855088316
-2.8 0.088 25.61882926230874
-2.8 0.086 26.09994097529790
-2.8 0.084 26.65096825117346
-2.8 0.082 27.27451467258933
-2.8 0.08 27.97162579895438
-2.8 0.078 28.74219486994052
-2.8 0.076 29.58555293327101
-2.8 0.074 30.50109066188342
-2.8 0.072 31.48878937159945
-2.8 0.07 32.54960199103594
-2.8 0.068 33.68568400342560
-2.8 0.066 34.90051006052768
-2.8 0.064 36.19892354057055
-2.8 0.062 37.58716264290709
-2.8 0.06 39.07289696619673
-2.8 0.058 40.66529884889099
-2.8 0.056 42.37516668383606
-2.8 0.054 44.21511357802453
-2.8 0.052 46.19983393781080
-2.8 0.05 48.34646254295858
-2.8 0.048 50.67504535790076
-2.8 0.046 53.20914899762747
-2.8 0.044 55.97664705932294
-2.8 0.042 59.01073781635618
-2.8 0.04 62.35127112485784
-2.8 0.038 66.04649646028680
-2.8 0.036 70.15539470586799
-2.8 0.034 74.75083342399418
-2.8 0.032 79.92390562143190
-2.8 0.03 85.79000415136734
-2.8 0.028 92.49749952706802
-2.8 0.026 100.24042296096404
-2.8 0.024 109.27749099483447
-2.8 0.022 119.96150726883970
-2.8 0.02 132.78640541744983
-2.8 0.018 148.46565396049641
-2.8 0.016 168.06946492653825
-2.8 0.014 193.27960993363095
-2.8 0.012 226.89905241917143
-2.8 0.01 273.97313861582143
-2.8 0.008 344.59257437113320
-2.8 0.006 462.30221674202755
-2.8 0.004 697.70535412734455
-2.8 0.002 1394.54010488152085
-2.76 0.2 1.00000000000000
-2.76 0.198 1.00000000000000
-2.76 0.196 1.00000000000000
-2.76 0.194 1.00000000000000
-2.76 0.192 1.00000000000000
-2.76 0.19 1.00000000000000
-2.76 0.188 1.00000000000000
-2.76 0.186 1.00000000000000
-2.76 0.184 1.00000000000000
-2.76 0.182 1.00000000000000
-2.76 0.18 1.00000000000000
-2.76 0.178 1.00000000000000
-2.76 0.176 1.00000000000000
-2.76 0.174 1.00000000000000
-2.76 0.172 1.00000000000000
-2.76 0.17 1.00000000000000
-2.76 0.168 1.00000000000000
-2.76 0.166 22.11097136563518
-2.76 0.164 22.14063337766297
-2.76 0.162 22.16977422698714
-2.76 0.16 22.19899303247102
-2.76 0.158 22.22847842472134
-2.76 0.156 22.25832623210767
-2.76 0.154 22.28860089714392
-2.76 0.152 22.31935480615805
-2.76 0.15 22.35063630270187
-2.76 0.148 22.38249381291284
-2.76 0.146 22.41497845706347
-2.76 0.144 22.44814607140878
-2.76 0.142 22.48205906852731
-2.76 0.14 22.51678837655328
-2.76 0.138 22.55241562636812
-2.76 0.136 22.58903573575227
-2.76 0.134 22.62676004661085
-2.76 0.132 22.66572019708722
-2.76 0.13 22.70607295223596
-2.76 0.128 22.74800627599852
-2.76 0.126 22.79174700634850
-2.76 0.124 22.83757059895499
-2.76 0.122 22.88581353759239
-2.76 0.12 22.93688917713625
-2.76 0.118 22.99130799101506
-2.76 0.116 23.04970343864736
-2.76 0.114 23.11286493834312
-2.76 0.112 23.18177969495363
-2.76 0.11 23.25768531753815
-2.76 0.108 23.34213513126926
-2.76 0.106 23.43707759169452
-2.76 0.104 23.54494984341438
-2.76 0.102 23.66878263253725
-2.76 0.1 23.81230873581948
-2.76 0.098 23.98005915184138
-2.76 0.096 24.17742057752102
-2.76 0.094 24.41061614317199
-2.76 0.092 24.68656439556445
-2.76 0.09 25.01257849761455
-2.76 0.088 25.39589901172750
-2.76 0.086 25.84311221358700
-2.76 0.084 26.35957511305270
-2.76 0.082 26.94901025346313
-2.76 0.08 27.61340909083745
-2.76 0.078 28.35328820796710
-2.76 0.076 29.16822351058948
-2.76 0.074 30.05750896606791
-2.76 0.072 31.02078257573200
-2.76 0.07 32.05851704085863
-2.76 0.068 33.17234371035102
-2.76 0.066 34.36523204431850
-2.76 0.064 35.64157214493882
-2.76 0.062 37.00721088578153
-2.76 0.06 38.46948380264841
-2.76 0.058 40.03727384312813
-2.76 0.056 41.72111887726902
-2.76 0.054 43.53338411079744
-2.76 0.052 45.48851331188609
-2.76 0.05 47.60337375804160
-2.76 0.048 49.89771384392395
-2.76 0.046 52.39475953175737
-2.76 0.044 55.12198685356744
-2.76 0.042 58.11212368195743
-2.76 0.04 61.40445714669843
-2.76 0.038 65.04655670771416
-2.76 0.036 69.09657302420403
-2.76 0.034 73.62634887659308
-2.76 0.032 78.72569701681986
-2.76 0.03 84.50838933586783
-2.76 0.028 91.12071292426677
-2.76 0.026 98.75397517702008
-2.76 0.024 107.66326153062654
-2.76 0.022 118.19642476834260
-2.76 0.02 130.84046798095829
-2.76 0.018 146.29884957268214
-2.76 0.016 165.62676709192576
-2.76 0.014 190.48239870390333
-2.76 0.012 223.62938621095384
-2.76 0.01 270.04229777457107
-2.76 0.008 339.67028411820280
-2.76 0.006 455.72791020663516
-2.76 0.004 687.82802561686890
-2.76 0.002 1374.88622313714427
-2.72 0.2 1.00000000000000
-2.72 0.198 1.00000000000000
-2.72 0.196 1.00000000000000
-2.72 0.194 1.00000000000000
-2.72 0.192 1.00000000000000
-2.72 0.19 1.00000000000000
-2.72 0.188 1.00000000000000
-2.72 0.186 1.00000000000000
-2.72 0.184 1.00000000000000
-2.72 0.182 1.00000000000000
-2.72 0.18 1.00000000000000
-2.72 0.178 1.00000000000000
-2.72 0.176 1.00000000000000
-2.72 0.174 1.00000000000000
-2.72 0.172 1.00000000000000
-2.72 0.17 1.00000000000000
-2.72 0.168 1.00000000000000
-2.72 0.166 1.00000000000000
-2.72 0.164 22.13280241982892
-2.72 0.162 22.16664431555386
-2.72 0.16 22.19668356357575
-2.72 0.158 22.22648996386421
-2.72 0.156 22.25647245844434
-2.72 0.154 22.28678479942170
-2.72 0.152 22.31751395984562
-2.72 0.15 22.34872346238504
-2.72 0.148 22.38046830671304
-2.72 0.146 22.41280163848206
-2.72 0.144 22.44577847967135
-2.72 0.142 22.47945832901174
-2.72 0.14 22.51390737901994
-2.72 0.138 22.54920072293727
-2.72 0.136 22.58542478525513
-2.72 0.134 22.62268016283533
-2.72 0.132 22.66108506109594
-2.72 0.13 22.70077953381587
-2.72 0.128 22.74193078004392
-2.72 0.126 22.78473981741541
-2.72 0.124 22.82944994048679
-2.72 0.122 22.87635749018146
-2.72 0.12 22.92582561174568
-2.72 0.118 22.97830186932788
-2.72 0.116 23.03434081902847
-2.72 0.114 23.09463291639044
-2.72 0.112 23.16004143237967
-2.72 0.11 23.23164933022201
-2.72 0.108 23.31081821956705
-2.72 0.106 23.39926137412345
-2.72 0.104 23.49913205734450
-2.72 0.102 23.61312654068097
-2.72 0.1 23.74459749653339
-2.72 0.098 23.89766705593597
-2.72 0.096 24.07731914832809
-2.72 0.094 24.28943835679144
-2.72 0.092 24.54075068724129
-2.72 0.09 24.83861792075859
-2.72 0.088 25.19065314064411
-2.72 0.086 25.60417063386387
-2.72 0.084 26.08555517741618
-2.72 0.082 26.63970544412112
-2.72 0.08 27.26972708328842
-2.72 0.078 27.97699064951304
-2.72 0.076 28.76154675140432
-2.72 0.074 29.62277204762612
-2.72 0.072 30.56006857383267
-2.72 0.07 31.57346823697422
-2.72 0.068 32.66406813726246
-2.72 0.066 33.83429411960471
-2.72 0.064 35.08803367415331
-2.72 0.062 36.43069354195729
-2.72 0.06 37.86923298989358
-2.72 0.058 39.41221221022477
-2.72 0.056 41.06988395598913
-2.72 0.054 42.85434847069050
-2.72 0.052 44.77978770384975
-2.72 0.05 46.86279449909011
-2.72 0.048 49.12281561357354
-2.72 0.046 51.58273409304292
-2.72 0.044 54.26962719566249
-2.72 0.042 57.21575177607607
-2.72 0.04 60.45983193224635
-2.72 0.038 64.04875697167247
-2.72 0.036 68.03984730054678
-2.72 0.034 72.50392097217417
-2.72 0.032 77.52951063793780
-2.72 0.03 83.22876748129758
-2.72 0.028 89.74589556473478
-2.72 0.026 97.26947904403893
-2.72 0.024 106.05097308208795
-2.72 0.022 116.43328079916392
-2.72 0.02 128.89647647372399
-2.72 0.018 144.13401095552226
-2.72 0.016 163.18607121661864
-2.72 0.014 187.68724816851721
-2.72 0.012 220.36187237927882
-2.72 0.01 266.11375273651322
-2.72 0.008 334.75052252086999
-2.72 0.006 449.15654263305782
-2.72 0.004 677.95448784755911
-2.72 0.002 1355.23869783806390
-2.68 0.2 1.00000000000000
-2.68 0.198 1.00000000000000
-2.68 0.196 1.00000000000000
-2.68 0.194 1.00000000000000
-2.68 0.192 1.00000000000000
-2.68 0.19 1.00000000000000
-2.68 0.188 1.00000000000000
-2.68 0.186 1.00000000000000
-2.68 0.184 1.00000000000000
-2.68 0.182 1.00000000000000
-2.68 0.18 1.00000000000000
-2.68 0.178 1.00000000000000
-2.68 0.176 1.00000000000000
-2.68 0.174 1.00000000000000
-2.68 0.172 1.00000000000000
-2.68 0.17 1.00000000000000
-2.68 0.168 1.00000000000000
-2.68 0.166 1.00000000000000
-2.68 0.164 1.00000000000000
-2.68 0.162 1.00000000000000
-2.68 0.16 22.19154585863200
-2.68 0.158 22.22363943280423
-2.68 0.156 22.25422983877813
-2.68 0.154 22.28478433783409
-2.68 0.152 22.31560203631993
-2.68 0.15 22.34681364097107
-2.68 0.148 22.37850109859245
-2.68 0.146 22.41072916645581
-2.68 0.144 22.44355726129983
-2.68 0.142 22.47704520647361
-2.68 0.14 22.51125677125877
-2.68 0.138 22.54626241060902
-2.68 0.136 22.58214182811388
-2.68 0.134 22.61898670588438
-2.68 0.132 22.65690384651595
-2.68 0.13 22.69601895047619
-2.68 0.128 22.73648127098254
-2.68 0.126 22.77846943548947
-2.68 0.124 22.82219879566397
-2.68 0.122 22.86793076853067
-2.68 0.12 22.91598476494355
-2.68 0.118 22.96675347395443
-2.68 0.116 23.02072248889928
-2.68 0.114 23.07849552614486
-2.68 0.112 23.14082679523328
-2.68 0.11 23.20866240626514
-2.68 0.108 23.28319298774115
-2.68 0.106 23.36591981173006
-2.68 0.104 23.45873644918282
-2.68 0.102 23.56402690288972
-2.68 0.1 23.68477865581891
-2.68 0.098 23.82470426103934
-2.68 0.096 23.98835705939479
-2.68 0.094 24.18121494015248
-2.68 0.092 24.40969213607693
-2.68 0.09 24.68102792501762
-2.68 0.088 25.00300297948087
-2.68 0.086 25.38346232986258
-2.68 0.084 25.82968600791535
-2.68 0.082 26.34773111662695
-2.68 0.08 26.94193045071800
-2.68 0.078 27.61472154396726
-2.68 0.076 28.36687981529914
-2.68 0.074 29.19808723380253
-2.68 0.072 30.10766448466898
-2.68 0.07 31.09528002441714
-2.68 0.068 32.16151015745717
-2.68 0.066 33.30820915364557
-2.68 0.064 34.53871384701065
-2.68 0.062 35.85793822453280
-2.68 0.06 37.27241722144804
-2.68 0.058 38.79034890279304
-2.68 0.056 40.42167110936424
-2.68 0.054 42.17819800955127
-2.68 0.052 44.07383564243692
-2.68 0.05 46.12489353974766
-2.68 0.048 48.35051153476631
-2.68 0.046 50.77322677896828
-2.68 0.044 53.41971616184546
-2.68 0.042 56.32176470326451
-2.68 0.04 59.51753306161560
-2.68 0.038 63.05323020563937
-2.68 0.036 66.98534623629497
-2.68 0.034 71.38367452897440
-2.68 0.032 76.33546777043206
-2.68 0.03 81.95125669659227
-2.68 0.028 88.37316274431133
-2.68 0.026 95.78704742508415
-2.68 0.024 104.44073648839603
-2.68 0.022 114.67218463074799
-2.68 0.02 126.95453911902939
-2.68 0.018 141.97124591628642
-2.68 0.016 160.74748548809004
-2.68 0.014 184.89426795893121
-2.68 0.012 217.09662351623243
-2.68 0.01 262.18762139361752
-2.68 0.008 329.83341676427460
-2.68 0.006 442.58825836262935
-2.68 0.004 668.08492179173663
-2.68 0.002 1335.59782174530619
-2.64 0.2 1.00000000000000
-2.64 0.198 1.00000000000000
-2.64 0.196 1.00000000000000
-2.64 0.194 1.00000000000000
-2.64 0.192 1.00000000000000
-2.64 0.19 1.00000000000000
-2.64 0.188 1.00000000000000
-2.64 0.186 1.00000000000000
-2.64 0.184 1.00000000000000
-2.64 0.182 1.00000000000000
-2.64 0.18 1.00000000000000
-2.64 0.178 1.00000000000000
-2.64 0.176 1.00000000000000
-2.64 0.174 1.00000000000000
-2.64 0.172 1.00000000000000
-2.64 0.17 1.00000000000000
-2.64 0.168 1.00000000000000
-2.64 0.166 1.00000000000000
-2.64 0.164 1.00000000000000
-2.64 0.162 1.00000000000000
-2.64 0.16 1.00000000000000
-2.64 0.158 1.00000000000000
-2.64 0.156 22.25012101711989
-2.64 0.154 22.28211460826340
-2.64 0.152 22.31338675030134
-2.64 0.15 22.34477266360269
-2.64 0.148 22.37650395010919
-2.64 0.146 22.40869653473858
-2.64 0.144 22.44143064952214
-2.64 0.142 22.47477454634511
-2.64 0.14 22.50879420430633
-2.64 0.138 22.54355850367006
-2.64 0.136 22.57914278015487
-2.64 0.134 22.61563188585825
-2.64 0.132 22.65312330041814
-2.64 0.13 22.69173063229672
-2.64 0.128 22.73158778968650
-2.64 0.126 22.77285410674015
-2.64 0.124 22.81572075749426
-2.64 0.122 22.86041886953553
-2.64 0.12 22.90722986285043
-2.64 0.118 22.95649869108157
-2.64 0.116 23.00865085903254
-2.64 0.114 23.06421433784481
-2.64 0.112 23.12384779991504
-2.64 0.11 23.18837694024281
-2.64 0.108 23.25884100675592
-2.64 0.106 23.33655194977802
-2.64 0.104 23.42316865699481
-2.64 0.102 23.52078826205592
-2.64 0.1 23.63205498825756
-2.64 0.098 23.76028362911583
-2.64 0.096 23.90958855229152
-2.64 0.094 24.08499908680457
-2.64 0.092 24.29252829719503
-2.64 0.09 24.53914708172137
-2.64 0.088 24.83260673101485
-2.64 0.086 25.18106370023812
-2.64 0.084 25.59250457149343
-2.64 0.082 26.07404883219127
-2.64 0.08 26.63129513235161
-2.64 0.078 27.26791784337311
-2.64 0.076 27.98566718212152
-2.64 0.074 28.78478786151506
-2.64 0.072 29.66472388644998
-2.64 0.07 30.62490427670502
-2.64 0.068 31.66543106590333
-2.64 0.066 32.78757675492811
-2.64 0.064 33.99408514296579
-2.64 0.062 35.28932297435580
-2.64 0.06 36.67934730917701
-2.64 0.058 38.17194825803804
-2.64 0.056 39.77671299140930
-2.64 0.054 41.50514365419556
-2.64 0.052 43.37085270590953
-2.64 0.05 45.38985503602185
-2.64 0.048 47.58097670391665
-2.64 0.046 49.96640505822985
-2.64 0.044 52.57241450834371
-2.64 0.042 55.43031714897216
-2.64 0.04 58.57770965944691
-2.64 0.038 62.06012042331537
-2.64 0.036 65.93320914860054
-2.64 0.034 70.26574455635779
-2.64 0.032 75.14369950950663
-2.64 0.03 80.67598455133734
-2.64 0.028 87.00263890280290
-2.64 0.026 94.30680204288117
-2.64 0.024 102.83267119746765
-2.64 0.022 112.91325392566318
-2.64 0.02 125.01477235653243
-2.64 0.018 139.81067034642172
-2.64 0.016 158.31112609963344
-2.64 0.014 182.10357570307366
-2.64 0.012 213.83376029632709
-2.64 0.01 258.26402994963701
-2.64 0.008 324.91910281502186
-2.64 0.006 436.02321145575252
-2.64 0.004 658.21952023015274
-2.64 0.002 1315.96390592415150
-2.6 0.2 1.00000000000000
-2.6 0.198 1.00000000000000
-2.6 0.196 1.00000000000000
-2.6 0.194 1.00000000000000
-2.6 0.192 1.00000000000000
-2.6 0.19 1.00000000000000
-2.6 0.188 1.00000000000000
-2.6 0.186 1.00000000000000
-2.6 0.184 1.00000000000000
-2.6 0.182 1.00000000000000
-2.6 0.18 1.00000000000000
-2.6 0.178 1.00000000000000
-2.6 0.176 1.00000000000000
-2.6 0.174 1.00000000000000
-2.6 0.172 1.00000000000000
-2.6 0.17 1.00000000000000
-2.6 0.168 1.00000000000000
-2.6 0.166 1.00000000000000
-2.6 0.164 1.00000000000000
-2.6 0.162 1.00000000000000
-2.6 0.16 1.00000000000000
-2.6 0.158 1.00000000000000
-2.6 0.156 1.00000000000000
-2.6 0.154 1.00000000000000
-2.6 0.152 22.30983803760846
-2.6 0.15 22.34221178243526
-2.6 0.148 22.37427886579741
-2.6 0.146 22.40658427677775
-2.6 0.144 22.43931690807769
-2.6 0.142 22.47258414979175
-2.6 0.14 22.50646766016869
-2.6 0.138 22.54104174133444
-2.6 0.136 22.57638160601437
-2.6 0.134 22.61256829439782
-2.6 0.132 22.64969247487173
-2.6 0.13 22.68785806284766
-2.6 0.128 22.72718616277156
-2.6 0.126 22.76781969928319
-2.6 0.124 22.80992908267339
-2.6 0.122 22.85371929488495
-2.6 0.12 22.89943886787229
-2.6 0.118 22.94739135313712
-2.6 0.116 22.99795005372767
-2.6 0.114 23.05157701435765
-2.6 0.112 23.10884754753885
-2.6 0.11 23.17048191417902
-2.6 0.108 23.23738616151212
-2.6 0.106 23.31070450373397
-2.6 0.104 23.39188590465843
-2.6 0.102 23.48276747229835
-2.6 0.1 23.58567651019674
-2.6 0.098 23.70355093725819
-2.6 0.096 23.84007332238344
-2.6 0.094 23.99980580605600
-2.6 0.092 24.18830081020222
-2.6 0.09 24.41214633776833
-2.6 0.088 24.67888928194921
-2.6 0.086 24.99677608894293
-2.6 0.084 25.37427347090778
-2.6 0.082 25.81939564606014
-2.6 0.08 26.33896054001380
-2.6 0.078 26.93798131304300
-2.6 0.076 27.61940650090468
-2.6 0.074 28.38431924542810
-2.6 0.072 29.23253850508794
-2.6 0.07 30.16343124536973
-2.6 0.068 31.17671511590746
-2.6 0.066 32.27309765376519
-2.6 0.064 33.45469914933521
-2.6 0.062 34.72528600596667
-2.6 0.06 36.09037948938099
-2.6 0.058 37.55730933159281
-2.6 0.056 39.13526960560385
-2.6 0.054 40.83541879936983
-2.6 0.052 42.67105377212725
-2.6 0.05 44.65788037839092
-2.6 0.048 46.81440205372904
-2.6 0.046 49.16245122232024
-2.6 0.044 51.72789701086305
-2.6 0.042 54.54157714038036
-2.6 0.04 57.64052359414897
-2.6 0.038 61.06958382971303
-2.6 0.036 64.88358703546129
-2.6 0.034 69.15027728749942
-2.6 0.032 73.95434774728804
-2.6 0.03 79.40308902135709
-2.6 0.028 85.63445853120236
-2.6 0.026 92.82887435208090
-2.6 0.024 101.22690610662653
-2.6 0.022 111.15661555222250
-2.6 0.02 123.07730163048706
-2.6 0.018 137.65240898937918
-2.6 0.016 155.87711800238682
-2.6 0.014 179.31529776758165
-2.6 0.012 210.57341221661815
-2.6 0.01 254.34311366936276
-2.6 0.008 320.00772619828581
-2.6 0.006 429.46156653248380
-2.6 0.004 648.35848874250007
-2.6 0.002 1296.33728121393506
-2.56 0.2 1.00000000000000
-2.56 0.198 1.00000000000000
-2.56 0.196 1.00000000000000
-2.56 0.194 1.00000000000000
-2.56 0.192 1.00000000000000
-2.56 0.19 1.00000000000000
-2.56 0.188 1.00000000000000
-2.56 0.186 1.00000000000000
-2.56 0.184 1.00000000000000
-2.56 0.182 1.00000000000000
-2.56 0.18 1.00000000000000
-2.56 0.178 1.00000000000000
-2.56 0.176 1.00000000000000
-2.56 0.174 1.00000000000000
-2.56 0.172 1.00000000000000
-2.56 0.17 1.00000000000000
-2.56 0.168 1.00000000000000
-2.56 0.166 1.00000000000000
-2.56 0.164 1.00000000000000
-2.56 0.162 1.00000000000000
-2.56 0.16 1.00000000000000
-2.56 0.158 1.00000000000000
-2.56 0.156 1.00000000000000
-2.56 0.154 1.00000000000000
-2.56 0.152 1.00000000000000
-2.56 0.15 22.33520868980488
-2.56 0.148 22.37106515985683
-2.56 0.146 22.40407389271875
-2.56 0.144 22.43704460478954
-2.56 0.142 22.47036594899881
-2.56 0.14 22.50420000590737
-2.56 0.138 22.53865081119939
-2.56 0.136 22.57380472239104
-2.56 0.134 22.60974516956594
-2.56 0.132 22.64656004808882
-2.56 0.13 22.68434669948281
-2.56 0.128 22.72321624504191
-2.56 0.126 22.76329808802100
-2.56 0.124 22.80474509342445
-2.56 0.122 22.84773987623173
-2.56 0.12 22.89250265394754
-2.56 0.118 22.93930120758580
-2.56 0.116 22.98846363636825
-2.56 0.114 23.04039478704365
-2.56 0.112 23.09559749475678
-2.56 0.11 23.15470009412002
-2.56 0.108 23.21849204425365
-2.56 0.106 23.28796993809066
-2.56 0.104 23.36439657053937
-2.56 0.102 23.44937597921997
-2.56 0.1 23.54494716275762
-2.56 0.098 23.65369801766446
-2.56 0.096 23.77889809144128
-2.56 0.094 23.92464285582313
-2.56 0.092 24.09599205402061
-2.56 0.09 24.29906962048465
-2.56 0.088 24.54107451212311
-2.56 0.086 24.83013756056118
-2.56 0.084 25.17496351222323
-2.56 0.082 25.58423820807040
-2.56 0.08 26.06586676876655
-2.56 0.078 26.62621609506735
-2.56 0.076 27.26960109271838
-2.56 0.074 27.99821253628091
-2.56 0.072 28.81253171506860
-2.56 0.07 29.71209653228057
-2.56 0.068 30.69638322166633
-2.56 0.066 31.76558903354438
-2.56 0.064 32.92120056947728
-2.56 0.062 34.16633717342413
-2.56 0.06 35.50592420240380
-2.56 0.058 36.94677237108206
-2.56 0.056 38.49763301949977
-2.56 0.054 40.16928278692831
-2.56 0.052 41.97467568283086
-2.56 0.05 43.92919034165141
-2.56 0.048 46.05099618738168
-2.56 0.046 48.36156401763133
-2.56 0.044 50.88635397569724
-2.56 0.042 53.65572746397310
-2.56 0.04 56.70615081085725
-2.56 0.038 60.08179009413131
-2.56 0.036 63.83664379851688
-2.56 0.034 68.03743133837186
-2.56 0.032 72.76756627843211
-2.56 0.03 78.13271954704969
-2.56 0.028 84.26876718660651
-2.56 0.026 91.35340651450012
-2.56 0.024 99.62358050192054
-2.56 0.022 109.40240649174204
-2.56 0.02 121.14226226902518
-2.56 0.018 135.49659629648173
-2.56 0.016 153.44559574317040
-2.56 0.014 176.52957008377595
-2.56 0.012 207.31571841943057
-2.56 0.01 250.42501771046622
-2.56 0.008 315.09944285886758
-2.56 0.006 422.90349970185451
-2.56 0.004 638.50204679975286
-2.56 0.002 1276.71829984093165
-2.52 0.2 1.00000000000000
-2.52 0.198 1.00000000000000
-2.52 0.196 1.00000000000000
-2.52 0.194 1.00000000000000
-2.52 0.192 1.00000000000000
-2.52 0.19 1.00000000000000
-2.52 0.188 1.00000000000000
-2.52 0.186 1.00000000000000
-2.52 0.184 1.00000000000000
-2.52 0.182 1.00000000000000
-2.52 0.18 1.00000000000000
-2.52 0.178 1.00000000000000
-2.52 0.176 1.00000000000000
-2.52 0.174 1.00000000000000
-2.52 0.172 1.00000000000000
-2.52 0.17 1.00000000000000
-2.52 0.168 1.00000000000000
-2.52 0.166 1.00000000000000
-2.52 0.164 1.00000000000000
-2.52 0.162 1.00000000000000
-2.52 0.16 1.00000000000000
-2.52 0.158 1.00000000000000
-2.52 0.156 1.00000000000000
-2.52 0.154 1.00000000000000
-2.52 0.152 1.00000000000000
-2.52 0.15 1.00000000000000
-2.52 0.148 1.00000000000000
-2.52 0.146 22.39905376030511
-2.52 0.144 22.43402926544397
-2.52 0.142 22.46785390819796
-2.52 0.14 22.50184038292412
-2.52 0.138 22.53628618331305
-2.52 0.136 22.57133774772452
-2.52 0.134 22.60710053000548
-2.52 0.132 22.64366930311283
-2.52 0.13 22.68114052093608
-2.52 0.128 22.71961934536252
-2.52 0.126 22.75922505806889
-2.52 0.124 22.80009630925356
-2.52 0.122 22.84239696862374
-2.52 0.12 22.88632314223533
-2.52 0.118 22.93211190516366
-2.52 0.116 22.98005238381160
-2.52 0.114 23.03049997600550
-2.52 0.112 23.08389471818036
-2.52 0.11 23.14078510086694
-2.52 0.108 23.20185900012940
-2.52 0.106 23.26798382704687
-2.52 0.104 23.34025846706067
-2.52 0.102 23.42007999807859
-2.52 0.1 23.50922834915322
-2.52 0.098 23.60997161837633
-2.52 0.096 23.72519305471947
-2.52 0.094 23.85853668902379
-2.52 0.092 24.01456087631644
-2.52 0.09 24.19887621610279
-2.52 0.088 24.41822632025254
-2.52 0.086 24.68045027444883
-2.52 0.084 24.99425492781623
-2.52 0.082 25.36874189023906
-2.52 0.08 25.81269731260330
-2.52 0.078 26.33376090347452
-2.52 0.076 26.93769989000149
-2.52 0.074 27.62804456889777
-2.52 0.072 28.40624097043791
-2.52 0.07 29.27228155573155
-2.52 0.068 30.22560419132501
-2.52 0.066 31.26600002692840
-2.52 0.064 32.39434268205169
-2.52 0.062 33.61307124876623
-2.52 0.06 34.92645655225678
-2.52 0.058 36.34072664584517
-2.52 0.056 37.86413309101663
-2.52 0.054 39.50702510775991
-2.52 0.052 41.28198041824646
-2.52 0.05 43.20402760401133
-2.52 0.048 45.29098749090905
-2.52 0.046 47.56396051910729
-2.52 0.044 50.04799294050760
-2.52 0.042 52.77296725610649
-2.52 0.04 55.77478283765697
-2.52 0.038 59.09692377945866
-2.52 0.036 62.79255760124673
-2.52 0.034 66.92737899686740
-2.52 0.032 71.58352204035546
-2.52 0.03 76.86503822013262
-2.52 0.028 82.90572262969650
-2.52 0.026 89.88055249153315
-2.52 0.024 98.02284510972922
-2.52 0.022 107.65077485361057
-2.52 0.02 119.20980046729225
-2.52 0.018 133.34337738313397
-2.52 0.016 151.01670439938442
-2.52 0.014 173.74653906845842
-2.52 0.012 204.06082860840183
-2.52 0.01 246.50989804833966
-2.52 0.008 310.19442011725022
-2.52 0.006 416.34919959124835
-2.52 0.004 628.65042897053365
-2.52 0.002 1257.10733719224095
-2.48 0.2 1.00000000000000
-2.48 0.198 1.00000000000000
-2.48 0.196 1.00000000000000
-2.48 0.194 1.00000000000000
-2.48 0.192 1.00000000000000
-2.48 0.19 1.00000000000000
-2.48 0.188 1.00000000000000
-2.48 0.186 1.00000000000000
-2.48 0.184 1.00000000000000
-2.48 0.182 1.00000000000000
-2.48 0.18 1.00000000000000
-2.48 0.178 1.00000000000000
-2.48 0.176 1.00000000000000
-2.48 0.174 1.00000000000000
-2.48 0.172 1.00000000000000
-2.48 0.17 1.00000000000000
-2.48 0.168 1.00000000000000
-2.48 0.166 1.00000000000000
-2.48 0.164 1.00000000000000
-2.48 0.162 1.00000000000000
-2.48 0.16 1.00000000000000
-2.48 0.158 1.00000000000000
-2.48 0.156 1.00000000000000
-2.48 0.154 1.00000000000000
-2.48 0.152 1.00000000000000
-2.48 0.15 1.00000000000000
-2.48 0.148 1.00000000000000
-2.48 0.146 1.00000000000000
-2.48 0.144 1.00000000000000
-2.48 0.142 22.46366853343497
-2.48 0.14 22.49892590510898
-2.48 0.138 22.53372154474107
-2.48 0.136 22.56884555974121
-2.48 0.134 22.60454077018417
-2.48 0.132 22.64094668338868
-2.48 0.13 22.67817507487845
-2.48 0.128 22.71633366235898
-2.48 0.126 22.75553704893975
-2.48 0.124 22.79591390230852
-2.48 0.122 22.83761326195526
-2.48 0.12 22.88081124160244
-2.48 0.118 22.92571891372715
-2.48 0.116 22.97259206157936
-2.48 0.114 23.02174354740053
-2.48 0.112 23.07355920927915
-2.48 0.11 23.12851844726522
-2.48 0.108 23.18722099155394
-2.48 0.106 23.25042176226965
-2.48 0.104 23.31907621865926
-2.48 0.102 23.39439910746158
-2.48 0.1 23.47793993492126
-2.48 0.098 23.57167854766713
-2.48 0.096 23.67814342591151
-2.48 0.094 23.80055282585004
-2.48 0.092 23.94297346905521
-2.48 0.09 24.11048143666255
-2.48 0.088 24.30929398870722
-2.48 0.086 24.54682002809710
-2.48 0.084 24.83155708708875
-2.48 0.082 25.17275907680415
-2.48 0.08 25.57983416053793
-2.48 0.078 26.06152211415938
-2.48 0.076 26.62502780129595
-2.48 0.074 27.27538309173066
-2.48 0.072 28.01528646745034
-2.48 0.07 28.84550450487800
-2.48 0.068 29.76570122922397
-2.48 0.066 30.77542609926015
-2.48 0.064 31.87500375012036
-2.48 0.062 33.06618297483639
-2.48 0.06 34.35252861845834
-2.48 0.058 35.73961986138848
-2.48 0.056 37.23514441624386
-2.48 0.054 38.84897049141486
-2.48 0.052 40.59325890098866
-2.48 0.05 42.48265971650564
-2.48 0.048 44.53462658649345
-2.48 0.046 46.76987825621054
-2.48 0.044 49.21304061447480
-2.48 0.042 51.89351379783397
-2.48 0.04 54.84662848462975
-2.48 0.038 58.11518594977169
-2.48 0.036 61.75152239680180
-2.48 0.034 65.82030769814206
-2.48 0.032 70.40239650712704
-2.48 0.03 75.60022111688296
-2.48 0.028 81.54549610207860
-2.48 0.026 88.41047927029641
-2.48 0.024 96.42486327634100
-2.48 0.022 105.90188101317796
-2.48 0.02 117.28007438870048
-2.48 0.018 131.19290909897745
-2.48 0.016 148.59060062453537
-2.48 0.014 170.96636265259252
-2.48 0.012 200.80890407054034
-2.48 0.01 242.59792250661556
-2.48 0.008 305.29283773268492
-2.48 0.006 409.79886848879516
-2.48 0.004 618.80388625556418
-2.48 0.002 1237.50479376776070
-2.44 0.2 1.00000000000000
-2.44 0.198 1.00000000000000
-2.44 0.196 1.00000000000000
-2.44 0.194 1.00000000000000
-2.44 0.192 1.00000000000000
-2.44 0.19 1.00000000000000
-2.44 0.188 1.00000000000000
-2.44 0.186 1.00000000000000
-2.44 0.184 1.00000000000000
-2.44 0.182 1.00000000000000
-2.44 0.18 1.00000000000000
-2.44 0.178 1.00000000000000
-2.44 0.176 1.00000000000000
-2.44 0.174 1.00000000000000
-2.44 0.172 1.00000000000000
-2.44 0.17 1.00000000000000
-2.44 0.168 1.00000000000000
-2.44 0.166 1.00000000000000
-2.44 0.164 1.00000000000000
-2.44 0.162 1.00000000000000
-2.44 0.16 1.00000000000000
-2.44 0.158 1.00000000000000
-2.44 0.156 1.00000000000000
-2.44 0.154 1.00000000000000
-2.44 0.152 1.00000000000000
-2.44 0.15 1.00000000000000
-2.44 0.148 1.00000000000000
-2.44 0.146 1.00000000000000
-2.44 0.144 1.00000000000000
-2.44 0.142 1.00000000000000
-2.44 0.14 1.00000000000000
-2.44 0.138 22.52997578392206
-2.44 0.136 22.56595227109183
-2.44 0.134 22.60186978019814
-2.44 0.132 22.63826869658494
-2.44 0.13 22.67536013126460
-2.44 0.128 22.71328432471136
-2.44 0.126 22.75216494148053
-2.44 0.124 22.79212847551305
-2.44 0.122 22.83331462939218
-2.44 0.12 22.87588424597096
-2.44 0.118 22.92002714654161
-2.44 0.116 22.96597107501374
-2.44 0.114 23.01399264442198
-2.44 0.112 23.06443118879409
-2.44 0.11 23.11770658613083
-2.44 0.108 23.17434239308576
-2.44 0.106 23.23499600841118
-2.44 0.104 23.30049805478441
-2.44 0.102 23.37190371459613
-2.44 0.1 23.45055930512070
-2.44 0.098 23.53818776653612
-2.44 0.096 23.63699661868021
-2.44 0.094 23.74981067822031
-2.44 0.092 23.88022833874876
-2.44 0.09 24.03279291957153
-2.44 0.088 24.21315765645512
-2.44 0.086 24.42820336118368
-2.44 0.084 24.68604408081792
-2.44 0.082 24.99583824233687
-2.44 0.08 25.36733122146392
-2.44 0.078 25.81011526983316
-2.44 0.076 26.33271191945108
-2.44 0.074 26.94171880407581
-2.44 0.072 27.64132416972107
-2.44 0.07 28.43339858219183
-2.44 0.068 29.31815081124936
-2.44 0.066 30.29512042200626
-2.44 0.064 31.36420345848935
-2.44 0.062 32.52648363502531
-2.44 0.06 33.78478371097869
-2.44 0.058 35.14396937987896
-2.44 0.056 36.61109473203041
-2.44 0.054 38.19548507888216
-2.44 0.052 39.90883557544216
-2.44 0.05 41.76538262523103
-2.44 0.048 43.78218918907785
-2.44 0.046 45.97957766864697
-2.44 0.044 48.38174507525249
-2.44 0.042 51.01760455756538
-2.44 0.04 53.92191574716119
-2.44 0.038 57.13679598295501
-2.44 0.036 60.71374965504196
-2.44 0.034 64.71642165248255
-2.44 0.032 69.22438725913455
-2.44 0.03 74.33845979898221
-2.44 0.028 80.18827376359371
-2.44 0.026 86.94336824260057
-2.44 0.024 94.82981229388595
-2.44 0.022 104.15589888999840
-2.44 0.02 115.35325540112062
-2.44 0.018 129.04536122826124
-2.44 0.016 146.16745381987843
-2.44 0.014 168.18921143284288
-2.44 0.012 197.56011881913997
-2.44 0.01 238.68927190770273
-2.44 0.008 300.39488908819993
-2.44 0.006 403.25272361362181
-2.44 0.004 608.96268756704603
-2.44 0.002 1217.91109733512621
-2.4 0.2 1.00000000000000
-2.4 0.198 1.00000000000000
-2.4 0.196 1.00000000000000
-2.4 0.194 1.00000000000000
-2.4 0.192 1.00000000000000
-2.4 0.19 1.00000000000000
-2.4 0.188 1.00000000000000
-2.4 0.186 1.00000000000000
-2.4 0.184 1.00000000000000
-2.4 0.182 1.00000000000000
-2.4 0.18 1.00000000000000
-2.4 0.178 1.00000000000000
-2.4 0.176 1.00000000000000
-2.4 0.174 1.00000000000000
-2.4 0.172 1.00000000000000
-2.4 0.17 1.00000000000000
-2.4 0.168 1.00000000000000
-2.4 0.166 1.00000000000000
-2.4 0.164 1.00000000000000
-2.4 0.162 1.00000000000000
-2.4 0.16 1.00000000000000
-2.4 0.158 1.00000000000000
-2.4 0.156 1.00000000000000
-2.4 0.154 1.00000000000000
-2.4 0.152 1.00000000000000
-2.4 0.15 1.00000000000000
-2.4 0.148 1.00000000000000
-2.4 0.146 1.00000000000000
-2.4 0.144 1.00000000000000
-2.4 0.142 1.00000000000000
-2.4 0.14 1.00000000000000
-2.4 0.138 1.00000000000000
-2.4 0.136 22.55892562553977
-2.4 0.134 22.59835245909297
-2.4 0.132 22.63532320210865
-2.4 0.13 22.67252233412358
-2.4 0.128 22.71035576184596
-2.4 0.126 22.74901920881321
-2.4 0.124 22.78866131557036
-2.4 0.122 22.82942449329263
-2.4 0.12 22.87146183757389
-2.4 0.118 22.91494781107545
-2.4 0.116 22.96008770452474
-2.4 0.114 23.00712792304360
-2.4 0.112 23.05636835562916
-2.4 0.11 23.10817795221524
-2.4 0.108 23.16301476933525
-2.4 0.106 23.22145204160953
-2.4 0.104 23.28421225987629
-2.4 0.102 23.35221177018243
-2.4 0.1 23.42661901355333
-2.4 0.098 23.50893010481997
-2.4 0.096 23.60106577255165
-2.4 0.094 23.70549329176248
-2.4 0.092 23.82537509719856
-2.4 0.09 23.96474089664224
-2.4 0.088 24.12867040019309
-2.4 0.086 24.32345730685468
-2.4 0.084 24.55670170081305
-2.4 0.082 24.83725256176443
-2.4 0.08 25.17490981494150
-2.4 0.078 25.57982251094380
-2.4 0.076 26.06161107502480
-2.4 0.074 26.62838823200930
-2.4 0.072 27.28598297639084
-2.4 0.07 28.03767466632601
-2.4 0.068 28.88457054138927
-2.4 0.066 29.82649963085730
-2.4 0.064 30.86311789056905
-2.4 0.062 31.99491854473520
-2.4 0.06 33.22397250641916
-2.4 0.058 34.55437542689026
-2.4 0.056 35.99247501886828
-2.4 0.054 37.54698390409251
-2.4 0.052 39.22907393937530
-2.4 0.05 41.05252487431127
-2.4 0.048 43.03397946038147
-2.4 0.046 45.19334493809828
-2.4 0.044 47.55437828214122
-2.4 0.042 50.14549949038070
-2.4 0.04 53.00089397730807
-2.4 0.038 56.16199361695211
-2.4 0.036 59.67947030915241
-2.4 0.034 63.61594371327713
-2.4 0.032 68.04970975633172
-2.4 0.03 73.07996300645148
-2.4 0.028 78.83425831299735
-2.4 0.026 85.47941675917835
-2.4 0.024 93.23788489394262
-2.4 0.022 102.41301738679154
-2.4 0.02 113.42952946758749
-2.4 0.018 126.90091783917504
-2.4 0.016 143.74744745016744
-2.4 0.014 165.41526996346241
-2.4 0.012 194.31466087425457
-2.4 0.01 234.78414136008683
-2.4 0.008 295.50078251397503
-2.4 0.006 396.71099853142425
-2.4 0.004 599.12712137181825
-2.4 0.002 1198.32670530976588
-2.36 0.2 1.00000000000000
-2.36 0.198 1.00000000000000
-2.36 0.196 1.00000000000000
-2.36 0.194 1.00000000000000
-2.36 0.192 1.00000000000000
-2.36 0.19 1.00000000000000
-2.36 0.188 1.00000000000000
-2.36 0.186 1.00000000000000
-2.36 0.184 1.00000000000000
-2.36 0.182 1.00000000000000
-2.36 0.18 1.00000000000000
-2.36 0.178 1.00000000000000
-2.36 0.176 1.00000000000000
-2.36 0.174 1.00000000000000
-2.36 0.172 1.00000000000000
-2.36 0.17 1.00000000000000
-2.36 0.168 1.00000000000000
-2.36 0.166 1.00000000000000
-2.36 0.164 1.00000000000000
-2.36 0.162 1.00000000000000
-2.36 0.16 1.00000000000000
-2.36 0.158 1.00000000000000
-2.36 0.156 1.00000000000000
-2.36 0.154 1.00000000000000
-2.36 0.152 1.00000000000000
-2.36 0.15 1.00000000000000
-2.36 0.148 1.00000000000000
-2.36 0.146 1.00000000000000
-2.36 0.144 1.00000000000000
-2.36 0.142 1.00000000000000
-2.36 0.14 1.00000000000000
-2.36 0.138 1.00000000000000
-2.36 0.136 1.00000000000000
-2.36 0.134 1.00000000000000
-2.36 0.132 22.63004149531859
-2.36 0.13 22.66908990287280
-2.36 0.128 22.70728310038080
-2.36 0.126 22.74594308684222
-2.36 0.124 22.78540116832803
-2.36 0.122 22.82585101695016
-2.36 0.12 22.86745831367211
-2.36 0.118 22.91039319788203
-2.36 0.116 22.95484620735638
-2.36 0.114 23.00104028094834
-2.36 0.112 23.04924283758519
-2.36 0.11 23.09977988225517
-2.36 0.108 23.15305361052922
-2.36 0.106 23.20956503317983
-2.36 0.104 23.26994344411777
-2.36 0.102 23.33498502463102
-2.36 0.1 23.40570347457068
-2.36 0.098 23.48339622570074
-2.36 0.096 23.56973038172551
-2.36 0.094 23.66685273249576
-2.36 0.092 23.77752739278817
-2.36 0.09 23.90530172409549
-2.36 0.088 24.05469448441250
-2.36 0.086 24.23138736856077
-2.36 0.084 24.44238040396927
-2.36 0.082 24.69604421129272
-2.36 0.08 25.00197688735252
-2.36 0.078 25.37057189586339
-2.36 0.076 25.81225728976608
-2.36 0.074 26.33649418755430
-2.36 0.072 26.95078829371525
-2.36 0.07 27.66006664750059
-2.36 0.068 28.46669246939182
-2.36 0.066 29.37114066631824
-2.36 0.064 30.37309084841135
-2.36 0.062 31.47258438365387
-2.36 0.06 32.67097074904417
-2.36 0.058 33.97153636900553
-2.36 0.056 35.37985153910524
-2.36 0.054 36.90393993458872
-2.36 0.052 38.55438323754210
-2.36 0.05 40.34445264606510
-2.36 0.048 42.29033396939581
-2.36 0.046 44.41149527885525
-2.36 0.044 46.73123895962334
-2.36 0.042 49.27748367217332
-2.36 0.04 52.08383633242411
-2.36 0.038 55.19104126887089
-2.36 0.036 58.64893695379379
-2.36 0.034 62.51911746604723
-2.36 0.032 66.87859933220528
-2.36 0.03 71.82495857144653
-2.36 0.028 77.48367081938358
-2.36 0.026 84.01883988527003
-2.36 0.024 91.64929093377300
-2.36 0.022 100.67344201308389
-2.36 0.02 111.50909871432290
-2.36 0.018 124.75977880387627
-2.36 0.016 141.33078052480892
-2.36 0.014 162.64473820890709
-2.36 0.012 191.07273370085477
-2.36 0.01 230.88274170187407
-2.36 0.008 290.61074276877383
-2.36 0.006 390.17394473491828
-2.36 0.004 589.29749752016016
-2.36 0.002 1178.75210739026693
-2.32 0.2 1.00000000000000
-2.32 0.198 1.00000000000000
-2.32 0.196 1.00000000000000
-2.32 0.194 1.00000000000000
-2.32 0.192 1.00000000000000
-2.32 0.19 1.00000000000000
-2.32 0.188 1.00000000000000
-2.32 0.186 1.00000000000000
-2.32 0.184 1.00000000000000
-2.32 0.182 1.00000000000000
-2.32 0.18 1.00000000000000
-2.32 0.178 1.00000000000000
-2.32 0.176 1.00000000000000
-2.32 0.174 1.00000000000000
-2.32 0.172 1.00000000000000
-2.32 0.17 1.00000000000000
-2.32 0.168 1.00000000000000
-2.32 0.166 1.00000000000000
-2.32 0.164 1.00000000000000
-2.32 0.162 1.00000000000000
-2.32 0.16 1.00000000000000
-2.32 0.158 1.00000000000000
-2.32 0.156 1.00000000000000
-2.32 0.154 1.00000000000000
-2.32 0.152 1.00000000000000
-2.32 0.15 1.00000000000000
-2.32 0.148 1.00000000000000
-2.32 0.146 1.00000000000000
-2.32 0.144 1.00000000000000
-2.32 0.142 1.00000000000000
-2.32 0.14 1.00000000000000
-2.32 0.138 1.00000000000000
-2.32 0.136 1.00000000000000
-2.32 0.134 1.00000000000000
-2.32 0.132 1.00000000000000
-2.32 0.13 1.00000000000000
-2.32 0.128 22.70269643502216
-2.32 0.126 22.74247824644420
-2.32 0.124 22.78211810014507
-2.32 0.122 22.82244856503862
-2.32 0.12 22.86376293334574
-2.32 0.118 22.90626553016607
-2.32 0.116 22.95014979814927
-2.32 0.114 22.99562590935859
-2.32 0.112 23.04293725033656
-2.32 0.11 23.09237508626400
-2.32 0.108 23.14429486478155
-2.32 0.106 23.19913623954025
-2.32 0.104 23.25744870816850
-2.32 0.102 23.31992502425062
-2.32 0.1 23.38744504963602
-2.32 0.098 23.46113337471633
-2.32 0.096 23.54243475161720
-2.32 0.094 23.63321195564341
-2.32 0.092 23.73587068880227
-2.32 0.09 23.85351474717865
-2.32 0.088 23.99013047141604
-2.32 0.086 24.15079034111095
-2.32 0.084 24.34184891751671
-2.32 0.082 24.57107879729612
-2.32 0.08 24.84766338318814
-2.32 0.078 25.18194166010407
-2.32 0.076 25.58481714444318
-2.32 0.074 26.06683265951598
-2.32 0.072 26.63707730417303
-2.32 0.07 27.30225976817326
-2.32 0.068 28.06631888234059
-2.32 0.066 28.93076489474849
-2.32 0.064 29.89563852459173
-2.32 0.062 30.96074463673324
-2.32 0.06 32.12679780943639
-2.32 0.058 33.39626596876403
-2.32 0.056 34.77387999599934
-2.32 0.054 36.26689493342392
-2.32 0.052 37.88522655930166
-2.32 0.05 39.64157582824781
-2.32 0.048 41.55162639710056
-2.32 0.046 43.63437678408015
-2.32 0.044 45.91265592234731
-2.32 0.042 48.41387029739762
-2.32 0.04 51.17104256331466
-2.32 0.038 54.22422666194063
-2.32 0.036 57.62242635028111
-2.32 0.034 61.42620961213861
-2.32 0.032 65.71131347844776
-2.32 0.03 70.57369558646268
-2.32 0.028 76.13675279650997
-2.32 0.026 82.56187238821018
-2.32 0.024 90.06425930453106
-2.32 0.022 98.93739672145028
-2.32 0.02 109.59218320297423
-2.32 0.018 122.62216151544757
-2.32 0.016 138.91766926887649
-2.32 0.014 159.87783318114617
-2.32 0.012 187.83455782766919
-2.32 0.01 226.98530112341646
-2.32 0.008 285.72501270183886
-2.32 0.006 383.64183341276060
-2.32 0.004 579.47414928522767
-2.32 0.002 1159.18782848178989
-2.28 0.2 1.00000000000000
-2.28 0.198 1.00000000000000
-2.28 0.196 1.00000000000000
-2.28 0.194 1.00000000000000
-2.28 0.192 1.00000000000000
-2.28 0.19 1.00000000000000
-2.28 0.188 1.00000000000000
-2.28 0.186 1.00000000000000
-2.28 0.184 1.00000000000000
-2.28 0.182 1.00000000000000
-2.28 0.18 1.00000000000000
-2.28 0.178 1.00000000000000
-2.28 0.176 1.00000000000000
-2.28 0.174 1.00000000000000
-2.28 0.172 1.00000000000000
-2.28 0.17 1.00000000000000
-2.28 0.168 1.00000000000000
-2.28 0.166 1.00000000000000
-2.28 0.164 1.00000000000000
-2.28 0.162 1.00000000000000
-2.28 0.16 1.00000000000000
-2.28 0.158 1.00000000000000
-2.28 0.156 1.00000000000000
-2.28 0.154 1.00000000000000
-2.28 0.152 1.00000000000000
-2.28 0.15 1.00000000000000
-2.28 0.148 1.00000000000000
-2.28 0.146 1.00000000000000
-2.28 0.144 1.00000000000000
-2.28 0.142 1.00000000000000
-2.28 0.14 1.00000000000000
-2.28 0.138 1.00000000000000
-2.28 0.136 1.00000000000000
-2.28 0.134 1.00000000000000
-2.28 0.132 1.00000000000000
-2.28 0.13 1.00000000000000
-2.28 0.128 1.00000000000000
-2.28 0.126 1.00000000000000
-2.28 0.124 22.77782854745440
-2.28 0.122 22.81883974698084
-2.28 0.12 22.86017088515706
-2.28 0.118 22.90242503501122
-2.28 0.116 22.94588389885721
-2.28 0.114 22.99077646724681
-2.28 0.112 23.03733821913508
-2.28 0.11 23.08583679183869
-2.28 0.108 23.13659079781353
-2.28 0.106 23.18998907062969
-2.28 0.104 23.24651364170460
-2.28 0.102 23.30676893270796
-2.28 0.1 23.37151976956513
-2.28 0.098 23.44174133836798
-2.28 0.096 23.51868491938108
-2.28 0.094 23.60396399002564
-2.28 0.092 23.69966579117014
-2.28 0.09 23.80849312225271
-2.28 0.088 23.93393888166628
-2.28 0.086 24.08048987093542
-2.28 0.084 24.25384402072501
-2.28 0.082 24.46110377442025
-2.28 0.08 24.71087758747194
-2.28 0.078 25.01318881434258
-2.28 0.076 25.37907877046375
-2.28 0.074 25.81983568994395
-2.28 0.072 26.34591419128558
-2.28 0.07 26.96580528933938
-2.28 0.068 27.68525906683798
-2.28 0.066 28.50720568451976
-2.28 0.064 29.43244378158651
-2.28 0.062 30.46084060846608
-2.28 0.06 31.59263483366387
-2.28 0.058 32.82951222803223
-2.28 0.056 34.17532188655279
-2.28 0.054 35.63647238981286
-2.28 0.052 37.22213060836538
-2.28 0.05 38.94435533376853
-2.28 0.048 40.81827315454667
-2.28 0.046 42.86237495005935
-2.28 0.044 45.09899192695769
-2.28 0.042 47.55500412409482
-2.28 0.04 50.26284219250734
-2.28 0.038 53.26186581687281
-2.28 0.036 56.60024225438124
-2.28 0.034 60.33751266968891
-2.28 0.032 64.54813440922700
-2.28 0.03 69.32644686655060
-2.28 0.028 74.79376855777312
-2.28 0.026 81.10877099322005
-2.28 0.024 88.48304009588797
-2.28 0.022 97.20512598940337
-2.28 0.02 107.67902293852697
-2.28 0.018 120.48830283136287
-2.28 0.016 136.50834901336114
-2.28 0.014 157.11479078962117
-2.28 0.012 184.60037267414148
-2.28 0.01 223.09206699556074
-2.28 0.008 280.84385512193819
-2.28 0.006 377.11495743401451
-2.28 0.004 569.65743564343927
-2.28 0.002 1139.63443194539968
-2.24 0.2 1.00000000000000
-2.24 0.198 1.00000000000000
-2.24 0.196 1.00000000000000
-2.24 0.194 1.00000000000000
-2.24 0.192 1.00000000000000
-2.24 0.19 1.00000000000000
-2.24 0.188 1.00000000000000
-2.24 0.186 1.00000000000000
-2.24 0.184 1.00000000000000
-2.24 0.182 1.00000000000000
-2.24 0.18 1.00000000000000
-2.24 0.178 1.00000000000000
-2.24 0.176 1.00000000000000
-2.24 0.174 1.00000000000000
-2.24 0.172 1.00000000000000
-2.24 0.17 1.00000000000000
-2.24 0.168 1.00000000000000
-2.24 0.166 1.00000000000000
-2.24 0.164 1.00000000000000
-2.24 0.162 1.00000000000000
-2.24 0.16 1.00000000000000
-2.24 0.158 1.00000000000000
-2.24 0.156 1.00000000000000
-2.24 0.154 1.00000000000000
-2.24 0.152 1.00000000000000
-2.24 0.15 1.00000000000000
-2.24 0.148 1.00000000000000
-2.24 0.146 1.00000000000000
-2.24 0.144 1.00000000000000
-2.24 0.142 1.00000000000000
-2.24 0.14 1.00000000000000
-2.24 0.138 1.00000000000000
-2.24 0.136 1.00000000000000
-2.24 0.134 1.00000000000000
-2.24 0.132 1.00000000000000
-2.24 0.13 1.00000000000000
-2.24 0.128 1.00000000000000
-2.24 0.126 1.00000000000000
-2.24 0.124 1.00000000000000
-2.24 0.122 22.81084231504093
-2.24 0.12 22.85593904112940
-2.24 0.118 22.89855255027309
-2.24 0.116 22.94186036881463
-2.24 0.114 22.98635247426237
-2.24 0.112 23.03232198104034
-2.24 0.11 23.08003994075191
-2.24 0.108 23.12980384210426
-2.24 0.106 23.18196414635938
-2.24 0.104 23.23694782680242
-2.24 0.102 23.29528508425668
-2.24 0.1 23.35764279051206
-2.24 0.098 23.42486790472315
-2.24 0.096 23.49804455125830
-2.24 0.094 23.57856919021464
-2.24 0.092 23.66824907292360
-2.24 0.09 23.76942953555426
-2.24 0.088 23.88515485028479
-2.24 0.086 24.01936388484273
-2.24 0.084 24.17711338832137
-2.24 0.082 24.36480522939301
-2.24 0.08 24.59036680996369
-2.24 0.078 24.86329798884347
-2.24 0.076 25.19446649184782
-2.24 0.074 25.59553854822212
-2.24 0.072 26.07801558843519
-2.24 0.07 26.65202828010715
-2.24 0.068 27.32524813104445
-2.24 0.066 28.10235640937264
-2.24 0.064 28.98533581454071
-2.24 0.062 29.97449459220639
-2.24 0.06 31.06984047259055
-2.24 0.058 32.27237697939102
-2.24 0.056 33.58506291322860
-2.24 0.054 35.01339270625297
-2.24 0.052 36.56569742338753
-2.24 0.05 38.25331193288475
-2.24 0.048 40.09074011939392
-2.24 0.046 42.09591802697501
-2.24 0.044 44.29064816125882
-2.24 0.042 46.70126543986735
-2.24 0.04 49.35959815735672
-2.24 0.038 52.30430646326630
-2.24 0.036 55.58271865478595
-2.24 0.034 59.25334804972649
-2.24 0.032 63.38937199882002
-2.24 0.03 68.08351175428722
-2.24 0.028 73.45500789654010
-2.24 0.026 79.65981694998213
-2.24 0.024 86.90590705793126
-2.24 0.022 95.47689718589569
-2.24 0.02 105.76988015029146
-2.24 0.018 118.35846127972651
-2.24 0.016 134.10307633880717
-2.24 0.014 154.35586793708200
-2.24 0.012 181.37043861744166
-2.24 0.01 219.20330793508941
-2.24 0.008 275.96755490477295
-2.24 0.006 370.59363357969005
-2.24 0.004 559.84774382889429
-2.24 0.002 1120.09252321692088
-2.2 0.2 1.00000000000000
-2.2 0.198 1.00000000000000
-2.2 0.196 1.00000000000000
-2.2 0.194 1.00000000000000
-2.2 0.192 1.00000000000000
-2.2 0.19 1.00000000000000
-2.2 0.188 1.00000000000000
-2.2 0.186 1.00000000000000
-2.2 0.184 1.00000000000000
-2.2 0.182 1.00000000000000
-2.2 0.18 1.00000000000000
-2.2 0.178 1.00000000000000
-2.2 0.176 1.00000000000000
-2.2 0.174 1.00000000000000
-2.2 0.172 1.00000000000000
-2.2 0.17 1.00000000000000
-2.2 0.168 1.00000000000000
-2.2 0.166 1.00000000000000
-2.2 0.164 1.00000000000000
-2.2 0.162 1.00000000000000
-2.2 0.16 1.00000000000000
-2.2 0.158 1.00000000000000
-2.2 0.156 1.00000000000000
-2.2 0.154 1.00000000000000
-2.2 0.152 1.00000000000000
-2.2 0.15 1.00000000000000
-2.2 0.148 1.00000000000000
-2.2 0.146 1.00000000000000
-2.2 0.144 1.00000000000000
-2.2 0.142 1.00000000000000
-2.2 0.14 1.00000000000000
-2.2 0.138 1.00000000000000
-2.2 0.136 1.00000000000000
-2.2 0.134 1.00000000000000
-2.2 0.132 1.00000000000000
-2.2 0.13 1.00000000000000
-2.2 0.128 1.00000000000000
-2.2 0.126 1.00000000000000
-2.2 0.124 1.00000000000000
-2.2 0.122 1.00000000000000
-2.2 0.12 1.00000000000000
-2.2 0.118 22.89242017446930
-2.2 0.116 22.93749569865118
-2.2 0.114 22.98207593222896
-2.2 0.112 23.02770906391931
-2.2 0.11 23.07483889366332
-2.2 0.108 23.12379408301762
-2.2 0.106 23.17491123200574
-2.2 0.104 23.22857880144305
-2.2 0.102 23.28526778263664
-2.2 0.1 23.34556343727704
-2.2 0.098 23.41020393655037
-2.2 0.096 23.48013017201124
-2.2 0.094 23.55655117487196
-2.2 0.092 23.64103027976853
-2.2 0.09 23.73559787801258
-2.2 0.088 23.84289670625882
-2.2 0.086 23.96636402337236
-2.2 0.084 24.11044984380268
-2.2 0.082 24.28085869835841
-2.2 0.08 24.48478067588529
-2.2 0.078 24.73104393337224
-2.2 0.076 25.03008095923782
-2.2 0.074 25.39357632143382
-2.2 0.072 25.83369670039036
-2.2 0.07 26.36193847745423
-2.2 0.068 26.98785252808457
-2.2 0.066 27.71809778547369
-2.2 0.064 28.55625110550236
-2.2 0.062 29.50350097953814
-2.2 0.06 30.55996127644374
-2.2 0.058 31.72613474366546
-2.2 0.056 33.00413297774595
-2.2 0.054 34.39849069725697
-2.2 0.052 35.91661830858960
-2.2 0.05 37.56903688525411
-2.2 0.048 39.36955073478602
-2.2 0.046 41.33548338220486
-2.2 0.044 43.48806950718036
-2.2 0.042 45.85307465307326
-2.2 0.04 48.46171098038074
-2.2 0.038 51.35193193600064
-2.2 0.036 54.57022345707653
-2.2 0.034 58.17406956673958
-2.2 0.032 62.23536713751455
-2.2 0.03 66.84521931051646
-2.2 0.028 72.12078914482456
-2.2 0.026 78.21531896073976
-2.2 0.024 85.33316040869673
-2.2 0.022 93.75300326871353
-2.2 0.02 103.86504189020248
-2.2 0.018 116.23291957051700
-2.2 0.016 131.70213151315832
-2.2 0.014 151.60134490045448
-2.2 0.012 178.14503933763370
-2.2 0.01 215.31931614432469
-2.2 0.008 271.09642137529312
-2.2 0.006 364.07820505904499
-2.2 0.004 550.04549220341335
-2.2 0.002 1100.56275384675951
-2.16 0.2 1.00000000000000
-2.16 0.198 1.00000000000000
-2.16 0.196 1.00000000000000
-2.16 0.194 1.00000000000000
-2.16 0.192 1.00000000000000
-2.16 0.19 1.00000000000000
-2.16 0.188 1.00000000000000
-2.16 0.186 1.00000000000000
-2.16 0.184 1.00000000000000
-2.16 0.182 1.00000000000000
-2.16 0.18 1.00000000000000
-2.16 0.178 1.00000000000000
-2.16 0.176 1.00000000000000
-2.16 0.174 1.00000000000000
-2.16 0.172 1.00000000000000
-2.16 0.17 1.00000000000000
-2.16 0.168 1.00000000000000
-2.16 0.166 1.00000000000000
-2.16 0.164 1.00000000000000
-2.16 0.162 1.00000000000000
-2.16 0.16 1.00000000000000
-2.16 0.158 1.00000000000000
-2.16 0.156 1.00000000000000
-2.16 0.154 1.00000000000000
-2.16 0.152 1.00000000000000
-2.16 0.15 1.00000000000000
-2.16 0.148 1.00000000000000
-2.16 0.146 1.00000000000000
-2.16 0.144 1.00000000000000
-2.16 0.142 1.00000000000000
-2.16 0.14 1.00000000000000
-2.16 0.138 1.00000000000000
-2.16 0.136 1.00000000000000
-2.16 0.134 1.00000000000000
-2.16 0.132 1.00000000000000
-2.16 0.13 1.00000000000000
-2.16 0.128 1.00000000000000
-2.16 0.126 1.00000000000000
-2.16 0.124 1.00000000000000
-2.16 0.122 1.00000000000000
-2.16 0.12 1.00000000000000
-2.16 0.118 1.00000000000000
-2.16 0.116 1.00000000000000
-2.16 0.114 22.97648649952938
-2.16 0.112 23.02302548917106
-2.16 0.11 23.06998281476650
-2.16 0.108 23.11838229016507
-2.16 0.106 23.16867044688703
-2.16 0.104 23.22124102166824
-2.16 0.102 23.27652971259387
-2.16 0.1 23.33505909700623
-2.16 0.098 23.39747782551019
-2.16 0.096 23.46460584717502
-2.16 0.094 23.53749188330336
-2.16 0.092 23.61748866210442
-2.16 0.09 23.70635190898114
-2.16 0.088 23.80636963327568
-2.16 0.086 23.92052791361429
-2.16 0.084 24.05271666870789
-2.16 0.082 24.20797132922884
-2.16 0.08 24.39273031390644
-2.16 0.078 24.61506006344938
-2.16 0.076 24.88475899460778
-2.16 0.074 25.21321055606840
-2.16 0.072 25.61284642010632
-2.16 0.07 26.09615592468882
-2.16 0.068 26.67437083487205
-2.16 0.066 27.35620663872693
-2.16 0.064 28.14717271960856
-2.16 0.062 29.04980067123272
-2.16 0.06 30.06473287358059
-2.16 0.058 31.19224852856543
-2.16 0.056 32.43372676093293
-2.16 0.054 33.79273521342574
-2.16 0.052 35.27569016179420
-2.16 0.05 36.89220466886882
-2.16 0.048 38.65529575200442
-2.16 0.046 40.58160510087990
-2.16 0.044 42.69175074383853
-2.16 0.042 45.01089763567476
-2.16 0.04 47.56962358872200
-2.16 0.038 50.40516565423051
-2.16 0.036 53.56316271190320
-2.16 0.034 57.10006745562507
-2.16 0.032 61.08649555660357
-2.16 0.03 65.61193199016147
-2.16 0.028 70.79146267343725
-2.16 0.026 76.77561653028164
-2.16 0.024 83.76513004510679
-2.16 0.022 92.03376586797849
-2.16 0.02 101.96482300122224
-2.16 0.018 114.11198746234216
-2.16 0.016 129.30582127228101
-2.16 0.014 148.85152804348530
-2.16 0.012 174.92448448618833
-2.16 0.01 211.44041006904519
-2.16 0.008 266.23079100865044
-2.16 0.006 357.56904435441197
-2.16 0.004 540.25113348842763
-2.16 0.002 1081.04582602033975
-2.12 0.2 1.00000000000000
-2.12 0.198 1.00000000000000
-2.12 0.196 1.00000000000000
-2.12 0.194 1.00000000000000
-2.12 0.192 1.00000000000000
-2.12 0.19 1.00000000000000
-2.12 0.188 1.00000000000000
-2.12 0.186 1.00000000000000
-2.12 0.184 1.00000000000000
-2.12 0.182 1.00000000000000
-2.12 0.18 1.00000000000000
-2.12 0.178 1.00000000000000
-2.12 0.176 1.00000000000000
-2.12 0.174 1.00000000000000
-2.12 0.172 1.00000000000000
-2.12 0.17 1.00000000000000
-2.12 0.168 1.00000000000000
-2.12 0.166 1.00000000000000
-2.12 0.164 1.00000000000000
-2.12 0.162 1.00000000000000
-2.12 0.16 1.00000000000000
-2.12 0.158 1.00000000000000
-2.12 0.156 1.00000000000000
-2.12 0.154 1.00000000000000
-2.12 0.152 1.00000000000000
-2.12 0.15 1.00000000000000
-2.12 0.148 1.00000000000000
-2.12 0.146 1.00000000000000
-2.12 0.144 1.00000000000000
-2.12 0.142 1.00000000000000
-2.12 0.14 1.00000000000000
-2.12 0.138 1.00000000000000
-2.12 0.136 1.00000000000000
-2.12 0.134 1.00000000000000
-2.12 0.132 1.00000000000000
-2.12 0.13 1.00000000000000
-2.12 0.128 1.00000000000000
-2.12 0.126 1.00000000000000
-2.12 0.124 1.00000000000000
-2.12 0.122 1.00000000000000
-2.12 0.12 1.00000000000000
-2.12 0.118 1.00000000000000
-2.12 0.116 1.00000000000000
-2.12 0.114 1.00000000000000
-2.12 0.112 1.00000000000000
-2.12 0.11 23.06442716457660
-2.12 0.108 23.11316984581019
-2.12 0.106 23.16300531123064
-2.12 0.104 23.21474566020429
-2.12 0.102 23.26888599879963
-2.12 0.1 23.32592531040703
-2.12 0.098 23.38644817642012
-2.12 0.096 23.45117694756535
-2.12 0.094 23.52102587561734
-2.12 0.092 23.59716795979727
-2.12 0.09 23.68112180651892
-2.12 0.088 23.77486560780996
-2.12 0.086 23.88098551052479
-2.12 0.084 24.00286459241814
-2.12 0.082 24.14491431175999
-2.12 0.08 24.31283944545475
-2.12 0.078 24.51390591815624
-2.12 0.076 24.75714516032096
-2.12 0.074 25.05338195758333
-2.12 0.072 25.41493557173648
-2.12 0.07 25.85486254510565
-2.12 0.068 26.38574156957431
-2.12 0.066 27.01825236134965
-2.12 0.064 27.76004747719731
-2.12 0.062 28.61543450658891
-2.12 0.06 29.58606723528154
-2.12 0.058 30.67237923792313
-2.12 0.056 31.87522316265324
-2.12 0.054 33.19725031045338
-2.12 0.052 34.64383423249468
-2.12 0.05 36.22358807797917
-2.12 0.048 37.94864492809904
-2.12 0.046 39.83488309188790
-2.12 0.044 41.90224389950951
-2.12 0.042 44.17525197371686
-2.12 0.04 46.68382689728135
-2.12 0.038 49.46447627566194
-2.12 0.036 52.56198547466884
-2.12 0.034 56.03177299215080
-2.12 0.032 59.94317223398162
-2.12 0.03 64.38404983178523
-2.12 0.028 69.46741490933965
-2.12 0.026 75.34108381022334
-2.12 0.024 82.20217922649952
-2.12 0.022 90.31953882186836
-2.12 0.02 100.06956951905897
-2.12 0.018 111.99600504535667
-2.12 0.016 126.91448200117149
-2.12 0.014 146.10675291694741
-2.12 0.012 171.70911273162346
-2.12 0.01 207.56693742708842
-2.12 0.008 261.37103050154855
-2.12 0.006 351.06655644715130
-2.12 0.004 530.46515841473285
-2.12 0.002 1061.54249762724180
-2.08 0.2 1.00000000000000
-2.08 0.198 1.00000000000000
-2.08 0.196 1.00000000000000
-2.08 0.194 1.00000000000000
-2.08 0.192 1.00000000000000
-2.08 0.19 1.00000000000000
-2.08 0.188 1.00000000000000
-2.08 0.186 1.00000000000000
-2.08 0.184 1.00000000000000
-2.08 0.182 1.00000000000000
-2.08 0.18 1.00000000000000
-2.08 0.178 1.00000000000000
-2.08 0.176 1.00000000000000
-2.08 0.174 1.00000000000000
-2.08 0.172 1.00000000000000
-2.08 0.17 1.00000000000000
-2.08 0.168 1.00000000000000
-2.08 0.166 1.00000000000000
-2.08 0.164 1.00000000000000
-2.08 0.162 1.00000000000000
-2.08 0.16 1.00000000000000
-2.08 0.158 1.00000000000000
-2.08 0.156 1.00000000000000
-2.08 0.154 1.00000000000000
-2.08 0.152 1.00000000000000
-2.08 0.15 1.00000000000000
-2.08 0.148 1.00000000000000
-2.08 0.146 1.00000000000000
-2.08 0.144 1.00000000000000
-2.08 0.142 1.00000000000000
-2.08 0.14 1.00000000000000
-2.08 0.138 1.00000000000000
-2.08 0.136 1.00000000000000
-2.08 0.134 1.00000000000000
-2.08 0.132 1.00000000000000
-2.08 0.13 1.00000000000000
-2.08 0.128 1.00000000000000
-2.08 0.126 1.00000000000000
-2.08 0.124 1.00000000000000
-2.08 0.122 1.00000000000000
-2.08 0.12 1.00000000000000
-2.08 0.118 1.00000000000000
-2.08 0.116 1.00000000000000
-2.08 0.114 1.00000000000000
-2.08 0.112 1.00000000000000
-2.08 0.11 1.00000000000000
-2.08 0.108 23.10105392920815
-2.08 0.106 23.15712592054082
-2.08 0.104 23.20874361866666
-2.08 0.102 23.26210127026721
-2.08 0.1 23.31795113623704
-2.08 0.098 23.37689020639747
-2.08 0.096 23.43958113372260
-2.08 0.094 23.50683327298888
-2.08 0.092 23.57967035833944
-2.08 0.09 23.65940924797362
-2.08 0.088 23.74776069583065
-2.08 0.086 23.84696087596289
-2.08 0.084 23.95994170808375
-2.08 0.082 24.09054582123477
-2.08 0.08 24.24378529017729
-2.08 0.078 24.42612798104395
-2.08 0.076 24.64576663825135
-2.08 0.074 24.91278158569995
-2.08 0.072 25.23905714963211
-2.08 0.07 25.63778761647222
-2.08 0.068 26.12247114787901
-2.08 0.066 26.70549162460800
-2.08 0.064 27.39668441072210
-2.08 0.062 28.20247301403685
-2.08 0.06 29.12602101441270
-2.08 0.058 30.16838432527496
-2.08 0.056 31.33020093053238
-2.08 0.054 32.61333679085563
-2.08 0.052 34.02211706421458
-2.08 0.05 35.56407587810878
-2.08 0.048 37.25036099943560
-2.08 0.046 39.09599401031092
-2.08 0.044 41.12016700609971
-2.08 0.042 43.34671432346599
-2.08 0.04 45.80486629795293
-2.08 0.038 48.53038365454356
-2.08 0.036 51.56718939108130
-2.08 0.034 54.96966379833503
-2.08 0.032 58.80585645730712
-2.08 0.03 63.16201530152135
-2.08 0.028 68.14907296320293
-2.08 0.026 73.91213402477558
-2.08 0.024 80.64470881414987
-2.08 0.022 88.61071224425531
-2.08 0.02 98.17966258341519
-2.08 0.018 109.88534651304889
-2.08 0.016 124.52848338566554
-2.08 0.014 143.36738781346111
-2.08 0.012 168.49929524724834
-2.08 0.01 203.69927867071169
-2.08 0.008 256.51754027564095
-2.08 0.006 344.57118248692279
-2.08 0.004 520.68809985707890
-2.08 0.002 1042.05358796215546
-2.04 0.2 1.00000000000000
-2.04 0.198 1.00000000000000
-2.04 0.196 1.00000000000000
-2.04 0.194 1.00000000000000
-2.04 0.192 1.00000000000000
-2.04 0.19 1.00000000000000
-2.04 0.188 1.00000000000000
-2.04 0.186 1.00000000000000
-2.04 0.184 1.00000000000000
-2.04 0.182 1.00000000000000
-2.04 0.18 1.00000000000000
-2.04 0.178 1.00000000000000
-2.04 0.176 1.00000000000000
-2.04 0.174 1.00000000000000
-2.04 0.172 1.00000000000000
-2.04 0.17 1.00000000000000
-2.04 0.168 1.00000000000000
-2.04 0.166 1.00000000000000
-2.04 0.164 1.00000000000000
-2.04 0.162 1.00000000000000
-2.04 0.16 1.00000000000000
-2.04 0.158 1.00000000000000
-2.04 0.156 1.00000000000000
-2.04 0.154 1.00000000000000
-2.04 0.152 1.00000000000000
-2.04 0.15 1.00000000000000
-2.04 0.148 1.00000000000000
-2.04 0.146 1.00000000000000
-2.04 0.144 1.00000000000000
-2.04 0.142 1.00000000000000
-2.04 0.14 1.00000000000000
-2.04 0.138 1.00000000000000
-2.04 0.136 1.00000000000000
-2.04 0.134 1.00000000000000
-2.04 0.132 1.00000000000000
-2.04 0.13 1.00000000000000
-2.04 0.128 1.00000000000000
-2.04 0.126 1.00000000000000
-2.04 0.124 1.00000000000000
-2.04 0.122 1.00000000000000
-2.04 0.12 1.00000000000000
-2.04 0.118 1.00000000000000
-2.04 0.116 1.00000000000000
-2.04 0.114 1.00000000000000
-2.04 0.112 1.00000000000000
-2.04 0.11 1.00000000000000
-2.04 0.108 1.00000000000000
-2.04 0.106 1.00000000000000
-2.04 0.104 23.20045736050223
-2.04 0.102 23.25555010096197
-2.04 0.1 23.31081486295727
-2.04 0.098 23.36855421929738
-2.04 0.096 23.42956841617529
-2.04 0.094 23.49462819220042
-2.04 0.092 23.56464841062170
-2.04 0.09 23.64078111077461
-2.04 0.088 23.72451050156499
-2.04 0.086 23.81777070110653
-2.04 0.084 23.92309786322002
-2.04 0.082 24.04382565215682
-2.04 0.08 24.18432892901994
-2.04 0.078 24.35031045181372
-2.04 0.076 24.54910416689868
-2.04 0.074 24.78993128560446
-2.04 0.072 25.08399251328638
-2.04 0.07 25.44422985872944
-2.04 0.068 25.88459356891251
-2.04 0.066 26.41877507407631
-2.04 0.064 27.05864271568230
-2.04 0.062 27.81292293118538
-2.04 0.06 28.68674061451236
-2.04 0.058 29.68230052858404
-2.04 0.056 30.80044670821992
-2.04 0.054 32.04249212526195
-2.04 0.052 33.41177292673218
-2.04 0.05 34.91469302880633
-2.04 0.048 36.56131622388889
-2.04 0.046 38.36570434205674
-2.04 0.044 40.34621456096745
-2.04 0.042 42.52592911409655
-2.04 0.04 44.93334926926472
-2.04 0.038 47.60346576822835
-2.04 0.036 50.57932718549063
-2.04 0.034 53.91426998549655
-2.04 0.032 57.67505767959720
-2.04 0.03 61.94631888421877
-2.04 0.028 66.83690996610964
-2.04 0.026 72.48922458382056
-2.04 0.024 79.09316216783211
-2.04 0.022 86.90771722085283
-2.04 0.02 96.29552295098024
-2.04 0.018 107.78042451123476
-2.04 0.016 122.14823261928079
-2.04 0.014 140.63383785805075
-2.04 0.012 165.29543971884112
-2.04 0.01 199.83785095850226
-2.04 0.008 251.67075848793263
-2.04 0.006 338.08340397918607
-2.04 0.004 510.92053753121064
-2.04 0.002 1022.57998415288012
-2 0.2 21.69016786768790
-2 0.198 1.00000000000000
-2 0.196 1.00000000000000
-2 0.194 1.00000000000000
-2 0.192 1.00000000000000
-2 0.19 1.00000000000000
-2 0.188 1.00000000000000
-2 0.186 1.00000000000000
-2 0.184 1.00000000000000
-2 0.182 1.00000000000000
-2 0.18 1.00000000000000
-2 0.178 1.00000000000000
-2 0.176 1.00000000000000
-2 0.174 1.00000000000000
-2 0.172 1.00000000000000
-2 0.17 1.00000000000000
-2 0.168 1.00000000000000
-2 0.166 1.00000000000000
-2 0.164 1.00000000000000
-2 0.162 1.00000000000000
-2 0.16 1.00000000000000
-2 0.158 1.00000000000000
-2 0.156 1.00000000000000
-2 0.154 1.00000000000000
-2 0.152 1.00000000000000
-2 0.15 1.00000000000000
-2 0.148 1.00000000000000
-2 0.146 1.00000000000000
-2 0.144 1.00000000000000
-2 0.142 1.00000000000000
-2 0.14 1.00000000000000
-2 0.138 1.00000000000000
-2 0.136 1.00000000000000
-2 0.134 1.00000000000000
-2 0.132 1.00000000000000
-2 0.13 1.00000000000000
-2 0.128 1.00000000000000
-2 0.126 1.00000000000000
-2 0.124 1.00000000000000
-2 0.122 1.00000000000000
-2 0.12 1.00000000000000
-2 0.118 1.00000000000000
-2 0.116 1.00000000000000
-2 0.114 1.00000000000000
-2 0.112 1.00000000000000
-2 0.11 1.00000000000000
-2 0.108 1.00000000000000
-2 0.106 1.00000000000000
-2 0.104 1.00000000000000
-2 0.102 1.00000000000000
-2 0.1 23.30280587852426
-2 0.098 23.36092083403845
-2 0.096 23.42082258423602
-2 0.094 23.48412684161457
-2 0.092 23.55178931406886
-2 0.09 23.62486006408082
-2 0.088 23.70464378905128
-2 0.086 23.79282056511515
-2 0.084 23.89158511254355
-2 0.082 24.00382327111191
-2 0.08 24.13333610770534
-2 0.078 24.28511472310316
-2 0.076 24.46565398292208
-2 0.074 24.68326444055132
-2 0.072 24.94829423547909
-2 0.07 25.27311291583398
-2 0.068 25.67166901682716
-2 0.066 26.15848037792244
-2 0.064 26.74712203164911
-2 0.062 27.44861558907973
-2 0.06 28.27038179928948
-2 0.058 29.21630539770359
-2 0.056 30.28795066031759
-2 0.054 31.48642572006110
-2 0.052 32.81422637949664
-2 0.05 34.27662317081212
-2 0.048 35.88251169122326
-2 0.046 37.64488601131910
-2 0.044 39.58117005389946
-2 0.042 41.71361889891218
-2 0.04 44.06995432844862
-2 0.038 46.68436680988425
-2 0.036 49.59901418318288
-2 0.034 52.86618127966028
-2 0.032 56.55134230352529
-2 0.03 60.73750556458869
-2 0.028 65.53145128396643
-2 0.026 71.07286301244518
-2 0.024 77.54803082293262
-2 0.022 85.21103125167983
-2 0.02 94.41761622273393
-2 0.018 105.68169517166854
-2 0.016 119.77417926761406
-2 0.014 137.90654973294727
-2 0.012 162.09799496741786
-2 0.01 195.98311272866138
-2 0.008 246.83116563774530
-2 0.006 331.60374758088045
-2 0.004 501.16310334911071
-2 0.002 1003.12264842932291
-1.96 0.2 21.69728073475983
-1.96 0.198 21.71886637187541
-1.96 0.196 21.74033842895203
-1.96 0.194 21.76117264878986
-1.96 0.192 1.00000000000000
-1.96 0.19 1.00000000000000
-1.96 0.188 1.00000000000000
-1.96 0.186 1.00000000000000
-1.96 0.184 1.00000000000000
-1.96 0.182 1.00000000000000
-1.96 0.18 1.00000000000000
-1.96 0.178 1.00000000000000
-1.96 0.176 1.00000000000000
-1.96 0.174 1.00000000000000
-1.96 0.172 1.00000000000000
-1.96 0.17 1.00000000000000
-1.96 0.168 1.00000000000000
-1.96 0.166 1.00000000000000
-1.96 0.164 1.00000000000000
-1.96 0.162 1.00000000000000
-1.96 0.16 1.00000000000000
-1.96 0.158 1.00000000000000
-1.96 0.156 1.00000000000000
-1.96 0.154 1.00000000000000
-1.96 0.152 1.00000000000000
-1.96 0.15 1.00000000000000
-1.96 0.148 1.00000000000000
-1.96 0.146 1.00000000000000
-1.96 0.144 1.00000000000000
-1.96 0.142 1.00000000000000
-1.96 0.14 1.00000000000000
-1.96 0.138 1.00000000000000
-1.96 0.136 1.00000000000000
-1.96 0.134 1.00000000000000
-1.96 0.132 1.00000000000000
-1.96 0.13 1.00000000000000
-1.96 0.128 1.00000000000000
-1.96 0.126 1.00000000000000
-1.96 0.124 1.00000000000000
-1.96 0.122 1.00000000000000
-1.96 0.12 1.00000000000000
-1.96 0.118 1.00000000000000
-1.96 0.116 1.00000000000000
-1.96 0.114 1.00000000000000
-1.96 0.112 1.00000000000000
-1.96 0.11 1.00000000000000
-1.96 0.108 1.00000000000000
-1.96 0.106 1.00000000000000
-1.96 0.104 1.00000000000000
-1.96 0.102 1.00000000000000
-1.96 0.1 1.00000000000000
-1.96 0.098 1.00000000000000
-1.96 0.096 23.41215838841370
-1.96 0.094 23.47487190272042
-1.96 0.092 23.54075747126815
-1.96 0.09 23.61130131046144
-1.96 0.088 23.68775117117553
-1.96 0.086 23.77159880630930
-1.96 0.084 23.86475551065346
-1.96 0.082 23.96972125075446
-1.96 0.08 24.08979039462899
-1.96 0.078 24.22930818904258
-1.96 0.076 24.39397831295766
-1.96 0.074 24.59120011773108
-1.96 0.072 24.83037538319233
-1.96 0.07 25.12306608798789
-1.96 0.068 25.48282227748229
-1.96 0.066 25.92448332237323
-1.96 0.064 26.46287079454176
-1.96 0.062 27.11108770356221
-1.96 0.06 27.87900559199363
-1.96 0.058 28.77265343399147
-1.96 0.056 29.79488412455693
-1.96 0.054 30.94706533550131
-1.96 0.052 32.23111270528253
-1.96 0.05 33.65123257627284
-1.96 0.048 35.21509940752043
-1.96 0.046 36.93453484725808
-1.96 0.044 38.82592096522125
-1.96 0.042 40.91059672175601
-1.96 0.04 43.21544164001994
-1.96 0.038 45.77380668618197
-1.96 0.036 48.62693711439137
-1.96 0.034 51.82605532471221
-1.96 0.032 55.43534159520717
-1.96 0.03 59.53618238434152
-1.96 0.028 64.23328171646725
-1.96 0.026 69.66361385610951
-1.96 0.024 76.00986109997349
-1.96 0.022 83.52118458483679
-1.96 0.02 92.54645892376158
-1.96 0.018 103.58966396223357
-1.96 0.016 117.40682091674545
-1.96 0.014 135.18601715735437
-1.96 0.012 158.90745630292517
-1.96 0.01 192.13556898580597
-1.96 0.008 241.99928987999465
-1.96 0.006 325.13279061349135
-1.96 0.004 491.41648754595968
-1.96 0.002 983.68262636953784
-1.92 0.2 21.69902816394861
-1.92 0.198 21.72104367951664
-1.92 0.196 21.74322991349906
-1.92 0.194 21.76556588977411
-1.92 0.192 21.78801117824083
-1.92 0.19 21.81047959209403
-1.92 0.188 21.83274526797641
-1.92 0.186 21.85381622316708
-1.92 0.184 1.00000000000000
-1.92 0.182 1.00000000000000
-1.92 0.18 1.00000000000000
-1.92 0.178 1.00000000000000
-1.92 0.176 1.00000000000000
-1.92 0.174 1.00000000000000
-1.92 0.172 1.00000000000000
-1.92 0.17 1.00000000000000
-1.92 0.168 1.00000000000000
-1.92 0.166 1.00000000000000
-1.92 0.164 1.00000000000000
-1.92 0.162 1.00000000000000
-1.92 0.16 1.00000000000000
-1.92 0.158 1.00000000000000
-1.92 0.156 1.00000000000000
-1.92 0.154 1.00000000000000
-1.92 0.152 1.00000000000000
-1.92 0.15 1.00000000000000
-1.92 0.148 1.00000000000000
-1.92 0.146 1.00000000000000
-1.92 0.144 1.00000000000000
-1.92 0.142 1.00000000000000
-1.92 0.14 1.00000000000000
-1.92 0.138 1.00000000000000
-1.92 0.136 1.00000000000000
-1.92 0.134 1.00000000000000
-1.92 0.132 1.00000000000000
-1.92 0.13 1.00000000000000
-1.92 0.128 1.00000000000000
-1.92 0.126 1.00000000000000
-1.92 0.124 1.00000000000000
-1.92 0.122 1.00000000000000
-1.92 0.12 1.00000000000000
-1.92 0.118 1.00000000000000
-1.92 0.116 1.00000000000000
-1.92 0.114 1.00000000000000
-1.92 0.112 1.00000000000000
-1.92 0.11 1.00000000000000
-1.92 0.108 1.00000000000000
-1.92 0.106 1.00000000000000
-1.92 0.104 1.00000000000000
-1.92 0.102 1.00000000000000
-1.92 0.1 1.00000000000000
-1.92 0.098 1.00000000000000
-1.92 0.096 1.00000000000000
-1.92 0.094 1.00000000000000
-1.92 0.092 23.53067015240595
-1.92 0.09 23.59967038450726
-1.92 0.088 23.67344620478007
-1.92 0.086 23.75366207459532
-1.92 0.084 23.84205583017270
-1.92 0.082 23.94081581135765
-1.92 0.08 24.05280119945939
-1.92 0.078 24.18178451737764
-1.92 0.076 24.33274450548575
-1.92 0.074 24.51220663687022
-1.92 0.072 24.72859639744188
-1.92 0.07 24.99251958738592
-1.92 0.068 25.31681552409593
-1.92 0.066 25.71617297712804
-1.92 0.064 26.20612815164139
-1.92 0.062 26.80146996413664
-1.92 0.06 27.51445772968816
-1.92 0.058 28.35358554789543
-1.92 0.056 29.32355393084877
-1.92 0.054 30.42654941349583
-1.92 0.052 31.66429284858901
-1.92 0.05 33.04009404009000
-1.92 0.048 34.56040682271692
-1.92 0.046 36.23579215723480
-1.92 0.044 38.08147667373378
-1.92 0.042 40.11778094138772
-1.92 0.04 42.37066566057415
-1.92 0.038 44.87259225955805
-1.92 0.036 47.66386445520196
-1.92 0.034 50.79462741835250
-1.92 0.032 54.32776093001907
-1.92 0.03 58.34302727126681
-1.92 0.028 62.94305396210137
-1.92 0.026 68.26210676094450
-1.92 0.024 74.47926183506532
-1.92 0.022 81.83876762121199
-1.92 0.02 90.68262560679646
-1.92 0.018 101.50489251681434
-1.92 0.016 115.04670976104858
-1.92 0.014 132.47278727102486
-1.92 0.012 155.72437175155542
-1.92 0.01 188.29577743906646
-1.92 0.008 237.17571317896778
-1.92 0.006 318.67116742694793
-1.92 0.004 481.68144571709934
-1.92 0.002 964.26105628463563
-1.88 0.2 21.70000833976513
-1.88 0.198 21.72215717591375
-1.88 0.196 21.74451604384709
-1.88 0.194 21.76708408787957
-1.88 0.192 21.78985822629035
-1.88 0.19 21.81283171320425
-1.88 0.188 21.83599142387087
-1.88 0.186 21.85931221364440
-1.88 0.184 21.88274351134432
-1.88 0.182 21.90617026992529
-1.88 0.18 21.92925023332245
-1.88 0.178 21.94953002428759
-1.88 0.176 1.00000000000000
-1.88 0.174 1.00000000000000
-1.88 0.172 1.00000000000000
-1.88 0.17 1.00000000000000
-1.88 0.168 1.00000000000000
-1.88 0.166 1.00000000000000
-1.88 0.164 1.00000000000000
-1.88 0.162 1.00000000000000
-1.88 0.16 1.00000000000000
-1.88 0.158 1.00000000000000
-1.88 0.156 1.00000000000000
-1.88 0.154 1.00000000000000
-1.88 0.152 1.00000000000000
-1.88 0.15 1.00000000000000
-1.88 0.148 1.00000000000000
-1.88 0.146 1.00000000000000
-1.88 0.144 1.00000000000000
-1.88 0.142 1.00000000000000
-1.88 0.14 1.00000000000000
-1.88 0.138 1.00000000000000
-1.88 0.136 1.00000000000000
-1.88 0.134 1.00000000000000
-1.88 0.132 1.00000000000000
-1.88 0.13 1.00000000000000
-1.88 0.128 1.00000000000000
-1.88 0.126 1.00000000000000
-1.88 0.124 1.00000000000000
-1.88 0.122 1.00000000000000
-1.88 0.12 1.00000000000000
-1.88 0.118 1.00000000000000
-1.88 0.116 1.00000000000000
-1.88 0.114 1.00000000000000
-1.88 0.112 1.00000000000000
-1.88 0.11 1.00000000000000
-1.88 0.108 1.00000000000000
-1.88 0.106 1.00000000000000
-1.88 0.104 1.00000000000000
-1.88 0.102 1.00000000000000
-1.88 0.1 1.00000000000000
-1.88 0.098 1.00000000000000
-1.88 0.096 1.00000000000000
-1.88 0.094 1.00000000000000
-1.88 0.092 1.00000000000000
-1.88 0.09 23.58409085542753
-1.88 0.088 23.66102494644004
-1.88 0.086 23.73855744208913
-1.88 0.084 23.82300679723293
-1.88 0.082 23.91651344835030
-1.88 0.08 24.02160917401564
-1.88 0.078 24.14157878522427
-1.88 0.076 24.28075528442481
-1.88 0.074 24.44485397842164
-1.88 0.072 24.64134390059226
-1.88 0.07 24.87980392165344
-1.88 0.068 25.17214557500318
-1.88 0.066 25.53250986928321
-1.88 0.064 25.97661098797657
-1.88 0.062 26.52040129673943
-1.88 0.06 27.17824505605051
-1.88 0.058 27.96121545537731
-1.88 0.056 28.87632976746336
-1.88 0.054 29.92719958874932
-1.88 0.052 31.11585833740764
-1.88 0.05 32.44500824674733
-1.88 0.048 33.91996295057688
-1.88 0.046 35.54996946762070
-1.88 0.044 37.34898971524800
-1.88 0.042 39.33621303798187
-1.88 0.04 41.53659030473412
-1.88 0.038 43.98163073621783
-1.88 0.036 46.71065867948229
-1.88 0.034 49.77272198750238
-1.88 0.032 53.22939070020118
-1.88 0.03 57.15879944428178
-1.88 0.028 61.66149854577090
-1.88 0.026 66.86904596698599
-1.88 0.024 72.95691346798287
-1.88 0.022 80.16443961513521
-1.88 0.02 88.82675719348292
-1.88 0.018 99.42800664858586
-1.88 0.016 112.69446032451145
-1.88 0.014 129.76746810668544
-1.88 0.012 152.54934933407199
-1.88 0.01 184.46435566210783
-1.88 0.008 232.36107846838146
-1.88 0.006 312.21957677830380
-1.88 0.004 471.95880693477221
-1.88 0.002 944.85917993952467
-1.84 0.2 21.70065728376870
-1.84 0.198 21.72286817589330
-1.84 0.196 21.74530159615383
-1.84 0.194 21.76796057304520
-1.84 0.192 21.79084771431016
-1.84 0.19 21.81396497843497
-1.84 0.188 21.83731331936756
-1.84 0.186 21.86089211299779
-1.84 0.184 21.88469818660990
-1.84 0.182 21.90872407460738
-1.84 0.18 21.93295462739808
-1.84 0.178 21.95735967832551
-1.84 0.176 21.98187557543164
-1.84 0.174 22.00634604291383
-1.84 0.172 22.03022141194816
-1.84 0.17 1.00000000000000
-1.84 0.168 1.00000000000000
-1.84 0.166 1.00000000000000
-1.84 0.164 1.00000000000000
-1.84 0.162 1.00000000000000
-1.84 0.16 1.00000000000000
-1.84 0.158 1.00000000000000
-1.84 0.156 1.00000000000000
-1.84 0.154 1.00000000000000
-1.84 0.152 1.00000000000000
-1.84 0.15 1.00000000000000
-1.84 0.148 1.00000000000000
-1.84 0.146 1.00000000000000
-1.84 0.144 1.00000000000000
-1.84 0.142 1.00000000000000
-1.84 0.14 1.00000000000000
-1.84 0.138 1.00000000000000
-1.84 0.136 1.00000000000000
-1.84 0.134 1.00000000000000
-1.84 0.132 1.00000000000000
-1.84 0.13 1.00000000000000
-1.84 0.128 1.00000000000000
-1.84 0.126 1.00000000000000
-1.84 0.124 1.00000000000000
-1.84 0.122 1.00000000000000
-1.84 0.12 1.00000000000000
-1.84 0.118 1.00000000000000
-1.84 0.116 1.00000000000000
-1.84 0.114 1.00000000000000
-1.84 0.112 1.00000000000000
-1.84 0.11 1.00000000000000
-1.84 0.108 1.00000000000000
-1.84 0.106 1.00000000000000
-1.84 0.104 1.00000000000000
-1.84 0.102 1.00000000000000
-1.84 0.1 1.00000000000000
-1.84 0.098 1.00000000000000
-1.84 0.096 1.00000000000000
-1.84 0.094 1.00000000000000
-1.84 0.092 1.00000000000000
-1.84 0.09 1.00000000000000
-1.84 0.088 1.00000000000000
-1.84 0.086 23.72389150599039
-1.84 0.084 23.80699717173268
-1.84 0.082 23.89629377884763
-1.84 0.08 23.99558653752215
-1.84 0.078 24.10788158080452
-1.84 0.076 24.23697519810133
-1.84 0.074 24.38785827453943
-1.84 0.072 24.56710024166282
-1.84 0.07 24.78324617663422
-1.84 0.068 25.04715460497190
-1.84 0.066 25.37211998647707
-1.84 0.064 25.77355092065338
-1.84 0.062 26.26798546676552
-1.84 0.06 26.87142727587980
-1.84 0.058 27.59740319140193
-1.84 0.056 28.45554486114916
-1.84 0.054 29.45146838727045
-1.84 0.052 30.58812079884907
-1.84 0.05 31.86801906678282
-1.84 0.048 33.29552451230855
-1.84 0.046 34.87857617923318
-1.84 0.044 36.62978078623026
-1.84 0.042 38.56707901060277
-1.84 0.04 40.71430724254110
-1.84 0.038 43.10194574638594
-1.84 0.036 45.76829086958644
-1.84 0.034 48.76126622906304
-1.84 0.032 52.14111922365245
-1.84 0.03 55.98435171970399
-1.84 0.028 60.38943557967419
-1.84 0.026 65.48522156212745
-1.84 0.024 71.44357878808077
-1.84 0.022 78.49893895594639
-1.84 0.02 86.97957082371410
-1.84 0.018 97.35970580328170
-1.84 0.016 110.35075855947851
-1.84 0.014 127.07073738374505
-1.84 0.012 149.38306561697320
-1.84 0.01 180.64198948793688
-1.84 0.008 227.55609802403188
-1.84 0.006 305.77879042854352
-1.84 0.004 462.24948315241733
-1.84 0.002 925.47835484624215
-1.8 0.2 21.70111966105076
-1.8 0.198 21.72336418557374
-1.8 0.196 21.74583664882701
-1.8 0.194 21.76854131335352
-1.8 0.192 21.79148241935291
-1.8 0.19 21.81466413185245
-1.8 0.188 21.83809046423415
-1.8 0.186 21.86176516608251
-1.8 0.184 21.88569155562139
-1.8 0.182 21.90987226323491
-1.8 0.18 21.93430882661959
-1.8 0.178 21.95900102617887
-1.8 0.176 21.98394573817874
-1.8 0.174 22.00913482381240
-1.8 0.172 22.03455089674560
-1.8 0.17 22.06015777429363
-1.8 0.168 22.08587485181637
-1.8 0.166 22.11148550423553
-1.8 0.164 22.13602365472350
-1.8 0.162 1.00000000000000
-1.8 0.16 1.00000000000000
-1.8 0.158 1.00000000000000
-1.8 0.156 1.00000000000000
-1.8 0.154 1.00000000000000
-1.8 0.152 1.00000000000000
-1.8 0.15 1.00000000000000
-1.8 0.148 1.00000000000000
-1.8 0.146 1.00000000000000
-1.8 0.144 1.00000000000000
-1.8 0.142 1.00000000000000
-1.8 0.14 1.00000000000000
-1.8 0.138 1.00000000000000
-1.8 0.136 1.00000000000000
-1.8 0.134 1.00000000000000
-1.8 0.132 1.00000000000000
-1.8 0.13 1.00000000000000
-1.8 0.128 1.00000000000000
-1.8 0.126 1.00000000000000
-1.8 0.124 1.00000000000000
-1.8 0.122 1.00000000000000
-1.8 0.12 1.00000000000000
-1.8 0.118 1.00000000000000
-1.8 0.116 1.00000000000000
-1.8 0.114 1.00000000000000
-1.8 0.112 1.00000000000000
-1.8 0.11 1.00000000000000
-1.8 0.108 1.00000000000000
-1.8 0.106 1.00000000000000
-1.8 0.104 1.00000000000000
-1.8 0.102 1.00000000000000
-1.8 0.1 1.00000000000000
-1.8 0.098 1.00000000000000
-1.8 0.096 1.00000000000000
-1.8 0.094 1.00000000000000
-1.8 0.092 1.00000000000000
-1.8 0.09 1.00000000000000
-1.8 0.088 1.00000000000000
-1.8 0.086 1.00000000000000
-1.8 0.084 1.00000000000000
-1.8 0.082 23.87873682866967
-1.8 0.08 23.97414146352602
-1.8 0.078 24.08004531358481
-1.8 0.076 24.20056082878003
-1.8 0.074 24.34012697738818
-1.8 0.072 24.50450892284793
-1.8 0.07 24.70126203124869
-1.8 0.068 24.94014635706518
-1.8 0.066 25.23341475963912
-1.8 0.064 25.59577914065566
-1.8 0.062 26.04380184522340
-1.8 0.06 26.59454466332088
-1.8 0.058 27.26363290949351
-1.8 0.056 28.06337648716328
-1.8 0.054 29.00185985973740
-1.8 0.052 30.08358069467095
-1.8 0.05 31.31141827384267
-1.8 0.048 32.68909967298649
-1.8 0.046 34.22334943258962
-1.8 0.044 35.92536777995680
-1.8 0.042 37.81173506250293
-1.8 0.04 39.90505810449456
-1.8 0.038 42.23469683358241
-1.8 0.036 44.83785833658447
-1.8 0.034 47.76130645926072
-1.8 0.032 51.06394818328618
-1.8 0.03 54.82064520409901
-1.8 0.028 59.12778878183959
-1.8 0.026 64.11152285275773
-1.8 0.024 69.94011572474736
-1.8 0.022 76.84309539586951
-1.8 0.02 85.14187155874207
-1.8 0.018 95.30077427986187
-1.8 0.016 108.01637263313479
-1.8 0.014 124.38335291774078
-1.8 0.012 146.22627581719348
-1.8 0.01 176.82944290747380
-1.8 0.008 222.76156330838020
-1.8 0.006 299.34966321172567
-1.8 0.004 452.55448015593925
-1.8 0.002 906.12006842200867
-1.76 0.2 21.70146224110262
-1.76 0.198 21.72372606294444
-1.76 0.196 21.74622055141584
-1.76 0.194 21.76895047241420
-1.76 0.192 21.79192069574626
-1.76 0.19 21.81513618402579
-1.76 0.188 21.83860197571343
-1.76 0.186 21.86232315984789
-1.76 0.184 21.88630483880213
-1.76 0.182 21.91055207350912
-1.76 0.18 21.93506980254132
-1.76 0.178 21.95986272123380
-1.76 0.176 21.98493509803553
-1.76 0.174 22.01029048881797
-1.76 0.172 22.03593127838667
-1.76 0.17 22.06185791430336
-1.76 0.168 22.08806755751699
-1.76 0.166 22.11455153635654
-1.76 0.164 22.14129007490001
-1.76 0.162 22.16823985299385
-1.76 0.16 22.19529821553142
-1.76 0.158 22.22215754992003
-1.76 0.156 22.24678827207664
-1.76 0.154 1.00000000000000
-1.76 0.152 1.00000000000000
-1.76 0.15 1.00000000000000
-1.76 0.148 1.00000000000000
-1.76 0.146 1.00000000000000
-1.76 0.144 1.00000000000000
-1.76 0.142 1.00000000000000
-1.76 0.14 1.00000000000000
-1.76 0.138 1.00000000000000
-1.76 0.136 1.00000000000000
-1.76 0.134 1.00000000000000
-1.76 0.132 1.00000000000000
-1.76 0.13 1.00000000000000
-1.76 0.128 1.00000000000000
-1.76 0.126 1.00000000000000
-1.76 0.124 1.00000000000000
-1.76 0.122 1.00000000000000
-1.76 0.12 1.00000000000000
-1.76 0.118 1.00000000000000
-1.76 0.116 1.00000000000000
-1.76 0.114 1.00000000000000
-1.76 0.112 1.00000000000000
-1.76 0.11 1.00000000000000
-1.76 0.108 1.00000000000000
-1.76 0.106 1.00000000000000
-1.76 0.104 1.00000000000000
-1.76 0.102 1.00000000000000
-1.76 0.1 1.00000000000000
-1.76 0.098 1.00000000000000
-1.76 0.096 1.00000000000000
-1.76 0.094 1.00000000000000
-1.76 0.092 1.00000000000000
-1.76 0.09 1.00000000000000
-1.76 0.088 1.00000000000000
-1.76 0.086 1.00000000000000
-1.76 0.084 1.00000000000000
-1.76 0.082 1.00000000000000
-1.76 0.08 1.00000000000000
-1.76 0.078 24.05713225826129
-1.76 0.076 24.17086967240099
-1.76 0.074 24.30082040615800
-1.76 0.072 24.45245264595168
-1.76 0.07 24.63245354311582
-1.76 0.068 24.84950870554042
-1.76 0.066 25.11473049749969
-1.76 0.064 25.44185336682164
-1.76 0.062 25.84697589686412
-1.76 0.06 26.34760088015985
-1.76 0.058 26.96091785191414
-1.76 0.056 27.70172098329298
-1.76 0.054 28.58082639063041
-1.76 0.052 29.60487169116661
-1.76 0.05 30.77773485453222
-1.76 0.048 32.10296613994092
-1.76 0.046 33.58628494389198
-1.76 0.044 35.23749898858699
-1.76 0.042 37.07173837699113
-1.76 0.04 39.11026159534776
-1.76 0.038 41.38120332130180
-1.76 0.036 43.92060609668203
-1.76 0.034 46.77402794482290
-1.76 0.032 49.99901126492801
-1.76 0.03 53.66876697979269
-1.76 0.028 57.87760232868527
-1.76 0.026 62.74895444850058
-1.76 0.024 68.44749268998106
-1.76 0.022 75.19784470013879
-1.76 0.02 83.31456638637205
-1.76 0.018 93.25209464130661
-1.76 0.016 105.69216580119216
-1.76 0.014 121.70616502429755
-1.76 0.012 143.07982581960229
-1.76 0.01 173.02756981429357
-1.76 0.008 217.97835661662194
-1.76 0.006 292.93314489833841
-1.76 0.004 442.87491038678985
-1.76 0.002 886.78595436970363
-1.72 0.2 21.70172173793395
-1.72 0.198 21.72399655251888
-1.72 0.196 21.74650351508945
-1.72 0.194 21.76924762734109
-1.72 0.192 21.79223404422051
-1.72 0.19 21.81546807601745
-1.72 0.188 21.83895518902651
-1.72 0.186 21.86270100416452
-1.72 0.184 21.88671129265861
-1.72 0.182 21.91099196754239
-1.72 0.18 21.93554906911626
-1.72 0.178 21.96038874170358
-1.72 0.176 21.98551719763968
-1.72 0.174 22.01094066232096
-1.72 0.172 22.03666529061795
-1.72 0.17 22.06269703894073
-1.72 0.168 22.08904146672729
-1.72 0.166 22.11570342160697
-1.72 0.164 22.14268652457648
-1.72 0.162 22.16999229283807
-1.72 0.16 22.19761856137320
-1.72 0.158 22.22555642693148
-1.72 0.156 22.25378370543207
-1.72 0.154 22.28224874275645
-1.72 0.152 22.31082014868458
-1.72 0.15 22.33904786845876
-1.72 0.148 1.00000000000000
-1.72 0.146 1.00000000000000
-1.72 0.144 1.00000000000000
-1.72 0.142 1.00000000000000
-1.72 0.14 1.00000000000000
-1.72 0.138 1.00000000000000
-1.72 0.136 1.00000000000000
-1.72 0.134 1.00000000000000
-1.72 0.132 1.00000000000000
-1.72 0.13 1.00000000000000
-1.72 0.128 1.00000000000000
-1.72 0.126 1.00000000000000
-1.72 0.124 1.00000000000000
-1.72 0.122 1.00000000000000
-1.72 0.12 1.00000000000000
-1.72 0.118 1.00000000000000
-1.72 0.116 1.00000000000000
-1.72 0.114 1.00000000000000
-1.72 0.112 1.00000000000000
-1.72 0.11 1.00000000000000
-1.72 0.108 1.00000000000000
-1.72 0.106 1.00000000000000
-1.72 0.104 1.00000000000000
-1.72 0.102 1.00000000000000
-1.72 0.1 1.00000000000000
-1.72 0.098 1.00000000000000
-1.72 0.096 1.00000000000000
-1.72 0.094 1.00000000000000
-1.72 0.092 1.00000000000000
-1.72 0.09 1.00000000000000
-1.72 0.088 1.00000000000000
-1.72 0.086 1.00000000000000
-1.72 0.084 1.00000000000000
-1.72 0.082 1.00000000000000
-1.72 0.08 1.00000000000000
-1.72 0.078 1.00000000000000
-1.72 0.076 1.00000000000000
-1.72 0.074 24.26927032624771
-1.72 0.072 24.41017906495600
-1.72 0.07 24.57574991102524
-1.72 0.068 24.77386534751366
-1.72 0.066 25.01449536360062
-1.72 0.064 25.31022644784750
-1.72 0.062 25.67631231717533
-1.72 0.06 26.13011695835778
-1.72 0.058 26.68975882374978
-1.72 0.056 27.37208701680389
-1.72 0.054 28.19065362550057
-1.72 0.052 29.15468179872520
-1.72 0.05 30.26970534947570
-1.72 0.048 31.53968015408443
-1.72 0.046 32.96966716760856
-1.72 0.044 34.56819049485912
-1.72 0.042 36.34888396733256
-1.72 0.04 38.33154685515654
-1.72 0.038 40.54297390398490
-1.72 0.036 43.01795342871969
-1.72 0.034 45.80077926421949
-1.72 0.032 48.94759693785902
-1.72 0.03 52.52995164598772
-1.72 0.028 56.64006132166787
-1.72 0.026 61.39865574768671
-1.72 0.024 66.96680713780155
-1.72 0.022 73.56424635001362
-1.72 0.02 81.49868111890285
-1.72 0.018 91.21466387016031
-1.72 0.016 103.37911189038425
-1.72 0.014 119.04013140871587
-1.72 0.012 139.94466657247290
-1.72 0.01 169.23732803781942
-1.72 0.008 213.20746494748184
-1.72 0.006 286.53029426384211
-1.72 0.004 433.21200804906465
-1.72 0.002 867.47781173022611
-1.68 0.2 21.70192072196422
-1.68 0.198 21.72420125726721
-1.68 0.196 21.74671476010457
-1.68 0.194 21.76946635045822
-1.68 0.192 21.79246132338858
-1.68 0.19 21.81570515610784
-1.68 0.188 21.83920351503458
-1.68 0.186 21.86296226267550
-1.68 0.184 21.88698746411251
-1.68 0.182 21.91128539278730
-1.68 0.18 21.93586253514692
-1.68 0.178 21.96072559351244
-1.68 0.176 21.98588148626552
-1.68 0.174 22.01133734402167
-1.68 0.172 22.03710049985491
-1.68 0.17 22.06317847066846
-1.68 0.168 22.08957892530928
-1.68 0.166 22.11630963261251
-1.68 0.164 22.14337837855253
-1.68 0.162 22.17079283480521
-1.68 0.16 22.19856034875629
-1.68 0.158 22.22668760207480
-1.68 0.156 22.25518003965795
-1.68 0.154 22.28404087501531
-1.68 0.152 22.31326925832817
-1.68 0.15 22.34285663249310
-1.68 0.148 22.37277865654911
-1.68 0.146 22.40297420072053
-1.68 0.144 22.43327446093507
-1.68 0.142 22.46299459748946
-1.68 0.14 1.00000000000000
-1.68 0.138 1.00000000000000
-1.68 0.136 1.00000000000000
-1.68 0.134 1.00000000000000
-1.68 0.132 1.00000000000000
-1.68 0.13 1.00000000000000
-1.68 0.128 1.00000000000000
-1.68 0.126 1.00000000000000
-1.68 0.124 1.00000000000000
-1.68 0.122 1.00000000000000
-1.68 0.12 1.00000000000000
-1.68 0.118 1.00000000000000
-1.68 0.116 1.00000000000000
-1.68 0.114 1.00000000000000
-1.68 0.112 1.00000000000000
-1.68 0.11 1.00000000000000
-1.68 0.108 1.00000000000000
-1.68 0.106 1.00000000000000
-1.68 0.104 1.00000000000000
-1.68 0.102 1.00000000000000
-1.68 0.1 1.00000000000000
-1.68 0.098 1.00000000000000
-1.68 0.096 1.00000000000000
-1.68 0.094 1.00000000000000
-1.68 0.092 1.00000000000000
-1.68 0.09 1.00000000000000
-1.68 0.088 1.00000000000000
-1.68 0.086 1.00000000000000
-1.68 0.084 1.00000000000000
-1.68 0.082 1.00000000000000
-1.68 0.08 1.00000000000000
-1.68 0.078 1.00000000000000
-1.68 0.076 1.00000000000000
-1.68 0.074 1.00000000000000
-1.68 0.072 1.00000000000000
-1.68 0.07 24.53065566404480
-1.68 0.068 24.71234995849953
-1.68 0.066 24.93148069223633
-1.68 0.064 25.19948500966287
-1.68 0.062 25.53050600627568
-1.68 0.06 25.94127517200086
-1.68 0.058 26.45018611837579
-1.68 0.056 27.07554066384639
-1.68 0.054 27.83335776221150
-1.68 0.052 28.73566155387211
-1.68 0.05 29.79022607964132
-1.68 0.048 31.00207427388492
-1.68 0.046 32.37609742365738
-1.68 0.044 33.91976799754490
-1.68 0.042 35.64524900876498
-1.68 0.04 37.57079497948661
-1.68 0.038 39.72174391719911
-1.68 0.036 42.13152729251071
-1.68 0.034 44.84310277590659
-1.68 0.032 47.91117674157090
-1.68 0.03 51.40560791872998
-1.68 0.028 55.41651696407244
-1.68 0.026 60.06192483095713
-1.68 0.024 65.49930828993492
-1.68 0.022 71.94350515164476
-1.68 0.02 79.69538097708737
-1.68 0.018 89.18961300872073
-1.68 0.016 101.07831408217608
-1.68 0.014 116.38633519145914
-1.68 0.012 136.82187147272708
-1.68 0.01 165.45979624363090
-1.68 0.008 208.44999665003172
-1.68 0.006 280.14229589423223
-1.68 0.004 423.56714702972198
-1.68 0.002 848.19762716801915
-1.64 0.2 21.70207420060457
-1.64 0.198 21.72435688711146
-1.64 0.196 21.74687297513990
-1.64 0.194 21.76962764438488
-1.64 0.192 21.79262625982828
-1.64 0.19 21.81587438092496
-1.64 0.188 21.83937777127626
-1.64 0.186 21.86314240879431
-1.64 0.184 21.88717449633829
-1.64 0.182 21.91148047278777
-1.64 0.18 21.93606702448579
-1.64 0.178 21.96094109693509
-1.64 0.176 21.98610990658275
-1.64 0.174 22.01158095241464
-1.64 0.172 22.03736202696691
-1.64 0.17 22.06346122614902
-1.64 0.168 22.08988695699385
-1.64 0.166 22.11664794199482
-1.64 0.164 22.14375321803912
-1.64 0.162 22.17121212686839
-1.64 0.16 22.19903429238908
-1.64 0.158 22.22722957741624
-1.64 0.156 22.25580800794184
-1.64 0.154 22.28477964517972
-1.64 0.152 22.31415437153643
-1.64 0.15 22.34394152987242
-1.64 0.148 22.37414930183436
-1.64 0.146 22.40478359565266
-1.64 0.144 22.43584594293862
-1.64 0.142 22.46732919242557
-1.64 0.14 22.49920761519581
-1.64 0.138 22.53140979933206
-1.64 0.136 22.56371848160370
-1.64 0.134 22.59502994985565
-1.64 0.132 1.00000000000000
-1.64 0.13 1.00000000000000
-1.64 0.128 1.00000000000000
-1.64 0.126 1.00000000000000
-1.64 0.124 1.00000000000000
-1.64 0.122 1.00000000000000
-1.64 0.12 1.00000000000000
-1.64 0.118 1.00000000000000
-1.64 0.116 1.00000000000000
-1.64 0.114 1.00000000000000
-1.64 0.112 1.00000000000000
-1.64 0.11 1.00000000000000
-1.64 0.108 1.00000000000000
-1.64 0.106 1.00000000000000
-1.64 0.104 1.00000000000000
-1.64 0.102 1.00000000000000
-1.64 0.1 1.00000000000000
-1.64 0.098 1.00000000000000
-1.64 0.096 1.00000000000000
-1.64 0.094 1.00000000000000
-1.64 0.092 1.00000000000000
-1.64 0.09 1.00000000000000
-1.64 0.088 1.00000000000000
-1.64 0.086 1.00000000000000
-1.64 0.084 1.00000000000000
-1.64 0.082 1.00000000000000
-1.64 0.08 1.00000000000000
-1.64 0.078 1.00000000000000
-1.64 0.076 1.00000000000000
-1.64 0.074 1.00000000000000
-1.64 0.072 1.00000000000000
-1.64 0.07 1.00000000000000
-1.64 0.068 24.66198274727108
-1.64 0.066 24.86539943285261
-1.64 0.064 25.10881156622371
-1.64 0.062 25.40851326250113
-1.64 0.06 25.78020416294930
-1.64 0.058 26.24193179485031
-1.64 0.056 26.81275169556347
-1.64 0.054 27.51063777127196
-1.64 0.052 28.35034568228162
-1.64 0.05 29.34229843894496
-1.64 0.048 30.49324695189091
-1.64 0.046 31.80852091407858
-1.64 0.044 33.29491461889325
-1.64 0.042 34.96324717938263
-1.64 0.04 36.83019172211480
-1.64 0.038 38.91952330514863
-1.64 0.036 41.26320534164623
-1.64 0.034 43.90277355369712
-1.64 0.032 46.89144112197070
-1.64 0.03 50.29735206246114
-1.64 0.028 54.20851801859286
-1.64 0.026 58.74024818733412
-1.64 0.024 64.04642526905631
-1.64 0.022 70.33699793260318
-1.64 0.02 77.90599594890169
-1.64 0.018 87.17823129159586
-1.64 0.016 98.79102793385255
-1.64 0.014 113.74600694241495
-1.64 0.012 133.71265755839516
-1.64 0.01 161.69619446981292
-1.64 0.008 203.70720157517778
-1.64 0.006 273.77048042782718
-1.64 0.004 413.94186232095080
-1.64 0.002 828.94760121099932
-1.6 0.2 21.70219275676057
-1.6 0.198 21.72447506080029
-1.6 0.196 21.74699096017029
-1.6 0.194 21.76974566224614
-1.6 0.192 21.79274456439207
-1.6 0.19 21.81599326406053
-1.6 0.188 21.83949756960546
-1.6 0.186 21.86326351182628
-1.6 0.184 21.88729735633832
-1.6 0.182 21.91160561678715
-1.6 0.18 21.93619506897739
-1.6 0.178 21.96107276597770
-1.6 0.176 21.98624605420650
-1.6 0.174 22.01172259057341
-1.6 0.172 22.03751036064693
-1.6 0.17 22.06361769784005
-1.6 0.168 22.09005330351362
-1.6 0.166 22.11682626784890
-1.6 0.164 22.14394609118501
-1.6 0.162 22.17142270533033
-1.6 0.16 22.19926649407786
-1.6 0.158 22.22748831168879
-1.6 0.156 22.25609949738849
-1.6 0.154 22.28511188285221
-1.6 0.152 22.31453778779299
-1.6 0.15 22.34438999586008
-1.6 0.148 22.37468169799179
-1.6 0.146 22.40542638156013
-1.6 0.144 22.43663762752704
-1.6 0.142 22.46832874695436
-1.6 0.14 22.50051212533612
-1.6 0.138 22.53319800579348
-1.6 0.136 22.56639211231106
-1.6 0.134 22.60009062323952
-1.6 0.132 22.63426817453927
-1.6 0.13 22.66884317705171
-1.6 0.128 22.70353638091095
-1.6 0.126 22.73637637211485
-1.6 0.124 1.00000000000000
-1.6 0.122 1.00000000000000
-1.6 0.12 1.00000000000000
-1.6 0.118 1.00000000000000
-1.6 0.116 1.00000000000000
-1.6 0.114 1.00000000000000
-1.6 0.112 1.00000000000000
-1.6 0.11 1.00000000000000
-1.6 0.108 1.00000000000000
-1.6 0.106 1.00000000000000
-1.6 0.104 1.00000000000000
-1.6 0.102 1.00000000000000
-1.6 0.1 1.00000000000000
-1.6 0.098 1.00000000000000
-1.6 0.096 1.00000000000000
-1.6 0.094 1.00000000000000
-1.6 0.092 1.00000000000000
-1.6 0.09 1.00000000000000
-1.6 0.088 1.00000000000000
-1.6 0.086 1.00000000000000
-1.6 0.084 1.00000000000000
-1.6 0.082 1.00000000000000
-1.6 0.08 1.00000000000000
-1.6 0.078 1.00000000000000
-1.6 0.076 1.00000000000000
-1.6 0.074 1.00000000000000
-1.6 0.072 1.00000000000000
-1.6 0.07 1.00000000000000
-1.6 0.068 1.00000000000000
-1.6 0.066 1.00000000000000
-1.6 0.064 25.03911552229747
-1.6 0.062 25.31054601571833
-1.6 0.06 25.64663680283291
-1.6 0.058 26.06486802174788
-1.6 0.056 26.58424119806336
-1.6 0.054 27.22396327682082
-1.6 0.052 28.00114605201593
-1.6 0.05 28.92900094150344
-1.6 0.048 30.01656045718812
-1.6 0.046 31.27026098118152
-1.6 0.044 32.69673054796650
-1.6 0.042 34.30569851676336
-1.6 0.04 36.11229680280789
-1.6 0.038 38.13866033963094
-1.6 0.036 40.41517297923912
-1.6 0.034 42.98185057806521
-1.6 0.032 45.89034600321758
-1.6 0.03 49.20705089496263
-1.6 0.028 53.01785091952728
-1.6 0.026 57.43533835433229
-1.6 0.024 62.60980255929138
-1.6 0.022 68.74630701183300
-1.6 0.02 76.13205245636006
-1.6 0.018 85.18199617536308
-1.6 0.016 96.51868993100760
-1.6 0.014 111.12055192154999
-1.6 0.012 130.61841162197769
-1.6 0.01 157.94790934049826
-1.6 0.008 198.98049571157577
-1.6 0.006 267.41634916608842
-1.6 0.004 404.33787585563562
-1.6 0.002 809.73017937319537
-1.56 0.2 21.70228420643367
-1.56 0.198 21.72456426439806
-1.56 0.196 21.74707795437389
-1.56 0.194 21.76983049268403
-1.56 0.192 21.79282728746710
-1.56 0.19 21.81607394915534
-1.56 0.188 21.83957630174856
-1.56 0.186 21.86334039493881
-1.56 0.184 21.88737251716957
-1.56 0.182 21.91167920972394
-1.56 0.18 21.93626728193049
-1.56 0.178 21.96114382760045
-1.56 0.176 21.98631624280232
-1.56 0.174 22.01179224511425
-1.56 0.172 22.03757989447234
-1.56 0.17 22.06368761577092
-1.56 0.168 22.09012422336100
-1.56 0.166 22.11689894759645
-1.56 0.164 22.14402146358425
-1.56 0.162 22.17150192226683
-1.56 0.16 22.19935098394146
-1.56 0.158 22.22757985427377
-1.56 0.156 22.25620032273821
-1.56 0.154 22.28522480328632
-1.56 0.152 22.31466637674835
-1.56 0.15 22.34453883407399
-1.56 0.148 22.37485671878552
-1.56 0.146 22.40563536589527
-1.56 0.144 22.43689093266412
-1.56 0.142 22.46864041335933
-1.56 0.14 22.50090162471761
-1.56 0.138 22.53369313900311
-1.56 0.136 22.56703412342649
-1.56 0.134 22.60094400938459
-1.56 0.132 22.63544184225310
-1.56 0.13 22.67054500049066
-1.56 0.128 22.70626657671583
-1.56 0.126 22.74260961438351
-1.56 0.124 22.77955276834080
-1.56 0.122 22.81700646589034
-1.56 0.12 22.85461414669060
-1.56 0.118 22.88750742251577
-1.56 0.116 1.00000000000000
-1.56 0.114 1.00000000000000
-1.56 0.112 1.00000000000000
-1.56 0.11 1.00000000000000
-1.56 0.108 1.00000000000000
-1.56 0.106 1.00000000000000
-1.56 0.104 1.00000000000000
-1.56 0.102 1.00000000000000
-1.56 0.1 1.00000000000000
-1.56 0.098 1.00000000000000
-1.56 0.096 1.00000000000000
-1.56 0.094 1.00000000000000
-1.56 0.092 1.00000000000000
-1.56 0.09 1.00000000000000
-1.56 0.088 1.00000000000000
-1.56 0.086 1.00000000000000
-1.56 0.084 1.00000000000000
-1.56 0.082 1.00000000000000
-1.56 0.08 1.00000000000000
-1.56 0.078 1.00000000000000
-1.56 0.076 1.00000000000000
-1.56 0.074 1.00000000000000
-1.56 0.072 1.00000000000000
-1.56 0.07 1.00000000000000
-1.56 0.068 1.00000000000000
-1.56 0.066 1.00000000000000
-1.56 0.064 1.00000000000000
-1.56 0.062 1.00000000000000
-1.56 0.06 25.54359497320712
-1.56 0.058 25.92040905421021
-1.56 0.056 26.39118008954244
-1.56 0.054 26.97501057986067
-1.56 0.052 27.69055642097181
-1.56 0.05 28.55357690777722
-1.56 0.048 29.57569872351217
-1.56 0.046 30.76508982881385
-1.56 0.044 32.12882279371042
-1.56 0.042 33.67592824989649
-1.56 0.04 35.42014086940629
-1.56 0.038 37.38193042000385
-1.56 0.036 39.59000225441645
-1.56 0.034 42.08274660844325
-1.56 0.032 44.91017538513106
-1.56 0.03 48.13687871833687
-1.56 0.028 51.84659222380764
-1.56 0.026 56.14918266336201
-1.56 0.024 61.19134554430324
-1.56 0.022 67.17326291471070
-1.56 0.02 74.37531355571662
-1.56 0.018 83.20261127834976
-1.56 0.016 94.26295340546957
-1.56 0.014 108.51158420750478
-1.56 0.012 127.54072279501466
-1.56 0.01 154.21652539451694
-1.56 0.008 194.27149164945649
-1.56 0.006 261.08160432242494
-1.56 0.004 394.75712798180024
-1.56 0.002 790.54808938491794
-1.52 0.2 21.70235454452890
-1.52 0.198 21.72463094759286
-1.52 0.196 21.74714091284975
-1.52 0.194 21.76988965406030
-1.52 0.192 21.79288257702412
-1.52 0.19 21.81612529017528
-1.52 0.188 21.83962361598761
-1.52 0.186 21.86338360327695
-1.52 0.184 21.88741154047992
-1.52 0.182 21.91171397002499
-1.52 0.18 21.93629770389481
-1.52 0.178 21.96116984050952
-1.52 0.176 21.98633778307693
-1.52 0.174 22.01180925956943
-1.52 0.172 22.03759234448999
-1.52 0.17 22.06369548266129
-1.52 0.168 22.09012751522490
-1.52 0.166 22.11689770813452
-1.52 0.164 22.14401578341174
-1.52 0.162 22.17149195348415
-1.52 0.16 22.19933695896412
-1.52 0.158 22.22756211024230
-1.52 0.156 22.25617933334939
-1.52 0.154 22.28520122050960
-1.52 0.152 22.31464108590063
-1.52 0.15 22.34451302710180
-1.52 0.148 22.37483199268915
-1.52 0.146 22.40561385638643
-1.52 0.144 22.43687549798352
-1.52 0.142 22.46863489091898
-1.52 0.14 22.50091119583684
-1.52 0.138 22.53372485835999
-1.52 0.136 22.56709770752249
-1.52 0.134 22.60105304801854
-1.52 0.132 22.63561573370341
-1.52 0.13 22.67081219915940
-1.52 0.128 22.70667040614308
-1.52 0.126 22.74321962207017
-1.52 0.124 22.78048986450427
-1.52 0.122 22.81851065756693
-1.52 0.12 22.85730827717336
-1.52 0.118 22.89689932923667
-1.52 0.116 22.93727395294747
-1.52 0.114 22.97834134532916
-1.52 0.112 23.01965328102912
-1.52 0.11 1.00000000000000
-1.52 0.108 1.00000000000000
-1.52 0.106 1.00000000000000
-1.52 0.104 1.00000000000000
-1.52 0.102 1.00000000000000
-1.52 0.1 1.00000000000000
-1.52 0.098 1.00000000000000
-1.52 0.096 1.00000000000000
-1.52 0.094 1.00000000000000
-1.52 0.092 1.00000000000000
-1.52 0.09 1.00000000000000
-1.52 0.088 1.00000000000000
-1.52 0.086 1.00000000000000
-1.52 0.084 1.00000000000000
-1.52 0.082 1.00000000000000
-1.52 0.08 1.00000000000000
-1.52 0.078 1.00000000000000
-1.52 0.076 1.00000000000000
-1.52 0.074 1.00000000000000
-1.52 0.072 1.00000000000000
-1.52 0.07 1.00000000000000
-1.52 0.068 1.00000000000000
-1.52 0.066 1.00000000000000
-1.52 0.064 1.00000000000000
-1.52 0.062 1.00000000000000
-1.52 0.06 1.00000000000000
-1.52 0.058 1.00000000000000
-1.52 0.056 26.23935045134849
-1.52 0.054 26.76743005413326
-1.52 0.052 27.42205414980101
-1.52 0.05 28.21990936406752
-1.52 0.048 29.17494167838008
-1.52 0.046 30.29742619933182
-1.52 0.044 31.59547936168252
-1.52 0.042 33.07793004576894
-1.52 0.04 34.75737542553102
-1.52 0.038 36.65266914458519
-1.52 0.036 38.79076753793272
-1.52 0.034 41.20832847576419
-1.52 0.032 43.95362925706577
-1.52 0.03 47.08939567971027
-1.52 0.028 50.69717954460625
-1.52 0.026 54.88410820861781
-1.52 0.024 59.79328052911247
-1.52 0.022 65.62000016026347
-1.52 0.02 72.63783101697166
-1.52 0.018 81.24205520982534
-1.52 0.016 92.02573449656707
-1.52 0.014 105.92097014049925
-1.52 0.012 124.48142381813346
-1.52 0.01 150.50386456366542
-1.52 0.008 189.58203675611125
-1.52 0.006 254.76818667192393
-1.52 0.004 385.20181626082899
-1.52 0.002 771.40438616802055
-1.48 0.2 21.70240851847359
-1.48 0.198 21.72468017859341
-1.48 0.196 21.74718525709339
-1.48 0.194 21.76992895785771
-1.48 0.192 21.79291667610809
-1.48 0.19 21.81615400895627
-1.48 0.188 21.83964676678018
-1.48 0.186 21.86340098549283
-1.48 0.184 21.88742293980885
-1.48 0.182 21.91171915758992
-1.48 0.18 21.93629643541910
-1.48 0.178 21.96116185550778
-1.48 0.176 21.98632280409454
-1.48 0.174 22.01178699151373
-1.48 0.172 22.03756247410192
-1.48 0.17 22.06365767819367
-1.48 0.168 22.09008142642729
-1.48 0.166 22.11684296665695
-1.48 0.164 22.14395200379547
-1.48 0.162 22.17141873495644
-1.48 0.16 22.19925388832212
-1.48 0.158 22.22746876623145
-1.48 0.156 22.25607529303496
-1.48 0.154 22.28508606837960
-1.48 0.152 22.31451442664763
-1.48 0.15 22.34437450340926
-1.48 0.148 22.37468130985867
-1.48 0.146 22.40545081633987
-1.48 0.144 22.43670004623666
-1.48 0.142 22.46844718162997
-1.48 0.14 22.50071168231893
-1.48 0.138 22.53351441991808
-1.48 0.136 22.56687782884365
-1.48 0.134 22.60082607597533
-1.48 0.132 22.63538525055483
-1.48 0.13 22.67058357521451
-1.48 0.128 22.70645163763627
-1.48 0.126 22.74302263950024
-1.48 0.124 22.78033265385940
-1.48 0.122 22.81842087134230
-1.48 0.12 22.85732979435799
-1.48 0.118 22.89710529509037
-1.48 0.116 22.93779635983333
-1.48 0.114 22.97945412713986
-1.48 0.112 23.02212928076001
-1.48 0.11 23.06586527115732
-1.48 0.108 23.11067925034213
-1.48 0.106 23.15649596457302
-1.48 0.104 23.20276996838029
-1.48 0.102 1.00000000000000
-1.48 0.1 1.00000000000000
-1.48 0.098 1.00000000000000
-1.48 0.096 1.00000000000000
-1.48 0.094 1.00000000000000
-1.48 0.092 1.00000000000000
-1.48 0.09 1.00000000000000
-1.48 0.088 1.00000000000000
-1.48 0.086 1.00000000000000
-1.48 0.084 1.00000000000000
-1.48 0.082 1.00000000000000
-1.48 0.08 1.00000000000000
-1.48 0.078 1.00000000000000
-1.48 0.076 1.00000000000000
-1.48 0.074 1.00000000000000
-1.48 0.072 1.00000000000000
-1.48 0.07 1.00000000000000
-1.48 0.068 1.00000000000000
-1.48 0.066 1.00000000000000
-1.48 0.064 1.00000000000000
-1.48 0.062 1.00000000000000
-1.48 0.06 1.00000000000000
-1.48 0.058 1.00000000000000
-1.48 0.056 1.00000000000000
-1.48 0.054 1.00000000000000
-1.48 0.052 27.20520973289243
-1.48 0.05 27.93465489259188
-1.48 0.048 28.82025071747776
-1.48 0.046 29.87297006892389
-1.48 0.044 31.10210027996014
-1.48 0.042 32.51669599116467
-1.48 0.04 34.12854100867268
-1.48 0.038 35.95499414539952
-1.48 0.036 38.02122978746979
-1.48 0.034 40.36207125542627
-1.48 0.032 43.02395452321554
-1.48 0.03 46.06766115871839
-1.48 0.028 49.57251170041607
-1.48 0.026 53.64287175882305
-1.48 0.024 58.41823643634216
-1.48 0.022 64.08903217393913
-1.48 0.02 70.92201452871706
-1.48 0.018 79.30264586877381
-1.48 0.016 89.80927220408826
-1.48 0.014 103.35088469481519
-1.48 0.012 121.44264425461388
-1.48 0.01 146.81203676047596
-1.48 0.008 184.91426177465311
-1.48 0.006 248.47832311345397
-1.48 0.004 375.67444395918380
-1.48 0.002 752.30250680241033
-1.44 0.2 21.70244999387974
-1.44 0.198 21.72471605645746
-1.44 0.196 21.74721534137984
-1.44 0.194 21.76995303792521
-1.44 0.192 21.79293452544059
-1.44 0.19 21.81616538378676
-1.44 0.188 21.83965140457728
-1.44 0.186 21.86339860331429
-1.44 0.184 21.88741323249499
-1.44 0.182 21.91170179579774
-1.44 0.18 21.93627106347156
-1.44 0.178 21.96112808905007
-1.44 0.176 21.98628022753684
-1.44 0.174 22.01173515524860
-1.44 0.172 22.03750089148751
-1.44 0.17 22.06358582227731
-1.44 0.168 22.08999872640556
-1.44 0.166 22.11674880407154
-1.44 0.164 22.14384570845520
-1.44 0.162 22.17129958060356
-1.44 0.16 22.19912108806755
-1.44 0.158 22.22732146779724
-1.44 0.156 22.25591257389200
-1.44 0.154 22.28490693089129
-1.44 0.152 22.31431779339932
-1.44 0.15 22.34415921299042
-1.44 0.148 22.37444611347980
-1.44 0.146 22.40519437583946
-1.44 0.144 22.43642093428238
-1.44 0.142 22.46814388525891
-1.44 0.14 22.50038261147509
-1.44 0.138 22.53315792337606
-1.44 0.136 22.56649222100268
-1.44 0.134 22.60040967961914
-1.44 0.132 22.63493646312584
-1.44 0.13 22.67010096993414
-1.44 0.128 22.70593411675075
-1.44 0.126 22.74246966647923
-1.44 0.124 22.77974460725475
-1.44 0.122 22.81779959012378
-1.44 0.12 22.85667943297790
-1.44 0.118 22.89643369713257
-1.44 0.116 22.93711733930904
-1.44 0.114 22.97879143275874
-1.44 0.112 23.02152393121147
-1.44 0.11 23.06539040472989
-1.44 0.108 23.11047457592388
-1.44 0.106 23.15686824456576
-1.44 0.104 23.20466956302250
-1.44 0.102 23.25397676915019
-1.44 0.1 23.30486778182033
-1.44 0.098 23.35732270014656
-1.44 0.096 23.41072214208874
-1.44 0.094 1.00000000000000
-1.44 0.092 1.00000000000000
-1.44 0.09 1.00000000000000
-1.44 0.088 1.00000000000000
-1.44 0.086 1.00000000000000
-1.44 0.084 1.00000000000000
-1.44 0.082 1.00000000000000
-1.44 0.08 1.00000000000000
-1.44 0.078 1.00000000000000
-1.44 0.076 1.00000000000000
-1.44 0.074 1.00000000000000
-1.44 0.072 1.00000000000000
-1.44 0.07 1.00000000000000
-1.44 0.068 1.00000000000000
-1.44 0.066 1.00000000000000
-1.44 0.064 1.00000000000000
-1.44 0.062 1.00000000000000
-1.44 0.06 1.00000000000000
-1.44 0.058 1.00000000000000
-1.44 0.056 1.00000000000000
-1.44 0.054 1.00000000000000
-1.44 0.052 1.00000000000000
-1.44 0.05 1.00000000000000
-1.44 0.048 28.52547236187589
-1.44 0.046 29.50128944760232
-1.44 0.044 30.65656900165022
-1.44 0.042 31.99906348706507
-1.44 0.04 33.53965027476553
-1.44 0.038 35.29423499359493
-1.44 0.036 37.28616657420319
-1.44 0.034 39.54831879746109
-1.44 0.032 42.12515603061151
-1.44 0.03 45.07540929277847
-1.44 0.028 48.47609849004344
-1.44 0.026 52.42879041159229
-1.44 0.024 57.06936081591570
-1.44 0.022 62.58335570298052
-1.44 0.02 69.23072667490973
-1.44 0.018 77.38712757938964
-1.44 0.016 87.61620890966374
-1.44 0.014 100.80388637447643
-1.44 0.012 118.42688060917570
-1.44 0.01 143.14350602192053
-1.44 0.008 180.27064386945182
-1.44 0.006 242.21458782438913
-1.44 0.004 366.17788165982915
-1.44 0.002 733.24633863653764
-1.4 0.2 21.70248219759584
-1.4 0.198 21.72474198234351
-1.4 0.196 21.74723475627576
-1.4 0.194 21.76996569098784
-1.4 0.192 21.79294014654028
-1.4 0.19 21.81616368174448
-1.4 0.188 21.83964206521888
-1.4 0.186 21.86338128731923
-1.4 0.184 21.88738757302508
-1.4 0.182 21.91166739587255
-1.4 0.18 21.93622749306528
-1.4 0.178 21.96107488187300
-1.4 0.176 21.98621687747352
-1.4 0.174 22.01166111240391
-1.4 0.172 22.03741555779413
-1.4 0.17 22.06348854662125
-1.4 0.168 22.08988879920676
-1.4 0.166 22.11662545125116
-1.4 0.164 22.14370808472944
-1.4 0.162 22.17114676201512
-1.4 0.16 22.19895206366919
-1.4 0.158 22.22713513039502
-1.4 0.156 22.25570770974211
-1.4 0.154 22.28468220823502
-1.4 0.152 22.31407174972241
-1.4 0.15 22.34389024088348
-1.4 0.148 22.37415244497655
-1.4 0.146 22.40487406512946
-1.4 0.144 22.43607183869626
-1.4 0.142 22.46776364448308
-1.4 0.14 22.49996862501590
-1.4 0.138 22.53270732639932
-1.4 0.136 22.56600185885097
-1.4 0.134 22.59987608160635
-1.4 0.132 22.63435581661256
-1.4 0.13 22.66946909637759
-1.4 0.128 22.70524645242675
-1.4 0.126 22.74172125221339
-1.4 0.124 22.77893009395034
-1.4 0.122 22.81691327091244
-1.4 0.12 22.85571531917039
-1.4 0.118 22.89538566567711
-1.4 0.116 22.93597939712395
-1.4 0.114 22.97755817395039
-1.4 0.112 23.02019131825251
-1.4 0.11 23.06395710853435
-1.4 0.108 23.10894431710229
-1.4 0.106 23.15525402473089
-1.4 0.104 23.20300173559167
-1.4 0.102 23.25231977880645
-1.4 0.1 23.30335988493953
-1.4 0.098 23.35629557012245
-1.4 0.096 23.41132326141664
-1.4 0.094 23.46865896481100
-1.4 0.092 23.52851941629591
-1.4 0.09 23.59103630936121
-1.4 0.088 23.65561868791537
-1.4 0.086 1.00000000000000
-1.4 0.084 1.00000000000000
-1.4 0.082 1.00000000000000
-1.4 0.08 1.00000000000000
-1.4 0.078 1.00000000000000
-1.4 0.076 1.00000000000000
-1.4 0.074 1.00000000000000
-1.4 0.072 1.00000000000000
-1.4 0.07 1.00000000000000
-1.4 0.068 1.00000000000000
-1.4 0.066 1.00000000000000
-1.4 0.064 1.00000000000000
-1.4 0.062 1.00000000000000
-1.4 0.06 1.00000000000000
-1.4 0.058 1.00000000000000
-1.4 0.056 1.00000000000000
-1.4 0.054 1.00000000000000
-1.4 0.052 1.00000000000000
-1.4 0.05 1.00000000000000
-1.4 0.048 1.00000000000000
-1.4 0.046 1.00000000000000
-1.4 0.044 30.27652394509188
-1.4 0.042 31.53680057400502
-1.4 0.04 32.99985507324644
-1.4 0.038 34.67796587890402
-1.4 0.036 36.59207126877659
-1.4 0.034 38.77278693679975
-1.4 0.032 41.26237597272241
-1.4 0.03 44.11734661408897
-1.4 0.028 47.41230259113417
-1.4 0.026 51.24594428723245
-1.4 0.024 55.75049399601721
-1.4 0.022 61.10660344867079
-1.4 0.02 67.56741880550128
-1.4 0.018 75.49879357315440
-1.4 0.016 85.44970191860440
-1.4 0.014 98.28301968384768
-1.4 0.012 115.43709122982919
-1.4 0.01 139.50117915008872
-1.4 0.008 175.65409030355599
-1.4 0.006 235.97998258660891
-1.4 0.004 356.71544710743268
-1.4 0.002 714.24030510601972
-1.36 0.2 21.70250788517734
-1.36 0.198 21.72476084477885
-1.36 0.196 21.74724653403980
-1.36 0.194 21.76997010490290
-1.36 0.192 21.79293689597877
-1.36 0.19 21.81615244263254
-1.36 0.188 21.83962248783654
-1.36 0.186 21.86335299386268
-1.36 0.184 21.88735015490407
-1.36 0.182 21.91162041071351
-1.36 0.18 21.93617046137770
-1.36 0.178 21.96100728334566
-1.36 0.176 21.98613814684927
-1.36 0.174 22.01157063487199
-1.36 0.172 22.03731266385637
-1.36 0.17 22.06337250634573
-1.36 0.168 22.08975881579480
-1.36 0.166 22.11648065382871
-1.36 0.164 22.14354752025381
-1.36 0.162 22.17096938617598
-1.36 0.16 22.19875673065243
-1.36 0.158 22.22692058133872
-1.36 0.156 22.25547255971141
-1.36 0.154 22.28442493149866
-1.36 0.152 22.31379066309479
-1.36 0.15 22.34358348484530
-1.36 0.148 22.37381796225453
-1.36 0.146 22.40450957636287
-1.36 0.144 22.43567481476875
-1.36 0.142 22.46733127502777
-1.36 0.14 22.49949778253396
-1.36 0.138 22.53219452535903
-1.36 0.136 22.56544320905711
-1.36 0.134 22.59926723502006
-1.36 0.132 22.63369190676571
-1.36 0.13 22.66874466941178
-1.36 0.128 22.70445538878565
-1.36 0.126 22.74085667801761
-1.36 0.124 22.77798428124873
-1.36 0.122 22.81587752628364
-1.36 0.12 22.85457986083856
-1.36 0.118 22.89413949046769
-1.36 0.116 22.93461014068581
-1.36 0.114 22.97605197133269
-1.36 0.112 23.01853267820505
-1.36 0.11 23.06212882580628
-1.36 0.108 23.10692746612615
-1.36 0.106 23.15302811223325
-1.36 0.104 23.20054515250119
-1.36 0.102 23.24961081199018
-1.36 0.1 23.30037879135982
-1.36 0.098 23.35302873901334
-1.36 0.096 23.40777173309094
-1.36 0.094 23.46485695079170
-1.36 0.092 23.52457964220314
-1.36 0.09 23.58729029161354
-1.36 0.088 23.65340410430240
-1.36 0.086 23.72340753856138
-1.36 0.084 23.79784948927448
-1.36 0.082 23.87725742133869
-1.36 0.08 23.96137811231949
-1.36 0.078 1.00000000000000
-1.36 0.076 1.00000000000000
-1.36 0.074 1.00000000000000
-1.36 0.072 1.00000000000000
-1.36 0.07 1.00000000000000
-1.36 0.068 1.00000000000000
-1.36 0.066 1.00000000000000
-1.36 0.064 1.00000000000000
-1.36 0.062 1.00000000000000
-1.36 0.06 1.00000000000000
-1.36 0.058 1.00000000000000
-1.36 0.056 1.00000000000000
-1.36 0.054 1.00000000000000
-1.36 0.052 1.00000000000000
-1.36 0.05 1.00000000000000
-1.36 0.048 1.00000000000000
-1.36 0.046 1.00000000000000
-1.36 0.044 1.00000000000000
-1.36 0.042 1.00000000000000
-1.36 0.04 32.52971426024830
-1.36 0.038 34.11955489621944
-1.36 0.036 35.94907748806938
-1.36 0.034 38.04375085541379
-1.36 0.032 40.44269294752890
-1.36 0.03 43.19972596897657
-1.36 0.028 46.38677405418024
-1.36 0.026 50.09952018761529
-1.36 0.024 54.46645083668990
-1.36 0.022 59.66328182653204
-1.36 0.02 65.93633634568248
-1.36 0.018 73.64166651737125
-1.36 0.016 83.31358455469402
-1.36 0.014 95.79196063432366
-1.36 0.012 112.47682912914021
-1.36 0.01 135.88852818712004
-1.36 0.008 171.06805266835073
-1.36 0.006 229.77804507968659
-1.36 0.004 347.29101121250926
-1.36 0.002 695.28947609765203
-1.32 0.2 21.70252946003601
-1.32 0.198 21.72477515044073
-1.32 0.196 21.74725329246584
-1.32 0.194 21.76996901719644
-1.32 0.192 21.79292764047260
-1.32 0.19 21.81613467277171
-1.32 0.188 21.83959582983713
-1.32 0.186 21.86331704411807
-1.32 0.184 21.88730447710285
-1.32 0.182 21.91156453264403
-1.32 0.18 21.93610387136887
-1.32 0.178 21.96092942630336
-1.32 0.176 21.98604841983499
-1.32 0.174 22.01146838216690
-1.32 0.172 22.03719717143655
-1.32 0.17 22.06324299569092
-1.32 0.168 22.08961443695015
-1.32 0.166 22.11632047759855
-1.32 0.164 22.14337052941734
-1.32 0.162 22.17077446559208
-1.32 0.16 22.19854265607264
-1.32 0.158 22.22668600676111
-1.32 0.156 22.25521600304806
-1.32 0.154 22.28414475830123
-1.32 0.152 22.31348506805099
-1.32 0.15 22.34325047068439
-1.32 0.148 22.37345531567586
-1.32 0.146 22.40411484049613
-1.32 0.144 22.43524525760461
-1.32 0.142 22.46686385316749
-1.32 0.14 22.49898909946481
-1.32 0.138 22.53164078334361
-1.32 0.136 22.56484015352739
-1.32 0.134 22.59861009019480
-1.32 0.132 22.63297530093247
-1.32 0.13 22.66796254804735
-1.32 0.128 22.70360091333924
-1.32 0.126 22.73992210775846
-1.32 0.124 22.77696083510120
-1.32 0.122 22.81475522102381
-1.32 0.12 22.85334732132520
-1.32 0.118 22.89278372689661
-1.32 0.116 22.93311628700297
-1.32 0.114 22.97440297813607
-1.32 0.112 23.01670895268630
-1.32 0.11 23.06010781078978
-1.32 0.108 23.10468315039684
-1.32 0.106 23.15053046570052
-1.32 0.104 23.19775948373193
-1.32 0.102 23.24649705431671
-1.32 0.1 23.29689074169838
-1.32 0.098 23.34911330902386
-1.32 0.096 23.40336834230284
-1.32 0.094 23.45989733154441
-1.32 0.092 23.51898861636377
-1.32 0.09 23.58098871328066
-1.32 0.088 23.64631666883748
-1.32 0.086 23.71548221059427
-1.32 0.084 23.78910854572360
-1.32 0.082 23.86796053679013
-1.32 0.08 23.95297822865579
-1.32 0.078 24.04531285052813
-1.32 0.076 24.14635145327404
-1.32 0.074 24.25766100148787
-1.32 0.072 24.38016157836034
-1.32 0.07 1.00000000000000
-1.32 0.068 1.00000000000000
-1.32 0.066 1.00000000000000
-1.32 0.064 1.00000000000000
-1.32 0.062 1.00000000000000
-1.32 0.06 1.00000000000000
-1.32 0.058 1.00000000000000
-1.32 0.056 1.00000000000000
-1.32 0.054 1.00000000000000
-1.32 0.052 1.00000000000000
-1.32 0.05 1.00000000000000
-1.32 0.048 1.00000000000000
-1.32 0.046 1.00000000000000
-1.32 0.044 1.00000000000000
-1.32 0.042 1.00000000000000
-1.32 0.04 1.00000000000000
-1.32 0.038 1.00000000000000
-1.32 0.036 35.38019112422935
-1.32 0.034 37.37603610741693
-1.32 0.032 39.67729406767015
-1.32 0.03 42.33169195574910
-1.32 0.028 45.40736177124563
-1.32 0.026 48.99647257549635
-1.32 0.024 53.22352654711381
-1.32 0.022 58.25917497170616
-1.32 0.02 64.34285260328610
-1.32 0.018 71.82078185820301
-1.32 0.016 81.21261185798045
-1.32 0.014 93.33523350683282
-1.32 0.012 109.55043598783749
-1.32 0.01 132.30976628606831
-1.32 0.008 166.51668839833022
-1.32 0.006 223.61299967934161
-1.32 0.004 337.90914305477310
-1.32 0.002 676.39971353742396
-1.28 0.2 21.70254906066063
-1.28 0.198 21.72478711926059
-1.28 0.196 21.74725733875801
-1.28 0.194 21.76996482871203
-1.28 0.192 21.79291488146676
-1.28 0.19 21.81611298183373
-1.28 0.188 21.83956481748207
-1.28 0.186 21.86327629012533
-1.28 0.184 21.88725352755455
-1.28 0.182 21.91150289664059
-1.28 0.18 21.93603101737095
-1.28 0.178 21.96084477806199
-1.28 0.176 21.98595135183919
-1.28 0.174 22.01135821456922
-1.28 0.172 22.03707316436741
-1.28 0.17 22.06310434288629
-1.28 0.168 22.08946025859847
-1.28 0.166 22.11614981229839
-1.28 0.164 22.14318232511935
-1.28 0.162 22.17056756937199
-1.28 0.16 22.19831580258128
-1.28 0.158 22.22643780513864
-1.28 0.156 22.25494492207764
-1.28 0.154 22.28384910953506
-1.28 0.152 22.31316298658778
-1.28 0.15 22.34289989323461
-1.28 0.148 22.37307395546650
-1.28 0.146 22.40370015851057
-1.28 0.144 22.43479442953820
-1.28 0.142 22.46637373138177
-1.28 0.14 22.49845616907286
-1.28 0.138 22.53106111139869
-1.28 0.136 22.56420933009268
-1.28 0.134 22.59792315980944
-1.28 0.132 22.63222668270484
-1.28 0.13 22.66714594224214
-1.28 0.128 22.70270919186190
-1.28 0.126 22.73894718541011
-1.28 0.124 22.77589351778608
-1.28 0.122 22.81358502626108
-1.28 0.12 22.85206226538939
-1.28 0.118 22.89137007162019
-1.28 0.116 22.93155823771408
-1.28 0.114 22.97268232222249
-1.28 0.112 23.01480462586728
-1.28 0.11 23.05799537519934
-1.28 0.108 23.10233416488507
-1.28 0.106 23.14791172434128
-1.28 0.104 23.19483209314288
-1.28 0.102 23.24321531414844
-1.28 0.1 23.29320078559122
-1.28 0.098 23.34495145595292
-1.28 0.096 23.39865910175706
-1.28 0.094 23.45455100294508
-1.28 0.092 23.51289842914392
-1.28 0.09 23.57402748028395
-1.28 0.088 23.63833299587661
-1.28 0.086 23.70629646901251
-1.28 0.084 23.77850918380403
-1.28 0.082 23.85570214368910
-1.28 0.08 23.93878476321806
-1.28 0.078 24.02889471069105
-1.28 0.076 24.12746157787026
-1.28 0.074 24.23628687182163
-1.28 0.072 24.35764130254313
-1.28 0.07 24.49437507011725
-1.28 0.068 24.65001954053671
-1.28 0.066 24.82878627977140
-1.28 0.064 25.03469868067957
-1.28 0.062 1.00000000000000
-1.28 0.06 1.00000000000000
-1.28 0.058 1.00000000000000
-1.28 0.056 1.00000000000000
-1.28 0.054 1.00000000000000
-1.28 0.052 1.00000000000000
-1.28 0.05 1.00000000000000
-1.28 0.048 1.00000000000000
-1.28 0.046 1.00000000000000
-1.28 0.044 1.00000000000000
-1.28 0.042 1.00000000000000
-1.28 0.04 1.00000000000000
-1.28 0.038 1.00000000000000
-1.28 0.036 1.00000000000000
-1.28 0.034 1.00000000000000
-1.28 0.032 38.99181646384546
-1.28 0.03 41.52977564537910
-1.28 0.028 44.48657966661998
-1.28 0.026 47.94706752227331
-1.28 0.024 52.03055558636635
-1.28 0.022 56.90212213396251
-1.28 0.02 62.79407018975407
-1.28 0.018 70.04267244120965
-1.28 0.016 79.15286377195525
-1.28 0.014 90.91855487140934
-1.28 0.012 106.66334172784602
-1.28 0.01 128.77011308504436
-1.28 0.008 162.00509959078659
-1.28 0.006 217.48997619775417
-1.28 0.004 328.57531582763505
-1.28 0.002 657.57786971133123
-1.24 0.2 21.70256862622497
-1.24 0.198 21.72479875551413
-1.24 0.196 21.74726074668571
-1.24 0.194 21.76995968748263
-1.24 0.192 21.79290084645966
-1.24 0.19 21.81608968245175
-1.24 0.188 21.83953185473462
-1.24 0.186 21.86323323395004
-1.24 0.184 21.88719991384713
-1.24 0.182 21.91143822395591
-1.24 0.18 21.93595474325003
-1.24 0.178 21.96075631494372
-1.24 0.176 21.98585006250326
-1.24 0.174 22.01124340703615
-1.24 0.172 22.03694408619941
-1.24 0.17 22.06296017479892
-1.24 0.168 22.08930010728642
-1.24 0.166 22.11597270237618
-1.24 0.164 22.14298719003528
-1.24 0.162 22.17035324116457
-1.24 0.16 22.19808100029572
-1.24 0.158 22.22618112171045
-1.24 0.156 22.25466480945029
-1.24 0.154 22.28354386174403
-1.24 0.152 22.31283072048130
-1.24 0.15 22.34253852647070
-1.24 0.148 22.37268118133916
-1.24 0.146 22.40327341707550
-1.24 0.144 22.43433087443701
-1.24 0.142 22.46587019161210
-1.24 0.14 22.49790910483570
-1.24 0.138 22.53046656297894
-1.24 0.136 22.56356285850607
-1.24 0.134 22.59721977771257
-1.24 0.132 22.63146077374449
-1.24 0.13 22.66631116663276
-1.24 0.128 22.70179837551031
-1.24 0.126 22.73795218932271
-1.24 0.124 22.77480508376766
-1.24 0.122 22.81239259399376
-1.24 0.12 22.85075375486836
-1.24 0.118 22.88993162348377
-1.24 0.116 22.92997390221993
-1.24 0.114 22.97093368536897
-1.24 0.112 23.01287035828971
-1.24 0.11 23.05585068582776
-1.24 0.108 23.09995013674399
-1.24 0.106 23.14525450393838
-1.24 0.104 23.19186189736964
-1.24 0.102 23.23988520896296
-1.24 0.1 23.28945517845357
-1.24 0.098 23.34072422830751
-1.24 0.096 23.39387128801134
-1.24 0.094 23.44910789753421
-1.24 0.092 23.50668597257928
-1.24 0.09 23.56690773827312
-1.24 0.088 23.63013850353989
-1.24 0.086 23.69682316851824
-1.24 0.084 23.76750764790128
-1.24 0.082 23.84286677139502
-1.24 0.08 23.92374070412787
-1.24 0.078 24.01118252036422
-1.24 0.076 24.10652024026327
-1.24 0.074 24.21143731454898
-1.24 0.072 24.32807599609077
-1.24 0.07 24.45916779879257
-1.24 0.068 24.60819339305906
-1.24 0.066 24.77956916368077
-1.24 0.064 24.97884644475037
-1.24 0.062 25.21288737071117
-1.24 0.06 25.48993792607972
-1.24 0.058 25.81940876994769
-1.24 0.056 26.21047966273764
-1.24 0.054 1.00000000000000
-1.24 0.052 1.00000000000000
-1.24 0.05 1.00000000000000
-1.24 0.048 1.00000000000000
-1.24 0.046 1.00000000000000
-1.24 0.044 1.00000000000000
-1.24 0.042 1.00000000000000
-1.24 0.04 1.00000000000000
-1.24 0.038 1.00000000000000
-1.24 0.036 1.00000000000000
-1.24 0.034 1.00000000000000
-1.24 0.032 1.00000000000000
-1.24 0.03 1.00000000000000
-1.24 0.028 43.65346207793210
-1.24 0.026 46.97004940965613
-1.24 0.024 50.90177606781369
-1.24 0.022 55.60383431270873
-1.24 0.02 61.30008348105316
-1.24 0.018 68.31630650285980
-1.24 0.016 77.14247809023045
-1.24 0.014 88.54942891570468
-1.24 0.012 103.82256289349159
-1.24 0.01 125.27622216709855
-1.24 0.008 157.53970729006983
-1.24 0.006 211.41534431165471
-1.24 0.004 319.29621375049521
-1.24 0.002 638.83206878238855
-1.2 0.2 21.70258994721142
-1.2 0.198 21.72481190236362
-1.2 0.196 21.74726541542726
-1.2 0.194 21.76995555232445
-1.2 0.192 21.79288755782878
-1.2 0.19 21.81606686482992
-1.2 0.188 21.83949910426511
-1.2 0.186 21.86319011578316
-1.2 0.184 21.88714595920613
-1.2 0.182 21.91137292686996
-1.2 0.18 21.93587755693089
-1.2 0.178 21.96066664774083
-1.2 0.176 21.98574727340767
-1.2 0.174 22.01112680064724
-1.2 0.172 22.03681290710396
-1.2 0.17 22.06281360127206
-1.2 0.168 22.08913724422593
-1.2 0.166 22.11579257335613
-1.2 0.164 22.14278872837093
-1.2 0.162 22.17013527982614
-1.2 0.16 22.19784226051561
-1.2 0.158 22.22592020008986
-1.2 0.156 22.25438016333226
-1.2 0.154 22.28323379259167
-1.2 0.152 22.31249335495226
-1.2 0.15 22.34217179481546
-1.2 0.148 22.37228279269462
-1.2 0.146 22.40284083115115
-1.2 0.144 22.43386126897154
-1.2 0.142 22.46536042489685
-1.2 0.14 22.49735567244434
-1.2 0.138 22.52986554766773
-1.2 0.136 22.56290987207066
-1.2 0.134 22.59650989330544
-1.2 0.132 22.63068844687560
-1.2 0.13 22.66547014267942
-1.2 0.128 22.70088158111456
-1.2 0.126 22.73695160445124
-1.2 0.124 22.77371159050854
-1.2 0.122 22.81119579725963
-1.2 0.12 22.84944176903098
-1.2 0.118 22.88849081757400
-1.2 0.116 22.92838859449804
-1.2 0.114 22.96918577580574
-1.2 0.112 23.01093888460097
-1.2 0.11 23.05371128497542
-1.2 0.108 23.09757438905597
-1.2 0.106 23.14260913086580
-1.2 0.104 23.18890777594314
-1.2 0.102 23.23657615572628
-1.2 0.1 23.28573644227188
-1.2 0.098 23.33653061399881
-1.2 0.096 23.38912481004220
-1.2 0.094 23.44371483338481
-1.2 0.092 23.50053314684188
-1.2 0.09 23.55985781872551
-1.2 0.088 23.62202402639539
-1.2 0.086 23.68743892923345
-1.2 0.084 23.75660099415245
-1.2 0.082 23.83012521693509
-1.2 0.08 23.90877615328346
-1.2 0.078 23.99351127378658
-1.2 0.076 24.08553789203862
-1.2 0.074 24.18638775080560
-1.2 0.072 24.29801416623894
-1.2 0.07 24.42291712731071
-1.2 0.068 24.56430130694438
-1.2 0.066 24.72626940985873
-1.2 0.064 24.91404676094378
-1.2 0.062 25.13421989634668
-1.2 0.06 25.39494961922519
-1.2 0.058 25.70608769218992
-1.2 0.056 26.07909397942532
-1.2 0.054 26.52663790833687
-1.2 0.052 27.06179962127716
-1.2 0.05 27.69683010766013
-1.2 0.048 28.44093104342840
-1.2 0.046 1.00000000000000
-1.2 0.044 1.00000000000000
-1.2 0.042 1.00000000000000
-1.2 0.04 1.00000000000000
-1.2 0.038 1.00000000000000
-1.2 0.036 1.00000000000000
-1.2 0.034 1.00000000000000
-1.2 0.032 1.00000000000000
-1.2 0.03 1.00000000000000
-1.2 0.028 1.00000000000000
-1.2 0.026 1.00000000000000
-1.2 0.024 49.87095232533762
-1.2 0.022 54.38602892048057
-1.2 0.02 59.87741399549328
-1.2 0.018 66.65529491082343
-1.2 0.016 75.19320407048760
-1.2 0.014 86.23831462576459
-1.2 0.012 101.03762291666534
-1.2 0.01 121.83693388978635
-1.2 0.008 153.12888567629236
-1.2 0.006 205.39726166246390
-1.2 0.004 310.08021916986007
-1.2 0.002 620.17212847463259
-1.16 0.2 21.70261470544791
-1.16 0.198 21.72482828476827
-1.16 0.196 21.74727311562851
-1.16 0.194 21.76995424232988
-1.16 0.192 21.79287688609874
-1.16 0.19 21.81604645415571
-1.16 0.188 21.83946854942333
-1.16 0.186 21.86314898093873
-1.16 0.184 21.88709377503698
-1.16 0.182 21.91130918737277
-1.16 0.18 21.93580171587718
-1.16 0.178 21.96057811473484
-1.16 0.176 21.98564540948294
-1.16 0.174 22.01101091336760
-1.16 0.172 22.03668224507656
-1.16 0.17 22.06266734801414
-1.16 0.168 22.08897451127879
-1.16 0.166 22.11561239256230
-1.16 0.164 22.14259004317676
-1.16 0.162 22.16991693548242
-1.16 0.16 22.19760299301671
-1.16 0.158 22.22565862365735
-1.16 0.156 22.25409475623016
-1.16 0.154 22.28292288101776
-1.16 0.152 22.31215509470540
-1.16 0.15 22.34180415039094
-1.16 0.148 22.37188351338804
-1.16 0.146 22.40240742368534
-1.16 0.144 22.43339096606984
-1.16 0.142 22.46485014910747
-1.16 0.14 22.49680199439828
-1.16 0.138 22.52926463779309
-1.16 0.136 22.56225744457743
-1.16 0.134 22.59580114103643
-1.16 0.132 22.62991796530511
-1.16 0.13 22.66463184099860
-1.16 0.128 22.69996857788322
-1.16 0.126 22.73595610475641
-1.16 0.124 22.77262474086442
-1.16 0.122 22.81000751364306
-1.16 0.12 22.84814053236560
-1.16 0.118 22.88706342959160
-1.16 0.116 22.92681988522794
-1.16 0.114 22.96745825172952
-1.16 0.112 23.00903230373223
-1.16 0.11 23.05160214156273
-1.16 0.108 23.09523528599884
-1.16 0.106 23.14000801202401
-1.16 0.104 23.18600698279614
-1.16 0.102 23.23333126284735
-1.16 0.1 23.28209481294437
-1.16 0.098 23.33242960016666
-1.16 0.096 23.38448949816512
-1.16 0.094 23.43845520803492
-1.16 0.092 23.49454050467159
-1.16 0.09 23.55300021374320
-1.16 0.088 23.61414045966545
-1.16 0.086 23.67833190753744
-1.16 0.084 23.74602696784065
-1.16 0.082 23.81778226234146
-1.16 0.08 23.89428808715231
-1.16 0.078 23.97640718019793
-1.16 0.076 24.06522582531126
-1.16 0.074 24.16212120127079
-1.16 0.072 24.26884985038157
-1.16 0.07 24.38766300891341
-1.16 0.068 24.52145487072430
-1.16 0.066 24.67394875588873
-1.16 0.064 24.84992203174324
-1.16 0.062 25.05546099664148
-1.16 0.06 25.29821872493322
-1.16 0.058 25.58762020972789
-1.16 0.056 25.93492386698055
-1.16 0.054 26.35302353982469
-1.16 0.052 26.85589549495980
-1.16 0.05 27.45770065908094
-1.16 0.048 28.17174381574121
-1.16 0.046 29.00967469344028
-1.16 0.044 29.98131781742866
-1.16 0.042 31.09519421680546
-1.16 0.04 32.35878803472311
-1.16 0.038 1.00000000000000
-1.16 0.036 1.00000000000000
-1.16 0.034 1.00000000000000
-1.16 0.032 1.00000000000000
-1.16 0.03 1.00000000000000
-1.16 0.028 1.00000000000000
-1.16 0.026 1.00000000000001
-1.16 0.024 1.00000000000001
-1.16 0.022 0.99999999999893
-1.16 0.02 58.56674576844490
-1.16 0.018 65.08548990881442
-1.16 0.016 73.32469425706194
-1.16 0.014 84.00141754902643
-1.16 0.012 98.32254043108811
-1.16 0.01 118.46478385748324
-1.16 0.008 148.78416087503049
-1.16 0.006 199.44666193638946
-1.16 0.004 300.93825416550430
-1.16 0.002 601.61023860933449
-1.12 0.2 21.70264450658243
-1.12 0.198 21.72484954411099
-1.12 0.196 21.74728552637408
-1.12 0.194 21.76995747639510
-1.12 0.192 21.79287059225327
-1.12 0.19 21.81603025595643
-1.12 0.188 21.83944204293110
-1.12 0.186 21.86311173219918
-1.12 0.184 21.88704531728340
-1.12 0.182 21.91124901793260
-1.12 0.18 21.93572929273174
-1.12 0.178 21.96049285269764
-1.12 0.176 21.98554667594442
-1.12 0.174 22.01089802354721
-1.12 0.172 22.03655445672407
-1.12 0.17 22.06252385548062
-1.12 0.168 22.08881443887405
-1.12 0.166 22.11543478710013
-1.12 0.164 22.14239386559617
-1.12 0.162 22.16970105141148
-1.12 0.16 22.19736616212465
-1.12 0.158 22.22539948762274
-1.12 0.156 22.25381182511066
-1.12 0.154 22.28261451779046
-1.12 0.152 22.31181949768061
-1.12 0.15 22.34143933317675
-1.12 0.148 22.37148728201291
-1.12 0.146 22.40197735041184
-1.12 0.144 22.43292435935131
-1.12 0.142 22.46434401904347
-1.12 0.14 22.49625301290989
-1.12 0.138 22.52866909259263
-1.12 0.136 22.56161118582527
-1.12 0.134 22.59509951935383
-1.12 0.132 22.62915575953316
-1.12 0.13 22.66380317376334
-1.12 0.128 22.69906681660439
-1.12 0.126 22.73497374522104
-1.12 0.124 22.77155326984639
-1.12 0.122 22.80883724625150
-1.12 0.12 22.84686041878275
-1.12 0.118 22.88566082461685
-1.12 0.116 22.92528027242163
-1.12 0.114 22.96576491192489
-1.12 0.112 23.00716591508451
-1.12 0.11 23.04954029497341
-1.12 0.108 23.09295189548212
-1.12 0.106 23.13747259402406
-1.12 0.104 23.18318377129363
-1.12 0.102 23.23017811771119
-1.12 0.1 23.27856186670105
-1.12 0.098 23.32845757222639
-1.12 0.096 23.38000758424691
-1.12 0.094 23.43337842437448
-1.12 0.092 23.48876632923719
-1.12 0.09 23.54640431712031
-1.12 0.088 23.60657125254289
-1.12 0.086 23.66960354472610
-1.12 0.084 23.73591033447824
-1.12 0.082 23.80599331926569
-1.12 0.08 23.88047276280389
-1.12 0.078 23.96012176205679
-1.12 0.076 24.04591152984015
-1.12 0.074 24.13907131375990
-1.12 0.072 24.24116759434260
-1.12 0.07 24.35420828274207
-1.12 0.068 24.48077848074379
-1.12 0.066 24.62421432517160
-1.12 0.064 24.78881924919126
-1.12 0.062 24.98012047276040
-1.12 0.06 25.20514951072825
-1.12 0.058 25.47270566432061
-1.12 0.056 25.79352561038207
-1.12 0.054 26.18024503915939
-1.12 0.052 26.64702817854902
-1.12 0.05 27.20880427128718
-1.12 0.048 27.88021997080606
-1.12 0.046 28.67464958388698
-1.12 0.044 29.60374726647598
-1.12 0.042 30.67791153777814
-1.12 0.04 31.90767907583586
-1.12 0.038 33.30571076067025
-1.12 0.036 34.88891070263180
-1.12 0.034 36.68029619060496
-1.12 0.032 38.70994688186325
-1.12 0.03 1.00000000000000
-1.12 0.028 1.00000000000000
-1.12 0.026 1.00000000000001
-1.12 0.024 1.00000000000007
-1.12 0.022 0.99999999999905
-1.12 0.02 0.99999999998788
-1.12 0.018 1.00000000013629
-1.12 0.016 71.58850529074023
-1.12 0.014 81.87063795766848
-1.12 0.012 95.70148254221277
-1.12 0.01 115.17972047502110
-1.12 0.008 144.52288513809177
-1.12 0.006 193.57930064511052
-1.12 0.004 291.88542000966652
-1.12 0.002 583.16216551052923
-1.08 0.2 21.70268090706837
-1.08 0.198 21.72487726684328
-1.08 0.196 21.74730426561513
-1.08 0.194 21.76996690559201
-1.08 0.192 21.79287036222124
-1.08 0.19 21.81601999288216
-1.08 0.188 21.83942134616723
-1.08 0.186 21.86308017182899
-1.08 0.184 21.88700243142400
-1.08 0.182 21.91119430975115
-1.08 0.18 21.93566222713149
-1.08 0.178 21.96041285263664
-1.08 0.176 21.98545311834249
-1.08 0.174 22.01079023472290
-1.08 0.172 22.03643170730360
-1.08 0.17 22.06238535470817
-1.08 0.168 22.08865932824278
-1.08 0.166 22.11526213320975
-1.08 0.164 22.14220265213159
-1.08 0.162 22.16949017011379
-1.08 0.16 22.19713440262104
-1.08 0.158 22.22514552593201
-1.08 0.156 22.25353421064780
-1.08 0.154 22.28231165862462
-1.08 0.152 22.31148964379276
-1.08 0.15 22.34108055740329
-1.08 0.148 22.37109745829805
-1.08 0.146 22.40155412894440
-1.08 0.144 22.43246513807546
-1.08 0.142 22.46384591092252
-1.08 0.14 22.49571280822944
-1.08 0.138 22.52808321544011
-1.08 0.136 22.56097564370450
-1.08 0.134 22.59440984470440
-1.08 0.132 22.62840694164848
-1.08 0.13 22.66298957931431
-1.08 0.128 22.69818209656133
-1.08 0.126 22.73401072552136
-1.08 0.124 22.77050382253935
-1.08 0.122 22.80769213712424
-1.08 0.12 22.84560912654306
-1.08 0.118 22.88429132555030
-1.08 0.116 22.92377878295227
-1.08 0.114 22.96411557966730
-1.08 0.112 23.00535044657061
-1.08 0.11 23.04753750520805
-1.08 0.108 23.09073716054638
-1.08 0.106 23.13501718289322
-1.08 0.104 23.18045402644785
-1.08 0.102 23.22713444553737
-1.08 0.1 23.27515748746281
-1.08 0.098 23.32463696455826
-1.08 0.096 23.37570453964352
-1.08 0.094 23.42851360120246
-1.08 0.092 23.48324416138955
-1.08 0.09 23.54010908656324
-1.08 0.088 23.59936207374973
-1.08 0.086 23.66130792747100
-1.08 0.084 23.72631588300224
-1.08 0.082 23.79483698282172
-1.08 0.08 23.86742686609810
-1.08 0.078 23.94477580605200
-1.08 0.076 24.02774846021533
-1.08 0.074 24.11743661546427
-1.08 0.072 24.21522922616814
-1.08 0.07 24.32290521885352
-1.08 0.068 24.44275570063287
-1.08 0.066 24.57774292520342
-1.08 0.064 24.73170270276422
-1.08 0.062 24.90959312050662
-1.08 0.06 25.11778256203085
-1.08 0.058 25.36435021919054
-1.08 0.056 25.65933959305005
-1.08 0.054 26.01486306068619
-1.08 0.052 26.44492230288400
-1.08 0.05 26.96482761025723
-1.08 0.048 27.59022154177212
-1.08 0.046 28.33594646516047
-1.08 0.044 29.21523139875324
-1.08 0.042 30.23970766956266
-1.08 0.04 31.42048702797936
-1.08 0.038 32.77011217265385
-1.08 0.036 34.30493350449854
-1.08 0.034 36.04753527603238
-1.08 0.032 38.02912137472444
-1.08 0.03 40.29208156503080
-1.08 0.028 42.89319532424177
-1.08 0.026 45.90808802264299
-1.08 0.024 49.43743431489860
-1.08 0.022 0.99999999999976
-1.08 0.02 0.99999999999268
-1.08 0.018 0.99999999990820
-1.08 0.016 0.99999999835097
-1.08 0.014 0.99999997704901
-1.08 0.012 93.24568862283782
-1.08 0.01 112.02316174412073
-1.08 0.008 140.37623669740202
-1.08 0.006 187.82105629816559
-1.08 0.004 282.94483436179632
-1.08 0.002 564.84971216126064
-1.04 0.2 21.70272543717105
-1.04 0.198 21.72491300878004
-1.04 0.196 21.74733091587831
-1.04 0.194 21.76998414038970
-1.04 0.192 21.79287783573262
-1.04 0.19 21.81601733533319
-1.04 0.188 21.83940816171135
-1.04 0.186 21.86305603620569
-1.04 0.184 21.88696688936916
-1.04 0.182 21.91114687213344
-1.04 0.18 21.93560236777642
-1.04 0.178 21.96034000479906
-1.04 0.176 21.98536667078872
-1.04 0.174 22.01068952736684
-1.04 0.172 22.03631602634268
-1.04 0.17 22.06225392719042
-1.04 0.168 22.08851131599053
-1.04 0.166 22.11509662601166
-1.04 0.164 22.14201866010408
-1.04 0.162 22.16928661511635
-1.04 0.16 22.19691010858069
-1.04 0.158 22.22489920793682
-1.04 0.156 22.25326446260988
-1.04 0.154 22.28201693931417
-1.04 0.152 22.31116826098485
-1.04 0.15 22.34073064984863
-1.04 0.148 22.37071697517766
-1.04 0.146 22.40114080640270
-1.04 0.144 22.43201647235336
-1.04 0.142 22.46335912752807
-1.04 0.14 22.49518482647583
-1.04 0.138 22.52751060754373
-1.04 0.136 22.56035458750137
-1.04 0.134 22.59373606882005
-1.04 0.132 22.62767566175937
-1.04 0.13 22.66219542382253
-1.04 0.128 22.69731901967520
-1.04 0.126 22.73307190527663
-1.04 0.124 22.76948154078918
-1.04 0.122 22.80657763780780
-1.04 0.12 22.84439244774437
-1.04 0.118 22.88296109976693
-1.04 0.116 22.92232199868676
-1.04 0.114 22.96251729572697
-1.04 0.112 23.00359344834364
-1.04 0.11 23.04560188939369
-1.04 0.108 23.08859983129719
-1.04 0.106 23.13265123773122
-1.04 0.104 23.17782800440301
-1.04 0.102 23.22421140219712
-1.04 0.1 23.27189385150202
-1.04 0.098 23.32098111698418
-1.04 0.096 23.37159503936723
-1.04 0.094 23.42387695717118
-1.04 0.092 23.47799202040941
-1.04 0.09 23.53413466429318
-1.04 0.088 23.59253560075566
-1.04 0.086 23.65347080758084
-1.04 0.084 23.71727316143992
-1.04 0.082 23.78434758851295
-1.04 0.08 23.85519091651170
-1.04 0.078 23.93041803336381
-1.04 0.076 24.01079652521065
-1.04 0.074 24.09729271843645
-1.04 0.072 24.19113301975007
-1.04 0.07 24.29388563846839
-1.04 0.068 24.40756910798554
-1.04 0.066 24.53479523522065
-1.04 0.064 24.67895455576256
-1.04 0.062 24.84445072759690
-1.04 0.06 25.03698413376013
-1.04 0.058 25.26387052025900
-1.04 0.056 25.53435337202759
-1.04 0.054 25.85982726531170
-1.04 0.052 26.25384286092831
-1.04 0.05 26.73174441881366
-1.04 0.048 27.30985479274355
-1.04 0.046 28.00431846746921
-1.04 0.044 28.82999656033115
-1.04 0.042 29.79999139205097
-1.04 0.04 30.92624992714260
-1.04 0.038 32.22127170869284
-1.04 0.036 33.70053523062266
-1.04 0.034 35.38516160648010
-1.04 0.032 37.30457088159269
-1.04 0.03 39.49925154449091
-1.04 0.028 42.02409292892256
-1.04 0.026 44.95301562966677
-1.04 0.024 48.38598714873154
-1.04 0.022 52.46011543733339
-1.04 0.02 57.36769063825251
-1.04 0.018 63.38644164058861
-1.04 0.016 70.93225744215508
-1.04 0.014 80.65270449489364
-1.04 0.012 1.00000012004454
-1.04 0.01 1.00000331807463
-1.04 0.008 0.99996299275749
-1.04 0.006 182.23020897053590
-1.04 0.004 274.16016577167971
-1.04 0.002 546.70695495539280
-1 0.2 21.70277962106595
-1 0.198 21.72495831625727
-1 0.196 21.74736704653549
-1 0.194 21.77001077413074
-1 0.192 21.79289463109340
-1 0.19 21.81602392763608
-1 0.188 21.83940416103572
-1 0.186 21.86304102514309
-1 0.184 21.88694042055362
-1 0.182 21.91110846549801
-1 0.18 21.93555150752150
-1 0.178 21.96027613603097
-1 0.176 21.98528919578094
-1 0.174 22.01059780140603
-1 0.172 22.03620935309913
-1 0.17 22.06213155355066
-1 0.168 22.08837242628887
-1 0.166 22.11494033556936
-1 0.164 22.14184400798348
-1 0.162 22.16909255598999
-1 0.16 22.19669550357845
-1 0.158 22.22466281433000
-1 0.156 22.25300492216301
-1 0.154 22.28173276510486
-1 0.152 22.31085782246279
-1 0.15 22.34039215586289
-1 0.148 22.37034845465136
-1 0.146 22.40074008628696
-1 0.144 22.43158115241559
-1 0.142 22.46288655145366
-1 0.14 22.49467204867076
-1 0.138 22.52695435488861
-1 0.136 22.55975121518843
-1 0.134 22.59308150921785
-1 0.132 22.62696536503480
-1 0.13 22.66142428880568
-1 0.128 22.69648131310402
-1 0.126 22.73216116720623
-1 0.124 22.76849047340918
-1 0.122 22.80549797435321
-1 0.12 22.84321479738876
-1 0.118 22.88167476344386
-1 0.116 22.92091474958690
-1 0.114 22.96097511669557
-1 0.112 23.00190021644961
-1 0.11 23.04373899550061
-1 0.108 23.08654571925265
-1 0.106 23.13038084374461
-1 0.104 23.17531207182271
-1 0.102 23.22141564004703
-1 0.1 23.26877789604836
-1 0.098 23.31749724375928
-1 0.096 23.36768655733666
-1 0.094 23.41947619593178
-1 0.092 23.47301779348794
-1 0.09 23.52848905452429
-1 0.088 23.58609986382304
-1 0.086 23.64610012284350
-1 0.084 23.70878986903465
-1 0.082 23.77453243064708
-1 0.08 23.84377163905471
-1 0.078 23.91705448935829
-1 0.076 23.99506114238915
-1 0.074 24.07864483835431
-1 0.072 24.16888518820996
-1 0.07 24.26715945596491
-1 0.068 24.37523783063057
-1 0.066 24.49541017783713
-1 0.064 24.63065295977187
-1 0.062 24.78484499017490
-1 0.06 24.96303758534160
-1 0.058 25.17177522002689
-1 0.056 25.41944227941303
-1 0.054 25.71657537554259
-1 0.052 26.07603034007274
-1 0.05 26.51284739654063
-1 0.048 27.04366601681639
-1 0.046 27.68567097359232
-1 0.044 28.45532553315901
-1 0.042 29.36744466732373
-1 0.04 30.43522527360079
-1 0.038 31.67152936220673
-1 0.036 33.09120340372798
-1 0.034 34.71391311903942
-1 0.032 36.56707771142841
-1 0.03 38.68886099628845
-1 0.028 41.13158371311788
-1 0.026 43.96627256028795
-1 0.024 47.28943999868999
-1 0.022 51.23378845435209
-1 0.02 55.98568341543248
-1 0.018 61.81461010710853
-1 0.016 69.12496558428387
-1 0.014 78.55237942537826
-1 0.012 91.15641349376068
-1 0.01 108.84451556232000
-1 0.008 135.43182408563965
-1 0.006 179.81920852894052
-1 0.004 1.00035054267743
-1 0.002 528.80116376128160
-0.96 0.2 21.70284499485943
-0.96 0.198 21.72501474500153
-0.96 0.196 21.74741423359908
-0.96 0.194 21.77004840381507
-0.96 0.192 21.79292236702932
-0.96 0.19 21.81604141102368
-0.96 0.188 21.83941100870294
-0.96 0.186 21.86303682740863
-0.96 0.184 21.88692473886867
-0.96 0.182 21.91108082983439
-0.96 0.18 21.93551141348985
-0.96 0.178 21.96022304167712
-0.96 0.176 21.98522251804201
-0.96 0.174 22.01051691216246
-0.96 0.172 22.03611357478654
-0.96 0.17 22.06202015426554
-0.96 0.168 22.08824461432610
-0.96 0.166 22.11479525331189
-0.96 0.164 22.14168072506273
-0.96 0.162 22.16891006160434
-0.96 0.16 22.19649269786514
-0.96 0.158 22.22443849865027
-0.96 0.156 22.25275778814262
-0.96 0.154 22.28146138224139
-0.96 0.152 22.31056062409958
-0.96 0.15 22.34006742326610
-0.96 0.148 22.36999429890846
-0.96 0.146 22.40035442767239
-0.96 0.144 22.43116169682612
-0.96 0.142 22.46243076343341
-0.96 0.14 22.49417712044438
-0.96 0.138 22.52641717075462
-0.96 0.136 22.55916831043941
-0.96 0.134 22.59244902264231
-0.96 0.132 22.62627898384287
-0.96 0.13 22.66067918458001
-0.96 0.128 22.69567206711126
-0.96 0.126 22.73128168302185
-0.96 0.124 22.76753387438580
-0.96 0.122 22.80445648290954
-0.96 0.12 22.84207959240632
-0.96 0.118 22.88043581121783
-0.96 0.116 22.91956060268842
-0.96 0.114 22.95949267374072
-0.96 0.112 23.00027443406423
-0.96 0.11 23.04195254152730
-0.96 0.108 23.08457855347809
-0.96 0.106 23.12820970872717
-0.96 0.104 23.17290987175864
-0.96 0.102 23.21875067944212
-0.96 0.1 23.26581294200266
-0.96 0.098 23.31418836514401
-0.96 0.096 23.36398168028660
-0.96 0.094 23.41531329666269
-0.96 0.092 23.46832262494613
-0.96 0.09 23.52317227052423
-0.96 0.088 23.58005336028024
-0.96 0.086 23.63919235624511
-0.96 0.084 23.70085983210783
-0.96 0.082 23.76538185685564
-0.96 0.08 23.83315486153924
-0.96 0.078 23.90466518422310
-0.96 0.076 23.98051492660514
-0.96 0.074 24.06145635449429
-0.96 0.072 24.14843788213863
-0.96 0.07 24.24266574677107
-0.96 0.068 24.34568683458901
-0.96 0.066 24.45949972394212
-0.96 0.064 24.58670265375057
-0.96 0.062 24.73068821574907
-0.96 0.06 24.89589378528113
-0.96 0.058 25.08811147234146
-0.96 0.056 25.31484738285770
-0.96 0.054 25.58569154597217
-0.96 0.052 25.91261313042862
-0.96 0.05 26.31003764580461
-0.96 0.048 26.79452723173081
-0.96 0.046 27.38394042668983
-0.96 0.044 28.09616331601052
-0.96 0.042 28.94784754631797
-0.96 0.04 29.95384234578426
-0.96 0.038 31.12788579283865
-0.96 0.036 32.48461660913943
-0.96 0.034 34.04246143217626
-0.96 0.032 35.82684062150645
-0.96 0.03 37.87344287801163
-0.96 0.028 40.23178966332662
-0.96 0.026 42.96974945997936
-0.96 0.024 46.18008815464079
-0.96 0.022 49.99074165026277
-0.96 0.02 54.58160588066664
-0.96 0.018 60.21291328109083
-0.96 0.016 67.27520459424248
-0.96 0.014 76.38232197674044
-0.96 0.012 88.55748213818308
-0.96 0.01 105.64267336987280
-0.96 0.008 131.32217464367884
-0.96 0.006 174.19310574187904
-0.96 0.004 260.03580838074754
-0.96 0.002 514.26442231757187
-0.92 0.2 21.70292312312294
-0.92 0.198 21.72508387740303
-0.92 0.196 21.74747407777135
-0.92 0.194 21.77009864897324
-0.92 0.192 21.79296268244275
-0.92 0.19 21.81607144433332
-0.92 0.188 21.83943038408078
-0.92 0.186 21.86304514351950
-0.92 0.184 21.88692156662417
-0.92 0.182 21.91106570992207
-0.92 0.18 21.93548385362884
-0.92 0.178 21.96018251359108
-0.92 0.176 21.98516845409273
-0.92 0.174 22.01044870162032
-0.92 0.172 22.03603055967870
-0.92 0.17 22.06192162475418
-0.92 0.168 22.08812980355048
-0.92 0.166 22.11466333163316
-0.92 0.164 22.14153079361444
-0.92 0.162 22.16874114507203
-0.92 0.16 22.19630373637552
-0.92 0.158 22.22422833864539
-0.92 0.156 22.25252517209863
-0.92 0.154 22.28120493706461
-0.92 0.152 22.31027884799274
-0.92 0.15 22.33975867084400
-0.92 0.148 22.36965676429337
-0.92 0.146 22.39998612525014
-0.92 0.144 22.43076043929036
-0.92 0.142 22.46199413668313
-0.92 0.14 22.49370245481753
-0.92 0.138 22.52590150797118
-0.92 0.136 22.55860836552981
-0.92 0.134 22.59184113998263
-0.92 0.132 22.62561908624538
-0.92 0.13 22.65996271417909
-0.92 0.128 22.69489391652461
-0.92 0.126 22.73043611494276
-0.92 0.124 22.76661442737433
-0.92 0.122 22.80345586064999
-0.92 0.12 22.84098953310514
-0.92 0.118 22.87924693303077
-0.92 0.116 22.91826222012813
-0.92 0.114 22.95807257879187
-0.92 0.112 22.99871863420617
-0.92 0.11 23.04024494492051
-0.92 0.108 23.08270058905398
-0.92 0.106 23.12613986573749
-0.92 0.104 23.17062313916810
-0.92 0.102 23.21621786018903
-0.92 0.1 23.26299981009642
-0.92 0.098 23.31105462437016
-0.92 0.096 23.36047967110562
-0.92 0.094 23.41138638178872
-0.92 0.092 23.46390316258937
-0.92 0.09 23.51817905555373
-0.92 0.088 23.57438837489816
-0.92 0.086 23.63273661963611
-0.92 0.084 23.69346806792733
-0.92 0.082 23.75687560173953
-0.92 0.08 23.82331350807261
-0.92 0.078 23.89321427633076
-0.92 0.076 23.96711078949621
-0.92 0.074 24.04566582819660
-0.92 0.072 24.12971152073962
-0.92 0.07 24.22030233628763
-0.92 0.068 24.31878648766033
-0.92 0.066 24.42690220820326
-0.92 0.064 24.54690721560578
-0.92 0.062 24.68175144765753
-0.92 0.06 24.83530399322037
-0.92 0.058 25.01264318095715
-0.92 0.056 25.22041051405597
-0.92 0.054 25.46720897446034
-0.92 0.052 25.76398769287834
-0.92 0.05 26.12429642883794
-0.92 0.048 26.56423159794107
-0.92 0.046 27.10188442167698
-0.92 0.044 27.75622870344790
-0.92 0.042 28.54570039911452
-0.92 0.04 29.48710125429068
-0.92 0.038 30.59558679787087
-0.92 0.036 31.88614487113034
-0.92 0.034 33.37634389892162
-0.92 0.032 35.08974486286393
-0.92 0.03 37.05950470355253
-0.92 0.028 39.33218237614189
-0.92 0.026 41.97229841903945
-0.92 0.024 45.06870405105706
-0.92 0.022 48.74443717375171
-0.92 0.02 53.17281946456150
-0.92 0.018 58.60472896354374
-0.92 0.016 65.41672187916264
-0.92 0.014 74.20066043618057
-0.92 0.012 85.94309437646083
-0.92 0.01 102.41994650519570
-0.92 0.008 127.18324354678161
-0.92 0.006 168.52127057068844
-0.92 0.004 251.28775889886649
-0.92 0.002 496.39917714789294
-0.88 0.2 21.70301561444053
-0.88 0.198 21.72516733869080
-0.88 0.196 21.74754822129236
-0.88 0.194 21.77016316923365
-0.88 0.192 21.79301725473769
-0.88 0.19 21.81611572315102
-0.88 0.188 21.83946400134379
-0.88 0.186 21.86306770665808
-0.88 0.184 21.88693265644839
-0.88 0.182 21.91106487827320
-0.88 0.18 21.93547062079136
-0.88 0.178 21.96015636542052
-0.88 0.176 21.98512883884087
-0.88 0.174 22.01039502641283
-0.88 0.172 22.03596218660047
-0.88 0.17 22.06183786649309
-0.88 0.168 22.08802991854744
-0.88 0.166 22.11454651866427
-0.88 0.164 22.14139618573825
-0.88 0.162 22.16858780285078
-0.88 0.16 22.19613064027166
-0.88 0.158 22.22403438047707
-0.88 0.156 22.25230914542595
-0.88 0.154 22.28096552634002
-0.88 0.152 22.31001461630791
-0.88 0.15 22.33946804605264
-0.88 0.148 22.36933802327004
-0.88 0.146 22.39963737599043
-0.88 0.144 22.43037960052021
-0.88 0.142 22.46157891456765
-0.88 0.14 22.49325031630583
-0.88 0.138 22.52540965020586
-0.88 0.136 22.55807368066930
-0.88 0.134 22.59126017462650
-0.88 0.132 22.62498799452264
-0.88 0.13 22.65927720335116
-0.88 0.128 22.69414918373895
-0.88 0.126 22.72962677346567
-0.88 0.124 22.76573442030321
-0.88 0.122 22.80249835964691
-0.88 0.12 22.83994681916660
-0.88 0.118 22.87811025562043
-0.88 0.116 22.91702163015136
-0.88 0.114 22.95671672983127
-0.88 0.112 22.99723454506443
-0.88 0.11 23.03861771481608
-0.88 0.108 23.08091305460046
-0.88 0.106 23.12417218603680
-0.88 0.104 23.16845229169419
-0.88 0.102 23.21381702542425
-0.88 0.1 23.26033761676138
-0.88 0.098 23.30809421900346
-0.88 0.096 23.35717756517834
-0.88 0.094 23.40769101547763
-0.88 0.092 23.45975310565670
-0.88 0.09 23.51350074078519
-0.88 0.088 23.56909322593113
-0.88 0.086 23.62671738963272
-0.88 0.084 23.68659414403197
-0.88 0.082 23.74898694661947
-0.88 0.08 23.81421279595264
-0.88 0.078 23.88265662589222
-0.88 0.076 23.95479028556858
-0.88 0.074 24.03119774066915
-0.88 0.072 24.11260875242014
-0.88 0.07 24.19994414308502
-0.88 0.068 24.29437690858199
-0.88 0.066 24.39741495052631
-0.88 0.064 24.51101308279077
-0.88 0.062 24.63772408457001
-0.88 0.06 24.78090043184567
-0.88 0.058 24.94495870912665
-0.88 0.056 25.13571497742023
-0.88 0.054 25.36078681182881
-0.88 0.052 25.63002928044979
-0.88 0.05 25.95592107768679
-0.88 0.048 26.35374644711604
-0.88 0.046 26.84136075749260
-0.88 0.044 27.43836204696323
-0.88 0.042 28.16471654655590
-0.88 0.04 29.03929966274888
-0.88 0.038 30.07916905853507
-0.88 0.036 31.30030495540916
-0.88 0.034 32.71996218482774
-0.88 0.032 34.36013716357084
-0.88 0.03 36.25149812408484
-0.88 0.028 38.43752108135116
-0.88 0.026 40.97919777156445
-0.88 0.024 43.96129862526922
-0.88 0.022 47.50184909419080
-0.88 0.02 51.76753968658001
-0.88 0.018 56.99988424865717
-0.88 0.016 63.56148152263280
-0.88 0.014 72.02228102173559
-0.88 0.012 83.33230111107345
-0.88 0.01 99.20168025699678
-0.88 0.008 123.05082659132725
-0.88 0.006 162.86082529536247
-0.88 0.004 242.56407082024705
-0.88 0.002 478.59827126635224
-0.84 0.2 21.70312413633770
-0.84 0.198 21.72526681242861
-0.84 0.196 21.74763836403640
-0.84 0.194 21.77024368105289
-0.84 0.192 21.79308781722689
-0.84 0.19 21.81617599791515
-0.84 0.188 21.83951362833538
-0.84 0.186 21.86310630234769
-0.84 0.184 21.88695981181442
-0.84 0.182 21.91108015658100
-0.84 0.18 21.93547355514498
-0.84 0.178 21.96014645605715
-0.84 0.176 21.98510555013830
-0.84 0.174 22.01035778356904
-0.84 0.172 22.03591037195138
-0.84 0.17 22.06177081541802
-0.84 0.168 22.08794691491504
-0.84 0.166 22.11444678974771
-0.84 0.164 22.14127889654887
-0.84 0.162 22.16845204978437
-0.84 0.16 22.19597544400301
-0.84 0.158 22.22385867797862
-0.84 0.156 22.25211178099278
-0.84 0.154 22.28074524148046
-0.84 0.152 22.30977003833308
-0.84 0.15 22.33919767517726
-0.84 0.148 22.36904021798362
-0.84 0.146 22.39931033645743
-0.84 0.144 22.43002134968197
-0.84 0.142 22.46118727659656
-0.84 0.14 22.49282289196377
-0.84 0.138 22.52494378861967
-0.84 0.136 22.55756644690407
-0.84 0.134 22.59070831234330
-0.84 0.132 22.62438788286336
-0.84 0.13 22.65862480702190
-0.84 0.128 22.69343999505466
-0.84 0.126 22.72885574486846
-0.84 0.124 22.76489588554759
-0.84 0.122 22.80158594145591
-0.84 0.12 22.83895332069256
-0.84 0.118 22.87702753243325
-0.84 0.116 22.91584043873196
-0.84 0.114 22.95542654759846
-0.84 0.112 22.99582335578440
-0.84 0.11 23.03707175171946
-0.84 0.108 23.07921649161783
-0.84 0.106 23.12230676508037
-0.84 0.104 23.16639687076664
-0.84 0.102 23.21154702818863
-0.84 0.1 23.25782435889345
-0.84 0.098 23.30530407963506
-0.84 0.096 23.35407096255213
-0.84 0.094 23.40422113377948
-0.84 0.092 23.45586430381988
-0.84 0.09 23.50912655245583
-0.84 0.088 23.56415383075116
-0.84 0.086 23.62111639678535
-0.84 0.084 23.68021447580523
-0.84 0.082 23.74168553730536
-0.84 0.08 23.80581372244635
-0.84 0.078 23.87294215102412
-0.84 0.076 23.94348911015921
-0.84 0.074 24.01796950824955
-0.84 0.072 24.09702351013127
-0.84 0.07 24.18145500966120
-0.84 0.068 24.27228361531214
-0.84 0.066 24.37081520256345
-0.84 0.064 24.47873788908021
-0.84 0.062 24.59825250538649
-0.84 0.06 24.73224904126301
-0.84 0.058 24.88454242144218
-0.84 0.056 25.06018054590628
-0.84 0.054 25.26583120807810
-0.84 0.052 25.51023596295848
-0.84 0.05 25.80467963926536
-0.84 0.048 26.16335810337594
-0.84 0.046 26.60344606954740
-0.84 0.044 27.14462649064875
-0.84 0.042 27.80795196958356
-0.84 0.04 28.61425819746093
-0.84 0.038 29.58283703641131
-0.84 0.036 30.73131614543311
-0.84 0.034 32.07732869185530
-0.84 0.032 33.64178523390918
-0.84 0.03 35.45304624588082
-0.84 0.028 37.55144995873963
-0.84 0.026 39.99428734341901
-0.84 0.024 42.86206350531327
-0.84 0.022 46.26765692809222
-0.84 0.02 50.37106415969382
-0.84 0.018 55.40443967196688
-0.84 0.016 61.71648788709277
-0.84 0.014 69.85537223641408
-0.84 0.012 80.73480670035073
-0.84 0.01 95.99957127916561
-0.84 0.008 118.93933495992789
-0.84 0.006 157.23008646435247
-0.84 0.004 233.88928701452659
-0.84 0.002 460.90475862064199
-0.8 0.2 21.70325042990713
-0.8 0.198 21.72538405567264
-0.8 0.196 21.74774627921516
-0.8 0.194 21.77034197399552
-0.8 0.192 21.79317617601719
-0.8 0.19 21.81625409146066
-0.8 0.188 21.83958110479411
-0.8 0.186 21.86316278739818
-0.8 0.184 21.88700490675447
-0.8 0.182 21.91111343623640
-0.8 0.18 21.93549456555870
-0.8 0.178 21.96015471194521
-0.8 0.176 21.98510053206843
-0.8 0.174 22.01033893484433
-0.8 0.172 22.03587709514994
-0.8 0.17 22.06172246855509
-0.8 0.168 22.08788280717175
-0.8 0.166 22.11436617671601
-0.8 0.164 22.14118097492449
-0.8 0.162 22.16833595144149
-0.8 0.16 22.19584022935624
-0.8 0.158 22.22370332854639
-0.8 0.156 22.25193519103897
-0.8 0.154 22.28054620861483
-0.8 0.152 22.30954725291229
-0.8 0.15 22.33894970832856
-0.8 0.148 22.36876550805938
-0.8 0.146 22.39900717366397
-0.8 0.144 22.42968785861401
-0.8 0.142 22.46082139633853
-0.8 0.14 22.49242235338022
-0.8 0.138 22.52450608836066
-0.8 0.136 22.55708881759099
-0.8 0.134 22.59018768828455
-0.8 0.132 22.62382086052495
-0.8 0.13 22.65800759933199
-0.8 0.128 22.69276837843051
-0.8 0.126 22.72812499763268
-0.8 0.124 22.76410071611633
-0.8 0.122 22.80072040434934
-0.8 0.12 22.83801071797689
-0.8 0.118 22.87600029768880
-0.8 0.116 22.91471999997151
-0.8 0.114 22.95420316474342
-0.8 0.112 22.99448592724210
-0.8 0.11 23.03560758330433
-0.8 0.108 23.07761101936526
-0.8 0.106 23.12054322135258
-0.8 0.104 23.16445588028730
-0.8 0.102 23.20940611708729
-0.8 0.1 23.25545735518850
-0.8 0.098 23.30268037754743
-0.8 0.096 23.35115461510825
-0.8 0.094 23.40096972766997
-0.8 0.092 23.45222755657495
-0.8 0.09 23.50504455342031
-0.8 0.088 23.55955482240217
-0.8 0.086 23.61591395927547
-0.8 0.084 23.67430393193879
-0.8 0.082 23.73493933289407
-0.8 0.08 23.79807545181362
-0.8 0.078 23.86401878046300
-0.8 0.076 23.93314079146575
-0.8 0.074 24.00589615374566
-0.8 0.072 24.08284699886637
-0.8 0.07 24.16469548583742
-0.8 0.068 24.25232779644472
-0.8 0.066 24.34687391480495
-0.8 0.064 24.44978919733393
-0.8 0.062 24.56296589109336
-0.8 0.06 24.68888536654658
-0.8 0.058 24.83082454522811
-0.8 0.056 24.99313176569224
-0.8 0.054 25.18158565456405
-0.8 0.052 25.40384048130903
-0.8 0.05 25.66993468010828
-0.8 0.048 25.99278563558086
-0.8 0.046 26.38851059750890
-0.8 0.044 26.87632789266819
-0.8 0.042 27.47779165158728
-0.8 0.04 28.21533264656994
-0.8 0.038 29.11056579576858
-0.8 0.036 30.18332699207478
-0.8 0.034 31.45241358471257
-0.8 0.032 32.93832717819673
-0.8 0.03 34.66748756953332
-0.8 0.028 36.67715000596885
-0.8 0.026 39.02076418232804
-0.8 0.024 41.77436839438969
-0.8 0.022 45.04552724789498
-0.8 0.02 48.98745580031964
-0.8 0.018 53.82294731686592
-0.8 0.016 59.88688733305710
-0.8 0.014 67.70580916930739
-0.8 0.012 78.15739824310877
-0.8 0.01 92.82158286631471
-0.8 0.008 114.85831950226802
-0.8 0.006 151.64091747196110
-0.8 0.004 225.27918713942680
-0.8 0.002 443.34535297480477
-0.76 0.2 21.70339632439410
-0.76 0.198 21.72552091404051
-0.76 0.196 21.74787382897561
-0.76 0.194 21.77045992687824
-0.76 0.192 21.79328422673192
-0.76 0.19 21.81635191634213
-0.76 0.188 21.83966836031321
-0.76 0.186 21.86323910853249
-0.76 0.184 21.88706990519473
-0.76 0.182 21.91116669841681
-0.76 0.18 21.93553565048224
-0.76 0.178 21.96018314879130
-0.76 0.176 21.98511581754618
-0.76 0.174 22.01034053026454
-0.76 0.172 22.03586442318345
-0.76 0.17 22.06169490964140
-0.76 0.168 22.08783969552120
-0.76 0.166 22.11430679586918
-0.76 0.164 22.14110455279642
-0.76 0.162 22.16824165479765
-0.76 0.16 22.19572715763251
-0.76 0.158 22.22357050692758
-0.76 0.156 22.25178156269747
-0.76 0.154 22.28037062598138
-0.76 0.152 22.30934846785081
-0.76 0.15 22.33872636105153
-0.76 0.148 22.36851611459433
-0.76 0.146 22.39873011166107
-0.76 0.144 22.42938135123232
-0.76 0.142 22.46048349391797
-0.76 0.14 22.49205091254420
-0.76 0.138 22.52409874813653
-0.76 0.136 22.55664297205667
-0.76 0.134 22.58970045515744
-0.76 0.132 22.62328904500340
-0.76 0.13 22.65742765235492
-0.76 0.128 22.69213634836924
-0.76 0.126 22.72743647421346
-0.76 0.124 22.76335076514660
-0.76 0.122 22.79990349149277
-0.76 0.12 22.83712061946973
-0.76 0.118 22.87502999540910
-0.76 0.116 22.91366155770869
-0.76 0.114 22.95304758176657
-0.76 0.112 22.99322296438001
-0.76 0.11 23.03422555558004
-0.76 0.108 23.07609654776456
-0.76 0.106 23.11888093443829
-0.76 0.104 23.16262805398962
-0.76 0.102 23.20739223789729
-0.76 0.1 23.25323358798053
-0.76 0.098 23.30021891407217
-0.76 0.096 23.34842287233610
-0.76 0.094 23.39792935619257
-0.76 0.092 23.44883320734077
-0.76 0.09 23.50124233518491
-0.76 0.088 23.55528036096798
-0.76 0.086 23.61108994084640
-0.76 0.084 23.66883697394247
-0.76 0.082 23.72871597248190
-0.76 0.08 23.79095696944720
-0.76 0.078 23.85583447588431
-0.76 0.076 23.92367919120260
-0.76 0.074 23.99489343854804
-0.76 0.072 24.06997167626773
-0.76 0.07 24.14952797176715
-0.76 0.068 24.23433307921072
-0.76 0.066 24.32536482191848
-0.76 0.064 24.42387694819935
-0.76 0.062 24.53149361597088
-0.76 0.06 24.65033923528502
-0.76 0.058 24.78321646450236
-0.76 0.056 24.93384818129247
-0.76 0.054 25.10720070342892
-0.76 0.052 25.30990191100967
-0.76 0.05 25.55075242366103
-0.76 0.048 25.84128990235985
-0.76 0.046 26.19629487995004
-0.76 0.044 26.63402524503167
-0.76 0.042 27.17588717734954
-0.76 0.04 27.84532121576983
-0.76 0.038 28.66605197435214
-0.76 0.036 29.66046741909179
-0.76 0.034 30.84930824238149
-0.76 0.032 32.25352096018155
-0.76 0.03 33.89818115065908
-0.76 0.028 35.81768475542466
-0.76 0.026 38.06157265546603
-0.76 0.024 40.70121389334774
-0.76 0.022 43.83865701297595
-0.76 0.02 47.62021159107523
-0.76 0.018 52.25928857019370
-0.76 0.016 58.07703246548935
-0.76 0.014 65.57852447786215
-0.76 0.012 75.60573967955945
-0.76 0.01 89.67433640695322
-0.76 0.008 110.81572970100842
-0.76 0.006 146.10329316132257
-0.76 0.004 216.74742904182312
-0.76 0.002 425.94420355966412
-0.72 0.2 21.70356375197109
-0.72 0.198 21.72567933697256
-0.72 0.196 21.74802298015518
-0.72 0.194 21.77059952405701
-0.72 0.192 21.79341397135006
-0.72 0.19 21.81647149224889
-0.72 0.188 21.83977743236569
-0.72 0.186 21.86333732105667
-0.72 0.184 21.88715688029840
-0.72 0.182 21.91124203413645
-0.72 0.18 21.93559891874508
-0.72 0.178 21.96023389316091
-0.72 0.176 21.98515355074500
-0.72 0.174 22.01036473143474
-0.72 0.172 22.03587453485310
-0.72 0.17 22.06169033436150
-0.72 0.168 22.08781979213854
-0.72 0.166 22.11427087538121
-0.72 0.164 22.14105187373810
-0.72 0.162 22.16817141809755
-0.72 0.16 22.19563850086681
-0.72 0.158 22.22346249789760
-0.72 0.156 22.25165319222461
-0.72 0.154 22.28022079982441
-0.72 0.152 22.30917599761829
-0.72 0.15 22.33852995394913
-0.72 0.148 22.36829436186567
-0.72 0.146 22.39848147549935
-0.72 0.144 22.42910414994688
-0.72 0.142 22.46017588508419
-0.72 0.14 22.49171087381418
-0.72 0.138 22.52372405534834
-0.72 0.136 22.55623117418641
-0.72 0.134 22.58924884560439
-0.72 0.132 22.62279462857924
-0.72 0.13 22.65688710723790
-0.72 0.128 22.69154598214020
-0.72 0.126 22.72679217290599
-0.72 0.124 22.76264793403459
-0.72 0.122 22.79913698606727
-0.72 0.12 22.83628466472488
-0.72 0.118 22.87411809116340
-0.72 0.116 22.91266636715660
-0.72 0.114 22.95196079984812
-0.72 0.112 22.99203516174014
-0.72 0.11 23.03292599289297
-0.72 0.108 23.07467295392815
-0.72 0.106 23.11731924053822
-0.72 0.104 23.16091207283041
-0.72 0.102 23.20550327626983
-0.72 0.1 23.25114997538375
-0.72 0.098 23.29791542711887
-0.72 0.096 23.34587002823922
-0.72 0.094 23.39509254102757
-0.72 0.092 23.44567159460724
-0.72 0.09 23.49770753664653
-0.72 0.088 23.55131473360869
-0.72 0.086 23.60662444939079
-0.72 0.084 23.66378847526480
-0.72 0.082 23.72298374316737
-0.72 0.08 23.78441823599242
-0.72 0.078 23.84833862191460
-0.72 0.076 23.91504019851354
-0.72 0.074 23.98487995559382
-0.72 0.072 24.05829388124119
-0.72 0.07 24.13582008343752
-0.72 0.068 24.21812993583375
-0.72 0.066 24.30607035907865
-0.72 0.064 24.40072162180178
-0.72 0.062 24.50347681477587
-0.72 0.06 24.61615154721827
-0.72 0.058 24.74113549989507
-0.72 0.056 24.88160107207253
-0.72 0.054 25.04178767798062
-0.72 0.052 25.22738108027826
-0.72 0.05 25.44600057145789
-0.72 0.048 25.70778360098900
-0.72 0.046 26.02600407517400
-0.72 0.044 26.41756652617497
-0.72 0.042 26.90310082348709
-0.72 0.04 27.50632962647600
-0.72 0.038 28.25256864447020
-0.72 0.036 29.16677619730061
-0.72 0.034 30.27226639268913
-0.72 0.032 31.59138494768786
-0.72 0.03 33.14870641283238
-0.72 0.028 34.97622604900310
-0.72 0.026 37.11964279745478
-0.72 0.024 39.64548633460213
-0.72 0.022 42.65005859671500
-0.72 0.02 46.27259519078612
-0.72 0.018 50.71707272848710
-0.72 0.016 56.29096687750413
-0.72 0.014 63.47810389944406
-0.72 0.012 73.08511071843400
-0.72 0.01 86.56403871657936
-0.72 0.008 106.81909339327903
-0.72 0.006 140.62682716159534
-0.72 0.004 208.30758184794141
-0.72 0.002 408.72633025623554
-0.68 0.2 21.70375476289058
-0.68 0.198 21.72586139336702
-0.68 0.196 21.74819582042475
-0.68 0.194 21.77076287208924
-0.68 0.192 21.79356753541557
-0.68 0.19 21.81661496379548
-0.68 0.188 21.83991048469299
-0.68 0.186 21.86345960787525
-0.68 0.184 21.88726803414217
-0.68 0.182 21.91134166462065
-0.68 0.18 21.93568661065181
-0.68 0.178 21.96030920433527
-0.68 0.176 21.98521600976998
-0.68 0.174 22.01041383506622
-0.68 0.172 22.03590974519021
-0.68 0.17 22.06171107571130
-0.68 0.168 22.08782544753534
-0.68 0.166 22.11426078273044
-0.68 0.164 22.14102532152473
-0.68 0.162 22.16812764060622
-0.68 0.16 22.19557667285256
-0.68 0.158 22.22338172862633
-0.68 0.156 22.25155251880956
-0.68 0.154 22.28009917975135
-0.68 0.152 22.30903230034284
-0.68 0.15 22.33836295145353
-0.68 0.148 22.36810271799633
-0.68 0.146 22.39826373393308
-0.68 0.144 22.42885872055689
-0.68 0.142 22.45990102847814
-0.68 0.14 22.49140468375230
-0.68 0.138 22.52338443870389
-0.68 0.136 22.55585582806347
-0.68 0.134 22.58883523113469
-0.68 0.132 22.62233994084486
-0.68 0.13 22.65638824066577
-0.68 0.128 22.69099949056720
-0.68 0.126 22.72619422338402
-0.68 0.124 22.76199425322381
-0.68 0.122 22.79842279785935
-0.68 0.12 22.83550461743349
-0.68 0.118 22.87326617226036
-0.68 0.116 22.91173580310824
-0.68 0.114 22.95094393802455
-0.68 0.112 22.99092333071012
-0.68 0.11 23.03170933652027
-0.68 0.108 23.07334023360919
-0.68 0.106 23.11585759849410
-0.68 0.104 23.15930674762054
-0.68 0.102 23.20373725937160
-0.68 0.1 23.24920359474606
-0.68 0.098 23.29576583977089
-0.68 0.096 23.34349059903170
-0.68 0.094 23.39245207803172
-0.68 0.092 23.44273340303361
-0.68 0.09 23.49442824166516
-0.68 0.088 23.54764280708549
-0.68 0.086 23.60249835489680
-0.68 0.084 23.65913431776724
-0.68 0.082 23.71771227177605
-0.68 0.08 23.77842099598877
-0.68 0.078 23.84148298055291
-0.68 0.076 23.90716286963123
-0.68 0.074 23.97577850995564
-0.68 0.072 24.04771553677689
-0.68 0.07 24.12344680050917
-0.68 0.068 24.20355846777150
-0.68 0.066 24.28878538912814
-0.68 0.064 24.38005940855678
-0.68 0.062 24.47857582402590
-0.68 0.06 24.58588534936488
-0.68 0.058 24.70402182639846
-0.68 0.056 24.83567964533514
-0.68 0.054 24.98445905729525
-0.68 0.052 25.15520111812625
-0.68 0.05 25.35443372521441
-0.68 0.048 25.59093920636609
-0.68 0.046 25.87641976535362
-0.68 0.044 26.22616325626012
-0.68 0.042 26.65949118191181
-0.68 0.04 27.19964408939760
-0.68 0.038 27.87276800947894
-0.68 0.036 28.70602802692564
-0.68 0.034 29.72563581615521
-0.68 0.032 30.95625000872300
-0.68 0.03 32.42299848920490
-0.68 0.028 34.15622495088795
-0.68 0.026 36.19806693955891
-0.68 0.024 38.61013251035520
-0.68 0.022 41.48273958288204
-0.68 0.02 44.94783443129838
-0.68 0.018 49.19986487944942
-0.68 0.016 54.53269473079680
-0.68 0.014 61.40910901268141
-0.68 0.012 70.60079682007077
-0.68 0.01 83.49695823631630
-0.68 0.008 102.87610652586338
-0.68 0.006 135.22151829622729
-0.68 0.004 199.97411165526663
-0.68 0.002 391.71925224484386
-0.64 0.2 21.70397154121941
-0.64 0.198 21.72606928779809
-0.64 0.196 21.74839457501468
-0.64 0.194 21.77095221699564
-0.64 0.192 21.79374718585762
-0.64 0.19 21.81678461891235
-0.64 0.188 21.84006982630720
-0.64 0.186 21.86360829913168
-0.64 0.184 21.88740571801866
-0.64 0.182 21.91146796229717
-0.64 0.18 21.93580111971644
-0.64 0.178 21.96041149681164
-0.64 0.176 21.98530562994643
-0.64 0.174 22.01049029710551
-0.64 0.172 22.03597253048467
-0.64 0.17 22.06175962995876
-0.64 0.168 22.08785917750722
-0.64 0.166 22.11427905268252
-0.64 0.164 22.14102744921223
-0.64 0.162 22.16811289285150
-0.64 0.16 22.19554426060615
-0.64 0.158 22.22333080145636
-0.64 0.156 22.25148215873855
-0.64 0.154 22.28000839435501
-0.64 0.152 22.30892001501036
-0.64 0.15 22.33822800068331
-0.64 0.148 22.36794383559890
-0.64 0.146 22.39807954197237
-0.64 0.144 22.42864771684932
-0.64 0.142 22.45966157242839
-0.64 0.14 22.49113498027105
-0.64 0.138 22.52308251990797
-0.64 0.136 22.55551953240071
-0.64 0.134 22.58846217952347
-0.64 0.132 22.62192750932292
-0.64 0.13 22.65593352897274
-0.64 0.128 22.69049928594435
-0.64 0.126 22.72564495876680
-0.64 0.124 22.76139195881157
-0.64 0.122 22.79776304485705
-0.64 0.12 22.83478245249567
-0.64 0.118 22.87247604087365
-0.64 0.116 22.91087145973201
-0.64 0.114 22.94999834037737
-0.64 0.112 22.98988851493494
-0.64 0.11 23.03057626925687
-0.64 0.108 23.07209863601561
-0.64 0.106 23.11449573608379
-0.64 0.104 23.15781117822823
-0.64 0.102 23.20209252961071
-0.64 0.1 23.24739187279639
-0.64 0.098 23.29376646905334
-0.64 0.096 23.34127955308548
-0.64 0.094 23.39000129133122
-0.64 0.092 23.44000994516261
-0.64 0.09 23.49139329251408
-0.64 0.088 23.54425037780519
-0.64 0.086 23.59869368191790
-0.64 0.084 23.65485183371474
-0.64 0.082 23.71287302511737
-0.64 0.08 23.77292934756051
-0.64 0.078 23.83522234488060
-0.64 0.076 23.89999018559140
-0.64 0.074 23.96751700919861
-0.64 0.072 24.03814521598464
-0.64 0.07 24.11229177577157
-0.64 0.068 24.19047006952426
-0.64 0.066 24.27331940797881
-0.64 0.064 24.36164527889518
-0.64 0.062 24.45647467803525
-0.64 0.06 24.55913273639183
-0.64 0.058 24.67134945737349
-0.64 0.056 24.79540890011510
-0.64 0.054 24.93435761600305
-0.64 0.052 25.09229409146527
-0.64 0.05 25.27476461900341
-0.64 0.048 25.48928887523011
-0.64 0.046 25.74602089514471
-0.64 0.044 26.05850153382749
-0.64 0.042 26.44435769885409
-0.64 0.04 26.92565361008822
-0.64 0.038 27.52847982700816
-0.64 0.036 28.28148807341745
-0.64 0.034 29.21368197343070
-0.64 0.032 30.35271527384882
-0.64 0.03 31.72542123777962
-0.64 0.028 33.36154738968983
-0.64 0.026 35.30025025727269
-0.64 0.024 37.59830305663611
-0.64 0.022 40.33983857590989
-0.64 0.02 43.64925983199889
-0.64 0.018 47.71133915764991
-0.64 0.016 52.80635862350989
-0.64 0.014 59.37628795791138
-0.64 0.012 68.15834184952109
-0.64 0.01 80.47973206548410
-0.64 0.008 98.99501368936888
-0.64 0.006 129.89823810520605
-0.64 0.004 191.76305017297227
-0.64 0.002 374.95415974905006
-0.6 0.2 21.70421642130582
-0.6 0.198 21.72630537749958
-0.6 0.196 21.74862162423033
-0.6 0.194 21.77116996232632
-0.6 0.192 21.79395534962437
-0.6 0.19 21.81698290808962
-0.6 0.188 21.84025793135670
-0.6 0.186 21.86378589272200
-0.6 0.184 21.88757245363711
-0.6 0.182 21.91162347271340
-0.6 0.18 21.93594501531356
-0.6 0.178 21.96054336373636
-0.6 0.176 21.98542502808809
-0.6 0.174 22.01059675786143
-0.6 0.172 22.03606555430193
-0.6 0.17 22.06183868361196
-0.6 0.168 22.08792369109653
-0.6 0.166 22.11432841630136
-0.6 0.164 22.14106100925290
-0.6 0.162 22.16812994790151
-0.6 0.16 22.19554405688058
-0.6 0.158 22.22331252770536
-0.6 0.156 22.25144494056188
-0.6 0.154 22.27995128784520
-0.6 0.152 22.30884199962481
-0.6 0.15 22.33812797124646
-0.6 0.148 22.36782059331237
-0.6 0.146 22.39793178426697
-0.6 0.144 22.42847402595276
-0.6 0.142 22.45946040240467
-0.6 0.14 22.49090464234598
-0.6 0.138 22.52282116577984
-0.6 0.136 22.55522513524311
-0.6 0.134 22.58813251229220
-0.6 0.132 22.62156011993780
-0.6 0.13 22.65552571184210
-0.6 0.128 22.69004804922075
-0.6 0.126 22.72514698658282
-0.6 0.124 22.76084356761351
-0.6 0.122 22.79716013275928
-0.6 0.12 22.83412044038492
-0.6 0.118 22.87174980368184
-0.6 0.116 22.91007524600433
-0.6 0.114 22.94912567780912
-0.6 0.112 22.98893209906208
-0.6 0.11 23.02952783181363
-0.6 0.108 23.07094878866542
-0.6 0.106 23.11323378419644
-0.6 0.104 23.15642489805831
-0.6 0.102 23.20056790055293
-0.6 0.1 23.24571275424696
-0.6 0.098 23.29191420861244
-0.6 0.096 23.33923250924126
-0.6 0.094 23.38773424903301
-0.6 0.092 23.43749339648424
-0.6 0.09 23.48859254645399
-0.6 0.088 23.54112445231199
-0.6 0.086 23.59519391666428
-0.6 0.084 23.65092014243896
-0.6 0.082 23.70843967962829
-0.6 0.08 23.76791014900482
-0.6 0.078 23.82951498761979
-0.6 0.076 23.89346954954418
-0.6 0.074 23.96002901960541
-0.6 0.072 24.02949877394315
-0.6 0.07 24.10224807197758
-0.6 0.068 24.17872832422866
-0.6 0.066 24.25949769953611
-0.6 0.064 24.34525458681961
-0.6 0.062 24.43688351651502
-0.6 0.06 24.53551872300639
-0.6 0.058 24.64263278867537
-0.6 0.056 24.76016098639596
-0.6 0.054 24.89067623754782
-0.6 0.052 25.03763500833209
-0.6 0.05 25.20572023313959
-0.6 0.048 25.40131089968585
-0.6 0.046 25.63310274583056
-0.6 0.044 25.91287715891216
-0.6 0.042 26.25634407701989
-0.6 0.04 26.68384908741000
-0.6 0.038 27.22055619836822
-0.6 0.036 27.89563759827594
-0.6 0.034 28.74031418749853
-0.6 0.032 29.78549107481104
-0.6 0.03 31.06075886187914
-0.6 0.028 32.59656934533137
-0.6 0.026 34.43004587271638
-0.6 0.024 36.61348635017977
-0.6 0.022 39.22474595141968
-0.6 0.02 42.38041871531026
-0.6 0.018 46.25539873578948
-0.6 0.016 51.11637651276354
-0.6 0.014 57.38473766712083
-0.6 0.012 65.76374380973228
-0.6 0.01 77.51960644149889
-0.6 0.008 95.18491161276691
-0.6 0.006 124.66913169169483
-0.6 0.004 183.69257456899595
-0.6 0.002 358.46700779016487
-0.56 0.2 21.70449190517009
-0.56 0.198 21.72657219028347
-0.56 0.196 21.74887952192547
-0.56 0.194 21.77141868821462
-0.56 0.192 21.79419463335515
-0.56 0.19 21.81721246467593
-0.56 0.188 21.84047746007966
-0.56 0.186 21.86399507594128
-0.56 0.184 21.88777095547870
-0.56 0.182 21.91181093764472
-0.56 0.18 21.93612106657229
-0.56 0.178 21.96070760161713
-0.56 0.176 21.98557702805089
-0.56 0.174 22.01073606845650
-0.56 0.172 22.03619169487742
-0.56 0.17 22.06195114179490
-0.56 0.168 22.08802192000013
-0.56 0.166 22.11441183143921
-0.56 0.164 22.14112898512201
-0.56 0.162 22.16818181418826
-0.56 0.16 22.19557909424057
-0.56 0.158 22.22332996307195
-0.56 0.156 22.25144394190575
-0.56 0.154 22.27993095832901
-0.56 0.152 22.30880137105650
-0.56 0.15 22.33806599674264
-0.56 0.148 22.36773613904891
-0.56 0.146 22.39782362021529
-0.56 0.144 22.42834081541053
-0.56 0.142 22.45930069018821
-0.56 0.14 22.49071684140614
-0.56 0.138 22.52260354202438
-0.56 0.136 22.55497579027257
-0.56 0.134 22.58784936372294
-0.56 0.132 22.62124087892126
-0.56 0.13 22.65516785731458
-0.56 0.128 22.68964879833944
-0.56 0.126 22.72470326068444
-0.56 0.124 22.76035195292032
-0.56 0.122 22.79661683489052
-0.56 0.12 22.83352123153650
-0.56 0.118 22.87108996111746
-0.56 0.116 22.90934948019732
-0.56 0.114 22.94832804821836
-0.56 0.112 22.98805591507847
-0.56 0.11 23.02856553585680
-0.56 0.108 23.06989181770231
-0.56 0.106 23.11207240507719
-0.56 0.104 23.15514801091943
-0.56 0.102 23.19916280314795
-0.56 0.1 23.24416485817948
-0.56 0.098 23.29020669612891
-0.56 0.096 23.33734591616058
-0.56 0.094 23.38564595540574
-0.56 0.092 23.43517700136773
-0.56 0.09 23.48601709628025
-0.56 0.088 23.53825348320593
-0.56 0.086 23.59198425883492
-0.56 0.084 23.64732041834871
-0.56 0.082 23.70438840539419
-0.56 0.08 23.76333331810552
-0.56 0.078 23.82432297433843
-0.56 0.076 23.88755311186221
-0.56 0.074 23.95325410104020
-0.56 0.072 24.02169969126305
-0.56 0.07 24.09321851721339
-0.56 0.068 24.16820938482792
-0.56 0.066 24.24716178146844
-0.56 0.064 24.33068367181131
-0.56 0.062 24.41953954134267
-0.56 0.06 24.51470296472395
-0.56 0.058 24.61742989230604
-0.56 0.056 24.72936161135116
-0.56 0.054 24.85267023892878
-0.56 0.052 24.99026488040946
-0.56 0.05 25.14608314329337
-0.56 0.048 25.32549937242839
-0.56 0.046 25.53588396424933
-0.56 0.044 25.78733805373337
-0.56 0.042 26.09358603044052
-0.56 0.04 26.47290676561180
-0.56 0.038 26.94880545282633
-0.56 0.036 27.54992952308227
-0.56 0.034 28.30874845198332
-0.56 0.032 29.25912104555916
-0.56 0.03 30.43409650477789
-0.56 0.028 31.86620786874716
-0.56 0.026 33.59186763042019
-0.56 0.024 35.65963998006620
-0.56 0.022 38.14122430425260
-0.56 0.02 41.14518324511933
-0.56 0.018 44.83628334220591
-0.56 0.016 49.46756192712194
-0.56 0.014 55.44004693216465
-0.56 0.012 63.42362982507332
-0.56 0.01 74.62465567234705
-0.56 0.008 91.45603211837000
-0.56 0.006 119.54800373746133
-0.56 0.004 175.78359213327246
-0.56 0.002 342.29968224909857
-0.52 0.2 21.70480068096485
-0.52 0.198 21.72687244358073
-0.52 0.196 21.74917101514482
-0.52 0.194 21.77170117164097
-0.52 0.192 21.79446784427827
-0.52 0.19 21.81747612644510
-0.52 0.188 21.84073128108323
-0.52 0.186 21.86423874848573
-0.52 0.184 21.88800415456986
-0.52 0.182 21.91203331965374
-0.52 0.18 21.93633226777206
-0.52 0.178 21.96090723658548
-0.52 0.176 21.98576468791240
-0.52 0.174 22.01091131895209
-0.52 0.172 22.03635407423973
-0.52 0.17 22.06210015840823
-0.52 0.168 22.08815704981832
-0.52 0.166 22.11453251513105
-0.52 0.164 22.14123462491387
-0.52 0.162 22.16827177036193
-0.52 0.16 22.19565268124841
-0.52 0.158 22.22338644521145
-0.52 0.156 22.25148252851377
-0.52 0.154 22.27995079840365
-0.52 0.152 22.30880154726175
-0.52 0.15 22.33804551868690
-0.52 0.148 22.36769393574671
-0.52 0.146 22.39775853162172
-0.52 0.144 22.42825158288046
-0.52 0.142 22.45918594571730
-0.52 0.14 22.49057509546462
-0.52 0.138 22.52243316977795
-0.52 0.136 22.55477501592482
-0.52 0.134 22.58761624270554
-0.52 0.132 22.62097327757779
-0.52 0.13 22.65486342965879
-0.52 0.128 22.68930495942128
-0.52 0.126 22.72431715597387
-0.52 0.124 22.75992042302245
-0.52 0.122 22.79613637477128
-0.52 0.12 22.83298794326572
-0.52 0.118 22.87049949893107
-0.52 0.116 22.90869698644375
-0.52 0.114 22.94760807842394
-0.52 0.112 22.98726234999665
-0.52 0.11 23.02769147787621
-0.52 0.108 23.06892946840112
-0.52 0.106 23.11101291993081
-0.52 0.104 23.15398132623563
-0.52 0.102 23.19787742906708
-0.52 0.1 23.24274763003343
-0.52 0.098 23.28864247444863
-0.52 0.096 23.33561722304158
-0.52 0.094 23.38373253158272
-0.52 0.092 23.43305526396916
-0.52 0.09 23.48365947145360
-0.52 0.088 23.53562758017595
-0.52 0.086 23.58905184176654
-0.52 0.084 23.64403611871658
-0.52 0.082 23.70069809911963
-0.52 0.08 23.75917206656253
-0.52 0.078 23.81961239389008
-0.52 0.076 23.88219798902863
-0.52 0.074 23.94713800419323
-0.52 0.072 24.01467923710028
-0.52 0.07 24.08511581948216
-0.52 0.068 24.15880202741811
-0.52 0.066 24.23616939352728
-0.52 0.064 24.31774980434297
-0.52 0.062 24.40420700321787
-0.52 0.06 24.49638000322383
-0.52 0.058 24.59534351113919
-0.52 0.056 24.70249280688065
-0.52 0.054 24.81966392425294
-0.52 0.052 24.94930479945113
-0.52 0.05 25.09471956644932
-0.52 0.048 25.26041615016454
-0.52 0.046 25.45259494717443
-0.52 0.044 25.67981805279492
-0.52 0.042 25.95388065331455
-0.52 0.04 26.29084289231037
-0.52 0.038 26.71203708150943
-0.52 0.036 27.24463519636187
-0.52 0.034 27.92116889643782
-0.52 0.032 28.77760148906125
-0.52 0.03 29.85056353381862
-0.52 0.028 31.17585026788867
-0.52 0.026 32.79075667921490
-0.52 0.024 34.74131386119246
-0.52 0.022 37.09353422802250
-0.52 0.02 39.94786292140730
-0.52 0.018 43.45867633736359
-0.52 0.016 47.86524061336215
-0.52 0.014 53.54843561379459
-0.52 0.012 61.14542891238297
-0.52 0.01 71.80400231104873
-0.52 0.008 87.82003287651504
-0.52 0.006 114.55072558447442
-0.52 0.004 168.06037706112463
-0.52 0.002 326.50131572942536
-0.48 0.2 21.70514564267885
-0.48 0.198 21.72720906476262
-0.48 0.196 21.74949906508260
-0.48 0.194 21.77202040806531
-0.48 0.192 21.79477801254694
-0.48 0.19 21.81777695866782
-0.48 0.188 21.84102249516137
-0.48 0.186 21.86452004706900
-0.48 0.184 21.88827522391756
-0.48 0.182 21.91229382839179
-0.48 0.18 21.93658186553560
-0.48 0.178 21.96114555252874
-0.48 0.176 21.98599132907819
-0.48 0.174 22.01112586848223
-0.48 0.172 22.03655608940727
-0.48 0.17 22.06228916845154
-0.48 0.168 22.08833255355481
-0.48 0.166 22.11469397832442
-0.48 0.164 22.14138147736016
-0.48 0.162 22.16840340266686
-0.48 0.16 22.19576844125427
-0.48 0.158 22.22348563402840
-0.48 0.156 22.25156439610300
-0.48 0.154 22.28001453866173
-0.48 0.152 22.30884629252523
-0.48 0.15 22.33807033359922
-0.48 0.148 22.36769781038069
-0.48 0.146 22.39774037375746
-0.48 0.144 22.42821020933584
-0.48 0.142 22.45912007256785
-0.48 0.14 22.49048332700632
-0.48 0.138 22.52231398604248
-0.48 0.136 22.55462675852315
-0.48 0.134 22.58743709874156
-0.48 0.132 22.62076126132211
-0.48 0.13 22.65461636163444
-0.48 0.128 22.68902044246020
-0.48 0.126 22.72399254774396
-0.48 0.124 22.75955280442358
-0.48 0.122 22.79572251347381
-0.48 0.12 22.83252425152403
-0.48 0.118 22.86998198464634
-0.48 0.116 22.90812119619354
-0.48 0.114 22.94696903095551
-0.48 0.112 22.98655445831959
-0.48 0.11 23.02690845769590
-0.48 0.108 23.06806423009602
-0.48 0.106 23.11005744067150
-0.48 0.104 23.15292649798942
-0.48 0.102 23.19671287721634
-0.48 0.1 23.24146149602914
-0.48 0.098 23.28722115420953
-0.48 0.096 23.33404505065647
-0.48 0.094 23.38199139504573
-0.48 0.092 23.43112413600629
-0.48 0.09 23.48151383367911
-0.48 0.088 23.53323871244624
-0.48 0.086 23.58638594014608
-0.48 0.084 23.64105319415044
-0.48 0.082 23.69735059361484
-0.48 0.08 23.75540310298607
-0.48 0.078 23.81535354713615
-0.48 0.076 23.87736642719874
-0.48 0.074 23.94163279422161
-0.48 0.072 24.00837653328412
-0.48 0.07 24.07786254638293
-0.48 0.068 24.15040751664730
-0.48 0.066 24.22639421694186
-0.48 0.064 24.30629073450774
-0.48 0.062 24.39067658294315
-0.48 0.06 24.48027855840098
-0.48 0.058 24.57602051064851
-0.48 0.056 24.67909315074412
-0.48 0.054 24.79105290373858
-0.48 0.052 24.91396303315214
-0.48 0.05 25.05059626557177
-0.48 0.048 25.20472623092408
-0.48 0.046 25.38154474425484
-0.48 0.044 25.58825050978026
-0.48 0.042 25.83485381544805
-0.48 0.04 26.13521155359630
-0.48 0.038 26.50821171252717
-0.48 0.036 26.97882615085969
-0.48 0.034 27.57846743060306
-0.48 0.032 28.34395481875296
-0.48 0.03 29.31493661680717
-0.48 0.028 30.53113989707198
-0.48 0.026 32.03236117656289
-0.48 0.024 33.86374364471256
-0.48 0.022 36.08656128682293
-0.48 0.02 38.79332630342869
-0.48 0.018 42.12781883838795
-0.48 0.016 46.31537155254428
-0.48 0.014 51.71689864161874
-0.48 0.012 58.93755280152831
-0.48 0.01 69.06805111434360
-0.48 0.008 84.29031151798215
-0.48 0.006 109.69568314866612
-0.48 0.004 160.55128583971594
-0.48 0.002 311.12979787328504
-0.44 0.2 21.70552991125978
-0.44 0.198 21.72758521293376
-0.44 0.196 21.74986686958476
-0.44 0.194 21.77237963465101
-0.44 0.192 21.79512841522709
-0.44 0.19 21.81811827888487
-0.44 0.188 21.84135446090059
-0.44 0.186 21.86484237188315
-0.44 0.184 21.88858760586930
-0.44 0.182 21.91259594889979
-0.44 0.18 21.93687338810972
-0.44 0.178 21.96142612139081
-0.44 0.176 21.98626056765475
-0.44 0.174 22.01138337774331
-0.44 0.172 22.03680144605161
-0.44 0.17 22.06252192290907
-0.44 0.168 22.08855222778410
-0.44 0.166 22.11490006338737
-0.44 0.164 22.14157343074653
-0.44 0.162 22.16858064533254
-0.44 0.16 22.19593035434385
-0.44 0.158 22.22363155523901
-0.44 0.156 22.25169361564586
-0.44 0.154 22.28012629476597
-0.44 0.152 22.30893976643185
-0.44 0.15 22.33814464396331
-0.44 0.148 22.36775200701716
-0.44 0.146 22.39777343062852
-0.44 0.144 22.42822101667465
-0.44 0.142 22.45910742802421
-0.44 0.14 22.49044592565805
-0.44 0.138 22.52225040911551
-0.44 0.136 22.55453546062195
-0.44 0.134 22.58731639335945
-0.44 0.132 22.62060930436391
-0.44 0.13 22.65443113263927
-0.44 0.128 22.68879972313485
-0.44 0.126 22.72373389738620
-0.44 0.124 22.75925353168480
-0.44 0.122 22.79537964384562
-0.44 0.12 22.83213448979079
-0.44 0.118 22.86954167139507
-0.44 0.116 22.90762625729880
-0.44 0.114 22.94641491870836
-0.44 0.112 22.98593608261286
-0.44 0.11 23.02622010529139
-0.44 0.108 23.06729946960803
-0.44 0.106 23.10920901030213
-0.44 0.104 23.15198617240345
-0.44 0.102 23.19567130904120
-0.44 0.1 23.24030802636565
-0.44 0.098 23.28594358512615
-0.44 0.096 23.33262937079633
-0.44 0.094 23.38042144713846
-0.44 0.092 23.42938121199043
-0.44 0.09 23.47957617913551
-0.44 0.088 23.53108091676143
-0.44 0.086 23.58397818180530
-0.44 0.084 23.63836030121012
-0.44 0.082 23.69433086683998
-0.44 0.08 23.75200683209416
-0.44 0.078 23.81152112734888
-0.44 0.076 23.87302595137086
-0.44 0.074 23.93669695151598
-0.44 0.072 24.00273858348265
-0.44 0.07 24.07139105186660
-0.44 0.068 24.14293939042564
-0.44 0.066 24.21772546849061
-0.44 0.064 24.29616404096743
-0.44 0.062 24.37876444544966
-0.44 0.06 24.46616026932662
-0.44 0.058 24.55915038156675
-0.44 0.056 24.65875632818848
-0.44 0.054 24.76630349435440
-0.44 0.052 24.88353702241398
-0.44 0.05 25.01278875216629
-0.44 0.048 25.15721898320941
-0.44 0.046 25.32116696611057
-0.44 0.044 25.51065585278911
-0.44 0.042 25.73410703570184
-0.44 0.04 26.00331269844381
-0.44 0.038 26.33466532919060
-0.44 0.036 26.75050044785084
-0.44 0.034 27.28013358667460
-0.44 0.032 27.95984965183111
-0.44 0.03 28.83114438265962
-0.44 0.028 29.93759308929057
-0.44 0.026 31.32277738488179
-0.44 0.024 33.03287481055950
-0.44 0.022 35.12592646688162
-0.44 0.02 37.68712937738746
-0.44 0.018 40.84963453609051
-0.44 0.016 44.82467710075188
-0.44 0.014 49.95335956851985
-0.44 0.012 56.80959009318526
-0.44 0.01 66.42874306487319
-0.44 0.008 80.88235065140627
-0.44 0.006 105.00427484798431
-0.44 0.004 153.28956277069258
-0.44 0.002 296.25349759004291
-0.4 0.2 21.70595685731239
-0.4 0.198 21.72800430237426
-0.4 0.196 21.75027788735398
-0.4 0.194 21.77278235528262
-0.4 0.192 21.79552260214004
-0.4 0.19 21.81850368362450
-0.4 0.188 21.84173082230076
-0.4 0.186 21.86520941516881
-0.4 0.184 21.88894504167499
-0.4 0.182 21.91294347219204
-0.4 0.18 21.93721067702639
-0.4 0.178 21.96175283596450
-0.4 0.176 21.98657634841396
-0.4 0.174 22.01168784419122
-0.4 0.172 22.03709419498631
-0.4 0.17 22.06280252658687
-0.4 0.168 22.08882023189689
-0.4 0.166 22.11515498483919
-0.4 0.164 22.14181475519751
-0.4 0.162 22.16880782448966
-0.4 0.16 22.19614280296070
-0.4 0.158 22.22382864780010
-0.4 0.156 22.25187468267992
-0.4 0.154 22.28029061875764
-0.4 0.152 22.30908657725813
-0.4 0.15 22.33827311381873
-0.4 0.148 22.36786124473571
-0.4 0.146 22.39786247533270
-0.4 0.144 22.42828883065535
-0.4 0.142 22.45915288873746
-0.4 0.14 22.49046781672323
-0.4 0.138 22.52224741015422
-0.4 0.136 22.55450613577843
-0.4 0.134 22.58725917829268
-0.4 0.132 22.62052249148131
-0.4 0.13 22.65431285428537
-0.4 0.128 22.68864793242777
-0.4 0.126 22.72354634628319
-0.4 0.124 22.75902774585181
-0.4 0.122 22.79511289375246
-0.4 0.12 22.83182375740533
-0.4 0.118 22.86918361166438
-0.4 0.116 22.90721715349902
-0.4 0.114 22.94595063051066
-0.4 0.112 22.98541198548909
-0.4 0.11 23.02563101958252
-0.4 0.108 23.06663957720167
-0.4 0.106 23.10847175641143
-0.4 0.104 23.15116414933641
-0.4 0.102 23.19475611814277
-0.4 0.1 23.23929011334351
-0.4 0.098 23.28481204282247
-0.4 0.096 23.33137170189788
-0.4 0.094 23.37902327738441
-0.4 0.092 23.42782594186664
-0.4 0.09 23.47784455871164
-0.4 0.088 23.52915052396080
-0.4 0.086 23.58182277860848
-0.4 0.084 23.63594903460006
-0.4 0.082 23.69162727096082
-0.4 0.08 23.74896757417932
-0.4 0.078 23.80809442098598
-0.4 0.076 23.86914953466476
-0.4 0.074 23.93229549172381
-0.4 0.072 23.99772031956261
-0.4 0.07 24.06564341587042
-0.4 0.068 24.13632324876779
-0.4 0.066 24.21006748138198
-0.4 0.064 24.28724643274138
-0.4 0.062 24.36831118053639
-0.4 0.06 24.45381819402381
-0.4 0.058 24.54446325567185
-0.4 0.056 24.64112873895456
-0.4 0.054 24.74495028727900
-0.4 0.052 24.85741193028594
-0.4 0.05 24.98048317477850
-0.4 0.048 25.11681827554282
-0.4 0.046 25.27004743525645
-0.4 0.044 25.44520239175698
-0.4 0.042 25.64933318317932
-0.4 0.04 25.89238196154276
-0.4 0.038 26.18836419593447
-0.4 0.036 26.55682555344875
-0.4 0.034 27.02433043827705
-0.4 0.032 27.62537063563146
-0.4 0.03 28.40176927042411
-0.4 0.028 29.40006601570356
-0.4 0.026 30.66820690877021
-0.4 0.024 32.25526138979991
-0.4 0.022 34.21804417116770
-0.4 0.02 36.63563638658170
-0.4 0.018 39.63086316763072
-0.4 0.016 43.40078381651375
-0.4 0.014 48.26683512292503
-0.4 0.012 54.77251466726980
-0.4 0.01 63.89982990860765
-0.4 0.008 77.61409337555482
-0.4 0.006 100.50145727046267
-0.4 0.004 146.31422888648697
-0.4 0.002 281.95317612924202
-0.36 0.2 21.70643012558335
-0.36 0.198 21.72847002783300
-0.36 0.196 21.75073586409126
-0.36 0.194 21.77323236757763
-0.36 0.192 21.79596442380533
-0.36 0.19 21.81893707729832
-0.36 0.188 21.84215553867809
-0.36 0.186 21.86562519216422
-0.36 0.184 21.88935160351720
-0.36 0.182 21.91334052843630
-0.36 0.18 21.93759792147868
-0.36 0.178 21.96212994550690
-0.36 0.176 21.98694298172306
-0.36 0.174 22.01204364033164
-0.36 0.172 22.03743877188033
-0.36 0.17 22.06313547932573
-0.36 0.168 22.08914113089312
-0.36 0.166 22.11546337378957
-0.36 0.164 22.14211014884490
-0.36 0.162 22.16908970615087
-0.36 0.16 22.19641062179925
-0.36 0.158 22.22408181580520
-0.36 0.156 22.25211257132308
-0.36 0.154 22.28051255527696
-0.36 0.152 22.30929184053754
-0.36 0.15 22.33846092978565
-0.36 0.148 22.36803078124053
-0.36 0.146 22.39801283641687
-0.36 0.144 22.42841905013604
-0.36 0.142 22.45926192301619
-0.36 0.14 22.49055453669449
-0.36 0.138 22.52231059209797
-0.36 0.136 22.55454445108215
-0.36 0.134 22.58727118181930
-0.36 0.132 22.62050660839064
-0.36 0.13 22.65426736505834
-0.36 0.128 22.68857095580622
-0.36 0.126 22.72343581980313
-0.36 0.124 22.75888140354709
-0.36 0.122 22.79492824058321
-0.36 0.12 22.83159803981867
-0.36 0.118 22.86891378363499
-0.36 0.116 22.90689983721884
-0.36 0.114 22.94558207076313
-0.36 0.112 22.98498799651521
-0.36 0.11 23.02514692300754
-0.36 0.108 23.06609012927391
-0.36 0.106 23.10785106240304
-0.36 0.104 23.15046556248397
-0.36 0.102 23.19397211986150
-0.36 0.1 23.23841217069979
-0.36 0.098 23.28383043821418
-0.36 0.096 23.33027532865725
-0.36 0.094 23.37779939336089
-0.36 0.092 23.42645987093379
-0.36 0.09 23.47631932739668
-0.36 0.088 23.52744641677529
-0.36 0.086 23.57991679091585
-0.36 0.084 23.63381419554246
-0.36 0.082 23.68923180052538
-0.36 0.08 23.74627382713016
-0.36 0.078 23.80505755496131
-0.36 0.076 23.86571581866365
-0.36 0.074 23.92840014209317
-0.36 0.072 23.99328471018209
-0.36 0.07 24.06057145245615
-0.36 0.068 24.13049661698608
-0.36 0.066 24.20333936385710
-0.36 0.064 24.27943312520986
-0.36 0.062 24.35918079811282
-0.36 0.06 24.44307530890152
-0.36 0.058 24.53172779341007
-0.36 0.056 24.62590670154108
-0.36 0.054 24.72659275052887
-0.36 0.052 24.83505711738688
-0.36 0.05 24.95297402756604
-0.36 0.048 25.08258461443362
-0.36 0.046 25.22693744859520
-0.36 0.044 25.39024334851399
-0.36 0.042 25.57839814628775
-0.36 0.04 25.79974423051538
-0.36 0.038 26.06614883104216
-0.36 0.036 26.39444418431788
-0.36 0.034 26.80814075145038
-0.36 0.032 27.33901118204166
-0.36 0.03 28.02767755973110
-0.36 0.028 28.92215764844717
-0.36 0.026 30.07442278847441
-0.36 0.024 31.53778056194097
-0.36 0.022 33.37007251362735
-0.36 0.02 35.64610192041077
-0.36 0.018 38.47919078622868
-0.36 0.016 42.05237040988892
-0.36 0.014 46.66760797105236
-0.36 0.012 52.83890376170658
-0.36 0.01 61.49716197699865
-0.36 0.008 74.50633781357463
-0.36 0.006 96.21631943420556
-0.36 0.004 139.67101878395536
-0.36 0.002 268.32400531907291
-0.32 0.2 21.70695366139491
-0.32 0.198 21.72898639185614
-0.32 0.196 21.75124486076046
-0.32 0.194 21.77373379213528
-0.32 0.192 21.79645806170043
-0.32 0.19 21.81942270353183
-0.32 0.188 21.84263291709604
-0.32 0.186 21.86609407469203
-0.32 0.184 21.88981172932317
-0.32 0.182 21.91379162303081
-0.32 0.18 21.93803969572229
-0.32 0.178 21.96256209453798
-0.32 0.176 21.98736518378538
-0.32 0.174 22.01245555549642
-0.32 0.172 22.03784004063963
-0.32 0.17 22.06352572106105
-0.32 0.168 22.08951994219070
-0.32 0.166 22.11583032659411
-0.32 0.164 22.14246478842174
-0.32 0.162 22.16943154885041
-0.32 0.16 22.19673915258128
-0.32 0.158 22.22439648551492
-0.32 0.156 22.25241279366401
-0.32 0.154 22.28079770346735
-0.32 0.152 22.30956124359092
-0.32 0.15 22.33871386837873
-0.32 0.148 22.36826648310704
-0.32 0.146 22.39823047121006
-0.32 0.144 22.42861772368458
-0.32 0.142 22.45944067088546
-0.32 0.14 22.49071231696642
-0.32 0.138 22.52244627724835
-0.32 0.136 22.55465681882300
-0.32 0.134 22.58735890476611
-0.32 0.132 22.62056824236045
-0.32 0.13 22.65430133579508
-0.32 0.128 22.68857554389242
-0.32 0.126 22.72340914345736
-0.32 0.124 22.75882139896935
-0.32 0.122 22.79483263943823
-0.32 0.12 22.83146434337242
-0.32 0.118 22.86873923296446
-0.32 0.116 22.90668137879526
-0.32 0.114 22.94531631658002
-0.32 0.112 22.98467117774600
-0.32 0.11 23.02477483597673
-0.32 0.108 23.06565807224863
-0.32 0.106 23.10735376139482
-0.32 0.104 23.14989708382971
-0.32 0.102 23.19332576684373
-0.32 0.1 23.23768036080724
-0.32 0.098 23.28300455682562
-0.32 0.096 23.32934555386917
-0.32 0.094 23.37675448532315
-0.32 0.092 23.42528691732499
-0.32 0.09 23.47500343439069
-0.32 0.088 23.52597033190712
-0.32 0.086 23.57826044034942
-0.32 0.084 23.63195411309608
-0.32 0.082 23.68714041897139
-0.32 0.08 23.74391859303623
-0.32 0.078 23.80239981588719
-0.32 0.076 23.86270941451970
-0.32 0.074 23.92498960907096
-0.32 0.072 23.98940297321078
-0.32 0.07 24.05613683674897
-0.32 0.068 24.12540894512891
-0.32 0.066 24.19747481359846
-0.32 0.064 24.27263739180635
-0.32 0.062 24.35125991470702
-0.32 0.06 24.43378319986549
-0.32 0.058 24.52074922504935
-0.32 0.056 24.61283368560065
-0.32 0.054 24.71089154920631
-0.32 0.052 24.81602164839635
-0.32 0.05 24.92965947041819
-0.32 0.048 25.05371211610935
-0.32 0.046 25.19075676715316
-0.32 0.044 25.34433504517842
-0.32 0.042 25.51939143681101
-0.32 0.04 25.72292430051370
-0.32 0.038 25.96493785419649
-0.32 0.036 26.25978466348544
-0.32 0.034 26.62792349367531
-0.32 0.032 27.09789897680626
-0.32 0.03 27.70789607816496
-0.32 0.028 28.50569801404712
-0.32 0.026 29.54611081420557
-0.32 0.024 30.88713309264412
-0.32 0.022 32.58969145101043
-0.32 0.02 34.72666330921327
-0.32 0.018 37.40334967968233
-0.32 0.016 40.78931019775658
-0.32 0.014 45.16739815651077
-0.32 0.012 51.02315295669566
-0.32 0.01 59.23897042385908
-0.32 0.008 71.58312202012887
-0.32 0.006 92.18263968751896
-0.32 0.004 133.41328320813201
-0.32 0.002 255.47749819803724
-0.28 0.2 21.70753173925232
-0.28 0.198 21.72955773439518
-0.28 0.196 21.75180928422941
-0.28 0.194 21.77429110425457
-0.28 0.192 21.79700806110757
-0.28 0.19 21.81996517918677
-0.28 0.188 21.84316764763436
-0.28 0.186 21.86662082772409
-0.28 0.184 21.89033026067858
-0.28 0.182 21.91430167592850
-0.28 0.18 21.93854099988013
-0.28 0.178 21.96305436519474
-0.28 0.176 21.98784812063603
-0.28 0.174 22.01292884153283
-0.28 0.172 22.03830334088387
-0.28 0.17 22.06397868117712
-0.28 0.168 22.08996218696614
-0.28 0.166 22.11626145826956
-0.28 0.164 22.14288438486465
-0.28 0.162 22.16983916153485
-0.28 0.16 22.19713430437441
-0.28 0.158 22.22477866822150
-0.28 0.156 22.25278146532398
-0.28 0.154 22.28115228535657
-0.28 0.152 22.30990111690138
-0.28 0.15 22.33903837052933
-0.28 0.148 22.36857490363694
-0.28 0.146 22.39852204720794
-0.28 0.144 22.42889163467992
-0.28 0.142 22.45969603313786
-0.28 0.14 22.49094817706366
-0.28 0.138 22.52266160491732
-0.28 0.136 22.55485049884254
-0.28 0.134 22.58752972784394
-0.28 0.132 22.62071489482761
-0.28 0.13 22.65442238793006
-0.28 0.128 22.68866943667101
-0.28 0.126 22.72347417346893
-0.28 0.124 22.75885570121846
-0.28 0.122 22.79483416766999
-0.28 0.12 22.83143084750947
-0.28 0.118 22.86866823317302
-0.28 0.116 22.90657013557352
-0.28 0.114 22.94516179616608
-0.28 0.112 22.98447001200126
-0.28 0.11 23.02452327568902
-0.28 0.108 23.06535193262648
-0.28 0.106 23.10698835820460
-0.28 0.104 23.14946715831996
-0.28 0.102 23.19282539715210
-0.28 0.1 23.23710285700771
-0.28 0.098 23.28234233610661
-0.28 0.096 23.32858999143997
-0.28 0.094 23.37589573555444
-0.28 0.092 23.42431369818090
-0.28 0.09 23.47390276638872
-0.28 0.088 23.52472722037133
-0.28 0.086 23.57685748663917
-0.28 0.084 23.63037103624654
-0.28 0.082 23.68535346367202
-0.28 0.08 23.74189979243641
-0.28 0.078 23.80011606770149
-0.28 0.076 23.86012131524738
-0.28 0.074 23.92204997247849
-0.28 0.072 23.98605493333619
-0.28 0.07 24.05231139962847
-0.28 0.068 24.12102180258687
-0.28 0.066 24.19242216020115
-0.28 0.064 24.26679038240525
-0.28 0.062 24.34445724974407
-0.28 0.06 24.42582110596152
-0.28 0.058 24.51136777427453
-0.28 0.056 24.60169791482966
-0.28 0.054 24.69756511951156
-0.28 0.052 24.79992970047961
-0.28 0.05 24.91003570446012
-0.28 0.048 25.02952269988537
-0.28 0.046 25.16059014025416
-0.28 0.044 25.30624176313531
-0.28 0.042 25.47065200754250
-0.28 0.04 25.65971704854940
-0.28 0.038 25.88187867519303
-0.28 0.036 26.14933059909817
-0.28 0.034 26.47970288655301
-0.28 0.032 26.89819664500969
-0.28 0.03 27.43978696290717
-0.28 0.028 28.15048690921021
-0.28 0.026 29.08624000636669
-0.28 0.024 30.30917250099754
-0.28 0.022 31.88466452464439
-0.28 0.02 33.88618017755810
-0.28 0.018 36.41314215901005
-0.28 0.016 39.62278111957977
-0.28 0.014 43.77951261576144
-0.28 0.012 49.34166270741856
-0.28 0.01 57.14610722564913
-0.28 0.008 68.87204422805186
-0.28 0.006 88.43933795507536
-0.28 0.004 127.60270298442073
-0.28 0.002 243.54299331731940
-0.24 0.2 21.70816899383710
-0.24 0.198 21.73018876488693
-0.24 0.196 21.75243392050476
-0.24 0.194 21.77490916837256
-0.24 0.192 21.79761936681648
-0.24 0.19 21.82056953138113
-0.24 0.188 21.84376484177413
-0.24 0.186 21.86721064920799
-0.24 0.184 21.89091248415545
-0.24 0.182 21.91487606455665
-0.24 0.18 21.93910730452532
-0.24 0.178 21.96361232355198
-0.24 0.176 21.98839745627844
-0.24 0.174 22.01346926287108
-0.24 0.172 22.03883454003168
-0.24 0.17 22.06450033271334
-0.24 0.168 22.09047394657774
-0.24 0.166 22.11676296126732
-0.24 0.164 22.14337524454939
-0.24 0.162 22.17031896740933
-0.24 0.16 22.19760262016874
-0.24 0.158 22.22523502972120
-0.24 0.156 22.25322537797145
-0.24 0.154 22.28158322160078
-0.24 0.152 22.31031851325999
-0.24 0.15 22.33944162433355
-0.24 0.148 22.36896336941495
-0.24 0.146 22.39889503265481
-0.24 0.144 22.42924839617373
-0.24 0.142 22.46003577072019
-0.24 0.14 22.49127002883271
-0.24 0.138 22.52296464073086
-0.24 0.136 22.55513371324949
-0.24 0.134 22.58779203212387
-0.24 0.132 22.62095510800577
-0.24 0.13 22.65463922662371
-0.24 0.128 22.68886150357279
-0.24 0.126 22.72363994426894
-0.24 0.124 22.75899350970291
-0.24 0.122 22.79494218871892
-0.24 0.12 22.83150707762373
-0.24 0.118 22.86871046812455
-0.24 0.116 22.90657594468492
-0.24 0.114 22.94512849261735
-0.24 0.112 22.98439461844502
-0.24 0.11 23.02440248432449
-0.24 0.108 23.06518205866394
-0.24 0.106 23.10676528546654
-0.24 0.104 23.14918627541329
-0.24 0.102 23.19248152230939
-0.24 0.1 23.23669014924161
-0.24 0.098 23.28185418977654
-0.24 0.096 23.32801891060152
-0.24 0.094 23.37523318358501
-0.24 0.092 23.42354991698006
-0.24 0.09 23.47302655796796
-0.24 0.088 23.52372568171067
-0.24 0.086 23.57571568610735
-0.24 0.084 23.62907161655854
-0.24 0.082 23.68387615188808
-0.24 0.08 23.74022079158926
-0.24 0.078 23.79820729661770
-0.24 0.076 23.85794945232736
-0.24 0.074 23.91957524436527
-0.24 0.072 23.98322956896992
-0.24 0.07 24.04907764172671
-0.24 0.068 24.11730932866790
-0.24 0.066 24.18814470858020
-0.24 0.064 24.26184129747688
-0.24 0.062 24.33870354351187
-0.24 0.06 24.41909546135744
-0.24 0.058 24.50345766296241
-0.24 0.056 24.59233062576808
-0.24 0.054 24.68638692948236
-0.24 0.052 24.78647656410433
-0.24 0.05 24.89369154683857
-0.24 0.048 25.00945943568145
-0.24 0.046 25.13568060740551
-0.24 0.044 25.27493247458451
-0.24 0.042 25.43077672085812
-0.24 0.04 25.60822503467210
-0.24 0.038 25.81444590675515
-0.24 0.036 26.05982662684174
-0.24 0.034 26.35952299172346
-0.24 0.032 26.73558064187939
-0.24 0.03 27.21947941355937
-0.24 0.028 27.85439003120584
-0.24 0.026 28.69566720706983
-0.24 0.024 29.80821044715157
-0.24 0.022 31.26220847958686
-0.24 0.02 33.13387296669159
-0.24 0.018 35.51932987707684
-0.24 0.016 38.56529841297294
-0.24 0.014 42.51893549134775
-0.24 0.012 47.81295240342752
-0.24 0.01 55.24218051789731
-0.24 0.008 66.40442545220587
-0.24 0.006 85.03067708779648
-0.24 0.004 122.30955790304206
-0.24 0.002 232.66810218240380
-0.2 0.2 21.70887045360233
-0.2 0.198 21.73088459708691
-0.2 0.196 21.75312397083596
-0.2 0.194 21.77559327550593
-0.2 0.192 21.79829736195705
-0.2 0.19 21.82124123778716
-0.2 0.188 21.84443007424488
-0.2 0.186 21.86786921351908
-0.2 0.184 21.89156417645967
-0.2 0.182 21.91552067073032
-0.2 0.18 21.93974459945124
-0.2 0.178 21.96424207035177
-0.2 0.176 21.98901940547226
-0.2 0.174 22.01408315146046
-0.2 0.172 22.03944009050556
-0.2 0.17 22.06509725195774
-0.2 0.168 22.09106192468596
-0.2 0.166 22.11734167023852
-0.2 0.164 22.14394433685934
-0.2 0.162 22.17087807444421
-0.2 0.16 22.19815135050482
-0.2 0.158 22.22577296722593
-0.2 0.156 22.25375207971561
-0.2 0.154 22.28209821554912
-0.2 0.152 22.31082129572120
-0.2 0.15 22.33993165713179
-0.2 0.148 22.36944007675223
-0.2 0.146 22.39935779762645
-0.2 0.144 22.42969655688205
-0.2 0.142 22.46046861594832
-0.2 0.14 22.49168679320152
-0.2 0.138 22.52336449927995
-0.2 0.136 22.55551577535441
-0.2 0.134 22.58815533466163
-0.2 0.132 22.62129860764880
-0.2 0.13 22.65496179114140
-0.2 0.128 22.68916190198729
-0.2 0.126 22.72391683568810
-0.2 0.124 22.75924543062348
-0.2 0.122 22.79516753855022
-0.2 0.12 22.83170410214717
-0.2 0.118 22.86887724053600
-0.2 0.116 22.90671034381607
-0.2 0.114 22.94522817783433
-0.2 0.112 22.98445700063930
-0.2 0.11 23.02442469227928
-0.2 0.108 23.06516089994009
-0.2 0.106 23.10669720075936
-0.2 0.104 23.14906728509942
-0.2 0.102 23.19230716363513
-0.2 0.1 23.23645540223096
-0.2 0.098 23.28155338947991
-0.2 0.096 23.32764564276539
-0.2 0.094 23.37478016004863
-0.2 0.092 23.42300882622663
-0.2 0.09 23.47238788500510
-0.2 0.088 23.52297848995271
-0.2 0.086 23.57484735185003
-0.2 0.084 23.62806750402368
-0.2 0.082 23.68271921326781
-0.2 0.08 23.73889107182931
-0.2 0.078 23.79668131642167
-0.2 0.076 23.85619943432131
-0.2 0.074 23.91756813578385
-0.2 0.072 23.98092579827584
-0.2 0.07 24.04642952442585
-0.2 0.068 24.11425900656073
-0.2 0.066 24.18462146283045
-0.2 0.064 24.25775801318131
-0.2 0.062 24.33395201297627
-0.2 0.06 24.41354008134192
-0.2 0.058 24.49692688670390
-0.2 0.056 24.58460524110982
-0.2 0.054 24.67718379939112
-0.2 0.052 24.77542580645772
-0.2 0.05 24.88030412459613
-0.2 0.048 24.99308059009590
-0.2 0.046 25.11542222132706
-0.2 0.044 25.24957392602615
-0.2 0.042 25.39861866067168
-0.2 0.04 25.56687361655718
-0.2 0.038 25.76049729773323
-0.2 0.036 25.98841780482171
-0.2 0.034 26.26372900567128
-0.2 0.032 26.60570381142533
-0.2 0.03 27.04244776809128
-0.2 0.028 27.61378668165598
-0.2 0.026 28.37314532684624
-0.2 0.024 29.38653049315011
-0.2 0.022 30.72830791240297
-0.2 0.02 32.47877571280054
-0.2 0.018 34.73334236071933
-0.2 0.016 37.63061164105978
-0.2 0.014 41.40230104709424
-0.2 0.012 46.45763279206880
-0.2 0.01 53.55348902727891
-0.2 0.008 64.21517287867886
-0.2 0.006 82.00599348789952
-0.2 0.004 117.61217027437539
-0.2 0.002 223.01725584424292
-0.16 0.2 21.70964157724006
-0.16 0.198 21.73165078688178
-0.16 0.196 21.75388509095542
-0.16 0.194 21.77634918398181
-0.16 0.192 21.79904791029602
-0.16 0.19 21.82198627056560
-0.16 0.188 21.84516942865730
-0.16 0.186 21.86860271890276
-0.16 0.184 21.89229165376783
-0.16 0.182 21.91624193197273
-0.16 0.18 21.94045944708125
-0.16 0.178 21.96495029660435
-0.16 0.176 21.98972079164177
-0.16 0.174 22.01477746711792
-0.16 0.172 22.04012709264279
-0.16 0.17 22.06577668405780
-0.16 0.168 22.09173351570493
-0.16 0.166 22.11800513349341
-0.16 0.164 22.14459936881062
-0.16 0.162 22.17152435336131
-0.16 0.16 22.19878853499981
-0.16 0.158 22.22640069464013
-0.16 0.156 22.25436996434702
-0.16 0.154 22.28270584669275
-0.16 0.152 22.31141823550720
-0.16 0.15 22.34051743813271
-0.16 0.148 22.37001419933160
-0.16 0.146 22.39991972699485
-0.16 0.144 22.43024571982423
-0.16 0.142 22.46100439717320
-0.16 0.14 22.49220853127250
-0.16 0.138 22.52387148206420
-0.16 0.136 22.55600723491892
-0.16 0.134 22.58863044154571
-0.16 0.132 22.62175646441937
-0.16 0.13 22.65540142512918
-0.16 0.128 22.68958225706972
-0.16 0.126 22.72431676299200
-0.16 0.124 22.75962367796133
-0.16 0.122 22.79552273840240
-0.16 0.12 22.83203475794226
-0.16 0.118 22.86918171096290
-0.16 0.116 22.90698682481911
-0.16 0.114 22.94547468190218
-0.16 0.112 22.98467133291108
-0.16 0.11 23.02460442288745
-0.16 0.108 23.06530333190197
-0.16 0.106 23.10679933257565
-0.16 0.104 23.14912576704610
-0.16 0.102 23.19231824648264
-0.16 0.1 23.23641487688344
-0.16 0.098 23.28145651563083
-0.16 0.096 23.32748706423665
-0.16 0.094 23.37455380390843
-0.16 0.092 23.42270778203625
-0.16 0.09 23.47200425962820
-0.16 0.088 23.52250323211449
-0.16 0.086 23.57427003909771
-0.16 0.084 23.62737608261593
-0.16 0.082 23.68189967884699
-0.16 0.08 23.73792707506155
-0.16 0.078 23.79555367295865
-0.16 0.076 23.85488551190205
-0.16 0.074 23.91604108237028
-0.16 0.072 23.97915356292514
-0.16 0.07 24.04437360568614
-0.16 0.068 24.11187283957985
-0.16 0.066 24.18184832302039
-0.16 0.064 24.25452826679952
-0.16 0.062 24.33017947658258
-0.16 0.06 24.40911715251686
-0.16 0.058 24.49171796188918
-0.16 0.056 24.57843771848252
-0.16 0.054 24.66983563711052
-0.16 0.052 24.76660810931269
-0.16 0.05 24.86963647100568
-0.16 0.048 24.98005563954739
-0.16 0.046 25.09935433553942
-0.16 0.044 25.22952376806356
-0.16 0.042 25.37328157604169
-0.16 0.04 25.53441363568741
-0.16 0.038 25.71830092684210
-0.16 0.036 25.93273453260409
-0.16 0.034 26.18916682052709
-0.16 0.032 26.50458055520167
-0.16 0.03 26.90411019642915
-0.16 0.028 27.42425683715632
-0.16 0.026 28.11578256432282
-0.16 0.024 29.04433807867167
-0.16 0.022 30.28722039758025
-0.16 0.02 31.92913052136383
-0.16 0.018 34.06681478806387
-0.16 0.016 36.83341465410487
-0.16 0.014 40.44767298092946
-0.16 0.012 45.29813947341928
-0.16 0.01 52.10862246394097
-0.16 0.008 62.34215248269109
-0.16 0.006 79.41866637026540
-0.16 0.004 113.59503242795455
-0.16 0.002 214.76726346161678
-0.12 0.2 21.71048829325973
-0.12 0.198 21.73249337338134
-0.12 0.196 21.75472343375175
-0.12 0.194 21.77718316376238
-0.12 0.192 21.79987740230425
-0.12 0.19 21.82281114425530
-0.12 0.188 21.84598954733032
-0.12 0.186 21.86941793930690
-0.12 0.184 21.89310182566943
-0.12 0.182 21.91704689769374
-0.12 0.18 21.94125904099286
-0.12 0.178 21.96574434458249
-0.12 0.176 21.99050911047392
-0.12 0.174 22.01555986386098
-0.12 0.172 22.04090336392164
-0.12 0.17 22.06654661529859
-0.12 0.168 22.09249688030554
-0.12 0.166 22.11876169191144
-0.12 0.164 22.14534886756821
-0.12 0.162 22.17226652395587
-0.12 0.16 22.19952309270403
-0.12 0.158 22.22712733719212
-0.12 0.156 22.25508837050246
-0.12 0.154 22.28341567463476
-0.12 0.152 22.31211912108611
-0.12 0.15 22.34120899292520
-0.12 0.148 22.37069600849114
-0.12 0.146 22.40059134686828
-0.12 0.144 22.43090667529962
-0.12 0.142 22.46165417873858
-0.12 0.14 22.49284659172566
-0.12 0.138 22.52449723284584
-0.12 0.136 22.55662004200460
-0.12 0.134 22.58922962084035
-0.12 0.132 22.62234127658421
-0.12 0.13 22.65597106975333
-0.12 0.128 22.69013586609291
-0.12 0.126 22.72485339326601
-0.12 0.124 22.76014230281788
-0.12 0.122 22.79602223806167
-0.12 0.12 22.83251390859676
-0.12 0.118 22.86963917229619
-0.12 0.116 22.90742112570952
-0.12 0.114 22.94588420401261
-0.12 0.112 22.98505429176799
-0.12 0.11 23.02495884603016
-0.12 0.108 23.06562703355139
-0.12 0.106 23.10708988417734
-0.12 0.104 23.14938046289888
-0.12 0.102 23.19253406350052
-0.12 0.1 23.23658842729915
-0.12 0.098 23.28158399120675
-0.12 0.096 23.32756417018813
-0.12 0.094 23.37457568031181
-0.12 0.092 23.42266890995620
-0.12 0.09 23.47189834846601
-0.12 0.088 23.52232308378915
-0.12 0.086 23.57400738345451
-0.12 0.084 23.62702137694365
-0.12 0.082 23.68144186229573
-0.12 0.08 23.73735326608242
-0.12 0.078 23.79484879426330
-0.12 0.076 23.85403182255299
-0.12 0.074 23.91501759004910
-0.12 0.072 23.97793528036242
-0.12 0.07 24.04293060277770
-0.12 0.068 24.11016902532365
-0.12 0.066 24.17983986693585
-0.12 0.064 24.25216153467869
-0.12 0.062 24.32738830544150
-0.12 0.06 24.40581921689430
-0.12 0.058 24.48780987696247
-0.12 0.056 24.57378836685501
-0.12 0.054 24.66427696788510
-0.12 0.052 24.75992229636580
-0.12 0.05 24.86153776267653
-0.12 0.048 24.97016437482232
-0.12 0.046 25.08715927081726
-0.12 0.044 25.21432679413176
-0.12 0.042 25.35411573808541
-0.12 0.04 25.50992065612033
-0.12 0.038 25.68654789254709
-0.12 0.036 25.89094180197822
-0.12 0.034 26.13331485270964
-0.12 0.032 26.42887623637831
-0.12 0.03 26.80035763121753
-0.12 0.028 27.28135189449359
-0.12 0.026 27.91985588547207
-0.12 0.024 28.78025447879142
-0.12 0.022 29.94143861266130
-0.12 0.02 31.49196320565228
-0.12 0.018 33.53106254826263
-0.12 0.016 36.18885857810453
-0.12 0.014 39.67405242006059
-0.12 0.012 44.35811028560141
-0.12 0.01 50.93756971139336
-0.12 0.008 60.82485267369771
-0.12 0.006 77.32400965606597
-0.12 0.004 110.34511087922159
-0.12 0.002 208.09881915362806
-0.08 0.2 21.71141704297077
-0.08 0.198 21.73341892358011
-0.08 0.196 21.75564569568807
-0.08 0.194 21.77810204472112
-0.08 0.192 21.80079280536410
-0.08 0.19 21.82372296802677
-0.08 0.188 21.84689768567288
-0.08 0.186 21.87032228102767
-0.08 0.184 21.89400225419427
-0.08 0.182 21.91794329071043
-0.08 0.18 21.94215127006995
-0.08 0.178 21.96663227475135
-0.08 0.176 21.99139259977879
-0.08 0.174 22.01643876286752
-0.08 0.172 22.04177751518362
-0.08 0.17 22.06741585277920
-0.08 0.168 22.09336102874432
-0.08 0.166 22.11962056613271
-0.08 0.164 22.14620227172776
-0.08 0.162 22.17311425071171
-0.08 0.16 22.20036492231695
-0.08 0.158 22.22796303653029
-0.08 0.156 22.25591769194704
-0.08 0.154 22.28423835488228
-0.08 0.152 22.31293487982165
-0.08 0.15 22.34201753136190
-0.08 0.148 22.37149700775130
-0.08 0.146 22.40138446619289
-0.08 0.144 22.43169155006239
-0.08 0.142 22.46243041823308
-0.08 0.14 22.49361377670697
-0.08 0.138 22.52525491278442
-0.08 0.136 22.55736773201791
-0.08 0.134 22.58996679825596
-0.08 0.132 22.62306737708217
-0.08 0.13 22.65668548302327
-0.08 0.128 22.69083793094970
-0.08 0.126 22.72554239212088
-0.08 0.124 22.76081745542214
-0.08 0.122 22.79668269440470
-0.08 0.12 22.83315874082518
-0.08 0.118 22.87026736549343
-0.08 0.116 22.90803156735237
-0.08 0.114 22.94647567187226
-0.08 0.112 22.98562543999344
-0.08 0.11 23.02550818909609
-0.08 0.108 23.06615292767255
-0.08 0.106 23.10759050573325
-0.08 0.104 23.14985378330216
-0.08 0.102 23.19297781981075
-0.08 0.1 23.23700008775197
-0.08 0.098 23.28196071460946
-0.08 0.096 23.32790275791591
-0.08 0.094 23.37487251931445
-0.08 0.092 23.42291990479781
-0.08 0.09 23.47209883992522
-0.08 0.088 23.52246775090030
-0.08 0.086 23.57409012503295
-0.08 0.084 23.62703516755442
-0.08 0.082 23.68137857618421
-0.08 0.08 23.73720346071736
-0.08 0.078 23.79460144259305
-0.08 0.076 23.85367397971615
-0.08 0.074 23.91453397568361
-0.08 0.072 23.97730775140022
-0.08 0.07 24.04213748301242
-0.08 0.068 24.10918424600450
-0.08 0.066 24.17863185583358
-0.08 0.064 24.25069176715448
-0.08 0.062 24.32560939674170
-0.08 0.06 24.40367238522956
-0.08 0.058 24.48522153397220
-0.08 0.056 24.57066548392800
-0.08 0.054 24.66050070446920
-0.08 0.052 24.75533912998537
-0.08 0.05 24.85594698239890
-0.08 0.048 24.96330021456409
-0.08 0.046 25.07866504644163
-0.08 0.044 25.20371698268533
-0.08 0.042 25.34071972293648
-0.08 0.04 25.49279849127875
-0.08 0.038 25.66436356016715
-0.08 0.036 25.86177317195961
-0.08 0.034 26.09437398141079
-0.08 0.032 26.37611672043003
-0.08 0.03 26.72797944246012
-0.08 0.028 27.18132311773081
-0.08 0.026 27.78179877500996
-0.08 0.024 28.59228337823270
-0.08 0.022 29.69225634494934
-0.08 0.02 31.17309794958940
-0.08 0.018 33.13668417683521
-0.08 0.016 35.71192392338302
-0.08 0.014 39.10056416150991
-0.08 0.012 43.66129845371576
-0.08 0.01 50.07019279246422
-0.08 0.008 59.70216237287714
-0.08 0.006 75.77586246947160
-0.08 0.004 107.94602325222324
-0.08 0.002 203.18344967643881
-0.04 0.2 21.71243482716691
-0.04 0.198 21.73443458090216
-0.04 0.196 21.75665916730663
-0.04 0.194 21.77911326919929
-0.04 0.192 21.80180171849927
-0.04 0.19 21.82472950268119
-0.04 0.188 21.84790177159106
-0.04 0.186 21.87132384463757
-0.04 0.184 21.89500121839383
-0.04 0.182 21.91893957463786
-0.04 0.18 21.94314478885518
-0.04 0.178 21.96762293924570
-0.04 0.176 21.99238031626166
-0.04 0.174 22.01742343273004
-0.04 0.172 22.04275903458337
-0.04 0.17 22.06839411226518
-0.04 0.168 22.09433591284832
-0.04 0.166 22.12059195292278
-0.04 0.164 22.14717003232432
-0.04 0.162 22.17407824875249
-0.04 0.16 22.20132501337484
-0.04 0.158 22.22891906747591
-0.04 0.156 22.25686950024683
-0.04 0.154 22.28518576782606
-0.04 0.152 22.31387771367572
-0.04 0.15 22.34295559042799
-0.04 0.148 22.37243008333650
-0.04 0.146 22.40231233545878
-0.04 0.144 22.43261397475792
-0.04 0.142 22.46334714328461
-0.04 0.14 22.49452452864882
-0.04 0.138 22.52615939800675
-0.04 0.136 22.55826563482153
-0.04 0.134 22.59085777866127
-0.04 0.132 22.62395106838168
-0.04 0.13 22.65756148903213
-0.04 0.128 22.69170582290429
-0.04 0.126 22.72640170518561
-0.04 0.124 22.76166768473266
-0.04 0.122 22.79752329058804
-0.04 0.12 22.83398910490261
-0.04 0.118 22.87108684307691
-0.04 0.116 22.90883944201154
-0.04 0.114 22.94727115753617
-0.04 0.112 22.98640767222351
-0.04 0.11 23.02627621502672
-0.04 0.108 23.06690569438744
-0.04 0.106 23.10832684678773
-0.04 0.104 23.15057240304261
-0.04 0.102 23.19367727506991
-0.04 0.1 23.23767876640655
-0.04 0.098 23.28261681036079
-0.04 0.096 23.32853424052007
-0.04 0.094 23.37547709929006
-0.04 0.092 23.42349499141152
-0.04 0.09 23.47264149095041
-0.04 0.088 23.52297461225209
-0.04 0.086 23.57455735788708
-0.04 0.084 23.62745835989148
-0.04 0.082 23.68175263486315
-0.04 0.08 23.73752247901692
-0.04 0.078 23.79485853667887
-0.04 0.076 23.85386108546207
-0.04 0.074 23.91464159453205
-0.04 0.072 23.97732463024104
-0.04 0.07 24.04205020790871
-0.04 0.068 24.10897672251339
-0.04 0.066 24.17828463866291
-0.04 0.064 24.25018118778791
-0.04 0.062 24.32490641742589
-0.04 0.06 24.40274107844699
-0.04 0.058 24.48401704361793
-0.04 0.056 24.56913126091968
-0.04 0.054 24.65856471427508
-0.04 0.052 24.75290858514164
-0.04 0.05 24.85290093159292
-0.04 0.048 24.95947897667698
-0.04 0.046 25.07385494209806
-0.04 0.044 25.19762797547286
-0.04 0.042 25.33295226825982
-0.04 0.04 25.48279386619001
-0.04 0.038 25.65132894901430
-0.04 0.036 25.84456874001290
-0.04 0.034 26.07134496771567
-0.04 0.032 26.34485321986049
-0.04 0.03 26.68500204149130
-0.04 0.028 27.12175091127145
-0.04 0.026 27.69919299287462
-0.04 0.024 28.47904154032997
-0.04 0.022 29.54086296271231
-0.04 0.02 30.97771991537838
-0.04 0.018 32.89345719959410
-0.04 0.016 35.41674513881675
-0.04 0.014 38.74532250495941
-0.04 0.012 43.22997581030693
-0.04 0.01 49.53402162415772
-0.04 0.008 59.00925183276580
-0.04 0.006 74.82194087647997
-0.04 0.004 106.47032401760747
-0.04 0.002 200.16670520519219
