#Posizione iniziale=2.000000
#Velocita' iniziale=1.000000
#Pulsazione al quadrato=3.000000
#Tempo massimo di integrazione=100.000000
#Passo di tempo=0.005000
#E' stato utilizzato l'algoritmo di Eulero-Cromer
#Legenda
#1:t 2:x 3:v 4:dE
0 2.000000 1.000000 0
0.005000 2.004850 0.970000 -0.409129
0.010000 2.009550 0.939927 -0.409167
0.015000 2.014099 0.909784 -0.409205
0.020000 2.018496 0.879573 -0.409244
0.025000 2.022743 0.849295 -0.409283
0.030000 2.026838 0.818954 -0.409323
0.035000 2.030780 0.788551 -0.409363
0.040000 2.034571 0.758090 -0.409403
0.045000 2.038209 0.727571 -0.409443
0.050000 2.041694 0.696998 -0.409484
0.055000 2.045026 0.666373 -0.409525
0.060000 2.048204 0.635697 -0.409567
0.065000 2.051229 0.604974 -0.409608
0.070000 2.054100 0.574206 -0.409650
0.075000 2.056817 0.543394 -0.409693
0.080000 2.059380 0.512542 -0.409735
0.085000 2.061788 0.481651 -0.409777
0.090000 2.064042 0.450724 -0.409820
0.095000 2.066140 0.419764 -0.409863
0.100000 2.068084 0.388772 -0.409906
0.105000 2.069873 0.357750 -0.409950
0.110000 2.071506 0.326702 -0.409993
0.115000 2.072985 0.295630 -0.410037
0.120000 2.074307 0.264535 -0.410080
0.125000 2.075474 0.233420 -0.410124
0.130000 2.076486 0.202288 -0.410168
0.135000 2.077342 0.171141 -0.410212
0.140000 2.078041 0.139981 -0.410256
0.145000 2.078585 0.108810 -0.410300
0.150000 2.078974 0.077631 -0.410345
0.155000 2.079206 0.046447 -0.410389
0.160000 2.079282 0.015259 -0.410433
0.165000 2.079203 -0.015930 -0.410477
0.170000 2.078967 -0.047119 -0.410521
0.175000 2.078575 -0.078303 -0.410566
0.180000 2.078028 -0.109482 -0.410610
0.185000 2.077325 -0.140652 -0.410654
0.190000 2.076466 -0.171812 -0.410698
0.195000 2.075451 -0.202959 -0.410742
0.200000 2.074280 -0.234091 -0.410786
0.205000 2.072954 -0.265205 -0.410829
0.210000 2.071473 -0.296299 -0.410873
0.215000 2.069836 -0.327371 -0.410917
0.220000 2.068044 -0.358419 -0.410960
0.225000 2.066097 -0.389440 -0.411003
0.230000 2.063995 -0.420431 -0.411046
0.235000 2.061738 -0.451391 -0.411089
0.240000 2.059326 -0.482317 -0.411132
0.245000 2.056760 -0.513207 -0.411174
0.250000 2.054040 -0.544058 -0.411216
0.255000 2.051165 -0.574869 -0.411259
0.260000 2.048137 -0.605636 -0.411300
0.265000 2.044955 -0.636358 -0.411342
0.270000 2.041620 -0.667033 -0.411383
0.275000 2.038132 -0.697657 -0.411424
0.280000 2.034491 -0.728229 -0.411465
0.285000 2.030697 -0.758746 -0.411505
0.290000 2.026751 -0.789207 -0.411545
0.295000 2.022653 -0.819608 -0.411585
0.300000 2.018403 -0.849948 -0.411624
0.305000 2.014002 -0.880224 -0.411663
0.310000 2.009450 -0.910434 -0.411702
0.315000 2.004747 -0.940576 -0.411740
0.320000 1.999894 -0.970647 -0.411778
0.325000 1.994891 -1.000645 -0.411816
0.330000 1.989738 -1.030569 -0.411853
0.335000 1.984436 -1.060415 -0.411889
0.340000 1.978985 -1.090181 -0.411926
0.345000 1.973386 -1.119866 -0.411961
0.350000 1.967638 -1.149467 -0.411997
0.355000 1.961743 -1.178981 -0.412031
0.360000 1.955701 -1.208408 -0.412066
0.365000 1.949513 -1.237743 -0.412100
0.370000 1.943178 -1.266986 -0.412133
0.375000 1.936697 -1.296133 -0.412166
0.380000 1.930071 -1.325184 -0.412198
0.385000 1.923300 -1.354135 -0.412230
0.390000 1.916385 -1.382984 -0.412262
0.395000 1.909327 -1.411730 -0.412292
0.400000 1.902125 -1.440370 -0.412323
0.405000 1.894780 -1.468902 -0.412352
0.410000 1.887294 -1.497324 -0.412381
0.415000 1.879666 -1.525633 -0.412410
0.420000 1.871896 -1.553828 -0.412438
0.425000 1.863987 -1.581907 -0.412465
0.430000 1.855938 -1.609866 -0.412492
0.435000 1.847749 -1.637705 -0.412518
0.440000 1.839422 -1.665422 -0.412543
0.445000 1.830957 -1.693013 -0.412568
0.450000 1.822355 -1.720477 -0.412592
0.455000 1.813615 -1.747813 -0.412616
0.460000 1.804740 -1.775017 -0.412639
0.465000 1.795730 -1.802088 -0.412661
0.470000 1.786585 -1.829024 -0.412683
0.475000 1.777306 -1.855823 -0.412703
0.480000 1.767893 -1.882482 -0.412724
0.485000 1.758348 -1.909001 -0.412743
0.490000 1.748671 -1.935376 -0.412762
0.495000 1.738863 -1.961606 -0.412780
0.500000 1.728925 -1.987689 -0.412798
0.505000 1.718857 -2.013623 -0.412814
0.510000 1.708660 -2.039406 -0.412830
0.515000 1.698335 -2.065036 -0.412846
0.520000 1.687882 -2.090511 -0.412860
0.525000 1.677303 -2.115829 -0.412874
0.530000 1.666598 -2.140988 -0.412887
0.535000 1.655768 -2.165987 -0.412900
0.540000 1.644814 -2.190824 -0.412911
0.545000 1.633736 -2.215496 -0.412922
0.550000 1.622536 -2.240002 -0.412933
0.555000 1.611215 -2.264340 -0.412942
0.560000 1.599772 -2.288508 -0.412951
0.565000 1.588210 -2.312505 -0.412959
0.570000 1.576528 -2.336328 -0.412966
0.575000 1.564728 -2.359976 -0.412972
0.580000 1.552811 -2.383447 -0.412978
0.585000 1.540777 -2.406739 -0.412983
0.590000 1.528628 -2.429851 -0.412987
0.595000 1.516364 -2.452780 -0.412990
0.600000 1.503986 -2.475526 -0.412993
0.605000 1.491496 -2.498085 -0.412995
0.610000 1.478894 -2.520458 -0.412996
0.615000 1.466180 -2.542641 -0.412996
0.620000 1.453357 -2.564634 -0.412996
0.625000 1.440425 -2.586434 -0.412995
0.630000 1.427385 -2.608041 -0.412993
0.635000 1.414238 -2.629452 -0.412990
0.640000 1.400984 -2.650665 -0.412987
0.645000 1.387626 -2.671680 -0.412982
0.650000 1.374163 -2.692494 -0.412977
0.655000 1.360598 -2.713107 -0.412971
0.660000 1.346930 -2.733516 -0.412965
0.665000 1.333162 -2.753720 -0.412958
0.670000 1.319293 -2.773717 -0.412950
0.675000 1.305326 -2.793506 -0.412941
0.680000 1.291260 -2.813086 -0.412931
0.685000 1.277098 -2.832455 -0.412921
0.690000 1.262840 -2.851612 -0.412910
0.695000 1.248487 -2.870554 -0.412898
0.700000 1.234041 -2.889282 -0.412886
0.705000 1.219502 -2.907792 -0.412872
0.710000 1.204871 -2.926085 -0.412858
0.715000 1.190151 -2.944158 -0.412844
0.720000 1.175340 -2.962010 -0.412828
0.725000 1.160442 -2.979640 -0.412812
0.730000 1.145457 -2.997047 -0.412795
0.735000 1.130386 -3.014229 -0.412778
0.740000 1.115230 -3.031184 -0.412759
0.745000 1.099990 -3.047913 -0.412740
0.750000 1.084668 -3.064413 -0.412721
0.755000 1.069265 -3.080683 -0.412700
0.760000 1.053781 -3.096722 -0.412680
0.765000 1.038219 -3.112528 -0.412658
0.770000 1.022578 -3.128102 -0.412635
0.775000 1.006861 -3.143440 -0.412613
0.780000 0.991068 -3.158543 -0.412589
0.785000 0.975201 -3.173409 -0.412565
0.790000 0.959261 -3.188037 -0.412540
0.795000 0.943249 -3.202426 -0.412514
0.800000 0.927166 -3.216575 -0.412488
0.805000 0.911014 -3.230483 -0.412461
0.810000 0.894793 -3.244148 -0.412434
0.815000 0.878505 -3.257570 -0.412406
0.820000 0.862151 -3.270747 -0.412377
0.825000 0.845733 -3.283679 -0.412348
0.830000 0.829251 -3.296365 -0.412318
0.835000 0.812707 -3.308804 -0.412288
0.840000 0.796102 -3.320995 -0.412257
0.845000 0.779437 -3.332936 -0.412226
0.850000 0.762714 -3.344628 -0.412194
0.855000 0.745934 -3.356069 -0.412161
0.860000 0.729098 -3.367258 -0.412128
0.865000 0.712207 -3.378194 -0.412095
0.870000 0.695262 -3.388877 -0.412061
0.875000 0.678266 -3.399306 -0.412027
0.880000 0.661218 -3.409480 -0.411992
0.885000 0.644121 -3.419398 -0.411956
0.890000 0.626976 -3.429060 -0.411920
0.895000 0.609784 -3.438465 -0.411884
0.900000 0.592546 -3.447612 -0.411847
0.905000 0.575263 -3.456500 -0.411810
0.910000 0.557938 -3.465129 -0.411773
0.915000 0.540570 -3.473498 -0.411735
0.920000 0.523162 -3.481606 -0.411696
0.925000 0.505715 -3.489454 -0.411658
0.930000 0.488230 -3.497040 -0.411619
0.935000 0.470708 -3.504363 -0.411579
0.940000 0.453151 -3.511424 -0.411539
0.945000 0.435559 -3.518221 -0.411499
0.950000 0.417936 -3.524754 -0.411459
0.955000 0.400281 -3.531023 -0.411418
0.960000 0.382595 -3.537027 -0.411377
0.965000 0.364882 -3.542766 -0.411336
0.970000 0.347140 -3.548240 -0.411294
0.975000 0.329373 -3.553447 -0.411253
0.980000 0.311581 -3.558387 -0.411210
0.985000 0.293766 -3.563061 -0.411168
0.990000 0.275929 -3.567468 -0.411126
0.995000 0.258071 -3.571606 -0.411083
1.000000 0.240193 -3.575478 -0.411040
1.005000 0.222298 -3.579080 -0.410997
1.010000 0.204386 -3.582415 -0.410954
1.015000 0.186458 -3.585481 -0.410910
1.020000 0.168517 -3.588278 -0.410867
1.025000 0.150563 -3.590805 -0.410823
1.030000 0.132598 -3.593064 -0.410779
1.035000 0.114622 -3.595053 -0.410736
1.040000 0.096638 -3.596772 -0.410692
1.045000 0.078647 -3.598222 -0.410647
1.050000 0.060650 -3.599401 -0.410603
1.055000 0.042649 -3.600311 -0.410559
1.060000 0.024644 -3.600951 -0.410515
1.065000 0.006637 -3.601320 -0.410471
1.070000 -0.011370 -3.601420 -0.410427
1.075000 -0.029376 -3.601250 -0.410382
1.080000 -0.047380 -3.600809 -0.410338
1.085000 -0.065380 -3.600098 -0.410294
1.090000 -0.083376 -3.599117 -0.410250
1.095000 -0.101365 -3.597867 -0.410206
1.100000 -0.119347 -3.596346 -0.410162
1.105000 -0.137320 -3.594556 -0.410118
1.110000 -0.155282 -3.592496 -0.410074
1.115000 -0.173233 -3.590167 -0.410030
1.120000 -0.191171 -3.587569 -0.409987
1.125000 -0.209095 -3.584701 -0.409943
1.130000 -0.227002 -3.581565 -0.409900
1.135000 -0.244893 -3.578160 -0.409857
1.140000 -0.262766 -3.574486 -0.409814
1.145000 -0.280618 -3.570545 -0.409771
1.150000 -0.298450 -3.566335 -0.409729
1.155000 -0.316259 -3.561859 -0.409686
1.160000 -0.334045 -3.557115 -0.409644
1.165000 -0.351805 -3.552104 -0.409603
1.170000 -0.369540 -3.546827 -0.409561
1.175000 -0.387246 -3.541284 -0.409520
1.180000 -0.404923 -3.535475 -0.409478
1.185000 -0.422570 -3.529401 -0.409438
1.190000 -0.440186 -3.523063 -0.409397
1.195000 -0.457768 -3.516460 -0.409357
1.200000 -0.475316 -3.509594 -0.409317
1.205000 -0.492828 -3.502464 -0.409278
1.210000 -0.510304 -3.495071 -0.409238
1.215000 -0.527741 -3.487417 -0.409200
1.220000 -0.545138 -3.479501 -0.409161
1.225000 -0.562495 -3.471324 -0.409123
1.230000 -0.579809 -3.462886 -0.409086
1.235000 -0.597080 -3.454189 -0.409048
1.240000 -0.614306 -3.445233 -0.409012
1.245000 -0.631486 -3.436018 -0.408975
1.250000 -0.648619 -3.426546 -0.408939
1.255000 -0.665703 -3.416817 -0.408904
1.260000 -0.682737 -3.406831 -0.408869
1.265000 -0.699720 -3.396590 -0.408834
1.270000 -0.716651 -3.386094 -0.408800
1.275000 -0.733528 -3.375345 -0.408766
1.280000 -0.750349 -3.364342 -0.408733
1.285000 -0.767115 -3.353086 -0.408701
1.290000 -0.783823 -3.341580 -0.408669
1.295000 -0.800472 -3.329822 -0.408637
1.300000 -0.817061 -3.317815 -0.408606
1.305000 -0.833589 -3.305559 -0.408576
1.310000 -0.850054 -3.293056 -0.408546
1.315000 -0.866455 -3.280305 -0.408517
1.320000 -0.882792 -3.267308 -0.408488
1.325000 -0.899062 -3.254066 -0.408460
1.330000 -0.915265 -3.240580 -0.408432
1.335000 -0.931399 -3.226851 -0.408405
1.340000 -0.947464 -3.212880 -0.408379
1.345000 -0.963457 -3.198668 -0.408353
1.350000 -0.979378 -3.184216 -0.408328
1.355000 -0.995226 -3.169526 -0.408304
1.360000 -1.010999 -3.154597 -0.408280
1.365000 -1.026696 -3.139432 -0.408257
1.370000 -1.042316 -3.124032 -0.408234
1.375000 -1.057858 -3.108397 -0.408213
1.380000 -1.073321 -3.092529 -0.408191
1.385000 -1.088703 -3.076429 -0.408171
1.390000 -1.104003 -3.060099 -0.408151
1.395000 -1.119221 -3.043539 -0.408132
1.400000 -1.134355 -3.026750 -0.408114
1.405000 -1.149404 -3.009735 -0.408096
1.410000 -1.164366 -2.992494 -0.408079
1.415000 -1.179241 -2.975029 -0.408063
1.420000 -1.194028 -2.957340 -0.408047
1.425000 -1.208725 -2.939430 -0.408032
1.430000 -1.223331 -2.921299 -0.408018
1.435000 -1.237846 -2.902949 -0.408004
1.440000 -1.252268 -2.884381 -0.407992
1.445000 -1.266596 -2.865597 -0.407980
1.450000 -1.280829 -2.846598 -0.407969
1.455000 -1.294966 -2.827386 -0.407958
1.460000 -1.309006 -2.807961 -0.407948
1.465000 -1.322947 -2.788326 -0.407939
1.470000 -1.336790 -2.768482 -0.407931
1.475000 -1.350532 -2.748430 -0.407924
1.480000 -1.364173 -2.728172 -0.407917
1.485000 -1.377711 -2.707709 -0.407911
1.490000 -1.391147 -2.687044 -0.407906
1.495000 -1.404478 -2.666177 -0.407901
1.500000 -1.417703 -2.645109 -0.407898
1.505000 -1.430822 -2.623844 -0.407895
1.510000 -1.443834 -2.602381 -0.407893
1.515000 -1.456738 -2.580724 -0.407891
1.520000 -1.469532 -2.558873 -0.407891
1.525000 -1.482216 -2.536830 -0.407891
1.530000 -1.494789 -2.514597 -0.407892
1.535000 -1.507250 -2.492175 -0.407893
1.540000 -1.519598 -2.469566 -0.407896
1.545000 -1.531832 -2.446772 -0.407899
1.550000 -1.543951 -2.423795 -0.407903
1.555000 -1.555954 -2.400635 -0.407908
1.560000 -1.567841 -2.377296 -0.407913
1.565000 -1.579609 -2.353778 -0.407920
1.570000 -1.591260 -2.330084 -0.407927
1.575000 -1.602791 -2.306215 -0.407934
1.580000 -1.614202 -2.282174 -0.407943
1.585000 -1.625492 -2.257961 -0.407952
1.590000 -1.636659 -2.233578 -0.407962
1.595000 -1.647705 -2.209028 -0.407973
1.600000 -1.658626 -2.184313 -0.407984
1.605000 -1.669423 -2.159433 -0.407997
1.610000 -1.680095 -2.134392 -0.408010
1.615000 -1.690641 -2.109191 -0.408023
1.620000 -1.701060 -2.083831 -0.408038
1.625000 -1.711352 -2.058315 -0.408053
1.630000 -1.721515 -2.032645 -0.408069
1.635000 -1.731549 -2.006822 -0.408085
1.640000 -1.741454 -1.980849 -0.408103
1.645000 -1.751227 -1.954727 -0.408121
1.650000 -1.760869 -1.928459 -0.408139
1.655000 -1.770380 -1.902045 -0.408159
1.660000 -1.779757 -1.875490 -0.408179
1.665000 -1.789001 -1.848793 -0.408199
1.670000 -1.798111 -1.821958 -0.408221
1.675000 -1.807086 -1.794987 -0.408243
1.680000 -1.815925 -1.767880 -0.408266
1.685000 -1.824628 -1.740642 -0.408289
1.690000 -1.833195 -1.713272 -0.408313
1.695000 -1.841624 -1.685774 -0.408338
1.700000 -1.849914 -1.658150 -0.408363
1.705000 -1.858066 -1.630401 -0.408389
1.710000 -1.866079 -1.602530 -0.408416
1.715000 -1.873952 -1.574539 -0.408443
1.720000 -1.881684 -1.546430 -0.408471
1.725000 -1.889275 -1.518204 -0.408499
1.730000 -1.896724 -1.489865 -0.408528
1.735000 -1.904031 -1.461414 -0.408557
1.740000 -1.911196 -1.432854 -0.408587
1.745000 -1.918217 -1.404186 -0.408618
1.750000 -1.925094 -1.375413 -0.408649
1.755000 -1.931826 -1.346536 -0.408681
1.760000 -1.938414 -1.317559 -0.408713
1.765000 -1.944857 -1.288483 -0.408746
1.770000 -1.951153 -1.259310 -0.408779
1.775000 -1.957303 -1.230043 -0.408813
1.780000 -1.963307 -1.200683 -0.408847
1.785000 -1.969163 -1.171233 -0.408882
1.790000 -1.974871 -1.141696 -0.408917
1.795000 -1.980432 -1.112073 -0.408953
1.800000 -1.985844 -1.082367 -0.408989
1.805000 -1.991106 -1.052579 -0.409026
1.810000 -1.996220 -1.022712 -0.409063
1.815000 -2.001184 -0.992769 -0.409100
1.820000 -2.005998 -0.962751 -0.409138
1.825000 -2.010661 -0.932661 -0.409176
1.830000 -2.015173 -0.902501 -0.409215
1.835000 -2.019535 -0.872274 -0.409253
1.840000 -2.023745 -0.841981 -0.409293
1.845000 -2.027803 -0.811625 -0.409332
1.850000 -2.031709 -0.781207 -0.409372
1.855000 -2.035463 -0.750732 -0.409413
1.860000 -2.039064 -0.720200 -0.409453
1.865000 -2.042512 -0.689614 -0.409494
1.870000 -2.045806 -0.658976 -0.409535
1.875000 -2.048948 -0.628289 -0.409577
1.880000 -2.051936 -0.597555 -0.409619
1.885000 -2.054770 -0.566776 -0.409661
1.890000 -2.057449 -0.535954 -0.409703
1.895000 -2.059975 -0.505093 -0.409745
1.900000 -2.062346 -0.474193 -0.409788
1.905000 -2.064562 -0.443258 -0.409831
1.910000 -2.066624 -0.412289 -0.409874
1.915000 -2.068530 -0.381290 -0.409917
1.920000 -2.070281 -0.350262 -0.409960
1.925000 -2.071877 -0.319208 -0.410004
1.930000 -2.073318 -0.288130 -0.410047
1.935000 -2.074603 -0.257030 -0.410091
1.940000 -2.075733 -0.225911 -0.410135
1.945000 -2.076707 -0.194775 -0.410179
1.950000 -2.077525 -0.163624 -0.410223
1.955000 -2.078187 -0.132461 -0.410267
1.960000 -2.078693 -0.101289 -0.410311
1.965000 -2.079044 -0.070108 -0.410355
1.970000 -2.079239 -0.038923 -0.410399
1.975000 -2.079277 -0.007734 -0.410444
1.980000 -2.079160 0.023455 -0.410488
1.985000 -2.078887 0.054643 -0.410532
1.990000 -2.078458 0.085826 -0.410576
1.995000 -2.077873 0.117003 -0.410620
2.000000 -2.077132 0.148171 -0.410664
2.005000 -2.076235 0.179328 -0.410708
2.010000 -2.075183 0.210471 -0.410752
2.015000 -2.073975 0.241599 -0.410796
2.020000 -2.072611 0.272709 -0.410840
2.025000 -2.071092 0.303798 -0.410884
2.030000 -2.069418 0.334864 -0.410927
2.035000 -2.067588 0.365905 -0.410970
2.040000 -2.065604 0.396919 -0.411014
2.045000 -2.063464 0.427903 -0.411057
2.050000 -2.061170 0.458855 -0.411099
2.055000 -2.058721 0.489773 -0.411142
2.060000 -2.056118 0.520654 -0.411184
2.065000 -2.053360 0.551495 -0.411227
2.070000 -2.050449 0.582296 -0.411269
2.075000 -2.047384 0.613053 -0.411310
2.080000 -2.044165 0.643763 -0.411352
2.085000 -2.040793 0.674426 -0.411393
2.090000 -2.037267 0.705038 -0.411434
2.095000 -2.033590 0.735597 -0.411474
2.100000 -2.029759 0.766101 -0.411515
2.105000 -2.025776 0.796547 -0.411555
2.110000 -2.021642 0.826934 -0.411594
2.115000 -2.017355 0.857258 -0.411634
2.120000 -2.012918 0.887519 -0.411673
2.125000 -2.008329 0.917712 -0.411711
2.130000 -2.003590 0.947837 -0.411749
2.135000 -1.998701 0.977891 -0.411787
2.140000 -1.993661 1.007872 -0.411825
2.145000 -1.988472 1.037777 -0.411862
2.150000 -1.983134 1.067604 -0.411898
2.155000 -1.977648 1.097351 -0.411934
2.160000 -1.972012 1.127015 -0.411970
2.165000 -1.966229 1.156596 -0.412005
2.170000 -1.960299 1.186089 -0.412040
2.175000 -1.954222 1.215493 -0.412074
2.180000 -1.947998 1.244807 -0.412108
2.185000 -1.941627 1.274027 -0.412141
2.190000 -1.935112 1.303151 -0.412174
2.195000 -1.928451 1.332178 -0.412206
2.200000 -1.921645 1.361105 -0.412238
2.205000 -1.914696 1.389929 -0.412269
2.210000 -1.907602 1.418650 -0.412300
2.215000 -1.900366 1.447264 -0.412330
2.220000 -1.892987 1.475769 -0.412359
2.225000 -1.885466 1.504164 -0.412388
2.230000 -1.877804 1.532446 -0.412417
2.235000 -1.870001 1.560613 -0.412444
2.240000 -1.862058 1.588663 -0.412471
2.245000 -1.853975 1.616594 -0.412498
2.250000 -1.845753 1.644404 -0.412524
2.255000 -1.837392 1.672090 -0.412549
2.260000 -1.828894 1.699651 -0.412574
2.265000 -1.820259 1.727084 -0.412598
2.270000 -1.811487 1.754388 -0.412621
2.275000 -1.802579 1.781560 -0.412644
2.280000 -1.793536 1.808599 -0.412666
2.285000 -1.784358 1.835502 -0.412688
2.290000 -1.775047 1.862267 -0.412708
2.295000 -1.765603 1.888893 -0.412728
2.300000 -1.756026 1.915377 -0.412748
2.305000 -1.746317 1.941718 -0.412766
2.310000 -1.736478 1.967912 -0.412784
2.315000 -1.726508 1.993960 -0.412802
2.320000 -1.716408 2.019857 -0.412818
2.325000 -1.706180 2.045603 -0.412834
2.330000 -1.695824 2.071196 -0.412849
2.335000 -1.685341 2.096633 -0.412864
2.340000 -1.674732 2.121913 -0.412877
2.345000 -1.663997 2.147034 -0.412890
2.350000 -1.653137 2.171994 -0.412903
2.355000 -1.642153 2.196791 -0.412914
2.360000 -1.631045 2.221424 -0.412925
2.365000 -1.619816 2.245889 -0.412935
2.370000 -1.608465 2.270187 -0.412944
2.375000 -1.596994 2.294314 -0.412953
2.380000 -1.585402 2.318268 -0.412960
2.385000 -1.573692 2.342050 -0.412967
2.390000 -1.561864 2.365655 -0.412974
2.395000 -1.549918 2.389083 -0.412979
2.400000 -1.537857 2.412332 -0.412984
2.405000 -1.525680 2.435399 -0.412988
2.410000 -1.513388 2.458285 -0.412991
2.415000 -1.500983 2.480986 -0.412994
2.420000 -1.488466 2.503500 -0.412995
2.425000 -1.475837 2.525827 -0.412996
2.430000 -1.463097 2.547965 -0.412996
2.435000 -1.450247 2.569911 -0.412996
2.440000 -1.437289 2.591665 -0.412994
2.445000 -1.424223 2.613224 -0.412992
2.450000 -1.411050 2.634588 -0.412989
2.455000 -1.397771 2.655753 -0.412986
2.460000 -1.384387 2.676720 -0.412981
2.465000 -1.370900 2.697486 -0.412976
2.470000 -1.357310 2.718049 -0.412970
2.475000 -1.343618 2.738409 -0.412963
2.480000 -1.329825 2.758563 -0.412956
2.485000 -1.315932 2.778511 -0.412947
2.490000 -1.301941 2.798250 -0.412939
2.495000 -1.287852 2.817779 -0.412929
2.500000 -1.273667 2.837096 -0.412918
2.505000 -1.259386 2.856201 -0.412907
2.510000 -1.245010 2.875092 -0.412895
2.515000 -1.230541 2.893767 -0.412882
2.520000 -1.215980 2.912225 -0.412869
2.525000 -1.201328 2.930465 -0.412855
2.530000 -1.186586 2.948485 -0.412840
2.535000 -1.171754 2.966284 -0.412824
2.540000 -1.156835 2.983860 -0.412808
2.545000 -1.141829 3.001213 -0.412791
2.550000 -1.126737 3.018340 -0.412773
2.555000 -1.111561 3.035241 -0.412755
2.560000 -1.096301 3.051915 -0.412736
2.565000 -1.080960 3.068359 -0.412716
2.570000 -1.065537 3.084574 -0.412695
2.575000 -1.050034 3.100557 -0.412674
2.580000 -1.034452 3.116307 -0.412653
2.585000 -1.018793 3.131824 -0.412630
2.590000 -1.003058 3.147106 -0.412607
2.595000 -0.987247 3.162152 -0.412583
2.600000 -0.971362 3.176960 -0.412559
2.605000 -0.955404 3.191531 -0.412534
2.610000 -0.939375 3.205862 -0.412508
2.615000 -0.923275 3.219952 -0.412482
2.620000 -0.907106 3.233802 -0.412455
2.625000 -0.890869 3.247408 -0.412427
2.630000 -0.874566 3.260771 -0.412399
2.635000 -0.858196 3.273890 -0.412370
2.640000 -0.841762 3.286763 -0.412341
2.645000 -0.825265 3.299389 -0.412311
2.650000 -0.808706 3.311768 -0.412281
2.655000 -0.792087 3.323899 -0.412250
2.660000 -0.775408 3.335780 -0.412218
2.665000 -0.758671 3.347411 -0.412186
2.670000 -0.741877 3.358791 -0.412154
2.675000 -0.725027 3.369919 -0.412120
2.680000 -0.708123 3.380795 -0.412087
2.685000 -0.691166 3.391417 -0.412053
2.690000 -0.674157 3.401784 -0.412018
2.695000 -0.657098 3.411896 -0.411983
2.700000 -0.639989 3.421753 -0.411948
2.705000 -0.622832 3.431353 -0.411912
2.710000 -0.605629 3.440695 -0.411875
2.715000 -0.588380 3.449780 -0.411838
2.720000 -0.571087 3.458605 -0.411801
2.725000 -0.553751 3.467172 -0.411764
2.730000 -0.536374 3.475478 -0.411726
2.735000 -0.518956 3.483524 -0.411687
2.740000 -0.501500 3.491308 -0.411648
2.745000 -0.484006 3.498830 -0.411609
2.750000 -0.466475 3.506090 -0.411570
2.755000 -0.448910 3.513088 -0.411530
2.760000 -0.431311 3.519821 -0.411490
2.765000 -0.413679 3.526291 -0.411449
2.770000 -0.396017 3.532496 -0.411408
2.775000 -0.378324 3.538436 -0.411367
2.780000 -0.360604 3.544111 -0.411326
2.785000 -0.342856 3.549520 -0.411284
2.790000 -0.325083 3.554663 -0.411242
2.795000 -0.307285 3.559539 -0.411200
2.800000 -0.289464 3.564149 -0.411158
2.805000 -0.271622 3.568491 -0.411115
2.810000 -0.253759 3.572565 -0.411073
2.815000 -0.235877 3.576371 -0.411030
2.820000 -0.217978 3.579909 -0.410987
2.825000 -0.200062 3.583179 -0.410943
2.830000 -0.182131 3.586180 -0.410900
2.835000 -0.164186 3.588912 -0.410856
2.840000 -0.146230 3.591375 -0.410813
2.845000 -0.128262 3.593568 -0.410769
2.850000 -0.110284 3.595492 -0.410725
2.855000 -0.092299 3.597146 -0.410681
2.860000 -0.074306 3.598531 -0.410637
2.865000 -0.056308 3.599646 -0.410593
2.870000 -0.038305 3.600490 -0.410549
2.875000 -0.020300 3.601065 -0.410504
2.880000 -0.002293 3.601369 -0.410460
2.885000 0.015714 3.601404 -0.410416
2.890000 0.033720 3.601168 -0.410372
2.895000 0.051723 3.600662 -0.410328
2.900000 0.069723 3.599886 -0.410283
2.905000 0.087717 3.598840 -0.410239
2.910000 0.105704 3.597525 -0.410195
2.915000 0.123684 3.595939 -0.410151
2.920000 0.141655 3.594084 -0.410107
2.925000 0.159614 3.591959 -0.410064
2.930000 0.177562 3.589565 -0.410020
2.935000 0.195497 3.586901 -0.409976
2.940000 0.213416 3.583969 -0.409933
2.945000 0.231320 3.580768 -0.409890
2.950000 0.249207 3.577298 -0.409847
2.955000 0.267075 3.573560 -0.409804
2.960000 0.284922 3.569554 -0.409761
2.965000 0.302749 3.565280 -0.409719
2.970000 0.320552 3.560739 -0.409676
2.975000 0.338332 3.555930 -0.409634
2.980000 0.356086 3.550855 -0.409592
2.985000 0.373814 3.545514 -0.409551
2.990000 0.391514 3.539907 -0.409510
2.995000 0.409184 3.534034 -0.409469
3.000000 0.426823 3.527896 -0.409428
3.005000 0.444431 3.521494 -0.409387
3.010000 0.462005 3.514828 -0.409347
3.015000 0.479544 3.507897 -0.409308
3.020000 0.497048 3.500704 -0.409268
3.025000 0.514514 3.493249 -0.409229
3.030000 0.531942 3.485531 -0.409190
3.035000 0.549329 3.477552 -0.409152
3.040000 0.566676 3.469312 -0.409114
3.045000 0.583980 3.460812 -0.409077
3.050000 0.601240 3.452052 -0.409039
3.055000 0.618455 3.443033 -0.409003
3.060000 0.635624 3.433757 -0.408966
3.065000 0.652745 3.424222 -0.408931
3.070000 0.669818 3.414431 -0.408895
3.075000 0.686839 3.404384 -0.408860
3.080000 0.703810 3.394081 -0.408826
3.085000 0.720727 3.383524 -0.408792
3.090000 0.737591 3.372713 -0.408758
3.095000 0.754399 3.361649 -0.408725
3.100000 0.771151 3.350333 -0.408693
3.105000 0.787845 3.338766 -0.408661
3.110000 0.804480 3.326948 -0.408630
3.115000 0.821054 3.314881 -0.408599
3.120000 0.837567 3.302565 -0.408569
3.125000 0.854017 3.290002 -0.408539
3.130000 0.870403 3.277192 -0.408510
3.135000 0.886723 3.264136 -0.408481
3.140000 0.902978 3.250835 -0.408453
3.145000 0.919164 3.237290 -0.408426
3.150000 0.935282 3.223503 -0.408399
3.155000 0.951329 3.209473 -0.408373
3.160000 0.967305 3.195203 -0.408347
3.165000 0.983208 3.180694 -0.408322
3.170000 0.999038 3.165946 -0.408298
3.175000 1.014793 3.150960 -0.408274
3.180000 1.030472 3.135738 -0.408251
3.185000 1.046073 3.120281 -0.408229
3.190000 1.061596 3.104590 -0.408207
3.195000 1.077039 3.088666 -0.408186
3.200000 1.092402 3.072511 -0.408166
3.205000 1.107682 3.056124 -0.408146
3.210000 1.122880 3.039509 -0.408127
3.215000 1.137993 3.022666 -0.408109
3.220000 1.153021 3.005596 -0.408092
3.225000 1.167963 2.988301 -0.408075
3.230000 1.182817 2.970781 -0.408059
3.235000 1.197582 2.953039 -0.408043
3.240000 1.212257 2.935075 -0.408029
3.245000 1.226842 2.916892 -0.408015
3.250000 1.241334 2.898489 -0.408001
3.255000 1.255734 2.879869 -0.407989
3.260000 1.270039 2.861033 -0.407977
3.265000 1.284249 2.841982 -0.407966
3.270000 1.298362 2.822719 -0.407956
3.275000 1.312378 2.803243 -0.407946
3.280000 1.326296 2.783557 -0.407937
3.285000 1.340115 2.763663 -0.407929
3.290000 1.353832 2.743561 -0.407922
3.295000 1.367449 2.723254 -0.407916
3.300000 1.380962 2.702742 -0.407910
3.305000 1.394372 2.682028 -0.407905
3.310000 1.407678 2.661112 -0.407900
3.315000 1.420878 2.639997 -0.407897
3.320000 1.433971 2.618684 -0.407894
3.325000 1.446957 2.597174 -0.407892
3.330000 1.459835 2.575470 -0.407891
3.335000 1.472603 2.553572 -0.407891
3.340000 1.485260 2.531483 -0.407891
3.345000 1.497806 2.509204 -0.407892
3.350000 1.510240 2.486737 -0.407894
3.355000 1.522560 2.464084 -0.407897
3.360000 1.534766 2.441245 -0.407900
3.365000 1.546857 2.418224 -0.407904
3.370000 1.558833 2.395021 -0.407909
3.375000 1.570691 2.371638 -0.407915
3.380000 1.582431 2.348078 -0.407921
3.385000 1.594053 2.324342 -0.407928
3.390000 1.605555 2.300431 -0.407936
3.395000 1.616937 2.276347 -0.407945
3.400000 1.628197 2.252093 -0.407954
3.405000 1.639336 2.227670 -0.407965
3.410000 1.650351 2.203080 -0.407976
3.415000 1.661243 2.178325 -0.407987
3.420000 1.672010 2.153407 -0.408000
3.425000 1.682651 2.128326 -0.408013
3.430000 1.693167 2.103087 -0.408027
3.435000 1.703555 2.077689 -0.408041
3.440000 1.713816 2.052136 -0.408057
3.445000 1.723948 2.026429 -0.408073
3.450000 1.733951 2.000569 -0.408089
3.455000 1.743824 1.974560 -0.408107
3.460000 1.753566 1.948403 -0.408125
3.465000 1.763176 1.922099 -0.408144
3.470000 1.772654 1.895652 -0.408163
3.475000 1.782000 1.869062 -0.408184
3.480000 1.791211 1.842332 -0.408205
3.485000 1.800289 1.815464 -0.408226
3.490000 1.809231 1.788459 -0.408248
3.495000 1.818038 1.761321 -0.408271
3.500000 1.826708 1.734050 -0.408295
3.505000 1.835241 1.706650 -0.408319
3.510000 1.843637 1.679121 -0.408344
3.515000 1.851894 1.651467 -0.408369
3.520000 1.860012 1.623688 -0.408395
3.525000 1.867991 1.595788 -0.408422
3.530000 1.875830 1.567768 -0.408449
3.535000 1.883528 1.539631 -0.408477
3.540000 1.891085 1.511378 -0.408506
3.545000 1.898500 1.483011 -0.408535
3.550000 1.905773 1.454534 -0.408565
3.555000 1.912903 1.425947 -0.408595
3.560000 1.919889 1.397254 -0.408626
3.565000 1.926731 1.368455 -0.408657
3.570000 1.933429 1.339554 -0.408689
3.575000 1.939982 1.310553 -0.408721
3.580000 1.946389 1.281453 -0.408754
3.585000 1.952650 1.252257 -0.408787
3.590000 1.958765 1.222968 -0.408821
3.595000 1.964733 1.193586 -0.408856
3.600000 1.970554 1.164115 -0.408890
3.605000 1.976226 1.134557 -0.408926
3.610000 1.981751 1.104914 -0.408962
3.615000 1.987127 1.075187 -0.408998
3.620000 1.992354 1.045380 -0.409034
3.625000 1.997431 1.015495 -0.409072
3.630000 2.002359 0.985534 -0.409109
3.635000 2.007136 0.955498 -0.409147
3.640000 2.011763 0.925391 -0.409185
3.645000 2.016239 0.895215 -0.409224
3.650000 2.020564 0.864971 -0.409263
3.655000 2.024738 0.834663 -0.409302
3.660000 2.028759 0.804292 -0.409342
3.665000 2.032628 0.773860 -0.409382
3.670000 2.036345 0.743371 -0.409422
3.675000 2.039909 0.712826 -0.409463
3.680000 2.043321 0.682227 -0.409504
3.685000 2.046578 0.651577 -0.409545
3.690000 2.049683 0.620878 -0.409587
3.695000 2.052633 0.590133 -0.409629
3.700000 2.055430 0.559344 -0.409671
3.705000 2.058073 0.528512 -0.409713
3.710000 2.060561 0.497641 -0.409755
3.715000 2.062895 0.466733 -0.409798
3.720000 2.065074 0.435789 -0.409841
3.725000 2.067098 0.404813 -0.409884
3.730000 2.068967 0.373807 -0.409927
3.735000 2.070681 0.342772 -0.409971
3.740000 2.072239 0.311712 -0.410014
3.745000 2.073642 0.280628 -0.410058
3.750000 2.074890 0.249524 -0.410102
3.755000 2.075982 0.218400 -0.410145
3.760000 2.076918 0.187261 -0.410189
3.765000 2.077699 0.156107 -0.410233
3.770000 2.078323 0.124942 -0.410277
3.775000 2.078792 0.093767 -0.410322
3.780000 2.079105 0.062585 -0.410366
3.785000 2.079262 0.031398 -0.410410
3.790000 2.079263 0.000209 -0.410454
3.795000 2.079108 -0.030980 -0.410498
3.800000 2.078797 -0.062166 -0.410543
3.805000 2.078331 -0.093348 -0.410587
3.810000 2.077708 -0.124523 -0.410631
3.815000 2.076930 -0.155689 -0.410675
3.820000 2.075995 -0.186843 -0.410719
3.825000 2.074906 -0.217983 -0.410763
3.830000 2.073660 -0.249106 -0.410807
3.835000 2.072259 -0.280211 -0.410850
3.840000 2.070702 -0.311295 -0.410894
3.845000 2.068991 -0.342356 -0.410937
3.850000 2.067124 -0.373391 -0.410981
3.855000 2.065102 -0.404397 -0.411024
3.860000 2.062925 -0.435374 -0.411067
3.865000 2.060593 -0.466318 -0.411110
3.870000 2.058107 -0.497227 -0.411152
3.875000 2.055467 -0.528098 -0.411195
3.880000 2.052672 -0.558930 -0.411237
3.885000 2.049723 -0.589720 -0.411279
3.890000 2.046621 -0.620466 -0.411320
3.895000 2.043365 -0.651166 -0.411362
3.900000 2.039956 -0.681816 -0.411403
3.905000 2.036394 -0.712415 -0.411444
3.910000 2.032679 -0.742961 -0.411484
3.915000 2.028812 -0.773451 -0.411524
3.920000 2.024793 -0.803884 -0.411564
3.925000 2.020621 -0.834256 -0.411604
3.930000 2.016299 -0.864565 -0.411643
3.935000 2.011824 -0.894809 -0.411682
3.940000 2.007200 -0.924987 -0.411720
3.945000 2.002424 -0.955095 -0.411759
3.950000 1.997498 -0.985131 -0.411796
3.955000 1.992423 -1.015094 -0.411834
3.960000 1.987198 -1.044980 -0.411870
3.965000 1.981824 -1.074788 -0.411907
3.970000 1.976302 -1.104515 -0.411943
3.975000 1.970631 -1.134160 -0.411978
3.980000 1.964812 -1.163719 -0.412014
3.985000 1.958846 -1.193191 -0.412048
3.990000 1.952733 -1.222574 -0.412082
3.995000 1.946474 -1.251865 -0.412116
4.000000 1.940069 -1.281062 -0.412149
4.005000 1.933518 -1.310163 -0.412182
4.010000 1.926822 -1.339166 -0.412214
4.015000 1.919982 -1.368068 -0.412245
4.020000 1.912997 -1.396868 -0.412277
4.025000 1.905870 -1.425563 -0.412307
4.030000 1.898599 -1.454151 -0.412337
4.035000 1.891186 -1.482630 -0.412366
4.040000 1.883631 -1.510998 -0.412395
4.045000 1.875934 -1.539252 -0.412423
4.050000 1.868097 -1.567391 -0.412451
4.055000 1.860120 -1.595413 -0.412478
4.060000 1.852004 -1.623315 -0.412504
4.065000 1.843748 -1.651095 -0.412530
4.070000 1.835355 -1.678751 -0.412555
4.075000 1.826823 -1.706281 -0.412580
4.080000 1.818155 -1.733683 -0.412604
4.085000 1.809350 -1.760956 -0.412627
4.090000 1.800409 -1.788096 -0.412650
4.095000 1.791334 -1.815102 -0.412671
4.100000 1.782124 -1.841972 -0.412693
4.105000 1.772781 -1.868704 -0.412713
4.110000 1.763304 -1.895296 -0.412733
4.115000 1.753695 -1.921745 -0.412752
4.120000 1.743955 -1.948051 -0.412771
4.125000 1.734084 -1.974210 -0.412789
4.130000 1.724083 -2.000221 -0.412806
4.135000 1.713953 -2.026083 -0.412822
4.140000 1.703694 -2.051792 -0.412838
4.145000 1.693307 -2.077347 -0.412853
4.150000 1.682793 -2.102747 -0.412867
4.155000 1.672153 -2.127989 -0.412881
4.160000 1.661388 -2.153071 -0.412893
4.165000 1.650498 -2.177992 -0.412906
4.170000 1.639484 -2.202749 -0.412917
4.175000 1.628347 -2.227342 -0.412927
4.180000 1.617089 -2.251767 -0.412937
4.185000 1.605708 -2.276023 -0.412946
4.190000 1.594208 -2.300109 -0.412955
4.195000 1.582588 -2.324022 -0.412962
4.200000 1.570849 -2.347761 -0.412969
4.205000 1.558992 -2.371323 -0.412975
4.210000 1.547019 -2.394708 -0.412980
4.215000 1.534929 -2.417914 -0.412985
4.220000 1.522725 -2.440938 -0.412989
4.225000 1.510406 -2.463778 -0.412992
4.230000 1.497974 -2.486435 -0.412994
4.235000 1.485429 -2.508904 -0.412996
4.240000 1.472773 -2.531186 -0.412996
4.245000 1.460007 -2.553277 -0.412996
4.250000 1.447131 -2.575177 -0.412995
4.255000 1.434146 -2.596884 -0.412994
4.260000 1.421054 -2.618396 -0.412992
4.265000 1.407856 -2.639712 -0.412988
4.270000 1.394552 -2.660830 -0.412985
4.275000 1.381143 -2.681748 -0.412980
4.280000 1.367631 -2.702465 -0.412975
4.285000 1.354016 -2.722980 -0.412968
4.290000 1.340299 -2.743290 -0.412961
4.295000 1.326482 -2.763395 -0.412954
4.300000 1.312566 -2.783292 -0.412945
4.305000 1.298551 -2.802980 -0.412936
4.310000 1.284439 -2.822459 -0.412926
4.315000 1.270230 -2.841725 -0.412916
4.320000 1.255926 -2.860779 -0.412904
4.325000 1.241528 -2.879618 -0.412892
4.330000 1.227037 -2.898241 -0.412879
4.335000 1.212454 -2.916646 -0.412866
4.340000 1.197779 -2.934833 -0.412851
4.345000 1.183015 -2.952800 -0.412836
4.350000 1.168163 -2.970545 -0.412821
4.355000 1.153222 -2.988067 -0.412804
4.360000 1.138196 -3.005366 -0.412787
4.365000 1.123083 -3.022438 -0.412769
4.370000 1.107887 -3.039285 -0.412750
4.375000 1.092607 -3.055903 -0.412731
4.380000 1.077246 -3.072292 -0.412711
4.385000 1.061804 -3.088451 -0.412690
4.390000 1.046282 -3.104378 -0.412669
4.395000 1.030681 -3.120072 -0.412647
4.400000 1.015004 -3.135532 -0.412624
4.405000 0.999250 -3.150757 -0.412601
4.410000 0.983421 -3.165746 -0.412577
4.415000 0.967519 -3.180497 -0.412553
4.420000 0.951544 -3.195010 -0.412527
4.425000 0.935497 -3.209283 -0.412502
4.430000 0.919381 -3.223316 -0.412475
4.435000 0.903195 -3.237107 -0.412448
4.440000 0.886942 -3.250655 -0.412420
4.445000 0.870622 -3.263959 -0.412392
4.450000 0.854237 -3.277018 -0.412363
4.455000 0.837788 -3.289832 -0.412334
4.460000 0.821276 -3.302398 -0.412304
4.465000 0.804702 -3.314717 -0.412273
4.470000 0.788068 -3.326788 -0.412242
4.475000 0.771375 -3.338609 -0.412210
4.480000 0.754624 -3.350180 -0.412178
4.485000 0.737817 -3.361499 -0.412146
4.490000 0.720954 -3.372566 -0.412112
4.495000 0.704037 -3.383381 -0.412079
4.500000 0.687068 -3.393941 -0.412044
4.505000 0.670046 -3.404247 -0.412010
4.510000 0.652975 -3.414298 -0.411975
4.515000 0.635854 -3.424093 -0.411939
4.520000 0.618686 -3.433630 -0.411903
4.525000 0.601472 -3.442911 -0.411866
4.530000 0.584212 -3.451933 -0.411830
4.535000 0.566908 -3.460696 -0.411792
4.540000 0.549562 -3.469199 -0.411754
4.545000 0.532175 -3.477443 -0.411716
4.550000 0.514748 -3.485426 -0.411678
4.555000 0.497282 -3.493147 -0.411639
4.560000 0.479779 -3.500606 -0.411600
4.565000 0.462240 -3.507803 -0.411560
4.570000 0.444667 -3.514736 -0.411520
4.575000 0.427060 -3.521406 -0.411480
4.580000 0.409421 -3.527812 -0.411439
4.585000 0.391751 -3.533954 -0.411398
4.590000 0.374052 -3.539830 -0.411357
4.595000 0.356324 -3.545441 -0.411316
4.600000 0.338571 -3.550785 -0.411274
4.605000 0.320791 -3.555864 -0.411232
4.610000 0.302988 -3.560676 -0.411190
4.615000 0.285162 -3.565221 -0.411148
4.620000 0.267314 -3.569498 -0.411105
4.625000 0.249447 -3.573508 -0.411062
4.630000 0.231560 -3.577250 -0.411019
4.635000 0.213657 -3.580723 -0.410976
4.640000 0.195737 -3.583928 -0.410933
4.645000 0.177803 -3.586864 -0.410889
4.650000 0.159855 -3.589531 -0.410846
4.655000 0.141896 -3.591929 -0.410802
4.660000 0.123925 -3.594057 -0.410758
4.665000 0.105946 -3.595916 -0.410714
4.670000 0.087958 -3.597505 -0.410670
4.675000 0.069964 -3.598825 -0.410626
4.680000 0.051965 -3.599874 -0.410582
4.685000 0.033961 -3.600653 -0.410538
4.690000 0.015956 -3.601163 -0.410494
4.695000 -0.002051 -3.601402 -0.410450
4.700000 -0.020058 -3.601371 -0.410405
4.705000 -0.038064 -3.601071 -0.410361
4.710000 -0.056066 -3.600500 -0.410317
4.715000 -0.074064 -3.599659 -0.410273
4.720000 -0.092057 -3.598548 -0.410229
4.725000 -0.110043 -3.597167 -0.410185
4.730000 -0.128021 -3.595516 -0.410141
4.735000 -0.145989 -3.593596 -0.410097
4.740000 -0.163946 -3.591406 -0.410053
4.745000 -0.181890 -3.588947 -0.410009
4.750000 -0.199821 -3.586219 -0.409966
4.755000 -0.217737 -3.583221 -0.409923
4.760000 -0.235637 -3.579955 -0.409879
4.765000 -0.253519 -3.576421 -0.409836
4.770000 -0.271382 -3.572618 -0.409793
4.775000 -0.289225 -3.568547 -0.409751
4.780000 -0.307046 -3.564209 -0.409708
4.785000 -0.324844 -3.559603 -0.409666
4.790000 -0.342618 -3.554730 -0.409624
4.795000 -0.360366 -3.549591 -0.409582
4.800000 -0.378087 -3.544186 -0.409541
4.805000 -0.395779 -3.538514 -0.409500
4.810000 -0.413442 -3.532578 -0.409459
4.815000 -0.431074 -3.526376 -0.409418
4.820000 -0.448674 -3.519910 -0.409378
4.825000 -0.466240 -3.513180 -0.409338
4.830000 -0.483771 -3.506186 -0.409298
4.835000 -0.501265 -3.498930 -0.409259
4.840000 -0.518722 -3.491411 -0.409220
4.845000 -0.536140 -3.483630 -0.409181
4.850000 -0.553518 -3.475588 -0.409143
4.855000 -0.570855 -3.467285 -0.409105
4.860000 -0.588148 -3.458722 -0.409068
4.865000 -0.605398 -3.449900 -0.409031
4.870000 -0.622602 -3.440819 -0.408994
4.875000 -0.639759 -3.431480 -0.408958
4.880000 -0.656869 -3.421883 -0.408922
4.885000 -0.673929 -3.412030 -0.408887
4.890000 -0.690938 -3.401921 -0.408852
4.895000 -0.707896 -3.391557 -0.408818
4.900000 -0.724801 -3.380939 -0.408784
4.905000 -0.741651 -3.370067 -0.408750
4.910000 -0.758446 -3.358942 -0.408718
4.915000 -0.775184 -3.347565 -0.408685
4.920000 -0.791864 -3.335938 -0.408653
4.925000 -0.808484 -3.324060 -0.408622
4.930000 -0.825044 -3.311933 -0.408591
4.935000 -0.841541 -3.299557 -0.408561
4.940000 -0.857976 -3.286934 -0.408532
4.945000 -0.874346 -3.274064 -0.408503
4.950000 -0.890651 -3.260949 -0.408474
4.955000 -0.906889 -3.247589 -0.408446
4.960000 -0.923059 -3.233986 -0.408419
4.965000 -0.939160 -3.220140 -0.408393
4.970000 -0.955190 -3.206053 -0.408367
4.975000 -0.971148 -3.191725 -0.408341
4.980000 -0.987034 -3.177157 -0.408316
4.985000 -1.002846 -3.162352 -0.408292
4.990000 -1.018583 -3.147309 -0.408269
4.995000 -1.034243 -3.132031 -0.408246
5.000000 -1.049825 -3.116517 -0.408224
5.005000 -1.065329 -3.100769 -0.408202
5.010000 -1.080753 -3.084790 -0.408181
5.015000 -1.096096 -3.068578 -0.408161
5.020000 -1.111357 -3.052137 -0.408142
5.025000 -1.126534 -3.035466 -0.408123
5.030000 -1.141627 -3.018568 -0.408105
5.035000 -1.156634 -3.001444 -0.408088
5.040000 -1.171555 -2.984095 -0.408071
5.045000 -1.186387 -2.966521 -0.408055
5.050000 -1.201131 -2.948725 -0.408040
5.055000 -1.215784 -2.930708 -0.408025
5.060000 -1.230347 -2.912472 -0.408011
5.065000 -1.244817 -2.894016 -0.407998
5.070000 -1.259193 -2.875344 -0.407986
5.075000 -1.273476 -2.856456 -0.407974
5.080000 -1.287663 -2.837354 -0.407963
5.085000 -1.301753 -2.818039 -0.407953
5.090000 -1.315745 -2.798513 -0.407944
5.095000 -1.329639 -2.778777 -0.407935
5.100000 -1.343433 -2.758832 -0.407928
5.105000 -1.357127 -2.738681 -0.407920
5.110000 -1.370718 -2.718324 -0.407914
5.115000 -1.384207 -2.697763 -0.407908
5.120000 -1.397592 -2.677000 -0.407904
5.125000 -1.410872 -2.656036 -0.407900
5.130000 -1.424047 -2.634873 -0.407896
5.135000 -1.437114 -2.613512 -0.407894
5.140000 -1.450074 -2.591956 -0.407892
5.145000 -1.462925 -2.570204 -0.407891
5.150000 -1.475666 -2.548261 -0.407891
5.155000 -1.488297 -2.526126 -0.407891
5.160000 -1.500816 -2.503801 -0.407892
5.165000 -1.513222 -2.481289 -0.407894
5.170000 -1.525515 -2.458591 -0.407897
5.175000 -1.537694 -2.435708 -0.407901
5.180000 -1.549757 -2.412642 -0.407905
5.185000 -1.561704 -2.389396 -0.407910
5.190000 -1.573534 -2.365970 -0.407916
5.195000 -1.585246 -2.342367 -0.407923
5.200000 -1.596839 -2.318589 -0.407930
5.205000 -1.608312 -2.294636 -0.407938
5.210000 -1.619665 -2.270512 -0.407947
5.215000 -1.630896 -2.246217 -0.407957
5.220000 -1.642004 -2.221753 -0.407967
5.225000 -1.652990 -2.197123 -0.407978
5.230000 -1.663852 -2.172328 -0.407990
5.235000 -1.674588 -2.147370 -0.408003
5.240000 -1.685200 -2.122252 -0.408016
5.245000 -1.695685 -2.096974 -0.408030
5.250000 -1.706042 -2.071538 -0.408045
5.255000 -1.716272 -2.045948 -0.408060
5.260000 -1.726373 -2.020204 -0.408077
5.265000 -1.736345 -1.994308 -0.408094
5.270000 -1.746186 -1.968263 -0.408111
5.275000 -1.755896 -1.942070 -0.408129
5.280000 -1.765475 -1.915732 -0.408149
5.285000 -1.774921 -1.889249 -0.408168
5.290000 -1.784234 -1.862626 -0.408189
5.295000 -1.793414 -1.835862 -0.408210
5.300000 -1.802458 -1.808961 -0.408231
5.305000 -1.811368 -1.781924 -0.408254
5.310000 -1.820142 -1.754754 -0.408277
5.315000 -1.828779 -1.727451 -0.408301
5.320000 -1.837279 -1.700020 -0.408325
5.325000 -1.845641 -1.672461 -0.408350
5.330000 -1.853865 -1.644776 -0.408376
5.335000 -1.861950 -1.616968 -0.408402
5.340000 -1.869895 -1.589039 -0.408429
5.345000 -1.877700 -1.560990 -0.408456
5.350000 -1.885364 -1.532825 -0.408484
5.355000 -1.892887 -1.504544 -0.408513
5.360000 -1.900268 -1.476151 -0.408542
5.365000 -1.907506 -1.447647 -0.408572
5.370000 -1.914601 -1.419034 -0.408602
5.375000 -1.921553 -1.390315 -0.408633
5.380000 -1.928360 -1.361492 -0.408664
5.385000 -1.935023 -1.332567 -0.408696
5.390000 -1.941541 -1.303541 -0.408729
5.395000 -1.947913 -1.274418 -0.408762
5.400000 -1.954139 -1.245199 -0.408795
5.405000 -1.960218 -1.215887 -0.408829
5.410000 -1.966151 -1.186484 -0.408864
5.415000 -1.971936 -1.156992 -0.408899
5.420000 -1.977573 -1.127413 -0.408934
5.425000 -1.983062 -1.097749 -0.408970
5.430000 -1.988402 -1.068003 -0.409007
5.435000 -1.993593 -1.038177 -0.409043
5.440000 -1.998634 -1.008273 -0.409081
5.445000 -2.003525 -0.978294 -0.409118
5.450000 -2.008267 -0.948241 -0.409156
5.455000 -2.012857 -0.918117 -0.409195
5.460000 -2.017297 -0.887924 -0.409233
5.465000 -2.021585 -0.857665 -0.409272
5.470000 -2.025722 -0.827341 -0.409312
5.475000 -2.029707 -0.796955 -0.409352
5.480000 -2.033539 -0.766510 -0.409392
5.485000 -2.037219 -0.736006 -0.409432
5.490000 -2.040746 -0.705448 -0.409473
5.495000 -2.044121 -0.674837 -0.409514
5.500000 -2.047341 -0.644175 -0.409555
5.505000 -2.050409 -0.613465 -0.409597
5.510000 -2.053322 -0.582709 -0.409639
5.515000 -2.056082 -0.551909 -0.409681
5.520000 -2.058687 -0.521068 -0.409723
5.525000 -2.061138 -0.490188 -0.409766
5.530000 -2.063434 -0.459270 -0.409808
5.535000 -2.065576 -0.428319 -0.409851
5.540000 -2.067563 -0.397335 -0.409894
5.545000 -2.069394 -0.366322 -0.409938
5.550000 -2.071071 -0.335281 -0.409981
5.555000 -2.072592 -0.304215 -0.410025
5.560000 -2.073957 -0.273126 -0.410068
5.565000 -2.075168 -0.242017 -0.410112
5.570000 -2.076222 -0.210889 -0.410156
5.575000 -2.077121 -0.179746 -0.410200
5.580000 -2.077864 -0.148589 -0.410244
5.585000 -2.078451 -0.117421 -0.410288
5.590000 -2.078882 -0.086244 -0.410332
5.595000 -2.079157 -0.055061 -0.410376
5.600000 -2.079277 -0.023874 -0.410421
5.605000 -2.079240 0.007315 -0.410465
5.610000 -2.079048 0.038504 -0.410509
5.615000 -2.078699 0.069690 -0.410553
5.620000 -2.078195 0.100870 -0.410597
5.625000 -2.077535 0.132043 -0.410642
5.630000 -2.076719 0.163206 -0.410686
5.635000 -2.075747 0.194357 -0.410730
5.640000 -2.074619 0.225493 -0.410774
5.645000 -2.073336 0.256613 -0.410817
5.650000 -2.071898 0.287713 -0.410861
5.655000 -2.070304 0.318791 -0.410905
5.660000 -2.068554 0.349846 -0.410948
5.665000 -2.066650 0.380874 -0.410991
5.670000 -2.064591 0.411874 -0.411034
5.675000 -2.062377 0.442843 -0.411077
5.680000 -2.060008 0.473778 -0.411120
5.685000 -2.057484 0.504678 -0.411163
5.690000 -2.054807 0.535541 -0.411205
5.695000 -2.051975 0.566363 -0.411247
5.700000 -2.048989 0.597142 -0.411289
5.705000 -2.045850 0.627877 -0.411330
5.710000 -2.042557 0.658565 -0.411372
5.715000 -2.039111 0.689203 -0.411413
5.720000 -2.035512 0.719790 -0.411454
5.725000 -2.031760 0.750323 -0.411494
5.730000 -2.027856 0.780799 -0.411534
5.735000 -2.023800 0.811217 -0.411574
5.740000 -2.019592 0.841574 -0.411613
5.745000 -2.015233 0.871868 -0.411653
5.750000 -2.010722 0.902096 -0.411691
5.755000 -2.006061 0.932257 -0.411730
5.760000 -2.001249 0.962348 -0.411768
5.765000 -1.996288 0.992367 -0.411805
5.770000 -1.991176 1.022311 -0.411842
5.775000 -1.985915 1.052179 -0.411879
5.780000 -1.980505 1.081967 -0.411916
5.785000 -1.974947 1.111675 -0.411951
5.790000 -1.969240 1.141299 -0.411987
5.795000 -1.963386 1.170838 -0.412022
5.800000 -1.957385 1.200289 -0.412056
5.805000 -1.951237 1.229649 -0.412090
5.810000 -1.944942 1.258918 -0.412124
5.815000 -1.938502 1.288092 -0.412157
5.820000 -1.931916 1.317169 -0.412190
5.825000 -1.925185 1.346148 -0.412222
5.830000 -1.918310 1.375026 -0.412253
5.835000 -1.911291 1.403801 -0.412284
5.840000 -1.904128 1.432470 -0.412314
5.845000 -1.896823 1.461032 -0.412344
5.850000 -1.889376 1.489484 -0.412373
5.855000 -1.881787 1.517825 -0.412402
5.860000 -1.874056 1.546052 -0.412430
5.865000 -1.866186 1.574163 -0.412458
5.870000 -1.858175 1.602155 -0.412484
5.875000 -1.850025 1.630028 -0.412511
5.880000 -1.841736 1.657778 -0.412536
5.885000 -1.833309 1.685404 -0.412561
5.890000 -1.824744 1.712904 -0.412586
5.895000 -1.816043 1.740275 -0.412609
5.900000 -1.807205 1.767516 -0.412632
5.905000 -1.798232 1.794624 -0.412655
5.910000 -1.789124 1.821597 -0.412677
5.915000 -1.779882 1.848434 -0.412698
5.920000 -1.770506 1.875132 -0.412718
5.925000 -1.760998 1.901690 -0.412738
5.930000 -1.751357 1.928105 -0.412757
5.935000 -1.741586 1.954375 -0.412775
5.940000 -1.731683 1.980499 -0.412793
5.945000 -1.721651 2.006474 -0.412810
5.950000 -1.711489 2.032299 -0.412826
5.955000 -1.701199 2.057972 -0.412842
5.960000 -1.690782 2.083490 -0.412856
5.965000 -1.680238 2.108851 -0.412870
5.970000 -1.669567 2.134055 -0.412884
5.975000 -1.658772 2.159098 -0.412896
5.980000 -1.647852 2.183980 -0.412908
5.985000 -1.636809 2.208698 -0.412919
5.990000 -1.625642 2.233250 -0.412930
5.995000 -1.614354 2.257634 -0.412940
6.000000 -1.602945 2.281850 -0.412948
6.005000 -1.591415 2.305894 -0.412957
6.010000 -1.579767 2.329765 -0.412964
6.015000 -1.567999 2.353462 -0.412971
6.020000 -1.556114 2.376982 -0.412976
6.025000 -1.544113 2.400323 -0.412982
6.030000 -1.531995 2.423485 -0.412986
6.035000 -1.519763 2.446465 -0.412990
6.040000 -1.507417 2.469261 -0.412992
6.045000 -1.494957 2.491873 -0.412994
6.050000 -1.482386 2.514297 -0.412996
6.055000 -1.469703 2.536533 -0.412996
6.060000 -1.456910 2.558578 -0.412996
6.065000 -1.444008 2.580432 -0.412995
6.070000 -1.430998 2.602092 -0.412993
6.075000 -1.417880 2.623557 -0.412991
6.080000 -1.404656 2.644825 -0.412988
6.085000 -1.391326 2.665895 -0.412983
6.090000 -1.377892 2.686765 -0.412979
6.095000 -1.364355 2.707433 -0.412973
6.100000 -1.350716 2.727899 -0.412967
6.105000 -1.336975 2.748160 -0.412960
6.110000 -1.323134 2.768214 -0.412952
6.115000 -1.309194 2.788061 -0.412943
6.120000 -1.295155 2.807699 -0.412934
6.125000 -1.281019 2.827126 -0.412924
6.130000 -1.266788 2.846342 -0.412913
6.135000 -1.252461 2.865343 -0.412901
6.140000 -1.238040 2.884130 -0.412889
6.145000 -1.223527 2.902701 -0.412876
6.150000 -1.208922 2.921054 -0.412862
6.155000 -1.194226 2.939188 -0.412848
6.160000 -1.179440 2.957101 -0.412833
6.165000 -1.164566 2.974793 -0.412817
6.170000 -1.149605 2.992261 -0.412800
6.175000 -1.134557 3.009505 -0.412783
6.180000 -1.119425 3.026524 -0.412765
6.185000 -1.104208 3.043315 -0.412746
6.190000 -1.088909 3.059878 -0.412726
6.195000 -1.073528 3.076212 -0.412706
6.200000 -1.058066 3.092315 -0.412685
6.205000 -1.042525 3.108186 -0.412664
6.210000 -1.026906 3.123824 -0.412642
6.215000 -1.011210 3.139227 -0.412619
6.220000 -0.995438 3.154395 -0.412595
6.225000 -0.979591 3.169327 -0.412571
6.230000 -0.963671 3.184021 -0.412547
6.235000 -0.947679 3.198476 -0.412521
6.240000 -0.931615 3.212691 -0.412495
6.245000 -0.915482 3.226665 -0.412469
6.250000 -0.899280 3.240397 -0.412441
6.255000 -0.883011 3.253887 -0.412414
6.260000 -0.866675 3.267132 -0.412385
6.265000 -0.850274 3.280132 -0.412356
6.270000 -0.833810 3.292886 -0.412327
6.275000 -0.817283 3.305393 -0.412296
6.280000 -0.800695 3.317652 -0.412266
6.285000 -0.784046 3.329663 -0.412235
6.290000 -0.767339 3.341424 -0.412203
6.295000 -0.750575 3.352934 -0.412170
6.300000 -0.733754 3.364192 -0.412138
6.305000 -0.716878 3.375199 -0.412104
6.310000 -0.699948 3.385952 -0.412070
6.315000 -0.682966 3.396451 -0.412036
6.320000 -0.665932 3.406695 -0.412001
6.325000 -0.648849 3.416684 -0.411966
6.330000 -0.631717 3.426417 -0.411930
6.335000 -0.614537 3.435893 -0.411894
6.340000 -0.597312 3.445111 -0.411858
6.345000 -0.580041 3.454071 -0.411821
6.350000 -0.562727 3.462771 -0.411783
6.355000 -0.545371 3.471212 -0.411745
6.360000 -0.527974 3.479393 -0.411707
6.365000 -0.510538 3.487312 -0.411668
6.370000 -0.493063 3.494970 -0.411629
6.375000 -0.475551 3.502366 -0.411590
6.380000 -0.458004 3.509500 -0.411550
6.385000 -0.440422 3.516370 -0.411510
6.390000 -0.422807 3.522976 -0.411470
6.395000 -0.405160 3.529318 -0.411430
6.400000 -0.387483 3.535396 -0.411389
6.405000 -0.369777 3.541208 -0.411347
6.410000 -0.352044 3.546754 -0.411306
6.415000 -0.334283 3.552035 -0.411264
6.420000 -0.316498 3.557049 -0.411222
6.425000 -0.298689 3.561797 -0.411180
6.430000 -0.280858 3.566277 -0.411137
6.435000 -0.263005 3.570490 -0.411095
6.440000 -0.245133 3.574435 -0.411052
6.445000 -0.227243 3.578112 -0.411009
6.450000 -0.209335 3.581521 -0.410966
6.455000 -0.191412 3.584661 -0.410922
6.460000 -0.173474 3.587532 -0.410879
6.465000 -0.155523 3.590134 -0.410835
6.470000 -0.137561 3.592467 -0.410791
6.475000 -0.119588 3.594530 -0.410748
6.480000 -0.101607 3.596324 -0.410704
6.485000 -0.083617 3.597848 -0.410660
6.490000 -0.065622 3.599102 -0.410616
6.495000 -0.047622 3.600087 -0.410571
6.500000 -0.029618 3.600801 -0.410527
6.505000 -0.011611 3.601245 -0.410483
6.510000 0.006396 3.601420 -0.410439
6.515000 0.024402 3.601324 -0.410395
6.520000 0.042407 3.600958 -0.410350
6.525000 0.060409 3.600321 -0.410306
6.530000 0.078406 3.599415 -0.410262
6.535000 0.096397 3.598239 -0.410218
6.540000 0.114381 3.596793 -0.410174
6.545000 0.132356 3.595078 -0.410130
6.550000 0.150322 3.593092 -0.410086
6.555000 0.168276 3.590837 -0.410043
6.560000 0.186218 3.588313 -0.409999
6.565000 0.204145 3.585520 -0.409955
6.570000 0.222058 3.582458 -0.409912
6.575000 0.239953 3.579127 -0.409869
6.580000 0.257831 3.575528 -0.409826
6.585000 0.275689 3.571660 -0.409783
6.590000 0.293527 3.567525 -0.409741
6.595000 0.311342 3.563122 -0.409698
6.600000 0.329135 3.558452 -0.409656
6.605000 0.346902 3.553515 -0.409614
6.610000 0.364644 3.548311 -0.409572
6.615000 0.382358 3.542842 -0.409531
6.620000 0.400043 3.537106 -0.409490
6.625000 0.417699 3.531106 -0.409449
6.630000 0.435323 3.524840 -0.409408
6.635000 0.452915 3.518310 -0.409368
6.640000 0.470472 3.511517 -0.409328
6.645000 0.487995 3.504459 -0.409289
6.650000 0.505480 3.497140 -0.409249
6.655000 0.522928 3.489557 -0.409210
6.660000 0.540337 3.481713 -0.409172
6.665000 0.557705 3.473608 -0.409134
6.670000 0.575031 3.465243 -0.409096
6.675000 0.592314 3.456617 -0.409059
6.680000 0.609553 3.447733 -0.409022
6.685000 0.626746 3.438589 -0.408985
6.690000 0.643892 3.429188 -0.408949
6.695000 0.660989 3.419530 -0.408913
6.700000 0.678037 3.409615 -0.408878
6.705000 0.695035 3.399444 -0.408844
6.710000 0.711980 3.389019 -0.408809
6.715000 0.728871 3.378339 -0.408776
6.720000 0.745708 3.367406 -0.408742
6.725000 0.762489 3.356220 -0.408710
6.730000 0.779213 3.344783 -0.408678
6.735000 0.795879 3.333095 -0.408646
6.740000 0.812485 3.321157 -0.408615
6.745000 0.829029 3.308969 -0.408584
6.750000 0.845512 3.296534 -0.408554
6.755000 0.861931 3.283851 -0.408525
6.760000 0.878286 3.270922 -0.408496
6.765000 0.894575 3.257748 -0.408468
6.770000 0.910796 3.244329 -0.408440
6.775000 0.926950 3.230668 -0.408413
6.780000 0.943034 3.216763 -0.408386
6.785000 0.959047 3.202618 -0.408360
6.790000 0.974988 3.188232 -0.408335
6.795000 0.990856 3.173607 -0.408311
6.800000 1.006650 3.158744 -0.408287
6.805000 1.022368 3.143645 -0.408263
6.810000 1.038009 3.128309 -0.408241
6.815000 1.053573 3.112739 -0.408219
6.820000 1.069058 3.096935 -0.408197
6.825000 1.084462 3.080900 -0.408177
6.830000 1.099785 3.064633 -0.408157
6.835000 1.115026 3.048136 -0.408137
6.840000 1.130183 3.031410 -0.408119
6.845000 1.145255 3.014458 -0.408101
6.850000 1.160242 2.997279 -0.408083
6.855000 1.175141 2.979875 -0.408067
6.860000 1.189952 2.962248 -0.408051
6.865000 1.204674 2.944399 -0.408036
6.870000 1.219306 2.926329 -0.408022
6.875000 1.233846 2.908039 -0.408008
6.880000 1.248294 2.889531 -0.407995
6.885000 1.262648 2.870807 -0.407983
6.890000 1.276907 2.851867 -0.407972
6.895000 1.291071 2.832714 -0.407961
6.900000 1.305138 2.813348 -0.407951
6.905000 1.319106 2.793771 -0.407942
6.910000 1.332976 2.773984 -0.407933
6.915000 1.346746 2.753989 -0.407926
6.920000 1.360415 2.733788 -0.407919
6.925000 1.373982 2.713382 -0.407913
6.930000 1.387446 2.692772 -0.407907
6.935000 1.400806 2.671960 -0.407903
6.940000 1.414061 2.650948 -0.407899
6.945000 1.427209 2.629737 -0.407896
6.950000 1.440251 2.608329 -0.407893
6.955000 1.453185 2.586726 -0.407892
6.960000 1.466009 2.564928 -0.407891
6.965000 1.478724 2.542938 -0.407891
6.970000 1.491328 2.520757 -0.407891
6.975000 1.503820 2.498387 -0.407893
6.980000 1.516199 2.475830 -0.407895
6.985000 1.528464 2.453087 -0.407898
6.990000 1.540615 2.430160 -0.407902
6.995000 1.552650 2.407050 -0.407906
7.000000 1.564569 2.383761 -0.407912
7.005000 1.576370 2.360292 -0.407918
7.010000 1.588054 2.336647 -0.407925
7.015000 1.599618 2.312826 -0.407932
7.020000 1.611062 2.288832 -0.407940
7.025000 1.622385 2.264666 -0.407949
7.030000 1.633587 2.240330 -0.407959
7.035000 1.644666 2.215826 -0.407970
7.040000 1.655622 2.191156 -0.407981
7.045000 1.666453 2.166322 -0.407993
7.050000 1.677160 2.141325 -0.408006
7.055000 1.687741 2.116167 -0.408019
7.060000 1.698195 2.090851 -0.408034
7.065000 1.708522 2.065378 -0.408049
7.070000 1.718721 2.039751 -0.408064
7.075000 1.728791 2.013970 -0.408081
7.080000 1.738731 1.988038 -0.408098
7.085000 1.748541 1.961957 -0.408116
7.090000 1.758219 1.935729 -0.408134
7.095000 1.767766 1.909356 -0.408153
7.100000 1.777180 1.882839 -0.408173
7.105000 1.786461 1.856181 -0.408194
7.110000 1.795608 1.829384 -0.408215
7.115000 1.804620 1.802450 -0.408237
7.120000 1.813497 1.775381 -0.408259
7.125000 1.822238 1.748179 -0.408283
7.130000 1.830842 1.720845 -0.408306
7.135000 1.839309 1.693382 -0.408331
7.140000 1.847638 1.665793 -0.408356
7.145000 1.855829 1.638078 -0.408382
7.150000 1.863880 1.610241 -0.408408
7.155000 1.871791 1.582283 -0.408435
7.160000 1.879562 1.554206 -0.408463
7.165000 1.887192 1.526012 -0.408491
7.170000 1.894681 1.497704 -0.408520
7.175000 1.902027 1.469284 -0.408549
7.180000 1.909231 1.440754 -0.408579
7.185000 1.916292 1.412115 -0.408610
7.190000 1.923208 1.383371 -0.408641
7.195000 1.929981 1.354523 -0.408672
7.200000 1.936609 1.325573 -0.408704
7.205000 1.943092 1.296524 -0.408737
7.210000 1.949428 1.267378 -0.408770
7.215000 1.955619 1.238136 -0.408804
7.220000 1.961663 1.208802 -0.408838
7.225000 1.967560 1.179377 -0.408872
7.230000 1.973309 1.149863 -0.408907
7.235000 1.978911 1.120264 -0.408943
7.240000 1.984364 1.090580 -0.408979
7.245000 1.989668 1.060815 -0.409015
7.250000 1.994823 1.030970 -0.409052
7.255000 1.999828 1.001047 -0.409090
7.260000 2.004683 0.971050 -0.409127
7.265000 2.009388 0.940980 -0.409165
7.270000 2.013942 0.910839 -0.409204
7.275000 2.018345 0.880630 -0.409243
7.280000 2.022597 0.850355 -0.409282
7.285000 2.026697 0.820016 -0.409321
7.290000 2.030645 0.789615 -0.409361
7.295000 2.034441 0.759155 -0.409402
7.300000 2.038084 0.728639 -0.409442
7.305000 2.041574 0.698068 -0.409483
7.310000 2.044912 0.667444 -0.409524
7.315000 2.048096 0.636770 -0.409565
7.320000 2.051126 0.606049 -0.409607
7.325000 2.054002 0.575282 -0.409649
7.330000 2.056725 0.544472 -0.409691
7.335000 2.059293 0.513621 -0.409733
7.340000 2.061706 0.482732 -0.409776
7.345000 2.063965 0.451806 -0.409819
7.350000 2.066070 0.420847 -0.409862
7.355000 2.068019 0.389856 -0.409905
7.360000 2.069813 0.358835 -0.409948
7.365000 2.071452 0.327788 -0.409992
7.370000 2.072936 0.296716 -0.410035
7.375000 2.074264 0.265622 -0.410079
7.380000 2.075436 0.234508 -0.410123
7.385000 2.076453 0.203377 -0.410167
7.390000 2.077314 0.172230 -0.410211
7.395000 2.078020 0.141070 -0.410255
7.400000 2.078569 0.109900 -0.410299
7.405000 2.078963 0.078721 -0.410343
7.410000 2.079200 0.047537 -0.410387
7.415000 2.079282 0.016349 -0.410431
7.420000 2.079208 -0.014840 -0.410476
7.425000 2.078978 -0.046028 -0.410520
7.430000 2.078592 -0.077213 -0.410564
7.435000 2.078050 -0.108392 -0.410608
7.440000 2.077352 -0.139563 -0.410652
7.445000 2.076498 -0.170723 -0.410696
7.450000 2.075489 -0.201870 -0.410740
7.455000 2.074324 -0.233003 -0.410784
7.460000 2.073003 -0.264118 -0.410828
7.465000 2.071527 -0.295213 -0.410872
7.470000 2.069896 -0.326286 -0.410915
7.475000 2.068109 -0.357334 -0.410958
7.480000 2.066167 -0.388356 -0.411002
7.485000 2.064071 -0.419348 -0.411045
7.490000 2.061819 -0.450309 -0.411088
7.495000 2.059413 -0.481236 -0.411130
7.500000 2.056852 -0.512128 -0.411173
7.505000 2.054137 -0.542980 -0.411215
7.510000 2.051268 -0.573793 -0.411257
7.515000 2.048246 -0.604562 -0.411299
7.520000 2.045069 -0.635285 -0.411340
7.525000 2.041739 -0.665961 -0.411382
7.530000 2.038257 -0.696587 -0.411423
7.535000 2.034621 -0.727161 -0.411463
7.540000 2.030832 -0.757681 -0.411504
7.545000 2.026892 -0.788143 -0.411544
7.550000 2.022799 -0.818546 -0.411583
7.555000 2.018554 -0.848888 -0.411623
7.560000 2.014159 -0.879167 -0.411662
7.565000 2.009612 -0.909379 -0.411701
7.570000 2.004914 -0.939523 -0.411739
7.575000 2.000066 -0.969597 -0.411777
7.580000 1.995068 -0.999598 -0.411814
7.585000 1.989920 -1.029524 -0.411851
7.590000 1.984624 -1.059373 -0.411888
7.595000 1.979178 -1.089142 -0.411924
7.600000 1.973584 -1.118830 -0.411960
7.605000 1.967842 -1.148434 -0.411995
7.610000 1.961952 -1.177951 -0.412030
7.615000 1.955915 -1.207380 -0.412065
7.620000 1.949731 -1.236719 -0.412099
7.625000 1.943401 -1.265965 -0.412132
7.630000 1.936926 -1.295116 -0.412165
7.635000 1.930305 -1.324170 -0.412197
7.640000 1.923539 -1.353125 -0.412229
7.645000 1.916630 -1.381978 -0.412261
7.650000 1.909576 -1.410727 -0.412291
7.655000 1.902379 -1.439371 -0.412322
7.660000 1.895040 -1.467906 -0.412351
7.665000 1.887558 -1.496332 -0.412380
7.670000 1.879935 -1.524645 -0.412409
7.675000 1.872170 -1.552844 -0.412437
7.680000 1.864266 -1.580927 -0.412464
7.685000 1.856221 -1.608891 -0.412491
7.690000 1.848038 -1.636734 -0.412517
7.695000 1.839715 -1.664455 -0.412542
7.700000 1.831255 -1.692051 -0.412567
7.705000 1.822658 -1.719519 -0.412591
7.710000 1.813923 -1.746859 -0.412615
7.715000 1.805053 -1.774068 -0.412638
7.720000 1.796047 -1.801144 -0.412660
7.725000 1.786907 -1.828085 -0.412682
7.730000 1.777632 -1.854888 -0.412703
7.735000 1.768225 -1.881553 -0.412723
7.740000 1.758684 -1.908076 -0.412743
7.745000 1.749012 -1.934456 -0.412761
7.750000 1.739208 -1.960692 -0.412780
7.755000 1.729275 -1.986780 -0.412797
7.760000 1.719211 -2.012719 -0.412814
7.765000 1.709018 -2.038507 -0.412830
7.770000 1.698698 -2.064142 -0.412845
7.775000 1.688250 -2.089623 -0.412860
7.780000 1.677675 -2.114946 -0.412874
7.785000 1.666974 -2.140112 -0.412887
7.790000 1.656149 -2.165116 -0.412899
7.795000 1.645199 -2.189958 -0.412911
7.800000 1.634126 -2.214636 -0.412922
7.805000 1.622930 -2.239148 -0.412932
7.810000 1.611613 -2.263492 -0.412942
7.815000 1.600174 -2.287666 -0.412950
7.820000 1.588616 -2.311669 -0.412958
7.825000 1.576938 -2.335498 -0.412966
7.830000 1.565143 -2.359152 -0.412972
7.835000 1.553229 -2.382629 -0.412978
7.840000 1.541200 -2.405928 -0.412983
7.845000 1.529055 -2.429046 -0.412987
7.850000 1.516795 -2.451982 -0.412990
7.855000 1.504421 -2.474734 -0.412993
7.860000 1.491935 -2.497300 -0.412995
7.865000 1.479336 -2.519679 -0.412996
7.870000 1.466627 -2.541869 -0.412996
7.875000 1.453807 -2.563868 -0.412996
7.880000 1.440879 -2.585676 -0.412995
7.885000 1.427843 -2.607289 -0.412993
7.890000 1.414699 -2.628706 -0.412990
7.895000 1.401449 -2.649927 -0.412987
7.900000 1.388095 -2.670949 -0.412982
7.905000 1.374636 -2.691770 -0.412977
7.910000 1.361074 -2.712390 -0.412972
7.915000 1.347410 -2.732806 -0.412965
7.920000 1.333645 -2.753017 -0.412958
7.925000 1.319780 -2.773021 -0.412950
7.930000 1.305816 -2.792818 -0.412941
7.935000 1.291754 -2.812405 -0.412932
7.940000 1.277595 -2.831782 -0.412921
7.945000 1.263340 -2.850946 -0.412910
7.950000 1.248990 -2.869896 -0.412899
7.955000 1.234547 -2.888631 -0.412886
7.960000 1.220012 -2.907149 -0.412873
7.965000 1.205384 -2.925449 -0.412859
7.970000 1.190667 -2.943530 -0.412844
7.975000 1.175860 -2.961390 -0.412829
7.980000 1.160965 -2.979028 -0.412813
7.985000 1.145982 -2.996442 -0.412796
7.990000 1.130914 -3.013632 -0.412778
7.995000 1.115761 -3.030596 -0.412760
8.000000 1.100525 -3.047332 -0.412741
8.005000 1.085205 -3.063840 -0.412722
8.010000 1.069805 -3.080118 -0.412701
8.015000 1.054324 -3.096165 -0.412680
8.020000 1.038764 -3.111980 -0.412659
8.025000 1.023126 -3.127561 -0.412636
8.030000 1.007412 -3.142908 -0.412613
8.035000 0.991622 -3.158019 -0.412590
8.040000 0.975757 -3.172894 -0.412565
8.045000 0.959819 -3.187530 -0.412541
8.050000 0.943810 -3.201927 -0.412515
8.055000 0.927729 -3.216085 -0.412489
8.060000 0.911579 -3.230000 -0.412462
8.065000 0.895361 -3.243674 -0.412435
8.070000 0.879076 -3.257105 -0.412407
8.075000 0.862724 -3.270291 -0.412378
8.080000 0.846308 -3.283232 -0.412349
8.085000 0.829828 -3.295926 -0.412319
8.090000 0.813286 -3.308374 -0.412289
8.095000 0.796684 -3.320573 -0.412258
8.100000 0.780021 -3.332523 -0.412227
8.105000 0.763300 -3.344223 -0.412195
8.110000 0.746521 -3.355673 -0.412163
8.115000 0.729687 -3.366871 -0.412130
8.120000 0.712798 -3.377816 -0.412096
8.125000 0.695855 -3.388508 -0.412062
8.130000 0.678861 -3.398946 -0.412028
8.135000 0.661815 -3.409129 -0.411993
8.140000 0.644720 -3.419056 -0.411957
8.145000 0.627576 -3.428727 -0.411922
8.150000 0.610385 -3.438140 -0.411885
8.155000 0.593149 -3.447296 -0.411849
8.160000 0.575868 -3.456193 -0.411812
8.165000 0.558544 -3.464831 -0.411774
8.170000 0.541178 -3.473210 -0.411736
8.175000 0.523771 -3.481327 -0.411698
8.180000 0.506325 -3.489184 -0.411659
8.185000 0.488841 -3.496779 -0.411620
8.190000 0.471321 -3.504111 -0.411581
8.195000 0.453765 -3.511181 -0.411541
8.200000 0.436175 -3.517988 -0.411501
8.205000 0.418552 -3.524530 -0.411460
8.210000 0.400898 -3.530809 -0.411420
8.215000 0.383214 -3.536822 -0.411379
8.220000 0.365501 -3.542570 -0.411337
8.225000 0.347761 -3.548053 -0.411296
8.230000 0.329995 -3.553269 -0.411254
8.235000 0.312204 -3.558219 -0.411212
8.240000 0.294389 -3.562902 -0.411170
8.245000 0.276553 -3.567318 -0.411127
8.250000 0.258695 -3.571466 -0.411084
8.255000 0.240818 -3.575347 -0.411042
8.260000 0.222924 -3.578959 -0.410999
8.265000 0.205012 -3.582303 -0.410955
8.270000 0.187085 -3.585378 -0.410912
8.275000 0.169144 -3.588184 -0.410868
8.280000 0.151191 -3.590721 -0.410825
8.285000 0.133226 -3.592989 -0.410781
8.290000 0.115251 -3.594988 -0.410737
8.295000 0.097267 -3.596717 -0.410693
8.300000 0.079276 -3.598176 -0.410649
8.305000 0.061280 -3.599365 -0.410605
8.310000 0.043278 -3.600284 -0.410561
8.315000 0.025273 -3.600933 -0.410517
8.320000 0.007267 -3.601312 -0.410472
8.325000 -0.010740 -3.601421 -0.410428
8.330000 -0.028746 -3.601260 -0.410384
8.335000 -0.046751 -3.600829 -0.410340
8.340000 -0.064751 -3.600128 -0.410296
8.345000 -0.082747 -3.599156 -0.410251
8.350000 -0.100737 -3.597915 -0.410207
8.355000 -0.118719 -3.596404 -0.410163
8.360000 -0.136692 -3.594623 -0.410120
8.365000 -0.154655 -3.592573 -0.410076
8.370000 -0.172606 -3.590253 -0.410032
8.375000 -0.190544 -3.587664 -0.409988
8.380000 -0.208468 -3.584806 -0.409945
8.385000 -0.226377 -3.581679 -0.409902
8.390000 -0.244268 -3.578283 -0.409859
8.395000 -0.262141 -3.574619 -0.409816
8.400000 -0.279995 -3.570687 -0.409773
8.405000 -0.297827 -3.566487 -0.409730
8.410000 -0.315637 -3.562020 -0.409688
8.415000 -0.333424 -3.557285 -0.409646
8.420000 -0.351185 -3.552284 -0.409604
8.425000 -0.368920 -3.547016 -0.409562
8.430000 -0.386627 -3.541482 -0.409521
8.435000 -0.404306 -3.535683 -0.409480
8.440000 -0.421954 -3.529618 -0.409439
8.445000 -0.439570 -3.523289 -0.409399
8.450000 -0.457154 -3.516695 -0.409358
8.455000 -0.474703 -3.509838 -0.409319
8.460000 -0.492217 -3.502717 -0.409279
8.465000 -0.509693 -3.495334 -0.409240
8.470000 -0.527132 -3.487689 -0.409201
8.475000 -0.544531 -3.479782 -0.409163
8.480000 -0.561889 -3.471614 -0.409125
8.485000 -0.579205 -3.463186 -0.409087
8.490000 -0.596477 -3.454497 -0.409050
8.495000 -0.613705 -3.445550 -0.409013
8.500000 -0.630887 -3.436345 -0.408976
8.505000 -0.648021 -3.426881 -0.408940
8.510000 -0.665107 -3.417161 -0.408905
8.515000 -0.682143 -3.407185 -0.408870
8.520000 -0.699128 -3.396952 -0.408835
8.525000 -0.716060 -3.386465 -0.408801
8.530000 -0.732938 -3.375725 -0.408768
8.535000 -0.749762 -3.364731 -0.408734
8.540000 -0.766530 -3.353484 -0.408702
8.545000 -0.783239 -3.341986 -0.408670
8.550000 -0.799891 -3.330238 -0.408638
8.555000 -0.816482 -3.318239 -0.408607
8.560000 -0.833012 -3.305992 -0.408577
8.565000 -0.849479 -3.293497 -0.408547
8.570000 -0.865883 -3.280755 -0.408518
8.575000 -0.882222 -3.267766 -0.408489
8.580000 -0.898495 -3.254533 -0.408461
8.585000 -0.914700 -3.241056 -0.408433
8.590000 -0.930837 -3.227335 -0.408406
8.595000 -0.946903 -3.213373 -0.408380
8.600000 -0.962899 -3.199169 -0.408354
8.605000 -0.978823 -3.184726 -0.408329
8.610000 -0.994673 -3.170043 -0.408305
8.615000 -1.010449 -3.155123 -0.408281
8.620000 -1.026149 -3.139966 -0.408258
8.625000 -1.041771 -3.124574 -0.408235
8.630000 -1.057316 -3.108948 -0.408213
8.635000 -1.072782 -3.093088 -0.408192
8.640000 -1.088167 -3.076996 -0.408172
8.645000 -1.103470 -3.060674 -0.408152
8.650000 -1.118691 -3.044122 -0.408133
8.655000 -1.133827 -3.027341 -0.408114
8.660000 -1.148879 -3.010334 -0.408096
8.665000 -1.163844 -2.993101 -0.408079
8.670000 -1.178723 -2.975643 -0.408063
8.675000 -1.193512 -2.957962 -0.408047
8.680000 -1.208213 -2.940059 -0.408033
8.685000 -1.222822 -2.921936 -0.408018
8.690000 -1.237340 -2.903594 -0.408005
8.695000 -1.251766 -2.885034 -0.407992
8.700000 -1.266097 -2.866257 -0.407980
8.705000 -1.280333 -2.847266 -0.407969
8.710000 -1.294473 -2.828061 -0.407959
8.715000 -1.308517 -2.808644 -0.407949
8.720000 -1.322462 -2.789016 -0.407940
8.725000 -1.336308 -2.769179 -0.407931
8.730000 -1.350053 -2.749134 -0.407924
8.735000 -1.363698 -2.728884 -0.407917
8.740000 -1.377240 -2.708428 -0.407911
8.745000 -1.390679 -2.687770 -0.407906
8.750000 -1.404013 -2.666909 -0.407902
8.755000 -1.417243 -2.645849 -0.407898
8.760000 -1.430366 -2.624591 -0.407895
8.765000 -1.443381 -2.603135 -0.407893
8.770000 -1.456289 -2.581484 -0.407891
8.775000 -1.469087 -2.559640 -0.407891
8.780000 -1.481775 -2.537604 -0.407891
8.785000 -1.494352 -2.515377 -0.407892
8.790000 -1.506817 -2.492962 -0.407893
8.795000 -1.519168 -2.470360 -0.407896
8.800000 -1.531406 -2.447572 -0.407899
8.805000 -1.543529 -2.424601 -0.407903
8.810000 -1.555536 -2.401448 -0.407908
8.815000 -1.567427 -2.378115 -0.407913
8.820000 -1.579200 -2.354604 -0.407919
8.825000 -1.590855 -2.330916 -0.407926
8.830000 -1.602390 -2.307053 -0.407934
8.835000 -1.613805 -2.283017 -0.407942
8.840000 -1.625099 -2.258810 -0.407952
8.845000 -1.636271 -2.234433 -0.407962
8.850000 -1.647321 -2.209889 -0.407972
8.855000 -1.658246 -2.185179 -0.407984
8.860000 -1.669048 -2.160306 -0.407996
8.865000 -1.679724 -2.135270 -0.408009
8.870000 -1.690275 -2.110074 -0.408023
8.875000 -1.700698 -2.084720 -0.408037
8.880000 -1.710994 -2.059210 -0.408052
8.885000 -1.721162 -2.033545 -0.408068
8.890000 -1.731201 -2.007727 -0.408085
8.895000 -1.741110 -1.981759 -0.408102
8.900000 -1.750888 -1.955643 -0.408120
8.905000 -1.760535 -1.929379 -0.408139
8.910000 -1.770050 -1.902971 -0.408158
8.915000 -1.779432 -1.876420 -0.408178
8.920000 -1.788680 -1.849729 -0.408199
8.925000 -1.797795 -1.822899 -0.408220
8.930000 -1.806774 -1.795932 -0.408242
8.935000 -1.815619 -1.768830 -0.408265
8.940000 -1.824327 -1.741596 -0.408288
8.945000 -1.832898 -1.714231 -0.408312
8.950000 -1.841331 -1.686738 -0.408337
8.955000 -1.849627 -1.659118 -0.408362
8.960000 -1.857784 -1.631373 -0.408388
8.965000 -1.865801 -1.603506 -0.408415
8.970000 -1.873679 -1.575519 -0.408442
8.975000 -1.881416 -1.547414 -0.408470
8.980000 -1.889012 -1.519193 -0.408498
8.985000 -1.896466 -1.490858 -0.408527
8.990000 -1.903778 -1.462411 -0.408556
8.995000 -1.910948 -1.433854 -0.408586
9.000000 -1.917974 -1.405190 -0.408617
9.005000 -1.924856 -1.376420 -0.408648
9.010000 -1.931593 -1.347548 -0.408680
9.015000 -1.938186 -1.318574 -0.408712
9.020000 -1.944634 -1.289501 -0.408745
9.025000 -1.950935 -1.260331 -0.408778
9.030000 -1.957091 -1.231067 -0.408812
9.035000 -1.963099 -1.201711 -0.408846
9.040000 -1.968961 -1.172264 -0.408881
9.045000 -1.974674 -1.142730 -0.408916
9.050000 -1.980240 -1.113110 -0.408952
9.055000 -1.985657 -1.083406 -0.408988
9.060000 -1.990925 -1.053621 -0.409024
9.065000 -1.996044 -1.023758 -0.409061
9.070000 -2.001013 -0.993817 -0.409099
9.075000 -2.005832 -0.963802 -0.409136
9.080000 -2.010500 -0.933714 -0.409175
9.085000 -2.015018 -0.903557 -0.409213
9.090000 -2.019385 -0.873331 -0.409252
9.095000 -2.023600 -0.843041 -0.409291
9.100000 -2.027664 -0.812687 -0.409331
9.105000 -2.031575 -0.782272 -0.409371
9.110000 -2.035334 -0.751798 -0.409411
9.115000 -2.038940 -0.721268 -0.409452
9.120000 -2.042394 -0.690684 -0.409493
9.125000 -2.045694 -0.660048 -0.409534
9.130000 -2.048841 -0.629363 -0.409575
9.135000 -2.051834 -0.598630 -0.409617
9.140000 -2.054673 -0.567853 -0.409659
9.145000 -2.057358 -0.537033 -0.409701
9.150000 -2.059889 -0.506172 -0.409744
9.155000 -2.062265 -0.475274 -0.409786
9.160000 -2.064487 -0.444340 -0.409829
9.165000 -2.066554 -0.413373 -0.409872
9.170000 -2.068466 -0.382374 -0.409915
9.175000 -2.070223 -0.351347 -0.409959
9.180000 -2.071824 -0.320294 -0.410002
9.185000 -2.073270 -0.289217 -0.410046
9.190000 -2.074561 -0.258117 -0.410089
9.195000 -2.075696 -0.226999 -0.410133
9.200000 -2.076675 -0.195864 -0.410177
9.205000 -2.077499 -0.164713 -0.410221
9.210000 -2.078166 -0.133551 -0.410265
9.215000 -2.078678 -0.102378 -0.410309
9.220000 -2.079034 -0.071198 -0.410354
9.225000 -2.079234 -0.040013 -0.410398
9.230000 -2.079279 -0.008824 -0.410442
9.235000 -2.079167 0.022365 -0.410486
9.240000 -2.078899 0.053552 -0.410530
9.245000 -2.078475 0.084736 -0.410575
9.250000 -2.077896 0.115913 -0.410619
9.255000 -2.077160 0.147081 -0.410663
9.260000 -2.076269 0.178239 -0.410707
9.265000 -2.075222 0.209383 -0.410751
9.270000 -2.074020 0.240511 -0.410795
9.275000 -2.072661 0.271621 -0.410838
9.280000 -2.071148 0.302711 -0.410882
9.285000 -2.069479 0.333779 -0.410926
9.290000 -2.067655 0.364821 -0.410969
9.295000 -2.065676 0.395836 -0.411012
9.300000 -2.063542 0.426821 -0.411055
9.305000 -2.061253 0.457774 -0.411098
9.310000 -2.058809 0.488693 -0.411141
9.315000 -2.056211 0.519575 -0.411183
9.320000 -2.053459 0.550418 -0.411225
9.325000 -2.050553 0.581220 -0.411267
9.330000 -2.047493 0.611978 -0.411309
9.335000 -2.044280 0.642691 -0.411350
9.340000 -2.040913 0.673355 -0.411392
9.345000 -2.037393 0.703969 -0.411432
9.350000 -2.033721 0.734529 -0.411473
9.355000 -2.029895 0.765035 -0.411513
9.360000 -2.025918 0.795484 -0.411553
9.365000 -2.021789 0.825872 -0.411593
9.370000 -2.017508 0.856199 -0.411632
9.375000 -2.013075 0.886462 -0.411671
9.380000 -2.008492 0.916658 -0.411710
9.385000 -2.003758 0.946785 -0.411748
9.390000 -1.998874 0.976842 -0.411786
9.395000 -1.993840 1.006825 -0.411823
9.400000 -1.988656 1.036732 -0.411860
9.405000 -1.983323 1.066562 -0.411897
9.410000 -1.977842 1.096312 -0.411933
9.415000 -1.972212 1.125980 -0.411969
9.420000 -1.966434 1.155563 -0.412004
9.425000 -1.960509 1.185059 -0.412039
9.430000 -1.954436 1.214467 -0.412073
9.435000 -1.948218 1.243784 -0.412107
9.440000 -1.941853 1.273007 -0.412140
9.445000 -1.935342 1.302135 -0.412173
9.450000 -1.928686 1.331165 -0.412205
9.455000 -1.921886 1.360095 -0.412237
9.460000 -1.914941 1.388923 -0.412268
9.465000 -1.907853 1.417648 -0.412299
9.470000 -1.900621 1.446265 -0.412329
9.475000 -1.893247 1.474775 -0.412358
9.480000 -1.885732 1.503173 -0.412387
9.485000 -1.878074 1.531459 -0.412416
9.490000 -1.870276 1.559630 -0.412443
9.495000 -1.862338 1.587685 -0.412471
9.500000 -1.854260 1.615620 -0.412497
9.505000 -1.846042 1.643434 -0.412523
9.510000 -1.837687 1.671124 -0.412548
9.515000 -1.829193 1.698689 -0.412573
9.520000 -1.820563 1.726127 -0.412597
9.525000 -1.811796 1.753436 -0.412621
9.530000 -1.802893 1.780613 -0.412643
9.535000 -1.793854 1.807656 -0.412665
9.540000 -1.784681 1.834564 -0.412687
9.545000 -1.775375 1.861334 -0.412708
9.550000 -1.765935 1.887965 -0.412728
9.555000 -1.756363 1.914454 -0.412747
9.560000 -1.746659 1.940799 -0.412766
9.565000 -1.736824 1.966999 -0.412784
9.570000 -1.726858 1.993051 -0.412801
9.575000 -1.716764 2.018954 -0.412818
9.580000 -1.706540 2.044706 -0.412834
9.585000 -1.696189 2.070304 -0.412849
9.590000 -1.685710 2.095747 -0.412863
9.595000 -1.675105 2.121032 -0.412877
9.600000 -1.664374 2.146159 -0.412890
9.605000 -1.653518 2.171125 -0.412902
9.610000 -1.642539 2.195927 -0.412914
9.615000 -1.631436 2.220565 -0.412925
9.620000 -1.620211 2.245037 -0.412935
9.625000 -1.608864 2.269340 -0.412944
9.630000 -1.597397 2.293473 -0.412952
9.635000 -1.585809 2.317434 -0.412960
9.640000 -1.574103 2.341221 -0.412967
9.645000 -1.562279 2.364833 -0.412974
9.650000 -1.550338 2.388267 -0.412979
9.655000 -1.538280 2.411522 -0.412984
9.660000 -1.526107 2.434596 -0.412988
9.665000 -1.513820 2.457488 -0.412991
9.670000 -1.501419 2.480195 -0.412994
9.675000 -1.488905 2.502716 -0.412995
9.680000 -1.476280 2.525050 -0.412996
9.685000 -1.463544 2.547194 -0.412996
9.690000 -1.450698 2.569147 -0.412996
9.695000 -1.437744 2.590908 -0.412994
9.700000 -1.424681 2.612474 -0.412992
9.705000 -1.411512 2.633844 -0.412989
9.710000 -1.398237 2.655017 -0.412986
9.715000 -1.384857 2.675990 -0.412981
9.720000 -1.371373 2.696763 -0.412976
9.725000 -1.357787 2.717334 -0.412970
9.730000 -1.344098 2.737701 -0.412963
9.735000 -1.330309 2.757862 -0.412956
9.740000 -1.316420 2.777817 -0.412948
9.745000 -1.302432 2.797563 -0.412939
9.750000 -1.288346 2.817100 -0.412929
9.755000 -1.274164 2.836425 -0.412919
9.760000 -1.259887 2.855537 -0.412907
9.765000 -1.245514 2.874435 -0.412896
9.770000 -1.231049 2.893118 -0.412883
9.775000 -1.216491 2.911584 -0.412869
9.780000 -1.201842 2.929831 -0.412855
9.785000 -1.187102 2.947859 -0.412841
9.790000 -1.172274 2.965665 -0.412825
9.795000 -1.157358 2.983250 -0.412809
9.800000 -1.142355 3.000610 -0.412792
9.805000 -1.127266 3.017745 -0.412774
9.810000 -1.112093 3.034654 -0.412756
9.815000 -1.096836 3.051336 -0.412736
9.820000 -1.081497 3.067788 -0.412717
9.825000 -1.066077 3.084011 -0.412696
9.830000 -1.050577 3.100002 -0.412675
9.835000 -1.034998 3.115760 -0.412653
9.840000 -1.019342 3.131285 -0.412631
9.845000 -1.003609 3.146576 -0.412608
9.850000 -0.987801 3.161630 -0.412584
9.855000 -0.971919 3.176447 -0.412559
9.860000 -0.955964 3.191025 -0.412534
9.865000 -0.939937 3.205365 -0.412509
9.870000 -0.923839 3.219464 -0.412482
9.875000 -0.907673 3.233322 -0.412456
9.880000 -0.891438 3.246937 -0.412428
9.885000 -0.875137 3.260308 -0.412400
9.890000 -0.858769 3.273435 -0.412371
9.895000 -0.842338 3.286317 -0.412342
9.900000 -0.825843 3.298952 -0.412312
9.905000 -0.809286 3.311340 -0.412282
9.910000 -0.792669 3.323479 -0.412251
9.915000 -0.775992 3.335369 -0.412219
9.920000 -0.759257 3.347009 -0.412187
9.925000 -0.742465 3.358398 -0.412155
9.930000 -0.725617 3.369535 -0.412122
9.935000 -0.708715 3.380419 -0.412088
9.940000 -0.691760 3.391050 -0.412054
9.945000 -0.674753 3.401426 -0.412019
9.950000 -0.657695 3.411547 -0.411984
9.955000 -0.640588 3.421413 -0.411949
9.960000 -0.623433 3.431022 -0.411913
9.965000 -0.606231 3.440373 -0.411877
9.970000 -0.588984 3.449466 -0.411840
9.975000 -0.571692 3.458301 -0.411803
9.980000 -0.554358 3.466877 -0.411765
9.985000 -0.536982 3.475192 -0.411727
9.990000 -0.519566 3.483247 -0.411688
9.995000 -0.502111 3.491040 -0.411650
10.000000 -0.484618 3.498572 -0.411611
10.005000 -0.467088 3.505841 -0.411571
10.010000 -0.449524 3.512847 -0.411531
10.015000 -0.431926 3.519590 -0.411491
10.020000 -0.414296 3.526069 -0.411451
10.025000 -0.396635 3.532284 -0.411410
10.030000 -0.378943 3.538233 -0.411369
10.035000 -0.361224 3.543917 -0.411327
10.040000 -0.343477 3.549336 -0.411286
10.045000 -0.325705 3.554488 -0.411244
10.050000 -0.307908 3.559373 -0.411202
10.055000 -0.290088 3.563992 -0.411159
10.060000 -0.272246 3.568343 -0.411117
10.065000 -0.254384 3.572427 -0.411074
10.070000 -0.236503 3.576243 -0.411031
10.075000 -0.218604 3.579790 -0.410988
10.080000 -0.200688 3.583069 -0.410945
10.085000 -0.182758 3.586080 -0.410901
10.090000 -0.164814 3.588821 -0.410858
10.095000 -0.146857 3.591293 -0.410814
10.100000 -0.128890 3.593496 -0.410770
10.105000 -0.110913 3.595430 -0.410726
10.110000 -0.092927 3.597093 -0.410682
10.115000 -0.074935 3.598487 -0.410638
10.120000 -0.056937 3.599611 -0.410594
10.125000 -0.038935 3.600465 -0.410550
10.130000 -0.020929 3.601049 -0.410506
10.135000 -0.002923 3.601363 -0.410462
10.140000 0.015085 3.601407 -0.410418
10.145000 0.033090 3.601181 -0.410373
10.150000 0.051094 3.600684 -0.410329
10.155000 0.069093 3.599918 -0.410285
10.160000 0.087088 3.598882 -0.410241
10.165000 0.105076 3.597575 -0.410197
10.170000 0.123056 3.595999 -0.410153
10.175000 0.141026 3.594153 -0.410109
10.180000 0.158987 3.592038 -0.410065
10.185000 0.176935 3.589653 -0.410021
10.190000 0.194870 3.586999 -0.409978
10.195000 0.212790 3.584076 -0.409935
10.200000 0.230695 3.580884 -0.409891
10.205000 0.248582 3.577424 -0.409848
10.210000 0.266450 3.573695 -0.409805
10.215000 0.284299 3.569698 -0.409763
10.220000 0.302126 3.565434 -0.409720
10.225000 0.319931 3.560902 -0.409678
10.230000 0.337711 3.556103 -0.409636
10.235000 0.355466 3.551037 -0.409594
10.240000 0.373195 3.545705 -0.409552
10.245000 0.390895 3.540107 -0.409511
10.250000 0.408566 3.534244 -0.409470
10.255000 0.426207 3.528115 -0.409429
10.260000 0.443816 3.521722 -0.409389
10.265000 0.461391 3.515065 -0.409349
10.270000 0.478932 3.508144 -0.409309
10.275000 0.496437 3.500960 -0.409270
10.280000 0.513904 3.493514 -0.409230
10.285000 0.531333 3.485805 -0.409192
10.290000 0.548722 3.477835 -0.409153
10.295000 0.566070 3.469604 -0.409115
10.300000 0.583376 3.461113 -0.409078
10.305000 0.600638 3.452363 -0.409041
10.310000 0.617854 3.443353 -0.409004
10.315000 0.635025 3.434085 -0.408968
10.320000 0.652148 3.424560 -0.408932
10.325000 0.669222 3.414778 -0.408896
10.330000 0.686245 3.404739 -0.408861
10.335000 0.703217 3.394446 -0.408827
10.340000 0.720137 3.383897 -0.408793
10.345000 0.737002 3.373095 -0.408760
10.350000 0.753813 3.362040 -0.408727
10.355000 0.770566 3.350733 -0.408694
10.360000 0.787262 3.339175 -0.408662
10.365000 0.803899 3.327366 -0.408631
10.370000 0.820476 3.315307 -0.408600
10.375000 0.836991 3.303000 -0.408570
10.380000 0.853443 3.290445 -0.408540
10.385000 0.869831 3.277644 -0.408511
10.390000 0.886154 3.264596 -0.408482
10.395000 0.902411 3.251304 -0.408454
10.400000 0.918599 3.237768 -0.408427
10.405000 0.934719 3.223989 -0.408400
10.410000 0.950769 3.209968 -0.408374
10.415000 0.966748 3.195706 -0.408348
10.420000 0.982654 3.181205 -0.408323
10.425000 0.998486 3.166465 -0.408299
10.430000 1.014243 3.151488 -0.408275
10.435000 1.029925 3.136274 -0.408252
10.440000 1.045529 3.120825 -0.408230
10.445000 1.061055 3.105142 -0.408208
10.450000 1.076501 3.089227 -0.408187
10.455000 1.091866 3.073079 -0.408167
10.460000 1.107150 3.056701 -0.408147
10.465000 1.122350 3.040094 -0.408128
10.470000 1.137466 3.023259 -0.408110
10.475000 1.152497 3.006197 -0.408092
10.480000 1.167442 2.988909 -0.408075
10.485000 1.182299 2.971398 -0.408059
10.490000 1.197067 2.953663 -0.408044
10.495000 1.211746 2.935707 -0.408029
10.500000 1.226333 2.917531 -0.408015
10.505000 1.240829 2.899136 -0.408002
10.510000 1.255232 2.880523 -0.407989
10.515000 1.269540 2.861695 -0.407977
10.520000 1.283754 2.842652 -0.407966
10.525000 1.297870 2.823396 -0.407956
10.530000 1.311890 2.803928 -0.407947
10.535000 1.325811 2.784249 -0.407938
10.540000 1.339633 2.764362 -0.407930
10.545000 1.353355 2.744268 -0.407922
10.550000 1.366974 2.723967 -0.407916
10.555000 1.380492 2.703463 -0.407910
10.560000 1.393905 2.682755 -0.407905
10.565000 1.407215 2.661847 -0.407901
10.570000 1.420418 2.640738 -0.407897
10.575000 1.433516 2.619432 -0.407894
10.580000 1.446505 2.597929 -0.407892
10.585000 1.459386 2.576232 -0.407891
10.590000 1.472158 2.554341 -0.407891
10.595000 1.484819 2.532259 -0.407891
10.600000 1.497369 2.509986 -0.407892
10.605000 1.509807 2.487526 -0.407894
10.610000 1.522131 2.464879 -0.407896
10.615000 1.534342 2.442047 -0.407900
10.620000 1.546437 2.419032 -0.407904
10.625000 1.558416 2.395835 -0.407909
10.630000 1.570278 2.372459 -0.407914
10.635000 1.582023 2.348905 -0.407921
10.640000 1.593649 2.325174 -0.407928
10.645000 1.605155 2.301270 -0.407936
10.650000 1.616541 2.277192 -0.407945
10.655000 1.627806 2.252944 -0.407954
10.660000 1.638948 2.228527 -0.407964
10.665000 1.649968 2.203943 -0.407975
10.670000 1.660864 2.179193 -0.407987
10.675000 1.671635 2.154280 -0.407999
10.680000 1.682281 2.129206 -0.408012
10.685000 1.692801 2.103972 -0.408026
10.690000 1.703194 2.078580 -0.408041
10.695000 1.713459 2.053032 -0.408056
10.700000 1.723596 2.027330 -0.408072
10.705000 1.733603 2.001476 -0.408089
10.710000 1.743481 1.975472 -0.408106
10.715000 1.753227 1.949320 -0.408124
10.720000 1.762842 1.923021 -0.408143
10.725000 1.772325 1.896579 -0.408163
10.730000 1.781675 1.869994 -0.408183
10.735000 1.790892 1.843269 -0.408204
10.740000 1.799974 1.816405 -0.408225
10.745000 1.808921 1.789406 -0.408248
10.750000 1.817732 1.762272 -0.408270
10.755000 1.826407 1.735006 -0.408294
10.760000 1.834945 1.707610 -0.408318
10.765000 1.843345 1.680086 -0.408343
10.770000 1.851608 1.652435 -0.408368
10.775000 1.859731 1.624661 -0.408394
10.780000 1.867715 1.596765 -0.408421
10.785000 1.875559 1.568750 -0.408448
10.790000 1.883262 1.540616 -0.408476
10.795000 1.890823 1.512367 -0.408505
10.800000 1.898243 1.484005 -0.408534
10.805000 1.905521 1.455531 -0.408563
10.810000 1.912656 1.426948 -0.408594
10.815000 1.919647 1.398259 -0.408624
10.820000 1.926494 1.369464 -0.408656
10.825000 1.933197 1.340566 -0.408688
10.830000 1.939755 1.311568 -0.408720
10.835000 1.946167 1.282472 -0.408753
10.840000 1.952434 1.253280 -0.408786
10.845000 1.958554 1.223993 -0.408820
10.850000 1.964527 1.194615 -0.408854
10.855000 1.970353 1.165147 -0.408889
10.860000 1.976031 1.135592 -0.408925
10.865000 1.981560 1.105951 -0.408960
10.870000 1.986942 1.076228 -0.408997
10.875000 1.992174 1.046424 -0.409033
10.880000 1.997256 1.016541 -0.409070
10.885000 2.002189 0.986582 -0.409108
10.890000 2.006972 0.956549 -0.409146
10.895000 2.011604 0.926445 -0.409184
10.900000 2.016086 0.896271 -0.409223
10.905000 2.020416 0.866029 -0.409262
10.910000 2.024594 0.835723 -0.409301
10.915000 2.028621 0.805354 -0.409341
10.920000 2.032496 0.774925 -0.409381
10.925000 2.036218 0.744438 -0.409421
10.930000 2.039787 0.713894 -0.409462
10.935000 2.043204 0.683297 -0.409503
10.940000 2.046467 0.652649 -0.409544
10.945000 2.049577 0.621952 -0.409585
10.950000 2.052533 0.591209 -0.409627
10.955000 2.055335 0.560421 -0.409669
10.960000 2.057983 0.529591 -0.409711
10.965000 2.060477 0.498721 -0.409754
10.970000 2.062816 0.467814 -0.409797
10.975000 2.065000 0.436872 -0.409839
10.980000 2.067030 0.405897 -0.409882
10.985000 2.068904 0.374891 -0.409926
10.990000 2.070623 0.343858 -0.409969
10.995000 2.072187 0.312798 -0.410013
11.000000 2.073596 0.281715 -0.410056
11.005000 2.074849 0.250611 -0.410100
11.010000 2.075946 0.219489 -0.410144
11.015000 2.076888 0.188350 -0.410188
11.020000 2.077674 0.157196 -0.410232
11.025000 2.078304 0.126031 -0.410276
11.030000 2.078778 0.094857 -0.410320
11.035000 2.079097 0.063675 -0.410364
11.040000 2.079259 0.032488 -0.410408
11.045000 2.079266 0.001300 -0.410453
11.050000 2.079116 -0.029889 -0.410497
11.055000 2.078811 -0.061076 -0.410541
11.060000 2.078350 -0.092258 -0.410585
11.065000 2.077733 -0.123434 -0.410629
11.070000 2.076960 -0.154600 -0.410673
11.075000 2.076031 -0.185754 -0.410717
11.080000 2.074946 -0.216894 -0.410761
11.085000 2.073706 -0.248019 -0.410805
11.090000 2.072311 -0.279124 -0.410849
11.095000 2.070760 -0.310209 -0.410893
11.100000 2.069053 -0.341270 -0.410936
11.105000 2.067192 -0.372306 -0.410979
11.110000 2.065175 -0.403314 -0.411022
11.115000 2.063004 -0.434292 -0.411065
11.120000 2.060677 -0.465237 -0.411108
11.125000 2.058197 -0.496147 -0.411151
11.130000 2.055562 -0.527020 -0.411193
11.135000 2.052772 -0.557853 -0.411235
11.140000 2.049829 -0.588645 -0.411277
11.145000 2.046732 -0.619392 -0.411319
11.150000 2.043482 -0.650093 -0.411360
11.155000 2.040078 -0.680745 -0.411401
11.160000 2.036521 -0.711347 -0.411442
11.165000 2.032812 -0.741894 -0.411483
11.170000 2.028950 -0.772387 -0.411523
11.175000 2.024936 -0.802821 -0.411563
11.180000 2.020770 -0.833195 -0.411603
11.185000 2.016452 -0.863506 -0.411642
11.190000 2.011983 -0.893753 -0.411681
11.195000 2.007364 -0.923933 -0.411719
11.200000 2.002594 -0.954043 -0.411757
11.205000 1.997673 -0.984082 -0.411795
11.210000 1.992603 -1.014047 -0.411832
11.215000 1.987383 -1.043936 -0.411869
11.220000 1.982014 -1.073747 -0.411906
11.225000 1.976497 -1.103477 -0.411942
11.230000 1.970831 -1.133125 -0.411977
11.235000 1.965018 -1.162687 -0.412012
11.240000 1.959057 -1.192163 -0.412047
11.245000 1.952949 -1.221548 -0.412081
11.250000 1.946695 -1.250843 -0.412115
11.255000 1.940295 -1.280043 -0.412148
11.260000 1.933749 -1.309148 -0.412181
11.265000 1.927059 -1.338154 -0.412213
11.270000 1.920223 -1.367060 -0.412244
11.275000 1.913244 -1.395863 -0.412275
11.280000 1.906121 -1.424562 -0.412306
11.285000 1.898855 -1.453153 -0.412336
11.290000 1.891447 -1.481636 -0.412365
11.295000 1.883897 -1.510008 -0.412394
11.300000 1.876206 -1.538266 -0.412422
11.305000 1.868374 -1.566410 -0.412450
11.310000 1.860402 -1.594435 -0.412477
11.315000 1.852290 -1.622341 -0.412503
11.320000 1.844039 -1.650126 -0.412529
11.325000 1.835650 -1.677786 -0.412554
11.330000 1.827124 -1.705321 -0.412579
11.335000 1.818460 -1.732728 -0.412603
11.340000 1.809660 -1.760005 -0.412626
11.345000 1.800724 -1.787150 -0.412649
11.350000 1.791653 -1.814160 -0.412671
11.355000 1.782448 -1.841035 -0.412692
11.360000 1.773109 -1.867772 -0.412713
11.365000 1.763638 -1.894369 -0.412732
11.370000 1.754034 -1.920823 -0.412752
11.375000 1.744298 -1.947134 -0.412770
11.380000 1.734431 -1.973298 -0.412788
11.385000 1.724435 -1.999315 -0.412805
11.390000 1.714309 -2.025181 -0.412822
11.395000 1.704054 -2.050896 -0.412837
11.400000 1.693672 -2.076457 -0.412852
11.405000 1.683163 -2.101862 -0.412867
11.410000 1.672527 -2.127109 -0.412880
11.415000 1.661766 -2.152197 -0.412893
11.420000 1.650881 -2.177123 -0.412905
11.425000 1.639871 -2.201887 -0.412916
11.430000 1.628739 -2.226485 -0.412927
11.435000 1.617484 -2.250916 -0.412937
11.440000 1.606108 -2.275178 -0.412946
11.445000 1.594612 -2.299270 -0.412954
11.450000 1.582996 -2.323189 -0.412962
11.455000 1.571261 -2.346934 -0.412969
11.460000 1.559409 -2.370503 -0.412975
11.465000 1.547439 -2.393894 -0.412980
11.470000 1.535354 -2.417105 -0.412985
11.475000 1.523153 -2.440136 -0.412989
11.480000 1.510838 -2.462983 -0.412992
11.485000 1.498410 -2.485646 -0.412994
11.490000 1.485869 -2.508122 -0.412996
11.495000 1.473217 -2.530410 -0.412996
11.500000 1.460455 -2.552508 -0.412996
11.505000 1.447583 -2.574415 -0.412995
11.510000 1.434602 -2.596129 -0.412994
11.515000 1.421514 -2.617648 -0.412992
11.520000 1.408319 -2.638970 -0.412989
11.525000 1.395019 -2.660095 -0.412985
11.530000 1.381613 -2.681020 -0.412980
11.535000 1.368105 -2.701745 -0.412975
11.540000 1.354493 -2.722266 -0.412969
11.545000 1.340780 -2.742584 -0.412962
11.550000 1.326967 -2.762695 -0.412954
11.555000 1.313054 -2.782600 -0.412946
11.560000 1.299043 -2.802296 -0.412937
11.565000 1.284934 -2.821781 -0.412927
11.570000 1.270728 -2.841055 -0.412916
11.575000 1.256428 -2.860116 -0.412905
11.580000 1.242033 -2.878963 -0.412893
11.585000 1.227545 -2.897593 -0.412880
11.590000 1.212965 -2.916006 -0.412866
11.595000 1.198294 -2.934201 -0.412852
11.600000 1.183533 -2.952175 -0.412837
11.605000 1.168683 -2.969928 -0.412821
11.610000 1.153746 -2.987458 -0.412805
11.615000 1.138722 -3.004765 -0.412787
11.620000 1.123613 -3.021845 -0.412770
11.625000 1.108420 -3.038700 -0.412751
11.630000 1.093143 -3.055326 -0.412732
11.635000 1.077784 -3.071723 -0.412712
11.640000 1.062345 -3.087890 -0.412691
11.645000 1.046826 -3.103825 -0.412670
11.650000 1.031228 -3.119527 -0.412648
11.655000 1.015553 -3.134996 -0.412625
11.660000 0.999802 -3.150229 -0.412602
11.665000 0.983976 -3.165226 -0.412578
11.670000 0.968076 -3.179986 -0.412554
11.675000 0.952103 -3.194507 -0.412528
11.680000 0.936059 -3.208789 -0.412502
11.685000 0.919945 -3.222829 -0.412476
11.690000 0.903762 -3.236629 -0.412449
11.695000 0.887511 -3.250185 -0.412421
11.700000 0.871194 -3.263498 -0.412393
11.705000 0.854811 -3.276566 -0.412364
11.710000 0.838364 -3.289388 -0.412335
11.715000 0.821854 -3.301963 -0.412305
11.720000 0.805283 -3.314291 -0.412274
11.725000 0.788651 -3.326370 -0.412243
11.730000 0.771960 -3.338200 -0.412212
11.735000 0.755211 -3.349779 -0.412179
11.740000 0.738405 -3.361108 -0.412147
11.745000 0.721545 -3.372184 -0.412114
11.750000 0.704629 -3.383007 -0.412080
11.755000 0.687662 -3.393576 -0.412046
11.760000 0.670642 -3.403891 -0.412011
11.765000 0.653572 -3.413951 -0.411976
11.770000 0.636454 -3.423754 -0.411940
11.775000 0.619287 -3.433301 -0.411904
11.780000 0.602074 -3.442591 -0.411868
11.785000 0.584816 -3.451622 -0.411831
11.790000 0.567514 -3.460394 -0.411794
11.795000 0.550170 -3.468907 -0.411756
11.800000 0.532784 -3.477159 -0.411718
11.805000 0.515358 -3.485151 -0.411679
11.810000 0.497894 -3.492881 -0.411640
11.815000 0.480392 -3.500350 -0.411601
11.820000 0.462854 -3.507556 -0.411561
11.825000 0.445282 -3.514498 -0.411522
11.830000 0.427676 -3.521178 -0.411481
11.835000 0.410038 -3.527593 -0.411441
11.840000 0.392369 -3.533743 -0.411400
11.845000 0.374671 -3.539629 -0.411359
11.850000 0.356945 -3.545249 -0.411317
11.855000 0.339192 -3.550603 -0.411276
11.860000 0.321413 -3.555691 -0.411234
11.865000 0.303611 -3.560512 -0.411192
11.870000 0.285785 -3.565066 -0.411149
11.875000 0.267938 -3.569353 -0.411107
11.880000 0.250072 -3.573372 -0.411064
11.885000 0.232186 -3.577123 -0.411021
11.890000 0.214283 -3.580606 -0.410978
11.895000 0.196364 -3.583820 -0.410934
11.900000 0.178430 -3.586766 -0.410891
11.905000 0.160483 -3.589442 -0.410847
11.910000 0.142524 -3.591849 -0.410804
11.915000 0.124554 -3.593987 -0.410760
11.920000 0.106574 -3.595856 -0.410716
11.925000 0.088587 -3.597454 -0.410672
11.930000 0.070593 -3.598783 -0.410628
11.935000 0.052594 -3.599842 -0.410584
11.940000 0.034591 -3.600631 -0.410539
11.945000 0.016585 -3.601150 -0.410495
11.950000 -0.001422 -3.601398 -0.410451
11.955000 -0.019429 -3.601377 -0.410407
11.960000 -0.037434 -3.601086 -0.410363
11.965000 -0.055437 -3.600524 -0.410318
11.970000 -0.073435 -3.599693 -0.410274
11.975000 -0.091428 -3.598591 -0.410230
11.980000 -0.109414 -3.597220 -0.410186
11.985000 -0.127392 -3.595578 -0.410142
11.990000 -0.145361 -3.593668 -0.410098
11.995000 -0.163318 -3.591487 -0.410055
12.000000 -0.181263 -3.589037 -0.410011
12.005000 -0.199195 -3.586318 -0.409967
12.010000 -0.217111 -3.583331 -0.409924
12.015000 -0.235012 -3.580074 -0.409881
12.020000 -0.252895 -3.576549 -0.409838
12.025000 -0.270758 -3.572755 -0.409795
12.030000 -0.288602 -3.568694 -0.409752
12.035000 -0.306424 -3.564365 -0.409710
12.040000 -0.324222 -3.559768 -0.409668
12.045000 -0.341997 -3.554905 -0.409626
12.050000 -0.359746 -3.549775 -0.409584
12.055000 -0.377468 -3.544379 -0.409542
12.060000 -0.395161 -3.538717 -0.409501
12.065000 -0.412825 -3.532790 -0.409460
12.070000 -0.430458 -3.526597 -0.409420
12.075000 -0.448059 -3.520140 -0.409379
12.080000 -0.465626 -3.513419 -0.409339
12.085000 -0.483158 -3.506435 -0.409299
12.090000 -0.500654 -3.499188 -0.409260
12.095000 -0.518113 -3.491678 -0.409221
12.100000 -0.535532 -3.483906 -0.409182
12.105000 -0.552912 -3.475873 -0.409144
12.110000 -0.570249 -3.467580 -0.409106
12.115000 -0.587545 -3.459026 -0.409069
12.120000 -0.604796 -3.450213 -0.409032
12.125000 -0.622001 -3.441141 -0.408995
12.130000 -0.639160 -3.431811 -0.408959
12.135000 -0.656271 -3.422223 -0.408923
12.140000 -0.673333 -3.412379 -0.408888
12.145000 -0.690345 -3.402279 -0.408853
12.150000 -0.707304 -3.391924 -0.408819
12.155000 -0.724211 -3.381314 -0.408785
12.160000 -0.741063 -3.370451 -0.408752
12.165000 -0.757860 -3.359335 -0.408719
12.170000 -0.774600 -3.347967 -0.408686
12.175000 -0.791281 -3.336348 -0.408655
12.180000 -0.807904 -3.324479 -0.408623
12.185000 -0.824466 -3.312361 -0.408593
12.190000 -0.840966 -3.299994 -0.408562
12.195000 -0.857403 -3.287379 -0.408533
12.200000 -0.873775 -3.274518 -0.408504
12.205000 -0.890082 -3.261412 -0.408475
12.210000 -0.906322 -3.248060 -0.408447
12.215000 -0.922495 -3.234465 -0.408420
12.220000 -0.938598 -3.220628 -0.408393
12.225000 -0.954631 -3.206549 -0.408367
12.230000 -0.970592 -3.192230 -0.408342
12.235000 -0.986480 -3.177671 -0.408317
12.240000 -1.002295 -3.162874 -0.408293
12.245000 -1.018034 -3.147839 -0.408270
12.250000 -1.033697 -3.132569 -0.408247
12.255000 -1.049282 -3.117063 -0.408225
12.260000 -1.064789 -3.101324 -0.408203
12.265000 -1.080215 -3.085352 -0.408182
12.270000 -1.095561 -3.069149 -0.408162
12.275000 -1.110825 -3.052715 -0.408142
12.280000 -1.126005 -3.036053 -0.408124
12.285000 -1.141101 -3.019163 -0.408106
12.290000 -1.156111 -3.002046 -0.408088
12.295000 -1.171034 -2.984705 -0.408071
12.300000 -1.185870 -2.967139 -0.408055
12.305000 -1.200617 -2.949351 -0.408040
12.310000 -1.215274 -2.931342 -0.408026
12.315000 -1.229839 -2.913113 -0.408012
12.320000 -1.244313 -2.894665 -0.407999
12.325000 -1.258693 -2.876001 -0.407986
12.330000 -1.272978 -2.857120 -0.407975
12.335000 -1.287168 -2.838026 -0.407964
12.340000 -1.301262 -2.818718 -0.407954
12.345000 -1.315258 -2.799199 -0.407944
12.350000 -1.329155 -2.779470 -0.407936
12.355000 -1.342953 -2.759533 -0.407928
12.360000 -1.356650 -2.739389 -0.407921
12.365000 -1.370245 -2.719039 -0.407914
12.370000 -1.383737 -2.698485 -0.407909
12.375000 -1.397126 -2.677729 -0.407904
12.380000 -1.410410 -2.656772 -0.407900
12.385000 -1.423588 -2.635616 -0.407896
12.390000 -1.436659 -2.614262 -0.407894
12.395000 -1.449623 -2.592712 -0.407892
12.400000 -1.462478 -2.570968 -0.407891
12.405000 -1.475223 -2.549031 -0.407891
12.410000 -1.487857 -2.526903 -0.407891
12.415000 -1.500380 -2.504585 -0.407892
12.420000 -1.512791 -2.482079 -0.407894
12.425000 -1.525088 -2.459387 -0.407897
12.430000 -1.537270 -2.436511 -0.407901
12.435000 -1.549337 -2.413452 -0.407905
12.440000 -1.561288 -2.390212 -0.407910
12.445000 -1.573122 -2.366792 -0.407916
12.450000 -1.584838 -2.343196 -0.407923
12.455000 -1.596436 -2.319423 -0.407930
12.460000 -1.607913 -2.295476 -0.407938
12.465000 -1.619270 -2.271358 -0.407947
12.470000 -1.630505 -2.247069 -0.407956
12.475000 -1.641618 -2.222611 -0.407967
12.480000 -1.652608 -2.197987 -0.407978
12.485000 -1.663474 -2.173198 -0.407990
12.490000 -1.674215 -2.148246 -0.408002
12.495000 -1.684831 -2.123132 -0.408016
12.500000 -1.695320 -2.097860 -0.408030
12.505000 -1.705682 -2.072430 -0.408044
12.510000 -1.715917 -2.046845 -0.408060
12.515000 -1.726022 -2.021106 -0.408076
12.520000 -1.735998 -1.995216 -0.408093
12.525000 -1.745844 -1.969176 -0.408111
12.530000 -1.755559 -1.942988 -0.408129
12.535000 -1.765142 -1.916655 -0.408148
12.540000 -1.774593 -1.890178 -0.408168
12.545000 -1.783911 -1.863559 -0.408188
12.550000 -1.793095 -1.836800 -0.408209
12.555000 -1.802145 -1.809904 -0.408231
12.560000 -1.811059 -1.782871 -0.408253
12.565000 -1.819837 -1.755706 -0.408276
12.570000 -1.828479 -1.728408 -0.408300
12.575000 -1.836984 -1.700981 -0.408324
12.580000 -1.845351 -1.673426 -0.408349
12.585000 -1.853580 -1.645746 -0.408375
12.590000 -1.861670 -1.617942 -0.408401
12.595000 -1.869620 -1.590017 -0.408428
12.600000 -1.877430 -1.561973 -0.408455
12.605000 -1.885099 -1.533811 -0.408483
12.610000 -1.892627 -1.505535 -0.408512
12.615000 -1.900012 -1.477145 -0.408541
12.620000 -1.907256 -1.448645 -0.408571
12.625000 -1.914356 -1.420036 -0.408601
12.630000 -1.921312 -1.391321 -0.408632
12.635000 -1.928125 -1.362501 -0.408663
12.640000 -1.934793 -1.333579 -0.408695
12.645000 -1.941316 -1.304558 -0.408728
12.650000 -1.947693 -1.275438 -0.408761
12.655000 -1.953924 -1.246222 -0.408794
12.660000 -1.960008 -1.216914 -0.408828
12.665000 -1.965946 -1.187513 -0.408863
12.670000 -1.971736 -1.158024 -0.408898
12.675000 -1.977378 -1.128448 -0.408933
12.680000 -1.982872 -1.098788 -0.408969
12.685000 -1.988217 -1.069045 -0.409005
12.690000 -1.993414 -1.039221 -0.409042
12.695000 -1.998460 -1.009320 -0.409079
12.700000 -2.003357 -0.979343 -0.409117
12.705000 -2.008103 -0.949293 -0.409155
12.710000 -2.012699 -0.919171 -0.409193
12.715000 -2.017144 -0.888981 -0.409232
12.720000 -2.021438 -0.858724 -0.409271
12.725000 -2.025580 -0.828402 -0.409310
12.730000 -2.029570 -0.798018 -0.409350
12.735000 -2.033408 -0.767575 -0.409390
12.740000 -2.037093 -0.737074 -0.409431
12.745000 -2.040626 -0.706517 -0.409472
12.750000 -2.044005 -0.675908 -0.409513
12.755000 -2.047231 -0.645248 -0.409554
12.760000 -2.050304 -0.614539 -0.409595
12.765000 -2.053223 -0.583785 -0.409637
12.770000 -2.055988 -0.552986 -0.409679
12.775000 -2.058599 -0.522147 -0.409722
12.780000 -2.061055 -0.491268 -0.409764
12.785000 -2.063357 -0.460352 -0.409807
12.790000 -2.065504 -0.429401 -0.409850
12.795000 -2.067496 -0.398419 -0.409893
12.800000 -2.069333 -0.367406 -0.409936
12.805000 -2.071015 -0.336366 -0.409980
12.810000 -2.072541 -0.305301 -0.410023
12.815000 -2.073912 -0.274213 -0.410067
12.820000 -2.075128 -0.243104 -0.410111
12.825000 -2.076188 -0.211978 -0.410154
12.830000 -2.077092 -0.180835 -0.410198
12.835000 -2.077840 -0.149678 -0.410242
12.840000 -2.078433 -0.118511 -0.410287
12.845000 -2.078870 -0.087334 -0.410331
12.850000 -2.079150 -0.056151 -0.410375
12.855000 -2.079275 -0.024964 -0.410419
12.860000 -2.079244 0.006225 -0.410463
12.865000 -2.079057 0.037414 -0.410508
12.870000 -2.078714 0.068600 -0.410552
12.875000 -2.078215 0.099780 -0.410596
12.880000 -2.077560 0.130954 -0.410640
12.885000 -2.076750 0.162117 -0.410684
12.890000 -2.075783 0.193268 -0.410728
12.895000 -2.074661 0.224405 -0.410772
12.900000 -2.073384 0.255525 -0.410816
12.905000 -2.071951 0.286626 -0.410859
12.910000 -2.070362 0.317705 -0.410903
12.915000 -2.068618 0.348760 -0.410946
12.920000 -2.066719 0.379790 -0.410990
12.925000 -2.064665 0.410790 -0.411033
12.930000 -2.062457 0.441760 -0.411076
12.935000 -2.060093 0.472697 -0.411119
12.940000 -2.057575 0.503599 -0.411161
12.945000 -2.054903 0.534462 -0.411203
12.950000 -2.052076 0.565286 -0.411245
12.955000 -2.049096 0.596067 -0.411287
12.960000 -2.045962 0.626803 -0.411329
12.965000 -2.042675 0.657493 -0.411370
12.970000 -2.039234 0.688133 -0.411411
12.975000 -2.035640 0.718722 -0.411452
12.980000 -2.031894 0.749256 -0.411493
12.985000 -2.027995 0.779735 -0.411533
12.990000 -2.023945 0.810154 -0.411573
12.995000 -2.019742 0.840514 -0.411612
13.000000 -2.015388 0.870810 -0.411651
13.005000 -2.010883 0.901041 -0.411690
13.010000 -2.006227 0.931204 -0.411728
13.015000 -2.001420 0.961297 -0.411766
13.020000 -1.996464 0.991319 -0.411804
13.025000 -1.991357 1.021265 -0.411841
13.030000 -1.986102 1.051136 -0.411878
13.035000 -1.980697 1.080927 -0.411914
13.040000 -1.975144 1.110638 -0.411950
13.045000 -1.969442 1.140265 -0.411986
13.050000 -1.963593 1.169807 -0.412021
13.055000 -1.957597 1.199261 -0.412055
13.060000 -1.951454 1.228624 -0.412089
13.065000 -1.945164 1.257896 -0.412123
13.070000 -1.938729 1.287074 -0.412156
13.075000 -1.932148 1.316155 -0.412188
13.080000 -1.925423 1.345137 -0.412220
13.085000 -1.918553 1.374018 -0.412252
13.090000 -1.911539 1.402797 -0.412283
13.095000 -1.904381 1.431470 -0.412313
13.100000 -1.897081 1.460035 -0.412343
13.105000 -1.889639 1.488492 -0.412372
13.110000 -1.882054 1.516836 -0.412401
13.115000 -1.874329 1.545067 -0.412429
13.120000 -1.866463 1.573182 -0.412457
13.125000 -1.858457 1.601179 -0.412483
13.130000 -1.850312 1.629056 -0.412510
13.135000 -1.842028 1.656810 -0.412535
13.140000 -1.833606 1.684441 -0.412560
13.145000 -1.825046 1.711945 -0.412585
13.150000 -1.816349 1.739321 -0.412609
13.155000 -1.807517 1.766566 -0.412632
13.160000 -1.798548 1.793679 -0.412654
13.165000 -1.789445 1.820657 -0.412676
13.170000 -1.780207 1.847498 -0.412697
13.175000 -1.770836 1.874202 -0.412717
13.180000 -1.761333 1.900764 -0.412737
13.185000 -1.751697 1.927184 -0.412756
13.190000 -1.741929 1.953460 -0.412775
13.195000 -1.732031 1.979588 -0.412792
13.200000 -1.722004 2.005569 -0.412809
13.205000 -1.711847 2.031399 -0.412826
13.210000 -1.701561 2.057077 -0.412841
13.215000 -1.691148 2.082600 -0.412856
13.220000 -1.680608 2.107967 -0.412870
13.225000 -1.669942 2.133176 -0.412883
13.230000 -1.659151 2.158226 -0.412896
13.235000 -1.648236 2.183113 -0.412908
13.240000 -1.637197 2.207836 -0.412919
13.245000 -1.626035 2.232394 -0.412930
13.250000 -1.614751 2.256785 -0.412939
13.255000 -1.603346 2.281006 -0.412948
13.260000 -1.591820 2.305056 -0.412956
13.265000 -1.580176 2.328934 -0.412964
13.270000 -1.568413 2.352636 -0.412970
13.275000 -1.556532 2.376162 -0.412976
13.280000 -1.544534 2.399510 -0.412981
13.285000 -1.532421 2.422678 -0.412986
13.290000 -1.520192 2.445665 -0.412989
13.295000 -1.507850 2.468468 -0.412992
13.300000 -1.495395 2.491085 -0.412994
13.305000 -1.482827 2.513516 -0.412996
13.310000 -1.470148 2.535759 -0.412996
13.315000 -1.457359 2.557811 -0.412996
13.320000 -1.444461 2.579671 -0.412995
13.325000 -1.431454 2.601338 -0.412993
13.330000 -1.418340 2.622810 -0.412991
13.335000 -1.405120 2.644085 -0.412988
13.340000 -1.391794 2.665162 -0.412984
13.345000 -1.378364 2.686039 -0.412979
13.350000 -1.364830 2.706714 -0.412973
13.355000 -1.351194 2.727187 -0.412967
13.360000 -1.337457 2.747455 -0.412960
13.365000 -1.323619 2.767517 -0.412952
13.370000 -1.309683 2.787371 -0.412944
13.375000 -1.295647 2.807016 -0.412934
13.380000 -1.281515 2.826451 -0.412924
13.385000 -1.267287 2.845674 -0.412913
13.390000 -1.252963 2.864683 -0.412902
13.395000 -1.238546 2.883477 -0.412890
13.400000 -1.224036 2.902055 -0.412877
13.405000 -1.209434 2.920416 -0.412863
13.410000 -1.194741 2.938558 -0.412848
13.415000 -1.179959 2.956479 -0.412833
13.420000 -1.165088 2.974178 -0.412817
13.425000 -1.150129 2.991654 -0.412801
13.430000 -1.135085 3.008906 -0.412783
13.435000 -1.119955 3.025933 -0.412765
13.440000 -1.104741 3.042732 -0.412746
13.445000 -1.089445 3.059303 -0.412727
13.450000 -1.074067 3.075645 -0.412707
13.455000 -1.058608 3.091756 -0.412686
13.460000 -1.043070 3.107635 -0.412665
13.465000 -1.027453 3.123281 -0.412643
13.470000 -1.011760 3.138693 -0.412620
13.475000 -0.995991 3.153869 -0.412596
13.480000 -0.980147 3.168809 -0.412572
13.485000 -0.964229 3.183511 -0.412547
13.490000 -0.948239 3.197975 -0.412522
13.495000 -0.932178 3.212198 -0.412496
13.500000 -0.916047 3.226181 -0.412470
13.505000 -0.899848 3.239921 -0.412442
13.510000 -0.883581 3.253419 -0.412415
13.515000 -0.867247 3.266673 -0.412386
13.520000 -0.850849 3.279682 -0.412357
13.525000 -0.834387 3.292444 -0.412328
13.530000 -0.817862 3.304960 -0.412298
13.535000 -0.801276 3.317228 -0.412267
13.540000 -0.784629 3.329247 -0.412236
13.545000 -0.767924 3.341017 -0.412204
13.550000 -0.751162 3.352536 -0.412172
13.555000 -0.734343 3.363803 -0.412139
13.560000 -0.717468 3.374818 -0.412105
13.565000 -0.700541 3.385580 -0.412072
13.570000 -0.683560 3.396088 -0.412037
13.575000 -0.666528 3.406342 -0.412003
13.580000 -0.649447 3.416340 -0.411967
13.585000 -0.632316 3.426081 -0.411932
13.590000 -0.615138 3.435566 -0.411895
13.595000 -0.597915 3.444793 -0.411859
13.600000 -0.580646 3.453762 -0.411822
13.605000 -0.563333 3.462471 -0.411784
13.610000 -0.545979 3.470921 -0.411747
13.615000 -0.528583 3.479111 -0.411708
13.620000 -0.511148 3.487040 -0.411670
13.625000 -0.493674 3.494707 -0.411631
13.630000 -0.476164 3.502112 -0.411592
13.635000 -0.458618 3.509255 -0.411552
13.640000 -0.441037 3.516134 -0.411512
13.645000 -0.423423 3.522750 -0.411472
13.650000 -0.405778 3.529101 -0.411431
13.655000 -0.388102 3.535188 -0.411390
13.660000 -0.370397 3.541009 -0.411349
13.665000 -0.352664 3.546565 -0.411307
13.670000 -0.334905 3.551855 -0.411266
13.675000 -0.317120 3.556879 -0.411224
13.680000 -0.299312 3.561635 -0.411181
13.685000 -0.281481 3.566125 -0.411139
13.690000 -0.263630 3.570347 -0.411096
13.695000 -0.245758 3.574302 -0.411053
13.700000 -0.227868 3.577988 -0.411010
13.705000 -0.209961 3.581406 -0.410967
13.710000 -0.192038 3.584555 -0.410924
13.715000 -0.174101 3.587436 -0.410880
13.720000 -0.156151 3.590048 -0.410837
13.725000 -0.138189 3.592390 -0.410793
13.730000 -0.120217 3.594463 -0.410749
13.735000 -0.102235 3.596266 -0.410705
13.740000 -0.084246 3.597799 -0.410661
13.745000 -0.066251 3.599063 -0.410617
13.750000 -0.048251 3.600057 -0.410573
13.755000 -0.030247 3.600781 -0.410529
13.760000 -0.012241 3.601234 -0.410485
13.765000 0.005766 3.601418 -0.410440
13.770000 0.023773 3.601332 -0.410396
13.775000 0.041778 3.600975 -0.410352
13.780000 0.059780 3.600348 -0.410308
13.785000 0.077777 3.599452 -0.410264
13.790000 0.095768 3.598285 -0.410220
13.795000 0.113753 3.596848 -0.410176
13.800000 0.131728 3.595142 -0.410132
13.805000 0.149694 3.593166 -0.410088
13.810000 0.167649 3.590921 -0.410044
13.815000 0.185591 3.588406 -0.410000
13.820000 0.203519 3.585622 -0.409957
13.825000 0.221432 3.582569 -0.409914
13.830000 0.239328 3.579248 -0.409870
13.835000 0.257206 3.575658 -0.409827
13.840000 0.275065 3.571800 -0.409785
13.845000 0.292904 3.567674 -0.409742
13.850000 0.310720 3.563280 -0.409700
13.855000 0.328513 3.558620 -0.409657
13.860000 0.346282 3.553692 -0.409616
13.865000 0.364024 3.548498 -0.409574
13.870000 0.381739 3.543037 -0.409532
13.875000 0.399426 3.537311 -0.409491
13.880000 0.417082 3.531320 -0.409450
13.885000 0.434708 3.525064 -0.409410
13.890000 0.452300 3.518543 -0.409369
13.895000 0.469859 3.511758 -0.409330
13.900000 0.487383 3.504711 -0.409290
13.905000 0.504870 3.497400 -0.409251
13.910000 0.522319 3.489827 -0.409212
13.915000 0.539729 3.481992 -0.409173
13.920000 0.557098 3.473896 -0.409135
13.925000 0.574426 3.465540 -0.409097
13.930000 0.591711 3.456923 -0.409060
13.935000 0.608951 3.448048 -0.409023
13.940000 0.626145 3.438913 -0.408986
13.945000 0.643293 3.429521 -0.408950
13.950000 0.660392 3.419872 -0.408915
13.955000 0.677442 3.409966 -0.408880
13.960000 0.694441 3.399804 -0.408845
13.965000 0.711388 3.389388 -0.408811
13.970000 0.728282 3.378717 -0.408777
13.975000 0.745121 3.367793 -0.408744
13.980000 0.761904 3.356616 -0.408711
13.985000 0.778630 3.345187 -0.408679
13.990000 0.795297 3.333508 -0.408647
13.995000 0.811905 3.321578 -0.408616
14.000000 0.828452 3.309400 -0.408585
14.005000 0.844937 3.296973 -0.408555
14.010000 0.861359 3.284299 -0.408526
14.015000 0.877715 3.271378 -0.408497
14.020000 0.894006 3.258213 -0.408469
14.025000 0.910230 3.244803 -0.408441
14.030000 0.926386 3.231149 -0.408414
14.035000 0.942473 3.217253 -0.408387
14.040000 0.958488 3.203116 -0.408361
14.045000 0.974432 3.188739 -0.408336
14.050000 0.990302 3.174122 -0.408311
14.055000 1.006099 3.159268 -0.408287
14.060000 1.021820 3.144176 -0.408264
14.065000 1.037464 3.128849 -0.408241
14.070000 1.053030 3.113287 -0.408219
14.075000 1.068518 3.097492 -0.408198
14.080000 1.083925 3.081464 -0.408177
14.085000 1.099251 3.065205 -0.408157
14.090000 1.114495 3.048716 -0.408138
14.095000 1.129655 3.031999 -0.408119
14.100000 1.144730 3.015054 -0.408101
14.105000 1.159719 2.997883 -0.408084
14.110000 1.174622 2.980487 -0.408068
14.115000 1.189436 2.962868 -0.408052
14.120000 1.204161 2.945027 -0.408037
14.125000 1.218796 2.926964 -0.408022
14.130000 1.233340 2.908682 -0.408009
14.135000 1.247790 2.890182 -0.407996
14.140000 1.262148 2.871465 -0.407983
14.145000 1.276410 2.852533 -0.407972
14.150000 1.290577 2.833387 -0.407961
14.155000 1.304647 2.814028 -0.407951
14.160000 1.318620 2.794458 -0.407942
14.165000 1.332493 2.774679 -0.407934
14.170000 1.346267 2.754692 -0.407926
14.175000 1.359939 2.734498 -0.407919
14.180000 1.373510 2.714099 -0.407913
14.185000 1.386977 2.693496 -0.407907
14.190000 1.400341 2.672691 -0.407903
14.195000 1.413599 2.651686 -0.407899
14.200000 1.426751 2.630482 -0.407896
14.205000 1.439797 2.609081 -0.407893
14.210000 1.452734 2.587484 -0.407892
14.215000 1.465563 2.565693 -0.407891
14.220000 1.478281 2.543710 -0.407891
14.225000 1.490889 2.521535 -0.407891
14.230000 1.503385 2.499172 -0.407893
14.235000 1.515768 2.476621 -0.407895
14.240000 1.528037 2.453885 -0.407898
14.245000 1.540192 2.430964 -0.407902
14.250000 1.552231 2.407861 -0.407906
14.255000 1.564154 2.384578 -0.407911
14.260000 1.575960 2.361116 -0.407917
14.265000 1.587647 2.337476 -0.407924
14.270000 1.599216 2.313661 -0.407932
14.275000 1.610664 2.289673 -0.407940
14.280000 1.621992 2.265513 -0.407949
14.285000 1.633197 2.241183 -0.407959
14.290000 1.644281 2.216685 -0.407969
14.295000 1.655241 2.192021 -0.407981
14.300000 1.666077 2.167193 -0.407993
14.305000 1.676788 2.142201 -0.408005
14.310000 1.687373 2.117050 -0.408019
14.315000 1.697832 2.091739 -0.408033
14.320000 1.708163 2.066272 -0.408048
14.325000 1.718366 2.040649 -0.408064
14.330000 1.728441 2.014874 -0.408080
14.335000 1.738386 1.988947 -0.408097
14.340000 1.748200 1.962871 -0.408115
14.345000 1.757883 1.936648 -0.408133
14.350000 1.767435 1.910280 -0.408153
14.355000 1.776853 1.883768 -0.408172
14.360000 1.786139 1.857116 -0.408193
14.365000 1.795291 1.830324 -0.408214
14.370000 1.804308 1.803394 -0.408236
14.375000 1.813189 1.776330 -0.408259
14.380000 1.821935 1.749132 -0.408282
14.385000 1.830544 1.721803 -0.408306
14.390000 1.839016 1.694345 -0.408330
14.395000 1.847349 1.666759 -0.408355
14.400000 1.855545 1.639049 -0.408381
14.405000 1.863601 1.611216 -0.408407
14.410000 1.871517 1.583262 -0.408434
14.415000 1.879293 1.555189 -0.408462
14.420000 1.886928 1.527000 -0.408490
14.425000 1.894421 1.498696 -0.408519
14.430000 1.901773 1.470279 -0.408548
14.435000 1.908982 1.441753 -0.408578
14.440000 1.916047 1.413118 -0.408608
14.445000 1.922969 1.384377 -0.408639
14.450000 1.929747 1.355533 -0.408671
14.455000 1.936380 1.326587 -0.408703
14.460000 1.942867 1.297541 -0.408736
14.465000 1.949209 1.268398 -0.408769
14.470000 1.955405 1.239160 -0.408802
14.475000 1.961454 1.209829 -0.408837
14.480000 1.967356 1.180407 -0.408871
14.485000 1.973111 1.150897 -0.408906
14.490000 1.978717 1.121300 -0.408942
14.495000 1.984175 1.091619 -0.408978
14.500000 1.989485 1.061857 -0.409014
14.505000 1.994645 1.032014 -0.409051
14.510000 1.999655 1.002095 -0.409088
14.515000 2.004516 0.972100 -0.409126
14.520000 2.009226 0.942032 -0.409164
14.525000 2.013785 0.911894 -0.409202
14.530000 2.018194 0.881687 -0.409241
14.535000 2.022451 0.851414 -0.409280
14.540000 2.026556 0.821077 -0.409320
14.545000 2.030510 0.790679 -0.409360
14.550000 2.034311 0.760221 -0.409400
14.555000 2.037959 0.729707 -0.409441
14.560000 2.041455 0.699137 -0.409481
14.565000 2.044798 0.668515 -0.409523
14.570000 2.047987 0.637843 -0.409564
14.575000 2.051022 0.607124 -0.409606
14.580000 2.053904 0.576358 -0.409647
14.585000 2.056632 0.545550 -0.409690
14.590000 2.059205 0.514700 -0.409732
14.595000 2.061625 0.483812 -0.409774
14.600000 2.063889 0.452888 -0.409817
14.605000 2.065999 0.421929 -0.409860
14.610000 2.067953 0.390939 -0.409903
14.615000 2.069753 0.359920 -0.409947
14.620000 2.071397 0.328874 -0.409990
14.625000 2.072886 0.297803 -0.410034
14.630000 2.074220 0.266710 -0.410077
14.635000 2.075398 0.235596 -0.410121
14.640000 2.076420 0.204465 -0.410165
14.645000 2.077287 0.173319 -0.410209
14.650000 2.077998 0.142160 -0.410253
14.655000 2.078553 0.110990 -0.410297
14.660000 2.078952 0.079811 -0.410341
14.665000 2.079195 0.048627 -0.410386
14.670000 2.079282 0.017439 -0.410430
14.675000 2.079213 -0.013750 -0.410474
14.680000 2.078988 -0.044938 -0.410518
14.685000 2.078608 -0.076123 -0.410562
14.690000 2.078071 -0.107302 -0.410607
14.695000 2.077379 -0.138473 -0.410651
14.700000 2.076531 -0.169634 -0.410695
14.705000 2.075527 -0.200782 -0.410739
14.710000 2.074367 -0.231915 -0.410783
14.715000 2.073052 -0.263030 -0.410826
14.720000 2.071582 -0.294126 -0.410870
14.725000 2.069956 -0.325200 -0.410914
14.730000 2.068174 -0.356249 -0.410957
14.735000 2.066238 -0.387272 -0.411000
14.740000 2.064147 -0.418265 -0.411043
14.745000 2.061900 -0.449227 -0.411086
14.750000 2.059500 -0.480156 -0.411129
14.755000 2.056944 -0.511048 -0.411171
14.760000 2.054235 -0.541903 -0.411214
14.765000 2.051371 -0.572716 -0.411256
14.770000 2.048354 -0.603487 -0.411297
14.775000 2.045183 -0.634212 -0.411339
14.780000 2.041858 -0.664890 -0.411380
14.785000 2.038381 -0.695518 -0.411421
14.790000 2.034750 -0.726093 -0.411462
14.795000 2.030967 -0.756615 -0.411502
14.800000 2.027032 -0.787079 -0.411542
14.805000 2.022944 -0.817485 -0.411582
14.810000 2.018705 -0.847829 -0.411621
14.815000 2.014315 -0.878109 -0.411661
14.820000 2.009773 -0.908324 -0.411699
14.825000 2.005081 -0.938471 -0.411738
14.830000 2.000238 -0.968547 -0.411775
14.835000 1.995245 -0.998550 -0.411813
14.840000 1.990103 -1.028479 -0.411850
14.845000 1.984811 -1.058331 -0.411887
14.850000 1.979371 -1.088103 -0.411923
14.855000 1.973782 -1.117793 -0.411959
14.860000 1.968045 -1.147400 -0.411994
14.865000 1.962160 -1.176921 -0.412029
14.870000 1.956128 -1.206353 -0.412063
14.875000 1.949950 -1.235695 -0.412097
14.880000 1.943625 -1.264944 -0.412131
14.885000 1.937155 -1.294099 -0.412164
14.890000 1.930539 -1.323156 -0.412196
14.895000 1.923778 -1.352114 -0.412228
14.900000 1.916874 -1.380971 -0.412259
14.905000 1.909825 -1.409724 -0.412290
14.910000 1.902633 -1.438371 -0.412320
14.915000 1.895298 -1.466911 -0.412350
14.920000 1.887822 -1.495340 -0.412379
14.925000 1.880204 -1.523658 -0.412408
14.930000 1.872444 -1.551861 -0.412436
14.935000 1.864544 -1.579947 -0.412463
14.940000 1.856505 -1.607915 -0.412490
14.945000 1.848326 -1.635763 -0.412516
14.950000 1.840009 -1.663488 -0.412541
14.955000 1.831553 -1.691088 -0.412566
14.960000 1.822960 -1.718561 -0.412591
14.965000 1.814231 -1.745906 -0.412614
14.970000 1.805365 -1.773119 -0.412637
14.975000 1.796364 -1.800200 -0.412659
14.980000 1.787229 -1.827145 -0.412681
14.985000 1.777959 -1.853954 -0.412702
14.990000 1.768556 -1.880623 -0.412722
14.995000 1.759020 -1.907151 -0.412742
15.000000 1.749352 -1.933537 -0.412761
15.005000 1.739553 -1.959777 -0.412779
15.010000 1.729624 -1.985870 -0.412796
15.015000 1.719565 -2.011815 -0.412813
15.020000 1.709377 -2.037608 -0.412829
15.025000 1.699061 -2.063249 -0.412845
15.030000 1.688617 -2.088735 -0.412859
15.035000 1.678047 -2.114064 -0.412873
15.040000 1.667350 -2.139235 -0.412886
15.045000 1.656529 -2.164245 -0.412899
15.050000 1.645584 -2.189093 -0.412911
15.055000 1.634515 -2.213777 -0.412922
15.060000 1.623323 -2.238294 -0.412932
15.065000 1.612010 -2.262644 -0.412941
15.070000 1.600576 -2.286824 -0.412950
15.075000 1.589022 -2.310833 -0.412958
15.080000 1.577349 -2.334668 -0.412965
15.085000 1.565557 -2.358328 -0.412972
15.090000 1.553648 -2.381812 -0.412978
15.095000 1.541622 -2.405117 -0.412983
15.100000 1.529481 -2.428241 -0.412987
15.105000 1.517225 -2.451183 -0.412990
15.110000 1.504855 -2.473941 -0.412993
15.115000 1.492373 -2.496514 -0.412995
15.120000 1.479778 -2.518900 -0.412996
15.125000 1.467073 -2.541097 -0.412996
15.130000 1.454257 -2.563103 -0.412996
15.135000 1.441333 -2.584917 -0.412995
15.140000 1.428300 -2.606536 -0.412993
15.145000 1.415160 -2.627961 -0.412990
15.150000 1.401914 -2.649188 -0.412987
15.155000 1.388563 -2.670217 -0.412983
15.160000 1.375108 -2.691046 -0.412978
15.165000 1.361550 -2.711672 -0.412972
15.170000 1.347889 -2.732095 -0.412965
15.175000 1.334128 -2.752314 -0.412958
15.180000 1.320266 -2.772326 -0.412950
15.185000 1.306305 -2.792130 -0.412941
15.190000 1.292247 -2.811724 -0.412932
15.195000 1.278091 -2.831108 -0.412922
15.200000 1.263840 -2.850279 -0.412911
15.205000 1.249494 -2.869237 -0.412899
15.210000 1.235054 -2.887979 -0.412886
15.215000 1.220521 -2.906505 -0.412873
15.220000 1.205897 -2.924813 -0.412859
15.225000 1.191183 -2.942901 -0.412845
15.230000 1.176379 -2.960769 -0.412829
15.235000 1.161487 -2.978415 -0.412813
15.240000 1.146508 -2.995837 -0.412796
15.245000 1.131442 -3.013035 -0.412779
15.250000 1.116292 -3.030006 -0.412761
15.255000 1.101059 -3.046751 -0.412742
15.260000 1.085742 -3.063267 -0.412722
15.265000 1.070344 -3.079553 -0.412702
15.270000 1.054866 -3.095608 -0.412681
15.275000 1.039309 -3.111431 -0.412659
15.280000 1.023674 -3.127021 -0.412637
15.285000 1.007962 -3.142376 -0.412614
15.290000 0.992175 -3.157495 -0.412591
15.295000 0.976313 -3.172378 -0.412566
15.300000 0.960378 -3.187022 -0.412541
15.305000 0.944371 -3.201428 -0.412516
15.310000 0.928293 -3.215594 -0.412490
15.315000 0.912145 -3.229518 -0.412463
15.320000 0.895929 -3.243200 -0.412436
15.325000 0.879646 -3.256639 -0.412408
15.330000 0.863297 -3.269834 -0.412379
15.335000 0.846883 -3.282783 -0.412350
15.340000 0.830405 -3.295487 -0.412320
15.345000 0.813866 -3.307943 -0.412290
15.350000 0.797265 -3.320151 -0.412259
15.355000 0.780604 -3.332110 -0.412228
15.360000 0.763885 -3.343819 -0.412196
15.365000 0.747109 -3.355277 -0.412164
15.370000 0.730277 -3.366484 -0.412131
15.375000 0.713389 -3.377438 -0.412097
15.380000 0.696449 -3.388139 -0.412063
15.385000 0.679456 -3.398585 -0.412029
15.390000 0.662412 -3.408777 -0.411994
15.395000 0.645318 -3.418713 -0.411959
15.400000 0.628176 -3.428393 -0.411923
15.405000 0.610987 -3.437816 -0.411887
15.410000 0.593752 -3.446981 -0.411850
15.415000 0.576473 -3.455887 -0.411813
15.420000 0.559150 -3.464534 -0.411775
15.425000 0.541786 -3.472921 -0.411737
15.430000 0.524380 -3.481048 -0.411699
15.435000 0.506936 -3.488914 -0.411660
15.440000 0.489453 -3.496518 -0.411621
15.445000 0.471934 -3.503859 -0.411582
15.450000 0.454379 -3.510939 -0.411542
15.455000 0.436790 -3.517754 -0.411502
15.460000 0.419169 -3.524306 -0.411462
15.465000 0.401516 -3.530594 -0.411421
15.470000 0.383833 -3.536616 -0.411380
15.475000 0.366121 -3.542374 -0.411339
15.480000 0.348382 -3.547866 -0.411297
15.485000 0.330616 -3.553091 -0.411255
15.490000 0.312826 -3.558051 -0.411213
15.495000 0.295012 -3.562743 -0.411171
15.500000 0.277176 -3.567168 -0.411129
15.505000 0.259320 -3.571326 -0.411086
15.510000 0.241444 -3.575216 -0.411043
15.515000 0.223549 -3.578837 -0.411000
15.520000 0.205639 -3.582191 -0.410957
15.525000 0.187712 -3.585275 -0.410913
15.530000 0.169772 -3.588091 -0.410870
15.535000 0.151819 -3.590637 -0.410826
15.540000 0.133854 -3.592915 -0.410782
15.545000 0.115879 -3.594922 -0.410739
15.550000 0.097896 -3.596661 -0.410695
15.555000 0.079905 -3.598129 -0.410651
15.560000 0.061909 -3.599328 -0.410606
15.565000 0.043907 -3.600256 -0.410562
15.570000 0.025903 -3.600915 -0.410518
15.575000 0.007896 -3.601303 -0.410474
15.580000 -0.010111 -3.601422 -0.410430
15.585000 -0.028117 -3.601270 -0.410386
15.590000 -0.046121 -3.600848 -0.410341
15.595000 -0.064122 -3.600157 -0.410297
15.600000 -0.082118 -3.599195 -0.410253
15.605000 -0.100108 -3.597963 -0.410209
15.610000 -0.118090 -3.596461 -0.410165
15.615000 -0.136064 -3.594690 -0.410121
15.620000 -0.154027 -3.592649 -0.410077
15.625000 -0.171979 -3.590339 -0.410034
15.630000 -0.189917 -3.587759 -0.409990
15.635000 -0.207842 -3.584910 -0.409947
15.640000 -0.225751 -3.581793 -0.409903
15.645000 -0.243643 -3.578406 -0.409860
15.650000 -0.261517 -3.574752 -0.409817
15.655000 -0.279371 -3.570829 -0.409774
15.660000 -0.297204 -3.566638 -0.409732
15.665000 -0.315015 -3.562180 -0.409689
15.670000 -0.332802 -3.557455 -0.409647
15.675000 -0.350565 -3.552463 -0.409605
15.680000 -0.368301 -3.547205 -0.409564
15.685000 -0.386009 -3.541680 -0.409522
15.690000 -0.403688 -3.535890 -0.409481
15.695000 -0.421338 -3.529835 -0.409441
15.700000 -0.438955 -3.523515 -0.409400
15.705000 -0.456540 -3.516930 -0.409360
15.710000 -0.474090 -3.510082 -0.409320
15.715000 -0.491605 -3.502971 -0.409280
15.720000 -0.509083 -3.495597 -0.409241
15.725000 -0.526523 -3.487960 -0.409202
15.730000 -0.543923 -3.480063 -0.409164
15.735000 -0.561283 -3.471904 -0.409126
15.740000 -0.578600 -3.463485 -0.409088
15.745000 -0.595874 -3.454806 -0.409051
15.750000 -0.613103 -3.445867 -0.409014
15.755000 -0.630287 -3.436671 -0.408978
15.760000 -0.647423 -3.427217 -0.408942
15.765000 -0.664510 -3.417505 -0.408906
15.770000 -0.681548 -3.407538 -0.408871
15.775000 -0.698535 -3.397314 -0.408836
15.780000 -0.715469 -3.386836 -0.408802
15.785000 -0.732349 -3.376104 -0.408769
15.790000 -0.749175 -3.365119 -0.408736
15.795000 -0.765944 -3.353881 -0.408703
15.800000 -0.782656 -3.342392 -0.408671
15.805000 -0.799310 -3.330652 -0.408639
15.810000 -0.815903 -3.318663 -0.408608
15.815000 -0.832435 -3.306424 -0.408578
15.820000 -0.848905 -3.293938 -0.408548
15.825000 -0.865311 -3.281204 -0.408519
15.830000 -0.881652 -3.268225 -0.408490
15.835000 -0.897927 -3.255000 -0.408462
15.840000 -0.914135 -3.241531 -0.408434
15.845000 -0.930274 -3.227819 -0.408407
15.850000 -0.946343 -3.213865 -0.408381
15.855000 -0.962341 -3.199670 -0.408355
15.860000 -0.978267 -3.185234 -0.408330
15.865000 -0.994120 -3.170560 -0.408306
15.870000 -1.009899 -3.155649 -0.408282
15.875000 -1.025601 -3.140500 -0.408258
15.880000 -1.041227 -3.125116 -0.408236
15.885000 -1.056774 -3.109498 -0.408214
15.890000 -1.072242 -3.093646 -0.408193
15.895000 -1.087630 -3.077562 -0.408172
15.900000 -1.102936 -3.061248 -0.408152
15.905000 -1.118160 -3.044704 -0.408133
15.910000 -1.133300 -3.027932 -0.408115
15.915000 -1.148354 -3.010932 -0.408097
15.920000 -1.163323 -2.993707 -0.408080
15.925000 -1.178204 -2.976257 -0.408064
15.930000 -1.192997 -2.958584 -0.408048
15.935000 -1.207700 -2.940689 -0.408033
15.940000 -1.222313 -2.922573 -0.408019
15.945000 -1.236834 -2.904239 -0.408005
15.950000 -1.251263 -2.885686 -0.407993
15.955000 -1.265597 -2.866917 -0.407981
15.960000 -1.279837 -2.847933 -0.407969
15.965000 -1.293981 -2.828736 -0.407959
15.970000 -1.308027 -2.809326 -0.407949
15.975000 -1.321976 -2.789706 -0.407940
15.980000 -1.335825 -2.769876 -0.407932
15.985000 -1.349575 -2.749839 -0.407924
15.990000 -1.363223 -2.729595 -0.407917
15.995000 -1.376768 -2.709147 -0.407911
16.000000 -1.390211 -2.688495 -0.407906
16.005000 -1.403549 -2.667642 -0.407902
16.010000 -1.416782 -2.646589 -0.407898
16.015000 -1.429909 -2.625337 -0.407895
16.020000 -1.442928 -2.603888 -0.407893
16.025000 -1.455839 -2.582244 -0.407891
16.030000 -1.468641 -2.560407 -0.407891
16.035000 -1.481333 -2.538377 -0.407891
16.040000 -1.493914 -2.516157 -0.407892
16.045000 -1.506383 -2.493749 -0.407893
16.050000 -1.518738 -2.471153 -0.407896
16.055000 -1.530980 -2.448372 -0.407899
16.060000 -1.543107 -2.425407 -0.407903
16.065000 -1.555119 -2.402260 -0.407907
16.070000 -1.567013 -2.378934 -0.407913
16.075000 -1.578790 -2.355428 -0.407919
16.080000 -1.590449 -2.331747 -0.407926
16.085000 -1.601989 -2.307890 -0.407934
16.090000 -1.613408 -2.283860 -0.407942
16.095000 -1.624706 -2.259659 -0.407951
16.100000 -1.635883 -2.235288 -0.407961
16.105000 -1.646936 -2.210750 -0.407972
16.110000 -1.657867 -2.186046 -0.407984
16.115000 -1.668673 -2.161178 -0.407996
16.120000 -1.679353 -2.136148 -0.408009
16.125000 -1.689908 -2.110958 -0.408022
16.130000 -1.700336 -2.085609 -0.408037
16.135000 -1.710637 -2.060104 -0.408052
16.140000 -1.720809 -2.034444 -0.408068
16.145000 -1.730852 -2.008632 -0.408084
16.150000 -1.740765 -1.982669 -0.408101
16.155000 -1.750548 -1.956558 -0.408119
16.160000 -1.760200 -1.930300 -0.408138
16.165000 -1.769719 -1.903897 -0.408157
16.170000 -1.779106 -1.877351 -0.408177
16.175000 -1.788359 -1.850664 -0.408198
16.180000 -1.797478 -1.823839 -0.408219
16.185000 -1.806463 -1.796877 -0.408241
16.190000 -1.815312 -1.769780 -0.408264
16.195000 -1.824024 -1.742550 -0.408287
16.200000 -1.832600 -1.715190 -0.408311
16.205000 -1.841039 -1.687701 -0.408336
16.210000 -1.849339 -1.660085 -0.408361
16.215000 -1.857501 -1.632345 -0.408387
16.220000 -1.865523 -1.604483 -0.408414
16.225000 -1.873406 -1.576500 -0.408441
16.230000 -1.881148 -1.548399 -0.408469
16.235000 -1.888749 -1.520182 -0.408497
16.240000 -1.896208 -1.491850 -0.408526
16.245000 -1.903525 -1.463407 -0.408555
16.250000 -1.910699 -1.434854 -0.408585
16.255000 -1.917730 -1.406194 -0.408616
16.260000 -1.924618 -1.377428 -0.408647
16.265000 -1.931360 -1.348559 -0.408679
16.270000 -1.937958 -1.319588 -0.408711
16.275000 -1.944411 -1.290519 -0.408744
16.280000 -1.950718 -1.261353 -0.408777
16.285000 -1.956878 -1.232092 -0.408811
16.290000 -1.962892 -1.202739 -0.408845
16.295000 -1.968758 -1.173295 -0.408880
16.300000 -1.974477 -1.143764 -0.408915
16.305000 -1.980048 -1.114147 -0.408950
16.310000 -1.985470 -1.084446 -0.408986
16.315000 -1.990743 -1.054664 -0.409023
16.320000 -1.995867 -1.024803 -0.409060
16.325000 -2.000842 -0.994865 -0.409097
16.330000 -2.005666 -0.964852 -0.409135
16.335000 -2.010340 -0.934767 -0.409173
16.340000 -2.014863 -0.904612 -0.409212
16.345000 -2.019235 -0.874389 -0.409251
16.350000 -2.023455 -0.844101 -0.409290
16.355000 -2.027524 -0.813749 -0.409330
16.360000 -2.031441 -0.783336 -0.409370
16.365000 -2.035205 -0.752864 -0.409410
16.370000 -2.038817 -0.722336 -0.409450
16.375000 -2.042275 -0.691754 -0.409491
16.380000 -2.045581 -0.661120 -0.409532
16.385000 -2.048733 -0.630436 -0.409574
16.390000 -2.051732 -0.599705 -0.409616
16.395000 -2.054576 -0.568929 -0.409658
16.400000 -2.057267 -0.538111 -0.409700
16.405000 -2.059803 -0.507252 -0.409742
16.410000 -2.062185 -0.476355 -0.409785
16.415000 -2.064412 -0.445422 -0.409828
16.420000 -2.066484 -0.414456 -0.409871
16.425000 -2.068402 -0.383458 -0.409914
16.430000 -2.070164 -0.352432 -0.409957
16.435000 -2.071771 -0.321380 -0.410001
16.440000 -2.073222 -0.290303 -0.410044
16.445000 -2.074518 -0.259205 -0.410088
16.450000 -2.075659 -0.228087 -0.410132
16.455000 -2.076644 -0.196952 -0.410176
16.460000 -2.077473 -0.165803 -0.410220
16.465000 -2.078146 -0.134641 -0.410264
16.470000 -2.078663 -0.103468 -0.410308
16.475000 -2.079025 -0.072288 -0.410352
16.480000 -2.079230 -0.041103 -0.410396
16.485000 -2.079280 -0.009915 -0.410440
16.490000 -2.079173 0.021275 -0.410485
16.495000 -2.078911 0.052462 -0.410529
16.500000 -2.078493 0.083646 -0.410573
16.505000 -2.077919 0.114823 -0.410617
16.510000 -2.077189 0.145992 -0.410661
16.515000 -2.076303 0.177150 -0.410705
16.520000 -2.075261 0.208294 -0.410749
16.525000 -2.074064 0.239423 -0.410793
16.530000 -2.072712 0.270534 -0.410837
16.535000 -2.071203 0.301625 -0.410880
16.540000 -2.069540 0.332693 -0.410924
16.545000 -2.067721 0.363736 -0.410967
16.550000 -2.065748 0.394752 -0.411011
16.555000 -2.063619 0.425738 -0.411054
16.560000 -2.061335 0.456692 -0.411096
16.565000 -2.058897 0.487612 -0.411139
16.570000 -2.056305 0.518496 -0.411181
16.575000 -2.053558 0.549341 -0.411224
16.580000 -2.050657 0.580144 -0.411266
16.585000 -2.047603 0.610904 -0.411307
16.590000 -2.044395 0.641618 -0.411349
16.595000 -2.041033 0.672284 -0.411390
16.600000 -2.037519 0.702899 -0.411431
16.605000 -2.033852 0.733462 -0.411472
16.610000 -2.030032 0.763970 -0.411512
16.615000 -2.026060 0.794420 -0.411552
16.620000 -2.021936 0.824811 -0.411592
16.625000 -2.017660 0.855140 -0.411631
16.630000 -2.013233 0.885405 -0.411670
16.635000 -2.008655 0.915604 -0.411708
16.640000 -2.003926 0.945733 -0.411747
16.645000 -1.999047 0.975792 -0.411785
16.650000 -1.994018 1.005778 -0.411822
16.655000 -1.988840 1.035688 -0.411859
16.660000 -1.983512 1.065521 -0.411896
16.665000 -1.978036 1.095274 -0.411932
16.670000 -1.972411 1.124944 -0.411967
16.675000 -1.966639 1.154530 -0.412003
16.680000 -1.960718 1.184030 -0.412037
16.685000 -1.954651 1.213441 -0.412072
16.690000 -1.948437 1.242760 -0.412106
16.695000 -1.942077 1.271987 -0.412139
16.700000 -1.935572 1.301118 -0.412172
16.705000 -1.928921 1.330152 -0.412204
16.710000 -1.922126 1.359086 -0.412236
16.715000 -1.915186 1.387917 -0.412267
16.720000 -1.908103 1.416645 -0.412298
16.725000 -1.900877 1.445267 -0.412328
16.730000 -1.893508 1.473780 -0.412357
16.735000 -1.885997 1.502182 -0.412386
16.740000 -1.878344 1.530472 -0.412415
16.745000 -1.870551 1.558648 -0.412442
16.750000 -1.862618 1.586706 -0.412470
16.755000 -1.854544 1.614645 -0.412496
16.760000 -1.846332 1.642463 -0.412522
16.765000 -1.837981 1.670158 -0.412548
16.770000 -1.829493 1.697728 -0.412572
16.775000 -1.820867 1.725170 -0.412596
16.780000 -1.812104 1.752483 -0.412620
16.785000 -1.803206 1.779665 -0.412643
16.790000 -1.794172 1.806713 -0.412665
16.795000 -1.785004 1.833626 -0.412686
16.800000 -1.775702 1.860401 -0.412707
16.805000 -1.766267 1.887036 -0.412727
16.810000 -1.756700 1.913530 -0.412746
16.815000 -1.747000 1.939881 -0.412765
16.820000 -1.737170 1.966086 -0.412783
16.825000 -1.727209 1.992143 -0.412801
16.830000 -1.717119 2.018051 -0.412817
16.835000 -1.706900 2.043808 -0.412833
16.840000 -1.696553 2.069412 -0.412848
16.845000 -1.686078 2.094860 -0.412863
16.850000 -1.675478 2.120151 -0.412877
16.855000 -1.664751 2.145283 -0.412890
16.860000 -1.653900 2.170255 -0.412902
16.865000 -1.642925 2.195063 -0.412913
16.870000 -1.631826 2.219707 -0.412924
16.875000 -1.620605 2.244184 -0.412934
16.880000 -1.609263 2.268493 -0.412944
16.885000 -1.597799 2.292632 -0.412952
16.890000 -1.586216 2.316599 -0.412960
16.895000 -1.574515 2.340393 -0.412967
16.900000 -1.562694 2.364010 -0.412973
16.905000 -1.550757 2.387451 -0.412979
16.910000 -1.538704 2.410712 -0.412984
16.915000 -1.526535 2.433793 -0.412988
16.920000 -1.514251 2.456691 -0.412991
16.925000 -1.501854 2.479404 -0.412993
16.930000 -1.489345 2.501932 -0.412995
16.935000 -1.476723 2.524272 -0.412996
16.940000 -1.463991 2.546423 -0.412996
16.945000 -1.451149 2.568383 -0.412996
16.950000 -1.438198 2.590150 -0.412994
16.955000 -1.425140 2.611723 -0.412992
16.960000 -1.411974 2.633100 -0.412989
16.965000 -1.398703 2.654280 -0.412986
16.970000 -1.385327 2.675261 -0.412981
16.975000 -1.371846 2.696040 -0.412976
16.980000 -1.358263 2.716618 -0.412970
16.985000 -1.344578 2.736992 -0.412964
16.990000 -1.330793 2.757161 -0.412956
16.995000 -1.316907 2.777123 -0.412948
17.000000 -1.302923 2.796876 -0.412939
17.005000 -1.288840 2.816420 -0.412929
17.010000 -1.274662 2.835753 -0.412919
17.015000 -1.260387 2.854873 -0.412908
17.020000 -1.246018 2.873778 -0.412896
17.025000 -1.231556 2.892469 -0.412883
17.030000 -1.217001 2.910942 -0.412870
17.035000 -1.202355 2.929197 -0.412856
17.040000 -1.187619 2.947232 -0.412841
17.045000 -1.172794 2.965047 -0.412825
17.050000 -1.157881 2.982639 -0.412809
17.055000 -1.142881 3.000007 -0.412792
17.060000 -1.127795 3.017150 -0.412775
17.065000 -1.112625 3.034067 -0.412756
17.070000 -1.097371 3.050756 -0.412737
17.075000 -1.082035 3.067217 -0.412717
17.080000 -1.066618 3.083447 -0.412697
17.085000 -1.051120 3.099447 -0.412676
17.090000 -1.035544 3.115214 -0.412654
17.095000 -1.019891 3.130747 -0.412632
17.100000 -1.004160 3.146045 -0.412609
17.105000 -0.988355 3.161107 -0.412585
17.110000 -0.972475 3.175933 -0.412560
17.115000 -0.956522 3.190520 -0.412535
17.120000 -0.940498 3.204868 -0.412510
17.125000 -0.924403 3.218975 -0.412483
17.130000 -0.908239 3.232841 -0.412456
17.135000 -0.892007 3.246465 -0.412429
17.140000 -0.875708 3.259845 -0.412401
17.145000 -0.859343 3.272981 -0.412372
17.150000 -0.842913 3.285871 -0.412343
17.155000 -0.826421 3.298514 -0.412313
17.160000 -0.809866 3.310911 -0.412283
17.165000 -0.793251 3.323059 -0.412252
17.170000 -0.776576 3.334957 -0.412220
17.175000 -0.759843 3.346606 -0.412188
17.180000 -0.743053 3.358004 -0.412156
17.185000 -0.726207 3.369150 -0.412123
17.190000 -0.709307 3.380043 -0.412089
17.195000 -0.692354 3.390682 -0.412055
17.200000 -0.675348 3.401068 -0.412021
17.205000 -0.658292 3.411198 -0.411986
17.210000 -0.641187 3.421072 -0.411950
17.215000 -0.624033 3.430690 -0.411914
17.220000 -0.606833 3.440050 -0.411878
17.225000 -0.589587 3.449153 -0.411841
17.230000 -0.572297 3.457997 -0.411804
17.235000 -0.554965 3.466581 -0.411766
17.240000 -0.537590 3.474906 -0.411728
17.245000 -0.520175 3.482970 -0.411690
17.250000 -0.502721 3.490772 -0.411651
17.255000 -0.485230 3.498313 -0.411612
17.260000 -0.467702 3.505591 -0.411572
17.265000 -0.450139 3.512607 -0.411533
17.270000 -0.432542 3.519359 -0.411492
17.275000 -0.414913 3.525847 -0.411452
17.280000 -0.397252 3.532071 -0.411411
17.285000 -0.379562 3.538030 -0.411370
17.290000 -0.361844 3.543723 -0.411329
17.295000 -0.344098 3.549151 -0.411287
17.300000 -0.326326 3.554312 -0.411245
17.305000 -0.308530 3.559207 -0.411203
17.310000 -0.290711 3.563835 -0.411161
17.315000 -0.272870 3.568196 -0.411118
17.320000 -0.255009 3.572289 -0.411076
17.325000 -0.237128 3.576114 -0.411033
17.330000 -0.219230 3.579671 -0.410990
17.335000 -0.201315 3.582959 -0.410946
17.340000 -0.183385 3.585979 -0.410903
17.345000 -0.165441 3.588730 -0.410859
17.350000 -0.147485 3.591211 -0.410816
17.355000 -0.129518 3.593424 -0.410772
17.360000 -0.111541 3.595366 -0.410728
17.365000 -0.093556 3.597040 -0.410684
17.370000 -0.075564 3.598443 -0.410640
17.375000 -0.057566 3.599576 -0.410596
17.380000 -0.039564 3.600440 -0.410552
17.385000 -0.021559 3.601033 -0.410507
17.390000 -0.003552 3.601357 -0.410463
17.395000 0.014455 3.601410 -0.410419
17.400000 0.032461 3.601193 -0.410375
17.405000 0.050465 3.600706 -0.410331
17.410000 0.068464 3.599949 -0.410286
17.415000 0.086459 3.598922 -0.410242
17.420000 0.104447 3.597625 -0.410198
17.425000 0.122427 3.596059 -0.410154
17.430000 0.140398 3.594222 -0.410110
17.435000 0.158359 3.592116 -0.410067
17.440000 0.176308 3.589741 -0.410023
17.445000 0.194243 3.587096 -0.409979
17.450000 0.212164 3.584183 -0.409936
17.455000 0.230069 3.581000 -0.409893
17.460000 0.247957 3.577549 -0.409850
17.465000 0.265826 3.573830 -0.409807
17.470000 0.283675 3.569842 -0.409764
17.475000 0.301503 3.565587 -0.409722
17.480000 0.319309 3.561065 -0.409679
17.485000 0.337090 3.556275 -0.409637
17.490000 0.354846 3.551219 -0.409595
17.495000 0.372575 3.545896 -0.409554
17.500000 0.390277 3.540307 -0.409512
17.505000 0.407949 3.534453 -0.409471
17.510000 0.425591 3.528334 -0.409431
17.515000 0.443201 3.521950 -0.409390
17.520000 0.460777 3.515302 -0.409350
17.525000 0.478319 3.508391 -0.409310
17.530000 0.495825 3.501216 -0.409271
17.535000 0.513294 3.493778 -0.409232
17.540000 0.530725 3.486079 -0.409193
17.545000 0.548115 3.478118 -0.409155
17.550000 0.565465 3.469896 -0.409117
17.555000 0.582772 3.461414 -0.409079
17.560000 0.600035 3.452673 -0.409042
17.565000 0.617253 3.443672 -0.409005
17.570000 0.634425 3.434414 -0.408969
17.575000 0.651550 3.424897 -0.408933
17.580000 0.668626 3.415124 -0.408898
17.585000 0.685651 3.405095 -0.408863
17.590000 0.702625 3.394810 -0.408828
17.595000 0.719546 3.384270 -0.408794
17.600000 0.736414 3.373477 -0.408761
17.605000 0.753226 3.362431 -0.408728
17.610000 0.769982 3.351133 -0.408695
17.615000 0.786680 3.339583 -0.408663
17.620000 0.803318 3.327783 -0.408632
17.625000 0.819897 3.315733 -0.408601
17.630000 0.836414 3.303434 -0.408571
17.635000 0.852869 3.290888 -0.408541
17.640000 0.869259 3.278095 -0.408512
17.645000 0.885585 3.265056 -0.408483
17.650000 0.901843 3.251773 -0.408455
17.655000 0.918035 3.238245 -0.408428
17.660000 0.934157 3.224474 -0.408401
17.665000 0.950209 3.210462 -0.408375
17.670000 0.966190 3.196209 -0.408349
17.675000 0.982099 3.181716 -0.408324
17.680000 0.997934 3.166985 -0.408300
17.685000 1.013694 3.152016 -0.408276
17.690000 1.029378 3.136810 -0.408253
17.695000 1.044985 3.121369 -0.408231
17.700000 1.060513 3.105695 -0.408209
17.705000 1.075962 3.089787 -0.408188
17.710000 1.091330 3.073648 -0.408167
17.715000 1.106617 3.057278 -0.408148
17.720000 1.121820 3.040678 -0.408129
17.725000 1.136939 3.023851 -0.408110
17.730000 1.151973 3.006797 -0.408093
17.735000 1.166921 2.989517 -0.408076
17.740000 1.181781 2.972014 -0.408060
17.745000 1.196553 2.954287 -0.408044
17.750000 1.211234 2.936338 -0.408030
17.755000 1.225825 2.918170 -0.408016
17.760000 1.240324 2.899783 -0.408002
17.765000 1.254730 2.881178 -0.407990
17.770000 1.269042 2.862357 -0.407978
17.775000 1.283258 2.843321 -0.407967
17.780000 1.297379 2.824072 -0.407956
17.785000 1.311402 2.804612 -0.407947
17.790000 1.325326 2.784941 -0.407938
17.795000 1.339152 2.765061 -0.407930
17.800000 1.352877 2.744973 -0.407923
17.805000 1.366500 2.724680 -0.407916
17.810000 1.380021 2.704183 -0.407910
17.815000 1.393438 2.683482 -0.407905
17.820000 1.406751 2.662581 -0.407901
17.825000 1.419959 2.641480 -0.407897
17.830000 1.433060 2.620180 -0.407894
17.835000 1.446053 2.598684 -0.407892
17.840000 1.458938 2.576994 -0.407891
17.845000 1.471713 2.555109 -0.407891
17.850000 1.484379 2.533034 -0.407891
17.855000 1.496932 2.510768 -0.407892
17.860000 1.509374 2.488314 -0.407894
17.865000 1.521702 2.465674 -0.407896
17.870000 1.533917 2.442848 -0.407900
17.875000 1.546016 2.419839 -0.407904
17.880000 1.557999 2.396649 -0.407909
17.885000 1.569865 2.373279 -0.407914
17.890000 1.581614 2.349731 -0.407921
17.895000 1.593244 2.326007 -0.407928
17.900000 1.604755 2.302108 -0.407936
17.905000 1.616145 2.278037 -0.407944
17.910000 1.627414 2.253795 -0.407954
17.915000 1.638561 2.229383 -0.407964
17.920000 1.649585 2.204805 -0.407975
17.925000 1.660485 2.180061 -0.407986
17.930000 1.671261 2.155154 -0.407999
17.935000 1.681911 2.130085 -0.408012
17.940000 1.692436 2.104856 -0.408026
17.945000 1.702833 2.079470 -0.408040
17.950000 1.713103 2.053927 -0.408056
17.955000 1.723244 2.028231 -0.408071
17.960000 1.733256 2.002382 -0.408088
17.965000 1.743138 1.976383 -0.408106
17.970000 1.752889 1.950236 -0.408124
17.975000 1.762508 1.923943 -0.408143
17.980000 1.771996 1.897505 -0.408162
17.985000 1.781351 1.870925 -0.408182
17.990000 1.790572 1.844205 -0.408203
17.995000 1.799658 1.817347 -0.408225
18.000000 1.808610 1.790352 -0.408247
18.005000 1.817426 1.763223 -0.408270
18.010000 1.826106 1.735961 -0.408293
18.015000 1.834649 1.708570 -0.408317
18.020000 1.843054 1.681050 -0.408342
18.025000 1.851321 1.653404 -0.408368
18.030000 1.859449 1.625634 -0.408394
18.035000 1.867438 1.597742 -0.408420
18.040000 1.875287 1.569731 -0.408447
18.045000 1.882995 1.541602 -0.408475
18.050000 1.890561 1.513357 -0.408504
18.055000 1.897986 1.484998 -0.408533
18.060000 1.905269 1.456528 -0.408562
18.065000 1.912409 1.427949 -0.408593
18.070000 1.919405 1.399263 -0.408623
18.075000 1.926258 1.370472 -0.408655
18.080000 1.932965 1.341578 -0.408686
18.085000 1.939528 1.312584 -0.408719
18.090000 1.945946 1.283491 -0.408752
18.095000 1.952217 1.254302 -0.408785
18.100000 1.958342 1.225018 -0.408819
18.105000 1.964321 1.195643 -0.408853
18.110000 1.970152 1.166179 -0.408888
18.115000 1.975835 1.136626 -0.408923
18.120000 1.981370 1.106989 -0.408959
18.125000 1.986756 1.077268 -0.408995
18.130000 1.991993 1.047467 -0.409032
18.135000 1.997081 1.017587 -0.409069
18.140000 2.002019 0.987631 -0.409106
18.145000 2.006807 0.957600 -0.409144
18.150000 2.011445 0.927498 -0.409183
18.155000 2.015931 0.897327 -0.409221
18.160000 2.020267 0.867088 -0.409260
18.165000 2.024451 0.836784 -0.409300
18.170000 2.028483 0.806417 -0.409339
18.175000 2.032363 0.775990 -0.409379
18.180000 2.036090 0.745504 -0.409420
18.185000 2.039665 0.714963 -0.409460
18.190000 2.043087 0.684368 -0.409501
18.195000 2.046356 0.653722 -0.409542
18.200000 2.049471 0.623026 -0.409584
18.205000 2.052432 0.592284 -0.409626
18.210000 2.055240 0.561498 -0.409668
18.215000 2.057893 0.530669 -0.409710
18.220000 2.060392 0.499801 -0.409752
18.225000 2.062737 0.468895 -0.409795
18.230000 2.064926 0.437954 -0.409838
18.235000 2.066961 0.406980 -0.409881
18.240000 2.068841 0.375975 -0.409924
18.245000 2.070566 0.344943 -0.409968
18.250000 2.072135 0.313884 -0.410011
18.255000 2.073549 0.282802 -0.410055
18.260000 2.074808 0.251699 -0.410098
18.265000 2.075911 0.220577 -0.410142
18.270000 2.076858 0.189438 -0.410186
18.275000 2.077649 0.158285 -0.410230
18.280000 2.078285 0.127121 -0.410274
18.285000 2.078765 0.095946 -0.410319
18.290000 2.079088 0.064765 -0.410363
18.295000 2.079256 0.033579 -0.410407
18.300000 2.079268 0.002390 -0.410451
18.305000 2.079124 -0.028799 -0.410495
18.310000 2.078824 -0.059986 -0.410540
18.315000 2.078368 -0.091168 -0.410584
18.320000 2.077757 -0.122344 -0.410628
18.325000 2.076989 -0.153510 -0.410672
18.330000 2.076066 -0.184665 -0.410716
18.335000 2.074987 -0.215806 -0.410760
18.340000 2.073752 -0.246931 -0.410804
18.345000 2.072362 -0.278037 -0.410847
18.350000 2.070816 -0.309123 -0.410891
18.355000 2.069115 -0.340185 -0.410934
18.360000 2.067259 -0.371222 -0.410978
18.365000 2.065248 -0.402231 -0.411021
18.370000 2.063082 -0.433209 -0.411064
18.375000 2.060761 -0.464155 -0.411107
18.380000 2.058286 -0.495067 -0.411149
18.385000 2.055656 -0.525941 -0.411192
18.390000 2.052872 -0.556776 -0.411234
18.395000 2.049935 -0.587569 -0.411276
18.400000 2.046843 -0.618318 -0.411317
18.405000 2.043598 -0.649021 -0.411359
18.410000 2.040200 -0.679675 -0.411400
18.415000 2.036648 -0.710278 -0.411441
18.420000 2.032944 -0.740827 -0.411481
18.425000 2.029087 -0.771322 -0.411522
18.430000 2.025079 -0.801758 -0.411562
18.435000 2.020918 -0.832134 -0.411601
18.440000 2.016606 -0.862448 -0.411640
18.445000 2.012142 -0.892697 -0.411679
18.450000 2.007528 -0.922879 -0.411718
18.455000 2.002763 -0.952992 -0.411756
18.460000 1.997848 -0.983033 -0.411794
18.465000 1.992783 -1.013001 -0.411831
18.470000 1.987568 -1.042893 -0.411868
18.475000 1.982205 -1.072706 -0.411904
18.480000 1.976692 -1.102439 -0.411940
18.485000 1.971032 -1.132090 -0.411976
18.490000 1.965224 -1.161655 -0.412011
18.495000 1.959268 -1.191134 -0.412046
18.500000 1.953165 -1.220523 -0.412080
18.505000 1.946916 -1.249820 -0.412114
18.510000 1.940521 -1.279024 -0.412147
18.515000 1.933981 -1.308132 -0.412179
18.520000 1.927295 -1.337141 -0.412212
18.525000 1.920465 -1.366051 -0.412243
18.530000 1.913490 -1.394858 -0.412274
18.535000 1.906373 -1.423560 -0.412305
18.540000 1.899112 -1.452156 -0.412335
18.545000 1.891709 -1.480643 -0.412364
18.550000 1.884163 -1.509018 -0.412393
18.555000 1.876477 -1.537281 -0.412421
18.560000 1.868650 -1.565428 -0.412449
18.565000 1.860683 -1.593457 -0.412476
18.570000 1.852576 -1.621368 -0.412503
18.575000 1.844330 -1.649156 -0.412528
18.580000 1.835946 -1.676821 -0.412554
18.585000 1.827424 -1.704361 -0.412578
18.590000 1.818765 -1.731772 -0.412602
18.595000 1.809970 -1.759053 -0.412625
18.600000 1.801039 -1.786203 -0.412648
18.605000 1.791973 -1.813218 -0.412670
18.610000 1.782772 -1.840098 -0.412691
18.615000 1.773438 -1.866840 -0.412712
18.620000 1.763971 -1.893441 -0.412732
18.625000 1.754371 -1.919901 -0.412751
18.630000 1.744640 -1.946216 -0.412770
18.635000 1.734778 -1.972386 -0.412787
18.640000 1.724786 -1.998408 -0.412805
18.645000 1.714665 -2.024279 -0.412821
18.650000 1.704415 -2.049999 -0.412837
18.655000 1.694037 -2.075566 -0.412852
18.660000 1.683532 -2.100976 -0.412866
18.665000 1.672901 -2.126229 -0.412880
18.670000 1.662145 -2.151323 -0.412893
18.675000 1.651263 -2.176255 -0.412905
18.680000 1.640258 -2.201024 -0.412916
18.685000 1.629130 -2.225628 -0.412927
18.690000 1.617880 -2.250065 -0.412937
18.695000 1.606508 -2.274333 -0.412946
18.700000 1.595016 -2.298430 -0.412954
18.705000 1.583404 -2.322356 -0.412962
18.710000 1.571674 -2.346107 -0.412969
18.715000 1.559825 -2.369682 -0.412975
18.720000 1.547860 -2.393079 -0.412980
18.725000 1.535778 -2.416297 -0.412985
18.730000 1.523582 -2.439334 -0.412989
18.735000 1.511271 -2.462188 -0.412992
18.740000 1.498846 -2.484857 -0.412994
18.745000 1.486310 -2.507339 -0.412995
18.750000 1.473662 -2.529634 -0.412996
18.755000 1.460903 -2.551739 -0.412996
18.760000 1.448035 -2.573652 -0.412996
18.765000 1.435058 -2.595373 -0.412994
18.770000 1.421973 -2.616899 -0.412992
18.775000 1.408782 -2.638228 -0.412989
18.780000 1.395485 -2.659360 -0.412985
18.785000 1.382084 -2.680292 -0.412980
18.790000 1.368579 -2.701024 -0.412975
18.795000 1.354971 -2.721552 -0.412969
18.800000 1.341262 -2.741877 -0.412962
18.805000 1.327452 -2.761996 -0.412954
18.810000 1.313542 -2.781908 -0.412946
18.815000 1.299534 -2.801611 -0.412937
18.820000 1.285428 -2.821104 -0.412927
18.825000 1.271227 -2.840385 -0.412916
18.830000 1.256929 -2.859454 -0.412905
18.835000 1.242538 -2.878307 -0.412893
18.840000 1.228053 -2.896946 -0.412880
18.845000 1.213476 -2.915366 -0.412867
18.850000 1.198808 -2.933568 -0.412852
18.855000 1.184051 -2.951551 -0.412837
18.860000 1.169204 -2.969311 -0.412822
18.865000 1.154270 -2.986849 -0.412805
18.870000 1.139249 -3.004163 -0.412788
18.875000 1.124143 -3.021252 -0.412770
18.880000 1.108952 -3.038114 -0.412752
18.885000 1.093678 -3.054749 -0.412732
18.890000 1.078323 -3.071154 -0.412713
18.895000 1.062886 -3.087329 -0.412692
18.900000 1.047370 -3.103272 -0.412671
18.905000 1.031775 -3.118982 -0.412649
18.910000 1.016102 -3.134459 -0.412626
18.915000 1.000354 -3.149701 -0.412603
18.920000 0.984530 -3.164706 -0.412579
18.925000 0.968633 -3.179474 -0.412554
18.930000 0.952663 -3.194003 -0.412529
18.935000 0.936621 -3.208293 -0.412503
18.940000 0.920510 -3.222343 -0.412477
18.945000 0.904329 -3.236150 -0.412450
18.950000 0.888080 -3.249715 -0.412422
18.955000 0.871765 -3.263036 -0.412394
18.960000 0.855385 -3.276113 -0.412365
18.965000 0.838940 -3.288944 -0.412336
18.970000 0.822432 -3.301528 -0.412306
18.975000 0.805863 -3.313864 -0.412275
18.980000 0.789233 -3.325952 -0.412244
18.985000 0.772544 -3.337791 -0.412213
18.990000 0.755797 -3.349379 -0.412181
18.995000 0.738994 -3.360716 -0.412148
19.000000 0.722135 -3.371801 -0.412115
19.005000 0.705222 -3.382633 -0.412081
19.010000 0.688256 -3.393211 -0.412047
19.015000 0.671238 -3.403535 -0.412012
19.020000 0.654170 -3.413604 -0.411977
19.025000 0.637053 -3.423416 -0.411942
19.030000 0.619888 -3.432972 -0.411905
19.035000 0.602677 -3.442270 -0.411869
19.040000 0.585420 -3.451310 -0.411832
19.045000 0.568120 -3.460092 -0.411795
19.050000 0.550777 -3.468613 -0.411757
19.055000 0.533392 -3.476875 -0.411719
19.060000 0.515968 -3.484876 -0.411681
19.065000 0.498505 -3.492615 -0.411642
19.070000 0.481004 -3.500093 -0.411602
19.075000 0.463468 -3.507308 -0.411563
19.080000 0.445896 -3.514260 -0.411523
19.085000 0.428292 -3.520949 -0.411483
19.090000 0.410655 -3.527373 -0.411442
19.095000 0.392987 -3.533533 -0.411401
19.100000 0.375290 -3.539428 -0.411360
19.105000 0.357565 -3.545057 -0.411319
19.110000 0.339813 -3.550420 -0.411277
19.115000 0.322035 -3.555518 -0.411235
19.120000 0.304233 -3.560348 -0.411193
19.125000 0.286409 -3.564912 -0.411151
19.130000 0.268563 -3.569208 -0.411108
19.135000 0.250697 -3.573236 -0.411065
19.140000 0.232812 -3.576997 -0.411022
19.145000 0.214909 -3.580489 -0.410979
19.150000 0.196991 -3.583712 -0.410936
19.155000 0.179057 -3.586667 -0.410892
19.160000 0.161110 -3.589353 -0.410849
19.165000 0.143152 -3.591770 -0.410805
19.170000 0.125182 -3.593917 -0.410761
19.175000 0.107203 -3.595795 -0.410717
19.180000 0.089216 -3.597403 -0.410673
19.185000 0.071222 -3.598741 -0.410629
19.190000 0.053223 -3.599809 -0.410585
19.195000 0.035220 -3.600608 -0.410541
19.200000 0.017215 -3.601136 -0.410497
19.205000 -0.000792 -3.601394 -0.410453
19.210000 -0.018799 -3.601382 -0.410408
19.215000 -0.036805 -3.601100 -0.410364
19.220000 -0.054808 -3.600548 -0.410320
19.225000 -0.072806 -3.599726 -0.410276
19.230000 -0.090799 -3.598634 -0.410232
19.235000 -0.108786 -3.597272 -0.410188
19.240000 -0.126764 -3.595640 -0.410144
19.245000 -0.144733 -3.593739 -0.410100
19.250000 -0.162691 -3.591568 -0.410056
19.255000 -0.180636 -3.589128 -0.410013
19.260000 -0.198568 -3.586418 -0.409969
19.265000 -0.216485 -3.583439 -0.409926
19.270000 -0.234386 -3.580192 -0.409882
19.275000 -0.252270 -3.576676 -0.409839
19.280000 -0.270134 -3.572892 -0.409796
19.285000 -0.287978 -3.568840 -0.409754
19.290000 -0.305801 -3.564521 -0.409711
19.295000 -0.323601 -3.559934 -0.409669
19.300000 -0.341376 -3.555080 -0.409627
19.305000 -0.359126 -3.549959 -0.409585
19.310000 -0.376849 -3.544572 -0.409544
19.315000 -0.394543 -3.538919 -0.409503
19.320000 -0.412208 -3.533001 -0.409462
19.325000 -0.429842 -3.526818 -0.409421
19.330000 -0.447444 -3.520370 -0.409381
19.335000 -0.465013 -3.513659 -0.409341
19.340000 -0.482546 -3.506684 -0.409301
19.345000 -0.500043 -3.499445 -0.409261
19.350000 -0.517503 -3.491945 -0.409222
19.355000 -0.534924 -3.484182 -0.409184
19.360000 -0.552305 -3.476158 -0.409146
19.365000 -0.569644 -3.467874 -0.409108
19.370000 -0.586941 -3.459329 -0.409070
19.375000 -0.604193 -3.450525 -0.409033
19.380000 -0.621401 -3.441462 -0.408996
19.385000 -0.638561 -3.432141 -0.408960
19.390000 -0.655674 -3.422563 -0.408924
19.395000 -0.672738 -3.412728 -0.408889
19.400000 -0.689751 -3.402637 -0.408854
19.405000 -0.706712 -3.392290 -0.408820
19.410000 -0.723621 -3.381690 -0.408786
19.415000 -0.740475 -3.370835 -0.408753
19.420000 -0.757274 -3.359728 -0.408720
19.425000 -0.774016 -3.348369 -0.408687
19.430000 -0.790699 -3.336759 -0.408656
19.435000 -0.807324 -3.324898 -0.408624
19.440000 -0.823888 -3.312788 -0.408594
19.445000 -0.840390 -3.300430 -0.408563
19.450000 -0.856829 -3.287824 -0.408534
19.455000 -0.873204 -3.274972 -0.408505
19.460000 -0.889513 -3.261874 -0.408476
19.465000 -0.905756 -3.248531 -0.408448
19.470000 -0.921931 -3.234945 -0.408421
19.475000 -0.938036 -3.221116 -0.408394
19.480000 -0.954071 -3.207045 -0.408368
19.485000 -0.970035 -3.192734 -0.408343
19.490000 -0.985926 -3.178184 -0.408318
19.495000 -1.001743 -3.163395 -0.408294
19.500000 -1.017485 -3.148369 -0.408270
19.505000 -1.033150 -3.133106 -0.408248
19.510000 -1.048738 -3.117609 -0.408225
19.515000 -1.064248 -3.101878 -0.408204
19.520000 -1.079677 -3.085914 -0.408183
19.525000 -1.095026 -3.069719 -0.408163
19.530000 -1.110292 -3.053294 -0.408143
19.535000 -1.125476 -3.036639 -0.408124
19.540000 -1.140574 -3.019757 -0.408106
19.545000 -1.155588 -3.002649 -0.408089
19.550000 -1.170514 -2.985315 -0.408072
19.555000 -1.185353 -2.967757 -0.408056
19.560000 -1.200103 -2.949977 -0.408041
19.565000 -1.214763 -2.931975 -0.408026
19.570000 -1.229332 -2.913754 -0.408012
19.575000 -1.243808 -2.895314 -0.407999
19.580000 -1.258191 -2.876657 -0.407987
19.585000 -1.272480 -2.857784 -0.407975
19.590000 -1.286674 -2.838697 -0.407964
19.595000 -1.300771 -2.819397 -0.407954
19.600000 -1.314770 -2.799885 -0.407945
19.605000 -1.328671 -2.780163 -0.407936
19.610000 -1.342472 -2.760233 -0.407928
19.615000 -1.356173 -2.740096 -0.407921
19.620000 -1.369771 -2.719754 -0.407914
19.625000 -1.383267 -2.699207 -0.407909
19.630000 -1.396660 -2.678458 -0.407904
19.635000 -1.409947 -2.657508 -0.407900
19.640000 -1.423129 -2.636359 -0.407896
19.645000 -1.436204 -2.615012 -0.407894
19.650000 -1.449172 -2.593469 -0.407892
19.655000 -1.462030 -2.571731 -0.407891
19.660000 -1.474779 -2.549801 -0.407891
19.665000 -1.487418 -2.527679 -0.407891
19.670000 -1.499944 -2.505368 -0.407892
19.675000 -1.512359 -2.482869 -0.407894
19.680000 -1.524660 -2.460183 -0.407897
19.685000 -1.536846 -2.437314 -0.407901
19.690000 -1.548918 -2.414261 -0.407905
19.695000 -1.560873 -2.391027 -0.407910
19.700000 -1.572711 -2.367614 -0.407916
19.705000 -1.584431 -2.344023 -0.407922
19.710000 -1.596032 -2.320257 -0.407930
19.715000 -1.607514 -2.296316 -0.407938
19.720000 -1.618875 -2.272204 -0.407947
19.725000 -1.630114 -2.247921 -0.407956
19.730000 -1.641232 -2.223469 -0.407966
19.735000 -1.652226 -2.198850 -0.407978
19.740000 -1.663096 -2.174067 -0.407989
19.745000 -1.673842 -2.149121 -0.408002
19.750000 -1.684462 -2.124013 -0.408015
19.755000 -1.694956 -2.098746 -0.408029
19.760000 -1.705322 -2.073322 -0.408044
19.765000 -1.715561 -2.047742 -0.408059
19.770000 -1.725671 -2.022008 -0.408075
19.775000 -1.735652 -1.996123 -0.408092
19.780000 -1.745502 -1.970089 -0.408110
19.785000 -1.755222 -1.943906 -0.408128
19.790000 -1.764810 -1.917578 -0.408147
19.795000 -1.774265 -1.891106 -0.408167
19.800000 -1.783588 -1.864492 -0.408187
19.805000 -1.792776 -1.837738 -0.408208
19.810000 -1.801830 -1.810846 -0.408230
19.815000 -1.810750 -1.783819 -0.408252
19.820000 -1.819533 -1.756657 -0.408275
19.825000 -1.828180 -1.729364 -0.408299
19.830000 -1.836689 -1.701942 -0.408323
19.835000 -1.845061 -1.674391 -0.408348
19.840000 -1.853295 -1.646715 -0.408374
19.845000 -1.861389 -1.618916 -0.408400
19.850000 -1.869344 -1.590995 -0.408427
19.855000 -1.877159 -1.562955 -0.408454
19.860000 -1.884833 -1.534798 -0.408482
19.865000 -1.892366 -1.506525 -0.408511
19.870000 -1.899757 -1.478140 -0.408540
19.875000 -1.907005 -1.449643 -0.408570
19.880000 -1.914110 -1.421038 -0.408600
19.885000 -1.921072 -1.392327 -0.408631
19.890000 -1.927889 -1.363511 -0.408662
19.895000 -1.934562 -1.334592 -0.408694
19.900000 -1.941090 -1.305574 -0.408727
19.905000 -1.947472 -1.276457 -0.408760
19.910000 -1.953708 -1.247245 -0.408793
19.915000 -1.959798 -1.217940 -0.408827
19.920000 -1.965741 -1.188543 -0.408862
19.925000 -1.971536 -1.159057 -0.408897
19.930000 -1.977184 -1.129484 -0.408932
19.935000 -1.982683 -1.099826 -0.408968
19.940000 -1.988033 -1.070086 -0.409004
19.945000 -1.993234 -1.040265 -0.409041
19.950000 -1.998286 -1.010367 -0.409078
19.955000 -2.003188 -0.980392 -0.409116
19.960000 -2.007940 -0.950344 -0.409153
19.965000 -2.012541 -0.920225 -0.409192
19.970000 -2.016991 -0.890037 -0.409231
19.975000 -2.021290 -0.859782 -0.409270
19.980000 -2.025438 -0.829463 -0.409309
19.985000 -2.029433 -0.799081 -0.409349
19.990000 -2.033276 -0.768640 -0.409389
19.995000 -2.036967 -0.738141 -0.409429
20.000000 -2.040505 -0.707586 -0.409470
20.005000 -2.043890 -0.676979 -0.409511
20.010000 -2.047121 -0.646320 -0.409552
20.015000 -2.050199 -0.615614 -0.409594
20.020000 -2.053124 -0.584861 -0.409636
20.025000 -2.055894 -0.554064 -0.409678
20.030000 -2.058510 -0.523225 -0.409720
20.035000 -2.060972 -0.492348 -0.409763
20.040000 -2.063279 -0.461433 -0.409805
20.045000 -2.065431 -0.430484 -0.409848
20.050000 -2.067429 -0.399502 -0.409891
20.055000 -2.069271 -0.368491 -0.409935
20.060000 -2.070959 -0.337452 -0.409978
20.065000 -2.072491 -0.306388 -0.410022
20.070000 -2.073867 -0.275300 -0.410065
20.075000 -2.075088 -0.244192 -0.410109
20.080000 -2.076153 -0.213066 -0.410153
20.085000 -2.077063 -0.181924 -0.410197
20.090000 -2.077817 -0.150768 -0.410241
20.095000 -2.078415 -0.119600 -0.410285
20.100000 -2.078857 -0.088424 -0.410329
20.105000 -2.079143 -0.057241 -0.410373
20.110000 -2.079273 -0.026054 -0.410418
20.115000 -2.079248 0.005135 -0.410462
20.120000 -2.079066 0.036324 -0.410506
20.125000 -2.078729 0.067510 -0.410550
20.130000 -2.078235 0.098691 -0.410594
20.135000 -2.077586 0.129864 -0.410639
20.140000 -2.076781 0.161028 -0.410683
20.145000 -2.075820 0.192180 -0.410727
20.150000 -2.074703 0.223317 -0.410770
20.155000 -2.073431 0.254437 -0.410814
20.160000 -2.072003 0.285539 -0.410858
20.165000 -2.070420 0.316619 -0.410902
20.170000 -2.068682 0.347675 -0.410945
20.175000 -2.066788 0.378705 -0.410988
20.180000 -2.064740 0.409707 -0.411031
20.185000 -2.062536 0.440678 -0.411074
20.190000 -2.060178 0.471616 -0.411117
20.195000 -2.057666 0.502519 -0.411160
20.200000 -2.054999 0.533384 -0.411202
20.205000 -2.052178 0.564209 -0.411244
20.210000 -2.049203 0.594992 -0.411286
20.215000 -2.046074 0.625730 -0.411327
20.220000 -2.042792 0.656421 -0.411369
20.225000 -2.039357 0.687063 -0.411410
20.230000 -2.035768 0.717653 -0.411451
20.235000 -2.032027 0.748190 -0.411491
20.240000 -2.028134 0.778670 -0.411531
20.245000 -2.024089 0.809092 -0.411571
20.250000 -2.019891 0.839453 -0.411611
20.255000 -2.015543 0.869752 -0.411650
20.260000 -2.011043 0.899985 -0.411689
20.265000 -2.006392 0.930151 -0.411727
20.270000 -2.001591 0.960246 -0.411765
20.275000 -1.996639 0.990270 -0.411803
20.280000 -1.991538 1.020220 -0.411840
20.285000 -1.986288 1.050093 -0.411877
20.290000 -1.980888 1.079887 -0.411913
20.295000 -1.975340 1.109601 -0.411949
20.300000 -1.969644 1.139231 -0.411984
20.305000 -1.963800 1.168775 -0.412019
20.310000 -1.957809 1.198232 -0.412054
20.315000 -1.951671 1.227600 -0.412088
20.320000 -1.945387 1.256875 -0.412122
20.325000 -1.938957 1.286055 -0.412155
20.330000 -1.932381 1.315140 -0.412187
20.335000 -1.925660 1.344125 -0.412219
20.340000 -1.918795 1.373010 -0.412251
20.345000 -1.911786 1.401792 -0.412282
20.350000 -1.904634 1.430469 -0.412312
20.355000 -1.897339 1.459039 -0.412342
20.360000 -1.889901 1.487499 -0.412371
20.365000 -1.882322 1.515847 -0.412400
20.370000 -1.874602 1.544082 -0.412428
20.375000 -1.866741 1.572201 -0.412456
20.380000 -1.858740 1.600202 -0.412483
20.385000 -1.850599 1.628083 -0.412509
20.390000 -1.842320 1.655842 -0.412534
20.395000 -1.833902 1.683477 -0.412560
20.400000 -1.825348 1.710986 -0.412584
20.405000 -1.816656 1.738366 -0.412608
20.410000 -1.807828 1.765616 -0.412631
20.415000 -1.798864 1.792733 -0.412653
20.420000 -1.789765 1.819716 -0.412675
20.425000 -1.780533 1.846562 -0.412696
20.430000 -1.771166 1.873270 -0.412717
20.435000 -1.761667 1.899838 -0.412737
20.440000 -1.752036 1.926263 -0.412756
20.445000 -1.742273 1.952544 -0.412774
20.450000 -1.732380 1.978678 -0.412792
20.455000 -1.722356 2.004663 -0.412809
20.460000 -1.712204 2.030499 -0.412825
20.465000 -1.701923 2.056182 -0.412841
20.470000 -1.691514 2.081711 -0.412855
20.475000 -1.680979 2.107083 -0.412870
20.480000 -1.670317 2.132298 -0.412883
20.485000 -1.659531 2.157353 -0.412896
20.490000 -1.648619 2.182246 -0.412908
20.495000 -1.637585 2.206975 -0.412919
20.500000 -1.626427 2.231539 -0.412929
20.505000 -1.615147 2.255935 -0.412939
20.510000 -1.603746 2.280162 -0.412948
20.515000 -1.592225 2.304219 -0.412956
20.520000 -1.580585 2.328102 -0.412963
20.525000 -1.568826 2.351811 -0.412970
20.530000 -1.556949 2.375343 -0.412976
20.535000 -1.544956 2.398697 -0.412981
20.540000 -1.532846 2.421872 -0.412986
20.545000 -1.520622 2.444864 -0.412989
20.550000 -1.508284 2.467674 -0.412992
20.555000 -1.495832 2.490298 -0.412994
20.560000 -1.483268 2.512735 -0.412996
20.565000 -1.470593 2.534984 -0.412996
20.570000 -1.457808 2.557043 -0.412996
20.575000 -1.444914 2.578910 -0.412995
20.580000 -1.431911 2.600584 -0.412994
20.585000 -1.418800 2.622063 -0.412991
20.590000 -1.405584 2.643345 -0.412988
20.595000 -1.392262 2.664429 -0.412984
20.600000 -1.378835 2.685312 -0.412979
20.605000 -1.365305 2.705995 -0.412974
20.610000 -1.351673 2.726475 -0.412967
20.615000 -1.337939 2.746750 -0.412960
20.620000 -1.324105 2.766819 -0.412952
20.625000 -1.310171 2.786680 -0.412944
20.630000 -1.296140 2.806333 -0.412935
20.635000 -1.282011 2.825775 -0.412925
20.640000 -1.267786 2.845005 -0.412914
20.645000 -1.253466 2.864022 -0.412902
20.650000 -1.239052 2.882824 -0.412890
20.655000 -1.224545 2.901410 -0.412877
20.660000 -1.209946 2.919778 -0.412863
20.665000 -1.195256 2.937927 -0.412849
20.670000 -1.180477 2.955856 -0.412834
20.675000 -1.165609 2.973563 -0.412818
20.680000 -1.150654 2.991047 -0.412801
20.685000 -1.135612 3.008307 -0.412784
20.690000 -1.120485 3.025341 -0.412766
20.695000 -1.105275 3.042148 -0.412747
20.700000 -1.089981 3.058728 -0.412728
20.705000 -1.074606 3.075077 -0.412708
20.710000 -1.059150 3.091196 -0.412687
20.715000 -1.043614 3.107084 -0.412665
20.720000 -1.028001 3.122738 -0.412643
20.725000 -1.012310 3.138158 -0.412621
20.730000 -0.996543 3.153343 -0.412597
20.735000 -0.980702 3.168291 -0.412573
20.740000 -0.964787 3.183001 -0.412548
20.745000 -0.948799 3.197473 -0.412523
20.750000 -0.932741 3.211705 -0.412497
20.755000 -0.916612 3.225696 -0.412470
20.760000 -0.900415 3.239445 -0.412443
20.765000 -0.884150 3.252951 -0.412416
20.770000 -0.867819 3.266214 -0.412387
20.775000 -0.851423 3.279231 -0.412358
20.780000 -0.834963 3.292002 -0.412329
20.785000 -0.818440 3.304527 -0.412299
20.790000 -0.801856 3.316803 -0.412268
20.795000 -0.785212 3.328831 -0.412237
20.800000 -0.768509 3.340609 -0.412205
20.805000 -0.751749 3.352137 -0.412173
20.810000 -0.734931 3.363413 -0.412140
20.815000 -0.718059 3.374437 -0.412107
20.820000 -0.701133 3.385208 -0.412073
20.825000 -0.684155 3.395725 -0.412039
20.830000 -0.667125 3.405987 -0.412004
20.835000 -0.650045 3.415994 -0.411969
20.840000 -0.632916 3.425745 -0.411933
20.845000 -0.615740 3.435239 -0.411897
20.850000 -0.598517 3.444475 -0.411860
20.855000 -0.581250 3.453453 -0.411823
20.860000 -0.563939 3.462171 -0.411786
20.865000 -0.546586 3.470630 -0.411748
20.870000 -0.529192 3.478829 -0.411710
20.875000 -0.511758 3.486767 -0.411671
20.880000 -0.494286 3.494444 -0.411632
20.885000 -0.476777 3.501858 -0.411593
20.890000 -0.459232 3.509009 -0.411553
20.895000 -0.441652 3.515898 -0.411513
20.900000 -0.424039 3.522523 -0.411473
20.905000 -0.406395 3.528883 -0.411432
20.910000 -0.388720 3.534979 -0.411391
20.915000 -0.371016 3.540810 -0.411350
20.920000 -0.353284 3.546375 -0.411309
20.925000 -0.335526 3.551675 -0.411267
20.930000 -0.317742 3.556707 -0.411225
20.935000 -0.299935 3.561474 -0.411183
20.940000 -0.282105 3.565973 -0.411140
20.945000 -0.264254 3.570204 -0.411098
20.950000 -0.246383 3.574168 -0.411055
20.955000 -0.228494 3.577864 -0.411012
20.960000 -0.210587 3.581291 -0.410969
20.965000 -0.192665 3.584450 -0.410925
20.970000 -0.174729 3.587340 -0.410882
20.975000 -0.156779 3.589961 -0.410838
20.980000 -0.138817 3.592313 -0.410795
20.985000 -0.120845 3.594395 -0.410751
20.990000 -0.102864 3.596207 -0.410707
20.995000 -0.084875 3.597750 -0.410663
21.000000 -0.066880 3.599024 -0.410619
21.005000 -0.048880 3.600027 -0.410575
21.010000 -0.030876 3.600760 -0.410530
21.015000 -0.012870 3.601223 -0.410486
21.020000 0.005137 3.601416 -0.410442
21.025000 0.023144 3.601339 -0.410398
21.030000 0.041149 3.600992 -0.410354
21.035000 0.059150 3.600375 -0.410309
21.040000 0.077148 3.599487 -0.410265
21.045000 0.095139 3.598330 -0.410221
21.050000 0.113124 3.596903 -0.410177
21.055000 0.131100 3.595206 -0.410133
21.060000 0.149066 3.593240 -0.410089
21.065000 0.167021 3.591004 -0.410046
21.070000 0.184964 3.588498 -0.410002
21.075000 0.202892 3.585724 -0.409959
21.080000 0.220806 3.582681 -0.409915
21.085000 0.238703 3.579369 -0.409872
21.090000 0.256582 3.575788 -0.409829
21.095000 0.274441 3.571939 -0.409786
21.100000 0.292280 3.567823 -0.409744
21.105000 0.310098 3.563438 -0.409701
21.110000 0.327891 3.558787 -0.409659
21.115000 0.345661 3.553869 -0.409617
21.120000 0.363404 3.548684 -0.409575
21.125000 0.381120 3.543233 -0.409534
21.130000 0.398808 3.537516 -0.409493
21.135000 0.416466 3.531534 -0.409452
21.140000 0.434092 3.525287 -0.409411
21.145000 0.451686 3.518775 -0.409371
21.150000 0.469246 3.512000 -0.409331
21.155000 0.486771 3.504961 -0.409291
21.160000 0.504259 3.497660 -0.409252
21.165000 0.521710 3.490096 -0.409213
21.170000 0.539121 3.482270 -0.409175
21.175000 0.556492 3.474183 -0.409136
21.180000 0.573821 3.465836 -0.409099
21.185000 0.591107 3.457229 -0.409061
21.190000 0.608349 3.448362 -0.409024
21.195000 0.625545 3.439237 -0.408988
21.200000 0.642694 3.429854 -0.408952
21.205000 0.659795 3.420213 -0.408916
21.210000 0.676847 3.410316 -0.408881
21.215000 0.693848 3.400164 -0.408846
21.220000 0.710797 3.389756 -0.408812
21.225000 0.727692 3.379094 -0.408778
21.230000 0.744533 3.368179 -0.408745
21.235000 0.761318 3.357011 -0.408712
21.240000 0.778046 3.345591 -0.408680
21.245000 0.794716 3.333920 -0.408648
21.250000 0.811326 3.321999 -0.408617
21.255000 0.827875 3.309830 -0.408586
21.260000 0.844362 3.297411 -0.408556
21.265000 0.860786 3.284746 -0.408527
21.270000 0.877145 3.271834 -0.408498
21.275000 0.893438 3.258677 -0.408469
21.280000 0.909664 3.245276 -0.408442
21.285000 0.925823 3.231631 -0.408415
21.290000 0.941911 3.217743 -0.408388
21.295000 0.957929 3.203615 -0.408362
21.300000 0.973876 3.189246 -0.408337
21.305000 0.989749 3.174637 -0.408312
21.310000 1.005548 3.159791 -0.408288
21.315000 1.021271 3.144708 -0.408265
21.320000 1.036918 3.129389 -0.408242
21.325000 1.052487 3.113835 -0.408220
21.330000 1.067978 3.098048 -0.408199
21.335000 1.083388 3.082028 -0.408178
21.340000 1.098717 3.065777 -0.408158
21.345000 1.113963 3.049297 -0.408139
21.350000 1.129126 3.032587 -0.408120
21.355000 1.144204 3.015650 -0.408102
21.360000 1.159197 2.998487 -0.408085
21.365000 1.174102 2.981099 -0.408068
21.370000 1.188920 2.963488 -0.408052
21.375000 1.203648 2.945654 -0.408037
21.380000 1.218286 2.927599 -0.408023
21.385000 1.232833 2.909325 -0.408009
21.390000 1.247287 2.890832 -0.407996
21.395000 1.261647 2.872123 -0.407984
21.400000 1.275913 2.853198 -0.407972
21.405000 1.290084 2.834060 -0.407962
21.410000 1.304157 2.814708 -0.407952
21.415000 1.318133 2.795146 -0.407942
21.420000 1.332010 2.775374 -0.407934
21.425000 1.345787 2.755394 -0.407926
21.430000 1.359463 2.735207 -0.407919
21.435000 1.373037 2.714815 -0.407913
21.440000 1.386508 2.694220 -0.407908
21.445000 1.399875 2.673422 -0.407903
21.450000 1.413137 2.652424 -0.407899
21.455000 1.426293 2.631227 -0.407896
21.460000 1.439343 2.609832 -0.407893
21.465000 1.452284 2.588242 -0.407892
21.470000 1.465116 2.566458 -0.407891
21.475000 1.477838 2.544481 -0.407891
21.480000 1.490450 2.522314 -0.407891
21.485000 1.502950 2.499957 -0.407893
21.490000 1.515337 2.477413 -0.407895
21.495000 1.527610 2.454683 -0.407898
21.500000 1.539769 2.431769 -0.407902
21.505000 1.551813 2.408672 -0.407906
21.510000 1.563740 2.385395 -0.407911
21.515000 1.575549 2.361939 -0.407917
21.520000 1.587241 2.338305 -0.407924
21.525000 1.598813 2.314497 -0.407932
21.530000 1.610266 2.290515 -0.407940
21.535000 1.621598 2.266361 -0.407949
21.540000 1.632808 2.242037 -0.407959
21.545000 1.643895 2.217545 -0.407969
21.550000 1.654860 2.192886 -0.407980
21.555000 1.665700 2.168063 -0.407992
21.560000 1.676416 2.143078 -0.408005
21.565000 1.687005 2.117932 -0.408018
21.570000 1.697468 2.092626 -0.408033
21.575000 1.707804 2.067164 -0.408048
21.580000 1.718012 2.041547 -0.408063
21.585000 1.728091 2.015777 -0.408079
21.590000 1.738040 1.989856 -0.408097
21.595000 1.747859 1.963785 -0.408114
21.600000 1.757547 1.937567 -0.408133
21.605000 1.767103 1.911204 -0.408152
21.610000 1.776526 1.884698 -0.408172
21.615000 1.785817 1.858050 -0.408192
21.620000 1.794973 1.831262 -0.408213
21.625000 1.803995 1.804338 -0.408235
21.630000 1.812881 1.777278 -0.408258
21.635000 1.821631 1.750085 -0.408281
21.640000 1.830245 1.722760 -0.408305
21.645000 1.838722 1.695307 -0.408329
21.650000 1.847060 1.667726 -0.408354
21.655000 1.855261 1.640020 -0.408380
21.660000 1.863321 1.612191 -0.408406
21.665000 1.871243 1.584241 -0.408433
21.670000 1.879024 1.556172 -0.408461
21.675000 1.886663 1.527987 -0.408489
21.680000 1.894162 1.499687 -0.408518
21.685000 1.901518 1.471275 -0.408547
21.690000 1.908732 1.442752 -0.408577
21.695000 1.915803 1.414121 -0.408607
21.700000 1.922730 1.385384 -0.408638
21.705000 1.929512 1.356543 -0.408670
21.710000 1.936150 1.327600 -0.408702
21.715000 1.942643 1.298558 -0.408735
21.720000 1.948990 1.269418 -0.408768
21.725000 1.955191 1.240184 -0.408801
21.730000 1.961245 1.210856 -0.408835
21.735000 1.967153 1.181437 -0.408870
21.740000 1.972912 1.151930 -0.408905
21.745000 1.978524 1.122336 -0.408941
21.750000 1.983987 1.092658 -0.408976
21.755000 1.989302 1.062898 -0.409013
21.760000 1.994467 1.033059 -0.409050
21.765000 1.999483 1.003142 -0.409087
21.770000 2.004348 0.973150 -0.409125
21.775000 2.009064 0.943084 -0.409163
21.780000 2.013629 0.912948 -0.409201
21.785000 2.018042 0.882744 -0.409240
21.790000 2.022305 0.852473 -0.409279
21.795000 2.026415 0.822139 -0.409319
21.800000 2.030374 0.791743 -0.409358
21.805000 2.034181 0.761287 -0.409399
21.810000 2.037834 0.730774 -0.409439
21.815000 2.041335 0.700207 -0.409480
21.820000 2.044683 0.669587 -0.409521
21.825000 2.047878 0.638916 -0.409562
21.830000 2.050919 0.608198 -0.409604
21.835000 2.053806 0.577434 -0.409646
21.840000 2.056539 0.546627 -0.409688
21.845000 2.059118 0.515779 -0.409730
21.850000 2.061543 0.484893 -0.409773
21.855000 2.063812 0.453969 -0.409816
21.860000 2.065928 0.423012 -0.409859
21.865000 2.067888 0.392023 -0.409902
21.870000 2.069693 0.361005 -0.409945
21.875000 2.071342 0.329960 -0.409989
21.880000 2.072837 0.298889 -0.410032
21.885000 2.074176 0.267797 -0.410076
21.890000 2.075359 0.236684 -0.410120
21.895000 2.076387 0.205554 -0.410164
21.900000 2.077259 0.174408 -0.410208
21.905000 2.077975 0.143249 -0.410252
21.910000 2.078536 0.112080 -0.410296
21.915000 2.078940 0.080901 -0.410340
21.920000 2.079189 0.049717 -0.410384
21.925000 2.079281 0.018530 -0.410428
21.930000 2.079218 -0.012660 -0.410472
21.935000 2.078999 -0.043848 -0.410517
21.940000 2.078624 -0.075033 -0.410561
21.945000 2.078093 -0.106212 -0.410605
21.950000 2.077406 -0.137384 -0.410649
21.955000 2.076563 -0.168545 -0.410693
21.960000 2.075565 -0.199693 -0.410737
21.965000 2.074410 -0.230827 -0.410781
21.970000 2.073101 -0.261943 -0.410825
21.975000 2.071636 -0.293039 -0.410868
21.980000 2.070015 -0.324114 -0.410912
21.985000 2.068239 -0.355164 -0.410955
21.990000 2.066308 -0.386188 -0.410999
21.995000 2.064222 -0.417182 -0.411042
22.000000 2.061982 -0.448146 -0.411085
22.005000 2.059586 -0.479075 -0.411127
22.010000 2.057036 -0.509969 -0.411170
22.015000 2.054332 -0.540825 -0.411212
22.020000 2.051474 -0.571640 -0.411254
22.025000 2.048462 -0.602412 -0.411296
22.030000 2.045296 -0.633139 -0.411337
22.035000 2.041977 -0.663818 -0.411379
22.040000 2.038505 -0.694448 -0.411420
22.045000 2.034880 -0.725025 -0.411460
22.050000 2.031102 -0.755549 -0.411501
22.055000 2.027172 -0.786015 -0.411541
22.060000 2.023090 -0.816423 -0.411581
22.065000 2.018856 -0.846769 -0.411620
22.070000 2.014471 -0.877052 -0.411659
22.075000 2.009934 -0.907269 -0.411698
22.080000 2.005247 -0.937418 -0.411736
22.085000 2.000410 -0.967497 -0.411774
22.090000 1.995422 -0.997503 -0.411812
22.095000 1.990285 -1.027434 -0.411849
22.100000 1.984999 -1.057288 -0.411885
22.105000 1.979563 -1.087063 -0.411922
22.110000 1.973980 -1.116757 -0.411958
22.115000 1.968248 -1.146367 -0.411993
22.120000 1.962368 -1.175890 -0.412028
22.125000 1.956342 -1.205326 -0.412062
22.130000 1.950168 -1.234671 -0.412096
22.135000 1.943849 -1.263924 -0.412130
22.140000 1.937383 -1.293081 -0.412163
22.145000 1.930773 -1.322142 -0.412195
22.150000 1.924017 -1.351104 -0.412227
22.155000 1.917117 -1.379964 -0.412258
22.160000 1.910074 -1.408721 -0.412289
22.165000 1.902887 -1.437372 -0.412319
22.170000 1.895557 -1.465915 -0.412349
22.175000 1.888086 -1.494348 -0.412378
22.180000 1.880472 -1.522670 -0.412407
22.185000 1.872718 -1.550877 -0.412435
22.190000 1.864823 -1.578967 -0.412462
22.195000 1.856788 -1.606940 -0.412489
22.200000 1.848614 -1.634792 -0.412515
22.205000 1.840302 -1.662521 -0.412541
22.210000 1.831851 -1.690125 -0.412565
22.215000 1.823263 -1.717603 -0.412590
22.220000 1.814538 -1.744952 -0.412613
22.225000 1.805677 -1.772170 -0.412636
22.230000 1.796681 -1.799255 -0.412659
22.235000 1.787550 -1.826206 -0.412680
22.240000 1.778285 -1.853019 -0.412701
22.245000 1.768887 -1.879693 -0.412722
22.250000 1.759355 -1.906226 -0.412741
22.255000 1.749692 -1.932617 -0.412760
22.260000 1.739898 -1.958862 -0.412778
22.265000 1.729973 -1.984961 -0.412796
22.270000 1.719919 -2.010910 -0.412813
22.275000 1.709735 -2.036709 -0.412829
22.280000 1.699423 -2.062355 -0.412844
22.285000 1.688984 -2.087846 -0.412859
22.290000 1.678418 -2.113181 -0.412873
22.295000 1.667726 -2.138357 -0.412886
22.300000 1.656910 -2.163373 -0.412899
22.305000 1.645968 -2.188227 -0.412910
22.310000 1.634904 -2.212916 -0.412921
22.315000 1.623717 -2.237440 -0.412932
22.320000 1.612408 -2.261796 -0.412941
22.325000 1.600978 -2.285982 -0.412950
22.330000 1.589428 -2.309997 -0.412958
22.335000 1.577759 -2.333838 -0.412965
22.340000 1.565971 -2.357504 -0.412972
22.345000 1.554066 -2.380994 -0.412977
22.350000 1.542045 -2.404305 -0.412982
22.355000 1.529907 -2.427436 -0.412987
22.360000 1.517656 -2.450384 -0.412990
22.365000 1.505290 -2.473149 -0.412993
22.370000 1.492811 -2.495728 -0.412995
22.375000 1.480221 -2.518121 -0.412996
22.380000 1.467519 -2.540324 -0.412996
22.385000 1.454707 -2.562337 -0.412996
22.390000 1.441786 -2.584157 -0.412995
22.395000 1.428758 -2.605784 -0.412993
22.400000 1.415621 -2.627215 -0.412990
22.405000 1.402379 -2.648450 -0.412987
22.410000 1.389032 -2.669485 -0.412983
22.415000 1.375580 -2.690321 -0.412978
22.420000 1.362025 -2.710955 -0.412972
22.425000 1.348368 -2.731385 -0.412966
22.430000 1.334610 -2.751610 -0.412958
22.435000 1.320752 -2.771630 -0.412950
22.440000 1.306795 -2.791441 -0.412942
22.445000 1.292740 -2.811043 -0.412932
22.450000 1.278588 -2.830434 -0.412922
22.455000 1.264340 -2.849613 -0.412911
22.460000 1.249997 -2.868578 -0.412899
22.465000 1.235560 -2.887328 -0.412887
22.470000 1.221031 -2.905861 -0.412874
22.475000 1.206410 -2.924177 -0.412860
22.480000 1.191699 -2.942273 -0.412845
22.485000 1.176898 -2.960148 -0.412830
22.490000 1.162009 -2.977802 -0.412814
22.495000 1.147033 -2.995232 -0.412797
22.500000 1.131970 -3.012437 -0.412780
22.505000 1.116823 -3.029417 -0.412761
22.510000 1.101593 -3.046169 -0.412742
22.515000 1.086279 -3.062693 -0.412723
22.520000 1.070884 -3.078987 -0.412703
22.525000 1.055409 -3.095051 -0.412682
22.530000 1.039854 -3.110882 -0.412660
22.535000 1.024222 -3.126480 -0.412638
22.540000 1.008513 -3.141843 -0.412615
22.545000 0.992728 -3.156971 -0.412591
22.550000 0.976869 -3.171862 -0.412567
22.555000 0.960936 -3.186515 -0.412542
22.560000 0.944931 -3.200929 -0.412517
22.565000 0.928856 -3.215103 -0.412491
22.570000 0.912711 -3.229035 -0.412464
22.575000 0.896497 -3.242726 -0.412437
22.580000 0.880216 -3.256174 -0.412409
22.585000 0.863869 -3.269377 -0.412380
22.590000 0.847458 -3.282335 -0.412351
22.595000 0.830982 -3.295047 -0.412321
22.600000 0.814445 -3.307511 -0.412291
22.605000 0.797846 -3.319728 -0.412260
22.610000 0.781188 -3.331696 -0.412229
22.615000 0.764471 -3.343414 -0.412197
22.620000 0.747696 -3.354881 -0.412165
22.625000 0.730866 -3.366096 -0.412132
22.630000 0.713981 -3.377059 -0.412099
22.635000 0.697042 -3.387769 -0.412065
22.640000 0.680051 -3.398224 -0.412030
22.645000 0.663008 -3.408425 -0.411995
22.650000 0.645917 -3.418370 -0.411960
22.655000 0.628776 -3.428059 -0.411924
22.660000 0.611589 -3.437491 -0.411888
22.665000 0.594356 -3.446665 -0.411851
22.670000 0.577078 -3.455580 -0.411814
22.675000 0.559756 -3.464236 -0.411777
22.680000 0.542393 -3.472632 -0.411739
22.685000 0.524989 -3.480768 -0.411700
22.690000 0.507546 -3.488643 -0.411662
22.695000 0.490065 -3.496256 -0.411623
22.700000 0.472547 -3.503607 -0.411583
22.705000 0.454993 -3.510695 -0.411544
22.710000 0.437406 -3.517520 -0.411504
22.715000 0.419785 -3.524081 -0.411463
22.720000 0.402134 -3.530378 -0.411423
22.725000 0.384451 -3.536410 -0.411382
22.730000 0.366741 -3.542177 -0.411340
22.735000 0.349002 -3.547678 -0.411299
22.740000 0.331238 -3.552913 -0.411257
22.745000 0.313448 -3.557882 -0.411215
22.750000 0.295635 -3.562583 -0.411173
22.755000 0.277800 -3.567018 -0.411130
22.760000 0.259944 -3.571185 -0.411087
22.765000 0.242069 -3.575084 -0.411045
22.770000 0.224175 -3.578715 -0.411002
22.775000 0.206265 -3.582078 -0.410958
22.780000 0.188339 -3.585172 -0.410915
22.785000 0.170399 -3.587997 -0.410871
22.790000 0.152446 -3.590553 -0.410828
22.795000 0.134482 -3.592840 -0.410784
22.800000 0.116508 -3.594857 -0.410740
22.805000 0.098525 -3.596604 -0.410696
22.810000 0.080534 -3.598082 -0.410652
22.815000 0.062538 -3.599290 -0.410608
22.820000 0.044537 -3.600228 -0.410564
22.825000 0.026532 -3.600896 -0.410520
22.830000 0.008526 -3.601294 -0.410475
22.835000 -0.009481 -3.601422 -0.410431
22.840000 -0.027488 -3.601280 -0.410387
22.845000 -0.045492 -3.600868 -0.410343
22.850000 -0.063493 -3.600185 -0.410299
22.855000 -0.081489 -3.599233 -0.410255
22.860000 -0.099479 -3.598011 -0.410211
22.865000 -0.117462 -3.596518 -0.410167
22.870000 -0.135436 -3.594757 -0.410123
22.875000 -0.153399 -3.592725 -0.410079
22.880000 -0.171351 -3.590424 -0.410035
22.885000 -0.189291 -3.587854 -0.409991
22.890000 -0.207216 -3.585014 -0.409948
22.895000 -0.225125 -3.581906 -0.409905
22.900000 -0.243018 -3.578529 -0.409862
22.905000 -0.260892 -3.574884 -0.409819
22.910000 -0.278747 -3.570971 -0.409776
22.915000 -0.296581 -3.566789 -0.409733
22.920000 -0.314393 -3.562341 -0.409691
22.925000 -0.332181 -3.557625 -0.409649
22.930000 -0.349944 -3.552642 -0.409607
22.935000 -0.367681 -3.547393 -0.409565
22.940000 -0.385390 -3.541878 -0.409524
22.945000 -0.403071 -3.536097 -0.409483
22.950000 -0.420721 -3.530051 -0.409442
22.955000 -0.438340 -3.523740 -0.409401
22.960000 -0.455926 -3.517165 -0.409361
22.965000 -0.473477 -3.510326 -0.409321
22.970000 -0.490993 -3.503224 -0.409282
22.975000 -0.508473 -3.495859 -0.409243
22.980000 -0.525914 -3.488232 -0.409204
22.985000 -0.543316 -3.480343 -0.409165
22.990000 -0.560677 -3.472193 -0.409127
22.995000 -0.577995 -3.463783 -0.409090
23.000000 -0.595271 -3.455113 -0.409052
23.005000 -0.612502 -3.446184 -0.409015
23.010000 -0.629687 -3.436997 -0.408979
23.015000 -0.646825 -3.427551 -0.408943
23.020000 -0.663914 -3.417849 -0.408907
23.025000 -0.680953 -3.407890 -0.408872
23.030000 -0.697942 -3.397676 -0.408838
23.035000 -0.714878 -3.387207 -0.408804
23.040000 -0.731760 -3.376484 -0.408770
23.045000 -0.748588 -3.365507 -0.408737
23.050000 -0.765359 -3.354279 -0.408704
23.055000 -0.782073 -3.342798 -0.408672
23.060000 -0.798728 -3.331067 -0.408640
23.065000 -0.815324 -3.319086 -0.408609
23.070000 -0.831858 -3.306856 -0.408579
23.075000 -0.848330 -3.294378 -0.408549
23.080000 -0.864738 -3.281653 -0.408520
23.085000 -0.881082 -3.268682 -0.408491
23.090000 -0.897359 -3.255466 -0.408463
23.095000 -0.913569 -3.242006 -0.408435
23.100000 -0.929711 -3.228302 -0.408408
23.105000 -0.945782 -3.214357 -0.408382
23.110000 -0.961783 -3.200170 -0.408356
23.115000 -0.977712 -3.185743 -0.408331
23.120000 -0.993567 -3.171077 -0.408306
23.125000 -1.009348 -3.156174 -0.408282
23.130000 -1.025053 -3.141034 -0.408259
23.135000 -1.040682 -3.125658 -0.408237
23.140000 -1.056232 -3.110048 -0.408215
23.145000 -1.071703 -3.094204 -0.408194
23.150000 -1.087094 -3.078129 -0.408173
23.155000 -1.102403 -3.061822 -0.408153
23.160000 -1.117629 -3.045286 -0.408134
23.165000 -1.132772 -3.028522 -0.408115
23.170000 -1.147829 -3.011530 -0.408098
23.175000 -1.162801 -2.994313 -0.408081
23.180000 -1.177685 -2.976871 -0.408064
23.185000 -1.192481 -2.959205 -0.408049
23.190000 -1.207188 -2.941318 -0.408034
23.195000 -1.221804 -2.923210 -0.408019
23.200000 -1.236328 -2.904883 -0.408006
23.205000 -1.250760 -2.886338 -0.407993
23.210000 -1.265098 -2.867577 -0.407981
23.215000 -1.279341 -2.848601 -0.407970
23.220000 -1.293488 -2.829410 -0.407959
23.225000 -1.307538 -2.810008 -0.407949
23.230000 -1.321490 -2.790395 -0.407940
23.235000 -1.335343 -2.770573 -0.407932
23.240000 -1.349096 -2.750543 -0.407924
23.245000 -1.362747 -2.730306 -0.407918
23.250000 -1.376296 -2.709865 -0.407912
23.255000 -1.389743 -2.689220 -0.407906
23.260000 -1.403084 -2.668374 -0.407902
23.265000 -1.416321 -2.647328 -0.407898
23.270000 -1.429452 -2.626083 -0.407895
23.275000 -1.442475 -2.604641 -0.407893
23.280000 -1.455390 -2.583004 -0.407891
23.285000 -1.468196 -2.561173 -0.407891
23.290000 -1.480891 -2.539151 -0.407891
23.295000 -1.493476 -2.516937 -0.407892
23.300000 -1.505949 -2.494535 -0.407893
23.305000 -1.518308 -2.471946 -0.407896
23.310000 -1.530554 -2.449171 -0.407899
23.315000 -1.542685 -2.426213 -0.407903
23.320000 -1.554701 -2.403073 -0.407907
23.325000 -1.566599 -2.379752 -0.407913
23.330000 -1.578381 -2.356253 -0.407919
23.335000 -1.590044 -2.332577 -0.407926
23.340000 -1.601587 -2.308727 -0.407933
23.345000 -1.613011 -2.284703 -0.407942
23.350000 -1.624313 -2.260508 -0.407951
23.355000 -1.635494 -2.236143 -0.407961
23.360000 -1.646552 -2.211611 -0.407972
23.365000 -1.657487 -2.186912 -0.407983
23.370000 -1.668297 -2.162050 -0.407995
23.375000 -1.678982 -2.137026 -0.408008
23.380000 -1.689541 -2.111841 -0.408022
23.385000 -1.699974 -2.086498 -0.408036
23.390000 -1.710279 -2.060998 -0.408051
23.395000 -1.720455 -2.035344 -0.408067
23.400000 -1.730503 -2.009537 -0.408084
23.405000 -1.740421 -1.983580 -0.408101
23.410000 -1.750208 -1.957473 -0.408119
23.415000 -1.759864 -1.931220 -0.408137
23.420000 -1.769389 -1.904822 -0.408157
23.425000 -1.778780 -1.878281 -0.408177
23.430000 -1.788038 -1.851600 -0.408197
23.435000 -1.797162 -1.824779 -0.408219
23.440000 -1.806151 -1.797822 -0.408241
23.445000 -1.815005 -1.770729 -0.408263
23.450000 -1.823722 -1.743504 -0.408287
23.455000 -1.832303 -1.716148 -0.408311
23.460000 -1.840746 -1.688664 -0.408335
23.465000 -1.849052 -1.661053 -0.408360
23.470000 -1.857218 -1.633317 -0.408386
23.475000 -1.865245 -1.605459 -0.408413
23.480000 -1.873133 -1.577480 -0.408440
23.485000 -1.880880 -1.549383 -0.408468
23.490000 -1.888486 -1.521170 -0.408496
23.495000 -1.895950 -1.492843 -0.408525
23.500000 -1.903272 -1.464403 -0.408554
23.505000 -1.910451 -1.435854 -0.408584
23.510000 -1.917487 -1.407197 -0.408615
23.515000 -1.924379 -1.378435 -0.408646
23.520000 -1.931127 -1.349569 -0.408678
23.525000 -1.937730 -1.320603 -0.408710
23.530000 -1.944188 -1.291537 -0.408743
23.535000 -1.950500 -1.262374 -0.408776
23.540000 -1.956665 -1.233116 -0.408809
23.545000 -1.962684 -1.203766 -0.408844
23.550000 -1.968556 -1.174326 -0.408878
23.555000 -1.974280 -1.144798 -0.408914
23.560000 -1.979856 -1.115184 -0.408949
23.565000 -1.985283 -1.085486 -0.408985
23.570000 -1.990562 -1.055706 -0.409022
23.575000 -1.995691 -1.025848 -0.409059
23.580000 -2.000670 -0.995913 -0.409096
23.585000 -2.005500 -0.965903 -0.409134
23.590000 -2.010179 -0.935820 -0.409172
23.595000 -2.014707 -0.905667 -0.409210
23.600000 -2.019085 -0.875447 -0.409249
23.605000 -2.023310 -0.845161 -0.409289
23.610000 -2.027384 -0.814811 -0.409328
23.615000 -2.031306 -0.784400 -0.409368
23.620000 -2.035076 -0.753931 -0.409408
23.625000 -2.038693 -0.723404 -0.409449
23.630000 -2.042157 -0.692824 -0.409490
23.635000 -2.045468 -0.662192 -0.409531
23.640000 -2.048626 -0.631510 -0.409572
23.645000 -2.051630 -0.600780 -0.409614
23.650000 -2.054480 -0.570006 -0.409656
23.655000 -2.057176 -0.539189 -0.409698
23.660000 -2.059717 -0.508331 -0.409741
23.665000 -2.062104 -0.477435 -0.409783
23.670000 -2.064337 -0.446504 -0.409826
23.675000 -2.066415 -0.415539 -0.409869
23.680000 -2.068337 -0.384542 -0.409912
23.685000 -2.070105 -0.353517 -0.409956
23.690000 -2.071717 -0.322466 -0.409999
23.695000 -2.073174 -0.291390 -0.410043
23.700000 -2.074476 -0.260292 -0.410086
23.705000 -2.075622 -0.229175 -0.410130
23.710000 -2.076612 -0.198041 -0.410174
23.715000 -2.077446 -0.166892 -0.410218
23.720000 -2.078125 -0.135730 -0.410262
23.725000 -2.078648 -0.104558 -0.410306
23.730000 -2.079015 -0.073378 -0.410351
23.735000 -2.079225 -0.042193 -0.410395
23.740000 -2.079280 -0.011005 -0.410439
23.745000 -2.079180 0.020184 -0.410483
23.750000 -2.078923 0.051372 -0.410527
23.755000 -2.078510 0.082556 -0.410572
23.760000 -2.077941 0.113734 -0.410616
23.765000 -2.077217 0.144903 -0.410660
23.770000 -2.076336 0.176061 -0.410704
23.775000 -2.075300 0.207206 -0.410748
23.780000 -2.074109 0.238335 -0.410792
23.785000 -2.072762 0.269447 -0.410835
23.790000 -2.071259 0.300539 -0.410879
23.795000 -2.069601 0.331607 -0.410922
23.800000 -2.067788 0.362651 -0.410966
23.805000 -2.065819 0.393668 -0.411009
23.810000 -2.063696 0.424656 -0.411052
23.815000 -2.061418 0.455611 -0.411095
23.820000 -2.058985 0.486532 -0.411138
23.825000 -2.056398 0.517417 -0.411180
23.830000 -2.053657 0.548263 -0.411222
23.835000 -2.050761 0.579068 -0.411264
23.840000 -2.047712 0.609829 -0.411306
23.845000 -2.044510 0.640545 -0.411347
23.850000 -2.041154 0.671213 -0.411389
23.855000 -2.037644 0.701830 -0.411430
23.860000 -2.033982 0.732395 -0.411470
23.865000 -2.030168 0.762904 -0.411511
23.870000 -2.026201 0.793357 -0.411551
23.875000 -2.022082 0.823750 -0.411590
23.880000 -2.017812 0.854081 -0.411630
23.885000 -2.013390 0.884348 -0.411669
23.890000 -2.008817 0.914549 -0.411707
23.895000 -2.004094 0.944681 -0.411745
23.900000 -1.999220 0.974743 -0.411783
23.905000 -1.994197 1.004731 -0.411821
23.910000 -1.989023 1.034644 -0.411858
23.915000 -1.983701 1.064479 -0.411894
23.920000 -1.978230 1.094235 -0.411930
23.925000 -1.972610 1.123908 -0.411966
23.930000 -1.966843 1.153497 -0.412001
23.935000 -1.960928 1.183000 -0.412036
23.940000 -1.954866 1.212414 -0.412071
23.945000 -1.948657 1.241737 -0.412104
23.950000 -1.942302 1.270967 -0.412138
23.955000 -1.935802 1.300101 -0.412171
23.960000 -1.929156 1.329138 -0.412203
23.965000 -1.922366 1.358076 -0.412235
23.970000 -1.915431 1.386911 -0.412266
23.975000 -1.908353 1.415643 -0.412297
23.980000 -1.901132 1.444268 -0.412327
23.985000 -1.893768 1.472785 -0.412356
23.990000 -1.886262 1.501192 -0.412385
23.995000 -1.878614 1.529485 -0.412414
24.000000 -1.870826 1.557665 -0.412441
24.005000 -1.862897 1.585727 -0.412469
24.010000 -1.854829 1.613670 -0.412495
24.015000 -1.846621 1.641493 -0.412521
24.020000 -1.838276 1.669192 -0.412547
24.025000 -1.829792 1.696766 -0.412571
24.030000 -1.821171 1.724213 -0.412596
24.035000 -1.812413 1.751531 -0.412619
24.040000 -1.803519 1.778717 -0.412642
24.045000 -1.794491 1.805770 -0.412664
24.050000 -1.785327 1.832687 -0.412685
24.055000 -1.776030 1.859467 -0.412706
24.060000 -1.766599 1.886108 -0.412726
24.065000 -1.757036 1.912607 -0.412746
24.070000 -1.747341 1.938962 -0.412765
24.075000 -1.737516 1.965172 -0.412783
24.080000 -1.727559 1.991235 -0.412800
24.085000 -1.717474 2.017148 -0.412817
24.090000 -1.707259 2.042910 -0.412833
24.095000 -1.696916 2.068519 -0.412848
24.100000 -1.686447 2.093973 -0.412862
24.105000 -1.675850 2.119270 -0.412876
24.110000 -1.665128 2.144407 -0.412889
24.115000 -1.654281 2.169384 -0.412901
24.120000 -1.643310 2.194199 -0.412913
24.125000 -1.632216 2.218848 -0.412924
24.130000 -1.620999 2.243332 -0.412934
24.135000 -1.609661 2.267647 -0.412943
24.140000 -1.598202 2.291791 -0.412952
24.145000 -1.586623 2.315764 -0.412960
24.150000 -1.574926 2.339564 -0.412967
24.155000 -1.563110 2.363188 -0.412973
24.160000 -1.551176 2.386634 -0.412979
24.165000 -1.539127 2.409902 -0.412984
24.170000 -1.526962 2.432989 -0.412988
24.175000 -1.514683 2.455893 -0.412991
24.180000 -1.502289 2.478614 -0.412993
24.185000 -1.489784 2.501148 -0.412995
24.190000 -1.477166 2.523495 -0.412996
24.195000 -1.464438 2.545652 -0.412996
24.200000 -1.451600 2.567619 -0.412996
24.205000 -1.438653 2.589393 -0.412994
24.210000 -1.425598 2.610973 -0.412992
24.215000 -1.412436 2.632356 -0.412990
24.220000 -1.399169 2.653543 -0.412986
24.225000 -1.385796 2.674531 -0.412982
24.230000 -1.372319 2.695317 -0.412976
24.235000 -1.358740 2.715902 -0.412971
24.240000 -1.345058 2.736283 -0.412964
24.245000 -1.331276 2.756459 -0.412957
24.250000 -1.317394 2.776428 -0.412948
24.255000 -1.303413 2.796189 -0.412939
24.260000 -1.289334 2.815741 -0.412930
24.265000 -1.275159 2.835081 -0.412919
24.270000 -1.260888 2.854208 -0.412908
24.275000 -1.246522 2.873121 -0.412896
24.280000 -1.232063 2.891819 -0.412884
24.285000 -1.217512 2.910300 -0.412870
24.290000 -1.202869 2.928563 -0.412856
24.295000 -1.188136 2.946606 -0.412842
24.300000 -1.173314 2.964428 -0.412826
24.305000 -1.158404 2.982027 -0.412810
24.310000 -1.143407 2.999404 -0.412793
24.315000 -1.128324 3.016555 -0.412775
24.320000 -1.113156 3.033479 -0.412757
24.325000 -1.097905 3.050177 -0.412738
24.330000 -1.082572 3.066645 -0.412718
24.335000 -1.067158 3.082884 -0.412698
24.340000 -1.051663 3.098891 -0.412677
24.345000 -1.036090 3.114666 -0.412655
24.350000 -1.020439 3.130208 -0.412632
24.355000 -1.004711 3.145514 -0.412609
24.360000 -0.988909 3.160585 -0.412586
24.365000 -0.973031 3.175419 -0.412561
24.370000 -0.957081 3.190014 -0.412536
24.375000 -0.941059 3.204370 -0.412511
24.380000 -0.924967 3.218486 -0.412484
24.385000 -0.908805 3.232361 -0.412457
24.390000 -0.892575 3.245993 -0.412430
24.395000 -0.876278 3.259381 -0.412402
24.400000 -0.859916 3.272526 -0.412373
24.405000 -0.843489 3.285424 -0.412344
24.410000 -0.826998 3.298077 -0.412314
24.415000 -0.810446 3.310482 -0.412284
24.420000 -0.793833 3.322638 -0.412253
24.425000 -0.777160 3.334546 -0.412221
24.430000 -0.760429 3.346203 -0.412189
24.435000 -0.743641 3.357610 -0.412157
24.440000 -0.726797 3.368764 -0.412124
24.445000 -0.709899 3.379666 -0.412090
24.450000 -0.692947 3.390315 -0.412056
24.455000 -0.675944 3.400709 -0.412022
24.460000 -0.658889 3.410848 -0.411987
24.465000 -0.641786 3.420731 -0.411951
24.470000 -0.624634 3.430358 -0.411915
24.475000 -0.607435 3.439728 -0.411879
24.480000 -0.590191 3.448839 -0.411842
24.485000 -0.572903 3.457692 -0.411805
24.490000 -0.555571 3.466286 -0.411768
24.495000 -0.538198 3.474619 -0.411730
24.500000 -0.520785 3.482692 -0.411691
24.505000 -0.503332 3.490504 -0.411652
24.510000 -0.485842 3.498054 -0.411613
24.515000 -0.468315 3.505341 -0.411574
24.520000 -0.450753 3.512366 -0.411534
24.525000 -0.433158 3.519127 -0.411494
24.530000 -0.415530 3.525625 -0.411453
24.535000 -0.397870 3.531858 -0.411413
24.540000 -0.380181 3.537826 -0.411372
24.545000 -0.362463 3.543529 -0.411330
24.550000 -0.344719 3.548966 -0.411289
24.555000 -0.326948 3.554136 -0.411247
24.560000 -0.309153 3.559041 -0.411205
24.565000 -0.291334 3.563678 -0.411162
24.570000 -0.273494 3.568048 -0.411120
24.575000 -0.255633 3.572150 -0.411077
24.580000 -0.237753 3.575985 -0.411034
24.585000 -0.219856 3.579551 -0.410991
24.590000 -0.201941 3.582849 -0.410948
24.595000 -0.184012 3.585878 -0.410904
24.600000 -0.166069 3.588638 -0.410861
24.605000 -0.148113 3.591129 -0.410817
24.610000 -0.130146 3.593351 -0.410773
24.615000 -0.112170 3.595303 -0.410730
24.620000 -0.094185 3.596986 -0.410686
24.625000 -0.076193 3.598398 -0.410641
24.630000 -0.058195 3.599541 -0.410597
24.635000 -0.040193 3.600414 -0.410553
24.640000 -0.022188 3.601017 -0.410509
24.645000 -0.004181 3.601350 -0.410465
24.650000 0.013826 3.601413 -0.410421
24.655000 0.031832 3.601205 -0.410376
24.660000 0.049835 3.600728 -0.410332
24.665000 0.067835 3.599980 -0.410288
24.670000 0.085830 3.598963 -0.410244
24.675000 0.103818 3.597675 -0.410200
24.680000 0.121799 3.596118 -0.410156
24.685000 0.139770 3.594291 -0.410112
24.690000 0.157731 3.592195 -0.410068
24.695000 0.175681 3.589829 -0.410025
24.700000 0.193617 3.587193 -0.409981
24.705000 0.211538 3.584289 -0.409938
24.710000 0.229444 3.581116 -0.409894
24.715000 0.247332 3.577674 -0.409851
24.720000 0.265202 3.573964 -0.409808
24.725000 0.283052 3.569986 -0.409766
24.730000 0.300880 3.565741 -0.409723
24.735000 0.318686 3.561227 -0.409681
24.740000 0.336469 3.556447 -0.409639
24.745000 0.354226 3.551400 -0.409597
24.750000 0.371956 3.546087 -0.409555
24.755000 0.389659 3.540507 -0.409514
24.760000 0.407332 3.534662 -0.409473
24.765000 0.424975 3.528552 -0.409432
24.770000 0.442586 3.522178 -0.409392
24.775000 0.460163 3.515539 -0.409352
24.780000 0.477707 3.508637 -0.409312
24.785000 0.495214 3.501471 -0.409272
24.790000 0.512684 3.494043 -0.409233
24.795000 0.530116 3.486353 -0.409194
24.800000 0.547508 3.478401 -0.409156
24.805000 0.564859 3.470188 -0.409118
24.810000 0.582167 3.461715 -0.409080
24.815000 0.599432 3.452983 -0.409043
24.820000 0.616652 3.443991 -0.409007
24.825000 0.633826 3.434742 -0.408970
24.830000 0.650952 3.425234 -0.408934
24.835000 0.668029 3.415470 -0.408899
24.840000 0.685057 3.405449 -0.408864
24.845000 0.702033 3.395174 -0.408829
24.850000 0.718956 3.384643 -0.408795
24.855000 0.735825 3.373859 -0.408762
24.860000 0.752639 3.362821 -0.408729
24.865000 0.769397 3.351532 -0.408696
24.870000 0.786097 3.339991 -0.408664
24.875000 0.802738 3.328199 -0.408633
24.880000 0.819319 3.316158 -0.408602
24.885000 0.835838 3.303869 -0.408572
24.890000 0.852295 3.291331 -0.408542
24.895000 0.868687 3.278547 -0.408513
24.900000 0.885015 3.265516 -0.408484
24.905000 0.901276 3.252241 -0.408456
24.910000 0.917470 3.238722 -0.408429
24.915000 0.933595 3.224960 -0.408402
24.920000 0.949649 3.210956 -0.408375
24.925000 0.965633 3.196711 -0.408350
24.930000 0.981544 3.182227 -0.408325
24.935000 0.997382 3.167503 -0.408301
24.940000 1.013144 3.152543 -0.408277
24.945000 1.028831 3.137346 -0.408254
24.950000 1.044441 3.121913 -0.408231
24.955000 1.059972 3.106247 -0.408210
24.960000 1.075424 3.090347 -0.408189
24.965000 1.090795 3.074216 -0.408168
24.970000 1.106084 3.057854 -0.408148
24.975000 1.121290 3.041262 -0.408129
24.980000 1.136412 3.024443 -0.408111
24.985000 1.151449 3.007397 -0.408094
24.990000 1.166400 2.990125 -0.408077
24.995000 1.181263 2.972629 -0.408060
25.000000 1.196038 2.954910 -0.408045
25.005000 1.210723 2.936970 -0.408030
25.010000 1.225317 2.918809 -0.408016
25.015000 1.239819 2.900429 -0.408003
25.020000 1.254228 2.881832 -0.407990
25.025000 1.268543 2.863018 -0.407978
25.030000 1.282763 2.843990 -0.407967
25.035000 1.296887 2.824749 -0.407957
25.040000 1.310913 2.805295 -0.407947
25.045000 1.324841 2.785632 -0.407938
25.050000 1.338670 2.765759 -0.407930
25.055000 1.352399 2.745679 -0.407923
25.060000 1.366025 2.725393 -0.407916
25.065000 1.379550 2.704903 -0.407910
25.070000 1.392971 2.684209 -0.407905
25.075000 1.406288 2.663315 -0.407901
25.080000 1.419499 2.642221 -0.407897
25.085000 1.432603 2.620928 -0.407894
25.090000 1.445601 2.599439 -0.407892
25.095000 1.458489 2.577755 -0.407891
25.100000 1.471269 2.555878 -0.407891
25.105000 1.483938 2.533809 -0.407891
25.110000 1.496495 2.511550 -0.407892
25.115000 1.508941 2.489102 -0.407894
25.120000 1.521273 2.466468 -0.407896
25.125000 1.533492 2.443649 -0.407900
25.130000 1.545595 2.420647 -0.407904
25.135000 1.557582 2.397463 -0.407908
25.140000 1.569453 2.374099 -0.407914
25.145000 1.581205 2.350557 -0.407920
25.150000 1.592840 2.326839 -0.407928
25.155000 1.604354 2.302946 -0.407935
25.160000 1.615749 2.278881 -0.407944
25.165000 1.627022 2.254645 -0.407953
25.170000 1.638173 2.230240 -0.407964
25.175000 1.649202 2.205667 -0.407974
25.180000 1.660106 2.180929 -0.407986
25.185000 1.670886 2.156027 -0.407998
25.190000 1.681541 2.130964 -0.408011
25.195000 1.692070 2.105741 -0.408025
25.200000 1.702472 2.080360 -0.408040
25.205000 1.712746 2.054823 -0.408055
25.210000 1.722891 2.029132 -0.408071
25.215000 1.732908 2.003288 -0.408088
25.220000 1.742794 1.977295 -0.408105
25.225000 1.752550 1.951153 -0.408123
25.230000 1.762174 1.924865 -0.408142
25.235000 1.771667 1.898432 -0.408161
25.240000 1.781026 1.871857 -0.408181
25.245000 1.790252 1.845142 -0.408202
25.250000 1.799343 1.818288 -0.408224
25.255000 1.808299 1.791298 -0.408246
25.260000 1.817120 1.764173 -0.408269
25.265000 1.825805 1.736916 -0.408292
25.270000 1.834353 1.709529 -0.408316
25.275000 1.842763 1.682014 -0.408341
25.280000 1.851034 1.654373 -0.408367
25.285000 1.859168 1.626607 -0.408393
25.290000 1.867161 1.598719 -0.408419
25.295000 1.875015 1.570712 -0.408447
25.300000 1.882728 1.542587 -0.408474
25.305000 1.890299 1.514346 -0.408503
25.310000 1.897729 1.485991 -0.408532
25.315000 1.905017 1.457525 -0.408561
25.320000 1.912162 1.428950 -0.408592
25.325000 1.919163 1.400268 -0.408622
25.330000 1.926020 1.371480 -0.408654
25.335000 1.932733 1.342590 -0.408685
25.340000 1.939301 1.313599 -0.408718
25.345000 1.945724 1.284510 -0.408750
25.350000 1.952001 1.255324 -0.408784
25.355000 1.958131 1.226044 -0.408818
25.360000 1.964114 1.196672 -0.408852
25.365000 1.969950 1.167210 -0.408887
25.370000 1.975638 1.137661 -0.408922
25.375000 1.981179 1.108026 -0.408958
25.380000 1.986570 1.078308 -0.408994
25.385000 1.991813 1.048510 -0.409031
25.390000 1.996906 1.018633 -0.409068
25.395000 2.001849 0.988679 -0.409105
25.400000 2.006643 0.958651 -0.409143
25.405000 2.011285 0.928552 -0.409181
25.410000 2.015777 0.898383 -0.409220
25.415000 2.020118 0.868146 -0.409259
25.420000 2.024307 0.837844 -0.409298
25.425000 2.028345 0.807479 -0.409338
25.430000 2.032230 0.777054 -0.409378
25.435000 2.035963 0.746571 -0.409418
25.440000 2.039543 0.716031 -0.409459
25.445000 2.042970 0.685438 -0.409500
25.450000 2.046244 0.654794 -0.409541
25.455000 2.049364 0.624100 -0.409582
25.460000 2.052331 0.593360 -0.409624
25.465000 2.055144 0.562575 -0.409666
25.470000 2.057803 0.531747 -0.409708
25.475000 2.060307 0.500880 -0.409751
25.480000 2.062657 0.469976 -0.409794
25.485000 2.064852 0.439036 -0.409836
25.490000 2.066893 0.408063 -0.409879
25.495000 2.068778 0.377060 -0.409923
25.500000 2.070508 0.346028 -0.409966
25.505000 2.072083 0.314970 -0.410010
25.510000 2.073502 0.283889 -0.410053
25.515000 2.074766 0.252787 -0.410097
25.520000 2.075875 0.221665 -0.410141
25.525000 2.076827 0.190527 -0.410185
25.530000 2.077624 0.159375 -0.410229
25.535000 2.078265 0.128210 -0.410273
25.540000 2.078750 0.097036 -0.410317
25.545000 2.079080 0.065855 -0.410361
25.550000 2.079253 0.034669 -0.410405
25.555000 2.079270 0.003480 -0.410450
25.560000 2.079132 -0.027709 -0.410494
25.565000 2.078837 -0.058896 -0.410538
25.570000 2.078387 -0.090078 -0.410582
25.575000 2.077781 -0.121254 -0.410626
25.580000 2.077019 -0.152421 -0.410670
25.585000 2.076101 -0.183576 -0.410714
25.590000 2.075027 -0.214718 -0.410758
25.595000 2.073798 -0.245843 -0.410802
25.600000 2.072413 -0.276950 -0.410846
25.605000 2.070873 -0.308036 -0.410889
25.610000 2.069178 -0.339099 -0.410933
25.615000 2.067327 -0.370137 -0.410976
25.620000 2.065321 -0.401147 -0.411019
25.625000 2.063160 -0.432127 -0.411062
25.630000 2.060845 -0.463074 -0.411105
25.635000 2.058375 -0.493987 -0.411148
25.640000 2.055751 -0.524863 -0.411190
25.645000 2.052972 -0.555699 -0.411232
25.650000 2.050040 -0.586493 -0.411274
25.655000 2.046954 -0.617244 -0.411316
25.660000 2.043714 -0.647948 -0.411357
25.665000 2.040321 -0.678604 -0.411399
25.670000 2.036775 -0.709209 -0.411439
25.675000 2.033076 -0.739760 -0.411480
25.680000 2.029225 -0.770257 -0.411520
25.685000 2.025221 -0.800695 -0.411560
25.690000 2.021066 -0.831073 -0.411600
25.695000 2.016759 -0.861389 -0.411639
25.700000 2.012301 -0.891641 -0.411678
25.705000 2.007692 -0.921825 -0.411716
25.710000 2.002932 -0.951941 -0.411755
25.715000 1.998022 -0.981985 -0.411792
25.720000 1.992962 -1.011955 -0.411830
25.725000 1.987753 -1.041849 -0.411867
25.730000 1.982395 -1.071666 -0.411903
25.735000 1.976888 -1.101402 -0.411939
25.740000 1.971232 -1.131055 -0.411975
25.745000 1.965429 -1.160623 -0.412010
25.750000 1.959479 -1.190105 -0.412045
25.755000 1.953381 -1.219497 -0.412079
25.760000 1.947137 -1.248798 -0.412112
25.765000 1.940747 -1.278005 -0.412146
25.770000 1.934212 -1.307116 -0.412178
25.775000 1.927531 -1.336129 -0.412211
25.780000 1.920706 -1.365042 -0.412242
25.785000 1.913737 -1.393853 -0.412273
25.790000 1.906624 -1.422559 -0.412304
25.795000 1.899368 -1.451158 -0.412334
25.800000 1.891970 -1.479649 -0.412363
25.805000 1.884430 -1.508028 -0.412392
25.810000 1.876748 -1.536295 -0.412420
25.815000 1.868926 -1.564446 -0.412448
25.820000 1.860963 -1.592480 -0.412475
25.825000 1.852862 -1.620394 -0.412502
25.830000 1.844621 -1.648187 -0.412527
25.835000 1.836241 -1.675856 -0.412553
25.840000 1.827724 -1.703400 -0.412577
25.845000 1.819070 -1.730816 -0.412601
25.850000 1.810280 -1.758102 -0.412625
25.855000 1.801353 -1.785256 -0.412647
25.860000 1.792292 -1.812276 -0.412669
25.865000 1.783096 -1.839161 -0.412691
25.870000 1.773767 -1.865907 -0.412711
25.875000 1.764304 -1.892514 -0.412731
25.880000 1.754709 -1.918978 -0.412750
25.885000 1.744983 -1.945299 -0.412769
25.890000 1.735125 -1.971474 -0.412787
25.895000 1.725138 -1.997501 -0.412804
25.900000 1.715021 -2.023378 -0.412821
25.905000 1.704775 -2.049103 -0.412836
25.910000 1.694402 -2.074675 -0.412851
25.915000 1.683902 -2.100091 -0.412866
25.920000 1.673275 -2.125349 -0.412879
25.925000 1.662523 -2.150448 -0.412892
25.930000 1.651646 -2.175386 -0.412904
25.935000 1.640645 -2.200161 -0.412916
25.940000 1.629521 -2.224770 -0.412926
25.945000 1.618275 -2.249213 -0.412936
25.950000 1.606908 -2.273487 -0.412945
25.955000 1.595420 -2.297591 -0.412954
25.960000 1.583812 -2.321522 -0.412961
25.965000 1.572086 -2.345279 -0.412968
25.970000 1.560241 -2.368861 -0.412975
25.975000 1.548280 -2.392264 -0.412980
25.980000 1.536203 -2.415489 -0.412985
25.985000 1.524010 -2.438532 -0.412988
25.990000 1.511703 -2.461392 -0.412992
25.995000 1.499283 -2.484067 -0.412994
26.000000 1.486750 -2.506557 -0.412995
26.005000 1.474106 -2.528858 -0.412996
26.010000 1.461351 -2.550969 -0.412996
26.015000 1.448486 -2.572890 -0.412996
26.020000 1.435513 -2.594617 -0.412994
26.025000 1.422432 -2.616150 -0.412992
26.030000 1.409245 -2.637486 -0.412989
26.035000 1.395952 -2.658625 -0.412985
26.040000 1.382554 -2.679564 -0.412980
26.045000 1.369053 -2.700302 -0.412975
26.050000 1.355448 -2.720838 -0.412969
26.055000 1.341742 -2.741170 -0.412962
26.060000 1.327936 -2.761296 -0.412955
26.065000 1.314030 -2.781215 -0.412946
26.070000 1.300025 -2.800925 -0.412937
26.075000 1.285923 -2.820426 -0.412927
26.080000 1.271725 -2.839715 -0.412917
26.085000 1.257431 -2.858791 -0.412905
26.090000 1.243042 -2.877652 -0.412893
26.095000 1.228561 -2.896298 -0.412881
26.100000 1.213987 -2.914726 -0.412867
26.105000 1.199323 -2.932936 -0.412853
26.110000 1.184568 -2.950926 -0.412838
26.115000 1.169724 -2.968694 -0.412822
26.120000 1.154793 -2.986240 -0.412806
26.125000 1.139775 -3.003562 -0.412789
26.130000 1.124672 -3.020659 -0.412771
26.135000 1.109485 -3.037529 -0.412752
26.140000 1.094214 -3.054171 -0.412733
26.145000 1.078861 -3.070584 -0.412713
26.150000 1.063427 -3.086767 -0.412693
26.155000 1.047913 -3.102719 -0.412671
26.160000 1.032321 -3.118437 -0.412649
26.165000 1.016652 -3.133922 -0.412627
26.170000 1.000906 -3.149172 -0.412604
26.175000 0.985085 -3.164185 -0.412580
26.180000 0.969190 -3.178962 -0.412555
26.185000 0.953222 -3.193500 -0.412530
26.190000 0.937183 -3.207798 -0.412504
26.195000 0.921074 -3.221856 -0.412478
26.200000 0.904896 -3.235672 -0.412451
26.205000 0.888650 -3.249245 -0.412423
26.210000 0.872337 -3.262575 -0.412395
26.215000 0.855958 -3.275660 -0.412366
26.220000 0.839516 -3.288499 -0.412337
26.225000 0.823010 -3.301092 -0.412307
26.230000 0.806443 -3.313437 -0.412276
26.235000 0.789816 -3.325534 -0.412245
26.240000 0.773129 -3.337381 -0.412214
26.245000 0.756384 -3.348978 -0.412182
26.250000 0.739582 -3.360324 -0.412149
26.255000 0.722725 -3.371418 -0.412116
26.260000 0.705814 -3.382258 -0.412082
26.265000 0.688850 -3.392846 -0.412048
26.270000 0.671834 -3.403178 -0.412013
26.275000 0.654767 -3.413256 -0.411978
26.280000 0.637652 -3.423077 -0.411943
26.285000 0.620489 -3.432642 -0.411907
26.290000 0.603279 -3.441949 -0.411870
26.295000 0.586024 -3.450999 -0.411833
26.300000 0.568725 -3.459789 -0.411796
26.305000 0.551384 -3.468320 -0.411758
26.310000 0.534001 -3.476591 -0.411720
26.315000 0.516578 -3.484601 -0.411682
26.320000 0.499116 -3.492349 -0.411643
26.325000 0.481617 -3.499836 -0.411604
26.330000 0.464081 -3.507060 -0.411564
26.335000 0.446511 -3.514022 -0.411524
26.340000 0.428908 -3.520719 -0.411484
26.345000 0.411272 -3.527153 -0.411444
26.350000 0.393605 -3.533322 -0.411403
26.355000 0.375909 -3.539226 -0.411362
26.360000 0.358185 -3.544865 -0.411320
26.365000 0.340434 -3.550237 -0.411279
26.370000 0.322657 -3.555344 -0.411237
26.375000 0.304856 -3.560184 -0.411195
26.380000 0.287032 -3.564757 -0.411152
26.385000 0.269187 -3.569062 -0.411110
26.390000 0.251321 -3.573100 -0.411067
26.395000 0.233437 -3.576870 -0.411024
26.400000 0.215535 -3.580371 -0.410981
26.405000 0.197617 -3.583604 -0.410937
26.410000 0.179684 -3.586569 -0.410894
26.415000 0.161738 -3.589264 -0.410850
26.420000 0.143780 -3.591690 -0.410807
26.425000 0.125810 -3.593847 -0.410763
26.430000 0.107832 -3.595734 -0.410719
26.435000 0.089845 -3.597351 -0.410675
26.440000 0.071851 -3.598699 -0.410631
26.445000 0.053853 -3.599777 -0.410587
26.450000 0.035850 -3.600584 -0.410543
26.455000 0.017844 -3.601122 -0.410498
26.460000 -0.000163 -3.601390 -0.410454
26.465000 -0.018170 -3.601387 -0.410410
26.470000 -0.036175 -3.601115 -0.410366
26.475000 -0.054178 -3.600572 -0.410322
26.480000 -0.072177 -3.599760 -0.410277
26.485000 -0.090171 -3.598677 -0.410233
26.490000 -0.108157 -3.597324 -0.410189
26.495000 -0.126136 -3.595702 -0.410145
26.500000 -0.144105 -3.593810 -0.410101
26.505000 -0.162063 -3.591648 -0.410058
26.510000 -0.180009 -3.589217 -0.410014
26.515000 -0.197942 -3.586517 -0.409971
26.520000 -0.215859 -3.583548 -0.409927
26.525000 -0.233761 -3.580310 -0.409884
26.530000 -0.251645 -3.576804 -0.409841
26.535000 -0.269510 -3.573029 -0.409798
26.540000 -0.287355 -3.568987 -0.409755
26.545000 -0.305178 -3.564676 -0.409713
26.550000 -0.322979 -3.560099 -0.409671
26.555000 -0.340755 -3.555254 -0.409629
26.560000 -0.358506 -3.550143 -0.409587
26.565000 -0.376230 -3.544765 -0.409545
26.570000 -0.393925 -3.539121 -0.409504
26.575000 -0.411591 -3.533213 -0.409463
26.580000 -0.429227 -3.527039 -0.409422
26.585000 -0.446830 -3.520600 -0.409382
26.590000 -0.464399 -3.513898 -0.409342
26.595000 -0.481934 -3.506932 -0.409302
26.600000 -0.499432 -3.499703 -0.409263
26.605000 -0.516893 -3.492211 -0.409224
26.610000 -0.534316 -3.484458 -0.409185
26.615000 -0.551698 -3.476443 -0.409147
26.620000 -0.569039 -3.468168 -0.409109
26.625000 -0.586337 -3.459632 -0.409071
26.630000 -0.603591 -3.450837 -0.409034
26.635000 -0.620800 -3.441783 -0.408998
26.640000 -0.637962 -3.432471 -0.408962
26.645000 -0.655077 -3.422902 -0.408926
26.650000 -0.672142 -3.413076 -0.408890
26.655000 -0.689157 -3.402994 -0.408856
26.660000 -0.706120 -3.392656 -0.408821
26.665000 -0.723031 -3.382064 -0.408787
26.670000 -0.739887 -3.371219 -0.408754
26.675000 -0.756687 -3.360121 -0.408721
26.680000 -0.773431 -3.348770 -0.408689
26.685000 -0.790117 -3.337169 -0.408657
26.690000 -0.806744 -3.325317 -0.408625
26.695000 -0.823310 -3.313216 -0.408595
26.700000 -0.839814 -3.300866 -0.408564
26.705000 -0.856255 -3.288269 -0.408535
26.710000 -0.872633 -3.275425 -0.408506
26.715000 -0.888944 -3.262336 -0.408477
26.720000 -0.905189 -3.249002 -0.408449
26.725000 -0.921366 -3.235424 -0.408422
26.730000 -0.937474 -3.221603 -0.408395
26.735000 -0.953512 -3.207541 -0.408369
26.740000 -0.969478 -3.193239 -0.408344
26.745000 -0.985372 -3.178696 -0.408319
26.750000 -1.001191 -3.163916 -0.408295
26.755000 -1.016936 -3.148898 -0.408271
26.760000 -1.032604 -3.133644 -0.408248
26.765000 -1.048195 -3.118155 -0.408226
26.770000 -1.063707 -3.102432 -0.408204
26.775000 -1.079139 -3.086476 -0.408184
26.780000 -1.094491 -3.070289 -0.408163
26.785000 -1.109760 -3.053872 -0.408144
26.790000 -1.124946 -3.037225 -0.408125
26.795000 -1.140048 -3.020351 -0.408107
26.800000 -1.155064 -3.003250 -0.408089
26.805000 -1.169994 -2.985925 -0.408073
26.810000 -1.184836 -2.968375 -0.408057
26.815000 -1.199589 -2.950602 -0.408041
26.820000 -1.214252 -2.932608 -0.408027
26.825000 -1.228824 -2.914394 -0.408013
26.830000 -1.243304 -2.895962 -0.408000
26.835000 -1.257690 -2.877313 -0.407987
26.840000 -1.271982 -2.858447 -0.407976
26.845000 -1.286179 -2.839367 -0.407965
26.850000 -1.300280 -2.820075 -0.407954
26.855000 -1.314283 -2.800571 -0.407945
26.860000 -1.328187 -2.780856 -0.407936
26.865000 -1.341991 -2.760934 -0.407928
26.870000 -1.355695 -2.740804 -0.407921
26.875000 -1.369298 -2.720468 -0.407915
26.880000 -1.382797 -2.699929 -0.407909
26.885000 -1.396193 -2.679187 -0.407904
26.890000 -1.409485 -2.658244 -0.407900
26.895000 -1.422670 -2.637102 -0.407897
26.900000 -1.435749 -2.615762 -0.407894
26.905000 -1.448720 -2.594225 -0.407892
26.910000 -1.461583 -2.572495 -0.407891
26.915000 -1.474335 -2.550571 -0.407891
26.920000 -1.486978 -2.528456 -0.407891
26.925000 -1.499508 -2.506151 -0.407892
26.930000 -1.511927 -2.483658 -0.407894
26.935000 -1.524232 -2.460980 -0.407897
26.940000 -1.536422 -2.438116 -0.407900
26.945000 -1.548498 -2.415070 -0.407905
26.950000 -1.560457 -2.391842 -0.407910
26.955000 -1.572299 -2.368435 -0.407916
26.960000 -1.584023 -2.344851 -0.407922
26.965000 -1.595629 -2.321091 -0.407929
26.970000 -1.607114 -2.297156 -0.407937
26.975000 -1.618480 -2.273049 -0.407946
26.980000 -1.629724 -2.248772 -0.407956
26.985000 -1.640845 -2.224326 -0.407966
26.990000 -1.651844 -2.199714 -0.407977
26.995000 -1.662718 -2.174936 -0.407989
27.000000 -1.673468 -2.149995 -0.408001
27.005000 -1.684093 -2.124893 -0.408015
27.010000 -1.694591 -2.099632 -0.408029
27.015000 -1.704962 -2.074213 -0.408043
27.020000 -1.715205 -2.048639 -0.408059
27.025000 -1.725320 -2.022911 -0.408075
27.030000 -1.735305 -1.997031 -0.408092
27.035000 -1.745160 -1.971001 -0.408109
27.040000 -1.754884 -1.944824 -0.408128
27.045000 -1.764477 -1.918501 -0.408146
27.050000 -1.773937 -1.892033 -0.408166
27.055000 -1.783264 -1.865424 -0.408186
27.060000 -1.792457 -1.838675 -0.408207
27.065000 -1.801516 -1.811788 -0.408229
27.070000 -1.810440 -1.784766 -0.408251
27.075000 -1.819228 -1.757609 -0.408274
27.080000 -1.827880 -1.730321 -0.408298
27.085000 -1.836394 -1.702903 -0.408322
27.090000 -1.844771 -1.675357 -0.408347
27.095000 -1.853009 -1.647685 -0.408373
27.100000 -1.861109 -1.619890 -0.408399
27.105000 -1.869069 -1.591973 -0.408426
27.110000 -1.876888 -1.563937 -0.408453
27.115000 -1.884567 -1.535784 -0.408481
27.120000 -1.892105 -1.507515 -0.408510
27.125000 -1.899501 -1.479134 -0.408539
27.130000 -1.906754 -1.450641 -0.408569
27.135000 -1.913864 -1.422040 -0.408599
27.140000 -1.920831 -1.393332 -0.408630
27.145000 -1.927653 -1.364520 -0.408661
27.150000 -1.934331 -1.335605 -0.408693
27.155000 -1.940864 -1.306590 -0.408726
27.160000 -1.947252 -1.277477 -0.408758
27.165000 -1.953493 -1.248268 -0.408792
27.170000 -1.959588 -1.218966 -0.408826
27.175000 -1.965536 -1.189572 -0.408860
27.180000 -1.971336 -1.160089 -0.408895
27.185000 -1.976989 -1.130519 -0.408931
27.190000 -1.982493 -1.100864 -0.408967
27.195000 -1.987849 -1.071127 -0.409003
27.200000 -1.993055 -1.041309 -0.409040
27.205000 -1.998112 -1.011413 -0.409077
27.210000 -2.003019 -0.981441 -0.409114
27.215000 -2.007776 -0.951396 -0.409152
27.220000 -2.012383 -0.921279 -0.409190
27.225000 -2.016838 -0.891094 -0.409229
27.230000 -2.021142 -0.860841 -0.409268
27.235000 -2.025295 -0.830524 -0.409308
27.240000 -2.029296 -0.800145 -0.409347
27.245000 -2.033144 -0.769705 -0.409388
27.250000 -2.036840 -0.739208 -0.409428
27.255000 -2.040384 -0.708655 -0.409469
27.260000 -2.043774 -0.678050 -0.409510
27.265000 -2.047011 -0.647393 -0.409551
27.270000 -2.050094 -0.616688 -0.409593
27.275000 -2.053024 -0.585936 -0.409634
27.280000 -2.055800 -0.555141 -0.409676
27.285000 -2.058421 -0.524304 -0.409719
27.290000 -2.060888 -0.493428 -0.409761
27.295000 -2.063201 -0.462514 -0.409804
27.300000 -2.065359 -0.431566 -0.409847
27.305000 -2.067362 -0.400586 -0.409890
27.310000 -2.069210 -0.369576 -0.409933
27.315000 -2.070902 -0.338537 -0.409977
27.320000 -2.072440 -0.307474 -0.410020
27.325000 -2.073822 -0.276387 -0.410064
27.330000 -2.075048 -0.245280 -0.410108
27.335000 -2.076119 -0.214154 -0.410151
27.340000 -2.077034 -0.183012 -0.410195
27.345000 -2.077793 -0.151857 -0.410239
27.350000 -2.078397 -0.120690 -0.410284
27.355000 -2.078844 -0.089514 -0.410328
27.360000 -2.079136 -0.058331 -0.410372
27.365000 -2.079271 -0.027144 -0.410416
27.370000 -2.079251 0.004045 -0.410460
27.375000 -2.079075 0.035233 -0.410504
27.380000 -2.078743 0.066420 -0.410549
27.385000 -2.078255 0.097601 -0.410593
27.390000 -2.077611 0.128775 -0.410637
27.395000 -2.076811 0.159939 -0.410681
27.400000 -2.075856 0.191091 -0.410725
27.405000 -2.074745 0.222229 -0.410769
27.410000 -2.073478 0.253350 -0.410813
27.415000 -2.072056 0.284452 -0.410856
27.420000 -2.070478 0.315533 -0.410900
27.425000 -2.068745 0.346590 -0.410943
27.430000 -2.066857 0.377621 -0.410987
27.435000 -2.064814 0.408624 -0.411030
27.440000 -2.062616 0.439596 -0.411073
27.445000 -2.060263 0.470536 -0.411116
27.450000 -2.057756 0.501439 -0.411158
27.455000 -2.055095 0.532306 -0.411200
27.460000 -2.052279 0.563132 -0.411243
27.465000 -2.049309 0.593916 -0.411284
27.470000 -2.046186 0.624656 -0.411326
27.475000 -2.042909 0.655349 -0.411367
27.480000 -2.039479 0.685993 -0.411408
27.485000 -2.035896 0.716585 -0.411449
27.490000 -2.032161 0.747123 -0.411490
27.495000 -2.028273 0.777606 -0.411530
27.500000 -2.024233 0.808030 -0.411570
27.505000 -2.020041 0.838393 -0.411609
27.510000 -2.015697 0.868694 -0.411648
27.515000 -2.011203 0.898929 -0.411687
27.520000 -2.006557 0.929097 -0.411726
27.525000 -2.001761 0.959196 -0.411764
27.530000 -1.996815 0.989222 -0.411801
27.535000 -1.991719 1.019174 -0.411839
27.540000 -1.986474 1.049050 -0.411875
27.545000 -1.981080 1.078847 -0.411912
27.550000 -1.975537 1.108563 -0.411948
27.555000 -1.969846 1.138196 -0.411983
27.560000 -1.964007 1.167744 -0.412018
27.565000 -1.958021 1.197204 -0.412053
27.570000 -1.951888 1.226574 -0.412087
27.575000 -1.945609 1.255853 -0.412120
27.580000 -1.939184 1.285037 -0.412154
27.585000 -1.932613 1.314125 -0.412186
27.590000 -1.925898 1.343114 -0.412218
27.595000 -1.919038 1.372002 -0.412250
27.600000 -1.912034 1.400788 -0.412281
27.605000 -1.904886 1.429468 -0.412311
27.610000 -1.897596 1.458042 -0.412341
27.615000 -1.890164 1.486506 -0.412370
27.620000 -1.882589 1.514858 -0.412399
27.625000 -1.874874 1.543097 -0.412427
27.630000 -1.867018 1.571220 -0.412455
27.635000 -1.859022 1.599225 -0.412482
27.640000 -1.850886 1.627111 -0.412508
27.645000 -1.842612 1.654874 -0.412534
27.650000 -1.834199 1.682513 -0.412559
27.655000 -1.825649 1.710026 -0.412583
27.660000 -1.816962 1.737411 -0.412607
27.665000 -1.808139 1.764665 -0.412630
27.670000 -1.799180 1.791787 -0.412653
27.675000 -1.790086 1.818775 -0.412674
27.680000 -1.780858 1.845626 -0.412696
27.685000 -1.771496 1.872339 -0.412716
27.690000 -1.762001 1.898912 -0.412736
27.695000 -1.752375 1.925342 -0.412755
27.700000 -1.742617 1.951627 -0.412773
27.705000 -1.732728 1.977767 -0.412791
27.710000 -1.722709 2.003757 -0.412808
27.715000 -1.712561 2.029598 -0.412824
27.720000 -1.702284 2.055286 -0.412840
27.725000 -1.691880 2.080821 -0.412855
27.730000 -1.681349 2.106199 -0.412869
27.735000 -1.670692 2.131419 -0.412882
27.740000 -1.659910 2.156480 -0.412895
27.745000 -1.649003 2.181378 -0.412907
27.750000 -1.637972 2.206113 -0.412918
27.755000 -1.626819 2.230683 -0.412929
27.760000 -1.615544 2.255085 -0.412939
27.765000 -1.604147 2.279318 -0.412948
27.770000 -1.592630 2.303381 -0.412956
27.775000 -1.580994 2.327270 -0.412963
27.780000 -1.569239 2.350985 -0.412970
27.785000 -1.557366 2.374523 -0.412976
27.790000 -1.545377 2.397884 -0.412981
27.795000 -1.533271 2.421065 -0.412986
27.800000 -1.521051 2.444064 -0.412989
27.805000 -1.508717 2.466879 -0.412992
27.810000 -1.496269 2.489510 -0.412994
27.815000 -1.483709 2.511954 -0.412996
27.820000 -1.471038 2.534210 -0.412996
27.825000 -1.458257 2.556275 -0.412996
27.830000 -1.445366 2.578149 -0.412995
27.835000 -1.432367 2.599830 -0.412994
27.840000 -1.419261 2.621315 -0.412991
27.845000 -1.406047 2.642604 -0.412988
27.850000 -1.392729 2.663695 -0.412984
27.855000 -1.379306 2.684586 -0.412979
27.860000 -1.365780 2.705275 -0.412974
27.865000 -1.352151 2.725762 -0.412967
27.870000 -1.338421 2.746044 -0.412960
27.875000 -1.324590 2.766121 -0.412953
27.880000 -1.310660 2.785990 -0.412944
27.885000 -1.296632 2.805649 -0.412935
27.890000 -1.282506 2.825099 -0.412925
27.895000 -1.268285 2.844337 -0.412914
27.900000 -1.253968 2.863361 -0.412903
27.905000 -1.239557 2.882170 -0.412890
27.910000 -1.225053 2.900764 -0.412877
27.915000 -1.210458 2.919139 -0.412864
27.920000 -1.195771 2.937296 -0.412849
27.925000 -1.180995 2.955233 -0.412834
27.930000 -1.166130 2.972948 -0.412818
27.935000 -1.151178 2.990440 -0.412802
27.940000 -1.136139 3.007707 -0.412784
27.945000 -1.121016 3.024750 -0.412766
27.950000 -1.105808 3.041565 -0.412748
27.955000 -1.090517 3.058152 -0.412728
27.960000 -1.075145 3.074510 -0.412708
27.965000 -1.059691 3.090637 -0.412688
27.970000 -1.044159 3.106532 -0.412666
27.975000 -1.028548 3.122195 -0.412644
27.980000 -1.012860 3.137623 -0.412621
27.985000 -0.997096 3.152816 -0.412598
27.990000 -0.981257 3.167772 -0.412574
27.995000 -0.965344 3.182491 -0.412549
28.000000 -0.949359 3.196971 -0.412524
28.005000 -0.933303 3.211212 -0.412498
28.010000 -0.917177 3.225211 -0.412471
28.015000 -0.900982 3.238969 -0.412444
28.020000 -0.884720 3.252483 -0.412417
28.025000 -0.868391 3.265754 -0.412388
28.030000 -0.851997 3.278780 -0.412359
28.035000 -0.835540 3.291560 -0.412330
28.040000 -0.819019 3.304093 -0.412300
28.045000 -0.802437 3.316378 -0.412269
28.050000 -0.785795 3.328415 -0.412238
28.055000 -0.769094 3.340202 -0.412206
28.060000 -0.752335 3.351738 -0.412174
28.065000 -0.735520 3.363023 -0.412141
28.070000 -0.718650 3.374056 -0.412108
28.075000 -0.701726 3.384836 -0.412074
28.080000 -0.684749 3.395362 -0.412040
28.085000 -0.667721 3.405633 -0.412005
28.090000 -0.650643 3.415649 -0.411970
28.095000 -0.633516 3.425409 -0.411934
28.100000 -0.616341 3.434911 -0.411898
28.105000 -0.599120 3.444156 -0.411861
28.110000 -0.581854 3.453143 -0.411824
28.115000 -0.564545 3.461871 -0.411787
28.120000 -0.547193 3.470339 -0.411749
28.125000 -0.529801 3.478547 -0.411711
28.130000 -0.512368 3.486494 -0.411673
28.135000 -0.494897 3.494180 -0.411634
28.140000 -0.477389 3.501603 -0.411594
28.145000 -0.459845 3.508764 -0.411555
28.150000 -0.442267 3.515662 -0.411515
28.155000 -0.424656 3.522296 -0.411474
28.160000 -0.407012 3.528665 -0.411434
28.165000 -0.389339 3.534771 -0.411393
28.170000 -0.371635 3.540611 -0.411352
28.175000 -0.353905 3.546185 -0.411310
28.180000 -0.336147 3.551494 -0.411269
28.185000 -0.318364 3.556536 -0.411227
28.190000 -0.300558 3.561311 -0.411184
28.195000 -0.282729 3.565820 -0.411142
28.200000 -0.264878 3.570061 -0.411099
28.205000 -0.247008 3.574034 -0.411056
28.210000 -0.229120 3.577739 -0.411013
28.215000 -0.211214 3.581176 -0.410970
28.220000 -0.193292 3.584344 -0.410927
28.225000 -0.175356 3.587243 -0.410883
28.230000 -0.157406 3.589874 -0.410840
28.235000 -0.139445 3.592235 -0.410796
28.240000 -0.121474 3.594327 -0.410752
28.245000 -0.103493 3.596149 -0.410708
28.250000 -0.085504 3.597701 -0.410664
28.255000 -0.067509 3.598984 -0.410620
28.260000 -0.049509 3.599996 -0.410576
28.265000 -0.031506 3.600739 -0.410532
28.270000 -0.013500 3.601211 -0.410488
28.275000 0.004507 3.601414 -0.410443
28.280000 0.022514 3.601346 -0.410399
28.285000 0.040519 3.601009 -0.410355
28.290000 0.058521 3.600401 -0.410311
28.295000 0.076519 3.599523 -0.410267
28.300000 0.094511 3.598375 -0.410223
28.305000 0.112495 3.596958 -0.410179
28.310000 0.130472 3.595270 -0.410135
28.315000 0.148438 3.593313 -0.410091
28.320000 0.166394 3.591087 -0.410047
28.325000 0.184337 3.588591 -0.410004
28.330000 0.202266 3.585826 -0.409960
28.335000 0.220180 3.582792 -0.409917
28.340000 0.238077 3.579489 -0.409874
28.345000 0.255957 3.575918 -0.409830
28.350000 0.273817 3.572078 -0.409788
28.355000 0.291657 3.567971 -0.409745
28.360000 0.309475 3.563596 -0.409703
28.365000 0.327270 3.558954 -0.409660
28.370000 0.345040 3.554045 -0.409618
28.375000 0.362784 3.548869 -0.409577
28.380000 0.380502 3.543428 -0.409535
28.385000 0.398190 3.537720 -0.409494
28.390000 0.415849 3.531747 -0.409453
28.395000 0.433476 3.525510 -0.409413
28.400000 0.451072 3.519007 -0.409372
28.405000 0.468633 3.512241 -0.409332
28.410000 0.486159 3.505212 -0.409293
28.415000 0.503648 3.497919 -0.409253
28.420000 0.521100 3.490365 -0.409214
28.425000 0.538513 3.482548 -0.409176
28.430000 0.555885 3.474471 -0.409138
28.435000 0.573216 3.466132 -0.409100
28.440000 0.590504 3.457534 -0.409062
28.445000 0.607747 3.448676 -0.409026
28.450000 0.624945 3.439560 -0.408989
28.455000 0.642096 3.430186 -0.408953
28.460000 0.659199 3.420555 -0.408917
28.465000 0.676252 3.410667 -0.408882
28.470000 0.693254 3.400523 -0.408847
28.475000 0.710205 3.390124 -0.408813
28.480000 0.727102 3.379471 -0.408779
28.485000 0.743945 3.368565 -0.408746
28.490000 0.760732 3.357405 -0.408713
28.495000 0.777462 3.345994 -0.408681
28.500000 0.794134 3.334332 -0.408649
28.505000 0.810746 3.322420 -0.408618
28.510000 0.827297 3.310259 -0.408587
28.515000 0.843787 3.297850 -0.408557
28.520000 0.860213 3.285193 -0.408528
28.525000 0.876574 3.272290 -0.408499
28.530000 0.892870 3.259141 -0.408470
28.535000 0.909098 3.245748 -0.408443
28.540000 0.925259 3.232112 -0.408416
28.545000 0.941350 3.218233 -0.408389
28.550000 0.957371 3.204112 -0.408363
28.555000 0.973319 3.189752 -0.408338
28.560000 0.989195 3.175152 -0.408313
28.565000 1.004997 3.160314 -0.408289
28.570000 1.020723 3.145239 -0.408266
28.575000 1.036373 3.129928 -0.408243
28.580000 1.051945 3.114383 -0.408221
28.585000 1.067438 3.098604 -0.408199
28.590000 1.082851 3.082592 -0.408179
28.595000 1.098182 3.066349 -0.408159
28.600000 1.113432 3.049877 -0.408139
28.605000 1.128598 3.033175 -0.408121
28.610000 1.143679 3.016246 -0.408103
28.615000 1.158674 2.999091 -0.408085
28.620000 1.173583 2.981711 -0.408069
28.625000 1.188403 2.964107 -0.408053
28.630000 1.203135 2.946281 -0.408038
28.635000 1.217776 2.928234 -0.408023
28.640000 1.232326 2.909967 -0.408010
28.645000 1.246783 2.891483 -0.407997
28.650000 1.261147 2.872781 -0.407984
28.655000 1.275416 2.853864 -0.407973
28.660000 1.289590 2.834732 -0.407962
28.665000 1.303667 2.815388 -0.407952
28.670000 1.317646 2.795833 -0.407943
28.675000 1.331526 2.776069 -0.407934
28.680000 1.345307 2.756096 -0.407927
28.685000 1.358987 2.735916 -0.407919
28.690000 1.372564 2.715531 -0.407913
28.695000 1.386039 2.694943 -0.407908
28.700000 1.399410 2.674152 -0.407903
28.705000 1.412675 2.653161 -0.407899
28.710000 1.425835 2.631971 -0.407896
28.715000 1.438888 2.610584 -0.407893
28.720000 1.451833 2.589000 -0.407892
28.725000 1.464669 2.567223 -0.407891
28.730000 1.477396 2.545253 -0.407891
28.735000 1.490011 2.523092 -0.407891
28.740000 1.502515 2.500742 -0.407893
28.745000 1.514906 2.478204 -0.407895
28.750000 1.527183 2.455480 -0.407898
28.755000 1.539346 2.432573 -0.407901
28.760000 1.551393 2.409482 -0.407906
28.765000 1.563325 2.386212 -0.407911
28.770000 1.575138 2.362762 -0.407917
28.775000 1.586834 2.339135 -0.407924
28.780000 1.598411 2.315332 -0.407931
28.785000 1.609867 2.291356 -0.407939
28.790000 1.621204 2.267208 -0.407948
28.795000 1.632418 2.242890 -0.407958
28.800000 1.643510 2.218404 -0.407969
28.805000 1.654479 2.193751 -0.407980
28.810000 1.665323 2.168934 -0.407992
28.815000 1.676043 2.143954 -0.408005
28.820000 1.686637 2.118813 -0.408018
28.825000 1.697105 2.093514 -0.408032
28.830000 1.707445 2.068057 -0.408047
28.835000 1.717657 2.042445 -0.408063
28.840000 1.727741 2.016681 -0.408079
28.845000 1.737695 1.990764 -0.408096
28.850000 1.747518 1.964699 -0.408114
28.855000 1.757210 1.938486 -0.408132
28.860000 1.766771 1.912128 -0.408151
28.865000 1.776199 1.885627 -0.408171
28.870000 1.785494 1.858984 -0.408191
28.875000 1.794655 1.832201 -0.408213
28.880000 1.803682 1.805281 -0.408234
28.885000 1.812573 1.778226 -0.408257
28.890000 1.821328 1.751038 -0.408280
28.895000 1.829946 1.723718 -0.408304
28.900000 1.838428 1.696268 -0.408328
28.905000 1.846771 1.668692 -0.408353
28.910000 1.854976 1.640990 -0.408379
28.915000 1.863042 1.613166 -0.408405
28.920000 1.870968 1.585220 -0.408432
28.925000 1.878754 1.557156 -0.408460
28.930000 1.886399 1.528974 -0.408488
28.935000 1.893902 1.500678 -0.408517
28.940000 1.901264 1.472270 -0.408546
28.945000 1.908482 1.443751 -0.408576
28.950000 1.915558 1.415124 -0.408606
28.955000 1.922490 1.386390 -0.408637
28.960000 1.929278 1.357553 -0.408669
28.965000 1.935921 1.328614 -0.408701
28.970000 1.942419 1.299575 -0.408733
28.975000 1.948771 1.270439 -0.408767
28.980000 1.954977 1.241207 -0.408800
28.985000 1.961036 1.211882 -0.408834
28.990000 1.966949 1.182467 -0.408869
28.995000 1.972713 1.152963 -0.408904
29.000000 1.978330 1.123372 -0.408939
29.005000 1.983799 1.093697 -0.408975
29.010000 1.989118 1.063940 -0.409012
29.015000 1.994289 1.034103 -0.409048
29.020000 1.999310 1.004189 -0.409086
29.025000 2.004181 0.974199 -0.409123
29.030000 2.008902 0.944137 -0.409161
29.035000 2.013472 0.914003 -0.409200
29.040000 2.017891 0.883801 -0.409239
29.045000 2.022158 0.853533 -0.409278
29.050000 2.026274 0.823200 -0.409317
29.055000 2.030238 0.792806 -0.409357
29.060000 2.034050 0.762353 -0.409397
29.065000 2.037709 0.731842 -0.409438
29.070000 2.041216 0.701276 -0.409479
29.075000 2.044569 0.670658 -0.409520
29.080000 2.047769 0.639989 -0.409561
29.085000 2.050815 0.609273 -0.409603
29.090000 2.053708 0.578511 -0.409644
29.095000 2.056446 0.547705 -0.409687
29.100000 2.059031 0.516858 -0.409729
29.105000 2.061460 0.485973 -0.409771
29.110000 2.063736 0.455051 -0.409814
29.115000 2.065856 0.424095 -0.409857
29.120000 2.067822 0.393107 -0.409900
29.125000 2.069632 0.362090 -0.409944
29.130000 2.071287 0.331045 -0.409987
29.135000 2.072787 0.299976 -0.410031
29.140000 2.074132 0.268884 -0.410074
29.145000 2.075321 0.237772 -0.410118
29.150000 2.076354 0.206642 -0.410162
29.155000 2.077231 0.175497 -0.410206
29.160000 2.077953 0.144339 -0.410250
29.165000 2.078519 0.113169 -0.410294
29.170000 2.078929 0.081991 -0.410338
29.175000 2.079183 0.050808 -0.410383
29.180000 2.079281 0.019620 -0.410427
29.185000 2.079223 -0.011569 -0.410471
29.190000 2.079009 -0.042758 -0.410515
29.195000 2.078640 -0.073943 -0.410559
29.200000 2.078114 -0.105122 -0.410603
29.205000 2.077432 -0.136294 -0.410648
29.210000 2.076595 -0.167456 -0.410692
29.215000 2.075602 -0.198605 -0.410736
29.220000 2.074453 -0.229739 -0.410779
29.225000 2.073149 -0.260855 -0.410823
29.230000 2.071689 -0.291953 -0.410867
29.235000 2.070074 -0.323028 -0.410910
29.240000 2.068304 -0.354079 -0.410954
29.245000 2.066378 -0.385104 -0.410997
29.250000 2.064298 -0.416099 -0.411040
29.255000 2.062063 -0.447064 -0.411083
29.260000 2.059673 -0.477995 -0.411126
29.265000 2.057128 -0.508890 -0.411168
29.270000 2.054429 -0.539747 -0.411211
29.275000 2.051577 -0.570563 -0.411253
29.280000 2.048570 -0.601337 -0.411294
29.285000 2.045410 -0.632065 -0.411336
29.290000 2.042096 -0.662747 -0.411377
29.295000 2.038629 -0.693378 -0.411418
29.300000 2.035009 -0.723957 -0.411459
29.305000 2.031237 -0.754483 -0.411499
29.310000 2.027312 -0.784951 -0.411540
29.315000 2.023235 -0.815361 -0.411579
29.320000 2.019007 -0.845709 -0.411619
29.325000 2.014627 -0.875994 -0.411658
29.330000 2.010096 -0.906214 -0.411697
29.335000 2.005414 -0.936365 -0.411735
29.340000 2.000582 -0.966446 -0.411773
29.345000 1.995599 -0.996455 -0.411810
29.350000 1.990467 -1.026389 -0.411847
29.355000 1.985186 -1.056246 -0.411884
29.360000 1.979756 -1.086024 -0.411920
29.365000 1.974177 -1.115720 -0.411956
29.370000 1.968451 -1.145333 -0.411992
29.375000 1.962576 -1.174860 -0.412027
29.380000 1.956555 -1.204298 -0.412061
29.385000 1.950387 -1.233647 -0.412095
29.390000 1.944072 -1.262903 -0.412129
29.395000 1.937612 -1.292064 -0.412161
29.400000 1.931006 -1.321128 -0.412194
29.405000 1.924256 -1.350093 -0.412226
29.410000 1.917361 -1.378957 -0.412257
29.415000 1.910322 -1.407717 -0.412288
29.420000 1.903141 -1.436372 -0.412318
29.425000 1.895816 -1.464919 -0.412348
29.430000 1.888349 -1.493356 -0.412377
29.435000 1.880741 -1.521682 -0.412406
29.440000 1.872991 -1.549893 -0.412434
29.445000 1.865101 -1.577988 -0.412461
29.450000 1.857072 -1.605964 -0.412488
29.455000 1.848902 -1.633820 -0.412514
29.460000 1.840595 -1.661554 -0.412540
29.465000 1.832149 -1.689163 -0.412565
29.470000 1.823566 -1.716645 -0.412589
29.475000 1.814846 -1.743998 -0.412613
29.480000 1.805989 -1.771221 -0.412636
29.485000 1.796998 -1.798311 -0.412658
29.490000 1.787872 -1.825266 -0.412680
29.495000 1.778611 -1.852084 -0.412701
29.500000 1.769217 -1.878763 -0.412721
29.505000 1.759691 -1.905301 -0.412741
29.510000 1.750032 -1.931697 -0.412759
29.515000 1.740243 -1.957947 -0.412778
29.520000 1.730322 -1.984051 -0.412795
29.525000 1.720272 -2.010006 -0.412812
29.530000 1.710093 -2.035810 -0.412828
29.535000 1.699786 -2.061461 -0.412844
29.540000 1.689351 -2.086958 -0.412858
29.545000 1.678790 -2.112298 -0.412872
29.550000 1.668102 -2.137480 -0.412886
29.555000 1.657290 -2.162502 -0.412898
29.560000 1.646353 -2.187361 -0.412910
29.565000 1.635293 -2.212056 -0.412921
29.570000 1.624110 -2.236586 -0.412931
29.575000 1.612805 -2.260947 -0.412941
29.580000 1.601379 -2.285139 -0.412950
29.585000 1.589834 -2.309160 -0.412958
29.590000 1.578169 -2.333007 -0.412965
29.595000 1.566385 -2.356680 -0.412971
29.600000 1.554484 -2.380176 -0.412977
29.605000 1.542467 -2.403493 -0.412982
29.610000 1.530334 -2.426630 -0.412987
29.615000 1.518086 -2.449585 -0.412990
29.620000 1.505724 -2.472356 -0.412993
29.625000 1.493249 -2.494942 -0.412995
29.630000 1.480663 -2.517341 -0.412996
29.635000 1.467965 -2.539551 -0.412996
29.640000 1.455157 -2.561570 -0.412996
29.645000 1.442240 -2.583398 -0.412995
29.650000 1.429215 -2.605031 -0.412993
29.655000 1.416082 -2.626470 -0.412990
29.660000 1.402844 -2.647711 -0.412987
29.665000 1.389500 -2.668753 -0.412983
29.670000 1.376052 -2.689596 -0.412978
29.675000 1.362501 -2.710237 -0.412972
29.680000 1.348848 -2.730674 -0.412966
29.685000 1.335093 -2.750907 -0.412959
29.690000 1.321238 -2.770933 -0.412951
29.695000 1.307285 -2.790752 -0.412942
29.700000 1.293233 -2.810361 -0.412933
29.705000 1.279084 -2.829760 -0.412922
29.710000 1.264839 -2.848946 -0.412911
29.715000 1.250500 -2.867919 -0.412900
29.720000 1.236066 -2.886676 -0.412887
29.725000 1.221540 -2.905217 -0.412874
29.730000 1.206923 -2.923540 -0.412860
29.735000 1.192214 -2.941644 -0.412846
29.740000 1.177417 -2.959527 -0.412830
29.745000 1.162531 -2.977188 -0.412814
29.750000 1.147558 -2.994626 -0.412798
29.755000 1.132498 -3.011840 -0.412780
29.760000 1.117354 -3.028827 -0.412762
29.765000 1.102126 -3.045588 -0.412743
29.770000 1.086816 -3.062119 -0.412724
29.775000 1.071424 -3.078422 -0.412703
29.780000 1.055951 -3.094493 -0.412682
29.785000 1.040399 -3.110332 -0.412661
29.790000 1.024770 -3.125938 -0.412639
29.795000 1.009063 -3.141310 -0.412616
29.800000 0.993281 -3.156446 -0.412592
29.805000 0.977424 -3.171345 -0.412568
29.810000 0.961494 -3.186006 -0.412543
29.815000 0.945492 -3.200429 -0.412518
29.820000 0.929419 -3.214611 -0.412492
29.825000 0.913276 -3.228552 -0.412465
29.830000 0.897065 -3.242252 -0.412438
29.835000 0.880787 -3.255708 -0.412410
29.840000 0.864442 -3.268919 -0.412381
29.845000 0.848032 -3.281886 -0.412352
29.850000 0.831559 -3.294606 -0.412322
29.855000 0.815024 -3.307080 -0.412292
29.860000 0.798428 -3.319305 -0.412262
29.865000 0.781771 -3.331282 -0.412230
29.870000 0.765056 -3.343008 -0.412198
29.875000 0.748284 -3.354484 -0.412166
29.880000 0.731455 -3.365708 -0.412133
29.885000 0.714572 -3.376680 -0.412100
29.890000 0.697635 -3.387399 -0.412066
29.895000 0.680645 -3.397863 -0.412031
29.900000 0.663605 -3.408073 -0.411997
29.905000 0.646515 -3.418027 -0.411961
29.910000 0.629376 -3.427725 -0.411925
29.915000 0.612190 -3.437165 -0.411889
29.920000 0.594959 -3.446348 -0.411853
29.925000 0.577682 -3.455273 -0.411815
29.930000 0.560363 -3.463938 -0.411778
29.935000 0.543001 -3.472343 -0.411740
29.940000 0.525599 -3.480488 -0.411702
29.945000 0.508157 -3.488372 -0.411663
29.950000 0.490677 -3.495995 -0.411624
29.955000 0.473160 -3.503355 -0.411585
29.960000 0.455608 -3.510452 -0.411545
29.965000 0.438021 -3.517286 -0.411505
29.970000 0.420402 -3.523857 -0.411465
29.975000 0.402751 -3.530163 -0.411424
29.980000 0.385070 -3.536204 -0.411383
29.985000 0.367360 -3.541980 -0.411342
29.990000 0.349623 -3.547490 -0.411300
29.995000 0.331859 -3.552735 -0.411258
30.000000 0.314071 -3.557713 -0.411216
30.005000 0.296258 -3.562424 -0.411174
30.010000 0.278424 -3.566867 -0.411132
30.015000 0.260569 -3.571044 -0.411089
30.020000 0.242694 -3.574952 -0.411046
30.025000 0.224801 -3.578593 -0.411003
30.030000 0.206891 -3.581965 -0.410960
30.035000 0.188966 -3.585068 -0.410916
30.040000 0.171026 -3.587903 -0.410873
30.045000 0.153074 -3.590468 -0.410829
30.050000 0.135110 -3.592764 -0.410786
30.055000 0.117136 -3.594791 -0.410742
30.060000 0.099154 -3.596548 -0.410698
30.065000 0.081163 -3.598035 -0.410654
30.070000 0.063167 -3.599253 -0.410610
30.075000 0.045166 -3.600200 -0.410565
30.080000 0.027162 -3.600878 -0.410521
30.085000 0.009155 -3.601285 -0.410477
30.090000 -0.008852 -3.601422 -0.410433
30.095000 -0.026858 -3.601290 -0.410389
30.100000 -0.044863 -3.600887 -0.410344
30.105000 -0.062864 -3.600214 -0.410300
30.110000 -0.080860 -3.599271 -0.410256
30.115000 -0.098850 -3.598058 -0.410212
30.120000 -0.116833 -3.596575 -0.410168
30.125000 -0.134807 -3.594823 -0.410124
30.130000 -0.152771 -3.592801 -0.410080
30.135000 -0.170724 -3.590509 -0.410037
30.140000 -0.188664 -3.587948 -0.409993
30.145000 -0.206589 -3.585118 -0.409950
30.150000 -0.224499 -3.582019 -0.409906
30.155000 -0.242393 -3.578652 -0.409863
30.160000 -0.260268 -3.575016 -0.409820
30.165000 -0.278123 -3.571112 -0.409777
30.170000 -0.295958 -3.566940 -0.409735
30.175000 -0.313770 -3.562501 -0.409692
30.180000 -0.331559 -3.557794 -0.409650
30.185000 -0.349324 -3.552821 -0.409608
30.190000 -0.367061 -3.547581 -0.409567
30.195000 -0.384772 -3.542075 -0.409525
30.200000 -0.402453 -3.536303 -0.409484
30.205000 -0.420105 -3.530267 -0.409443
30.210000 -0.437724 -3.523965 -0.409403
30.215000 -0.455311 -3.517399 -0.409363
30.220000 -0.472864 -3.510570 -0.409323
30.225000 -0.490382 -3.503477 -0.409283
30.230000 -0.507862 -3.496121 -0.409244
30.235000 -0.525305 -3.488503 -0.409205
30.240000 -0.542708 -3.480623 -0.409167
30.245000 -0.560070 -3.472483 -0.409129
30.250000 -0.577391 -3.464082 -0.409091
30.255000 -0.594668 -3.455421 -0.409054
30.260000 -0.611900 -3.446501 -0.409017
30.265000 -0.629087 -3.437322 -0.408980
30.270000 -0.646226 -3.427886 -0.408944
30.275000 -0.663317 -3.418193 -0.408909
30.280000 -0.680359 -3.408243 -0.408874
30.285000 -0.697349 -3.398037 -0.408839
30.290000 -0.714287 -3.387577 -0.408805
30.295000 -0.731171 -3.376863 -0.408771
30.300000 -0.748000 -3.365895 -0.408738
30.305000 -0.764774 -3.354675 -0.408705
30.310000 -0.781490 -3.343204 -0.408673
30.315000 -0.798147 -3.331481 -0.408642
30.320000 -0.814745 -3.319509 -0.408611
30.325000 -0.831281 -3.307288 -0.408580
30.330000 -0.847755 -3.294819 -0.408550
30.335000 -0.864166 -3.282102 -0.408521
30.340000 -0.880512 -3.269140 -0.408492
30.345000 -0.896791 -3.255932 -0.408464
30.350000 -0.913004 -3.242480 -0.408436
30.355000 -0.929148 -3.228785 -0.408409
30.360000 -0.945222 -3.214848 -0.408383
30.365000 -0.961225 -3.200670 -0.408357
30.370000 -0.977156 -3.186251 -0.408332
30.375000 -0.993014 -3.171594 -0.408307
30.380000 -1.008798 -3.156699 -0.408283
30.385000 -1.024506 -3.141567 -0.408260
30.390000 -1.040137 -3.126199 -0.408237
30.395000 -1.055690 -3.110597 -0.408216
30.400000 -1.071163 -3.094762 -0.408194
30.405000 -1.086557 -3.078694 -0.408174
30.410000 -1.101869 -3.062396 -0.408154
30.415000 -1.117098 -3.045868 -0.408135
30.420000 -1.132244 -3.029112 -0.408116
30.425000 -1.147304 -3.012128 -0.408098
30.430000 -1.162279 -2.994918 -0.408081
30.435000 -1.177166 -2.977484 -0.408065
30.440000 -1.191966 -2.959827 -0.408049
30.445000 -1.206675 -2.941947 -0.408034
30.450000 -1.221295 -2.923847 -0.408020
30.455000 -1.235822 -2.905528 -0.408006
30.460000 -1.250257 -2.886990 -0.407994
30.465000 -1.264598 -2.868236 -0.407981
30.470000 -1.278845 -2.849267 -0.407970
30.475000 -1.292995 -2.830085 -0.407960
30.480000 -1.307049 -2.810690 -0.407950
30.485000 -1.321004 -2.791084 -0.407941
30.490000 -1.334860 -2.771269 -0.407932
30.495000 -1.348617 -2.751246 -0.407925
30.500000 -1.362272 -2.731017 -0.407918
30.505000 -1.375825 -2.710583 -0.407912
30.510000 -1.389274 -2.689946 -0.407907
30.515000 -1.402620 -2.669106 -0.407902
30.520000 -1.415860 -2.648067 -0.407898
30.525000 -1.428994 -2.626829 -0.407895
30.530000 -1.442021 -2.605394 -0.407893
30.535000 -1.454940 -2.583764 -0.407891
30.540000 -1.467750 -2.561940 -0.407891
30.545000 -1.480449 -2.539924 -0.407891
30.550000 -1.493038 -2.517717 -0.407892
30.555000 -1.505515 -2.495321 -0.407893
30.560000 -1.517878 -2.472739 -0.407895
30.565000 -1.530128 -2.449970 -0.407899
30.570000 -1.542263 -2.427018 -0.407902
30.575000 -1.554283 -2.403885 -0.407907
30.580000 -1.566186 -2.380570 -0.407912
30.585000 -1.577971 -2.357078 -0.407919
30.590000 -1.589638 -2.333408 -0.407925
30.595000 -1.601186 -2.309563 -0.407933
30.600000 -1.612613 -2.285546 -0.407942
30.605000 -1.623920 -2.261356 -0.407951
30.610000 -1.635105 -2.236998 -0.407961
30.615000 -1.646168 -2.212471 -0.407971
30.620000 -1.657107 -2.187778 -0.407983
30.625000 -1.667921 -2.162922 -0.407995
30.630000 -1.678611 -2.137903 -0.408008
30.635000 -1.689174 -2.112724 -0.408021
30.640000 -1.699611 -2.087386 -0.408036
30.645000 -1.709921 -2.061892 -0.408051
30.650000 -1.720102 -2.036243 -0.408066
30.655000 -1.730154 -2.010442 -0.408083
30.660000 -1.740077 -1.984489 -0.408100
30.665000 -1.749868 -1.958388 -0.408118
30.670000 -1.759529 -1.932140 -0.408137
30.675000 -1.769058 -1.905747 -0.408156
30.680000 -1.778454 -1.879212 -0.408176
30.685000 -1.787717 -1.852535 -0.408196
30.690000 -1.796845 -1.825719 -0.408218
30.695000 -1.805839 -1.798766 -0.408240
30.700000 -1.814697 -1.771679 -0.408262
30.705000 -1.823420 -1.744458 -0.408286
30.710000 -1.832005 -1.717107 -0.408310
30.715000 -1.840453 -1.689627 -0.408334
30.720000 -1.848764 -1.662020 -0.408360
30.725000 -1.856935 -1.634289 -0.408385
30.730000 -1.864967 -1.606435 -0.408412
30.735000 -1.872859 -1.578460 -0.408439
30.740000 -1.880611 -1.550367 -0.408467
30.745000 -1.888222 -1.522158 -0.408495
30.750000 -1.895691 -1.493835 -0.408524
30.755000 -1.903018 -1.465399 -0.408553
30.760000 -1.910202 -1.436854 -0.408583
30.765000 -1.917243 -1.408201 -0.408614
30.770000 -1.924141 -1.379442 -0.408645
30.775000 -1.930894 -1.350580 -0.408676
30.780000 -1.937502 -1.321617 -0.408709
30.785000 -1.943964 -1.292554 -0.408741
30.790000 -1.950281 -1.263395 -0.408775
30.795000 -1.956452 -1.234141 -0.408808
30.800000 -1.962476 -1.204794 -0.408842
30.805000 -1.968353 -1.175357 -0.408877
30.810000 -1.974082 -1.145831 -0.408912
30.815000 -1.979663 -1.116220 -0.408948
30.820000 -1.985096 -1.086525 -0.408984
30.825000 -1.990380 -1.056749 -0.409020
30.830000 -1.995514 -1.026893 -0.409057
30.835000 -2.000499 -0.996960 -0.409095
30.840000 -2.005334 -0.966953 -0.409132
30.845000 -2.010018 -0.936873 -0.409171
30.850000 -2.014552 -0.906723 -0.409209
30.855000 -2.018934 -0.876504 -0.409248
30.860000 -2.023165 -0.846220 -0.409287
30.865000 -2.027245 -0.815873 -0.409327
30.870000 -2.031172 -0.785464 -0.409367
30.875000 -2.034947 -0.754997 -0.409407
30.880000 -2.038569 -0.724472 -0.409448
30.885000 -2.042039 -0.693894 -0.409488
30.890000 -2.045355 -0.663263 -0.409530
30.895000 -2.048518 -0.632583 -0.409571
30.900000 -2.051527 -0.601855 -0.409613
30.905000 -2.054383 -0.571082 -0.409655
30.910000 -2.057084 -0.540267 -0.409697
30.915000 -2.059631 -0.509410 -0.409739
30.920000 -2.062024 -0.478516 -0.409782
30.925000 -2.064261 -0.447585 -0.409825
30.930000 -2.066345 -0.416622 -0.409868
30.935000 -2.068273 -0.385626 -0.409911
30.940000 -2.070046 -0.354602 -0.409954
30.945000 -2.071663 -0.323552 -0.409998
30.950000 -2.073126 -0.292477 -0.410041
30.955000 -2.074433 -0.261380 -0.410085
30.960000 -2.075584 -0.230263 -0.410129
30.965000 -2.076580 -0.199130 -0.410173
30.970000 -2.077420 -0.167981 -0.410217
30.975000 -2.078104 -0.136820 -0.410261
30.980000 -2.078632 -0.105648 -0.410305
30.985000 -2.079004 -0.074468 -0.410349
30.990000 -2.079221 -0.043283 -0.410393
30.995000 -2.079281 -0.012095 -0.410437
31.000000 -2.079186 0.019094 -0.410482
31.005000 -2.078934 0.050282 -0.410526
31.010000 -2.078527 0.081466 -0.410570
31.015000 -2.077964 0.112644 -0.410614
31.020000 -2.077245 0.143813 -0.410658
31.025000 -2.076370 0.174972 -0.410702
31.030000 -2.075339 0.206117 -0.410746
31.035000 -2.074153 0.237248 -0.410790
31.040000 -2.072811 0.268360 -0.410834
31.045000 -2.071314 0.299452 -0.410877
31.050000 -2.069661 0.330522 -0.410921
31.055000 -2.067854 0.361567 -0.410964
31.060000 -2.065891 0.392584 -0.411008
31.065000 -2.063773 0.423573 -0.411051
31.070000 -2.061500 0.454529 -0.411093
31.075000 -2.059073 0.485452 -0.411136
31.080000 -2.056491 0.516338 -0.411179
31.085000 -2.053755 0.547185 -0.411221
31.090000 -2.050865 0.577992 -0.411263
31.095000 -2.047821 0.608755 -0.411305
31.100000 -2.044624 0.639472 -0.411346
31.105000 -2.041273 0.670141 -0.411387
31.110000 -2.037770 0.700760 -0.411428
31.115000 -2.034113 0.731327 -0.411469
31.120000 -2.030304 0.761839 -0.411509
31.125000 -2.026342 0.792293 -0.411549
31.130000 -2.022229 0.822688 -0.411589
31.135000 -2.017964 0.853022 -0.411628
31.140000 -2.013547 0.883291 -0.411667
31.145000 -2.008980 0.913494 -0.411706
31.150000 -2.004262 0.943629 -0.411744
31.155000 -1.999393 0.973693 -0.411782
31.160000 -1.994375 1.003684 -0.411819
31.165000 -1.989207 1.033600 -0.411856
31.170000 -1.983890 1.063438 -0.411893
31.175000 -1.978424 1.093196 -0.411929
31.180000 -1.972809 1.122872 -0.411965
31.185000 -1.967047 1.152465 -0.412000
31.190000 -1.961137 1.181970 -0.412035
31.195000 -1.955080 1.211387 -0.412069
31.200000 -1.948877 1.240714 -0.412103
31.205000 -1.942527 1.269947 -0.412137
31.210000 -1.936031 1.299085 -0.412169
31.215000 -1.929391 1.328125 -0.412202
31.220000 -1.922605 1.357066 -0.412233
31.225000 -1.915676 1.385905 -0.412265
31.230000 -1.908603 1.414640 -0.412295
31.235000 -1.901386 1.443269 -0.412326
31.240000 -1.894027 1.471790 -0.412355
31.245000 -1.886526 1.500200 -0.412384
31.250000 -1.878884 1.528498 -0.412413
31.255000 -1.871101 1.556682 -0.412440
31.260000 -1.863177 1.584748 -0.412468
31.265000 -1.855113 1.612696 -0.412494
31.270000 -1.846911 1.640522 -0.412520
31.275000 -1.838570 1.668226 -0.412546
31.280000 -1.830091 1.695805 -0.412571
31.285000 -1.821474 1.723256 -0.412595
31.290000 -1.812721 1.750578 -0.412618
31.295000 -1.803833 1.777769 -0.412641
31.300000 -1.794808 1.804826 -0.412663
31.305000 -1.785650 1.831749 -0.412685
31.310000 -1.776357 1.858533 -0.412706
31.315000 -1.766931 1.885179 -0.412726
31.320000 -1.757373 1.911683 -0.412745
31.325000 -1.747682 1.938043 -0.412764
31.330000 -1.737861 1.964258 -0.412782
31.335000 -1.727910 1.990326 -0.412799
31.340000 -1.717828 2.016245 -0.412816
31.345000 -1.707618 2.042012 -0.412832
31.350000 -1.697280 2.067627 -0.412847
31.355000 -1.686815 2.093086 -0.412862
31.360000 -1.676223 2.118388 -0.412876
31.365000 -1.665505 2.143531 -0.412889
31.370000 -1.654663 2.168514 -0.412901
31.375000 -1.643696 2.193334 -0.412913
31.380000 -1.632606 2.217989 -0.412923
31.385000 -1.621394 2.242478 -0.412934
31.390000 -1.610060 2.266799 -0.412943
31.395000 -1.598605 2.290950 -0.412952
31.400000 -1.587030 2.314929 -0.412959
31.405000 -1.575336 2.338735 -0.412967
31.410000 -1.563525 2.362365 -0.412973
31.415000 -1.551596 2.385818 -0.412979
31.420000 -1.539550 2.409092 -0.412983
31.425000 -1.527389 2.432185 -0.412987
31.430000 -1.515114 2.455096 -0.412991
31.435000 -1.502725 2.477822 -0.412993
31.440000 -1.490223 2.500363 -0.412995
31.445000 -1.477609 2.522717 -0.412996
31.450000 -1.464885 2.544881 -0.412996
31.455000 -1.452051 2.566854 -0.412996
31.460000 -1.439107 2.588635 -0.412995
31.465000 -1.426056 2.610221 -0.412992
31.470000 -1.412898 2.631612 -0.412990
31.475000 -1.399634 2.652806 -0.412986
31.480000 -1.386265 2.673800 -0.412982
31.485000 -1.372792 2.694594 -0.412977
31.490000 -1.359216 2.715186 -0.412971
31.495000 -1.345538 2.735574 -0.412964
31.500000 -1.331760 2.755757 -0.412957
31.505000 -1.317881 2.775734 -0.412949
31.510000 -1.303903 2.795502 -0.412940
31.515000 -1.289828 2.815061 -0.412930
31.520000 -1.275656 2.834408 -0.412920
31.525000 -1.261388 2.853543 -0.412909
31.530000 -1.247026 2.872464 -0.412897
31.535000 -1.232570 2.891169 -0.412884
31.540000 -1.218022 2.909658 -0.412871
31.545000 -1.203382 2.927928 -0.412857
31.550000 -1.188652 2.945979 -0.412842
31.555000 -1.173833 2.963808 -0.412827
31.560000 -1.158926 2.981416 -0.412810
31.565000 -1.143932 2.998800 -0.412793
31.570000 -1.128852 3.015959 -0.412776
31.575000 -1.113688 3.032892 -0.412758
31.580000 -1.098440 3.049597 -0.412738
31.585000 -1.083110 3.066074 -0.412719
31.590000 -1.067698 3.082320 -0.412698
31.595000 -1.052206 3.098336 -0.412677
31.600000 -1.036636 3.114119 -0.412656
31.605000 -1.020987 3.129668 -0.412633
31.610000 -1.005263 3.144983 -0.412610
31.615000 -0.989462 3.160062 -0.412586
31.620000 -0.973588 3.174904 -0.412562
31.625000 -0.957640 3.189508 -0.412537
31.630000 -0.941621 3.203872 -0.412511
31.635000 -0.925531 3.217997 -0.412485
31.640000 -0.909371 3.231880 -0.412458
31.645000 -0.893144 3.245520 -0.412431
31.650000 -0.876849 3.258917 -0.412403
31.655000 -0.860489 3.272070 -0.412374
31.660000 -0.844064 3.284977 -0.412345
31.665000 -0.827576 3.297638 -0.412315
31.670000 -0.811026 3.310052 -0.412285
31.675000 -0.794414 3.322217 -0.412254
31.680000 -0.777744 3.334134 -0.412223
31.685000 -0.761015 3.345800 -0.412191
31.690000 -0.744229 3.357215 -0.412158
31.695000 -0.727387 3.368378 -0.412125
31.700000 -0.710490 3.379289 -0.412092
31.705000 -0.693541 3.389947 -0.412058
31.710000 -0.676539 3.400350 -0.412023
31.715000 -0.659486 3.410498 -0.411988
31.720000 -0.642384 3.420390 -0.411953
31.725000 -0.625234 3.430026 -0.411917
31.730000 -0.608037 3.439404 -0.411880
31.735000 -0.590795 3.448525 -0.411844
31.740000 -0.573508 3.457387 -0.411806
31.745000 -0.556178 3.465990 -0.411769
31.750000 -0.538806 3.474332 -0.411731
31.755000 -0.521394 3.482414 -0.411693
31.760000 -0.503943 3.490235 -0.411654
31.765000 -0.486454 3.497794 -0.411615
31.770000 -0.468928 3.505091 -0.411575
31.775000 -0.451368 3.512125 -0.411535
31.780000 -0.433773 3.518896 -0.411495
31.785000 -0.416146 3.525402 -0.411455
31.790000 -0.398488 3.531644 -0.411414
31.795000 -0.380800 3.537622 -0.411373
31.800000 -0.363083 3.543334 -0.411332
31.805000 -0.345339 3.548780 -0.411290
31.810000 -0.327570 3.553960 -0.411248
31.815000 -0.309775 3.558874 -0.411206
31.820000 -0.291958 3.563520 -0.411164
31.825000 -0.274118 3.567900 -0.411121
31.830000 -0.256258 3.572011 -0.411079
31.835000 -0.238379 3.575855 -0.411036
31.840000 -0.220482 3.579431 -0.410993
31.845000 -0.202568 3.582738 -0.410949
31.850000 -0.184639 3.585777 -0.410906
31.855000 -0.166696 3.588546 -0.410862
31.860000 -0.148741 3.591047 -0.410819
31.865000 -0.130775 3.593278 -0.410775
31.870000 -0.112799 3.595239 -0.410731
31.875000 -0.094814 3.596931 -0.410687
31.880000 -0.076822 3.598354 -0.410643
31.885000 -0.058825 3.599506 -0.410599
31.890000 -0.040823 3.600388 -0.410555
31.895000 -0.022818 3.601001 -0.410511
31.900000 -0.004811 3.601343 -0.410466
31.905000 0.013196 3.601415 -0.410422
31.910000 0.031202 3.601217 -0.410378
31.915000 0.049206 3.600749 -0.410334
31.920000 0.067206 3.600011 -0.410290
31.925000 0.085201 3.599003 -0.410245
31.930000 0.103190 3.597725 -0.410201
31.935000 0.121171 3.596177 -0.410157
31.940000 0.139142 3.594359 -0.410114
31.945000 0.157104 3.592272 -0.410070
31.950000 0.175053 3.589916 -0.410026
31.955000 0.192990 3.587290 -0.409983
31.960000 0.210912 3.584395 -0.409939
31.965000 0.228818 3.581231 -0.409896
31.970000 0.246707 3.577799 -0.409853
31.975000 0.264577 3.574099 -0.409810
31.980000 0.282428 3.570130 -0.409767
31.985000 0.300257 3.565894 -0.409725
31.990000 0.318064 3.561390 -0.409682
31.995000 0.335848 3.556619 -0.409640
32.000000 0.353605 3.551581 -0.409598
32.005000 0.371337 3.546277 -0.409557
32.010000 0.389040 3.540707 -0.409515
32.015000 0.406715 3.534871 -0.409474
32.020000 0.424359 3.528771 -0.409434
32.025000 0.441971 3.522405 -0.409393
32.030000 0.459549 3.515776 -0.409353
32.035000 0.477094 3.508882 -0.409313
32.040000 0.494603 3.501726 -0.409274
32.045000 0.512074 3.494307 -0.409235
32.050000 0.529507 3.486626 -0.409196
32.055000 0.546901 3.478683 -0.409157
32.060000 0.564253 3.470480 -0.409119
32.065000 0.581563 3.462016 -0.409082
32.070000 0.598830 3.453292 -0.409045
32.075000 0.616051 3.444310 -0.409008
32.080000 0.633226 3.435069 -0.408971
32.085000 0.650354 3.425571 -0.408936
32.090000 0.667433 3.415816 -0.408900
32.095000 0.684462 3.405804 -0.408865
32.100000 0.701440 3.395537 -0.408831
32.105000 0.718365 3.385015 -0.408797
32.110000 0.735236 3.374240 -0.408763
32.115000 0.752052 3.363211 -0.408730
32.120000 0.768812 3.351931 -0.408697
32.125000 0.785514 3.340398 -0.408666
32.130000 0.802157 3.328616 -0.408634
32.135000 0.818740 3.316583 -0.408603
32.140000 0.835262 3.304302 -0.408573
32.145000 0.851720 3.291773 -0.408543
32.150000 0.868115 3.278998 -0.408514
32.155000 0.884445 3.265976 -0.408485
32.160000 0.900709 3.252709 -0.408457
32.165000 0.916905 3.239199 -0.408430
32.170000 0.933032 3.225445 -0.408403
32.175000 0.949089 3.211449 -0.408376
32.180000 0.965075 3.197213 -0.408351
32.185000 0.980989 3.182737 -0.408326
32.190000 0.996829 3.168022 -0.408301
32.195000 1.012595 3.153070 -0.408278
32.200000 1.028284 3.137881 -0.408255
32.205000 1.043896 3.122457 -0.408232
32.210000 1.059430 3.106798 -0.408210
32.215000 1.074885 3.090907 -0.408189
32.220000 1.090259 3.074783 -0.408169
32.225000 1.105551 3.058430 -0.408149
32.230000 1.120760 3.041846 -0.408130
32.235000 1.135885 3.025035 -0.408112
32.240000 1.150925 3.007997 -0.408094
32.245000 1.165879 2.990733 -0.408077
32.250000 1.180745 2.973245 -0.408061
32.255000 1.195523 2.955533 -0.408045
32.260000 1.210211 2.937601 -0.408031
32.265000 1.224808 2.919447 -0.408017
32.270000 1.239313 2.901075 -0.408003
32.275000 1.253726 2.882486 -0.407991
32.280000 1.268044 2.863680 -0.407979
32.285000 1.282267 2.844659 -0.407968
32.290000 1.296395 2.825425 -0.407957
32.295000 1.310424 2.805979 -0.407947
32.300000 1.324356 2.786323 -0.407939
32.305000 1.338188 2.766457 -0.407930
32.310000 1.351920 2.746385 -0.407923
32.315000 1.365551 2.726106 -0.407916
32.320000 1.379079 2.705622 -0.407910
32.325000 1.392504 2.684936 -0.407905
32.330000 1.405824 2.664049 -0.407901
32.335000 1.419039 2.642961 -0.407897
32.340000 1.432147 2.621676 -0.407895
32.345000 1.445148 2.600194 -0.407893
32.350000 1.458041 2.578516 -0.407891
32.355000 1.470824 2.556646 -0.407891
32.360000 1.483497 2.534583 -0.407891
32.365000 1.496058 2.512331 -0.407892
32.370000 1.508508 2.489890 -0.407894
32.375000 1.520844 2.467262 -0.407896
32.380000 1.533066 2.444450 -0.407899
32.385000 1.545174 2.421454 -0.407903
32.390000 1.557165 2.398276 -0.407908
32.395000 1.569040 2.374919 -0.407914
32.400000 1.580797 2.351383 -0.407920
32.405000 1.592435 2.327671 -0.407927
32.410000 1.603954 2.303785 -0.407935
32.415000 1.615352 2.279725 -0.407944
32.420000 1.626630 2.255495 -0.407953
32.425000 1.637785 2.231096 -0.407963
32.430000 1.648818 2.206529 -0.407974
32.435000 1.659727 2.181797 -0.407986
32.440000 1.670512 2.156901 -0.407998
32.445000 1.681171 2.131843 -0.408011
32.450000 1.691704 2.106625 -0.408025
32.455000 1.702110 2.081250 -0.408039
32.460000 1.712389 2.055718 -0.408054
32.465000 1.722539 2.030032 -0.408070
32.470000 1.732560 2.004194 -0.408087
32.475000 1.742451 1.978206 -0.408104
32.480000 1.752211 1.952069 -0.408122
32.485000 1.761840 1.925786 -0.408141
32.490000 1.771337 1.899358 -0.408161
32.495000 1.780701 1.872788 -0.408181
32.500000 1.789931 1.846078 -0.408202
32.505000 1.799027 1.819229 -0.408223
32.510000 1.807989 1.792243 -0.408245
32.515000 1.816814 1.765124 -0.408268
32.520000 1.825504 1.737871 -0.408291
32.525000 1.834056 1.710489 -0.408316
32.530000 1.842471 1.682978 -0.408340
32.535000 1.850748 1.655341 -0.408366
32.540000 1.858886 1.627580 -0.408392
32.545000 1.866884 1.599696 -0.408418
32.550000 1.874743 1.571693 -0.408446
32.555000 1.882460 1.543572 -0.408473
32.560000 1.890037 1.515335 -0.408502
32.565000 1.897472 1.486985 -0.408531
32.570000 1.904765 1.458522 -0.408560
32.575000 1.911914 1.429951 -0.408590
32.580000 1.918921 1.401272 -0.408621
32.585000 1.925783 1.372488 -0.408652
32.590000 1.932501 1.343602 -0.408684
32.595000 1.939074 1.314614 -0.408716
32.600000 1.945502 1.285528 -0.408749
32.605000 1.951784 1.256346 -0.408783
32.610000 1.957919 1.227069 -0.408816
32.615000 1.963907 1.197700 -0.408851
32.620000 1.969749 1.168241 -0.408886
32.625000 1.975442 1.138695 -0.408921
32.630000 1.980987 1.109064 -0.408957
32.635000 1.986384 1.079349 -0.408993
32.640000 1.991632 1.049553 -0.409029
32.645000 1.996730 1.019678 -0.409066
32.650000 2.001679 0.989728 -0.409104
32.655000 2.006477 0.959702 -0.409142
32.660000 2.011126 0.929605 -0.409180
32.665000 2.015623 0.899438 -0.409218
32.670000 2.019969 0.869204 -0.409257
32.675000 2.024163 0.838904 -0.409297
32.680000 2.028206 0.808542 -0.409336
32.685000 2.032097 0.778119 -0.409376
32.690000 2.035835 0.747637 -0.409417
32.695000 2.039420 0.717100 -0.409457
32.700000 2.042853 0.686509 -0.409498
32.705000 2.046132 0.655866 -0.409540
32.710000 2.049258 0.625174 -0.409581
32.715000 2.052230 0.594435 -0.409623
32.720000 2.055048 0.563652 -0.409665
32.725000 2.057713 0.532826 -0.409707
32.730000 2.060222 0.501960 -0.409749
32.735000 2.062578 0.471057 -0.409792
32.740000 2.064778 0.440118 -0.409835
32.745000 2.066824 0.409146 -0.409878
32.750000 2.068715 0.378144 -0.409921
32.755000 2.070450 0.347113 -0.409965
32.760000 2.072031 0.316057 -0.410008
32.765000 2.073455 0.284976 -0.410052
32.770000 2.074725 0.253874 -0.410095
32.775000 2.075839 0.222753 -0.410139
32.780000 2.076797 0.191616 -0.410183
32.785000 2.077599 0.160464 -0.410227
32.790000 2.078245 0.129300 -0.410271
32.795000 2.078736 0.098126 -0.410315
32.800000 2.079071 0.066945 -0.410360
32.805000 2.079250 0.035759 -0.410404
32.810000 2.079272 0.004570 -0.410448
32.815000 2.079139 -0.026619 -0.410492
32.820000 2.078850 -0.057806 -0.410536
32.825000 2.078405 -0.088989 -0.410581
32.830000 2.077805 -0.120165 -0.410625
32.835000 2.077048 -0.151332 -0.410669
32.840000 2.076135 -0.182487 -0.410713
32.845000 2.075067 -0.213629 -0.410757
32.850000 2.073844 -0.244755 -0.410801
32.855000 2.072464 -0.275863 -0.410844
32.860000 2.070929 -0.306950 -0.410888
32.865000 2.069239 -0.338014 -0.410931
32.870000 2.067394 -0.369053 -0.410975
32.875000 2.065394 -0.400064 -0.411018
32.880000 2.063239 -0.431044 -0.411061
32.885000 2.060929 -0.461993 -0.411104
32.890000 2.058464 -0.492907 -0.411146
32.895000 2.055845 -0.523784 -0.411189
32.900000 2.053072 -0.554622 -0.411231
32.905000 2.050145 -0.585418 -0.411273
32.910000 2.047064 -0.616170 -0.411315
32.915000 2.043830 -0.646876 -0.411356
32.920000 2.040442 -0.677533 -0.411397
32.925000 2.036901 -0.708140 -0.411438
32.930000 2.033208 -0.738693 -0.411479
32.935000 2.029362 -0.769192 -0.411519
32.940000 2.025364 -0.799632 -0.411559
32.945000 2.021214 -0.830012 -0.411598
32.950000 2.016912 -0.860331 -0.411638
32.955000 2.012459 -0.890584 -0.411677
32.960000 2.007855 -0.920771 -0.411715
32.965000 2.003101 -0.950889 -0.411753
32.970000 1.998196 -0.980936 -0.411791
32.975000 1.993142 -1.010908 -0.411828
32.980000 1.987938 -1.040806 -0.411865
32.985000 1.982584 -1.070625 -0.411902
32.990000 1.977083 -1.100363 -0.411938
32.995000 1.971433 -1.130020 -0.411973
33.000000 1.965635 -1.159591 -0.412009
33.005000 1.959689 -1.189076 -0.412043
33.010000 1.953597 -1.218471 -0.412078
33.015000 1.947358 -1.247775 -0.412111
33.020000 1.940973 -1.276985 -0.412144
33.025000 1.934443 -1.306100 -0.412177
33.030000 1.927767 -1.335117 -0.412209
33.035000 1.920947 -1.364033 -0.412241
33.040000 1.913983 -1.392847 -0.412272
33.045000 1.906875 -1.421557 -0.412303
33.050000 1.899624 -1.450160 -0.412333
33.055000 1.892231 -1.478654 -0.412362
33.060000 1.884696 -1.507038 -0.412391
33.065000 1.877019 -1.535308 -0.412419
33.070000 1.869202 -1.563464 -0.412447
33.075000 1.861244 -1.591502 -0.412474
33.080000 1.853147 -1.619420 -0.412501
33.085000 1.844911 -1.647218 -0.412527
33.090000 1.836537 -1.674891 -0.412552
33.095000 1.828024 -1.702439 -0.412576
33.100000 1.819375 -1.729860 -0.412600
33.105000 1.810589 -1.757150 -0.412624
33.110000 1.801668 -1.784309 -0.412646
33.115000 1.792611 -1.811334 -0.412668
33.120000 1.783420 -1.838223 -0.412690
33.125000 1.774095 -1.864975 -0.412710
33.130000 1.764637 -1.891586 -0.412730
33.135000 1.755047 -1.918056 -0.412750
33.140000 1.745325 -1.944381 -0.412768
33.145000 1.735472 -1.970561 -0.412786
33.150000 1.725489 -1.996593 -0.412803
33.155000 1.715377 -2.022476 -0.412820
33.160000 1.705136 -2.048206 -0.412836
33.165000 1.694767 -2.073783 -0.412851
33.170000 1.684271 -2.099205 -0.412865
33.175000 1.673649 -2.124469 -0.412879
33.180000 1.662901 -2.149574 -0.412892
33.185000 1.652028 -2.174517 -0.412904
33.190000 1.641032 -2.199297 -0.412915
33.195000 1.629912 -2.223913 -0.412926
33.200000 1.618670 -2.248362 -0.412936
33.205000 1.607307 -2.272642 -0.412945
33.210000 1.595823 -2.296751 -0.412954
33.215000 1.584220 -2.320689 -0.412961
33.220000 1.572498 -2.344452 -0.412968
33.225000 1.560657 -2.368039 -0.412974
33.230000 1.548700 -2.391449 -0.412980
33.235000 1.536627 -2.414680 -0.412984
33.240000 1.524438 -2.437729 -0.412988
33.245000 1.512135 -2.460596 -0.412991
33.250000 1.499719 -2.483278 -0.412994
33.255000 1.487190 -2.505774 -0.412995
33.260000 1.474549 -2.528081 -0.412996
33.265000 1.461798 -2.550200 -0.412996
33.270000 1.448938 -2.572127 -0.412996
33.275000 1.435968 -2.593861 -0.412994
33.280000 1.422891 -2.615400 -0.412992
33.285000 1.409708 -2.636744 -0.412989
33.290000 1.396418 -2.657889 -0.412985
33.295000 1.383024 -2.678835 -0.412981
33.300000 1.369526 -2.699581 -0.412975
33.305000 1.355926 -2.720124 -0.412969
33.310000 1.342223 -2.740463 -0.412962
33.315000 1.328420 -2.760596 -0.412955
33.320000 1.314518 -2.780522 -0.412947
33.325000 1.300516 -2.800240 -0.412938
33.330000 1.286418 -2.819748 -0.412928
33.335000 1.272223 -2.839044 -0.412917
33.340000 1.257932 -2.858127 -0.412906
33.345000 1.243547 -2.876996 -0.412894
33.350000 1.229069 -2.895650 -0.412881
33.355000 1.214498 -2.914086 -0.412868
33.360000 1.199837 -2.932303 -0.412853
33.365000 1.185085 -2.950301 -0.412838
33.370000 1.170245 -2.968077 -0.412823
33.375000 1.155317 -2.985631 -0.412806
33.380000 1.140302 -3.002960 -0.412789
33.385000 1.125202 -3.020065 -0.412771
33.390000 1.110017 -3.036943 -0.412753
33.395000 1.094749 -3.053593 -0.412734
33.400000 1.079399 -3.070014 -0.412714
33.405000 1.063968 -3.086205 -0.412693
33.410000 1.048457 -3.102165 -0.412672
33.415000 1.032868 -3.117892 -0.412650
33.420000 1.017201 -3.133385 -0.412628
33.425000 1.001457 -3.148643 -0.412604
33.430000 0.985639 -3.163665 -0.412581
33.435000 0.969747 -3.178449 -0.412556
33.440000 0.953782 -3.192995 -0.412531
33.445000 0.937745 -3.207302 -0.412505
33.450000 0.921638 -3.221368 -0.412479
33.455000 0.905463 -3.235193 -0.412452
33.460000 0.889219 -3.248775 -0.412424
33.465000 0.872908 -3.262113 -0.412396
33.470000 0.856532 -3.275207 -0.412367
33.475000 0.840092 -3.288055 -0.412338
33.480000 0.823588 -3.300656 -0.412308
33.485000 0.807023 -3.313010 -0.412278
33.490000 0.790398 -3.325115 -0.412246
33.495000 0.773713 -3.336971 -0.412215
33.500000 0.756970 -3.348577 -0.412183
33.505000 0.740170 -3.359931 -0.412150
33.510000 0.723315 -3.371034 -0.412117
33.515000 0.706406 -3.381884 -0.412083
33.520000 0.689443 -3.392480 -0.412049
33.525000 0.672429 -3.402821 -0.412015
33.530000 0.655365 -3.412908 -0.411980
33.535000 0.638251 -3.422738 -0.411944
33.540000 0.621090 -3.432312 -0.411908
33.545000 0.603881 -3.441628 -0.411872
33.550000 0.586628 -3.450687 -0.411835
33.555000 0.569331 -3.459486 -0.411797
33.560000 0.551990 -3.468026 -0.411760
33.565000 0.534609 -3.476306 -0.411722
33.570000 0.517187 -3.484325 -0.411683
33.575000 0.499727 -3.492083 -0.411644
33.580000 0.482229 -3.499579 -0.411605
33.585000 0.464695 -3.506812 -0.411566
33.590000 0.447126 -3.513783 -0.411526
33.595000 0.429524 -3.520490 -0.411486
33.600000 0.411889 -3.526932 -0.411445
33.605000 0.394223 -3.533111 -0.411404
33.610000 0.376528 -3.539024 -0.411363
33.615000 0.358805 -3.544672 -0.411322
33.620000 0.341055 -3.550054 -0.411280
33.625000 0.323279 -3.555170 -0.411238
33.630000 0.305479 -3.560019 -0.411196
33.635000 0.287656 -3.564601 -0.411154
33.640000 0.269811 -3.568916 -0.411111
33.645000 0.251946 -3.572963 -0.411068
33.650000 0.234063 -3.576742 -0.411025
33.655000 0.216161 -3.580253 -0.410982
33.660000 0.198244 -3.583496 -0.410939
33.665000 0.180311 -3.586469 -0.410895
33.670000 0.162366 -3.589174 -0.410852
33.675000 0.144408 -3.591610 -0.410808
33.680000 0.126439 -3.593776 -0.410764
33.685000 0.108460 -3.595672 -0.410720
33.690000 0.090474 -3.597299 -0.410676
33.695000 0.072480 -3.598656 -0.410632
33.700000 0.054482 -3.599744 -0.410588
33.705000 0.036479 -3.600561 -0.410544
33.710000 0.018473 -3.601108 -0.410500
33.715000 0.000467 -3.601385 -0.410456
33.720000 -0.017540 -3.601392 -0.410411
33.725000 -0.035546 -3.601129 -0.410367
33.730000 -0.053549 -3.600596 -0.410323
33.735000 -0.071548 -3.599792 -0.410279
33.740000 -0.089542 -3.598719 -0.410235
33.745000 -0.107529 -3.597376 -0.410191
33.750000 -0.125507 -3.595763 -0.410147
33.755000 -0.143477 -3.593881 -0.410103
33.760000 -0.161435 -3.591728 -0.410059
33.765000 -0.179382 -3.589307 -0.410016
33.770000 -0.197315 -3.586616 -0.409972
33.775000 -0.215233 -3.583656 -0.409929
33.780000 -0.233135 -3.580428 -0.409885
33.785000 -0.251020 -3.576931 -0.409842
33.790000 -0.268886 -3.573166 -0.409799
33.795000 -0.286732 -3.569132 -0.409757
33.800000 -0.304556 -3.564831 -0.409714
33.805000 -0.322357 -3.560263 -0.409672
33.810000 -0.340134 -3.555428 -0.409630
33.815000 -0.357886 -3.550326 -0.409588
33.820000 -0.375611 -3.544957 -0.409547
33.825000 -0.393307 -3.539323 -0.409505
33.830000 -0.410974 -3.533424 -0.409464
33.835000 -0.428611 -3.527259 -0.409424
33.840000 -0.446215 -3.520830 -0.409383
33.845000 -0.463785 -3.514137 -0.409343
33.850000 -0.481321 -3.507180 -0.409304
33.855000 -0.498821 -3.499960 -0.409264
33.860000 -0.516284 -3.492478 -0.409225
33.865000 -0.533707 -3.484733 -0.409186
33.870000 -0.551091 -3.476728 -0.409148
33.875000 -0.568433 -3.468461 -0.409110
33.880000 -0.585733 -3.459935 -0.409073
33.885000 -0.602989 -3.451149 -0.409036
33.890000 -0.620199 -3.442104 -0.408999
33.895000 -0.637363 -3.432801 -0.408963
33.900000 -0.654479 -3.423241 -0.408927
33.905000 -0.671546 -3.413424 -0.408892
33.910000 -0.688563 -3.403350 -0.408857
33.915000 -0.705528 -3.393022 -0.408822
33.920000 -0.722440 -3.382439 -0.408788
33.925000 -0.739298 -3.371602 -0.408755
33.930000 -0.756101 -3.360513 -0.408722
33.935000 -0.772847 -3.349171 -0.408690
33.940000 -0.789535 -3.337579 -0.408658
33.945000 -0.806163 -3.325736 -0.408627
33.950000 -0.822732 -3.313643 -0.408596
33.955000 -0.839238 -3.301302 -0.408566
33.960000 -0.855682 -3.288714 -0.408536
33.965000 -0.872061 -3.275878 -0.408507
33.970000 -0.888375 -3.262798 -0.408478
33.975000 -0.904623 -3.249472 -0.408450
33.980000 -0.920802 -3.235903 -0.408423
33.985000 -0.936912 -3.222091 -0.408396
33.990000 -0.952953 -3.208037 -0.408370
33.995000 -0.968921 -3.193743 -0.408345
34.000000 -0.984817 -3.179209 -0.408320
34.005000 -1.000640 -3.164436 -0.408296
34.010000 -1.016387 -3.149427 -0.408272
34.015000 -1.032058 -3.134181 -0.408249
34.020000 -1.047651 -3.118700 -0.408227
34.025000 -1.063166 -3.102985 -0.408205
34.030000 -1.078601 -3.087038 -0.408184
34.035000 -1.093956 -3.070859 -0.408164
34.040000 -1.109228 -3.054450 -0.408144
34.045000 -1.124417 -3.037811 -0.408126
34.050000 -1.139522 -3.020945 -0.408107
34.055000 -1.154541 -3.003852 -0.408090
34.060000 -1.169474 -2.986534 -0.408073
34.065000 -1.184318 -2.968992 -0.408057
34.070000 -1.199075 -2.951227 -0.408042
34.075000 -1.213741 -2.933241 -0.408027
34.080000 -1.228316 -2.915035 -0.408013
34.085000 -1.242799 -2.896610 -0.408000
34.090000 -1.257189 -2.877968 -0.407988
34.095000 -1.271484 -2.859110 -0.407976
34.100000 -1.285685 -2.840038 -0.407965
34.105000 -1.299788 -2.820753 -0.407955
34.110000 -1.313795 -2.801256 -0.407945
34.115000 -1.327702 -2.781549 -0.407937
34.120000 -1.341511 -2.761633 -0.407929
34.125000 -1.355218 -2.741511 -0.407921
34.130000 -1.368824 -2.721183 -0.407915
34.135000 -1.382327 -2.700650 -0.407909
34.140000 -1.395727 -2.679915 -0.407904
34.145000 -1.409022 -2.658979 -0.407900
34.150000 -1.422211 -2.637844 -0.407897
34.155000 -1.435294 -2.616511 -0.407894
34.160000 -1.448268 -2.594981 -0.407892
34.165000 -1.461135 -2.573257 -0.407891
34.170000 -1.473891 -2.551340 -0.407891
34.175000 -1.486538 -2.529232 -0.407891
34.180000 -1.499072 -2.506934 -0.407892
34.185000 -1.511495 -2.484448 -0.407894
34.190000 -1.523803 -2.461775 -0.407897
34.195000 -1.535998 -2.438918 -0.407900
34.200000 -1.548077 -2.415878 -0.407905
34.205000 -1.560041 -2.392657 -0.407910
34.210000 -1.571887 -2.369257 -0.407915
34.215000 -1.583615 -2.345678 -0.407922
34.220000 -1.595225 -2.321924 -0.407929
34.225000 -1.606715 -2.297996 -0.407937
34.230000 -1.618084 -2.273895 -0.407946
34.235000 -1.629333 -2.249624 -0.407955
34.240000 -1.640458 -2.225184 -0.407966
34.245000 -1.651461 -2.200577 -0.407977
34.250000 -1.662340 -2.175805 -0.407988
34.255000 -1.673095 -2.150870 -0.408001
34.260000 -1.683724 -2.125773 -0.408014
34.265000 -1.694226 -2.100518 -0.408028
34.270000 -1.704602 -2.075104 -0.408043
34.275000 -1.714849 -2.049535 -0.408058
34.280000 -1.724968 -2.023812 -0.408074
34.285000 -1.734958 -1.997938 -0.408091
34.290000 -1.744818 -1.971914 -0.408109
34.295000 -1.754546 -1.945741 -0.408127
34.300000 -1.764144 -1.919423 -0.408146
34.305000 -1.773608 -1.892961 -0.408165
34.310000 -1.782940 -1.866357 -0.408186
34.315000 -1.792138 -1.839613 -0.408207
34.320000 -1.801202 -1.812731 -0.408228
34.325000 -1.810130 -1.785713 -0.408251
34.330000 -1.818923 -1.758561 -0.408274
34.335000 -1.827580 -1.731277 -0.408297
34.340000 -1.836099 -1.703863 -0.408322
34.345000 -1.844480 -1.676322 -0.408346
34.350000 -1.852724 -1.648654 -0.408372
34.355000 -1.860828 -1.620864 -0.408398
34.360000 -1.868793 -1.592951 -0.408425
34.365000 -1.876617 -1.564919 -0.408452
34.370000 -1.884301 -1.536770 -0.408480
34.375000 -1.891844 -1.508506 -0.408509
34.380000 -1.899244 -1.480128 -0.408538
34.385000 -1.906503 -1.451639 -0.408568
34.390000 -1.913618 -1.423042 -0.408598
34.395000 -1.920590 -1.394337 -0.408629
34.400000 -1.927417 -1.365529 -0.408660
34.405000 -1.934100 -1.336617 -0.408692
34.410000 -1.940638 -1.307606 -0.408724
34.415000 -1.947031 -1.278496 -0.408757
34.420000 -1.953277 -1.249291 -0.408791
34.425000 -1.959377 -1.219992 -0.408825
34.430000 -1.965330 -1.190601 -0.408859
34.435000 -1.971136 -1.161121 -0.408894
34.440000 -1.976794 -1.131554 -0.408929
34.445000 -1.982303 -1.101902 -0.408965
34.450000 -1.987664 -1.072167 -0.409002
34.455000 -1.992876 -1.042353 -0.409038
34.460000 -1.997938 -1.012459 -0.409075
34.465000 -2.002850 -0.982490 -0.409113
34.470000 -2.007613 -0.952448 -0.409151
34.475000 -2.012224 -0.922333 -0.409189
34.480000 -2.016685 -0.892150 -0.409228
34.485000 -2.020995 -0.861900 -0.409267
34.490000 -2.025153 -0.831585 -0.409306
34.495000 -2.029159 -0.801208 -0.409346
34.500000 -2.033012 -0.770770 -0.409386
34.505000 -2.036714 -0.740275 -0.409427
34.510000 -2.040262 -0.709724 -0.409467
34.515000 -2.043658 -0.679120 -0.409508
34.520000 -2.046900 -0.648465 -0.409550
34.525000 -2.049989 -0.617762 -0.409591
34.530000 -2.052924 -0.587012 -0.409633
34.535000 -2.055705 -0.556218 -0.409675
34.540000 -2.058332 -0.525383 -0.409717
34.545000 -2.060805 -0.494508 -0.409760
34.550000 -2.063123 -0.463596 -0.409802
34.555000 -2.065286 -0.432649 -0.409845
34.560000 -2.067294 -0.401669 -0.409888
34.565000 -2.069148 -0.370660 -0.409932
34.570000 -2.070846 -0.339623 -0.409975
34.575000 -2.072389 -0.308560 -0.410019
34.580000 -2.073776 -0.277474 -0.410062
34.585000 -2.075008 -0.246368 -0.410106
34.590000 -2.076084 -0.215243 -0.410150
34.595000 -2.077004 -0.184101 -0.410194
34.600000 -2.077769 -0.152946 -0.410238
34.605000 -2.078378 -0.121780 -0.410282
34.610000 -2.078831 -0.090604 -0.410326
34.615000 -2.079128 -0.059422 -0.410370
34.620000 -2.079269 -0.028235 -0.410415
34.625000 -2.079255 0.002954 -0.410459
34.630000 -2.079084 0.034143 -0.410503
34.635000 -2.078757 0.065329 -0.410547
34.640000 -2.078275 0.096511 -0.410591
34.645000 -2.077636 0.127685 -0.410635
34.650000 -2.076842 0.158849 -0.410679
34.655000 -2.075892 0.190002 -0.410723
34.660000 -2.074786 0.221140 -0.410767
34.665000 -2.073525 0.252262 -0.410811
34.670000 -2.072108 0.283365 -0.410855
34.675000 -2.070536 0.314447 -0.410898
34.680000 -2.068808 0.345505 -0.410942
34.685000 -2.066926 0.376537 -0.410985
34.690000 -2.064888 0.407541 -0.411028
34.695000 -2.062695 0.438514 -0.411071
34.700000 -2.060348 0.469455 -0.411114
34.705000 -2.057846 0.500360 -0.411157
34.710000 -2.055190 0.531228 -0.411199
34.715000 -2.052380 0.562055 -0.411241
34.720000 -2.049416 0.592841 -0.411283
34.725000 -2.046298 0.623582 -0.411325
34.730000 -2.043026 0.654277 -0.411366
34.735000 -2.039602 0.684922 -0.411407
34.740000 -2.036024 0.715516 -0.411448
34.745000 -2.032294 0.746057 -0.411488
34.750000 -2.028411 0.776541 -0.411529
34.755000 -2.024376 0.806967 -0.411568
34.760000 -2.020190 0.837333 -0.411608
34.765000 -2.015852 0.867636 -0.411647
34.770000 -2.011362 0.897873 -0.411686
34.775000 -2.006722 0.928044 -0.411724
34.780000 -2.001931 0.958145 -0.411762
34.785000 -1.996990 0.988174 -0.411800
34.790000 -1.991900 1.018128 -0.411837
34.795000 -1.986660 1.048007 -0.411874
34.800000 -1.981271 1.077807 -0.411911
34.805000 -1.975733 1.107526 -0.411946
34.810000 -1.970047 1.137162 -0.411982
34.815000 -1.964214 1.166713 -0.412017
34.820000 -1.958233 1.196176 -0.412052
34.825000 -1.952105 1.225549 -0.412086
34.830000 -1.945831 1.254831 -0.412119
34.835000 -1.939411 1.284018 -0.412152
34.840000 -1.932845 1.313110 -0.412185
34.845000 -1.926135 1.342102 -0.412217
34.850000 -1.919280 1.370994 -0.412249
34.855000 -1.912281 1.399783 -0.412280
34.860000 -1.905139 1.428468 -0.412310
34.865000 -1.897853 1.457045 -0.412340
34.870000 -1.890426 1.485513 -0.412369
34.875000 -1.882856 1.513869 -0.412398
34.880000 -1.875146 1.542112 -0.412426
34.885000 -1.867295 1.570239 -0.412454
34.890000 -1.859303 1.598248 -0.412481
34.895000 -1.851173 1.626138 -0.412507
34.900000 -1.842903 1.653906 -0.412533
34.905000 -1.834495 1.681549 -0.412558
34.910000 -1.825950 1.709066 -0.412582
34.915000 -1.817268 1.736456 -0.412606
34.920000 -1.808449 1.763715 -0.412629
34.925000 -1.799495 1.790842 -0.412652
34.930000 -1.790406 1.817834 -0.412674
34.935000 -1.781182 1.844690 -0.412695
34.940000 -1.771825 1.871408 -0.412715
34.945000 -1.762335 1.897985 -0.412735
34.950000 -1.752713 1.924420 -0.412754
34.955000 -1.742960 1.950711 -0.412773
34.960000 -1.733076 1.976855 -0.412790
34.965000 -1.723061 2.002851 -0.412808
34.970000 -1.712918 2.028697 -0.412824
34.975000 -1.702646 2.054391 -0.412839
34.980000 -1.692246 2.079931 -0.412854
34.985000 -1.681720 2.105314 -0.412869
34.990000 -1.671067 2.130540 -0.412882
34.995000 -1.660289 2.155606 -0.412895
35.000000 -1.649386 2.180511 -0.412907
35.005000 -1.638360 2.205251 -0.412918
35.010000 -1.627211 2.229827 -0.412928
35.015000 -1.615940 2.254235 -0.412938
35.020000 -1.604547 2.278474 -0.412947
35.025000 -1.593035 2.302542 -0.412955
35.030000 -1.581403 2.326438 -0.412963
35.035000 -1.569652 2.350159 -0.412970
35.040000 -1.557783 2.373704 -0.412976
35.045000 -1.545798 2.397070 -0.412981
35.050000 -1.533697 2.420257 -0.412985
35.055000 -1.521480 2.443263 -0.412989
35.060000 -1.509150 2.466085 -0.412992
35.065000 -1.496706 2.488722 -0.412994
35.070000 -1.484150 2.511173 -0.412996
35.075000 -1.471483 2.533435 -0.412996
35.080000 -1.458706 2.555507 -0.412996
35.085000 -1.445819 2.577388 -0.412995
35.090000 -1.432823 2.599075 -0.412994
35.095000 -1.419720 2.620568 -0.412991
35.100000 -1.406511 2.641863 -0.412988
35.105000 -1.393196 2.662961 -0.412984
35.110000 -1.379777 2.683859 -0.412979
35.115000 -1.366254 2.704556 -0.412974
35.120000 -1.352629 2.725049 -0.412968
35.125000 -1.338902 2.745339 -0.412961
35.130000 -1.325075 2.765422 -0.412953
35.135000 -1.311149 2.785299 -0.412945
35.140000 -1.297124 2.804966 -0.412935
35.145000 -1.283002 2.824423 -0.412925
35.150000 -1.268783 2.843668 -0.412915
35.155000 -1.254470 2.862699 -0.412903
35.160000 -1.240062 2.881516 -0.412891
35.165000 -1.225562 2.900117 -0.412878
35.170000 -1.210969 2.918501 -0.412864
35.175000 -1.196286 2.936665 -0.412850
35.180000 -1.181513 2.954610 -0.412835
35.185000 -1.166651 2.972332 -0.412819
35.190000 -1.151702 2.989832 -0.412802
35.195000 -1.136667 3.007108 -0.412785
35.200000 -1.121546 3.024158 -0.412767
35.205000 -1.106341 3.040981 -0.412748
35.210000 -1.091053 3.057576 -0.412729
35.215000 -1.075683 3.073942 -0.412709
35.220000 -1.060233 3.090077 -0.412688
35.225000 -1.044703 3.105980 -0.412667
35.230000 -1.029095 3.121651 -0.412645
35.235000 -1.013409 3.137087 -0.412622
35.240000 -0.997648 3.152289 -0.412599
35.245000 -0.981812 3.167253 -0.412575
35.250000 -0.965902 3.181980 -0.412550
35.255000 -0.949919 3.196469 -0.412525
35.260000 -0.933866 3.210718 -0.412499
35.265000 -0.917742 3.224726 -0.412472
35.270000 -0.901550 3.238492 -0.412445
35.275000 -0.885290 3.252015 -0.412417
35.280000 -0.868963 3.265294 -0.412389
35.285000 -0.852571 3.278329 -0.412360
35.290000 -0.836116 3.291117 -0.412331
35.295000 -0.819598 3.303659 -0.412301
35.300000 -0.803018 3.315953 -0.412270
35.305000 -0.786378 3.327998 -0.412239
35.310000 -0.769679 3.339794 -0.412207
35.315000 -0.752922 3.351339 -0.412175
35.320000 -0.736109 3.362633 -0.412142
35.325000 -0.719241 3.373675 -0.412109
35.330000 -0.702318 3.384463 -0.412075
35.335000 -0.685343 3.394998 -0.412041
35.340000 -0.668317 3.405278 -0.412006
35.345000 -0.651240 3.415303 -0.411971
35.350000 -0.634115 3.425072 -0.411935
35.355000 -0.616942 3.434583 -0.411899
35.360000 -0.599723 3.443838 -0.411863
35.365000 -0.582459 3.452833 -0.411826
35.370000 -0.565151 3.461570 -0.411788
35.375000 -0.547801 3.470048 -0.411751
35.380000 -0.530409 3.478265 -0.411712
35.385000 -0.512978 3.486221 -0.411674
35.390000 -0.495509 3.493915 -0.411635
35.395000 -0.478002 3.501348 -0.411596
35.400000 -0.460459 3.508518 -0.411556
35.405000 -0.442882 3.515425 -0.411516
35.410000 -0.425272 3.522068 -0.411476
35.415000 -0.407630 3.528447 -0.411435
35.420000 -0.389957 3.534562 -0.411394
35.425000 -0.372255 3.540411 -0.411353
35.430000 -0.354525 3.545995 -0.411312
35.435000 -0.336768 3.551313 -0.411270
35.440000 -0.318986 3.556364 -0.411228
35.445000 -0.301181 3.561149 -0.411186
35.450000 -0.283352 3.565667 -0.411143
35.455000 -0.265503 3.569917 -0.411101
35.460000 -0.247633 3.573900 -0.411058
35.465000 -0.229745 3.577614 -0.411015
35.470000 -0.211840 3.581060 -0.410972
35.475000 -0.193919 3.584238 -0.410928
35.480000 -0.175983 3.587147 -0.410885
35.485000 -0.158034 3.589786 -0.410841
35.490000 -0.140073 3.592157 -0.410798
35.495000 -0.122102 3.594258 -0.410754
35.500000 -0.104122 3.596089 -0.410710
35.505000 -0.086133 3.597651 -0.410666
35.510000 -0.068139 3.598943 -0.410622
35.515000 -0.050139 3.599965 -0.410578
35.520000 -0.032135 3.600717 -0.410533
35.525000 -0.014129 3.601200 -0.410489
35.530000 0.003878 3.601411 -0.410445
35.535000 0.021885 3.601353 -0.410401
35.540000 0.039890 3.601025 -0.410357
35.545000 0.057892 3.600427 -0.410312
35.550000 0.075890 3.599558 -0.410268
35.555000 0.093882 3.598420 -0.410224
35.560000 0.111867 3.597012 -0.410180
35.565000 0.129844 3.595334 -0.410136
35.570000 0.147810 3.593386 -0.410092
35.575000 0.165766 3.591169 -0.410049
35.580000 0.183710 3.588682 -0.410005
35.585000 0.201639 3.585927 -0.409962
35.590000 0.219554 3.582902 -0.409918
35.595000 0.237452 3.579609 -0.409875
35.600000 0.255332 3.576047 -0.409832
35.605000 0.273193 3.572217 -0.409789
35.610000 0.291034 3.568119 -0.409747
35.615000 0.308853 3.563754 -0.409704
35.620000 0.326648 3.559121 -0.409662
35.625000 0.344419 3.554221 -0.409620
35.630000 0.362165 3.549055 -0.409578
35.635000 0.379883 3.543622 -0.409537
35.640000 0.397572 3.537924 -0.409496
35.645000 0.415232 3.531961 -0.409455
35.650000 0.432861 3.525732 -0.409414
35.655000 0.450457 3.519239 -0.409374
35.660000 0.468019 3.512482 -0.409334
35.665000 0.485547 3.505462 -0.409294
35.670000 0.503038 3.498179 -0.409255
35.675000 0.520491 3.490633 -0.409216
35.680000 0.537905 3.482826 -0.409177
35.685000 0.555279 3.474757 -0.409139
35.690000 0.572611 3.466428 -0.409101
35.695000 0.589900 3.457839 -0.409064
35.700000 0.607145 3.448990 -0.409027
35.705000 0.624344 3.439883 -0.408990
35.710000 0.641497 3.430518 -0.408954
35.715000 0.658601 3.420896 -0.408918
35.720000 0.675657 3.411017 -0.408883
35.725000 0.692661 3.400882 -0.408848
35.730000 0.709613 3.390492 -0.408814
35.735000 0.726513 3.379848 -0.408780
35.740000 0.743357 3.368950 -0.408747
35.745000 0.760146 3.357800 -0.408714
35.750000 0.776878 3.346397 -0.408682
35.755000 0.793552 3.334744 -0.408650
35.760000 0.810166 3.322841 -0.408619
35.765000 0.826720 3.310689 -0.408588
35.770000 0.843211 3.298288 -0.408558
35.775000 0.859639 3.285640 -0.408529
35.780000 0.876003 3.272745 -0.408500
35.785000 0.892301 3.259605 -0.408471
35.790000 0.908532 3.246220 -0.408444
35.795000 0.924695 3.232592 -0.408416
35.800000 0.940789 3.218722 -0.408390
35.805000 0.956812 3.204610 -0.408364
35.810000 0.972763 3.190258 -0.408339
35.815000 0.988642 3.175667 -0.408314
35.820000 1.004446 3.160837 -0.408290
35.825000 1.020175 3.145770 -0.408266
35.830000 1.035827 3.130468 -0.408244
35.835000 1.051402 3.114930 -0.408222
35.840000 1.066897 3.099159 -0.408200
35.845000 1.082313 3.083156 -0.408179
35.850000 1.097648 3.066921 -0.408159
35.855000 1.112900 3.050456 -0.408140
35.860000 1.128069 3.033763 -0.408121
35.865000 1.143153 3.016842 -0.408103
35.870000 1.158151 2.999694 -0.408086
35.875000 1.173063 2.982322 -0.408069
35.880000 1.187887 2.964726 -0.408053
35.885000 1.202621 2.946908 -0.408038
35.890000 1.217266 2.928869 -0.408024
35.895000 1.231819 2.910610 -0.408010
35.900000 1.246279 2.892132 -0.407997
35.905000 1.260647 2.873438 -0.407985
35.910000 1.274919 2.854528 -0.407973
35.915000 1.289096 2.835405 -0.407962
35.920000 1.303177 2.816068 -0.407952
35.925000 1.317159 2.796521 -0.407943
35.930000 1.331043 2.776763 -0.407935
35.935000 1.344827 2.756798 -0.407927
35.940000 1.358510 2.736625 -0.407920
35.945000 1.372091 2.716248 -0.407913
35.950000 1.385570 2.695666 -0.407908
35.955000 1.398944 2.674883 -0.407903
35.960000 1.412214 2.653898 -0.407899
35.965000 1.425377 2.632715 -0.407896
35.970000 1.438434 2.611335 -0.407893
35.975000 1.451383 2.589758 -0.407892
35.980000 1.464222 2.567987 -0.407891
35.985000 1.476953 2.546024 -0.407891
35.990000 1.489572 2.523870 -0.407891
35.995000 1.502080 2.501526 -0.407893
36.000000 1.514475 2.478995 -0.407895
36.005000 1.526756 2.456278 -0.407898
36.010000 1.538923 2.433376 -0.407901
36.015000 1.550974 2.410293 -0.407906
36.020000 1.562909 2.387028 -0.407911
36.025000 1.574727 2.363584 -0.407917
36.030000 1.586427 2.339963 -0.407924
36.035000 1.598008 2.316167 -0.407931
36.040000 1.609469 2.292197 -0.407939
36.045000 1.620809 2.268055 -0.407948
36.050000 1.632028 2.243743 -0.407958
36.055000 1.643124 2.219262 -0.407968
36.060000 1.654097 2.194615 -0.407979
36.065000 1.664946 2.169804 -0.407991
36.070000 1.675671 2.144830 -0.408004
36.075000 1.686269 2.119695 -0.408017
36.080000 1.696741 2.094401 -0.408032
36.085000 1.707086 2.068950 -0.408046
36.090000 1.717302 2.043343 -0.408062
36.095000 1.727390 2.017584 -0.408078
36.100000 1.737349 1.991673 -0.408095
36.105000 1.747177 1.965613 -0.408113
36.110000 1.756874 1.939405 -0.408131
36.115000 1.766439 1.913052 -0.408150
36.120000 1.775872 1.886555 -0.408170
36.125000 1.785171 1.859917 -0.408191
36.130000 1.794337 1.833140 -0.408212
36.135000 1.803368 1.806225 -0.408234
36.140000 1.812264 1.779174 -0.408256
36.145000 1.821024 1.751990 -0.408279
36.150000 1.829648 1.724675 -0.408303
36.155000 1.838134 1.697230 -0.408327
36.160000 1.846482 1.669658 -0.408353
36.165000 1.854692 1.641961 -0.408378
36.170000 1.862762 1.614140 -0.408404
36.175000 1.870693 1.586199 -0.408431
36.180000 1.878484 1.558139 -0.408459
36.185000 1.886134 1.529961 -0.408487
36.190000 1.893642 1.501669 -0.408516
36.195000 1.901009 1.473265 -0.408545
36.200000 1.908232 1.444750 -0.408575
36.205000 1.915313 1.416126 -0.408605
36.210000 1.922250 1.387396 -0.408636
36.215000 1.929043 1.358563 -0.408668
36.220000 1.935691 1.329627 -0.408700
36.225000 1.942194 1.300592 -0.408732
36.230000 1.948551 1.271459 -0.408765
36.235000 1.954762 1.242230 -0.408799
36.240000 1.960827 1.212909 -0.408833
36.245000 1.966744 1.183497 -0.408868
36.250000 1.972514 1.153995 -0.408903
36.255000 1.978136 1.124408 -0.408938
36.260000 1.983610 1.094736 -0.408974
36.265000 1.988935 1.064982 -0.409010
36.270000 1.994111 1.035148 -0.409047
36.275000 1.999137 1.005236 -0.409084
36.280000 2.004013 0.975249 -0.409122
36.285000 2.008739 0.945189 -0.409160
36.290000 2.013314 0.915058 -0.409198
36.295000 2.017739 0.884858 -0.409237
36.300000 2.022012 0.854592 -0.409276
36.305000 2.026133 0.824262 -0.409316
36.310000 2.030102 0.793870 -0.409356
36.315000 2.033919 0.763418 -0.409396
36.320000 2.037584 0.732909 -0.409436
36.325000 2.041096 0.702346 -0.409477
36.330000 2.044454 0.671729 -0.409518
36.335000 2.047660 0.641062 -0.409560
36.340000 2.050711 0.610347 -0.409601
36.345000 2.053609 0.579587 -0.409643
36.350000 2.056353 0.548783 -0.409685
36.355000 2.058943 0.517937 -0.409727
36.360000 2.061378 0.487053 -0.409770
36.365000 2.063659 0.456132 -0.409813
36.370000 2.065785 0.425178 -0.409856
36.375000 2.067756 0.394191 -0.409899
36.380000 2.069571 0.363174 -0.409942
36.385000 2.071232 0.332131 -0.409986
36.390000 2.072737 0.301062 -0.410029
36.395000 2.074087 0.269971 -0.410073
36.400000 2.075282 0.238860 -0.410117
36.405000 2.076320 0.207731 -0.410160
36.410000 2.077203 0.176586 -0.410204
36.415000 2.077930 0.145428 -0.410249
36.420000 2.078502 0.114259 -0.410293
36.425000 2.078917 0.083081 -0.410337
36.430000 2.079177 0.051898 -0.410381
36.435000 2.079280 0.020710 -0.410425
36.440000 2.079228 -0.010479 -0.410469
36.445000 2.079019 -0.041668 -0.410514
36.450000 2.078655 -0.072853 -0.410558
36.455000 2.078135 -0.104033 -0.410602
36.460000 2.077459 -0.135205 -0.410646
36.465000 2.076627 -0.166367 -0.410690
36.470000 2.075639 -0.197516 -0.410734
36.475000 2.074496 -0.228651 -0.410778
36.480000 2.073197 -0.259768 -0.410822
36.485000 2.071743 -0.290866 -0.410865
36.490000 2.070133 -0.321942 -0.410909
36.495000 2.068368 -0.352994 -0.410952
36.500000 2.066448 -0.384020 -0.410996
36.505000 2.064373 -0.415016 -0.411039
36.510000 2.062143 -0.445982 -0.411082
36.515000 2.059759 -0.476914 -0.411124
36.520000 2.057220 -0.507810 -0.411167
36.525000 2.054526 -0.538669 -0.411209
36.530000 2.051679 -0.569487 -0.411251
36.535000 2.048678 -0.600262 -0.411293
36.540000 2.045523 -0.630992 -0.411335
36.545000 2.042214 -0.661675 -0.411376
36.550000 2.038753 -0.692308 -0.411417
36.555000 2.035138 -0.722889 -0.411458
36.560000 2.031371 -0.753416 -0.411498
36.565000 2.027452 -0.783887 -0.411538
36.570000 2.023380 -0.814299 -0.411578
36.575000 2.019157 -0.844649 -0.411617
36.580000 2.014782 -0.874937 -0.411656
36.585000 2.010257 -0.905159 -0.411695
36.590000 2.005580 -0.935312 -0.411734
36.595000 2.000753 -0.965396 -0.411771
36.600000 1.995776 -0.995407 -0.411809
36.605000 1.990649 -1.025344 -0.411846
36.610000 1.985373 -1.055204 -0.411883
36.615000 1.979948 -1.084984 -0.411919
36.620000 1.974375 -1.114684 -0.411955
36.625000 1.968653 -1.144299 -0.411990
36.630000 1.962784 -1.173829 -0.412025
36.635000 1.956768 -1.203271 -0.412060
36.640000 1.950605 -1.232622 -0.412094
36.645000 1.944295 -1.261881 -0.412127
36.650000 1.937840 -1.291046 -0.412160
36.655000 1.931240 -1.320113 -0.412193
36.660000 1.924494 -1.349082 -0.412225
36.665000 1.917604 -1.377949 -0.412256
36.670000 1.910571 -1.406714 -0.412287
36.675000 1.903394 -1.435372 -0.412317
36.680000 1.896074 -1.463923 -0.412347
36.685000 1.888613 -1.492364 -0.412376
36.690000 1.881009 -1.520693 -0.412405
36.695000 1.873265 -1.548908 -0.412433
36.700000 1.865379 -1.577007 -0.412460
36.705000 1.857355 -1.604988 -0.412487
36.710000 1.849190 -1.632848 -0.412513
36.715000 1.840887 -1.660586 -0.412539
36.720000 1.832446 -1.688200 -0.412564
36.725000 1.823868 -1.715686 -0.412588
36.730000 1.815153 -1.743044 -0.412612
36.735000 1.806301 -1.770272 -0.412635
36.740000 1.797315 -1.797366 -0.412657
36.745000 1.788193 -1.824326 -0.412679
36.750000 1.778937 -1.851149 -0.412700
36.755000 1.769548 -1.877833 -0.412720
36.760000 1.760026 -1.904376 -0.412740
36.765000 1.750372 -1.930776 -0.412759
36.770000 1.740587 -1.957032 -0.412777
36.775000 1.730671 -1.983141 -0.412795
36.780000 1.720626 -2.009101 -0.412812
36.785000 1.710451 -2.034910 -0.412828
36.790000 1.700148 -2.060567 -0.412843
36.795000 1.689718 -2.086069 -0.412858
36.800000 1.679161 -2.111415 -0.412872
36.805000 1.668478 -2.136602 -0.412885
36.810000 1.657670 -2.161630 -0.412898
36.815000 1.646737 -2.186495 -0.412909
36.820000 1.635681 -2.211196 -0.412921
36.825000 1.624503 -2.235731 -0.412931
36.830000 1.613202 -2.260098 -0.412940
36.835000 1.601781 -2.284296 -0.412949
36.840000 1.590239 -2.308323 -0.412957
36.845000 1.578578 -2.332177 -0.412965
36.850000 1.566799 -2.355855 -0.412971
36.855000 1.554902 -2.379357 -0.412977
36.860000 1.542889 -2.402681 -0.412982
36.865000 1.530760 -2.425824 -0.412986
36.870000 1.518516 -2.448786 -0.412990
36.875000 1.506158 -2.471563 -0.412993
36.880000 1.493687 -2.494156 -0.412995
36.885000 1.481104 -2.516561 -0.412996
36.890000 1.468411 -2.538778 -0.412996
36.895000 1.455606 -2.560804 -0.412996
36.900000 1.442693 -2.582638 -0.412995
36.905000 1.429672 -2.604278 -0.412993
36.910000 1.416543 -2.625723 -0.412991
36.915000 1.403308 -2.646972 -0.412987
36.920000 1.389968 -2.668021 -0.412983
36.925000 1.376524 -2.688871 -0.412978
36.930000 1.362976 -2.709519 -0.412973
36.935000 1.349327 -2.729963 -0.412966
36.940000 1.335576 -2.750203 -0.412959
36.945000 1.321724 -2.770237 -0.412951
36.950000 1.307774 -2.790063 -0.412942
36.955000 1.293726 -2.809679 -0.412933
36.960000 1.279580 -2.829085 -0.412923
36.965000 1.265339 -2.848279 -0.412912
36.970000 1.251003 -2.867259 -0.412900
36.975000 1.236572 -2.886024 -0.412888
36.980000 1.222050 -2.904573 -0.412875
36.985000 1.207435 -2.922903 -0.412861
36.990000 1.192730 -2.941015 -0.412846
36.995000 1.177935 -2.958906 -0.412831
37.000000 1.163053 -2.976575 -0.412815
37.005000 1.148082 -2.994021 -0.412798
37.010000 1.133026 -3.011242 -0.412781
37.015000 1.117885 -3.028237 -0.412763
37.020000 1.102660 -3.045005 -0.412744
37.025000 1.087352 -3.061545 -0.412724
37.030000 1.071963 -3.077856 -0.412704
37.035000 1.056493 -3.093935 -0.412683
37.040000 1.040944 -3.109783 -0.412662
37.045000 1.025317 -3.125397 -0.412639
37.050000 1.009614 -3.140776 -0.412617
37.055000 0.993834 -3.155921 -0.412593
37.060000 0.977980 -3.170828 -0.412569
37.065000 0.962052 -3.185498 -0.412544
37.070000 0.946053 -3.199929 -0.412519
37.075000 0.929982 -3.214119 -0.412493
37.080000 0.913842 -3.228069 -0.412466
37.085000 0.897633 -3.241777 -0.412439
37.090000 0.881357 -3.255241 -0.412411
37.095000 0.865014 -3.268462 -0.412382
37.100000 0.848607 -3.281437 -0.412353
37.105000 0.832136 -3.294166 -0.412324
37.110000 0.815603 -3.306648 -0.412293
37.115000 0.799009 -3.318882 -0.412263
37.120000 0.782354 -3.330867 -0.412231
37.125000 0.765641 -3.342602 -0.412199
37.130000 0.748871 -3.354087 -0.412167
37.135000 0.732044 -3.365320 -0.412134
37.140000 0.715163 -3.376301 -0.412101
37.145000 0.698228 -3.387028 -0.412067
37.150000 0.681240 -3.397502 -0.412033
37.155000 0.664202 -3.407720 -0.411998
37.160000 0.647113 -3.417683 -0.411962
37.165000 0.629976 -3.427390 -0.411927
37.170000 0.612792 -3.436840 -0.411891
37.175000 0.595562 -3.446032 -0.411854
37.180000 0.578287 -3.454965 -0.411817
37.185000 0.560969 -3.463639 -0.411779
37.190000 0.543609 -3.472054 -0.411741
37.195000 0.526208 -3.480208 -0.411703
37.200000 0.508767 -3.488101 -0.411665
37.205000 0.491288 -3.495733 -0.411626
37.210000 0.473773 -3.503102 -0.411586
37.215000 0.456222 -3.510208 -0.411546
37.220000 0.438637 -3.517052 -0.411506
37.225000 0.421018 -3.523631 -0.411466
37.230000 0.403369 -3.529947 -0.411425
37.235000 0.385689 -3.535997 -0.411384
37.240000 0.367980 -3.541782 -0.411343
37.245000 0.350243 -3.547302 -0.411302
37.250000 0.332480 -3.552556 -0.411260
37.255000 0.314693 -3.557543 -0.411218
37.260000 0.296881 -3.562263 -0.411176
37.265000 0.279048 -3.566717 -0.411133
37.270000 0.261193 -3.570902 -0.411090
37.275000 0.243319 -3.574820 -0.411048
37.280000 0.225427 -3.578470 -0.411005
37.285000 0.207518 -3.581851 -0.410961
37.290000 0.189593 -3.584964 -0.410918
37.295000 0.171654 -3.587808 -0.410874
37.300000 0.153702 -3.590383 -0.410831
37.305000 0.135738 -3.592688 -0.410787
37.310000 0.117765 -3.594725 -0.410743
37.315000 0.099782 -3.596491 -0.410699
37.320000 0.081792 -3.597988 -0.410655
37.325000 0.063796 -3.599215 -0.410611
37.330000 0.045795 -3.600172 -0.410567
37.335000 0.027791 -3.600858 -0.410523
37.340000 0.009785 -3.601275 -0.410479
37.345000 -0.008222 -3.601422 -0.410434
37.350000 -0.026229 -3.601299 -0.410390
37.355000 -0.044233 -3.600905 -0.410346
37.360000 -0.062235 -3.600242 -0.410302
37.365000 -0.080231 -3.599308 -0.410258
37.370000 -0.098222 -3.598105 -0.410214
37.375000 -0.116205 -3.596632 -0.410170
37.380000 -0.134179 -3.594888 -0.410126
37.385000 -0.152144 -3.592876 -0.410082
37.390000 -0.170097 -3.590594 -0.410038
37.395000 -0.188037 -3.588042 -0.409995
37.400000 -0.205963 -3.585222 -0.409951
37.405000 -0.223874 -3.582132 -0.409908
37.410000 -0.241767 -3.578774 -0.409865
37.415000 -0.259643 -3.575148 -0.409822
37.420000 -0.277499 -3.571253 -0.409779
37.425000 -0.295335 -3.567090 -0.409736
37.430000 -0.313148 -3.562660 -0.409694
37.435000 -0.330938 -3.557963 -0.409652
37.440000 -0.348703 -3.552999 -0.409610
37.445000 -0.366442 -3.547769 -0.409568
37.450000 -0.384153 -3.542272 -0.409527
37.455000 -0.401836 -3.536510 -0.409486
37.460000 -0.419488 -3.530482 -0.409445
37.465000 -0.437109 -3.524190 -0.409404
37.470000 -0.454697 -3.517633 -0.409364
37.475000 -0.472251 -3.510813 -0.409324
37.480000 -0.489770 -3.503729 -0.409285
37.485000 -0.507252 -3.496382 -0.409245
37.490000 -0.524696 -3.488774 -0.409206
37.495000 -0.542100 -3.480903 -0.409168
37.500000 -0.559464 -3.472772 -0.409130
37.505000 -0.576786 -3.464380 -0.409092
37.510000 -0.594065 -3.455728 -0.409055
37.515000 -0.611299 -3.446817 -0.409018
37.520000 -0.628487 -3.437647 -0.408981
37.525000 -0.645628 -3.428220 -0.408945
37.530000 -0.662721 -3.418536 -0.408910
37.535000 -0.679764 -3.408595 -0.408875
37.540000 -0.696756 -3.398398 -0.408840
37.545000 -0.713695 -3.387947 -0.408806
37.550000 -0.730582 -3.377242 -0.408772
37.555000 -0.747413 -3.366283 -0.408739
37.560000 -0.764188 -3.355072 -0.408706
37.565000 -0.780906 -3.343609 -0.408674
37.570000 -0.797566 -3.331895 -0.408643
37.575000 -0.814166 -3.319932 -0.408612
37.580000 -0.830704 -3.307719 -0.408581
37.585000 -0.847181 -3.295259 -0.408551
37.590000 -0.863593 -3.282551 -0.408522
37.595000 -0.879941 -3.269597 -0.408493
37.600000 -0.896223 -3.256398 -0.408465
37.605000 -0.912438 -3.242955 -0.408437
37.610000 -0.928584 -3.229268 -0.408410
37.615000 -0.944661 -3.215339 -0.408384
37.620000 -0.960667 -3.201169 -0.408358
37.625000 -0.976601 -3.186759 -0.408333
37.630000 -0.992461 -3.172110 -0.408308
37.635000 -1.008247 -3.157224 -0.408284
37.640000 -1.023958 -3.142100 -0.408261
37.645000 -1.039592 -3.126740 -0.408238
37.650000 -1.055147 -3.111147 -0.408216
37.655000 -1.070624 -3.095319 -0.408195
37.660000 -1.086020 -3.079260 -0.408174
37.665000 -1.101335 -3.062970 -0.408155
37.670000 -1.116567 -3.046450 -0.408135
37.675000 -1.131716 -3.029701 -0.408117
37.680000 -1.146779 -3.012725 -0.408099
37.685000 -1.161757 -2.995524 -0.408082
37.690000 -1.176648 -2.978097 -0.408065
37.695000 -1.191450 -2.960448 -0.408050
37.700000 -1.206163 -2.942576 -0.408035
37.705000 -1.220785 -2.924484 -0.408020
37.710000 -1.235316 -2.906172 -0.408007
37.715000 -1.249754 -2.887642 -0.407994
37.720000 -1.264099 -2.868896 -0.407982
37.725000 -1.278348 -2.849934 -0.407971
37.730000 -1.292502 -2.830759 -0.407960
37.735000 -1.306559 -2.811371 -0.407950
37.740000 -1.320518 -2.791773 -0.407941
37.745000 -1.334378 -2.771965 -0.407933
37.750000 -1.348137 -2.751950 -0.407925
37.755000 -1.361796 -2.731728 -0.407918
37.760000 -1.375353 -2.711301 -0.407912
37.765000 -1.388806 -2.690670 -0.407907
37.770000 -1.402155 -2.669838 -0.407902
37.775000 -1.415399 -2.648806 -0.407898
37.780000 -1.428537 -2.627575 -0.407895
37.785000 -1.441568 -2.606147 -0.407893
37.790000 -1.454490 -2.584523 -0.407891
37.795000 -1.467304 -2.562706 -0.407891
37.800000 -1.480007 -2.540696 -0.407891
37.805000 -1.492600 -2.518496 -0.407892
37.810000 -1.505080 -2.496107 -0.407893
37.815000 -1.517448 -2.473531 -0.407895
37.820000 -1.529702 -2.450769 -0.407898
37.825000 -1.541841 -2.427824 -0.407902
37.830000 -1.553864 -2.404696 -0.407907
37.835000 -1.565771 -2.381388 -0.407912
37.840000 -1.577561 -2.357902 -0.407918
37.845000 -1.589232 -2.334238 -0.407925
37.850000 -1.600784 -2.310400 -0.407933
37.855000 -1.612216 -2.286388 -0.407941
37.860000 -1.623527 -2.262205 -0.407950
37.865000 -1.634716 -2.237852 -0.407960
37.870000 -1.645783 -2.213331 -0.407971
37.875000 -1.656726 -2.188644 -0.407982
37.880000 -1.667545 -2.163794 -0.407994
37.885000 -1.678239 -2.138780 -0.408007
37.890000 -1.688807 -2.113607 -0.408021
37.895000 -1.699248 -2.088275 -0.408035
37.900000 -1.709562 -2.062786 -0.408050
37.905000 -1.719748 -2.037143 -0.408066
37.910000 -1.729805 -2.011346 -0.408082
37.915000 -1.739732 -1.985399 -0.408100
37.920000 -1.749528 -1.959303 -0.408117
37.925000 -1.759194 -1.933060 -0.408136
37.930000 -1.768727 -1.906672 -0.408155
37.935000 -1.778128 -1.880142 -0.408175
37.940000 -1.787395 -1.853470 -0.408196
37.945000 -1.796528 -1.826659 -0.408217
37.950000 -1.805527 -1.799711 -0.408239
37.955000 -1.814390 -1.772628 -0.408262
37.960000 -1.823117 -1.745412 -0.408285
37.965000 -1.831707 -1.718065 -0.408309
37.970000 -1.840160 -1.690590 -0.408333
37.975000 -1.848475 -1.662987 -0.408359
37.980000 -1.856652 -1.635260 -0.408384
37.985000 -1.864689 -1.607410 -0.408411
37.990000 -1.872586 -1.579440 -0.408438
37.995000 -1.880343 -1.551351 -0.408466
38.000000 -1.887958 -1.523146 -0.408494
38.005000 -1.895433 -1.494827 -0.408523
38.010000 -1.902765 -1.466395 -0.408552
38.015000 -1.909954 -1.437854 -0.408582
38.020000 -1.917000 -1.409204 -0.408613
38.025000 -1.923902 -1.380449 -0.408644
38.030000 -1.930660 -1.351591 -0.408675
38.035000 -1.937273 -1.322631 -0.408708
38.040000 -1.943741 -1.293572 -0.408740
38.045000 -1.950063 -1.264416 -0.408773
38.050000 -1.956239 -1.235165 -0.408807
38.055000 -1.962268 -1.205821 -0.408841
38.060000 -1.968150 -1.176387 -0.408876
38.065000 -1.973884 -1.146865 -0.408911
38.070000 -1.979471 -1.117257 -0.408947
38.075000 -1.984908 -1.087565 -0.408983
38.080000 -1.990197 -1.057791 -0.409019
38.085000 -1.995337 -1.027938 -0.409056
38.090000 -2.000327 -0.998008 -0.409093
38.095000 -2.005167 -0.968003 -0.409131
38.100000 -2.009857 -0.937926 -0.409169
38.105000 -2.014396 -0.907778 -0.409208
38.110000 -2.018783 -0.877562 -0.409247
38.115000 -2.023020 -0.847280 -0.409286
38.120000 -2.027104 -0.816935 -0.409325
38.125000 -2.031037 -0.786528 -0.409365
38.130000 -2.034817 -0.756063 -0.409406
38.135000 -2.038445 -0.725540 -0.409446
38.140000 -2.041920 -0.694964 -0.409487
38.145000 -2.045242 -0.664335 -0.409528
38.150000 -2.048410 -0.633656 -0.409570
38.155000 -2.051425 -0.602930 -0.409611
38.160000 -2.054285 -0.572159 -0.409653
38.165000 -2.056992 -0.541344 -0.409695
38.170000 -2.059545 -0.510490 -0.409738
38.175000 -2.061943 -0.479596 -0.409780
38.180000 -2.064186 -0.448667 -0.409823
38.185000 -2.066274 -0.417705 -0.409866
38.190000 -2.068208 -0.386710 -0.409909
38.195000 -2.069986 -0.355687 -0.409953
38.200000 -2.071610 -0.324637 -0.409996
38.205000 -2.073077 -0.293563 -0.410040
38.210000 -2.074390 -0.262467 -0.410083
38.215000 -2.075546 -0.231351 -0.410127
38.220000 -2.076548 -0.200218 -0.410171
38.225000 -2.077393 -0.169070 -0.410215
38.230000 -2.078082 -0.137909 -0.410259
38.235000 -2.078616 -0.106738 -0.410303
38.240000 -2.078994 -0.075559 -0.410347
38.245000 -2.079216 -0.044374 -0.410392
38.250000 -2.079282 -0.013185 -0.410436
38.255000 -2.079192 0.018004 -0.410480
38.260000 -2.078946 0.049192 -0.410524
38.265000 -2.078544 0.080376 -0.410568
38.270000 -2.077986 0.111554 -0.410613
38.275000 -2.077272 0.142724 -0.410657
38.280000 -2.076403 0.173883 -0.410701
38.285000 -2.075378 0.205029 -0.410745
38.290000 -2.074197 0.236160 -0.410789
38.295000 -2.072861 0.267273 -0.410832
38.300000 -2.071369 0.298366 -0.410876
38.305000 -2.069722 0.329436 -0.410919
38.310000 -2.067919 0.360482 -0.410963
38.315000 -2.065962 0.391501 -0.411006
38.320000 -2.063849 0.422490 -0.411049
38.325000 -2.061582 0.453448 -0.411092
38.330000 -2.059160 0.484372 -0.411135
38.335000 -2.056584 0.515259 -0.411177
38.340000 -2.053853 0.546108 -0.411219
38.345000 -2.050969 0.576916 -0.411261
38.350000 -2.047930 0.607680 -0.411303
38.355000 -2.044738 0.638399 -0.411345
38.360000 -2.041393 0.669070 -0.411386
38.365000 -2.037895 0.699691 -0.411427
38.370000 -2.034243 0.730259 -0.411467
38.375000 -2.030440 0.760773 -0.411508
38.380000 -2.026483 0.791230 -0.411548
38.385000 -2.022375 0.821627 -0.411587
38.390000 -2.018115 0.851963 -0.411627
38.395000 -2.013704 0.882234 -0.411666
38.400000 -2.009142 0.912440 -0.411704
38.405000 -2.004429 0.942577 -0.411743
38.410000 -1.999566 0.972643 -0.411781
38.415000 -1.994553 1.002637 -0.411818
38.420000 -1.989390 1.032555 -0.411855
38.425000 -1.984078 1.062396 -0.411892
38.430000 -1.978617 1.092157 -0.411928
38.435000 -1.973008 1.121836 -0.411964
38.440000 -1.967251 1.151432 -0.411999
38.445000 -1.961346 1.180940 -0.412034
38.450000 -1.955294 1.210361 -0.412068
38.455000 -1.949096 1.239690 -0.412102
38.460000 -1.942751 1.268926 -0.412135
38.465000 -1.936261 1.298068 -0.412168
38.470000 -1.929625 1.327112 -0.412201
38.475000 -1.922845 1.356056 -0.412232
38.480000 -1.915921 1.384899 -0.412264
38.485000 -1.908852 1.413637 -0.412294
38.490000 -1.901641 1.442270 -0.412325
38.495000 -1.894287 1.470795 -0.412354
38.500000 -1.886791 1.499209 -0.412383
38.505000 -1.879154 1.527511 -0.412412
38.510000 -1.871375 1.555698 -0.412440
38.515000 -1.863456 1.583769 -0.412467
38.520000 -1.855398 1.611721 -0.412493
38.525000 -1.847200 1.639552 -0.412519
38.530000 -1.838864 1.667260 -0.412545
38.535000 -1.830389 1.694843 -0.412570
38.540000 -1.821778 1.722299 -0.412594
38.545000 -1.813030 1.749625 -0.412617
38.550000 -1.804146 1.776821 -0.412640
38.555000 -1.795126 1.803883 -0.412662
38.560000 -1.785972 1.830810 -0.412684
38.565000 -1.776684 1.857599 -0.412705
38.570000 -1.767263 1.884250 -0.412725
38.575000 -1.757709 1.910759 -0.412744
38.580000 -1.748023 1.937124 -0.412763
38.585000 -1.738207 1.963344 -0.412781
38.590000 -1.728260 1.989418 -0.412799
38.595000 -1.718183 2.015341 -0.412815
38.600000 -1.707977 2.041114 -0.412831
38.605000 -1.697644 2.066734 -0.412847
38.610000 -1.687183 2.092199 -0.412861
38.615000 -1.676595 2.117506 -0.412875
38.620000 -1.665882 2.142655 -0.412888
38.625000 -1.655044 2.167643 -0.412901
38.630000 -1.644081 2.192469 -0.412912
38.635000 -1.632996 2.217130 -0.412923
38.640000 -1.621788 2.241625 -0.412933
38.645000 -1.610458 2.265952 -0.412943
38.650000 -1.599007 2.290109 -0.412951
38.655000 -1.587437 2.314094 -0.412959
38.660000 -1.575747 2.337906 -0.412966
38.665000 -1.563940 2.361542 -0.412973
38.670000 -1.552015 2.385001 -0.412978
38.675000 -1.539973 2.408281 -0.412983
38.680000 -1.527816 2.431381 -0.412987
38.685000 -1.515545 2.454298 -0.412991
38.690000 -1.503160 2.477031 -0.412993
38.695000 -1.490662 2.499579 -0.412995
38.700000 -1.478052 2.521938 -0.412996
38.705000 -1.465331 2.544109 -0.412996
38.710000 -1.452501 2.566089 -0.412996
38.715000 -1.439562 2.587877 -0.412995
38.720000 -1.426514 2.609470 -0.412993
38.725000 -1.413360 2.630868 -0.412990
38.730000 -1.400100 2.652068 -0.412986
38.735000 -1.386734 2.673070 -0.412982
38.740000 -1.373265 2.693871 -0.412977
38.745000 -1.359693 2.714470 -0.412971
38.750000 -1.346018 2.734865 -0.412964
38.755000 -1.332243 2.755055 -0.412957
38.760000 -1.318368 2.775039 -0.412949
38.765000 -1.304394 2.794815 -0.412940
38.770000 -1.290322 2.814380 -0.412931
38.775000 -1.276153 2.833735 -0.412920
38.780000 -1.261889 2.852878 -0.412909
38.785000 -1.247530 2.871806 -0.412897
38.790000 -1.233077 2.890519 -0.412885
38.795000 -1.218532 2.909015 -0.412871
38.800000 -1.203896 2.927293 -0.412857
38.805000 -1.189169 2.945351 -0.412843
38.810000 -1.174353 2.963189 -0.412827
38.815000 -1.159449 2.980804 -0.412811
38.820000 -1.144458 2.998196 -0.412794
38.825000 -1.129381 3.015363 -0.412776
38.830000 -1.114220 3.032304 -0.412758
38.835000 -1.098974 3.049017 -0.412739
38.840000 -1.083647 3.065501 -0.412719
38.845000 -1.068238 3.081756 -0.412699
38.850000 -1.052749 3.097780 -0.412678
38.855000 -1.037181 3.113571 -0.412656
38.860000 -1.021536 3.129129 -0.412634
38.865000 -1.005813 3.144452 -0.412611
38.870000 -0.990016 3.159539 -0.412587
38.875000 -0.974144 3.174389 -0.412563
38.880000 -0.958199 3.189001 -0.412538
38.885000 -0.942182 3.203374 -0.412512
38.890000 -0.926094 3.217507 -0.412486
38.895000 -0.909937 3.231398 -0.412459
38.900000 -0.893712 3.245048 -0.412432
38.905000 -0.877420 3.258453 -0.412404
38.910000 -0.861062 3.271615 -0.412375
38.915000 -0.844639 3.284530 -0.412346
38.920000 -0.828153 3.297200 -0.412316
38.925000 -0.811605 3.309622 -0.412286
38.930000 -0.794996 3.321796 -0.412255
38.935000 -0.778327 3.333721 -0.412224
38.940000 -0.761601 3.345396 -0.412192
38.945000 -0.744816 3.356820 -0.412159
38.950000 -0.727976 3.367993 -0.412126
38.955000 -0.711082 3.378912 -0.412093
38.960000 -0.694134 3.389578 -0.412059
38.965000 -0.677134 3.399990 -0.412024
38.970000 -0.660083 3.410147 -0.411989
38.975000 -0.642983 3.420049 -0.411954
38.980000 -0.625835 3.429693 -0.411918
38.985000 -0.608639 3.439081 -0.411882
38.990000 -0.591398 3.448211 -0.411845
38.995000 -0.574113 3.457081 -0.411808
39.000000 -0.556784 3.465693 -0.411770
39.005000 -0.539414 3.474045 -0.411732
39.010000 -0.522003 3.482136 -0.411694
39.015000 -0.504554 3.489966 -0.411655
39.020000 -0.487066 3.497535 -0.411616
39.025000 -0.469542 3.504840 -0.411577
39.030000 -0.451982 3.511884 -0.411537
39.035000 -0.434389 3.518663 -0.411497
39.040000 -0.416763 3.525179 -0.411456
39.045000 -0.399106 3.531431 -0.411416
39.050000 -0.381419 3.537417 -0.411374
39.055000 -0.363703 3.543138 -0.411333
39.060000 -0.345960 3.548594 -0.411292
39.065000 -0.328191 3.553783 -0.411250
39.070000 -0.310398 3.558706 -0.411208
39.075000 -0.292581 3.563362 -0.411165
39.080000 -0.274742 3.567751 -0.411123
39.085000 -0.256883 3.571872 -0.411080
39.090000 -0.239004 3.575725 -0.411037
39.095000 -0.221108 3.579310 -0.410994
39.100000 -0.203194 3.582627 -0.410951
39.105000 -0.185266 3.585675 -0.410907
39.110000 -0.167324 3.588454 -0.410864
39.115000 -0.149369 3.590964 -0.410820
39.120000 -0.131403 3.593204 -0.410776
39.125000 -0.113427 3.595175 -0.410733
39.130000 -0.095443 3.596877 -0.410689
39.135000 -0.077451 3.598308 -0.410645
39.140000 -0.059454 3.599470 -0.410600
39.145000 -0.041452 3.600362 -0.410556
39.150000 -0.023447 3.600984 -0.410512
39.155000 -0.005440 3.601335 -0.410468
39.160000 0.012567 3.601417 -0.410424
39.165000 0.030573 3.601229 -0.410379
39.170000 0.048577 3.600770 -0.410335
39.175000 0.066577 3.600041 -0.410291
39.180000 0.084572 3.599043 -0.410247
39.185000 0.102561 3.597774 -0.410203
39.190000 0.120542 3.596236 -0.410159
39.195000 0.138514 3.594428 -0.410115
39.200000 0.156476 3.592350 -0.410071
39.205000 0.174426 3.590003 -0.410028
39.210000 0.192363 3.587386 -0.409984
39.215000 0.210285 3.584501 -0.409941
39.220000 0.228192 3.581347 -0.409897
39.225000 0.246082 3.577924 -0.409854
39.230000 0.263953 3.574232 -0.409811
39.235000 0.281804 3.570273 -0.409769
39.240000 0.299635 3.566046 -0.409726
39.245000 0.317442 3.561552 -0.409684
39.250000 0.335226 3.556790 -0.409642
39.255000 0.352985 3.551762 -0.409600
39.260000 0.370717 3.546467 -0.409558
39.265000 0.388422 3.540906 -0.409517
39.270000 0.406097 3.535080 -0.409476
39.275000 0.423742 3.528988 -0.409435
39.280000 0.441355 3.522632 -0.409395
39.285000 0.458936 3.516012 -0.409354
39.290000 0.476481 3.509128 -0.409315
39.295000 0.493991 3.501981 -0.409275
39.300000 0.511464 3.494571 -0.409236
39.305000 0.528898 3.486899 -0.409197
39.310000 0.546293 3.478965 -0.409159
39.315000 0.563647 3.470771 -0.409121
39.320000 0.580959 3.462316 -0.409083
39.325000 0.598227 3.453602 -0.409046
39.330000 0.615450 3.444628 -0.409009
39.335000 0.632627 3.435397 -0.408973
39.340000 0.649756 3.425907 -0.408937
39.345000 0.666837 3.416161 -0.408901
39.350000 0.683868 3.406158 -0.408866
39.355000 0.700847 3.395900 -0.408832
39.360000 0.717774 3.385388 -0.408798
39.365000 0.734648 3.374621 -0.408764
39.370000 0.751466 3.363601 -0.408731
39.375000 0.768227 3.352329 -0.408699
39.380000 0.784931 3.340806 -0.408667
39.385000 0.801576 3.329032 -0.408635
39.390000 0.818161 3.317008 -0.408604
39.395000 0.834685 3.304736 -0.408574
39.400000 0.851146 3.292216 -0.408544
39.405000 0.867543 3.279448 -0.408515
39.410000 0.883876 3.266435 -0.408486
39.415000 0.900141 3.253177 -0.408458
39.420000 0.916340 3.239675 -0.408430
39.425000 0.932469 3.225930 -0.408404
39.430000 0.948529 3.211943 -0.408377
39.435000 0.964518 3.197715 -0.408352
39.440000 0.980434 3.183247 -0.408327
39.445000 0.996277 3.168541 -0.408302
39.450000 1.012045 3.153596 -0.408278
39.455000 1.027737 3.138416 -0.408255
39.460000 1.043352 3.123000 -0.408233
39.465000 1.058888 3.107349 -0.408211
39.470000 1.074346 3.091466 -0.408190
39.475000 1.089723 3.075351 -0.408170
39.480000 1.105018 3.059005 -0.408150
39.485000 1.120230 3.042430 -0.408131
39.490000 1.135358 3.025626 -0.408112
39.495000 1.150401 3.008596 -0.408095
39.500000 1.165358 2.991340 -0.408078
39.505000 1.180227 2.973860 -0.408061
39.510000 1.195008 2.956156 -0.408046
39.515000 1.209699 2.938231 -0.408031
39.520000 1.224299 2.920086 -0.408017
39.525000 1.238808 2.901721 -0.408004
39.530000 1.253224 2.883139 -0.407991
39.535000 1.267545 2.864341 -0.407979
39.540000 1.281772 2.845327 -0.407968
39.545000 1.295902 2.826101 -0.407957
39.550000 1.309936 2.806662 -0.407948
39.555000 1.323871 2.787013 -0.407939
39.560000 1.337707 2.767155 -0.407931
39.565000 1.351442 2.747090 -0.407923
39.570000 1.365076 2.726818 -0.407917
39.575000 1.378608 2.706342 -0.407911
39.580000 1.392036 2.685663 -0.407906
39.585000 1.405360 2.664782 -0.407901
39.590000 1.418579 2.643702 -0.407898
39.595000 1.431691 2.622423 -0.407895
39.600000 1.444695 2.600948 -0.407893
39.605000 1.457592 2.579277 -0.407891
39.610000 1.470379 2.557414 -0.407891
39.615000 1.483056 2.535358 -0.407891
39.620000 1.495621 2.513112 -0.407892
39.625000 1.508075 2.490678 -0.407894
39.630000 1.520415 2.468057 -0.407896
39.635000 1.532641 2.445250 -0.407899
39.640000 1.544752 2.422261 -0.407903
39.645000 1.556748 2.399089 -0.407908
39.650000 1.568627 2.375738 -0.407914
39.655000 1.580388 2.352209 -0.407920
39.660000 1.592030 2.328503 -0.407927
39.665000 1.603553 2.304623 -0.407935
39.670000 1.614956 2.280569 -0.407943
39.675000 1.626238 2.256345 -0.407953
39.680000 1.637398 2.231951 -0.407963
39.685000 1.648434 2.207390 -0.407974
39.690000 1.659348 2.182664 -0.407985
39.695000 1.670137 2.157774 -0.407997
39.700000 1.680800 2.132722 -0.408010
39.705000 1.691338 2.107510 -0.408024
39.710000 1.701749 2.082140 -0.408039
39.715000 1.712032 2.056613 -0.408054
39.720000 1.722186 2.030933 -0.408070
39.725000 1.732212 2.005100 -0.408086
39.730000 1.742107 1.979117 -0.408104
39.735000 1.751872 1.952985 -0.408122
39.740000 1.761506 1.926707 -0.408141
39.745000 1.771007 1.900285 -0.408160
39.750000 1.780376 1.873719 -0.408180
39.755000 1.789611 1.847014 -0.408201
39.760000 1.798712 1.820170 -0.408222
39.765000 1.807678 1.793189 -0.408244
39.770000 1.816508 1.766074 -0.408267
39.775000 1.825202 1.738826 -0.408291
39.780000 1.833759 1.711448 -0.408315
39.785000 1.842179 1.683942 -0.408339
39.790000 1.850461 1.656309 -0.408365
39.795000 1.858603 1.628552 -0.408391
39.800000 1.866607 1.600673 -0.408417
39.805000 1.874470 1.572674 -0.408445
39.810000 1.882193 1.544557 -0.408472
39.815000 1.889775 1.516324 -0.408501
39.820000 1.897214 1.487977 -0.408530
39.825000 1.904512 1.459519 -0.408559
39.830000 1.911667 1.430952 -0.408589
39.835000 1.918678 1.402277 -0.408620
39.840000 1.925546 1.373496 -0.408651
39.845000 1.932269 1.344613 -0.408683
39.850000 1.938847 1.315629 -0.408715
39.855000 1.945280 1.286546 -0.408748
39.860000 1.951566 1.257367 -0.408781
39.865000 1.957707 1.228094 -0.408815
39.870000 1.963701 1.198728 -0.408850
39.875000 1.969547 1.169273 -0.408884
39.880000 1.975246 1.139729 -0.408920
39.885000 1.980796 1.110101 -0.408955
39.890000 1.986198 1.080389 -0.408991
39.895000 1.991451 1.050596 -0.409028
39.900000 1.996555 1.020724 -0.409065
39.905000 2.001509 0.990776 -0.409102
39.910000 2.006312 0.960753 -0.409140
39.915000 2.010966 0.930658 -0.409179
39.920000 2.015468 0.900494 -0.409217
39.925000 2.019819 0.870262 -0.409256
39.930000 2.024019 0.839965 -0.409295
39.935000 2.028067 0.809604 -0.409335
39.940000 2.031963 0.779183 -0.409375
39.945000 2.035707 0.748704 -0.409415
39.950000 2.039297 0.718168 -0.409456
39.955000 2.042735 0.687579 -0.409497
39.960000 2.046020 0.656938 -0.409538
39.965000 2.049151 0.626248 -0.409580
39.970000 2.052129 0.595510 -0.409621
39.975000 2.054952 0.564728 -0.409663
39.980000 2.057622 0.533904 -0.409706
39.985000 2.060137 0.503040 -0.409748
39.990000 2.062498 0.472138 -0.409791
39.995000 2.064704 0.441200 -0.409833
40.000000 2.066755 0.410230 -0.409876
40.005000 2.068651 0.379228 -0.409920
40.010000 2.070392 0.348199 -0.409963
40.015000 2.071978 0.317143 -0.410007
40.020000 2.073408 0.286063 -0.410050
40.025000 2.074683 0.254962 -0.410094
40.030000 2.075802 0.223842 -0.410138
40.035000 2.076766 0.192705 -0.410182
40.040000 2.077574 0.161553 -0.410226
40.045000 2.078225 0.130389 -0.410270
40.050000 2.078722 0.099216 -0.410314
40.055000 2.079062 0.068035 -0.410358
40.060000 2.079246 0.036849 -0.410402
40.065000 2.079274 0.005661 -0.410447
40.070000 2.079147 -0.025528 -0.410491
40.075000 2.078863 -0.056716 -0.410535
40.080000 2.078424 -0.087899 -0.410579
40.085000 2.077828 -0.119075 -0.410623
40.090000 2.077077 -0.150242 -0.410667
40.095000 2.076170 -0.181399 -0.410711
40.100000 2.075107 -0.212541 -0.410755
40.105000 2.073889 -0.243668 -0.410799
40.110000 2.072515 -0.274776 -0.410843
40.115000 2.070986 -0.305864 -0.410886
40.120000 2.069301 -0.336929 -0.410930
40.125000 2.067461 -0.367968 -0.410973
40.130000 2.065466 -0.398980 -0.411016
40.135000 2.063317 -0.429962 -0.411059
40.140000 2.061012 -0.460912 -0.411102
40.145000 2.058553 -0.491827 -0.411145
40.150000 2.055939 -0.522705 -0.411187
40.155000 2.053172 -0.553544 -0.411229
40.160000 2.050250 -0.584342 -0.411271
40.165000 2.047174 -0.615096 -0.411313
40.170000 2.043945 -0.645803 -0.411355
40.175000 2.040563 -0.676462 -0.411396
40.180000 2.037028 -0.707071 -0.411437
40.185000 2.033340 -0.737626 -0.411477
40.190000 2.029499 -0.768126 -0.411517
40.195000 2.025506 -0.798569 -0.411557
40.200000 2.021361 -0.828951 -0.411597
40.205000 2.017065 -0.859272 -0.411636
40.210000 2.012617 -0.889528 -0.411675
40.215000 2.008019 -0.919717 -0.411714
40.220000 2.003270 -0.949837 -0.411752
40.225000 1.998370 -0.979886 -0.411790
40.230000 1.993321 -1.009862 -0.411827
40.235000 1.988122 -1.039762 -0.411864
40.240000 1.982774 -1.069584 -0.411901
40.245000 1.977278 -1.099325 -0.411937
40.250000 1.971633 -1.128984 -0.411972
40.255000 1.965840 -1.158559 -0.412007
40.260000 1.959900 -1.188046 -0.412042
40.265000 1.953812 -1.217445 -0.412076
40.270000 1.947579 -1.246752 -0.412110
40.275000 1.941199 -1.275966 -0.412143
40.280000 1.934673 -1.305084 -0.412176
40.285000 1.928003 -1.334104 -0.412208
40.290000 1.921188 -1.363024 -0.412240
40.295000 1.914228 -1.391842 -0.412271
40.300000 1.907126 -1.420555 -0.412302
40.305000 1.899880 -1.449162 -0.412332
40.310000 1.892492 -1.477660 -0.412361
40.315000 1.884961 -1.506048 -0.412390
40.320000 1.877290 -1.534322 -0.412418
40.325000 1.869477 -1.562481 -0.412446
40.330000 1.861525 -1.590524 -0.412473
40.335000 1.853432 -1.618446 -0.412500
40.340000 1.845201 -1.646248 -0.412526
40.345000 1.836832 -1.673926 -0.412551
40.350000 1.828324 -1.701478 -0.412576
40.355000 1.819680 -1.728903 -0.412600
40.360000 1.810899 -1.756198 -0.412623
40.365000 1.801982 -1.783362 -0.412646
40.370000 1.792930 -1.810392 -0.412668
40.375000 1.783744 -1.837286 -0.412689
40.380000 1.774423 -1.864042 -0.412710
40.385000 1.764970 -1.890658 -0.412730
40.390000 1.755384 -1.917133 -0.412749
40.395000 1.745667 -1.943463 -0.412768
40.400000 1.735819 -1.969648 -0.412786
40.405000 1.725840 -1.995686 -0.412803
40.410000 1.715732 -2.021573 -0.412819
40.415000 1.705496 -2.047309 -0.412835
40.420000 1.695131 -2.072892 -0.412850
40.425000 1.684640 -2.098319 -0.412865
40.430000 1.674022 -2.123588 -0.412878
40.435000 1.663278 -2.148699 -0.412891
40.440000 1.652410 -2.173648 -0.412903
40.445000 1.641418 -2.198434 -0.412915
40.450000 1.630303 -2.223055 -0.412926
40.455000 1.619065 -2.247510 -0.412936
40.460000 1.607706 -2.271796 -0.412945
40.465000 1.596227 -2.295911 -0.412953
40.470000 1.584627 -2.319855 -0.412961
40.475000 1.572909 -2.343624 -0.412968
40.480000 1.561073 -2.367218 -0.412974
40.485000 1.549120 -2.390634 -0.412980
40.490000 1.537051 -2.413871 -0.412984
40.495000 1.524866 -2.436927 -0.412988
40.500000 1.512567 -2.459799 -0.412991
40.505000 1.500155 -2.482488 -0.412994
40.510000 1.487630 -2.504990 -0.412995
40.515000 1.474993 -2.527305 -0.412996
40.520000 1.462246 -2.549430 -0.412996
40.525000 1.449389 -2.571363 -0.412996
40.530000 1.436424 -2.593104 -0.412994
40.535000 1.423350 -2.614651 -0.412992
40.540000 1.410170 -2.636001 -0.412989
40.545000 1.396885 -2.657153 -0.412985
40.550000 1.383494 -2.678107 -0.412981
40.555000 1.370000 -2.698859 -0.412976
40.560000 1.356403 -2.719409 -0.412970
40.565000 1.342704 -2.739755 -0.412963
40.570000 1.328905 -2.759896 -0.412955
40.575000 1.315005 -2.779829 -0.412947
40.580000 1.301008 -2.799554 -0.412938
40.585000 1.286912 -2.819069 -0.412928
40.590000 1.272720 -2.838373 -0.412918
40.595000 1.258433 -2.857464 -0.412906
40.600000 1.244051 -2.876340 -0.412894
40.605000 1.229576 -2.895001 -0.412882
40.610000 1.215009 -2.913445 -0.412868
40.615000 1.200351 -2.931670 -0.412854
40.620000 1.185602 -2.949675 -0.412839
40.625000 1.170765 -2.967459 -0.412823
40.630000 1.155840 -2.985021 -0.412807
40.635000 1.140828 -3.002358 -0.412790
40.640000 1.125731 -3.019471 -0.412772
40.645000 1.110549 -3.036357 -0.412754
40.650000 1.095284 -3.053015 -0.412734
40.655000 1.079937 -3.069444 -0.412715
40.660000 1.064509 -3.085643 -0.412694
40.665000 1.049001 -3.101611 -0.412673
40.670000 1.033414 -3.117346 -0.412651
40.675000 1.017750 -3.132847 -0.412628
40.680000 1.002009 -3.148113 -0.412605
40.685000 0.986193 -3.163143 -0.412581
40.690000 0.970304 -3.177936 -0.412557
40.695000 0.954341 -3.192491 -0.412532
40.700000 0.938307 -3.206806 -0.412506
40.705000 0.922203 -3.220881 -0.412480
40.710000 0.906029 -3.234714 -0.412453
40.715000 0.889788 -3.248304 -0.412425
40.720000 0.873479 -3.261651 -0.412397
40.725000 0.857106 -3.274753 -0.412368
40.730000 0.840668 -3.287610 -0.412339
40.735000 0.824166 -3.300220 -0.412309
40.740000 0.807604 -3.312582 -0.412279
40.745000 0.790980 -3.324696 -0.412248
40.750000 0.774297 -3.336561 -0.412216
40.755000 0.757556 -3.348175 -0.412184
40.760000 0.740759 -3.359539 -0.412151
40.765000 0.723905 -3.370650 -0.412118
40.770000 0.706998 -3.381509 -0.412085
40.775000 0.690037 -3.392114 -0.412050
40.780000 0.673025 -3.402464 -0.412016
40.785000 0.655962 -3.412560 -0.411981
40.790000 0.638850 -3.422399 -0.411945
40.795000 0.621690 -3.431982 -0.411909
40.800000 0.604484 -3.441307 -0.411873
40.805000 0.587232 -3.450374 -0.411836
40.810000 0.569936 -3.459183 -0.411799
40.815000 0.552597 -3.467732 -0.411761
40.820000 0.535217 -3.476021 -0.411723
40.825000 0.517797 -3.484049 -0.411685
40.830000 0.500338 -3.491816 -0.411646
40.835000 0.482841 -3.499321 -0.411607
40.840000 0.465308 -3.506564 -0.411567
40.845000 0.447741 -3.513543 -0.411527
40.850000 0.430139 -3.520260 -0.411487
40.855000 0.412506 -3.526712 -0.411446
40.860000 0.394841 -3.532899 -0.411406
40.865000 0.377147 -3.538822 -0.411365
40.870000 0.359425 -3.544479 -0.411323
40.875000 0.341676 -3.549870 -0.411282
40.880000 0.323901 -3.554996 -0.411240
40.885000 0.306101 -3.559854 -0.411198
40.890000 0.288279 -3.564446 -0.411155
40.895000 0.270435 -3.568770 -0.411113
40.900000 0.252571 -3.572826 -0.411070
40.905000 0.234688 -3.576615 -0.411027
40.910000 0.216787 -3.580135 -0.410984
40.915000 0.198870 -3.583387 -0.410940
40.920000 0.180939 -3.586370 -0.410897
40.925000 0.162993 -3.589084 -0.410853
40.930000 0.145035 -3.591529 -0.410810
40.935000 0.127067 -3.593705 -0.410766
40.940000 0.109089 -3.595611 -0.410722
40.945000 0.091103 -3.597247 -0.410678
40.950000 0.073110 -3.598613 -0.410634
40.955000 0.055111 -3.599710 -0.410590
40.960000 0.037108 -3.600537 -0.410546
40.965000 0.019103 -3.601093 -0.410501
40.970000 0.001096 -3.601380 -0.410457
40.975000 -0.016911 -3.601396 -0.410413
40.980000 -0.034917 -3.601143 -0.410369
40.985000 -0.052920 -3.600619 -0.410325
40.990000 -0.070919 -3.599825 -0.410280
40.995000 -0.088913 -3.598761 -0.410236
41.000000 -0.106900 -3.597428 -0.410192
41.005000 -0.124879 -3.595824 -0.410148
41.010000 -0.142849 -3.593951 -0.410105
41.015000 -0.160808 -3.591808 -0.410061
41.020000 -0.178755 -3.589396 -0.410017
41.025000 -0.196688 -3.586715 -0.409974
41.030000 -0.214607 -3.583764 -0.409930
41.035000 -0.232510 -3.580545 -0.409887
41.040000 -0.250395 -3.577058 -0.409844
41.045000 -0.268262 -3.573302 -0.409801
41.050000 -0.286108 -3.569278 -0.409758
41.055000 -0.303933 -3.564986 -0.409716
41.060000 -0.321735 -3.560427 -0.409674
41.065000 -0.339513 -3.555601 -0.409631
41.070000 -0.357266 -3.550509 -0.409590
41.075000 -0.374991 -3.545150 -0.409548
41.080000 -0.392689 -3.539525 -0.409507
41.085000 -0.410357 -3.533634 -0.409466
41.090000 -0.427995 -3.527479 -0.409425
41.095000 -0.445600 -3.521059 -0.409385
41.100000 -0.463172 -3.514375 -0.409345
41.105000 -0.480709 -3.507427 -0.409305
41.110000 -0.498210 -3.500217 -0.409266
41.115000 -0.515674 -3.492744 -0.409227
41.120000 -0.533099 -3.485009 -0.409188
41.125000 -0.550484 -3.477012 -0.409150
41.130000 -0.567828 -3.468755 -0.409112
41.135000 -0.585129 -3.460237 -0.409074
41.140000 -0.602386 -3.451460 -0.409037
41.145000 -0.619598 -3.442425 -0.409000
41.150000 -0.636764 -3.433131 -0.408964
41.155000 -0.653882 -3.423579 -0.408928
41.160000 -0.670951 -3.413771 -0.408893
41.165000 -0.687969 -3.403707 -0.408858
41.170000 -0.704936 -3.393387 -0.408824
41.175000 -0.721850 -3.382813 -0.408790
41.180000 -0.738710 -3.371985 -0.408756
41.185000 -0.755515 -3.360905 -0.408723
41.190000 -0.772263 -3.349572 -0.408691
41.195000 -0.788952 -3.337988 -0.408659
41.200000 -0.805583 -3.326154 -0.408628
41.205000 -0.822154 -3.314070 -0.408597
41.210000 -0.838662 -3.301738 -0.408567
41.215000 -0.855108 -3.289158 -0.408537
41.220000 -0.871490 -3.276331 -0.408508
41.225000 -0.887806 -3.263259 -0.408479
41.230000 -0.904056 -3.249942 -0.408451
41.235000 -0.920238 -3.236381 -0.408424
41.240000 -0.936350 -3.222577 -0.408397
41.245000 -0.952393 -3.208532 -0.408371
41.250000 -0.968364 -3.194246 -0.408346
41.255000 -0.984263 -3.179721 -0.408321
41.260000 -1.000088 -3.164957 -0.408296
41.265000 -1.015838 -3.149956 -0.408273
41.270000 -1.031511 -3.134718 -0.408250
41.275000 -1.047107 -3.119245 -0.408228
41.280000 -1.062625 -3.103539 -0.408206
41.285000 -1.078063 -3.087599 -0.408185
41.290000 -1.093420 -3.071428 -0.408165
41.295000 -1.108695 -3.055027 -0.408145
41.300000 -1.123887 -3.038397 -0.408126
41.305000 -1.138995 -3.021538 -0.408108
41.310000 -1.154017 -3.004453 -0.408091
41.315000 -1.168953 -2.987143 -0.408074
41.320000 -1.183801 -2.969609 -0.408058
41.325000 -1.198560 -2.951852 -0.408042
41.330000 -1.213230 -2.933873 -0.408028
41.335000 -1.227808 -2.915675 -0.408014
41.340000 -1.242294 -2.897258 -0.408001
41.345000 -1.256687 -2.878623 -0.407988
41.350000 -1.270986 -2.859773 -0.407976
41.355000 -1.285190 -2.840708 -0.407965
41.360000 -1.299297 -2.821430 -0.407955
41.365000 -1.313307 -2.801941 -0.407946
41.370000 -1.327218 -2.782241 -0.407937
41.375000 -1.341030 -2.762333 -0.407929
41.380000 -1.354741 -2.742218 -0.407922
41.385000 -1.368350 -2.721897 -0.407915
41.390000 -1.381857 -2.701371 -0.407909
41.395000 -1.395260 -2.680644 -0.407904
41.400000 -1.408559 -2.659715 -0.407900
41.405000 -1.421752 -2.638586 -0.407897
41.410000 -1.434838 -2.617260 -0.407894
41.415000 -1.447817 -2.595737 -0.407892
41.420000 -1.460687 -2.574020 -0.407891
41.425000 -1.473447 -2.552110 -0.407891
41.430000 -1.486097 -2.530008 -0.407891
41.435000 -1.498636 -2.507717 -0.407892
41.440000 -1.511062 -2.485237 -0.407894
41.445000 -1.523375 -2.462571 -0.407897
41.450000 -1.535574 -2.439721 -0.407900
41.455000 -1.547657 -2.416687 -0.407904
41.460000 -1.559624 -2.393472 -0.407909
41.465000 -1.571475 -2.370078 -0.407915
41.470000 -1.583207 -2.346506 -0.407922
41.475000 -1.594821 -2.322757 -0.407929
41.480000 -1.606315 -2.298835 -0.407937
41.485000 -1.617689 -2.274740 -0.407946
41.490000 -1.628941 -2.250475 -0.407955
41.495000 -1.640072 -2.226041 -0.407965
41.500000 -1.651079 -2.201440 -0.407976
41.505000 -1.661962 -2.176674 -0.407988
41.510000 -1.672721 -2.151744 -0.408000
41.515000 -1.683354 -2.126653 -0.408014
41.520000 -1.693861 -2.101403 -0.408028
41.525000 -1.704241 -2.075995 -0.408042
41.530000 -1.714493 -2.050432 -0.408058
41.535000 -1.724617 -2.024714 -0.408074
41.540000 -1.734611 -1.998845 -0.408091
41.545000 -1.744475 -1.972826 -0.408108
41.550000 -1.754209 -1.946659 -0.408126
41.555000 -1.763810 -1.920346 -0.408145
41.560000 -1.773280 -1.893888 -0.408165
41.565000 -1.782616 -1.867289 -0.408185
41.570000 -1.791819 -1.840550 -0.408206
41.575000 -1.800887 -1.813673 -0.408228
41.580000 -1.809821 -1.786659 -0.408250
41.585000 -1.818618 -1.759512 -0.408273
41.590000 -1.827279 -1.732233 -0.408296
41.595000 -1.835803 -1.704824 -0.408321
41.600000 -1.844190 -1.677287 -0.408346
41.605000 -1.852438 -1.649624 -0.408371
41.610000 -1.860547 -1.621837 -0.408397
41.615000 -1.868517 -1.593929 -0.408424
41.620000 -1.876346 -1.565901 -0.408451
41.625000 -1.884035 -1.537756 -0.408479
41.630000 -1.891583 -1.509495 -0.408508
41.635000 -1.898988 -1.481122 -0.408537
41.640000 -1.906251 -1.452637 -0.408567
41.645000 -1.913372 -1.424043 -0.408597
41.650000 -1.920348 -1.395343 -0.408628
41.655000 -1.927181 -1.366537 -0.408659
41.660000 -1.933869 -1.337630 -0.408691
41.665000 -1.940412 -1.308622 -0.408723
41.670000 -1.946810 -1.279515 -0.408756
41.675000 -1.953061 -1.250313 -0.408790
41.680000 -1.959166 -1.221017 -0.408824
41.685000 -1.965125 -1.191630 -0.408858
41.690000 -1.970935 -1.162153 -0.408893
41.695000 -1.976598 -1.132589 -0.408928
41.700000 -1.982113 -1.102940 -0.408964
41.705000 -1.987479 -1.073208 -0.409000
41.710000 -1.992696 -1.043396 -0.409037
41.715000 -1.997764 -1.013506 -0.409074
41.720000 -2.002681 -0.983539 -0.409112
41.725000 -2.007449 -0.953499 -0.409149
41.730000 -2.012066 -0.923387 -0.409188
41.735000 -2.016532 -0.893206 -0.409226
41.740000 -2.020846 -0.862958 -0.409266
41.745000 -2.025010 -0.832646 -0.409305
41.750000 -2.029021 -0.802270 -0.409345
41.755000 -2.032880 -0.771835 -0.409385
41.760000 -2.036587 -0.741342 -0.409425
41.765000 -2.040141 -0.710793 -0.409466
41.770000 -2.043542 -0.680191 -0.409507
41.775000 -2.046790 -0.649538 -0.409548
41.780000 -2.049884 -0.618836 -0.409590
41.785000 -2.052824 -0.588088 -0.409631
41.790000 -2.055611 -0.557295 -0.409673
41.795000 -2.058243 -0.526461 -0.409716
41.800000 -2.060721 -0.495588 -0.409758
41.805000 -2.063044 -0.464677 -0.409801
41.810000 -2.065213 -0.433731 -0.409844
41.815000 -2.067227 -0.402753 -0.409887
41.820000 -2.069085 -0.371745 -0.409930
41.825000 -2.070789 -0.340708 -0.409973
41.830000 -2.072337 -0.309646 -0.410017
41.835000 -2.073730 -0.278561 -0.410061
41.840000 -2.074967 -0.247455 -0.410104
41.845000 -2.076049 -0.216331 -0.410148
41.850000 -2.076975 -0.185190 -0.410192
41.855000 -2.077745 -0.154036 -0.410236
41.860000 -2.078359 -0.122869 -0.410280
41.865000 -2.078818 -0.091694 -0.410325
41.870000 -2.079120 -0.060512 -0.410369
41.875000 -2.079267 -0.029325 -0.410413
41.880000 -2.079258 0.001864 -0.410457
41.885000 -2.079092 0.033053 -0.410501
41.890000 -2.078771 0.064239 -0.410546
41.895000 -2.078294 0.095421 -0.410590
41.900000 -2.077661 0.126595 -0.410634
41.905000 -2.076872 0.157760 -0.410678
41.910000 -2.075928 0.188913 -0.410722
41.915000 -2.074828 0.220052 -0.410766
41.920000 -2.073572 0.251175 -0.410810
41.925000 -2.072160 0.282278 -0.410853
41.930000 -2.070594 0.313361 -0.410897
41.935000 -2.068871 0.344420 -0.410940
41.940000 -2.066994 0.375453 -0.410984
41.945000 -2.064962 0.406458 -0.411027
41.950000 -2.062775 0.437432 -0.411070
41.955000 -2.060433 0.468374 -0.411113
41.960000 -2.057936 0.499280 -0.411155
41.965000 -2.055286 0.530149 -0.411197
41.970000 -2.052481 0.560978 -0.411240
41.975000 -2.049522 0.591766 -0.411281
41.980000 -2.046409 0.622508 -0.411323
41.985000 -2.043143 0.653205 -0.411364
41.990000 -2.039724 0.683852 -0.411406
41.995000 -2.036152 0.714448 -0.411446
42.000000 -2.032427 0.744990 -0.411487
42.005000 -2.028550 0.775476 -0.411527
42.010000 -2.024520 0.805905 -0.411567
42.015000 -2.020339 0.836272 -0.411607
42.020000 -2.016006 0.866577 -0.411646
42.025000 -2.011522 0.896817 -0.411685
42.030000 -2.006887 0.926990 -0.411723
42.035000 -2.002101 0.957094 -0.411761
42.040000 -1.997166 0.987125 -0.411799
42.045000 -1.992080 1.017083 -0.411836
42.050000 -1.986845 1.046964 -0.411873
42.055000 -1.981462 1.076767 -0.411909
42.060000 -1.975929 1.106488 -0.411945
42.065000 -1.970249 1.136127 -0.411981
42.070000 -1.964420 1.165681 -0.412016
42.075000 -1.958444 1.195147 -0.412050
42.080000 -1.952322 1.224524 -0.412085
42.085000 -1.946053 1.253809 -0.412118
42.090000 -1.939638 1.283000 -0.412151
42.095000 -1.933077 1.312094 -0.412184
42.100000 -1.926372 1.341090 -0.412216
42.105000 -1.919522 1.369986 -0.412248
42.110000 -1.912528 1.398779 -0.412279
42.115000 -1.905391 1.427467 -0.412309
42.120000 -1.898110 1.456048 -0.412339
42.125000 -1.890688 1.484519 -0.412368
42.130000 -1.883123 1.512880 -0.412397
42.135000 -1.875418 1.541126 -0.412425
42.140000 -1.867571 1.569258 -0.412453
42.145000 -1.859585 1.597271 -0.412480
42.150000 -1.851459 1.625165 -0.412506
42.155000 -1.843195 1.652937 -0.412532
42.160000 -1.834792 1.680585 -0.412557
42.165000 -1.826251 1.708107 -0.412581
42.170000 -1.817574 1.735500 -0.412605
42.175000 -1.808760 1.762764 -0.412628
42.180000 -1.799810 1.789895 -0.412651
42.185000 -1.790726 1.816893 -0.412673
42.190000 -1.781507 1.843754 -0.412694
42.195000 -1.772155 1.870476 -0.412715
42.200000 -1.762669 1.897058 -0.412734
42.205000 -1.753052 1.923499 -0.412754
42.210000 -1.743303 1.949794 -0.412772
42.215000 -1.733423 1.975944 -0.412790
42.220000 -1.723414 2.001945 -0.412807
42.225000 -1.713275 2.027796 -0.412823
42.230000 -1.703007 2.053496 -0.412839
42.235000 -1.692612 2.079041 -0.412854
42.240000 -1.682090 2.104430 -0.412868
42.245000 -1.671441 2.129661 -0.412882
42.250000 -1.660668 2.154733 -0.412894
42.255000 -1.649770 2.179643 -0.412906
42.260000 -1.638748 2.204389 -0.412918
42.265000 -1.627603 2.228971 -0.412928
42.270000 -1.616336 2.253385 -0.412938
42.275000 -1.604948 2.277630 -0.412947
42.280000 -1.593439 2.301704 -0.412955
42.285000 -1.581811 2.325605 -0.412963
42.290000 -1.570064 2.349333 -0.412970
42.295000 -1.558200 2.372884 -0.412976
42.300000 -1.546219 2.396257 -0.412981
42.305000 -1.534122 2.419450 -0.412985
42.310000 -1.521909 2.442462 -0.412989
42.315000 -1.509583 2.465290 -0.412992
42.320000 -1.497143 2.487934 -0.412994
42.325000 -1.484591 2.510391 -0.412996
42.330000 -1.471928 2.532660 -0.412996
42.335000 -1.459154 2.554739 -0.412996
42.340000 -1.446271 2.576626 -0.412995
42.345000 -1.433279 2.598320 -0.412994
42.350000 -1.420180 2.619820 -0.412991
42.355000 -1.406975 2.641122 -0.412988
42.360000 -1.393664 2.662227 -0.412984
42.365000 -1.380248 2.683132 -0.412980
42.370000 -1.366729 2.703836 -0.412974
42.375000 -1.353107 2.724336 -0.412968
42.380000 -1.339384 2.744633 -0.412961
42.385000 -1.325560 2.764724 -0.412953
42.390000 -1.311637 2.784607 -0.412945
42.395000 -1.297616 2.804282 -0.412936
42.400000 -1.283497 2.823746 -0.412926
42.405000 -1.269282 2.842998 -0.412915
42.410000 -1.254972 2.862038 -0.412903
42.415000 -1.240568 2.880862 -0.412891
42.420000 -1.226070 2.899471 -0.412878
42.425000 -1.211481 2.917862 -0.412865
42.430000 -1.196801 2.936034 -0.412850
42.435000 -1.182031 2.953986 -0.412835
42.440000 -1.167172 2.971717 -0.412819
42.445000 -1.152226 2.989224 -0.412803
42.450000 -1.137194 3.006508 -0.412786
42.455000 -1.122076 3.023565 -0.412768
42.460000 -1.106874 3.040397 -0.412749
42.465000 -1.091589 3.057000 -0.412730
42.470000 -1.076222 3.073373 -0.412710
42.475000 -1.060774 3.089517 -0.412689
42.480000 -1.045247 3.105428 -0.412668
42.485000 -1.029642 3.121107 -0.412646
42.490000 -1.013959 3.136552 -0.412623
42.495000 -0.998200 3.151761 -0.412600
42.500000 -0.982366 3.166734 -0.412576
42.505000 -0.966459 3.181470 -0.412551
42.510000 -0.950479 3.195967 -0.412526
42.515000 -0.934428 3.210224 -0.412500
42.520000 -0.918307 3.224240 -0.412473
42.525000 -0.902117 3.238015 -0.412446
42.530000 -0.885859 3.251547 -0.412418
42.535000 -0.869535 3.264834 -0.412390
42.540000 -0.853146 3.277877 -0.412361
42.545000 -0.836692 3.290675 -0.412332
42.550000 -0.820176 3.303225 -0.412302
42.555000 -0.803598 3.315528 -0.412271
42.560000 -0.786961 3.327582 -0.412240
42.565000 -0.770264 3.339386 -0.412208
42.570000 -0.753509 3.350940 -0.412176
42.575000 -0.736698 3.362243 -0.412143
42.580000 -0.719831 3.373293 -0.412110
42.585000 -0.702911 3.384091 -0.412076
42.590000 -0.685938 3.394634 -0.412042
42.595000 -0.668913 3.404923 -0.412007
42.600000 -0.651838 3.414957 -0.411972
42.605000 -0.634715 3.424735 -0.411937
42.610000 -0.617543 3.434255 -0.411901
42.615000 -0.600326 3.443518 -0.411864
42.620000 -0.583063 3.452523 -0.411827
42.625000 -0.565757 3.461269 -0.411790
42.630000 -0.548408 3.469756 -0.411752
42.635000 -0.531018 3.477982 -0.411714
42.640000 -0.513588 3.485947 -0.411675
42.645000 -0.496120 3.493651 -0.411636
42.650000 -0.478615 3.501093 -0.411597
42.655000 -0.461073 3.508272 -0.411557
42.660000 -0.443497 3.515188 -0.411517
42.665000 -0.425888 3.521840 -0.411477
42.670000 -0.408247 3.528229 -0.411437
42.675000 -0.390575 3.534352 -0.411396
42.680000 -0.372874 3.540211 -0.411355
42.685000 -0.355145 3.545804 -0.411313
42.690000 -0.337389 3.551131 -0.411271
42.695000 -0.319608 3.556192 -0.411229
42.700000 -0.301804 3.560986 -0.411187
42.705000 -0.283976 3.565513 -0.411145
42.710000 -0.266127 3.569773 -0.411102
42.715000 -0.248258 3.573765 -0.411059
42.720000 -0.230371 3.577489 -0.411016
42.725000 -0.212466 3.580944 -0.410973
42.730000 -0.194545 3.584131 -0.410930
42.735000 -0.176610 3.587049 -0.410886
42.740000 -0.158662 3.589699 -0.410843
42.745000 -0.140701 3.592079 -0.410799
42.750000 -0.122730 3.594189 -0.410755
42.755000 -0.104750 3.596030 -0.410711
42.760000 -0.086762 3.597601 -0.410667
42.765000 -0.068768 3.598903 -0.410623
42.770000 -0.050768 3.599934 -0.410579
42.775000 -0.032765 3.600696 -0.410535
42.780000 -0.014759 3.601187 -0.410491
42.785000 0.003248 3.601409 -0.410447
42.790000 0.021255 3.601360 -0.410402
42.795000 0.039260 3.601041 -0.410358
42.800000 0.057263 3.600452 -0.410314
42.805000 0.075261 3.599593 -0.410270
42.810000 0.093253 3.598464 -0.410226
42.815000 0.111238 3.597065 -0.410182
42.820000 0.129215 3.595397 -0.410138
42.825000 0.147183 3.593459 -0.410094
42.830000 0.165139 3.591251 -0.410050
42.835000 0.183083 3.588774 -0.410007
42.840000 0.201013 3.586028 -0.409963
42.845000 0.218928 3.583012 -0.409920
42.850000 0.236827 3.579729 -0.409877
42.855000 0.254707 3.576176 -0.409833
42.860000 0.272569 3.572355 -0.409791
42.865000 0.290411 3.568267 -0.409748
42.870000 0.308230 3.563911 -0.409706
42.875000 0.326027 3.559287 -0.409663
42.880000 0.343799 3.554397 -0.409621
42.885000 0.361545 3.549240 -0.409580
42.890000 0.379264 3.543817 -0.409538
42.895000 0.396954 3.538128 -0.409497
42.900000 0.414615 3.532174 -0.409456
42.905000 0.432245 3.525954 -0.409415
42.910000 0.449842 3.519471 -0.409375
42.915000 0.467406 3.512723 -0.409335
42.920000 0.484935 3.505712 -0.409295
42.925000 0.502427 3.498438 -0.409256
42.930000 0.519881 3.490901 -0.409217
42.935000 0.537297 3.483103 -0.409179
42.940000 0.554672 3.475044 -0.409140
42.945000 0.572006 3.466724 -0.409103
42.950000 0.589296 3.458144 -0.409065
42.955000 0.606543 3.449304 -0.409028
42.960000 0.623744 3.440206 -0.408991
42.965000 0.640898 3.430850 -0.408955
42.970000 0.658004 3.421236 -0.408920
42.975000 0.675061 3.411366 -0.408884
42.980000 0.692067 3.401240 -0.408850
42.985000 0.709022 3.390859 -0.408815
42.990000 0.725923 3.380224 -0.408782
42.995000 0.742770 3.369335 -0.408748
43.000000 0.759560 3.358194 -0.408715
43.005000 0.776294 3.346800 -0.408683
43.010000 0.792970 3.335156 -0.408651
43.015000 0.809587 3.323261 -0.408620
43.020000 0.826142 3.311118 -0.408589
43.025000 0.842636 3.298725 -0.408559
43.030000 0.859066 3.286086 -0.408530
43.035000 0.875432 3.273200 -0.408501
43.040000 0.891733 3.260068 -0.408472
43.045000 0.907966 3.246692 -0.408445
43.050000 0.924131 3.233073 -0.408417
43.055000 0.940227 3.219211 -0.408391
43.060000 0.956253 3.205108 -0.408365
43.065000 0.972207 3.190764 -0.408339
43.070000 0.988088 3.176181 -0.408315
43.075000 1.003894 3.161359 -0.408291
43.080000 1.019626 3.146301 -0.408267
43.085000 1.035281 3.131006 -0.408244
43.090000 1.050858 3.115477 -0.408222
43.095000 1.066357 3.099714 -0.408201
43.100000 1.081776 3.083719 -0.408180
43.105000 1.097113 3.067492 -0.408160
43.110000 1.112368 3.051036 -0.408141
43.115000 1.127540 3.034350 -0.408122
43.120000 1.142627 3.017437 -0.408104
43.125000 1.157629 3.000298 -0.408086
43.130000 1.172543 2.982933 -0.408070
43.135000 1.187370 2.965345 -0.408054
43.140000 1.202108 2.947535 -0.408039
43.145000 1.216755 2.929503 -0.408024
43.150000 1.231311 2.911252 -0.408010
43.155000 1.245775 2.892782 -0.407997
43.160000 1.260146 2.874095 -0.407985
43.165000 1.274422 2.855193 -0.407974
43.170000 1.288602 2.836077 -0.407963
43.175000 1.302686 2.816748 -0.407953
43.180000 1.316672 2.797207 -0.407943
43.185000 1.330559 2.777457 -0.407935
43.190000 1.344347 2.757499 -0.407927
43.195000 1.358033 2.737334 -0.407920
43.200000 1.371618 2.716963 -0.407914
43.205000 1.385100 2.696389 -0.407908
43.210000 1.398478 2.675613 -0.407903
43.215000 1.411751 2.654635 -0.407899
43.220000 1.424919 2.633459 -0.407896
43.225000 1.437979 2.612085 -0.407894
43.230000 1.450932 2.590516 -0.407892
43.235000 1.463776 2.568752 -0.407891
43.240000 1.476509 2.546795 -0.407891
43.245000 1.489133 2.524647 -0.407891
43.250000 1.501644 2.502310 -0.407893
43.255000 1.514043 2.479786 -0.407895
43.260000 1.526329 2.457075 -0.407898
43.265000 1.538499 2.434180 -0.407901
43.270000 1.550555 2.411103 -0.407906
43.275000 1.562494 2.387844 -0.407911
43.280000 1.574316 2.364407 -0.407917
43.285000 1.586020 2.340792 -0.407923
43.290000 1.597605 2.317002 -0.407931
43.295000 1.609070 2.293038 -0.407939
43.300000 1.620415 2.268902 -0.407948
43.305000 1.631638 2.244595 -0.407957
43.310000 1.642738 2.220121 -0.407968
43.315000 1.653716 2.195480 -0.407979
43.320000 1.664569 2.170674 -0.407991
43.325000 1.675298 2.145706 -0.408004
43.330000 1.685901 2.120576 -0.408017
43.335000 1.696377 2.095288 -0.408031
43.340000 1.706726 2.069842 -0.408046
43.345000 1.716948 2.044241 -0.408061
43.350000 1.727040 2.018487 -0.408078
43.355000 1.737003 1.992581 -0.408095
43.360000 1.746835 1.966526 -0.408112
43.365000 1.756537 1.940324 -0.408131
43.370000 1.766107 1.913976 -0.408150
43.375000 1.775544 1.887484 -0.408170
43.380000 1.784849 1.860851 -0.408190
43.385000 1.794019 1.834078 -0.408211
43.390000 1.803055 1.807168 -0.408233
43.395000 1.811956 1.780122 -0.408255
43.400000 1.820720 1.752943 -0.408278
43.405000 1.829348 1.725632 -0.408302
43.410000 1.837839 1.698192 -0.408327
43.415000 1.846192 1.670624 -0.408352
43.420000 1.854407 1.642931 -0.408377
43.425000 1.862483 1.615115 -0.408404
43.430000 1.870419 1.587178 -0.408430
43.435000 1.878214 1.559122 -0.408458
43.440000 1.885869 1.530948 -0.408486
43.445000 1.893382 1.502660 -0.408515
43.450000 1.900754 1.474260 -0.408544
43.455000 1.907982 1.445748 -0.408574
43.460000 1.915068 1.417129 -0.408604
43.465000 1.922010 1.388402 -0.408635
43.470000 1.928808 1.359572 -0.408667
43.475000 1.935461 1.330640 -0.408699
43.480000 1.941969 1.301608 -0.408731
43.485000 1.948331 1.272479 -0.408764
43.490000 1.954548 1.243254 -0.408798
43.495000 1.960617 1.213936 -0.408832
43.500000 1.966540 1.184526 -0.408866
43.505000 1.972315 1.155028 -0.408901
43.510000 1.977942 1.125444 -0.408937
43.515000 1.983421 1.095774 -0.408973
43.520000 1.988751 1.066023 -0.409009
43.525000 1.993932 1.036192 -0.409046
43.530000 1.998964 1.006283 -0.409083
43.535000 2.003845 0.976298 -0.409121
43.540000 2.008576 0.946241 -0.409159
43.545000 2.013157 0.916112 -0.409197
43.550000 2.017587 0.885915 -0.409236
43.555000 2.021865 0.855651 -0.409275
43.560000 2.025991 0.825323 -0.409314
43.565000 2.029966 0.794933 -0.409354
43.570000 2.033788 0.764484 -0.409394
43.575000 2.037458 0.733977 -0.409435
43.580000 2.040975 0.703415 -0.409476
43.585000 2.044339 0.672800 -0.409517
43.590000 2.047550 0.642135 -0.409558
43.595000 2.050607 0.611422 -0.409600
43.600000 2.053511 0.580663 -0.409642
43.605000 2.056260 0.549860 -0.409684
43.610000 2.058855 0.519016 -0.409726
43.615000 2.061296 0.488133 -0.409769
43.620000 2.063582 0.457214 -0.409811
43.625000 2.065713 0.426260 -0.409854
43.630000 2.067689 0.395275 -0.409897
43.635000 2.069511 0.364259 -0.409941
43.640000 2.071177 0.333217 -0.409984
43.645000 2.072687 0.302149 -0.410028
43.650000 2.074043 0.271059 -0.410071
43.655000 2.075242 0.239948 -0.410115
43.660000 2.076287 0.208819 -0.410159
43.665000 2.077175 0.177675 -0.410203
43.670000 2.077908 0.146517 -0.410247
43.675000 2.078484 0.115349 -0.410291
43.680000 2.078905 0.084171 -0.410335
43.685000 2.079170 0.052988 -0.410379
43.690000 2.079279 0.021800 -0.410424
43.695000 2.079232 -0.009389 -0.410468
43.700000 2.079029 -0.040577 -0.410512
43.705000 2.078670 -0.071763 -0.410556
43.710000 2.078156 -0.102943 -0.410600
43.715000 2.077485 -0.134115 -0.410645
43.720000 2.076659 -0.165277 -0.410689
43.725000 2.075677 -0.196427 -0.410733
43.730000 2.074539 -0.227562 -0.410776
43.735000 2.073245 -0.258681 -0.410820
43.740000 2.071797 -0.289779 -0.410864
43.745000 2.070192 -0.320856 -0.410907
43.750000 2.068433 -0.351909 -0.410951
43.755000 2.066518 -0.382936 -0.410994
43.760000 2.064448 -0.413933 -0.411037
43.765000 2.062224 -0.444900 -0.411080
43.770000 2.059845 -0.475833 -0.411123
43.775000 2.057311 -0.506731 -0.411165
43.780000 2.054623 -0.537591 -0.411208
43.785000 2.051781 -0.568410 -0.411250
43.790000 2.048785 -0.599187 -0.411292
43.795000 2.045636 -0.629919 -0.411333
43.800000 2.042332 -0.660603 -0.411374
43.805000 2.038876 -0.691238 -0.411415
43.810000 2.035267 -0.721821 -0.411456
43.815000 2.031505 -0.752350 -0.411497
43.820000 2.027591 -0.782823 -0.411537
43.825000 2.023525 -0.813237 -0.411577
43.830000 2.019307 -0.843590 -0.411616
43.835000 2.014938 -0.873879 -0.411655
43.840000 2.010417 -0.904103 -0.411694
43.845000 2.005746 -0.934260 -0.411732
43.850000 2.000924 -0.964346 -0.411770
43.855000 1.995952 -0.994360 -0.411808
43.860000 1.990831 -1.024299 -0.411845
43.865000 1.985560 -1.054161 -0.411882
43.870000 1.980140 -1.083945 -0.411918
43.875000 1.974572 -1.113647 -0.411954
43.880000 1.968856 -1.143265 -0.411989
43.885000 1.962992 -1.172798 -0.412024
43.890000 1.956981 -1.202243 -0.412059
43.895000 1.950823 -1.231598 -0.412093
43.900000 1.944518 -1.260860 -0.412126
43.905000 1.938068 -1.290028 -0.412159
43.910000 1.931473 -1.319099 -0.412192
43.915000 1.924732 -1.348071 -0.412224
43.920000 1.917848 -1.376942 -0.412255
43.925000 1.910819 -1.405710 -0.412286
43.930000 1.903647 -1.434372 -0.412316
43.935000 1.896333 -1.462927 -0.412346
43.940000 1.888876 -1.491372 -0.412375
43.945000 1.881277 -1.519705 -0.412404
43.950000 1.873538 -1.547924 -0.412432
43.955000 1.865657 -1.576027 -0.412459
43.960000 1.857637 -1.604012 -0.412486
43.965000 1.849478 -1.631877 -0.412512
43.970000 1.841180 -1.659619 -0.412538
43.975000 1.832744 -1.687236 -0.412563
43.980000 1.824170 -1.714728 -0.412587
43.985000 1.815460 -1.742090 -0.412611
43.990000 1.806613 -1.769322 -0.412634
43.995000 1.797631 -1.796421 -0.412656
44.000000 1.788514 -1.823386 -0.412678
44.005000 1.779263 -1.850213 -0.412699
44.010000 1.769878 -1.876902 -0.412719
44.015000 1.760361 -1.903451 -0.412739
44.020000 1.750712 -1.929856 -0.412758
44.025000 1.740931 -1.956117 -0.412776
44.030000 1.731020 -1.982231 -0.412794
44.035000 1.720979 -2.008196 -0.412811
44.040000 1.710809 -2.034011 -0.412827
44.045000 1.700511 -2.059673 -0.412843
44.050000 1.690085 -2.085180 -0.412857
44.055000 1.679532 -2.110532 -0.412871
44.060000 1.668854 -2.135725 -0.412885
44.065000 1.658050 -2.160757 -0.412897
44.070000 1.647122 -2.185628 -0.412909
44.075000 1.636070 -2.210335 -0.412920
44.080000 1.624896 -2.234876 -0.412931
44.085000 1.613599 -2.259249 -0.412940
44.090000 1.602182 -2.283453 -0.412949
44.095000 1.590645 -2.307486 -0.412957
44.100000 1.578988 -2.331346 -0.412964
44.105000 1.567213 -2.355031 -0.412971
44.110000 1.555320 -2.378539 -0.412977
44.115000 1.543311 -2.401869 -0.412982
44.120000 1.531186 -2.425018 -0.412986
44.125000 1.518946 -2.447986 -0.412990
44.130000 1.506592 -2.470770 -0.412993
44.135000 1.494125 -2.493369 -0.412995
44.140000 1.481546 -2.515781 -0.412996
44.145000 1.468856 -2.538004 -0.412996
44.150000 1.456056 -2.560037 -0.412996
44.155000 1.443147 -2.581878 -0.412995
44.160000 1.430129 -2.603525 -0.412993
44.165000 1.417004 -2.624977 -0.412991
44.170000 1.403773 -2.646232 -0.412987
44.175000 1.390436 -2.667289 -0.412983
44.180000 1.376996 -2.688145 -0.412978
44.185000 1.363452 -2.708800 -0.412973
44.190000 1.349805 -2.729252 -0.412966
44.195000 1.336058 -2.749499 -0.412959
44.200000 1.322210 -2.769540 -0.412951
44.205000 1.308263 -2.789373 -0.412943
44.210000 1.294218 -2.808997 -0.412933
44.215000 1.280076 -2.828410 -0.412923
44.220000 1.265838 -2.847611 -0.412912
44.225000 1.251505 -2.866599 -0.412901
44.230000 1.237078 -2.885372 -0.412888
44.235000 1.222559 -2.903928 -0.412875
44.240000 1.207947 -2.922266 -0.412861
44.245000 1.193246 -2.940385 -0.412847
44.250000 1.178454 -2.958284 -0.412832
44.255000 1.163574 -2.975961 -0.412816
44.260000 1.148607 -2.993415 -0.412799
44.265000 1.133554 -3.010644 -0.412781
44.270000 1.118416 -3.027647 -0.412763
44.275000 1.103194 -3.044423 -0.412744
44.280000 1.087889 -3.060971 -0.412725
44.285000 1.072502 -3.077289 -0.412705
44.290000 1.057035 -3.093377 -0.412684
44.295000 1.041489 -3.109232 -0.412662
44.300000 1.025865 -3.124855 -0.412640
44.305000 1.010164 -3.140243 -0.412617
44.310000 0.994387 -3.155395 -0.412594
44.315000 0.978535 -3.170311 -0.412570
44.320000 0.962610 -3.184989 -0.412545
44.325000 0.946613 -3.199428 -0.412520
44.330000 0.930545 -3.213627 -0.412493
44.335000 0.914407 -3.227586 -0.412467
44.340000 0.898201 -3.241302 -0.412440
44.345000 0.881927 -3.254775 -0.412412
44.350000 0.865587 -3.268004 -0.412383
44.355000 0.849182 -3.280987 -0.412354
44.360000 0.832713 -3.293725 -0.412325
44.365000 0.816182 -3.306216 -0.412294
44.370000 0.799590 -3.318459 -0.412264
44.375000 0.782938 -3.330452 -0.412232
44.380000 0.766227 -3.342196 -0.412201
44.385000 0.749458 -3.353690 -0.412168
44.390000 0.732633 -3.364932 -0.412135
44.395000 0.715754 -3.375921 -0.412102
44.400000 0.698821 -3.386658 -0.412068
44.405000 0.681835 -3.397140 -0.412034
44.410000 0.664798 -3.407367 -0.411999
44.415000 0.647711 -3.417339 -0.411964
44.420000 0.630576 -3.427055 -0.411928
44.425000 0.613393 -3.436514 -0.411892
44.430000 0.596165 -3.445715 -0.411855
44.435000 0.578892 -3.454657 -0.411818
44.440000 0.561575 -3.463340 -0.411781
44.445000 0.544216 -3.471764 -0.411743
44.450000 0.526816 -3.479927 -0.411705
44.455000 0.509377 -3.487830 -0.411666
44.460000 0.491900 -3.495470 -0.411627
44.465000 0.474386 -3.502849 -0.411588
44.470000 0.456836 -3.509964 -0.411548
44.475000 0.439252 -3.516817 -0.411508
44.480000 0.421635 -3.523406 -0.411467
44.485000 0.403986 -3.529730 -0.411427
44.490000 0.386307 -3.535790 -0.411386
44.495000 0.368599 -3.541585 -0.411345
44.500000 0.350864 -3.547114 -0.411303
44.505000 0.333102 -3.552377 -0.411261
44.510000 0.315315 -3.557373 -0.411219
44.515000 0.297504 -3.562103 -0.411177
44.520000 0.279672 -3.566565 -0.411135
44.525000 0.261818 -3.570761 -0.411092
44.530000 0.243944 -3.574688 -0.411049
44.535000 0.226053 -3.578347 -0.411006
44.540000 0.208144 -3.581738 -0.410963
44.545000 0.190220 -3.584860 -0.410919
44.550000 0.172281 -3.587713 -0.410876
44.555000 0.154330 -3.590297 -0.410832
44.560000 0.136367 -3.592612 -0.410789
44.565000 0.118393 -3.594658 -0.410745
44.570000 0.100411 -3.596434 -0.410701
44.575000 0.082421 -3.597940 -0.410657
44.580000 0.064425 -3.599176 -0.410613
44.585000 0.046425 -3.600143 -0.410569
44.590000 0.028421 -3.600839 -0.410524
44.595000 0.010414 -3.601265 -0.410480
44.600000 -0.007593 -3.601422 -0.410436
44.605000 -0.025599 -3.601308 -0.410392
44.610000 -0.043604 -3.600924 -0.410347
44.615000 -0.061605 -3.600270 -0.410303
44.620000 -0.079602 -3.599346 -0.410259
44.625000 -0.097593 -3.598152 -0.410215
44.630000 -0.115576 -3.596688 -0.410171
44.635000 -0.133551 -3.594954 -0.410127
44.640000 -0.151516 -3.592951 -0.410083
44.645000 -0.169469 -3.590678 -0.410040
44.650000 -0.187410 -3.588136 -0.409996
44.655000 -0.205337 -3.585325 -0.409953
44.660000 -0.223248 -3.582245 -0.409909
44.665000 -0.241142 -3.578896 -0.409866
44.670000 -0.259019 -3.575279 -0.409823
44.675000 -0.276876 -3.571394 -0.409780
44.680000 -0.294712 -3.567240 -0.409738
44.685000 -0.312526 -3.562820 -0.409695
44.690000 -0.330317 -3.558132 -0.409653
44.695000 -0.348082 -3.553177 -0.409611
44.700000 -0.365822 -3.547956 -0.409570
44.705000 -0.383535 -3.542469 -0.409528
44.710000 -0.401218 -3.536716 -0.409487
44.715000 -0.418872 -3.530697 -0.409446
44.720000 -0.436494 -3.524414 -0.409406
44.725000 -0.454083 -3.517867 -0.409365
44.730000 -0.471638 -3.511056 -0.409325
44.735000 -0.489158 -3.503981 -0.409286
44.740000 -0.506641 -3.496644 -0.409247
44.745000 -0.524087 -3.489044 -0.409208
44.750000 -0.541493 -3.481183 -0.409169
44.755000 -0.558858 -3.473060 -0.409131
44.760000 -0.576181 -3.464677 -0.409093
44.765000 -0.593461 -3.456035 -0.409056
44.770000 -0.610697 -3.447133 -0.409019
44.775000 -0.627887 -3.437972 -0.408983
44.780000 -0.645030 -3.428554 -0.408947
44.785000 -0.662124 -3.418879 -0.408911
44.790000 -0.679169 -3.408947 -0.408876
44.795000 -0.696163 -3.398759 -0.408841
44.800000 -0.713104 -3.388317 -0.408807
44.805000 -0.729992 -3.377620 -0.408773
44.810000 -0.746826 -3.366670 -0.408740
44.815000 -0.763603 -3.355468 -0.408708
44.820000 -0.780323 -3.344014 -0.408675
44.825000 -0.796985 -3.332309 -0.408644
44.830000 -0.813586 -3.320354 -0.408613
44.835000 -0.830127 -3.308150 -0.408582
44.840000 -0.846606 -3.295699 -0.408552
44.845000 -0.863021 -3.282999 -0.408523
44.850000 -0.879371 -3.270054 -0.408494
44.855000 -0.895655 -3.256864 -0.408466
44.860000 -0.911872 -3.243429 -0.408438
44.865000 -0.928021 -3.229751 -0.408411
44.870000 -0.944100 -3.215830 -0.408385
44.875000 -0.960109 -3.201669 -0.408359
44.880000 -0.976045 -3.187267 -0.408333
44.885000 -0.991908 -3.172627 -0.408309
44.890000 -1.007697 -3.157748 -0.408285
44.895000 -1.023410 -3.142633 -0.408262
44.900000 -1.039046 -3.127281 -0.408239
44.905000 -1.054605 -3.111696 -0.408217
44.910000 -1.070084 -3.095877 -0.408196
44.915000 -1.085483 -3.079825 -0.408175
44.920000 -1.100801 -3.063543 -0.408155
44.925000 -1.116036 -3.047031 -0.408136
44.930000 -1.131188 -3.030291 -0.408117
44.935000 -1.146254 -3.013323 -0.408100
44.940000 -1.161235 -2.996129 -0.408082
44.945000 -1.176129 -2.978710 -0.408066
44.950000 -1.190934 -2.961068 -0.408050
44.955000 -1.205650 -2.943204 -0.408035
44.960000 -1.220275 -2.925120 -0.408021
44.965000 -1.234810 -2.906816 -0.408007
44.970000 -1.249251 -2.888293 -0.407994
44.975000 -1.263599 -2.869555 -0.407982
44.980000 -1.277852 -2.850601 -0.407971
44.985000 -1.292009 -2.831433 -0.407960
44.990000 -1.306069 -2.812053 -0.407950
44.995000 -1.320032 -2.792462 -0.407941
45.000000 -1.333895 -2.772661 -0.407933
45.005000 -1.347658 -2.752653 -0.407925
45.010000 -1.361320 -2.732438 -0.407918
45.015000 -1.374880 -2.712018 -0.407912
45.020000 -1.388337 -2.691395 -0.407907
45.025000 -1.401690 -2.670570 -0.407902
45.030000 -1.414938 -2.649545 -0.407898
45.035000 -1.428080 -2.628320 -0.407895
45.040000 -1.441114 -2.606899 -0.407893
45.045000 -1.454040 -2.585283 -0.407892
45.050000 -1.466858 -2.563472 -0.407891
45.055000 -1.479565 -2.541469 -0.407891
45.060000 -1.492162 -2.519276 -0.407891
45.065000 -1.504646 -2.496893 -0.407893
45.070000 -1.517018 -2.474323 -0.407895
45.075000 -1.529275 -2.451568 -0.407898
45.080000 -1.541419 -2.428629 -0.407902
45.085000 -1.553446 -2.405508 -0.407907
45.090000 -1.565357 -2.382206 -0.407912
45.095000 -1.577151 -2.358726 -0.407918
45.100000 -1.588826 -2.335068 -0.407925
45.105000 -1.600382 -2.311236 -0.407933
45.110000 -1.611818 -2.287230 -0.407941
45.115000 -1.623134 -2.263053 -0.407950
45.120000 -1.634327 -2.238706 -0.407960
45.125000 -1.645398 -2.214191 -0.407971
45.130000 -1.656346 -2.189510 -0.407982
45.135000 -1.667169 -2.164665 -0.407994
45.140000 -1.677867 -2.139657 -0.408007
45.145000 -1.688440 -2.114489 -0.408020
45.150000 -1.698886 -2.089163 -0.408035
45.155000 -1.709204 -2.063680 -0.408050
45.160000 -1.719394 -2.038042 -0.408065
45.165000 -1.729455 -2.012251 -0.408082
45.170000 -1.739387 -1.986309 -0.408099
45.175000 -1.749188 -1.960218 -0.408117
45.180000 -1.758858 -1.933980 -0.408135
45.185000 -1.768396 -1.907597 -0.408155
45.190000 -1.777801 -1.881071 -0.408174
45.195000 -1.787073 -1.854404 -0.408195
45.200000 -1.796211 -1.827598 -0.408216
45.205000 -1.805215 -1.800655 -0.408238
45.210000 -1.814083 -1.773577 -0.408261
45.215000 -1.822814 -1.746366 -0.408284
45.220000 -1.831409 -1.719023 -0.408308
45.225000 -1.839867 -1.691552 -0.408333
45.230000 -1.848187 -1.663954 -0.408358
45.235000 -1.856368 -1.636231 -0.408384
45.240000 -1.864410 -1.608386 -0.408410
45.245000 -1.872312 -1.580420 -0.408437
45.250000 -1.880074 -1.552335 -0.408465
45.255000 -1.887695 -1.524134 -0.408493
45.260000 -1.895174 -1.495819 -0.408522
45.265000 -1.902511 -1.467391 -0.408551
45.270000 -1.909705 -1.438853 -0.408581
45.275000 -1.916756 -1.410208 -0.408612
45.280000 -1.923663 -1.381456 -0.408643
45.285000 -1.930426 -1.352601 -0.408674
45.290000 -1.937044 -1.323645 -0.408706
45.295000 -1.943517 -1.294589 -0.408739
45.300000 -1.949845 -1.265437 -0.408772
45.305000 -1.956025 -1.236189 -0.408806
45.310000 -1.962060 -1.206849 -0.408840
45.315000 -1.967947 -1.177418 -0.408875
45.320000 -1.973686 -1.147898 -0.408910
45.325000 -1.979278 -1.118293 -0.408945
45.330000 -1.984721 -1.088604 -0.408981
45.335000 -1.990015 -1.058833 -0.409018
45.340000 -1.995160 -1.028983 -0.409055
45.345000 -2.000155 -0.999056 -0.409092
45.350000 -2.005000 -0.969053 -0.409130
45.355000 -2.009695 -0.938978 -0.409168
45.360000 -2.014239 -0.908833 -0.409206
45.365000 -2.018633 -0.878619 -0.409245
45.370000 -2.022874 -0.848340 -0.409284
45.375000 -2.026964 -0.817997 -0.409324
45.380000 -2.030902 -0.787592 -0.409364
45.385000 -2.034688 -0.757129 -0.409404
45.390000 -2.038321 -0.726608 -0.409445
45.395000 -2.041801 -0.696033 -0.409486
45.400000 -2.045128 -0.665406 -0.409527
45.405000 -2.048302 -0.634730 -0.409568
45.410000 -2.051322 -0.604005 -0.409610
45.415000 -2.054188 -0.573235 -0.409652
45.420000 -2.056900 -0.542422 -0.409694
45.425000 -2.059458 -0.511569 -0.409736
45.430000 -2.061861 -0.480677 -0.409779
45.435000 -2.064110 -0.449749 -0.409822
45.440000 -2.066204 -0.418787 -0.409865
45.445000 -2.068143 -0.387794 -0.409908
45.450000 -2.069927 -0.356772 -0.409951
45.455000 -2.071555 -0.325723 -0.409994
45.460000 -2.073029 -0.294650 -0.410038
45.465000 -2.074346 -0.263555 -0.410082
45.470000 -2.075509 -0.232439 -0.410126
45.475000 -2.076515 -0.201307 -0.410170
45.480000 -2.077366 -0.170159 -0.410214
45.485000 -2.078061 -0.138998 -0.410258
45.490000 -2.078600 -0.107828 -0.410302
45.495000 -2.078983 -0.076649 -0.410346
45.500000 -2.079211 -0.045464 -0.410390
45.505000 -2.079282 -0.014276 -0.410434
45.510000 -2.079197 0.016914 -0.410479
45.515000 -2.078957 0.048102 -0.410523
45.520000 -2.078561 0.079286 -0.410567
45.525000 -2.078008 0.110464 -0.410611
45.530000 -2.077300 0.141634 -0.410655
45.535000 -2.076436 0.172794 -0.410699
45.540000 -2.075416 0.203940 -0.410743
45.545000 -2.074241 0.235072 -0.410787
45.550000 -2.072910 0.266185 -0.410831
45.555000 -2.071424 0.297279 -0.410874
45.560000 -2.069782 0.328350 -0.410918
45.565000 -2.067985 0.359397 -0.410961
45.570000 -2.066033 0.390417 -0.411005
45.575000 -2.063926 0.421407 -0.411048
45.580000 -2.061664 0.452366 -0.411090
45.585000 -2.059248 0.483291 -0.411133
45.590000 -2.056677 0.514180 -0.411176
45.595000 -2.053952 0.545030 -0.411218
45.600000 -2.051072 0.575839 -0.411260
45.605000 -2.048039 0.606605 -0.411302
45.610000 -2.044853 0.637326 -0.411343
45.615000 -2.041513 0.667999 -0.411384
45.620000 -2.038020 0.698621 -0.411425
45.625000 -2.034374 0.729192 -0.411466
45.630000 -2.030575 0.759707 -0.411506
45.635000 -2.026624 0.790166 -0.411546
45.640000 -2.022521 0.820565 -0.411586
45.645000 -2.018267 0.850903 -0.411625
45.650000 -2.013861 0.881177 -0.411664
45.655000 -2.009304 0.911385 -0.411703
45.660000 -2.004596 0.941525 -0.411741
45.665000 -1.999738 0.971594 -0.411779
45.670000 -1.994731 1.001590 -0.411817
45.675000 -1.989573 1.031511 -0.411854
45.680000 -1.984266 1.061354 -0.411890
45.685000 -1.978811 1.091118 -0.411927
45.690000 -1.973207 1.120800 -0.411962
45.695000 -1.967455 1.150398 -0.411998
45.700000 -1.961555 1.179910 -0.412033
45.705000 -1.955508 1.209334 -0.412067
45.710000 -1.949315 1.238666 -0.412101
45.715000 -1.942976 1.267906 -0.412134
45.720000 -1.936490 1.297051 -0.412167
45.725000 -1.929860 1.326098 -0.412199
45.730000 -1.923085 1.355046 -0.412231
45.735000 -1.916165 1.383892 -0.412263
45.740000 -1.909102 1.412635 -0.412293
45.745000 -1.901896 1.441271 -0.412324
45.750000 -1.894547 1.469800 -0.412353
45.755000 -1.887055 1.498218 -0.412382
45.760000 -1.879423 1.526524 -0.412411
45.765000 -1.871649 1.554715 -0.412439
45.770000 -1.863735 1.582790 -0.412466
45.775000 -1.855682 1.610746 -0.412493
45.780000 -1.847489 1.638581 -0.412519
45.785000 -1.839157 1.666293 -0.412544
45.790000 -1.830688 1.693881 -0.412569
45.795000 -1.822081 1.721341 -0.412593
45.800000 -1.813338 1.748672 -0.412617
45.805000 -1.804458 1.775872 -0.412639
45.810000 -1.795444 1.802939 -0.412662
45.815000 -1.786294 1.829871 -0.412683
45.820000 -1.777011 1.856665 -0.412704
45.825000 -1.767594 1.883320 -0.412724
45.830000 -1.758045 1.909834 -0.412744
45.835000 -1.748364 1.936205 -0.412763
45.840000 -1.738552 1.962430 -0.412781
45.845000 -1.728610 1.988509 -0.412798
45.850000 -1.718537 2.014438 -0.412815
45.855000 -1.708336 2.040216 -0.412831
45.860000 -1.698007 2.065841 -0.412846
45.865000 -1.687551 2.091311 -0.412861
45.870000 -1.676967 2.116624 -0.412875
45.875000 -1.666259 2.141779 -0.412888
45.880000 -1.655425 2.166773 -0.412900
45.885000 -1.644467 2.191604 -0.412912
45.890000 -1.633385 2.216271 -0.412923
45.895000 -1.622181 2.240772 -0.412933
45.900000 -1.610856 2.265105 -0.412942
45.905000 -1.599410 2.289267 -0.412951
45.910000 -1.587843 2.313259 -0.412959
45.915000 -1.576158 2.337076 -0.412966
45.920000 -1.564354 2.360719 -0.412973
45.925000 -1.552433 2.384184 -0.412978
45.930000 -1.540396 2.407470 -0.412983
45.935000 -1.528243 2.430576 -0.412987
45.940000 -1.515976 2.453500 -0.412991
45.945000 -1.503594 2.476240 -0.412993
45.950000 -1.491100 2.498793 -0.412995
45.955000 -1.478495 2.521160 -0.412996
45.960000 -1.465778 2.543337 -0.412996
45.965000 -1.452951 2.565324 -0.412996
45.970000 -1.440016 2.587118 -0.412995
45.975000 -1.426972 2.608719 -0.412993
45.980000 -1.413822 2.630123 -0.412990
45.985000 -1.400565 2.651330 -0.412986
45.990000 -1.387203 2.672339 -0.412982
45.995000 -1.373737 2.693147 -0.412977
46.000000 -1.360169 2.713753 -0.412971
46.005000 -1.346498 2.734156 -0.412965
46.010000 -1.332726 2.754353 -0.412957
46.015000 -1.318854 2.774344 -0.412949
46.020000 -1.304884 2.794127 -0.412940
46.025000 -1.290815 2.813700 -0.412931
46.030000 -1.276650 2.833062 -0.412921
46.035000 -1.262389 2.852212 -0.412910
46.040000 -1.248033 2.871148 -0.412898
46.045000 -1.233584 2.889868 -0.412885
46.050000 -1.219042 2.908372 -0.412872
46.055000 -1.204409 2.926658 -0.412858
46.060000 -1.189685 2.944724 -0.412843
46.065000 -1.174872 2.962569 -0.412828
46.070000 -1.159971 2.980192 -0.412812
46.075000 -1.144983 2.997592 -0.412795
46.080000 -1.129909 3.014767 -0.412777
46.085000 -1.114751 3.031715 -0.412759
46.090000 -1.099509 3.048436 -0.412740
46.095000 -1.084184 3.064929 -0.412720
46.100000 -1.068778 3.081192 -0.412700
46.105000 -1.053292 3.097224 -0.412679
46.110000 -1.037727 3.113023 -0.412657
46.115000 -1.022084 3.128589 -0.412635
46.120000 -1.006364 3.143920 -0.412612
46.125000 -0.990569 3.159016 -0.412588
46.130000 -0.974700 3.173874 -0.412564
46.135000 -0.958757 3.188495 -0.412539
46.140000 -0.942743 3.202876 -0.412513
46.145000 -0.926658 3.217017 -0.412487
46.150000 -0.910503 3.230917 -0.412460
46.155000 -0.894281 3.244575 -0.412433
46.160000 -0.877991 3.257989 -0.412405
46.165000 -0.861635 3.271159 -0.412376
46.170000 -0.845214 3.284083 -0.412347
46.175000 -0.828731 3.296761 -0.412317
46.180000 -0.812185 3.309192 -0.412287
46.185000 -0.795578 3.321375 -0.412256
46.190000 -0.778911 3.333309 -0.412225
46.195000 -0.762186 3.344992 -0.412193
46.200000 -0.745404 3.356425 -0.412160
46.205000 -0.728566 3.367606 -0.412127
46.210000 -0.711673 3.378535 -0.412094
46.215000 -0.694727 3.389210 -0.412060
46.220000 -0.677729 3.399631 -0.412025
46.225000 -0.660680 3.409797 -0.411991
46.230000 -0.643582 3.419707 -0.411955
46.235000 -0.626435 3.429361 -0.411919
46.240000 -0.609241 3.438757 -0.411883
46.245000 -0.592002 3.447896 -0.411846
46.250000 -0.574718 3.456776 -0.411809
46.255000 -0.557391 3.465397 -0.411772
46.260000 -0.540022 3.473757 -0.411734
46.265000 -0.522613 3.481858 -0.411695
46.270000 -0.505164 3.489697 -0.411657
46.275000 -0.487678 3.497274 -0.411617
46.280000 -0.470155 3.504590 -0.411578
46.285000 -0.452597 3.511642 -0.411538
46.290000 -0.435004 3.518431 -0.411498
46.295000 -0.417380 3.524956 -0.411458
46.300000 -0.399724 3.531217 -0.411417
46.305000 -0.382038 3.537212 -0.411376
46.310000 -0.364323 3.542943 -0.411335
46.315000 -0.346581 3.548408 -0.411293
46.320000 -0.328813 3.553607 -0.411251
46.325000 -0.311020 3.558539 -0.411209
46.330000 -0.293204 3.563204 -0.411167
46.335000 -0.275366 3.567602 -0.411124
46.340000 -0.257507 3.571733 -0.411082
46.345000 -0.239629 3.575595 -0.411039
46.350000 -0.221733 3.579190 -0.410996
46.355000 -0.203821 3.582516 -0.410952
46.360000 -0.185893 3.585573 -0.410909
46.365000 -0.167951 3.588361 -0.410865
46.370000 -0.149997 3.590881 -0.410822
46.375000 -0.132031 3.593131 -0.410778
46.380000 -0.114056 3.595111 -0.410734
46.385000 -0.096071 3.596822 -0.410690
46.390000 -0.078080 3.598263 -0.410646
46.395000 -0.060083 3.599434 -0.410602
46.400000 -0.042081 3.600335 -0.410558
46.405000 -0.024077 3.600967 -0.410514
46.410000 -0.006070 3.601328 -0.410469
46.415000 0.011937 3.601419 -0.410425
46.420000 0.029943 3.601240 -0.410381
46.425000 0.047947 3.600791 -0.410337
46.430000 0.065948 3.600071 -0.410293
46.435000 0.083943 3.599082 -0.410249
46.440000 0.101932 3.597823 -0.410204
46.445000 0.119914 3.596294 -0.410161
46.450000 0.137886 3.594495 -0.410117
46.455000 0.155848 3.592427 -0.410073
46.460000 0.173799 3.590089 -0.410029
46.465000 0.191736 3.587482 -0.409986
46.470000 0.209659 3.584606 -0.409942
46.475000 0.227567 3.581461 -0.409899
46.480000 0.245457 3.578048 -0.409856
46.485000 0.263329 3.574366 -0.409813
46.490000 0.281181 3.570416 -0.409770
46.495000 0.299012 3.566198 -0.409727
46.500000 0.316820 3.561713 -0.409685
46.505000 0.334605 3.556961 -0.409643
46.510000 0.352365 3.551942 -0.409601
46.515000 0.370098 3.546656 -0.409560
46.520000 0.387804 3.541105 -0.409518
46.525000 0.405480 3.535288 -0.409477
46.530000 0.423126 3.529206 -0.409436
46.535000 0.440740 3.522859 -0.409396
46.540000 0.458322 3.516248 -0.409356
46.545000 0.475868 3.509373 -0.409316
46.550000 0.493380 3.502235 -0.409276
46.555000 0.510854 3.494834 -0.409237
46.560000 0.528290 3.487171 -0.409198
46.565000 0.545686 3.479247 -0.409160
46.570000 0.563041 3.471062 -0.409122
46.575000 0.580354 3.462616 -0.409084
46.580000 0.597624 3.453911 -0.409047
46.585000 0.614849 3.444946 -0.409010
46.590000 0.632027 3.435724 -0.408974
46.595000 0.649158 3.426243 -0.408938
46.600000 0.666241 3.416506 -0.408903
46.605000 0.683273 3.406512 -0.408868
46.610000 0.700255 3.396263 -0.408833
46.615000 0.717184 3.385759 -0.408799
46.620000 0.734059 3.375002 -0.408765
46.625000 0.750879 3.363991 -0.408732
46.630000 0.767642 3.352728 -0.408700
46.635000 0.784348 3.341213 -0.408668
46.640000 0.800995 3.329448 -0.408636
46.645000 0.817583 3.317433 -0.408605
46.650000 0.834108 3.305169 -0.408575
46.655000 0.850572 3.292657 -0.408545
46.660000 0.866971 3.279899 -0.408516
46.665000 0.883306 3.266894 -0.408487
46.670000 0.899574 3.253645 -0.408459
46.675000 0.915775 3.240151 -0.408431
46.680000 0.931907 3.226414 -0.408405
46.685000 0.947969 3.212436 -0.408378
46.690000 0.963960 3.198216 -0.408353
46.695000 0.979879 3.183757 -0.408327
46.700000 0.995724 3.169059 -0.408303
46.705000 1.011495 3.154123 -0.408279
46.710000 1.027190 3.138950 -0.408256
46.715000 1.042807 3.123543 -0.408234
46.720000 1.058347 3.107900 -0.408212
46.725000 1.073807 3.092025 -0.408191
46.730000 1.089186 3.075918 -0.408170
46.735000 1.104484 3.059580 -0.408151
46.740000 1.119699 3.043013 -0.408131
46.745000 1.134830 3.026218 -0.408113
46.750000 1.149876 3.009195 -0.408095
46.755000 1.164836 2.991947 -0.408078
46.760000 1.179709 2.974474 -0.408062
46.765000 1.194492 2.956779 -0.408046
46.770000 1.209187 2.938861 -0.408032
46.775000 1.223790 2.920724 -0.408017
46.780000 1.238302 2.902367 -0.408004
46.785000 1.252721 2.883792 -0.407991
46.790000 1.267046 2.865001 -0.407979
46.795000 1.281276 2.845996 -0.407968
46.800000 1.295410 2.826777 -0.407958
46.805000 1.309447 2.807345 -0.407948
46.810000 1.323385 2.787704 -0.407939
46.815000 1.337225 2.767853 -0.407931
46.820000 1.350964 2.747795 -0.407924
46.825000 1.364601 2.727530 -0.407917
46.830000 1.378136 2.707061 -0.407911
46.835000 1.391568 2.686389 -0.407906
46.840000 1.404896 2.665516 -0.407901
46.845000 1.418118 2.644442 -0.407898
46.850000 1.431234 2.623170 -0.407895
46.855000 1.444243 2.601702 -0.407893
46.860000 1.457143 2.580038 -0.407891
46.865000 1.469934 2.558181 -0.407891
46.870000 1.482614 2.536132 -0.407891
46.875000 1.495184 2.513893 -0.407892
46.880000 1.507641 2.491465 -0.407893
46.885000 1.519985 2.468850 -0.407896
46.890000 1.532216 2.446051 -0.407899
46.895000 1.544331 2.423067 -0.407903
46.900000 1.556330 2.399902 -0.407908
46.905000 1.568213 2.376558 -0.407913
46.910000 1.579978 2.353034 -0.407920
46.915000 1.591625 2.329335 -0.407927
46.920000 1.603152 2.305460 -0.407935
46.925000 1.614559 2.281413 -0.407943
46.930000 1.625845 2.257195 -0.407952
46.935000 1.637009 2.232807 -0.407962
46.940000 1.648051 2.208252 -0.407973
46.945000 1.658968 2.183531 -0.407985
46.950000 1.669762 2.158646 -0.407997
46.955000 1.680430 2.133600 -0.408010
46.960000 1.690972 2.108394 -0.408024
46.965000 1.701387 2.083029 -0.408038
46.970000 1.711674 2.057508 -0.408053
46.975000 1.721833 2.031833 -0.408069
46.980000 1.731863 2.006006 -0.408086
46.985000 1.741764 1.980028 -0.408103
46.990000 1.751533 1.953901 -0.408121
46.995000 1.761171 1.927628 -0.408140
47.000000 1.770677 1.901211 -0.408159
47.005000 1.780051 1.874650 -0.408179
47.010000 1.789290 1.847950 -0.408200
47.015000 1.798396 1.821110 -0.408222
47.020000 1.807367 1.794134 -0.408244
47.025000 1.816202 1.767024 -0.408266
47.030000 1.824901 1.739781 -0.408290
47.035000 1.833463 1.712407 -0.408314
47.040000 1.841887 1.684905 -0.408339
47.045000 1.850174 1.657277 -0.408364
47.050000 1.858321 1.629525 -0.408390
47.055000 1.866329 1.601650 -0.408416
47.060000 1.874198 1.573655 -0.408444
47.065000 1.881925 1.545542 -0.408471
47.070000 1.889512 1.517313 -0.408500
47.075000 1.896957 1.488970 -0.408529
47.080000 1.904259 1.460516 -0.408558
47.085000 1.911419 1.431952 -0.408588
47.090000 1.918436 1.403281 -0.408619
47.095000 1.925308 1.374504 -0.408650
47.100000 1.932036 1.345625 -0.408682
47.105000 1.938619 1.316644 -0.408714
47.110000 1.945057 1.287565 -0.408747
47.115000 1.951349 1.258389 -0.408780
47.120000 1.957495 1.229119 -0.408814
47.125000 1.963494 1.199756 -0.408848
47.130000 1.969345 1.170304 -0.408883
47.135000 1.975049 1.140764 -0.408918
47.140000 1.980605 1.111138 -0.408954
47.145000 1.986012 1.081429 -0.408990
47.150000 1.991270 1.051639 -0.409027
47.155000 1.996379 1.021770 -0.409064
47.160000 2.001338 0.991824 -0.409101
47.165000 2.006147 0.961804 -0.409139
47.170000 2.010805 0.931712 -0.409177
47.175000 2.015313 0.901550 -0.409216
47.180000 2.019670 0.871320 -0.409255
47.185000 2.023875 0.841025 -0.409294
47.190000 2.027928 0.810667 -0.409334
47.195000 2.031829 0.780248 -0.409374
47.200000 2.035578 0.749770 -0.409414
47.205000 2.039175 0.719237 -0.409455
47.210000 2.042618 0.688649 -0.409495
47.215000 2.045908 0.658010 -0.409537
47.220000 2.049044 0.627321 -0.409578
47.225000 2.052027 0.596586 -0.409620
47.230000 2.054856 0.565805 -0.409662
47.235000 2.057531 0.534982 -0.409704
47.240000 2.060052 0.504119 -0.409746
47.245000 2.062418 0.473218 -0.409789
47.250000 2.064629 0.442282 -0.409832
47.255000 2.066686 0.411313 -0.409875
47.260000 2.068588 0.380312 -0.409918
47.265000 2.070334 0.349284 -0.409961
47.270000 2.071925 0.318229 -0.410005
47.275000 2.073361 0.287150 -0.410049
47.280000 2.074641 0.256049 -0.410092
47.285000 2.075766 0.224930 -0.410136
47.290000 2.076735 0.193793 -0.410180
47.295000 2.077548 0.162642 -0.410224
47.300000 2.078205 0.131479 -0.410268
47.305000 2.078707 0.100306 -0.410312
47.310000 2.079052 0.069125 -0.410357
47.315000 2.079242 0.037940 -0.410401
47.320000 2.079276 0.006751 -0.410445
47.325000 2.079154 -0.024438 -0.410489
47.330000 2.078876 -0.055626 -0.410533
47.335000 2.078442 -0.086809 -0.410578
47.340000 2.077852 -0.117985 -0.410622
47.345000 2.077106 -0.149153 -0.410666
47.350000 2.076204 -0.180310 -0.410710
47.355000 2.075147 -0.211453 -0.410754
47.360000 2.073934 -0.242580 -0.410798
47.365000 2.072566 -0.273689 -0.410841
47.370000 2.071042 -0.304777 -0.410885
47.375000 2.069363 -0.335843 -0.410928
47.380000 2.067528 -0.366883 -0.410972
47.385000 2.065539 -0.397896 -0.411015
47.390000 2.063394 -0.428879 -0.411058
47.395000 2.061095 -0.459830 -0.411101
47.400000 2.058641 -0.490747 -0.411143
47.405000 2.056033 -0.521626 -0.411186
47.410000 2.053271 -0.552467 -0.411228
47.415000 2.050355 -0.583266 -0.411270
47.420000 2.047285 -0.614021 -0.411312
47.425000 2.044061 -0.644731 -0.411353
47.430000 2.040684 -0.675391 -0.411394
47.435000 2.037154 -0.706002 -0.411435
47.440000 2.033471 -0.736559 -0.411476
47.445000 2.029636 -0.767061 -0.411516
47.450000 2.025648 -0.797506 -0.411556
47.455000 2.021509 -0.827890 -0.411596
47.460000 2.017218 -0.858213 -0.411635
47.465000 2.012775 -0.888471 -0.411674
47.470000 2.008182 -0.918663 -0.411712
47.475000 2.003438 -0.948786 -0.411751
47.480000 1.998544 -0.978837 -0.411788
47.485000 1.993500 -1.008815 -0.411826
47.490000 1.988306 -1.038718 -0.411863
47.495000 1.982964 -1.068542 -0.411899
47.500000 1.977472 -1.098287 -0.411935
47.505000 1.971832 -1.127949 -0.411971
47.510000 1.966045 -1.157526 -0.412006
47.515000 1.960110 -1.187017 -0.412041
47.520000 1.954028 -1.216419 -0.412075
47.525000 1.947799 -1.245729 -0.412109
47.530000 1.941424 -1.274946 -0.412142
47.535000 1.934904 -1.304068 -0.412175
47.540000 1.928238 -1.333091 -0.412207
47.545000 1.921428 -1.362015 -0.412239
47.550000 1.914474 -1.390836 -0.412270
47.555000 1.907376 -1.419553 -0.412301
47.560000 1.900136 -1.448164 -0.412331
47.565000 1.892752 -1.476666 -0.412360
47.570000 1.885227 -1.505057 -0.412389
47.575000 1.877560 -1.533336 -0.412417
47.580000 1.869753 -1.561499 -0.412445
47.585000 1.861805 -1.589545 -0.412472
47.590000 1.853718 -1.617472 -0.412499
47.595000 1.845491 -1.645278 -0.412525
47.600000 1.837127 -1.672961 -0.412550
47.605000 1.828624 -1.700517 -0.412575
47.610000 1.819984 -1.727947 -0.412599
47.615000 1.811208 -1.755247 -0.412622
47.620000 1.802296 -1.782415 -0.412645
47.625000 1.793249 -1.809449 -0.412667
47.630000 1.784067 -1.836348 -0.412688
47.635000 1.774751 -1.863109 -0.412709
47.640000 1.765303 -1.889730 -0.412729
47.645000 1.755722 -1.916210 -0.412748
47.650000 1.746009 -1.942545 -0.412767
47.655000 1.736165 -1.968736 -0.412785
47.660000 1.726191 -1.994778 -0.412802
47.665000 1.716088 -2.020671 -0.412819
47.670000 1.705856 -2.046412 -0.412835
47.675000 1.695496 -2.072000 -0.412850
47.680000 1.685009 -2.097433 -0.412864
47.685000 1.674395 -2.122708 -0.412878
47.690000 1.663656 -2.147824 -0.412891
47.695000 1.652792 -2.172778 -0.412903
47.700000 1.641804 -2.197570 -0.412915
47.705000 1.630693 -2.222197 -0.412925
47.710000 1.619460 -2.246658 -0.412935
47.715000 1.608105 -2.270950 -0.412944
47.720000 1.596630 -2.295071 -0.412953
47.725000 1.585035 -2.319021 -0.412961
47.730000 1.573321 -2.342796 -0.412968
47.735000 1.561489 -2.366396 -0.412974
47.740000 1.549540 -2.389818 -0.412979
47.745000 1.537475 -2.413061 -0.412984
47.750000 1.525294 -2.436124 -0.412988
47.755000 1.512999 -2.459003 -0.412991
47.760000 1.500590 -2.481698 -0.412994
47.765000 1.488069 -2.504207 -0.412995
47.770000 1.475437 -2.526528 -0.412996
47.775000 1.462693 -2.548659 -0.412996
47.780000 1.449840 -2.570600 -0.412996
47.785000 1.436879 -2.592347 -0.412994
47.790000 1.423809 -2.613901 -0.412992
47.795000 1.410633 -2.635258 -0.412989
47.800000 1.397351 -2.656417 -0.412985
47.805000 1.383964 -2.677378 -0.412981
47.810000 1.370473 -2.698137 -0.412976
47.815000 1.356880 -2.718694 -0.412970
47.820000 1.343185 -2.739047 -0.412963
47.825000 1.329389 -2.759195 -0.412955
47.830000 1.315493 -2.779136 -0.412947
47.835000 1.301499 -2.798868 -0.412938
47.840000 1.287407 -2.818391 -0.412928
47.845000 1.273218 -2.837702 -0.412918
47.850000 1.258934 -2.856800 -0.412907
47.855000 1.244556 -2.875684 -0.412895
47.860000 1.230084 -2.894352 -0.412882
47.865000 1.215520 -2.912804 -0.412869
47.870000 1.200865 -2.931037 -0.412854
47.875000 1.186119 -2.949050 -0.412839
47.880000 1.171285 -2.966841 -0.412824
47.885000 1.156363 -2.984411 -0.412808
47.890000 1.141354 -3.001756 -0.412791
47.895000 1.126260 -3.018876 -0.412773
47.900000 1.111081 -3.035770 -0.412754
47.905000 1.095819 -3.052436 -0.412735
47.910000 1.080475 -3.068874 -0.412715
47.915000 1.065049 -3.085081 -0.412695
47.920000 1.049544 -3.101057 -0.412674
47.925000 1.033960 -3.116800 -0.412652
47.930000 1.018298 -3.132309 -0.412629
47.935000 1.002560 -3.147584 -0.412606
47.940000 0.986747 -3.162622 -0.412582
47.945000 0.970860 -3.177423 -0.412558
47.950000 0.954900 -3.191986 -0.412533
47.955000 0.938869 -3.206310 -0.412507
47.960000 0.922767 -3.220393 -0.412481
47.965000 0.906596 -3.234234 -0.412454
47.970000 0.890356 -3.247833 -0.412426
47.975000 0.874051 -3.261188 -0.412398
47.980000 0.857679 -3.274299 -0.412369
47.985000 0.841243 -3.287164 -0.412340
47.990000 0.824744 -3.299783 -0.412310
47.995000 0.808184 -3.312154 -0.412280
48.000000 0.791562 -3.324277 -0.412249
48.005000 0.774881 -3.336150 -0.412217
48.010000 0.758143 -3.347774 -0.412185
48.015000 0.741347 -3.359146 -0.412152
48.020000 0.724495 -3.370266 -0.412119
48.025000 0.707590 -3.381133 -0.412086
48.030000 0.690631 -3.391747 -0.412052
48.035000 0.673621 -3.402107 -0.412017
48.040000 0.656559 -3.412211 -0.411982
48.045000 0.639449 -3.422059 -0.411947
48.050000 0.622291 -3.431651 -0.411911
48.055000 0.605086 -3.440986 -0.411874
48.060000 0.587836 -3.450062 -0.411837
48.065000 0.570541 -3.458879 -0.411800
48.070000 0.553204 -3.467437 -0.411762
48.075000 0.535825 -3.475736 -0.411724
48.080000 0.518407 -3.483773 -0.411686
48.085000 0.500949 -3.491549 -0.411647
48.090000 0.483453 -3.499063 -0.411608
48.095000 0.465922 -3.506315 -0.411568
48.100000 0.448355 -3.513304 -0.411529
48.105000 0.430755 -3.520029 -0.411488
48.110000 0.413123 -3.526491 -0.411448
48.115000 0.395459 -3.532687 -0.411407
48.120000 0.377766 -3.538619 -0.411366
48.125000 0.360045 -3.544286 -0.411325
48.130000 0.342296 -3.549686 -0.411283
48.135000 0.324522 -3.554821 -0.411241
48.140000 0.306724 -3.559689 -0.411199
48.145000 0.288902 -3.564290 -0.411157
48.150000 0.271059 -3.568623 -0.411114
48.155000 0.253196 -3.572689 -0.411071
48.160000 0.235313 -3.576487 -0.411028
48.165000 0.217413 -3.580017 -0.410985
48.170000 0.199497 -3.583278 -0.410942
48.175000 0.181566 -3.586270 -0.410899
48.180000 0.163621 -3.588994 -0.410855
48.185000 0.145663 -3.591448 -0.410811
48.190000 0.127695 -3.593633 -0.410767
48.195000 0.109717 -3.595548 -0.410724
48.200000 0.091732 -3.597194 -0.410680
48.205000 0.073739 -3.598570 -0.410635
48.210000 0.055740 -3.599676 -0.410591
48.215000 0.037738 -3.600512 -0.410547
48.220000 0.019732 -3.601078 -0.410503
48.225000 0.001725 -3.601374 -0.410459
48.230000 -0.016282 -3.601400 -0.410415
48.235000 -0.034287 -3.601156 -0.410370
48.240000 -0.052291 -3.600642 -0.410326
48.245000 -0.070290 -3.599857 -0.410282
48.250000 -0.088284 -3.598803 -0.410238
48.255000 -0.106271 -3.597479 -0.410194
48.260000 -0.124251 -3.595885 -0.410150
48.265000 -0.142221 -3.594021 -0.410106
48.270000 -0.160180 -3.591888 -0.410062
48.275000 -0.178128 -3.589485 -0.410019
48.280000 -0.196062 -3.586813 -0.409975
48.285000 -0.213981 -3.583872 -0.409932
48.290000 -0.231884 -3.580662 -0.409888
48.295000 -0.249770 -3.577184 -0.409845
48.300000 -0.267637 -3.573438 -0.409802
48.305000 -0.285485 -3.569423 -0.409760
48.310000 -0.303310 -3.565141 -0.409717
48.315000 -0.321113 -3.560591 -0.409675
48.320000 -0.338892 -3.555774 -0.409633
48.325000 -0.356646 -3.550691 -0.409591
48.330000 -0.374372 -3.545341 -0.409550
48.335000 -0.392071 -3.539726 -0.409508
48.340000 -0.409740 -3.533845 -0.409467
48.345000 -0.427379 -3.527699 -0.409427
48.350000 -0.444985 -3.521288 -0.409386
48.355000 -0.462558 -3.514613 -0.409346
48.360000 -0.480097 -3.507675 -0.409306
48.365000 -0.497599 -3.500473 -0.409267
48.370000 -0.515064 -3.493009 -0.409228
48.375000 -0.532490 -3.485283 -0.409189
48.380000 -0.549877 -3.477296 -0.409151
48.385000 -0.567222 -3.469048 -0.409113
48.390000 -0.584525 -3.460540 -0.409075
48.395000 -0.601784 -3.451772 -0.409038
48.400000 -0.618997 -3.442745 -0.409002
48.405000 -0.636165 -3.433460 -0.408965
48.410000 -0.653284 -3.423917 -0.408929
48.415000 -0.670355 -3.414118 -0.408894
48.420000 -0.687375 -3.404063 -0.408859
48.425000 -0.704344 -3.393752 -0.408825
48.430000 -0.721260 -3.383187 -0.408791
48.435000 -0.738122 -3.372368 -0.408757
48.440000 -0.754928 -3.361296 -0.408724
48.445000 -0.771678 -3.349972 -0.408692
48.450000 -0.788370 -3.338397 -0.408660
48.455000 -0.805003 -3.326572 -0.408629
48.460000 -0.821575 -3.314497 -0.408598
48.465000 -0.838086 -3.302173 -0.408568
48.470000 -0.854534 -3.289602 -0.408538
48.475000 -0.870918 -3.276784 -0.408509
48.480000 -0.887237 -3.263720 -0.408480
48.485000 -0.903489 -3.250411 -0.408452
48.490000 -0.919673 -3.236859 -0.408425
48.495000 -0.935788 -3.223064 -0.408398
48.500000 -0.951834 -3.209027 -0.408372
48.505000 -0.967807 -3.194750 -0.408346
48.510000 -0.983708 -3.180233 -0.408322
48.515000 -0.999536 -3.165477 -0.408297
48.520000 -1.015288 -3.150484 -0.408274
48.525000 -1.030965 -3.135255 -0.408251
48.530000 -1.046563 -3.119790 -0.408228
48.535000 -1.062084 -3.104092 -0.408207
48.540000 -1.077525 -3.088160 -0.408186
48.545000 -1.092885 -3.071998 -0.408165
48.550000 -1.108163 -3.055604 -0.408146
48.555000 -1.123358 -3.038982 -0.408127
48.560000 -1.138468 -3.022131 -0.408109
48.565000 -1.153494 -3.005054 -0.408091
48.570000 -1.168432 -2.987752 -0.408074
48.575000 -1.183283 -2.970226 -0.408058
48.580000 -1.198046 -2.952476 -0.408043
48.585000 -1.212718 -2.934506 -0.408028
48.590000 -1.227300 -2.916315 -0.408014
48.595000 -1.241789 -2.897905 -0.408001
48.600000 -1.256186 -2.879278 -0.407988
48.605000 -1.270488 -2.860436 -0.407977
48.610000 -1.284695 -2.841378 -0.407966
48.615000 -1.298805 -2.822108 -0.407955
48.620000 -1.312819 -2.802626 -0.407946
48.625000 -1.326733 -2.782934 -0.407937
48.630000 -1.340548 -2.763033 -0.407929
48.635000 -1.354263 -2.742924 -0.407922
48.640000 -1.367876 -2.722610 -0.407915
48.645000 -1.381387 -2.702092 -0.407910
48.650000 -1.394793 -2.681371 -0.407905
48.655000 -1.408096 -2.660450 -0.407900
48.660000 -1.421292 -2.639328 -0.407897
48.665000 -1.434382 -2.618009 -0.407894
48.670000 -1.447365 -2.596493 -0.407892
48.675000 -1.460239 -2.574783 -0.407891
48.680000 -1.473003 -2.552879 -0.407891
48.685000 -1.485657 -2.530784 -0.407891
48.690000 -1.498200 -2.508499 -0.407892
48.695000 -1.510630 -2.486026 -0.407894
48.700000 -1.522947 -2.463367 -0.407897
48.705000 -1.535149 -2.440522 -0.407900
48.710000 -1.547237 -2.417495 -0.407904
48.715000 -1.559208 -2.394287 -0.407909
48.720000 -1.571063 -2.370899 -0.407915
48.725000 -1.582799 -2.347333 -0.407921
48.730000 -1.594417 -2.323591 -0.407929
48.735000 -1.605916 -2.299674 -0.407937
48.740000 -1.617293 -2.275586 -0.407945
48.745000 -1.628550 -2.251326 -0.407955
48.750000 -1.639685 -2.226898 -0.407965
48.755000 -1.650696 -2.202303 -0.407976
48.760000 -1.661584 -2.177542 -0.407988
48.765000 -1.672347 -2.152618 -0.408000
48.770000 -1.682985 -2.127533 -0.408013
48.775000 -1.693496 -2.102289 -0.408027
48.780000 -1.703880 -2.076886 -0.408042
48.785000 -1.714137 -2.051328 -0.408057
48.790000 -1.724265 -2.025616 -0.408073
48.795000 -1.734264 -1.999752 -0.408090
48.800000 -1.744133 -1.973738 -0.408107
48.805000 -1.753870 -1.947576 -0.408126
48.810000 -1.763477 -1.921268 -0.408144
48.815000 -1.772951 -1.894816 -0.408164
48.820000 -1.782292 -1.868221 -0.408184
48.825000 -1.791499 -1.841487 -0.408205
48.830000 -1.800573 -1.814615 -0.408227
48.835000 -1.809511 -1.787606 -0.408249
48.840000 -1.818313 -1.760463 -0.408272
48.845000 -1.826979 -1.733189 -0.408296
48.850000 -1.835508 -1.705784 -0.408320
48.855000 -1.843899 -1.678251 -0.408345
48.860000 -1.852152 -1.650593 -0.408370
48.865000 -1.860266 -1.622811 -0.408396
48.870000 -1.868241 -1.594907 -0.408423
48.875000 -1.876075 -1.566883 -0.408450
48.880000 -1.883769 -1.538742 -0.408478
48.885000 -1.891321 -1.510485 -0.408507
48.890000 -1.898732 -1.482115 -0.408536
48.895000 -1.906000 -1.453635 -0.408565
48.900000 -1.913125 -1.425045 -0.408596
48.905000 -1.920107 -1.396348 -0.408626
48.910000 -1.926945 -1.367546 -0.408658
48.915000 -1.933638 -1.338642 -0.408690
48.920000 -1.940186 -1.309637 -0.408722
48.925000 -1.946589 -1.280535 -0.408755
48.930000 -1.952845 -1.251336 -0.408788
48.935000 -1.958955 -1.222043 -0.408822
48.940000 -1.964919 -1.192659 -0.408857
48.945000 -1.970735 -1.163185 -0.408892
48.950000 -1.976403 -1.133624 -0.408927
48.955000 -1.981923 -1.103978 -0.408963
48.960000 -1.987294 -1.074249 -0.408999
48.965000 -1.992516 -1.044440 -0.409036
48.970000 -1.997589 -1.014552 -0.409073
48.975000 -2.002512 -0.984588 -0.409110
48.980000 -2.007285 -0.954550 -0.409148
48.985000 -2.011907 -0.924441 -0.409186
48.990000 -2.016378 -0.894262 -0.409225
48.995000 -2.020698 -0.864017 -0.409264
49.000000 -2.024867 -0.833706 -0.409304
49.005000 -2.028883 -0.803333 -0.409343
49.010000 -2.032748 -0.772900 -0.409383
49.015000 -2.036460 -0.742409 -0.409424
49.020000 -2.040019 -0.711862 -0.409464
49.025000 -2.043426 -0.681262 -0.409505
49.030000 -2.046679 -0.650610 -0.409547
49.035000 -2.049778 -0.619910 -0.409588
49.040000 -2.052724 -0.589163 -0.409630
49.045000 -2.055516 -0.558373 -0.409672
49.050000 -2.058154 -0.527540 -0.409714
49.055000 -2.060637 -0.496668 -0.409757
49.060000 -2.062966 -0.465758 -0.409799
49.065000 -2.065140 -0.434813 -0.409842
49.070000 -2.067159 -0.403836 -0.409885
49.075000 -2.069023 -0.372829 -0.409929
49.080000 -2.070732 -0.341794 -0.409972
49.085000 -2.072286 -0.310733 -0.410016
49.090000 -2.073684 -0.279648 -0.410059
49.095000 -2.074927 -0.248543 -0.410103
49.100000 -2.076014 -0.217419 -0.410147
49.105000 -2.076945 -0.186279 -0.410191
49.110000 -2.077721 -0.155125 -0.410235
49.115000 -2.078341 -0.123959 -0.410279
49.120000 -2.078804 -0.092784 -0.410323
49.125000 -2.079113 -0.061602 -0.410367
49.130000 -2.079265 -0.030415 -0.410411
49.135000 -2.079261 0.000774 -0.410456
49.140000 -2.079101 0.031963 -0.410500
49.145000 -2.078785 0.063149 -0.410544
49.150000 -2.078313 0.094331 -0.410588
49.155000 -2.077686 0.125506 -0.410632
49.160000 -2.076903 0.156671 -0.410676
49.165000 -2.075963 0.187825 -0.410720
49.170000 -2.074869 0.218964 -0.410764
49.175000 -2.073618 0.250087 -0.410808
49.180000 -2.072212 0.281191 -0.410852
49.185000 -2.070651 0.312274 -0.410895
49.190000 -2.068934 0.343334 -0.410939
49.195000 -2.067062 0.374368 -0.410982
49.200000 -2.065036 0.405374 -0.411025
49.205000 -2.062854 0.436350 -0.411068
49.210000 -2.060517 0.467293 -0.411111
49.215000 -2.058026 0.498200 -0.411154
49.220000 -2.055381 0.529071 -0.411196
49.225000 -2.052581 0.559901 -0.411238
49.230000 -2.049628 0.590690 -0.411280
49.235000 -2.046521 0.621435 -0.411322
49.240000 -2.043260 0.652132 -0.411363
49.245000 -2.039846 0.682781 -0.411404
49.250000 -2.036279 0.713379 -0.411445
49.255000 -2.032560 0.743923 -0.411486
49.260000 -2.028688 0.774412 -0.411526
49.265000 -2.024663 0.804842 -0.411566
49.270000 -2.020487 0.835212 -0.411605
49.275000 -2.016160 0.865519 -0.411644
49.280000 -2.011681 0.895762 -0.411683
49.285000 -2.007051 0.925937 -0.411722
49.290000 -2.002271 0.956043 -0.411760
49.295000 -1.997341 0.986077 -0.411797
49.300000 -1.992261 1.016037 -0.411835
49.305000 -1.987031 1.045921 -0.411872
49.310000 -1.981652 1.075726 -0.411908
49.315000 -1.976125 1.105451 -0.411944
49.320000 -1.970450 1.135093 -0.411980
49.325000 -1.964626 1.164649 -0.412015
49.330000 -1.958656 1.194119 -0.412049
49.335000 -1.952538 1.223499 -0.412083
49.340000 -1.946274 1.252787 -0.412117
49.345000 -1.939864 1.281981 -0.412150
49.350000 -1.933309 1.311079 -0.412183
49.355000 -1.926609 1.340078 -0.412215
49.360000 -1.919764 1.368978 -0.412246
49.365000 -1.912775 1.397774 -0.412277
49.370000 -1.905643 1.426466 -0.412308
49.375000 -1.898367 1.455050 -0.412338
49.380000 -1.890950 1.483526 -0.412367
49.385000 -1.883390 1.511890 -0.412396
49.390000 -1.875690 1.540141 -0.412424
49.395000 -1.867848 1.568276 -0.412452
49.400000 -1.859867 1.596294 -0.412479
49.405000 -1.851746 1.624192 -0.412505
49.410000 -1.843486 1.651968 -0.412531
49.415000 -1.835088 1.679620 -0.412556
49.420000 -1.826552 1.707147 -0.412581
49.425000 -1.817879 1.734545 -0.412604
49.430000 -1.809070 1.761813 -0.412628
49.435000 -1.800125 1.788949 -0.412650
49.440000 -1.791046 1.815951 -0.412672
49.445000 -1.781832 1.842817 -0.412693
49.450000 -1.772484 1.869544 -0.412714
49.455000 -1.763003 1.896132 -0.412734
49.460000 -1.753390 1.922577 -0.412753
49.465000 -1.743646 1.948878 -0.412771
49.470000 -1.733771 1.975032 -0.412789
49.475000 -1.723766 2.001039 -0.412806
49.480000 -1.713631 2.026895 -0.412823
49.485000 -1.703368 2.052600 -0.412838
49.490000 -1.692977 2.078150 -0.412853
49.495000 -1.682460 2.103545 -0.412868
49.500000 -1.671816 2.128782 -0.412881
49.505000 -1.661046 2.153859 -0.412894
49.510000 -1.650153 2.178775 -0.412906
49.515000 -1.639135 2.203527 -0.412917
49.520000 -1.627994 2.228114 -0.412928
49.525000 -1.616732 2.252534 -0.412938
49.530000 -1.605348 2.276785 -0.412947
49.535000 -1.593843 2.300865 -0.412955
49.540000 -1.582220 2.324773 -0.412962
49.545000 -1.570477 2.348506 -0.412969
49.550000 -1.558617 2.372063 -0.412975
49.555000 -1.546640 2.395443 -0.412981
49.560000 -1.534546 2.418642 -0.412985
49.565000 -1.522338 2.441660 -0.412989
49.570000 -1.510016 2.464495 -0.412992
49.575000 -1.497580 2.487146 -0.412994
49.580000 -1.485032 2.509609 -0.412996
49.585000 -1.472372 2.531885 -0.412996
49.590000 -1.459603 2.553970 -0.412996
49.595000 -1.446723 2.575864 -0.412995
49.600000 -1.433735 2.597565 -0.412994
49.605000 -1.420640 2.619071 -0.412991
49.610000 -1.407438 2.640381 -0.412988
49.615000 -1.394131 2.661492 -0.412984
49.620000 -1.380719 2.682404 -0.412980
49.625000 -1.367203 2.703115 -0.412974
49.630000 -1.353585 2.723623 -0.412968
49.635000 -1.339865 2.743927 -0.412961
49.640000 -1.326045 2.764025 -0.412954
49.645000 -1.312126 2.783916 -0.412945
49.650000 -1.298108 2.803598 -0.412936
49.655000 -1.283992 2.823069 -0.412926
49.660000 -1.269781 2.842329 -0.412915
49.665000 -1.255474 2.861376 -0.412904
49.670000 -1.241073 2.880208 -0.412892
49.675000 -1.226579 2.898824 -0.412879
49.680000 -1.211992 2.917223 -0.412865
49.685000 -1.197315 2.935403 -0.412851
49.690000 -1.182549 2.953362 -0.412836
49.695000 -1.167693 2.971100 -0.412820
49.700000 -1.152750 2.988616 -0.412803
49.705000 -1.137721 3.005907 -0.412786
49.710000 -1.122606 3.022973 -0.412768
49.715000 -1.107407 3.039812 -0.412750
49.720000 -1.092124 3.056423 -0.412730
49.725000 -1.076760 3.072805 -0.412710
49.730000 -1.061316 3.088956 -0.412690
49.735000 -1.045791 3.104876 -0.412668
49.740000 -1.030188 3.120563 -0.412646
49.745000 -1.014508 3.136016 -0.412624
49.750000 -0.998752 3.151233 -0.412600
49.755000 -0.982921 3.166215 -0.412576
49.760000 -0.967016 3.180959 -0.412552
49.765000 -0.951039 3.195464 -0.412527
49.770000 -0.934990 3.209729 -0.412501
49.775000 -0.918872 3.223754 -0.412474
49.780000 -0.902684 3.237537 -0.412447
49.785000 -0.886429 3.251078 -0.412419
49.790000 -0.870107 3.264374 -0.412391
49.795000 -0.853720 3.277426 -0.412362
49.800000 -0.837268 3.290231 -0.412333
49.805000 -0.820754 3.302790 -0.412303
49.810000 -0.804179 3.315102 -0.412272
49.815000 -0.787543 3.327164 -0.412241
49.820000 -0.770848 3.338978 -0.412209
49.825000 -0.754096 3.350540 -0.412177
49.830000 -0.737286 3.361852 -0.412145
49.835000 -0.720422 3.372911 -0.412111
49.840000 -0.703503 3.383717 -0.412078
49.845000 -0.686532 3.394270 -0.412043
49.850000 -0.669509 3.404568 -0.412009
49.855000 -0.652436 3.414611 -0.411974
49.860000 -0.635314 3.424397 -0.411938
49.865000 -0.618144 3.433927 -0.411902
49.870000 -0.600928 3.443199 -0.411865
49.875000 -0.583667 3.452213 -0.411828
49.880000 -0.566362 3.460968 -0.411791
49.885000 -0.549015 3.469463 -0.411753
49.890000 -0.531627 3.477699 -0.411715
49.895000 -0.514198 3.485673 -0.411677
49.900000 -0.496731 3.493386 -0.411638
49.905000 -0.479227 3.500837 -0.411598
49.910000 -0.461687 3.508025 -0.411559
49.915000 -0.444112 3.514951 -0.411519
49.920000 -0.426504 3.521612 -0.411479
49.925000 -0.408864 3.528010 -0.411438
49.930000 -0.391193 3.534143 -0.411397
49.935000 -0.373493 3.540011 -0.411356
49.940000 -0.355765 3.545613 -0.411315
49.945000 -0.338011 3.550950 -0.411273
49.950000 -0.320230 3.556020 -0.411231
49.955000 -0.302426 3.560823 -0.411189
49.960000 -0.284600 3.565360 -0.411146
49.965000 -0.266751 3.569629 -0.411104
49.970000 -0.248883 3.573630 -0.411061
49.975000 -0.230996 3.577363 -0.411018
49.980000 -0.213092 3.580828 -0.410975
49.985000 -0.195172 3.584024 -0.410931
49.990000 -0.177237 3.586952 -0.410888
49.995000 -0.159289 3.589611 -0.410844
50.000000 -0.141329 3.592000 -0.410801
50.005000 -0.123359 3.594120 -0.410757
50.010000 -0.105379 3.595970 -0.410713
50.015000 -0.087391 3.597551 -0.410669
50.020000 -0.069397 3.598862 -0.410625
50.025000 -0.051397 3.599903 -0.410581
50.030000 -0.033394 3.600674 -0.410537
50.035000 -0.015388 3.601175 -0.410492
50.040000 0.002619 3.601405 -0.410448
50.045000 0.020626 3.601366 -0.410404
50.050000 0.038631 3.601057 -0.410360
50.055000 0.056633 3.600477 -0.410316
50.060000 0.074632 3.599628 -0.410271
50.065000 0.092624 3.598508 -0.410227
50.070000 0.110610 3.597119 -0.410183
50.075000 0.128587 3.595460 -0.410139
50.080000 0.146555 3.593531 -0.410095
50.085000 0.164511 3.591333 -0.410052
50.090000 0.182456 3.588865 -0.410008
50.095000 0.200386 3.586128 -0.409965
50.100000 0.218302 3.583122 -0.409921
50.105000 0.236201 3.579848 -0.409878
50.110000 0.254083 3.576305 -0.409835
50.115000 0.271945 3.572494 -0.409792
50.120000 0.289787 3.568414 -0.409749
50.125000 0.307608 3.564068 -0.409707
50.130000 0.325405 3.559453 -0.409665
50.135000 0.343178 3.554572 -0.409623
50.140000 0.360925 3.549425 -0.409581
50.145000 0.378645 3.544011 -0.409540
50.150000 0.396337 3.538331 -0.409498
50.155000 0.413998 3.532386 -0.409457
50.160000 0.431629 3.526176 -0.409417
50.165000 0.449228 3.519702 -0.409376
50.170000 0.466793 3.512963 -0.409336
50.175000 0.484322 3.505961 -0.409297
50.180000 0.501816 3.498697 -0.409257
50.185000 0.519272 3.491169 -0.409219
50.190000 0.536689 3.483380 -0.409180
50.195000 0.554065 3.475330 -0.409142
50.200000 0.571400 3.467019 -0.409104
50.205000 0.588693 3.458448 -0.409066
50.210000 0.605941 3.449618 -0.409029
50.215000 0.623143 3.440528 -0.408993
50.220000 0.640299 3.431181 -0.408957
50.225000 0.657407 3.421577 -0.408921
50.230000 0.674466 3.411716 -0.408886
50.235000 0.691474 3.401599 -0.408851
50.240000 0.708430 3.391227 -0.408817
50.245000 0.725333 3.380600 -0.408783
50.250000 0.742182 3.369720 -0.408749
50.255000 0.758974 3.358587 -0.408717
50.260000 0.775710 3.347203 -0.408684
50.265000 0.792388 3.335567 -0.408652
50.270000 0.809007 3.323681 -0.408621
50.275000 0.825564 3.311546 -0.408591
50.280000 0.842060 3.299163 -0.408560
50.285000 0.858493 3.286532 -0.408531
50.290000 0.874861 3.273654 -0.408502
50.295000 0.891164 3.260532 -0.408473
50.300000 0.907400 3.247164 -0.408446
50.305000 0.923567 3.233553 -0.408418
50.310000 0.939666 3.219700 -0.408392
50.315000 0.955694 3.205605 -0.408366
50.320000 0.971650 3.191269 -0.408340
50.325000 0.987534 3.176694 -0.408316
50.330000 1.003343 3.161881 -0.408292
50.335000 1.019077 3.146831 -0.408268
50.340000 1.034735 3.131545 -0.408245
50.345000 1.050315 3.116024 -0.408223
50.350000 1.065817 3.100269 -0.408202
50.355000 1.081238 3.084282 -0.408181
50.360000 1.096578 3.068064 -0.408161
50.365000 1.111836 3.051615 -0.408141
50.370000 1.127011 3.034937 -0.408122
50.375000 1.142101 3.018032 -0.408104
50.380000 1.157106 3.000901 -0.408087
50.385000 1.172023 2.983544 -0.408070
50.390000 1.186853 2.965964 -0.408054
50.395000 1.201594 2.948161 -0.408039
50.400000 1.216245 2.930137 -0.408025
50.405000 1.230804 2.911893 -0.408011
50.410000 1.245271 2.893431 -0.407998
50.415000 1.259645 2.874752 -0.407986
50.420000 1.273924 2.855858 -0.407974
50.425000 1.288108 2.836749 -0.407963
50.430000 1.302195 2.817427 -0.407953
50.435000 1.316185 2.797894 -0.407944
50.440000 1.330075 2.778151 -0.407935
50.445000 1.343867 2.758200 -0.407927
50.450000 1.357557 2.738042 -0.407920
50.455000 1.371145 2.717679 -0.407914
50.460000 1.384631 2.697112 -0.407908
50.465000 1.398012 2.676342 -0.407903
50.470000 1.411289 2.655372 -0.407899
50.475000 1.424460 2.634203 -0.407896
50.480000 1.437524 2.612836 -0.407894
50.485000 1.450481 2.591273 -0.407892
50.490000 1.463328 2.569516 -0.407891
50.495000 1.476066 2.547566 -0.407891
50.500000 1.488693 2.525425 -0.407891
50.505000 1.501209 2.503094 -0.407892
50.510000 1.513612 2.480576 -0.407895
50.515000 1.525901 2.457872 -0.407897
50.520000 1.538076 2.434984 -0.407901
50.525000 1.550136 2.411912 -0.407905
50.530000 1.562079 2.388660 -0.407910
50.535000 1.573905 2.365229 -0.407916
50.540000 1.585613 2.341621 -0.407923
50.545000 1.597202 2.317836 -0.407930
50.550000 1.608672 2.293878 -0.407939
50.555000 1.620020 2.269748 -0.407947
50.560000 1.631248 2.245448 -0.407957
50.565000 1.642353 2.220979 -0.407968
50.570000 1.653334 2.196344 -0.407979
50.575000 1.664192 2.171544 -0.407991
50.580000 1.674925 2.146581 -0.408003
50.585000 1.685532 2.121457 -0.408017
50.590000 1.696013 2.096174 -0.408031
50.595000 1.706367 2.070734 -0.408045
50.600000 1.716592 2.045139 -0.408061
50.605000 1.726689 2.019390 -0.408077
50.610000 1.736657 1.993489 -0.408094
50.615000 1.746494 1.967439 -0.408112
50.620000 1.756200 1.941242 -0.408130
50.625000 1.765775 1.914899 -0.408149
50.630000 1.775217 1.888412 -0.408169
50.635000 1.784526 1.861784 -0.408189
50.640000 1.793701 1.835016 -0.408210
50.645000 1.802741 1.808111 -0.408232
50.650000 1.811647 1.781070 -0.408255
50.655000 1.820416 1.753895 -0.408278
50.660000 1.829049 1.726589 -0.408301
50.665000 1.837545 1.699153 -0.408326
50.670000 1.845903 1.671590 -0.408351
50.675000 1.854122 1.643901 -0.408376
50.680000 1.862203 1.616089 -0.408403
50.685000 1.870144 1.588156 -0.408429
50.690000 1.877944 1.560104 -0.408457
50.695000 1.885604 1.531935 -0.408485
50.700000 1.893122 1.503651 -0.408514
50.705000 1.900498 1.475254 -0.408543
50.710000 1.907732 1.446747 -0.408573
50.715000 1.914823 1.418131 -0.408603
50.720000 1.921770 1.389408 -0.408634
50.725000 1.928573 1.360582 -0.408665
50.730000 1.935231 1.331653 -0.408697
50.735000 1.941744 1.302625 -0.408730
50.740000 1.948111 1.273499 -0.408763
50.745000 1.954333 1.244277 -0.408797
50.750000 1.960408 1.214962 -0.408831
50.755000 1.966335 1.185556 -0.408865
50.760000 1.972116 1.156061 -0.408900
50.765000 1.977748 1.126479 -0.408936
50.770000 1.983232 1.096813 -0.408971
50.775000 1.988568 1.067064 -0.409008
50.780000 1.993754 1.037236 -0.409045
50.785000 1.998790 1.007330 -0.409082
50.790000 2.003677 0.977348 -0.409119
50.795000 2.008414 0.947293 -0.409157
50.800000 2.012999 0.917166 -0.409196
50.805000 2.017434 0.886971 -0.409234
50.810000 2.021718 0.856710 -0.409274
50.815000 2.025850 0.826384 -0.409313
50.820000 2.029830 0.795996 -0.409353
50.825000 2.033657 0.765549 -0.409393
50.830000 2.037333 0.735044 -0.409434
50.835000 2.040855 0.704484 -0.409474
50.840000 2.044224 0.673871 -0.409515
50.845000 2.047440 0.643208 -0.409557
50.850000 2.050503 0.612496 -0.409598
50.855000 2.053412 0.581739 -0.409640
50.860000 2.056166 0.550938 -0.409682
50.865000 2.058767 0.520095 -0.409724
50.870000 2.061213 0.489214 -0.409767
50.875000 2.063504 0.458295 -0.409810
50.880000 2.065641 0.427343 -0.409853
50.885000 2.067623 0.396358 -0.409896
50.890000 2.069450 0.365344 -0.409939
50.895000 2.071121 0.334302 -0.409982
50.900000 2.072637 0.303235 -0.410026
50.905000 2.073998 0.272146 -0.410070
50.910000 2.075203 0.241036 -0.410114
50.915000 2.076253 0.209908 -0.410157
50.920000 2.077147 0.178764 -0.410201
50.925000 2.077885 0.147607 -0.410245
50.930000 2.078467 0.116438 -0.410290
50.935000 2.078893 0.085261 -0.410334
50.940000 2.079163 0.054078 -0.410378
50.945000 2.079278 0.022891 -0.410422
50.950000 2.079236 -0.008299 -0.410466
50.955000 2.079039 -0.039487 -0.410511
50.960000 2.078686 -0.070673 -0.410555
50.965000 2.078176 -0.101853 -0.410599
50.970000 2.077511 -0.133026 -0.410643
50.975000 2.076690 -0.164188 -0.410687
50.980000 2.075714 -0.195339 -0.410731
50.985000 2.074581 -0.226474 -0.410775
50.990000 2.073293 -0.257593 -0.410819
50.995000 2.071850 -0.288692 -0.410862
51.000000 2.070251 -0.319770 -0.410906
51.005000 2.068497 -0.350824 -0.410949
51.010000 2.066588 -0.381851 -0.410993
51.015000 2.064523 -0.412850 -0.411036
51.020000 2.062304 -0.443818 -0.411079
51.025000 2.059930 -0.474753 -0.411121
51.030000 2.057402 -0.505652 -0.411164
51.035000 2.054720 -0.536513 -0.411206
51.040000 2.051883 -0.567333 -0.411248
51.045000 2.048892 -0.598112 -0.411290
51.050000 2.045748 -0.628845 -0.411332
51.055000 2.042451 -0.659531 -0.411373
51.060000 2.039000 -0.690168 -0.411414
51.065000 2.035396 -0.720753 -0.411455
51.070000 2.031640 -0.751284 -0.411495
51.075000 2.027731 -0.781759 -0.411535
51.080000 2.023670 -0.812175 -0.411575
51.085000 2.019457 -0.842530 -0.411615
51.090000 2.015093 -0.872821 -0.411654
51.095000 2.010578 -0.903048 -0.411692
51.100000 2.005912 -0.933207 -0.411731
51.105000 2.001095 -0.963295 -0.411769
51.110000 1.996129 -0.993312 -0.411806
51.115000 1.991013 -1.023254 -0.411844
51.120000 1.985747 -1.053119 -0.411880
51.125000 1.980332 -1.082905 -0.411917
51.130000 1.974769 -1.112610 -0.411953
51.135000 1.969058 -1.142231 -0.411988
51.140000 1.963199 -1.171767 -0.412023
51.145000 1.957193 -1.201215 -0.412058
51.150000 1.951040 -1.230573 -0.412092
51.155000 1.944741 -1.259839 -0.412125
51.160000 1.938296 -1.289010 -0.412158
51.165000 1.931706 -1.318084 -0.412191
51.170000 1.924970 -1.347060 -0.412223
51.175000 1.918091 -1.375935 -0.412254
51.180000 1.911067 -1.404706 -0.412285
51.185000 1.903900 -1.433372 -0.412315
51.190000 1.896591 -1.461930 -0.412345
51.195000 1.889139 -1.490379 -0.412374
51.200000 1.881545 -1.518716 -0.412403
51.205000 1.873811 -1.546940 -0.412431
51.210000 1.865935 -1.575047 -0.412458
51.215000 1.857920 -1.603036 -0.412485
51.220000 1.849766 -1.630905 -0.412511
51.225000 1.841472 -1.658651 -0.412537
51.230000 1.833041 -1.686273 -0.412562
51.235000 1.824472 -1.713769 -0.412586
51.240000 1.815766 -1.741136 -0.412610
51.245000 1.806925 -1.768372 -0.412633
51.250000 1.797947 -1.795476 -0.412656
51.255000 1.788835 -1.822445 -0.412677
51.260000 1.779589 -1.849278 -0.412698
51.265000 1.770209 -1.875972 -0.412719
51.270000 1.760696 -1.902525 -0.412738
51.275000 1.751051 -1.928935 -0.412757
51.280000 1.741275 -1.955201 -0.412776
51.285000 1.731369 -1.981320 -0.412793
51.290000 1.721332 -2.007291 -0.412810
51.295000 1.711167 -2.033111 -0.412827
51.300000 1.700873 -2.058778 -0.412842
51.305000 1.690451 -2.084291 -0.412857
51.310000 1.679903 -2.109648 -0.412871
51.315000 1.669229 -2.134847 -0.412884
51.320000 1.658430 -2.159885 -0.412897
51.325000 1.647506 -2.184762 -0.412909
51.330000 1.636458 -2.209474 -0.412920
51.335000 1.625288 -2.234021 -0.412930
51.340000 1.613996 -2.258400 -0.412940
51.345000 1.602583 -2.282610 -0.412949
51.350000 1.591050 -2.306649 -0.412957
51.355000 1.579397 -2.330515 -0.412964
51.360000 1.567626 -2.354206 -0.412971
51.365000 1.555738 -2.377720 -0.412977
51.370000 1.543733 -2.401056 -0.412982
51.375000 1.531611 -2.424212 -0.412986
51.380000 1.519376 -2.447186 -0.412990
51.385000 1.507026 -2.469977 -0.412992
51.390000 1.494563 -2.492582 -0.412995
51.395000 1.481988 -2.515001 -0.412996
51.400000 1.469302 -2.537231 -0.412996
51.405000 1.456505 -2.559270 -0.412996
51.410000 1.443600 -2.581118 -0.412995
51.415000 1.430586 -2.602772 -0.412993
51.420000 1.417465 -2.624231 -0.412991
51.425000 1.404237 -2.645492 -0.412987
51.430000 1.390904 -2.666556 -0.412983
51.435000 1.377467 -2.687420 -0.412979
51.440000 1.363927 -2.708082 -0.412973
51.445000 1.350284 -2.728541 -0.412967
51.450000 1.336540 -2.748795 -0.412959
51.455000 1.322696 -2.768843 -0.412952
51.460000 1.308753 -2.788683 -0.412943
51.465000 1.294711 -2.808315 -0.412934
51.470000 1.280572 -2.827735 -0.412923
51.475000 1.266338 -2.846944 -0.412913
51.480000 1.252008 -2.865939 -0.412901
51.485000 1.237584 -2.884719 -0.412889
51.490000 1.223068 -2.903283 -0.412876
51.495000 1.208460 -2.921629 -0.412862
51.500000 1.193761 -2.939756 -0.412847
51.505000 1.178973 -2.957662 -0.412832
51.510000 1.164096 -2.975347 -0.412816
51.515000 1.149132 -2.992808 -0.412799
51.520000 1.134082 -3.010045 -0.412782
51.525000 1.118946 -3.027056 -0.412764
51.530000 1.103727 -3.043841 -0.412745
51.535000 1.088425 -3.060396 -0.412726
51.540000 1.073042 -3.076723 -0.412706
51.545000 1.057577 -3.092818 -0.412685
51.550000 1.042034 -3.108682 -0.412663
51.555000 1.026413 -3.124313 -0.412641
51.560000 1.010714 -3.139709 -0.412618
51.565000 0.994940 -3.154870 -0.412595
51.570000 0.979091 -3.169794 -0.412571
51.575000 0.963168 -3.184480 -0.412546
51.580000 0.947174 -3.198928 -0.412520
51.585000 0.931108 -3.213135 -0.412494
51.590000 0.914972 -3.227102 -0.412468
51.595000 0.898768 -3.240826 -0.412441
51.600000 0.882497 -3.254308 -0.412413
51.605000 0.866159 -3.267545 -0.412384
51.610000 0.849756 -3.280538 -0.412355
51.615000 0.833290 -3.293284 -0.412326
51.620000 0.816761 -3.305783 -0.412295
51.625000 0.800171 -3.318035 -0.412265
51.630000 0.783521 -3.330037 -0.412234
51.635000 0.766812 -3.341790 -0.412202
51.640000 0.750045 -3.353292 -0.412169
51.645000 0.733223 -3.364543 -0.412137
51.650000 0.716345 -3.375541 -0.412103
51.655000 0.699413 -3.386287 -0.412069
51.660000 0.682430 -3.396778 -0.412035
51.665000 0.665394 -3.407014 -0.412000
51.670000 0.648309 -3.416995 -0.411965
51.675000 0.631176 -3.426720 -0.411929
51.680000 0.613995 -3.436187 -0.411893
51.685000 0.596768 -3.445397 -0.411856
51.690000 0.579496 -3.454349 -0.411819
51.695000 0.562181 -3.463041 -0.411782
51.700000 0.544824 -3.471474 -0.411744
51.705000 0.527425 -3.479646 -0.411706
51.710000 0.509988 -3.487558 -0.411667
51.715000 0.492512 -3.495208 -0.411628
51.720000 0.474999 -3.502595 -0.411589
51.725000 0.457450 -3.509720 -0.411549
51.730000 0.439867 -3.516582 -0.411509
51.735000 0.422251 -3.523180 -0.411469
51.740000 0.404604 -3.529514 -0.411428
51.745000 0.386926 -3.535583 -0.411387
51.750000 0.369219 -3.541387 -0.411346
51.755000 0.351484 -3.546925 -0.411305
51.760000 0.333723 -3.552197 -0.411263
51.765000 0.315937 -3.557203 -0.411221
51.770000 0.298127 -3.561942 -0.411179
51.775000 0.280295 -3.566414 -0.411136
51.780000 0.262442 -3.570618 -0.411093
51.785000 0.244569 -3.574555 -0.411051
51.790000 0.226678 -3.578224 -0.411008
51.795000 0.208770 -3.581624 -0.410964
51.800000 0.190846 -3.584755 -0.410921
51.805000 0.172908 -3.587618 -0.410877
51.810000 0.154957 -3.590212 -0.410834
51.815000 0.136995 -3.592536 -0.410790
51.820000 0.119022 -3.594591 -0.410746
51.825000 0.101040 -3.596376 -0.410702
51.830000 0.083050 -3.597892 -0.410658
51.835000 0.065055 -3.599138 -0.410614
51.840000 0.047054 -3.600113 -0.410570
51.845000 0.029050 -3.600819 -0.410526
51.850000 0.011044 -3.601255 -0.410482
51.855000 -0.006963 -3.601421 -0.410437
51.860000 -0.024970 -3.601316 -0.410393
51.865000 -0.042975 -3.600942 -0.410349
51.870000 -0.060976 -3.600297 -0.410305
51.875000 -0.078973 -3.599382 -0.410261
51.880000 -0.096964 -3.598198 -0.410217
51.885000 -0.114948 -3.596743 -0.410173
51.890000 -0.132923 -3.595019 -0.410129
51.895000 -0.150888 -3.593025 -0.410085
51.900000 -0.168842 -3.590762 -0.410041
51.905000 -0.186783 -3.588229 -0.409998
51.910000 -0.204710 -3.585428 -0.409954
51.915000 -0.222622 -3.582357 -0.409911
51.920000 -0.240517 -3.579018 -0.409868
51.925000 -0.258394 -3.575410 -0.409825
51.930000 -0.276252 -3.571534 -0.409782
51.935000 -0.294089 -3.567390 -0.409739
51.940000 -0.311904 -3.562979 -0.409697
51.945000 -0.329695 -3.558300 -0.409655
51.950000 -0.347462 -3.553355 -0.409613
51.955000 -0.365203 -3.548143 -0.409571
51.960000 -0.382916 -3.542665 -0.409530
51.965000 -0.400600 -3.536921 -0.409488
51.970000 -0.418255 -3.530912 -0.409448
51.975000 -0.435878 -3.524638 -0.409407
51.980000 -0.453469 -3.518100 -0.409367
51.985000 -0.471025 -3.511298 -0.409327
51.990000 -0.488546 -3.504233 -0.409287
51.995000 -0.506031 -3.496905 -0.409248
52.000000 -0.523477 -3.489314 -0.409209
52.005000 -0.540885 -3.481462 -0.409171
52.010000 -0.558252 -3.473349 -0.409132
52.015000 -0.575576 -3.464975 -0.409095
52.020000 -0.592858 -3.456341 -0.409057
52.025000 -0.610095 -3.447448 -0.409020
52.030000 -0.627287 -3.438297 -0.408984
52.035000 -0.644431 -3.428888 -0.408948
52.040000 -0.661527 -3.419221 -0.408912
52.045000 -0.678574 -3.409298 -0.408877
52.050000 -0.695569 -3.399120 -0.408843
52.055000 -0.712513 -3.388686 -0.408808
52.060000 -0.729403 -3.377998 -0.408775
52.065000 -0.746238 -3.367057 -0.408741
52.070000 -0.763017 -3.355864 -0.408709
52.075000 -0.779740 -3.344419 -0.408677
52.080000 -0.796403 -3.332722 -0.408645
52.085000 -0.813007 -3.320776 -0.408614
52.090000 -0.829550 -3.308581 -0.408583
52.095000 -0.846031 -3.296138 -0.408553
52.100000 -0.862448 -3.283448 -0.408524
52.105000 -0.878800 -3.270511 -0.408495
52.110000 -0.895087 -3.257329 -0.408467
52.115000 -0.911307 -3.243903 -0.408439
52.120000 -0.927458 -3.230233 -0.408412
52.125000 -0.943539 -3.216321 -0.408385
52.130000 -0.959550 -3.202168 -0.408360
52.135000 -0.975489 -3.187775 -0.408334
52.140000 -0.991355 -3.173142 -0.408310
52.145000 -1.007146 -3.158272 -0.408286
52.150000 -1.022862 -3.143165 -0.408262
52.155000 -1.038501 -3.127822 -0.408240
52.160000 -1.054062 -3.112244 -0.408218
52.165000 -1.069544 -3.096433 -0.408197
52.170000 -1.084946 -3.080390 -0.408176
52.175000 -1.100267 -3.064116 -0.408156
52.180000 -1.115505 -3.047612 -0.408137
52.185000 -1.130659 -3.030880 -0.408118
52.190000 -1.145729 -3.013920 -0.408100
52.195000 -1.160713 -2.996734 -0.408083
52.200000 -1.175609 -2.979323 -0.408066
52.205000 -1.190418 -2.961689 -0.408051
52.210000 -1.205137 -2.943833 -0.408036
52.215000 -1.219766 -2.925756 -0.408021
52.220000 -1.234303 -2.907459 -0.408008
52.225000 -1.248748 -2.888945 -0.407995
52.230000 -1.263099 -2.870213 -0.407983
52.235000 -1.277355 -2.851267 -0.407971
52.240000 -1.291516 -2.832107 -0.407961
52.245000 -1.305579 -2.812734 -0.407951
52.250000 -1.319545 -2.793150 -0.407942
52.255000 -1.333412 -2.773357 -0.407933
52.260000 -1.347179 -2.753356 -0.407926
52.265000 -1.360844 -2.733148 -0.407919
52.270000 -1.374408 -2.712735 -0.407912
52.275000 -1.387869 -2.692119 -0.407907
52.280000 -1.401225 -2.671301 -0.407902
52.285000 -1.414477 -2.650283 -0.407899
52.290000 -1.427622 -2.629066 -0.407895
52.295000 -1.440660 -2.607651 -0.407893
52.300000 -1.453590 -2.586041 -0.407892
52.305000 -1.466412 -2.564238 -0.407891
52.310000 -1.479123 -2.542241 -0.407891
52.315000 -1.491723 -2.520055 -0.407891
52.320000 -1.504211 -2.497679 -0.407893
52.325000 -1.516587 -2.475116 -0.407895
52.330000 -1.528849 -2.452367 -0.407898
52.335000 -1.540996 -2.429434 -0.407902
52.340000 -1.553028 -2.406319 -0.407907
52.345000 -1.564943 -2.383024 -0.407912
52.350000 -1.576741 -2.359550 -0.407918
52.355000 -1.588420 -2.335898 -0.407925
52.360000 -1.599980 -2.312072 -0.407932
52.365000 -1.611421 -2.288072 -0.407941
52.370000 -1.622740 -2.263901 -0.407950
52.375000 -1.633938 -2.239560 -0.407960
52.380000 -1.645013 -2.215051 -0.407970
52.385000 -1.655965 -2.190376 -0.407981
52.390000 -1.666793 -2.165536 -0.407994
52.395000 -1.677496 -2.140534 -0.408006
52.400000 -1.688072 -2.115372 -0.408020
52.405000 -1.698523 -2.090051 -0.408034
52.410000 -1.708845 -2.064573 -0.408049
52.415000 -1.719040 -2.038940 -0.408065
52.420000 -1.729106 -2.013155 -0.408081
52.425000 -1.739042 -1.987218 -0.408098
52.430000 -1.748848 -1.961133 -0.408116
52.435000 -1.758522 -1.934900 -0.408135
52.440000 -1.768065 -1.908522 -0.408154
52.445000 -1.777475 -1.882001 -0.408174
52.450000 -1.786752 -1.855339 -0.408194
52.455000 -1.795894 -1.828538 -0.408216
52.460000 -1.804902 -1.801599 -0.408237
52.465000 -1.813775 -1.774526 -0.408260
52.470000 -1.822511 -1.747319 -0.408283
52.475000 -1.831111 -1.719981 -0.408307
52.480000 -1.839574 -1.692515 -0.408332
52.485000 -1.847899 -1.664921 -0.408357
52.490000 -1.856085 -1.637203 -0.408383
52.495000 -1.864131 -1.609361 -0.408409
52.500000 -1.872038 -1.581399 -0.408436
52.505000 -1.879805 -1.553319 -0.408464
52.510000 -1.887431 -1.525122 -0.408492
52.515000 -1.894915 -1.496810 -0.408521
52.520000 -1.902257 -1.468387 -0.408550
52.525000 -1.909456 -1.439853 -0.408580
52.530000 -1.916512 -1.411211 -0.408610
52.535000 -1.923424 -1.382463 -0.408642
52.540000 -1.930192 -1.353612 -0.408673
52.545000 -1.936816 -1.324659 -0.408705
52.550000 -1.943294 -1.295607 -0.408738
52.555000 -1.949626 -1.266457 -0.408771
52.560000 -1.955812 -1.237213 -0.408805
52.565000 -1.961851 -1.207876 -0.408839
52.570000 -1.967744 -1.178448 -0.408873
52.575000 -1.973488 -1.148932 -0.408909
52.580000 -1.979085 -1.119329 -0.408944
52.585000 -1.984533 -1.089643 -0.408980
52.590000 -1.989832 -1.059875 -0.409017
52.595000 -1.994983 -1.030028 -0.409053
52.600000 -1.999983 -1.000103 -0.409091
52.605000 -2.004834 -0.970103 -0.409128
52.610000 -2.009534 -0.940031 -0.409167
52.615000 -2.014083 -0.909888 -0.409205
52.620000 -2.018482 -0.879676 -0.409244
52.625000 -2.022729 -0.849399 -0.409283
52.630000 -2.026824 -0.819058 -0.409323
52.635000 -2.030767 -0.788656 -0.409363
52.640000 -2.034558 -0.758194 -0.409403
52.645000 -2.038196 -0.727676 -0.409443
52.650000 -2.041682 -0.697103 -0.409484
52.655000 -2.045014 -0.666478 -0.409525
52.660000 -2.048193 -0.635803 -0.409567
52.665000 -2.051219 -0.605080 -0.409608
52.670000 -2.054090 -0.574312 -0.409650
52.675000 -2.056808 -0.543500 -0.409692
52.680000 -2.059371 -0.512648 -0.409735
52.685000 -2.061780 -0.481757 -0.409777
52.690000 -2.064034 -0.450831 -0.409820
52.695000 -2.066133 -0.419870 -0.409863
52.700000 -2.068078 -0.388878 -0.409906
52.705000 -2.069867 -0.357857 -0.409950
52.710000 -2.071501 -0.326809 -0.409993
52.715000 -2.072980 -0.295737 -0.410037
52.720000 -2.074303 -0.264642 -0.410080
52.725000 -2.075471 -0.233527 -0.410124
52.730000 -2.076483 -0.202395 -0.410168
52.735000 -2.077339 -0.171248 -0.410212
52.740000 -2.078039 -0.140088 -0.410256
52.745000 -2.078584 -0.108917 -0.410300
52.750000 -2.078973 -0.077739 -0.410344
52.755000 -2.079205 -0.046554 -0.410389
52.760000 -2.079282 -0.015366 -0.410433
52.765000 -2.079203 0.015823 -0.410477
52.770000 -2.078968 0.047011 -0.410521
52.775000 -2.078577 0.078196 -0.410565
52.780000 -2.078030 0.109375 -0.410610
52.785000 -2.077327 0.140545 -0.410654
52.790000 -2.076469 0.171705 -0.410698
52.795000 -2.075455 0.202852 -0.410742
52.800000 -2.074285 0.233984 -0.410785
52.805000 -2.072959 0.265098 -0.410829
52.810000 -2.071478 0.296192 -0.410873
52.815000 -2.069842 0.327265 -0.410916
52.820000 -2.068050 0.358312 -0.410960
52.825000 -2.066104 0.389333 -0.411003
52.830000 -2.064002 0.420325 -0.411046
52.835000 -2.061746 0.451285 -0.411089
52.840000 -2.059335 0.482211 -0.411132
52.845000 -2.056769 0.513101 -0.411174
52.850000 -2.054049 0.543952 -0.411216
52.855000 -2.051176 0.574763 -0.411258
52.860000 -2.048148 0.605531 -0.411300
52.865000 -2.044967 0.636253 -0.411342
52.870000 -2.041632 0.666927 -0.411383
52.875000 -2.038144 0.697552 -0.411424
52.880000 -2.034504 0.728124 -0.411465
52.885000 -2.030710 0.758642 -0.411505
52.890000 -2.026765 0.789102 -0.411545
52.895000 -2.022667 0.819504 -0.411585
52.900000 -2.018418 0.849844 -0.411624
52.905000 -2.014018 0.880120 -0.411663
52.910000 -2.009466 0.910330 -0.411702
52.915000 -2.004764 0.940472 -0.411740
52.920000 -1.999911 0.970544 -0.411778
52.925000 -1.994908 1.000542 -0.411815
52.930000 -1.989756 1.030466 -0.411853
52.935000 -1.984454 1.060312 -0.411889
52.940000 -1.979004 1.090079 -0.411925
52.945000 -1.973405 1.119764 -0.411961
52.950000 -1.967658 1.149365 -0.411997
52.955000 -1.961764 1.178880 -0.412031
52.960000 -1.955722 1.208307 -0.412066
52.965000 -1.949534 1.237642 -0.412100
52.970000 -1.943200 1.266885 -0.412133
52.975000 -1.936719 1.296033 -0.412166
52.980000 -1.930094 1.325084 -0.412198
52.985000 -1.923324 1.354036 -0.412230
52.990000 -1.916409 1.382885 -0.412261
52.995000 -1.909351 1.411632 -0.412292
53.000000 -1.902150 1.440272 -0.412322
53.005000 -1.894806 1.468804 -0.412352
53.010000 -1.887320 1.497226 -0.412381
53.015000 -1.879692 1.525536 -0.412410
53.020000 -1.871923 1.553731 -0.412438
53.025000 -1.864014 1.581810 -0.412465
53.030000 -1.855966 1.609770 -0.412492
53.035000 -1.847777 1.637610 -0.412518
53.040000 -1.839451 1.665327 -0.412543
53.045000 -1.830986 1.692918 -0.412568
53.050000 -1.822384 1.720383 -0.412592
53.055000 -1.813646 1.747719 -0.412616
53.060000 -1.804771 1.774924 -0.412639
53.065000 -1.795761 1.801995 -0.412661
53.070000 -1.786616 1.828932 -0.412682
53.075000 -1.777338 1.855731 -0.412703
53.080000 -1.767926 1.882391 -0.412724
53.085000 -1.758381 1.908910 -0.412743
53.090000 -1.748705 1.935286 -0.412762
53.095000 -1.738897 1.961516 -0.412780
53.100000 -1.728959 1.987600 -0.412798
53.105000 -1.718892 2.013534 -0.412814
53.110000 -1.708695 2.039317 -0.412830
53.115000 -1.698370 2.064948 -0.412846
53.120000 -1.687918 2.090423 -0.412860
53.125000 -1.677339 2.115742 -0.412874
53.130000 -1.666635 2.140902 -0.412887
53.135000 -1.655805 2.165902 -0.412900
53.140000 -1.644852 2.190739 -0.412911
53.145000 -1.633775 2.215412 -0.412922
53.150000 -1.622575 2.239918 -0.412933
53.155000 -1.611254 2.264257 -0.412942
53.160000 -1.599812 2.288426 -0.412951
53.165000 -1.588250 2.312423 -0.412959
53.170000 -1.576568 2.336247 -0.412966
53.175000 -1.564769 2.359895 -0.412972
53.180000 -1.552852 2.383367 -0.412978
53.185000 -1.540819 2.406659 -0.412983
53.190000 -1.528670 2.429772 -0.412987
53.195000 -1.516406 2.452702 -0.412990
53.200000 -1.504029 2.475448 -0.412993
53.205000 -1.491539 2.498008 -0.412995
53.210000 -1.478937 2.520381 -0.412996
53.215000 -1.466224 2.542565 -0.412996
53.220000 -1.453402 2.564559 -0.412996
53.225000 -1.440470 2.586360 -0.412995
53.230000 -1.427430 2.607967 -0.412993
53.235000 -1.414283 2.629378 -0.412990
53.240000 -1.401030 2.650593 -0.412987
53.245000 -1.387672 2.671608 -0.412982
53.250000 -1.374210 2.692423 -0.412977
53.255000 -1.360645 2.713036 -0.412971
53.260000 -1.346978 2.733446 -0.412965
53.265000 -1.333209 2.753651 -0.412958
53.270000 -1.319341 2.773649 -0.412950
53.275000 -1.305374 2.793439 -0.412941
53.280000 -1.291309 2.813019 -0.412931
53.285000 -1.277147 2.832389 -0.412921
53.290000 -1.262889 2.851546 -0.412910
53.295000 -1.248537 2.870490 -0.412898
53.300000 -1.234091 2.889218 -0.412886
53.305000 -1.219552 2.907729 -0.412872
53.310000 -1.204922 2.926022 -0.412858
53.315000 -1.190201 2.944096 -0.412844
53.320000 -1.175392 2.961949 -0.412828
53.325000 -1.160494 2.979580 -0.412812
53.330000 -1.145509 2.996987 -0.412795
53.335000 -1.130438 3.014170 -0.412778
53.340000 -1.115282 3.031127 -0.412759
53.345000 -1.100043 3.047856 -0.412741
53.350000 -1.084721 3.064356 -0.412721
53.355000 -1.069318 3.080627 -0.412701
53.360000 -1.053835 3.096667 -0.412680
53.365000 -1.038272 3.112475 -0.412658
53.370000 -1.022632 3.128049 -0.412636
53.375000 -1.006915 3.143388 -0.412613
53.380000 -0.991123 3.158492 -0.412589
53.385000 -0.975256 3.173359 -0.412565
53.390000 -0.959316 3.187988 -0.412540
53.395000 -0.943304 3.202377 -0.412514
53.400000 -0.927221 3.216527 -0.412488
53.405000 -0.911069 3.230435 -0.412461
53.410000 -0.894849 3.244101 -0.412434
53.415000 -0.878561 3.257524 -0.412406
53.420000 -0.862208 3.270702 -0.412377
53.425000 -0.845789 3.283635 -0.412348
53.430000 -0.829308 3.296322 -0.412318
53.435000 -0.812764 3.308762 -0.412288
53.440000 -0.796159 3.320953 -0.412257
53.445000 -0.779495 3.332896 -0.412226
53.450000 -0.762772 3.344588 -0.412194
53.455000 -0.745992 3.356030 -0.412162
53.460000 -0.729156 3.367220 -0.412129
53.465000 -0.712265 3.378157 -0.412095
53.470000 -0.695321 3.388841 -0.412061
53.475000 -0.678324 3.399271 -0.412027
53.480000 -0.661277 3.409446 -0.411992
53.485000 -0.644180 3.419365 -0.411956
53.490000 -0.627035 3.429027 -0.411921
53.495000 -0.609843 3.438433 -0.411884
53.500000 -0.592605 3.447581 -0.411848
53.505000 -0.575323 3.456470 -0.411810
53.510000 -0.557997 3.465100 -0.411773
53.515000 -0.540630 3.473469 -0.411735
53.520000 -0.523222 3.481579 -0.411697
53.525000 -0.505775 3.489427 -0.411658
53.530000 -0.488290 3.497014 -0.411619
53.535000 -0.470768 3.504338 -0.411579
53.540000 -0.453211 3.511400 -0.411540
53.545000 -0.435620 3.518198 -0.411499
53.550000 -0.417996 3.524732 -0.411459
53.555000 -0.400341 3.531002 -0.411418
53.560000 -0.382656 3.537007 -0.411377
53.565000 -0.364943 3.542747 -0.411336
53.570000 -0.347201 3.548221 -0.411295
53.575000 -0.329434 3.553429 -0.411253
53.580000 -0.311642 3.558371 -0.411211
53.585000 -0.293827 3.563045 -0.411168
53.590000 -0.275990 3.567453 -0.411126
53.595000 -0.258132 3.571593 -0.411083
53.600000 -0.240255 3.575465 -0.411040
53.605000 -0.222359 3.579069 -0.410997
53.610000 -0.204447 3.582404 -0.410954
53.615000 -0.186520 3.585471 -0.410911
53.620000 -0.168579 3.588268 -0.410867
53.625000 -0.150625 3.590797 -0.410823
53.630000 -0.132659 3.593056 -0.410780
53.635000 -0.114684 3.595046 -0.410736
53.640000 -0.096700 3.596767 -0.410692
53.645000 -0.078709 3.598217 -0.410648
53.650000 -0.060712 3.599398 -0.410604
53.655000 -0.042711 3.600308 -0.410559
53.660000 -0.024706 3.600949 -0.410515
53.665000 -0.006699 3.601320 -0.410471
53.670000 0.011308 3.601420 -0.410427
53.675000 0.029314 3.601251 -0.410383
53.680000 0.047318 3.600811 -0.410338
53.685000 0.065319 3.600101 -0.410294
53.690000 0.083314 3.599121 -0.410250
53.695000 0.101304 3.597872 -0.410206
53.700000 0.119285 3.596352 -0.410162
53.705000 0.137258 3.594563 -0.410118
53.710000 0.155221 3.592504 -0.410074
53.715000 0.173172 3.590176 -0.410031
53.720000 0.191109 3.587578 -0.409987
53.725000 0.209033 3.584711 -0.409944
53.730000 0.226941 3.581576 -0.409900
53.735000 0.244832 3.578172 -0.409857
53.740000 0.262704 3.574499 -0.409814
53.745000 0.280557 3.570559 -0.409772
53.750000 0.298389 3.566350 -0.409729
53.755000 0.316198 3.561875 -0.409687
53.760000 0.333984 3.557132 -0.409645
53.765000 0.351744 3.552122 -0.409603
53.770000 0.369479 3.546846 -0.409561
53.775000 0.387185 3.541303 -0.409520
53.780000 0.404863 3.535496 -0.409479
53.785000 0.422510 3.529423 -0.409438
53.790000 0.440125 3.523085 -0.409397
53.795000 0.457708 3.516483 -0.409357
53.800000 0.475256 3.509618 -0.409317
53.805000 0.492768 3.502489 -0.409278
53.810000 0.510244 3.495097 -0.409239
53.815000 0.527681 3.487444 -0.409200
53.820000 0.545078 3.479528 -0.409161
53.825000 0.562435 3.471352 -0.409123
53.830000 0.579750 3.462916 -0.409086
53.835000 0.597021 3.454219 -0.409048
53.840000 0.614247 3.445264 -0.409012
53.845000 0.631427 3.436050 -0.408975
53.850000 0.648560 3.426579 -0.408939
53.855000 0.665645 3.416851 -0.408904
53.860000 0.682679 3.406866 -0.408869
53.865000 0.699662 3.396626 -0.408834
53.870000 0.716593 3.386131 -0.408800
53.875000 0.733470 3.375382 -0.408767
53.880000 0.750292 3.364380 -0.408733
53.885000 0.767057 3.353125 -0.408701
53.890000 0.783765 3.341620 -0.408669
53.895000 0.800415 3.329863 -0.408637
53.900000 0.817004 3.317857 -0.408606
53.905000 0.833532 3.305602 -0.408576
53.910000 0.849997 3.293099 -0.408546
53.915000 0.866399 3.280349 -0.408517
53.920000 0.882736 3.267353 -0.408488
53.925000 0.899006 3.254112 -0.408460
53.930000 0.915210 3.240627 -0.408432
53.935000 0.931344 3.226899 -0.408405
53.940000 0.947409 3.212929 -0.408379
53.945000 0.963402 3.198717 -0.408353
53.950000 0.979324 3.184266 -0.408328
53.955000 0.995171 3.169577 -0.408304
53.960000 1.010945 3.154649 -0.408280
53.965000 1.026642 3.139485 -0.408257
53.970000 1.042263 3.124085 -0.408234
53.975000 1.057805 3.108451 -0.408213
53.980000 1.073268 3.092584 -0.408191
53.985000 1.088650 3.076485 -0.408171
53.990000 1.103951 3.060155 -0.408151
53.995000 1.119169 3.043596 -0.408132
54.000000 1.134303 3.026809 -0.408114
54.005000 1.149352 3.009794 -0.408096
54.010000 1.164315 2.992554 -0.408079
54.015000 1.179190 2.975089 -0.408063
54.020000 1.193977 2.957401 -0.408047
54.025000 1.208675 2.939491 -0.408032
54.030000 1.223281 2.921361 -0.408018
54.035000 1.237796 2.903012 -0.408005
54.040000 1.252219 2.884445 -0.407992
54.045000 1.266547 2.865662 -0.407980
54.050000 1.280780 2.846664 -0.407969
54.055000 1.294918 2.827452 -0.407958
54.060000 1.308958 2.808028 -0.407948
54.065000 1.322900 2.788394 -0.407939
54.070000 1.336742 2.768550 -0.407931
54.075000 1.350485 2.748499 -0.407924
54.080000 1.364126 2.728242 -0.407917
54.085000 1.377665 2.707780 -0.407911
54.090000 1.391101 2.687115 -0.407906
54.095000 1.404432 2.666249 -0.407901
54.100000 1.417658 2.645182 -0.407898
54.105000 1.430777 2.623917 -0.407895
54.110000 1.443790 2.602456 -0.407893
54.115000 1.456694 2.580799 -0.407891
54.120000 1.469488 2.558948 -0.407891
54.125000 1.482173 2.536906 -0.407891
54.130000 1.494746 2.514673 -0.407892
54.135000 1.507208 2.492252 -0.407893
54.140000 1.519556 2.469644 -0.407896
54.145000 1.531790 2.446851 -0.407899
54.150000 1.543909 2.423874 -0.407903
54.155000 1.555913 2.400715 -0.407908
54.160000 1.567800 2.377377 -0.407913
54.165000 1.579569 2.353860 -0.407919
54.170000 1.591220 2.330166 -0.407926
54.175000 1.602751 2.306298 -0.407934
54.180000 1.614163 2.282256 -0.407943
54.185000 1.625453 2.258044 -0.407952
54.190000 1.636621 2.233662 -0.407962
54.195000 1.647667 2.209113 -0.407973
54.200000 1.658589 2.184398 -0.407984
54.205000 1.669386 2.159519 -0.407997
54.210000 1.680059 2.134478 -0.408010
54.215000 1.690605 2.109277 -0.408023
54.220000 1.701025 2.083918 -0.408038
54.225000 1.711317 2.058403 -0.408053
54.230000 1.721481 2.032733 -0.408069
54.235000 1.731515 2.006911 -0.408085
54.240000 1.741420 1.980938 -0.408103
54.245000 1.751194 1.954817 -0.408121
54.250000 1.760837 1.928549 -0.408139
54.255000 1.770347 1.902137 -0.408159
54.260000 1.779725 1.875581 -0.408179
54.265000 1.788970 1.848885 -0.408199
54.270000 1.798080 1.822051 -0.408221
54.275000 1.807055 1.795080 -0.408243
54.280000 1.815895 1.767974 -0.408266
54.285000 1.824599 1.740735 -0.408289
54.290000 1.833166 1.713366 -0.408313
54.295000 1.841595 1.685869 -0.408338
54.300000 1.849886 1.658245 -0.408363
54.305000 1.858039 1.630497 -0.408389
54.310000 1.866052 1.602626 -0.408416
54.315000 1.873925 1.574635 -0.408443
54.320000 1.881658 1.546527 -0.408470
54.325000 1.889249 1.518302 -0.408499
54.330000 1.896699 1.489963 -0.408528
54.335000 1.904007 1.461512 -0.408557
54.340000 1.911171 1.432952 -0.408587
54.345000 1.918193 1.404285 -0.408618
54.350000 1.925070 1.375512 -0.408649
54.355000 1.931803 1.346636 -0.408681
54.360000 1.938392 1.317659 -0.408713
54.365000 1.944835 1.288583 -0.408746
54.370000 1.951132 1.259410 -0.408779
54.375000 1.957282 1.230143 -0.408813
54.380000 1.963286 1.200784 -0.408847
54.385000 1.969143 1.171335 -0.408882
54.390000 1.974852 1.141798 -0.408917
54.395000 1.980413 1.112175 -0.408953
54.400000 1.985825 1.082469 -0.408989
54.405000 1.991089 1.052681 -0.409025
54.410000 1.996203 1.022815 -0.409062
54.415000 2.001167 0.992872 -0.409100
54.420000 2.005981 0.962855 -0.409138
54.425000 2.010645 0.932765 -0.409176
54.430000 2.015158 0.902605 -0.409214
54.435000 2.019520 0.872378 -0.409253
54.440000 2.023730 0.842085 -0.409293
54.445000 2.027789 0.811729 -0.409332
54.450000 2.031696 0.781312 -0.409372
54.455000 2.035450 0.750837 -0.409413
54.460000 2.039051 0.720305 -0.409453
54.465000 2.042500 0.689719 -0.409494
54.470000 2.045795 0.659082 -0.409535
54.475000 2.048937 0.628395 -0.409577
54.480000 2.051926 0.597661 -0.409618
54.485000 2.054760 0.566882 -0.409660
54.490000 2.057440 0.536060 -0.409703
54.495000 2.059966 0.505199 -0.409745
54.500000 2.062338 0.474299 -0.409788
54.505000 2.064555 0.443364 -0.409830
54.510000 2.066617 0.412396 -0.409873
54.515000 2.068524 0.381397 -0.409917
54.520000 2.070276 0.350369 -0.409960
54.525000 2.071872 0.319315 -0.410003
54.530000 2.073313 0.288237 -0.410047
54.535000 2.074599 0.257137 -0.410091
54.540000 2.075729 0.226018 -0.410135
54.545000 2.076703 0.194882 -0.410179
54.550000 2.077522 0.163731 -0.410223
54.555000 2.078185 0.132569 -0.410267
54.560000 2.078692 0.101396 -0.410311
54.565000 2.079043 0.070215 -0.410355
54.570000 2.079238 0.039030 -0.410399
54.575000 2.079277 0.007841 -0.410443
54.580000 2.079161 -0.023348 -0.410488
54.585000 2.078888 -0.054535 -0.410532
54.590000 2.078459 -0.085719 -0.410576
54.595000 2.077875 -0.116896 -0.410620
54.600000 2.077135 -0.148064 -0.410664
54.605000 2.076238 -0.179221 -0.410708
54.610000 2.075187 -0.210364 -0.410752
54.615000 2.073979 -0.241492 -0.410796
54.620000 2.072616 -0.272602 -0.410840
54.625000 2.071098 -0.303691 -0.410883
54.630000 2.069424 -0.334757 -0.410927
54.635000 2.067595 -0.365799 -0.410970
54.640000 2.065611 -0.396813 -0.411013
54.645000 2.063472 -0.427797 -0.411056
54.650000 2.061178 -0.458749 -0.411099
54.655000 2.058730 -0.489667 -0.411142
54.660000 2.056127 -0.520548 -0.411184
54.665000 2.053370 -0.551390 -0.411227
54.670000 2.050459 -0.582190 -0.411268
54.675000 2.047394 -0.612947 -0.411310
54.680000 2.044176 -0.643658 -0.411352
54.685000 2.040805 -0.674321 -0.411393
54.690000 2.037280 -0.704933 -0.411434
54.695000 2.033602 -0.735492 -0.411474
54.700000 2.029772 -0.765996 -0.411515
54.705000 2.025790 -0.796442 -0.411555
54.710000 2.021656 -0.826829 -0.411594
54.715000 2.017370 -0.857154 -0.411634
54.720000 2.012933 -0.887415 -0.411672
54.725000 2.008345 -0.917609 -0.411711
54.730000 2.003607 -0.947734 -0.411749
54.735000 1.998718 -0.977788 -0.411787
54.740000 1.993679 -1.007769 -0.411824
54.745000 1.988490 -1.037674 -0.411861
54.750000 1.983153 -1.067501 -0.411898
54.755000 1.977667 -1.097249 -0.411934
54.760000 1.972032 -1.126914 -0.411970
54.765000 1.966250 -1.156494 -0.412005
54.770000 1.960320 -1.185988 -0.412040
54.775000 1.954243 -1.215393 -0.412074
54.780000 1.948019 -1.244706 -0.412108
54.785000 1.941650 -1.273926 -0.412141
54.790000 1.935134 -1.303051 -0.412174
54.795000 1.928474 -1.332078 -0.412206
54.800000 1.921669 -1.361005 -0.412238
54.805000 1.914720 -1.389830 -0.412269
54.810000 1.907627 -1.418551 -0.412300
54.815000 1.900391 -1.447166 -0.412330
54.820000 1.893013 -1.475671 -0.412359
54.825000 1.885492 -1.504067 -0.412388
54.830000 1.877831 -1.532349 -0.412416
54.835000 1.870028 -1.560516 -0.412444
54.840000 1.862085 -1.588567 -0.412471
54.845000 1.854003 -1.616498 -0.412498
54.850000 1.845781 -1.644308 -0.412524
54.855000 1.837421 -1.671995 -0.412549
54.860000 1.828923 -1.699556 -0.412574
54.865000 1.820289 -1.726990 -0.412598
54.870000 1.811517 -1.754294 -0.412621
54.875000 1.802610 -1.781467 -0.412644
54.880000 1.793567 -1.808506 -0.412666
54.885000 1.784390 -1.835410 -0.412688
54.890000 1.775079 -1.862176 -0.412708
54.895000 1.765635 -1.888802 -0.412728
54.900000 1.756059 -1.915286 -0.412748
54.905000 1.746351 -1.941627 -0.412766
54.910000 1.736512 -1.967823 -0.412784
54.915000 1.726542 -1.993870 -0.412802
54.920000 1.716443 -2.019768 -0.412818
54.925000 1.706216 -2.045515 -0.412834
54.930000 1.695860 -2.071108 -0.412849
54.935000 1.685378 -2.096546 -0.412864
54.940000 1.674768 -2.121827 -0.412877
54.945000 1.664034 -2.146948 -0.412890
54.950000 1.653174 -2.171909 -0.412903
54.955000 1.642191 -2.196706 -0.412914
54.960000 1.631084 -2.221339 -0.412925
54.965000 1.619855 -2.245806 -0.412935
54.970000 1.608504 -2.270103 -0.412944
54.975000 1.597033 -2.294231 -0.412953
54.980000 1.585442 -2.318186 -0.412960
54.985000 1.573732 -2.341968 -0.412967
54.990000 1.561905 -2.365574 -0.412974
54.995000 1.549960 -2.389003 -0.412979
55.000000 1.537898 -2.412252 -0.412984
55.005000 1.525722 -2.435321 -0.412988
55.010000 1.513431 -2.458206 -0.412991
55.015000 1.501026 -2.480908 -0.412994
55.020000 1.488509 -2.503423 -0.412995
55.025000 1.475880 -2.525751 -0.412996
55.030000 1.463141 -2.547889 -0.412996
55.035000 1.450292 -2.569836 -0.412996
55.040000 1.437334 -2.591591 -0.412994
55.045000 1.424268 -2.613151 -0.412992
55.050000 1.411095 -2.634515 -0.412989
55.055000 1.397817 -2.655681 -0.412986
55.060000 1.384434 -2.676648 -0.412981
55.065000 1.370947 -2.697415 -0.412976
55.070000 1.357357 -2.717979 -0.412970
55.075000 1.343665 -2.738339 -0.412963
55.080000 1.329873 -2.758494 -0.412956
55.085000 1.315980 -2.778442 -0.412948
55.090000 1.301989 -2.798182 -0.412939
55.095000 1.287901 -2.817712 -0.412929
55.100000 1.273716 -2.837030 -0.412918
55.105000 1.259435 -2.856136 -0.412907
55.110000 1.245060 -2.875028 -0.412895
55.115000 1.230591 -2.893704 -0.412882
55.120000 1.216031 -2.912162 -0.412869
55.125000 1.201379 -2.930403 -0.412855
55.130000 1.186636 -2.948424 -0.412840
55.135000 1.171805 -2.966223 -0.412824
55.140000 1.156886 -2.983800 -0.412808
55.145000 1.141881 -3.001153 -0.412791
55.150000 1.126789 -3.018282 -0.412773
55.155000 1.111613 -3.035184 -0.412755
55.160000 1.096354 -3.051858 -0.412736
55.165000 1.081012 -3.068303 -0.412716
55.170000 1.065590 -3.084518 -0.412696
55.175000 1.050087 -3.100502 -0.412674
55.180000 1.034506 -3.116253 -0.412653
55.185000 1.018847 -3.131771 -0.412630
55.190000 1.003112 -3.147054 -0.412607
55.195000 0.987301 -3.162100 -0.412583
55.200000 0.971417 -3.176910 -0.412559
55.205000 0.955459 -3.191481 -0.412534
55.210000 0.939430 -3.205813 -0.412508
55.215000 0.923331 -3.219904 -0.412482
55.220000 0.907162 -3.233754 -0.412455
55.225000 0.890925 -3.247362 -0.412427
55.230000 0.874622 -3.260726 -0.412399
55.235000 0.858252 -3.273845 -0.412370
55.240000 0.841819 -3.286719 -0.412341
55.245000 0.825322 -3.299346 -0.412311
55.250000 0.808763 -3.311726 -0.412281
55.255000 0.792144 -3.323857 -0.412250
55.260000 0.775465 -3.335740 -0.412218
55.265000 0.758729 -3.347372 -0.412186
55.270000 0.741935 -3.358752 -0.412154
55.275000 0.725085 -3.369882 -0.412121
55.280000 0.708182 -3.380758 -0.412087
55.285000 0.691225 -3.391381 -0.412053
55.290000 0.674216 -3.401749 -0.412018
55.295000 0.657157 -3.411862 -0.411983
55.300000 0.640048 -3.421719 -0.411948
55.305000 0.622892 -3.431320 -0.411912
55.310000 0.605688 -3.440664 -0.411875
55.315000 0.588439 -3.449749 -0.411839
55.320000 0.571147 -3.458575 -0.411801
55.325000 0.553811 -3.467143 -0.411764
55.330000 0.536434 -3.475450 -0.411726
55.335000 0.519016 -3.483496 -0.411687
55.340000 0.501560 -3.491282 -0.411648
55.345000 0.484066 -3.498805 -0.411609
55.350000 0.466535 -3.506066 -0.411570
55.355000 0.448970 -3.513064 -0.411530
55.360000 0.431371 -3.519799 -0.411490
55.365000 0.413740 -3.526269 -0.411449
55.370000 0.396077 -3.532475 -0.411409
55.375000 0.378385 -3.538416 -0.411367
55.380000 0.360665 -3.544092 -0.411326
55.385000 0.342917 -3.549502 -0.411284
55.390000 0.325144 -3.554646 -0.411243
55.395000 0.307346 -3.559523 -0.411200
55.400000 0.289526 -3.564133 -0.411158
55.405000 0.271683 -3.568476 -0.411116
55.410000 0.253821 -3.572551 -0.411073
55.415000 0.235939 -3.576359 -0.411030
55.420000 0.218039 -3.579898 -0.410987
55.425000 0.200124 -3.583168 -0.410943
55.430000 0.182193 -3.586170 -0.410900
55.435000 0.164248 -3.588903 -0.410856
55.440000 0.146291 -3.591367 -0.410813
55.445000 0.128324 -3.593561 -0.410769
55.450000 0.110346 -3.595486 -0.410725
55.455000 0.092360 -3.597141 -0.410681
55.460000 0.074368 -3.598527 -0.410637
55.465000 0.056370 -3.599642 -0.410593
55.470000 0.038367 -3.600488 -0.410549
55.475000 0.020362 -3.601063 -0.410505
55.480000 0.002355 -3.601369 -0.410460
55.485000 -0.015652 -3.601404 -0.410416
55.490000 -0.033658 -3.601169 -0.410372
55.495000 -0.051661 -3.600664 -0.410328
55.500000 -0.069661 -3.599889 -0.410284
55.505000 -0.087655 -3.598844 -0.410239
55.510000 -0.105643 -3.597530 -0.410195
55.515000 -0.123622 -3.595945 -0.410151
55.520000 -0.141593 -3.594091 -0.410108
55.525000 -0.159553 -3.591967 -0.410064
55.530000 -0.177500 -3.589574 -0.410020
55.535000 -0.195435 -3.586911 -0.409977
55.540000 -0.213355 -3.583979 -0.409933
55.545000 -0.231259 -3.580779 -0.409890
55.550000 -0.249145 -3.577310 -0.409847
55.555000 -0.267013 -3.573573 -0.409804
55.560000 -0.284861 -3.569568 -0.409761
55.565000 -0.302688 -3.565295 -0.409719
55.570000 -0.320491 -3.560755 -0.409676
55.575000 -0.338271 -3.555947 -0.409634
55.580000 -0.356025 -3.550873 -0.409593
55.585000 -0.373753 -3.545533 -0.409551
55.590000 -0.391453 -3.539927 -0.409510
55.595000 -0.409123 -3.534055 -0.409469
55.600000 -0.426763 -3.527918 -0.409428
55.605000 -0.444370 -3.521516 -0.409388
55.610000 -0.461944 -3.514851 -0.409348
55.615000 -0.479484 -3.507922 -0.409308
55.620000 -0.496988 -3.500730 -0.409268
55.625000 -0.514454 -3.493275 -0.409229
55.630000 -0.531882 -3.485558 -0.409191
55.635000 -0.549270 -3.477580 -0.409152
55.640000 -0.566616 -3.469341 -0.409114
55.645000 -0.583921 -3.460841 -0.409077
55.650000 -0.601181 -3.452083 -0.409040
55.655000 -0.618396 -3.443065 -0.409003
55.660000 -0.635565 -3.433789 -0.408967
55.665000 -0.652687 -3.424255 -0.408931
55.670000 -0.669759 -3.414465 -0.408895
55.675000 -0.686781 -3.404419 -0.408860
55.680000 -0.703752 -3.394117 -0.408826
55.685000 -0.720669 -3.383561 -0.408792
55.690000 -0.737533 -3.372751 -0.408759
55.695000 -0.754342 -3.361688 -0.408726
55.700000 -0.771093 -3.350373 -0.408693
55.705000 -0.787787 -3.338806 -0.408661
55.710000 -0.804422 -3.326989 -0.408630
55.715000 -0.820997 -3.314923 -0.408599
55.720000 -0.837510 -3.302608 -0.408569
55.725000 -0.853960 -3.290045 -0.408539
55.730000 -0.870347 -3.277236 -0.408510
55.735000 -0.886667 -3.264181 -0.408481
55.740000 -0.902922 -3.250881 -0.408453
55.745000 -0.919108 -3.237337 -0.408426
55.750000 -0.935226 -3.223550 -0.408399
55.755000 -0.951274 -3.209522 -0.408373
55.760000 -0.967250 -3.195253 -0.408347
55.765000 -0.983154 -3.180744 -0.408322
55.770000 -0.998984 -3.165997 -0.408298
55.775000 -1.014739 -3.151012 -0.408274
55.780000 -1.030418 -3.135791 -0.408251
55.785000 -1.046020 -3.120335 -0.408229
55.790000 -1.061543 -3.104644 -0.408207
55.795000 -1.076986 -3.088721 -0.408186
55.800000 -1.092349 -3.072566 -0.408166
55.805000 -1.107630 -3.056181 -0.408147
55.810000 -1.122828 -3.039567 -0.408128
55.815000 -1.137942 -3.022724 -0.408109
55.820000 -1.152970 -3.005655 -0.408092
55.825000 -1.167912 -2.988361 -0.408075
55.830000 -1.182766 -2.970842 -0.408059
55.835000 -1.197531 -2.953101 -0.408043
55.840000 -1.212207 -2.935138 -0.408029
55.845000 -1.226792 -2.916954 -0.408015
55.850000 -1.241285 -2.898553 -0.408001
55.855000 -1.255684 -2.879933 -0.407989
55.860000 -1.269990 -2.861098 -0.407977
55.865000 -1.284200 -2.842048 -0.407966
55.870000 -1.298314 -2.822785 -0.407956
55.875000 -1.312330 -2.803310 -0.407946
55.880000 -1.326249 -2.783626 -0.407937
55.885000 -1.340067 -2.763732 -0.407929
55.890000 -1.353785 -2.743631 -0.407922
55.895000 -1.367402 -2.723324 -0.407916
55.900000 -1.380916 -2.702813 -0.407910
55.905000 -1.394327 -2.682099 -0.407905
55.910000 -1.407632 -2.661184 -0.407900
55.915000 -1.420833 -2.640070 -0.407897
55.920000 -1.433927 -2.618757 -0.407894
55.925000 -1.446913 -2.597248 -0.407892
55.930000 -1.459791 -2.575545 -0.407891
55.935000 -1.472559 -2.553648 -0.407891
55.940000 -1.485217 -2.531560 -0.407891
55.945000 -1.497763 -2.509281 -0.407892
55.950000 -1.510197 -2.486815 -0.407894
55.955000 -1.522518 -2.464162 -0.407897
55.960000 -1.534725 -2.441324 -0.407900
55.965000 -1.546816 -2.418303 -0.407904
55.970000 -1.558792 -2.395101 -0.407909
55.975000 -1.570650 -2.371719 -0.407915
55.980000 -1.582391 -2.348159 -0.407921
55.985000 -1.594013 -2.324423 -0.407928
55.990000 -1.605516 -2.300513 -0.407936
55.995000 -1.616898 -2.276431 -0.407945
56.000000 -1.628159 -2.252177 -0.407954
56.005000 -1.639297 -2.227755 -0.407965
56.010000 -1.650313 -2.203165 -0.407976
56.015000 -1.661205 -2.178411 -0.407987
56.020000 -1.671973 -2.153492 -0.408000
56.025000 -1.682615 -2.128413 -0.408013
56.030000 -1.693131 -2.103174 -0.408027
56.035000 -1.703520 -2.077777 -0.408041
56.040000 -1.713781 -2.052224 -0.408057
56.045000 -1.723913 -2.026517 -0.408073
56.050000 -1.733917 -2.000659 -0.408089
56.055000 -1.743790 -1.974650 -0.408107
56.060000 -1.753532 -1.948493 -0.408125
56.065000 -1.763143 -1.922190 -0.408144
56.070000 -1.772622 -1.895743 -0.408163
56.075000 -1.781968 -1.869153 -0.408184
56.080000 -1.791180 -1.842424 -0.408204
56.085000 -1.800258 -1.815556 -0.408226
56.090000 -1.809200 -1.788552 -0.408248
56.095000 -1.818007 -1.761414 -0.408271
56.100000 -1.826678 -1.734144 -0.408295
56.105000 -1.835212 -1.706744 -0.408319
56.110000 -1.843608 -1.679216 -0.408344
56.115000 -1.851866 -1.651562 -0.408369
56.120000 -1.859985 -1.623784 -0.408395
56.125000 -1.867964 -1.595884 -0.408422
56.130000 -1.875803 -1.567865 -0.408449
56.135000 -1.883502 -1.539728 -0.408477
56.140000 -1.891059 -1.511475 -0.408506
56.145000 -1.898475 -1.483109 -0.408535
56.150000 -1.905748 -1.454632 -0.408564
56.155000 -1.912878 -1.426046 -0.408595
56.160000 -1.919865 -1.397353 -0.408625
56.165000 -1.926708 -1.368555 -0.408657
56.170000 -1.933406 -1.339654 -0.408689
56.175000 -1.939959 -1.310653 -0.408721
56.180000 -1.946367 -1.281553 -0.408754
56.185000 -1.952629 -1.252358 -0.408787
56.190000 -1.958744 -1.223069 -0.408821
56.195000 -1.964713 -1.193687 -0.408856
56.200000 -1.970534 -1.164217 -0.408890
56.205000 -1.976207 -1.134659 -0.408926
56.210000 -1.981732 -1.105016 -0.408961
56.215000 -1.987109 -1.075290 -0.408998
56.220000 -1.992336 -1.045483 -0.409034
56.225000 -1.997414 -1.015598 -0.409071
56.230000 -2.002342 -0.985637 -0.409109
56.235000 -2.007120 -0.955602 -0.409147
56.240000 -2.011748 -0.925495 -0.409185
56.245000 -2.016224 -0.895319 -0.409224
56.250000 -2.020550 -0.865075 -0.409263
56.255000 -2.024724 -0.834767 -0.409302
56.260000 -2.028746 -0.804396 -0.409342
56.265000 -2.032615 -0.773965 -0.409382
56.270000 -2.036333 -0.743476 -0.409422
56.275000 -2.039897 -0.712931 -0.409463
56.280000 -2.043309 -0.682332 -0.409504
56.285000 -2.046567 -0.651683 -0.409545
56.290000 -2.049672 -0.620984 -0.409587
56.295000 -2.052624 -0.590239 -0.409628
56.300000 -2.055421 -0.559450 -0.409671
56.305000 -2.058064 -0.528618 -0.409713
56.310000 -2.060553 -0.497747 -0.409755
56.315000 -2.062887 -0.466839 -0.409798
56.320000 -2.065066 -0.435896 -0.409841
56.325000 -2.067091 -0.404920 -0.409884
56.330000 -2.068961 -0.373913 -0.409927
56.335000 -2.070675 -0.342879 -0.409970
56.340000 -2.072234 -0.311819 -0.410014
56.345000 -2.073638 -0.280735 -0.410058
56.350000 -2.074886 -0.249631 -0.410101
56.355000 -2.075978 -0.218507 -0.410145
56.360000 -2.076915 -0.187368 -0.410189
56.365000 -2.077696 -0.156214 -0.410233
56.370000 -2.078322 -0.125049 -0.410277
56.375000 -2.078791 -0.093874 -0.410321
56.380000 -2.079104 -0.062692 -0.410366
56.385000 -2.079262 -0.031505 -0.410410
56.390000 -2.079263 -0.000316 -0.410454
56.395000 -2.079109 0.030872 -0.410498
56.400000 -2.078799 0.062059 -0.410543
56.405000 -2.078333 0.093241 -0.410587
56.410000 -2.077711 0.124416 -0.410631
56.415000 -2.076933 0.155582 -0.410675
56.420000 -2.075999 0.186736 -0.410719
56.425000 -2.074910 0.217876 -0.410763
56.430000 -2.073665 0.248999 -0.410807
56.435000 -2.072264 0.280104 -0.410850
56.440000 -2.070708 0.311188 -0.410894
56.445000 -2.068997 0.342249 -0.410937
56.450000 -2.067130 0.373284 -0.410981
56.455000 -2.065109 0.404291 -0.411024
56.460000 -2.062933 0.435267 -0.411067
56.465000 -2.060602 0.466211 -0.411110
56.470000 -2.058116 0.497120 -0.411152
56.475000 -2.055476 0.527992 -0.411195
56.480000 -2.052682 0.558824 -0.411237
56.485000 -2.049734 0.589615 -0.411279
56.490000 -2.046632 0.620361 -0.411320
56.495000 -2.043377 0.651060 -0.411362
56.500000 -2.039968 0.681711 -0.411403
56.505000 -2.036407 0.712310 -0.411444
56.510000 -2.032692 0.742856 -0.411484
56.515000 -2.028826 0.773347 -0.411524
56.520000 -2.024807 0.803779 -0.411564
56.525000 -2.020636 0.834151 -0.411604
56.530000 -2.016314 0.864461 -0.411643
56.535000 -2.011840 0.894705 -0.411682
56.540000 -2.007216 0.924883 -0.411720
56.545000 -2.002441 0.954991 -0.411758
56.550000 -1.997516 0.985028 -0.411796
56.555000 -1.992441 1.014991 -0.411833
56.560000 -1.987216 1.044877 -0.411870
56.565000 -1.981843 1.074685 -0.411907
56.570000 -1.976321 1.104413 -0.411943
56.575000 -1.970650 1.134058 -0.411978
56.580000 -1.964832 1.163618 -0.412013
56.585000 -1.958867 1.193090 -0.412048
56.590000 -1.952755 1.222473 -0.412082
56.595000 -1.946496 1.251765 -0.412116
56.600000 -1.940091 1.280962 -0.412149
56.605000 -1.933541 1.310063 -0.412182
56.610000 -1.926845 1.339066 -0.412214
56.615000 -1.920005 1.367969 -0.412245
56.620000 -1.913022 1.396769 -0.412276
56.625000 -1.905894 1.425465 -0.412307
56.630000 -1.898624 1.454053 -0.412337
56.635000 -1.891211 1.482532 -0.412366
56.640000 -1.883657 1.510900 -0.412395
56.645000 -1.875961 1.539155 -0.412423
56.650000 -1.868125 1.567295 -0.412451
56.655000 -1.860148 1.595317 -0.412478
56.660000 -1.852032 1.623219 -0.412504
56.665000 -1.843777 1.650999 -0.412530
56.670000 -1.835384 1.678656 -0.412555
56.675000 -1.826853 1.706187 -0.412580
56.680000 -1.818185 1.733589 -0.412604
56.685000 -1.809380 1.760862 -0.412627
56.690000 -1.800440 1.788003 -0.412649
56.695000 -1.791365 1.815010 -0.412671
56.700000 -1.782156 1.841880 -0.412693
56.705000 -1.772813 1.868612 -0.412713
56.710000 -1.763337 1.895205 -0.412733
56.715000 -1.753729 1.921655 -0.412752
56.720000 -1.743989 1.947961 -0.412771
56.725000 -1.734118 1.974120 -0.412789
56.730000 -1.724118 2.000132 -0.412806
56.735000 -1.713988 2.025994 -0.412822
56.740000 -1.703729 2.051704 -0.412838
56.745000 -1.693343 2.077260 -0.412853
56.750000 -1.682829 2.102660 -0.412867
56.755000 -1.672190 2.127902 -0.412881
56.760000 -1.661425 2.152985 -0.412893
56.765000 -1.650536 2.177907 -0.412905
56.770000 -1.639522 2.202665 -0.412917
56.775000 -1.628386 2.227257 -0.412927
56.780000 -1.617127 2.251683 -0.412937
56.785000 -1.605748 2.275940 -0.412946
56.790000 -1.594248 2.300026 -0.412955
56.795000 -1.582628 2.323940 -0.412962
56.800000 -1.570890 2.347679 -0.412969
56.805000 -1.559033 2.371243 -0.412975
56.810000 -1.547060 2.394628 -0.412980
56.815000 -1.534971 2.417834 -0.412985
56.820000 -1.522767 2.440859 -0.412989
56.825000 -1.510448 2.463700 -0.412992
56.830000 -1.498016 2.486357 -0.412994
56.835000 -1.485472 2.508827 -0.412996
56.840000 -1.472817 2.531109 -0.412996
56.845000 -1.460051 2.553202 -0.412996
56.850000 -1.447175 2.575102 -0.412995
56.855000 -1.434191 2.596810 -0.412994
56.860000 -1.421100 2.618323 -0.412992
56.865000 -1.407901 2.639639 -0.412988
56.870000 -1.394598 2.660758 -0.412985
56.875000 -1.381189 2.681677 -0.412980
56.880000 -1.367677 2.702395 -0.412975
56.885000 -1.354063 2.722910 -0.412968
56.890000 -1.340347 2.743221 -0.412961
56.895000 -1.326530 2.763326 -0.412954
56.900000 -1.312614 2.783224 -0.412945
56.905000 -1.298599 2.802913 -0.412936
56.910000 -1.284487 2.822392 -0.412926
56.915000 -1.270279 2.841659 -0.412916
56.920000 -1.255975 2.860714 -0.412904
56.925000 -1.241578 2.879553 -0.412892
56.930000 -1.227087 2.898177 -0.412879
56.935000 -1.212504 2.916583 -0.412866
56.940000 -1.197830 2.934771 -0.412851
56.945000 -1.183066 2.952738 -0.412836
56.950000 -1.168214 2.970484 -0.412821
56.955000 -1.153274 2.988007 -0.412804
56.960000 -1.138247 3.005306 -0.412787
56.965000 -1.123135 3.022380 -0.412769
56.970000 -1.107939 3.039227 -0.412750
56.975000 -1.092660 3.055846 -0.412731
56.980000 -1.077299 3.072236 -0.412711
56.985000 -1.061857 3.088396 -0.412691
56.990000 -1.046335 3.104324 -0.412669
56.995000 -1.030735 3.120019 -0.412647
57.000000 -1.015058 3.135480 -0.412625
57.005000 -0.999304 3.150705 -0.412601
57.010000 -0.983476 3.165695 -0.412577
57.015000 -0.967574 3.180447 -0.412553
57.020000 -0.951599 3.194961 -0.412527
57.025000 -0.935553 3.209235 -0.412502
57.030000 -0.919436 3.223268 -0.412475
57.035000 -0.903251 3.237060 -0.412448
57.040000 -0.886998 3.250608 -0.412420
57.045000 -0.870678 3.263913 -0.412392
57.050000 -0.854293 3.276974 -0.412363
57.055000 -0.837845 3.289788 -0.412334
57.060000 -0.821333 3.302356 -0.412304
57.065000 -0.804759 3.314676 -0.412273
57.070000 -0.788126 3.326747 -0.412242
57.075000 -0.771433 3.338569 -0.412211
57.080000 -0.754682 3.350140 -0.412178
57.085000 -0.737875 3.361461 -0.412146
57.090000 -0.721012 3.372529 -0.412112
57.095000 -0.704095 3.383344 -0.412079
57.100000 -0.687126 3.393905 -0.412045
57.105000 -0.670105 3.404212 -0.412010
57.110000 -0.653034 3.414264 -0.411975
57.115000 -0.635913 3.424059 -0.411939
57.120000 -0.618745 3.433598 -0.411903
57.125000 -0.601531 3.442879 -0.411867
57.130000 -0.584271 3.451902 -0.411830
57.135000 -0.566968 3.460666 -0.411792
57.140000 -0.549622 3.469171 -0.411755
57.145000 -0.532235 3.477415 -0.411716
57.150000 -0.514808 3.485399 -0.411678
57.155000 -0.497342 3.493121 -0.411639
57.160000 -0.479840 3.500581 -0.411600
57.165000 -0.462301 3.507778 -0.411560
57.170000 -0.444727 3.514713 -0.411520
57.175000 -0.427120 3.521384 -0.411480
57.180000 -0.409481 3.527791 -0.411439
57.185000 -0.391812 3.533933 -0.411399
57.190000 -0.374113 3.539810 -0.411357
57.195000 -0.356385 3.545422 -0.411316
57.200000 -0.338632 3.550768 -0.411274
57.205000 -0.320852 3.555847 -0.411232
57.210000 -0.303049 3.560660 -0.411190
57.215000 -0.285223 3.565206 -0.411148
57.220000 -0.267376 3.569484 -0.411105
57.225000 -0.249508 3.573494 -0.411062
57.230000 -0.231622 3.577237 -0.411019
57.235000 -0.213718 3.580711 -0.410976
57.240000 -0.195799 3.583917 -0.410933
57.245000 -0.177865 3.586854 -0.410890
57.250000 -0.159917 3.589522 -0.410846
57.255000 -0.141957 3.591921 -0.410802
57.260000 -0.123987 3.594050 -0.410758
57.265000 -0.106008 3.595910 -0.410714
57.270000 -0.088020 3.597500 -0.410670
57.275000 -0.070026 3.598820 -0.410626
57.280000 -0.052027 3.599871 -0.410582
57.285000 -0.034023 3.600651 -0.410538
57.290000 -0.016018 3.601162 -0.410494
57.295000 0.001990 3.601402 -0.410450
57.300000 0.019996 3.601372 -0.410405
57.305000 0.038002 3.601072 -0.410361
57.310000 0.056004 3.600502 -0.410317
57.315000 0.074003 3.599662 -0.410273
57.320000 0.091995 3.598552 -0.410229
57.325000 0.109981 3.597172 -0.410185
57.330000 0.127959 3.595522 -0.410141
57.335000 0.145927 3.593603 -0.410097
57.340000 0.163884 3.591414 -0.410053
57.345000 0.181829 3.588956 -0.410010
57.350000 0.199760 3.586228 -0.409966
57.355000 0.217676 3.583232 -0.409923
57.360000 0.235576 3.579967 -0.409880
57.365000 0.253458 3.576433 -0.409836
57.370000 0.271321 3.572631 -0.409794
57.375000 0.289164 3.568562 -0.409751
57.380000 0.306985 3.564224 -0.409709
57.385000 0.324783 3.559619 -0.409666
57.390000 0.342557 3.554748 -0.409624
57.395000 0.360305 3.549609 -0.409583
57.400000 0.378026 3.544205 -0.409541
57.405000 0.395719 3.538534 -0.409500
57.410000 0.413382 3.532598 -0.409459
57.415000 0.431014 3.526398 -0.409418
57.420000 0.448613 3.519933 -0.409378
57.425000 0.466179 3.513203 -0.409338
57.430000 0.483710 3.506211 -0.409298
57.435000 0.501205 3.498955 -0.409259
57.440000 0.518662 3.491437 -0.409220
57.445000 0.536081 3.483657 -0.409181
57.450000 0.553459 3.475616 -0.409143
57.455000 0.570795 3.467314 -0.409105
57.460000 0.588089 3.458752 -0.409068
57.465000 0.605339 3.449931 -0.409031
57.470000 0.622543 3.440851 -0.408994
57.475000 0.639700 3.431512 -0.408958
57.480000 0.656810 3.421917 -0.408922
57.485000 0.673870 3.412065 -0.408887
57.490000 0.690880 3.401957 -0.408852
57.495000 0.707838 3.391593 -0.408818
57.500000 0.724743 3.380976 -0.408784
57.505000 0.741593 3.370105 -0.408751
57.510000 0.758388 3.358981 -0.408718
57.515000 0.775126 3.347605 -0.408685
57.520000 0.791806 3.335978 -0.408654
57.525000 0.808427 3.324101 -0.408622
57.530000 0.824987 3.311975 -0.408592
57.535000 0.841485 3.299600 -0.408561
57.540000 0.857920 3.286978 -0.408532
57.545000 0.874290 3.274109 -0.408503
57.550000 0.890595 3.260994 -0.408474
57.555000 0.906833 3.247635 -0.408447
57.560000 0.923003 3.234033 -0.408419
57.565000 0.939104 3.220188 -0.408393
57.570000 0.955135 3.206101 -0.408367
57.575000 0.971094 3.191774 -0.408341
57.580000 0.986980 3.177208 -0.408316
57.585000 1.002792 3.162403 -0.408292
57.590000 1.018529 3.147361 -0.408269
57.595000 1.034189 3.132083 -0.408246
57.600000 1.049772 3.116571 -0.408224
57.605000 1.065276 3.100824 -0.408202
57.610000 1.080700 3.084845 -0.408182
57.615000 1.096043 3.068634 -0.408161
57.620000 1.111304 3.052194 -0.408142
57.625000 1.126482 3.035524 -0.408123
57.630000 1.141575 3.018627 -0.408105
57.635000 1.156583 3.001503 -0.408088
57.640000 1.171503 2.984155 -0.408071
57.645000 1.186336 2.966582 -0.408055
57.650000 1.201080 2.948787 -0.408040
57.655000 1.215734 2.930771 -0.408025
57.660000 1.230297 2.912535 -0.408011
57.665000 1.244767 2.894080 -0.407998
57.670000 1.259144 2.875409 -0.407986
57.675000 1.273427 2.856522 -0.407974
57.680000 1.287614 2.837420 -0.407964
57.685000 1.301704 2.818106 -0.407953
57.690000 1.315697 2.798580 -0.407944
57.695000 1.329592 2.778845 -0.407935
57.700000 1.343386 2.758901 -0.407928
57.705000 1.357080 2.738750 -0.407920
57.710000 1.370672 2.718394 -0.407914
57.715000 1.384161 2.697834 -0.407908
57.720000 1.397546 2.677072 -0.407904
57.725000 1.410827 2.656108 -0.407900
57.730000 1.424002 2.634946 -0.407896
57.735000 1.437070 2.613586 -0.407894
57.740000 1.450030 2.592030 -0.407892
57.745000 1.462881 2.570280 -0.407891
57.750000 1.475623 2.548336 -0.407891
57.755000 1.488254 2.526202 -0.407891
57.760000 1.500773 2.503878 -0.407892
57.765000 1.513180 2.481367 -0.407894
57.770000 1.525473 2.458669 -0.407897
57.775000 1.537652 2.435787 -0.407901
57.780000 1.549716 2.412722 -0.407905
57.785000 1.561663 2.389476 -0.407910
57.790000 1.573494 2.366051 -0.407916
57.795000 1.585206 2.342449 -0.407923
57.800000 1.596799 2.318671 -0.407930
57.805000 1.608273 2.294719 -0.407938
57.810000 1.619626 2.270595 -0.407947
57.815000 1.630857 2.246300 -0.407957
57.820000 1.641966 2.221837 -0.407967
57.825000 1.652952 2.197208 -0.407978
57.830000 1.663815 2.172414 -0.407990
57.835000 1.674552 2.147456 -0.408003
57.840000 1.685163 2.122338 -0.408016
57.845000 1.695649 2.097061 -0.408030
57.850000 1.706007 2.071626 -0.408045
57.855000 1.716237 2.046036 -0.408060
57.860000 1.726339 2.020292 -0.408077
57.865000 1.736311 1.994397 -0.408093
57.870000 1.746152 1.968353 -0.408111
57.875000 1.755863 1.942160 -0.408129
57.880000 1.765442 1.915822 -0.408148
57.885000 1.774889 1.889341 -0.408168
57.890000 1.784203 1.862717 -0.408189
57.895000 1.793382 1.835954 -0.408210
57.900000 1.802428 1.809054 -0.408231
57.905000 1.811338 1.782017 -0.408254
57.910000 1.820112 1.754847 -0.408277
57.915000 1.828750 1.727545 -0.408301
57.920000 1.837250 1.700114 -0.408325
57.925000 1.845613 1.672555 -0.408350
57.930000 1.853837 1.644871 -0.408375
57.935000 1.861923 1.617064 -0.408402
57.940000 1.869868 1.589135 -0.408429
57.945000 1.877674 1.561087 -0.408456
57.950000 1.885338 1.532922 -0.408484
57.955000 1.892862 1.504642 -0.408513
57.960000 1.900243 1.476249 -0.408542
57.965000 1.907482 1.447745 -0.408572
57.970000 1.914577 1.419133 -0.408602
57.975000 1.921529 1.390414 -0.408633
57.980000 1.928337 1.361591 -0.408664
57.985000 1.935001 1.332666 -0.408696
57.990000 1.941519 1.303641 -0.408729
57.995000 1.947891 1.274518 -0.408762
58.000000 1.954118 1.245300 -0.408795
58.005000 1.960198 1.215988 -0.408829
58.010000 1.966131 1.186585 -0.408864
58.015000 1.971916 1.157093 -0.408899
58.020000 1.977554 1.127515 -0.408934
58.025000 1.983043 1.097851 -0.408970
58.030000 1.988384 1.068106 -0.409006
58.035000 1.993575 1.038280 -0.409043
58.040000 1.998617 1.008376 -0.409080
58.045000 2.003509 0.978397 -0.409118
58.050000 2.008251 0.948344 -0.409156
58.055000 2.012842 0.918221 -0.409194
58.060000 2.017282 0.888028 -0.409233
58.065000 2.021571 0.857769 -0.409272
58.070000 2.025708 0.827445 -0.409312
58.075000 2.029693 0.797060 -0.409352
58.080000 2.033526 0.766614 -0.409392
58.085000 2.037207 0.736111 -0.409432
58.090000 2.040735 0.705553 -0.409473
58.095000 2.044109 0.674942 -0.409514
58.100000 2.047331 0.644281 -0.409555
58.105000 2.050399 0.613571 -0.409597
58.110000 2.053313 0.582815 -0.409639
58.115000 2.056073 0.552015 -0.409681
58.120000 2.058679 0.521174 -0.409723
58.125000 2.061130 0.490294 -0.409766
58.130000 2.063427 0.459377 -0.409808
58.135000 2.065569 0.428425 -0.409851
58.140000 2.067556 0.397442 -0.409894
58.145000 2.069388 0.366428 -0.409938
58.150000 2.071065 0.335388 -0.409981
58.155000 2.072587 0.304322 -0.410025
58.160000 2.073953 0.273233 -0.410068
58.165000 2.075164 0.242124 -0.410112
58.170000 2.076219 0.210996 -0.410156
58.175000 2.077118 0.179853 -0.410200
58.180000 2.077861 0.148696 -0.410244
58.185000 2.078449 0.117528 -0.410288
58.190000 2.078881 0.086351 -0.410332
58.195000 2.079157 0.055168 -0.410376
58.200000 2.079277 0.023981 -0.410421
58.205000 2.079241 -0.007208 -0.410465
58.210000 2.079049 -0.038397 -0.410509
58.215000 2.078701 -0.069583 -0.410553
58.220000 2.078197 -0.100763 -0.410597
58.225000 2.077537 -0.131936 -0.410641
58.230000 2.076722 -0.163099 -0.410685
58.235000 2.075750 -0.194250 -0.410729
58.240000 2.074623 -0.225386 -0.410773
58.245000 2.073341 -0.256506 -0.410817
58.250000 2.071903 -0.287606 -0.410861
58.255000 2.070309 -0.318684 -0.410904
58.260000 2.068561 -0.349739 -0.410948
58.265000 2.066657 -0.380767 -0.410991
58.270000 2.064598 -0.411767 -0.411034
58.275000 2.062384 -0.442736 -0.411077
58.280000 2.060016 -0.473672 -0.411120
58.285000 2.057493 -0.504572 -0.411162
58.290000 2.054816 -0.535435 -0.411205
58.295000 2.051985 -0.566257 -0.411247
58.300000 2.049000 -0.597037 -0.411289
58.305000 2.045861 -0.627772 -0.411330
58.310000 2.042568 -0.658459 -0.411372
58.315000 2.039123 -0.689098 -0.411413
58.320000 2.035524 -0.719685 -0.411453
58.325000 2.031773 -0.750218 -0.411494
58.330000 2.027870 -0.780694 -0.411534
58.335000 2.023814 -0.811112 -0.411574
58.340000 2.019607 -0.841470 -0.411613
58.345000 2.015248 -0.871764 -0.411652
58.350000 2.010738 -0.901992 -0.411691
58.355000 2.006077 -0.932153 -0.411730
58.360000 2.001266 -0.962245 -0.411768
58.365000 1.996305 -0.992264 -0.411805
58.370000 1.991194 -1.022208 -0.411842
58.375000 1.985934 -1.052076 -0.411879
58.380000 1.980524 -1.081865 -0.411915
58.385000 1.974966 -1.111573 -0.411951
58.390000 1.969260 -1.141197 -0.411987
58.395000 1.963407 -1.170736 -0.412022
58.400000 1.957406 -1.200187 -0.412056
58.405000 1.951258 -1.229549 -0.412090
58.410000 1.944964 -1.258817 -0.412124
58.415000 1.938524 -1.287992 -0.412157
58.420000 1.931939 -1.317070 -0.412189
58.425000 1.925208 -1.346049 -0.412221
58.430000 1.918334 -1.374927 -0.412253
58.435000 1.911315 -1.403702 -0.412284
58.440000 1.904153 -1.432372 -0.412314
58.445000 1.896849 -1.460934 -0.412344
58.450000 1.889402 -1.489387 -0.412373
58.455000 1.881813 -1.517728 -0.412402
58.460000 1.874083 -1.545955 -0.412430
58.465000 1.866213 -1.574066 -0.412457
58.470000 1.858203 -1.602059 -0.412484
58.475000 1.850053 -1.629932 -0.412511
58.480000 1.841765 -1.657683 -0.412536
58.485000 1.833338 -1.685310 -0.412561
58.490000 1.824774 -1.712810 -0.412586
58.495000 1.816073 -1.740181 -0.412609
58.500000 1.807236 -1.767422 -0.412632
58.505000 1.798263 -1.794531 -0.412655
58.510000 1.789156 -1.821505 -0.412677
58.515000 1.779914 -1.848342 -0.412698
58.520000 1.770539 -1.875041 -0.412718
58.525000 1.761031 -1.901599 -0.412738
58.530000 1.751391 -1.928015 -0.412757
58.535000 1.741619 -1.954285 -0.412775
58.540000 1.731717 -1.980410 -0.412793
58.545000 1.721685 -2.006385 -0.412810
58.550000 1.711524 -2.032211 -0.412826
58.555000 1.701235 -2.057884 -0.412842
58.560000 1.690818 -2.083402 -0.412856
58.565000 1.680274 -2.108764 -0.412870
58.570000 1.669604 -2.133968 -0.412884
58.575000 1.658809 -2.159013 -0.412896
58.580000 1.647890 -2.183895 -0.412908
58.585000 1.636847 -2.208613 -0.412919
58.590000 1.625681 -2.233166 -0.412930
58.595000 1.614393 -2.257551 -0.412939
58.600000 1.602984 -2.281767 -0.412948
58.605000 1.591455 -2.305812 -0.412957
58.610000 1.579807 -2.329683 -0.412964
58.615000 1.568040 -2.353381 -0.412971
58.620000 1.556155 -2.376901 -0.412976
58.625000 1.544154 -2.400243 -0.412982
58.630000 1.532037 -2.423406 -0.412986
58.635000 1.519805 -2.446386 -0.412990
58.640000 1.507459 -2.469183 -0.412992
58.645000 1.495000 -2.491795 -0.412994
58.650000 1.482429 -2.514220 -0.412996
58.655000 1.469747 -2.536457 -0.412996
58.660000 1.456954 -2.558503 -0.412996
58.665000 1.444053 -2.580357 -0.412995
58.670000 1.431043 -2.602018 -0.412993
58.675000 1.417925 -2.623484 -0.412991
58.680000 1.404701 -2.644753 -0.412988
58.685000 1.391372 -2.665823 -0.412984
58.690000 1.377939 -2.686694 -0.412979
58.695000 1.364402 -2.707363 -0.412973
58.700000 1.350763 -2.727829 -0.412967
58.705000 1.337022 -2.748090 -0.412960
58.710000 1.323182 -2.768146 -0.412952
58.715000 1.309242 -2.787993 -0.412943
58.720000 1.295203 -2.807632 -0.412934
58.725000 1.281068 -2.827060 -0.412924
58.730000 1.266837 -2.846276 -0.412913
58.735000 1.252510 -2.865279 -0.412901
58.740000 1.238090 -2.884066 -0.412889
58.745000 1.223577 -2.902638 -0.412876
58.750000 1.208972 -2.920991 -0.412862
58.755000 1.194276 -2.939126 -0.412848
58.760000 1.179491 -2.957040 -0.412833
58.765000 1.164617 -2.974732 -0.412817
58.770000 1.149656 -2.992202 -0.412800
58.775000 1.134609 -3.009446 -0.412783
58.780000 1.119477 -3.026466 -0.412765
58.785000 1.104261 -3.043258 -0.412746
58.790000 1.088961 -3.059822 -0.412726
58.795000 1.073581 -3.076156 -0.412706
58.800000 1.058119 -3.092260 -0.412685
58.805000 1.042579 -3.108132 -0.412664
58.810000 1.026960 -3.123770 -0.412642
58.815000 1.011264 -3.139175 -0.412619
58.820000 0.995492 -3.154344 -0.412596
58.825000 0.979646 -3.169276 -0.412571
58.830000 0.963726 -3.183971 -0.412547
58.835000 0.947734 -3.198427 -0.412521
58.840000 0.931671 -3.212643 -0.412495
58.845000 0.915538 -3.226618 -0.412469
58.850000 0.899336 -3.240351 -0.412441
58.855000 0.883067 -3.253841 -0.412414
58.860000 0.866731 -3.267087 -0.412385
58.865000 0.850331 -3.280088 -0.412356
58.870000 0.833867 -3.292843 -0.412327
58.875000 0.817340 -3.305351 -0.412297
58.880000 0.800752 -3.317611 -0.412266
58.885000 0.784104 -3.329622 -0.412235
58.890000 0.767397 -3.341384 -0.412203
58.895000 0.750632 -3.352895 -0.412171
58.900000 0.733812 -3.364154 -0.412138
58.905000 0.716936 -3.375161 -0.412104
58.910000 0.700006 -3.385915 -0.412071
58.915000 0.683024 -3.396415 -0.412036
58.920000 0.665991 -3.406661 -0.412001
58.925000 0.648908 -3.416651 -0.411966
58.930000 0.631776 -3.426384 -0.411930
58.935000 0.614596 -3.435861 -0.411894
58.940000 0.597371 -3.445080 -0.411858
58.945000 0.580101 -3.454040 -0.411821
58.950000 0.562787 -3.462742 -0.411783
58.955000 0.545431 -3.471184 -0.411745
58.960000 0.528034 -3.479365 -0.411707
58.965000 0.510598 -3.487286 -0.411669
58.970000 0.493123 -3.494945 -0.411630
58.975000 0.475611 -3.502341 -0.411590
58.980000 0.458064 -3.509476 -0.411551
58.985000 0.440482 -3.516347 -0.411511
58.990000 0.422868 -3.522954 -0.411470
58.995000 0.405221 -3.529297 -0.411430
59.000000 0.387544 -3.535375 -0.411389
59.005000 0.369838 -3.541188 -0.411348
59.010000 0.352105 -3.546736 -0.411306
59.015000 0.334344 -3.552017 -0.411264
59.020000 0.316559 -3.557033 -0.411222
59.025000 0.298750 -3.561781 -0.411180
59.030000 0.280919 -3.566262 -0.411138
59.035000 0.263067 -3.570476 -0.411095
59.040000 0.245195 -3.574422 -0.411052
59.045000 0.227304 -3.578100 -0.411009
59.050000 0.209397 -3.581509 -0.410966
59.055000 0.191473 -3.584650 -0.410923
59.060000 0.173536 -3.587522 -0.410879
59.065000 0.155585 -3.590126 -0.410835
59.070000 0.137623 -3.592459 -0.410792
59.075000 0.119650 -3.594524 -0.410748
59.080000 0.101669 -3.596318 -0.410704
59.085000 0.083679 -3.597843 -0.410660
59.090000 0.065684 -3.599099 -0.410616
59.095000 0.047683 -3.600084 -0.410572
59.100000 0.029679 -3.600799 -0.410527
59.105000 0.011673 -3.601244 -0.410483
59.110000 -0.006334 -3.601419 -0.410439
59.115000 -0.024341 -3.601324 -0.410395
59.120000 -0.042345 -3.600959 -0.410351
59.125000 -0.060347 -3.600324 -0.410306
59.130000 -0.078344 -3.599419 -0.410262
59.135000 -0.096335 -3.598244 -0.410218
59.140000 -0.114319 -3.596799 -0.410174
59.145000 -0.132295 -3.595084 -0.410130
59.150000 -0.150260 -3.593100 -0.410086
59.155000 -0.168214 -3.590846 -0.410043
59.160000 -0.186156 -3.588322 -0.409999
59.165000 -0.204084 -3.585530 -0.409956
59.170000 -0.221996 -3.582469 -0.409912
59.175000 -0.239892 -3.579139 -0.409869
59.180000 -0.257769 -3.575540 -0.409826
59.185000 -0.275628 -3.571674 -0.409783
59.190000 -0.293465 -3.567540 -0.409741
59.195000 -0.311281 -3.563138 -0.409698
59.200000 -0.329074 -3.558468 -0.409656
59.205000 -0.346841 -3.553532 -0.409614
59.210000 -0.364583 -3.548330 -0.409573
59.215000 -0.382297 -3.542861 -0.409531
59.220000 -0.399983 -3.537126 -0.409490
59.225000 -0.417638 -3.531127 -0.409449
59.230000 -0.435263 -3.524862 -0.409408
59.235000 -0.452854 -3.518333 -0.409368
59.240000 -0.470412 -3.511540 -0.409328
59.245000 -0.487934 -3.504484 -0.409289
59.250000 -0.505420 -3.497165 -0.409249
59.255000 -0.522868 -3.489584 -0.409211
59.260000 -0.540277 -3.481741 -0.409172
59.265000 -0.557645 -3.473637 -0.409134
59.270000 -0.574971 -3.465272 -0.409096
59.275000 -0.592255 -3.456647 -0.409059
59.280000 -0.609494 -3.447764 -0.409022
59.285000 -0.626687 -3.438621 -0.408985
59.290000 -0.643833 -3.429221 -0.408949
59.295000 -0.660931 -3.419563 -0.408914
59.300000 -0.677979 -3.409649 -0.408878
59.305000 -0.694976 -3.399480 -0.408844
59.310000 -0.711921 -3.389055 -0.408809
59.315000 -0.728813 -3.378376 -0.408776
59.320000 -0.745651 -3.367444 -0.408743
59.325000 -0.762432 -3.356259 -0.408710
59.330000 -0.779156 -3.344823 -0.408678
59.335000 -0.795822 -3.333136 -0.408646
59.340000 -0.812428 -3.321198 -0.408615
59.345000 -0.828973 -3.309012 -0.408584
59.350000 -0.845456 -3.296577 -0.408554
59.355000 -0.861875 -3.283895 -0.408525
59.360000 -0.878230 -3.270967 -0.408496
59.365000 -0.894519 -3.257794 -0.408468
59.370000 -0.910741 -3.244376 -0.408440
59.375000 -0.926894 -3.230715 -0.408413
59.380000 -0.942978 -3.216811 -0.408386
59.385000 -0.958992 -3.202667 -0.408360
59.390000 -0.974933 -3.188282 -0.408335
59.395000 -0.990801 -3.173658 -0.408311
59.400000 -1.006595 -3.158796 -0.408287
59.405000 -1.022314 -3.143697 -0.408263
59.410000 -1.037956 -3.128362 -0.408241
59.415000 -1.053520 -3.112793 -0.408219
59.420000 -1.069005 -3.096990 -0.408197
59.425000 -1.084409 -3.080955 -0.408177
59.430000 -1.099733 -3.064689 -0.408157
59.435000 -1.114974 -3.048193 -0.408137
59.440000 -1.130131 -3.031468 -0.408119
59.445000 -1.145204 -3.014516 -0.408101
59.450000 -1.160190 -2.997338 -0.408084
59.455000 -1.175090 -2.979935 -0.408067
59.460000 -1.189902 -2.962309 -0.408051
59.465000 -1.204624 -2.944461 -0.408036
59.470000 -1.219256 -2.926391 -0.408022
59.475000 -1.233796 -2.908102 -0.408008
59.480000 -1.248244 -2.889595 -0.407995
59.485000 -1.262599 -2.870872 -0.407983
59.490000 -1.276858 -2.851933 -0.407972
59.495000 -1.291022 -2.832780 -0.407961
59.500000 -1.305089 -2.813415 -0.407951
59.505000 -1.319059 -2.793838 -0.407942
59.510000 -1.332929 -2.774052 -0.407933
59.515000 -1.346699 -2.754058 -0.407926
59.520000 -1.360368 -2.733858 -0.407919
59.525000 -1.373936 -2.713452 -0.407913
59.530000 -1.387400 -2.692843 -0.407907
59.535000 -1.400760 -2.672032 -0.407903
59.540000 -1.414015 -2.651021 -0.407899
59.545000 -1.427164 -2.629811 -0.407896
59.550000 -1.440206 -2.608403 -0.407893
59.555000 -1.453140 -2.586800 -0.407892
59.560000 -1.465965 -2.565003 -0.407891
59.565000 -1.478680 -2.543014 -0.407891
59.570000 -1.491284 -2.520833 -0.407891
59.575000 -1.503777 -2.498464 -0.407893
59.580000 -1.516156 -2.475907 -0.407895
59.585000 -1.528422 -2.453165 -0.407898
59.590000 -1.540573 -2.430239 -0.407902
59.595000 -1.552609 -2.407130 -0.407906
59.600000 -1.564528 -2.383841 -0.407912
59.605000 -1.576330 -2.360373 -0.407918
59.610000 -1.588014 -2.336728 -0.407924
59.615000 -1.599578 -2.312908 -0.407932
59.620000 -1.611023 -2.288914 -0.407940
59.625000 -1.622347 -2.264749 -0.407949
59.630000 -1.633549 -2.240414 -0.407959
59.635000 -1.644628 -2.215911 -0.407970
59.640000 -1.655584 -2.191241 -0.407981
59.645000 -1.666416 -2.166407 -0.407993
59.650000 -1.677124 -2.141411 -0.408006
59.655000 -1.687705 -2.116254 -0.408019
59.660000 -1.698159 -2.090939 -0.408034
59.665000 -1.708487 -2.065466 -0.408049
59.670000 -1.718686 -2.039839 -0.408064
59.675000 -1.728756 -2.014059 -0.408081
59.680000 -1.738697 -1.988127 -0.408098
59.685000 -1.748507 -1.962047 -0.408115
59.690000 -1.758186 -1.935819 -0.408134
59.695000 -1.767733 -1.909446 -0.408153
59.700000 -1.777148 -1.882930 -0.408173
59.705000 -1.786430 -1.856273 -0.408194
59.710000 -1.795577 -1.829477 -0.408215
59.715000 -1.804590 -1.802543 -0.408237
59.720000 -1.813467 -1.775474 -0.408259
59.725000 -1.822208 -1.748272 -0.408282
59.730000 -1.830813 -1.720939 -0.408306
59.735000 -1.839280 -1.693477 -0.408331
59.740000 -1.847610 -1.665888 -0.408356
59.745000 -1.855801 -1.638174 -0.408382
59.750000 -1.863852 -1.610337 -0.408408
59.755000 -1.871764 -1.582379 -0.408435
59.760000 -1.879536 -1.554302 -0.408463
59.765000 -1.887166 -1.526109 -0.408491
59.770000 -1.894655 -1.497802 -0.408520
59.775000 -1.902002 -1.469382 -0.408549
59.780000 -1.909207 -1.440852 -0.408579
59.785000 -1.916268 -1.412214 -0.408609
59.790000 -1.923185 -1.383470 -0.408640
59.795000 -1.929958 -1.354622 -0.408672
59.800000 -1.936586 -1.325673 -0.408704
59.805000 -1.943070 -1.296624 -0.408737
59.810000 -1.949407 -1.267478 -0.408770
59.815000 -1.955598 -1.238237 -0.408804
59.820000 -1.961643 -1.208903 -0.408838
59.825000 -1.967540 -1.179478 -0.408872
59.830000 -1.973290 -1.149965 -0.408907
59.835000 -1.978892 -1.120366 -0.408943
59.840000 -1.984345 -1.090682 -0.408979
59.845000 -1.989650 -1.060917 -0.409015
59.850000 -1.994805 -1.031072 -0.409052
59.855000 -1.999811 -1.001150 -0.409089
59.860000 -2.004667 -0.971153 -0.409127
59.865000 -2.009372 -0.941083 -0.409165
59.870000 -2.013927 -0.910943 -0.409204
59.875000 -2.018330 -0.880734 -0.409243
59.880000 -2.022583 -0.850459 -0.409282
59.885000 -2.026683 -0.820120 -0.409321
59.890000 -2.030632 -0.789720 -0.409361
59.895000 -2.034428 -0.759260 -0.409401
59.900000 -2.038072 -0.728744 -0.409442
59.905000 -2.041563 -0.698173 -0.409483
59.910000 -2.044900 -0.667549 -0.409524
59.915000 -2.048085 -0.636876 -0.409565
59.920000 -2.051116 -0.606155 -0.409607
59.925000 -2.053993 -0.575388 -0.409649
59.930000 -2.056715 -0.544578 -0.409691
59.935000 -2.059284 -0.513727 -0.409733
59.940000 -2.061698 -0.482838 -0.409776
59.945000 -2.063958 -0.451912 -0.409819
59.950000 -2.066063 -0.420953 -0.409862
59.955000 -2.068012 -0.389962 -0.409905
59.960000 -2.069807 -0.358942 -0.409948
59.965000 -2.071447 -0.327895 -0.409991
59.970000 -2.072931 -0.296823 -0.410035
59.975000 -2.074259 -0.265729 -0.410079
59.980000 -2.075432 -0.234615 -0.410123
59.985000 -2.076450 -0.203484 -0.410166
59.990000 -2.077312 -0.172337 -0.410210
59.995000 -2.078017 -0.141177 -0.410255
60.000000 -2.078567 -0.110007 -0.410299
60.005000 -2.078962 -0.078829 -0.410343
60.010000 -2.079200 -0.047644 -0.410387
60.015000 -2.079282 -0.016456 -0.410431
60.020000 -2.079208 0.014733 -0.410475
60.025000 -2.078979 0.045921 -0.410520
60.030000 -2.078593 0.077106 -0.410564
60.035000 -2.078052 0.108285 -0.410608
60.040000 -2.077355 0.139456 -0.410652
60.045000 -2.076502 0.170616 -0.410696
60.050000 -2.075493 0.201763 -0.410740
60.055000 -2.074328 0.232896 -0.410784
60.060000 -2.073008 0.264011 -0.410828
60.065000 -2.071533 0.295106 -0.410871
60.070000 -2.069902 0.326179 -0.410915
60.075000 -2.068116 0.357227 -0.410958
60.080000 -2.066174 0.388249 -0.411001
60.085000 -2.064078 0.419242 -0.411045
60.090000 -2.061827 0.450203 -0.411087
60.095000 -2.059422 0.481130 -0.411130
60.100000 -2.056861 0.512022 -0.411173
60.105000 -2.054147 0.542874 -0.411215
60.110000 -2.051279 0.573687 -0.411257
60.115000 -2.048256 0.604456 -0.411299
60.120000 -2.045080 0.635180 -0.411340
60.125000 -2.041751 0.665856 -0.411381
60.130000 -2.038269 0.696482 -0.411422
60.135000 -2.034633 0.727056 -0.411463
60.140000 -2.030846 0.757576 -0.411504
60.145000 -2.026905 0.788038 -0.411544
60.150000 -2.022813 0.818442 -0.411583
60.155000 -2.018569 0.848784 -0.411623
60.160000 -2.014174 0.879063 -0.411662
60.165000 -2.009628 0.909275 -0.411700
60.170000 -2.004930 0.939420 -0.411739
60.175000 -2.000083 0.969494 -0.411777
60.180000 -1.995086 0.999495 -0.411814
60.185000 -1.989938 1.029421 -0.411851
60.190000 -1.984642 1.059270 -0.411888
60.195000 -1.979197 1.089040 -0.411924
60.200000 -1.973603 1.118728 -0.411960
60.205000 -1.967862 1.148332 -0.411995
60.210000 -1.961972 1.177850 -0.412030
60.215000 -1.955936 1.207279 -0.412065
60.220000 -1.949753 1.236618 -0.412098
60.225000 -1.943424 1.265865 -0.412132
60.230000 -1.936948 1.295016 -0.412165
60.235000 -1.930328 1.324070 -0.412197
60.240000 -1.923563 1.353025 -0.412229
60.245000 -1.916654 1.381879 -0.412260
60.250000 -1.909600 1.410629 -0.412291
60.255000 -1.902404 1.439273 -0.412321
60.260000 -1.895065 1.467809 -0.412351
60.265000 -1.887584 1.496235 -0.412380
60.270000 -1.879961 1.524548 -0.412409
60.275000 -1.872197 1.552748 -0.412437
60.280000 -1.864293 1.580831 -0.412464
60.285000 -1.856249 1.608795 -0.412491
60.290000 -1.848066 1.636639 -0.412517
60.295000 -1.839744 1.664360 -0.412542
60.300000 -1.831284 1.691956 -0.412567
60.305000 -1.822687 1.719425 -0.412591
60.310000 -1.813953 1.746766 -0.412615
60.315000 -1.805084 1.773975 -0.412638
60.320000 -1.796078 1.801051 -0.412660
60.325000 -1.786938 1.827992 -0.412682
60.330000 -1.777664 1.854796 -0.412703
60.335000 -1.768257 1.881461 -0.412723
60.340000 -1.758717 1.907985 -0.412742
60.345000 -1.749045 1.934366 -0.412761
60.350000 -1.739242 1.960602 -0.412780
60.355000 -1.729309 1.986690 -0.412797
60.360000 -1.719246 2.012630 -0.412814
60.365000 -1.709054 2.038419 -0.412830
60.370000 -1.698733 2.064054 -0.412845
60.375000 -1.688286 2.089535 -0.412860
60.380000 -1.677711 2.114860 -0.412874
60.385000 -1.667011 2.140025 -0.412887
60.390000 -1.656186 2.165031 -0.412899
60.395000 -1.645237 2.189873 -0.412911
60.400000 -1.634164 2.214552 -0.412922
60.405000 -1.622969 2.239064 -0.412932
60.410000 -1.611652 2.263409 -0.412942
60.415000 -1.600214 2.287584 -0.412950
60.420000 -1.588656 2.311587 -0.412958
60.425000 -1.576979 2.335417 -0.412966
60.430000 -1.565183 2.359071 -0.412972
60.435000 -1.553271 2.382549 -0.412978
60.440000 -1.541241 2.405848 -0.412983
60.445000 -1.529097 2.428967 -0.412987
60.450000 -1.516837 2.451903 -0.412990
60.455000 -1.504464 2.474656 -0.412993
60.460000 -1.491978 2.497223 -0.412995
60.465000 -1.479380 2.519602 -0.412996
60.470000 -1.466671 2.541793 -0.412996
60.475000 -1.453852 2.563793 -0.412996
60.480000 -1.440924 2.585601 -0.412995
60.485000 -1.427888 2.607215 -0.412993
60.490000 -1.414744 2.628633 -0.412990
60.495000 -1.401495 2.649854 -0.412987
60.500000 -1.388141 2.670877 -0.412982
60.505000 -1.374682 2.691699 -0.412977
60.510000 -1.361121 2.712319 -0.412972
60.515000 -1.347457 2.732736 -0.412965
60.520000 -1.333692 2.752948 -0.412958
60.525000 -1.319828 2.772953 -0.412950
60.530000 -1.305864 2.792750 -0.412941
60.535000 -1.291802 2.812338 -0.412932
60.540000 -1.277643 2.831715 -0.412921
60.545000 -1.263389 2.850880 -0.412910
60.550000 -1.249040 2.869831 -0.412899
60.555000 -1.234597 2.888567 -0.412886
60.560000 -1.220062 2.907086 -0.412873
60.565000 -1.205435 2.925386 -0.412859
60.570000 -1.190717 2.943468 -0.412844
60.575000 -1.175911 2.961329 -0.412829
60.580000 -1.161016 2.978967 -0.412813
60.585000 -1.146034 2.996383 -0.412796
60.590000 -1.130966 3.013573 -0.412778
60.595000 -1.115813 3.030538 -0.412760
60.600000 -1.100577 3.047275 -0.412741
60.605000 -1.085258 3.063783 -0.412722
60.610000 -1.069858 3.080062 -0.412701
60.615000 -1.054377 3.096110 -0.412680
60.620000 -1.038818 3.111926 -0.412659
60.625000 -1.023180 3.127508 -0.412636
60.630000 -1.007466 3.142856 -0.412613
60.635000 -0.991676 3.157968 -0.412590
60.640000 -0.975812 3.172843 -0.412566
60.645000 -0.959874 3.187480 -0.412541
60.650000 -0.943865 3.201878 -0.412515
60.655000 -0.927785 3.216036 -0.412489
60.660000 -0.911635 3.229953 -0.412462
60.665000 -0.895417 3.243628 -0.412435
60.670000 -0.879132 3.257059 -0.412407
60.675000 -0.862780 3.270246 -0.412378
60.680000 -0.846364 3.283187 -0.412349
60.685000 -0.829885 3.295883 -0.412319
60.690000 -0.813343 3.308331 -0.412289
60.695000 -0.796741 3.320531 -0.412258
60.700000 -0.780078 3.332482 -0.412227
60.705000 -0.763357 3.344184 -0.412195
60.710000 -0.746579 3.355634 -0.412163
60.715000 -0.729745 3.366833 -0.412130
60.720000 -0.712856 3.377779 -0.412096
60.725000 -0.695914 3.388472 -0.412062
60.730000 -0.678919 3.398910 -0.412028
60.735000 -0.661874 3.409094 -0.411993
60.740000 -0.644779 3.419022 -0.411958
60.745000 -0.627635 3.428694 -0.411922
60.750000 -0.610445 3.438109 -0.411886
60.755000 -0.593208 3.447265 -0.411849
60.760000 -0.575928 3.456163 -0.411812
60.765000 -0.558604 3.464802 -0.411774
60.770000 -0.541238 3.473181 -0.411736
60.775000 -0.523831 3.481300 -0.411698
60.780000 -0.506385 3.489157 -0.411659
60.785000 -0.488902 3.496753 -0.411620
60.790000 -0.471381 3.504087 -0.411581
60.795000 -0.453825 3.511157 -0.411541
60.800000 -0.436235 3.517965 -0.411501
60.805000 -0.418613 3.524508 -0.411461
60.810000 -0.400959 3.530787 -0.411420
60.815000 -0.383275 3.536802 -0.411379
60.820000 -0.365562 3.542551 -0.411338
60.825000 -0.347822 3.548034 -0.411296
60.830000 -0.330056 3.553252 -0.411254
60.835000 -0.312265 3.558203 -0.411212
60.840000 -0.294450 3.562887 -0.411170
60.845000 -0.276614 3.567303 -0.411127
60.850000 -0.258757 3.571453 -0.411085
60.855000 -0.240880 3.575334 -0.411042
60.860000 -0.222985 3.578947 -0.410999
60.865000 -0.205074 3.582292 -0.410955
60.870000 -0.187147 3.585368 -0.410912
60.875000 -0.169206 3.588175 -0.410869
60.880000 -0.151252 3.590713 -0.410825
60.885000 -0.133288 3.592982 -0.410781
60.890000 -0.115313 3.594981 -0.410737
60.895000 -0.097329 3.596711 -0.410693
60.900000 -0.079338 3.598171 -0.410649
60.905000 -0.061341 3.599361 -0.410605
60.910000 -0.043340 3.600281 -0.410561
60.915000 -0.025335 3.600931 -0.410517
60.920000 -0.007329 3.601311 -0.410473
60.925000 0.010678 3.601421 -0.410428
60.930000 0.028685 3.601261 -0.410384
60.935000 0.046689 3.600831 -0.410340
60.940000 0.064689 3.600130 -0.410296
60.945000 0.082685 3.599160 -0.410252
60.950000 0.100675 3.597920 -0.410208
60.955000 0.118657 3.596410 -0.410164
60.960000 0.136630 3.594630 -0.410120
60.965000 0.154593 3.592580 -0.410076
60.970000 0.172544 3.590262 -0.410032
60.975000 0.190483 3.587673 -0.409989
60.980000 0.208407 3.584816 -0.409945
60.985000 0.226315 3.581690 -0.409902
60.990000 0.244207 3.578295 -0.409859
60.995000 0.262080 3.574632 -0.409816
61.000000 0.279933 3.570701 -0.409773
61.005000 0.297766 3.566502 -0.409730
61.010000 0.315576 3.562035 -0.409688
61.015000 0.333362 3.557302 -0.409646
61.020000 0.351124 3.552301 -0.409604
61.025000 0.368859 3.547035 -0.409562
61.030000 0.386567 3.541502 -0.409521
61.035000 0.404245 3.535703 -0.409480
61.040000 0.421893 3.529639 -0.409439
61.045000 0.439510 3.523311 -0.409399
61.050000 0.457094 3.516718 -0.409359
61.055000 0.474643 3.509862 -0.409319
61.060000 0.492157 3.502742 -0.409279
61.065000 0.509633 3.495360 -0.409240
61.070000 0.527072 3.487716 -0.409201
61.075000 0.544471 3.479809 -0.409163
61.080000 0.561829 3.471642 -0.409125
61.085000 0.579145 3.463215 -0.409087
61.090000 0.596418 3.454528 -0.409050
61.095000 0.613646 3.445582 -0.409013
61.100000 0.630828 3.436377 -0.408977
61.105000 0.647962 3.426914 -0.408941
61.110000 0.665048 3.417195 -0.408905
61.115000 0.682084 3.407219 -0.408870
61.120000 0.699069 3.396988 -0.408835
61.125000 0.716002 3.386502 -0.408801
61.130000 0.732881 3.375762 -0.408768
61.135000 0.749704 3.364769 -0.408735
61.140000 0.766472 3.353523 -0.408702
61.145000 0.783182 3.342026 -0.408670
61.150000 0.799834 3.330278 -0.408638
61.155000 0.816425 3.318281 -0.408607
61.160000 0.832955 3.306034 -0.408577
61.165000 0.849423 3.293540 -0.408547
61.170000 0.865827 3.280799 -0.408518
61.175000 0.882166 3.267811 -0.408489
61.180000 0.898439 3.254579 -0.408461
61.185000 0.914644 3.241102 -0.408433
61.190000 0.930781 3.227383 -0.408406
61.195000 0.946848 3.213421 -0.408380
61.200000 0.962844 3.199218 -0.408354
61.205000 0.978768 3.184776 -0.408329
61.210000 0.994619 3.170094 -0.408305
61.215000 1.010395 3.155175 -0.408281
61.220000 1.026095 3.140019 -0.408258
61.225000 1.041718 3.124627 -0.408235
61.230000 1.057263 3.109002 -0.408213
61.235000 1.072729 3.093143 -0.408192
61.240000 1.088114 3.077052 -0.408172
61.245000 1.103417 3.060730 -0.408152
61.250000 1.118638 3.044179 -0.408133
61.255000 1.133775 3.027399 -0.408114
61.260000 1.148827 3.010393 -0.408097
61.265000 1.163793 2.993160 -0.408079
61.270000 1.178672 2.975703 -0.408063
61.275000 1.193462 2.958023 -0.408048
61.280000 1.208162 2.940121 -0.408033
61.285000 1.222772 2.921999 -0.408018
61.290000 1.237291 2.903657 -0.408005
61.295000 1.251716 2.885098 -0.407992
61.300000 1.266048 2.866322 -0.407980
61.305000 1.280284 2.847331 -0.407969
61.310000 1.294425 2.828127 -0.407959
61.315000 1.308469 2.808711 -0.407949
61.320000 1.322414 2.789084 -0.407940
61.325000 1.336260 2.769248 -0.407932
61.330000 1.350006 2.749204 -0.407924
61.335000 1.363651 2.728954 -0.407917
61.340000 1.377194 2.708499 -0.407911
61.345000 1.390633 2.687841 -0.407906
61.350000 1.403968 2.666981 -0.407902
61.355000 1.417197 2.645922 -0.407898
61.360000 1.430321 2.624664 -0.407895
61.365000 1.443337 2.603209 -0.407893
61.370000 1.456244 2.581559 -0.407891
61.375000 1.469043 2.559715 -0.407891
61.380000 1.481731 2.537680 -0.407891
61.385000 1.494309 2.515454 -0.407892
61.390000 1.506774 2.493039 -0.407893
61.395000 1.519126 2.470438 -0.407896
61.400000 1.531364 2.447651 -0.407899
61.405000 1.543488 2.424680 -0.407903
61.410000 1.555495 2.401528 -0.407908
61.415000 1.567386 2.378195 -0.407913
61.420000 1.579160 2.354685 -0.407919
61.425000 1.590815 2.330997 -0.407926
61.430000 1.602350 2.307135 -0.407934
61.435000 1.613766 2.283100 -0.407942
61.440000 1.625060 2.258893 -0.407952
61.445000 1.636233 2.234517 -0.407962
61.450000 1.647283 2.209974 -0.407972
61.455000 1.658209 2.185265 -0.407984
61.460000 1.669011 2.160392 -0.407996
61.465000 1.679688 2.135356 -0.408009
61.470000 1.690239 2.110161 -0.408023
61.475000 1.700663 2.084807 -0.408037
61.480000 1.710959 2.059298 -0.408052
61.485000 1.721127 2.033633 -0.408068
61.490000 1.731166 2.007816 -0.408085
61.495000 1.741076 1.981849 -0.408102
61.500000 1.750854 1.955733 -0.408120
61.505000 1.760502 1.929470 -0.408139
61.510000 1.770017 1.903062 -0.408158
61.515000 1.779400 1.876512 -0.408178
61.520000 1.788649 1.849821 -0.408199
61.525000 1.797764 1.822991 -0.408220
61.530000 1.806744 1.796025 -0.408242
61.535000 1.815588 1.768924 -0.408265
61.540000 1.824297 1.741690 -0.408288
61.545000 1.832868 1.714325 -0.408312
61.550000 1.841303 1.686832 -0.408337
61.555000 1.849599 1.659213 -0.408362
61.560000 1.857756 1.631469 -0.408388
61.565000 1.865774 1.603602 -0.408415
61.570000 1.873652 1.575616 -0.408442
61.575000 1.881390 1.547511 -0.408469
61.580000 1.888986 1.519290 -0.408498
61.585000 1.896441 1.490955 -0.408527
61.590000 1.903753 1.462509 -0.408556
61.595000 1.910923 1.433953 -0.408586
61.600000 1.917950 1.405289 -0.408617
61.605000 1.924832 1.376519 -0.408648
61.610000 1.931571 1.347647 -0.408680
61.615000 1.938164 1.318673 -0.408712
61.620000 1.944612 1.289601 -0.408745
61.625000 1.950914 1.260432 -0.408778
61.630000 1.957070 1.231168 -0.408812
61.635000 1.963079 1.201812 -0.408846
61.640000 1.968941 1.172366 -0.408881
61.645000 1.974655 1.142832 -0.408916
61.650000 1.980221 1.113212 -0.408952
61.655000 1.985639 1.083509 -0.408988
61.660000 1.990907 1.053724 -0.409024
61.665000 1.996026 1.023860 -0.409061
61.670000 2.000996 0.993920 -0.409099
61.675000 2.005816 0.963905 -0.409136
61.680000 2.010485 0.933818 -0.409174
61.685000 2.015003 0.903661 -0.409213
61.690000 2.019370 0.873436 -0.409252
61.695000 2.023586 0.843145 -0.409291
61.700000 2.027650 0.812791 -0.409331
61.705000 2.031562 0.782376 -0.409371
61.710000 2.035321 0.751903 -0.409411
61.715000 2.038928 0.721373 -0.409452
61.720000 2.042382 0.690789 -0.409493
61.725000 2.045683 0.660154 -0.409534
61.730000 2.048830 0.629468 -0.409575
61.735000 2.051824 0.598736 -0.409617
61.740000 2.054664 0.567958 -0.409659
61.745000 2.057349 0.537139 -0.409701
61.750000 2.059881 0.506278 -0.409743
61.755000 2.062258 0.475380 -0.409786
61.760000 2.064480 0.444446 -0.409829
61.765000 2.066547 0.413479 -0.409872
61.770000 2.068460 0.382481 -0.409915
61.775000 2.070217 0.351454 -0.409958
61.780000 2.071819 0.320401 -0.410002
61.785000 2.073266 0.289323 -0.410046
61.790000 2.074557 0.258224 -0.410089
61.795000 2.075692 0.227106 -0.410133
61.800000 2.076672 0.195971 -0.410177
61.805000 2.077496 0.164821 -0.410221
61.810000 2.078164 0.133658 -0.410265
61.815000 2.078677 0.102486 -0.410309
61.820000 2.079033 0.071306 -0.410353
61.825000 2.079234 0.040120 -0.410398
61.830000 2.079279 0.008931 -0.410442
61.835000 2.079167 -0.022258 -0.410486
61.840000 2.078900 -0.053445 -0.410530
61.845000 2.078477 -0.084629 -0.410574
61.850000 2.077898 -0.115806 -0.410619
61.855000 2.077163 -0.146974 -0.410663
61.860000 2.076272 -0.178132 -0.410707
61.865000 2.075226 -0.209276 -0.410751
61.870000 2.074024 -0.240404 -0.410795
61.875000 2.072666 -0.271515 -0.410838
61.880000 2.071153 -0.302605 -0.410882
61.885000 2.069485 -0.333672 -0.410925
61.890000 2.067661 -0.364714 -0.410969
61.895000 2.065683 -0.395729 -0.411012
61.900000 2.063549 -0.426714 -0.411055
61.905000 2.061261 -0.457668 -0.411098
61.910000 2.058818 -0.488586 -0.411140
61.915000 2.056221 -0.519469 -0.411183
61.920000 2.053469 -0.550312 -0.411225
61.925000 2.050564 -0.581114 -0.411267
61.930000 2.047504 -0.611873 -0.411309
61.935000 2.044291 -0.642585 -0.411350
61.940000 2.040925 -0.673249 -0.411391
61.945000 2.037406 -0.703863 -0.411432
61.950000 2.033734 -0.734424 -0.411473
61.955000 2.029909 -0.764930 -0.411513
61.960000 2.025932 -0.795379 -0.411553
61.965000 2.021803 -0.825768 -0.411593
61.970000 2.017523 -0.856095 -0.411632
61.975000 2.013091 -0.886358 -0.411671
61.980000 2.008508 -0.916554 -0.411710
61.985000 2.003775 -0.946682 -0.411748
61.990000 1.998891 -0.976739 -0.411786
61.995000 1.993857 -1.006722 -0.411823
62.000000 1.988674 -1.036630 -0.411860
62.005000 1.983342 -1.066460 -0.411897
62.010000 1.977861 -1.096210 -0.411933
62.015000 1.972232 -1.125878 -0.411969
62.020000 1.966454 -1.155461 -0.412004
62.025000 1.960529 -1.184958 -0.412039
62.030000 1.954458 -1.214366 -0.412073
62.035000 1.948239 -1.243683 -0.412107
62.040000 1.941875 -1.272907 -0.412140
62.045000 1.935364 -1.302035 -0.412173
62.050000 1.928709 -1.331065 -0.412205
62.055000 1.921909 -1.359996 -0.412237
62.060000 1.914965 -1.388824 -0.412268
62.065000 1.907877 -1.417549 -0.412299
62.070000 1.900646 -1.446167 -0.412329
62.075000 1.893273 -1.474677 -0.412358
62.080000 1.885758 -1.503076 -0.412387
62.085000 1.878101 -1.531362 -0.412415
62.090000 1.870303 -1.559534 -0.412443
62.095000 1.862365 -1.587588 -0.412470
62.100000 1.854288 -1.615524 -0.412497
62.105000 1.846071 -1.643338 -0.412523
62.110000 1.837716 -1.671029 -0.412548
62.115000 1.829223 -1.698595 -0.412573
62.120000 1.820593 -1.726033 -0.412597
62.125000 1.811826 -1.753342 -0.412621
62.130000 1.802923 -1.780520 -0.412643
62.135000 1.793886 -1.807563 -0.412665
62.140000 1.784713 -1.834472 -0.412687
62.145000 1.775407 -1.861242 -0.412708
62.150000 1.765968 -1.887873 -0.412728
62.155000 1.756396 -1.914363 -0.412747
62.160000 1.746692 -1.940709 -0.412766
62.165000 1.736858 -1.966909 -0.412784
62.170000 1.726893 -1.992962 -0.412801
62.175000 1.716799 -2.018866 -0.412818
62.180000 1.706575 -2.044618 -0.412834
62.185000 1.696224 -2.070216 -0.412849
62.190000 1.685746 -2.095660 -0.412863
62.195000 1.675141 -2.120946 -0.412877
62.200000 1.664411 -2.146073 -0.412890
62.205000 1.653556 -2.171039 -0.412902
62.210000 1.642577 -2.195842 -0.412914
62.215000 1.631474 -2.220481 -0.412925
62.220000 1.620249 -2.244953 -0.412935
62.225000 1.608903 -2.269257 -0.412944
62.230000 1.597436 -2.293390 -0.412952
62.235000 1.585849 -2.317352 -0.412960
62.240000 1.574144 -2.341140 -0.412967
62.245000 1.562320 -2.364752 -0.412974
62.250000 1.550379 -2.388187 -0.412979
62.255000 1.538322 -2.411442 -0.412984
62.260000 1.526149 -2.434517 -0.412988
62.265000 1.513862 -2.457409 -0.412991
62.270000 1.501462 -2.480117 -0.412994
62.275000 1.488948 -2.502639 -0.412995
62.280000 1.476324 -2.524974 -0.412996
62.285000 1.463588 -2.547118 -0.412996
62.290000 1.450743 -2.569072 -0.412996
62.295000 1.437788 -2.590833 -0.412994
62.300000 1.424726 -2.612400 -0.412992
62.305000 1.411558 -2.633771 -0.412989
62.310000 1.398283 -2.654944 -0.412986
62.315000 1.384903 -2.675919 -0.412981
62.320000 1.371420 -2.696692 -0.412976
62.325000 1.357833 -2.717263 -0.412970
62.330000 1.344145 -2.737631 -0.412963
62.335000 1.330356 -2.757793 -0.412956
62.340000 1.316468 -2.777749 -0.412948
62.345000 1.302480 -2.797496 -0.412939
62.350000 1.288395 -2.817033 -0.412929
62.355000 1.274213 -2.836359 -0.412919
62.360000 1.259936 -2.855472 -0.412908
62.365000 1.245564 -2.874371 -0.412896
62.370000 1.231099 -2.893054 -0.412883
62.375000 1.216541 -2.911521 -0.412870
62.380000 1.201892 -2.929769 -0.412855
62.385000 1.187153 -2.947797 -0.412841
62.390000 1.172325 -2.965605 -0.412825
62.395000 1.157409 -2.983190 -0.412809
62.400000 1.142407 -3.000551 -0.412792
62.405000 1.127318 -3.017687 -0.412774
62.410000 1.112145 -3.034597 -0.412756
62.415000 1.096889 -3.051279 -0.412737
62.420000 1.081550 -3.067732 -0.412717
62.425000 1.066130 -3.083955 -0.412696
62.430000 1.050631 -3.099947 -0.412675
62.435000 1.035052 -3.115707 -0.412653
62.440000 1.019396 -3.131232 -0.412631
62.445000 1.003663 -3.146523 -0.412608
62.450000 0.987855 -3.161578 -0.412584
62.455000 0.971973 -3.176396 -0.412560
62.460000 0.956018 -3.190976 -0.412535
62.465000 0.939992 -3.205316 -0.412509
62.470000 0.923895 -3.219416 -0.412483
62.475000 0.907728 -3.233274 -0.412456
62.480000 0.891494 -3.246890 -0.412428
62.485000 0.875193 -3.260263 -0.412400
62.490000 0.858826 -3.273391 -0.412371
62.495000 0.842394 -3.286273 -0.412342
62.500000 0.825900 -3.298909 -0.412312
62.505000 0.809343 -3.311297 -0.412282
62.510000 0.792726 -3.323438 -0.412251
62.515000 0.776050 -3.335328 -0.412219
62.520000 0.759315 -3.346969 -0.412187
62.525000 0.742523 -3.358359 -0.412155
62.530000 0.725675 -3.369497 -0.412122
62.535000 0.708773 -3.380382 -0.412088
62.540000 0.691818 -3.391013 -0.412054
62.545000 0.674811 -3.401391 -0.412020
62.550000 0.657754 -3.411513 -0.411985
62.555000 0.640647 -3.421379 -0.411949
62.560000 0.623492 -3.430989 -0.411913
62.565000 0.606290 -3.440341 -0.411877
62.570000 0.589043 -3.449436 -0.411840
62.575000 0.571752 -3.458271 -0.411803
62.580000 0.554418 -3.466848 -0.411765
62.585000 0.537042 -3.475164 -0.411727
62.590000 0.519626 -3.483219 -0.411689
62.595000 0.502171 -3.491014 -0.411650
62.600000 0.484678 -3.498546 -0.411611
62.605000 0.467149 -3.505817 -0.411571
62.610000 0.449585 -3.512824 -0.411531
62.615000 0.431987 -3.519568 -0.411491
62.620000 0.414357 -3.526047 -0.411451
62.625000 0.396695 -3.532263 -0.411410
62.630000 0.379004 -3.538213 -0.411369
62.635000 0.361285 -3.543898 -0.411328
62.640000 0.343538 -3.549318 -0.411286
62.645000 0.325766 -3.554471 -0.411244
62.650000 0.307969 -3.559357 -0.411202
62.655000 0.290149 -3.563977 -0.411160
62.660000 0.272307 -3.568329 -0.411117
62.665000 0.254445 -3.572413 -0.411074
62.670000 0.236564 -3.576230 -0.411031
62.675000 0.218665 -3.579779 -0.410988
62.680000 0.200750 -3.583059 -0.410945
62.685000 0.182820 -3.586070 -0.410902
62.690000 0.164876 -3.588812 -0.410858
62.695000 0.146919 -3.591285 -0.410814
62.700000 0.128952 -3.593489 -0.410770
62.705000 0.110975 -3.595423 -0.410727
62.710000 0.092989 -3.597088 -0.410683
62.715000 0.074997 -3.598483 -0.410639
62.720000 0.056999 -3.599608 -0.410594
62.725000 0.038996 -3.600463 -0.410550
62.730000 0.020991 -3.601048 -0.410506
62.735000 0.002984 -3.601363 -0.410462
62.740000 -0.015023 -3.601407 -0.410418
62.745000 -0.033029 -3.601182 -0.410373
62.750000 -0.051032 -3.600687 -0.410329
62.755000 -0.069032 -3.599921 -0.410285
62.760000 -0.087026 -3.598886 -0.410241
62.765000 -0.105014 -3.597580 -0.410197
62.770000 -0.122994 -3.596005 -0.410153
62.775000 -0.140965 -3.594160 -0.410109
62.780000 -0.158925 -3.592046 -0.410065
62.785000 -0.176873 -3.589662 -0.410022
62.790000 -0.194808 -3.587009 -0.409978
62.795000 -0.212729 -3.584086 -0.409935
62.800000 -0.230633 -3.580896 -0.409891
62.805000 -0.248520 -3.577436 -0.409848
62.810000 -0.266389 -3.573708 -0.409805
62.815000 -0.284238 -3.569712 -0.409763
62.820000 -0.302065 -3.565449 -0.409720
62.825000 -0.319869 -3.560918 -0.409678
62.830000 -0.337650 -3.556120 -0.409636
62.835000 -0.355405 -3.551055 -0.409594
62.840000 -0.373134 -3.545724 -0.409552
62.845000 -0.390834 -3.540127 -0.409511
62.850000 -0.408506 -3.534264 -0.409470
62.855000 -0.426146 -3.528137 -0.409429
62.860000 -0.443755 -3.521745 -0.409389
62.865000 -0.461331 -3.515088 -0.409349
62.870000 -0.478871 -3.508168 -0.409309
62.875000 -0.496376 -3.500985 -0.409270
62.880000 -0.513844 -3.493540 -0.409231
62.885000 -0.531273 -3.485832 -0.409192
62.890000 -0.548663 -3.477863 -0.409154
62.895000 -0.566011 -3.469633 -0.409116
62.900000 -0.583316 -3.461143 -0.409078
62.905000 -0.600578 -3.452393 -0.409041
62.910000 -0.617795 -3.443384 -0.409004
62.915000 -0.634966 -3.434117 -0.408968
62.920000 -0.652089 -3.424593 -0.408932
62.925000 -0.669163 -3.414812 -0.408897
62.930000 -0.686187 -3.404774 -0.408862
62.935000 -0.703159 -3.394481 -0.408827
62.940000 -0.720079 -3.383934 -0.408793
62.945000 -0.736945 -3.373133 -0.408760
62.950000 -0.753755 -3.362079 -0.408727
62.955000 -0.770509 -3.350772 -0.408694
62.960000 -0.787205 -3.339215 -0.408662
62.965000 -0.803842 -3.327407 -0.408631
62.970000 -0.820419 -3.315349 -0.408600
62.975000 -0.836934 -3.303043 -0.408570
62.980000 -0.853386 -3.290489 -0.408540
62.985000 -0.869775 -3.277688 -0.408511
62.990000 -0.886098 -3.264641 -0.408482
62.995000 -0.902355 -3.251350 -0.408454
63.000000 -0.918544 -3.237815 -0.408427
63.005000 -0.934664 -3.224036 -0.408400
63.010000 -0.950714 -3.210016 -0.408374
63.015000 -0.966693 -3.195756 -0.408348
63.020000 -0.982599 -3.181255 -0.408323
63.025000 -0.998432 -3.166516 -0.408299
63.030000 -1.014189 -3.151540 -0.408275
63.035000 -1.029871 -3.136327 -0.408252
63.040000 -1.045475 -3.120879 -0.408230
63.045000 -1.061001 -3.105197 -0.408208
63.050000 -1.076448 -3.089282 -0.408187
63.055000 -1.091814 -3.073135 -0.408167
63.060000 -1.107097 -3.056758 -0.408147
63.065000 -1.122298 -3.040151 -0.408128
63.070000 -1.137415 -3.023317 -0.408110
63.075000 -1.152446 -3.006256 -0.408092
63.080000 -1.167391 -2.988969 -0.408075
63.085000 -1.182248 -2.971458 -0.408059
63.090000 -1.197017 -2.953724 -0.408044
63.095000 -1.211696 -2.935769 -0.408029
63.100000 -1.226283 -2.917594 -0.408015
63.105000 -1.240779 -2.899200 -0.408002
63.110000 -1.255182 -2.880588 -0.407989
63.115000 -1.269491 -2.861760 -0.407978
63.120000 -1.283705 -2.842718 -0.407966
63.125000 -1.297822 -2.823462 -0.407956
63.130000 -1.311842 -2.803995 -0.407947
63.135000 -1.325764 -2.784317 -0.407938
63.140000 -1.339586 -2.764431 -0.407930
63.145000 -1.353308 -2.744337 -0.407922
63.150000 -1.366928 -2.724037 -0.407916
63.155000 -1.380445 -2.703533 -0.407910
63.160000 -1.393860 -2.682827 -0.407905
63.165000 -1.407169 -2.661919 -0.407901
63.170000 -1.420373 -2.640811 -0.407897
63.175000 -1.433471 -2.619506 -0.407894
63.180000 -1.446461 -2.598004 -0.407892
63.185000 -1.459342 -2.576307 -0.407891
63.190000 -1.472114 -2.554417 -0.407891
63.195000 -1.484776 -2.532335 -0.407891
63.200000 -1.497326 -2.510063 -0.407892
63.205000 -1.509764 -2.487603 -0.407894
63.210000 -1.522089 -2.464957 -0.407896
63.215000 -1.534300 -2.442126 -0.407900
63.220000 -1.546395 -2.419111 -0.407904
63.225000 -1.558375 -2.395915 -0.407909
63.230000 -1.570238 -2.372539 -0.407914
63.235000 -1.581983 -2.348986 -0.407921
63.240000 -1.593609 -2.325256 -0.407928
63.245000 -1.605116 -2.301352 -0.407936
63.250000 -1.616502 -2.277275 -0.407945
63.255000 -1.627767 -2.253028 -0.407954
63.260000 -1.638910 -2.228611 -0.407964
63.265000 -1.649930 -2.204028 -0.407975
63.270000 -1.660827 -2.179279 -0.407987
63.275000 -1.671598 -2.154366 -0.407999
63.280000 -1.682245 -2.129292 -0.408012
63.285000 -1.692765 -2.104059 -0.408026
63.290000 -1.703159 -2.078667 -0.408041
63.295000 -1.713424 -2.053120 -0.408056
63.300000 -1.723561 -2.027418 -0.408072
63.305000 -1.733569 -2.001565 -0.408089
63.310000 -1.743447 -1.975561 -0.408106
63.315000 -1.753194 -1.949410 -0.408124
63.320000 -1.762810 -1.923112 -0.408143
63.325000 -1.772293 -1.896670 -0.408163
63.330000 -1.781643 -1.870085 -0.408183
63.335000 -1.790860 -1.843361 -0.408204
63.340000 -1.799943 -1.816498 -0.408225
63.345000 -1.808890 -1.789499 -0.408247
63.350000 -1.817702 -1.762365 -0.408270
63.355000 -1.826377 -1.735100 -0.408294
63.360000 -1.834916 -1.707704 -0.408318
63.365000 -1.843317 -1.680180 -0.408343
63.370000 -1.851579 -1.652531 -0.408368
63.375000 -1.859703 -1.624757 -0.408394
63.380000 -1.867688 -1.596861 -0.408421
63.385000 -1.875532 -1.568846 -0.408448
63.390000 -1.883235 -1.540713 -0.408476
63.395000 -1.890798 -1.512465 -0.408505
63.400000 -1.898218 -1.484103 -0.408534
63.405000 -1.905496 -1.455629 -0.408563
63.410000 -1.912632 -1.427047 -0.408594
63.415000 -1.919623 -1.398357 -0.408624
63.420000 -1.926471 -1.369563 -0.408656
63.425000 -1.933174 -1.340666 -0.408687
63.430000 -1.939733 -1.311668 -0.408720
63.435000 -1.946146 -1.282572 -0.408753
63.440000 -1.952413 -1.253380 -0.408786
63.445000 -1.958533 -1.224094 -0.408820
63.450000 -1.964507 -1.194716 -0.408854
63.455000 -1.970333 -1.165248 -0.408889
63.460000 -1.976011 -1.135693 -0.408924
63.465000 -1.981542 -1.106053 -0.408960
63.470000 -1.986923 -1.076330 -0.408996
63.475000 -1.992156 -1.046526 -0.409033
63.480000 -1.997239 -1.016644 -0.409070
63.485000 -2.002173 -0.986685 -0.409108
63.490000 -2.006956 -0.956653 -0.409145
63.495000 -2.011589 -0.926548 -0.409184
63.500000 -2.016070 -0.896375 -0.409222
63.505000 -2.020401 -0.866133 -0.409261
63.510000 -2.024580 -0.835827 -0.409301
63.515000 -2.028608 -0.805459 -0.409340
63.520000 -2.032483 -0.775030 -0.409381
63.525000 -2.036205 -0.744542 -0.409421
63.530000 -2.039775 -0.713999 -0.409462
63.535000 -2.043192 -0.683403 -0.409503
63.540000 -2.046456 -0.652755 -0.409544
63.545000 -2.049566 -0.622058 -0.409585
63.550000 -2.052523 -0.591314 -0.409627
63.555000 -2.055326 -0.560527 -0.409669
63.560000 -2.057974 -0.529697 -0.409711
63.565000 -2.060468 -0.498827 -0.409754
63.570000 -2.062808 -0.467920 -0.409796
63.575000 -2.064993 -0.436978 -0.409839
63.580000 -2.067023 -0.406003 -0.409882
63.585000 -2.068898 -0.374998 -0.409926
63.590000 -2.070618 -0.343964 -0.409969
63.595000 -2.072182 -0.312905 -0.410012
63.600000 -2.073591 -0.281822 -0.410056
63.605000 -2.074845 -0.250718 -0.410100
63.610000 -2.075943 -0.219596 -0.410144
63.615000 -2.076885 -0.188457 -0.410188
63.620000 -2.077672 -0.157303 -0.410232
63.625000 -2.078302 -0.126138 -0.410276
63.630000 -2.078777 -0.094964 -0.410320
63.635000 -2.079096 -0.063782 -0.410364
63.640000 -2.079259 -0.032596 -0.410408
63.645000 -2.079266 -0.001407 -0.410453
63.650000 -2.079117 0.029782 -0.410497
63.655000 -2.078812 0.060969 -0.410541
63.660000 -2.078352 0.092151 -0.410585
63.665000 -2.077735 0.123326 -0.410629
63.670000 -2.076962 0.154492 -0.410673
63.675000 -2.076034 0.185647 -0.410717
63.680000 -2.074950 0.216787 -0.410761
63.685000 -2.073711 0.247912 -0.410805
63.690000 -2.072316 0.279017 -0.410849
63.695000 -2.070765 0.310102 -0.410892
63.700000 -2.069059 0.341164 -0.410936
63.705000 -2.067198 0.372199 -0.410979
63.710000 -2.065182 0.403207 -0.411022
63.715000 -2.063011 0.434185 -0.411065
63.720000 -2.060686 0.465130 -0.411108
63.725000 -2.058205 0.496041 -0.411151
63.730000 -2.055571 0.526914 -0.411193
63.735000 -2.052782 0.557747 -0.411235
63.740000 -2.049839 0.588539 -0.411277
63.745000 -2.046743 0.619287 -0.411319
63.750000 -2.043493 0.649988 -0.411360
63.755000 -2.040090 0.680640 -0.411401
63.760000 -2.036534 0.711241 -0.411442
63.765000 -2.032825 0.741789 -0.411483
63.770000 -2.028963 0.772282 -0.411523
63.775000 -2.024950 0.802716 -0.411563
63.780000 -2.020784 0.833091 -0.411602
63.785000 -2.016467 0.863402 -0.411642
63.790000 -2.011999 0.893649 -0.411680
63.795000 -2.007380 0.923829 -0.411719
63.800000 -2.002610 0.953940 -0.411757
63.805000 -1.997690 0.983979 -0.411795
63.810000 -1.992621 1.013945 -0.411832
63.815000 -1.987401 1.043834 -0.411869
63.820000 -1.982033 1.073645 -0.411905
63.825000 -1.976516 1.103375 -0.411941
63.830000 -1.970851 1.133023 -0.411977
63.835000 -1.965038 1.162586 -0.412012
63.840000 -1.959078 1.192061 -0.412047
63.845000 -1.952971 1.221448 -0.412081
63.850000 -1.946717 1.250742 -0.412115
63.855000 -1.940317 1.279943 -0.412148
63.860000 -1.933772 1.309048 -0.412180
63.865000 -1.927082 1.338054 -0.412213
63.870000 -1.920247 1.366960 -0.412244
63.875000 -1.913268 1.395764 -0.412275
63.880000 -1.906146 1.424463 -0.412306
63.885000 -1.898881 1.453055 -0.412336
63.890000 -1.891473 1.481539 -0.412365
63.895000 -1.883923 1.509911 -0.412394
63.900000 -1.876232 1.538170 -0.412422
63.905000 -1.868401 1.566313 -0.412450
63.910000 -1.860429 1.594339 -0.412477
63.915000 -1.852318 1.622245 -0.412503
63.920000 -1.844068 1.650030 -0.412529
63.925000 -1.835679 1.677691 -0.412554
63.930000 -1.827153 1.705226 -0.412579
63.935000 -1.818490 1.732634 -0.412603
63.940000 -1.809691 1.759911 -0.412626
63.945000 -1.800755 1.787056 -0.412649
63.950000 -1.791685 1.814068 -0.412671
63.955000 -1.782480 1.840943 -0.412692
63.960000 -1.773142 1.867680 -0.412712
63.965000 -1.763670 1.894277 -0.412732
63.970000 -1.754067 1.920732 -0.412752
63.975000 -1.744332 1.947043 -0.412770
63.980000 -1.734465 1.973208 -0.412788
63.985000 -1.724469 1.999225 -0.412805
63.990000 -1.714344 2.025092 -0.412822
63.995000 -1.704090 2.050808 -0.412837
64.000000 -1.693708 2.076369 -0.412852
64.005000 -1.683199 2.101775 -0.412867
64.010000 -1.672564 2.127023 -0.412880
64.015000 -1.661803 2.152111 -0.412893
64.020000 -1.650918 2.177038 -0.412905
64.025000 -1.639909 2.201802 -0.412916
64.030000 -1.628777 2.226400 -0.412927
64.035000 -1.617523 2.250832 -0.412937
64.040000 -1.606148 2.275095 -0.412946
64.045000 -1.594652 2.299187 -0.412954
64.050000 -1.583036 2.323107 -0.412962
64.055000 -1.571302 2.346853 -0.412969
64.060000 -1.559450 2.370422 -0.412975
64.065000 -1.547481 2.393814 -0.412980
64.070000 -1.535396 2.417026 -0.412985
64.075000 -1.523195 2.440057 -0.412989
64.080000 -1.510881 2.462905 -0.412992
64.085000 -1.498453 2.485568 -0.412994
64.090000 -1.485913 2.508045 -0.412996
64.095000 -1.473261 2.530334 -0.412996
64.100000 -1.460499 2.552432 -0.412996
64.105000 -1.447627 2.574340 -0.412995
64.110000 -1.434647 2.596054 -0.412994
64.115000 -1.421559 2.617574 -0.412992
64.120000 -1.408365 2.638897 -0.412989
64.125000 -1.395064 2.660023 -0.412985
64.130000 -1.381660 2.680949 -0.412980
64.135000 -1.368151 2.701674 -0.412975
64.140000 -1.354540 2.722196 -0.412969
64.145000 -1.340828 2.742514 -0.412962
64.150000 -1.327015 2.762627 -0.412954
64.155000 -1.313102 2.782532 -0.412946
64.160000 -1.299091 2.802228 -0.412937
64.165000 -1.284982 2.821715 -0.412927
64.170000 -1.270777 2.840989 -0.412916
64.175000 -1.256477 2.860051 -0.412905
64.180000 -1.242083 2.878898 -0.412893
64.185000 -1.227595 2.897530 -0.412880
64.190000 -1.213015 2.915943 -0.412866
64.195000 -1.198345 2.934139 -0.412852
64.200000 -1.183584 2.952114 -0.412837
64.205000 -1.168735 2.969868 -0.412821
64.210000 -1.153798 2.987399 -0.412805
64.215000 -1.138774 3.004706 -0.412788
64.220000 -1.123665 3.021787 -0.412770
64.225000 -1.108472 3.038642 -0.412751
64.230000 -1.093196 3.055269 -0.412732
64.235000 -1.077837 3.071667 -0.412712
64.240000 -1.062398 3.087835 -0.412691
64.245000 -1.046879 3.103771 -0.412670
64.250000 -1.031282 3.119474 -0.412648
64.255000 -1.015607 3.134943 -0.412625
64.260000 -0.999856 3.150177 -0.412602
64.265000 -0.984030 3.165175 -0.412578
64.270000 -0.968131 3.179936 -0.412554
64.275000 -0.952158 3.194457 -0.412528
64.280000 -0.936115 3.208740 -0.412503
64.285000 -0.920001 3.222782 -0.412476
64.290000 -0.903818 3.236582 -0.412449
64.295000 -0.887567 3.250139 -0.412421
64.300000 -0.871250 3.263452 -0.412393
64.305000 -0.854867 3.276521 -0.412364
64.310000 -0.838421 3.289344 -0.412335
64.315000 -0.821911 3.301920 -0.412305
64.320000 -0.805340 3.314249 -0.412274
64.325000 -0.788708 3.326329 -0.412243
64.330000 -0.772017 3.338160 -0.412212
64.335000 -0.755269 3.349740 -0.412180
64.340000 -0.738463 3.361069 -0.412147
64.345000 -0.721603 3.372146 -0.412114
64.350000 -0.704688 3.382970 -0.412080
64.355000 -0.687720 3.393540 -0.412046
64.360000 -0.670701 3.403856 -0.412011
64.365000 -0.653631 3.413917 -0.411976
64.370000 -0.636513 3.423721 -0.411940
64.375000 -0.619346 3.433269 -0.411904
64.380000 -0.602133 3.442559 -0.411868
64.385000 -0.584875 3.451591 -0.411831
64.390000 -0.567574 3.460364 -0.411794
64.395000 -0.550229 3.468878 -0.411756
64.400000 -0.532844 3.477131 -0.411718
64.405000 -0.515418 3.485124 -0.411679
64.410000 -0.497954 3.492855 -0.411640
64.415000 -0.480452 3.500324 -0.411601
64.420000 -0.462914 3.507531 -0.411562
64.425000 -0.445342 3.514475 -0.411522
64.430000 -0.427736 3.521155 -0.411481
64.435000 -0.410098 3.527571 -0.411441
64.440000 -0.392430 3.533723 -0.411400
64.445000 -0.374732 3.539609 -0.411359
64.450000 -0.357006 3.545230 -0.411318
64.455000 -0.339253 3.550585 -0.411276
64.460000 -0.321474 3.555674 -0.411234
64.465000 -0.303672 3.560496 -0.411192
64.470000 -0.285847 3.565051 -0.411149
64.475000 -0.268000 3.569339 -0.411107
64.480000 -0.250133 3.573359 -0.411064
64.485000 -0.232248 3.577111 -0.411021
64.490000 -0.214345 3.580595 -0.410978
64.495000 -0.196425 3.583810 -0.410935
64.500000 -0.178492 3.586756 -0.410891
64.505000 -0.160545 3.589433 -0.410847
64.510000 -0.142585 3.591842 -0.410804
64.515000 -0.124615 3.593980 -0.410760
64.520000 -0.106636 3.595850 -0.410716
64.525000 -0.088649 3.597449 -0.410672
64.530000 -0.070655 3.598779 -0.410628
64.535000 -0.052656 3.599839 -0.410584
64.540000 -0.034653 3.600629 -0.410540
64.545000 -0.016647 3.601148 -0.410495
64.550000 0.001360 3.601398 -0.410451
64.555000 0.019367 3.601378 -0.410407
64.560000 0.037372 3.601087 -0.410363
64.565000 0.055375 3.600527 -0.410319
64.570000 0.073373 3.599696 -0.410274
64.575000 0.091366 3.598595 -0.410230
64.580000 0.109353 3.597225 -0.410186
64.585000 0.127330 3.595585 -0.410142
64.590000 0.145299 3.593675 -0.410099
64.595000 0.163256 3.591495 -0.410055
64.600000 0.181202 3.589046 -0.410011
64.605000 0.199133 3.586328 -0.409968
64.610000 0.217050 3.583341 -0.409924
64.615000 0.234950 3.580085 -0.409881
64.620000 0.252833 3.576561 -0.409838
64.625000 0.270697 3.572769 -0.409795
64.630000 0.288541 3.568708 -0.409752
64.635000 0.306362 3.564380 -0.409710
64.640000 0.324161 3.559785 -0.409668
64.645000 0.341936 3.554922 -0.409626
64.650000 0.359685 3.549793 -0.409584
64.655000 0.377407 3.544398 -0.409542
64.660000 0.395101 3.538737 -0.409501
64.665000 0.412765 3.532810 -0.409460
64.670000 0.430398 3.526619 -0.409420
64.675000 0.447999 3.520163 -0.409379
64.680000 0.465566 3.513443 -0.409339
64.685000 0.483098 3.506459 -0.409300
64.690000 0.500594 3.499213 -0.409260
64.695000 0.518053 3.491704 -0.409221
64.700000 0.535472 3.483933 -0.409183
64.705000 0.552852 3.475901 -0.409144
64.710000 0.570190 3.467608 -0.409106
64.715000 0.587485 3.459056 -0.409069
64.720000 0.604736 3.450243 -0.409032
64.725000 0.621942 3.441172 -0.408995
64.730000 0.639101 3.431843 -0.408959
64.735000 0.656213 3.422257 -0.408923
64.740000 0.673275 3.412413 -0.408888
64.745000 0.690286 3.402314 -0.408853
64.750000 0.707246 3.391960 -0.408819
64.755000 0.724153 3.381351 -0.408785
64.760000 0.741005 3.370489 -0.408752
64.765000 0.757802 3.359374 -0.408719
64.770000 0.774542 3.348007 -0.408686
64.775000 0.791224 3.336389 -0.408655
64.780000 0.807847 3.324520 -0.408623
64.785000 0.824409 3.312403 -0.408593
64.790000 0.840909 3.300037 -0.408562
64.795000 0.857346 3.287423 -0.408533
64.800000 0.873719 3.274563 -0.408504
64.805000 0.890026 3.261457 -0.408475
64.810000 0.906267 3.248107 -0.408448
64.815000 0.922439 3.234513 -0.408420
64.820000 0.938543 3.220676 -0.408394
64.825000 0.954576 3.206598 -0.408368
64.830000 0.970537 3.192279 -0.408342
64.835000 0.986426 3.177721 -0.408317
64.840000 1.002240 3.162925 -0.408293
64.845000 1.017980 3.147891 -0.408270
64.850000 1.033643 3.132621 -0.408247
64.855000 1.049228 3.117117 -0.408225
64.860000 1.064735 3.101378 -0.408203
64.865000 1.080162 3.085407 -0.408182
64.870000 1.095508 3.069205 -0.408162
64.875000 1.110772 3.052772 -0.408143
64.880000 1.125953 3.036111 -0.408124
64.885000 1.141049 3.019221 -0.408106
64.890000 1.156059 3.002106 -0.408088
64.895000 1.170983 2.984765 -0.408072
64.900000 1.185819 2.967200 -0.408056
64.905000 1.200566 2.949413 -0.408040
64.910000 1.215223 2.931404 -0.408026
64.915000 1.229789 2.913176 -0.408012
64.920000 1.244263 2.894729 -0.407999
64.925000 1.258643 2.876065 -0.407986
64.930000 1.272929 2.857185 -0.407975
64.935000 1.287120 2.838092 -0.407964
64.940000 1.301214 2.818785 -0.407954
64.945000 1.315210 2.799267 -0.407944
64.950000 1.329108 2.779538 -0.407936
64.955000 1.342906 2.759602 -0.407928
64.960000 1.356603 2.739458 -0.407921
64.965000 1.370198 2.719109 -0.407914
64.970000 1.383691 2.698556 -0.407909
64.975000 1.397080 2.677801 -0.407904
64.980000 1.410364 2.656845 -0.407900
64.985000 1.423543 2.635689 -0.407896
64.990000 1.436615 2.614336 -0.407894
64.995000 1.449578 2.592787 -0.407892
65.000000 1.462434 2.571043 -0.407891
65.005000 1.475179 2.549107 -0.407891
65.010000 1.487814 2.526979 -0.407891
65.015000 1.500337 2.504662 -0.407892
65.020000 1.512748 2.482157 -0.407894
65.025000 1.525046 2.459465 -0.407897
65.030000 1.537229 2.436590 -0.407901
65.035000 1.549296 2.413531 -0.407905
65.040000 1.561248 2.390292 -0.407910
65.045000 1.573082 2.366873 -0.407916
65.050000 1.584798 2.343277 -0.407923
65.055000 1.596396 2.319505 -0.407930
65.060000 1.607874 2.295559 -0.407938
65.065000 1.619231 2.271441 -0.407947
65.070000 1.630467 2.247152 -0.407956
65.075000 1.641580 2.222695 -0.407967
65.080000 1.652570 2.198072 -0.407978
65.085000 1.663437 2.173283 -0.407990
65.090000 1.674179 2.148332 -0.408002
65.095000 1.684795 2.123219 -0.408016
65.100000 1.695284 2.097947 -0.408030
65.105000 1.705647 2.072518 -0.408044
65.110000 1.715882 2.046933 -0.408060
65.115000 1.725988 2.021195 -0.408076
65.120000 1.735964 1.995305 -0.408093
65.125000 1.745810 1.969266 -0.408110
65.130000 1.755526 1.943078 -0.408129
65.135000 1.765110 1.916746 -0.408148
65.140000 1.774561 1.890269 -0.408167
65.145000 1.783879 1.863650 -0.408188
65.150000 1.793064 1.836892 -0.408209
65.155000 1.802114 1.809996 -0.408231
65.160000 1.811028 1.782965 -0.408253
65.165000 1.819807 1.755799 -0.408276
65.170000 1.828450 1.728502 -0.408300
65.175000 1.836955 1.701075 -0.408324
65.180000 1.845323 1.673521 -0.408349
65.185000 1.853552 1.645841 -0.408375
65.190000 1.861642 1.618038 -0.408401
65.195000 1.869593 1.590113 -0.408428
65.200000 1.877403 1.562069 -0.408455
65.205000 1.885073 1.533908 -0.408483
65.210000 1.892601 1.505632 -0.408512
65.215000 1.899987 1.477243 -0.408541
65.220000 1.907231 1.448743 -0.408571
65.225000 1.914332 1.420135 -0.408601
65.230000 1.921289 1.391420 -0.408632
65.235000 1.928102 1.362601 -0.408663
65.240000 1.934770 1.333679 -0.408695
65.245000 1.941293 1.304658 -0.408728
65.250000 1.947671 1.275538 -0.408761
65.255000 1.953903 1.246323 -0.408794
65.260000 1.959988 1.217015 -0.408828
65.265000 1.965926 1.187615 -0.408863
65.270000 1.971716 1.158126 -0.408898
65.275000 1.977359 1.128550 -0.408933
65.280000 1.982854 1.098890 -0.408969
65.285000 1.988199 1.069147 -0.409005
65.290000 1.993396 1.039324 -0.409042
65.295000 1.998443 1.009423 -0.409079
65.300000 2.003340 0.979446 -0.409117
65.305000 2.008087 0.949396 -0.409155
65.310000 2.012684 0.919275 -0.409193
65.315000 2.017129 0.889085 -0.409232
65.320000 2.021423 0.858828 -0.409271
65.325000 2.025566 0.828506 -0.409310
65.330000 2.029556 0.798123 -0.409350
65.335000 2.033395 0.767680 -0.409390
65.340000 2.037081 0.737179 -0.409431
65.345000 2.040614 0.706622 -0.409471
65.350000 2.043994 0.676013 -0.409512
65.355000 2.047221 0.645353 -0.409554
65.360000 2.050294 0.614645 -0.409595
65.365000 2.053213 0.583891 -0.409637
65.370000 2.055979 0.553092 -0.409679
65.375000 2.058590 0.522253 -0.409722
65.380000 2.061047 0.491374 -0.409764
65.385000 2.063349 0.460458 -0.409807
65.390000 2.065497 0.429508 -0.409850
65.395000 2.067489 0.398525 -0.409893
65.400000 2.069327 0.367513 -0.409936
65.405000 2.071009 0.336473 -0.409979
65.410000 2.072536 0.305408 -0.410023
65.415000 2.073908 0.274320 -0.410067
65.420000 2.075124 0.243211 -0.410110
65.425000 2.076184 0.212085 -0.410154
65.430000 2.077089 0.180942 -0.410198
65.435000 2.077838 0.149785 -0.410242
65.440000 2.078431 0.118618 -0.410286
65.445000 2.078868 0.087441 -0.410331
65.450000 2.079150 0.056258 -0.410375
65.455000 2.079275 0.025071 -0.410419
65.460000 2.079244 -0.006118 -0.410463
65.465000 2.079058 -0.037307 -0.410507
65.470000 2.078715 -0.068493 -0.410552
65.475000 2.078217 -0.099673 -0.410596
65.480000 2.077563 -0.130847 -0.410640
65.485000 2.076753 -0.162010 -0.410684
65.490000 2.075787 -0.193161 -0.410728
65.495000 2.074665 -0.224298 -0.410772
65.500000 2.073388 -0.255418 -0.410816
65.505000 2.071956 -0.286519 -0.410859
65.510000 2.070368 -0.317598 -0.410903
65.515000 2.068625 -0.348654 -0.410946
65.520000 2.066726 -0.379683 -0.410990
65.525000 2.064673 -0.410684 -0.411033
65.530000 2.062464 -0.441654 -0.411076
65.535000 2.060101 -0.472591 -0.411118
65.540000 2.057584 -0.503493 -0.411161
65.545000 2.054912 -0.534356 -0.411203
65.550000 2.052086 -0.565180 -0.411245
65.555000 2.049106 -0.595961 -0.411287
65.560000 2.045973 -0.626698 -0.411329
65.565000 2.042686 -0.657387 -0.411370
65.570000 2.039246 -0.688028 -0.411411
65.575000 2.035653 -0.718616 -0.411452
65.580000 2.031907 -0.749151 -0.411492
65.585000 2.028009 -0.779630 -0.411533
65.590000 2.023959 -0.810050 -0.411572
65.595000 2.019757 -0.840409 -0.411612
65.600000 2.015403 -0.870706 -0.411651
65.605000 2.010898 -0.900937 -0.411690
65.610000 2.006243 -0.931100 -0.411728
65.615000 2.001437 -0.961194 -0.411766
65.620000 1.996481 -0.991215 -0.411804
65.625000 1.991375 -1.021163 -0.411841
65.630000 1.986120 -1.051033 -0.411878
65.635000 1.980716 -1.080825 -0.411914
65.640000 1.975163 -1.110536 -0.411950
65.645000 1.969462 -1.140163 -0.411986
65.650000 1.963614 -1.169705 -0.412021
65.655000 1.957618 -1.199159 -0.412055
65.660000 1.951475 -1.228524 -0.412089
65.665000 1.945186 -1.257796 -0.412123
65.670000 1.938751 -1.286974 -0.412156
65.675000 1.932171 -1.316055 -0.412188
65.680000 1.925446 -1.345037 -0.412220
65.685000 1.918576 -1.373919 -0.412252
65.690000 1.911563 -1.402698 -0.412283
65.695000 1.904406 -1.431371 -0.412313
65.700000 1.897106 -1.459937 -0.412343
65.705000 1.889664 -1.488394 -0.412372
65.710000 1.882081 -1.516739 -0.412401
65.715000 1.874356 -1.544970 -0.412429
65.720000 1.866490 -1.573085 -0.412456
65.725000 1.858485 -1.601083 -0.412483
65.730000 1.850340 -1.628960 -0.412510
65.735000 1.842057 -1.656715 -0.412535
65.740000 1.833635 -1.684346 -0.412560
65.745000 1.825076 -1.711851 -0.412585
65.750000 1.816380 -1.739227 -0.412608
65.755000 1.807547 -1.766472 -0.412632
65.760000 1.798579 -1.793586 -0.412654
65.765000 1.789476 -1.820564 -0.412676
65.770000 1.780239 -1.847406 -0.412697
65.775000 1.770869 -1.874110 -0.412717
65.780000 1.761365 -1.900673 -0.412737
65.785000 1.751730 -1.927094 -0.412756
65.790000 1.741963 -1.953369 -0.412775
65.795000 1.732066 -1.979499 -0.412792
65.800000 1.722038 -2.005480 -0.412809
65.805000 1.711882 -2.031310 -0.412825
65.810000 1.701597 -2.056989 -0.412841
65.815000 1.691184 -2.082513 -0.412856
65.820000 1.680645 -2.107880 -0.412870
65.825000 1.669979 -2.133090 -0.412883
65.830000 1.659189 -2.158140 -0.412896
65.835000 1.648274 -2.183028 -0.412908
65.840000 1.637235 -2.207752 -0.412919
65.845000 1.626073 -2.232310 -0.412929
65.850000 1.614790 -2.256701 -0.412939
65.855000 1.603385 -2.280923 -0.412948
65.860000 1.591860 -2.304974 -0.412956
65.865000 1.580216 -2.328852 -0.412964
65.870000 1.568453 -2.352555 -0.412970
65.875000 1.556573 -2.376082 -0.412976
65.880000 1.544576 -2.399431 -0.412981
65.885000 1.532463 -2.422599 -0.412986
65.890000 1.520235 -2.445586 -0.412989
65.895000 1.507893 -2.468390 -0.412992
65.900000 1.495438 -2.491008 -0.412994
65.905000 1.482871 -2.513440 -0.412996
65.910000 1.470192 -2.535683 -0.412996
65.915000 1.457403 -2.557735 -0.412996
65.920000 1.444505 -2.579597 -0.412995
65.925000 1.431499 -2.601264 -0.412993
65.930000 1.418385 -2.622737 -0.412991
65.935000 1.405165 -2.644012 -0.412988
65.940000 1.391840 -2.665090 -0.412984
65.945000 1.378410 -2.685967 -0.412979
65.950000 1.364877 -2.706644 -0.412973
65.955000 1.351241 -2.727117 -0.412967
65.960000 1.337504 -2.747385 -0.412960
65.965000 1.323667 -2.767448 -0.412952
65.970000 1.309731 -2.787303 -0.412944
65.975000 1.295696 -2.806949 -0.412934
65.980000 1.281564 -2.826384 -0.412924
65.985000 1.267336 -2.845608 -0.412913
65.990000 1.253013 -2.864618 -0.412902
65.995000 1.238596 -2.883413 -0.412890
66.000000 1.224086 -2.901992 -0.412877
66.005000 1.209484 -2.920353 -0.412863
66.010000 1.194792 -2.938496 -0.412848
66.015000 1.180009 -2.956417 -0.412833
66.020000 1.165139 -2.974118 -0.412817
66.025000 1.150181 -2.991595 -0.412801
66.030000 1.135137 -3.008847 -0.412783
66.035000 1.120007 -3.025874 -0.412765
66.040000 1.104794 -3.042675 -0.412746
66.045000 1.089498 -3.059246 -0.412727
66.050000 1.074120 -3.075589 -0.412707
66.055000 1.058661 -3.091701 -0.412686
66.060000 1.043123 -3.107581 -0.412665
66.065000 1.027507 -3.123227 -0.412643
66.070000 1.011814 -3.138640 -0.412620
66.075000 0.996045 -3.153817 -0.412596
66.080000 0.980201 -3.168758 -0.412572
66.085000 0.964284 -3.183461 -0.412548
66.090000 0.948294 -3.197925 -0.412522
66.095000 0.932233 -3.212150 -0.412496
66.100000 0.916103 -3.226133 -0.412470
66.105000 0.899903 -3.239875 -0.412442
66.110000 0.883637 -3.253373 -0.412415
66.115000 0.867303 -3.266628 -0.412386
66.120000 0.850905 -3.279637 -0.412357
66.125000 0.834443 -3.292401 -0.412328
66.130000 0.817919 -3.304918 -0.412298
66.135000 0.801333 -3.317186 -0.412267
66.140000 0.784687 -3.329206 -0.412236
66.145000 0.767982 -3.340977 -0.412204
66.150000 0.751219 -3.352496 -0.412172
66.155000 0.734400 -3.363765 -0.412139
66.160000 0.717527 -3.374781 -0.412106
66.165000 0.700599 -3.385544 -0.412072
66.170000 0.683619 -3.396053 -0.412037
66.175000 0.666587 -3.406307 -0.412003
66.180000 0.649506 -3.416306 -0.411967
66.185000 0.632375 -3.426048 -0.411932
66.190000 0.615198 -3.435534 -0.411896
66.195000 0.597974 -3.444762 -0.411859
66.200000 0.580705 -3.453731 -0.411822
66.205000 0.563393 -3.462442 -0.411785
66.210000 0.546038 -3.470893 -0.411747
66.215000 0.528643 -3.479083 -0.411709
66.220000 0.511208 -3.487013 -0.411670
66.225000 0.493735 -3.494681 -0.411631
66.230000 0.476224 -3.502087 -0.411592
66.235000 0.458678 -3.509231 -0.411552
66.240000 0.441097 -3.516111 -0.411512
66.245000 0.423484 -3.522727 -0.411472
66.250000 0.405838 -3.529079 -0.411431
66.255000 0.388163 -3.535167 -0.411390
66.260000 0.370458 -3.540989 -0.411349
66.265000 0.352725 -3.546546 -0.411307
66.270000 0.334966 -3.551837 -0.411266
66.275000 0.317181 -3.556862 -0.411224
66.280000 0.299373 -3.561619 -0.411182
66.285000 0.281543 -3.566110 -0.411139
66.290000 0.263691 -3.570333 -0.411096
66.295000 0.245820 -3.574289 -0.411054
66.300000 0.227930 -3.577976 -0.411011
66.305000 0.210023 -3.581395 -0.410967
66.310000 0.192100 -3.584545 -0.410924
66.315000 0.174163 -3.587427 -0.410881
66.320000 0.156213 -3.590039 -0.410837
66.325000 0.138251 -3.592382 -0.410793
66.330000 0.120279 -3.594456 -0.410749
66.335000 0.102297 -3.596260 -0.410705
66.340000 0.084308 -3.597795 -0.410661
66.345000 0.066313 -3.599059 -0.410617
66.350000 0.048313 -3.600054 -0.410573
66.355000 0.030309 -3.600779 -0.410529
66.360000 0.012303 -3.601233 -0.410485
66.365000 -0.005704 -3.601418 -0.410441
66.370000 -0.023711 -3.601332 -0.410396
66.375000 -0.041716 -3.600977 -0.410352
66.380000 -0.059718 -3.600351 -0.410308
66.385000 -0.077715 -3.599455 -0.410264
66.390000 -0.095706 -3.598289 -0.410220
66.395000 -0.113691 -3.596854 -0.410176
66.400000 -0.131666 -3.595148 -0.410132
66.405000 -0.149632 -3.593173 -0.410088
66.410000 -0.167587 -3.590929 -0.410044
66.415000 -0.185529 -3.588415 -0.410001
66.420000 -0.203457 -3.585632 -0.409957
66.425000 -0.221370 -3.582580 -0.409914
66.430000 -0.239266 -3.579260 -0.409871
66.435000 -0.257145 -3.575671 -0.409828
66.440000 -0.275004 -3.571814 -0.409785
66.445000 -0.292842 -3.567689 -0.409742
66.450000 -0.310659 -3.563296 -0.409700
66.455000 -0.328452 -3.558636 -0.409658
66.460000 -0.346220 -3.553709 -0.409616
66.465000 -0.363963 -3.548516 -0.409574
66.470000 -0.381678 -3.543057 -0.409533
66.475000 -0.399365 -3.537331 -0.409491
66.480000 -0.417022 -3.531341 -0.409450
66.485000 -0.434647 -3.525086 -0.409410
66.490000 -0.452240 -3.518566 -0.409370
66.495000 -0.469799 -3.511782 -0.409330
66.500000 -0.487323 -3.504735 -0.409290
66.505000 -0.504810 -3.497425 -0.409251
66.510000 -0.522259 -3.489853 -0.409212
66.515000 -0.539669 -3.482019 -0.409173
66.520000 -0.557039 -3.473924 -0.409135
66.525000 -0.574367 -3.465569 -0.409097
66.530000 -0.591651 -3.456953 -0.409060
66.535000 -0.608892 -3.448079 -0.409023
66.540000 -0.626086 -3.438945 -0.408987
66.545000 -0.643234 -3.429554 -0.408950
66.550000 -0.660334 -3.419905 -0.408915
66.555000 -0.677384 -3.410000 -0.408880
66.560000 -0.694383 -3.399840 -0.408845
66.565000 -0.711330 -3.389424 -0.408811
66.570000 -0.728224 -3.378754 -0.408777
66.575000 -0.745063 -3.367831 -0.408744
66.580000 -0.761846 -3.356655 -0.408711
66.585000 -0.778572 -3.345227 -0.408679
66.590000 -0.795240 -3.333548 -0.408647
66.595000 -0.811848 -3.321620 -0.408616
66.600000 -0.828395 -3.309442 -0.408585
66.605000 -0.844880 -3.297016 -0.408555
66.610000 -0.861302 -3.284343 -0.408526
66.615000 -0.877659 -3.271423 -0.408497
66.620000 -0.893951 -3.258258 -0.408469
66.625000 -0.910175 -3.244849 -0.408441
66.630000 -0.926331 -3.231197 -0.408414
66.635000 -0.942417 -3.217302 -0.408387
66.640000 -0.958433 -3.203165 -0.408361
66.645000 -0.974377 -3.188789 -0.408336
66.650000 -0.990248 -3.174173 -0.408311
66.655000 -1.006045 -3.159319 -0.408287
66.660000 -1.021766 -3.144229 -0.408264
66.665000 -1.037410 -3.128902 -0.408241
66.670000 -1.052977 -3.113341 -0.408219
66.675000 -1.068465 -3.097546 -0.408198
66.680000 -1.083872 -3.081519 -0.408177
66.685000 -1.099199 -3.065261 -0.408157
66.690000 -1.114442 -3.048773 -0.408138
66.695000 -1.129603 -3.032057 -0.408119
66.700000 -1.144678 -3.015113 -0.408101
66.705000 -1.159668 -2.997943 -0.408084
66.710000 -1.174571 -2.980548 -0.408068
66.715000 -1.189385 -2.962929 -0.408052
66.720000 -1.204111 -2.945088 -0.408037
66.725000 -1.218746 -2.927027 -0.408022
66.730000 -1.233290 -2.908745 -0.408009
66.735000 -1.247741 -2.890246 -0.407996
66.740000 -1.262099 -2.871530 -0.407984
66.745000 -1.276362 -2.852598 -0.407972
66.750000 -1.290529 -2.833453 -0.407961
66.755000 -1.304599 -2.814095 -0.407951
66.760000 -1.318572 -2.794526 -0.407942
66.765000 -1.332446 -2.774748 -0.407934
66.770000 -1.346219 -2.754761 -0.407926
66.775000 -1.359892 -2.734568 -0.407919
66.780000 -1.373463 -2.714169 -0.407913
66.785000 -1.386931 -2.693567 -0.407907
66.790000 -1.400295 -2.672763 -0.407903
66.795000 -1.413554 -2.651759 -0.407899
66.800000 -1.426706 -2.630556 -0.407896
66.805000 -1.439752 -2.609155 -0.407893
66.810000 -1.452690 -2.587559 -0.407892
66.815000 -1.465519 -2.565768 -0.407891
66.820000 -1.478238 -2.543785 -0.407891
66.825000 -1.490846 -2.521612 -0.407891
66.830000 -1.503342 -2.499249 -0.407893
66.835000 -1.515726 -2.476699 -0.407895
66.840000 -1.527995 -2.453963 -0.407898
66.845000 -1.540151 -2.431043 -0.407902
66.850000 -1.552190 -2.407941 -0.407906
66.855000 -1.564114 -2.384658 -0.407911
66.860000 -1.575920 -2.361196 -0.407917
66.865000 -1.587607 -2.337558 -0.407924
66.870000 -1.599176 -2.313744 -0.407932
66.875000 -1.610625 -2.289756 -0.407940
66.880000 -1.621953 -2.265597 -0.407949
66.885000 -1.633159 -2.241267 -0.407959
66.890000 -1.644243 -2.216770 -0.407969
66.895000 -1.655204 -2.192106 -0.407981
66.900000 -1.666040 -2.167278 -0.407993
66.905000 -1.676751 -2.142288 -0.408005
66.910000 -1.687337 -2.117136 -0.408019
66.915000 -1.697796 -2.091826 -0.408033
66.920000 -1.708128 -2.066359 -0.408048
66.925000 -1.718332 -2.040737 -0.408064
66.930000 -1.728406 -2.014962 -0.408080
66.935000 -1.738352 -1.989036 -0.408097
66.940000 -1.748166 -1.962961 -0.408115
66.945000 -1.757850 -1.936739 -0.408133
66.950000 -1.767402 -1.910371 -0.408152
66.955000 -1.776821 -1.883860 -0.408172
66.960000 -1.786107 -1.857207 -0.408193
66.965000 -1.795259 -1.830416 -0.408214
66.970000 -1.804277 -1.803487 -0.408236
66.975000 -1.813159 -1.776423 -0.408258
66.980000 -1.821905 -1.749225 -0.408282
66.985000 -1.830515 -1.721897 -0.408305
66.990000 -1.838987 -1.694439 -0.408330
66.995000 -1.847321 -1.666854 -0.408355
67.000000 -1.855517 -1.639145 -0.408381
67.005000 -1.863573 -1.611312 -0.408407
67.010000 -1.871490 -1.583358 -0.408434
67.015000 -1.879267 -1.555286 -0.408462
67.020000 -1.886902 -1.527097 -0.408490
67.025000 -1.894396 -1.498793 -0.408519
67.030000 -1.901748 -1.470377 -0.408548
67.035000 -1.908957 -1.441851 -0.408578
67.040000 -1.916023 -1.413217 -0.408608
67.045000 -1.922946 -1.384476 -0.408639
67.050000 -1.929724 -1.355632 -0.408671
67.055000 -1.936357 -1.326686 -0.408703
67.060000 -1.942845 -1.297641 -0.408736
67.065000 -1.949188 -1.268498 -0.408769
67.070000 -1.955384 -1.239261 -0.408802
67.075000 -1.961434 -1.209930 -0.408836
67.080000 -1.967336 -1.180508 -0.408871
67.085000 -1.973091 -1.150998 -0.408906
67.090000 -1.978698 -1.121402 -0.408942
67.095000 -1.984157 -1.091721 -0.408978
67.100000 -1.989467 -1.061959 -0.409014
67.105000 -1.994627 -1.032117 -0.409051
67.110000 -1.999638 -1.002198 -0.409088
67.115000 -2.004499 -0.972203 -0.409126
67.120000 -2.009210 -0.942136 -0.409164
67.125000 -2.013770 -0.911997 -0.409202
67.130000 -2.018179 -0.881791 -0.409241
67.135000 -2.022437 -0.851518 -0.409280
67.140000 -2.026542 -0.821182 -0.409320
67.145000 -2.030496 -0.790783 -0.409360
67.150000 -2.034298 -0.760326 -0.409400
67.155000 -2.037947 -0.729812 -0.409440
67.160000 -2.041443 -0.699242 -0.409481
67.165000 -2.044786 -0.668621 -0.409522
67.170000 -2.047976 -0.637949 -0.409564
67.175000 -2.051012 -0.607229 -0.409605
67.180000 -2.053895 -0.576464 -0.409647
67.185000 -2.056623 -0.545656 -0.409689
67.190000 -2.059197 -0.514806 -0.409732
67.195000 -2.061617 -0.483918 -0.409774
67.200000 -2.063881 -0.452994 -0.409817
67.205000 -2.065992 -0.422036 -0.409860
67.210000 -2.067947 -0.391046 -0.409903
67.215000 -2.069747 -0.360027 -0.409946
67.220000 -2.071392 -0.328981 -0.409990
67.225000 -2.072881 -0.297910 -0.410034
67.230000 -2.074216 -0.266817 -0.410077
67.235000 -2.075394 -0.235703 -0.410121
67.240000 -2.076417 -0.204572 -0.410165
67.245000 -2.077284 -0.173426 -0.410209
67.250000 -2.077995 -0.142267 -0.410253
67.255000 -2.078551 -0.111097 -0.410297
67.260000 -2.078950 -0.079919 -0.410341
67.265000 -2.079194 -0.048734 -0.410385
67.270000 -2.079282 -0.017546 -0.410430
67.275000 -2.079214 0.013643 -0.410474
67.280000 -2.078990 0.044831 -0.410518
67.285000 -2.078609 0.076016 -0.410562
67.290000 -2.078073 0.107195 -0.410606
67.295000 -2.077382 0.138366 -0.410651
67.300000 -2.076534 0.169527 -0.410695
67.305000 -2.075531 0.200675 -0.410739
67.310000 -2.074372 0.231808 -0.410782
67.315000 -2.073057 0.262923 -0.410826
67.320000 -2.071587 0.294019 -0.410870
67.325000 -2.069961 0.325093 -0.410913
67.330000 -2.068181 0.356142 -0.410957
67.335000 -2.066245 0.387165 -0.411000
67.340000 -2.064154 0.418159 -0.411043
67.345000 -2.061908 0.449121 -0.411086
67.350000 -2.059508 0.480050 -0.411129
67.355000 -2.056954 0.510942 -0.411171
67.360000 -2.054245 0.541797 -0.411213
67.365000 -2.051381 0.572610 -0.411255
67.370000 -2.048365 0.603381 -0.411297
67.375000 -2.045194 0.634106 -0.411339
67.380000 -2.041870 0.664784 -0.411380
67.385000 -2.038393 0.695412 -0.411421
67.390000 -2.034763 0.725988 -0.411462
67.395000 -2.030981 0.756510 -0.411502
67.400000 -2.027046 0.786975 -0.411542
67.405000 -2.022959 0.817380 -0.411582
67.410000 -2.018720 0.847725 -0.411621
67.415000 -2.014330 0.878005 -0.411660
67.420000 -2.009789 0.908220 -0.411699
67.425000 -2.005097 0.938367 -0.411737
67.430000 -2.000255 0.968444 -0.411775
67.435000 -1.995263 0.998447 -0.411813
67.440000 -1.990121 1.028376 -0.411850
67.445000 -1.984830 1.058228 -0.411887
67.450000 -1.979390 1.088001 -0.411923
67.455000 -1.973801 1.117691 -0.411959
67.460000 -1.968065 1.147299 -0.411994
67.465000 -1.962181 1.176819 -0.412029
67.470000 -1.956149 1.206252 -0.412063
67.475000 -1.949971 1.235594 -0.412097
67.480000 -1.943647 1.264844 -0.412131
67.485000 -1.937177 1.293999 -0.412164
67.490000 -1.930562 1.323056 -0.412196
67.495000 -1.923802 1.352015 -0.412228
67.500000 -1.916898 1.380872 -0.412259
67.505000 -1.909849 1.409625 -0.412290
67.510000 -1.902658 1.438273 -0.412320
67.515000 -1.895324 1.466813 -0.412350
67.520000 -1.887848 1.495243 -0.412379
67.525000 -1.880230 1.523560 -0.412408
67.530000 -1.872471 1.551764 -0.412436
67.535000 -1.864572 1.579851 -0.412463
67.540000 -1.856533 1.607820 -0.412490
67.545000 -1.848354 1.635668 -0.412516
67.550000 -1.840037 1.663393 -0.412541
67.555000 -1.831582 1.690993 -0.412566
67.560000 -1.822990 1.718467 -0.412591
67.565000 -1.814261 1.745812 -0.412614
67.570000 -1.805396 1.773026 -0.412637
67.575000 -1.796395 1.800107 -0.412659
67.580000 -1.787260 1.827053 -0.412681
67.585000 -1.777991 1.853862 -0.412702
67.590000 -1.768588 1.880532 -0.412722
67.595000 -1.759053 1.907060 -0.412742
67.600000 -1.749386 1.933446 -0.412761
67.605000 -1.739587 1.959687 -0.412779
67.610000 -1.729658 1.985781 -0.412796
67.615000 -1.719600 2.011726 -0.412813
67.620000 -1.709412 2.037520 -0.412829
67.625000 -1.699096 2.063161 -0.412845
67.630000 -1.688653 2.088647 -0.412859
67.635000 -1.678083 2.113977 -0.412873
67.640000 -1.667387 2.139148 -0.412886
67.645000 -1.656567 2.164159 -0.412899
67.650000 -1.645622 2.189008 -0.412911
67.655000 -1.634553 2.213692 -0.412922
67.660000 -1.623362 2.238210 -0.412932
67.665000 -1.612049 2.262561 -0.412941
67.670000 -1.600616 2.286741 -0.412950
67.675000 -1.589062 2.310751 -0.412958
67.680000 -1.577389 2.334587 -0.412965
67.685000 -1.565598 2.358247 -0.412972
67.690000 -1.553689 2.381731 -0.412978
67.695000 -1.541664 2.405037 -0.412983
67.700000 -1.529523 2.428162 -0.412987
67.705000 -1.517267 2.451105 -0.412990
67.710000 -1.504898 2.473864 -0.412993
67.715000 -1.492416 2.496437 -0.412995
67.720000 -1.479822 2.518823 -0.412996
67.725000 -1.467117 2.541021 -0.412996
67.730000 -1.454302 2.563027 -0.412996
67.735000 -1.441377 2.584842 -0.412995
67.740000 -1.428345 2.606463 -0.412993
67.745000 -1.415206 2.627888 -0.412990
67.750000 -1.401960 2.649116 -0.412987
67.755000 -1.388609 2.670145 -0.412983
67.760000 -1.375154 2.690974 -0.412978
67.765000 -1.361596 2.711602 -0.412972
67.770000 -1.347936 2.732026 -0.412965
67.775000 -1.334175 2.752245 -0.412958
67.780000 -1.320314 2.772257 -0.412950
67.785000 -1.306354 2.792062 -0.412941
67.790000 -1.292295 2.811657 -0.412932
67.795000 -1.278140 2.831042 -0.412922
67.800000 -1.263889 2.850214 -0.412911
67.805000 -1.249543 2.869172 -0.412899
67.810000 -1.235104 2.887915 -0.412887
67.815000 -1.220571 2.906442 -0.412873
67.820000 -1.205948 2.924750 -0.412859
67.825000 -1.191233 2.942840 -0.412845
67.830000 -1.176430 2.960708 -0.412829
67.835000 -1.161538 2.978355 -0.412813
67.840000 -1.146559 2.995778 -0.412796
67.845000 -1.131494 3.012976 -0.412779
67.850000 -1.116345 3.029948 -0.412761
67.855000 -1.101111 3.046694 -0.412742
67.860000 -1.085795 3.063210 -0.412722
67.865000 -1.070398 3.079497 -0.412702
67.870000 -1.054920 3.095553 -0.412681
67.875000 -1.039363 3.111377 -0.412659
67.880000 -1.023728 3.126967 -0.412637
67.885000 -1.008016 3.142323 -0.412614
67.890000 -0.992229 3.157444 -0.412591
67.895000 -0.976368 3.172327 -0.412566
67.900000 -0.960433 3.186973 -0.412542
67.905000 -0.944426 3.201379 -0.412516
67.910000 -0.928348 3.215545 -0.412490
67.915000 -0.912201 3.229471 -0.412463
67.920000 -0.895985 3.243154 -0.412436
67.925000 -0.879702 3.256593 -0.412408
67.930000 -0.863353 3.269789 -0.412379
67.935000 -0.846939 3.282739 -0.412350
67.940000 -0.830462 3.295443 -0.412321
67.945000 -0.813923 3.307900 -0.412290
67.950000 -0.797322 3.320109 -0.412259
67.955000 -0.780662 3.332069 -0.412228
67.960000 -0.763943 3.343779 -0.412196
67.965000 -0.747167 3.355238 -0.412164
67.970000 -0.730334 3.366445 -0.412131
67.975000 -0.713447 3.377401 -0.412097
67.980000 -0.696507 3.388102 -0.412064
67.985000 -0.679514 3.398550 -0.412029
67.990000 -0.662470 3.408743 -0.411994
67.995000 -0.645377 3.418680 -0.411959
68.000000 -0.628235 3.428360 -0.411923
68.005000 -0.611046 3.437784 -0.411887
68.010000 -0.593812 3.446949 -0.411850
68.015000 -0.576532 3.455857 -0.411813
68.020000 -0.559210 3.464505 -0.411775
68.025000 -0.541845 3.472893 -0.411738
68.030000 -0.524440 3.481020 -0.411699
68.035000 -0.506996 3.488887 -0.411661
68.040000 -0.489513 3.496492 -0.411622
68.045000 -0.471994 3.503835 -0.411582
68.050000 -0.454440 3.510915 -0.411542
68.055000 -0.436851 3.517731 -0.411502
68.060000 -0.419230 3.524284 -0.411462
68.065000 -0.401577 3.530572 -0.411421
68.070000 -0.383894 3.536596 -0.411380
68.075000 -0.366182 3.542354 -0.411339
68.080000 -0.348443 3.547847 -0.411297
68.085000 -0.330677 3.553074 -0.411256
68.090000 -0.312887 3.558034 -0.411214
68.095000 -0.295073 3.562727 -0.411171
68.100000 -0.277238 3.567153 -0.411129
68.105000 -0.259381 3.571312 -0.411086
68.110000 -0.241505 3.575203 -0.411043
68.115000 -0.223611 3.578825 -0.411000
68.120000 -0.205700 3.582179 -0.410957
68.125000 -0.187774 3.585265 -0.410914
68.130000 -0.169833 3.588082 -0.410870
68.135000 -0.151880 3.590629 -0.410826
68.140000 -0.133916 3.592907 -0.410783
68.145000 -0.115941 3.594916 -0.410739
68.150000 -0.097958 3.596655 -0.410695
68.155000 -0.079967 3.598124 -0.410651
68.160000 -0.061971 3.599324 -0.410607
68.165000 -0.043969 3.600254 -0.410562
68.170000 -0.025965 3.600913 -0.410518
68.175000 -0.007958 3.601303 -0.410474
68.180000 0.010049 3.601422 -0.410430
68.185000 0.028055 3.601271 -0.410386
68.190000 0.046059 3.600850 -0.410341
68.195000 0.064060 3.600159 -0.410297
68.200000 0.082056 3.599199 -0.410253
68.205000 0.100046 3.597968 -0.410209
68.210000 0.118028 3.596467 -0.410165
68.215000 0.136002 3.594697 -0.410121
68.220000 0.153965 3.592657 -0.410077
68.225000 0.171917 3.590347 -0.410034
68.230000 0.189856 3.587768 -0.409990
68.235000 0.207780 3.584921 -0.409947
68.240000 0.225689 3.581804 -0.409903
68.245000 0.243581 3.578418 -0.409860
68.250000 0.261455 3.574765 -0.409817
68.255000 0.279310 3.570843 -0.409775
68.260000 0.297143 3.566653 -0.409732
68.265000 0.314954 3.562196 -0.409690
68.270000 0.332741 3.557472 -0.409647
68.275000 0.350504 3.552481 -0.409606
68.280000 0.368240 3.547223 -0.409564
68.285000 0.385948 3.541700 -0.409523
68.290000 0.403628 3.535910 -0.409481
68.295000 0.421277 3.529856 -0.409441
68.300000 0.438895 3.523537 -0.409400
68.305000 0.456479 3.516953 -0.409360
68.310000 0.474030 3.510106 -0.409320
68.315000 0.491545 3.502996 -0.409281
68.320000 0.509023 3.495623 -0.409241
68.325000 0.526463 3.487987 -0.409203
68.330000 0.543863 3.480090 -0.409164
68.335000 0.561223 3.471932 -0.409126
68.340000 0.578541 3.463514 -0.409088
68.345000 0.595815 3.454836 -0.409051
68.350000 0.613044 3.445899 -0.409014
68.355000 0.630228 3.436703 -0.408978
68.360000 0.647364 3.427250 -0.408942
68.365000 0.664452 3.417539 -0.408906
68.370000 0.681490 3.407572 -0.408871
68.375000 0.698476 3.397350 -0.408837
68.380000 0.715411 3.386873 -0.408802
68.385000 0.732291 3.376142 -0.408769
68.390000 0.749117 3.365157 -0.408736
68.395000 0.765887 3.353921 -0.408703
68.400000 0.782599 3.342432 -0.408671
68.405000 0.799252 3.330693 -0.408640
68.410000 0.815846 3.318704 -0.408608
68.415000 0.832378 3.306467 -0.408578
68.420000 0.848848 3.293981 -0.408548
68.425000 0.865254 3.281248 -0.408519
68.430000 0.881596 3.268270 -0.408490
68.435000 0.897871 3.255046 -0.408462
68.440000 0.914079 3.241578 -0.408434
68.445000 0.930218 3.227866 -0.408407
68.450000 0.946288 3.213913 -0.408381
68.455000 0.962286 3.199719 -0.408355
68.460000 0.978213 3.185284 -0.408330
68.465000 0.994066 3.170611 -0.408306
68.470000 1.009844 3.155700 -0.408282
68.475000 1.025547 3.140553 -0.408259
68.480000 1.041173 3.125169 -0.408236
68.485000 1.056721 3.109552 -0.408214
68.490000 1.072189 3.093701 -0.408193
68.495000 1.087577 3.077618 -0.408172
68.500000 1.102884 3.061304 -0.408153
68.505000 1.118108 3.044761 -0.408133
68.510000 1.133248 3.027990 -0.408115
68.515000 1.148303 3.010991 -0.408097
68.520000 1.163271 2.993766 -0.408080
68.525000 1.178153 2.976317 -0.408064
68.530000 1.192946 2.958645 -0.408048
68.535000 1.207650 2.940751 -0.408033
68.540000 1.222263 2.922636 -0.408019
68.545000 1.236785 2.904302 -0.408005
68.550000 1.251213 2.885750 -0.407993
68.555000 1.265548 2.866982 -0.407981
68.560000 1.279788 2.847999 -0.407969
68.565000 1.293932 2.828802 -0.407959
68.570000 1.307979 2.809393 -0.407949
68.575000 1.321928 2.789773 -0.407940
68.580000 1.335778 2.769944 -0.407932
68.585000 1.349527 2.749908 -0.407924
68.590000 1.363176 2.729665 -0.407917
68.595000 1.376722 2.709217 -0.407911
68.600000 1.390165 2.688566 -0.407906
68.605000 1.403503 2.667714 -0.407902
68.610000 1.416737 2.646661 -0.407898
68.615000 1.429864 2.625410 -0.407895
68.620000 1.442883 2.603962 -0.407893
68.625000 1.455795 2.582319 -0.407891
68.630000 1.468597 2.560482 -0.407891
68.635000 1.481290 2.538453 -0.407891
68.640000 1.493871 2.516234 -0.407892
68.645000 1.506340 2.493826 -0.407893
68.650000 1.518696 2.471231 -0.407896
68.655000 1.530938 2.448450 -0.407899
68.660000 1.543066 2.425486 -0.407903
68.665000 1.555078 2.402340 -0.407907
68.670000 1.566973 2.379014 -0.407913
68.675000 1.578750 2.355510 -0.407919
68.680000 1.590409 2.331828 -0.407926
68.685000 1.601949 2.307972 -0.407934
68.690000 1.613369 2.283943 -0.407942
68.695000 1.624668 2.259742 -0.407951
68.700000 1.635844 2.235372 -0.407961
68.705000 1.646899 2.210835 -0.407972
68.710000 1.657829 2.186131 -0.407983
68.715000 1.668636 2.161264 -0.407996
68.720000 1.679317 2.136234 -0.408009
68.725000 1.689872 2.111044 -0.408022
68.730000 1.700300 2.085696 -0.408037
68.735000 1.710601 2.060192 -0.408052
68.740000 1.720774 2.034533 -0.408068
68.745000 1.730818 2.008721 -0.408084
68.750000 1.740732 1.982759 -0.408101
68.755000 1.750515 1.956648 -0.408119
68.760000 1.760167 1.930390 -0.408138
68.765000 1.769687 1.903988 -0.408157
68.770000 1.779074 1.877442 -0.408177
68.775000 1.788328 1.850756 -0.408198
68.780000 1.797447 1.823931 -0.408219
68.785000 1.806432 1.796970 -0.408241
68.790000 1.815282 1.769873 -0.408264
68.795000 1.823995 1.742644 -0.408287
68.800000 1.832571 1.715284 -0.408311
68.805000 1.841010 1.687796 -0.408336
68.810000 1.849311 1.660180 -0.408361
68.815000 1.857473 1.632441 -0.408387
68.820000 1.865496 1.604579 -0.408414
68.825000 1.873379 1.576596 -0.408441
68.830000 1.881122 1.548496 -0.408468
68.835000 1.888723 1.520279 -0.408497
68.840000 1.896183 1.491948 -0.408526
68.845000 1.903500 1.463505 -0.408555
68.850000 1.910675 1.434953 -0.408585
68.855000 1.917706 1.406292 -0.408616
68.860000 1.924594 1.377527 -0.408647
68.865000 1.931337 1.348658 -0.408679
68.870000 1.937936 1.319688 -0.408711
68.875000 1.944389 1.290619 -0.408744
68.880000 1.950696 1.261453 -0.408777
68.885000 1.956857 1.232193 -0.408811
68.890000 1.962871 1.202840 -0.408845
68.895000 1.968738 1.173397 -0.408879
68.900000 1.974458 1.143866 -0.408915
68.905000 1.980029 1.114249 -0.408950
68.910000 1.985452 1.084548 -0.408986
68.915000 1.990725 1.054767 -0.409023
68.920000 1.995850 1.024906 -0.409060
68.925000 2.000825 0.994968 -0.409097
68.930000 2.005650 0.964956 -0.409135
68.935000 2.010324 0.934871 -0.409173
68.940000 2.014848 0.904716 -0.409212
68.945000 2.019220 0.874493 -0.409251
68.950000 2.023441 0.844205 -0.409290
68.955000 2.027510 0.813853 -0.409329
68.960000 2.031428 0.783441 -0.409369
68.965000 2.035192 0.752969 -0.409410
68.970000 2.038805 0.722441 -0.409450
68.975000 2.042264 0.691859 -0.409491
68.980000 2.045570 0.661225 -0.409532
68.985000 2.048723 0.630542 -0.409574
68.990000 2.051722 0.599811 -0.409615
68.995000 2.054567 0.569035 -0.409657
69.000000 2.057258 0.538217 -0.409700
69.005000 2.059795 0.507358 -0.409742
69.010000 2.062177 0.476461 -0.409785
69.015000 2.064405 0.445528 -0.409827
69.020000 2.066478 0.414562 -0.409870
69.025000 2.068395 0.383565 -0.409914
69.030000 2.070158 0.352539 -0.409957
69.035000 2.071766 0.321487 -0.410000
69.040000 2.073218 0.290410 -0.410044
69.045000 2.074514 0.259312 -0.410088
69.050000 2.075655 0.228194 -0.410132
69.055000 2.076640 0.197059 -0.410176
69.060000 2.077470 0.165910 -0.410220
69.065000 2.078144 0.134748 -0.410264
69.070000 2.078662 0.103575 -0.410308
69.075000 2.079024 0.072396 -0.410352
69.080000 2.079230 0.041210 -0.410396
69.085000 2.079280 0.010022 -0.410440
69.090000 2.079174 -0.021167 -0.410485
69.095000 2.078912 -0.052355 -0.410529
69.100000 2.078494 -0.083539 -0.410573
69.105000 2.077921 -0.114716 -0.410617
69.110000 2.077191 -0.145885 -0.410661
69.115000 2.076306 -0.177043 -0.410705
69.120000 2.075265 -0.208187 -0.410749
69.125000 2.074069 -0.239316 -0.410793
69.130000 2.072717 -0.270427 -0.410837
69.135000 2.071209 -0.301518 -0.410880
69.140000 2.069546 -0.332586 -0.410924
69.145000 2.067728 -0.363629 -0.410967
69.150000 2.065755 -0.394645 -0.411010
69.155000 2.063626 -0.425632 -0.411053
69.160000 2.061344 -0.456586 -0.411096
69.165000 2.058906 -0.487506 -0.411139
69.170000 2.056314 -0.518390 -0.411181
69.175000 2.053568 -0.549235 -0.411224
69.180000 2.050668 -0.580038 -0.411266
69.185000 2.047614 -0.610798 -0.411307
69.190000 2.044406 -0.641512 -0.411349
69.195000 2.041045 -0.672178 -0.411390
69.200000 2.037531 -0.702794 -0.411431
69.205000 2.033864 -0.733357 -0.411472
69.210000 2.030045 -0.763865 -0.411512
69.215000 2.026074 -0.794316 -0.411552
69.220000 2.021950 -0.824707 -0.411591
69.225000 2.017675 -0.855036 -0.411631
69.230000 2.013248 -0.885301 -0.411670
69.235000 2.008671 -0.915500 -0.411708
69.240000 2.003943 -0.945630 -0.411747
69.245000 1.999064 -0.975689 -0.411784
69.250000 1.994036 -1.005675 -0.411822
69.255000 1.988858 -1.035586 -0.411859
69.260000 1.983531 -1.065418 -0.411895
69.265000 1.978055 -1.095171 -0.411932
69.270000 1.972431 -1.124842 -0.411967
69.275000 1.966659 -1.154429 -0.412003
69.280000 1.960739 -1.183929 -0.412037
69.285000 1.954672 -1.213340 -0.412072
69.290000 1.948459 -1.242660 -0.412105
69.295000 1.942100 -1.271887 -0.412139
69.300000 1.935594 -1.301018 -0.412172
69.305000 1.928944 -1.330052 -0.412204
69.310000 1.922149 -1.358986 -0.412236
69.315000 1.915210 -1.387818 -0.412267
69.320000 1.908127 -1.416547 -0.412297
69.325000 1.900902 -1.445169 -0.412328
69.330000 1.893533 -1.473682 -0.412357
69.335000 1.886023 -1.502085 -0.412386
69.340000 1.878371 -1.530375 -0.412415
69.345000 1.870578 -1.558551 -0.412442
69.350000 1.862645 -1.586610 -0.412470
69.355000 1.854572 -1.614549 -0.412496
69.360000 1.846361 -1.642368 -0.412522
69.365000 1.838010 -1.670063 -0.412547
69.370000 1.829522 -1.697633 -0.412572
69.375000 1.820897 -1.725076 -0.412596
69.380000 1.812135 -1.752390 -0.412620
69.385000 1.803237 -1.779572 -0.412642
69.390000 1.794204 -1.806620 -0.412665
69.395000 1.785036 -1.833533 -0.412686
69.400000 1.775735 -1.860309 -0.412707
69.405000 1.766300 -1.886945 -0.412727
69.410000 1.756733 -1.913439 -0.412746
69.415000 1.747034 -1.939790 -0.412765
69.420000 1.737204 -1.965996 -0.412783
69.425000 1.727243 -1.992054 -0.412801
69.430000 1.717154 -2.017963 -0.412817
69.435000 1.706935 -2.043720 -0.412833
69.440000 1.696588 -2.069324 -0.412848
69.445000 1.686115 -2.094773 -0.412863
69.450000 1.675514 -2.120064 -0.412876
69.455000 1.664788 -2.145197 -0.412890
69.460000 1.653937 -2.170169 -0.412902
69.465000 1.642962 -2.194978 -0.412913
69.470000 1.631864 -2.219623 -0.412924
69.475000 1.620644 -2.244100 -0.412934
69.480000 1.609302 -2.268410 -0.412944
69.485000 1.597839 -2.292550 -0.412952
69.490000 1.586256 -2.316517 -0.412960
69.495000 1.574555 -2.340311 -0.412967
69.500000 1.562735 -2.363929 -0.412973
69.505000 1.550798 -2.387370 -0.412979
69.510000 1.538745 -2.410632 -0.412984
69.515000 1.526577 -2.433714 -0.412988
69.520000 1.514294 -2.456612 -0.412991
69.525000 1.501897 -2.479327 -0.412993
69.530000 1.489388 -2.501855 -0.412995
69.535000 1.476767 -2.524196 -0.412996
69.540000 1.464035 -2.546347 -0.412996
69.545000 1.451193 -2.568308 -0.412996
69.550000 1.438243 -2.590076 -0.412994
69.555000 1.425185 -2.611650 -0.412992
69.560000 1.412020 -2.633027 -0.412989
69.565000 1.398749 -2.654208 -0.412986
69.570000 1.385373 -2.675189 -0.412981
69.575000 1.371893 -2.695969 -0.412976
69.580000 1.358310 -2.716548 -0.412970
69.585000 1.344626 -2.736922 -0.412964
69.590000 1.330840 -2.757092 -0.412956
69.595000 1.316955 -2.777054 -0.412948
69.600000 1.302971 -2.796809 -0.412939
69.605000 1.288889 -2.816353 -0.412930
69.610000 1.274711 -2.835687 -0.412919
69.615000 1.260437 -2.854807 -0.412908
69.620000 1.246068 -2.873714 -0.412896
69.625000 1.231606 -2.892405 -0.412883
69.630000 1.217052 -2.910879 -0.412870
69.635000 1.202406 -2.929135 -0.412856
69.640000 1.187670 -2.947171 -0.412841
69.645000 1.172845 -2.964986 -0.412826
69.650000 1.157932 -2.982579 -0.412809
69.655000 1.142932 -2.999948 -0.412792
69.660000 1.127847 -3.017092 -0.412775
69.665000 1.112677 -3.034009 -0.412756
69.670000 1.097423 -3.050699 -0.412737
69.675000 1.082088 -3.067161 -0.412717
69.680000 1.066671 -3.083392 -0.412697
69.685000 1.051174 -3.099392 -0.412676
69.690000 1.035598 -3.115160 -0.412654
69.695000 1.019944 -3.130694 -0.412632
69.700000 1.004214 -3.145993 -0.412609
69.705000 0.988409 -3.161056 -0.412585
69.710000 0.972530 -3.175882 -0.412560
69.715000 0.956577 -3.190470 -0.412535
69.720000 0.940553 -3.204819 -0.412510
69.725000 0.924459 -3.218927 -0.412483
69.730000 0.908295 -3.232794 -0.412457
69.735000 0.892063 -3.246418 -0.412429
69.740000 0.875764 -3.259799 -0.412401
69.745000 0.859399 -3.272936 -0.412372
69.750000 0.842970 -3.285827 -0.412343
69.755000 0.826477 -3.298471 -0.412313
69.760000 0.809923 -3.310869 -0.412283
69.765000 0.793308 -3.323017 -0.412252
69.770000 0.776633 -3.334917 -0.412220
69.775000 0.759901 -3.346566 -0.412188
69.780000 0.743111 -3.357965 -0.412156
69.785000 0.726265 -3.369112 -0.412123
69.790000 0.709365 -3.380006 -0.412089
69.795000 0.692412 -3.390646 -0.412055
69.800000 0.675407 -3.401032 -0.412021
69.805000 0.658351 -3.411163 -0.411986
69.810000 0.641246 -3.421039 -0.411950
69.815000 0.624093 -3.430657 -0.411914
69.820000 0.606892 -3.440019 -0.411878
69.825000 0.589647 -3.449122 -0.411841
69.830000 0.572357 -3.457967 -0.411804
69.835000 0.555024 -3.466552 -0.411766
69.840000 0.537650 -3.474878 -0.411728
69.845000 0.520235 -3.482942 -0.411690
69.850000 0.502781 -3.490746 -0.411651
69.855000 0.485290 -3.498288 -0.411612
69.860000 0.467762 -3.505567 -0.411573
69.865000 0.450199 -3.512583 -0.411533
69.870000 0.432603 -3.519336 -0.411493
69.875000 0.414973 -3.525825 -0.411452
69.880000 0.397313 -3.532050 -0.411411
69.885000 0.379623 -3.538010 -0.411370
69.890000 0.361905 -3.543704 -0.411329
69.895000 0.344159 -3.549133 -0.411287
69.900000 0.326387 -3.554295 -0.411246
69.905000 0.308591 -3.559191 -0.411203
69.910000 0.290772 -3.563820 -0.411161
69.915000 0.272931 -3.568181 -0.411119
69.920000 0.255070 -3.572275 -0.411076
69.925000 0.237190 -3.576101 -0.411033
69.930000 0.219291 -3.579659 -0.410990
69.935000 0.201377 -3.582948 -0.410946
69.940000 0.183447 -3.585969 -0.410903
69.945000 0.165503 -3.588721 -0.410860
69.950000 0.147547 -3.591203 -0.410816
69.955000 0.129580 -3.593417 -0.410772
69.960000 0.111603 -3.595360 -0.410728
69.965000 0.093618 -3.597034 -0.410684
69.970000 0.075626 -3.598439 -0.410640
69.975000 0.057628 -3.599573 -0.410596
69.980000 0.039626 -3.600437 -0.410552
69.985000 0.021621 -3.601032 -0.410508
69.990000 0.003614 -3.601356 -0.410463
69.995000 -0.014393 -3.601410 -0.410419
70.000000 -0.032399 -3.601194 -0.410375
70.005000 -0.050403 -3.600708 -0.410331
70.010000 -0.068402 -3.599952 -0.410287
70.015000 -0.086397 -3.598926 -0.410243
70.020000 -0.104385 -3.597630 -0.410198
70.025000 -0.122366 -3.596065 -0.410155
70.030000 -0.140337 -3.594229 -0.410111
70.035000 -0.158297 -3.592124 -0.410067
70.040000 -0.176246 -3.589750 -0.410023
70.045000 -0.194182 -3.587106 -0.409980
70.050000 -0.212103 -3.584193 -0.409936
70.055000 -0.230008 -3.581012 -0.409893
70.060000 -0.247895 -3.577562 -0.409850
70.065000 -0.265765 -3.573843 -0.409807
70.070000 -0.283614 -3.569857 -0.409764
70.075000 -0.301442 -3.565602 -0.409722
70.080000 -0.319247 -3.561081 -0.409679
70.085000 -0.337029 -3.556292 -0.409637
70.090000 -0.354785 -3.551237 -0.409596
70.095000 -0.372515 -3.545915 -0.409554
70.100000 -0.390216 -3.540327 -0.409513
70.105000 -0.407889 -3.534474 -0.409472
70.110000 -0.425530 -3.528356 -0.409431
70.115000 -0.443140 -3.521973 -0.409390
70.120000 -0.460717 -3.515326 -0.409350
70.125000 -0.478259 -3.508415 -0.409311
70.130000 -0.495765 -3.501241 -0.409271
70.135000 -0.513234 -3.493804 -0.409232
70.140000 -0.530665 -3.486106 -0.409193
70.145000 -0.548055 -3.478146 -0.409155
70.150000 -0.565405 -3.469925 -0.409117
70.155000 -0.582712 -3.461444 -0.409079
70.160000 -0.599976 -3.452703 -0.409042
70.165000 -0.617194 -3.443704 -0.409005
70.170000 -0.634367 -3.434446 -0.408969
70.175000 -0.651491 -3.424930 -0.408933
70.180000 -0.668567 -3.415158 -0.408898
70.185000 -0.685593 -3.405129 -0.408863
70.190000 -0.702567 -3.394846 -0.408828
70.195000 -0.719488 -3.384307 -0.408794
70.200000 -0.736356 -3.373515 -0.408761
70.205000 -0.753168 -3.362469 -0.408728
70.210000 -0.769924 -3.351172 -0.408695
70.215000 -0.786622 -3.339623 -0.408663
70.220000 -0.803261 -3.327824 -0.408632
70.225000 -0.819840 -3.315775 -0.408601
70.230000 -0.836358 -3.303477 -0.408571
70.235000 -0.852812 -3.290932 -0.408541
70.240000 -0.869203 -3.278140 -0.408512
70.245000 -0.885529 -3.265102 -0.408483
70.250000 -0.901788 -3.251819 -0.408455
70.255000 -0.917979 -3.238292 -0.408428
70.260000 -0.934102 -3.224522 -0.408401
70.265000 -0.950154 -3.210511 -0.408375
70.270000 -0.966136 -3.196258 -0.408349
70.275000 -0.982044 -3.181766 -0.408324
70.280000 -0.997880 -3.167036 -0.408300
70.285000 -1.013640 -3.152067 -0.408276
70.290000 -1.029324 -3.136863 -0.408253
70.295000 -1.044931 -3.121423 -0.408231
70.300000 -1.060460 -3.105749 -0.408209
70.305000 -1.075909 -3.089842 -0.408188
70.310000 -1.091278 -3.073703 -0.408168
70.315000 -1.106564 -3.057334 -0.408148
70.320000 -1.121768 -3.040736 -0.408129
70.325000 -1.136888 -3.023909 -0.408111
70.330000 -1.151922 -3.006856 -0.408093
70.335000 -1.166870 -2.989577 -0.408076
70.340000 -1.181730 -2.972074 -0.408060
70.345000 -1.196502 -2.954348 -0.408044
70.350000 -1.211184 -2.936401 -0.408030
70.355000 -1.225775 -2.918233 -0.408016
70.360000 -1.240274 -2.899846 -0.408002
70.365000 -1.254681 -2.881242 -0.407990
70.370000 -1.268993 -2.862422 -0.407978
70.375000 -1.283210 -2.843387 -0.407967
70.380000 -1.297330 -2.824139 -0.407956
70.385000 -1.311354 -2.804679 -0.407947
70.390000 -1.325279 -2.785009 -0.407938
70.395000 -1.339104 -2.765129 -0.407930
70.400000 -1.352830 -2.745043 -0.407923
70.405000 -1.366453 -2.724750 -0.407916
70.410000 -1.379975 -2.704254 -0.407910
70.415000 -1.393392 -2.683554 -0.407905
70.420000 -1.406706 -2.662653 -0.407901
70.425000 -1.419913 -2.641552 -0.407897
70.430000 -1.433015 -2.620254 -0.407894
70.435000 -1.446008 -2.598759 -0.407892
70.440000 -1.458894 -2.577068 -0.407891
70.445000 -1.471670 -2.555185 -0.407891
70.450000 -1.484335 -2.533110 -0.407891
70.455000 -1.496889 -2.510845 -0.407892
70.460000 -1.509331 -2.488392 -0.407894
70.465000 -1.521660 -2.465752 -0.407896
70.470000 -1.533875 -2.442927 -0.407900
70.475000 -1.545974 -2.419919 -0.407904
70.480000 -1.557958 -2.396729 -0.407909
70.485000 -1.569825 -2.373360 -0.407914
70.490000 -1.581574 -2.349812 -0.407921
70.495000 -1.593204 -2.326089 -0.407928
70.500000 -1.604715 -2.302191 -0.407936
70.505000 -1.616106 -2.278120 -0.407944
70.510000 -1.627375 -2.253878 -0.407954
70.515000 -1.638523 -2.229468 -0.407964
70.520000 -1.649547 -2.204890 -0.407975
70.525000 -1.660448 -2.180147 -0.407986
70.530000 -1.671224 -2.155240 -0.407999
70.535000 -1.681875 -2.130172 -0.408012
70.540000 -1.692400 -2.104943 -0.408026
70.545000 -1.702797 -2.079557 -0.408040
70.550000 -1.713067 -2.054015 -0.408055
70.555000 -1.723209 -2.028319 -0.408071
70.560000 -1.733221 -2.002471 -0.408088
70.565000 -1.743104 -1.976473 -0.408106
70.570000 -1.752855 -1.950326 -0.408124
70.575000 -1.762476 -1.924034 -0.408142
70.580000 -1.771964 -1.897596 -0.408162
70.585000 -1.781319 -1.871017 -0.408182
70.590000 -1.790540 -1.844297 -0.408203
70.595000 -1.799627 -1.817439 -0.408225
70.600000 -1.808580 -1.790445 -0.408247
70.605000 -1.817396 -1.763316 -0.408270
70.610000 -1.826076 -1.736055 -0.408293
70.615000 -1.834620 -1.708664 -0.408317
70.620000 -1.843025 -1.681145 -0.408342
70.625000 -1.851293 -1.653499 -0.408367
70.630000 -1.859422 -1.625730 -0.408393
70.635000 -1.867411 -1.597839 -0.408420
70.640000 -1.875260 -1.569827 -0.408447
70.645000 -1.882968 -1.541698 -0.408475
70.650000 -1.890536 -1.513454 -0.408504
70.655000 -1.897961 -1.485096 -0.408533
70.660000 -1.905244 -1.456626 -0.408562
70.665000 -1.912385 -1.428048 -0.408593
70.670000 -1.919381 -1.399362 -0.408623
70.675000 -1.926234 -1.370571 -0.408655
70.680000 -1.932943 -1.341678 -0.408686
70.685000 -1.939506 -1.312684 -0.408719
70.690000 -1.945924 -1.283591 -0.408752
70.695000 -1.952196 -1.254402 -0.408785
70.700000 -1.958322 -1.225119 -0.408819
70.705000 -1.964300 -1.195744 -0.408853
70.710000 -1.970132 -1.166280 -0.408888
70.715000 -1.975815 -1.136728 -0.408923
70.720000 -1.981351 -1.107091 -0.408959
70.725000 -1.986738 -1.077370 -0.408995
70.730000 -1.991976 -1.047569 -0.409032
70.735000 -1.997064 -1.017690 -0.409069
70.740000 -2.002003 -0.987734 -0.409106
70.745000 -2.006791 -0.957704 -0.409144
70.750000 -2.011429 -0.927602 -0.409182
70.755000 -2.015916 -0.897430 -0.409221
70.760000 -2.020252 -0.867192 -0.409260
70.765000 -2.024437 -0.836888 -0.409299
70.770000 -2.028469 -0.806521 -0.409339
70.775000 -2.032350 -0.776094 -0.409379
70.780000 -2.036078 -0.745609 -0.409419
70.785000 -2.039653 -0.715068 -0.409460
70.790000 -2.043076 -0.684473 -0.409501
70.795000 -2.046345 -0.653827 -0.409542
70.800000 -2.049460 -0.623132 -0.409584
70.805000 -2.052422 -0.592390 -0.409626
70.810000 -2.055230 -0.561604 -0.409668
70.815000 -2.057884 -0.530775 -0.409710
70.820000 -2.060384 -0.499907 -0.409752
70.825000 -2.062729 -0.469001 -0.409795
70.830000 -2.064919 -0.438060 -0.409838
70.835000 -2.066954 -0.407086 -0.409881
70.840000 -2.068835 -0.376082 -0.409924
70.845000 -2.070560 -0.345050 -0.409967
70.850000 -2.072130 -0.313991 -0.410011
70.855000 -2.073545 -0.282909 -0.410055
70.860000 -2.074804 -0.251806 -0.410098
70.865000 -2.075907 -0.220684 -0.410142
70.870000 -2.076855 -0.189545 -0.410186
70.875000 -2.077647 -0.158393 -0.410230
70.880000 -2.078283 -0.127228 -0.410274
70.885000 -2.078763 -0.096054 -0.410318
70.890000 -2.079088 -0.064872 -0.410363
70.895000 -2.079256 -0.033686 -0.410407
70.900000 -2.079268 -0.002497 -0.410451
70.905000 -2.079125 0.028692 -0.410495
70.910000 -2.078826 0.059879 -0.410539
70.915000 -2.078370 0.091061 -0.410584
70.920000 -2.077759 0.122237 -0.410628
70.925000 -2.076992 0.153403 -0.410672
70.930000 -2.076069 0.184558 -0.410716
70.935000 -2.074991 0.215699 -0.410760
70.940000 -2.073757 0.246824 -0.410804
70.945000 -2.072367 0.277930 -0.410847
70.950000 -2.070822 0.309016 -0.410891
70.955000 -2.069122 0.340078 -0.410934
70.960000 -2.067266 0.371115 -0.410978
70.965000 -2.065255 0.402124 -0.411021
70.970000 -2.063090 0.433103 -0.411064
70.975000 -2.060770 0.464049 -0.411107
70.980000 -2.058295 0.494961 -0.411149
70.985000 -2.055666 0.525835 -0.411192
70.990000 -2.052882 0.556670 -0.411234
70.995000 -2.049945 0.587463 -0.411276
71.000000 -2.046854 0.618213 -0.411317
71.005000 -2.043609 0.648915 -0.411359
71.010000 -2.040211 0.679569 -0.411400
71.015000 -2.036661 0.710173 -0.411441
71.020000 -2.032957 0.740723 -0.411481
71.025000 -2.029101 0.771217 -0.411522
71.030000 -2.025093 0.801653 -0.411561
71.035000 -2.020932 0.832030 -0.411601
71.040000 -2.016621 0.862344 -0.411640
71.045000 -2.012158 0.892593 -0.411679
71.050000 -2.007544 0.922775 -0.411718
71.055000 -2.002779 0.952889 -0.411756
71.060000 -1.997865 0.982930 -0.411793
71.065000 -1.992800 1.012898 -0.411831
71.070000 -1.987586 1.042790 -0.411868
71.075000 -1.982223 1.072604 -0.411904
71.080000 -1.976712 1.102337 -0.411940
71.085000 -1.971052 1.131988 -0.411976
71.090000 -1.965244 1.161554 -0.412011
71.095000 -1.959289 1.191033 -0.412046
71.100000 -1.953187 1.220422 -0.412080
71.105000 -1.946938 1.249720 -0.412113
71.110000 -1.940543 1.278924 -0.412147
71.115000 -1.934003 1.308032 -0.412179
71.120000 -1.927318 1.337042 -0.412212
71.125000 -1.920488 1.365952 -0.412243
71.130000 -1.913515 1.394759 -0.412274
71.135000 -1.906397 1.423462 -0.412305
71.140000 -1.899137 1.452058 -0.412335
71.145000 -1.891734 1.480545 -0.412364
71.150000 -1.884190 1.508921 -0.412393
71.155000 -1.876504 1.537184 -0.412421
71.160000 -1.868677 1.565331 -0.412449
71.165000 -1.860710 1.593361 -0.412476
71.170000 -1.852604 1.621272 -0.412502
71.175000 -1.844359 1.649061 -0.412528
71.180000 -1.835975 1.676726 -0.412553
71.185000 -1.827454 1.704266 -0.412578
71.190000 -1.818795 1.731678 -0.412602
71.195000 -1.810000 1.758960 -0.412625
71.200000 -1.801070 1.786110 -0.412648
71.205000 -1.792004 1.813126 -0.412670
71.210000 -1.782804 1.840006 -0.412691
71.215000 -1.773470 1.866748 -0.412712
71.220000 -1.764004 1.893350 -0.412732
71.225000 -1.754405 1.919810 -0.412751
71.230000 -1.744674 1.946126 -0.412770
71.235000 -1.734813 1.972296 -0.412787
71.240000 -1.724821 1.998318 -0.412805
71.245000 -1.714700 2.024191 -0.412821
71.250000 -1.704450 2.049911 -0.412837
71.255000 -1.694073 2.075478 -0.412852
71.260000 -1.683569 2.100889 -0.412866
71.265000 -1.672938 2.126143 -0.412880
71.270000 -1.662182 2.151237 -0.412893
71.275000 -1.651301 2.176169 -0.412905
71.280000 -1.640296 2.200939 -0.412916
71.285000 -1.629168 2.225543 -0.412927
71.290000 -1.617919 2.249981 -0.412937
71.295000 -1.606547 2.274250 -0.412946
71.300000 -1.595056 2.298348 -0.412954
71.305000 -1.583444 2.322274 -0.412962
71.310000 -1.571714 2.346025 -0.412969
71.315000 -1.559866 2.369601 -0.412975
71.320000 -1.547901 2.392999 -0.412980
71.325000 -1.535820 2.416218 -0.412985
71.330000 -1.523624 2.439255 -0.412989
71.335000 -1.511313 2.462109 -0.412992
71.340000 -1.498889 2.484779 -0.412994
71.345000 -1.486353 2.507262 -0.412995
71.350000 -1.473705 2.529558 -0.412996
71.355000 -1.460947 2.551663 -0.412996
71.360000 -1.448079 2.573577 -0.412996
71.365000 -1.435102 2.595299 -0.412994
71.370000 -1.422018 2.616825 -0.412992
71.375000 -1.408828 2.638155 -0.412989
71.380000 -1.395531 2.659288 -0.412985
71.385000 -1.382130 2.680221 -0.412980
71.390000 -1.368625 2.700953 -0.412975
71.395000 -1.355018 2.721482 -0.412969
71.400000 -1.341309 2.741807 -0.412962
71.405000 -1.327499 2.761927 -0.412954
71.410000 -1.313590 2.781840 -0.412946
71.415000 -1.299582 2.801543 -0.412937
71.420000 -1.285477 2.821037 -0.412927
71.425000 -1.271275 2.840319 -0.412916
71.430000 -1.256979 2.859388 -0.412905
71.435000 -1.242587 2.878243 -0.412893
71.440000 -1.228103 2.896882 -0.412880
71.445000 -1.213526 2.915303 -0.412867
71.450000 -1.198859 2.933506 -0.412852
71.455000 -1.184101 2.951489 -0.412837
71.460000 -1.169255 2.969251 -0.412822
71.465000 -1.154321 2.986790 -0.412805
71.470000 -1.139301 3.004104 -0.412788
71.475000 -1.124195 3.021194 -0.412770
71.480000 -1.109004 3.038057 -0.412752
71.485000 -1.093731 3.054692 -0.412733
71.490000 -1.078376 3.071098 -0.412713
71.495000 -1.062939 3.087273 -0.412692
71.500000 -1.047423 3.103218 -0.412671
71.505000 -1.031828 3.118929 -0.412649
71.510000 -1.016156 3.134406 -0.412626
71.515000 -1.000408 3.149649 -0.412603
71.520000 -0.984585 3.164655 -0.412579
71.525000 -0.968688 3.179424 -0.412554
71.530000 -0.952718 3.193954 -0.412529
71.535000 -0.936677 3.208245 -0.412503
71.540000 -0.920565 3.222295 -0.412477
71.545000 -0.904385 3.236103 -0.412450
71.550000 -0.888136 3.249669 -0.412422
71.555000 -0.871821 3.262991 -0.412394
71.560000 -0.855441 3.276068 -0.412365
71.565000 -0.838997 3.288900 -0.412336
71.570000 -0.822489 3.301485 -0.412306
71.575000 -0.805920 3.313822 -0.412275
71.580000 -0.789291 3.325911 -0.412244
71.585000 -0.772602 3.337750 -0.412213
71.590000 -0.755855 3.349340 -0.412181
71.595000 -0.739052 3.360677 -0.412148
71.600000 -0.722193 3.371763 -0.412115
71.605000 -0.705280 3.382596 -0.412081
71.610000 -0.688314 3.393175 -0.412047
71.615000 -0.671297 3.403500 -0.412012
71.620000 -0.654229 3.413569 -0.411977
71.625000 -0.637112 3.423383 -0.411942
71.630000 -0.619947 3.432939 -0.411906
71.635000 -0.602736 3.442239 -0.411869
71.640000 -0.585479 3.451280 -0.411832
71.645000 -0.568179 3.460062 -0.411795
71.650000 -0.550836 3.468585 -0.411757
71.655000 -0.533452 3.476847 -0.411719
71.660000 -0.516028 3.484849 -0.411681
71.665000 -0.498565 3.492589 -0.411642
71.670000 -0.481064 3.500068 -0.411603
71.675000 -0.463528 3.507284 -0.411563
71.680000 -0.445957 3.514237 -0.411523
71.685000 -0.428352 3.520926 -0.411483
71.690000 -0.410715 3.527351 -0.411442
71.695000 -0.393048 3.533512 -0.411401
71.700000 -0.375351 3.539408 -0.411360
71.705000 -0.357626 3.545038 -0.411319
71.710000 -0.339874 3.550402 -0.411277
71.715000 -0.322096 3.555501 -0.411235
71.720000 -0.304295 3.560332 -0.411193
71.725000 -0.286470 3.564896 -0.411151
71.730000 -0.268624 3.569193 -0.411108
71.735000 -0.250758 3.573223 -0.411065
71.740000 -0.232873 3.576984 -0.411022
71.745000 -0.214971 3.580477 -0.410979
71.750000 -0.197052 3.583702 -0.410936
71.755000 -0.179119 3.586658 -0.410893
71.760000 -0.161172 3.589344 -0.410849
71.765000 -0.143213 3.591762 -0.410805
71.770000 -0.125244 3.593910 -0.410761
71.775000 -0.107265 3.595789 -0.410718
71.780000 -0.089278 3.597398 -0.410674
71.785000 -0.071284 3.598737 -0.410629
71.790000 -0.053285 3.599806 -0.410585
71.795000 -0.035282 3.600606 -0.410541
71.800000 -0.017276 3.601135 -0.410497
71.805000 0.000731 3.601394 -0.410453
71.810000 0.018737 3.601383 -0.410409
71.815000 0.036743 3.601102 -0.410364
71.820000 0.054746 3.600551 -0.410320
71.825000 0.072744 3.599730 -0.410276
71.830000 0.090738 3.598638 -0.410232
71.835000 0.108724 3.597277 -0.410188
71.840000 0.126702 3.595646 -0.410144
71.845000 0.144671 3.593746 -0.410100
71.850000 0.162629 3.591576 -0.410056
71.855000 0.180574 3.589136 -0.410013
71.860000 0.198507 3.586428 -0.409969
71.865000 0.216424 3.583450 -0.409926
71.870000 0.234325 3.580204 -0.409883
71.875000 0.252208 3.576689 -0.409839
71.880000 0.270073 3.572906 -0.409797
71.885000 0.287917 3.568855 -0.409754
71.890000 0.305740 3.564536 -0.409711
71.895000 0.323540 3.559950 -0.409669
71.900000 0.341315 3.555097 -0.409627
71.905000 0.359065 3.549977 -0.409585
71.910000 0.376788 3.544591 -0.409544
71.915000 0.394483 3.538939 -0.409503
71.920000 0.412148 3.533022 -0.409462
71.925000 0.429782 3.526840 -0.409421
71.930000 0.447384 3.520393 -0.409381
71.935000 0.464952 3.513682 -0.409341
71.940000 0.482486 3.506708 -0.409301
71.945000 0.499983 3.499471 -0.409262
71.950000 0.517443 3.491971 -0.409223
71.955000 0.534864 3.484209 -0.409184
71.960000 0.552245 3.476186 -0.409146
71.965000 0.569585 3.467903 -0.409108
71.970000 0.586881 3.459359 -0.409070
71.975000 0.604134 3.450556 -0.409033
71.980000 0.621342 3.441494 -0.408997
71.985000 0.638502 3.432174 -0.408960
71.990000 0.655615 3.422596 -0.408925
71.995000 0.672679 3.412762 -0.408889
72.000000 0.689693 3.402672 -0.408854
72.005000 0.706654 3.392326 -0.408820
72.010000 0.723563 3.381726 -0.408786
72.015000 0.740417 3.370873 -0.408753
72.020000 0.757216 3.359767 -0.408720
72.025000 0.773958 3.348409 -0.408688
72.030000 0.790642 3.336799 -0.408656
72.035000 0.807267 3.324940 -0.408624
72.040000 0.823831 3.312831 -0.408594
72.045000 0.840333 3.300473 -0.408564
72.050000 0.856773 3.287868 -0.408534
72.055000 0.873148 3.275016 -0.408505
72.060000 0.889457 3.261919 -0.408476
72.065000 0.905700 3.248577 -0.408448
72.070000 0.921875 3.234992 -0.408421
72.075000 0.937981 3.221164 -0.408395
72.080000 0.954016 3.207094 -0.408368
72.085000 0.969980 3.192784 -0.408343
72.090000 0.985872 3.178234 -0.408318
72.095000 1.001689 3.163446 -0.408294
72.100000 1.017431 3.148421 -0.408270
72.105000 1.033097 3.133159 -0.408248
72.110000 1.048685 3.117663 -0.408225
72.115000 1.064195 3.101932 -0.408204
72.120000 1.079624 3.085970 -0.408183
72.125000 1.094973 3.069775 -0.408163
72.130000 1.110240 3.053351 -0.408143
72.135000 1.125424 3.036697 -0.408124
72.140000 1.140523 3.019816 -0.408106
72.145000 1.155536 3.002708 -0.408089
72.150000 1.170463 2.985375 -0.408072
72.155000 1.185302 2.967818 -0.408056
72.160000 1.200052 2.950038 -0.408041
72.165000 1.214713 2.932038 -0.408026
72.170000 1.229282 2.913817 -0.408012
72.175000 1.243759 2.895378 -0.407999
72.180000 1.258142 2.876721 -0.407987
72.185000 1.272431 2.857849 -0.407975
72.190000 1.286625 2.838763 -0.407964
72.195000 1.300723 2.819463 -0.407954
72.200000 1.314722 2.799952 -0.407945
72.205000 1.328623 2.780232 -0.407936
72.210000 1.342425 2.760302 -0.407928
72.215000 1.356126 2.740166 -0.407921
72.220000 1.369725 2.719824 -0.407914
72.225000 1.383221 2.699278 -0.407909
72.230000 1.396614 2.678530 -0.407904
72.235000 1.409902 2.657581 -0.407900
72.240000 1.423084 2.636432 -0.407896
72.245000 1.436159 2.615086 -0.407894
72.250000 1.449127 2.593543 -0.407892
72.255000 1.461986 2.571806 -0.407891
72.260000 1.474736 2.549877 -0.407891
72.265000 1.487374 2.527756 -0.407891
72.270000 1.499902 2.505445 -0.407892
72.275000 1.512316 2.482946 -0.407894
72.280000 1.524618 2.460262 -0.407897
72.285000 1.536805 2.437392 -0.407901
72.290000 1.548876 2.414340 -0.407905
72.295000 1.560832 2.391107 -0.407910
72.300000 1.572670 2.367695 -0.407916
72.305000 1.584391 2.344105 -0.407922
72.310000 1.595992 2.320339 -0.407930
72.315000 1.607474 2.296399 -0.407938
72.320000 1.618836 2.272287 -0.407947
72.325000 1.630076 2.248004 -0.407956
72.330000 1.641194 2.223553 -0.407966
72.335000 1.652188 2.198935 -0.407977
72.340000 1.663059 2.174152 -0.407989
72.345000 1.673805 2.149207 -0.408002
72.350000 1.684426 2.124100 -0.408015
72.355000 1.694920 2.098833 -0.408029
72.360000 1.705287 2.073409 -0.408044
72.365000 1.715526 2.047830 -0.408059
72.370000 1.725637 2.022097 -0.408075
72.375000 1.735618 1.996213 -0.408092
72.380000 1.745468 1.970178 -0.408110
72.385000 1.755188 1.943996 -0.408128
72.390000 1.764777 1.917668 -0.408147
72.395000 1.774233 1.891197 -0.408167
72.400000 1.783556 1.864583 -0.408187
72.405000 1.792745 1.837830 -0.408208
72.410000 1.801800 1.810939 -0.408230
72.415000 1.810719 1.783912 -0.408252
72.420000 1.819503 1.756751 -0.408275
72.425000 1.828150 1.729458 -0.408299
72.430000 1.836660 1.702036 -0.408323
72.435000 1.845033 1.674486 -0.408348
72.440000 1.853267 1.646811 -0.408374
72.445000 1.861362 1.619012 -0.408400
72.450000 1.869317 1.591091 -0.408427
72.455000 1.877133 1.563052 -0.408454
72.460000 1.884807 1.534895 -0.408482
72.465000 1.892340 1.506623 -0.408511
72.470000 1.899731 1.478237 -0.408540
72.475000 1.906980 1.449741 -0.408570
72.480000 1.914086 1.421137 -0.408600
72.485000 1.921048 1.392425 -0.408631
72.490000 1.927866 1.363610 -0.408662
72.495000 1.934539 1.334692 -0.408694
72.500000 1.941068 1.305674 -0.408727
72.505000 1.947451 1.276558 -0.408760
72.510000 1.953687 1.247346 -0.408793
72.515000 1.959777 1.218041 -0.408827
72.520000 1.965721 1.188644 -0.408861
72.525000 1.971516 1.159158 -0.408896
72.530000 1.977164 1.129585 -0.408932
72.535000 1.982664 1.099928 -0.408968
72.540000 1.988015 1.070188 -0.409004
72.545000 1.993217 1.040368 -0.409041
72.550000 1.998269 1.010469 -0.409078
72.555000 2.003172 0.980495 -0.409115
72.560000 2.007924 0.950448 -0.409153
72.565000 2.012526 0.920329 -0.409192
72.570000 2.016976 0.890141 -0.409230
72.575000 2.021276 0.859886 -0.409269
72.580000 2.025424 0.829567 -0.409309
72.585000 2.029419 0.799186 -0.409349
72.590000 2.033263 0.768745 -0.409389
72.595000 2.036954 0.738246 -0.409429
72.600000 2.040493 0.707691 -0.409470
72.605000 2.043878 0.677084 -0.409511
72.610000 2.047110 0.646426 -0.409552
72.615000 2.050189 0.615719 -0.409594
72.620000 2.053114 0.584966 -0.409636
72.625000 2.055885 0.554170 -0.409678
72.630000 2.058501 0.523331 -0.409720
72.635000 2.060964 0.492454 -0.409763
72.640000 2.063271 0.461539 -0.409805
72.645000 2.065424 0.430590 -0.409848
72.650000 2.067422 0.399609 -0.409891
72.655000 2.069265 0.368598 -0.409935
72.660000 2.070953 0.337559 -0.409978
72.665000 2.072486 0.306494 -0.410021
72.670000 2.073863 0.275407 -0.410065
72.675000 2.075084 0.244299 -0.410109
72.680000 2.076150 0.213173 -0.410153
72.685000 2.077060 0.182031 -0.410197
72.690000 2.077814 0.150875 -0.410241
72.695000 2.078413 0.119708 -0.410285
72.700000 2.078856 0.088531 -0.410329
72.705000 2.079142 0.057349 -0.410373
72.710000 2.079273 0.026161 -0.410417
72.715000 2.079248 -0.005028 -0.410462
72.720000 2.079067 -0.036216 -0.410506
72.725000 2.078730 -0.067402 -0.410550
72.730000 2.078237 -0.098583 -0.410594
72.735000 2.077588 -0.129757 -0.410638
72.740000 2.076784 -0.160921 -0.410682
72.745000 2.075823 -0.192073 -0.410726
72.750000 2.074707 -0.223210 -0.410770
72.755000 2.073436 -0.254331 -0.410814
72.760000 2.072008 -0.285432 -0.410858
72.765000 2.070426 -0.316512 -0.410901
72.770000 2.068688 -0.347569 -0.410945
72.775000 2.066795 -0.378599 -0.410988
72.780000 2.064747 -0.409601 -0.411031
72.785000 2.062544 -0.440572 -0.411074
72.790000 2.060187 -0.471510 -0.411117
72.795000 2.057675 -0.502413 -0.411159
72.800000 2.055008 -0.533278 -0.411202
72.805000 2.052188 -0.564103 -0.411244
72.810000 2.049213 -0.594886 -0.411286
72.815000 2.046085 -0.625624 -0.411327
72.820000 2.042804 -0.656316 -0.411369
72.825000 2.039369 -0.686958 -0.411410
72.830000 2.035781 -0.717548 -0.411451
72.835000 2.032041 -0.748085 -0.411491
72.840000 2.028148 -0.778565 -0.411531
72.845000 2.024103 -0.808988 -0.411571
72.850000 2.019906 -0.839349 -0.411611
72.855000 2.015558 -0.869648 -0.411650
72.860000 2.011058 -0.899881 -0.411688
72.865000 2.006408 -0.930047 -0.411727
72.870000 2.001607 -0.960143 -0.411765
72.875000 1.996657 -0.990167 -0.411803
72.880000 1.991556 -1.020117 -0.411840
72.885000 1.986306 -1.049990 -0.411877
72.890000 1.980907 -1.079785 -0.411913
72.895000 1.975360 -1.109499 -0.411949
72.900000 1.969664 -1.139129 -0.411984
72.905000 1.963821 -1.168674 -0.412019
72.910000 1.957830 -1.198131 -0.412054
72.915000 1.951693 -1.227499 -0.412088
72.920000 1.945409 -1.256774 -0.412122
72.925000 1.938979 -1.285955 -0.412155
72.930000 1.932404 -1.315040 -0.412187
72.935000 1.925684 -1.344026 -0.412219
72.940000 1.918819 -1.372911 -0.412251
72.945000 1.911811 -1.401694 -0.412282
72.950000 1.904659 -1.430371 -0.412312
72.955000 1.897364 -1.458941 -0.412342
72.960000 1.889927 -1.487401 -0.412371
72.965000 1.882348 -1.515750 -0.412400
72.970000 1.874628 -1.543985 -0.412428
72.975000 1.866768 -1.572105 -0.412456
72.980000 1.858767 -1.600106 -0.412482
72.985000 1.850627 -1.627988 -0.412509
72.990000 1.842349 -1.655747 -0.412534
72.995000 1.833932 -1.683382 -0.412559
73.000000 1.825377 -1.710891 -0.412584
73.005000 1.816686 -1.738272 -0.412608
73.010000 1.807858 -1.765522 -0.412631
73.015000 1.798895 -1.792640 -0.412653
73.020000 1.789797 -1.819623 -0.412675
73.025000 1.780565 -1.846470 -0.412696
73.030000 1.771199 -1.873179 -0.412717
73.035000 1.761700 -1.899747 -0.412736
73.040000 1.752069 -1.926172 -0.412756
73.045000 1.742307 -1.952453 -0.412774
73.050000 1.732414 -1.978588 -0.412792
73.055000 1.722391 -2.004574 -0.412809
73.060000 1.712239 -2.030410 -0.412825
73.065000 1.701958 -2.056094 -0.412840
73.070000 1.691550 -2.081623 -0.412855
73.075000 1.681015 -2.106996 -0.412869
73.080000 1.670354 -2.132212 -0.412883
73.085000 1.659568 -2.157267 -0.412896
73.090000 1.648657 -2.182160 -0.412907
73.095000 1.637623 -2.206890 -0.412919
73.100000 1.626465 -2.231455 -0.412929
73.105000 1.615186 -2.255852 -0.412939
73.110000 1.603786 -2.280079 -0.412948
73.115000 1.592265 -2.304136 -0.412956
73.120000 1.580625 -2.328020 -0.412963
73.125000 1.568866 -2.351729 -0.412970
73.130000 1.556990 -2.375262 -0.412976
73.135000 1.544997 -2.398617 -0.412981
73.140000 1.532888 -2.421792 -0.412986
73.145000 1.520664 -2.444786 -0.412989
73.150000 1.508326 -2.467596 -0.412992
73.155000 1.495875 -2.490220 -0.412994
73.160000 1.483312 -2.512659 -0.412996
73.165000 1.470637 -2.534908 -0.412996
73.170000 1.457852 -2.556968 -0.412996
73.175000 1.444958 -2.578836 -0.412995
73.180000 1.431956 -2.600510 -0.412994
73.185000 1.418846 -2.621989 -0.412991
73.190000 1.405629 -2.643272 -0.412988
73.195000 1.392308 -2.664356 -0.412984
73.200000 1.378881 -2.685241 -0.412979
73.205000 1.365352 -2.705924 -0.412974
73.210000 1.351720 -2.726405 -0.412967
73.215000 1.337986 -2.746680 -0.412960
73.220000 1.324153 -2.766750 -0.412952
73.225000 1.310219 -2.786612 -0.412944
73.230000 1.296188 -2.806266 -0.412935
73.235000 1.282060 -2.825709 -0.412925
73.240000 1.267835 -2.844939 -0.412914
73.245000 1.253515 -2.863957 -0.412902
73.250000 1.239101 -2.882760 -0.412890
73.255000 1.224595 -2.901346 -0.412877
73.260000 1.209996 -2.919715 -0.412863
73.265000 1.195307 -2.937865 -0.412849
73.270000 1.180528 -2.955795 -0.412834
73.275000 1.165660 -2.973503 -0.412818
73.280000 1.150705 -2.990987 -0.412801
73.285000 1.135664 -3.008248 -0.412784
73.290000 1.120538 -3.025283 -0.412766
73.295000 1.105327 -3.042091 -0.412747
73.300000 1.090034 -3.058671 -0.412728
73.305000 1.074659 -3.075021 -0.412708
73.310000 1.059203 -3.091141 -0.412687
73.315000 1.043668 -3.107029 -0.412665
73.320000 1.028054 -3.122684 -0.412643
73.325000 1.012364 -3.138105 -0.412621
73.330000 0.996597 -3.153291 -0.412597
73.335000 0.980756 -3.168240 -0.412573
73.340000 0.964841 -3.182951 -0.412548
73.345000 0.948854 -3.197424 -0.412523
73.350000 0.932796 -3.211656 -0.412497
73.355000 0.916668 -3.225648 -0.412471
73.360000 0.900471 -3.239398 -0.412443
73.365000 0.884206 -3.252905 -0.412416
73.370000 0.867875 -3.266169 -0.412387
73.375000 0.851480 -3.279187 -0.412358
73.380000 0.835020 -3.291959 -0.412329
73.385000 0.818497 -3.304484 -0.412299
73.390000 0.801914 -3.316762 -0.412268
73.395000 0.785270 -3.328790 -0.412237
73.400000 0.768567 -3.340569 -0.412205
73.405000 0.751806 -3.352098 -0.412173
73.410000 0.734989 -3.363375 -0.412140
73.415000 0.718117 -3.374400 -0.412107
73.420000 0.701191 -3.385172 -0.412073
73.425000 0.684213 -3.395689 -0.412039
73.430000 0.667183 -3.405953 -0.412004
73.435000 0.650103 -3.415960 -0.411969
73.440000 0.632975 -3.425712 -0.411933
73.445000 0.615799 -3.435207 -0.411897
73.450000 0.598577 -3.444444 -0.411860
73.455000 0.581310 -3.453422 -0.411823
73.460000 0.563999 -3.462142 -0.411786
73.465000 0.546646 -3.470602 -0.411748
73.470000 0.529252 -3.478802 -0.411710
73.475000 0.511818 -3.486740 -0.411671
73.480000 0.494346 -3.494418 -0.411632
73.485000 0.476837 -3.501833 -0.411593
73.490000 0.459292 -3.508985 -0.411553
73.495000 0.441713 -3.515875 -0.411513
73.500000 0.424100 -3.522500 -0.411473
73.505000 0.406456 -3.528862 -0.411432
73.510000 0.388781 -3.534959 -0.411392
73.515000 0.371077 -3.540790 -0.411350
73.520000 0.353345 -3.546357 -0.411309
73.525000 0.335587 -3.551657 -0.411267
73.530000 0.317803 -3.556691 -0.411225
73.535000 0.299996 -3.561458 -0.411183
73.540000 0.282166 -3.565958 -0.411141
73.545000 0.264315 -3.570190 -0.411098
73.550000 0.246445 -3.574155 -0.411055
73.555000 0.228555 -3.577851 -0.411012
73.560000 0.210649 -3.581280 -0.410969
73.565000 0.192727 -3.584440 -0.410926
73.570000 0.174790 -3.587330 -0.410882
73.575000 0.156840 -3.589952 -0.410838
73.580000 0.138879 -3.592305 -0.410795
73.585000 0.120907 -3.594388 -0.410751
73.590000 0.102926 -3.596202 -0.410707
73.595000 0.084937 -3.597746 -0.410663
73.600000 0.066942 -3.599020 -0.410619
73.605000 0.048942 -3.600024 -0.410575
73.610000 0.030938 -3.600758 -0.410531
73.615000 0.012932 -3.601222 -0.410486
73.620000 -0.005075 -3.601416 -0.410442
73.625000 -0.023082 -3.601340 -0.410398
73.630000 -0.041087 -3.600994 -0.410354
73.635000 -0.059089 -3.600377 -0.410309
73.640000 -0.077086 -3.599491 -0.410265
73.645000 -0.095078 -3.598335 -0.410221
73.650000 -0.113062 -3.596909 -0.410177
73.655000 -0.131038 -3.595213 -0.410133
73.660000 -0.149004 -3.593247 -0.410089
73.665000 -0.166960 -3.591012 -0.410046
73.670000 -0.184902 -3.588508 -0.410002
73.675000 -0.202831 -3.585734 -0.409959
73.680000 -0.220744 -3.582692 -0.409915
73.685000 -0.238641 -3.579380 -0.409872
73.690000 -0.256520 -3.575801 -0.409829
73.695000 -0.274380 -3.571953 -0.409786
73.700000 -0.292219 -3.567837 -0.409744
73.705000 -0.310036 -3.563454 -0.409701
73.710000 -0.327830 -3.558803 -0.409659
73.715000 -0.345600 -3.553886 -0.409617
73.720000 -0.363343 -3.548702 -0.409575
73.725000 -0.381060 -3.543252 -0.409534
73.730000 -0.398747 -3.537536 -0.409493
73.735000 -0.416405 -3.531555 -0.409452
73.740000 -0.434032 -3.525309 -0.409411
73.745000 -0.451626 -3.518798 -0.409371
73.750000 -0.469186 -3.512024 -0.409331
73.755000 -0.486711 -3.504986 -0.409291
73.760000 -0.504199 -3.497685 -0.409252
73.765000 -0.521650 -3.490122 -0.409213
73.770000 -0.539061 -3.482298 -0.409175
73.775000 -0.556432 -3.474212 -0.409136
73.780000 -0.573762 -3.465865 -0.409099
73.785000 -0.591048 -3.457259 -0.409061
73.790000 -0.608290 -3.448393 -0.409024
73.795000 -0.625486 -3.439269 -0.408988
73.800000 -0.642636 -3.429886 -0.408952
73.805000 -0.659737 -3.420247 -0.408916
73.810000 -0.676789 -3.410351 -0.408881
73.815000 -0.693790 -3.400199 -0.408846
73.820000 -0.710738 -3.389792 -0.408812
73.825000 -0.727634 -3.379131 -0.408778
73.830000 -0.744475 -3.368217 -0.408745
73.835000 -0.761260 -3.357049 -0.408712
73.840000 -0.777989 -3.345631 -0.408680
73.845000 -0.794658 -3.333961 -0.408648
73.850000 -0.811269 -3.322041 -0.408617
73.855000 -0.827818 -3.309872 -0.408586
73.860000 -0.844305 -3.297455 -0.408556
73.865000 -0.860729 -3.284790 -0.408527
73.870000 -0.877089 -3.271879 -0.408498
73.875000 -0.893382 -3.258723 -0.408470
73.880000 -0.909609 -3.245322 -0.408442
73.885000 -0.925767 -3.231678 -0.408415
73.890000 -0.941856 -3.217791 -0.408388
73.895000 -0.957875 -3.203664 -0.408362
73.900000 -0.973821 -3.189295 -0.408337
73.905000 -0.989694 -3.174688 -0.408312
73.910000 -1.005494 -3.159843 -0.408288
73.915000 -1.021217 -3.144760 -0.408265
73.920000 -1.036865 -3.129442 -0.408242
73.925000 -1.052434 -3.113889 -0.408220
73.930000 -1.067925 -3.098103 -0.408199
73.935000 -1.083335 -3.082084 -0.408178
73.940000 -1.098664 -3.065834 -0.408158
73.945000 -1.113911 -3.049354 -0.408139
73.950000 -1.129074 -3.032645 -0.408120
73.955000 -1.144153 -3.015709 -0.408102
73.960000 -1.159145 -2.998547 -0.408085
73.965000 -1.174051 -2.981159 -0.408068
73.970000 -1.188869 -2.963549 -0.408052
73.975000 -1.203598 -2.945716 -0.408037
73.980000 -1.218236 -2.927662 -0.408023
73.985000 -1.232783 -2.909388 -0.408009
73.990000 -1.247237 -2.890896 -0.407996
73.995000 -1.261598 -2.872188 -0.407984
74.000000 -1.275865 -2.853264 -0.407972
74.005000 -1.290035 -2.834126 -0.407962
74.010000 -1.304109 -2.814775 -0.407952
74.015000 -1.318085 -2.795214 -0.407943
74.020000 -1.331962 -2.775442 -0.407934
74.025000 -1.345740 -2.755463 -0.407926
74.030000 -1.359416 -2.735277 -0.407919
74.035000 -1.372990 -2.714886 -0.407913
74.040000 -1.386462 -2.694291 -0.407908
74.045000 -1.399829 -2.673494 -0.407903
74.050000 -1.413092 -2.652496 -0.407899
74.055000 -1.426248 -2.631300 -0.407896
74.060000 -1.439298 -2.609906 -0.407893
74.065000 -1.452240 -2.588317 -0.407892
74.070000 -1.465072 -2.566533 -0.407891
74.075000 -1.477795 -2.544557 -0.407891
74.080000 -1.490407 -2.522390 -0.407891
74.085000 -1.502907 -2.500034 -0.407893
74.090000 -1.515295 -2.477491 -0.407895
74.095000 -1.527568 -2.454761 -0.407898
74.100000 -1.539728 -2.431848 -0.407902
74.105000 -1.551771 -2.408752 -0.407906
74.110000 -1.563699 -2.385475 -0.407911
74.115000 -1.575509 -2.362020 -0.407917
74.120000 -1.587201 -2.338387 -0.407924
74.125000 -1.598774 -2.314579 -0.407931
74.130000 -1.610227 -2.290597 -0.407940
74.135000 -1.621559 -2.266444 -0.407949
74.140000 -1.632769 -2.242121 -0.407959
74.145000 -1.643858 -2.217629 -0.407969
74.150000 -1.654822 -2.192971 -0.407980
74.155000 -1.665663 -2.168149 -0.407992
74.160000 -1.676379 -2.143164 -0.408005
74.165000 -1.686969 -2.118018 -0.408018
74.170000 -1.697433 -2.092714 -0.408033
74.175000 -1.707769 -2.067252 -0.408047
74.180000 -1.717977 -2.041636 -0.408063
74.185000 -1.728056 -2.015866 -0.408079
74.190000 -1.738006 -1.989945 -0.408096
74.195000 -1.747826 -1.963875 -0.408114
74.200000 -1.757514 -1.937658 -0.408133
74.205000 -1.767070 -1.911295 -0.408152
74.210000 -1.776494 -1.884789 -0.408172
74.215000 -1.785785 -1.858142 -0.408192
74.220000 -1.794942 -1.831355 -0.408213
74.225000 -1.803964 -1.804431 -0.408235
74.230000 -1.812851 -1.777371 -0.408258
74.235000 -1.821602 -1.750178 -0.408281
74.240000 -1.830216 -1.722854 -0.408305
74.245000 -1.838693 -1.695401 -0.408329
74.250000 -1.847032 -1.667821 -0.408354
74.255000 -1.855233 -1.640115 -0.408380
74.260000 -1.863294 -1.612287 -0.408406
74.265000 -1.871216 -1.584337 -0.408433
74.270000 -1.878997 -1.556269 -0.408461
74.275000 -1.886637 -1.528084 -0.408489
74.280000 -1.894136 -1.499785 -0.408518
74.285000 -1.901493 -1.471373 -0.408547
74.290000 -1.908708 -1.442850 -0.408577
74.295000 -1.915779 -1.414220 -0.408607
74.300000 -1.922706 -1.385483 -0.408638
74.305000 -1.929489 -1.356642 -0.408670
74.310000 -1.936128 -1.327700 -0.408702
74.315000 -1.942621 -1.298658 -0.408734
74.320000 -1.948969 -1.269519 -0.408768
74.325000 -1.955170 -1.240284 -0.408801
74.330000 -1.961225 -1.210957 -0.408835
74.335000 -1.967133 -1.181538 -0.408870
74.340000 -1.972893 -1.152031 -0.408905
74.345000 -1.978505 -1.122438 -0.408940
74.350000 -1.983969 -1.092760 -0.408976
74.355000 -1.989284 -1.063001 -0.409013
74.360000 -1.994449 -1.033162 -0.409050
74.365000 -1.999466 -1.003245 -0.409087
74.370000 -2.004332 -0.973253 -0.409125
74.375000 -2.009048 -0.943188 -0.409163
74.380000 -2.013613 -0.913052 -0.409201
74.385000 -2.018027 -0.882848 -0.409240
74.390000 -2.022290 -0.852577 -0.409279
74.395000 -2.026402 -0.822243 -0.409319
74.400000 -2.030361 -0.791847 -0.409358
74.405000 -2.034168 -0.761392 -0.409399
74.410000 -2.037822 -0.730879 -0.409439
74.415000 -2.041324 -0.700312 -0.409480
74.420000 -2.044672 -0.669692 -0.409521
74.425000 -2.047867 -0.639022 -0.409562
74.430000 -2.050909 -0.608304 -0.409604
74.435000 -2.053796 -0.577540 -0.409646
74.440000 -2.056530 -0.546733 -0.409688
74.445000 -2.059110 -0.515885 -0.409730
74.450000 -2.061535 -0.484999 -0.409773
74.455000 -2.063805 -0.454076 -0.409816
74.460000 -2.065921 -0.423119 -0.409859
74.465000 -2.067881 -0.392130 -0.409902
74.470000 -2.069687 -0.361112 -0.409945
74.475000 -2.071337 -0.330066 -0.409988
74.480000 -2.072832 -0.298996 -0.410032
74.485000 -2.074172 -0.267904 -0.410076
74.490000 -2.075355 -0.236791 -0.410119
74.495000 -2.076384 -0.205661 -0.410163
74.500000 -2.077256 -0.174515 -0.410207
74.505000 -2.077973 -0.143356 -0.410251
74.510000 -2.078534 -0.112187 -0.410296
74.515000 -2.078939 -0.081009 -0.410340
74.520000 -2.079188 -0.049825 -0.410384
74.525000 -2.079281 -0.018637 -0.410428
74.530000 -2.079219 0.012552 -0.410472
74.535000 -2.079000 0.043741 -0.410517
74.540000 -2.078625 0.074926 -0.410561
74.545000 -2.078095 0.106105 -0.410605
74.550000 -2.077408 0.137277 -0.410649
74.555000 -2.076566 0.168438 -0.410693
74.560000 -2.075568 0.199586 -0.410737
74.565000 -2.074415 0.230720 -0.410781
74.570000 -2.073106 0.261836 -0.410825
74.575000 -2.071641 0.292933 -0.410868
74.580000 -2.070021 0.324007 -0.410912
74.585000 -2.068246 0.355057 -0.410955
74.590000 -2.066315 0.386081 -0.410998
74.595000 -2.064230 0.417076 -0.411042
74.600000 -2.061990 0.448039 -0.411084
74.605000 -2.059595 0.478969 -0.411127
74.610000 -2.057045 0.509863 -0.411170
74.615000 -2.054342 0.540719 -0.411212
74.620000 -2.051484 0.571534 -0.411254
74.625000 -2.048473 0.602306 -0.411296
74.630000 -2.045307 0.633033 -0.411337
74.635000 -2.041989 0.663713 -0.411379
74.640000 -2.038517 0.694343 -0.411420
74.645000 -2.034893 0.724920 -0.411460
74.650000 -2.031115 0.755444 -0.411501
74.655000 -2.027186 0.785911 -0.411541
74.660000 -2.023104 0.816318 -0.411581
74.665000 -2.018871 0.846665 -0.411620
74.670000 -2.014486 0.876948 -0.411659
74.675000 -2.009950 0.907165 -0.411698
74.680000 -2.005264 0.937314 -0.411736
74.685000 -2.000427 0.967393 -0.411774
74.690000 -1.995440 0.997400 -0.411812
74.695000 -1.990303 1.027331 -0.411849
74.700000 -1.985017 1.057186 -0.411885
74.705000 -1.979582 1.086961 -0.411922
74.710000 -1.973999 1.116655 -0.411957
74.715000 -1.968268 1.146265 -0.411993
74.720000 -1.962389 1.175789 -0.412028
74.725000 -1.956363 1.205225 -0.412062
74.730000 -1.950190 1.234570 -0.412096
74.735000 -1.943871 1.263823 -0.412130
74.740000 -1.937406 1.292981 -0.412163
74.745000 -1.930796 1.322042 -0.412195
74.750000 -1.924041 1.351004 -0.412227
74.755000 -1.917141 1.379865 -0.412258
74.760000 -1.910098 1.408622 -0.412289
74.765000 -1.902912 1.437273 -0.412319
74.770000 -1.895583 1.465817 -0.412349
74.775000 -1.888111 1.494251 -0.412378
74.780000 -1.880499 1.522572 -0.412407
74.785000 -1.872745 1.550780 -0.412435
74.790000 -1.864850 1.578871 -0.412462
74.795000 -1.856816 1.606844 -0.412489
74.800000 -1.848643 1.634696 -0.412515
74.805000 -1.840331 1.662426 -0.412541
74.810000 -1.831880 1.690031 -0.412565
74.815000 -1.823293 1.717509 -0.412590
74.820000 -1.814569 1.744858 -0.412613
74.825000 -1.805708 1.772077 -0.412636
74.830000 -1.796712 1.799162 -0.412659
74.835000 -1.787582 1.826113 -0.412680
74.840000 -1.778317 1.852927 -0.412701
74.845000 -1.768919 1.879602 -0.412721
74.850000 -1.759388 1.906135 -0.412741
74.855000 -1.749726 1.932526 -0.412760
74.860000 -1.739932 1.958772 -0.412778
74.865000 -1.730008 1.984871 -0.412796
74.870000 -1.719954 2.010821 -0.412813
74.875000 -1.709770 2.036621 -0.412829
74.880000 -1.699459 2.062267 -0.412844
74.885000 -1.689020 2.087759 -0.412859
74.890000 -1.678455 2.113094 -0.412873
74.895000 -1.667763 2.138271 -0.412886
74.900000 -1.656947 2.163288 -0.412898
74.905000 -1.646006 2.188142 -0.412910
74.910000 -1.634942 2.212832 -0.412921
74.915000 -1.623755 2.237356 -0.412932
74.920000 -1.612447 2.261712 -0.412941
74.925000 -1.601017 2.285899 -0.412950
74.930000 -1.589468 2.309914 -0.412958
74.935000 -1.577799 2.333756 -0.412965
74.940000 -1.566012 2.357423 -0.412972
74.945000 -1.554107 2.380913 -0.412977
74.950000 -1.542086 2.404225 -0.412982
74.955000 -1.529949 2.427356 -0.412987
74.960000 -1.517698 2.450306 -0.412990
74.965000 -1.505332 2.473071 -0.412993
74.970000 -1.492854 2.495651 -0.412995
74.975000 -1.480264 2.518044 -0.412996
74.980000 -1.467563 2.540248 -0.412996
74.985000 -1.454751 2.562261 -0.412996
74.990000 -1.441831 2.584083 -0.412995
74.995000 -1.428802 2.605710 -0.412993
75.000000 -1.415667 2.627142 -0.412990
75.005000 -1.402425 2.648377 -0.412987
75.010000 -1.389078 2.669413 -0.412983
75.015000 -1.375627 2.690250 -0.412978
75.020000 -1.362072 2.710884 -0.412972
75.025000 -1.348416 2.731315 -0.412966
75.030000 -1.334658 2.751541 -0.412958
75.035000 -1.320800 2.771561 -0.412950
75.040000 -1.306843 2.791373 -0.412942
75.045000 -1.292788 2.810976 -0.412932
75.050000 -1.278636 2.830368 -0.412922
75.055000 -1.264389 2.849547 -0.412911
75.060000 -1.250046 2.868513 -0.412899
75.065000 -1.235610 2.887264 -0.412887
75.070000 -1.221081 2.905798 -0.412874
75.075000 -1.206460 2.924114 -0.412860
75.080000 -1.191749 2.942211 -0.412845
75.085000 -1.176949 2.960087 -0.412830
75.090000 -1.162060 2.977741 -0.412814
75.095000 -1.147084 2.995172 -0.412797
75.100000 -1.132022 3.012379 -0.412780
75.105000 -1.116876 3.029359 -0.412761
75.110000 -1.101645 3.046112 -0.412743
75.115000 -1.086332 3.062637 -0.412723
75.120000 -1.070937 3.078932 -0.412703
75.125000 -1.055462 3.094996 -0.412682
75.130000 -1.039908 3.110828 -0.412660
75.135000 -1.024276 3.126426 -0.412638
75.140000 -1.008567 3.141790 -0.412615
75.145000 -0.992782 3.156919 -0.412591
75.150000 -0.976923 3.171811 -0.412567
75.155000 -0.960991 3.186465 -0.412542
75.160000 -0.944987 3.200879 -0.412517
75.165000 -0.928911 3.215054 -0.412491
75.170000 -0.912766 3.228988 -0.412464
75.175000 -0.896553 3.242679 -0.412437
75.180000 -0.880272 3.256128 -0.412409
75.185000 -0.863926 3.269332 -0.412380
75.190000 -0.847514 3.282291 -0.412351
75.195000 -0.831039 3.295003 -0.412322
75.200000 -0.814502 3.307469 -0.412291
75.205000 -0.797903 3.319687 -0.412261
75.210000 -0.781245 3.331655 -0.412229
75.215000 -0.764528 3.343374 -0.412197
75.220000 -0.747754 3.354842 -0.412165
75.225000 -0.730924 3.366058 -0.412132
75.230000 -0.714039 3.377022 -0.412099
75.235000 -0.697100 3.387732 -0.412065
75.240000 -0.680109 3.398189 -0.412030
75.245000 -0.663067 3.408391 -0.411995
75.250000 -0.645975 3.418337 -0.411960
75.255000 -0.628835 3.428026 -0.411924
75.260000 -0.611648 3.437459 -0.411888
75.265000 -0.594415 3.446633 -0.411851
75.270000 -0.577137 3.455550 -0.411814
75.275000 -0.559816 3.464207 -0.411777
75.280000 -0.542453 3.472604 -0.411739
75.285000 -0.525049 3.480741 -0.411701
75.290000 -0.507606 3.488616 -0.411662
75.295000 -0.490125 3.496231 -0.411623
75.300000 -0.472607 3.503582 -0.411584
75.305000 -0.455054 3.510672 -0.411544
75.310000 -0.437466 3.517497 -0.411504
75.315000 -0.419846 3.524059 -0.411463
75.320000 -0.402194 3.530357 -0.411423
75.325000 -0.384512 3.536390 -0.411382
75.330000 -0.366802 3.542158 -0.411340
75.335000 -0.349063 3.547660 -0.411299
75.340000 -0.331299 3.552896 -0.411257
75.345000 -0.313509 3.557865 -0.411215
75.350000 -0.295697 3.562568 -0.411173
75.355000 -0.277862 3.567003 -0.411130
75.360000 -0.260006 3.571171 -0.411088
75.365000 -0.242130 3.575071 -0.411045
75.370000 -0.224237 3.578703 -0.411002
75.375000 -0.206327 3.582067 -0.410958
75.380000 -0.188401 3.585162 -0.410915
75.385000 -0.170461 3.587988 -0.410872
75.390000 -0.152508 3.590545 -0.410828
75.395000 -0.134544 3.592832 -0.410784
75.400000 -0.116570 3.594850 -0.410740
75.405000 -0.098587 3.596599 -0.410696
75.410000 -0.080596 3.598078 -0.410652
75.415000 -0.062600 3.599287 -0.410608
75.420000 -0.044599 3.600226 -0.410564
75.425000 -0.026594 3.600895 -0.410520
75.430000 -0.008588 3.601293 -0.410476
75.435000 0.009419 3.601422 -0.410431
75.440000 0.027426 3.601281 -0.410387
75.445000 0.045430 3.600870 -0.410343
75.450000 0.063431 3.600188 -0.410299
75.455000 0.081427 3.599237 -0.410255
75.460000 0.099417 3.598015 -0.410211
75.465000 0.117400 3.596524 -0.410167
75.470000 0.135374 3.594763 -0.410123
75.475000 0.153337 3.592732 -0.410079
75.480000 0.171290 3.590432 -0.410035
75.485000 0.189229 3.587863 -0.409992
75.490000 0.207154 3.585025 -0.409948
75.495000 0.225064 3.581917 -0.409905
75.500000 0.242956 3.578541 -0.409862
75.505000 0.260831 3.574897 -0.409819
75.510000 0.278686 3.570985 -0.409776
75.515000 0.296520 3.566804 -0.409733
75.520000 0.314332 3.562356 -0.409691
75.525000 0.332120 3.557641 -0.409649
75.530000 0.349883 3.552660 -0.409607
75.535000 0.367620 3.547411 -0.409565
75.540000 0.385330 3.541897 -0.409524
75.545000 0.403010 3.536117 -0.409483
75.550000 0.420661 3.530072 -0.409442
75.555000 0.438279 3.523762 -0.409402
75.560000 0.455865 3.517188 -0.409361
75.565000 0.473417 3.510350 -0.409321
75.570000 0.490933 3.503249 -0.409282
75.575000 0.508413 3.495885 -0.409243
75.580000 0.525854 3.488259 -0.409204
75.585000 0.543256 3.480371 -0.409165
75.590000 0.560617 3.472222 -0.409127
75.595000 0.577936 3.463813 -0.409090
75.600000 0.595212 3.455144 -0.409052
75.605000 0.612443 3.446215 -0.409015
75.610000 0.629628 3.437029 -0.408979
75.615000 0.646766 3.427584 -0.408943
75.620000 0.663855 3.417883 -0.408908
75.625000 0.680895 3.407925 -0.408872
75.630000 0.697883 3.397712 -0.408838
75.635000 0.714820 3.387243 -0.408804
75.640000 0.731702 3.376521 -0.408770
75.645000 0.748530 3.365546 -0.408737
75.650000 0.765302 3.354318 -0.408704
75.655000 0.782016 3.342838 -0.408672
75.660000 0.798671 3.331108 -0.408641
75.665000 0.815267 3.319128 -0.408610
75.670000 0.831801 3.306899 -0.408579
75.675000 0.848274 3.294422 -0.408549
75.680000 0.864682 3.281698 -0.408520
75.685000 0.881026 3.268727 -0.408491
75.690000 0.897303 3.255512 -0.408463
75.695000 0.913514 3.242052 -0.408435
75.700000 0.929655 3.228350 -0.408408
75.705000 0.945727 3.214405 -0.408382
75.710000 0.961728 3.200219 -0.408356
75.715000 0.977657 3.185793 -0.408331
75.720000 0.993513 3.171128 -0.408306
75.725000 1.009294 3.156226 -0.408283
75.730000 1.025000 3.141086 -0.408259
75.735000 1.040628 3.125711 -0.408237
75.740000 1.056179 3.110102 -0.408215
75.745000 1.071650 3.094259 -0.408194
75.750000 1.087041 3.078184 -0.408173
75.755000 1.102350 3.061879 -0.408153
75.760000 1.117577 3.045343 -0.408134
75.765000 1.132720 3.028580 -0.408116
75.770000 1.147778 3.011589 -0.408098
75.775000 1.162750 2.994372 -0.408081
75.780000 1.177634 2.976931 -0.408064
75.785000 1.192431 2.959267 -0.408049
75.790000 1.207138 2.941380 -0.408034
75.795000 1.221754 2.923273 -0.408019
75.800000 1.236279 2.904947 -0.408006
75.805000 1.250711 2.886403 -0.407993
75.810000 1.265049 2.867642 -0.407981
75.815000 1.279292 2.848666 -0.407970
75.820000 1.293440 2.829477 -0.407959
75.825000 1.307490 2.810075 -0.407949
75.830000 1.321442 2.790463 -0.407940
75.835000 1.335295 2.770641 -0.407932
75.840000 1.349049 2.750612 -0.407925
75.845000 1.362700 2.730376 -0.407918
75.850000 1.376250 2.709935 -0.407912
75.855000 1.389697 2.689292 -0.407906
75.860000 1.403039 2.668446 -0.407902
75.865000 1.416276 2.647401 -0.407898
75.870000 1.429407 2.626157 -0.407895
75.875000 1.442430 2.604715 -0.407893
75.880000 1.455346 2.583079 -0.407891
75.885000 1.468152 2.561249 -0.407891
75.890000 1.480848 2.539227 -0.407891
75.895000 1.493433 2.517014 -0.407892
75.900000 1.505906 2.494612 -0.407893
75.905000 1.518266 2.472024 -0.407896
75.910000 1.530512 2.449250 -0.407899
75.915000 1.542644 2.426292 -0.407903
75.920000 1.554660 2.403152 -0.407907
75.925000 1.566559 2.379833 -0.407913
75.930000 1.578340 2.356334 -0.407919
75.935000 1.590004 2.332659 -0.407926
75.940000 1.601548 2.308809 -0.407933
75.945000 1.612972 2.284786 -0.407942
75.950000 1.624275 2.260591 -0.407951
75.955000 1.635456 2.236227 -0.407961
75.960000 1.646514 2.211695 -0.407972
75.965000 1.657449 2.186998 -0.407983
75.970000 1.668260 2.162136 -0.407995
75.975000 1.678946 2.137112 -0.408008
75.980000 1.689505 2.111928 -0.408022
75.985000 1.699938 2.086585 -0.408036
75.990000 1.710244 2.061086 -0.408051
75.995000 1.720421 2.035432 -0.408067
76.000000 1.730469 2.009626 -0.408083
76.005000 1.740387 1.983669 -0.408101
76.010000 1.750175 1.957563 -0.408119
76.015000 1.759832 1.931311 -0.408137
76.020000 1.769356 1.904913 -0.408156
76.025000 1.778748 1.878373 -0.408176
76.030000 1.788006 1.851692 -0.408197
76.035000 1.797131 1.824871 -0.408219
76.040000 1.806120 1.797915 -0.408241
76.045000 1.814974 1.770823 -0.408263
76.050000 1.823692 1.743598 -0.408287
76.055000 1.832274 1.716243 -0.408310
76.060000 1.840717 1.688759 -0.408335
76.065000 1.849023 1.661148 -0.408360
76.070000 1.857190 1.633413 -0.408386
76.075000 1.865218 1.605555 -0.408413
76.080000 1.873106 1.577576 -0.408440
76.085000 1.880853 1.549480 -0.408467
76.090000 1.888460 1.521267 -0.408496
76.095000 1.895924 1.492940 -0.408525
76.100000 1.903247 1.464501 -0.408554
76.105000 1.910427 1.435953 -0.408584
76.110000 1.917463 1.407296 -0.408615
76.115000 1.924356 1.378534 -0.408646
76.120000 1.931104 1.349669 -0.408677
76.125000 1.937708 1.320702 -0.408710
76.130000 1.944166 1.291637 -0.408742
76.135000 1.950478 1.262474 -0.408776
76.140000 1.956644 1.233217 -0.408809
76.145000 1.962664 1.203867 -0.408844
76.150000 1.968536 1.174427 -0.408878
76.155000 1.974260 1.144899 -0.408913
76.160000 1.979837 1.115285 -0.408949
76.165000 1.985265 1.085588 -0.408985
76.170000 1.990544 1.055809 -0.409022
76.175000 1.995673 1.025951 -0.409059
76.180000 2.000653 0.996016 -0.409096
76.185000 2.005484 0.966006 -0.409134
76.190000 2.010163 0.935924 -0.409172
76.195000 2.014692 0.905771 -0.409210
76.200000 2.019070 0.875551 -0.409249
76.205000 2.023296 0.845265 -0.409288
76.210000 2.027371 0.814915 -0.409328
76.215000 2.031293 0.784505 -0.409368
76.220000 2.035063 0.754035 -0.409408
76.225000 2.038681 0.723509 -0.409449
76.230000 2.042146 0.692929 -0.409490
76.235000 2.045457 0.662297 -0.409531
76.240000 2.048615 0.631615 -0.409572
76.245000 2.051620 0.600886 -0.409614
76.250000 2.054470 0.570112 -0.409656
76.255000 2.057167 0.539295 -0.409698
76.260000 2.059709 0.508437 -0.409741
76.265000 2.062096 0.477541 -0.409783
76.270000 2.064329 0.446610 -0.409826
76.275000 2.066408 0.415645 -0.409869
76.280000 2.068331 0.384649 -0.409912
76.285000 2.070099 0.353624 -0.409955
76.290000 2.071712 0.322573 -0.409999
76.295000 2.073169 0.291497 -0.410043
76.300000 2.074471 0.260399 -0.410086
76.305000 2.075618 0.229282 -0.410130
76.310000 2.076609 0.198148 -0.410174
76.315000 2.077444 0.166999 -0.410218
76.320000 2.078123 0.135837 -0.410262
76.325000 2.078646 0.104665 -0.410306
76.330000 2.079014 0.073486 -0.410350
76.335000 2.079225 0.042300 -0.410395
76.340000 2.079281 0.011112 -0.410439
76.345000 2.079180 -0.020077 -0.410483
76.350000 2.078924 -0.051265 -0.410527
76.355000 2.078512 -0.082449 -0.410571
76.360000 2.077943 -0.113626 -0.410616
76.365000 2.077220 -0.144796 -0.410660
76.370000 2.076340 -0.175954 -0.410704
76.375000 2.075304 -0.207099 -0.410748
76.380000 2.074113 -0.238228 -0.410791
76.385000 2.072766 -0.269340 -0.410835
76.390000 2.071264 -0.300432 -0.410879
76.395000 2.069607 -0.331501 -0.410922
76.400000 2.067794 -0.362545 -0.410966
76.405000 2.065826 -0.393562 -0.411009
76.410000 2.063703 -0.424549 -0.411052
76.415000 2.061426 -0.455505 -0.411095
76.420000 2.058994 -0.486426 -0.411137
76.425000 2.056407 -0.517311 -0.411180
76.430000 2.053666 -0.548157 -0.411222
76.435000 2.050772 -0.578962 -0.411264
76.440000 2.047723 -0.609724 -0.411306
76.445000 2.044521 -0.640439 -0.411347
76.450000 2.041165 -0.671107 -0.411389
76.455000 2.037657 -0.701725 -0.411429
76.460000 2.033995 -0.732290 -0.411470
76.465000 2.030181 -0.762800 -0.411510
76.470000 2.026215 -0.793252 -0.411550
76.475000 2.022097 -0.823645 -0.411590
76.480000 2.017827 -0.853977 -0.411629
76.485000 2.013406 -0.884244 -0.411668
76.490000 2.008833 -0.914445 -0.411707
76.495000 2.004111 -0.944578 -0.411745
76.500000 1.999237 -0.974640 -0.411783
76.505000 1.994214 -1.004628 -0.411821
76.510000 1.989041 -1.034541 -0.411858
76.515000 1.983720 -1.064377 -0.411894
76.520000 1.978249 -1.094133 -0.411930
76.525000 1.972630 -1.123806 -0.411966
76.530000 1.966863 -1.153396 -0.412001
76.535000 1.960948 -1.182899 -0.412036
76.540000 1.954887 -1.212313 -0.412070
76.545000 1.948679 -1.241636 -0.412104
76.550000 1.942324 -1.270867 -0.412138
76.555000 1.935824 -1.300001 -0.412170
76.560000 1.929179 -1.329039 -0.412203
76.565000 1.922389 -1.357976 -0.412234
76.570000 1.915455 -1.386812 -0.412266
76.575000 1.908377 -1.415544 -0.412296
76.580000 1.901157 -1.444170 -0.412327
76.585000 1.893793 -1.472687 -0.412356
76.590000 1.886288 -1.501094 -0.412385
76.595000 1.878641 -1.529388 -0.412414
76.600000 1.870853 -1.557568 -0.412441
76.605000 1.862925 -1.585631 -0.412469
76.610000 1.854857 -1.613575 -0.412495
76.615000 1.846650 -1.641398 -0.412521
76.620000 1.838304 -1.669097 -0.412547
76.625000 1.829821 -1.696672 -0.412571
76.630000 1.821200 -1.724119 -0.412595
76.635000 1.812443 -1.751437 -0.412619
76.640000 1.803550 -1.778624 -0.412642
76.645000 1.794522 -1.805677 -0.412664
76.650000 1.785359 -1.832595 -0.412685
76.655000 1.776062 -1.859375 -0.412706
76.660000 1.766632 -1.886016 -0.412726
76.665000 1.757069 -1.912516 -0.412746
76.670000 1.747375 -1.938872 -0.412765
76.675000 1.737550 -1.965082 -0.412783
76.680000 1.727594 -1.991146 -0.412800
76.685000 1.717508 -2.017059 -0.412817
76.690000 1.707294 -2.042822 -0.412833
76.695000 1.696952 -2.068432 -0.412848
76.700000 1.686483 -2.093886 -0.412862
76.705000 1.675887 -2.119183 -0.412876
76.710000 1.665165 -2.144321 -0.412889
76.715000 1.654319 -2.169299 -0.412901
76.720000 1.643348 -2.194114 -0.412913
76.725000 1.632254 -2.218764 -0.412924
76.730000 1.621038 -2.243248 -0.412934
76.735000 1.609700 -2.267563 -0.412943
76.740000 1.598242 -2.291709 -0.412952
76.745000 1.586663 -2.315682 -0.412960
76.750000 1.574966 -2.339482 -0.412967
76.755000 1.563150 -2.363107 -0.412973
76.760000 1.551218 -2.386554 -0.412979
76.765000 1.539169 -2.409822 -0.412983
76.770000 1.527004 -2.432910 -0.412988
76.775000 1.514725 -2.455815 -0.412991
76.780000 1.502332 -2.478536 -0.412993
76.785000 1.489827 -2.501071 -0.412995
76.790000 1.477210 -2.523418 -0.412996
76.795000 1.464482 -2.545576 -0.412996
76.800000 1.451644 -2.567544 -0.412996
76.805000 1.438698 -2.589318 -0.412994
76.810000 1.425643 -2.610899 -0.412992
76.815000 1.412482 -2.632283 -0.412990
76.820000 1.399214 -2.653471 -0.412986
76.825000 1.385842 -2.674459 -0.412982
76.830000 1.372366 -2.695246 -0.412976
76.835000 1.358787 -2.715832 -0.412971
76.840000 1.345106 -2.736214 -0.412964
76.845000 1.331324 -2.756390 -0.412957
76.850000 1.317442 -2.776360 -0.412948
76.855000 1.303461 -2.796122 -0.412940
76.860000 1.289383 -2.815674 -0.412930
76.865000 1.275208 -2.835014 -0.412919
76.870000 1.260937 -2.854143 -0.412908
76.875000 1.246572 -2.873057 -0.412896
76.880000 1.232113 -2.891755 -0.412884
76.885000 1.217562 -2.910237 -0.412870
76.890000 1.202919 -2.928500 -0.412856
76.895000 1.188187 -2.946544 -0.412842
76.900000 1.173365 -2.964367 -0.412826
76.905000 1.158455 -2.981967 -0.412810
76.910000 1.143458 -2.999344 -0.412793
76.915000 1.128376 -3.016496 -0.412775
76.920000 1.113209 -3.033422 -0.412757
76.925000 1.097958 -3.050120 -0.412738
76.930000 1.082625 -3.066589 -0.412718
76.935000 1.067211 -3.082829 -0.412698
76.940000 1.051717 -3.098837 -0.412677
76.945000 1.036144 -3.114612 -0.412655
76.950000 1.020493 -3.130155 -0.412632
76.955000 1.004766 -3.145462 -0.412609
76.960000 0.988963 -3.160534 -0.412586
76.965000 0.973086 -3.175368 -0.412561
76.970000 0.957136 -3.189964 -0.412536
76.975000 0.941115 -3.204321 -0.412511
76.980000 0.925023 -3.218438 -0.412484
76.985000 0.908861 -3.232313 -0.412458
76.990000 0.892631 -3.245946 -0.412430
76.995000 0.876335 -3.259336 -0.412402
77.000000 0.859972 -3.272481 -0.412373
77.005000 0.843545 -3.285380 -0.412344
77.010000 0.827055 -3.298034 -0.412314
77.015000 0.810503 -3.310439 -0.412284
77.020000 0.793890 -3.322597 -0.412253
77.025000 0.777217 -3.334505 -0.412222
77.030000 0.760487 -3.346163 -0.412190
77.035000 0.743699 -3.357571 -0.412157
77.040000 0.726855 -3.368726 -0.412124
77.045000 0.709957 -3.379629 -0.412090
77.050000 0.693006 -3.390278 -0.412056
77.055000 0.676002 -3.400674 -0.412022
77.060000 0.658948 -3.410814 -0.411987
77.065000 0.641845 -3.420698 -0.411952
77.070000 0.624693 -3.430325 -0.411916
77.075000 0.607494 -3.439696 -0.411879
77.080000 0.590250 -3.448808 -0.411842
77.085000 0.572962 -3.457662 -0.411805
77.090000 0.555631 -3.466256 -0.411768
77.095000 0.538258 -3.474591 -0.411730
77.100000 0.520845 -3.482665 -0.411691
77.105000 0.503392 -3.490477 -0.411653
77.110000 0.485902 -3.498028 -0.411613
77.115000 0.468375 -3.505317 -0.411574
77.120000 0.450814 -3.512342 -0.411534
77.125000 0.433218 -3.519105 -0.411494
77.130000 0.415590 -3.525603 -0.411454
77.135000 0.397931 -3.531837 -0.411413
77.140000 0.380242 -3.537806 -0.411372
77.145000 0.362524 -3.543509 -0.411330
77.150000 0.344780 -3.548947 -0.411289
77.155000 0.327009 -3.554119 -0.411247
77.160000 0.309214 -3.559024 -0.411205
77.165000 0.291396 -3.563662 -0.411163
77.170000 0.273556 -3.568033 -0.411120
77.175000 0.255695 -3.572137 -0.411077
77.180000 0.237815 -3.575972 -0.411034
77.185000 0.219917 -3.579539 -0.410991
77.190000 0.202003 -3.582838 -0.410948
77.195000 0.184074 -3.585868 -0.410905
77.200000 0.166131 -3.588629 -0.410861
77.205000 0.148175 -3.591121 -0.410817
77.210000 0.130208 -3.593344 -0.410774
77.215000 0.112232 -3.595297 -0.410730
77.220000 0.094247 -3.596980 -0.410686
77.225000 0.076255 -3.598394 -0.410642
77.230000 0.058257 -3.599538 -0.410598
77.235000 0.040255 -3.600412 -0.410553
77.240000 0.022250 -3.601016 -0.410509
77.245000 0.004243 -3.601349 -0.410465
77.250000 -0.013764 -3.601413 -0.410421
77.255000 -0.031770 -3.601206 -0.410377
77.260000 -0.049773 -3.600730 -0.410332
77.265000 -0.067773 -3.599983 -0.410288
77.270000 -0.085768 -3.598967 -0.410244
77.275000 -0.103757 -3.597680 -0.410200
77.280000 -0.121737 -3.596124 -0.410156
77.285000 -0.139709 -3.594298 -0.410112
77.290000 -0.157670 -3.592202 -0.410068
77.295000 -0.175619 -3.589837 -0.410025
77.300000 -0.193555 -3.587203 -0.409981
77.305000 -0.211476 -3.584300 -0.409938
77.310000 -0.229382 -3.581127 -0.409894
77.315000 -0.247270 -3.577687 -0.409851
77.320000 -0.265140 -3.573978 -0.409808
77.325000 -0.282990 -3.570000 -0.409766
77.330000 -0.300819 -3.565756 -0.409723
77.335000 -0.318625 -3.561243 -0.409681
77.340000 -0.336408 -3.556464 -0.409639
77.345000 -0.354165 -3.551418 -0.409597
77.350000 -0.371895 -3.546105 -0.409555
77.355000 -0.389598 -3.540527 -0.409514
77.360000 -0.407271 -3.534683 -0.409473
77.365000 -0.424914 -3.528574 -0.409432
77.370000 -0.442525 -3.522200 -0.409392
77.375000 -0.460103 -3.515562 -0.409352
77.380000 -0.477646 -3.508661 -0.409312
77.385000 -0.495154 -3.501496 -0.409272
77.390000 -0.512624 -3.494069 -0.409233
77.395000 -0.530056 -3.486379 -0.409195
77.400000 -0.547448 -3.478429 -0.409156
77.405000 -0.564799 -3.470217 -0.409118
77.410000 -0.582108 -3.461745 -0.409081
77.415000 -0.599373 -3.453013 -0.409043
77.420000 -0.616593 -3.444023 -0.409007
77.425000 -0.633767 -3.434774 -0.408970
77.430000 -0.650893 -3.425267 -0.408934
77.435000 -0.667971 -3.415504 -0.408899
77.440000 -0.684998 -3.405484 -0.408864
77.445000 -0.701974 -3.395209 -0.408830
77.450000 -0.718898 -3.384680 -0.408796
77.455000 -0.735767 -3.373896 -0.408762
77.460000 -0.752582 -3.362860 -0.408729
77.465000 -0.769339 -3.351571 -0.408696
77.470000 -0.786040 -3.340031 -0.408665
77.475000 -0.802681 -3.328240 -0.408633
77.480000 -0.819262 -3.316200 -0.408602
77.485000 -0.835781 -3.303911 -0.408572
77.490000 -0.852238 -3.291374 -0.408542
77.495000 -0.868631 -3.278591 -0.408513
77.500000 -0.884959 -3.265561 -0.408484
77.505000 -0.901220 -3.252287 -0.408456
77.510000 -0.917414 -3.238769 -0.408429
77.515000 -0.933539 -3.225008 -0.408402
77.520000 -0.949594 -3.211004 -0.408376
77.525000 -0.965578 -3.196761 -0.408350
77.530000 -0.981489 -3.182277 -0.408325
77.535000 -0.997327 -3.167555 -0.408301
77.540000 -1.013090 -3.152595 -0.408277
77.545000 -1.028777 -3.137398 -0.408254
77.550000 -1.044387 -3.121967 -0.408231
77.555000 -1.059919 -3.106301 -0.408210
77.560000 -1.075371 -3.090402 -0.408189
77.565000 -1.090742 -3.074271 -0.408168
77.570000 -1.106031 -3.057910 -0.408149
77.575000 -1.121238 -3.041320 -0.408130
77.580000 -1.136361 -3.024501 -0.408111
77.585000 -1.151398 -3.007456 -0.408094
77.590000 -1.166349 -2.990185 -0.408077
77.595000 -1.181212 -2.972690 -0.408060
77.600000 -1.195987 -2.954971 -0.408045
77.605000 -1.210672 -2.937032 -0.408030
77.610000 -1.225267 -2.918872 -0.408016
77.615000 -1.239769 -2.900493 -0.408003
77.620000 -1.254179 -2.881896 -0.407990
77.625000 -1.268494 -2.863083 -0.407978
77.630000 -1.282714 -2.844056 -0.407967
77.635000 -1.296838 -2.824815 -0.407957
77.640000 -1.310865 -2.805363 -0.407947
77.645000 -1.324794 -2.785700 -0.407938
77.650000 -1.338623 -2.765828 -0.407930
77.655000 -1.352351 -2.745748 -0.407923
77.660000 -1.365979 -2.725463 -0.407916
77.665000 -1.379504 -2.704974 -0.407910
77.670000 -1.392925 -2.684281 -0.407905
77.675000 -1.406242 -2.663387 -0.407901
77.680000 -1.419453 -2.642293 -0.407897
77.685000 -1.432558 -2.621002 -0.407894
77.690000 -1.445556 -2.599513 -0.407892
77.695000 -1.458445 -2.577830 -0.407891
77.700000 -1.471225 -2.555953 -0.407891
77.705000 -1.483894 -2.533885 -0.407891
77.710000 -1.496453 -2.511626 -0.407892
77.715000 -1.508898 -2.489180 -0.407894
77.720000 -1.521231 -2.466546 -0.407896
77.725000 -1.533450 -2.443728 -0.407900
77.730000 -1.545553 -2.420726 -0.407904
77.735000 -1.557541 -2.397543 -0.407908
77.740000 -1.569412 -2.374180 -0.407914
77.745000 -1.581165 -2.350638 -0.407920
77.750000 -1.592800 -2.326921 -0.407928
77.755000 -1.604315 -2.303029 -0.407935
77.760000 -1.615710 -2.278964 -0.407944
77.765000 -1.626983 -2.254729 -0.407953
77.770000 -1.638135 -2.230324 -0.407963
77.775000 -1.649164 -2.205752 -0.407974
77.780000 -1.660069 -2.181014 -0.407986
77.785000 -1.670849 -2.156113 -0.407998
77.790000 -1.681505 -2.131051 -0.408011
77.795000 -1.692034 -2.105828 -0.408025
77.800000 -1.702436 -2.080447 -0.408040
77.805000 -1.712711 -2.054911 -0.408055
77.810000 -1.722857 -2.029220 -0.408071
77.815000 -1.732874 -2.003377 -0.408088
77.820000 -1.742761 -1.977384 -0.408105
77.825000 -1.752517 -1.951243 -0.408123
77.830000 -1.762142 -1.924955 -0.408142
77.835000 -1.771634 -1.898523 -0.408161
77.840000 -1.780994 -1.871948 -0.408181
77.845000 -1.790220 -1.845234 -0.408202
77.850000 -1.799312 -1.818380 -0.408224
77.855000 -1.808269 -1.791391 -0.408246
77.860000 -1.817090 -1.764267 -0.408269
77.865000 -1.825775 -1.737010 -0.408292
77.870000 -1.834323 -1.709624 -0.408316
77.875000 -1.842734 -1.682109 -0.408341
77.880000 -1.851006 -1.654468 -0.408367
77.885000 -1.859140 -1.626703 -0.408393
77.890000 -1.867134 -1.598816 -0.408419
77.895000 -1.874988 -1.570809 -0.408446
77.900000 -1.882701 -1.542684 -0.408474
77.905000 -1.890274 -1.514443 -0.408503
77.910000 -1.897704 -1.486089 -0.408532
77.915000 -1.904992 -1.457624 -0.408561
77.920000 -1.912137 -1.429049 -0.408591
77.925000 -1.919139 -1.400367 -0.408622
77.930000 -1.925997 -1.371579 -0.408653
77.935000 -1.932711 -1.342690 -0.408685
77.940000 -1.939279 -1.313699 -0.408718
77.945000 -1.945702 -1.284610 -0.408750
77.950000 -1.951979 -1.255424 -0.408784
77.955000 -1.958110 -1.226144 -0.408818
77.960000 -1.964094 -1.196773 -0.408852
77.965000 -1.969930 -1.167311 -0.408887
77.970000 -1.975619 -1.137762 -0.408922
77.975000 -1.981160 -1.108128 -0.408958
77.980000 -1.986552 -1.078411 -0.408994
77.985000 -1.991795 -1.048613 -0.409030
77.990000 -1.996889 -1.018736 -0.409068
77.995000 -2.001833 -0.988782 -0.409105
78.000000 -2.006626 -0.958755 -0.409143
78.005000 -2.011270 -0.928655 -0.409181
78.010000 -2.015762 -0.898486 -0.409220
78.015000 -2.020103 -0.868250 -0.409259
78.020000 -2.024293 -0.837948 -0.409298
78.025000 -2.028331 -0.807584 -0.409338
78.030000 -2.032217 -0.777159 -0.409378
78.035000 -2.035950 -0.746676 -0.409418
78.040000 -2.039531 -0.716136 -0.409459
78.045000 -2.042958 -0.685544 -0.409500
78.050000 -2.046233 -0.654899 -0.409541
78.055000 -2.049354 -0.624206 -0.409582
78.060000 -2.052321 -0.593465 -0.409624
78.065000 -2.055135 -0.562681 -0.409666
78.070000 -2.057794 -0.531854 -0.409708
78.075000 -2.060299 -0.500987 -0.409751
78.080000 -2.062649 -0.470082 -0.409793
78.085000 -2.064845 -0.439142 -0.409836
78.090000 -2.066886 -0.408170 -0.409879
78.095000 -2.068772 -0.377166 -0.409923
78.100000 -2.070502 -0.346135 -0.409966
78.105000 -2.072078 -0.315077 -0.410009
78.110000 -2.073498 -0.283996 -0.410053
78.115000 -2.074762 -0.252894 -0.410097
78.120000 -2.075871 -0.221772 -0.410141
78.125000 -2.076824 -0.190634 -0.410185
78.130000 -2.077622 -0.159482 -0.410229
78.135000 -2.078263 -0.128317 -0.410273
78.140000 -2.078749 -0.097144 -0.410317
78.145000 -2.079079 -0.065962 -0.410361
78.150000 -2.079253 -0.034776 -0.410405
78.155000 -2.079271 -0.003587 -0.410449
78.160000 -2.079133 0.027602 -0.410494
78.165000 -2.078839 0.058789 -0.410538
78.170000 -2.078389 0.089971 -0.410582
78.175000 -2.077783 0.121147 -0.410626
78.180000 -2.077022 0.152314 -0.410670
78.185000 -2.076104 0.183469 -0.410714
78.190000 -2.075031 0.214611 -0.410758
78.195000 -2.073802 0.245736 -0.410802
78.200000 -2.072418 0.276843 -0.410846
78.205000 -2.070879 0.307930 -0.410889
78.210000 -2.069184 0.338993 -0.410933
78.215000 -2.067333 0.370030 -0.410976
78.220000 -2.065328 0.401040 -0.411019
78.225000 -2.063168 0.432020 -0.411062
78.230000 -2.060853 0.462968 -0.411105
78.235000 -2.058384 0.493881 -0.411148
78.240000 -2.055760 0.524756 -0.411190
78.245000 -2.052982 0.555593 -0.411232
78.250000 -2.050050 0.586388 -0.411274
78.255000 -2.046965 0.617138 -0.411316
78.260000 -2.043725 0.647843 -0.411357
78.265000 -2.040333 0.678499 -0.411398
78.270000 -2.036787 0.709104 -0.411439
78.275000 -2.033089 0.739656 -0.411480
78.280000 -2.029238 0.770152 -0.411520
78.285000 -2.025235 0.800590 -0.411560
78.290000 -2.021080 0.830969 -0.411600
78.295000 -2.016774 0.861285 -0.411639
78.300000 -2.012316 0.891537 -0.411678
78.305000 -2.007708 0.921722 -0.411716
78.310000 -2.002949 0.951837 -0.411754
78.315000 -1.998039 0.981881 -0.411792
78.320000 -1.992980 1.011852 -0.411830
78.325000 -1.987771 1.041747 -0.411866
78.330000 -1.982413 1.071563 -0.411903
78.335000 -1.976907 1.101299 -0.411939
78.340000 -1.971252 1.130953 -0.411975
78.345000 -1.965449 1.160522 -0.412010
78.350000 -1.959499 1.190004 -0.412044
78.355000 -1.953402 1.219396 -0.412079
78.360000 -1.947159 1.248697 -0.412112
78.365000 -1.940769 1.277904 -0.412146
78.370000 -1.934234 1.307016 -0.412178
78.375000 -1.927554 1.336030 -0.412210
78.380000 -1.920730 1.364943 -0.412242
78.385000 -1.913761 1.393754 -0.412273
78.390000 -1.906648 1.422460 -0.412304
78.395000 -1.899393 1.451060 -0.412334
78.400000 -1.891995 1.479551 -0.412363
78.405000 -1.884456 1.507931 -0.412392
78.410000 -1.876775 1.536198 -0.412420
78.415000 -1.868953 1.564349 -0.412448
78.420000 -1.860991 1.592384 -0.412475
78.425000 -1.852890 1.620298 -0.412502
78.430000 -1.844649 1.648092 -0.412527
78.435000 -1.836270 1.675761 -0.412553
78.440000 -1.827754 1.703306 -0.412577
78.445000 -1.819100 1.730722 -0.412601
78.450000 -1.810310 1.758008 -0.412624
78.455000 -1.801384 1.785163 -0.412647
78.460000 -1.792323 1.812184 -0.412669
78.465000 -1.783128 1.839069 -0.412690
78.470000 -1.773799 1.865816 -0.412711
78.475000 -1.764337 1.892422 -0.412731
78.480000 -1.754742 1.918888 -0.412750
78.485000 -1.745016 1.945209 -0.412769
78.490000 -1.735159 1.971384 -0.412787
78.495000 -1.725172 1.997411 -0.412804
78.500000 -1.715056 2.023289 -0.412820
78.505000 -1.704811 2.049015 -0.412836
78.510000 -1.694438 2.074587 -0.412851
78.515000 -1.683938 2.100003 -0.412866
78.520000 -1.673312 2.125263 -0.412879
78.525000 -1.662560 2.150362 -0.412892
78.530000 -1.651683 2.175301 -0.412904
78.535000 -1.640683 2.200076 -0.412916
78.540000 -1.629560 2.224686 -0.412926
78.545000 -1.618314 2.249130 -0.412936
78.550000 -1.606947 2.273404 -0.412945
78.555000 -1.595459 2.297508 -0.412954
78.560000 -1.583852 2.321440 -0.412961
78.565000 -1.572126 2.345198 -0.412968
78.570000 -1.560282 2.368780 -0.412975
78.575000 -1.548321 2.392184 -0.412980
78.580000 -1.536244 2.415409 -0.412985
78.585000 -1.524052 2.438453 -0.412988
78.590000 -1.511745 2.461313 -0.412992
78.595000 -1.499325 2.483990 -0.412994
78.600000 -1.486793 2.506480 -0.412995
78.605000 -1.474149 2.528781 -0.412996
78.610000 -1.461395 2.550894 -0.412996
78.615000 -1.448531 2.572815 -0.412996
78.620000 -1.435558 2.594543 -0.412994
78.625000 -1.422478 2.616076 -0.412992
78.630000 -1.409290 2.637413 -0.412989
78.635000 -1.395998 2.658552 -0.412985
78.640000 -1.382600 2.679492 -0.412980
78.645000 -1.369099 2.700231 -0.412975
78.650000 -1.355495 2.720768 -0.412969
78.655000 -1.341790 2.741100 -0.412962
78.660000 -1.327984 2.761227 -0.412955
78.665000 -1.314078 2.781147 -0.412946
78.670000 -1.300074 2.800858 -0.412937
78.675000 -1.285972 2.820359 -0.412927
78.680000 -1.271774 2.839649 -0.412917
78.685000 -1.257480 2.858725 -0.412906
78.690000 -1.243092 2.877588 -0.412893
78.695000 -1.228611 2.896234 -0.412881
78.700000 -1.214038 2.914663 -0.412867
78.705000 -1.199373 2.932874 -0.412853
78.710000 -1.184619 2.950864 -0.412838
78.715000 -1.169776 2.968634 -0.412822
78.720000 -1.154845 2.986180 -0.412806
78.725000 -1.139827 3.003503 -0.412789
78.730000 -1.124724 3.020600 -0.412771
78.735000 -1.109537 3.037471 -0.412752
78.740000 -1.094266 3.054114 -0.412733
78.745000 -1.078914 3.070528 -0.412713
78.750000 -1.063480 3.086712 -0.412693
78.755000 -1.047967 3.102664 -0.412671
78.760000 -1.032375 3.118384 -0.412650
78.765000 -1.016706 3.133869 -0.412627
78.770000 -1.000960 3.149120 -0.412604
78.775000 -0.985139 3.164134 -0.412580
78.780000 -0.969245 3.178911 -0.412555
78.785000 -0.953277 3.193450 -0.412530
78.790000 -0.937239 3.207749 -0.412504
78.795000 -0.921130 3.221808 -0.412478
78.800000 -0.904952 3.235625 -0.412451
78.805000 -0.888706 3.249199 -0.412423
78.810000 -0.872393 3.262530 -0.412395
78.815000 -0.856015 3.275615 -0.412366
78.820000 -0.839573 3.288456 -0.412337
78.825000 -0.823067 3.301049 -0.412307
78.830000 -0.806500 3.313395 -0.412277
78.835000 -0.789873 3.325493 -0.412245
78.840000 -0.773186 3.337341 -0.412214
78.845000 -0.756441 3.348939 -0.412182
78.850000 -0.739640 3.360285 -0.412149
78.855000 -0.722783 3.371380 -0.412116
78.860000 -0.705872 3.382222 -0.412082
78.865000 -0.688908 3.392810 -0.412048
78.870000 -0.671892 3.403143 -0.412014
78.875000 -0.654826 3.413222 -0.411978
78.880000 -0.637711 3.423044 -0.411943
78.885000 -0.620548 3.432610 -0.411907
78.890000 -0.603338 3.441918 -0.411870
78.895000 -0.586083 3.450968 -0.411834
78.900000 -0.568785 3.459759 -0.411796
78.905000 -0.551443 3.468291 -0.411759
78.910000 -0.534060 3.476563 -0.411720
78.915000 -0.516638 3.484574 -0.411682
78.920000 -0.499176 3.492323 -0.411643
78.925000 -0.481677 3.499811 -0.411604
78.930000 -0.464142 3.507036 -0.411564
78.935000 -0.446572 3.513998 -0.411524
78.940000 -0.428968 3.520697 -0.411484
78.945000 -0.411333 3.527131 -0.411444
78.950000 -0.393666 3.533301 -0.411403
78.955000 -0.375970 3.539206 -0.411362
78.960000 -0.358246 3.544846 -0.411320
78.965000 -0.340495 3.550219 -0.411279
78.970000 -0.322718 3.555327 -0.411237
78.975000 -0.304917 3.560168 -0.411195
78.980000 -0.287093 3.564741 -0.411152
78.985000 -0.269248 3.569048 -0.411110
78.990000 -0.251383 3.573086 -0.411067
78.995000 -0.233499 3.576857 -0.411024
79.000000 -0.215597 3.580360 -0.410981
79.005000 -0.197679 3.583594 -0.410938
79.010000 -0.179746 3.586559 -0.410894
79.015000 -0.161800 3.589255 -0.410851
79.020000 -0.143841 3.591682 -0.410807
79.025000 -0.125872 3.593840 -0.410763
79.030000 -0.107893 3.595728 -0.410719
79.035000 -0.089907 3.597346 -0.410675
79.040000 -0.071913 3.598695 -0.410631
79.045000 -0.053914 3.599773 -0.410587
79.050000 -0.035911 3.600582 -0.410543
79.055000 -0.017906 3.601121 -0.410499
79.060000 0.000101 3.601389 -0.410454
79.065000 0.018108 3.601388 -0.410410
79.070000 0.036114 3.601116 -0.410366
79.075000 0.054116 3.600575 -0.410322
79.080000 0.072115 3.599763 -0.410278
79.085000 0.090109 3.598681 -0.410233
79.090000 0.108095 3.597329 -0.410189
79.095000 0.126074 3.595708 -0.410145
79.100000 0.144043 3.593817 -0.410102
79.105000 0.162001 3.591656 -0.410058
79.110000 0.179947 3.589226 -0.410014
79.115000 0.197880 3.586527 -0.409971
79.120000 0.215798 3.583559 -0.409927
79.125000 0.233699 3.580322 -0.409884
79.130000 0.251583 3.576816 -0.409841
79.135000 0.269449 3.573043 -0.409798
79.140000 0.287294 3.569001 -0.409755
79.145000 0.305117 3.564691 -0.409713
79.150000 0.322918 3.560115 -0.409671
79.155000 0.340694 3.555271 -0.409629
79.160000 0.358445 3.550161 -0.409587
79.165000 0.376169 3.544784 -0.409545
79.170000 0.393865 3.539141 -0.409504
79.175000 0.411531 3.533233 -0.409463
79.180000 0.429166 3.527060 -0.409422
79.185000 0.446769 3.520623 -0.409382
79.190000 0.464339 3.513921 -0.409342
79.195000 0.481873 3.506956 -0.409302
79.200000 0.499372 3.499728 -0.409263
79.205000 0.516833 3.492238 -0.409224
79.210000 0.534256 3.484485 -0.409185
79.215000 0.551638 3.476471 -0.409147
79.220000 0.568979 3.468197 -0.409109
79.225000 0.586277 3.459662 -0.409072
79.230000 0.603532 3.450868 -0.409035
79.235000 0.620741 3.441815 -0.408998
79.240000 0.637903 3.432504 -0.408962
79.245000 0.655018 3.422935 -0.408926
79.250000 0.672084 3.413110 -0.408891
79.255000 0.689099 3.403029 -0.408856
79.260000 0.706062 3.392692 -0.408821
79.265000 0.722973 3.382101 -0.408787
79.270000 0.739829 3.371257 -0.408754
79.275000 0.756630 3.360159 -0.408721
79.280000 0.773374 3.348810 -0.408689
79.285000 0.790060 3.337209 -0.408657
79.290000 0.806687 3.325358 -0.408626
79.295000 0.823253 3.313258 -0.408595
79.300000 0.839757 3.300909 -0.408565
79.305000 0.856199 3.288313 -0.408535
79.310000 0.872576 3.275470 -0.408506
79.315000 0.888888 3.262381 -0.408477
79.320000 0.905134 3.249048 -0.408449
79.325000 0.921311 3.235471 -0.408422
79.330000 0.937419 3.221651 -0.408395
79.335000 0.953457 3.207590 -0.408369
79.340000 0.969424 3.193288 -0.408344
79.345000 0.985317 3.178747 -0.408319
79.350000 1.001137 3.163967 -0.408295
79.355000 1.016882 3.148950 -0.408271
79.360000 1.032550 3.133697 -0.408248
79.365000 1.048141 3.118208 -0.408226
79.370000 1.063654 3.102486 -0.408205
79.375000 1.079086 3.086532 -0.408184
79.380000 1.094438 3.070345 -0.408163
79.385000 1.109708 3.053929 -0.408144
79.390000 1.124894 3.037283 -0.408125
79.395000 1.139996 3.020410 -0.408107
79.400000 1.155013 3.003310 -0.408089
79.405000 1.169943 2.985984 -0.408073
79.410000 1.184785 2.968435 -0.408057
79.415000 1.199538 2.950664 -0.408041
79.420000 1.214202 2.932670 -0.408027
79.425000 1.228774 2.914457 -0.408013
79.430000 1.243254 2.896026 -0.408000
79.435000 1.257641 2.877377 -0.407987
79.440000 1.271933 2.858512 -0.407976
79.445000 1.286131 2.839433 -0.407965
79.450000 1.300231 2.820141 -0.407954
79.455000 1.314235 2.800638 -0.407945
79.460000 1.328139 2.780924 -0.407936
79.465000 1.341944 2.761002 -0.407928
79.470000 1.355649 2.740873 -0.407921
79.475000 1.369251 2.720538 -0.407915
79.480000 1.382751 2.700000 -0.407909
79.485000 1.396148 2.679258 -0.407904
79.490000 1.409439 2.658316 -0.407900
79.495000 1.422625 2.637175 -0.407897
79.500000 1.435704 2.615835 -0.407894
79.505000 1.448676 2.594300 -0.407892
79.510000 1.461539 2.572570 -0.407891
79.515000 1.474292 2.550647 -0.407891
79.520000 1.486934 2.528532 -0.407891
79.525000 1.499466 2.506228 -0.407892
79.530000 1.511884 2.483736 -0.407894
79.535000 1.524190 2.461058 -0.407897
79.540000 1.536380 2.438195 -0.407900
79.545000 1.548456 2.415149 -0.407905
79.550000 1.560416 2.391922 -0.407910
79.555000 1.572258 2.368516 -0.407916
79.560000 1.583983 2.344932 -0.407922
79.565000 1.595589 2.321173 -0.407929
79.570000 1.607075 2.297239 -0.407937
79.575000 1.618441 2.273133 -0.407946
79.580000 1.629685 2.248856 -0.407956
79.585000 1.640807 2.224411 -0.407966
79.590000 1.651806 2.199799 -0.407977
79.595000 1.662681 2.175022 -0.407989
79.600000 1.673432 2.150081 -0.408001
79.605000 1.684057 2.124980 -0.408015
79.610000 1.694555 2.099719 -0.408029
79.615000 1.704927 2.074301 -0.408043
79.620000 1.715170 2.048727 -0.408059
79.625000 1.725285 2.022999 -0.408075
79.630000 1.735271 1.997120 -0.408092
79.635000 1.745126 1.971091 -0.408109
79.640000 1.754851 1.944914 -0.408127
79.645000 1.764444 1.918591 -0.408146
79.650000 1.773904 1.892125 -0.408166
79.655000 1.783232 1.865516 -0.408186
79.660000 1.792426 1.838768 -0.408207
79.665000 1.801485 1.811881 -0.408229
79.670000 1.810410 1.784859 -0.408251
79.675000 1.819198 1.757703 -0.408274
79.680000 1.827850 1.730415 -0.408298
79.685000 1.836365 1.702997 -0.408322
79.690000 1.844742 1.675452 -0.408347
79.695000 1.852981 1.647780 -0.408373
79.700000 1.861081 1.619986 -0.408399
79.705000 1.869042 1.592069 -0.408426
79.710000 1.876862 1.564034 -0.408453
79.715000 1.884541 1.535881 -0.408481
79.720000 1.892079 1.507613 -0.408510
79.725000 1.899475 1.479232 -0.408539
79.730000 1.906729 1.450739 -0.408569
79.735000 1.913840 1.422139 -0.408599
79.740000 1.920807 1.393431 -0.408630
79.745000 1.927630 1.364619 -0.408661
79.750000 1.934309 1.335704 -0.408693
79.755000 1.940842 1.306690 -0.408725
79.760000 1.947230 1.277577 -0.408758
79.765000 1.953472 1.248369 -0.408792
79.770000 1.959567 1.219067 -0.408826
79.775000 1.965515 1.189673 -0.408860
79.780000 1.971316 1.160190 -0.408895
79.785000 1.976969 1.130621 -0.408931
79.790000 1.982474 1.100966 -0.408966
79.795000 1.987830 1.071229 -0.409003
79.800000 1.993038 1.041411 -0.409039
79.805000 1.998095 1.011516 -0.409077
79.810000 2.003003 0.981544 -0.409114
79.815000 2.007760 0.951499 -0.409152
79.820000 2.012367 0.921383 -0.409190
79.825000 2.016823 0.891198 -0.409229
79.830000 2.021128 0.860945 -0.409268
79.835000 2.025281 0.830628 -0.409308
79.840000 2.029282 0.800249 -0.409347
79.845000 2.033131 0.769810 -0.409387
79.850000 2.036828 0.739313 -0.409428
79.855000 2.040372 0.708760 -0.409469
79.860000 2.043763 0.678155 -0.409510
79.865000 2.047000 0.647498 -0.409551
79.870000 2.050084 0.616793 -0.409592
79.875000 2.053014 0.586042 -0.409634
79.880000 2.055790 0.555247 -0.409676
79.885000 2.058412 0.524410 -0.409719
79.890000 2.060880 0.493534 -0.409761
79.895000 2.063193 0.462621 -0.409804
79.900000 2.065352 0.431673 -0.409847
79.905000 2.067355 0.400693 -0.409890
79.910000 2.069203 0.369682 -0.409933
79.915000 2.070897 0.338644 -0.409976
79.920000 2.072435 0.307581 -0.410020
79.925000 2.073817 0.276494 -0.410064
79.930000 2.075044 0.245387 -0.410107
79.935000 2.076115 0.214261 -0.410151
79.940000 2.077031 0.183120 -0.410195
79.945000 2.077791 0.151964 -0.410239
79.950000 2.078395 0.120797 -0.410283
79.955000 2.078843 0.089621 -0.410328
79.960000 2.079135 0.058439 -0.410372
79.965000 2.079271 0.027252 -0.410416
79.970000 2.079252 -0.003937 -0.410460
79.975000 2.079076 -0.035126 -0.410504
79.980000 2.078744 -0.066312 -0.410549
79.985000 2.078257 -0.097494 -0.410593
79.990000 2.077614 -0.128667 -0.410637
79.995000 2.076814 -0.159832 -0.410681
80.000000 2.075860 -0.190984 -0.410725
80.005000 2.074749 -0.222122 -0.410769
80.010000 2.073483 -0.253243 -0.410813
80.015000 2.072061 -0.284345 -0.410856
80.020000 2.070484 -0.315426 -0.410900
80.025000 2.068751 -0.346483 -0.410943
80.030000 2.066864 -0.377515 -0.410987
80.035000 2.064821 -0.408518 -0.411030
80.040000 2.062624 -0.439490 -0.411073
80.045000 2.060272 -0.470429 -0.411115
80.050000 2.057765 -0.501333 -0.411158
80.055000 2.055104 -0.532200 -0.411200
80.060000 2.052289 -0.563026 -0.411242
80.065000 2.049320 -0.593811 -0.411284
80.070000 2.046197 -0.624550 -0.411326
80.075000 2.042921 -0.655243 -0.411367
80.080000 2.039491 -0.685887 -0.411408
80.085000 2.035909 -0.716480 -0.411449
80.090000 2.032174 -0.747018 -0.411490
80.095000 2.028286 -0.777501 -0.411530
80.100000 2.024247 -0.807925 -0.411570
80.105000 2.020055 -0.838289 -0.411609
80.110000 2.015712 -0.868590 -0.411648
80.115000 2.011218 -0.898825 -0.411687
80.120000 2.006573 -0.928994 -0.411726
80.125000 2.001778 -0.959092 -0.411764
80.130000 1.996832 -0.989119 -0.411801
80.135000 1.991737 -1.019071 -0.411838
80.140000 1.986492 -1.048947 -0.411875
80.145000 1.981098 -1.078745 -0.411912
80.150000 1.975556 -1.108461 -0.411948
80.155000 1.969866 -1.138095 -0.411983
80.160000 1.964027 -1.167643 -0.412018
80.165000 1.958042 -1.197103 -0.412053
80.170000 1.951910 -1.226474 -0.412087
80.175000 1.945631 -1.255752 -0.412120
80.180000 1.939206 -1.284937 -0.412153
80.185000 1.932636 -1.314025 -0.412186
80.190000 1.925921 -1.343014 -0.412218
80.195000 1.919061 -1.371903 -0.412250
80.200000 1.912058 -1.400689 -0.412281
80.205000 1.904911 -1.429370 -0.412311
80.210000 1.897621 -1.457944 -0.412341
80.215000 1.890189 -1.486408 -0.412370
80.220000 1.882616 -1.514761 -0.412399
80.225000 1.874901 -1.543000 -0.412427
80.230000 1.867045 -1.571124 -0.412455
80.235000 1.859049 -1.599129 -0.412481
80.240000 1.850914 -1.627015 -0.412508
80.245000 1.842640 -1.654779 -0.412534
80.250000 1.834228 -1.682418 -0.412559
80.255000 1.825679 -1.709932 -0.412583
80.260000 1.816992 -1.737317 -0.412607
80.265000 1.808169 -1.764572 -0.412630
80.270000 1.799211 -1.791694 -0.412652
80.275000 1.790117 -1.818683 -0.412674
80.280000 1.780890 -1.845534 -0.412695
80.285000 1.771528 -1.872248 -0.412716
80.290000 1.762034 -1.898821 -0.412736
80.295000 1.752408 -1.925251 -0.412755
80.300000 1.742650 -1.951537 -0.412773
80.305000 1.732762 -1.977677 -0.412791
80.310000 1.722744 -2.003668 -0.412808
80.315000 1.712596 -2.029510 -0.412824
80.320000 1.702320 -2.055198 -0.412840
80.325000 1.691916 -2.080733 -0.412855
80.330000 1.681386 -2.106112 -0.412869
80.335000 1.670729 -2.131333 -0.412882
80.340000 1.659947 -2.156394 -0.412895
80.345000 1.649041 -2.181293 -0.412907
80.350000 1.638011 -2.206029 -0.412918
80.355000 1.626858 -2.230599 -0.412929
80.360000 1.615583 -2.255002 -0.412939
80.365000 1.604186 -2.279235 -0.412947
80.370000 1.592670 -2.303298 -0.412956
80.375000 1.581034 -2.327188 -0.412963
80.380000 1.569279 -2.350904 -0.412970
80.385000 1.557407 -2.374443 -0.412976
80.390000 1.545418 -2.397804 -0.412981
80.395000 1.533313 -2.420985 -0.412986
80.400000 1.521093 -2.443985 -0.412989
80.405000 1.508759 -2.466801 -0.412992
80.410000 1.496312 -2.489433 -0.412994
80.415000 1.483753 -2.511877 -0.412996
80.420000 1.471082 -2.534134 -0.412996
80.425000 1.458301 -2.556200 -0.412996
80.430000 1.445411 -2.578074 -0.412995
80.435000 1.432412 -2.599756 -0.412994
80.440000 1.419306 -2.621242 -0.412991
80.445000 1.406093 -2.642531 -0.412988
80.450000 1.392775 -2.663623 -0.412984
80.455000 1.379352 -2.684514 -0.412979
80.460000 1.365826 -2.705205 -0.412974
80.465000 1.352198 -2.725692 -0.412968
80.470000 1.338468 -2.745975 -0.412960
80.475000 1.324638 -2.766052 -0.412953
80.480000 1.310708 -2.785922 -0.412944
80.485000 1.296680 -2.805582 -0.412935
80.490000 1.282555 -2.825032 -0.412925
80.495000 1.268334 -2.844271 -0.412914
80.500000 1.254017 -2.863296 -0.412903
80.505000 1.239607 -2.882106 -0.412890
80.510000 1.225103 -2.900700 -0.412877
80.515000 1.210508 -2.919077 -0.412864
80.520000 1.195822 -2.937234 -0.412849
80.525000 1.181046 -2.955172 -0.412834
80.530000 1.166181 -2.972887 -0.412818
80.535000 1.151229 -2.990380 -0.412802
80.540000 1.136191 -3.007648 -0.412784
80.545000 1.121068 -3.024691 -0.412767
80.550000 1.105860 -3.041507 -0.412748
80.555000 1.090570 -3.058095 -0.412728
80.560000 1.075198 -3.074454 -0.412708
80.565000 1.059745 -3.090582 -0.412688
80.570000 1.044212 -3.106478 -0.412666
80.575000 1.028602 -3.122141 -0.412644
80.580000 1.012914 -3.137570 -0.412621
80.585000 0.997150 -3.152764 -0.412598
80.590000 0.981311 -3.167721 -0.412574
80.595000 0.965399 -3.182441 -0.412549
80.600000 0.949414 -3.196922 -0.412524
80.605000 0.933359 -3.211163 -0.412498
80.610000 0.917233 -3.225163 -0.412472
80.615000 0.901038 -3.238922 -0.412444
80.620000 0.884776 -3.252437 -0.412417
80.625000 0.868447 -3.265709 -0.412388
80.630000 0.852054 -3.278736 -0.412359
80.635000 0.835596 -3.291517 -0.412330
80.640000 0.819076 -3.304051 -0.412300
80.645000 0.802494 -3.316337 -0.412269
80.650000 0.785852 -3.328374 -0.412238
80.655000 0.769152 -3.340162 -0.412206
80.660000 0.752393 -3.351699 -0.412174
80.665000 0.735578 -3.362985 -0.412141
80.670000 0.718708 -3.374019 -0.412108
80.675000 0.701784 -3.384799 -0.412074
80.680000 0.684807 -3.395326 -0.412040
80.685000 0.667779 -3.405598 -0.412005
80.690000 0.650701 -3.415615 -0.411970
80.695000 0.633574 -3.425375 -0.411934
80.700000 0.616400 -3.434879 -0.411898
80.705000 0.599179 -3.444125 -0.411862
80.710000 0.581914 -3.453113 -0.411825
80.715000 0.564605 -3.461841 -0.411787
80.720000 0.547253 -3.470310 -0.411749
80.725000 0.529861 -3.478519 -0.411711
80.730000 0.512428 -3.486467 -0.411673
80.735000 0.494957 -3.494154 -0.411634
80.740000 0.477450 -3.501578 -0.411594
80.745000 0.459906 -3.508740 -0.411555
80.750000 0.442328 -3.515638 -0.411515
80.755000 0.424716 -3.522273 -0.411475
80.760000 0.407073 -3.528644 -0.411434
80.765000 0.389399 -3.534750 -0.411393
80.770000 0.371696 -3.540591 -0.411352
80.775000 0.353966 -3.546167 -0.411310
80.780000 0.336208 -3.551476 -0.411269
80.785000 0.318426 -3.556519 -0.411227
80.790000 0.300619 -3.561295 -0.411184
80.795000 0.282790 -3.565805 -0.411142
80.800000 0.264940 -3.570047 -0.411099
80.805000 0.247070 -3.574021 -0.411057
80.810000 0.229181 -3.577727 -0.411014
80.815000 0.211275 -3.581164 -0.410970
80.820000 0.193354 -3.584334 -0.410927
80.825000 0.175417 -3.587234 -0.410884
80.830000 0.157468 -3.589865 -0.410840
80.835000 0.139507 -3.592227 -0.410796
80.840000 0.121535 -3.594320 -0.410752
80.845000 0.103555 -3.596143 -0.410708
80.850000 0.085566 -3.597696 -0.410664
80.855000 0.067571 -3.598980 -0.410620
80.860000 0.049571 -3.599993 -0.410576
80.865000 0.031568 -3.600737 -0.410532
80.870000 0.013562 -3.601210 -0.410488
80.875000 -0.004445 -3.601414 -0.410444
80.880000 -0.022452 -3.601347 -0.410399
80.885000 -0.040457 -3.601010 -0.410355
80.890000 -0.058459 -3.600403 -0.410311
80.895000 -0.076457 -3.599527 -0.410267
80.900000 -0.094449 -3.598380 -0.410223
80.905000 -0.112434 -3.596963 -0.410179
80.910000 -0.130410 -3.595276 -0.410135
80.915000 -0.148377 -3.593320 -0.410091
80.920000 -0.166332 -3.591095 -0.410047
80.925000 -0.184275 -3.588600 -0.410004
80.930000 -0.202204 -3.585836 -0.409960
80.935000 -0.220118 -3.582802 -0.409917
80.940000 -0.238016 -3.579501 -0.409874
80.945000 -0.255895 -3.575930 -0.409831
80.950000 -0.273756 -3.572092 -0.409788
80.955000 -0.291596 -3.567986 -0.409745
80.960000 -0.309414 -3.563612 -0.409703
80.965000 -0.327209 -3.558971 -0.409661
80.970000 -0.344979 -3.554062 -0.409619
80.975000 -0.362723 -3.548888 -0.409577
80.980000 -0.380441 -3.543447 -0.409535
80.985000 -0.398129 -3.537740 -0.409494
80.990000 -0.415788 -3.531768 -0.409453
80.995000 -0.433416 -3.525531 -0.409413
81.000000 -0.451011 -3.519030 -0.409372
81.005000 -0.468572 -3.512265 -0.409332
81.010000 -0.486099 -3.505236 -0.409293
81.015000 -0.503588 -3.497945 -0.409254
81.020000 -0.521040 -3.490391 -0.409215
81.025000 -0.538453 -3.482576 -0.409176
81.030000 -0.555826 -3.474499 -0.409138
81.035000 -0.573156 -3.466161 -0.409100
81.040000 -0.590444 -3.457564 -0.409063
81.045000 -0.607688 -3.448707 -0.409026
81.050000 -0.624886 -3.439592 -0.408989
81.055000 -0.642037 -3.430219 -0.408953
81.060000 -0.659140 -3.420588 -0.408917
81.065000 -0.676193 -3.410701 -0.408882
81.070000 -0.693196 -3.400558 -0.408847
81.075000 -0.710147 -3.390160 -0.408813
81.080000 -0.727044 -3.379508 -0.408779
81.085000 -0.743887 -3.368602 -0.408746
81.090000 -0.760675 -3.357444 -0.408713
81.095000 -0.777405 -3.346034 -0.408681
81.100000 -0.794077 -3.334373 -0.408649
81.105000 -0.810689 -3.322462 -0.408618
81.110000 -0.827241 -3.310301 -0.408587
81.115000 -0.843730 -3.297893 -0.408557
81.120000 -0.860156 -3.285237 -0.408528
81.125000 -0.876518 -3.272335 -0.408499
81.130000 -0.892814 -3.259187 -0.408471
81.135000 -0.909043 -3.245795 -0.408443
81.140000 -0.925204 -3.232159 -0.408416
81.145000 -0.941295 -3.218281 -0.408389
81.150000 -0.957316 -3.204161 -0.408363
81.155000 -0.973265 -3.189802 -0.408338
81.160000 -0.989141 -3.175203 -0.408313
81.165000 -1.004943 -3.160366 -0.408289
81.170000 -1.020669 -3.145291 -0.408266
81.175000 -1.036319 -3.129981 -0.408243
81.180000 -1.051891 -3.114437 -0.408221
81.185000 -1.067384 -3.098658 -0.408199
81.190000 -1.082798 -3.082648 -0.408179
81.195000 -1.098130 -3.066406 -0.408159
81.200000 -1.113379 -3.049934 -0.408139
81.205000 -1.128546 -3.033233 -0.408121
81.210000 -1.143627 -3.016305 -0.408103
81.215000 -1.158623 -2.999150 -0.408085
81.220000 -1.173532 -2.981771 -0.408069
81.225000 -1.188353 -2.964168 -0.408053
81.230000 -1.203084 -2.946343 -0.408038
81.235000 -1.217726 -2.928296 -0.408023
81.240000 -1.232276 -2.910031 -0.408010
81.245000 -1.246734 -2.891546 -0.407997
81.250000 -1.261098 -2.872845 -0.407984
81.255000 -1.275367 -2.853929 -0.407973
81.260000 -1.289541 -2.834798 -0.407962
81.265000 -1.303619 -2.815455 -0.407952
81.270000 -1.317598 -2.795901 -0.407943
81.275000 -1.331479 -2.776137 -0.407934
81.280000 -1.345260 -2.756165 -0.407927
81.285000 -1.358940 -2.735986 -0.407920
81.290000 -1.372518 -2.715602 -0.407913
81.295000 -1.385993 -2.695014 -0.407908
81.300000 -1.399364 -2.674224 -0.407903
81.305000 -1.412630 -2.653234 -0.407899
81.310000 -1.425790 -2.632044 -0.407896
81.315000 -1.438844 -2.610657 -0.407893
81.320000 -1.451789 -2.589075 -0.407892
81.325000 -1.464625 -2.567298 -0.407891
81.330000 -1.477352 -2.545329 -0.407891
81.335000 -1.489968 -2.523168 -0.407891
81.340000 -1.502472 -2.500819 -0.407893
81.345000 -1.514863 -2.478282 -0.407895
81.350000 -1.527141 -2.455559 -0.407898
81.355000 -1.539304 -2.432652 -0.407901
81.360000 -1.551352 -2.409562 -0.407906
81.365000 -1.563284 -2.386292 -0.407911
81.370000 -1.575098 -2.362843 -0.407917
81.375000 -1.586794 -2.339216 -0.407924
81.380000 -1.598371 -2.315414 -0.407931
81.385000 -1.609828 -2.291439 -0.407939
81.390000 -1.621165 -2.267291 -0.407948
81.395000 -1.632380 -2.242974 -0.407958
81.400000 -1.643472 -2.218488 -0.407969
81.405000 -1.654441 -2.193836 -0.407980
81.410000 -1.665286 -2.169019 -0.407992
81.415000 -1.676007 -2.144040 -0.408004
81.420000 -1.686601 -2.118900 -0.408018
81.425000 -1.697069 -2.093601 -0.408032
81.430000 -1.707410 -2.068145 -0.408047
81.435000 -1.717622 -2.042534 -0.408063
81.440000 -1.727706 -2.016769 -0.408079
81.445000 -1.737661 -1.990854 -0.408096
81.450000 -1.747484 -1.964789 -0.408114
81.455000 -1.757177 -1.938577 -0.408132
81.460000 -1.766738 -1.912219 -0.408151
81.465000 -1.776167 -1.885718 -0.408171
81.470000 -1.785462 -1.859075 -0.408191
81.475000 -1.794624 -1.832293 -0.408213
81.480000 -1.803651 -1.805374 -0.408234
81.485000 -1.812542 -1.778319 -0.408257
81.490000 -1.821298 -1.751131 -0.408280
81.495000 -1.829917 -1.723812 -0.408304
81.500000 -1.838399 -1.696363 -0.408328
81.505000 -1.846743 -1.668787 -0.408353
81.510000 -1.854948 -1.641086 -0.408379
81.515000 -1.863015 -1.613262 -0.408405
81.520000 -1.870941 -1.585316 -0.408432
81.525000 -1.878727 -1.557252 -0.408460
81.530000 -1.886373 -1.529071 -0.408488
81.535000 -1.893877 -1.500776 -0.408517
81.540000 -1.901238 -1.472368 -0.408546
81.545000 -1.908458 -1.443849 -0.408576
81.550000 -1.915534 -1.415222 -0.408606
81.555000 -1.922466 -1.386489 -0.408637
81.560000 -1.929255 -1.357652 -0.408669
81.565000 -1.935898 -1.328713 -0.408701
81.570000 -1.942396 -1.299675 -0.408733
81.575000 -1.948749 -1.270539 -0.408766
81.580000 -1.954956 -1.241308 -0.408800
81.585000 -1.961016 -1.211983 -0.408834
81.590000 -1.966928 -1.182568 -0.408869
81.595000 -1.972694 -1.153064 -0.408904
81.600000 -1.978311 -1.123474 -0.408939
81.605000 -1.983780 -1.093799 -0.408975
81.610000 -1.989100 -1.064042 -0.409011
81.615000 -1.994271 -1.034206 -0.409048
81.620000 -1.999293 -1.004292 -0.409086
81.625000 -2.004164 -0.974302 -0.409123
81.630000 -2.008886 -0.944240 -0.409161
81.635000 -2.013456 -0.914107 -0.409200
81.640000 -2.017876 -0.883905 -0.409238
81.645000 -2.022144 -0.853637 -0.409278
81.650000 -2.026260 -0.823305 -0.409317
81.655000 -2.030225 -0.792911 -0.409357
81.660000 -2.034037 -0.762457 -0.409397
81.665000 -2.037697 -0.731947 -0.409438
81.670000 -2.041204 -0.701381 -0.409478
81.675000 -2.044558 -0.670763 -0.409519
81.680000 -2.047758 -0.640095 -0.409561
81.685000 -2.050805 -0.609378 -0.409602
81.690000 -2.053698 -0.578616 -0.409644
81.695000 -2.056437 -0.547811 -0.409686
81.700000 -2.059022 -0.516964 -0.409729
81.705000 -2.061452 -0.486079 -0.409771
81.710000 -2.063728 -0.455157 -0.409814
81.715000 -2.065849 -0.424201 -0.409857
81.720000 -2.067815 -0.393214 -0.409900
81.725000 -2.069626 -0.362196 -0.409943
81.730000 -2.071282 -0.331152 -0.409987
81.735000 -2.072782 -0.300083 -0.410030
81.740000 -2.074127 -0.268991 -0.410074
81.745000 -2.075317 -0.237879 -0.410118
81.750000 -2.076350 -0.206749 -0.410162
81.755000 -2.077229 -0.175604 -0.410206
81.760000 -2.077951 -0.144446 -0.410250
81.765000 -2.078517 -0.113276 -0.410294
81.770000 -2.078928 -0.082099 -0.410338
81.775000 -2.079182 -0.050915 -0.410382
81.780000 -2.079281 -0.019727 -0.410427
81.785000 -2.079224 0.011462 -0.410471
81.790000 -2.079010 0.042651 -0.410515
81.795000 -2.078641 0.073836 -0.410559
81.800000 -2.078116 0.105015 -0.410603
81.805000 -2.077435 0.136187 -0.410647
81.810000 -2.076598 0.167349 -0.410691
81.815000 -2.075606 0.198498 -0.410735
81.820000 -2.074458 0.229632 -0.410779
81.825000 -2.073154 0.260749 -0.410823
81.830000 -2.071695 0.291846 -0.410867
81.835000 -2.070080 0.322921 -0.410910
81.840000 -2.068310 0.353972 -0.410954
81.845000 -2.066385 0.384997 -0.410997
81.850000 -2.064305 0.415993 -0.411040
81.855000 -2.062070 0.446957 -0.411083
81.860000 -2.059681 0.477889 -0.411126
81.865000 -2.057137 0.508784 -0.411168
81.870000 -2.054439 0.539641 -0.411210
81.875000 -2.051587 0.570457 -0.411253
81.880000 -2.048580 0.601231 -0.411294
81.885000 -2.045421 0.631960 -0.411336
81.890000 -2.042107 0.662641 -0.411377
81.895000 -2.038641 0.693273 -0.411418
81.900000 -2.035022 0.723852 -0.411459
81.905000 -2.031250 0.754378 -0.411499
81.910000 -2.027326 0.784846 -0.411539
81.915000 -2.023249 0.815256 -0.411579
81.920000 -2.019021 0.845605 -0.411619
81.925000 -2.014642 0.875890 -0.411658
81.930000 -2.010111 0.906110 -0.411696
81.935000 -2.005430 0.936262 -0.411735
81.940000 -2.000598 0.966343 -0.411773
81.945000 -1.995617 0.996352 -0.411810
81.950000 -1.990485 1.026286 -0.411847
81.955000 -1.985204 1.056144 -0.411884
81.960000 -1.979775 1.085922 -0.411920
81.965000 -1.974197 1.115618 -0.411956
81.970000 -1.968471 1.145231 -0.411992
81.975000 -1.962597 1.174758 -0.412027
81.980000 -1.956576 1.204197 -0.412061
81.985000 -1.950408 1.233546 -0.412095
81.990000 -1.944094 1.262802 -0.412128
81.995000 -1.937634 1.291964 -0.412161
82.000000 -1.931029 1.321028 -0.412194
82.005000 -1.924279 1.349993 -0.412226
82.010000 -1.917385 1.378858 -0.412257
82.015000 -1.910347 1.407618 -0.412288
82.020000 -1.903165 1.436274 -0.412318
82.025000 -1.895841 1.464821 -0.412348
82.030000 -1.888375 1.493259 -0.412377
82.035000 -1.880767 1.521584 -0.412406
82.040000 -1.873018 1.549796 -0.412434
82.045000 -1.865129 1.577891 -0.412461
82.050000 -1.857099 1.605868 -0.412488
82.055000 -1.848931 1.633725 -0.412514
82.060000 -1.840623 1.661459 -0.412540
82.065000 -1.832178 1.689068 -0.412565
82.070000 -1.823595 1.716551 -0.412589
82.075000 -1.814876 1.743904 -0.412612
82.080000 -1.806020 1.771128 -0.412635
82.085000 -1.797029 1.798218 -0.412658
82.090000 -1.787903 1.825173 -0.412679
82.095000 -1.778643 1.851992 -0.412700
82.100000 -1.769250 1.878672 -0.412721
82.105000 -1.759724 1.905210 -0.412740
82.110000 -1.750066 1.931606 -0.412759
82.115000 -1.740277 1.957857 -0.412778
82.120000 -1.730357 1.983961 -0.412795
82.125000 -1.720307 2.009917 -0.412812
82.130000 -1.710129 2.035721 -0.412828
82.135000 -1.699822 2.061373 -0.412844
82.140000 -1.689387 2.086871 -0.412858
82.145000 -1.678826 2.112211 -0.412872
82.150000 -1.668139 2.137394 -0.412886
82.155000 -1.657327 2.162416 -0.412898
82.160000 -1.646391 2.187276 -0.412910
82.165000 -1.635331 2.211972 -0.412921
82.170000 -1.624148 2.236502 -0.412931
82.175000 -1.612844 2.260864 -0.412941
82.180000 -1.601419 2.285056 -0.412950
82.185000 -1.589873 2.309078 -0.412958
82.190000 -1.578209 2.332926 -0.412965
82.195000 -1.566426 2.356599 -0.412971
82.200000 -1.554525 2.380095 -0.412977
82.205000 -1.542508 2.403413 -0.412982
82.210000 -1.530376 2.426551 -0.412987
82.215000 -1.518128 2.449506 -0.412990
82.220000 -1.505767 2.472278 -0.412993
82.225000 -1.493292 2.494865 -0.412995
82.230000 -1.480706 2.517264 -0.412996
82.235000 -1.468009 2.539475 -0.412996
82.240000 -1.455201 2.561495 -0.412996
82.245000 -1.442285 2.583323 -0.412995
82.250000 -1.429260 2.604957 -0.412993
82.255000 -1.416128 2.626396 -0.412990
82.260000 -1.402890 2.647638 -0.412987
82.265000 -1.389546 2.668681 -0.412983
82.270000 -1.376099 2.689525 -0.412978
82.275000 -1.362548 2.710166 -0.412972
82.280000 -1.348895 2.730604 -0.412966
82.285000 -1.335140 2.750838 -0.412959
82.290000 -1.321286 2.770865 -0.412951
82.295000 -1.307333 2.790684 -0.412942
82.300000 -1.293281 2.810294 -0.412933
82.305000 -1.279133 2.829693 -0.412922
82.310000 -1.264888 2.848880 -0.412911
82.315000 -1.250549 2.867854 -0.412900
82.320000 -1.236116 2.886612 -0.412887
82.325000 -1.221590 2.905154 -0.412874
82.330000 -1.206973 2.923477 -0.412860
82.335000 -1.192265 2.941582 -0.412846
82.340000 -1.177468 2.959466 -0.412830
82.345000 -1.162582 2.977128 -0.412814
82.350000 -1.147609 2.994567 -0.412798
82.355000 -1.132550 3.011781 -0.412780
82.360000 -1.117406 3.028769 -0.412762
82.365000 -1.102179 3.045530 -0.412743
82.370000 -1.086868 3.062063 -0.412724
82.375000 -1.071477 3.078366 -0.412703
82.380000 -1.056004 3.094438 -0.412683
82.385000 -1.040453 3.110278 -0.412661
82.390000 -1.024824 3.125885 -0.412639
82.395000 -1.009117 3.141257 -0.412616
82.400000 -0.993335 3.156394 -0.412592
82.405000 -0.977479 3.171294 -0.412568
82.410000 -0.961549 3.185956 -0.412543
82.415000 -0.945547 3.200380 -0.412518
82.420000 -0.929474 3.214563 -0.412492
82.425000 -0.913332 3.228505 -0.412465
82.430000 -0.897121 3.242205 -0.412438
82.435000 -0.880843 3.255662 -0.412410
82.440000 -0.864498 3.268874 -0.412381
82.445000 -0.848089 3.281842 -0.412352
82.450000 -0.831616 3.294563 -0.412323
82.455000 -0.815081 3.307037 -0.412292
82.460000 -0.798485 3.319264 -0.412262
82.465000 -0.781828 3.331241 -0.412230
82.470000 -0.765114 3.342968 -0.412198
82.475000 -0.748341 3.354445 -0.412166
82.480000 -0.731513 3.365670 -0.412133
82.485000 -0.714630 3.376643 -0.412100
82.490000 -0.697693 3.387362 -0.412066
82.495000 -0.680704 3.397828 -0.412032
82.500000 -0.663664 3.408038 -0.411997
82.505000 -0.646574 3.417993 -0.411961
82.510000 -0.629435 3.427692 -0.411926
82.515000 -0.612250 3.437133 -0.411889
82.520000 -0.595018 3.446317 -0.411853
82.525000 -0.577742 3.455242 -0.411816
82.530000 -0.560422 3.463908 -0.411778
82.535000 -0.543061 3.472315 -0.411740
82.540000 -0.525658 3.480461 -0.411702
82.545000 -0.508217 3.488346 -0.411663
82.550000 -0.490737 3.495969 -0.411624
82.555000 -0.473220 3.503330 -0.411585
82.560000 -0.455668 3.510428 -0.411545
82.565000 -0.438082 3.517263 -0.411505
82.570000 -0.420463 3.523834 -0.411465
82.575000 -0.402812 3.530141 -0.411424
82.580000 -0.385131 3.536184 -0.411383
82.585000 -0.367421 3.541961 -0.411342
82.590000 -0.349684 3.547472 -0.411300
82.595000 -0.331920 3.552717 -0.411259
82.600000 -0.314132 3.557696 -0.411217
82.605000 -0.296320 3.562408 -0.411174
82.610000 -0.278485 3.566853 -0.411132
82.615000 -0.260630 3.571030 -0.411089
82.620000 -0.242756 3.574939 -0.411046
82.625000 -0.224863 3.578581 -0.411003
82.630000 -0.206953 3.581954 -0.410960
82.635000 -0.189028 3.585058 -0.410917
82.640000 -0.171088 3.587893 -0.410873
82.645000 -0.153136 3.590460 -0.410829
82.650000 -0.135172 3.592757 -0.410786
82.655000 -0.117198 3.594784 -0.410742
82.660000 -0.099215 3.596542 -0.410698
82.665000 -0.081225 3.598031 -0.410654
82.670000 -0.063229 3.599249 -0.410610
82.675000 -0.045228 3.600197 -0.410566
82.680000 -0.027224 3.600876 -0.410521
82.685000 -0.009217 3.601284 -0.410477
82.690000 0.008790 3.601422 -0.410433
82.695000 0.026796 3.601291 -0.410389
82.700000 0.044801 3.600889 -0.410345
82.705000 0.062802 3.600217 -0.410300
82.710000 0.080798 3.599275 -0.410256
82.715000 0.098789 3.598063 -0.410212
82.720000 0.116771 3.596581 -0.410168
82.725000 0.134746 3.594829 -0.410124
82.730000 0.152710 3.592808 -0.410080
82.735000 0.170662 3.590517 -0.410037
82.740000 0.188602 3.587957 -0.409993
82.745000 0.206528 3.585128 -0.409950
82.750000 0.224438 3.582030 -0.409906
82.755000 0.242331 3.578664 -0.409863
82.760000 0.260206 3.575029 -0.409820
82.765000 0.278062 3.571126 -0.409778
82.770000 0.295897 3.566955 -0.409735
82.775000 0.313709 3.562516 -0.409693
82.780000 0.331498 3.557811 -0.409650
82.785000 0.349263 3.552838 -0.409608
82.790000 0.367001 3.547599 -0.409567
82.795000 0.384711 3.542094 -0.409525
82.800000 0.402393 3.536324 -0.409484
82.805000 0.420044 3.530288 -0.409443
82.810000 0.437664 3.523987 -0.409403
82.815000 0.455251 3.517422 -0.409363
82.820000 0.472804 3.510593 -0.409323
82.825000 0.490322 3.503501 -0.409283
82.830000 0.507802 3.496147 -0.409244
82.835000 0.525245 3.488530 -0.409205
82.840000 0.542648 3.480651 -0.409167
82.845000 0.560011 3.472511 -0.409129
82.850000 0.577331 3.464111 -0.409091
82.855000 0.594609 3.455451 -0.409054
82.860000 0.611841 3.446532 -0.409017
82.865000 0.629028 3.437354 -0.408980
82.870000 0.646168 3.427919 -0.408944
82.875000 0.663259 3.418226 -0.408909
82.880000 0.680300 3.408277 -0.408874
82.885000 0.697290 3.398073 -0.408839
82.890000 0.714229 3.387614 -0.408805
82.895000 0.731113 3.376900 -0.408771
82.900000 0.747943 3.365933 -0.408738
82.905000 0.764716 3.354714 -0.408705
82.910000 0.781432 3.343244 -0.408673
82.915000 0.798090 3.331522 -0.408642
82.920000 0.814688 3.319551 -0.408611
82.925000 0.831225 3.307330 -0.408580
82.930000 0.847699 3.294862 -0.408550
82.935000 0.864110 3.282147 -0.408521
82.940000 0.880455 3.269185 -0.408492
82.945000 0.896735 3.255978 -0.408464
82.950000 0.912948 3.242527 -0.408436
82.955000 0.929092 3.228833 -0.408409
82.960000 0.945167 3.214896 -0.408383
82.965000 0.961170 3.200719 -0.408357
82.970000 0.977102 3.186301 -0.408332
82.975000 0.992960 3.171645 -0.408307
82.980000 1.008744 3.156750 -0.408283
82.985000 1.024452 3.141619 -0.408260
82.990000 1.040083 3.126253 -0.408238
82.995000 1.055636 3.110651 -0.408216
83.000000 1.071110 3.094817 -0.408194
83.005000 1.086504 3.078750 -0.408174
83.010000 1.101816 3.062453 -0.408154
83.015000 1.117046 3.045925 -0.408135
83.020000 1.132192 3.029170 -0.408116
83.025000 1.147253 3.012187 -0.408098
83.030000 1.162228 2.994978 -0.408081
83.035000 1.177115 2.977545 -0.408065
83.040000 1.191915 2.959888 -0.408049
83.045000 1.206625 2.942009 -0.408034
83.050000 1.221244 2.923910 -0.408020
83.055000 1.235772 2.905591 -0.408006
83.060000 1.250208 2.887054 -0.407994
83.065000 1.264549 2.868301 -0.407982
83.070000 1.278796 2.849333 -0.407970
83.075000 1.292947 2.830151 -0.407960
83.080000 1.307000 2.810757 -0.407950
83.085000 1.320956 2.791152 -0.407941
83.090000 1.334813 2.771338 -0.407932
83.095000 1.348569 2.751315 -0.407925
83.100000 1.362225 2.731087 -0.407918
83.105000 1.375778 2.710653 -0.407912
83.110000 1.389228 2.690017 -0.407907
83.115000 1.402574 2.669178 -0.407902
83.120000 1.415815 2.648140 -0.407898
83.125000 1.428949 2.626903 -0.407895
83.130000 1.441977 2.605468 -0.407893
83.135000 1.454896 2.583839 -0.407891
83.140000 1.467706 2.562015 -0.407891
83.145000 1.480406 2.540000 -0.407891
83.150000 1.492995 2.517794 -0.407892
83.155000 1.505472 2.495399 -0.407893
83.160000 1.517836 2.472817 -0.407895
83.165000 1.530086 2.450049 -0.407899
83.170000 1.542222 2.427098 -0.407902
83.175000 1.554242 2.403964 -0.407907
83.180000 1.566145 2.380651 -0.407912
83.185000 1.577931 2.357159 -0.407919
83.190000 1.589598 2.333490 -0.407925
83.195000 1.601146 2.309646 -0.407933
83.200000 1.612574 2.285628 -0.407942
83.205000 1.623882 2.261440 -0.407951
83.210000 1.635067 2.237082 -0.407961
83.215000 1.646130 2.212556 -0.407971
83.220000 1.657069 2.187864 -0.407983
83.225000 1.667884 2.163008 -0.407995
83.230000 1.678574 2.137989 -0.408008
83.235000 1.689138 2.112811 -0.408021
83.240000 1.699576 2.087474 -0.408036
83.245000 1.709885 2.061980 -0.408051
83.250000 1.720067 2.036332 -0.408066
83.255000 1.730120 2.010531 -0.408083
83.260000 1.740043 1.984579 -0.408100
83.265000 1.749835 1.958478 -0.408118
83.270000 1.759496 1.932231 -0.408137
83.275000 1.769025 1.905838 -0.408156
83.280000 1.778422 1.879303 -0.408176
83.285000 1.787685 1.852627 -0.408196
83.290000 1.796814 1.825811 -0.408218
83.295000 1.805808 1.798859 -0.408240
83.300000 1.814667 1.771772 -0.408262
83.305000 1.823390 1.744552 -0.408286
83.310000 1.831976 1.717201 -0.408310
83.315000 1.840425 1.689722 -0.408334
83.320000 1.848735 1.662115 -0.408359
83.325000 1.856907 1.634384 -0.408385
83.330000 1.864940 1.606531 -0.408412
83.335000 1.872833 1.578556 -0.408439
83.340000 1.880585 1.550464 -0.408467
83.345000 1.888196 1.522255 -0.408495
83.350000 1.895666 1.493932 -0.408524
83.355000 1.902993 1.465497 -0.408553
83.360000 1.910178 1.436952 -0.408583
83.365000 1.917220 1.408300 -0.408614
83.370000 1.924117 1.379541 -0.408645
83.375000 1.930871 1.350680 -0.408676
83.380000 1.937479 1.321717 -0.408709
83.385000 1.943943 1.292654 -0.408741
83.390000 1.950260 1.263495 -0.408774
83.395000 1.956431 1.234241 -0.408808
83.400000 1.962456 1.204895 -0.408842
83.405000 1.968333 1.175458 -0.408877
83.410000 1.974063 1.145933 -0.408912
83.415000 1.979644 1.116322 -0.408948
83.420000 1.985077 1.086627 -0.408984
83.425000 1.990362 1.056851 -0.409020
83.430000 1.995497 1.026996 -0.409057
83.435000 2.000482 0.997063 -0.409095
83.440000 2.005317 0.967056 -0.409132
83.445000 2.010002 0.936976 -0.409170
83.450000 2.014536 0.906826 -0.409209
83.455000 2.018919 0.876608 -0.409248
83.460000 2.023151 0.846325 -0.409287
83.465000 2.027231 0.815977 -0.409327
83.470000 2.031159 0.785569 -0.409367
83.475000 2.034934 0.755101 -0.409407
83.480000 2.038557 0.724577 -0.409447
83.485000 2.042027 0.693999 -0.409488
83.490000 2.045344 0.663369 -0.409529
83.495000 2.048507 0.632689 -0.409571
83.500000 2.051517 0.601961 -0.409613
83.505000 2.054373 0.571188 -0.409654
83.510000 2.057075 0.540373 -0.409697
83.515000 2.059622 0.509516 -0.409739
83.520000 2.062016 0.478622 -0.409782
83.525000 2.064254 0.447692 -0.409824
83.530000 2.066338 0.416728 -0.409867
83.535000 2.068266 0.385733 -0.409911
83.540000 2.070040 0.354709 -0.409954
83.545000 2.071658 0.323658 -0.409997
83.550000 2.073121 0.292584 -0.410041
83.555000 2.074429 0.261487 -0.410085
83.560000 2.075580 0.230370 -0.410129
83.565000 2.076577 0.199237 -0.410172
83.570000 2.077417 0.168088 -0.410216
83.575000 2.078102 0.136927 -0.410261
83.580000 2.078630 0.105755 -0.410305
83.585000 2.079003 0.074576 -0.410349
83.590000 2.079220 0.043391 -0.410393
83.595000 2.079281 0.012202 -0.410437
83.600000 2.079186 -0.018987 -0.410481
83.605000 2.078935 -0.050175 -0.410526
83.610000 2.078529 -0.081359 -0.410570
83.615000 2.077966 -0.112537 -0.410614
83.620000 2.077247 -0.143706 -0.410658
83.625000 2.076373 -0.174865 -0.410702
83.630000 2.075343 -0.206010 -0.410746
83.635000 2.074157 -0.237141 -0.410790
83.640000 2.072816 -0.268253 -0.410834
83.645000 2.071319 -0.299345 -0.410877
83.650000 2.069667 -0.330415 -0.410921
83.655000 2.067860 -0.361460 -0.410964
83.660000 2.065898 -0.392478 -0.411007
83.665000 2.063780 -0.423466 -0.411050
83.670000 2.061508 -0.454423 -0.411093
83.675000 2.059081 -0.485346 -0.411136
83.680000 2.056500 -0.516232 -0.411178
83.685000 2.053765 -0.547079 -0.411221
83.690000 2.050875 -0.577886 -0.411263
83.695000 2.047832 -0.608649 -0.411304
83.700000 2.044635 -0.639366 -0.411346
83.705000 2.041285 -0.670036 -0.411387
83.710000 2.037782 -0.700655 -0.411428
83.715000 2.034126 -0.731222 -0.411469
83.720000 2.030317 -0.761734 -0.411509
83.725000 2.026356 -0.792189 -0.411549
83.730000 2.022243 -0.822584 -0.411589
83.735000 2.017979 -0.852918 -0.411628
83.740000 2.013563 -0.883187 -0.411667
83.745000 2.008996 -0.913391 -0.411706
83.750000 2.004278 -0.943526 -0.411744
83.755000 1.999410 -0.973590 -0.411782
83.760000 1.994392 -1.003581 -0.411819
83.765000 1.989225 -1.033497 -0.411856
83.770000 1.983908 -1.063335 -0.411893
83.775000 1.978443 -1.093094 -0.411929
83.780000 1.972829 -1.122771 -0.411965
83.785000 1.967067 -1.152363 -0.412000
83.790000 1.961158 -1.181869 -0.412035
83.795000 1.955101 -1.211286 -0.412069
83.800000 1.948898 -1.240613 -0.412103
83.805000 1.942549 -1.269846 -0.412136
83.810000 1.936054 -1.298985 -0.412169
83.815000 1.929414 -1.328025 -0.412202
83.820000 1.922629 -1.356967 -0.412233
83.825000 1.915700 -1.385806 -0.412265
83.830000 1.908627 -1.414542 -0.412295
83.835000 1.901411 -1.443171 -0.412325
83.840000 1.894053 -1.471692 -0.412355
83.845000 1.886552 -1.500103 -0.412384
83.850000 1.878910 -1.528401 -0.412413
83.855000 1.871128 -1.556585 -0.412440
83.860000 1.863204 -1.584652 -0.412468
83.865000 1.855141 -1.612600 -0.412494
83.870000 1.846939 -1.640427 -0.412520
83.875000 1.838599 -1.668131 -0.412546
83.880000 1.830120 -1.695710 -0.412570
83.885000 1.821504 -1.723162 -0.412595
83.890000 1.812752 -1.750484 -0.412618
83.895000 1.803863 -1.777676 -0.412641
83.900000 1.794840 -1.804734 -0.412663
83.905000 1.785681 -1.831656 -0.412685
83.910000 1.776389 -1.858441 -0.412705
83.915000 1.766964 -1.885087 -0.412726
83.920000 1.757406 -1.911592 -0.412745
83.925000 1.747716 -1.937953 -0.412764
83.930000 1.737895 -1.964169 -0.412782
83.935000 1.727944 -1.990237 -0.412799
83.940000 1.717863 -2.016156 -0.412816
83.945000 1.707654 -2.041924 -0.412832
83.950000 1.697316 -2.067539 -0.412847
83.955000 1.686851 -2.092999 -0.412862
83.960000 1.676259 -2.118301 -0.412876
83.965000 1.665542 -2.143445 -0.412889
83.970000 1.654700 -2.168428 -0.412901
83.975000 1.643734 -2.193249 -0.412913
83.980000 1.632644 -2.217905 -0.412923
83.985000 1.621432 -2.242395 -0.412934
83.990000 1.610099 -2.266716 -0.412943
83.995000 1.598644 -2.290868 -0.412952
84.000000 1.587070 -2.314847 -0.412959
84.005000 1.575377 -2.338653 -0.412967
84.010000 1.563565 -2.362284 -0.412973
84.015000 1.551637 -2.385737 -0.412978
84.020000 1.539592 -2.409012 -0.412983
84.025000 1.527431 -2.432106 -0.412987
84.030000 1.515156 -2.455017 -0.412991
84.035000 1.502767 -2.477745 -0.412993
84.040000 1.490266 -2.500286 -0.412995
84.045000 1.477653 -2.522640 -0.412996
84.050000 1.464929 -2.544805 -0.412996
84.055000 1.452095 -2.566779 -0.412996
84.060000 1.439152 -2.588560 -0.412995
84.065000 1.426101 -2.610148 -0.412993
84.070000 1.412944 -2.631539 -0.412990
84.075000 1.399680 -2.652733 -0.412986
84.080000 1.386311 -2.673728 -0.412982
84.085000 1.372839 -2.694523 -0.412977
84.090000 1.359263 -2.715116 -0.412971
84.095000 1.345586 -2.735505 -0.412964
84.100000 1.331807 -2.755688 -0.412957
84.105000 1.317929 -2.775666 -0.412949
84.110000 1.303952 -2.795434 -0.412940
84.115000 1.289877 -2.814994 -0.412930
84.120000 1.275705 -2.834342 -0.412920
84.125000 1.261438 -2.853477 -0.412909
84.130000 1.247076 -2.872399 -0.412897
84.135000 1.232620 -2.891105 -0.412884
84.140000 1.218072 -2.909594 -0.412871
84.145000 1.203433 -2.927866 -0.412857
84.150000 1.188703 -2.945917 -0.412842
84.155000 1.173884 -2.963748 -0.412827
84.160000 1.158978 -2.981356 -0.412810
84.165000 1.143984 -2.998741 -0.412794
84.170000 1.128904 -3.015900 -0.412776
84.175000 1.113740 -3.032834 -0.412758
84.180000 1.098493 -3.049540 -0.412739
84.185000 1.083162 -3.066017 -0.412719
84.190000 1.067751 -3.082265 -0.412698
84.195000 1.052260 -3.098281 -0.412677
84.200000 1.036689 -3.114065 -0.412656
84.205000 1.021041 -3.129615 -0.412633
84.210000 1.005317 -3.144931 -0.412610
84.215000 0.989517 -3.160011 -0.412587
84.220000 0.973642 -3.174853 -0.412562
84.225000 0.957695 -3.189458 -0.412537
84.230000 0.941676 -3.203823 -0.412512
84.235000 0.925586 -3.217949 -0.412485
84.240000 0.909427 -3.231832 -0.412458
84.245000 0.893200 -3.245474 -0.412431
84.250000 0.876905 -3.258872 -0.412403
84.255000 0.860545 -3.272025 -0.412374
84.260000 0.844121 -3.284934 -0.412345
84.265000 0.827633 -3.297595 -0.412315
84.270000 0.811083 -3.310010 -0.412285
84.275000 0.794472 -3.322176 -0.412254
84.280000 0.777801 -3.334093 -0.412223
84.285000 0.761072 -3.345760 -0.412191
84.290000 0.744286 -3.357176 -0.412158
84.295000 0.727445 -3.368341 -0.412125
84.300000 0.710549 -3.379252 -0.412092
84.305000 0.693599 -3.389910 -0.412058
84.310000 0.676597 -3.400314 -0.412023
84.315000 0.659545 -3.410463 -0.411988
84.320000 0.642443 -3.420357 -0.411953
84.325000 0.625293 -3.429993 -0.411917
84.330000 0.608096 -3.439373 -0.411881
84.335000 0.590854 -3.448494 -0.411844
84.340000 0.573567 -3.457357 -0.411807
84.345000 0.556237 -3.465960 -0.411769
84.350000 0.538866 -3.474304 -0.411731
84.355000 0.521454 -3.482387 -0.411693
84.360000 0.504003 -3.490209 -0.411654
84.365000 0.486514 -3.497769 -0.411615
84.370000 0.468989 -3.505067 -0.411575
84.375000 0.451428 -3.512101 -0.411536
84.380000 0.433834 -3.518873 -0.411495
84.385000 0.416207 -3.525380 -0.411455
84.390000 0.398549 -3.531623 -0.411414
84.395000 0.380861 -3.537602 -0.411373
84.400000 0.363144 -3.543315 -0.411332
84.405000 0.345400 -3.548762 -0.411290
84.410000 0.327631 -3.553943 -0.411248
84.415000 0.309836 -3.558857 -0.411206
84.420000 0.292019 -3.563505 -0.411164
84.425000 0.274180 -3.567885 -0.411122
84.430000 0.256320 -3.571998 -0.411079
84.435000 0.238440 -3.575842 -0.411036
84.440000 0.220543 -3.579419 -0.410993
84.445000 0.202630 -3.582727 -0.410950
84.450000 0.184701 -3.585767 -0.410906
84.455000 0.166758 -3.588537 -0.410863
84.460000 0.148803 -3.591039 -0.410819
84.465000 0.130837 -3.593271 -0.410775
84.470000 0.112860 -3.595233 -0.410731
84.475000 0.094876 -3.596926 -0.410687
84.480000 0.076884 -3.598349 -0.410643
84.485000 0.058886 -3.599502 -0.410599
84.490000 0.040885 -3.600386 -0.410555
84.495000 0.022880 -3.600999 -0.410511
84.500000 0.004873 -3.601342 -0.410467
84.505000 -0.013134 -3.601415 -0.410422
84.510000 -0.031140 -3.601218 -0.410378
84.515000 -0.049144 -3.600751 -0.410334
84.520000 -0.067144 -3.600014 -0.410290
84.525000 -0.085139 -3.599007 -0.410246
84.530000 -0.103128 -3.597730 -0.410202
84.535000 -0.121109 -3.596183 -0.410158
84.540000 -0.139081 -3.594366 -0.410114
84.545000 -0.157042 -3.592280 -0.410070
84.550000 -0.174992 -3.589924 -0.410026
84.555000 -0.192928 -3.587299 -0.409983
84.560000 -0.210850 -3.584406 -0.409939
84.565000 -0.228756 -3.581243 -0.409896
84.570000 -0.246645 -3.577811 -0.409853
84.575000 -0.264516 -3.574112 -0.409810
84.580000 -0.282367 -3.570144 -0.409767
84.585000 -0.300196 -3.565909 -0.409725
84.590000 -0.318003 -3.561406 -0.409682
84.595000 -0.335786 -3.556636 -0.409640
84.600000 -0.353544 -3.551599 -0.409598
84.605000 -0.371276 -3.546296 -0.409557
84.610000 -0.388980 -3.540726 -0.409515
84.615000 -0.406654 -3.534892 -0.409474
84.620000 -0.424298 -3.528792 -0.409434
84.625000 -0.441910 -3.522427 -0.409393
84.630000 -0.459489 -3.515799 -0.409353
84.635000 -0.477034 -3.508906 -0.409313
84.640000 -0.494542 -3.501751 -0.409274
84.645000 -0.512014 -3.494333 -0.409235
84.650000 -0.529447 -3.486653 -0.409196
84.655000 -0.546841 -3.478711 -0.409158
84.660000 -0.564193 -3.470508 -0.409120
84.665000 -0.581504 -3.462045 -0.409082
84.670000 -0.598770 -3.453323 -0.409045
84.675000 -0.615992 -3.444341 -0.409008
84.680000 -0.633167 -3.435101 -0.408972
84.685000 -0.650295 -3.425604 -0.408936
84.690000 -0.667375 -3.415849 -0.408900
84.695000 -0.684404 -3.405839 -0.408865
84.700000 -0.701382 -3.395573 -0.408831
84.705000 -0.718307 -3.385052 -0.408797
84.710000 -0.735178 -3.374277 -0.408763
84.715000 -0.751995 -3.363250 -0.408730
84.720000 -0.768755 -3.351970 -0.408698
84.725000 -0.785457 -3.340439 -0.408666
84.730000 -0.802100 -3.328657 -0.408634
84.735000 -0.818683 -3.316625 -0.408603
84.740000 -0.835205 -3.304345 -0.408573
84.745000 -0.851664 -3.291817 -0.408543
84.750000 -0.868059 -3.279042 -0.408514
84.755000 -0.884389 -3.266021 -0.408485
84.760000 -0.900653 -3.252755 -0.408457
84.765000 -0.916849 -3.239245 -0.408430
84.770000 -0.932977 -3.225493 -0.408403
84.775000 -0.949034 -3.211498 -0.408376
84.780000 -0.965021 -3.197262 -0.408351
84.785000 -0.980934 -3.182787 -0.408326
84.790000 -0.996775 -3.168073 -0.408301
84.795000 -1.012540 -3.153122 -0.408278
84.800000 -1.028230 -3.137933 -0.408255
84.805000 -1.043843 -3.122510 -0.408232
84.810000 -1.059377 -3.106852 -0.408210
84.815000 -1.074832 -3.090962 -0.408189
84.820000 -1.090206 -3.074839 -0.408169
84.825000 -1.105498 -3.058486 -0.408149
84.830000 -1.120708 -3.041904 -0.408130
84.835000 -1.135833 -3.025093 -0.408112
84.840000 -1.150874 -3.008056 -0.408094
84.845000 -1.165828 -2.990792 -0.408077
84.850000 -1.180694 -2.973305 -0.408061
84.855000 -1.195472 -2.955595 -0.408045
84.860000 -1.210160 -2.937663 -0.408031
84.865000 -1.224758 -2.919510 -0.408017
84.870000 -1.239264 -2.901139 -0.408003
84.875000 -1.253676 -2.882550 -0.407991
84.880000 -1.267995 -2.863745 -0.407979
84.885000 -1.282219 -2.844725 -0.407968
84.890000 -1.296346 -2.825491 -0.407957
84.895000 -1.310376 -2.806046 -0.407948
84.900000 -1.324308 -2.786391 -0.407939
84.905000 -1.338141 -2.766526 -0.407930
84.910000 -1.351873 -2.746454 -0.407923
84.915000 -1.365504 -2.726176 -0.407916
84.920000 -1.379033 -2.705693 -0.407911
84.925000 -1.392458 -2.685008 -0.407905
84.930000 -1.405778 -2.664121 -0.407901
84.935000 -1.418993 -2.643034 -0.407897
84.940000 -1.432102 -2.621749 -0.407895
84.945000 -1.445104 -2.600268 -0.407893
84.950000 -1.457996 -2.578591 -0.407891
84.955000 -1.470780 -2.556721 -0.407891
84.960000 -1.483453 -2.534660 -0.407891
84.965000 -1.496015 -2.512408 -0.407892
84.970000 -1.508465 -2.489968 -0.407894
84.975000 -1.520802 -2.467341 -0.407896
84.980000 -1.533025 -2.444528 -0.407899
84.985000 -1.545132 -2.421533 -0.407903
84.990000 -1.557124 -2.398356 -0.407908
84.995000 -1.568999 -2.374999 -0.407914
85.000000 -1.580756 -2.351464 -0.407920
85.005000 -1.592395 -2.327753 -0.407927
85.010000 -1.603914 -2.303867 -0.407935
85.015000 -1.615314 -2.279808 -0.407944
85.020000 -1.626591 -2.255579 -0.407953
85.025000 -1.637747 -2.231180 -0.407963
85.030000 -1.648780 -2.206614 -0.407974
85.035000 -1.659690 -2.181882 -0.407986
85.040000 -1.670475 -2.156986 -0.407998
85.045000 -1.681134 -2.131929 -0.408011
85.050000 -1.691668 -2.106712 -0.408025
85.055000 -1.702075 -2.081337 -0.408039
85.060000 -1.712354 -2.055806 -0.408054
85.065000 -1.722504 -2.030121 -0.408070
85.070000 -1.732526 -2.004283 -0.408087
85.075000 -1.742417 -1.978295 -0.408104
85.080000 -1.752178 -1.952159 -0.408122
85.085000 -1.761807 -1.925877 -0.408141
85.090000 -1.771305 -1.899449 -0.408161
85.095000 -1.780669 -1.872880 -0.408181
85.100000 -1.789900 -1.846170 -0.408202
85.105000 -1.798996 -1.819321 -0.408223
85.110000 -1.807958 -1.792336 -0.408245
85.115000 -1.816784 -1.765217 -0.408268
85.120000 -1.825474 -1.737965 -0.408291
85.125000 -1.834027 -1.710583 -0.408316
85.130000 -1.842442 -1.683073 -0.408340
85.135000 -1.850719 -1.655436 -0.408366
85.140000 -1.858858 -1.627675 -0.408392
85.145000 -1.866857 -1.599792 -0.408418
85.150000 -1.874716 -1.571790 -0.408445
85.155000 -1.882434 -1.543669 -0.408473
85.160000 -1.890011 -1.515432 -0.408502
85.165000 -1.897447 -1.487082 -0.408531
85.170000 -1.904740 -1.458620 -0.408560
85.175000 -1.911890 -1.430049 -0.408590
85.180000 -1.918897 -1.401371 -0.408621
85.185000 -1.925760 -1.372588 -0.408652
85.190000 -1.932478 -1.343701 -0.408684
85.195000 -1.939052 -1.314714 -0.408716
85.200000 -1.945480 -1.285628 -0.408749
85.205000 -1.951762 -1.256446 -0.408783
85.210000 -1.957898 -1.227170 -0.408816
85.215000 -1.963887 -1.197801 -0.408851
85.220000 -1.969729 -1.168343 -0.408885
85.225000 -1.975423 -1.138797 -0.408921
85.230000 -1.980969 -1.109166 -0.408956
85.235000 -1.986366 -1.079451 -0.408993
85.240000 -1.991614 -1.049655 -0.409029
85.245000 -1.996713 -1.019781 -0.409066
85.250000 -2.001662 -0.989831 -0.409104
85.255000 -2.006461 -0.959806 -0.409141
85.260000 -2.011110 -0.929709 -0.409180
85.265000 -2.015608 -0.899542 -0.409218
85.270000 -2.019954 -0.869308 -0.409257
85.275000 -2.024149 -0.839009 -0.409297
85.280000 -2.028192 -0.808646 -0.409336
85.285000 -2.032083 -0.778224 -0.409376
85.290000 -2.035822 -0.747742 -0.409417
85.295000 -2.039408 -0.717205 -0.409457
85.300000 -2.042841 -0.686614 -0.409498
85.305000 -2.046121 -0.655971 -0.409539
85.310000 -2.049248 -0.625279 -0.409581
85.315000 -2.052220 -0.594541 -0.409623
85.320000 -2.055039 -0.563757 -0.409665
85.325000 -2.057704 -0.532932 -0.409707
85.330000 -2.060214 -0.502066 -0.409749
85.335000 -2.062570 -0.471163 -0.409792
85.340000 -2.064771 -0.440224 -0.409835
85.345000 -2.066817 -0.409253 -0.409878
85.350000 -2.068708 -0.378251 -0.409921
85.355000 -2.070445 -0.347220 -0.409964
85.360000 -2.072025 -0.316163 -0.410008
85.365000 -2.073451 -0.285083 -0.410052
85.370000 -2.074721 -0.253981 -0.410095
85.375000 -2.075835 -0.222860 -0.410139
85.380000 -2.076794 -0.191723 -0.410183
85.385000 -2.077596 -0.160571 -0.410227
85.390000 -2.078243 -0.129407 -0.410271
85.395000 -2.078735 -0.098233 -0.410315
85.400000 -2.079070 -0.067052 -0.410359
85.405000 -2.079249 -0.035866 -0.410404
85.410000 -2.079273 -0.004678 -0.410448
85.415000 -2.079140 0.026512 -0.410492
85.420000 -2.078852 0.057699 -0.410536
85.425000 -2.078407 0.088881 -0.410580
85.430000 -2.077807 0.120057 -0.410625
85.435000 -2.077051 0.151225 -0.410669
85.440000 -2.076139 0.182380 -0.410713
85.445000 -2.075071 0.213522 -0.410757
85.450000 -2.073848 0.244648 -0.410800
85.455000 -2.072469 0.275756 -0.410844
85.460000 -2.070935 0.306843 -0.410888
85.465000 -2.069245 0.337907 -0.410931
85.470000 -2.067401 0.368946 -0.410975
85.475000 -2.065401 0.399957 -0.411018
85.480000 -2.063246 0.430938 -0.411061
85.485000 -2.060937 0.461887 -0.411104
85.490000 -2.058473 0.492801 -0.411146
85.495000 -2.055854 0.523678 -0.411189
85.500000 -2.053082 0.554516 -0.411231
85.505000 -2.050155 0.585312 -0.411273
85.510000 -2.047075 0.616064 -0.411314
85.515000 -2.043841 0.646770 -0.411356
85.520000 -2.040454 0.677428 -0.411397
85.525000 -2.036914 0.708035 -0.411438
85.530000 -2.033221 0.738588 -0.411478
85.535000 -2.029375 0.769087 -0.411519
85.540000 -2.025378 0.799527 -0.411559
85.545000 -2.021228 0.829908 -0.411598
85.550000 -2.016927 0.860226 -0.411638
85.555000 -2.012475 0.890480 -0.411676
85.560000 -2.007871 0.920668 -0.411715
85.565000 -2.003117 0.950786 -0.411753
85.570000 -1.998213 0.980832 -0.411791
85.575000 -1.993159 1.010806 -0.411828
85.580000 -1.987956 1.040703 -0.411865
85.585000 -1.982603 1.070522 -0.411902
85.590000 -1.977102 1.100261 -0.411938
85.595000 -1.971452 1.129918 -0.411973
85.600000 -1.965655 1.159490 -0.412009
85.605000 -1.959710 1.188974 -0.412043
85.610000 -1.953618 1.218370 -0.412077
85.615000 -1.947380 1.247674 -0.412111
85.620000 -1.940995 1.276885 -0.412144
85.625000 -1.934465 1.306000 -0.412177
85.630000 -1.927790 1.335017 -0.412209
85.635000 -1.920971 1.363934 -0.412241
85.640000 -1.914007 1.392748 -0.412272
85.645000 -1.906899 1.421459 -0.412303
85.650000 -1.899649 1.450062 -0.412333
85.655000 -1.892256 1.478557 -0.412362
85.660000 -1.884722 1.506941 -0.412391
85.665000 -1.877046 1.535211 -0.412419
85.670000 -1.869229 1.563367 -0.412447
85.675000 -1.861272 1.591406 -0.412474
85.680000 -1.853175 1.619325 -0.412501
85.685000 -1.844940 1.647122 -0.412526
85.690000 -1.836566 1.674796 -0.412552
85.695000 -1.828054 1.702345 -0.412576
85.700000 -1.819405 1.729766 -0.412600
85.705000 -1.810620 1.757057 -0.412624
85.710000 -1.801699 1.784216 -0.412646
85.715000 -1.792642 1.811241 -0.412668
85.720000 -1.783452 1.838131 -0.412690
85.725000 -1.774127 1.864883 -0.412710
85.730000 -1.764670 1.891495 -0.412730
85.735000 -1.755080 1.917965 -0.412750
85.740000 -1.745359 1.944291 -0.412768
85.745000 -1.735506 1.970471 -0.412786
85.750000 -1.725524 1.996504 -0.412803
85.755000 -1.715412 2.022387 -0.412820
85.760000 -1.705171 2.048118 -0.412836
85.765000 -1.694803 2.073696 -0.412851
85.770000 -1.684307 2.099118 -0.412865
85.775000 -1.673685 2.124382 -0.412879
85.780000 -1.662938 2.149488 -0.412892
85.785000 -1.652066 2.174432 -0.412904
85.790000 -1.641070 2.199213 -0.412915
85.795000 -1.629950 2.223829 -0.412926
85.800000 -1.618709 2.248278 -0.412936
85.805000 -1.607346 2.272559 -0.412945
85.810000 -1.595863 2.296669 -0.412954
85.815000 -1.584260 2.320607 -0.412961
85.820000 -1.572538 2.344371 -0.412968
85.825000 -1.560698 2.367959 -0.412974
85.830000 -1.548741 2.391369 -0.412980
85.835000 -1.536668 2.414600 -0.412984
85.840000 -1.524480 2.437650 -0.412988
85.845000 -1.512178 2.460517 -0.412991
85.850000 -1.499762 2.483200 -0.412994
85.855000 -1.487233 2.505697 -0.412995
85.860000 -1.474593 2.528005 -0.412996
85.865000 -1.461842 2.550124 -0.412996
85.870000 -1.448982 2.572052 -0.412996
85.875000 -1.436013 2.593786 -0.412994
85.880000 -1.422937 2.615326 -0.412992
85.885000 -1.409753 2.636671 -0.412989
85.890000 -1.396464 2.657817 -0.412985
85.895000 -1.383070 2.678764 -0.412981
85.900000 -1.369573 2.699510 -0.412975
85.905000 -1.355973 2.720053 -0.412969
85.910000 -1.342271 2.740393 -0.412963
85.915000 -1.328468 2.760527 -0.412955
85.920000 -1.314566 2.780454 -0.412947
85.925000 -1.300565 2.800173 -0.412938
85.930000 -1.286466 2.819681 -0.412928
85.935000 -1.272271 2.838978 -0.412917
85.940000 -1.257981 2.858062 -0.412906
85.945000 -1.243597 2.876932 -0.412894
85.950000 -1.229119 2.895586 -0.412881
85.955000 -1.214548 2.914023 -0.412868
85.960000 -1.199887 2.932241 -0.412853
85.965000 -1.185136 2.950239 -0.412838
85.970000 -1.170296 2.968016 -0.412823
85.975000 -1.155368 2.985571 -0.412806
85.980000 -1.140354 3.002901 -0.412789
85.985000 -1.125254 3.020006 -0.412772
85.990000 -1.110069 3.036885 -0.412753
85.995000 -1.094802 3.053536 -0.412734
86.000000 -1.079452 3.069958 -0.412714
86.005000 -1.064021 3.086150 -0.412693
86.010000 -1.048510 3.102110 -0.412672
86.015000 -1.032921 3.117838 -0.412650
86.020000 -1.017255 3.133332 -0.412628
86.025000 -1.001512 3.148591 -0.412605
86.030000 -0.985694 3.163613 -0.412581
86.035000 -0.969802 3.178399 -0.412556
86.040000 -0.953837 3.192946 -0.412531
86.045000 -0.937801 3.207253 -0.412505
86.050000 -0.921694 3.221320 -0.412479
86.055000 -0.905518 3.235146 -0.412452
86.060000 -0.889275 3.248729 -0.412424
86.065000 -0.872964 3.262068 -0.412396
86.070000 -0.856588 3.275162 -0.412367
86.075000 -0.840148 3.288011 -0.412338
86.080000 -0.823645 3.300613 -0.412308
86.085000 -0.807080 3.312968 -0.412278
86.090000 -0.790455 3.325074 -0.412247
86.095000 -0.773770 3.336931 -0.412215
86.100000 -0.757028 3.348537 -0.412183
86.105000 -0.740228 3.359893 -0.412150
86.110000 -0.723373 3.370996 -0.412117
86.115000 -0.706464 3.381847 -0.412084
86.120000 -0.689502 3.392444 -0.412049
86.125000 -0.672488 3.402786 -0.412015
86.130000 -0.655424 3.412874 -0.411980
86.135000 -0.638310 3.422705 -0.411944
86.140000 -0.621149 3.432280 -0.411908
86.145000 -0.603941 3.441597 -0.411872
86.150000 -0.586687 3.450656 -0.411835
86.155000 -0.569390 3.459456 -0.411798
86.160000 -0.552050 3.467997 -0.411760
86.165000 -0.534669 3.476278 -0.411722
86.170000 -0.517247 3.484298 -0.411683
86.175000 -0.499787 3.492057 -0.411645
86.180000 -0.482289 3.499553 -0.411605
86.185000 -0.464755 3.506788 -0.411566
86.190000 -0.447186 3.513759 -0.411526
86.195000 -0.429584 3.520467 -0.411486
86.200000 -0.411950 3.526911 -0.411445
86.205000 -0.394284 3.533090 -0.411404
86.210000 -0.376589 3.539004 -0.411363
86.215000 -0.358866 3.544653 -0.411322
86.220000 -0.341116 3.550036 -0.411280
86.225000 -0.323340 3.555153 -0.411238
86.230000 -0.305540 3.560003 -0.411196
86.235000 -0.287717 3.564586 -0.411154
86.240000 -0.269872 3.568902 -0.411111
86.245000 -0.252008 3.572950 -0.411068
86.250000 -0.234124 3.576730 -0.411025
86.255000 -0.216223 3.580242 -0.410982
86.260000 -0.198305 3.583485 -0.410939
86.265000 -0.180373 3.586460 -0.410896
86.270000 -0.162427 3.589165 -0.410852
86.275000 -0.144469 3.591602 -0.410808
86.280000 -0.126500 3.593769 -0.410765
86.285000 -0.108522 3.595666 -0.410721
86.290000 -0.090536 3.597294 -0.410677
86.295000 -0.072542 3.598652 -0.410633
86.300000 -0.054544 3.599740 -0.410588
86.305000 -0.036541 3.600558 -0.410544
86.310000 -0.018535 3.601107 -0.410500
86.315000 -0.000528 3.601385 -0.410456
86.320000 0.017479 3.601392 -0.410412
86.325000 0.035484 3.601130 -0.410367
86.330000 0.053487 3.600598 -0.410323
86.335000 0.071486 3.599796 -0.410279
86.340000 0.089480 3.598723 -0.410235
86.345000 0.107467 3.597381 -0.410191
86.350000 0.125446 3.595769 -0.410147
86.355000 0.143415 3.593888 -0.410103
86.360000 0.161374 3.591736 -0.410059
86.365000 0.179320 3.589316 -0.410016
86.370000 0.197253 3.586626 -0.409972
86.375000 0.215172 3.583667 -0.409929
86.380000 0.233074 3.580440 -0.409886
86.385000 0.250959 3.576943 -0.409843
86.390000 0.268825 3.573179 -0.409800
86.395000 0.286670 3.569147 -0.409757
86.400000 0.304494 3.564847 -0.409714
86.405000 0.322296 3.560279 -0.409672
86.410000 0.340073 3.555445 -0.409630
86.415000 0.357825 3.550344 -0.409588
86.420000 0.375550 3.544976 -0.409547
86.425000 0.393246 3.539343 -0.409506
86.430000 0.410914 3.533444 -0.409465
86.435000 0.428550 3.527281 -0.409424
86.440000 0.446154 3.520852 -0.409384
86.445000 0.463725 3.514160 -0.409343
86.450000 0.481261 3.507204 -0.409304
86.455000 0.498761 3.499985 -0.409264
86.460000 0.516224 3.492504 -0.409225
86.465000 0.533647 3.484761 -0.409187
86.470000 0.551031 3.476756 -0.409148
86.475000 0.568374 3.468490 -0.409110
86.480000 0.585673 3.459965 -0.409073
86.485000 0.602929 3.451180 -0.409036
86.490000 0.620140 3.442136 -0.408999
86.495000 0.637304 3.432834 -0.408963
86.500000 0.654421 3.423274 -0.408927
86.505000 0.671488 3.413458 -0.408892
86.510000 0.688505 3.403385 -0.408857
86.515000 0.705470 3.393058 -0.408822
86.520000 0.722382 3.382476 -0.408789
86.525000 0.739241 3.371640 -0.408755
86.530000 0.756043 3.360551 -0.408722
86.535000 0.772789 3.349211 -0.408690
86.540000 0.789478 3.337619 -0.408658
86.545000 0.806106 3.325777 -0.408627
86.550000 0.822675 3.313685 -0.408596
86.555000 0.839182 3.301345 -0.408566
86.560000 0.855625 3.288757 -0.408536
86.565000 0.872005 3.275923 -0.408507
86.570000 0.888319 3.262843 -0.408478
86.575000 0.904567 3.249518 -0.408450
86.580000 0.920747 3.235950 -0.408423
86.585000 0.936857 3.222138 -0.408396
86.590000 0.952898 3.208086 -0.408370
86.595000 0.968867 3.193792 -0.408345
86.600000 0.984763 3.179259 -0.408320
86.605000 1.000585 3.164488 -0.408296
86.610000 1.016333 3.149479 -0.408272
86.615000 1.032004 3.134234 -0.408249
86.620000 1.047598 3.118754 -0.408227
86.625000 1.063113 3.103040 -0.408205
86.630000 1.078548 3.087093 -0.408184
86.635000 1.093903 3.070915 -0.408164
86.640000 1.109175 3.054506 -0.408145
86.645000 1.124365 3.037869 -0.408126
86.650000 1.139470 3.021003 -0.408107
86.655000 1.154489 3.003911 -0.408090
86.660000 1.169422 2.986594 -0.408073
86.665000 1.184268 2.969053 -0.408057
86.670000 1.199024 2.951289 -0.408042
86.675000 1.213691 2.933303 -0.408027
86.680000 1.228266 2.915098 -0.408013
86.685000 1.242749 2.896674 -0.408000
86.690000 1.257140 2.878033 -0.407988
86.695000 1.271435 2.859175 -0.407976
86.700000 1.285636 2.840104 -0.407965
86.705000 1.299740 2.820819 -0.407955
86.710000 1.313747 2.801323 -0.407945
86.715000 1.327655 2.781617 -0.407937
86.720000 1.341463 2.761702 -0.407929
86.725000 1.355171 2.741580 -0.407921
86.730000 1.368777 2.721253 -0.407915
86.735000 1.382281 2.700721 -0.407909
86.740000 1.395681 2.679987 -0.407904
86.745000 1.408976 2.659052 -0.407900
86.750000 1.422166 2.637917 -0.407897
86.755000 1.435249 2.616585 -0.407894
86.760000 1.448224 2.595056 -0.407892
86.765000 1.461091 2.573332 -0.407891
86.770000 1.473848 2.551416 -0.407891
86.775000 1.486494 2.529308 -0.407891
86.780000 1.499029 2.507011 -0.407892
86.785000 1.511452 2.484526 -0.407894
86.790000 1.523761 2.461854 -0.407897
86.795000 1.535956 2.438997 -0.407900
86.800000 1.548036 2.415958 -0.407905
86.805000 1.560000 2.392737 -0.407910
86.810000 1.571846 2.369337 -0.407915
86.815000 1.583575 2.345760 -0.407922
86.820000 1.595185 2.322006 -0.407929
86.825000 1.606676 2.298078 -0.407937
86.830000 1.618046 2.273978 -0.407946
86.835000 1.629294 2.249708 -0.407955
86.840000 1.640420 2.225268 -0.407966
86.845000 1.651424 2.200662 -0.407977
86.850000 1.662303 2.175890 -0.407988
86.855000 1.673058 2.150956 -0.408001
86.860000 1.683687 2.125860 -0.408014
86.865000 1.694190 2.100605 -0.408028
86.870000 1.704566 2.075192 -0.408043
86.875000 1.714814 2.049623 -0.408058
86.880000 1.724934 2.023901 -0.408074
86.885000 1.734924 1.998027 -0.408091
86.890000 1.744784 1.972003 -0.408109
86.895000 1.754513 1.945832 -0.408127
86.900000 1.764111 1.919514 -0.408146
86.905000 1.773576 1.893052 -0.408165
86.910000 1.782908 1.866449 -0.408186
86.915000 1.792107 1.839705 -0.408207
86.920000 1.801171 1.812823 -0.408228
86.925000 1.810100 1.785806 -0.408251
86.930000 1.818893 1.758654 -0.408274
86.935000 1.827550 1.731371 -0.408297
86.940000 1.836070 1.703958 -0.408321
86.945000 1.844452 1.676417 -0.408346
86.950000 1.852696 1.648750 -0.408372
86.955000 1.860800 1.620959 -0.408398
86.960000 1.868766 1.593047 -0.408425
86.965000 1.876591 1.565016 -0.408452
86.970000 1.884275 1.536867 -0.408480
86.975000 1.891818 1.508603 -0.408509
86.980000 1.899219 1.480226 -0.408538
86.985000 1.906478 1.451737 -0.408567
86.990000 1.913594 1.423140 -0.408598
86.995000 1.920566 1.394436 -0.408629
87.000000 1.927394 1.365628 -0.408660
87.005000 1.934078 1.336717 -0.408692
87.010000 1.940616 1.307706 -0.408724
87.015000 1.947009 1.278596 -0.408757
87.020000 1.953256 1.249391 -0.408791
87.025000 1.959356 1.220092 -0.408825
87.030000 1.965310 1.190702 -0.408859
87.035000 1.971116 1.161222 -0.408894
87.040000 1.976774 1.131656 -0.408929
87.045000 1.982284 1.102004 -0.408965
87.050000 1.987646 1.072270 -0.409001
87.055000 1.992858 1.042455 -0.409038
87.060000 1.997921 1.012562 -0.409075
87.065000 2.002834 0.982593 -0.409113
87.070000 2.007597 0.952551 -0.409151
87.075000 2.012209 0.922437 -0.409189
87.080000 2.016670 0.892254 -0.409228
87.085000 2.020980 0.862004 -0.409267
87.090000 2.025138 0.831689 -0.409306
87.095000 2.029145 0.801312 -0.409346
87.100000 2.032999 0.770875 -0.409386
87.105000 2.036701 0.740380 -0.409426
87.110000 2.040250 0.709829 -0.409467
87.115000 2.043647 0.679226 -0.409508
87.120000 2.046889 0.648571 -0.409549
87.125000 2.049979 0.617868 -0.409591
87.130000 2.052914 0.587118 -0.409633
87.135000 2.055696 0.556324 -0.409675
87.140000 2.058323 0.525489 -0.409717
87.145000 2.060796 0.494614 -0.409760
87.150000 2.063115 0.463702 -0.409802
87.155000 2.065279 0.432755 -0.409845
87.160000 2.067288 0.401776 -0.409888
87.165000 2.069141 0.370767 -0.409931
87.170000 2.070840 0.339730 -0.409975
87.175000 2.072383 0.308667 -0.410018
87.180000 2.073771 0.277581 -0.410062
87.185000 2.075004 0.246475 -0.410106
87.190000 2.076081 0.215350 -0.410150
87.195000 2.077002 0.184208 -0.410194
87.200000 2.077767 0.153053 -0.410238
87.205000 2.078376 0.121887 -0.410282
87.210000 2.078830 0.090711 -0.410326
87.215000 2.079127 0.059529 -0.410370
87.220000 2.079269 0.028342 -0.410414
87.225000 2.079255 -0.002847 -0.410459
87.230000 2.079085 -0.034036 -0.410503
87.235000 2.078759 -0.065222 -0.410547
87.240000 2.078277 -0.096404 -0.410591
87.245000 2.077639 -0.127578 -0.410635
87.250000 2.076845 -0.158742 -0.410679
87.255000 2.075896 -0.189895 -0.410723
87.260000 2.074790 -0.221033 -0.410767
87.265000 2.073530 -0.252155 -0.410811
87.270000 2.072113 -0.283258 -0.410855
87.275000 2.070542 -0.314340 -0.410898
87.280000 2.068815 -0.345398 -0.410942
87.285000 2.066932 -0.376430 -0.410985
87.290000 2.064895 -0.407434 -0.411028
87.295000 2.062703 -0.438408 -0.411071
87.300000 2.060357 -0.469348 -0.411114
87.305000 2.057855 -0.500254 -0.411156
87.310000 2.055200 -0.531121 -0.411199
87.315000 2.052390 -0.561949 -0.411241
87.320000 2.049426 -0.592735 -0.411283
87.325000 2.046309 -0.623477 -0.411324
87.330000 2.043038 -0.654171 -0.411366
87.335000 2.039614 -0.684817 -0.411407
87.340000 2.036037 -0.715411 -0.411448
87.345000 2.032307 -0.745952 -0.411488
87.350000 2.028425 -0.776436 -0.411528
87.355000 2.024391 -0.806863 -0.411568
87.360000 2.020204 -0.837229 -0.411608
87.365000 2.015867 -0.867532 -0.411647
87.370000 2.011378 -0.897770 -0.411686
87.375000 2.006738 -0.927940 -0.411724
87.380000 2.001948 -0.958041 -0.411762
87.385000 1.997008 -0.988071 -0.411800
87.390000 1.991918 -1.018026 -0.411837
87.395000 1.986678 -1.047904 -0.411874
87.400000 1.981289 -1.077705 -0.411910
87.405000 1.975752 -1.107424 -0.411946
87.410000 1.970067 -1.137060 -0.411982
87.415000 1.964234 -1.166611 -0.412017
87.420000 1.958254 -1.196075 -0.412052
87.425000 1.952126 -1.225449 -0.412086
87.430000 1.945853 -1.254730 -0.412119
87.435000 1.939433 -1.283918 -0.412152
87.440000 1.932868 -1.313010 -0.412185
87.445000 1.926158 -1.342003 -0.412217
87.450000 1.919304 -1.370895 -0.412249
87.455000 1.912305 -1.399685 -0.412280
87.460000 1.905163 -1.428369 -0.412310
87.465000 1.897879 -1.456947 -0.412340
87.470000 1.890452 -1.485415 -0.412369
87.475000 1.882883 -1.513772 -0.412398
87.480000 1.875173 -1.542015 -0.412426
87.485000 1.867322 -1.570142 -0.412454
87.490000 1.859331 -1.598152 -0.412481
87.495000 1.851201 -1.626042 -0.412507
87.500000 1.842932 -1.653810 -0.412533
87.505000 1.834525 -1.681454 -0.412558
87.510000 1.825980 -1.708972 -0.412582
87.515000 1.817298 -1.736362 -0.412606
87.520000 1.808480 -1.763621 -0.412629
87.525000 1.799526 -1.790748 -0.412652
87.530000 1.790437 -1.817741 -0.412674
87.535000 1.781214 -1.844598 -0.412695
87.540000 1.771858 -1.871316 -0.412715
87.545000 1.762368 -1.897894 -0.412735
87.550000 1.752747 -1.924330 -0.412754
87.555000 1.742994 -1.950621 -0.412773
87.560000 1.733110 -1.976766 -0.412790
87.565000 1.723096 -2.002762 -0.412807
87.570000 1.712953 -2.028609 -0.412824
87.575000 1.702681 -2.054303 -0.412839
87.580000 1.692282 -2.079843 -0.412854
87.585000 1.681756 -2.105227 -0.412869
87.590000 1.671104 -2.130454 -0.412882
87.595000 1.660326 -2.155520 -0.412895
87.600000 1.649424 -2.180425 -0.412907
87.605000 1.638398 -2.205167 -0.412918
87.610000 1.627249 -2.229743 -0.412928
87.615000 1.615979 -2.254151 -0.412938
87.620000 1.604587 -2.278391 -0.412947
87.625000 1.593074 -2.302460 -0.412955
87.630000 1.581443 -2.326356 -0.412963
87.635000 1.569692 -2.350078 -0.412970
87.640000 1.557824 -2.373623 -0.412976
87.645000 1.545839 -2.396990 -0.412981
87.650000 1.533738 -2.420178 -0.412985
87.655000 1.521522 -2.443184 -0.412989
87.660000 1.509192 -2.466007 -0.412992
87.665000 1.496749 -2.488645 -0.412994
87.670000 1.484194 -2.511096 -0.412996
87.675000 1.471527 -2.533359 -0.412996
87.680000 1.458750 -2.555432 -0.412996
87.685000 1.445863 -2.577313 -0.412995
87.690000 1.432868 -2.599001 -0.412994
87.695000 1.419766 -2.620494 -0.412991
87.700000 1.406557 -2.641790 -0.412988
87.705000 1.393242 -2.662889 -0.412984
87.710000 1.379823 -2.683787 -0.412979
87.715000 1.366301 -2.704485 -0.412974
87.720000 1.352676 -2.724979 -0.412968
87.725000 1.338950 -2.745269 -0.412961
87.730000 1.325123 -2.765354 -0.412953
87.735000 1.311197 -2.785231 -0.412945
87.740000 1.297172 -2.804899 -0.412935
87.745000 1.283051 -2.824356 -0.412925
87.750000 1.268832 -2.843602 -0.412915
87.755000 1.254519 -2.862634 -0.412903
87.760000 1.240112 -2.881452 -0.412891
87.765000 1.225612 -2.900054 -0.412878
87.770000 1.211020 -2.918438 -0.412864
87.775000 1.196337 -2.936603 -0.412850
87.780000 1.181564 -2.954548 -0.412835
87.785000 1.166702 -2.972272 -0.412819
87.790000 1.151754 -2.989772 -0.412802
87.795000 1.136718 -3.007049 -0.412785
87.800000 1.121598 -3.024099 -0.412767
87.805000 1.106393 -3.040923 -0.412748
87.810000 1.091106 -3.057519 -0.412729
87.815000 1.075736 -3.073886 -0.412709
87.820000 1.060286 -3.090022 -0.412688
87.825000 1.044757 -3.105926 -0.412667
87.830000 1.029149 -3.121598 -0.412645
87.835000 1.013463 -3.137035 -0.412622
87.840000 0.997702 -3.152237 -0.412599
87.845000 0.981866 -3.167202 -0.412575
87.850000 0.965956 -3.181930 -0.412550
87.855000 0.949974 -3.196420 -0.412525
87.860000 0.933921 -3.210669 -0.412499
87.865000 0.917798 -3.224678 -0.412472
87.870000 0.901605 -3.238445 -0.412445
87.875000 0.885346 -3.251969 -0.412418
87.880000 0.869019 -3.265249 -0.412389
87.885000 0.852628 -3.278285 -0.412360
87.890000 0.836173 -3.291074 -0.412331
87.895000 0.819654 -3.303617 -0.412301
87.900000 0.803075 -3.315911 -0.412270
87.905000 0.786435 -3.327957 -0.412239
87.910000 0.769736 -3.339754 -0.412207
87.915000 0.752980 -3.351300 -0.412175
87.920000 0.736167 -3.362595 -0.412142
87.925000 0.719299 -3.373637 -0.412109
87.930000 0.702377 -3.384427 -0.412075
87.935000 0.685402 -3.394962 -0.412041
87.940000 0.668376 -3.405243 -0.412006
87.945000 0.651299 -3.415269 -0.411971
87.950000 0.634174 -3.425039 -0.411936
87.955000 0.617001 -3.434551 -0.411899
87.960000 0.599782 -3.443806 -0.411863
87.965000 0.582518 -3.452803 -0.411826
87.970000 0.565210 -3.461541 -0.411789
87.975000 0.547860 -3.470019 -0.411751
87.980000 0.530469 -3.478237 -0.411713
87.985000 0.513038 -3.486194 -0.411674
87.990000 0.495569 -3.493889 -0.411635
87.995000 0.478062 -3.501323 -0.411596
88.000000 0.460520 -3.508494 -0.411556
88.005000 0.442943 -3.515402 -0.411516
88.010000 0.425332 -3.522046 -0.411476
88.015000 0.407690 -3.528426 -0.411435
88.020000 0.390018 -3.534541 -0.411394
88.025000 0.372316 -3.540391 -0.411353
88.030000 0.354586 -3.545976 -0.411312
88.035000 0.336829 -3.551295 -0.411270
88.040000 0.319048 -3.556347 -0.411228
88.045000 0.301242 -3.561133 -0.411186
88.050000 0.283414 -3.565652 -0.411144
88.055000 0.265564 -3.569903 -0.411101
88.060000 0.247695 -3.573886 -0.411058
88.065000 0.229807 -3.577602 -0.411015
88.070000 0.211901 -3.581049 -0.410972
88.075000 0.193980 -3.584227 -0.410929
88.080000 0.176045 -3.587137 -0.410885
88.085000 0.158096 -3.589778 -0.410841
88.090000 0.140135 -3.592149 -0.410798
88.095000 0.122164 -3.594251 -0.410754
88.100000 0.104183 -3.596084 -0.410710
88.105000 0.086195 -3.597646 -0.410666
88.110000 0.068200 -3.598939 -0.410622
88.115000 0.050201 -3.599962 -0.410578
88.120000 0.032197 -3.600715 -0.410534
88.125000 0.014191 -3.601198 -0.410489
88.130000 -0.003816 -3.601411 -0.410445
88.135000 -0.021823 -3.601354 -0.410401
88.140000 -0.039828 -3.601027 -0.410357
88.145000 -0.057830 -3.600429 -0.410313
88.150000 -0.075828 -3.599562 -0.410268
88.155000 -0.093820 -3.598424 -0.410224
88.160000 -0.111805 -3.597017 -0.410180
88.165000 -0.129782 -3.595340 -0.410136
88.170000 -0.147749 -3.593393 -0.410093
88.175000 -0.165705 -3.591177 -0.410049
88.180000 -0.183648 -3.588691 -0.410005
88.185000 -0.201578 -3.585937 -0.409962
88.190000 -0.219492 -3.582913 -0.409918
88.195000 -0.237390 -3.579621 -0.409875
88.200000 -0.255271 -3.576060 -0.409832
88.205000 -0.273132 -3.572231 -0.409789
88.210000 -0.290973 -3.568134 -0.409747
88.215000 -0.308791 -3.563769 -0.409704
88.220000 -0.326587 -3.559137 -0.409662
88.225000 -0.344358 -3.554238 -0.409620
88.230000 -0.362104 -3.549073 -0.409578
88.235000 -0.379822 -3.543642 -0.409537
88.240000 -0.397512 -3.537944 -0.409496
88.245000 -0.415171 -3.531982 -0.409455
88.250000 -0.432800 -3.525754 -0.409414
88.255000 -0.450397 -3.519262 -0.409374
88.260000 -0.467959 -3.512506 -0.409334
88.265000 -0.485487 -3.505487 -0.409294
88.270000 -0.502978 -3.498204 -0.409255
88.275000 -0.520431 -3.490660 -0.409216
88.280000 -0.537845 -3.482853 -0.409177
88.285000 -0.555219 -3.474786 -0.409139
88.290000 -0.572551 -3.466457 -0.409101
88.295000 -0.589841 -3.457869 -0.409064
88.300000 -0.607086 -3.449021 -0.409027
88.305000 -0.624285 -3.439915 -0.408990
88.310000 -0.641438 -3.430551 -0.408954
88.315000 -0.658543 -3.420929 -0.408919
88.320000 -0.675598 -3.411051 -0.408883
88.325000 -0.692603 -3.400917 -0.408849
88.330000 -0.709555 -3.390528 -0.408814
88.335000 -0.726455 -3.379885 -0.408780
88.340000 -0.743300 -3.368988 -0.408747
88.345000 -0.760089 -3.357838 -0.408714
88.350000 -0.776821 -3.346437 -0.408682
88.355000 -0.793495 -3.334785 -0.408650
88.360000 -0.810109 -3.322882 -0.408619
88.365000 -0.826663 -3.310731 -0.408589
88.370000 -0.843155 -3.298331 -0.408558
88.375000 -0.859583 -3.285683 -0.408529
88.380000 -0.875947 -3.272790 -0.408500
88.385000 -0.892245 -3.259650 -0.408472
88.390000 -0.908477 -3.246267 -0.408444
88.395000 -0.924640 -3.232640 -0.408417
88.400000 -0.940734 -3.218770 -0.408390
88.405000 -0.956757 -3.204659 -0.408364
88.410000 -0.972708 -3.190308 -0.408339
88.415000 -0.988587 -3.175717 -0.408314
88.420000 -1.004391 -3.160888 -0.408290
88.425000 -1.020121 -3.145822 -0.408267
88.430000 -1.035773 -3.130521 -0.408244
88.435000 -1.051348 -3.114984 -0.408222
88.440000 -1.066844 -3.099214 -0.408200
88.445000 -1.082260 -3.083211 -0.408179
88.450000 -1.097595 -3.066977 -0.408159
88.455000 -1.112848 -3.050513 -0.408140
88.460000 -1.128017 -3.033821 -0.408121
88.465000 -1.143101 -3.016900 -0.408103
88.470000 -1.158100 -2.999754 -0.408086
88.475000 -1.173012 -2.982382 -0.408069
88.480000 -1.187836 -2.964787 -0.408053
88.485000 -1.202571 -2.946970 -0.408038
88.490000 -1.217215 -2.928931 -0.408024
88.495000 -1.231769 -2.910673 -0.408010
88.500000 -1.246230 -2.892196 -0.407997
88.505000 -1.260597 -2.873503 -0.407985
88.510000 -1.274870 -2.854594 -0.407973
88.515000 -1.289048 -2.835471 -0.407962
88.520000 -1.303128 -2.816135 -0.407952
88.525000 -1.317111 -2.796588 -0.407943
88.530000 -1.330995 -2.776831 -0.407935
88.535000 -1.344780 -2.756867 -0.407927
88.540000 -1.358463 -2.736695 -0.407920
88.545000 -1.372045 -2.716318 -0.407913
88.550000 -1.385523 -2.695737 -0.407908
88.555000 -1.398898 -2.674954 -0.407903
88.560000 -1.412168 -2.653971 -0.407899
88.565000 -1.425332 -2.632788 -0.407896
88.570000 -1.438389 -2.611408 -0.407893
88.575000 -1.451338 -2.589833 -0.407892
88.580000 -1.464179 -2.568063 -0.407891
88.585000 -1.476909 -2.546100 -0.407891
88.590000 -1.489529 -2.523946 -0.407891
88.595000 -1.502037 -2.501603 -0.407893
88.600000 -1.514432 -2.479073 -0.407895
88.605000 -1.526714 -2.456356 -0.407898
88.610000 -1.538881 -2.433456 -0.407901
88.615000 -1.550933 -2.410372 -0.407906
88.620000 -1.562869 -2.387108 -0.407911
88.625000 -1.574687 -2.363665 -0.407917
88.630000 -1.586387 -2.340045 -0.407923
88.635000 -1.597968 -2.316249 -0.407931
88.640000 -1.609430 -2.292280 -0.407939
88.645000 -1.620771 -2.268138 -0.407948
88.650000 -1.631990 -2.243827 -0.407958
88.655000 -1.643086 -2.219347 -0.407968
88.660000 -1.654060 -2.194700 -0.407979
88.665000 -1.664909 -2.169890 -0.407991
88.670000 -1.675634 -2.144916 -0.408004
88.675000 -1.686233 -2.119781 -0.408017
88.680000 -1.696705 -2.094488 -0.408032
88.685000 -1.707050 -2.069037 -0.408046
88.690000 -1.717268 -2.043432 -0.408062
88.695000 -1.727356 -2.017673 -0.408078
88.700000 -1.737315 -1.991762 -0.408095
88.705000 -1.747143 -1.965703 -0.408113
88.710000 -1.756841 -1.939495 -0.408131
88.715000 -1.766406 -1.913143 -0.408150
88.720000 -1.775840 -1.886647 -0.408170
88.725000 -1.785140 -1.860009 -0.408191
88.730000 -1.794306 -1.833232 -0.408212
88.735000 -1.803338 -1.806317 -0.408234
88.740000 -1.812234 -1.779267 -0.408256
88.745000 -1.820994 -1.752084 -0.408279
88.750000 -1.829618 -1.724769 -0.408303
88.755000 -1.838105 -1.697325 -0.408327
88.760000 -1.846453 -1.669753 -0.408352
88.765000 -1.854664 -1.642056 -0.408378
88.770000 -1.862735 -1.614236 -0.408404
88.775000 -1.870666 -1.586295 -0.408431
88.780000 -1.878458 -1.558235 -0.408459
88.785000 -1.886108 -1.530058 -0.408487
88.790000 -1.893617 -1.501767 -0.408516
88.795000 -1.900984 -1.473363 -0.408545
88.800000 -1.908208 -1.444848 -0.408575
88.805000 -1.915289 -1.416225 -0.408605
88.810000 -1.922226 -1.387495 -0.408636
88.815000 -1.929020 -1.358662 -0.408668
88.820000 -1.935668 -1.329727 -0.408700
88.825000 -1.942172 -1.300692 -0.408732
88.830000 -1.948530 -1.271559 -0.408765
88.835000 -1.954741 -1.242331 -0.408799
88.840000 -1.960806 -1.213010 -0.408833
88.845000 -1.966724 -1.183598 -0.408867
88.850000 -1.972495 -1.154097 -0.408902
88.855000 -1.978117 -1.124510 -0.408938
88.860000 -1.983592 -1.094838 -0.408974
88.865000 -1.988917 -1.065084 -0.409010
88.870000 -1.994093 -1.035250 -0.409047
88.875000 -1.999120 -1.005339 -0.409084
88.880000 -2.003997 -0.975352 -0.409122
88.885000 -2.008723 -0.945292 -0.409160
88.890000 -2.013299 -0.915161 -0.409198
88.895000 -2.017724 -0.884962 -0.409237
88.900000 -2.021997 -0.854696 -0.409276
88.905000 -2.026119 -0.824366 -0.409316
88.910000 -2.030089 -0.793974 -0.409356
88.915000 -2.033906 -0.763523 -0.409396
88.920000 -2.037572 -0.733014 -0.409436
88.925000 -2.041084 -0.702451 -0.409477
88.930000 -2.044443 -0.671834 -0.409518
88.935000 -2.047649 -0.641168 -0.409559
88.940000 -2.050701 -0.610453 -0.409601
88.945000 -2.053600 -0.579693 -0.409643
88.950000 -2.056344 -0.548889 -0.409685
88.955000 -2.058934 -0.518043 -0.409727
88.960000 -2.061370 -0.487159 -0.409770
88.965000 -2.063651 -0.456239 -0.409813
88.970000 -2.065778 -0.425284 -0.409856
88.975000 -2.067749 -0.394297 -0.409899
88.980000 -2.069566 -0.363281 -0.409942
88.985000 -2.071227 -0.332238 -0.409985
88.990000 -2.072733 -0.301169 -0.410029
88.995000 -2.074083 -0.270078 -0.410073
89.000000 -2.075278 -0.238967 -0.410116
89.005000 -2.076317 -0.207838 -0.410160
89.010000 -2.077200 -0.176693 -0.410204
89.015000 -2.077928 -0.145535 -0.410248
89.020000 -2.078500 -0.114366 -0.410292
89.025000 -2.078916 -0.083189 -0.410337
89.030000 -2.079176 -0.052005 -0.410381
89.035000 -2.079280 -0.020817 -0.410425
89.040000 -2.079228 0.010372 -0.410469
89.045000 -2.079020 0.041560 -0.410513
89.050000 -2.078657 0.072746 -0.410558
89.055000 -2.078137 0.103925 -0.410602
89.060000 -2.077461 0.135098 -0.410646
89.065000 -2.076630 0.166259 -0.410690
89.070000 -2.075643 0.197409 -0.410734
89.075000 -2.074500 0.228544 -0.410778
89.080000 -2.073202 0.259661 -0.410822
89.085000 -2.071748 0.290759 -0.410865
89.090000 -2.070139 0.321835 -0.410909
89.095000 -2.068375 0.352887 -0.410952
89.100000 -2.066455 0.383913 -0.410995
89.105000 -2.064381 0.414910 -0.411039
89.110000 -2.062151 0.445876 -0.411081
89.115000 -2.059767 0.476808 -0.411124
89.120000 -2.057229 0.507704 -0.411167
89.125000 -2.054536 0.538563 -0.411209
89.130000 -2.051689 0.569381 -0.411251
89.135000 -2.048688 0.600156 -0.411293
89.140000 -2.045534 0.630886 -0.411334
89.145000 -2.042226 0.661569 -0.411376
89.150000 -2.038765 0.692203 -0.411417
89.155000 -2.035151 0.722784 -0.411457
89.160000 -2.031384 0.753312 -0.411498
89.165000 -2.027465 0.783782 -0.411538
89.170000 -2.023395 0.814194 -0.411578
89.175000 -2.019172 0.844545 -0.411617
89.180000 -2.014798 0.874833 -0.411656
89.185000 -2.010272 0.905055 -0.411695
89.190000 -2.005596 0.935209 -0.411733
89.195000 -2.000770 0.965293 -0.411771
89.200000 -1.995793 0.995304 -0.411809
89.205000 -1.990667 1.025241 -0.411846
89.210000 -1.985392 1.055101 -0.411883
89.215000 -1.979967 1.084882 -0.411919
89.220000 -1.974394 1.114582 -0.411955
89.225000 -1.968673 1.144198 -0.411990
89.230000 -1.962805 1.173728 -0.412025
89.235000 -1.956789 1.203170 -0.412060
89.240000 -1.950626 1.232522 -0.412094
89.245000 -1.944317 1.261781 -0.412127
89.250000 -1.937863 1.290946 -0.412160
89.255000 -1.931262 1.320014 -0.412193
89.260000 -1.924518 1.348983 -0.412225
89.265000 -1.917628 1.377850 -0.412256
89.270000 -1.910595 1.406615 -0.412287
89.275000 -1.903419 1.435274 -0.412317
89.280000 -1.896100 1.463825 -0.412347
89.285000 -1.888638 1.492267 -0.412376
89.290000 -1.881035 1.520596 -0.412405
89.295000 -1.873291 1.548812 -0.412433
89.300000 -1.865407 1.576911 -0.412460
89.305000 -1.857382 1.604892 -0.412487
89.310000 -1.849219 1.632753 -0.412513
89.315000 -1.840916 1.660491 -0.412539
89.320000 -1.832476 1.688105 -0.412564
89.325000 -1.823898 1.715592 -0.412588
89.330000 -1.815183 1.742950 -0.412612
89.335000 -1.806332 1.770178 -0.412635
89.340000 -1.797346 1.797273 -0.412657
89.345000 -1.788224 1.824233 -0.412679
89.350000 -1.778969 1.851057 -0.412700
89.355000 -1.769581 1.877741 -0.412720
89.360000 -1.760059 1.904285 -0.412740
89.365000 -1.750406 1.930686 -0.412759
89.370000 -1.740621 1.956942 -0.412777
89.375000 -1.730706 1.983051 -0.412795
89.380000 -1.720661 2.009012 -0.412811
89.385000 -1.710487 2.034822 -0.412828
89.390000 -1.700184 2.060479 -0.412843
89.395000 -1.689754 2.085982 -0.412858
89.400000 -1.679198 2.111328 -0.412872
89.405000 -1.668515 2.136516 -0.412885
89.410000 -1.657707 2.161544 -0.412898
89.415000 -1.646775 2.186409 -0.412909
89.420000 -1.635720 2.211111 -0.412921
89.425000 -1.624541 2.235647 -0.412931
89.430000 -1.613241 2.260015 -0.412940
89.435000 -1.601820 2.284214 -0.412949
89.440000 -1.590279 2.308241 -0.412957
89.445000 -1.578619 2.332095 -0.412965
89.450000 -1.566840 2.355774 -0.412971
89.455000 -1.554943 2.379277 -0.412977
89.460000 -1.542930 2.402601 -0.412982
89.465000 -1.530802 2.425745 -0.412986
89.470000 -1.518558 2.448707 -0.412990
89.475000 -1.506201 2.471485 -0.412993
89.480000 -1.493730 2.494078 -0.412995
89.485000 -1.481148 2.516484 -0.412996
89.490000 -1.468454 2.538702 -0.412996
89.495000 -1.455651 2.560728 -0.412996
89.500000 -1.442738 2.582563 -0.412995
89.505000 -1.429717 2.604204 -0.412993
89.510000 -1.416589 2.625650 -0.412991
89.515000 -1.403354 2.646899 -0.412987
89.520000 -1.390014 2.667949 -0.412983
89.525000 -1.376570 2.688799 -0.412978
89.530000 -1.363023 2.709448 -0.412973
89.535000 -1.349374 2.729893 -0.412966
89.540000 -1.335623 2.750134 -0.412959
89.545000 -1.321772 2.770168 -0.412951
89.550000 -1.307822 2.789995 -0.412942
89.555000 -1.293774 2.809612 -0.412933
89.560000 -1.279629 2.829019 -0.412923
89.565000 -1.265388 2.848213 -0.412912
89.570000 -1.251052 2.867194 -0.412900
89.575000 -1.236622 2.885960 -0.412888
89.580000 -1.222100 2.904509 -0.412875
89.585000 -1.207485 2.922841 -0.412861
89.590000 -1.192781 2.940953 -0.412846
89.595000 -1.177986 2.958845 -0.412831
89.600000 -1.163104 2.976514 -0.412815
89.605000 -1.148134 2.993961 -0.412798
89.610000 -1.133078 3.011183 -0.412781
89.615000 -1.117937 3.028179 -0.412763
89.620000 -1.102713 3.044948 -0.412744
89.625000 -1.087405 3.061489 -0.412724
89.630000 -1.072016 3.077800 -0.412704
89.635000 -1.056547 3.093880 -0.412683
89.640000 -1.040998 3.109728 -0.412662
89.645000 -1.025371 3.125343 -0.412640
89.650000 -1.009668 3.140724 -0.412617
89.655000 -0.993888 3.155869 -0.412593
89.660000 -0.978034 3.170777 -0.412569
89.665000 -0.962107 3.185448 -0.412544
89.670000 -0.946108 3.199879 -0.412519
89.675000 -0.930037 3.214071 -0.412493
89.680000 -0.913897 3.228022 -0.412466
89.685000 -0.897689 3.241730 -0.412439
89.690000 -0.881413 3.255195 -0.412411
89.695000 -0.865071 3.268417 -0.412382
89.700000 -0.848664 3.281393 -0.412353
89.705000 -0.832193 3.294123 -0.412324
89.710000 -0.815660 3.306606 -0.412293
89.715000 -0.799066 3.318840 -0.412263
89.720000 -0.782412 3.330826 -0.412231
89.725000 -0.765699 3.342563 -0.412200
89.730000 -0.748929 3.354048 -0.412167
89.735000 -0.732102 3.365282 -0.412134
89.740000 -0.715221 3.376264 -0.412101
89.745000 -0.698286 3.386992 -0.412067
89.750000 -0.681299 3.397466 -0.412033
89.755000 -0.664260 3.407686 -0.411998
89.760000 -0.647172 3.417650 -0.411963
89.765000 -0.630035 3.427357 -0.411927
89.770000 -0.612851 3.436808 -0.411891
89.775000 -0.595621 3.446000 -0.411854
89.780000 -0.578346 3.454935 -0.411817
89.785000 -0.561028 3.463610 -0.411779
89.790000 -0.543668 3.472025 -0.411742
89.795000 -0.526267 3.480180 -0.411703
89.800000 -0.508827 3.488074 -0.411665
89.805000 -0.491348 3.495707 -0.411626
89.810000 -0.473833 3.503077 -0.411586
89.815000 -0.456282 3.510184 -0.411547
89.820000 -0.438697 3.517029 -0.411507
89.825000 -0.421079 3.523609 -0.411466
89.830000 -0.403429 3.529925 -0.411426
89.835000 -0.385749 3.535977 -0.411385
89.840000 -0.368041 3.541763 -0.411343
89.845000 -0.350304 3.547284 -0.411302
89.850000 -0.332542 3.552538 -0.411260
89.855000 -0.314754 3.557526 -0.411218
89.860000 -0.296943 3.562248 -0.411176
89.865000 -0.279109 3.566702 -0.411133
89.870000 -0.261255 3.570888 -0.411091
89.875000 -0.243381 3.574807 -0.411048
89.880000 -0.225488 3.578458 -0.411005
89.885000 -0.207579 3.581840 -0.410961
89.890000 -0.189654 3.584954 -0.410918
89.895000 -0.171715 3.587799 -0.410875
89.900000 -0.153764 3.590375 -0.410831
89.905000 -0.135800 3.592681 -0.410787
89.910000 -0.117827 3.594718 -0.410743
89.915000 -0.099844 3.596485 -0.410699
89.920000 -0.081854 3.597983 -0.410655
89.925000 -0.063858 3.599211 -0.410611
89.930000 -0.045857 3.600169 -0.410567
89.935000 -0.027853 3.600857 -0.410523
89.940000 -0.009847 3.601274 -0.410479
89.945000 0.008160 3.601422 -0.410435
89.950000 0.026167 3.601300 -0.410390
89.955000 0.044171 3.600907 -0.410346
89.960000 0.062173 3.600245 -0.410302
89.965000 0.080169 3.599312 -0.410258
89.970000 0.098160 3.598109 -0.410214
89.975000 0.116143 3.596637 -0.410170
89.980000 0.134117 3.594895 -0.410126
89.985000 0.152082 3.592883 -0.410082
89.990000 0.170035 3.590602 -0.410038
89.995000 0.187975 3.588051 -0.409995
90.000000 0.205901 3.585232 -0.409951
90.005000 0.223812 3.582143 -0.409908
90.010000 0.241706 3.578786 -0.409865
90.015000 0.259582 3.575161 -0.409822
90.020000 0.277438 3.571267 -0.409779
90.025000 0.295274 3.567105 -0.409736
90.030000 0.313087 3.562676 -0.409694
90.035000 0.330877 3.557980 -0.409652
90.040000 0.348642 3.553017 -0.409610
90.045000 0.366381 3.547787 -0.409568
90.050000 0.384092 3.542291 -0.409527
90.055000 0.401775 3.536530 -0.409486
90.060000 0.419428 3.530503 -0.409445
90.065000 0.437049 3.524212 -0.409404
90.070000 0.454637 3.517656 -0.409364
90.075000 0.472191 3.510837 -0.409324
90.080000 0.489710 3.503754 -0.409285
90.085000 0.507192 3.496408 -0.409245
90.090000 0.524636 3.488800 -0.409207
90.095000 0.542041 3.480931 -0.409168
90.100000 0.559405 3.472800 -0.409130
90.105000 0.576727 3.464409 -0.409092
90.110000 0.594005 3.455758 -0.409055
90.115000 0.611240 3.446848 -0.409018
90.120000 0.628428 3.437679 -0.408982
90.125000 0.645569 3.428253 -0.408946
90.130000 0.662662 3.418569 -0.408910
90.135000 0.679705 3.408630 -0.408875
90.140000 0.696697 3.398434 -0.408840
90.145000 0.713637 3.387983 -0.408806
90.150000 0.730524 3.377279 -0.408772
90.155000 0.747355 3.366321 -0.408739
90.160000 0.764131 3.355111 -0.408707
90.165000 0.780849 3.343649 -0.408674
90.170000 0.797509 3.331936 -0.408643
90.175000 0.814109 3.319973 -0.408612
90.180000 0.830647 3.307762 -0.408581
90.185000 0.847124 3.295302 -0.408551
90.190000 0.863537 3.282595 -0.408522
90.195000 0.879885 3.269642 -0.408493
90.200000 0.896167 3.256444 -0.408465
90.205000 0.912382 3.243001 -0.408437
90.210000 0.928529 3.229316 -0.408410
90.215000 0.944606 3.215388 -0.408384
90.220000 0.960612 3.201219 -0.408358
90.225000 0.976546 3.186809 -0.408333
90.230000 0.992407 3.172161 -0.408308
90.235000 1.008193 3.157275 -0.408284
90.240000 1.023904 3.142152 -0.408261
90.245000 1.039538 3.126794 -0.408238
90.250000 1.055094 3.111201 -0.408216
90.255000 1.070571 3.095374 -0.408195
90.260000 1.085967 3.079316 -0.408175
90.265000 1.101283 3.063026 -0.408155
90.270000 1.116515 3.046507 -0.408135
90.275000 1.131664 3.029759 -0.408117
90.280000 1.146728 3.012784 -0.408099
90.285000 1.161706 2.995583 -0.408082
90.290000 1.176597 2.978158 -0.408065
90.295000 1.191399 2.960509 -0.408050
90.300000 1.206112 2.942638 -0.408035
90.305000 1.220735 2.924546 -0.408020
90.310000 1.235266 2.906235 -0.408007
90.315000 1.249705 2.887706 -0.407994
90.320000 1.264049 2.868960 -0.407982
90.325000 1.278299 2.850000 -0.407971
90.330000 1.292454 2.830825 -0.407960
90.335000 1.306511 2.811438 -0.407950
90.340000 1.320470 2.791841 -0.407941
90.345000 1.334330 2.772034 -0.407933
90.350000 1.348090 2.752019 -0.407925
90.355000 1.361749 2.731797 -0.407918
90.360000 1.375306 2.711371 -0.407912
90.365000 1.388760 2.690742 -0.407907
90.370000 1.402109 2.669910 -0.407902
90.375000 1.415354 2.648879 -0.407898
90.380000 1.428492 2.627648 -0.407895
90.385000 1.441523 2.606221 -0.407893
90.390000 1.454446 2.584598 -0.407891
90.395000 1.467260 2.562781 -0.407891
90.400000 1.479964 2.540772 -0.407891
90.405000 1.492557 2.518573 -0.407892
90.410000 1.505038 2.496185 -0.407893
90.415000 1.517406 2.473609 -0.407895
90.420000 1.529660 2.450848 -0.407898
90.425000 1.541799 2.427903 -0.407902
90.430000 1.553823 2.404776 -0.407907
90.435000 1.565731 2.381469 -0.407912
90.440000 1.577521 2.357983 -0.407918
90.445000 1.589192 2.334320 -0.407925
90.450000 1.600745 2.310482 -0.407933
90.455000 1.612177 2.286471 -0.407941
90.460000 1.623488 2.262288 -0.407950
90.465000 1.634678 2.237936 -0.407960
90.470000 1.645745 2.213416 -0.407971
90.475000 1.656689 2.188730 -0.407982
90.480000 1.667508 2.163879 -0.407994
90.485000 1.678203 2.138867 -0.408007
90.490000 1.688771 2.113694 -0.408021
90.495000 1.699213 2.088362 -0.408035
90.500000 1.709527 2.062874 -0.408050
90.505000 1.719713 2.037231 -0.408066
90.510000 1.729771 2.011435 -0.408082
90.515000 1.739698 1.985489 -0.408099
90.520000 1.749495 1.959393 -0.408117
90.525000 1.759161 1.933151 -0.408136
90.530000 1.768694 1.906763 -0.408155
90.535000 1.778096 1.880233 -0.408175
90.540000 1.787363 1.853562 -0.408196
90.545000 1.796497 1.826751 -0.408217
90.550000 1.805496 1.799804 -0.408239
90.555000 1.814360 1.772721 -0.408262
90.560000 1.823087 1.745506 -0.408285
90.565000 1.831678 1.718159 -0.408309
90.570000 1.840132 1.690684 -0.408333
90.575000 1.848447 1.663082 -0.408359
90.580000 1.856624 1.635356 -0.408384
90.585000 1.864661 1.607506 -0.408411
90.590000 1.872559 1.579536 -0.408438
90.595000 1.880316 1.551448 -0.408466
90.600000 1.887932 1.523243 -0.408494
90.605000 1.895407 1.494924 -0.408523
90.610000 1.902740 1.466493 -0.408552
90.615000 1.909929 1.437952 -0.408582
90.620000 1.916976 1.409303 -0.408613
90.625000 1.923879 1.380548 -0.408644
90.630000 1.930637 1.351690 -0.408675
90.635000 1.937251 1.322731 -0.408707
90.640000 1.943719 1.293672 -0.408740
90.645000 1.950042 1.264516 -0.408773
90.650000 1.956218 1.235266 -0.408807
90.655000 1.962248 1.205922 -0.408841
90.660000 1.968130 1.176489 -0.408876
90.665000 1.973865 1.146967 -0.408911
90.670000 1.979452 1.117359 -0.408947
90.675000 1.984890 1.087667 -0.408983
90.680000 1.990179 1.057894 -0.409019
90.685000 1.995320 1.028041 -0.409056
90.690000 2.000310 0.998111 -0.409093
90.695000 2.005151 0.968106 -0.409131
90.700000 2.009841 0.938029 -0.409169
90.705000 2.014380 0.907881 -0.409208
90.710000 2.018769 0.877666 -0.409246
90.715000 2.023006 0.847384 -0.409286
90.720000 2.027091 0.817039 -0.409325
90.725000 2.031024 0.786633 -0.409365
90.730000 2.034805 0.756167 -0.409405
90.735000 2.038433 0.725645 -0.409446
90.740000 2.041908 0.695069 -0.409487
90.745000 2.045230 0.664440 -0.409528
90.750000 2.048399 0.633762 -0.409569
90.755000 2.051414 0.603036 -0.409611
90.760000 2.054276 0.572265 -0.409653
90.765000 2.056983 0.541450 -0.409695
90.770000 2.059536 0.510596 -0.409738
90.775000 2.061935 0.479703 -0.409780
90.780000 2.064178 0.448774 -0.409823
90.785000 2.066267 0.417811 -0.409866
90.790000 2.068202 0.386817 -0.409909
90.795000 2.069981 0.355794 -0.409952
90.800000 2.071604 0.324744 -0.409996
90.805000 2.073073 0.293670 -0.410039
90.810000 2.074385 0.262574 -0.410083
90.815000 2.075543 0.231458 -0.410127
90.820000 2.076544 0.200325 -0.410171
90.825000 2.077390 0.169177 -0.410215
90.830000 2.078080 0.138016 -0.410259
90.835000 2.078615 0.106845 -0.410303
90.840000 2.078993 0.075666 -0.410347
90.845000 2.079215 0.044481 -0.410391
90.850000 2.079282 0.013293 -0.410436
90.855000 2.079192 -0.017897 -0.410480
90.860000 2.078947 -0.049085 -0.410524
90.865000 2.078546 -0.080269 -0.410568
90.870000 2.077988 -0.111447 -0.410612
90.875000 2.077275 -0.142617 -0.410657
90.880000 2.076406 -0.173776 -0.410701
90.885000 2.075382 -0.204922 -0.410745
90.890000 2.074201 -0.236053 -0.410788
90.895000 2.072866 -0.267166 -0.410832
90.900000 2.071374 -0.298259 -0.410876
90.905000 2.069728 -0.329329 -0.410919
90.910000 2.067926 -0.360375 -0.410963
90.915000 2.065969 -0.391394 -0.411006
90.920000 2.063857 -0.422384 -0.411049
90.925000 2.061590 -0.453341 -0.411092
90.930000 2.059169 -0.484265 -0.411134
90.935000 2.056593 -0.515153 -0.411177
90.940000 2.053863 -0.546002 -0.411219
90.945000 2.050979 -0.576810 -0.411261
90.950000 2.047941 -0.607574 -0.411303
90.955000 2.044750 -0.638294 -0.411344
90.960000 2.041405 -0.668965 -0.411386
90.965000 2.037907 -0.699586 -0.411427
90.970000 2.034256 -0.730154 -0.411467
90.975000 2.030453 -0.760668 -0.411508
90.980000 2.026497 -0.791125 -0.411548
90.985000 2.022390 -0.821523 -0.411587
90.990000 2.018130 -0.851858 -0.411627
90.995000 2.013720 -0.882130 -0.411666
91.000000 2.009158 -0.912336 -0.411704
91.005000 2.004446 -0.942473 -0.411743
91.010000 1.999583 -0.972540 -0.411780
91.015000 1.994570 -1.002534 -0.411818
91.020000 1.989408 -1.032452 -0.411855
91.025000 1.984097 -1.062294 -0.411892
91.030000 1.978636 -1.092055 -0.411928
91.035000 1.973028 -1.121735 -0.411964
91.040000 1.967271 -1.151330 -0.411999
91.045000 1.961367 -1.180839 -0.412034
91.050000 1.955315 -1.210260 -0.412068
91.055000 1.949117 -1.239589 -0.412102
91.060000 1.942773 -1.268826 -0.412135
91.065000 1.936284 -1.297968 -0.412168
91.070000 1.929648 -1.327012 -0.412200
91.075000 1.922869 -1.355957 -0.412232
91.080000 1.915945 -1.384800 -0.412264
91.085000 1.908877 -1.413539 -0.412294
91.090000 1.901666 -1.442172 -0.412324
91.095000 1.894313 -1.470697 -0.412354
91.100000 1.886817 -1.499112 -0.412383
91.105000 1.879180 -1.527414 -0.412412
91.110000 1.871402 -1.555602 -0.412439
91.115000 1.863484 -1.583673 -0.412467
91.120000 1.855426 -1.611625 -0.412493
91.125000 1.847228 -1.639456 -0.412519
91.130000 1.838892 -1.667165 -0.412545
91.135000 1.830419 -1.694748 -0.412570
91.140000 1.821808 -1.722204 -0.412594
91.145000 1.813060 -1.749531 -0.412617
91.150000 1.804176 -1.776727 -0.412640
91.155000 1.795157 -1.803790 -0.412662
91.160000 1.786004 -1.830717 -0.412684
91.165000 1.776716 -1.857507 -0.412705
91.170000 1.767295 -1.884158 -0.412725
91.175000 1.757742 -1.910668 -0.412744
91.180000 1.748057 -1.937034 -0.412763
91.185000 1.738241 -1.963255 -0.412781
91.190000 1.728294 -1.989328 -0.412799
91.195000 1.718218 -2.015253 -0.412815
91.200000 1.708013 -2.041026 -0.412831
91.205000 1.697679 -2.066646 -0.412847
91.210000 1.687219 -2.092111 -0.412861
91.215000 1.676632 -2.117420 -0.412875
91.220000 1.665919 -2.142569 -0.412888
91.225000 1.655081 -2.167558 -0.412901
91.230000 1.644119 -2.192384 -0.412912
91.235000 1.633034 -2.217046 -0.412923
91.240000 1.621826 -2.241541 -0.412933
91.245000 1.610497 -2.265869 -0.412943
91.250000 1.599047 -2.290026 -0.412951
91.255000 1.587477 -2.314012 -0.412959
91.260000 1.575788 -2.337824 -0.412966
91.265000 1.563980 -2.361461 -0.412973
91.270000 1.552056 -2.384921 -0.412978
91.275000 1.540015 -2.408201 -0.412983
91.280000 1.527858 -2.431302 -0.412987
91.285000 1.515587 -2.454219 -0.412991
91.290000 1.503202 -2.476953 -0.412993
91.295000 1.490705 -2.499501 -0.412995
91.300000 1.478096 -2.521862 -0.412996
91.305000 1.465375 -2.544033 -0.412996
91.310000 1.452545 -2.566014 -0.412996
91.315000 1.439606 -2.587802 -0.412995
91.320000 1.426559 -2.609396 -0.412993
91.325000 1.413405 -2.630795 -0.412990
91.330000 1.400145 -2.651996 -0.412986
91.335000 1.386780 -2.672998 -0.412982
91.340000 1.373311 -2.693800 -0.412977
91.345000 1.359739 -2.714399 -0.412971
91.350000 1.346065 -2.734795 -0.412964
91.355000 1.332290 -2.754986 -0.412957
91.360000 1.318416 -2.774971 -0.412949
91.365000 1.304442 -2.794747 -0.412940
91.370000 1.290370 -2.814314 -0.412931
91.375000 1.276202 -2.833669 -0.412920
91.380000 1.261938 -2.852812 -0.412909
91.385000 1.247579 -2.871741 -0.412897
91.390000 1.233127 -2.890455 -0.412885
91.395000 1.218582 -2.908952 -0.412871
91.400000 1.203946 -2.927231 -0.412857
91.405000 1.189220 -2.945290 -0.412843
91.410000 1.174404 -2.963128 -0.412827
91.415000 1.159500 -2.980744 -0.412811
91.420000 1.144510 -2.998137 -0.412794
91.425000 1.129433 -3.015304 -0.412777
91.430000 1.114272 -3.032246 -0.412758
91.435000 1.099027 -3.048960 -0.412739
91.440000 1.083700 -3.065445 -0.412720
91.445000 1.068291 -3.081701 -0.412699
91.450000 1.052803 -3.097725 -0.412678
91.455000 1.037235 -3.113517 -0.412656
91.460000 1.021590 -3.129076 -0.412634
91.465000 1.005868 -3.144399 -0.412611
91.470000 0.990070 -3.159487 -0.412587
91.475000 0.974199 -3.174339 -0.412563
91.480000 0.958254 -3.188952 -0.412538
91.485000 0.942237 -3.203325 -0.412512
91.490000 0.926150 -3.217459 -0.412486
91.495000 0.909993 -3.231351 -0.412459
91.500000 0.893768 -3.245001 -0.412432
91.505000 0.877476 -3.258408 -0.412404
91.510000 0.861118 -3.271570 -0.412375
91.515000 0.844696 -3.284486 -0.412346
91.520000 0.828210 -3.297157 -0.412316
91.525000 0.811662 -3.309580 -0.412286
91.530000 0.795053 -3.321755 -0.412255
91.535000 0.778385 -3.333681 -0.412224
91.540000 0.761658 -3.345357 -0.412192
91.545000 0.744874 -3.356781 -0.412159
91.550000 0.728034 -3.367955 -0.412126
91.555000 0.711140 -3.378875 -0.412093
91.560000 0.694192 -3.389542 -0.412059
91.565000 0.677193 -3.399955 -0.412024
91.570000 0.660142 -3.410113 -0.411989
91.575000 0.643042 -3.420015 -0.411954
91.580000 0.625894 -3.429661 -0.411918
91.585000 0.608698 -3.439049 -0.411882
91.590000 0.591457 -3.448180 -0.411845
91.595000 0.574172 -3.457051 -0.411808
91.600000 0.556844 -3.465664 -0.411770
91.605000 0.539474 -3.474017 -0.411732
91.610000 0.522063 -3.482109 -0.411694
91.615000 0.504614 -3.489940 -0.411655
91.620000 0.487126 -3.497509 -0.411616
91.625000 0.469602 -3.504816 -0.411577
91.630000 0.452043 -3.511860 -0.411537
91.635000 0.434449 -3.518640 -0.411497
91.640000 0.416824 -3.525157 -0.411456
91.645000 0.399167 -3.531410 -0.411416
91.650000 0.381480 -3.537397 -0.411375
91.655000 0.363764 -3.543119 -0.411333
91.660000 0.346021 -3.548576 -0.411292
91.665000 0.328252 -3.553766 -0.411250
91.670000 0.310459 -3.558690 -0.411208
91.675000 0.292642 -3.563347 -0.411166
91.680000 0.274803 -3.567736 -0.411123
91.685000 0.256944 -3.571858 -0.411080
91.690000 0.239066 -3.575713 -0.411037
91.695000 0.221169 -3.579299 -0.410994
91.700000 0.203256 -3.582616 -0.410951
91.705000 0.185328 -3.585665 -0.410908
91.710000 0.167385 -3.588445 -0.410864
91.715000 0.149431 -3.590956 -0.410820
91.720000 0.131465 -3.593197 -0.410777
91.725000 0.113489 -3.595169 -0.410733
91.730000 0.095505 -3.596871 -0.410689
91.735000 0.077513 -3.598304 -0.410645
91.740000 0.059516 -3.599467 -0.410601
91.745000 0.041514 -3.600359 -0.410556
91.750000 0.023509 -3.600982 -0.410512
91.755000 0.005502 -3.601335 -0.410468
91.760000 -0.012505 -3.601417 -0.410424
91.765000 -0.030511 -3.601230 -0.410380
91.770000 -0.048515 -3.600772 -0.410335
91.775000 -0.066515 -3.600044 -0.410291
91.780000 -0.084510 -3.599047 -0.410247
91.785000 -0.102499 -3.597779 -0.410203
91.790000 -0.120480 -3.596241 -0.410159
91.795000 -0.138453 -3.594434 -0.410115
91.800000 -0.156414 -3.592357 -0.410071
91.805000 -0.174364 -3.590011 -0.410028
91.810000 -0.192301 -3.587396 -0.409984
91.815000 -0.210224 -3.584511 -0.409941
91.820000 -0.228131 -3.581358 -0.409897
91.825000 -0.246020 -3.577936 -0.409854
91.830000 -0.263892 -3.574246 -0.409811
91.835000 -0.281743 -3.570287 -0.409769
91.840000 -0.299573 -3.566061 -0.409726
91.845000 -0.317381 -3.561568 -0.409684
91.850000 -0.335165 -3.556807 -0.409642
91.855000 -0.352924 -3.551779 -0.409600
91.860000 -0.370657 -3.546485 -0.409558
91.865000 -0.388361 -3.540926 -0.409517
91.870000 -0.406037 -3.535100 -0.409476
91.875000 -0.423682 -3.529010 -0.409435
91.880000 -0.441295 -3.522654 -0.409395
91.885000 -0.458875 -3.516035 -0.409354
91.890000 -0.476421 -3.509152 -0.409315
91.895000 -0.493931 -3.502006 -0.409275
91.900000 -0.511404 -3.494597 -0.409236
91.905000 -0.528839 -3.486926 -0.409197
91.910000 -0.546234 -3.478993 -0.409159
91.915000 -0.563588 -3.470799 -0.409121
91.920000 -0.580899 -3.462346 -0.409083
91.925000 -0.598167 -3.453632 -0.409046
91.930000 -0.615391 -3.444660 -0.409009
91.935000 -0.632568 -3.435429 -0.408973
91.940000 -0.649698 -3.425940 -0.408937
91.945000 -0.666779 -3.416195 -0.408901
91.950000 -0.683810 -3.406193 -0.408866
91.955000 -0.700789 -3.395936 -0.408832
91.960000 -0.717716 -3.385424 -0.408798
91.965000 -0.734590 -3.374658 -0.408764
91.970000 -0.751408 -3.363640 -0.408731
91.975000 -0.768170 -3.352368 -0.408699
91.980000 -0.784874 -3.340846 -0.408667
91.985000 -0.801519 -3.329073 -0.408635
91.990000 -0.818104 -3.317050 -0.408604
91.995000 -0.834628 -3.304778 -0.408574
92.000000 -0.851090 -3.292259 -0.408544
92.005000 -0.867487 -3.279493 -0.408515
92.010000 -0.883820 -3.266480 -0.408486
92.015000 -0.900086 -3.253223 -0.408458
92.020000 -0.916284 -3.239722 -0.408431
92.025000 -0.932414 -3.225977 -0.408404
92.030000 -0.948474 -3.211991 -0.408377
92.035000 -0.964463 -3.197764 -0.408352
92.040000 -0.980379 -3.183297 -0.408327
92.045000 -0.996222 -3.168592 -0.408302
92.050000 -1.011991 -3.153648 -0.408279
92.055000 -1.027683 -3.138468 -0.408255
92.060000 -1.043298 -3.123053 -0.408233
92.065000 -1.058835 -3.107404 -0.408211
92.070000 -1.074293 -3.091521 -0.408190
92.075000 -1.089670 -3.075407 -0.408170
92.080000 -1.104965 -3.059062 -0.408150
92.085000 -1.120178 -3.042487 -0.408131
92.090000 -1.135306 -3.025685 -0.408112
92.095000 -1.150349 -3.008655 -0.408095
92.100000 -1.165306 -2.991400 -0.408078
92.105000 -1.180176 -2.973920 -0.408062
92.110000 -1.194957 -2.956217 -0.408046
92.115000 -1.209648 -2.938293 -0.408031
92.120000 -1.224249 -2.920148 -0.408017
92.125000 -1.238758 -2.901785 -0.408004
92.130000 -1.253174 -2.883203 -0.407991
92.135000 -1.267496 -2.864406 -0.407979
92.140000 -1.281723 -2.845393 -0.407968
92.145000 -1.295854 -2.826167 -0.407958
92.150000 -1.309888 -2.806730 -0.407948
92.155000 -1.323823 -2.787081 -0.407939
92.160000 -1.337659 -2.767224 -0.407931
92.165000 -1.351395 -2.747159 -0.407923
92.170000 -1.365029 -2.726888 -0.407917
92.175000 -1.378561 -2.706413 -0.407911
92.180000 -1.391990 -2.685734 -0.407906
92.185000 -1.405314 -2.664854 -0.407901
92.190000 -1.418533 -2.643775 -0.407898
92.195000 -1.431646 -2.622497 -0.407895
92.200000 -1.444651 -2.601022 -0.407893
92.205000 -1.457548 -2.579352 -0.407891
92.210000 -1.470335 -2.557489 -0.407891
92.215000 -1.483012 -2.535434 -0.407891
92.220000 -1.495578 -2.513189 -0.407892
92.225000 -1.508032 -2.490755 -0.407894
92.230000 -1.520373 -2.468135 -0.407896
92.235000 -1.532599 -2.445329 -0.407899
92.240000 -1.544711 -2.422340 -0.407903
92.245000 -1.556707 -2.399169 -0.407908
92.250000 -1.568586 -2.375819 -0.407914
92.255000 -1.580347 -2.352290 -0.407920
92.260000 -1.591990 -2.328585 -0.407927
92.265000 -1.603514 -2.304705 -0.407935
92.270000 -1.614917 -2.280652 -0.407943
92.275000 -1.626199 -2.256428 -0.407953
92.280000 -1.637359 -2.232035 -0.407963
92.285000 -1.648397 -2.207475 -0.407974
92.290000 -1.659311 -2.182749 -0.407985
92.295000 -1.670100 -2.157859 -0.407997
92.300000 -1.680764 -2.132808 -0.408010
92.305000 -1.691302 -2.107597 -0.408024
92.310000 -1.701713 -2.082227 -0.408039
92.315000 -1.711996 -2.056701 -0.408054
92.320000 -1.722152 -2.031021 -0.408070
92.325000 -1.732178 -2.005189 -0.408086
92.330000 -1.742074 -1.979206 -0.408104
92.335000 -1.751839 -1.953075 -0.408122
92.340000 -1.761473 -1.926798 -0.408140
92.345000 -1.770975 -1.900376 -0.408160
92.350000 -1.780344 -1.873811 -0.408180
92.355000 -1.789579 -1.847106 -0.408201
92.360000 -1.798681 -1.820262 -0.408222
92.365000 -1.807647 -1.793282 -0.408244
92.370000 -1.816478 -1.766167 -0.408267
92.375000 -1.825173 -1.738920 -0.408291
92.380000 -1.833730 -1.711542 -0.408315
92.385000 -1.842150 -1.684037 -0.408339
92.390000 -1.850432 -1.656404 -0.408365
92.395000 -1.858576 -1.628648 -0.408391
92.400000 -1.866580 -1.600769 -0.408417
92.405000 -1.874443 -1.572770 -0.408444
92.410000 -1.882167 -1.544654 -0.408472
92.415000 -1.889749 -1.516421 -0.408501
92.420000 -1.897189 -1.488075 -0.408530
92.425000 -1.904487 -1.459617 -0.408559
92.430000 -1.911642 -1.431050 -0.408589
92.435000 -1.918654 -1.402375 -0.408620
92.440000 -1.925522 -1.373595 -0.408651
92.445000 -1.932246 -1.344713 -0.408683
92.450000 -1.938825 -1.315729 -0.408715
92.455000 -1.945258 -1.286647 -0.408748
92.460000 -1.951545 -1.257468 -0.408781
92.465000 -1.957686 -1.228195 -0.408815
92.470000 -1.963680 -1.198829 -0.408849
92.475000 -1.969527 -1.169374 -0.408884
92.480000 -1.975226 -1.139831 -0.408919
92.485000 -1.980777 -1.110203 -0.408955
92.490000 -1.986180 -1.080491 -0.408991
92.495000 -1.991433 -1.050698 -0.409028
92.500000 -1.996537 -1.020827 -0.409065
92.505000 -2.001492 -0.990879 -0.409102
92.510000 -2.006296 -0.960856 -0.409140
92.515000 -2.010950 -0.930762 -0.409178
92.520000 -2.015453 -0.900598 -0.409217
92.525000 -2.019805 -0.870366 -0.409256
92.530000 -2.024005 -0.840069 -0.409295
92.535000 -2.028054 -0.809709 -0.409335
92.540000 -2.031950 -0.779288 -0.409375
92.545000 -2.035694 -0.748809 -0.409415
92.550000 -2.039285 -0.718273 -0.409456
92.555000 -2.042724 -0.687684 -0.409497
92.560000 -2.046009 -0.657043 -0.409538
92.565000 -2.049141 -0.626353 -0.409579
92.570000 -2.052119 -0.595616 -0.409621
92.575000 -2.054943 -0.564834 -0.409663
92.580000 -2.057613 -0.534010 -0.409705
92.585000 -2.060129 -0.503146 -0.409748
92.590000 -2.062490 -0.472244 -0.409790
92.595000 -2.064697 -0.441307 -0.409833
92.600000 -2.066748 -0.410336 -0.409876
92.605000 -2.068645 -0.379335 -0.409920
92.610000 -2.070386 -0.348305 -0.409963
92.615000 -2.071973 -0.317249 -0.410006
92.620000 -2.073404 -0.286170 -0.410050
92.625000 -2.074679 -0.255069 -0.410094
92.630000 -2.075799 -0.223949 -0.410138
92.635000 -2.076763 -0.192812 -0.410182
92.640000 -2.077571 -0.161660 -0.410226
92.645000 -2.078223 -0.130497 -0.410270
92.650000 -2.078720 -0.099323 -0.410314
92.655000 -2.079061 -0.068142 -0.410358
92.660000 -2.079246 -0.036957 -0.410402
92.665000 -2.079274 -0.005768 -0.410446
92.670000 -2.079147 0.025421 -0.410491
92.675000 -2.078864 0.056608 -0.410535
92.680000 -2.078425 0.087791 -0.410579
92.685000 -2.077830 0.118968 -0.410623
92.690000 -2.077080 0.150135 -0.410667
92.695000 -2.076173 0.181291 -0.410711
92.700000 -2.075111 0.212434 -0.410755
92.705000 -2.073893 0.243561 -0.410799
92.710000 -2.072520 0.274669 -0.410843
92.715000 -2.070991 0.305757 -0.410886
92.720000 -2.069307 0.336822 -0.410930
92.725000 -2.067468 0.367861 -0.410973
92.730000 -2.065473 0.398873 -0.411016
92.735000 -2.063324 0.429856 -0.411059
92.740000 -2.061020 0.460805 -0.411102
92.745000 -2.058562 0.491721 -0.411145
92.750000 -2.055949 0.522599 -0.411187
92.755000 -2.053181 0.553438 -0.411229
92.760000 -2.050260 0.584236 -0.411271
92.765000 -2.047185 0.614990 -0.411313
92.770000 -2.043957 0.645698 -0.411354
92.775000 -2.040575 0.676357 -0.411396
92.780000 -2.037040 0.706966 -0.411436
92.785000 -2.033353 0.737521 -0.411477
92.790000 -2.029512 0.768022 -0.411517
92.795000 -2.025520 0.798464 -0.411557
92.800000 -2.021376 0.828847 -0.411597
92.805000 -2.017080 0.859168 -0.411636
92.810000 -2.012633 0.889424 -0.411675
92.815000 -2.008035 0.919613 -0.411714
92.820000 -2.003286 0.949734 -0.411752
92.825000 -1.998387 0.979783 -0.411790
92.830000 -1.993338 1.009759 -0.411827
92.835000 -1.988140 1.039659 -0.411864
92.840000 -1.982793 1.069481 -0.411900
92.845000 -1.977297 1.099223 -0.411936
92.850000 -1.971652 1.128883 -0.411972
92.855000 -1.965860 1.158457 -0.412007
92.860000 -1.959920 1.187945 -0.412042
92.865000 -1.953834 1.217344 -0.412076
92.870000 -1.947600 1.246652 -0.412110
92.875000 -1.941221 1.275866 -0.412143
92.880000 -1.934696 1.304984 -0.412176
92.885000 -1.928026 1.334004 -0.412208
92.890000 -1.921211 1.362925 -0.412240
92.895000 -1.914253 1.391743 -0.412271
92.900000 -1.907150 1.420457 -0.412302
92.905000 -1.899905 1.449064 -0.412332
92.910000 -1.892517 1.477563 -0.412361
92.915000 -1.884987 1.505950 -0.412390
92.920000 -1.877316 1.534225 -0.412418
92.925000 -1.869504 1.562385 -0.412446
92.930000 -1.861552 1.590427 -0.412473
92.935000 -1.853461 1.618351 -0.412500
92.940000 -1.845230 1.646153 -0.412526
92.945000 -1.836861 1.673831 -0.412551
92.950000 -1.828354 1.701384 -0.412575
92.955000 -1.819710 1.728809 -0.412599
92.960000 -1.810929 1.756105 -0.412623
92.965000 -1.802013 1.783269 -0.412646
92.970000 -1.792961 1.810299 -0.412668
92.975000 -1.783775 1.837193 -0.412689
92.980000 -1.774456 1.863950 -0.412710
92.985000 -1.765003 1.890567 -0.412730
92.990000 -1.755418 1.917042 -0.412749
92.995000 -1.745701 1.943373 -0.412768
93.000000 -1.735853 1.969559 -0.412786
93.005000 -1.725875 1.995597 -0.412803
93.010000 -1.715767 2.021485 -0.412819
93.015000 -1.705531 2.047221 -0.412835
93.020000 -1.695167 2.072804 -0.412850
93.025000 -1.684676 2.098232 -0.412865
93.030000 -1.674059 2.123502 -0.412878
93.035000 -1.663316 2.148613 -0.412891
93.040000 -1.652448 2.173562 -0.412903
93.045000 -1.641456 2.198349 -0.412915
93.050000 -1.630341 2.222971 -0.412926
93.055000 -1.619104 2.247426 -0.412936
93.060000 -1.607745 2.271713 -0.412945
93.065000 -1.596266 2.295829 -0.412953
93.070000 -1.584667 2.319773 -0.412961
93.075000 -1.572950 2.343543 -0.412968
93.080000 -1.561114 2.367137 -0.412974
93.085000 -1.549161 2.390554 -0.412980
93.090000 -1.537092 2.413791 -0.412984
93.095000 -1.524908 2.436848 -0.412988
93.100000 -1.512610 2.459721 -0.412991
93.105000 -1.500197 2.482410 -0.412994
93.110000 -1.487673 2.504913 -0.412995
93.115000 -1.475037 2.527228 -0.412996
93.120000 -1.462290 2.549354 -0.412996
93.125000 -1.449434 2.571288 -0.412996
93.130000 -1.436468 2.593030 -0.412994
93.135000 -1.423396 2.614577 -0.412992
93.140000 -1.410216 2.635928 -0.412989
93.145000 -1.396930 2.657081 -0.412985
93.150000 -1.383540 2.678035 -0.412981
93.155000 -1.370046 2.698788 -0.412976
93.160000 -1.356450 2.719339 -0.412970
93.165000 -1.342751 2.739685 -0.412963
93.170000 -1.328952 2.759827 -0.412955
93.175000 -1.315053 2.779761 -0.412947
93.180000 -1.301056 2.799487 -0.412938
93.185000 -1.286961 2.819003 -0.412928
93.190000 -1.272769 2.838307 -0.412918
93.195000 -1.258482 2.857399 -0.412906
93.200000 -1.244101 2.876276 -0.412894
93.205000 -1.229626 2.894937 -0.412882
93.210000 -1.215059 2.913382 -0.412868
93.215000 -1.200401 2.931608 -0.412854
93.220000 -1.185653 2.949614 -0.412839
93.225000 -1.170816 2.967398 -0.412823
93.230000 -1.155891 2.984961 -0.412807
93.235000 -1.140880 3.002299 -0.412790
93.240000 -1.125783 3.019412 -0.412772
93.245000 -1.110601 3.036299 -0.412754
93.250000 -1.095337 3.052958 -0.412735
93.255000 -1.079990 3.069388 -0.412715
93.260000 -1.064562 3.085588 -0.412694
93.265000 -1.049054 3.101556 -0.412673
93.270000 -1.033467 3.117292 -0.412651
93.275000 -1.017804 3.132794 -0.412629
93.280000 -1.002063 3.148061 -0.412605
93.285000 -0.986248 3.163092 -0.412582
93.290000 -0.970358 3.177886 -0.412557
93.295000 -0.954396 3.192441 -0.412532
93.300000 -0.938362 3.206757 -0.412506
93.305000 -0.922258 3.220833 -0.412480
93.310000 -0.906085 3.234667 -0.412453
93.315000 -0.889844 3.248258 -0.412425
93.320000 -0.873536 3.261605 -0.412397
93.325000 -0.857162 3.274708 -0.412368
93.330000 -0.840724 3.287566 -0.412339
93.335000 -0.824223 3.300177 -0.412309
93.340000 -0.807661 3.312540 -0.412279
93.345000 -0.791037 3.324655 -0.412248
93.350000 -0.774355 3.336521 -0.412216
93.355000 -0.757614 3.348136 -0.412184
93.360000 -0.740816 3.359500 -0.412151
93.365000 -0.723963 3.370612 -0.412118
93.370000 -0.707056 3.381472 -0.412085
93.375000 -0.690096 3.392078 -0.412051
93.380000 -0.673084 3.402429 -0.412016
93.385000 -0.656021 3.412525 -0.411981
93.390000 -0.638909 3.422366 -0.411945
93.395000 -0.621749 3.431949 -0.411909
93.400000 -0.604543 3.441276 -0.411873
93.405000 -0.587291 3.450344 -0.411836
93.410000 -0.569995 3.459153 -0.411799
93.415000 -0.552657 3.467703 -0.411761
93.420000 -0.535277 3.475993 -0.411723
93.425000 -0.517857 3.484022 -0.411685
93.430000 -0.500398 3.491790 -0.411646
93.435000 -0.482901 3.499296 -0.411607
93.440000 -0.465369 3.506539 -0.411567
93.445000 -0.447801 3.513520 -0.411527
93.450000 -0.430200 3.520237 -0.411487
93.455000 -0.412567 3.526690 -0.411447
93.460000 -0.394902 3.532878 -0.411406
93.465000 -0.377208 3.538802 -0.411365
93.470000 -0.359486 3.544460 -0.411323
93.475000 -0.341737 3.549852 -0.411282
93.480000 -0.323962 3.554978 -0.411240
93.485000 -0.306162 3.559838 -0.411198
93.490000 -0.288340 3.564430 -0.411155
93.495000 -0.270497 3.568755 -0.411113
93.500000 -0.252632 3.572813 -0.411070
93.505000 -0.234749 3.576602 -0.411027
93.510000 -0.216849 3.580124 -0.410984
93.515000 -0.198932 3.583376 -0.410941
93.520000 -0.181000 3.586360 -0.410897
93.525000 -0.163055 3.589075 -0.410854
93.530000 -0.145097 3.591521 -0.410810
93.535000 -0.127129 3.593698 -0.410766
93.540000 -0.109151 3.595604 -0.410722
93.545000 -0.091164 3.597242 -0.410678
93.550000 -0.073171 3.598609 -0.410634
93.555000 -0.055173 3.599707 -0.410590
93.560000 -0.037170 3.600534 -0.410546
93.565000 -0.019165 3.601092 -0.410502
93.570000 -0.001158 3.601379 -0.410457
93.575000 0.016849 3.601397 -0.410413
93.580000 0.034855 3.601144 -0.410369
93.585000 0.052858 3.600621 -0.410325
93.590000 0.070857 3.599828 -0.410281
93.595000 0.088851 3.598765 -0.410237
93.600000 0.106838 3.597433 -0.410192
93.605000 0.124817 3.595830 -0.410149
93.610000 0.142787 3.593958 -0.410105
93.615000 0.160746 3.591816 -0.410061
93.620000 0.178693 3.589405 -0.410017
93.625000 0.196627 3.586724 -0.409974
93.630000 0.214546 3.583775 -0.409930
93.635000 0.232448 3.580557 -0.409887
93.640000 0.250334 3.577070 -0.409844
93.645000 0.268200 3.573315 -0.409801
93.650000 0.286047 3.569292 -0.409758
93.655000 0.303872 3.565001 -0.409716
93.660000 0.321674 3.560443 -0.409674
93.665000 0.339452 3.555618 -0.409632
93.670000 0.357205 3.550526 -0.409590
93.675000 0.374931 3.545168 -0.409548
93.680000 0.392628 3.539544 -0.409507
93.685000 0.410297 3.533655 -0.409466
93.690000 0.427934 3.527501 -0.409425
93.695000 0.445539 3.521082 -0.409385
93.700000 0.463111 3.514398 -0.409345
93.705000 0.480649 3.507452 -0.409305
93.710000 0.498150 3.500242 -0.409266
93.715000 0.515614 3.492770 -0.409227
93.720000 0.533039 3.485036 -0.409188
93.725000 0.550424 3.477040 -0.409150
93.730000 0.567768 3.468784 -0.409112
93.735000 0.585069 3.460267 -0.409074
93.740000 0.602327 3.451491 -0.409037
93.745000 0.619539 3.442456 -0.409000
93.750000 0.636705 3.433163 -0.408964
93.755000 0.653823 3.423613 -0.408928
93.760000 0.670892 3.413805 -0.408893
93.765000 0.687911 3.403742 -0.408858
93.770000 0.704878 3.393423 -0.408824
93.775000 0.721792 3.382850 -0.408790
93.780000 0.738652 3.372023 -0.408756
93.785000 0.755457 3.360943 -0.408723
93.790000 0.772205 3.349611 -0.408691
93.795000 0.788895 3.338028 -0.408659
93.800000 0.805526 3.326195 -0.408628
93.805000 0.822097 3.314112 -0.408597
93.810000 0.838606 3.301781 -0.408567
93.815000 0.855052 3.289202 -0.408537
93.820000 0.871433 3.276376 -0.408508
93.825000 0.887750 3.263304 -0.408479
93.830000 0.904000 3.249988 -0.408451
93.835000 0.920182 3.236428 -0.408424
93.840000 0.936295 3.222625 -0.408397
93.845000 0.952338 3.208581 -0.408371
93.850000 0.968310 3.194296 -0.408346
93.855000 0.984208 3.179771 -0.408321
93.860000 1.000034 3.165008 -0.408297
93.865000 1.015784 3.150008 -0.408273
93.870000 1.031457 3.134771 -0.408250
93.875000 1.047054 3.119299 -0.408228
93.880000 1.062572 3.103593 -0.408206
93.885000 1.078010 3.087655 -0.408185
93.890000 1.093368 3.071484 -0.408165
93.895000 1.108643 3.055084 -0.408145
93.900000 1.123835 3.038454 -0.408126
93.905000 1.138943 3.021597 -0.408108
93.910000 1.153966 3.004513 -0.408091
93.915000 1.168902 2.987203 -0.408074
93.920000 1.183750 2.969670 -0.408058
93.925000 1.198510 2.951913 -0.408042
93.930000 1.213179 2.933936 -0.408028
93.935000 1.227758 2.915738 -0.408014
93.940000 1.242245 2.897322 -0.408001
93.945000 1.256638 2.878688 -0.407988
93.950000 1.270937 2.859838 -0.407976
93.955000 1.285141 2.840774 -0.407965
93.960000 1.299249 2.821497 -0.407955
93.965000 1.313259 2.802008 -0.407946
93.970000 1.327170 2.782310 -0.407937
93.975000 1.340982 2.762402 -0.407929
93.980000 1.354694 2.742287 -0.407922
93.985000 1.368304 2.721967 -0.407915
93.990000 1.381811 2.701442 -0.407909
93.995000 1.395214 2.680715 -0.407904
94.000000 1.408513 2.659787 -0.407900
94.005000 1.421707 2.638659 -0.407897
94.010000 1.434793 2.617334 -0.407894
94.015000 1.447772 2.595812 -0.407892
94.020000 1.460643 2.574095 -0.407891
94.025000 1.473404 2.552185 -0.407891
94.030000 1.486054 2.530084 -0.407891
94.035000 1.498593 2.507794 -0.407892
94.040000 1.511020 2.485315 -0.407894
94.045000 1.523333 2.462649 -0.407897
94.050000 1.535532 2.439799 -0.407900
94.055000 1.547616 2.416766 -0.407904
94.060000 1.559583 2.393552 -0.407909
94.065000 1.571434 2.370158 -0.407915
94.070000 1.583167 2.346587 -0.407922
94.075000 1.594781 2.322839 -0.407929
94.080000 1.606276 2.298918 -0.407937
94.085000 1.617650 2.274824 -0.407946
94.090000 1.628903 2.250559 -0.407955
94.095000 1.640034 2.226125 -0.407965
94.100000 1.651041 2.201525 -0.407976
94.105000 1.661925 2.176759 -0.407988
94.110000 1.672684 2.151830 -0.408000
94.115000 1.683318 2.126740 -0.408014
94.120000 1.693825 2.101490 -0.408028
94.125000 1.704206 2.076083 -0.408042
94.130000 1.714458 2.050520 -0.408058
94.135000 1.724582 2.024803 -0.408074
94.140000 1.734577 1.998934 -0.408090
94.145000 1.744442 1.972916 -0.408108
94.150000 1.754175 1.946749 -0.408126
94.155000 1.763777 1.920436 -0.408145
94.160000 1.773247 1.893980 -0.408165
94.165000 1.782584 1.867381 -0.408185
94.170000 1.791787 1.840642 -0.408206
94.175000 1.800856 1.813765 -0.408228
94.180000 1.809790 1.786752 -0.408250
94.185000 1.818588 1.759606 -0.408273
94.190000 1.827250 1.732327 -0.408296
94.195000 1.835774 1.704918 -0.408321
94.200000 1.844161 1.677381 -0.408345
94.205000 1.852410 1.649719 -0.408371
94.210000 1.860519 1.621933 -0.408397
94.215000 1.868490 1.594025 -0.408424
94.220000 1.876320 1.565998 -0.408451
94.225000 1.884009 1.537853 -0.408479
94.230000 1.891557 1.509593 -0.408508
94.235000 1.898963 1.481219 -0.408537
94.240000 1.906227 1.452735 -0.408566
94.245000 1.913347 1.424142 -0.408597
94.250000 1.920325 1.395441 -0.408627
94.255000 1.927158 1.366637 -0.408659
94.260000 1.933846 1.337729 -0.408691
94.265000 1.940390 1.308721 -0.408723
94.270000 1.946788 1.279616 -0.408756
94.275000 1.953040 1.250414 -0.408789
94.280000 1.959146 1.221118 -0.408823
94.285000 1.965104 1.191731 -0.408858
94.290000 1.970916 1.162254 -0.408893
94.295000 1.976579 1.132691 -0.408928
94.300000 1.982094 1.103042 -0.408964
94.305000 1.987461 1.073311 -0.409000
94.310000 1.992678 1.043499 -0.409037
94.315000 1.997746 1.013609 -0.409074
94.320000 2.002665 0.983642 -0.409111
94.325000 2.007433 0.953602 -0.409149
94.330000 2.012050 0.923491 -0.409188
94.335000 2.016517 0.893310 -0.409226
94.340000 2.020832 0.863062 -0.409265
94.345000 2.024996 0.832750 -0.409305
94.350000 2.029008 0.802375 -0.409345
94.355000 2.032867 0.771940 -0.409385
94.360000 2.036574 0.741447 -0.409425
94.365000 2.040129 0.710898 -0.409466
94.370000 2.043530 0.680296 -0.409507
94.375000 2.046779 0.649643 -0.409548
94.380000 2.049873 0.618942 -0.409589
94.385000 2.052814 0.588194 -0.409631
94.390000 2.055601 0.557401 -0.409673
94.395000 2.058234 0.526567 -0.409716
94.400000 2.060713 0.495694 -0.409758
94.405000 2.063037 0.464783 -0.409801
94.410000 2.065206 0.433838 -0.409844
94.415000 2.067220 0.402859 -0.409887
94.420000 2.069079 0.371851 -0.409930
94.425000 2.070783 0.340815 -0.409973
94.430000 2.072332 0.309753 -0.410017
94.435000 2.073725 0.278668 -0.410061
94.440000 2.074963 0.247562 -0.410104
94.445000 2.076045 0.216438 -0.410148
94.450000 2.076972 0.185297 -0.410192
94.455000 2.077743 0.154143 -0.410236
94.460000 2.078358 0.122977 -0.410280
94.465000 2.078817 0.091801 -0.410324
94.470000 2.079120 0.060619 -0.410369
94.475000 2.079267 0.029432 -0.410413
94.480000 2.079258 -0.001757 -0.410457
94.485000 2.079093 -0.032946 -0.410501
94.490000 2.078773 -0.064132 -0.410545
94.495000 2.078296 -0.095314 -0.410590
94.500000 2.077664 -0.126488 -0.410634
94.505000 2.076875 -0.157653 -0.410678
94.510000 2.075931 -0.188806 -0.410722
94.515000 2.074832 -0.219945 -0.410766
94.520000 2.073576 -0.251068 -0.410810
94.525000 2.072165 -0.282171 -0.410853
94.530000 2.070599 -0.313254 -0.410897
94.535000 2.068878 -0.344313 -0.410940
94.540000 2.067001 -0.375346 -0.410984
94.545000 2.064969 -0.406351 -0.411027
94.550000 2.062782 -0.437326 -0.411070
94.555000 2.060441 -0.468267 -0.411112
94.560000 2.057945 -0.499174 -0.411155
94.565000 2.055295 -0.530043 -0.411197
94.570000 2.052491 -0.560873 -0.411239
94.575000 2.049532 -0.591660 -0.411281
94.580000 2.046420 -0.622403 -0.411323
94.585000 2.043155 -0.653099 -0.411364
94.590000 2.039736 -0.683746 -0.411405
94.595000 2.036164 -0.714343 -0.411446
94.600000 2.032440 -0.744885 -0.411487
94.605000 2.028563 -0.775372 -0.411527
94.610000 2.024534 -0.805800 -0.411567
94.615000 2.020353 -0.836168 -0.411606
94.620000 2.016021 -0.866473 -0.411646
94.625000 2.011537 -0.896714 -0.411684
94.630000 2.006903 -0.926887 -0.411723
94.635000 2.002118 -0.956990 -0.411761
94.640000 1.997183 -0.987022 -0.411799
94.645000 1.992098 -1.016980 -0.411836
94.650000 1.986864 -1.046861 -0.411873
94.655000 1.981480 -1.076664 -0.411909
94.660000 1.975948 -1.106386 -0.411945
94.665000 1.970268 -1.136026 -0.411981
94.670000 1.964440 -1.165580 -0.412016
94.675000 1.958465 -1.195046 -0.412050
94.680000 1.952343 -1.224423 -0.412084
94.685000 1.946075 -1.253708 -0.412118
94.690000 1.939660 -1.282900 -0.412151
94.695000 1.933100 -1.311994 -0.412184
94.700000 1.926395 -1.340991 -0.412216
94.705000 1.919546 -1.369887 -0.412247
94.710000 1.912552 -1.398680 -0.412278
94.715000 1.905415 -1.427368 -0.412309
94.720000 1.898136 -1.455950 -0.412339
94.725000 1.890714 -1.484422 -0.412368
94.730000 1.883150 -1.512782 -0.412397
94.735000 1.875445 -1.541030 -0.412425
94.740000 1.867599 -1.569161 -0.412453
94.745000 1.859613 -1.597175 -0.412480
94.750000 1.851487 -1.625069 -0.412506
94.755000 1.843223 -1.652842 -0.412532
94.760000 1.834821 -1.680490 -0.412557
94.765000 1.826281 -1.708012 -0.412581
94.770000 1.817604 -1.735407 -0.412605
94.775000 1.808790 -1.762671 -0.412628
94.780000 1.799841 -1.789802 -0.412651
94.785000 1.790757 -1.816800 -0.412673
94.790000 1.781539 -1.843661 -0.412694
94.795000 1.772187 -1.870385 -0.412715
94.800000 1.762702 -1.896967 -0.412734
94.805000 1.753085 -1.923408 -0.412754
94.810000 1.743337 -1.949704 -0.412772
94.815000 1.733457 -1.975854 -0.412790
94.820000 1.723448 -2.001856 -0.412807
94.825000 1.713310 -2.027708 -0.412823
94.830000 1.703043 -2.053407 -0.412839
94.835000 1.692648 -2.078953 -0.412854
94.840000 1.682126 -2.104343 -0.412868
94.845000 1.671478 -2.129575 -0.412882
94.850000 1.660705 -2.154647 -0.412894
94.855000 1.649807 -2.179557 -0.412906
94.860000 1.638786 -2.204305 -0.412918
94.865000 1.627641 -2.228886 -0.412928
94.870000 1.616375 -2.253301 -0.412938
94.875000 1.604987 -2.277547 -0.412947
94.880000 1.593479 -2.301621 -0.412955
94.885000 1.581851 -2.325524 -0.412963
94.890000 1.570105 -2.349251 -0.412969
94.895000 1.558241 -2.372803 -0.412975
94.900000 1.546260 -2.396177 -0.412981
94.905000 1.534163 -2.419370 -0.412985
94.910000 1.521951 -2.442383 -0.412989
94.915000 1.509625 -2.465212 -0.412992
94.920000 1.497186 -2.487857 -0.412994
94.925000 1.484634 -2.510314 -0.412996
94.930000 1.471972 -2.532584 -0.412996
94.935000 1.459198 -2.554663 -0.412996
94.940000 1.446315 -2.576551 -0.412995
94.945000 1.433324 -2.598246 -0.412994
94.950000 1.420226 -2.619746 -0.412991
94.955000 1.407020 -2.641049 -0.412988
94.960000 1.393710 -2.662155 -0.412984
94.965000 1.380294 -2.683060 -0.412980
94.970000 1.366775 -2.703765 -0.412974
94.975000 1.353154 -2.724266 -0.412968
94.980000 1.339431 -2.744564 -0.412961
94.985000 1.325608 -2.764655 -0.412953
94.990000 1.311685 -2.784539 -0.412945
94.995000 1.297664 -2.804215 -0.412936
95.000000 1.283546 -2.823679 -0.412926
95.005000 1.269331 -2.842933 -0.412915
95.010000 1.255021 -2.861973 -0.412904
95.015000 1.240617 -2.880798 -0.412891
95.020000 1.226120 -2.899407 -0.412878
95.025000 1.211531 -2.917799 -0.412865
95.030000 1.196851 -2.935972 -0.412850
95.035000 1.182082 -2.953925 -0.412835
95.040000 1.167223 -2.971656 -0.412819
95.045000 1.152278 -2.989164 -0.412803
95.050000 1.137245 -3.006448 -0.412786
95.055000 1.122128 -3.023507 -0.412768
95.060000 1.106926 -3.040339 -0.412749
95.065000 1.091641 -3.056943 -0.412730
95.070000 1.076275 -3.073318 -0.412710
95.075000 1.060828 -3.089462 -0.412689
95.080000 1.045301 -3.105374 -0.412668
95.085000 1.029695 -3.121054 -0.412646
95.090000 1.014013 -3.136499 -0.412623
95.095000 0.998254 -3.151709 -0.412600
95.100000 0.982421 -3.166683 -0.412576
95.105000 0.966514 -3.181419 -0.412551
95.110000 0.950534 -3.195917 -0.412526
95.115000 0.934483 -3.210175 -0.412500
95.120000 0.918362 -3.224192 -0.412473
95.125000 0.902173 -3.237968 -0.412446
95.130000 0.885915 -3.251500 -0.412419
95.135000 0.869591 -3.264789 -0.412390
95.140000 0.853202 -3.277833 -0.412361
95.145000 0.836749 -3.290631 -0.412332
95.150000 0.820233 -3.303182 -0.412302
95.155000 0.803656 -3.315486 -0.412271
95.160000 0.787018 -3.327541 -0.412240
95.165000 0.770321 -3.339346 -0.412208
95.170000 0.753567 -3.350901 -0.412176
95.175000 0.736756 -3.362204 -0.412143
95.180000 0.719889 -3.373256 -0.412110
95.185000 0.702969 -3.384054 -0.412077
95.190000 0.685996 -3.394598 -0.412042
95.195000 0.668972 -3.404888 -0.412008
95.200000 0.651897 -3.414923 -0.411972
95.205000 0.634773 -3.424701 -0.411937
95.210000 0.617602 -3.434223 -0.411901
95.215000 0.600385 -3.443487 -0.411864
95.220000 0.583122 -3.452493 -0.411827
95.225000 0.565816 -3.461240 -0.411790
95.230000 0.548468 -3.469727 -0.411752
95.235000 0.531078 -3.477954 -0.411714
95.240000 0.513648 -3.485920 -0.411675
95.245000 0.496180 -3.493625 -0.411636
95.250000 0.478675 -3.501067 -0.411597
95.255000 0.461134 -3.508248 -0.411558
95.260000 0.443558 -3.515165 -0.411518
95.265000 0.425949 -3.521818 -0.411477
95.270000 0.408308 -3.528207 -0.411437
95.275000 0.390636 -3.534332 -0.411396
95.280000 0.372935 -3.540191 -0.411355
95.285000 0.355206 -3.545785 -0.411313
95.290000 0.337450 -3.551113 -0.411272
95.295000 0.319670 -3.556175 -0.411230
95.300000 0.301865 -3.560970 -0.411187
95.305000 0.284037 -3.565498 -0.411145
95.310000 0.266188 -3.569759 -0.411102
95.315000 0.248320 -3.573752 -0.411060
95.320000 0.230432 -3.577476 -0.411017
95.325000 0.212528 -3.580933 -0.410973
95.330000 0.194607 -3.584121 -0.410930
95.335000 0.176672 -3.587040 -0.410887
95.340000 0.158723 -3.589690 -0.410843
95.345000 0.140763 -3.592071 -0.410799
95.350000 0.122792 -3.594182 -0.410755
95.355000 0.104812 -3.596024 -0.410712
95.360000 0.086824 -3.597596 -0.410668
95.365000 0.068830 -3.598899 -0.410623
95.370000 0.050830 -3.599931 -0.410579
95.375000 0.032826 -3.600694 -0.410535
95.380000 0.014820 -3.601186 -0.410491
95.385000 -0.003187 -3.601408 -0.410447
95.390000 -0.021193 -3.601360 -0.410403
95.395000 -0.039199 -3.601043 -0.410358
95.400000 -0.057201 -3.600455 -0.410314
95.405000 -0.075199 -3.599597 -0.410270
95.410000 -0.093191 -3.598469 -0.410226
95.415000 -0.111177 -3.597071 -0.410182
95.420000 -0.129154 -3.595403 -0.410138
95.425000 -0.147121 -3.593466 -0.410094
95.430000 -0.165077 -3.591259 -0.410050
95.435000 -0.183021 -3.588783 -0.410007
95.440000 -0.200951 -3.586038 -0.409963
95.445000 -0.218866 -3.583023 -0.409920
95.450000 -0.236765 -3.579740 -0.409877
95.455000 -0.254646 -3.576189 -0.409834
95.460000 -0.272508 -3.572369 -0.409791
95.465000 -0.290349 -3.568281 -0.409748
95.470000 -0.308169 -3.563926 -0.409706
95.475000 -0.325965 -3.559304 -0.409663
95.480000 -0.343737 -3.554414 -0.409622
95.485000 -0.361484 -3.549258 -0.409580
95.490000 -0.379203 -3.543836 -0.409538
95.495000 -0.396894 -3.538148 -0.409497
95.500000 -0.414555 -3.532194 -0.409456
95.505000 -0.432185 -3.525976 -0.409416
95.510000 -0.449782 -3.519493 -0.409375
95.515000 -0.467346 -3.512747 -0.409335
95.520000 -0.484874 -3.505736 -0.409296
95.525000 -0.502367 -3.498463 -0.409256
95.530000 -0.519821 -3.490928 -0.409217
95.535000 -0.537237 -3.483130 -0.409179
95.540000 -0.554612 -3.475072 -0.409140
95.545000 -0.571946 -3.466753 -0.409103
95.550000 -0.589237 -3.458174 -0.409065
95.555000 -0.606484 -3.449335 -0.409028
95.560000 -0.623685 -3.440238 -0.408992
95.565000 -0.640839 -3.430882 -0.408955
95.570000 -0.657946 -3.421270 -0.408920
95.575000 -0.675003 -3.411401 -0.408885
95.580000 -0.692009 -3.401276 -0.408850
95.585000 -0.708964 -3.390896 -0.408815
95.590000 -0.725865 -3.380261 -0.408782
95.595000 -0.742712 -3.369373 -0.408748
95.600000 -0.759503 -3.358232 -0.408716
95.605000 -0.776237 -3.346840 -0.408683
95.610000 -0.792913 -3.335196 -0.408651
95.615000 -0.809530 -3.323303 -0.408620
95.620000 -0.826085 -3.311160 -0.408590
95.625000 -0.842579 -3.298768 -0.408559
95.630000 -0.859010 -3.286130 -0.408530
95.635000 -0.875376 -3.273245 -0.408501
95.640000 -0.891677 -3.260114 -0.408473
95.645000 -0.907910 -3.246739 -0.408445
95.650000 -0.924076 -3.233120 -0.408418
95.655000 -0.940172 -3.219259 -0.408391
95.660000 -0.956198 -3.205156 -0.408365
95.665000 -0.972152 -3.190813 -0.408340
95.670000 -0.988033 -3.176231 -0.408315
95.675000 -1.003840 -3.161411 -0.408291
95.680000 -1.019572 -3.146353 -0.408267
95.685000 -1.035227 -3.131059 -0.408245
95.690000 -1.050805 -3.115531 -0.408222
95.695000 -1.066304 -3.099769 -0.408201
95.700000 -1.081723 -3.083774 -0.408180
95.705000 -1.097060 -3.067549 -0.408160
95.710000 -1.112316 -3.051093 -0.408141
95.715000 -1.127488 -3.034408 -0.408122
95.720000 -1.142575 -3.017496 -0.408104
95.725000 -1.157577 -3.000357 -0.408086
95.730000 -1.172492 -2.982993 -0.408070
95.735000 -1.187319 -2.965406 -0.408054
95.740000 -1.202057 -2.947596 -0.408039
95.745000 -1.216705 -2.929565 -0.408024
95.750000 -1.231262 -2.911315 -0.408011
95.755000 -1.245726 -2.892846 -0.407997
95.760000 -1.260097 -2.874160 -0.407985
95.765000 -1.274373 -2.855258 -0.407974
95.770000 -1.288554 -2.836143 -0.407963
95.775000 -1.302638 -2.816815 -0.407953
95.780000 -1.316624 -2.797275 -0.407943
95.785000 -1.330512 -2.777526 -0.407935
95.790000 -1.344300 -2.757568 -0.407927
95.795000 -1.357987 -2.737403 -0.407920
95.800000 -1.371572 -2.717034 -0.407914
95.805000 -1.385054 -2.696460 -0.407908
95.810000 -1.398432 -2.675684 -0.407903
95.815000 -1.411706 -2.654708 -0.407899
95.820000 -1.424874 -2.633532 -0.407896
95.825000 -1.437934 -2.612159 -0.407894
95.830000 -1.450887 -2.590590 -0.407892
95.835000 -1.463732 -2.568827 -0.407891
95.840000 -1.476466 -2.546871 -0.407891
95.845000 -1.489090 -2.524724 -0.407891
95.850000 -1.501601 -2.502387 -0.407893
95.855000 -1.514001 -2.479863 -0.407895
95.860000 -1.526287 -2.457153 -0.407898
95.865000 -1.538458 -2.434259 -0.407901
95.870000 -1.550514 -2.411182 -0.407906
95.875000 -1.562453 -2.387925 -0.407911
95.880000 -1.574276 -2.364488 -0.407917
95.885000 -1.585980 -2.340874 -0.407923
95.890000 -1.597566 -2.317084 -0.407931
95.895000 -1.609031 -2.293120 -0.407939
95.900000 -1.620376 -2.268985 -0.407948
95.905000 -1.631600 -2.244679 -0.407957
95.910000 -1.642701 -2.220205 -0.407968
95.915000 -1.653678 -2.195565 -0.407979
95.920000 -1.664532 -2.170760 -0.407991
95.925000 -1.675261 -2.145792 -0.408004
95.930000 -1.685864 -2.120663 -0.408017
95.935000 -1.696341 -2.095375 -0.408031
95.940000 -1.706691 -2.069930 -0.408046
95.945000 -1.716913 -2.044329 -0.408061
95.950000 -1.727005 -2.018576 -0.408078
95.955000 -1.736969 -1.992671 -0.408095
95.960000 -1.746802 -1.966616 -0.408112
95.965000 -1.756504 -1.940414 -0.408131
95.970000 -1.766074 -1.914066 -0.408150
95.975000 -1.775512 -1.887575 -0.408169
95.980000 -1.784817 -1.860943 -0.408190
95.985000 -1.793988 -1.834170 -0.408211
95.990000 -1.803024 -1.807261 -0.408233
95.995000 -1.811925 -1.780215 -0.408255
96.000000 -1.820690 -1.753036 -0.408278
96.005000 -1.829319 -1.725726 -0.408302
96.010000 -1.837810 -1.698286 -0.408327
96.015000 -1.846164 -1.670719 -0.408352
96.020000 -1.854379 -1.643027 -0.408377
96.025000 -1.862455 -1.615211 -0.408403
96.030000 -1.870392 -1.587274 -0.408430
96.035000 -1.878188 -1.559218 -0.408458
96.040000 -1.885843 -1.531045 -0.408486
96.045000 -1.893357 -1.502758 -0.408515
96.050000 -1.900728 -1.474357 -0.408544
96.055000 -1.907958 -1.445846 -0.408574
96.060000 -1.915044 -1.417227 -0.408604
96.065000 -1.921986 -1.388501 -0.408635
96.070000 -1.928785 -1.359672 -0.408666
96.075000 -1.935438 -1.330740 -0.408698
96.080000 -1.941947 -1.301708 -0.408731
96.085000 -1.948310 -1.272579 -0.408764
96.090000 -1.954527 -1.243354 -0.408798
96.095000 -1.960597 -1.214037 -0.408832
96.100000 -1.966520 -1.184628 -0.408866
96.105000 -1.972296 -1.155130 -0.408901
96.110000 -1.977923 -1.125545 -0.408937
96.115000 -1.983403 -1.095876 -0.408973
96.120000 -1.988733 -1.066125 -0.409009
96.125000 -1.993915 -1.036294 -0.409046
96.130000 -1.998947 -1.006386 -0.409083
96.135000 -2.003829 -0.976402 -0.409121
96.140000 -2.008560 -0.946344 -0.409159
96.145000 -2.013141 -0.916216 -0.409197
96.150000 -2.017572 -0.886019 -0.409236
96.155000 -2.021850 -0.855755 -0.409275
96.160000 -2.025977 -0.825427 -0.409314
96.165000 -2.029953 -0.795038 -0.409354
96.170000 -2.033776 -0.764588 -0.409394
96.175000 -2.037446 -0.734082 -0.409435
96.180000 -2.040964 -0.703520 -0.409476
96.185000 -2.044328 -0.672906 -0.409517
96.190000 -2.047539 -0.642241 -0.409558
96.195000 -2.050597 -0.611528 -0.409600
96.200000 -2.053501 -0.580769 -0.409641
96.205000 -2.056251 -0.549966 -0.409683
96.210000 -2.058846 -0.519122 -0.409726
96.215000 -2.061287 -0.488240 -0.409768
96.220000 -2.063574 -0.457320 -0.409811
96.225000 -2.065706 -0.426367 -0.409854
96.230000 -2.067683 -0.395381 -0.409897
96.235000 -2.069505 -0.364366 -0.409940
96.240000 -2.071171 -0.333323 -0.409984
96.245000 -2.072683 -0.302256 -0.410027
96.250000 -2.074038 -0.271165 -0.410071
96.255000 -2.075239 -0.240055 -0.410115
96.260000 -2.076283 -0.208926 -0.410159
96.265000 -2.077172 -0.177782 -0.410203
96.270000 -2.077905 -0.146624 -0.410247
96.275000 -2.078483 -0.115456 -0.410291
96.280000 -2.078904 -0.084279 -0.410335
96.285000 -2.079169 -0.053095 -0.410379
96.290000 -2.079279 -0.021908 -0.410423
96.295000 -2.079233 0.009282 -0.410468
96.300000 -2.079030 0.040470 -0.410512
96.305000 -2.078672 0.071656 -0.410556
96.310000 -2.078158 0.102836 -0.410600
96.315000 -2.077488 0.134008 -0.410644
96.320000 -2.076662 0.165170 -0.410688
96.325000 -2.075680 0.196320 -0.410732
96.330000 -2.074543 0.227455 -0.410776
96.335000 -2.073250 0.258574 -0.410820
96.340000 -2.071802 0.289672 -0.410864
96.345000 -2.070198 0.320749 -0.410907
96.350000 -2.068439 0.351802 -0.410951
96.355000 -2.066525 0.382829 -0.410994
96.360000 -2.064456 0.413827 -0.411037
96.365000 -2.062232 0.444794 -0.411080
96.370000 -2.059853 0.475727 -0.411123
96.375000 -2.057320 0.506625 -0.411165
96.380000 -2.054633 0.537485 -0.411208
96.385000 -2.051791 0.568304 -0.411250
96.390000 -2.048796 0.599081 -0.411291
96.395000 -2.045647 0.629813 -0.411333
96.400000 -2.042344 0.660498 -0.411374
96.405000 -2.038888 0.691133 -0.411415
96.410000 -2.035280 0.721716 -0.411456
96.415000 -2.031519 0.752245 -0.411497
96.420000 -2.027605 0.782718 -0.411537
96.425000 -2.023539 0.813132 -0.411576
96.430000 -2.019322 0.843485 -0.411616
96.435000 -2.014953 0.873775 -0.411655
96.440000 -2.010433 0.903999 -0.411694
96.445000 -2.005762 0.934156 -0.411732
96.450000 -2.000941 0.964242 -0.411770
96.455000 -1.995970 0.994257 -0.411808
96.460000 -1.990849 1.024196 -0.411845
96.465000 -1.985579 1.054059 -0.411882
96.470000 -1.980159 1.083842 -0.411918
96.475000 -1.974592 1.113545 -0.411954
96.480000 -1.968876 1.143164 -0.411989
96.485000 -1.963012 1.172697 -0.412024
96.490000 -1.957002 1.202142 -0.412059
96.495000 -1.950844 1.231497 -0.412093
96.500000 -1.944540 1.260760 -0.412126
96.505000 -1.938091 1.289928 -0.412159
96.510000 -1.931496 1.318999 -0.412192
96.515000 -1.924756 1.347972 -0.412224
96.520000 -1.917872 1.376843 -0.412255
96.525000 -1.910844 1.405611 -0.412286
96.530000 -1.903672 1.434274 -0.412316
96.535000 -1.896358 1.462829 -0.412346
96.540000 -1.888902 1.491274 -0.412375
96.545000 -1.881304 1.519608 -0.412404
96.550000 -1.873564 1.547827 -0.412432
96.555000 -1.865685 1.575931 -0.412459
96.560000 -1.857665 1.603916 -0.412486
96.565000 -1.849506 1.631781 -0.412512
96.570000 -1.841209 1.659524 -0.412538
96.575000 -1.832773 1.687142 -0.412563
96.580000 -1.824200 1.714633 -0.412587
96.585000 -1.815490 1.741996 -0.412611
96.590000 -1.806644 1.769229 -0.412634
96.595000 -1.797662 1.796328 -0.412656
96.600000 -1.788546 1.823293 -0.412678
96.605000 -1.779295 1.850121 -0.412699
96.610000 -1.769911 1.876811 -0.412719
96.615000 -1.760394 1.903359 -0.412739
96.620000 -1.750745 1.929765 -0.412758
96.625000 -1.740965 1.956027 -0.412776
96.630000 -1.731054 1.982141 -0.412794
96.635000 -1.721014 2.008107 -0.412811
96.640000 -1.710844 2.033922 -0.412827
96.645000 -1.700546 2.059585 -0.412843
96.650000 -1.690121 2.085093 -0.412857
96.655000 -1.679569 2.110445 -0.412871
96.660000 -1.668891 2.135638 -0.412885
96.665000 -1.658087 2.160672 -0.412897
96.670000 -1.647159 2.185543 -0.412909
96.675000 -1.636108 2.210250 -0.412920
96.680000 -1.624934 2.234792 -0.412930
96.685000 -1.613638 2.259166 -0.412940
96.690000 -1.602222 2.283371 -0.412949
96.695000 -1.590685 2.307404 -0.412957
96.700000 -1.579028 2.331264 -0.412964
96.705000 -1.567253 2.354950 -0.412971
96.710000 -1.555361 2.378458 -0.412977
96.715000 -1.543352 2.401789 -0.412982
96.720000 -1.531228 2.424939 -0.412986
96.725000 -1.518988 2.447908 -0.412990
96.730000 -1.506635 2.470692 -0.412993
96.735000 -1.494168 2.493292 -0.412995
96.740000 -1.481590 2.515704 -0.412996
96.745000 -1.468900 2.537928 -0.412996
96.750000 -1.456100 2.559962 -0.412996
96.755000 -1.443191 2.581803 -0.412995
96.760000 -1.430174 2.603451 -0.412993
96.765000 -1.417049 2.624904 -0.412991
96.770000 -1.403819 2.646159 -0.412987
96.775000 -1.390482 2.667217 -0.412983
96.780000 -1.377042 2.688074 -0.412978
96.785000 -1.363498 2.708730 -0.412973
96.790000 -1.349853 2.729182 -0.412966
96.795000 -1.336105 2.749430 -0.412959
96.800000 -1.322258 2.769471 -0.412951
96.805000 -1.308311 2.789305 -0.412943
96.810000 -1.294267 2.808930 -0.412933
96.815000 -1.280125 2.828344 -0.412923
96.820000 -1.265887 2.847546 -0.412912
96.825000 -1.251555 2.866534 -0.412901
96.830000 -1.237128 2.885307 -0.412888
96.835000 -1.222609 2.903864 -0.412875
96.840000 -1.207998 2.922204 -0.412861
96.845000 -1.193296 2.940323 -0.412847
96.850000 -1.178505 2.958223 -0.412832
96.855000 -1.163626 2.975901 -0.412816
96.860000 -1.148659 2.993355 -0.412799
96.865000 -1.133606 3.010585 -0.412781
96.870000 -1.118468 3.027589 -0.412763
96.875000 -1.103246 3.044366 -0.412745
96.880000 -1.087942 3.060915 -0.412725
96.885000 -1.072555 3.077234 -0.412705
96.890000 -1.057089 3.093322 -0.412684
96.895000 -1.041543 3.109178 -0.412663
96.900000 -1.025919 3.124802 -0.412640
96.905000 -1.010218 3.140190 -0.412617
96.910000 -0.994441 3.155344 -0.412594
96.915000 -0.978590 3.170260 -0.412570
96.920000 -0.962665 3.184939 -0.412545
96.925000 -0.946668 3.199379 -0.412520
96.930000 -0.930600 3.213579 -0.412494
96.935000 -0.914463 3.227538 -0.412467
96.940000 -0.898256 3.241255 -0.412440
96.945000 -0.881983 3.254729 -0.412412
96.950000 -0.865643 3.267959 -0.412383
96.955000 -0.849238 3.280943 -0.412354
96.960000 -0.832770 3.293682 -0.412325
96.965000 -0.816239 3.306173 -0.412295
96.970000 -0.799647 3.318417 -0.412264
96.975000 -0.782995 3.330412 -0.412233
96.980000 -0.766284 3.342157 -0.412201
96.985000 -0.749516 3.353651 -0.412168
96.990000 -0.732691 3.364894 -0.412136
96.995000 -0.715812 3.375884 -0.412102
97.000000 -0.698879 3.386621 -0.412068
97.005000 -0.681893 3.397104 -0.412034
97.010000 -0.664857 3.407333 -0.411999
97.015000 -0.647770 3.417306 -0.411964
97.020000 -0.630635 3.427022 -0.411928
97.025000 -0.613453 3.436482 -0.411892
97.030000 -0.596224 3.445683 -0.411855
97.035000 -0.578951 3.454627 -0.411818
97.040000 -0.561635 3.463311 -0.411781
97.045000 -0.544276 3.471736 -0.411743
97.050000 -0.526876 3.479900 -0.411705
97.055000 -0.509437 3.487803 -0.411666
97.060000 -0.491960 3.495444 -0.411627
97.065000 -0.474446 3.502824 -0.411588
97.070000 -0.456896 3.509940 -0.411548
97.075000 -0.439312 3.516794 -0.411508
97.080000 -0.421695 3.523384 -0.411468
97.085000 -0.404047 3.529709 -0.411427
97.090000 -0.386368 3.535770 -0.411386
97.095000 -0.368660 3.541565 -0.411345
97.100000 -0.350925 3.547095 -0.411303
97.105000 -0.333163 3.552359 -0.411261
97.110000 -0.315376 3.557356 -0.411219
97.115000 -0.297566 3.562087 -0.411177
97.120000 -0.279733 3.566551 -0.411135
97.125000 -0.261879 3.570747 -0.411092
97.130000 -0.244006 3.574675 -0.411049
97.135000 -0.226114 3.578335 -0.411006
97.140000 -0.208206 3.581727 -0.410963
97.145000 -0.190281 3.584850 -0.410920
97.150000 -0.172343 3.587704 -0.410876
97.155000 -0.154391 3.590289 -0.410832
97.160000 -0.136428 3.592605 -0.410789
97.165000 -0.118455 3.594651 -0.410745
97.170000 -0.100473 3.596428 -0.410701
97.175000 -0.082483 3.597935 -0.410657
97.180000 -0.064487 3.599172 -0.410613
97.185000 -0.046487 3.600140 -0.410569
97.190000 -0.028482 3.600837 -0.410524
97.195000 -0.010476 3.601264 -0.410480
97.200000 0.007531 3.601421 -0.410436
97.205000 0.025538 3.601309 -0.410392
97.210000 0.043542 3.600925 -0.410348
97.215000 0.061543 3.600272 -0.410303
97.220000 0.079540 3.599349 -0.410259
97.225000 0.097531 3.598156 -0.410215
97.230000 0.115514 3.596693 -0.410171
97.235000 0.133489 3.594960 -0.410127
97.240000 0.151454 3.592958 -0.410084
97.245000 0.169408 3.590686 -0.410040
97.250000 0.187348 3.588145 -0.409996
97.255000 0.205275 3.585335 -0.409953
97.260000 0.223186 3.582256 -0.409909
97.265000 0.241081 3.578908 -0.409866
97.270000 0.258957 3.575292 -0.409823
97.275000 0.276814 3.571407 -0.409780
97.280000 0.294650 3.567255 -0.409738
97.285000 0.312465 3.562835 -0.409696
97.290000 0.330255 3.558148 -0.409653
97.295000 0.348021 3.553195 -0.409611
97.300000 0.365761 3.547974 -0.409570
97.305000 0.383474 3.542488 -0.409528
97.310000 0.401157 3.536736 -0.409487
97.315000 0.418811 3.530718 -0.409446
97.320000 0.436433 3.524436 -0.409406
97.325000 0.454023 3.517890 -0.409366
97.330000 0.471578 3.511079 -0.409326
97.335000 0.489098 3.504006 -0.409286
97.340000 0.506581 3.496669 -0.409247
97.345000 0.524027 3.489071 -0.409208
97.350000 0.541433 3.481210 -0.409169
97.355000 0.558798 3.473089 -0.409131
97.360000 0.576122 3.464707 -0.409094
97.365000 0.593402 3.456065 -0.409056
97.370000 0.610638 3.447164 -0.409019
97.375000 0.627828 3.438004 -0.408983
97.380000 0.644971 3.428587 -0.408947
97.385000 0.662065 3.418912 -0.408911
97.390000 0.679110 3.408981 -0.408876
97.395000 0.696104 3.398795 -0.408841
97.400000 0.713046 3.388353 -0.408807
97.405000 0.729934 3.377657 -0.408774
97.410000 0.746768 3.366708 -0.408740
97.415000 0.763545 3.355507 -0.408708
97.420000 0.780266 3.344054 -0.408676
97.425000 0.796927 3.332350 -0.408644
97.430000 0.813529 3.320396 -0.408613
97.435000 0.830070 3.308193 -0.408582
97.440000 0.846549 3.295742 -0.408552
97.445000 0.862964 3.283044 -0.408523
97.450000 0.879315 3.270099 -0.408494
97.455000 0.895599 3.256909 -0.408466
97.460000 0.911817 3.243475 -0.408438
97.465000 0.927966 3.229798 -0.408411
97.470000 0.944045 3.215879 -0.408385
97.475000 0.960054 3.201718 -0.408359
97.480000 0.975990 3.187317 -0.408334
97.485000 0.991854 3.172677 -0.408309
97.490000 1.007643 3.157800 -0.408285
97.495000 1.023356 3.142685 -0.408262
97.500000 1.038993 3.127335 -0.408239
97.505000 1.054552 3.111750 -0.408217
97.510000 1.070031 3.095931 -0.408196
97.515000 1.085431 3.079881 -0.408175
97.520000 1.100749 3.063599 -0.408155
97.525000 1.115984 3.047088 -0.408136
97.530000 1.131136 3.030348 -0.408117
97.535000 1.146203 3.013381 -0.408100
97.540000 1.161184 2.996188 -0.408082
97.545000 1.176077 2.978771 -0.408066
97.550000 1.190883 2.961129 -0.408050
97.555000 1.205599 2.943266 -0.408035
97.560000 1.220225 2.925182 -0.408021
97.565000 1.234760 2.906879 -0.408007
97.570000 1.249202 2.888357 -0.407994
97.575000 1.263550 2.869619 -0.407982
97.580000 1.277803 2.850666 -0.407971
97.585000 1.291960 2.831499 -0.407960
97.590000 1.306021 2.812120 -0.407950
97.595000 1.319984 2.792529 -0.407941
97.600000 1.333847 2.772730 -0.407933
97.605000 1.347611 2.752722 -0.407925
97.610000 1.361274 2.732508 -0.407918
97.615000 1.374834 2.712089 -0.407912
97.620000 1.388291 2.691466 -0.407907
97.625000 1.401644 2.670642 -0.407902
97.630000 1.414893 2.649617 -0.407898
97.635000 1.428035 2.628394 -0.407895
97.640000 1.441069 2.606973 -0.407893
97.645000 1.453996 2.585357 -0.407892
97.650000 1.466814 2.563547 -0.407891
97.655000 1.479522 2.541545 -0.407891
97.660000 1.492118 2.519352 -0.407891
97.665000 1.504603 2.496970 -0.407893
97.670000 1.516975 2.474401 -0.407895
97.675000 1.529234 2.451647 -0.407898
97.680000 1.541377 2.428708 -0.407902
97.685000 1.553405 2.405588 -0.407907
97.690000 1.565316 2.382287 -0.407912
97.695000 1.577110 2.358807 -0.407918
97.700000 1.588786 2.335150 -0.407925
97.705000 1.600343 2.311318 -0.407933
97.710000 1.611779 2.287313 -0.407941
97.715000 1.623095 2.263136 -0.407950
97.720000 1.634289 2.238790 -0.407960
97.725000 1.645360 2.214276 -0.407970
97.730000 1.656308 2.189595 -0.407982
97.735000 1.667132 2.164751 -0.407994
97.740000 1.677831 2.139744 -0.408007
97.745000 1.688404 2.114576 -0.408020
97.750000 1.698850 2.089250 -0.408035
97.755000 1.709169 2.063767 -0.408050
97.760000 1.719359 2.038130 -0.408065
97.765000 1.729421 2.012340 -0.408082
97.770000 1.739353 1.986398 -0.408099
97.775000 1.749155 1.960308 -0.408117
97.780000 1.758825 1.934071 -0.408135
97.785000 1.768363 1.907688 -0.408154
97.790000 1.777769 1.881163 -0.408174
97.795000 1.787042 1.854496 -0.408195
97.800000 1.796180 1.827691 -0.408216
97.805000 1.805184 1.800748 -0.408238
97.810000 1.814052 1.773670 -0.408261
97.815000 1.822785 1.746459 -0.408284
97.820000 1.831380 1.719118 -0.408308
97.825000 1.839838 1.691647 -0.408332
97.830000 1.848159 1.664049 -0.408358
97.835000 1.856340 1.636327 -0.408383
97.840000 1.864383 1.608482 -0.408410
97.845000 1.872285 1.580516 -0.408437
97.850000 1.880047 1.552432 -0.408465
97.855000 1.887669 1.524231 -0.408493
97.860000 1.895148 1.495916 -0.408522
97.865000 1.902486 1.467489 -0.408551
97.870000 1.909680 1.438952 -0.408581
97.875000 1.916732 1.410306 -0.408611
97.880000 1.923640 1.381555 -0.408643
97.885000 1.930403 1.352701 -0.408674
97.890000 1.937022 1.323745 -0.408706
97.895000 1.943495 1.294689 -0.408739
97.900000 1.949823 1.265537 -0.408772
97.905000 1.956004 1.236290 -0.408806
97.910000 1.962039 1.206950 -0.408840
97.915000 1.967927 1.177519 -0.408875
97.920000 1.973667 1.148000 -0.408910
97.925000 1.979259 1.118395 -0.408945
97.930000 1.984702 1.088706 -0.408981
97.935000 1.989997 1.058936 -0.409018
97.940000 1.995142 1.029086 -0.409055
97.945000 2.000138 0.999159 -0.409092
97.950000 2.004984 0.969156 -0.409130
97.955000 2.009679 0.939082 -0.409168
97.960000 2.014224 0.908937 -0.409206
97.965000 2.018618 0.878723 -0.409245
97.970000 2.022860 0.848444 -0.409284
97.975000 2.026950 0.818101 -0.409324
97.980000 2.030889 0.787697 -0.409364
97.985000 2.034675 0.757233 -0.409404
97.990000 2.038309 0.726713 -0.409445
97.995000 2.041789 0.696139 -0.409485
98.000000 2.045117 0.665512 -0.409527
98.005000 2.048291 0.634835 -0.409568
98.010000 2.051312 0.604111 -0.409610
98.015000 2.054178 0.573341 -0.409652
98.020000 2.056891 0.542528 -0.409694
98.025000 2.059449 0.511675 -0.409736
98.030000 2.061853 0.480783 -0.409779
98.035000 2.064103 0.449855 -0.409821
98.040000 2.066197 0.418894 -0.409864
98.045000 2.068137 0.387901 -0.409908
98.050000 2.069921 0.356879 -0.409951
98.055000 2.071550 0.325830 -0.409994
98.060000 2.073024 0.294757 -0.410038
98.065000 2.074342 0.263661 -0.410082
98.070000 2.075505 0.232546 -0.410125
98.075000 2.076512 0.201414 -0.410169
98.080000 2.077363 0.170266 -0.410213
98.085000 2.078059 0.139106 -0.410257
98.090000 2.078599 0.107935 -0.410302
98.095000 2.078982 0.076756 -0.410346
98.100000 2.079210 0.045571 -0.410390
98.105000 2.079282 0.014383 -0.410434
98.110000 2.079198 -0.016806 -0.410478
98.115000 2.078958 -0.047994 -0.410523
98.120000 2.078562 -0.079179 -0.410567
98.125000 2.078010 -0.110357 -0.410611
98.130000 2.077303 -0.141527 -0.410655
98.135000 2.076439 -0.172687 -0.410699
98.140000 2.075420 -0.203833 -0.410743
98.145000 2.074245 -0.234965 -0.410787
98.150000 2.072915 -0.266078 -0.410831
98.155000 2.071429 -0.297172 -0.410874
98.160000 2.069788 -0.328244 -0.410918
98.165000 2.067991 -0.359290 -0.410961
98.170000 2.066040 -0.390310 -0.411004
98.175000 2.063933 -0.421301 -0.411047
98.180000 2.061672 -0.452260 -0.411090
98.185000 2.059256 -0.483185 -0.411133
98.190000 2.056686 -0.514074 -0.411175
98.195000 2.053961 -0.544924 -0.411218
98.200000 2.051082 -0.575733 -0.411260
98.205000 2.048050 -0.606500 -0.411301
98.210000 2.044864 -0.637220 -0.411343
98.215000 2.041524 -0.667893 -0.411384
98.220000 2.038032 -0.698516 -0.411425
98.225000 2.034386 -0.729087 -0.411466
98.230000 2.030588 -0.759603 -0.411506
98.235000 2.026638 -0.790061 -0.411546
98.240000 2.022536 -0.820461 -0.411586
98.245000 2.018282 -0.850799 -0.411625
98.250000 2.013876 -0.881073 -0.411664
98.255000 2.009320 -0.911281 -0.411703
98.260000 2.004613 -0.941421 -0.411741
98.265000 1.999755 -0.971490 -0.411779
98.270000 1.994748 -1.001487 -0.411817
98.275000 1.989591 -1.031408 -0.411854
98.280000 1.984285 -1.061252 -0.411890
98.285000 1.978830 -1.091016 -0.411927
98.290000 1.973226 -1.120698 -0.411962
98.295000 1.967475 -1.150297 -0.411998
98.300000 1.961576 -1.179809 -0.412032
98.305000 1.955529 -1.209233 -0.412067
98.310000 1.949337 -1.238566 -0.412101
98.315000 1.942998 -1.267806 -0.412134
98.320000 1.936513 -1.296951 -0.412167
98.325000 1.929883 -1.325998 -0.412199
98.330000 1.923108 -1.354947 -0.412231
98.335000 1.916189 -1.383793 -0.412262
98.340000 1.909126 -1.412536 -0.412293
98.345000 1.901921 -1.441173 -0.412323
98.350000 1.894572 -1.469702 -0.412353
98.355000 1.887081 -1.498120 -0.412382
98.360000 1.879449 -1.526426 -0.412411
98.365000 1.871676 -1.554618 -0.412438
98.370000 1.863763 -1.582693 -0.412466
98.375000 1.855710 -1.610650 -0.412492
98.380000 1.847517 -1.638485 -0.412518
98.385000 1.839186 -1.666198 -0.412544
98.390000 1.830717 -1.693786 -0.412569
98.395000 1.822111 -1.721247 -0.412593
98.400000 1.813368 -1.748578 -0.412616
98.405000 1.804489 -1.775779 -0.412639
98.410000 1.795475 -1.802846 -0.412662
98.415000 1.786326 -1.829778 -0.412683
98.420000 1.777043 -1.856573 -0.412704
98.425000 1.767627 -1.883229 -0.412724
98.430000 1.758078 -1.909743 -0.412744
98.435000 1.748398 -1.936115 -0.412763
98.440000 1.738586 -1.962340 -0.412781
98.445000 1.728644 -1.988419 -0.412798
98.450000 1.718572 -2.014349 -0.412815
98.455000 1.708372 -2.040128 -0.412831
98.460000 1.698043 -2.065753 -0.412846
98.465000 1.687587 -2.091224 -0.412861
98.470000 1.677004 -2.116538 -0.412875
98.475000 1.666296 -2.141693 -0.412888
98.480000 1.655462 -2.166687 -0.412900
98.485000 1.644505 -2.191519 -0.412912
98.490000 1.633424 -2.216187 -0.412923
98.495000 1.622220 -2.240688 -0.412933
98.500000 1.610895 -2.265021 -0.412942
98.505000 1.599449 -2.289185 -0.412951
98.510000 1.587883 -2.313176 -0.412959
98.515000 1.576198 -2.336995 -0.412966
98.520000 1.564395 -2.360638 -0.412972
98.525000 1.552475 -2.384103 -0.412978
98.530000 1.540438 -2.407391 -0.412983
98.535000 1.528285 -2.430497 -0.412987
98.540000 1.516018 -2.453421 -0.412991
98.545000 1.503637 -2.476162 -0.412993
98.550000 1.491144 -2.498716 -0.412995
98.555000 1.478538 -2.521083 -0.412996
98.560000 1.465822 -2.543262 -0.412996
98.565000 1.452996 -2.565249 -0.412996
98.570000 1.440060 -2.587044 -0.412995
98.575000 1.427017 -2.608645 -0.412993
98.580000 1.413867 -2.630050 -0.412990
98.585000 1.400611 -2.651258 -0.412986
98.590000 1.387249 -2.672267 -0.412982
98.595000 1.373784 -2.693076 -0.412977
98.600000 1.360216 -2.713683 -0.412971
98.605000 1.346545 -2.734086 -0.412965
98.610000 1.332774 -2.754284 -0.412957
98.615000 1.318902 -2.774276 -0.412949
98.620000 1.304932 -2.794059 -0.412940
98.625000 1.290864 -2.813633 -0.412931
98.630000 1.276699 -2.832996 -0.412921
98.635000 1.262438 -2.852147 -0.412910
98.640000 1.248083 -2.871083 -0.412898
98.645000 1.233634 -2.889804 -0.412885
98.650000 1.219092 -2.908309 -0.412872
98.655000 1.204459 -2.926595 -0.412858
98.660000 1.189736 -2.944662 -0.412843
98.665000 1.174923 -2.962508 -0.412828
98.670000 1.160023 -2.980132 -0.412812
98.675000 1.145035 -2.997532 -0.412795
98.680000 1.129961 -3.014708 -0.412777
98.685000 1.114803 -3.031657 -0.412759
98.690000 1.099561 -3.048379 -0.412740
98.695000 1.084237 -3.064873 -0.412720
98.700000 1.068831 -3.081136 -0.412700
98.705000 1.053345 -3.097169 -0.412679
98.710000 1.037781 -3.112969 -0.412657
98.715000 1.022138 -3.128536 -0.412635
98.720000 1.006419 -3.143868 -0.412612
98.725000 0.990624 -3.158964 -0.412588
98.730000 0.974755 -3.173823 -0.412564
98.735000 0.958812 -3.188445 -0.412539
98.740000 0.942798 -3.202827 -0.412513
98.745000 0.926713 -3.216969 -0.412487
98.750000 0.910559 -3.230870 -0.412460
98.755000 0.894336 -3.244528 -0.412433
98.760000 0.878047 -3.257943 -0.412405
98.765000 0.861691 -3.271114 -0.412376
98.770000 0.845271 -3.284039 -0.412347
98.775000 0.828787 -3.296718 -0.412317
98.780000 0.812242 -3.309150 -0.412287
98.785000 0.795635 -3.321334 -0.412256
98.790000 0.778969 -3.333268 -0.412225
98.795000 0.762244 -3.344953 -0.412193
98.800000 0.745462 -3.356386 -0.412160
98.805000 0.728624 -3.367568 -0.412128
98.810000 0.711732 -3.378498 -0.412094
98.815000 0.694786 -3.389174 -0.412060
98.820000 0.677788 -3.399595 -0.412026
98.825000 0.660739 -3.409762 -0.411991
98.830000 0.643641 -3.419673 -0.411955
98.835000 0.626494 -3.429328 -0.411919
98.840000 0.609300 -3.438725 -0.411883
98.845000 0.592061 -3.447865 -0.411846
98.850000 0.574777 -3.456746 -0.411809
98.855000 0.557450 -3.465367 -0.411772
98.860000 0.540082 -3.473729 -0.411734
98.865000 0.522673 -3.481830 -0.411695
98.870000 0.505224 -3.489670 -0.411657
98.875000 0.487738 -3.497249 -0.411618
98.880000 0.470215 -3.504565 -0.411578
98.885000 0.452657 -3.511618 -0.411538
98.890000 0.435065 -3.518408 -0.411498
98.895000 0.417440 -3.524934 -0.411458
98.900000 0.399784 -3.531195 -0.411417
98.905000 0.382098 -3.537192 -0.411376
98.910000 0.364384 -3.542924 -0.411335
98.915000 0.346642 -3.548389 -0.411293
98.920000 0.328874 -3.553589 -0.411251
98.925000 0.311081 -3.558522 -0.411209
98.930000 0.293265 -3.563188 -0.411167
98.935000 0.275427 -3.567587 -0.411125
98.940000 0.257569 -3.571719 -0.411082
98.945000 0.239691 -3.575582 -0.411039
98.950000 0.221795 -3.579178 -0.410996
98.955000 0.203882 -3.582505 -0.410953
98.960000 0.185955 -3.585563 -0.410909
98.965000 0.168013 -3.588352 -0.410866
98.970000 0.150059 -3.590872 -0.410822
98.975000 0.132093 -3.593123 -0.410778
98.980000 0.114117 -3.595105 -0.410734
98.985000 0.096133 -3.596816 -0.410690
98.990000 0.078142 -3.598258 -0.410646
98.995000 0.060145 -3.599431 -0.410602
99.000000 0.042143 -3.600333 -0.410558
99.005000 0.024138 -3.600965 -0.410514
99.010000 0.006132 -3.601327 -0.410470
99.015000 -0.011875 -3.601419 -0.410425
99.020000 -0.029882 -3.601241 -0.410381
99.025000 -0.047886 -3.600793 -0.410337
99.030000 -0.065886 -3.600074 -0.410293
99.035000 -0.083881 -3.599086 -0.410249
99.040000 -0.101870 -3.597828 -0.410205
99.045000 -0.119852 -3.596300 -0.410161
99.050000 -0.137824 -3.594502 -0.410117
99.055000 -0.155787 -3.592435 -0.410073
99.060000 -0.173737 -3.590098 -0.410029
99.065000 -0.191675 -3.587492 -0.409986
99.070000 -0.209598 -3.584617 -0.409942
99.075000 -0.227505 -3.581473 -0.409899
99.080000 -0.245395 -3.578060 -0.409856
99.085000 -0.263267 -3.574379 -0.409813
99.090000 -0.281119 -3.570430 -0.409770
99.095000 -0.298950 -3.566213 -0.409728
99.100000 -0.316759 -3.561729 -0.409685
99.105000 -0.334544 -3.556978 -0.409643
99.110000 -0.352304 -3.551960 -0.409601
99.115000 -0.370037 -3.546675 -0.409560
99.120000 -0.387743 -3.541124 -0.409518
99.125000 -0.405419 -3.535308 -0.409477
99.130000 -0.423065 -3.529227 -0.409437
99.135000 -0.440680 -3.522881 -0.409396
99.140000 -0.458261 -3.516271 -0.409356
99.145000 -0.475808 -3.509397 -0.409316
99.150000 -0.493319 -3.502260 -0.409277
99.155000 -0.510794 -3.494860 -0.409237
99.160000 -0.528230 -3.487198 -0.409199
99.165000 -0.545626 -3.479275 -0.409160
99.170000 -0.562982 -3.471090 -0.409122
99.175000 -0.580295 -3.462646 -0.409085
99.180000 -0.597565 -3.453941 -0.409047
99.185000 -0.614789 -3.444978 -0.409010
99.190000 -0.631968 -3.435756 -0.408974
99.195000 -0.649100 -3.426276 -0.408938
99.200000 -0.666182 -3.416540 -0.408903
99.205000 -0.683215 -3.406547 -0.408868
99.210000 -0.700197 -3.396299 -0.408833
99.215000 -0.717125 -3.385796 -0.408799
99.220000 -0.734001 -3.375039 -0.408765
99.225000 -0.750821 -3.364029 -0.408732
99.230000 -0.767585 -3.352767 -0.408700
99.235000 -0.784291 -3.341253 -0.408668
99.240000 -0.800938 -3.329489 -0.408636
99.245000 -0.817526 -3.317474 -0.408605
99.250000 -0.834052 -3.305212 -0.408575
99.255000 -0.850515 -3.292701 -0.408545
99.260000 -0.866915 -3.279943 -0.408516
99.265000 -0.883250 -3.266939 -0.408487
99.270000 -0.899518 -3.253691 -0.408459
99.275000 -0.915719 -3.240198 -0.408432
99.280000 -0.931851 -3.226462 -0.408405
99.285000 -0.947914 -3.212484 -0.408378
99.290000 -0.963905 -3.198266 -0.408353
99.295000 -0.979824 -3.183807 -0.408328
99.300000 -0.995670 -3.169110 -0.408303
99.305000 -1.011441 -3.154175 -0.408279
99.310000 -1.027136 -3.139003 -0.408256
99.315000 -1.042754 -3.123596 -0.408234
99.320000 -1.058293 -3.107955 -0.408212
99.325000 -1.073754 -3.092080 -0.408191
99.330000 -1.089134 -3.075974 -0.408170
99.335000 -1.104432 -3.059637 -0.408151
99.340000 -1.119647 -3.043070 -0.408131
99.345000 -1.134779 -3.026276 -0.408113
99.350000 -1.149825 -3.009254 -0.408095
99.355000 -1.164785 -2.992007 -0.408078
99.360000 -1.179658 -2.974535 -0.408062
99.365000 -1.194442 -2.956840 -0.408047
99.370000 -1.209136 -2.938923 -0.408032
99.375000 -1.223740 -2.920786 -0.408018
99.380000 -1.238253 -2.902430 -0.408004
99.385000 -1.252672 -2.883856 -0.407991
99.390000 -1.266997 -2.865066 -0.407980
99.395000 -1.281227 -2.846061 -0.407968
99.400000 -1.295362 -2.826843 -0.407958
99.405000 -1.309399 -2.807413 -0.407948
99.410000 -1.323338 -2.787772 -0.407939
99.415000 -1.337177 -2.767922 -0.407931
99.420000 -1.350916 -2.747864 -0.407924
99.425000 -1.364554 -2.727600 -0.407917
99.430000 -1.378090 -2.707132 -0.407911
99.435000 -1.391522 -2.686460 -0.407906
99.440000 -1.404850 -2.665588 -0.407901
99.445000 -1.418073 -2.644515 -0.407898
99.450000 -1.431189 -2.623244 -0.407895
99.455000 -1.444198 -2.601776 -0.407893
99.460000 -1.457099 -2.580113 -0.407891
99.465000 -1.469890 -2.558256 -0.407891
99.470000 -1.482571 -2.536208 -0.407891
99.475000 -1.495141 -2.513970 -0.407892
99.480000 -1.507599 -2.491542 -0.407893
99.485000 -1.519943 -2.468928 -0.407896
99.490000 -1.532174 -2.446129 -0.407899
99.495000 -1.544290 -2.423147 -0.407903
99.500000 -1.556289 -2.399982 -0.407908
99.505000 -1.568173 -2.376638 -0.407913
99.510000 -1.579938 -2.353115 -0.407920
99.515000 -1.591585 -2.329416 -0.407927
99.520000 -1.603113 -2.305543 -0.407935
99.525000 -1.614520 -2.281496 -0.407943
99.530000 -1.625807 -2.257278 -0.407952
99.535000 -1.636971 -2.232891 -0.407962
99.540000 -1.648013 -2.208336 -0.407973
99.545000 -1.658931 -2.183616 -0.407985
99.550000 -1.669725 -2.158732 -0.407997
99.555000 -1.680393 -2.133686 -0.408010
99.560000 -1.690936 -2.108481 -0.408024
99.565000 -1.701351 -2.083116 -0.408038
99.570000 -1.711639 -2.057596 -0.408053
99.575000 -1.721799 -2.031922 -0.408069
99.580000 -1.731829 -2.006095 -0.408086
99.585000 -1.741730 -1.980117 -0.408103
99.590000 -1.751500 -1.953991 -0.408121
99.595000 -1.761138 -1.927719 -0.408140
99.600000 -1.770645 -1.901302 -0.408159
99.605000 -1.780019 -1.874742 -0.408179
99.610000 -1.789259 -1.848042 -0.408200
99.615000 -1.798365 -1.821203 -0.408221
99.620000 -1.807336 -1.794227 -0.408244
99.625000 -1.816172 -1.767117 -0.408266
99.630000 -1.824871 -1.739875 -0.408290
99.635000 -1.833433 -1.712502 -0.408314
99.640000 -1.841858 -1.685000 -0.408339
99.645000 -1.850145 -1.657372 -0.408364
99.650000 -1.858293 -1.629620 -0.408390
99.655000 -1.866302 -1.601746 -0.408416
99.660000 -1.874171 -1.573751 -0.408444
99.665000 -1.881899 -1.545639 -0.408471
99.670000 -1.889486 -1.517410 -0.408500
99.675000 -1.896931 -1.489068 -0.408529
99.680000 -1.904235 -1.460614 -0.408558
99.685000 -1.911395 -1.432050 -0.408588
99.690000 -1.918412 -1.403379 -0.408619
99.695000 -1.925285 -1.374603 -0.408650
99.700000 -1.932013 -1.345724 -0.408682
99.705000 -1.938597 -1.316744 -0.408714
99.710000 -1.945035 -1.287665 -0.408747
99.715000 -1.951328 -1.258489 -0.408780
99.720000 -1.957474 -1.229219 -0.408814
99.725000 -1.963473 -1.199857 -0.408848
99.730000 -1.969325 -1.170405 -0.408883
99.735000 -1.975030 -1.140865 -0.408918
99.740000 -1.980586 -1.111240 -0.408954
99.745000 -1.985993 -1.081531 -0.408990
99.750000 -1.991252 -1.051741 -0.409027
99.755000 -1.996361 -1.021872 -0.409064
99.760000 -2.001321 -0.991927 -0.409101
99.765000 -2.006131 -0.961907 -0.409139
99.770000 -2.010790 -0.931815 -0.409177
99.775000 -2.015298 -0.901653 -0.409216
99.780000 -2.019655 -0.871424 -0.409255
99.785000 -2.023861 -0.841129 -0.409294
99.790000 -2.027915 -0.810771 -0.409334
99.795000 -2.031816 -0.780352 -0.409374
99.800000 -2.035566 -0.749875 -0.409414
99.805000 -2.039162 -0.719342 -0.409454
99.810000 -2.042606 -0.688754 -0.409495
99.815000 -2.045897 -0.658115 -0.409537
99.820000 -2.049034 -0.627427 -0.409578
99.825000 -2.052017 -0.596691 -0.409620
99.830000 -2.054847 -0.565911 -0.409662
99.835000 -2.057522 -0.535088 -0.409704
99.840000 -2.060043 -0.504225 -0.409746
99.845000 -2.062410 -0.473325 -0.409789
99.850000 -2.064622 -0.442389 -0.409832
99.855000 -2.066679 -0.411419 -0.409875
99.860000 -2.068581 -0.380419 -0.409918
99.865000 -2.070328 -0.349390 -0.409961
99.870000 -2.071920 -0.318335 -0.410005
99.875000 -2.073356 -0.287257 -0.410048
99.880000 -2.074637 -0.256156 -0.410092
99.885000 -2.075762 -0.225037 -0.410136
99.890000 -2.076732 -0.193900 -0.410180
99.895000 -2.077545 -0.162749 -0.410224
99.900000 -2.078203 -0.131586 -0.410268
99.905000 -2.078705 -0.100413 -0.410312
99.910000 -2.079052 -0.069233 -0.410356
99.915000 -2.079242 -0.038047 -0.410401
99.920000 -2.079276 -0.006858 -0.410445
99.925000 -2.079154 0.024331 -0.410489
99.930000 -2.078877 0.055518 -0.410533
99.935000 -2.078443 0.086701 -0.410577
99.940000 -2.077854 0.117878 -0.410622
99.945000 -2.077109 0.149046 -0.410666
99.950000 -2.076208 0.180203 -0.410710
99.955000 -2.075151 0.211346 -0.410754
99.960000 -2.073939 0.242473 -0.410797
99.965000 -2.072571 0.273582 -0.410841
99.970000 -2.071047 0.304671 -0.410885
99.975000 -2.069369 0.335736 -0.410928
99.980000 -2.067535 0.366777 -0.410972
99.985000 -2.065546 0.397790 -0.411015
99.990000 -2.063402 0.428773 -0.411058
99.995000 -2.061103 0.459724 -0.411101
100.000000 -2.058650 0.490641 -0.411143
