#Posizione iniziale=2.000000
#Velocita' iniziale=1.000000
#Pulsazione al quadrato=3.000000
#Tempo massimo di integrazione=100.000000
#Passo di tempo=0.005000
#E' stato utilizzato l'algoritmo di Eulero
#Legenda
#1:t 2:x 3:v 4:dE
0 2.000000 1.000000 0
0.005000 2.005000 0.970000 -0.409047
0.010000 2.009850 0.939925 -0.409002
0.015000 2.014550 0.909777 -0.408958
0.020000 2.019099 0.879559 -0.408914
0.025000 2.023496 0.849273 -0.408869
0.030000 2.027743 0.818920 -0.408825
0.035000 2.031837 0.788504 -0.408781
0.040000 2.035780 0.758026 -0.408736
0.045000 2.039570 0.727490 -0.408692
0.050000 2.043207 0.696896 -0.408648
0.055000 2.046692 0.666248 -0.408603
0.060000 2.050023 0.635548 -0.408559
0.065000 2.053201 0.604797 -0.408515
0.070000 2.056225 0.573999 -0.408470
0.075000 2.059095 0.543156 -0.408426
0.080000 2.061811 0.512269 -0.408381
0.085000 2.064372 0.481342 -0.408337
0.090000 2.066779 0.450377 -0.408293
0.095000 2.069031 0.419375 -0.408248
0.100000 2.071127 0.388340 -0.408204
0.105000 2.073069 0.357273 -0.408160
0.110000 2.074855 0.326177 -0.408115
0.115000 2.076486 0.295054 -0.408071
0.120000 2.077962 0.263907 -0.408026
0.125000 2.079281 0.232737 -0.407982
0.130000 2.080445 0.201548 -0.407938
0.135000 2.081453 0.170341 -0.407893
0.140000 2.082304 0.139119 -0.407849
0.145000 2.083000 0.107885 -0.407804
0.150000 2.083539 0.076640 -0.407760
0.155000 2.083923 0.045387 -0.407715
0.160000 2.084149 0.014128 -0.407671
0.165000 2.084220 -0.017134 -0.407627
0.170000 2.084134 -0.048398 -0.407582
0.175000 2.083892 -0.079660 -0.407538
0.180000 2.083494 -0.110918 -0.407493
0.185000 2.082940 -0.142170 -0.407449
0.190000 2.082229 -0.173414 -0.407404
0.195000 2.081362 -0.204648 -0.407360
0.200000 2.080338 -0.235868 -0.407316
0.205000 2.079159 -0.267073 -0.407271
0.210000 2.077824 -0.298261 -0.407227
0.215000 2.076332 -0.329428 -0.407182
0.220000 2.074685 -0.360573 -0.407138
0.225000 2.072882 -0.391693 -0.407093
0.230000 2.070924 -0.422787 -0.407049
0.235000 2.068810 -0.453851 -0.407004
0.240000 2.066541 -0.484883 -0.406960
0.245000 2.064116 -0.515881 -0.406915
0.250000 2.061537 -0.546843 -0.406871
0.255000 2.058803 -0.577766 -0.406826
0.260000 2.055914 -0.608648 -0.406782
0.265000 2.052871 -0.639486 -0.406737
0.270000 2.049673 -0.670279 -0.406693
0.275000 2.046322 -0.701024 -0.406648
0.280000 2.042817 -0.731719 -0.406604
0.285000 2.039158 -0.762362 -0.406559
0.290000 2.035346 -0.792949 -0.406515
0.295000 2.031382 -0.823479 -0.406470
0.300000 2.027264 -0.853950 -0.406426
0.305000 2.022994 -0.884359 -0.406381
0.310000 2.018573 -0.914704 -0.406337
0.315000 2.013999 -0.944982 -0.406292
0.320000 2.009274 -0.975192 -0.406248
0.325000 2.004398 -1.005331 -0.406203
0.330000 1.999372 -1.035397 -0.406159
0.335000 1.994195 -1.065388 -0.406114
0.340000 1.988868 -1.095301 -0.406070
0.345000 1.983391 -1.125134 -0.406025
0.350000 1.977765 -1.154885 -0.405981
0.355000 1.971991 -1.184551 -0.405936
0.360000 1.966068 -1.214131 -0.405891
0.365000 1.959998 -1.243622 -0.405847
0.370000 1.953779 -1.273022 -0.405802
0.375000 1.947414 -1.302329 -0.405758
0.380000 1.940903 -1.331540 -0.405713
0.385000 1.934245 -1.360654 -0.405669
0.390000 1.927442 -1.389667 -0.405624
0.395000 1.920493 -1.418579 -0.405580
0.400000 1.913401 -1.447386 -0.405535
0.405000 1.906164 -1.476087 -0.405490
0.410000 1.898783 -1.504680 -0.405446
0.415000 1.891260 -1.533161 -0.405401
0.420000 1.883594 -1.561530 -0.405357
0.425000 1.875786 -1.589784 -0.405312
0.430000 1.867837 -1.617921 -0.405267
0.435000 1.859748 -1.645939 -0.405223
0.440000 1.851518 -1.673835 -0.405178
0.445000 1.843149 -1.701608 -0.405134
0.450000 1.834641 -1.729255 -0.405089
0.455000 1.825995 -1.756774 -0.405044
0.460000 1.817211 -1.784164 -0.405000
0.465000 1.808290 -1.811423 -0.404955
0.470000 1.799233 -1.838547 -0.404910
0.475000 1.790040 -1.865535 -0.404866
0.480000 1.780712 -1.892386 -0.404821
0.485000 1.771250 -1.919097 -0.404777
0.490000 1.761655 -1.945665 -0.404732
0.495000 1.751927 -1.972090 -0.404687
0.500000 1.742066 -1.998369 -0.404643
0.505000 1.732074 -2.024500 -0.404598
0.510000 1.721952 -2.050481 -0.404553
0.515000 1.711699 -2.076311 -0.404509
0.520000 1.701318 -2.101986 -0.404464
0.525000 1.690808 -2.127506 -0.404419
0.530000 1.680170 -2.152868 -0.404375
0.535000 1.669406 -2.178070 -0.404330
0.540000 1.658516 -2.203112 -0.404285
0.545000 1.647500 -2.227989 -0.404241
0.550000 1.636360 -2.252702 -0.404196
0.555000 1.625097 -2.277247 -0.404151
0.560000 1.613710 -2.301624 -0.404107
0.565000 1.602202 -2.325829 -0.404062
0.570000 1.590573 -2.349862 -0.404017
0.575000 1.578824 -2.373721 -0.403972
0.580000 1.566955 -2.397403 -0.403928
0.585000 1.554968 -2.420908 -0.403883
0.590000 1.542864 -2.444232 -0.403838
0.595000 1.530643 -2.467375 -0.403794
0.600000 1.518306 -2.490335 -0.403749
0.605000 1.505854 -2.513109 -0.403704
0.610000 1.493288 -2.535697 -0.403659
0.615000 1.480610 -2.558096 -0.403615
0.620000 1.467820 -2.580306 -0.403570
0.625000 1.454918 -2.602323 -0.403525
0.630000 1.441906 -2.624147 -0.403481
0.635000 1.428786 -2.645775 -0.403436
0.640000 1.415557 -2.667207 -0.403391
0.645000 1.402221 -2.688440 -0.403346
0.650000 1.388779 -2.709474 -0.403302
0.655000 1.375231 -2.730305 -0.403257
0.660000 1.361580 -2.750934 -0.403212
0.665000 1.347825 -2.771358 -0.403167
0.670000 1.333968 -2.791575 -0.403123
0.675000 1.320010 -2.811584 -0.403078
0.680000 1.305952 -2.831385 -0.403033
0.685000 1.291795 -2.850974 -0.402988
0.690000 1.277541 -2.870351 -0.402943
0.695000 1.263189 -2.889514 -0.402899
0.700000 1.248741 -2.908462 -0.402854
0.705000 1.234199 -2.927193 -0.402809
0.710000 1.219563 -2.945706 -0.402764
0.715000 1.204834 -2.963999 -0.402720
0.720000 1.190014 -2.982072 -0.402675
0.725000 1.175104 -2.999922 -0.402630
0.730000 1.160104 -3.017549 -0.402585
0.735000 1.145017 -3.034950 -0.402540
0.740000 1.129842 -3.052125 -0.402496
0.745000 1.114581 -3.069073 -0.402451
0.750000 1.099236 -3.085792 -0.402406
0.755000 1.083807 -3.102280 -0.402361
0.760000 1.068296 -3.118537 -0.402316
0.765000 1.052703 -3.134562 -0.402271
0.770000 1.037030 -3.150352 -0.402227
0.775000 1.021278 -3.165908 -0.402182
0.780000 1.005449 -3.181227 -0.402137
0.785000 0.989543 -3.196309 -0.402092
0.790000 0.973561 -3.211152 -0.402047
0.795000 0.957505 -3.225755 -0.402002
0.800000 0.941377 -3.240118 -0.401958
0.805000 0.925176 -3.254239 -0.401913
0.810000 0.908905 -3.268116 -0.401868
0.815000 0.892564 -3.281750 -0.401823
0.820000 0.876156 -3.295138 -0.401778
0.825000 0.859680 -3.308281 -0.401733
0.830000 0.843138 -3.321176 -0.401688
0.835000 0.826533 -3.333823 -0.401644
0.840000 0.809863 -3.346221 -0.401599
0.845000 0.793132 -3.358369 -0.401554
0.850000 0.776340 -3.370266 -0.401509
0.855000 0.759489 -3.381911 -0.401464
0.860000 0.742580 -3.393303 -0.401419
0.865000 0.725613 -3.404442 -0.401374
0.870000 0.708591 -3.415326 -0.401329
0.875000 0.691514 -3.425955 -0.401284
0.880000 0.674384 -3.436328 -0.401239
0.885000 0.657203 -3.446443 -0.401195
0.890000 0.639971 -3.456301 -0.401150
0.895000 0.622689 -3.465901 -0.401105
0.900000 0.605360 -3.475241 -0.401060
0.905000 0.587983 -3.484322 -0.401015
0.910000 0.570562 -3.493142 -0.400970
0.915000 0.553096 -3.501700 -0.400925
0.920000 0.535588 -3.509996 -0.400880
0.925000 0.518038 -3.518030 -0.400835
0.930000 0.500447 -3.525801 -0.400790
0.935000 0.482818 -3.533307 -0.400745
0.940000 0.465152 -3.540550 -0.400700
0.945000 0.447449 -3.547527 -0.400655
0.950000 0.429712 -3.554239 -0.400610
0.955000 0.411940 -3.560684 -0.400566
0.960000 0.394137 -3.566864 -0.400521
0.965000 0.376303 -3.572776 -0.400476
0.970000 0.358439 -3.578420 -0.400431
0.975000 0.340547 -3.583797 -0.400386
0.980000 0.322628 -3.588905 -0.400341
0.985000 0.304683 -3.593744 -0.400296
0.990000 0.286714 -3.598315 -0.400251
0.995000 0.268723 -3.602615 -0.400206
1.000000 0.250710 -3.606646 -0.400161
1.005000 0.232676 -3.610407 -0.400116
1.010000 0.214624 -3.613897 -0.400071
1.015000 0.196555 -3.617116 -0.400026
1.020000 0.178469 -3.620065 -0.399981
1.025000 0.160369 -3.622742 -0.399936
1.030000 0.142255 -3.625147 -0.399891
1.035000 0.124130 -3.627281 -0.399846
1.040000 0.105993 -3.629143 -0.399801
1.045000 0.087848 -3.630733 -0.399756
1.050000 0.069694 -3.632051 -0.399711
1.055000 0.051534 -3.633096 -0.399666
1.060000 0.033368 -3.633869 -0.399621
1.065000 0.015199 -3.634370 -0.399576
1.070000 -0.002973 -3.634597 -0.399531
1.075000 -0.021146 -3.634553 -0.399486
1.080000 -0.039319 -3.634236 -0.399441
1.085000 -0.057490 -3.633646 -0.399396
1.090000 -0.075658 -3.632784 -0.399350
1.095000 -0.093822 -3.631649 -0.399305
1.100000 -0.111980 -3.630241 -0.399260
1.105000 -0.130132 -3.628562 -0.399215
1.110000 -0.148274 -3.626610 -0.399170
1.115000 -0.166407 -3.624386 -0.399125
1.120000 -0.184529 -3.621889 -0.399080
1.125000 -0.202639 -3.619122 -0.399035
1.130000 -0.220734 -3.616082 -0.398990
1.135000 -0.238815 -3.612771 -0.398945
1.140000 -0.256879 -3.609189 -0.398900
1.145000 -0.274925 -3.605336 -0.398855
1.150000 -0.292951 -3.601212 -0.398810
1.155000 -0.310957 -3.596817 -0.398765
1.160000 -0.328941 -3.592153 -0.398720
1.165000 -0.346902 -3.587219 -0.398674
1.170000 -0.364838 -3.582015 -0.398629
1.175000 -0.382748 -3.576543 -0.398584
1.180000 -0.400631 -3.570802 -0.398539
1.185000 -0.418485 -3.564792 -0.398494
1.190000 -0.436309 -3.558515 -0.398449
1.195000 -0.454102 -3.551970 -0.398404
1.200000 -0.471862 -3.545159 -0.398359
1.205000 -0.489587 -3.538081 -0.398314
1.210000 -0.507278 -3.530737 -0.398268
1.215000 -0.524931 -3.523128 -0.398223
1.220000 -0.542547 -3.515254 -0.398178
1.225000 -0.560123 -3.507116 -0.398133
1.230000 -0.577659 -3.498714 -0.398088
1.235000 -0.595152 -3.490049 -0.398043
1.240000 -0.612603 -3.481122 -0.397998
1.245000 -0.630008 -3.471933 -0.397952
1.250000 -0.647368 -3.462482 -0.397907
1.255000 -0.664680 -3.452772 -0.397862
1.260000 -0.681944 -3.442802 -0.397817
1.265000 -0.699158 -3.432573 -0.397772
1.270000 -0.716321 -3.422085 -0.397727
1.275000 -0.733432 -3.411340 -0.397681
1.280000 -0.750488 -3.400339 -0.397636
1.285000 -0.767490 -3.389082 -0.397591
1.290000 -0.784435 -3.377569 -0.397546
1.295000 -0.801323 -3.365803 -0.397501
1.300000 -0.818152 -3.353783 -0.397456
1.305000 -0.834921 -3.341511 -0.397410
1.310000 -0.851629 -3.328987 -0.397365
1.315000 -0.868274 -3.316212 -0.397320
1.320000 -0.884855 -3.303188 -0.397275
1.325000 -0.901371 -3.289915 -0.397230
1.330000 -0.917820 -3.276395 -0.397184
1.335000 -0.934202 -3.262627 -0.397139
1.340000 -0.950515 -3.248614 -0.397094
1.345000 -0.966758 -3.234357 -0.397049
1.350000 -0.982930 -3.219855 -0.397003
1.355000 -0.999029 -3.205111 -0.396958
1.360000 -1.015055 -3.190126 -0.396913
1.365000 -1.031006 -3.174900 -0.396868
1.370000 -1.046880 -3.159435 -0.396823
1.375000 -1.062677 -3.143732 -0.396777
1.380000 -1.078396 -3.127792 -0.396732
1.385000 -1.094035 -3.111616 -0.396687
1.390000 -1.109593 -3.095205 -0.396642
1.395000 -1.125069 -3.078561 -0.396596
1.400000 -1.140462 -3.061685 -0.396551
1.405000 -1.155770 -3.044578 -0.396506
1.410000 -1.170993 -3.027242 -0.396461
1.415000 -1.186129 -3.009677 -0.396415
1.420000 -1.201178 -2.991885 -0.396370
1.425000 -1.216137 -2.973867 -0.396325
1.430000 -1.231006 -2.955625 -0.396279
1.435000 -1.245785 -2.937160 -0.396234
1.440000 -1.260470 -2.918473 -0.396189
1.445000 -1.275063 -2.899566 -0.396144
1.450000 -1.289561 -2.880440 -0.396098
1.455000 -1.303963 -2.861097 -0.396053
1.460000 -1.318268 -2.841538 -0.396008
1.465000 -1.332476 -2.821764 -0.395962
1.470000 -1.346585 -2.801776 -0.395917
1.475000 -1.360594 -2.781578 -0.395872
1.480000 -1.374502 -2.761169 -0.395827
1.485000 -1.388307 -2.740551 -0.395781
1.490000 -1.402010 -2.719727 -0.395736
1.495000 -1.415609 -2.698696 -0.395691
1.500000 -1.429102 -2.677462 -0.395645
1.505000 -1.442490 -2.656026 -0.395600
1.510000 -1.455770 -2.634388 -0.395555
1.515000 -1.468942 -2.612552 -0.395509
1.520000 -1.482004 -2.590518 -0.395464
1.525000 -1.494957 -2.568288 -0.395419
1.530000 -1.507798 -2.545863 -0.395373
1.535000 -1.520528 -2.523246 -0.395328
1.540000 -1.533144 -2.500438 -0.395283
1.545000 -1.545646 -2.477441 -0.395237
1.550000 -1.558033 -2.454257 -0.395192
1.555000 -1.570305 -2.430886 -0.395146
1.560000 -1.582459 -2.407331 -0.395101
1.565000 -1.594496 -2.383595 -0.395056
1.570000 -1.606414 -2.359677 -0.395010
1.575000 -1.618212 -2.335581 -0.394965
1.580000 -1.629890 -2.311308 -0.394920
1.585000 -1.641447 -2.286859 -0.394874
1.590000 -1.652881 -2.262238 -0.394829
1.595000 -1.664192 -2.237445 -0.394783
1.600000 -1.675379 -2.212482 -0.394738
1.605000 -1.686442 -2.187351 -0.394693
1.610000 -1.697378 -2.162054 -0.394647
1.615000 -1.708189 -2.136594 -0.394602
1.620000 -1.718872 -2.110971 -0.394556
1.625000 -1.729427 -2.085188 -0.394511
1.630000 -1.739852 -2.059246 -0.394466
1.635000 -1.750149 -2.033149 -0.394420
1.640000 -1.760314 -2.006896 -0.394375
1.645000 -1.770349 -1.980492 -0.394329
1.650000 -1.780251 -1.953936 -0.394284
1.655000 -1.790021 -1.927233 -0.394239
1.660000 -1.799657 -1.900382 -0.394193
1.665000 -1.809159 -1.873387 -0.394148
1.670000 -1.818526 -1.846250 -0.394102
1.675000 -1.827757 -1.818972 -0.394057
1.680000 -1.836852 -1.791556 -0.394011
1.685000 -1.845810 -1.764003 -0.393966
1.690000 -1.854630 -1.736316 -0.393920
1.695000 -1.863312 -1.708496 -0.393875
1.700000 -1.871854 -1.680547 -0.393830
1.705000 -1.880257 -1.652469 -0.393784
1.710000 -1.888519 -1.624265 -0.393739
1.715000 -1.896640 -1.595937 -0.393693
1.720000 -1.904620 -1.567488 -0.393648
1.725000 -1.912458 -1.538918 -0.393602
1.730000 -1.920152 -1.510231 -0.393557
1.735000 -1.927703 -1.481429 -0.393511
1.740000 -1.935110 -1.452514 -0.393466
1.745000 -1.942373 -1.423487 -0.393420
1.750000 -1.949490 -1.394351 -0.393375
1.755000 -1.956462 -1.365109 -0.393329
1.760000 -1.963288 -1.335762 -0.393284
1.765000 -1.969967 -1.306313 -0.393238
1.770000 -1.976498 -1.276763 -0.393193
1.775000 -1.982882 -1.247116 -0.393147
1.780000 -1.989118 -1.217373 -0.393102
1.785000 -1.995204 -1.187536 -0.393056
1.790000 -2.001142 -1.157608 -0.393011
1.795000 -2.006930 -1.127591 -0.392965
1.800000 -2.012568 -1.097487 -0.392920
1.805000 -2.018056 -1.067298 -0.392874
1.810000 -2.023392 -1.037027 -0.392829
1.815000 -2.028577 -1.006676 -0.392783
1.820000 -2.033611 -0.976248 -0.392737
1.825000 -2.038492 -0.945744 -0.392692
1.830000 -2.043220 -0.915166 -0.392646
1.835000 -2.047796 -0.884518 -0.392601
1.840000 -2.052219 -0.853801 -0.392555
1.845000 -2.056488 -0.823018 -0.392510
1.850000 -2.060603 -0.792170 -0.392464
1.855000 -2.064564 -0.761261 -0.392419
1.860000 -2.068370 -0.730293 -0.392373
1.865000 -2.072022 -0.699267 -0.392327
1.870000 -2.075518 -0.668187 -0.392282
1.875000 -2.078859 -0.637054 -0.392236
1.880000 -2.082044 -0.605871 -0.392191
1.885000 -2.085074 -0.574641 -0.392145
1.890000 -2.087947 -0.543365 -0.392100
1.895000 -2.090664 -0.512045 -0.392054
1.900000 -2.093224 -0.480685 -0.392008
1.905000 -2.095627 -0.449287 -0.391963
1.910000 -2.097874 -0.417853 -0.391917
1.915000 -2.099963 -0.386385 -0.391872
1.920000 -2.101895 -0.354885 -0.391826
1.925000 -2.103669 -0.323357 -0.391780
1.930000 -2.105286 -0.291802 -0.391735
1.935000 -2.106745 -0.260222 -0.391689
1.940000 -2.108046 -0.228621 -0.391643
1.945000 -2.109189 -0.197001 -0.391598
1.950000 -2.110174 -0.165363 -0.391552
1.955000 -2.111001 -0.133710 -0.391507
1.960000 -2.111670 -0.102045 -0.391461
1.965000 -2.112180 -0.070370 -0.391415
1.970000 -2.112532 -0.038687 -0.391370
1.975000 -2.112725 -0.006999 -0.391324
1.980000 -2.112760 0.024692 -0.391278
1.985000 -2.112637 0.056383 -0.391233
1.990000 -2.112355 0.088072 -0.391187
1.995000 -2.111914 0.119758 -0.391141
2.000000 -2.111316 0.151437 -0.391096
2.005000 -2.110558 0.183106 -0.391050
2.010000 -2.109643 0.214765 -0.391004
2.015000 -2.108569 0.246409 -0.390959
2.020000 -2.107337 0.278038 -0.390913
2.025000 -2.105947 0.309648 -0.390867
2.030000 -2.104399 0.341237 -0.390822
2.035000 -2.102692 0.372803 -0.390776
2.040000 -2.100828 0.404343 -0.390730
2.045000 -2.098807 0.435856 -0.390685
2.050000 -2.096627 0.467338 -0.390639
2.055000 -2.094291 0.498787 -0.390593
2.060000 -2.091797 0.530202 -0.390547
2.065000 -2.089146 0.561579 -0.390502
2.070000 -2.086338 0.592916 -0.390456
2.075000 -2.083373 0.624211 -0.390410
2.080000 -2.080252 0.655462 -0.390365
2.085000 -2.076975 0.686665 -0.390319
2.090000 -2.073542 0.717820 -0.390273
2.095000 -2.069953 0.748923 -0.390227
2.100000 -2.066208 0.779972 -0.390182
2.105000 -2.062308 0.810965 -0.390136
2.110000 -2.058253 0.841900 -0.390090
2.115000 -2.054044 0.872774 -0.390045
2.120000 -2.049680 0.903585 -0.389999
2.125000 -2.045162 0.934330 -0.389953
2.130000 -2.040490 0.965007 -0.389907
2.135000 -2.035665 0.995615 -0.389861
2.140000 -2.030687 1.026150 -0.389816
2.145000 -2.025556 1.056610 -0.389770
2.150000 -2.020273 1.086993 -0.389724
2.155000 -2.014838 1.117297 -0.389678
2.160000 -2.009252 1.147520 -0.389633
2.165000 -2.003514 1.177659 -0.389587
2.170000 -1.997626 1.207711 -0.389541
2.175000 -1.991587 1.237676 -0.389495
2.180000 -1.985399 1.267550 -0.389450
2.185000 -1.979061 1.297331 -0.389404
2.190000 -1.972575 1.327016 -0.389358
2.195000 -1.965940 1.356605 -0.389312
2.200000 -1.959157 1.386094 -0.389266
2.205000 -1.952226 1.415482 -0.389221
2.210000 -1.945149 1.444765 -0.389175
2.215000 -1.937925 1.473942 -0.389129
2.220000 -1.930555 1.503011 -0.389083
2.225000 -1.923040 1.531969 -0.389037
2.230000 -1.915380 1.560815 -0.388991
2.235000 -1.907576 1.589546 -0.388946
2.240000 -1.899628 1.618159 -0.388900
2.245000 -1.891538 1.646654 -0.388854
2.250000 -1.883304 1.675027 -0.388808
2.255000 -1.874929 1.703276 -0.388762
2.260000 -1.866413 1.731400 -0.388716
2.265000 -1.857756 1.759396 -0.388671
2.270000 -1.848959 1.787263 -0.388625
2.275000 -1.840023 1.814997 -0.388579
2.280000 -1.830948 1.842598 -0.388533
2.285000 -1.821735 1.870062 -0.388487
2.290000 -1.812384 1.897388 -0.388441
2.295000 -1.802897 1.924574 -0.388395
2.300000 -1.793274 1.951617 -0.388350
2.305000 -1.783516 1.978516 -0.388304
2.310000 -1.773624 2.005269 -0.388258
2.315000 -1.763597 2.031873 -0.388212
2.320000 -1.753438 2.058327 -0.388166
2.325000 -1.743146 2.084629 -0.388120
2.330000 -1.732723 2.110776 -0.388074
2.335000 -1.722169 2.136767 -0.388028
2.340000 -1.711486 2.162599 -0.387983
2.345000 -1.700673 2.188272 -0.387937
2.350000 -1.689731 2.213782 -0.387891
2.355000 -1.678662 2.239128 -0.387845
2.360000 -1.667467 2.264308 -0.387799
2.365000 -1.656145 2.289320 -0.387753
2.370000 -1.644699 2.314162 -0.387707
2.375000 -1.633128 2.338832 -0.387661
2.380000 -1.621434 2.363329 -0.387615
2.385000 -1.609617 2.387651 -0.387569
2.390000 -1.597679 2.411795 -0.387523
2.395000 -1.585620 2.435760 -0.387477
2.400000 -1.573441 2.459544 -0.387431
2.405000 -1.561143 2.483146 -0.387386
2.410000 -1.548727 2.506563 -0.387340
2.415000 -1.536195 2.529794 -0.387294
2.420000 -1.523546 2.552837 -0.387248
2.425000 -1.510782 2.575690 -0.387202
2.430000 -1.497903 2.598352 -0.387156
2.435000 -1.484911 2.620820 -0.387110
2.440000 -1.471807 2.643094 -0.387064
2.445000 -1.458592 2.665171 -0.387018
2.450000 -1.445266 2.687050 -0.386972
2.455000 -1.431831 2.708729 -0.386926
2.460000 -1.418287 2.730207 -0.386880
2.465000 -1.404636 2.751481 -0.386834
2.470000 -1.390879 2.772550 -0.386788
2.475000 -1.377016 2.793414 -0.386742
2.480000 -1.363049 2.814069 -0.386696
2.485000 -1.348978 2.834515 -0.386650
2.490000 -1.334806 2.854749 -0.386604
2.495000 -1.320532 2.874771 -0.386558
2.500000 -1.306158 2.894579 -0.386512
2.505000 -1.291685 2.914172 -0.386466
2.510000 -1.277114 2.933547 -0.386420
2.515000 -1.262447 2.952704 -0.386374
2.520000 -1.247683 2.971640 -0.386328
2.525000 -1.232825 2.990356 -0.386282
2.530000 -1.217873 3.008848 -0.386236
2.535000 -1.202829 3.027116 -0.386190
2.540000 -1.187693 3.045159 -0.386144
2.545000 -1.172468 3.062974 -0.386098
2.550000 -1.157153 3.080561 -0.386052
2.555000 -1.141750 3.097918 -0.386006
2.560000 -1.126260 3.115044 -0.385960
2.565000 -1.110685 3.131938 -0.385914
2.570000 -1.095025 3.148599 -0.385867
2.575000 -1.079282 3.165024 -0.385821
2.580000 -1.063457 3.181213 -0.385775
2.585000 -1.047551 3.197165 -0.385729
2.590000 -1.031565 3.212878 -0.385683
2.595000 -1.015501 3.228352 -0.385637
2.600000 -0.999359 3.243584 -0.385591
2.605000 -0.983141 3.258575 -0.385545
2.610000 -0.966848 3.273322 -0.385499
2.615000 -0.950482 3.287825 -0.385453
2.620000 -0.934043 3.302082 -0.385407
2.625000 -0.917532 3.316093 -0.385361
2.630000 -0.900952 3.329855 -0.385315
2.635000 -0.884303 3.343370 -0.385268
2.640000 -0.867586 3.356634 -0.385222
2.645000 -0.850803 3.369648 -0.385176
2.650000 -0.833954 3.382410 -0.385130
2.655000 -0.817042 3.394919 -0.385084
2.660000 -0.800068 3.407175 -0.385038
2.665000 -0.783032 3.419176 -0.384992
2.670000 -0.765936 3.430922 -0.384946
2.675000 -0.748781 3.442411 -0.384899
2.680000 -0.731569 3.453642 -0.384853
2.685000 -0.714301 3.464616 -0.384807
2.690000 -0.696978 3.475330 -0.384761
2.695000 -0.679601 3.485785 -0.384715
2.700000 -0.662172 3.495979 -0.384669
2.705000 -0.644692 3.505912 -0.384623
2.710000 -0.627163 3.515582 -0.384576
2.715000 -0.609585 3.524989 -0.384530
2.720000 -0.591960 3.534133 -0.384484
2.725000 -0.574289 3.543013 -0.384438
2.730000 -0.556574 3.551627 -0.384392
2.735000 -0.538816 3.559976 -0.384346
2.740000 -0.521016 3.568058 -0.384300
2.745000 -0.503176 3.575873 -0.384253
2.750000 -0.485297 3.583421 -0.384207
2.755000 -0.467380 3.590700 -0.384161
2.760000 -0.449426 3.597711 -0.384115
2.765000 -0.431438 3.604452 -0.384069
2.770000 -0.413415 3.610924 -0.384022
2.775000 -0.395361 3.617125 -0.383976
2.780000 -0.377275 3.623055 -0.383930
2.785000 -0.359160 3.628715 -0.383884
2.790000 -0.341016 3.634102 -0.383838
2.795000 -0.322846 3.639217 -0.383791
2.800000 -0.304650 3.644060 -0.383745
2.805000 -0.286429 3.648630 -0.383699
2.810000 -0.268186 3.652926 -0.383653
2.815000 -0.249921 3.656949 -0.383606
2.820000 -0.231637 3.660698 -0.383560
2.825000 -0.213333 3.664172 -0.383514
2.830000 -0.195012 3.667372 -0.383468
2.835000 -0.176676 3.670297 -0.383422
2.840000 -0.158324 3.672948 -0.383375
2.845000 -0.139959 3.675322 -0.383329
2.850000 -0.121583 3.677422 -0.383283
2.855000 -0.103196 3.679246 -0.383237
2.860000 -0.084799 3.680794 -0.383190
2.865000 -0.066395 3.682066 -0.383144
2.870000 -0.047985 3.683061 -0.383098
2.875000 -0.029570 3.683781 -0.383051
2.880000 -0.011151 3.684225 -0.383005
2.885000 0.007270 3.684392 -0.382959
2.890000 0.025692 3.684283 -0.382913
2.895000 0.044114 3.683898 -0.382866
2.900000 0.062533 3.683236 -0.382820
2.905000 0.080949 3.682298 -0.382774
2.910000 0.099361 3.681084 -0.382728
2.915000 0.117766 3.679593 -0.382681
2.920000 0.136164 3.677827 -0.382635
2.925000 0.154553 3.675784 -0.382589
2.930000 0.172932 3.673466 -0.382542
2.935000 0.191300 3.670872 -0.382496
2.940000 0.209654 3.668003 -0.382450
2.945000 0.227994 3.664858 -0.382403
2.950000 0.246318 3.661438 -0.382357
2.955000 0.264625 3.657743 -0.382311
2.960000 0.282914 3.653774 -0.382264
2.965000 0.301183 3.649530 -0.382218
2.970000 0.319431 3.645012 -0.382172
2.975000 0.337656 3.640221 -0.382125
2.980000 0.355857 3.635156 -0.382079
2.985000 0.374033 3.629818 -0.382033
2.990000 0.392182 3.624208 -0.381986
2.995000 0.410303 3.618325 -0.381940
3.000000 0.428394 3.612170 -0.381894
3.005000 0.446455 3.605744 -0.381847
3.010000 0.464484 3.599048 -0.381801
3.015000 0.482479 3.592080 -0.381755
3.020000 0.500440 3.584843 -0.381708
3.025000 0.518364 3.577336 -0.381662
3.030000 0.536250 3.569561 -0.381615
3.035000 0.554098 3.561517 -0.381569
3.040000 0.571906 3.553206 -0.381523
3.045000 0.589672 3.544627 -0.381476
3.050000 0.607395 3.535782 -0.381430
3.055000 0.625074 3.526671 -0.381384
3.060000 0.642707 3.517295 -0.381337
3.065000 0.660294 3.507654 -0.381291
3.070000 0.677832 3.497750 -0.381244
3.075000 0.695321 3.487583 -0.381198
3.080000 0.712759 3.477153 -0.381152
3.085000 0.730144 3.466461 -0.381105
3.090000 0.747477 3.455509 -0.381059
3.095000 0.764754 3.444297 -0.381012
3.100000 0.781976 3.432826 -0.380966
3.105000 0.799140 3.421096 -0.380919
3.110000 0.816245 3.409109 -0.380873
3.115000 0.833291 3.396865 -0.380827
3.120000 0.850275 3.384366 -0.380780
3.125000 0.867197 3.371612 -0.380734
3.130000 0.884055 3.358604 -0.380687
3.135000 0.900848 3.345343 -0.380641
3.140000 0.917575 3.331830 -0.380594
3.145000 0.934234 3.318067 -0.380548
3.150000 0.950824 3.304053 -0.380501
3.155000 0.967345 3.289791 -0.380455
3.160000 0.983794 3.275281 -0.380408
3.165000 1.000170 3.260524 -0.380362
3.170000 1.016473 3.245521 -0.380316
3.175000 1.032700 3.230274 -0.380269
3.180000 1.048852 3.214784 -0.380223
3.185000 1.064926 3.199051 -0.380176
3.190000 1.080921 3.183077 -0.380130
3.195000 1.096836 3.166863 -0.380083
3.200000 1.112670 3.150411 -0.380037
3.205000 1.128423 3.133721 -0.379990
3.210000 1.144091 3.116794 -0.379944
3.215000 1.159675 3.099633 -0.379897
3.220000 1.175173 3.082238 -0.379851
3.225000 1.190584 3.064610 -0.379804
3.230000 1.205908 3.046751 -0.379758
3.235000 1.221141 3.028663 -0.379711
3.240000 1.236285 3.010346 -0.379665
3.245000 1.251336 2.991801 -0.379618
3.250000 1.266295 2.973031 -0.379572
3.255000 1.281160 2.954037 -0.379525
3.260000 1.295931 2.934819 -0.379478
3.265000 1.310605 2.915381 -0.379432
3.270000 1.325182 2.895721 -0.379385
3.275000 1.339660 2.875844 -0.379339
3.280000 1.354039 2.855749 -0.379292
3.285000 1.368318 2.835438 -0.379246
3.290000 1.382495 2.814913 -0.379199
3.295000 1.396570 2.794176 -0.379153
3.300000 1.410541 2.773227 -0.379106
3.305000 1.424407 2.752069 -0.379059
3.310000 1.438167 2.730703 -0.379013
3.315000 1.451821 2.709131 -0.378966
3.320000 1.465367 2.687353 -0.378920
3.325000 1.478803 2.665373 -0.378873
3.330000 1.492130 2.643191 -0.378827
3.335000 1.505346 2.620809 -0.378780
3.340000 1.518450 2.598229 -0.378733
3.345000 1.531441 2.575452 -0.378687
3.350000 1.544319 2.552480 -0.378640
3.355000 1.557081 2.529316 -0.378594
3.360000 1.569728 2.505959 -0.378547
3.365000 1.582257 2.482413 -0.378500
3.370000 1.594669 2.458680 -0.378454
3.375000 1.606963 2.434760 -0.378407
3.380000 1.619137 2.410655 -0.378361
3.385000 1.631190 2.386368 -0.378314
3.390000 1.643122 2.361900 -0.378267
3.395000 1.654931 2.337253 -0.378221
3.400000 1.666617 2.312429 -0.378174
3.405000 1.678180 2.287430 -0.378127
3.410000 1.689617 2.262257 -0.378081
3.415000 1.700928 2.236913 -0.378034
3.420000 1.712113 2.211399 -0.377987
3.425000 1.723170 2.185718 -0.377941
3.430000 1.734098 2.159870 -0.377894
3.435000 1.744898 2.133859 -0.377847
3.440000 1.755567 2.107685 -0.377801
3.445000 1.766105 2.081352 -0.377754
3.450000 1.776512 2.054860 -0.377707
3.455000 1.786786 2.028212 -0.377661
3.460000 1.796927 2.001411 -0.377614
3.465000 1.806934 1.974457 -0.377567
3.470000 1.816807 1.947353 -0.377521
3.475000 1.826544 1.920101 -0.377474
3.480000 1.836144 1.892702 -0.377427
3.485000 1.845608 1.865160 -0.377381
3.490000 1.854933 1.837476 -0.377334
3.495000 1.864121 1.809652 -0.377287
3.500000 1.873169 1.781690 -0.377241
3.505000 1.882077 1.753593 -0.377194
3.510000 1.890845 1.725362 -0.377147
3.515000 1.899472 1.696999 -0.377100
3.520000 1.907957 1.668507 -0.377054
3.525000 1.916300 1.639887 -0.377007
3.530000 1.924499 1.611143 -0.376960
3.535000 1.932555 1.582276 -0.376914
3.540000 1.940466 1.553287 -0.376867
3.545000 1.948233 1.524180 -0.376820
3.550000 1.955854 1.494957 -0.376773
3.555000 1.963328 1.465619 -0.376727
3.560000 1.970656 1.436169 -0.376680
3.565000 1.977837 1.406609 -0.376633
3.570000 1.984870 1.376942 -0.376586
3.575000 1.991755 1.347169 -0.376540
3.580000 1.998491 1.317292 -0.376493
3.585000 2.005077 1.287315 -0.376446
3.590000 2.011514 1.257239 -0.376399
3.595000 2.017800 1.227066 -0.376353
3.600000 2.023935 1.196799 -0.376306
3.605000 2.029919 1.166440 -0.376259
3.610000 2.035752 1.135991 -0.376212
3.615000 2.041432 1.105455 -0.376165
3.620000 2.046959 1.074833 -0.376119
3.625000 2.052333 1.044129 -0.376072
3.630000 2.057554 1.013344 -0.376025
3.635000 2.062620 0.982481 -0.375978
3.640000 2.067533 0.951541 -0.375932
3.645000 2.072291 0.920528 -0.375885
3.650000 2.076893 0.889444 -0.375838
3.655000 2.081340 0.858291 -0.375791
3.660000 2.085632 0.827071 -0.375744
3.665000 2.089767 0.795786 -0.375697
3.670000 2.093746 0.764440 -0.375651
3.675000 2.097568 0.733033 -0.375604
3.680000 2.101233 0.701570 -0.375557
3.685000 2.104741 0.670051 -0.375510
3.690000 2.108092 0.638480 -0.375463
3.695000 2.111284 0.606859 -0.375416
3.700000 2.114318 0.575190 -0.375370
3.705000 2.117194 0.543475 -0.375323
3.710000 2.119912 0.511717 -0.375276
3.715000 2.122470 0.479918 -0.375229
3.720000 2.124870 0.448081 -0.375182
3.725000 2.127110 0.416208 -0.375135
3.730000 2.129191 0.384301 -0.375088
3.735000 2.131113 0.352364 -0.375042
3.740000 2.132875 0.320397 -0.374995
3.745000 2.134477 0.288404 -0.374948
3.750000 2.135919 0.256387 -0.374901
3.755000 2.137201 0.224348 -0.374854
3.760000 2.138322 0.192290 -0.374807
3.765000 2.139284 0.160215 -0.374760
3.770000 2.140085 0.128126 -0.374713
3.775000 2.140725 0.096024 -0.374667
3.780000 2.141206 0.063914 -0.374620
3.785000 2.141525 0.031796 -0.374573
3.790000 2.141684 -0.000327 -0.374526
3.795000 2.141682 -0.032453 -0.374479
3.800000 2.141520 -0.064578 -0.374432
3.805000 2.141197 -0.096701 -0.374385
3.810000 2.140714 -0.128819 -0.374338
3.815000 2.140070 -0.160929 -0.374291
3.820000 2.139265 -0.193030 -0.374244
3.825000 2.138300 -0.225119 -0.374197
3.830000 2.137174 -0.257194 -0.374150
3.835000 2.135888 -0.289251 -0.374103
3.840000 2.134442 -0.321290 -0.374057
3.845000 2.132836 -0.353306 -0.374010
3.850000 2.131069 -0.385299 -0.373963
3.855000 2.129143 -0.417265 -0.373916
3.860000 2.127056 -0.449202 -0.373869
3.865000 2.124810 -0.481108 -0.373822
3.870000 2.122405 -0.512980 -0.373775
3.875000 2.119840 -0.544816 -0.373728
3.880000 2.117116 -0.576614 -0.373681
3.885000 2.114233 -0.608371 -0.373634
3.890000 2.111191 -0.640084 -0.373587
3.895000 2.107990 -0.671752 -0.373540
3.900000 2.104632 -0.703372 -0.373493
3.905000 2.101115 -0.734941 -0.373446
3.910000 2.097440 -0.766458 -0.373399
3.915000 2.093608 -0.797920 -0.373352
3.920000 2.089618 -0.829324 -0.373305
3.925000 2.085472 -0.860668 -0.373258
3.930000 2.081168 -0.891950 -0.373211
3.935000 2.076708 -0.923168 -0.373164
3.940000 2.072093 -0.954318 -0.373117
3.945000 2.067321 -0.985400 -0.373070
3.950000 2.062394 -1.016409 -0.373023
3.955000 2.057312 -1.047345 -0.372976
3.960000 2.052075 -1.078205 -0.372929
3.965000 2.046684 -1.108986 -0.372882
3.970000 2.041139 -1.139686 -0.372835
3.975000 2.035441 -1.170303 -0.372788
3.980000 2.029589 -1.200835 -0.372741
3.985000 2.023585 -1.231279 -0.372694
3.990000 2.017429 -1.261633 -0.372647
3.995000 2.011121 -1.291894 -0.372600
4.000000 2.004661 -1.322061 -0.372553
4.005000 1.998051 -1.352131 -0.372505
4.010000 1.991290 -1.382102 -0.372458
4.015000 1.984380 -1.411971 -0.372411
4.020000 1.977320 -1.441737 -0.372364
4.025000 1.970111 -1.471396 -0.372317
4.030000 1.962754 -1.500948 -0.372270
4.035000 1.955249 -1.530389 -0.372223
4.040000 1.947597 -1.559718 -0.372176
4.045000 1.939799 -1.588932 -0.372129
4.050000 1.931854 -1.618029 -0.372082
4.055000 1.923764 -1.647007 -0.372035
4.060000 1.915529 -1.675863 -0.371988
4.065000 1.907150 -1.704596 -0.371941
4.070000 1.898627 -1.733204 -0.371893
4.075000 1.889961 -1.761683 -0.371846
4.080000 1.881152 -1.790032 -0.371799
4.085000 1.872202 -1.818250 -0.371752
4.090000 1.863111 -1.846333 -0.371705
4.095000 1.853879 -1.874279 -0.371658
4.100000 1.844508 -1.902088 -0.371611
4.105000 1.834997 -1.929755 -0.371564
4.110000 1.825349 -1.957280 -0.371516
4.115000 1.815562 -1.984660 -0.371469
4.120000 1.805639 -2.011894 -0.371422
4.125000 1.795579 -2.038978 -0.371375
4.130000 1.785385 -2.065912 -0.371328
4.135000 1.775055 -2.092693 -0.371281
4.140000 1.764592 -2.119319 -0.371234
4.145000 1.753995 -2.145788 -0.371186
4.150000 1.743266 -2.172097 -0.371139
4.155000 1.732406 -2.198246 -0.371092
4.160000 1.721414 -2.224233 -0.371045
4.165000 1.710293 -2.250054 -0.370998
4.170000 1.699043 -2.275708 -0.370951
4.175000 1.687664 -2.301194 -0.370903
4.180000 1.676158 -2.326509 -0.370856
4.185000 1.664526 -2.351651 -0.370809
4.190000 1.652768 -2.376619 -0.370762
4.195000 1.640884 -2.401410 -0.370715
4.200000 1.628877 -2.426024 -0.370667
4.205000 1.616747 -2.450457 -0.370620
4.210000 1.604495 -2.474708 -0.370573
4.215000 1.592121 -2.498776 -0.370526
4.220000 1.579628 -2.522657 -0.370479
4.225000 1.567014 -2.546352 -0.370431
4.230000 1.554283 -2.569857 -0.370384
4.235000 1.541433 -2.593171 -0.370337
4.240000 1.528467 -2.616293 -0.370290
4.245000 1.515386 -2.639220 -0.370243
4.250000 1.502190 -2.661951 -0.370195
4.255000 1.488880 -2.684483 -0.370148
4.260000 1.475458 -2.706817 -0.370101
4.265000 1.461924 -2.728948 -0.370054
4.270000 1.448279 -2.750877 -0.370006
4.275000 1.434524 -2.772601 -0.369959
4.280000 1.420661 -2.794119 -0.369912
4.285000 1.406691 -2.815429 -0.369865
4.290000 1.392614 -2.836530 -0.369817
4.295000 1.378431 -2.857419 -0.369770
4.300000 1.364144 -2.878095 -0.369723
4.305000 1.349753 -2.898557 -0.369676
4.310000 1.335261 -2.918804 -0.369628
4.315000 1.320667 -2.938833 -0.369581
4.320000 1.305973 -2.958643 -0.369534
4.325000 1.291179 -2.978232 -0.369486
4.330000 1.276288 -2.997600 -0.369439
4.335000 1.261300 -3.016744 -0.369392
4.340000 1.246216 -3.035664 -0.369345
4.345000 1.231038 -3.054357 -0.369297
4.350000 1.215766 -3.072823 -0.369250
4.355000 1.200402 -3.091059 -0.369203
4.360000 1.184947 -3.109065 -0.369155
4.365000 1.169402 -3.126839 -0.369108
4.370000 1.153767 -3.144380 -0.369061
4.375000 1.138045 -3.161687 -0.369013
4.380000 1.122237 -3.178758 -0.368966
4.385000 1.106343 -3.195591 -0.368919
4.390000 1.090365 -3.212186 -0.368871
4.395000 1.074304 -3.228542 -0.368824
4.400000 1.058162 -3.244656 -0.368777
4.405000 1.041938 -3.260529 -0.368729
4.410000 1.025636 -3.276158 -0.368682
4.415000 1.009255 -3.291542 -0.368635
4.420000 0.992797 -3.306681 -0.368587
4.425000 0.976264 -3.321573 -0.368540
4.430000 0.959656 -3.336217 -0.368493
4.435000 0.942975 -3.350612 -0.368445
4.440000 0.926222 -3.364757 -0.368398
4.445000 0.909398 -3.378650 -0.368350
4.450000 0.892505 -3.392291 -0.368303
4.455000 0.875543 -3.405678 -0.368256
4.460000 0.858515 -3.418812 -0.368208
4.465000 0.841421 -3.431689 -0.368161
4.470000 0.824262 -3.444311 -0.368114
4.475000 0.807041 -3.456675 -0.368066
4.480000 0.789758 -3.468780 -0.368019
4.485000 0.772414 -3.480627 -0.367971
4.490000 0.755010 -3.492213 -0.367924
4.495000 0.737549 -3.503538 -0.367877
4.500000 0.720032 -3.514601 -0.367829
4.505000 0.702459 -3.525402 -0.367782
4.510000 0.684832 -3.535938 -0.367734
4.515000 0.667152 -3.546211 -0.367687
4.520000 0.649421 -3.556218 -0.367640
4.525000 0.631640 -3.565960 -0.367592
4.530000 0.613810 -3.575434 -0.367545
4.535000 0.595933 -3.584641 -0.367497
4.540000 0.578010 -3.593580 -0.367450
4.545000 0.560042 -3.602250 -0.367402
4.550000 0.542031 -3.610651 -0.367355
4.555000 0.523977 -3.618782 -0.367307
4.560000 0.505883 -3.626641 -0.367260
4.565000 0.487750 -3.634229 -0.367213
4.570000 0.469579 -3.641546 -0.367165
4.575000 0.451371 -3.648589 -0.367118
4.580000 0.433128 -3.655360 -0.367070
4.585000 0.414852 -3.661857 -0.367023
4.590000 0.396542 -3.668080 -0.366975
4.595000 0.378202 -3.674028 -0.366928
4.600000 0.359832 -3.679701 -0.366880
4.605000 0.341433 -3.685098 -0.366833
4.610000 0.323008 -3.690220 -0.366785
4.615000 0.304557 -3.695065 -0.366738
4.620000 0.286081 -3.699633 -0.366690
4.625000 0.267583 -3.703924 -0.366643
4.630000 0.249064 -3.707938 -0.366595
4.635000 0.230524 -3.711674 -0.366548
4.640000 0.211965 -3.715132 -0.366500
4.645000 0.193390 -3.718312 -0.366453
4.650000 0.174798 -3.721212 -0.366405
4.655000 0.156192 -3.723834 -0.366358
4.660000 0.137573 -3.726177 -0.366310
4.665000 0.118942 -3.728241 -0.366263
4.670000 0.100301 -3.730025 -0.366215
4.675000 0.081651 -3.731529 -0.366168
4.680000 0.062993 -3.732754 -0.366120
4.685000 0.044329 -3.733699 -0.366073
4.690000 0.025661 -3.734364 -0.366025
4.695000 0.006989 -3.734749 -0.365977
4.700000 -0.011685 -3.734854 -0.365930
4.705000 -0.030359 -3.734679 -0.365882
4.710000 -0.049032 -3.734223 -0.365835
4.715000 -0.067703 -3.733488 -0.365787
4.720000 -0.086371 -3.732472 -0.365740
4.725000 -0.105033 -3.731177 -0.365692
4.730000 -0.123689 -3.729601 -0.365645
4.735000 -0.142337 -3.727746 -0.365597
4.740000 -0.160976 -3.725611 -0.365549
4.745000 -0.179604 -3.723196 -0.365502
4.750000 -0.198220 -3.720502 -0.365454
4.755000 -0.216822 -3.717529 -0.365407
4.760000 -0.235410 -3.714276 -0.365359
4.765000 -0.253981 -3.710745 -0.365311
4.770000 -0.272535 -3.706935 -0.365264
4.775000 -0.291070 -3.702847 -0.365216
4.780000 -0.309584 -3.698481 -0.365169
4.785000 -0.328076 -3.693838 -0.365121
4.790000 -0.346546 -3.688916 -0.365073
4.795000 -0.364990 -3.683718 -0.365026
4.800000 -0.383409 -3.678243 -0.364978
4.805000 -0.401800 -3.672492 -0.364930
4.810000 -0.420163 -3.666465 -0.364883
4.815000 -0.438495 -3.660163 -0.364835
4.820000 -0.456796 -3.653585 -0.364788
4.825000 -0.475064 -3.646734 -0.364740
4.830000 -0.493297 -3.639608 -0.364692
4.835000 -0.511495 -3.632208 -0.364645
4.840000 -0.529656 -3.624536 -0.364597
4.845000 -0.547779 -3.616591 -0.364549
4.850000 -0.565862 -3.608374 -0.364502
4.855000 -0.583904 -3.599886 -0.364454
4.860000 -0.601903 -3.591128 -0.364406
4.865000 -0.619859 -3.582099 -0.364359
4.870000 -0.637769 -3.572801 -0.364311
4.875000 -0.655633 -3.563235 -0.364263
4.880000 -0.673450 -3.553400 -0.364216
4.885000 -0.691217 -3.543298 -0.364168
4.890000 -0.708933 -3.532930 -0.364120
4.895000 -0.726598 -3.522296 -0.364073
4.900000 -0.744209 -3.511397 -0.364025
4.905000 -0.761766 -3.500234 -0.363977
4.910000 -0.779267 -3.488808 -0.363929
4.915000 -0.796711 -3.477119 -0.363882
4.920000 -0.814097 -3.465168 -0.363834
4.925000 -0.831423 -3.452956 -0.363786
4.930000 -0.848688 -3.440485 -0.363739
4.935000 -0.865890 -3.427755 -0.363691
4.940000 -0.883029 -3.414766 -0.363643
4.945000 -0.900103 -3.401521 -0.363595
4.950000 -0.917110 -3.388019 -0.363548
4.955000 -0.934050 -3.374263 -0.363500
4.960000 -0.950922 -3.360252 -0.363452
4.965000 -0.967723 -3.345988 -0.363405
4.970000 -0.984453 -3.331472 -0.363357
4.975000 -1.001110 -3.316706 -0.363309
4.980000 -1.017694 -3.301689 -0.363261
4.985000 -1.034202 -3.286424 -0.363214
4.990000 -1.050634 -3.270911 -0.363166
4.995000 -1.066989 -3.255151 -0.363118
5.000000 -1.083265 -3.239146 -0.363070
5.005000 -1.099460 -3.222897 -0.363022
5.010000 -1.115575 -3.206405 -0.362975
5.015000 -1.131607 -3.189672 -0.362927
5.020000 -1.147555 -3.172698 -0.362879
5.025000 -1.163419 -3.155484 -0.362831
5.030000 -1.179196 -3.138033 -0.362784
5.035000 -1.194886 -3.120345 -0.362736
5.040000 -1.210488 -3.102422 -0.362688
5.045000 -1.226000 -3.084264 -0.362640
5.050000 -1.241421 -3.065874 -0.362592
5.055000 -1.256751 -3.047253 -0.362545
5.060000 -1.271987 -3.028402 -0.362497
5.065000 -1.287129 -3.009322 -0.362449
5.070000 -1.302176 -2.990015 -0.362401
5.075000 -1.317126 -2.970482 -0.362353
5.080000 -1.331978 -2.950726 -0.362306
5.085000 -1.346732 -2.930746 -0.362258
5.090000 -1.361386 -2.910545 -0.362210
5.095000 -1.375938 -2.890124 -0.362162
5.100000 -1.390389 -2.869485 -0.362114
5.105000 -1.404736 -2.848629 -0.362066
5.110000 -1.418979 -2.827558 -0.362018
5.115000 -1.433117 -2.806273 -0.361971
5.120000 -1.447149 -2.784777 -0.361923
5.125000 -1.461073 -2.763069 -0.361875
5.130000 -1.474888 -2.741153 -0.361827
5.135000 -1.488594 -2.719030 -0.361779
5.140000 -1.502189 -2.696701 -0.361731
5.145000 -1.515672 -2.674168 -0.361683
5.150000 -1.529043 -2.651433 -0.361636
5.155000 -1.542300 -2.628498 -0.361588
5.160000 -1.555443 -2.605363 -0.361540
5.165000 -1.568470 -2.582031 -0.361492
5.170000 -1.581380 -2.558504 -0.361444
5.175000 -1.594172 -2.534784 -0.361396
5.180000 -1.606846 -2.510871 -0.361348
5.185000 -1.619401 -2.486768 -0.361300
5.190000 -1.631834 -2.462477 -0.361252
5.195000 -1.644147 -2.438000 -0.361205
5.200000 -1.656337 -2.413338 -0.361157
5.205000 -1.668403 -2.388493 -0.361109
5.210000 -1.680346 -2.363467 -0.361061
5.215000 -1.692163 -2.338261 -0.361013
5.220000 -1.703855 -2.312879 -0.360965
5.225000 -1.715419 -2.287321 -0.360917
5.230000 -1.726856 -2.261590 -0.360869
5.235000 -1.738164 -2.235687 -0.360821
5.240000 -1.749342 -2.209615 -0.360773
5.245000 -1.760390 -2.183374 -0.360725
5.250000 -1.771307 -2.156969 -0.360677
5.255000 -1.782092 -2.130399 -0.360629
5.260000 -1.792744 -2.103668 -0.360581
5.265000 -1.803262 -2.076776 -0.360534
5.270000 -1.813646 -2.049728 -0.360486
5.275000 -1.823895 -2.022523 -0.360438
5.280000 -1.834007 -1.995164 -0.360390
5.285000 -1.843983 -1.967654 -0.360342
5.290000 -1.853821 -1.939995 -0.360294
5.295000 -1.863521 -1.912187 -0.360246
5.300000 -1.873082 -1.884234 -0.360198
5.305000 -1.882503 -1.856138 -0.360150
5.310000 -1.891784 -1.827901 -0.360102
5.315000 -1.900924 -1.799524 -0.360054
5.320000 -1.909921 -1.771010 -0.360006
5.325000 -1.918776 -1.742361 -0.359958
5.330000 -1.927488 -1.713580 -0.359910
5.335000 -1.936056 -1.684667 -0.359862
5.340000 -1.944479 -1.655626 -0.359814
5.345000 -1.952757 -1.626459 -0.359766
5.350000 -1.960890 -1.597168 -0.359718
5.355000 -1.968876 -1.567755 -0.359670
5.360000 -1.976714 -1.538221 -0.359622
5.365000 -1.984405 -1.508571 -0.359574
5.370000 -1.991948 -1.478805 -0.359526
5.375000 -1.999342 -1.448925 -0.359478
5.380000 -2.006587 -1.418935 -0.359430
5.385000 -2.013682 -1.388836 -0.359381
5.390000 -2.020626 -1.358631 -0.359333
5.395000 -2.027419 -1.328322 -0.359285
5.400000 -2.034061 -1.297911 -0.359237
5.405000 -2.040550 -1.267400 -0.359189
5.410000 -2.046887 -1.236791 -0.359141
5.415000 -2.053071 -1.206088 -0.359093
5.420000 -2.059102 -1.175292 -0.359045
5.425000 -2.064978 -1.144405 -0.358997
5.430000 -2.070700 -1.113431 -0.358949
5.435000 -2.076267 -1.082370 -0.358901
5.440000 -2.081679 -1.051226 -0.358853
5.445000 -2.086935 -1.020001 -0.358805
5.450000 -2.092035 -0.988697 -0.358757
5.455000 -2.096979 -0.957317 -0.358708
5.460000 -2.101765 -0.925862 -0.358660
5.465000 -2.106395 -0.894335 -0.358612
5.470000 -2.110866 -0.862739 -0.358564
5.475000 -2.115180 -0.831076 -0.358516
5.480000 -2.119335 -0.799349 -0.358468
5.485000 -2.123332 -0.767559 -0.358420
5.490000 -2.127170 -0.735709 -0.358372
5.495000 -2.130848 -0.703801 -0.358324
5.500000 -2.134367 -0.671839 -0.358275
5.505000 -2.137727 -0.639823 -0.358227
5.510000 -2.140926 -0.607757 -0.358179
5.515000 -2.143964 -0.575643 -0.358131
5.520000 -2.146843 -0.543484 -0.358083
5.525000 -2.149560 -0.511281 -0.358035
5.530000 -2.152116 -0.479038 -0.357987
5.535000 -2.154512 -0.446756 -0.357939
5.540000 -2.156745 -0.414438 -0.357890
5.545000 -2.158818 -0.382087 -0.357842
5.550000 -2.160728 -0.349705 -0.357794
5.555000 -2.162477 -0.317294 -0.357746
5.560000 -2.164063 -0.284857 -0.357698
5.565000 -2.165487 -0.252396 -0.357650
5.570000 -2.166749 -0.219914 -0.357601
5.575000 -2.167849 -0.187412 -0.357553
5.580000 -2.168786 -0.154895 -0.357505
5.585000 -2.169560 -0.122363 -0.357457
5.590000 -2.170172 -0.089819 -0.357409
5.595000 -2.170621 -0.057267 -0.357360
5.600000 -2.170908 -0.024707 -0.357312
5.605000 -2.171031 0.007856 -0.357264
5.610000 -2.170992 0.040422 -0.357216
5.615000 -2.170790 0.072987 -0.357168
5.620000 -2.170425 0.105548 -0.357119
5.625000 -2.169897 0.138105 -0.357071
5.630000 -2.169207 0.170653 -0.357023
5.635000 -2.168353 0.203191 -0.356975
5.640000 -2.167337 0.235717 -0.356927
5.645000 -2.166159 0.268227 -0.356878
5.650000 -2.164818 0.300719 -0.356830
5.655000 -2.163314 0.333191 -0.356782
5.660000 -2.161648 0.365641 -0.356734
5.665000 -2.159820 0.398066 -0.356685
5.670000 -2.157830 0.430463 -0.356637
5.675000 -2.155677 0.462831 -0.356589
5.680000 -2.153363 0.495166 -0.356541
5.685000 -2.150887 0.527466 -0.356492
5.690000 -2.148250 0.559729 -0.356444
5.695000 -2.145451 0.591953 -0.356396
5.700000 -2.142492 0.624135 -0.356348
5.705000 -2.139371 0.656272 -0.356299
5.710000 -2.136090 0.688363 -0.356251
5.715000 -2.132648 0.720404 -0.356203
5.720000 -2.129046 0.752394 -0.356154
5.725000 -2.125284 0.784330 -0.356106
5.730000 -2.121362 0.816209 -0.356058
5.735000 -2.117281 0.848029 -0.356010
5.740000 -2.113041 0.879789 -0.355961
5.745000 -2.108642 0.911484 -0.355913
5.750000 -2.104085 0.943114 -0.355865
5.755000 -2.099369 0.974675 -0.355816
5.760000 -2.094496 1.006166 -0.355768
5.765000 -2.089465 1.037583 -0.355720
5.770000 -2.084277 1.068925 -0.355671
5.775000 -2.078932 1.100189 -0.355623
5.780000 -2.073431 1.131373 -0.355575
5.785000 -2.067774 1.162475 -0.355526
5.790000 -2.061962 1.193491 -0.355478
5.795000 -2.055995 1.224421 -0.355430
5.800000 -2.049872 1.255261 -0.355381
5.805000 -2.043596 1.286009 -0.355333
5.810000 -2.037166 1.316663 -0.355285
5.815000 -2.030583 1.347220 -0.355236
5.820000 -2.023847 1.377679 -0.355188
5.825000 -2.016958 1.408037 -0.355140
5.830000 -2.009918 1.438291 -0.355091
5.835000 -2.002727 1.468440 -0.355043
5.840000 -1.995384 1.498481 -0.354994
5.845000 -1.987892 1.528411 -0.354946
5.850000 -1.980250 1.558230 -0.354898
5.855000 -1.972459 1.587933 -0.354849
5.860000 -1.964519 1.617520 -0.354801
5.865000 -1.956432 1.646988 -0.354753
5.870000 -1.948197 1.676335 -0.354704
5.875000 -1.939815 1.705558 -0.354656
5.880000 -1.931287 1.734655 -0.354607
5.885000 -1.922614 1.763624 -0.354559
5.890000 -1.913796 1.792463 -0.354511
5.895000 -1.904834 1.821170 -0.354462
5.900000 -1.895728 1.849743 -0.354414
5.905000 -1.886479 1.878179 -0.354365
5.910000 -1.877088 1.906476 -0.354317
5.915000 -1.867556 1.934632 -0.354268
5.920000 -1.857883 1.962645 -0.354220
5.925000 -1.848069 1.990514 -0.354172
5.930000 -1.838117 2.018235 -0.354123
5.935000 -1.828026 2.045807 -0.354075
5.940000 -1.817797 2.073227 -0.354026
5.945000 -1.807430 2.100494 -0.353978
5.950000 -1.796928 2.127605 -0.353929
5.955000 -1.786290 2.154559 -0.353881
5.960000 -1.775517 2.181354 -0.353832
5.965000 -1.764610 2.207986 -0.353784
5.970000 -1.753570 2.234455 -0.353736
5.975000 -1.742398 2.260759 -0.353687
5.980000 -1.731094 2.286895 -0.353639
5.985000 -1.719660 2.312861 -0.353590
5.990000 -1.708096 2.338656 -0.353542
5.995000 -1.696402 2.364278 -0.353493
6.000000 -1.684581 2.389724 -0.353445
6.005000 -1.672632 2.414992 -0.353396
6.010000 -1.660557 2.440082 -0.353348
6.015000 -1.648357 2.464990 -0.353299
6.020000 -1.636032 2.489716 -0.353251
6.025000 -1.623583 2.514256 -0.353202
6.030000 -1.611012 2.538610 -0.353154
6.035000 -1.598319 2.562775 -0.353105
6.040000 -1.585505 2.586750 -0.353057
6.045000 -1.572571 2.610532 -0.353008
6.050000 -1.559519 2.634121 -0.352960
6.055000 -1.546348 2.657514 -0.352911
6.060000 -1.533061 2.680709 -0.352863
6.065000 -1.519657 2.703705 -0.352814
6.070000 -1.506138 2.726500 -0.352765
6.075000 -1.492506 2.749092 -0.352717
6.080000 -1.478761 2.771479 -0.352668
6.085000 -1.464903 2.793661 -0.352620
6.090000 -1.450935 2.815634 -0.352571
6.095000 -1.436857 2.837398 -0.352523
6.100000 -1.422670 2.858951 -0.352474
6.105000 -1.408375 2.880291 -0.352426
6.110000 -1.393973 2.901417 -0.352377
6.115000 -1.379466 2.922327 -0.352328
6.120000 -1.364855 2.943019 -0.352280
6.125000 -1.350140 2.963491 -0.352231
6.130000 -1.335322 2.983743 -0.352183
6.135000 -1.320403 3.003773 -0.352134
6.140000 -1.305385 3.023579 -0.352086
6.145000 -1.290267 3.043160 -0.352037
6.150000 -1.275051 3.062514 -0.351988
6.155000 -1.259738 3.081640 -0.351940
6.160000 -1.244330 3.100536 -0.351891
6.165000 -1.228827 3.119201 -0.351843
6.170000 -1.213231 3.137633 -0.351794
6.175000 -1.197543 3.155832 -0.351745
6.180000 -1.181764 3.173795 -0.351697
6.185000 -1.165895 3.191521 -0.351648
6.190000 -1.149938 3.209010 -0.351599
6.195000 -1.133892 3.226259 -0.351551
6.200000 -1.117761 3.243267 -0.351502
6.205000 -1.101545 3.260034 -0.351454
6.210000 -1.085245 3.276557 -0.351405
6.215000 -1.068862 3.292836 -0.351356
6.220000 -1.052398 3.308868 -0.351308
6.225000 -1.035853 3.324654 -0.351259
6.230000 -1.019230 3.340192 -0.351210
6.235000 -1.002529 3.355481 -0.351162
6.240000 -0.985752 3.370519 -0.351113
6.245000 -0.968899 3.385305 -0.351064
6.250000 -0.951973 3.399838 -0.351016
6.255000 -0.934973 3.414118 -0.350967
6.260000 -0.917903 3.428143 -0.350918
6.265000 -0.900762 3.441911 -0.350870
6.270000 -0.883553 3.455423 -0.350821
6.275000 -0.866275 3.468676 -0.350772
6.280000 -0.848932 3.481670 -0.350724
6.285000 -0.831524 3.494404 -0.350675
6.290000 -0.814052 3.506877 -0.350626
6.295000 -0.796517 3.519088 -0.350577
6.300000 -0.778922 3.531035 -0.350529
6.305000 -0.761267 3.542719 -0.350480
6.310000 -0.743553 3.554138 -0.350431
6.315000 -0.725782 3.565291 -0.350383
6.320000 -0.707956 3.576178 -0.350334
6.325000 -0.690075 3.586798 -0.350285
6.330000 -0.672141 3.597149 -0.350236
6.335000 -0.654155 3.607231 -0.350188
6.340000 -0.636119 3.617043 -0.350139
6.345000 -0.618034 3.626585 -0.350090
6.350000 -0.599901 3.635855 -0.350041
6.355000 -0.581722 3.644854 -0.349993
6.360000 -0.563497 3.653580 -0.349944
6.365000 -0.545230 3.662032 -0.349895
6.370000 -0.526919 3.670211 -0.349846
6.375000 -0.508568 3.678114 -0.349798
6.380000 -0.490178 3.685743 -0.349749
6.385000 -0.471749 3.693096 -0.349700
6.390000 -0.453284 3.700172 -0.349651
6.395000 -0.434783 3.706971 -0.349603
6.400000 -0.416248 3.713493 -0.349554
6.405000 -0.397680 3.719737 -0.349505
6.410000 -0.379082 3.725702 -0.349456
6.415000 -0.360453 3.731388 -0.349407
6.420000 -0.341796 3.736795 -0.349359
6.425000 -0.323112 3.741922 -0.349310
6.430000 -0.304403 3.746768 -0.349261
6.435000 -0.285669 3.751335 -0.349212
6.440000 -0.266912 3.755620 -0.349163
6.445000 -0.248134 3.759623 -0.349115
6.450000 -0.229336 3.763345 -0.349066
6.455000 -0.210519 3.766785 -0.349017
6.460000 -0.191685 3.769943 -0.348968
6.465000 -0.172836 3.772818 -0.348919
6.470000 -0.153972 3.775411 -0.348871
6.475000 -0.135094 3.777720 -0.348822
6.480000 -0.116206 3.779747 -0.348773
6.485000 -0.097307 3.781490 -0.348724
6.490000 -0.078400 3.782950 -0.348675
6.495000 -0.059485 3.784126 -0.348626
6.500000 -0.040564 3.785018 -0.348577
6.505000 -0.021639 3.785626 -0.348529
6.510000 -0.002711 3.785951 -0.348480
6.515000 0.016219 3.785992 -0.348431
6.520000 0.035149 3.785748 -0.348382
6.525000 0.054077 3.785221 -0.348333
6.530000 0.073003 3.784410 -0.348284
6.535000 0.091926 3.783315 -0.348235
6.540000 0.110842 3.781936 -0.348186
6.545000 0.129752 3.780273 -0.348138
6.550000 0.148653 3.778327 -0.348089
6.555000 0.167545 3.776097 -0.348040
6.560000 0.186425 3.773584 -0.347991
6.565000 0.205293 3.770788 -0.347942
6.570000 0.224147 3.767708 -0.347893
6.575000 0.242986 3.764346 -0.347844
6.580000 0.261807 3.760701 -0.347795
6.585000 0.280611 3.756774 -0.347746
6.590000 0.299395 3.752565 -0.347697
6.595000 0.318158 3.748074 -0.347649
6.600000 0.336898 3.743302 -0.347600
6.605000 0.355614 3.738248 -0.347551
6.610000 0.374306 3.732914 -0.347502
6.615000 0.392970 3.727299 -0.347453
6.620000 0.411607 3.721405 -0.347404
6.625000 0.430214 3.715231 -0.347355
6.630000 0.448790 3.708778 -0.347306
6.635000 0.467334 3.702046 -0.347257
6.640000 0.485844 3.695036 -0.347208
6.645000 0.504319 3.687748 -0.347159
6.650000 0.522758 3.680183 -0.347110
6.655000 0.541159 3.672342 -0.347061
6.660000 0.559521 3.664225 -0.347012
6.665000 0.577842 3.655832 -0.346963
6.670000 0.596121 3.647164 -0.346914
6.675000 0.614357 3.638222 -0.346865
6.680000 0.632548 3.629007 -0.346816
6.685000 0.650693 3.619519 -0.346767
6.690000 0.668790 3.609758 -0.346718
6.695000 0.686839 3.599726 -0.346669
6.700000 0.704838 3.589424 -0.346620
6.705000 0.722785 3.578851 -0.346571
6.710000 0.740679 3.568010 -0.346522
6.715000 0.758519 3.556899 -0.346473
6.720000 0.776304 3.545522 -0.346424
6.725000 0.794031 3.533877 -0.346375
6.730000 0.811701 3.521967 -0.346326
6.735000 0.829311 3.509791 -0.346277
6.740000 0.846860 3.497351 -0.346228
6.745000 0.864346 3.484648 -0.346179
6.750000 0.881770 3.471683 -0.346130
6.755000 0.899128 3.458457 -0.346081
6.760000 0.916420 3.444970 -0.346032
6.765000 0.933645 3.431224 -0.345983
6.770000 0.950801 3.417219 -0.345934
6.775000 0.967887 3.402957 -0.345885
6.780000 0.984902 3.388439 -0.345836
6.785000 1.001844 3.373665 -0.345787
6.790000 1.018713 3.358637 -0.345738
6.795000 1.035506 3.343357 -0.345689
6.800000 1.052223 3.327824 -0.345640
6.805000 1.068862 3.312041 -0.345590
6.810000 1.085422 3.296008 -0.345541
6.815000 1.101902 3.279726 -0.345492
6.820000 1.118301 3.263198 -0.345443
6.825000 1.134617 3.246423 -0.345394
6.830000 1.150849 3.229404 -0.345345
6.835000 1.166996 3.212141 -0.345296
6.840000 1.183056 3.194636 -0.345247
6.845000 1.199030 3.176891 -0.345198
6.850000 1.214914 3.158905 -0.345149
6.855000 1.230709 3.140681 -0.345099
6.860000 1.246412 3.122221 -0.345050
6.865000 1.262023 3.103525 -0.345001
6.870000 1.277541 3.084594 -0.344952
6.875000 1.292964 3.065431 -0.344903
6.880000 1.308291 3.046037 -0.344854
6.885000 1.323521 3.026412 -0.344805
6.890000 1.338653 3.006560 -0.344756
6.895000 1.353686 2.986480 -0.344706
6.900000 1.368618 2.966174 -0.344657
6.905000 1.383449 2.945645 -0.344608
6.910000 1.398177 2.924893 -0.344559
6.915000 1.412802 2.903921 -0.344510
6.920000 1.427321 2.882729 -0.344461
6.925000 1.441735 2.861319 -0.344412
6.930000 1.456042 2.839693 -0.344362
6.935000 1.470240 2.817852 -0.344313
6.940000 1.484329 2.795799 -0.344264
6.945000 1.498308 2.773534 -0.344215
6.950000 1.512176 2.751059 -0.344166
6.955000 1.525931 2.728377 -0.344116
6.960000 1.539573 2.705488 -0.344067
6.965000 1.553101 2.682394 -0.344018
6.970000 1.566513 2.659097 -0.343969
6.975000 1.579808 2.635600 -0.343920
6.980000 1.592986 2.611903 -0.343870
6.985000 1.606046 2.588008 -0.343821
6.990000 1.618986 2.563917 -0.343772
6.995000 1.631805 2.539632 -0.343723
7.000000 1.644503 2.515155 -0.343674
7.005000 1.657079 2.490488 -0.343624
7.010000 1.669532 2.465632 -0.343575
7.015000 1.681860 2.440589 -0.343526
7.020000 1.694063 2.415361 -0.343477
7.025000 1.706140 2.389950 -0.343427
7.030000 1.718089 2.364358 -0.343378
7.035000 1.729911 2.338586 -0.343329
7.040000 1.741604 2.312638 -0.343280
7.045000 1.753167 2.286514 -0.343230
7.050000 1.764600 2.260216 -0.343181
7.055000 1.775901 2.233747 -0.343132
7.060000 1.787070 2.207109 -0.343083
7.065000 1.798105 2.180302 -0.343033
7.070000 1.809007 2.153331 -0.342984
7.075000 1.819773 2.126196 -0.342935
7.080000 1.830404 2.098899 -0.342886
7.085000 1.840899 2.071443 -0.342836
7.090000 1.851256 2.043830 -0.342787
7.095000 1.861475 2.016061 -0.342738
7.100000 1.871555 1.988139 -0.342688
7.105000 1.881496 1.960065 -0.342639
7.110000 1.891297 1.931843 -0.342590
7.115000 1.900956 1.903473 -0.342540
7.120000 1.910473 1.874959 -0.342491
7.125000 1.919848 1.846302 -0.342442
7.130000 1.929079 1.817504 -0.342393
7.135000 1.938167 1.788568 -0.342343
7.140000 1.947110 1.759496 -0.342294
7.145000 1.955907 1.730289 -0.342245
7.150000 1.964559 1.700950 -0.342195
7.155000 1.973063 1.671482 -0.342146
7.160000 1.981421 1.641886 -0.342097
7.165000 1.989630 1.612165 -0.342047
7.170000 1.997691 1.582320 -0.341998
7.175000 2.005603 1.552355 -0.341949
7.180000 2.013364 1.522271 -0.341899
7.185000 2.020976 1.492070 -0.341850
7.190000 2.028436 1.461756 -0.341800
7.195000 2.035745 1.431329 -0.341751
7.200000 2.042902 1.400793 -0.341702
7.205000 2.049906 1.370150 -0.341652
7.210000 2.056756 1.339401 -0.341603
7.215000 2.063453 1.308550 -0.341554
7.220000 2.069996 1.277598 -0.341504
7.225000 2.076384 1.246548 -0.341455
7.230000 2.082617 1.215402 -0.341405
7.235000 2.088694 1.184163 -0.341356
7.240000 2.094615 1.152832 -0.341307
7.245000 2.100379 1.121413 -0.341257
7.250000 2.105986 1.089908 -0.341208
7.255000 2.111435 1.058318 -0.341158
7.260000 2.116727 1.026646 -0.341109
7.265000 2.121860 0.994895 -0.341060
7.270000 2.126835 0.963067 -0.341010
7.275000 2.131650 0.931165 -0.340961
7.280000 2.136306 0.899190 -0.340911
7.285000 2.140802 0.867146 -0.340862
7.290000 2.145138 0.835034 -0.340812
7.295000 2.149313 0.802856 -0.340763
7.300000 2.153327 0.770617 -0.340714
7.305000 2.157180 0.738317 -0.340664
7.310000 2.160872 0.705959 -0.340615
7.315000 2.164401 0.673546 -0.340565
7.320000 2.167769 0.641080 -0.340516
7.325000 2.170975 0.608564 -0.340466
7.330000 2.174017 0.575999 -0.340417
7.335000 2.176897 0.543389 -0.340367
7.340000 2.179614 0.510735 -0.340318
7.345000 2.182168 0.478041 -0.340268
7.350000 2.184558 0.445308 -0.340219
7.355000 2.186785 0.412540 -0.340169
7.360000 2.188847 0.379738 -0.340120
7.365000 2.190746 0.346906 -0.340070
7.370000 2.192481 0.314044 -0.340021
7.375000 2.194051 0.281157 -0.339971
7.380000 2.195457 0.248246 -0.339922
7.385000 2.196698 0.215315 -0.339872
7.390000 2.197774 0.182364 -0.339823
7.395000 2.198686 0.149397 -0.339773
7.400000 2.199433 0.116417 -0.339724
7.405000 2.200015 0.083426 -0.339674
7.410000 2.200433 0.050425 -0.339625
7.415000 2.200685 0.017419 -0.339575
7.420000 2.200772 -0.015591 -0.339526
7.425000 2.200694 -0.048603 -0.339476
7.430000 2.200451 -0.081613 -0.339427
7.435000 2.200043 -0.114620 -0.339377
7.440000 2.199470 -0.147621 -0.339328
7.445000 2.198731 -0.180613 -0.339278
7.450000 2.197828 -0.213594 -0.339229
7.455000 2.196760 -0.246561 -0.339179
7.460000 2.195528 -0.279513 -0.339129
7.465000 2.194130 -0.312445 -0.339080
7.470000 2.192568 -0.345357 -0.339030
7.475000 2.190841 -0.378246 -0.338981
7.480000 2.188950 -0.411109 -0.338931
7.485000 2.186894 -0.443943 -0.338882
7.490000 2.184675 -0.476746 -0.338832
7.495000 2.182291 -0.509516 -0.338782
7.500000 2.179743 -0.542251 -0.338733
7.505000 2.177032 -0.574947 -0.338683
7.510000 2.174157 -0.607602 -0.338634
7.515000 2.171119 -0.640215 -0.338584
7.520000 2.167918 -0.672781 -0.338534
7.525000 2.164554 -0.705300 -0.338485
7.530000 2.161028 -0.737769 -0.338435
7.535000 2.157339 -0.770184 -0.338386
7.540000 2.153488 -0.802544 -0.338336
7.545000 2.149475 -0.834846 -0.338286
7.550000 2.145301 -0.867088 -0.338237
7.555000 2.140966 -0.899268 -0.338187
7.560000 2.136469 -0.931382 -0.338137
7.565000 2.131812 -0.963430 -0.338088
7.570000 2.126995 -0.995407 -0.338038
7.575000 2.122018 -1.027312 -0.337989
7.580000 2.116882 -1.059142 -0.337939
7.585000 2.111586 -1.090895 -0.337889
7.590000 2.106131 -1.122569 -0.337840
7.595000 2.100519 -1.154161 -0.337790
7.600000 2.094748 -1.185669 -0.337740
7.605000 2.088819 -1.217090 -0.337691
7.610000 2.082734 -1.248422 -0.337641
7.615000 2.076492 -1.279663 -0.337591
7.620000 2.070094 -1.310811 -0.337542
7.625000 2.063540 -1.341862 -0.337492
7.630000 2.056830 -1.372815 -0.337442
7.635000 2.049966 -1.403668 -0.337392
7.640000 2.042948 -1.434417 -0.337343
7.645000 2.035776 -1.465061 -0.337293
7.650000 2.028450 -1.495598 -0.337243
7.655000 2.020972 -1.526025 -0.337194
7.660000 2.013342 -1.556339 -0.337144
7.665000 2.005561 -1.586539 -0.337094
7.670000 1.997628 -1.616623 -0.337044
7.675000 1.989545 -1.646587 -0.336995
7.680000 1.981312 -1.676430 -0.336945
7.685000 1.972930 -1.706150 -0.336895
7.690000 1.964399 -1.735744 -0.336846
7.695000 1.955720 -1.765210 -0.336796
7.700000 1.946894 -1.794546 -0.336746
7.705000 1.937921 -1.823749 -0.336696
7.710000 1.928803 -1.852818 -0.336647
7.715000 1.919539 -1.881750 -0.336597
7.720000 1.910130 -1.910543 -0.336547
7.725000 1.900577 -1.939195 -0.336497
7.730000 1.890881 -1.967704 -0.336448
7.735000 1.881043 -1.996067 -0.336398
7.740000 1.871062 -2.024283 -0.336348
7.745000 1.860941 -2.052349 -0.336298
7.750000 1.850679 -2.080263 -0.336249
7.755000 1.840278 -2.108023 -0.336199
7.760000 1.829738 -2.135627 -0.336149
7.765000 1.819060 -2.163073 -0.336099
7.770000 1.808244 -2.190359 -0.336049
7.775000 1.797292 -2.217483 -0.336000
7.780000 1.786205 -2.244442 -0.335950
7.785000 1.774983 -2.271235 -0.335900
7.790000 1.763627 -2.297860 -0.335850
7.795000 1.752137 -2.324314 -0.335800
7.800000 1.740516 -2.350596 -0.335751
7.805000 1.728763 -2.376704 -0.335701
7.810000 1.716879 -2.402635 -0.335651
7.815000 1.704866 -2.428389 -0.335601
7.820000 1.692724 -2.453962 -0.335551
7.825000 1.680454 -2.479352 -0.335501
7.830000 1.668058 -2.504559 -0.335452
7.835000 1.655535 -2.529580 -0.335402
7.840000 1.642887 -2.554413 -0.335352
7.845000 1.630115 -2.579056 -0.335302
7.850000 1.617220 -2.603508 -0.335252
7.855000 1.604202 -2.627767 -0.335202
7.860000 1.591063 -2.651830 -0.335152
7.865000 1.577804 -2.675695 -0.335103
7.870000 1.564426 -2.699363 -0.335053
7.875000 1.550929 -2.722829 -0.335003
7.880000 1.537315 -2.746093 -0.334953
7.885000 1.523584 -2.769153 -0.334903
7.890000 1.509738 -2.792006 -0.334853
7.895000 1.495778 -2.814652 -0.334803
7.900000 1.481705 -2.837089 -0.334753
7.905000 1.467520 -2.859315 -0.334704
7.910000 1.453223 -2.881327 -0.334654
7.915000 1.438816 -2.903126 -0.334604
7.920000 1.424301 -2.924708 -0.334554
7.925000 1.409677 -2.946073 -0.334504
7.930000 1.394947 -2.967218 -0.334454
7.935000 1.380111 -2.988142 -0.334404
7.940000 1.365170 -3.008844 -0.334354
7.945000 1.350126 -3.029321 -0.334304
7.950000 1.334979 -3.049573 -0.334254
7.955000 1.319731 -3.069598 -0.334204
7.960000 1.304383 -3.089394 -0.334154
7.965000 1.288936 -3.108959 -0.334105
7.970000 1.273392 -3.128293 -0.334055
7.975000 1.257750 -3.147394 -0.334005
7.980000 1.242013 -3.166261 -0.333955
7.985000 1.226182 -3.184891 -0.333905
7.990000 1.210257 -3.203284 -0.333855
7.995000 1.194241 -3.221437 -0.333805
8.000000 1.178134 -3.239351 -0.333755
8.005000 1.161937 -3.257023 -0.333705
8.010000 1.145652 -3.274452 -0.333655
8.015000 1.129280 -3.291637 -0.333605
8.020000 1.112822 -3.308576 -0.333555
8.025000 1.096279 -3.325268 -0.333505
8.030000 1.079652 -3.341713 -0.333455
8.035000 1.062944 -3.357907 -0.333405
8.040000 1.046154 -3.373852 -0.333355
8.045000 1.029285 -3.389544 -0.333305
8.050000 1.012337 -3.404983 -0.333255
8.055000 0.995312 -3.420168 -0.333205
8.060000 0.978211 -3.435098 -0.333155
8.065000 0.961036 -3.449771 -0.333105
8.070000 0.943787 -3.464187 -0.333055
8.075000 0.926466 -3.478343 -0.333005
8.080000 0.909074 -3.492240 -0.332955
8.085000 0.891613 -3.505876 -0.332905
8.090000 0.874084 -3.519251 -0.332855
8.095000 0.856488 -3.532362 -0.332805
8.100000 0.838826 -3.545209 -0.332755
8.105000 0.821100 -3.557792 -0.332705
8.110000 0.803311 -3.570108 -0.332655
8.115000 0.785460 -3.582158 -0.332605
8.120000 0.767549 -3.593940 -0.332555
8.125000 0.749580 -3.605453 -0.332505
8.130000 0.731553 -3.616697 -0.332454
8.135000 0.713469 -3.627670 -0.332404
8.140000 0.695331 -3.638372 -0.332354
8.145000 0.677139 -3.648802 -0.332304
8.150000 0.658895 -3.658959 -0.332254
8.155000 0.640600 -3.668842 -0.332204
8.160000 0.622256 -3.678451 -0.332154
8.165000 0.603864 -3.687785 -0.332104
8.170000 0.585425 -3.696843 -0.332054
8.175000 0.566940 -3.705625 -0.332004
8.180000 0.548412 -3.714129 -0.331954
8.185000 0.529842 -3.722355 -0.331904
8.190000 0.511230 -3.730302 -0.331853
8.195000 0.492578 -3.737971 -0.331803
8.200000 0.473889 -3.745360 -0.331753
8.205000 0.455162 -3.752468 -0.331703
8.210000 0.436399 -3.759295 -0.331653
8.215000 0.417603 -3.765841 -0.331603
8.220000 0.398774 -3.772105 -0.331553
8.225000 0.379913 -3.778087 -0.331503
8.230000 0.361023 -3.783786 -0.331452
8.235000 0.342104 -3.789201 -0.331402
8.240000 0.323158 -3.794333 -0.331352
8.245000 0.304186 -3.799180 -0.331302
8.250000 0.285190 -3.803743 -0.331252
8.255000 0.266172 -3.808021 -0.331202
8.260000 0.247131 -3.812013 -0.331152
8.265000 0.228071 -3.815720 -0.331101
8.270000 0.208993 -3.819141 -0.331051
8.275000 0.189897 -3.822276 -0.331001
8.280000 0.170786 -3.825125 -0.330951
8.285000 0.151660 -3.827686 -0.330901
8.290000 0.132522 -3.829961 -0.330850
8.295000 0.113372 -3.831949 -0.330800
8.300000 0.094212 -3.833650 -0.330750
8.305000 0.075044 -3.835063 -0.330700
8.310000 0.055868 -3.836189 -0.330650
8.315000 0.036688 -3.837027 -0.330600
8.320000 0.017502 -3.837577 -0.330549
8.325000 -0.001685 -3.837839 -0.330499
8.330000 -0.020875 -3.837814 -0.330449
8.335000 -0.040064 -3.837501 -0.330399
8.340000 -0.059251 -3.836900 -0.330348
8.345000 -0.078436 -3.836011 -0.330298
8.350000 -0.097616 -3.834835 -0.330248
8.355000 -0.116790 -3.833370 -0.330198
8.360000 -0.135957 -3.831619 -0.330148
8.365000 -0.155115 -3.829579 -0.330097
8.370000 -0.174263 -3.827253 -0.330047
8.375000 -0.193399 -3.824639 -0.329997
8.380000 -0.212522 -3.821738 -0.329947
8.385000 -0.231631 -3.818550 -0.329896
8.390000 -0.250724 -3.815075 -0.329846
8.395000 -0.269799 -3.811314 -0.329796
8.400000 -0.288856 -3.807267 -0.329746
8.405000 -0.307892 -3.802935 -0.329695
8.410000 -0.326907 -3.798316 -0.329645
8.415000 -0.345898 -3.793413 -0.329595
8.420000 -0.364865 -3.788224 -0.329544
8.425000 -0.383806 -3.782751 -0.329494
8.430000 -0.402720 -3.776994 -0.329444
8.435000 -0.421605 -3.770953 -0.329394
8.440000 -0.440460 -3.764629 -0.329343
8.445000 -0.459283 -3.758022 -0.329293
8.450000 -0.478073 -3.751133 -0.329243
8.455000 -0.496829 -3.743962 -0.329192
8.460000 -0.515549 -3.736510 -0.329142
8.465000 -0.534231 -3.728776 -0.329092
8.470000 -0.552875 -3.720763 -0.329041
8.475000 -0.571479 -3.712470 -0.328991
8.480000 -0.590041 -3.703898 -0.328941
8.485000 -0.608561 -3.695047 -0.328890
8.490000 -0.627036 -3.685919 -0.328840
8.495000 -0.645466 -3.676513 -0.328790
8.500000 -0.663848 -3.666831 -0.328739
8.505000 -0.682182 -3.656873 -0.328689
8.510000 -0.700467 -3.646641 -0.328639
8.515000 -0.718700 -3.636134 -0.328588
8.520000 -0.736881 -3.625353 -0.328538
8.525000 -0.755007 -3.614300 -0.328488
8.530000 -0.773079 -3.602975 -0.328437
8.535000 -0.791094 -3.591379 -0.328387
8.540000 -0.809051 -3.579512 -0.328337
8.545000 -0.826948 -3.567376 -0.328286
8.550000 -0.844785 -3.554972 -0.328236
8.555000 -0.862560 -3.542300 -0.328185
8.560000 -0.880271 -3.529362 -0.328135
8.565000 -0.897918 -3.516158 -0.328085
8.570000 -0.915499 -3.502689 -0.328034
8.575000 -0.933012 -3.488957 -0.327984
8.580000 -0.950457 -3.474961 -0.327933
8.585000 -0.967832 -3.460705 -0.327883
8.590000 -0.985136 -3.446187 -0.327833
8.595000 -1.002366 -3.431410 -0.327782
8.600000 -1.019523 -3.416375 -0.327732
8.605000 -1.036605 -3.401082 -0.327681
8.610000 -1.053611 -3.385533 -0.327631
8.615000 -1.070538 -3.369729 -0.327581
8.620000 -1.087387 -3.353670 -0.327530
8.625000 -1.104155 -3.337360 -0.327480
8.630000 -1.120842 -3.320797 -0.327429
8.635000 -1.137446 -3.303985 -0.327379
8.640000 -1.153966 -3.286923 -0.327328
8.645000 -1.170401 -3.269613 -0.327278
8.650000 -1.186749 -3.252057 -0.327227
8.655000 -1.203009 -3.234256 -0.327177
8.660000 -1.219180 -3.216211 -0.327127
8.665000 -1.235261 -3.197923 -0.327076
8.670000 -1.251251 -3.179394 -0.327026
8.675000 -1.267148 -3.160626 -0.326975
8.680000 -1.282951 -3.141619 -0.326925
8.685000 -1.298659 -3.122374 -0.326874
8.690000 -1.314271 -3.102894 -0.326824
8.695000 -1.329786 -3.083180 -0.326773
8.700000 -1.345202 -3.063233 -0.326723
8.705000 -1.360518 -3.043055 -0.326672
8.710000 -1.375733 -3.022648 -0.326622
8.715000 -1.390846 -3.002012 -0.326571
8.720000 -1.405856 -2.981149 -0.326521
8.725000 -1.420762 -2.960061 -0.326470
8.730000 -1.435562 -2.938750 -0.326420
8.735000 -1.450256 -2.917216 -0.326369
8.740000 -1.464842 -2.895462 -0.326319
8.745000 -1.479319 -2.873490 -0.326268
8.750000 -1.493687 -2.851300 -0.326218
8.755000 -1.507943 -2.828895 -0.326167
8.760000 -1.522088 -2.806276 -0.326116
8.765000 -1.536119 -2.783444 -0.326066
8.770000 -1.550036 -2.760402 -0.326015
8.775000 -1.563838 -2.737152 -0.325965
8.780000 -1.577524 -2.713694 -0.325914
8.785000 -1.591093 -2.690031 -0.325864
8.790000 -1.604543 -2.666165 -0.325813
8.795000 -1.617874 -2.642097 -0.325763
8.800000 -1.631084 -2.617829 -0.325712
8.805000 -1.644173 -2.593363 -0.325661
8.810000 -1.657140 -2.568700 -0.325611
8.815000 -1.669984 -2.543843 -0.325560
8.820000 -1.682703 -2.518793 -0.325510
8.825000 -1.695297 -2.493553 -0.325459
8.830000 -1.707765 -2.468123 -0.325409
8.835000 -1.720105 -2.442507 -0.325358
8.840000 -1.732318 -2.416705 -0.325307
8.845000 -1.744401 -2.390720 -0.325257
8.850000 -1.756355 -2.364554 -0.325206
8.855000 -1.768178 -2.338209 -0.325156
8.860000 -1.779869 -2.311686 -0.325105
8.865000 -1.791427 -2.284988 -0.325054
8.870000 -1.802852 -2.258117 -0.325004
8.875000 -1.814143 -2.231074 -0.324953
8.880000 -1.825298 -2.203862 -0.324902
8.885000 -1.836317 -2.176482 -0.324852
8.890000 -1.847200 -2.148938 -0.324801
8.895000 -1.857944 -2.121230 -0.324751
8.900000 -1.868551 -2.093361 -0.324700
8.905000 -1.879017 -2.065332 -0.324649
8.910000 -1.889344 -2.037147 -0.324599
8.915000 -1.899530 -2.008807 -0.324548
8.920000 -1.909574 -1.980314 -0.324497
8.925000 -1.919475 -1.951670 -0.324447
8.930000 -1.929234 -1.922878 -0.324396
8.935000 -1.938848 -1.893940 -0.324345
8.940000 -1.948318 -1.864857 -0.324295
8.945000 -1.957642 -1.835632 -0.324244
8.950000 -1.966820 -1.806268 -0.324193
8.955000 -1.975852 -1.776765 -0.324143
8.960000 -1.984735 -1.747128 -0.324092
8.965000 -1.993471 -1.717356 -0.324041
8.970000 -2.002058 -1.687454 -0.323990
8.975000 -2.010495 -1.657424 -0.323940
8.980000 -2.018782 -1.627266 -0.323889
8.985000 -2.026919 -1.596984 -0.323838
8.990000 -2.034903 -1.566581 -0.323788
8.995000 -2.042736 -1.536057 -0.323737
9.000000 -2.050417 -1.505416 -0.323686
9.005000 -2.057944 -1.474660 -0.323636
9.010000 -2.065317 -1.443791 -0.323585
9.015000 -2.072536 -1.412811 -0.323534
9.020000 -2.079600 -1.381723 -0.323483
9.025000 -2.086509 -1.350529 -0.323433
9.030000 -2.093261 -1.319231 -0.323382
9.035000 -2.099857 -1.287832 -0.323331
9.040000 -2.106297 -1.256334 -0.323280
9.045000 -2.112578 -1.224740 -0.323230
9.050000 -2.118702 -1.193051 -0.323179
9.055000 -2.124667 -1.161271 -0.323128
9.060000 -2.130474 -1.129401 -0.323077
9.065000 -2.136121 -1.097444 -0.323027
9.070000 -2.141608 -1.065402 -0.322976
9.075000 -2.146935 -1.033278 -0.322925
9.080000 -2.152101 -1.001074 -0.322874
9.085000 -2.157107 -0.968792 -0.322823
9.090000 -2.161951 -0.936436 -0.322773
9.095000 -2.166633 -0.904006 -0.322722
9.100000 -2.171153 -0.871507 -0.322671
9.105000 -2.175510 -0.838940 -0.322620
9.110000 -2.179705 -0.806307 -0.322569
9.115000 -2.183737 -0.773611 -0.322519
9.120000 -2.187605 -0.740855 -0.322468
9.125000 -2.191309 -0.708041 -0.322417
9.130000 -2.194849 -0.675172 -0.322366
9.135000 -2.198225 -0.642249 -0.322315
9.140000 -2.201436 -0.609275 -0.322265
9.145000 -2.204483 -0.576254 -0.322214
9.150000 -2.207364 -0.543187 -0.322163
9.155000 -2.210080 -0.510076 -0.322112
9.160000 -2.212630 -0.476925 -0.322061
9.165000 -2.215015 -0.443736 -0.322010
9.170000 -2.217233 -0.410510 -0.321959
9.175000 -2.219286 -0.377252 -0.321909
9.180000 -2.221172 -0.343963 -0.321858
9.185000 -2.222892 -0.310645 -0.321807
9.190000 -2.224445 -0.277302 -0.321756
9.195000 -2.225832 -0.243935 -0.321705
9.200000 -2.227051 -0.210547 -0.321654
9.205000 -2.228104 -0.177142 -0.321603
9.210000 -2.228990 -0.143720 -0.321553
9.215000 -2.229709 -0.110285 -0.321502
9.220000 -2.230260 -0.076840 -0.321451
9.225000 -2.230644 -0.043386 -0.321400
9.230000 -2.230861 -0.009926 -0.321349
9.235000 -2.230911 0.023537 -0.321298
9.240000 -2.230793 0.057001 -0.321247
9.245000 -2.230508 0.090462 -0.321196
9.250000 -2.230056 0.123920 -0.321145
9.255000 -2.229436 0.157371 -0.321094
9.260000 -2.228649 0.190812 -0.321044
9.265000 -2.227695 0.224242 -0.320993
9.270000 -2.226574 0.257658 -0.320942
9.275000 -2.225286 0.291056 -0.320891
9.280000 -2.223830 0.324435 -0.320840
9.285000 -2.222208 0.357793 -0.320789
9.290000 -2.220419 0.391126 -0.320738
9.295000 -2.218464 0.424432 -0.320687
9.300000 -2.216341 0.457709 -0.320636
9.305000 -2.214053 0.490954 -0.320585
9.310000 -2.211598 0.524165 -0.320534
9.315000 -2.208977 0.557339 -0.320483
9.320000 -2.206191 0.590474 -0.320432
9.325000 -2.203238 0.623567 -0.320381
9.330000 -2.200120 0.656615 -0.320330
9.335000 -2.196837 0.689617 -0.320279
9.340000 -2.193389 0.722570 -0.320228
9.345000 -2.189776 0.755471 -0.320177
9.350000 -2.185999 0.788317 -0.320126
9.355000 -2.182057 0.821107 -0.320075
9.360000 -2.177952 0.853838 -0.320024
9.365000 -2.173683 0.886507 -0.319973
9.370000 -2.169250 0.919113 -0.319922
9.375000 -2.164655 0.951651 -0.319871
9.380000 -2.159896 0.984121 -0.319820
9.385000 -2.154976 1.016520 -0.319769
9.390000 -2.149893 1.048844 -0.319718
9.395000 -2.144649 1.081093 -0.319667
9.400000 -2.139244 1.113262 -0.319616
9.405000 -2.133677 1.145351 -0.319565
9.410000 -2.127950 1.177356 -0.319514
9.415000 -2.122064 1.209275 -0.319463
9.420000 -2.116017 1.241106 -0.319412
9.425000 -2.109812 1.272847 -0.319361
9.430000 -2.103448 1.304494 -0.319310
9.435000 -2.096925 1.336045 -0.319259
9.440000 -2.090245 1.367499 -0.319208
9.445000 -2.083407 1.398853 -0.319157
9.450000 -2.076413 1.430104 -0.319106
9.455000 -2.069263 1.461250 -0.319055
9.460000 -2.061956 1.492289 -0.319004
9.465000 -2.054495 1.523219 -0.318953
9.470000 -2.046879 1.554036 -0.318902
9.475000 -2.039109 1.584739 -0.318850
9.480000 -2.031185 1.615326 -0.318799
9.485000 -2.023108 1.645794 -0.318748
9.490000 -2.014879 1.676140 -0.318697
9.495000 -2.006499 1.706363 -0.318646
9.500000 -1.997967 1.736461 -0.318595
9.505000 -1.989284 1.766430 -0.318544
9.510000 -1.980452 1.796270 -0.318493
9.515000 -1.971471 1.825976 -0.318442
9.520000 -1.962341 1.855549 -0.318391
9.525000 -1.953063 1.884984 -0.318339
9.530000 -1.943638 1.914280 -0.318288
9.535000 -1.934067 1.943434 -0.318237
9.540000 -1.924350 1.972445 -0.318186
9.545000 -1.914488 2.001310 -0.318135
9.550000 -1.904481 2.030028 -0.318084
9.555000 -1.894331 2.058595 -0.318033
9.560000 -1.884038 2.087010 -0.317981
9.565000 -1.873603 2.115270 -0.317930
9.570000 -1.863027 2.143375 -0.317879
9.575000 -1.852310 2.171320 -0.317828
9.580000 -1.841453 2.199105 -0.317777
9.585000 -1.830458 2.226726 -0.317726
9.590000 -1.819324 2.254183 -0.317675
9.595000 -1.808053 2.281473 -0.317623
9.600000 -1.796646 2.308594 -0.317572
9.605000 -1.785103 2.335544 -0.317521
9.610000 -1.773425 2.362320 -0.317470
9.615000 -1.761613 2.388921 -0.317419
9.620000 -1.749669 2.415346 -0.317367
9.625000 -1.737592 2.441591 -0.317316
9.630000 -1.725384 2.467655 -0.317265
9.635000 -1.713046 2.493535 -0.317214
9.640000 -1.700578 2.519231 -0.317163
9.645000 -1.687982 2.544740 -0.317111
9.650000 -1.675258 2.570059 -0.317060
9.655000 -1.662408 2.595188 -0.317009
9.660000 -1.649432 2.620124 -0.316958
9.665000 -1.636331 2.644866 -0.316906
9.670000 -1.623107 2.669411 -0.316855
9.675000 -1.609760 2.693757 -0.316804
9.680000 -1.596291 2.717904 -0.316753
9.685000 -1.582702 2.741848 -0.316702
9.690000 -1.568992 2.765589 -0.316650
9.695000 -1.555165 2.789124 -0.316599
9.700000 -1.541219 2.812451 -0.316548
9.705000 -1.527157 2.835569 -0.316497
9.710000 -1.512979 2.858477 -0.316445
9.715000 -1.498686 2.881171 -0.316394
9.720000 -1.484281 2.903652 -0.316343
9.725000 -1.469762 2.925916 -0.316291
9.730000 -1.455133 2.947962 -0.316240
9.735000 -1.440393 2.969789 -0.316189
9.740000 -1.425544 2.991395 -0.316138
9.745000 -1.410587 3.012778 -0.316086
9.750000 -1.395523 3.033937 -0.316035
9.755000 -1.380353 3.054870 -0.315984
9.760000 -1.365079 3.075575 -0.315932
9.765000 -1.349701 3.096052 -0.315881
9.770000 -1.334221 3.116297 -0.315830
9.775000 -1.318639 3.136310 -0.315779
9.780000 -1.302958 3.156090 -0.315727
9.785000 -1.287177 3.175634 -0.315676
9.790000 -1.271299 3.194942 -0.315625
9.795000 -1.255325 3.214012 -0.315573
9.800000 -1.239254 3.232841 -0.315522
9.805000 -1.223090 3.251430 -0.315471
9.810000 -1.206833 3.269777 -0.315419
9.815000 -1.190484 3.287879 -0.315368
9.820000 -1.174045 3.305736 -0.315317
9.825000 -1.157516 3.323347 -0.315265
9.830000 -1.140899 3.340710 -0.315214
9.835000 -1.124196 3.357823 -0.315162
9.840000 -1.107407 3.374686 -0.315111
9.845000 -1.090533 3.391297 -0.315060
9.850000 -1.073577 3.407655 -0.315008
9.855000 -1.056539 3.423759 -0.314957
9.860000 -1.039420 3.439607 -0.314906
9.865000 -1.022222 3.455198 -0.314854
9.870000 -1.004946 3.470532 -0.314803
9.875000 -0.987593 3.485606 -0.314751
9.880000 -0.970165 3.500420 -0.314700
9.885000 -0.952663 3.514972 -0.314649
9.890000 -0.935088 3.529262 -0.314597
9.895000 -0.917442 3.543288 -0.314546
9.900000 -0.899725 3.557050 -0.314494
9.905000 -0.881940 3.570546 -0.314443
9.910000 -0.864087 3.583775 -0.314392
9.915000 -0.846169 3.596736 -0.314340
9.920000 -0.828185 3.609429 -0.314289
9.925000 -0.810138 3.621852 -0.314237
9.930000 -0.792028 3.634004 -0.314186
9.935000 -0.773858 3.645884 -0.314134
9.940000 -0.755629 3.657492 -0.314083
9.945000 -0.737342 3.668826 -0.314032
9.950000 -0.718997 3.679887 -0.313980
9.955000 -0.700598 3.690672 -0.313929
9.960000 -0.682145 3.701181 -0.313877
9.965000 -0.663639 3.711413 -0.313826
9.970000 -0.645082 3.721367 -0.313774
9.975000 -0.626475 3.731043 -0.313723
9.980000 -0.607820 3.740441 -0.313671
9.985000 -0.589117 3.749558 -0.313620
9.990000 -0.570370 3.758395 -0.313568
9.995000 -0.551578 3.766950 -0.313517
10.000000 -0.532743 3.775224 -0.313465
10.005000 -0.513867 3.783215 -0.313414
10.010000 -0.494951 3.790923 -0.313362
10.015000 -0.475996 3.798347 -0.313311
10.020000 -0.457004 3.805487 -0.313259
10.025000 -0.437977 3.812342 -0.313208
10.030000 -0.418915 3.818912 -0.313156
10.035000 -0.399821 3.825196 -0.313105
10.040000 -0.380695 3.831193 -0.313053
10.045000 -0.361539 3.836903 -0.313002
10.050000 -0.342354 3.842326 -0.312950
10.055000 -0.323143 3.847462 -0.312899
10.060000 -0.303905 3.852309 -0.312847
10.065000 -0.284644 3.856868 -0.312796
10.070000 -0.265359 3.861137 -0.312744
10.075000 -0.246054 3.865118 -0.312693
10.080000 -0.226728 3.868808 -0.312641
10.085000 -0.207384 3.872209 -0.312590
10.090000 -0.188023 3.875320 -0.312538
10.095000 -0.168646 3.878140 -0.312486
10.100000 -0.149256 3.880670 -0.312435
10.105000 -0.129852 3.882909 -0.312383
10.110000 -0.110438 3.884857 -0.312332
10.115000 -0.091013 3.886513 -0.312280
10.120000 -0.071581 3.887878 -0.312229
10.125000 -0.052142 3.888952 -0.312177
10.130000 -0.032697 3.889734 -0.312125
10.135000 -0.013248 3.890225 -0.312074
10.140000 0.006203 3.890423 -0.312022
10.145000 0.025655 3.890330 -0.311971
10.150000 0.045107 3.889946 -0.311919
10.155000 0.064557 3.889269 -0.311867
10.160000 0.084003 3.888301 -0.311816
10.165000 0.103444 3.887041 -0.311764
10.170000 0.122880 3.885489 -0.311713
10.175000 0.142307 3.883646 -0.311661
10.180000 0.161725 3.881511 -0.311609
10.185000 0.181133 3.879085 -0.311558
10.190000 0.200528 3.876368 -0.311506
10.195000 0.219910 3.873360 -0.311454
10.200000 0.239277 3.870062 -0.311403
10.205000 0.258627 3.866473 -0.311351
10.210000 0.277960 3.862593 -0.311300
10.215000 0.297273 3.858424 -0.311248
10.220000 0.316565 3.853965 -0.311196
10.225000 0.335834 3.849216 -0.311145
10.230000 0.355081 3.844179 -0.311093
10.235000 0.374301 3.838852 -0.311041
10.240000 0.393496 3.833238 -0.310990
10.245000 0.412662 3.827336 -0.310938
10.250000 0.431799 3.821146 -0.310886
10.255000 0.450904 3.814669 -0.310835
10.260000 0.469978 3.807905 -0.310783
10.265000 0.489017 3.800855 -0.310731
10.270000 0.508021 3.793520 -0.310679
10.275000 0.526989 3.785900 -0.310628
10.280000 0.545919 3.777995 -0.310576
10.285000 0.564809 3.769806 -0.310524
10.290000 0.583658 3.761334 -0.310473
10.295000 0.602464 3.752579 -0.310421
10.300000 0.621227 3.743542 -0.310369
10.305000 0.639945 3.734224 -0.310317
10.310000 0.658616 3.724625 -0.310266
10.315000 0.677239 3.714745 -0.310214
10.320000 0.695813 3.704587 -0.310162
10.325000 0.714336 3.694150 -0.310111
10.330000 0.732806 3.683435 -0.310059
10.335000 0.751224 3.672442 -0.310007
10.340000 0.769586 3.661174 -0.309955
10.345000 0.787892 3.649630 -0.309904
10.350000 0.806140 3.637812 -0.309852
10.355000 0.824329 3.625720 -0.309800
10.360000 0.842458 3.613355 -0.309748
10.365000 0.860524 3.600718 -0.309697
10.370000 0.878528 3.587810 -0.309645
10.375000 0.896467 3.574632 -0.309593
10.380000 0.914340 3.561185 -0.309541
10.385000 0.932146 3.547470 -0.309489
10.390000 0.949883 3.533488 -0.309438
10.395000 0.967551 3.519240 -0.309386
10.400000 0.985147 3.504726 -0.309334
10.405000 1.002671 3.489949 -0.309282
10.410000 1.020120 3.474909 -0.309230
10.415000 1.037495 3.459607 -0.309179
10.420000 1.054793 3.444045 -0.309127
10.425000 1.072013 3.428223 -0.309075
10.430000 1.089154 3.412143 -0.309023
10.435000 1.106215 3.395806 -0.308971
10.440000 1.123194 3.379212 -0.308920
10.445000 1.140090 3.362364 -0.308868
10.450000 1.156902 3.345263 -0.308816
10.455000 1.173628 3.327910 -0.308764
10.460000 1.190268 3.310305 -0.308712
10.465000 1.206819 3.292451 -0.308660
10.470000 1.223282 3.274349 -0.308608
10.475000 1.239653 3.256000 -0.308557
10.480000 1.255933 3.237405 -0.308505
10.485000 1.272120 3.218566 -0.308453
10.490000 1.288213 3.199484 -0.308401
10.495000 1.304211 3.180161 -0.308349
10.500000 1.320111 3.160598 -0.308297
10.505000 1.335914 3.140796 -0.308245
10.510000 1.351618 3.120757 -0.308194
10.515000 1.367222 3.100483 -0.308142
10.520000 1.382725 3.079975 -0.308090
10.525000 1.398124 3.059234 -0.308038
10.530000 1.413421 3.038262 -0.307986
10.535000 1.428612 3.017061 -0.307934
10.540000 1.443697 2.995631 -0.307882
10.545000 1.458675 2.973976 -0.307830
10.550000 1.473545 2.952096 -0.307778
10.555000 1.488306 2.929993 -0.307726
10.560000 1.502956 2.907668 -0.307674
10.565000 1.517494 2.885124 -0.307623
10.570000 1.531920 2.862361 -0.307571
10.575000 1.546231 2.839383 -0.307519
10.580000 1.560428 2.816189 -0.307467
10.585000 1.574509 2.792783 -0.307415
10.590000 1.588473 2.769165 -0.307363
10.595000 1.602319 2.745338 -0.307311
10.600000 1.616046 2.721303 -0.307259
10.605000 1.629652 2.697062 -0.307207
10.610000 1.643138 2.672618 -0.307155
10.615000 1.656501 2.647971 -0.307103
10.620000 1.669741 2.623123 -0.307051
10.625000 1.682856 2.598077 -0.306999
10.630000 1.695847 2.572834 -0.306947
10.635000 1.708711 2.547396 -0.306895
10.640000 1.721448 2.521766 -0.306843
10.645000 1.734057 2.495944 -0.306791
10.650000 1.746536 2.469933 -0.306739
10.655000 1.758886 2.443735 -0.306687
10.660000 1.771105 2.417352 -0.306635
10.665000 1.783191 2.390785 -0.306583
10.670000 1.795145 2.364037 -0.306531
10.675000 1.806965 2.337110 -0.306479
10.680000 1.818651 2.310006 -0.306427
10.685000 1.830201 2.282726 -0.306375
10.690000 1.841615 2.255273 -0.306323
10.695000 1.852891 2.227649 -0.306271
10.700000 1.864029 2.199855 -0.306219
10.705000 1.875029 2.171895 -0.306167
10.710000 1.885888 2.143770 -0.306115
10.715000 1.896607 2.115481 -0.306063
10.720000 1.907184 2.087032 -0.306011
10.725000 1.917619 2.058424 -0.305959
10.730000 1.927912 2.029660 -0.305907
10.735000 1.938060 2.000741 -0.305855
10.740000 1.948064 1.971670 -0.305803
10.745000 1.957922 1.942450 -0.305751
10.750000 1.967634 1.913081 -0.305699
10.755000 1.977200 1.883566 -0.305647
10.760000 1.986617 1.853908 -0.305594
10.765000 1.995887 1.824109 -0.305542
10.770000 2.005007 1.794171 -0.305490
10.775000 2.013978 1.764096 -0.305438
10.780000 2.022799 1.733886 -0.305386
10.785000 2.031468 1.703544 -0.305334
10.790000 2.039986 1.673072 -0.305282
10.795000 2.048351 1.642472 -0.305230
10.800000 2.056564 1.611747 -0.305178
10.805000 2.064622 1.580898 -0.305126
10.810000 2.072527 1.549929 -0.305073
10.815000 2.080277 1.518841 -0.305021
10.820000 2.087871 1.487637 -0.304969
10.825000 2.095309 1.456319 -0.304917
10.830000 2.102591 1.424889 -0.304865
10.835000 2.109715 1.393350 -0.304813
10.840000 2.116682 1.361705 -0.304761
10.845000 2.123490 1.329954 -0.304709
10.850000 2.130140 1.298102 -0.304656
10.855000 2.136631 1.266150 -0.304604
10.860000 2.142961 1.234100 -0.304552
10.865000 2.149132 1.201956 -0.304500
10.870000 2.155142 1.169719 -0.304448
10.875000 2.160990 1.137392 -0.304396
10.880000 2.166677 1.104977 -0.304343
10.885000 2.172202 1.072477 -0.304291
10.890000 2.177564 1.039894 -0.304239
10.895000 2.182764 1.007230 -0.304187
10.900000 2.187800 0.974489 -0.304135
10.905000 2.192672 0.941672 -0.304083
10.910000 2.197381 0.908782 -0.304030
10.915000 2.201925 0.875821 -0.303978
10.920000 2.206304 0.842792 -0.303926
10.925000 2.210518 0.809698 -0.303874
10.930000 2.214566 0.776540 -0.303822
10.935000 2.218449 0.743322 -0.303769
10.940000 2.222166 0.710045 -0.303717
10.945000 2.225716 0.676712 -0.303665
10.950000 2.229099 0.643327 -0.303613
10.955000 2.232316 0.609890 -0.303560
10.960000 2.235365 0.576405 -0.303508
10.965000 2.238248 0.542875 -0.303456
10.970000 2.240962 0.509301 -0.303404
10.975000 2.243508 0.475687 -0.303351
10.980000 2.245887 0.442034 -0.303299
10.985000 2.248097 0.408346 -0.303247
10.990000 2.250139 0.374624 -0.303195
10.995000 2.252012 0.340872 -0.303142
11.000000 2.253716 0.307092 -0.303090
11.005000 2.255252 0.273286 -0.303038
11.010000 2.256618 0.239458 -0.302986
11.015000 2.257815 0.205608 -0.302933
11.020000 2.258843 0.171741 -0.302881
11.025000 2.259702 0.137858 -0.302829
11.030000 2.260391 0.103963 -0.302777
11.035000 2.260911 0.070057 -0.302724
11.040000 2.261262 0.036143 -0.302672
11.045000 2.261442 0.002224 -0.302620
11.050000 2.261453 -0.031697 -0.302567
11.055000 2.261295 -0.065619 -0.302515
11.060000 2.260967 -0.099538 -0.302463
11.065000 2.260469 -0.133453 -0.302410
11.070000 2.259802 -0.167360 -0.302358
11.075000 2.258965 -0.201257 -0.302306
11.080000 2.257959 -0.235141 -0.302253
11.085000 2.256783 -0.269011 -0.302201
11.090000 2.255438 -0.302863 -0.302149
11.095000 2.253924 -0.336694 -0.302096
11.100000 2.252240 -0.370503 -0.302044
11.105000 2.250388 -0.404287 -0.301992
11.110000 2.248366 -0.438042 -0.301939
11.115000 2.246176 -0.471768 -0.301887
11.120000 2.243817 -0.505461 -0.301835
11.125000 2.241290 -0.539118 -0.301782
11.130000 2.238594 -0.572737 -0.301730
11.135000 2.235731 -0.606316 -0.301678
11.140000 2.232699 -0.639852 -0.301625
11.145000 2.229500 -0.673343 -0.301573
11.150000 2.226133 -0.706785 -0.301520
11.155000 2.222599 -0.740177 -0.301468
11.160000 2.218898 -0.773516 -0.301416
11.165000 2.215031 -0.806800 -0.301363
11.170000 2.210997 -0.840025 -0.301311
11.175000 2.206797 -0.873190 -0.301258
11.180000 2.202431 -0.906292 -0.301206
11.185000 2.197899 -0.939328 -0.301154
11.190000 2.193202 -0.972297 -0.301101
11.195000 2.188341 -1.005195 -0.301049
11.200000 2.183315 -1.038020 -0.300996
11.205000 2.178125 -1.070770 -0.300944
11.210000 2.172771 -1.103442 -0.300892
11.215000 2.167254 -1.136033 -0.300839
11.220000 2.161574 -1.168542 -0.300787
11.225000 2.155731 -1.200966 -0.300734
11.230000 2.149726 -1.233302 -0.300682
11.235000 2.143560 -1.265547 -0.300629
11.240000 2.137232 -1.297701 -0.300577
11.245000 2.130743 -1.329759 -0.300524
11.250000 2.124095 -1.361720 -0.300472
11.255000 2.117286 -1.393582 -0.300420
11.260000 2.110318 -1.425341 -0.300367
11.265000 2.103191 -1.456996 -0.300315
11.270000 2.095906 -1.488544 -0.300262
11.275000 2.088464 -1.519982 -0.300210
11.280000 2.080864 -1.551309 -0.300157
11.285000 2.073107 -1.582522 -0.300105
11.290000 2.065195 -1.613619 -0.300052
11.295000 2.057127 -1.644597 -0.300000
11.300000 2.048904 -1.675454 -0.299947
11.305000 2.040526 -1.706187 -0.299895
11.310000 2.031995 -1.736795 -0.299842
11.315000 2.023311 -1.767275 -0.299790
11.320000 2.014475 -1.797625 -0.299737
11.325000 2.005487 -1.827842 -0.299685
11.330000 1.996348 -1.857924 -0.299632
11.335000 1.987058 -1.887869 -0.299580
11.340000 1.977619 -1.917675 -0.299527
11.345000 1.968030 -1.947340 -0.299474
11.350000 1.958294 -1.976860 -0.299422
11.355000 1.948409 -2.006234 -0.299369
11.360000 1.938378 -2.035461 -0.299317
11.365000 1.928201 -2.064536 -0.299264
11.370000 1.917878 -2.093459 -0.299212
11.375000 1.907411 -2.122227 -0.299159
11.380000 1.896800 -2.150839 -0.299107
11.385000 1.886046 -2.179291 -0.299054
11.390000 1.875149 -2.207581 -0.299001
11.395000 1.864111 -2.235709 -0.298949
11.400000 1.852933 -2.263670 -0.298896
11.405000 1.841614 -2.291464 -0.298844
11.410000 1.830157 -2.319088 -0.298791
11.415000 1.818562 -2.346541 -0.298739
11.420000 1.806829 -2.373819 -0.298686
11.425000 1.794960 -2.400922 -0.298633
11.430000 1.782955 -2.427846 -0.298581
11.435000 1.770816 -2.454590 -0.298528
11.440000 1.758543 -2.481153 -0.298476
11.445000 1.746137 -2.507531 -0.298423
11.450000 1.733600 -2.533723 -0.298370
11.455000 1.720931 -2.559727 -0.298318
11.460000 1.708132 -2.585541 -0.298265
11.465000 1.695205 -2.611163 -0.298212
11.470000 1.682149 -2.636591 -0.298160
11.475000 1.668966 -2.661823 -0.298107
11.480000 1.655657 -2.686857 -0.298055
11.485000 1.642222 -2.711692 -0.298002
11.490000 1.628664 -2.736326 -0.297949
11.495000 1.614982 -2.760756 -0.297897
11.500000 1.601179 -2.784980 -0.297844
11.505000 1.587254 -2.808998 -0.297791
11.510000 1.573209 -2.832807 -0.297739
11.515000 1.559045 -2.856405 -0.297686
11.520000 1.544763 -2.879791 -0.297633
11.525000 1.530364 -2.902962 -0.297581
11.530000 1.515849 -2.925918 -0.297528
11.535000 1.501219 -2.948655 -0.297475
11.540000 1.486476 -2.971174 -0.297423
11.545000 1.471620 -2.993471 -0.297370
11.550000 1.456653 -3.015545 -0.297317
11.555000 1.441575 -3.037395 -0.297264
11.560000 1.426388 -3.059018 -0.297212
11.565000 1.411093 -3.080414 -0.297159
11.570000 1.395691 -3.101581 -0.297106
11.575000 1.380183 -3.122516 -0.297054
11.580000 1.364570 -3.143219 -0.297001
11.585000 1.348854 -3.163687 -0.296948
11.590000 1.333036 -3.183920 -0.296895
11.595000 1.317116 -3.203916 -0.296843
11.600000 1.301097 -3.223672 -0.296790
11.605000 1.284978 -3.243189 -0.296737
11.610000 1.268762 -3.262464 -0.296684
11.615000 1.252450 -3.281495 -0.296632
11.620000 1.236043 -3.300282 -0.296579
11.625000 1.219541 -3.318822 -0.296526
11.630000 1.202947 -3.337115 -0.296473
11.635000 1.186261 -3.355160 -0.296421
11.640000 1.169486 -3.372954 -0.296368
11.645000 1.152621 -3.390496 -0.296315
11.650000 1.135668 -3.407785 -0.296262
11.655000 1.118630 -3.424820 -0.296210
11.660000 1.101505 -3.441600 -0.296157
11.665000 1.084297 -3.458122 -0.296104
11.670000 1.067007 -3.474387 -0.296051
11.675000 1.049635 -3.490392 -0.295998
11.680000 1.032183 -3.506136 -0.295946
11.685000 1.014652 -3.521619 -0.295893
11.690000 0.997044 -3.536839 -0.295840
11.695000 0.979360 -3.551795 -0.295787
11.700000 0.961601 -3.566485 -0.295734
11.705000 0.943769 -3.580909 -0.295682
11.710000 0.925864 -3.595065 -0.295629
11.715000 0.907889 -3.608953 -0.295576
11.720000 0.889844 -3.622572 -0.295523
11.725000 0.871731 -3.635919 -0.295470
11.730000 0.853551 -3.648995 -0.295417
11.735000 0.835306 -3.661799 -0.295365
11.740000 0.816997 -3.674328 -0.295312
11.745000 0.798626 -3.686583 -0.295259
11.750000 0.780193 -3.698563 -0.295206
11.755000 0.761700 -3.710265 -0.295153
11.760000 0.743149 -3.721691 -0.295100
11.765000 0.724540 -3.732838 -0.295047
11.770000 0.705876 -3.743706 -0.294995
11.775000 0.687158 -3.754294 -0.294942
11.780000 0.668386 -3.764602 -0.294889
11.785000 0.649563 -3.774628 -0.294836
11.790000 0.630690 -3.784371 -0.294783
11.795000 0.611768 -3.793831 -0.294730
11.800000 0.592799 -3.803008 -0.294677
11.805000 0.573784 -3.811900 -0.294624
11.810000 0.554724 -3.820507 -0.294571
11.815000 0.535622 -3.828828 -0.294519
11.820000 0.516478 -3.836862 -0.294466
11.825000 0.497293 -3.844609 -0.294413
11.830000 0.478070 -3.852068 -0.294360
11.835000 0.458810 -3.859239 -0.294307
11.840000 0.439514 -3.866122 -0.294254
11.845000 0.420183 -3.872714 -0.294201
11.850000 0.400820 -3.879017 -0.294148
11.855000 0.381425 -3.885029 -0.294095
11.860000 0.361999 -3.890751 -0.294042
11.865000 0.342546 -3.896181 -0.293989
11.870000 0.323065 -3.901319 -0.293936
11.875000 0.303558 -3.906165 -0.293883
11.880000 0.284027 -3.910718 -0.293830
11.885000 0.264474 -3.914979 -0.293777
11.890000 0.244899 -3.918946 -0.293724
11.895000 0.225304 -3.922619 -0.293671
11.900000 0.205691 -3.925999 -0.293618
11.905000 0.186061 -3.929084 -0.293566
11.910000 0.166416 -3.931875 -0.293513
11.915000 0.146756 -3.934371 -0.293460
11.920000 0.127084 -3.936573 -0.293407
11.925000 0.107402 -3.938479 -0.293354
11.930000 0.087709 -3.940090 -0.293301
11.935000 0.068009 -3.941406 -0.293248
11.940000 0.048302 -3.942426 -0.293195
11.945000 0.028590 -3.943150 -0.293142
11.950000 0.008874 -3.943579 -0.293089
11.955000 -0.010844 -3.943712 -0.293035
11.960000 -0.030563 -3.943550 -0.292982
11.965000 -0.050280 -3.943091 -0.292929
11.970000 -0.069996 -3.942337 -0.292876
11.975000 -0.089708 -3.941287 -0.292823
11.980000 -0.109414 -3.939941 -0.292770
11.985000 -0.129114 -3.938300 -0.292717
11.990000 -0.148805 -3.936363 -0.292664
11.995000 -0.168487 -3.934131 -0.292611
12.000000 -0.188158 -3.931604 -0.292558
12.005000 -0.207816 -3.928782 -0.292505
12.010000 -0.227460 -3.925664 -0.292452
12.015000 -0.247088 -3.922253 -0.292399
12.020000 -0.266699 -3.918546 -0.292346
12.025000 -0.286292 -3.914546 -0.292293
12.030000 -0.305865 -3.910251 -0.292240
12.035000 -0.325416 -3.905663 -0.292187
12.040000 -0.344944 -3.900782 -0.292134
12.045000 -0.364448 -3.895608 -0.292080
12.050000 -0.383926 -3.890141 -0.292027
12.055000 -0.403377 -3.884382 -0.291974
12.060000 -0.422799 -3.878332 -0.291921
12.065000 -0.442190 -3.871990 -0.291868
12.070000 -0.461550 -3.865357 -0.291815
12.075000 -0.480877 -3.858434 -0.291762
12.080000 -0.500169 -3.851221 -0.291709
12.085000 -0.519425 -3.843718 -0.291656
12.090000 -0.538644 -3.835927 -0.291602
12.095000 -0.557824 -3.827847 -0.291549
12.100000 -0.576963 -3.819480 -0.291496
12.105000 -0.596060 -3.810825 -0.291443
12.110000 -0.615114 -3.801884 -0.291390
12.115000 -0.634124 -3.792658 -0.291337
12.120000 -0.653087 -3.783146 -0.291284
12.125000 -0.672003 -3.773349 -0.291231
12.130000 -0.690870 -3.763269 -0.291177
12.135000 -0.709686 -3.752906 -0.291124
12.140000 -0.728450 -3.742261 -0.291071
12.145000 -0.747162 -3.731334 -0.291018
12.150000 -0.765818 -3.720127 -0.290965
12.155000 -0.784419 -3.708640 -0.290911
12.160000 -0.802962 -3.696873 -0.290858
12.165000 -0.821447 -3.684829 -0.290805
12.170000 -0.839871 -3.672507 -0.290752
12.175000 -0.858233 -3.659909 -0.290699
12.180000 -0.876533 -3.647036 -0.290646
12.185000 -0.894768 -3.633888 -0.290592
12.190000 -0.912937 -3.620466 -0.290539
12.195000 -0.931040 -3.606772 -0.290486
12.200000 -0.949074 -3.592806 -0.290433
12.205000 -0.967038 -3.578570 -0.290380
12.210000 -0.984931 -3.564065 -0.290326
12.215000 -1.002751 -3.549291 -0.290273
12.220000 -1.020497 -3.534249 -0.290220
12.225000 -1.038169 -3.518942 -0.290167
12.230000 -1.055763 -3.503369 -0.290113
12.235000 -1.073280 -3.487533 -0.290060
12.240000 -1.090718 -3.471434 -0.290007
12.245000 -1.108075 -3.455073 -0.289954
12.250000 -1.125350 -3.438452 -0.289900
12.255000 -1.142543 -3.421572 -0.289847
12.260000 -1.159650 -3.404434 -0.289794
12.265000 -1.176673 -3.387039 -0.289741
12.270000 -1.193608 -3.369389 -0.289687
12.275000 -1.210455 -3.351485 -0.289634
12.280000 -1.227212 -3.333328 -0.289581
12.285000 -1.243879 -3.314920 -0.289527
12.290000 -1.260453 -3.296261 -0.289474
12.295000 -1.276935 -3.277355 -0.289421
12.300000 -1.293322 -3.258201 -0.289368
12.305000 -1.309613 -3.238801 -0.289314
12.310000 -1.325807 -3.219157 -0.289261
12.315000 -1.341902 -3.199269 -0.289208
12.320000 -1.357899 -3.179141 -0.289154
12.325000 -1.373794 -3.158772 -0.289101
12.330000 -1.389588 -3.138166 -0.289048
12.335000 -1.405279 -3.117322 -0.288994
12.340000 -1.420866 -3.096243 -0.288941
12.345000 -1.436347 -3.074930 -0.288888
12.350000 -1.451722 -3.053384 -0.288834
12.355000 -1.466988 -3.031609 -0.288781
12.360000 -1.482146 -3.009604 -0.288728
12.365000 -1.497194 -2.987371 -0.288674
12.370000 -1.512131 -2.964914 -0.288621
12.375000 -1.526956 -2.942232 -0.288568
12.380000 -1.541667 -2.919327 -0.288514
12.385000 -1.556264 -2.896202 -0.288461
12.390000 -1.570745 -2.872858 -0.288408
12.395000 -1.585109 -2.849297 -0.288354
12.400000 -1.599356 -2.825520 -0.288301
12.405000 -1.613483 -2.801530 -0.288248
12.410000 -1.627491 -2.777328 -0.288194
12.415000 -1.641377 -2.752916 -0.288141
12.420000 -1.655142 -2.728295 -0.288087
12.425000 -1.668783 -2.703468 -0.288034
12.430000 -1.682301 -2.678436 -0.287981
12.435000 -1.695693 -2.653202 -0.287927
12.440000 -1.708959 -2.627766 -0.287874
12.445000 -1.722098 -2.602132 -0.287820
12.450000 -1.735108 -2.576300 -0.287767
12.455000 -1.747990 -2.550274 -0.287714
12.460000 -1.760741 -2.524054 -0.287660
12.465000 -1.773362 -2.497643 -0.287607
12.470000 -1.785850 -2.471042 -0.287553
12.475000 -1.798205 -2.444254 -0.287500
12.480000 -1.810426 -2.417281 -0.287446
12.485000 -1.822513 -2.390125 -0.287393
12.490000 -1.834463 -2.362787 -0.287339
12.495000 -1.846277 -2.335270 -0.287286
12.500000 -1.857954 -2.307576 -0.287233
12.505000 -1.869492 -2.279707 -0.287179
12.510000 -1.880890 -2.251665 -0.287126
12.515000 -1.892148 -2.223451 -0.287072
12.520000 -1.903266 -2.195069 -0.287019
12.525000 -1.914241 -2.166520 -0.286965
12.530000 -1.925074 -2.137806 -0.286912
12.535000 -1.935763 -2.108930 -0.286858
12.540000 -1.946307 -2.079894 -0.286805
12.545000 -1.956707 -2.050699 -0.286751
12.550000 -1.966960 -2.021349 -0.286698
12.555000 -1.977067 -1.991844 -0.286644
12.560000 -1.987026 -1.962188 -0.286591
12.565000 -1.996837 -1.932383 -0.286537
12.570000 -2.006499 -1.902430 -0.286484
12.575000 -2.016011 -1.872333 -0.286430
12.580000 -2.025373 -1.842093 -0.286377
12.585000 -2.034583 -1.811712 -0.286323
12.590000 -2.043642 -1.781193 -0.286270
12.595000 -2.052548 -1.750539 -0.286216
12.600000 -2.061301 -1.719750 -0.286163
12.605000 -2.069899 -1.688831 -0.286109
12.610000 -2.078343 -1.657782 -0.286056
12.615000 -2.086632 -1.626607 -0.286002
12.620000 -2.094765 -1.595308 -0.285949
12.625000 -2.102742 -1.563886 -0.285895
12.630000 -2.110561 -1.532345 -0.285841
12.635000 -2.118223 -1.500687 -0.285788
12.640000 -2.125727 -1.468913 -0.285734
12.645000 -2.133071 -1.437028 -0.285681
12.650000 -2.140256 -1.405031 -0.285627
12.655000 -2.147281 -1.372928 -0.285574
12.660000 -2.154146 -1.340718 -0.285520
12.665000 -2.160850 -1.308406 -0.285466
12.670000 -2.167392 -1.275993 -0.285413
12.675000 -2.173772 -1.243483 -0.285359
12.680000 -2.179989 -1.210876 -0.285306
12.685000 -2.186043 -1.178176 -0.285252
12.690000 -2.191934 -1.145386 -0.285198
12.695000 -2.197661 -1.112507 -0.285145
12.700000 -2.203224 -1.079542 -0.285091
12.705000 -2.208621 -1.046493 -0.285038
12.710000 -2.213854 -1.013364 -0.284984
12.715000 -2.218921 -0.980156 -0.284930
12.720000 -2.223822 -0.946872 -0.284877
12.725000 -2.228556 -0.913515 -0.284823
12.730000 -2.233123 -0.880087 -0.284769
12.735000 -2.237524 -0.846590 -0.284716
12.740000 -2.241757 -0.813027 -0.284662
12.745000 -2.245822 -0.779401 -0.284608
12.750000 -2.249719 -0.745713 -0.284555
12.755000 -2.253448 -0.711967 -0.284501
12.760000 -2.257007 -0.678166 -0.284447
12.765000 -2.260398 -0.644311 -0.284394
12.770000 -2.263620 -0.610405 -0.284340
12.775000 -2.266672 -0.576450 -0.284286
12.780000 -2.269554 -0.542450 -0.284233
12.785000 -2.272266 -0.508407 -0.284179
12.790000 -2.274808 -0.474323 -0.284125
12.795000 -2.277180 -0.440201 -0.284072
12.800000 -2.279381 -0.406043 -0.284018
12.805000 -2.281411 -0.371852 -0.283964
12.810000 -2.283270 -0.337631 -0.283911
12.815000 -2.284959 -0.303382 -0.283857
12.820000 -2.286475 -0.269108 -0.283803
12.825000 -2.287821 -0.234811 -0.283749
12.830000 -2.288995 -0.200493 -0.283696
12.835000 -2.289998 -0.166158 -0.283642
12.840000 -2.290828 -0.131808 -0.283588
12.845000 -2.291487 -0.097446 -0.283535
12.850000 -2.291975 -0.063074 -0.283481
12.855000 -2.292290 -0.028694 -0.283427
12.860000 -2.292433 0.005690 -0.283373
12.865000 -2.292405 0.040077 -0.283320
12.870000 -2.292205 0.074463 -0.283266
12.875000 -2.291832 0.108846 -0.283212
12.880000 -2.291288 0.143223 -0.283158
12.885000 -2.290572 0.177593 -0.283105
12.890000 -2.289684 0.211951 -0.283051
12.895000 -2.288624 0.246296 -0.282997
12.900000 -2.287393 0.280626 -0.282943
12.905000 -2.285990 0.314937 -0.282890
12.910000 -2.284415 0.349227 -0.282836
12.915000 -2.282669 0.383493 -0.282782
12.920000 -2.280751 0.417733 -0.282728
12.925000 -2.278663 0.451944 -0.282674
12.930000 -2.276403 0.486124 -0.282621
12.935000 -2.273972 0.520270 -0.282567
12.940000 -2.271371 0.554380 -0.282513
12.945000 -2.268599 0.588450 -0.282459
12.950000 -2.265657 0.622479 -0.282405
12.955000 -2.262544 0.656464 -0.282351
12.960000 -2.259262 0.690402 -0.282298
12.965000 -2.255810 0.724291 -0.282244
12.970000 -2.252189 0.758128 -0.282190
12.975000 -2.248398 0.791911 -0.282136
12.980000 -2.244438 0.825637 -0.282082
12.985000 -2.240310 0.859304 -0.282028
12.990000 -2.236014 0.892908 -0.281975
12.995000 -2.231549 0.926449 -0.281921
13.000000 -2.226917 0.959922 -0.281867
13.005000 -2.222117 0.993326 -0.281813
13.010000 -2.217151 1.026657 -0.281759
13.015000 -2.212017 1.059915 -0.281705
13.020000 -2.206718 1.093095 -0.281651
13.025000 -2.201252 1.126196 -0.281598
13.030000 -2.195621 1.159214 -0.281544
13.035000 -2.189825 1.192149 -0.281490
13.040000 -2.183865 1.224996 -0.281436
13.045000 -2.177740 1.257754 -0.281382
13.050000 -2.171451 1.290420 -0.281328
13.055000 -2.164999 1.322992 -0.281274
13.060000 -2.158384 1.355467 -0.281220
13.065000 -2.151606 1.387843 -0.281166
13.070000 -2.144667 1.420117 -0.281113
13.075000 -2.137567 1.452287 -0.281059
13.080000 -2.130305 1.484350 -0.281005
13.085000 -2.122883 1.516305 -0.280951
13.090000 -2.115302 1.548148 -0.280897
13.095000 -2.107561 1.579878 -0.280843
13.100000 -2.099662 1.611491 -0.280789
13.105000 -2.091604 1.642986 -0.280735
13.110000 -2.083389 1.674360 -0.280681
13.115000 -2.075018 1.705611 -0.280627
13.120000 -2.066490 1.736736 -0.280573
13.125000 -2.057806 1.767733 -0.280519
13.130000 -2.048967 1.798601 -0.280465
13.135000 -2.039974 1.829335 -0.280411
13.140000 -2.030828 1.859935 -0.280357
13.145000 -2.021528 1.890397 -0.280303
13.150000 -2.012076 1.920720 -0.280249
13.155000 -2.002472 1.950901 -0.280195
13.160000 -1.992718 1.980938 -0.280141
13.165000 -1.982813 2.010829 -0.280087
13.170000 -1.972759 2.040571 -0.280033
13.175000 -1.962556 2.070163 -0.279979
13.180000 -1.952205 2.099601 -0.279925
13.185000 -1.941707 2.128884 -0.279871
13.190000 -1.931063 2.158010 -0.279817
13.195000 -1.920273 2.186976 -0.279763
13.200000 -1.909338 2.215780 -0.279709
13.205000 -1.898259 2.244420 -0.279655
13.210000 -1.887037 2.272894 -0.279601
13.215000 -1.875672 2.301199 -0.279547
13.220000 -1.864166 2.329334 -0.279493
13.225000 -1.852520 2.357297 -0.279439
13.230000 -1.840733 2.385085 -0.279385
13.235000 -1.828808 2.412696 -0.279331
13.240000 -1.816744 2.440128 -0.279277
13.245000 -1.804544 2.467379 -0.279223
13.250000 -1.792207 2.494447 -0.279169
13.255000 -1.779735 2.521330 -0.279115
13.260000 -1.767128 2.548026 -0.279061
13.265000 -1.754388 2.574533 -0.279007
13.270000 -1.741515 2.600849 -0.278953
13.275000 -1.728511 2.626972 -0.278899
13.280000 -1.715376 2.652899 -0.278845
13.285000 -1.702112 2.678630 -0.278790
13.290000 -1.688718 2.704162 -0.278736
13.295000 -1.675198 2.729492 -0.278682
13.300000 -1.661550 2.754620 -0.278628
13.305000 -1.647777 2.779544 -0.278574
13.310000 -1.633879 2.804260 -0.278520
13.315000 -1.619858 2.828768 -0.278466
13.320000 -1.605714 2.853066 -0.278412
13.325000 -1.591449 2.877152 -0.278358
13.330000 -1.577063 2.901024 -0.278304
13.335000 -1.562558 2.924680 -0.278249
13.340000 -1.547935 2.948118 -0.278195
13.345000 -1.533194 2.971337 -0.278141
13.350000 -1.518337 2.994335 -0.278087
13.355000 -1.503366 3.017110 -0.278033
13.360000 -1.488280 3.039661 -0.277979
13.365000 -1.473082 3.061985 -0.277925
13.370000 -1.457772 3.084081 -0.277870
13.375000 -1.442351 3.105948 -0.277816
13.380000 -1.426822 3.127583 -0.277762
13.385000 -1.411184 3.148985 -0.277708
13.390000 -1.395439 3.170153 -0.277654
13.395000 -1.379588 3.191084 -0.277600
13.400000 -1.363633 3.211778 -0.277545
13.405000 -1.347574 3.232233 -0.277491
13.410000 -1.331413 3.252446 -0.277437
13.415000 -1.315150 3.272418 -0.277383
13.420000 -1.298788 3.292145 -0.277329
13.425000 -1.282328 3.311627 -0.277274
13.430000 -1.265769 3.330862 -0.277220
13.435000 -1.249115 3.349848 -0.277166
13.440000 -1.232366 3.368585 -0.277112
13.445000 -1.215523 3.387070 -0.277058
13.450000 -1.198588 3.405303 -0.277003
13.455000 -1.181561 3.423282 -0.276949
13.460000 -1.164445 3.441005 -0.276895
13.465000 -1.147240 3.458472 -0.276841
13.470000 -1.129947 3.475681 -0.276786
13.475000 -1.112569 3.492630 -0.276732
13.480000 -1.095106 3.509318 -0.276678
13.485000 -1.077559 3.525745 -0.276624
13.490000 -1.059930 3.541908 -0.276569
13.495000 -1.042221 3.557807 -0.276515
13.500000 -1.024432 3.573441 -0.276461
13.505000 -1.006565 3.588807 -0.276407
13.510000 -0.988621 3.603906 -0.276352
13.515000 -0.970601 3.618735 -0.276298
13.520000 -0.952507 3.633294 -0.276244
13.525000 -0.934341 3.647582 -0.276190
13.530000 -0.916103 3.661597 -0.276135
13.535000 -0.897795 3.675338 -0.276081
13.540000 -0.879418 3.688805 -0.276027
13.545000 -0.860974 3.701996 -0.275972
13.550000 -0.842464 3.714911 -0.275918
13.555000 -0.823890 3.727548 -0.275864
13.560000 -0.805252 3.739906 -0.275809
13.565000 -0.786553 3.751985 -0.275755
13.570000 -0.767793 3.763783 -0.275701
13.575000 -0.748974 3.775300 -0.275646
13.580000 -0.730097 3.786535 -0.275592
13.585000 -0.711165 3.797486 -0.275538
13.590000 -0.692177 3.808154 -0.275483
13.595000 -0.673136 3.818536 -0.275429
13.600000 -0.654044 3.828634 -0.275375
13.605000 -0.634900 3.838444 -0.275320
13.610000 -0.615708 3.847968 -0.275266
13.615000 -0.596468 3.857203 -0.275212
13.620000 -0.577182 3.866150 -0.275157
13.625000 -0.557852 3.874808 -0.275103
13.630000 -0.538478 3.883176 -0.275049
13.635000 -0.519062 3.891253 -0.274994
13.640000 -0.499605 3.899039 -0.274940
13.645000 -0.480110 3.906533 -0.274886
13.650000 -0.460578 3.913735 -0.274831
13.655000 -0.441009 3.920643 -0.274777
13.660000 -0.421406 3.927258 -0.274722
13.665000 -0.401769 3.933580 -0.274668
13.670000 -0.382102 3.939606 -0.274614
13.675000 -0.362404 3.945338 -0.274559
13.680000 -0.342677 3.950774 -0.274505
13.685000 -0.322923 3.955914 -0.274450
13.690000 -0.303143 3.960758 -0.274396
13.695000 -0.283340 3.965305 -0.274342
13.700000 -0.263513 3.969555 -0.274287
13.705000 -0.243665 3.973508 -0.274233
13.710000 -0.223798 3.977163 -0.274178
13.715000 -0.203912 3.980520 -0.274124
13.720000 -0.184009 3.983578 -0.274069
13.725000 -0.164091 3.986338 -0.274015
13.730000 -0.144160 3.988800 -0.273960
13.735000 -0.124216 3.990962 -0.273906
13.740000 -0.104261 3.992825 -0.273852
13.745000 -0.084297 3.994389 -0.273797
13.750000 -0.064325 3.995654 -0.273743
13.755000 -0.044347 3.996619 -0.273688
13.760000 -0.024364 3.997284 -0.273634
13.765000 -0.004377 3.997649 -0.273579
13.770000 0.015611 3.997715 -0.273525
13.775000 0.035600 3.997481 -0.273470
13.780000 0.055587 3.996947 -0.273416
13.785000 0.075572 3.996113 -0.273361
13.790000 0.095552 3.994979 -0.273307
13.795000 0.115527 3.993546 -0.273252
13.800000 0.135495 3.991813 -0.273198
13.805000 0.155454 3.989781 -0.273143
13.810000 0.175403 3.987449 -0.273089
13.815000 0.195340 3.984818 -0.273034
13.820000 0.215264 3.981888 -0.272980
13.825000 0.235174 3.978659 -0.272925
13.830000 0.255067 3.975131 -0.272871
13.835000 0.274943 3.971305 -0.272816
13.840000 0.294799 3.967181 -0.272762
13.845000 0.314635 3.962759 -0.272707
13.850000 0.334449 3.958040 -0.272652
13.855000 0.354239 3.953023 -0.272598
13.860000 0.374004 3.947709 -0.272543
13.865000 0.393743 3.942099 -0.272489
13.870000 0.413453 3.936193 -0.272434
13.875000 0.433134 3.929991 -0.272380
13.880000 0.452784 3.923494 -0.272325
13.885000 0.472402 3.916702 -0.272271
13.890000 0.491985 3.909616 -0.272216
13.895000 0.511533 3.902237 -0.272161
13.900000 0.531044 3.894564 -0.272107
13.905000 0.550517 3.886598 -0.272052
13.910000 0.569950 3.878340 -0.271998
13.915000 0.589342 3.869791 -0.271943
13.920000 0.608691 3.860951 -0.271888
13.925000 0.627996 3.851820 -0.271834
13.930000 0.647255 3.842401 -0.271779
13.935000 0.666467 3.832692 -0.271725
13.940000 0.685630 3.822695 -0.271670
13.945000 0.704744 3.812410 -0.271615
13.950000 0.723806 3.801839 -0.271561
13.955000 0.742815 3.790982 -0.271506
13.960000 0.761770 3.779840 -0.271451
13.965000 0.780669 3.768413 -0.271397
13.970000 0.799511 3.756703 -0.271342
13.975000 0.818295 3.744711 -0.271287
13.980000 0.837018 3.732436 -0.271233
13.985000 0.855680 3.719881 -0.271178
13.990000 0.874280 3.707046 -0.271123
13.995000 0.892815 3.693931 -0.271069
14.000000 0.911285 3.680539 -0.271014
14.005000 0.929687 3.666870 -0.270959
14.010000 0.948022 3.652925 -0.270905
14.015000 0.966286 3.638704 -0.270850
14.020000 0.984480 3.624210 -0.270795
14.025000 1.002601 3.609443 -0.270741
14.030000 1.020648 3.594404 -0.270686
14.035000 1.038620 3.579094 -0.270631
14.040000 1.056516 3.563515 -0.270577
14.045000 1.074333 3.547667 -0.270522
14.050000 1.092072 3.531552 -0.270467
14.055000 1.109729 3.515171 -0.270413
14.060000 1.127305 3.498525 -0.270358
14.065000 1.144798 3.481615 -0.270303
14.070000 1.162206 3.464443 -0.270248
14.075000 1.179528 3.447010 -0.270194
14.080000 1.196763 3.429317 -0.270139
14.085000 1.213910 3.411366 -0.270084
14.090000 1.230967 3.393157 -0.270029
14.095000 1.247932 3.374693 -0.269975
14.100000 1.264806 3.355974 -0.269920
14.105000 1.281586 3.337002 -0.269865
14.110000 1.298271 3.317778 -0.269810
14.115000 1.314860 3.298304 -0.269756
14.120000 1.331351 3.278581 -0.269701
14.125000 1.347744 3.258611 -0.269646
14.130000 1.364037 3.238395 -0.269591
14.135000 1.380229 3.217934 -0.269537
14.140000 1.396319 3.197231 -0.269482
14.145000 1.412305 3.176286 -0.269427
14.150000 1.428186 3.155101 -0.269372
14.155000 1.443962 3.133679 -0.269317
14.160000 1.459630 3.112019 -0.269263
14.165000 1.475190 3.090125 -0.269208
14.170000 1.490641 3.067997 -0.269153
14.175000 1.505981 3.045637 -0.269098
14.180000 1.521209 3.023047 -0.269043
14.185000 1.536324 3.000229 -0.268988
14.190000 1.551325 2.977184 -0.268934
14.195000 1.566211 2.953915 -0.268879
14.200000 1.580981 2.930421 -0.268824
14.205000 1.595633 2.906707 -0.268769
14.210000 1.610167 2.882772 -0.268714
14.215000 1.624580 2.858620 -0.268659
14.220000 1.638874 2.834251 -0.268605
14.225000 1.653045 2.809668 -0.268550
14.230000 1.667093 2.784872 -0.268495
14.235000 1.681018 2.759866 -0.268440
14.240000 1.694817 2.734651 -0.268385
14.245000 1.708490 2.709228 -0.268330
14.250000 1.722036 2.683601 -0.268275
14.255000 1.735454 2.657770 -0.268221
14.260000 1.748743 2.631739 -0.268166
14.265000 1.761902 2.605507 -0.268111
14.270000 1.774929 2.579079 -0.268056
14.275000 1.787825 2.552455 -0.268001
14.280000 1.800587 2.525638 -0.267946
14.285000 1.813215 2.498629 -0.267891
14.290000 1.825708 2.471431 -0.267836
14.295000 1.838065 2.444045 -0.267781
14.300000 1.850286 2.416474 -0.267726
14.305000 1.862368 2.388720 -0.267672
14.310000 1.874312 2.360784 -0.267617
14.315000 1.886116 2.332669 -0.267562
14.320000 1.897779 2.304378 -0.267507
14.325000 1.909301 2.275911 -0.267452
14.330000 1.920680 2.247272 -0.267397
14.335000 1.931917 2.218461 -0.267342
14.340000 1.943009 2.189483 -0.267287
14.345000 1.953956 2.160337 -0.267232
14.350000 1.964758 2.131028 -0.267177
14.355000 1.975413 2.101557 -0.267122
14.360000 1.985921 2.071926 -0.267067
14.365000 1.996281 2.042137 -0.267012
14.370000 2.006491 2.012193 -0.266957
14.375000 2.016552 1.982095 -0.266902
14.380000 2.026463 1.951847 -0.266847
14.385000 2.036222 1.921450 -0.266792
14.390000 2.045829 1.890907 -0.266737
14.395000 2.055284 1.860219 -0.266682
14.400000 2.064585 1.829390 -0.266627
14.405000 2.073732 1.798421 -0.266572
14.410000 2.082724 1.767315 -0.266517
14.415000 2.091561 1.736074 -0.266462
14.420000 2.100241 1.704701 -0.266407
14.425000 2.108764 1.673197 -0.266352
14.430000 2.117130 1.641566 -0.266297
14.435000 2.125338 1.609809 -0.266242
14.440000 2.133387 1.577929 -0.266187
14.445000 2.141277 1.545928 -0.266132
14.450000 2.149007 1.513809 -0.266077
14.455000 2.156576 1.481574 -0.266022
14.460000 2.163984 1.449225 -0.265967
14.465000 2.171230 1.416765 -0.265912
14.470000 2.178313 1.384197 -0.265857
14.475000 2.185234 1.351522 -0.265802
14.480000 2.191992 1.318744 -0.265747
14.485000 2.198586 1.285864 -0.265692
14.490000 2.205015 1.252885 -0.265637
14.495000 2.211280 1.219810 -0.265581
14.500000 2.217379 1.186641 -0.265526
14.505000 2.223312 1.153380 -0.265471
14.510000 2.229079 1.120030 -0.265416
14.515000 2.234679 1.086594 -0.265361
14.520000 2.240112 1.053074 -0.265306
14.525000 2.245377 1.019472 -0.265251
14.530000 2.250475 0.985791 -0.265196
14.535000 2.255403 0.952034 -0.265141
14.540000 2.260164 0.918203 -0.265086
14.545000 2.264755 0.884301 -0.265030
14.550000 2.269176 0.850330 -0.264975
14.555000 2.273428 0.816292 -0.264920
14.560000 2.277509 0.782190 -0.264865
14.565000 2.281420 0.748028 -0.264810
14.570000 2.285160 0.713807 -0.264755
14.575000 2.288729 0.679529 -0.264700
14.580000 2.292127 0.645198 -0.264645
14.585000 2.295353 0.610816 -0.264589
14.590000 2.298407 0.576386 -0.264534
14.595000 2.301289 0.541910 -0.264479
14.600000 2.303999 0.507391 -0.264424
14.605000 2.306536 0.472831 -0.264369
14.610000 2.308900 0.438233 -0.264314
14.615000 2.311091 0.403599 -0.264258
14.620000 2.313109 0.368933 -0.264203
14.625000 2.314954 0.334236 -0.264148
14.630000 2.316625 0.299512 -0.264093
14.635000 2.318122 0.264762 -0.264038
14.640000 2.319446 0.229991 -0.263982
14.645000 2.320596 0.195199 -0.263927
14.650000 2.321572 0.160390 -0.263872
14.655000 2.322374 0.125566 -0.263817
14.660000 2.323002 0.090731 -0.263762
14.665000 2.323455 0.055886 -0.263706
14.670000 2.323735 0.021034 -0.263651
14.675000 2.323840 -0.013822 -0.263596
14.680000 2.323771 -0.048680 -0.263541
14.685000 2.323528 -0.083536 -0.263486
14.690000 2.323110 -0.118389 -0.263430
14.695000 2.322518 -0.153236 -0.263375
14.700000 2.321752 -0.188074 -0.263320
14.705000 2.320811 -0.222900 -0.263265
14.710000 2.319697 -0.257712 -0.263209
14.715000 2.318408 -0.292508 -0.263154
14.720000 2.316946 -0.327284 -0.263099
14.725000 2.315309 -0.362038 -0.263043
14.730000 2.313499 -0.396767 -0.262988
14.735000 2.311515 -0.431470 -0.262933
14.740000 2.309358 -0.466143 -0.262878
14.745000 2.307027 -0.500783 -0.262822
14.750000 2.304523 -0.535388 -0.262767
14.755000 2.301846 -0.569956 -0.262712
14.760000 2.298997 -0.604484 -0.262656
14.765000 2.295974 -0.638969 -0.262601
14.770000 2.292779 -0.673409 -0.262546
14.775000 2.289412 -0.707800 -0.262491
14.780000 2.285873 -0.742141 -0.262435
14.785000 2.282163 -0.776430 -0.262380
14.790000 2.278280 -0.810662 -0.262325
14.795000 2.274227 -0.844836 -0.262269
14.800000 2.270003 -0.878950 -0.262214
14.805000 2.265608 -0.913000 -0.262159
14.810000 2.261043 -0.946984 -0.262103
14.815000 2.256308 -0.980899 -0.262048
14.820000 2.251404 -1.014744 -0.261993
14.825000 2.246330 -1.048515 -0.261937
14.830000 2.241088 -1.082210 -0.261882
14.835000 2.235676 -1.115826 -0.261827
14.840000 2.230097 -1.149362 -0.261771
14.845000 2.224351 -1.182813 -0.261716
14.850000 2.218436 -1.216178 -0.261660
14.855000 2.212356 -1.249455 -0.261605
14.860000 2.206108 -1.282640 -0.261550
14.865000 2.199695 -1.315732 -0.261494
14.870000 2.193116 -1.348727 -0.261439
14.875000 2.186373 -1.381624 -0.261384
14.880000 2.179465 -1.414420 -0.261328
14.885000 2.172393 -1.447111 -0.261273
14.890000 2.165157 -1.479697 -0.261217
14.895000 2.157759 -1.512175 -0.261162
14.900000 2.150198 -1.544541 -0.261106
14.905000 2.142475 -1.576794 -0.261051
14.910000 2.134591 -1.608931 -0.260996
14.915000 2.126546 -1.640950 -0.260940
14.920000 2.118342 -1.672848 -0.260885
14.925000 2.109977 -1.704623 -0.260829
14.930000 2.101454 -1.736273 -0.260774
14.935000 2.092773 -1.767795 -0.260718
14.940000 2.083934 -1.799186 -0.260663
14.945000 2.074938 -1.830445 -0.260608
14.950000 2.065786 -1.861570 -0.260552
14.955000 2.056478 -1.892556 -0.260497
14.960000 2.047015 -1.923403 -0.260441
14.965000 2.037398 -1.954109 -0.260386
14.970000 2.027628 -1.984670 -0.260330
14.975000 2.017704 -2.015084 -0.260275
14.980000 2.007629 -2.045350 -0.260219
14.985000 1.997402 -2.075464 -0.260164
14.990000 1.987025 -2.105425 -0.260108
14.995000 1.976498 -2.135230 -0.260053
15.000000 1.965821 -2.164878 -0.259997
15.005000 1.954997 -2.194365 -0.259942
15.010000 1.944025 -2.223690 -0.259886
15.015000 1.932907 -2.252851 -0.259831
15.020000 1.921642 -2.281844 -0.259775
15.025000 1.910233 -2.310669 -0.259720
15.030000 1.898680 -2.339322 -0.259664
15.035000 1.886983 -2.367803 -0.259609
15.040000 1.875144 -2.396107 -0.259553
15.045000 1.863164 -2.424234 -0.259498
15.050000 1.851043 -2.452182 -0.259442
15.055000 1.838782 -2.479948 -0.259387
15.060000 1.826382 -2.507529 -0.259331
15.065000 1.813844 -2.534925 -0.259276
15.070000 1.801170 -2.562133 -0.259220
15.075000 1.788359 -2.589150 -0.259164
15.080000 1.775413 -2.615976 -0.259109
15.085000 1.762333 -2.642607 -0.259053
15.090000 1.749120 -2.669042 -0.258998
15.095000 1.735775 -2.695279 -0.258942
15.100000 1.722299 -2.721315 -0.258887
15.105000 1.708692 -2.747150 -0.258831
15.110000 1.694956 -2.772780 -0.258775
15.115000 1.681093 -2.798204 -0.258720
15.120000 1.667101 -2.823421 -0.258664
15.125000 1.652984 -2.848427 -0.258609
15.130000 1.638742 -2.873222 -0.258553
15.135000 1.624376 -2.897803 -0.258497
15.140000 1.609887 -2.922169 -0.258442
15.145000 1.595276 -2.946317 -0.258386
15.150000 1.580545 -2.970246 -0.258331
15.155000 1.565693 -2.993955 -0.258275
15.160000 1.550724 -3.017440 -0.258219
15.165000 1.535636 -3.040701 -0.258164
15.170000 1.520433 -3.063735 -0.258108
15.175000 1.505114 -3.086542 -0.258052
15.180000 1.489682 -3.109119 -0.257997
15.185000 1.474136 -3.131464 -0.257941
15.190000 1.458479 -3.153576 -0.257885
15.195000 1.442711 -3.175453 -0.257830
15.200000 1.426834 -3.197094 -0.257774
15.205000 1.410848 -3.218496 -0.257718
15.210000 1.394756 -3.239659 -0.257663
15.215000 1.378557 -3.260580 -0.257607
15.220000 1.362254 -3.281259 -0.257551
15.225000 1.345848 -3.301692 -0.257496
15.230000 1.329340 -3.321880 -0.257440
15.235000 1.312730 -3.341820 -0.257384
15.240000 1.296021 -3.361511 -0.257329
15.245000 1.279214 -3.380951 -0.257273
15.250000 1.262309 -3.400140 -0.257217
15.255000 1.245308 -3.419074 -0.257162
15.260000 1.228213 -3.437754 -0.257106
15.265000 1.211024 -3.456177 -0.257050
15.270000 1.193743 -3.474342 -0.256994
15.275000 1.176371 -3.492249 -0.256939
15.280000 1.158910 -3.509894 -0.256883
15.285000 1.141361 -3.527278 -0.256827
15.290000 1.123724 -3.544398 -0.256771
15.295000 1.106002 -3.561254 -0.256716
15.300000 1.088196 -3.577844 -0.256660
15.305000 1.070307 -3.594167 -0.256604
15.310000 1.052336 -3.610222 -0.256548
15.315000 1.034285 -3.626007 -0.256493
15.320000 1.016155 -3.641521 -0.256437
15.325000 0.997947 -3.656763 -0.256381
15.330000 0.979663 -3.671733 -0.256325
15.335000 0.961305 -3.686427 -0.256270
15.340000 0.942873 -3.700847 -0.256214
15.345000 0.924368 -3.714990 -0.256158
15.350000 0.905793 -3.728856 -0.256102
15.355000 0.887149 -3.742443 -0.256046
15.360000 0.868437 -3.755750 -0.255991
15.365000 0.849658 -3.768776 -0.255935
15.370000 0.830814 -3.781521 -0.255879
15.375000 0.811907 -3.793983 -0.255823
15.380000 0.792937 -3.806162 -0.255767
15.385000 0.773906 -3.818056 -0.255712
15.390000 0.754816 -3.829665 -0.255656
15.395000 0.735667 -3.840987 -0.255600
15.400000 0.716462 -3.852022 -0.255544
15.405000 0.697202 -3.862769 -0.255488
15.410000 0.677888 -3.873227 -0.255432
15.415000 0.658522 -3.883395 -0.255377
15.420000 0.639105 -3.893273 -0.255321
15.425000 0.619639 -3.902860 -0.255265
15.430000 0.600125 -3.912154 -0.255209
15.435000 0.580564 -3.921156 -0.255153
15.440000 0.560958 -3.929865 -0.255097
15.445000 0.541309 -3.938279 -0.255042
15.450000 0.521617 -3.946399 -0.254986
15.455000 0.501885 -3.954223 -0.254930
15.460000 0.482114 -3.961751 -0.254874
15.465000 0.462306 -3.968983 -0.254818
15.470000 0.442461 -3.975917 -0.254762
15.475000 0.422581 -3.982554 -0.254706
15.480000 0.402668 -3.988893 -0.254650
15.485000 0.382724 -3.994933 -0.254594
15.490000 0.362749 -4.000674 -0.254539
15.495000 0.342746 -4.006115 -0.254483
15.500000 0.322715 -4.011256 -0.254427
15.505000 0.302659 -4.016097 -0.254371
15.510000 0.282578 -4.020637 -0.254315
15.515000 0.262475 -4.024876 -0.254259
15.520000 0.242351 -4.028813 -0.254203
15.525000 0.222207 -4.032448 -0.254147
15.530000 0.202045 -4.035781 -0.254091
15.535000 0.181866 -4.038812 -0.254035
15.540000 0.161672 -4.041540 -0.253979
15.545000 0.141464 -4.043965 -0.253923
15.550000 0.121244 -4.046087 -0.253867
15.555000 0.101014 -4.047905 -0.253811
15.560000 0.080774 -4.049421 -0.253755
15.565000 0.060527 -4.050632 -0.253699
15.570000 0.040274 -4.051540 -0.253643
15.575000 0.020016 -4.052144 -0.253587
15.580000 -0.000245 -4.052445 -0.253531
15.585000 -0.020507 -4.052441 -0.253476
15.590000 -0.040769 -4.052133 -0.253420
15.595000 -0.061030 -4.051522 -0.253364
15.600000 -0.081287 -4.050606 -0.253308
15.605000 -0.101540 -4.049387 -0.253252
15.610000 -0.121787 -4.047864 -0.253196
15.615000 -0.142027 -4.046037 -0.253140
15.620000 -0.162257 -4.043907 -0.253084
15.625000 -0.182476 -4.041473 -0.253027
15.630000 -0.202684 -4.038736 -0.252971
15.635000 -0.222877 -4.035695 -0.252915
15.640000 -0.243056 -4.032352 -0.252859
15.645000 -0.263218 -4.028706 -0.252803
15.650000 -0.283361 -4.024758 -0.252747
15.655000 -0.303485 -4.020508 -0.252691
15.660000 -0.323587 -4.015955 -0.252635
15.665000 -0.343667 -4.011102 -0.252579
15.670000 -0.363723 -4.005947 -0.252523
15.675000 -0.383752 -4.000491 -0.252467
15.680000 -0.403755 -3.994735 -0.252411
15.685000 -0.423729 -3.988678 -0.252355
15.690000 -0.443672 -3.982322 -0.252299
15.695000 -0.463584 -3.975667 -0.252243
15.700000 -0.483462 -3.968713 -0.252187
15.705000 -0.503305 -3.961462 -0.252131
15.710000 -0.523113 -3.953912 -0.252075
15.715000 -0.542882 -3.946065 -0.252018
15.720000 -0.562613 -3.937922 -0.251962
15.725000 -0.582302 -3.929483 -0.251906
15.730000 -0.601950 -3.920748 -0.251850
15.735000 -0.621553 -3.911719 -0.251794
15.740000 -0.641112 -3.902396 -0.251738
15.745000 -0.660624 -3.892779 -0.251682
15.750000 -0.680088 -3.882870 -0.251626
15.755000 -0.699502 -3.872668 -0.251570
15.760000 -0.718866 -3.862176 -0.251513
15.765000 -0.738176 -3.851393 -0.251457
15.770000 -0.757433 -3.840320 -0.251401
15.775000 -0.776635 -3.828959 -0.251345
15.780000 -0.795780 -3.817309 -0.251289
15.785000 -0.814866 -3.805373 -0.251233
15.790000 -0.833893 -3.793150 -0.251177
15.795000 -0.852859 -3.780641 -0.251120
15.800000 -0.871762 -3.767848 -0.251064
15.805000 -0.890601 -3.754772 -0.251008
15.810000 -0.909375 -3.741413 -0.250952
15.815000 -0.928082 -3.727772 -0.250896
15.820000 -0.946721 -3.713851 -0.250839
15.825000 -0.965290 -3.699650 -0.250783
15.830000 -0.983789 -3.685171 -0.250727
15.835000 -1.002215 -3.670414 -0.250671
15.840000 -1.020567 -3.655381 -0.250615
15.845000 -1.038844 -3.640072 -0.250558
15.850000 -1.057044 -3.624490 -0.250502
15.855000 -1.075166 -3.608634 -0.250446
15.860000 -1.093210 -3.592506 -0.250390
15.865000 -1.111172 -3.576108 -0.250334
15.870000 -1.129053 -3.559441 -0.250277
15.875000 -1.146850 -3.542505 -0.250221
15.880000 -1.164562 -3.525302 -0.250165
15.885000 -1.182189 -3.507834 -0.250109
15.890000 -1.199728 -3.490101 -0.250052
15.895000 -1.217178 -3.472105 -0.249996
15.900000 -1.234539 -3.453847 -0.249940
15.905000 -1.251808 -3.435329 -0.249884
15.910000 -1.268985 -3.416552 -0.249827
15.915000 -1.286068 -3.397517 -0.249771
15.920000 -1.303055 -3.378226 -0.249715
15.925000 -1.319946 -3.358680 -0.249659
15.930000 -1.336740 -3.338881 -0.249602
15.935000 -1.353434 -3.318830 -0.249546
15.940000 -1.370028 -3.298529 -0.249490
15.945000 -1.386521 -3.277978 -0.249434
15.950000 -1.402911 -3.257180 -0.249377
15.955000 -1.419197 -3.236137 -0.249321
15.960000 -1.435377 -3.214849 -0.249265
15.965000 -1.451452 -3.193318 -0.249208
15.970000 -1.467418 -3.171546 -0.249152
15.975000 -1.483276 -3.149535 -0.249096
15.980000 -1.499024 -3.127286 -0.249039
15.985000 -1.514660 -3.104801 -0.248983
15.990000 -1.530184 -3.082081 -0.248927
15.995000 -1.545595 -3.059128 -0.248870
16.000000 -1.560890 -3.035944 -0.248814
16.005000 -1.576070 -3.012531 -0.248758
16.010000 -1.591133 -2.988890 -0.248701
16.015000 -1.606077 -2.965023 -0.248645
16.020000 -1.620902 -2.940931 -0.248589
16.025000 -1.635607 -2.916618 -0.248532
16.030000 -1.650190 -2.892084 -0.248476
16.035000 -1.664650 -2.867331 -0.248420
16.040000 -1.678987 -2.842361 -0.248363
16.045000 -1.693199 -2.817176 -0.248307
16.050000 -1.707285 -2.791778 -0.248251
16.055000 -1.721244 -2.766169 -0.248194
16.060000 -1.735074 -2.740351 -0.248138
16.065000 -1.748776 -2.714324 -0.248081
16.070000 -1.762348 -2.688093 -0.248025
16.075000 -1.775788 -2.661658 -0.247969
16.080000 -1.789096 -2.635021 -0.247912
16.085000 -1.802272 -2.608184 -0.247856
16.090000 -1.815312 -2.581150 -0.247799
16.095000 -1.828218 -2.553920 -0.247743
16.100000 -1.840988 -2.526497 -0.247686
16.105000 -1.853620 -2.498882 -0.247630
16.110000 -1.866115 -2.471078 -0.247574
16.115000 -1.878470 -2.443086 -0.247517
16.120000 -1.890686 -2.414909 -0.247461
16.125000 -1.902760 -2.386549 -0.247404
16.130000 -1.914693 -2.358008 -0.247348
16.135000 -1.926483 -2.329287 -0.247291
16.140000 -1.938129 -2.300390 -0.247235
16.145000 -1.949631 -2.271318 -0.247179
16.150000 -1.960988 -2.242074 -0.247122
16.155000 -1.972198 -2.212659 -0.247066
16.160000 -1.983262 -2.183076 -0.247009
16.165000 -1.994177 -2.153327 -0.246953
16.170000 -2.004944 -2.123414 -0.246896
16.175000 -2.015561 -2.093340 -0.246840
16.180000 -2.026027 -2.063107 -0.246783
16.185000 -2.036343 -2.032716 -0.246727
16.190000 -2.046506 -2.002171 -0.246670
16.195000 -2.056517 -1.971474 -0.246614
16.200000 -2.066375 -1.940626 -0.246557
16.205000 -2.076078 -1.909630 -0.246501
16.210000 -2.085626 -1.878489 -0.246444
16.215000 -2.095018 -1.847205 -0.246388
16.220000 -2.104254 -1.815779 -0.246331
16.225000 -2.113333 -1.784215 -0.246275
16.230000 -2.122254 -1.752515 -0.246218
16.235000 -2.131017 -1.720682 -0.246162
16.240000 -2.139620 -1.688716 -0.246105
16.245000 -2.148064 -1.656622 -0.246048
16.250000 -2.156347 -1.624401 -0.245992
16.255000 -2.164469 -1.592056 -0.245935
16.260000 -2.172429 -1.559589 -0.245879
16.265000 -2.180227 -1.527002 -0.245822
16.270000 -2.187862 -1.494299 -0.245766
16.275000 -2.195334 -1.461481 -0.245709
16.280000 -2.202641 -1.428551 -0.245653
16.285000 -2.209784 -1.395512 -0.245596
16.290000 -2.216762 -1.362365 -0.245539
16.295000 -2.223573 -1.329113 -0.245483
16.300000 -2.230219 -1.295760 -0.245426
16.305000 -2.236698 -1.262306 -0.245370
16.310000 -2.243009 -1.228756 -0.245313
16.315000 -2.249153 -1.195111 -0.245256
16.320000 -2.255129 -1.161374 -0.245200
16.325000 -2.260935 -1.127547 -0.245143
16.330000 -2.266573 -1.093633 -0.245087
16.335000 -2.272041 -1.059634 -0.245030
16.340000 -2.277340 -1.025553 -0.244973
16.345000 -2.282467 -0.991393 -0.244917
16.350000 -2.287424 -0.957156 -0.244860
16.355000 -2.292210 -0.922845 -0.244803
16.360000 -2.296824 -0.888462 -0.244747
16.365000 -2.301267 -0.854009 -0.244690
16.370000 -2.305537 -0.819490 -0.244634
16.375000 -2.309634 -0.784907 -0.244577
16.380000 -2.313559 -0.750263 -0.244520
16.385000 -2.317310 -0.715559 -0.244464
16.390000 -2.320888 -0.680800 -0.244407
16.395000 -2.324292 -0.645986 -0.244350
16.400000 -2.327522 -0.611122 -0.244294
16.405000 -2.330577 -0.576209 -0.244237
16.410000 -2.333458 -0.541251 -0.244180
16.415000 -2.336165 -0.506249 -0.244124
16.420000 -2.338696 -0.471206 -0.244067
16.425000 -2.341052 -0.436126 -0.244010
16.430000 -2.343232 -0.401010 -0.243953
16.435000 -2.345237 -0.365862 -0.243897
16.440000 -2.347067 -0.330683 -0.243840
16.445000 -2.348720 -0.295477 -0.243783
16.450000 -2.350198 -0.260246 -0.243727
16.455000 -2.351499 -0.224993 -0.243670
16.460000 -2.352624 -0.189721 -0.243613
16.465000 -2.353572 -0.154431 -0.243556
16.470000 -2.354345 -0.119128 -0.243500
16.475000 -2.354940 -0.083813 -0.243443
16.480000 -2.355359 -0.048489 -0.243386
16.485000 -2.355602 -0.013158 -0.243329
16.490000 -2.355668 0.022176 -0.243273
16.495000 -2.355557 0.057511 -0.243216
16.500000 -2.355269 0.092844 -0.243159
16.505000 -2.354805 0.128173 -0.243102
16.510000 -2.354164 0.163495 -0.243046
16.515000 -2.353347 0.198808 -0.242989
16.520000 -2.352352 0.234108 -0.242932
16.525000 -2.351182 0.269393 -0.242875
16.530000 -2.349835 0.304661 -0.242819
16.535000 -2.348312 0.339909 -0.242762
16.540000 -2.346612 0.375133 -0.242705
16.545000 -2.344736 0.410332 -0.242648
16.550000 -2.342685 0.445503 -0.242591
16.555000 -2.340457 0.480644 -0.242535
16.560000 -2.338054 0.515751 -0.242478
16.565000 -2.335475 0.550821 -0.242421
16.570000 -2.332721 0.585854 -0.242364
16.575000 -2.329792 0.620844 -0.242307
16.580000 -2.326688 0.655791 -0.242250
16.585000 -2.323409 0.690692 -0.242194
16.590000 -2.319955 0.725543 -0.242137
16.595000 -2.316328 0.760342 -0.242080
16.600000 -2.312526 0.795087 -0.242023
16.605000 -2.308550 0.829775 -0.241966
16.610000 -2.304402 0.864403 -0.241909
16.615000 -2.300080 0.898969 -0.241853
16.620000 -2.295585 0.933470 -0.241796
16.625000 -2.290917 0.967904 -0.241739
16.630000 -2.286078 1.002268 -0.241682
16.635000 -2.281066 1.036559 -0.241625
16.640000 -2.275884 1.070775 -0.241568
16.645000 -2.270530 1.104913 -0.241511
16.650000 -2.265005 1.138971 -0.241454
16.655000 -2.259310 1.172946 -0.241398
16.660000 -2.253446 1.206836 -0.241341
16.665000 -2.247411 1.240638 -0.241284
16.670000 -2.241208 1.274349 -0.241227
16.675000 -2.234837 1.307967 -0.241170
16.680000 -2.228297 1.341489 -0.241113
16.685000 -2.221589 1.374914 -0.241056
16.690000 -2.214715 1.408238 -0.240999
16.695000 -2.207674 1.441458 -0.240942
16.700000 -2.200466 1.474574 -0.240885
16.705000 -2.193093 1.507581 -0.240828
16.710000 -2.185555 1.540477 -0.240772
16.715000 -2.177853 1.573260 -0.240715
16.720000 -2.169987 1.605928 -0.240658
16.725000 -2.161957 1.638478 -0.240601
16.730000 -2.153765 1.670907 -0.240544
16.735000 -2.145410 1.703214 -0.240487
16.740000 -2.136894 1.735395 -0.240430
16.745000 -2.128217 1.767448 -0.240373
16.750000 -2.119380 1.799372 -0.240316
16.755000 -2.110383 1.831162 -0.240259
16.760000 -2.101227 1.862818 -0.240202
16.765000 -2.091913 1.894336 -0.240145
16.770000 -2.082441 1.925715 -0.240088
16.775000 -2.072813 1.956952 -0.240031
16.780000 -2.063028 1.988044 -0.239974
16.785000 -2.053088 2.018989 -0.239917
16.790000 -2.042993 2.049786 -0.239860
16.795000 -2.032744 2.080431 -0.239803
16.800000 -2.022342 2.110922 -0.239746
16.805000 -2.011787 2.141257 -0.239689
16.810000 -2.001081 2.171434 -0.239632
16.815000 -1.990224 2.201450 -0.239575
16.820000 -1.979217 2.231303 -0.239518
16.825000 -1.968060 2.260991 -0.239461
16.830000 -1.956755 2.290512 -0.239404
16.835000 -1.945303 2.319864 -0.239347
16.840000 -1.933703 2.349043 -0.239290
16.845000 -1.921958 2.378049 -0.239233
16.850000 -1.910068 2.406878 -0.239176
16.855000 -1.898033 2.435529 -0.239118
16.860000 -1.885856 2.464000 -0.239061
16.865000 -1.873536 2.492287 -0.239004
16.870000 -1.861074 2.520390 -0.238947
16.875000 -1.848472 2.548307 -0.238890
16.880000 -1.835731 2.576034 -0.238833
16.885000 -1.822851 2.603570 -0.238776
16.890000 -1.809833 2.630912 -0.238719
16.895000 -1.796678 2.658060 -0.238662
16.900000 -1.783388 2.685010 -0.238605
16.905000 -1.769963 2.711761 -0.238548
16.910000 -1.756404 2.738310 -0.238490
16.915000 -1.742713 2.764656 -0.238433
16.920000 -1.728889 2.790797 -0.238376
16.925000 -1.714935 2.816730 -0.238319
16.930000 -1.700852 2.842454 -0.238262
16.935000 -1.686639 2.867967 -0.238205
16.940000 -1.672299 2.893267 -0.238148
16.945000 -1.657833 2.918351 -0.238091
16.950000 -1.643241 2.943219 -0.238033
16.955000 -1.628525 2.967867 -0.237976
16.960000 -1.613686 2.992295 -0.237919
16.965000 -1.598724 3.016501 -0.237862
16.970000 -1.583642 3.040481 -0.237805
16.975000 -1.568440 3.064236 -0.237748
16.980000 -1.553118 3.087763 -0.237691
16.985000 -1.537680 3.111059 -0.237633
16.990000 -1.522124 3.134125 -0.237576
16.995000 -1.506454 3.156957 -0.237519
17.000000 -1.490669 3.179553 -0.237462
17.005000 -1.474771 3.201913 -0.237405
17.010000 -1.458762 3.224035 -0.237347
17.015000 -1.442641 3.245916 -0.237290
17.020000 -1.426412 3.267556 -0.237233
17.025000 -1.410074 3.288952 -0.237176
17.030000 -1.393629 3.310103 -0.237119
17.035000 -1.377079 3.331008 -0.237061
17.040000 -1.360424 3.351664 -0.237004
17.045000 -1.343665 3.372070 -0.236947
17.050000 -1.326805 3.392225 -0.236890
17.055000 -1.309844 3.412127 -0.236832
17.060000 -1.292783 3.431775 -0.236775
17.065000 -1.275624 3.451167 -0.236718
17.070000 -1.258369 3.470301 -0.236661
17.075000 -1.241017 3.489177 -0.236603
17.080000 -1.223571 3.507792 -0.236546
17.085000 -1.206032 3.526145 -0.236489
17.090000 -1.188401 3.544236 -0.236432
17.095000 -1.170680 3.562062 -0.236374
17.100000 -1.152870 3.579622 -0.236317
17.105000 -1.134972 3.596915 -0.236260
17.110000 -1.116987 3.613940 -0.236203
17.115000 -1.098918 3.630695 -0.236145
17.120000 -1.080764 3.647178 -0.236088
17.125000 -1.062528 3.663390 -0.236031
17.130000 -1.044211 3.679328 -0.235973
17.135000 -1.025815 3.694991 -0.235916
17.140000 -1.007340 3.710378 -0.235859
17.145000 -0.988788 3.725488 -0.235802
17.150000 -0.970160 3.740320 -0.235744
17.155000 -0.951459 3.754872 -0.235687
17.160000 -0.932684 3.769144 -0.235630
17.165000 -0.913839 3.783135 -0.235572
17.170000 -0.894923 3.796842 -0.235515
17.175000 -0.875939 3.810266 -0.235458
17.180000 -0.856887 3.823405 -0.235400
17.185000 -0.837770 3.836258 -0.235343
17.190000 -0.818589 3.848825 -0.235286
17.195000 -0.799345 3.861104 -0.235228
17.200000 -0.780040 3.873094 -0.235171
17.205000 -0.760674 3.884795 -0.235113
17.210000 -0.741250 3.896205 -0.235056
17.215000 -0.721769 3.907323 -0.234999
17.220000 -0.702232 3.918150 -0.234941
17.225000 -0.682642 3.928683 -0.234884
17.230000 -0.662998 3.938923 -0.234827
17.235000 -0.643304 3.948868 -0.234769
17.240000 -0.623559 3.958518 -0.234712
17.245000 -0.603767 3.967871 -0.234654
17.250000 -0.583927 3.976927 -0.234597
17.255000 -0.564043 3.985686 -0.234540
17.260000 -0.544114 3.994147 -0.234482
17.265000 -0.524144 4.002309 -0.234425
17.270000 -0.504132 4.010171 -0.234367
17.275000 -0.484081 4.017733 -0.234310
17.280000 -0.463993 4.024994 -0.234253
17.285000 -0.443868 4.031954 -0.234195
17.290000 -0.423708 4.038612 -0.234138
17.295000 -0.403515 4.044968 -0.234080
17.300000 -0.383290 4.051020 -0.234023
17.305000 -0.363035 4.056770 -0.233965
17.310000 -0.342751 4.062215 -0.233908
17.315000 -0.322440 4.067356 -0.233850
17.320000 -0.302103 4.072193 -0.233793
17.325000 -0.281742 4.076725 -0.233735
17.330000 -0.261358 4.080951 -0.233678
17.335000 -0.240954 4.084871 -0.233621
17.340000 -0.220529 4.088485 -0.233563
17.345000 -0.200087 4.091793 -0.233506
17.350000 -0.179628 4.094795 -0.233448
17.355000 -0.159154 4.097489 -0.233391
17.360000 -0.138667 4.099876 -0.233333
17.365000 -0.118167 4.101956 -0.233276
17.370000 -0.097657 4.103729 -0.233218
17.375000 -0.077139 4.105194 -0.233161
17.380000 -0.056613 4.106351 -0.233103
17.385000 -0.036081 4.107200 -0.233046
17.390000 -0.015545 4.107741 -0.232988
17.395000 0.004994 4.107974 -0.232931
17.400000 0.025534 4.107900 -0.232873
17.405000 0.046073 4.107517 -0.232815
17.410000 0.066611 4.106825 -0.232758
17.415000 0.087145 4.105826 -0.232700
17.420000 0.107674 4.104519 -0.232643
17.425000 0.128197 4.102904 -0.232585
17.430000 0.148711 4.100981 -0.232528
17.435000 0.169216 4.098750 -0.232470
17.440000 0.189710 4.096212 -0.232413
17.445000 0.210191 4.093366 -0.232355
17.450000 0.230658 4.090214 -0.232297
17.455000 0.251109 4.086754 -0.232240
17.460000 0.271542 4.082987 -0.232182
17.465000 0.291957 4.078914 -0.232125
17.470000 0.312352 4.074535 -0.232067
17.475000 0.332725 4.069849 -0.232010
17.480000 0.353074 4.064859 -0.231952
17.485000 0.373398 4.059562 -0.231894
17.490000 0.393696 4.053961 -0.231837
17.495000 0.413966 4.048056 -0.231779
17.500000 0.434206 4.041846 -0.231721
17.505000 0.454415 4.035333 -0.231664
17.510000 0.474592 4.028517 -0.231606
17.515000 0.494735 4.021398 -0.231549
17.520000 0.514842 4.013977 -0.231491
17.525000 0.534911 4.006255 -0.231433
17.530000 0.554943 3.998231 -0.231376
17.535000 0.574934 3.989907 -0.231318
17.540000 0.594883 3.981283 -0.231260
17.545000 0.614790 3.972360 -0.231203
17.550000 0.634652 3.963138 -0.231145
17.555000 0.654467 3.953618 -0.231087
17.560000 0.674235 3.943801 -0.231030
17.565000 0.693954 3.933687 -0.230972
17.570000 0.713623 3.923278 -0.230914
17.575000 0.733239 3.912574 -0.230857
17.580000 0.752802 3.901575 -0.230799
17.585000 0.772310 3.890283 -0.230741
17.590000 0.791761 3.878699 -0.230684
17.595000 0.811155 3.866822 -0.230626
17.600000 0.830489 3.854655 -0.230568
17.605000 0.849762 3.842197 -0.230511
17.610000 0.868973 3.829451 -0.230453
17.615000 0.888120 3.816416 -0.230395
17.620000 0.907203 3.803095 -0.230337
17.625000 0.926218 3.789487 -0.230280
17.630000 0.945165 3.775593 -0.230222
17.635000 0.964043 3.761416 -0.230164
17.640000 0.982850 3.746955 -0.230106
17.645000 1.001585 3.732212 -0.230049
17.650000 1.020246 3.717189 -0.229991
17.655000 1.038832 3.701885 -0.229933
17.660000 1.057342 3.686302 -0.229875
17.665000 1.075773 3.670442 -0.229818
17.670000 1.094125 3.654306 -0.229760
17.675000 1.112397 3.637894 -0.229702
17.680000 1.130586 3.621208 -0.229644
17.685000 1.148692 3.604249 -0.229587
17.690000 1.166714 3.587019 -0.229529
17.695000 1.184649 3.569518 -0.229471
17.700000 1.202496 3.551748 -0.229413
17.705000 1.220255 3.533711 -0.229355
17.710000 1.237924 3.515407 -0.229298
17.715000 1.255501 3.496838 -0.229240
17.720000 1.272985 3.478006 -0.229182
17.725000 1.290375 3.458911 -0.229124
17.730000 1.307669 3.439555 -0.229066
17.735000 1.324867 3.419940 -0.229009
17.740000 1.341967 3.400067 -0.228951
17.745000 1.358967 3.379938 -0.228893
17.750000 1.375867 3.359553 -0.228835
17.755000 1.392665 3.338915 -0.228777
17.760000 1.409359 3.318025 -0.228719
17.765000 1.425949 3.296885 -0.228662
17.770000 1.442434 3.275496 -0.228604
17.775000 1.458811 3.253859 -0.228546
17.780000 1.475081 3.231977 -0.228488
17.785000 1.491241 3.209851 -0.228430
17.790000 1.507290 3.187482 -0.228372
17.795000 1.523227 3.164873 -0.228314
17.800000 1.539052 3.142024 -0.228257
17.805000 1.554762 3.118939 -0.228199
17.810000 1.570356 3.095617 -0.228141
17.815000 1.585834 3.072062 -0.228083
17.820000 1.601195 3.048274 -0.228025
17.825000 1.616436 3.024256 -0.227967
17.830000 1.631557 3.000010 -0.227909
17.835000 1.646557 2.975536 -0.227851
17.840000 1.661435 2.950838 -0.227793
17.845000 1.676189 2.925917 -0.227735
17.850000 1.690819 2.900774 -0.227678
17.855000 1.705323 2.875411 -0.227620
17.860000 1.719700 2.849832 -0.227562
17.865000 1.733949 2.824036 -0.227504
17.870000 1.748069 2.798027 -0.227446
17.875000 1.762059 2.771806 -0.227388
17.880000 1.775918 2.745375 -0.227330
17.885000 1.789645 2.718736 -0.227272
17.890000 1.803239 2.691891 -0.227214
17.895000 1.816698 2.664843 -0.227156
17.900000 1.830023 2.637592 -0.227098
17.905000 1.843211 2.610142 -0.227040
17.910000 1.856261 2.582494 -0.226982
17.915000 1.869174 2.554650 -0.226924
17.920000 1.881947 2.526612 -0.226866
17.925000 1.894580 2.498383 -0.226808
17.930000 1.907072 2.469964 -0.226750
17.935000 1.919422 2.441358 -0.226692
17.940000 1.931629 2.412567 -0.226634
17.945000 1.943691 2.383593 -0.226576
17.950000 1.955609 2.354437 -0.226518
17.955000 1.967382 2.325103 -0.226460
17.960000 1.979007 2.295592 -0.226402
17.965000 1.990485 2.265907 -0.226344
17.970000 2.001815 2.236050 -0.226286
17.975000 2.012995 2.206023 -0.226228
17.980000 2.024025 2.175828 -0.226170
17.985000 2.034904 2.145467 -0.226112
17.990000 2.045631 2.114944 -0.226054
17.995000 2.056206 2.084259 -0.225996
18.000000 2.066627 2.053416 -0.225938
18.005000 2.076895 2.022417 -0.225880
18.010000 2.087007 1.991264 -0.225822
18.015000 2.096963 1.959958 -0.225764
18.020000 2.106763 1.928504 -0.225706
18.025000 2.116405 1.896903 -0.225648
18.030000 2.125890 1.865156 -0.225590
18.035000 2.135216 1.833268 -0.225531
18.040000 2.144382 1.801240 -0.225473
18.045000 2.153388 1.769074 -0.225415
18.050000 2.162233 1.736773 -0.225357
18.055000 2.170917 1.704340 -0.225299
18.060000 2.179439 1.671776 -0.225241
18.065000 2.187798 1.639085 -0.225183
18.070000 2.195993 1.606268 -0.225125
18.075000 2.204025 1.573328 -0.225067
18.080000 2.211891 1.540267 -0.225009
18.085000 2.219593 1.507089 -0.224950
18.090000 2.227128 1.473795 -0.224892
18.095000 2.234497 1.440388 -0.224834
18.100000 2.241699 1.406871 -0.224776
18.105000 2.248733 1.373245 -0.224718
18.110000 2.255600 1.339514 -0.224660
18.115000 2.262297 1.305680 -0.224602
18.120000 2.268826 1.271746 -0.224543
18.125000 2.275184 1.237713 -0.224485
18.130000 2.281373 1.203586 -0.224427
18.135000 2.287391 1.169365 -0.224369
18.140000 2.293238 1.135054 -0.224311
18.145000 2.298913 1.100656 -0.224253
18.150000 2.304416 1.066172 -0.224194
18.155000 2.309747 1.031606 -0.224136
18.160000 2.314905 0.996959 -0.224078
18.165000 2.319890 0.962236 -0.224020
18.170000 2.324701 0.927437 -0.223962
18.175000 2.329338 0.892567 -0.223903
18.180000 2.333801 0.857627 -0.223845
18.185000 2.338089 0.822620 -0.223787
18.190000 2.342202 0.787549 -0.223729
18.195000 2.346140 0.752416 -0.223671
18.200000 2.349902 0.717223 -0.223612
18.205000 2.353488 0.681975 -0.223554
18.210000 2.356898 0.646673 -0.223496
18.215000 2.360131 0.611319 -0.223438
18.220000 2.363188 0.575917 -0.223379
18.225000 2.366068 0.540469 -0.223321
18.230000 2.368770 0.504978 -0.223263
18.235000 2.371295 0.469447 -0.223205
18.240000 2.373642 0.433877 -0.223146
18.245000 2.375811 0.398273 -0.223088
18.250000 2.377803 0.362635 -0.223030
18.255000 2.379616 0.326968 -0.222972
18.260000 2.381251 0.291274 -0.222913
18.265000 2.382707 0.255555 -0.222855
18.270000 2.383985 0.219815 -0.222797
18.275000 2.385084 0.184055 -0.222738
18.280000 2.386004 0.148279 -0.222680
18.285000 2.386746 0.112489 -0.222622
18.290000 2.387308 0.076688 -0.222564
18.295000 2.387692 0.040878 -0.222505
18.300000 2.387896 0.005063 -0.222447
18.305000 2.387921 -0.030756 -0.222389
18.310000 2.387768 -0.066575 -0.222330
18.315000 2.387435 -0.102391 -0.222272
18.320000 2.386923 -0.138203 -0.222214
18.325000 2.386232 -0.174007 -0.222155
18.330000 2.385362 -0.209800 -0.222097
18.335000 2.384313 -0.245580 -0.222039
18.340000 2.383085 -0.281345 -0.221980
18.345000 2.381678 -0.317091 -0.221922
18.350000 2.380093 -0.352817 -0.221864
18.355000 2.378328 -0.388518 -0.221805
18.360000 2.376386 -0.424193 -0.221747
18.365000 2.374265 -0.459839 -0.221688
18.370000 2.371966 -0.495453 -0.221630
18.375000 2.369488 -0.531032 -0.221572
18.380000 2.366833 -0.566574 -0.221513
18.385000 2.364000 -0.602077 -0.221455
18.390000 2.360990 -0.637537 -0.221397
18.395000 2.357802 -0.672952 -0.221338
18.400000 2.354438 -0.708319 -0.221280
18.405000 2.350896 -0.743635 -0.221221
18.410000 2.347178 -0.778899 -0.221163
18.415000 2.343283 -0.814107 -0.221105
18.420000 2.339213 -0.849256 -0.221046
18.425000 2.334967 -0.884344 -0.220988
18.430000 2.330545 -0.919368 -0.220929
18.435000 2.325948 -0.954327 -0.220871
18.440000 2.321176 -0.989216 -0.220812
18.445000 2.316230 -1.024034 -0.220754
18.450000 2.311110 -1.058777 -0.220696
18.455000 2.305816 -1.093444 -0.220637
18.460000 2.300349 -1.128031 -0.220579
18.465000 2.294709 -1.162536 -0.220520
18.470000 2.288896 -1.196957 -0.220462
18.475000 2.282911 -1.231290 -0.220403
18.480000 2.276755 -1.265534 -0.220345
18.485000 2.270427 -1.299685 -0.220286
18.490000 2.263929 -1.333742 -0.220228
18.495000 2.257260 -1.367701 -0.220169
18.500000 2.250422 -1.401559 -0.220111
18.505000 2.243414 -1.435316 -0.220052
18.510000 2.236237 -1.468967 -0.219994
18.515000 2.228892 -1.502511 -0.219935
18.520000 2.221380 -1.535944 -0.219877
18.525000 2.213700 -1.569265 -0.219818
18.530000 2.205854 -1.602470 -0.219760
18.535000 2.197841 -1.635558 -0.219701
18.540000 2.189664 -1.668526 -0.219643
18.545000 2.181321 -1.701370 -0.219584
18.550000 2.172814 -1.734090 -0.219526
18.555000 2.164144 -1.766683 -0.219467
18.560000 2.155310 -1.799145 -0.219409
18.565000 2.146315 -1.831474 -0.219350
18.570000 2.137157 -1.863669 -0.219292
18.575000 2.127839 -1.895726 -0.219233
18.580000 2.118360 -1.927644 -0.219174
18.585000 2.108722 -1.959419 -0.219116
18.590000 2.098925 -1.991050 -0.219057
18.595000 2.088970 -2.022534 -0.218999
18.600000 2.078857 -2.053869 -0.218940
18.605000 2.068588 -2.085051 -0.218882
18.610000 2.058162 -2.116080 -0.218823
18.615000 2.047582 -2.146953 -0.218764
18.620000 2.036847 -2.177666 -0.218706
18.625000 2.025959 -2.208219 -0.218647
18.630000 2.014918 -2.238609 -0.218589
18.635000 2.003725 -2.268832 -0.218530
18.640000 1.992381 -2.298888 -0.218471
18.645000 1.980886 -2.328774 -0.218413
18.650000 1.969242 -2.358487 -0.218354
18.655000 1.957450 -2.388026 -0.218296
18.660000 1.945510 -2.417388 -0.218237
18.665000 1.933423 -2.446570 -0.218178
18.670000 1.921190 -2.475572 -0.218120
18.675000 1.908812 -2.504389 -0.218061
18.680000 1.896290 -2.533022 -0.218002
18.685000 1.883625 -2.561466 -0.217944
18.690000 1.870818 -2.589720 -0.217885
18.695000 1.857869 -2.617783 -0.217826
18.700000 1.844780 -2.645651 -0.217768
18.705000 1.831552 -2.673322 -0.217709
18.710000 1.818185 -2.700796 -0.217650
18.715000 1.804681 -2.728068 -0.217592
18.720000 1.791041 -2.755139 -0.217533
18.725000 1.777265 -2.782004 -0.217474
18.730000 1.763355 -2.808663 -0.217416
18.735000 1.749312 -2.835114 -0.217357
18.740000 1.735136 -2.861353 -0.217298
18.745000 1.720830 -2.887380 -0.217240
18.750000 1.706393 -2.913193 -0.217181
18.755000 1.691827 -2.938789 -0.217122
18.760000 1.677133 -2.964166 -0.217063
18.765000 1.662312 -2.989323 -0.217005
18.770000 1.647365 -3.014258 -0.216946
18.775000 1.632294 -3.038968 -0.216887
18.780000 1.617099 -3.063453 -0.216829
18.785000 1.601782 -3.087709 -0.216770
18.790000 1.586343 -3.111736 -0.216711
18.795000 1.570785 -3.135531 -0.216652
18.800000 1.555107 -3.159093 -0.216594
18.805000 1.539312 -3.182419 -0.216535
18.810000 1.523400 -3.205509 -0.216476
18.815000 1.507372 -3.228360 -0.216417
18.820000 1.491230 -3.250971 -0.216359
18.825000 1.474975 -3.273339 -0.216300
18.830000 1.458609 -3.295464 -0.216241
18.835000 1.442131 -3.317343 -0.216182
18.840000 1.425545 -3.338975 -0.216123
18.845000 1.408850 -3.360358 -0.216065
18.850000 1.392048 -3.381491 -0.216006
18.855000 1.375141 -3.402371 -0.215947
18.860000 1.358129 -3.422998 -0.215888
18.865000 1.341014 -3.443370 -0.215829
18.870000 1.323797 -3.463486 -0.215771
18.875000 1.306479 -3.483343 -0.215712
18.880000 1.289063 -3.502940 -0.215653
18.885000 1.271548 -3.522276 -0.215594
18.890000 1.253937 -3.541349 -0.215535
18.895000 1.236230 -3.560158 -0.215476
18.900000 1.218429 -3.578701 -0.215418
18.905000 1.200536 -3.596978 -0.215359
18.910000 1.182551 -3.614986 -0.215300
18.915000 1.164476 -3.632724 -0.215241
18.920000 1.146312 -3.650191 -0.215182
18.925000 1.128061 -3.667386 -0.215123
18.930000 1.109724 -3.684307 -0.215065
18.935000 1.091303 -3.700953 -0.215006
18.940000 1.072798 -3.717322 -0.214947
18.945000 1.054211 -3.733414 -0.214888
18.950000 1.035544 -3.749227 -0.214829
18.955000 1.016798 -3.764761 -0.214770
18.960000 0.997974 -3.780013 -0.214711
18.965000 0.979074 -3.794982 -0.214652
18.970000 0.960099 -3.809668 -0.214593
18.975000 0.941051 -3.824070 -0.214535
18.980000 0.921931 -3.838186 -0.214476
18.985000 0.902740 -3.852015 -0.214417
18.990000 0.883480 -3.865556 -0.214358
18.995000 0.864152 -3.878808 -0.214299
19.000000 0.844758 -3.891770 -0.214240
19.005000 0.825299 -3.904441 -0.214181
19.010000 0.805777 -3.916821 -0.214122
19.015000 0.786193 -3.928908 -0.214063
19.020000 0.766548 -3.940700 -0.214004
19.025000 0.746845 -3.952199 -0.213945
19.030000 0.727084 -3.963401 -0.213886
19.035000 0.707267 -3.974308 -0.213827
19.040000 0.687395 -3.984917 -0.213768
19.045000 0.667470 -3.995228 -0.213709
19.050000 0.647494 -4.005240 -0.213650
19.055000 0.627468 -4.014952 -0.213591
19.060000 0.607393 -4.024364 -0.213532
19.065000 0.587272 -4.033475 -0.213473
19.070000 0.567104 -4.042284 -0.213414
19.075000 0.546893 -4.050791 -0.213355
19.080000 0.526639 -4.058994 -0.213296
19.085000 0.506344 -4.066894 -0.213237
19.090000 0.486009 -4.074489 -0.213178
19.095000 0.465637 -4.081779 -0.213119
19.100000 0.445228 -4.088763 -0.213060
19.105000 0.424784 -4.095442 -0.213001
19.110000 0.404307 -4.101814 -0.212942
19.115000 0.383798 -4.107878 -0.212883
19.120000 0.363259 -4.113635 -0.212824
19.125000 0.342690 -4.119084 -0.212765
19.130000 0.322095 -4.124224 -0.212706
19.135000 0.301474 -4.129056 -0.212647
19.140000 0.280829 -4.133578 -0.212588
19.145000 0.260161 -4.137790 -0.212529
19.150000 0.239472 -4.141693 -0.212470
19.155000 0.218763 -4.145285 -0.212411
19.160000 0.198037 -4.148566 -0.212352
19.165000 0.177294 -4.151537 -0.212293
19.170000 0.156536 -4.154196 -0.212234
19.175000 0.135765 -4.156544 -0.212175
19.180000 0.114983 -4.158581 -0.212116
19.185000 0.094190 -4.160306 -0.212056
19.190000 0.073388 -4.161718 -0.211997
19.195000 0.052580 -4.162819 -0.211938
19.200000 0.031766 -4.163608 -0.211879
19.205000 0.010947 -4.164084 -0.211820
19.210000 -0.009873 -4.164249 -0.211761
19.215000 -0.030694 -4.164100 -0.211702
19.220000 -0.051515 -4.163640 -0.211643
19.225000 -0.072333 -4.162867 -0.211584
19.230000 -0.093147 -4.161782 -0.211524
19.235000 -0.113956 -4.160385 -0.211465
19.240000 -0.134758 -4.158676 -0.211406
19.245000 -0.155551 -4.156654 -0.211347
19.250000 -0.176335 -4.154321 -0.211288
19.255000 -0.197106 -4.151676 -0.211229
19.260000 -0.217865 -4.148720 -0.211170
19.265000 -0.238608 -4.145452 -0.211110
19.270000 -0.259336 -4.141872 -0.211051
19.275000 -0.280045 -4.137982 -0.210992
19.280000 -0.300735 -4.133782 -0.210933
19.285000 -0.321404 -4.129271 -0.210874
19.290000 -0.342050 -4.124450 -0.210815
19.295000 -0.362672 -4.119319 -0.210755
19.300000 -0.383269 -4.113879 -0.210696
19.305000 -0.403838 -4.108130 -0.210637
19.310000 -0.424379 -4.102072 -0.210578
19.315000 -0.444889 -4.095707 -0.210519
19.320000 -0.465368 -4.089033 -0.210459
19.325000 -0.485813 -4.082053 -0.210400
19.330000 -0.506223 -4.074765 -0.210341
19.335000 -0.526597 -4.067172 -0.210282
19.340000 -0.546933 -4.059273 -0.210222
19.345000 -0.567229 -4.051069 -0.210163
19.350000 -0.587485 -4.042561 -0.210104
19.355000 -0.607698 -4.033748 -0.210045
19.360000 -0.627866 -4.024633 -0.209986
19.365000 -0.647989 -4.015215 -0.209926
19.370000 -0.668065 -4.005495 -0.209867
19.375000 -0.688093 -3.995474 -0.209808
19.380000 -0.708070 -3.985153 -0.209748
19.385000 -0.727996 -3.974532 -0.209689
19.390000 -0.747869 -3.963612 -0.209630
19.395000 -0.767687 -3.952394 -0.209571
19.400000 -0.787449 -3.940878 -0.209511
19.405000 -0.807153 -3.929067 -0.209452
19.410000 -0.826799 -3.916959 -0.209393
19.415000 -0.846383 -3.904557 -0.209333
19.420000 -0.865906 -3.891862 -0.209274
19.425000 -0.885365 -3.878873 -0.209215
19.430000 -0.904760 -3.865593 -0.209156
19.435000 -0.924088 -3.852021 -0.209096
19.440000 -0.943348 -3.838160 -0.209037
19.445000 -0.962539 -3.824010 -0.208978
19.450000 -0.981659 -3.809572 -0.208918
19.455000 -1.000707 -3.794847 -0.208859
19.460000 -1.019681 -3.779836 -0.208800
19.465000 -1.038580 -3.764541 -0.208740
19.470000 -1.057403 -3.748962 -0.208681
19.475000 -1.076147 -3.733101 -0.208622
19.480000 -1.094813 -3.716959 -0.208562
19.485000 -1.113398 -3.700537 -0.208503
19.490000 -1.131900 -3.683836 -0.208444
19.495000 -1.150320 -3.666857 -0.208384
19.500000 -1.168654 -3.649603 -0.208325
19.505000 -1.186902 -3.632073 -0.208265
19.510000 -1.205062 -3.614269 -0.208206
19.515000 -1.223134 -3.596193 -0.208147
19.520000 -1.241115 -3.577846 -0.208087
19.525000 -1.259004 -3.559230 -0.208028
19.530000 -1.276800 -3.540344 -0.207968
19.535000 -1.294502 -3.521192 -0.207909
19.540000 -1.312108 -3.501775 -0.207850
19.545000 -1.329617 -3.482093 -0.207790
19.550000 -1.347027 -3.462149 -0.207731
19.555000 -1.364338 -3.441944 -0.207671
19.560000 -1.381547 -3.421479 -0.207612
19.565000 -1.398655 -3.400755 -0.207553
19.570000 -1.415659 -3.379776 -0.207493
19.575000 -1.432558 -3.358541 -0.207434
19.580000 -1.449350 -3.337052 -0.207374
19.585000 -1.466036 -3.315312 -0.207315
19.590000 -1.482612 -3.293322 -0.207255
19.595000 -1.499079 -3.271082 -0.207196
19.600000 -1.515434 -3.248596 -0.207136
19.605000 -1.531677 -3.225865 -0.207077
19.610000 -1.547806 -3.202890 -0.207018
19.615000 -1.563821 -3.179672 -0.206958
19.620000 -1.579719 -3.156215 -0.206899
19.625000 -1.595500 -3.132519 -0.206839
19.630000 -1.611163 -3.108587 -0.206780
19.635000 -1.626706 -3.084419 -0.206720
19.640000 -1.642128 -3.060019 -0.206661
19.645000 -1.657428 -3.035387 -0.206601
19.650000 -1.672605 -3.010525 -0.206542
19.655000 -1.687658 -2.985436 -0.206482
19.660000 -1.702585 -2.960121 -0.206423
19.665000 -1.717385 -2.934583 -0.206363
19.670000 -1.732058 -2.908822 -0.206304
19.675000 -1.746602 -2.882841 -0.206244
19.680000 -1.761017 -2.856642 -0.206184
19.685000 -1.775300 -2.830227 -0.206125
19.690000 -1.789451 -2.803597 -0.206065
19.695000 -1.803469 -2.776756 -0.206006
19.700000 -1.817353 -2.749703 -0.205946
19.705000 -1.831101 -2.722443 -0.205887
19.710000 -1.844713 -2.694977 -0.205827
19.715000 -1.858188 -2.667306 -0.205768
19.720000 -1.871525 -2.639433 -0.205708
19.725000 -1.884722 -2.611360 -0.205648
19.730000 -1.897779 -2.583089 -0.205589
19.735000 -1.910694 -2.554623 -0.205529
19.740000 -1.923467 -2.525962 -0.205470
19.745000 -1.936097 -2.497110 -0.205410
19.750000 -1.948583 -2.468069 -0.205351
19.755000 -1.960923 -2.438840 -0.205291
19.760000 -1.973117 -2.409426 -0.205231
19.765000 -1.985164 -2.379830 -0.205172
19.770000 -1.997064 -2.350052 -0.205112
19.775000 -2.008814 -2.320096 -0.205053
19.780000 -2.020414 -2.289964 -0.204993
19.785000 -2.031864 -2.259658 -0.204933
19.790000 -2.043162 -2.229180 -0.204874
19.795000 -2.054308 -2.198532 -0.204814
19.800000 -2.065301 -2.167718 -0.204754
19.805000 -2.076140 -2.136738 -0.204695
19.810000 -2.086823 -2.105596 -0.204635
19.815000 -2.097351 -2.074294 -0.204575
19.820000 -2.107723 -2.042833 -0.204516
19.825000 -2.117937 -2.011218 -0.204456
19.830000 -2.127993 -1.979449 -0.204396
19.835000 -2.137890 -1.947529 -0.204337
19.840000 -2.147628 -1.915460 -0.204277
19.845000 -2.157205 -1.883246 -0.204217
19.850000 -2.166621 -1.850888 -0.204158
19.855000 -2.175876 -1.818389 -0.204098
19.860000 -2.184968 -1.785750 -0.204038
19.865000 -2.193896 -1.752976 -0.203979
19.870000 -2.202661 -1.720067 -0.203919
19.875000 -2.211262 -1.687027 -0.203859
19.880000 -2.219697 -1.653859 -0.203800
19.885000 -2.227966 -1.620563 -0.203740
19.890000 -2.236069 -1.587144 -0.203680
19.895000 -2.244005 -1.553603 -0.203620
19.900000 -2.251773 -1.519943 -0.203561
19.905000 -2.259372 -1.486166 -0.203501
19.910000 -2.266803 -1.452275 -0.203441
19.915000 -2.274065 -1.418273 -0.203381
19.920000 -2.281156 -1.384162 -0.203322
19.925000 -2.288077 -1.349945 -0.203262
19.930000 -2.294827 -1.315624 -0.203202
19.935000 -2.301405 -1.281201 -0.203142
19.940000 -2.307811 -1.246680 -0.203083
19.945000 -2.314044 -1.212063 -0.203023
19.950000 -2.320104 -1.177353 -0.202963
19.955000 -2.325991 -1.142551 -0.202903
19.960000 -2.331704 -1.107661 -0.202844
19.965000 -2.337242 -1.072686 -0.202784
19.970000 -2.342606 -1.037627 -0.202724
19.975000 -2.347794 -1.002488 -0.202664
19.980000 -2.352806 -0.967271 -0.202604
19.985000 -2.357643 -0.931979 -0.202545
19.990000 -2.362302 -0.896614 -0.202485
19.995000 -2.366785 -0.861180 -0.202425
20.000000 -2.371091 -0.825678 -0.202365
20.005000 -2.375220 -0.790112 -0.202305
20.010000 -2.379170 -0.754483 -0.202245
20.015000 -2.382943 -0.718796 -0.202186
20.020000 -2.386537 -0.683052 -0.202126
20.025000 -2.389952 -0.647253 -0.202066
20.030000 -2.393188 -0.611404 -0.202006
20.035000 -2.396245 -0.575506 -0.201946
20.040000 -2.399123 -0.539563 -0.201886
20.045000 -2.401821 -0.503576 -0.201827
20.050000 -2.404339 -0.467549 -0.201767
20.055000 -2.406676 -0.431483 -0.201707
20.060000 -2.408834 -0.395383 -0.201647
20.065000 -2.410811 -0.359251 -0.201587
20.070000 -2.412607 -0.323089 -0.201527
20.075000 -2.414222 -0.286900 -0.201467
20.080000 -2.415657 -0.250686 -0.201407
20.085000 -2.416910 -0.214451 -0.201348
20.090000 -2.417982 -0.178198 -0.201288
20.095000 -2.418873 -0.141928 -0.201228
20.100000 -2.419583 -0.105645 -0.201168
20.105000 -2.420111 -0.069351 -0.201108
20.110000 -2.420458 -0.033049 -0.201048
20.115000 -2.420623 0.003257 -0.200988
20.120000 -2.420607 0.039567 -0.200928
20.125000 -2.420409 0.075876 -0.200868
20.130000 -2.420030 0.112182 -0.200808
20.135000 -2.419469 0.148482 -0.200748
20.140000 -2.418726 0.184774 -0.200688
20.145000 -2.417803 0.221055 -0.200628
20.150000 -2.416697 0.257322 -0.200569
20.155000 -2.415411 0.293573 -0.200509
20.160000 -2.413943 0.329804 -0.200449
20.165000 -2.412294 0.366013 -0.200389
20.170000 -2.410464 0.402198 -0.200329
20.175000 -2.408453 0.438355 -0.200269
20.180000 -2.406261 0.474481 -0.200209
20.185000 -2.403889 0.510575 -0.200149
20.190000 -2.401336 0.546634 -0.200089
20.195000 -2.398603 0.582654 -0.200029
20.200000 -2.395689 0.618633 -0.199969
20.205000 -2.392596 0.654568 -0.199909
20.210000 -2.389323 0.690457 -0.199849
20.215000 -2.385871 0.726297 -0.199789
20.220000 -2.382240 0.762085 -0.199729
20.225000 -2.378429 0.797818 -0.199669
20.230000 -2.374440 0.833495 -0.199609
20.235000 -2.370273 0.869111 -0.199549
20.240000 -2.365927 0.904666 -0.199489
20.245000 -2.361404 0.940154 -0.199429
20.250000 -2.356703 0.975576 -0.199368
20.255000 -2.351825 1.010926 -0.199308
20.260000 -2.346770 1.046203 -0.199248
20.265000 -2.341539 1.081405 -0.199188
20.270000 -2.336132 1.116528 -0.199128
20.275000 -2.330550 1.151570 -0.199068
20.280000 -2.324792 1.186528 -0.199008
20.285000 -2.318859 1.221400 -0.198948
20.290000 -2.312752 1.256183 -0.198888
20.295000 -2.306471 1.290874 -0.198828
20.300000 -2.300017 1.325471 -0.198768
20.305000 -2.293390 1.359972 -0.198708
20.310000 -2.286590 1.394373 -0.198648
20.315000 -2.279618 1.428671 -0.198588
20.320000 -2.272474 1.462866 -0.198527
20.325000 -2.265160 1.496953 -0.198467
20.330000 -2.257675 1.530930 -0.198407
20.335000 -2.250021 1.564795 -0.198347
20.340000 -2.242197 1.598546 -0.198287
20.345000 -2.234204 1.632179 -0.198227
20.350000 -2.226043 1.665692 -0.198167
20.355000 -2.217715 1.699082 -0.198107
20.360000 -2.209219 1.732348 -0.198046
20.365000 -2.200558 1.765486 -0.197986
20.370000 -2.191730 1.798495 -0.197926
20.375000 -2.182738 1.831371 -0.197866
20.380000 -2.173581 1.864112 -0.197806
20.385000 -2.164260 1.896715 -0.197746
20.390000 -2.154777 1.929179 -0.197685
20.395000 -2.145131 1.961501 -0.197625
20.400000 -2.135323 1.993678 -0.197565
20.405000 -2.125355 2.025708 -0.197505
20.410000 -2.115226 2.057588 -0.197445
20.415000 -2.104938 2.089316 -0.197385
20.420000 -2.094492 2.120891 -0.197324
20.425000 -2.083887 2.152308 -0.197264
20.430000 -2.073126 2.183566 -0.197204
20.435000 -2.062208 2.214663 -0.197144
20.440000 -2.051135 2.245596 -0.197084
20.445000 -2.039907 2.276363 -0.197023
20.450000 -2.028525 2.306962 -0.196963
20.455000 -2.016990 2.337390 -0.196903
20.460000 -2.005303 2.367645 -0.196843
20.465000 -1.993465 2.397724 -0.196782
20.470000 -1.981476 2.427626 -0.196722
20.475000 -1.969338 2.457348 -0.196662
20.480000 -1.957051 2.486888 -0.196602
20.485000 -1.944617 2.516244 -0.196541
20.490000 -1.932036 2.545413 -0.196481
20.495000 -1.919309 2.574394 -0.196421
20.500000 -1.906437 2.603183 -0.196361
20.505000 -1.893421 2.631780 -0.196300
20.510000 -1.880262 2.660181 -0.196240
20.515000 -1.866961 2.688385 -0.196180
20.520000 -1.853519 2.716390 -0.196119
20.525000 -1.839937 2.744192 -0.196059
20.530000 -1.826216 2.771792 -0.195999
20.535000 -1.812357 2.799185 -0.195939
20.540000 -1.798361 2.826370 -0.195878
20.545000 -1.784229 2.853346 -0.195818
20.550000 -1.769963 2.880109 -0.195758
20.555000 -1.755562 2.906658 -0.195697
20.560000 -1.741029 2.932992 -0.195637
20.565000 -1.726364 2.959107 -0.195577
20.570000 -1.711568 2.985003 -0.195516
20.575000 -1.696643 3.010676 -0.195456
20.580000 -1.681590 3.036126 -0.195396
20.585000 -1.666409 3.061350 -0.195335
20.590000 -1.651103 3.086346 -0.195275
20.595000 -1.635671 3.111112 -0.195215
20.600000 -1.620115 3.135648 -0.195154
20.605000 -1.604437 3.159949 -0.195094
20.610000 -1.588637 3.184016 -0.195034
20.615000 -1.572717 3.207845 -0.194973
20.620000 -1.556678 3.231436 -0.194913
20.625000 -1.540521 3.254786 -0.194852
20.630000 -1.524247 3.277894 -0.194792
20.635000 -1.507857 3.300758 -0.194732
20.640000 -1.491354 3.323376 -0.194671
20.645000 -1.474737 3.345746 -0.194611
20.650000 -1.458008 3.367867 -0.194550
20.655000 -1.441169 3.389737 -0.194490
20.660000 -1.424220 3.411355 -0.194430
20.665000 -1.407163 3.432718 -0.194369
20.670000 -1.390000 3.453825 -0.194309
20.675000 -1.372730 3.474675 -0.194248
20.680000 -1.355357 3.495266 -0.194188
20.685000 -1.337881 3.515597 -0.194127
20.690000 -1.320303 3.535665 -0.194067
20.695000 -1.302624 3.555469 -0.194007
20.700000 -1.284847 3.575009 -0.193946
20.705000 -1.266972 3.594282 -0.193886
20.710000 -1.249001 3.613286 -0.193825
20.715000 -1.230934 3.632021 -0.193765
20.720000 -1.212774 3.650485 -0.193704
20.725000 -1.194522 3.668677 -0.193644
20.730000 -1.176178 3.686595 -0.193583
20.735000 -1.157745 3.704237 -0.193523
20.740000 -1.139224 3.721603 -0.193462
20.745000 -1.120616 3.738692 -0.193402
20.750000 -1.101923 3.755501 -0.193341
20.755000 -1.083145 3.772030 -0.193281
20.760000 -1.064285 3.788277 -0.193220
20.765000 -1.045344 3.804241 -0.193160
20.770000 -1.026322 3.819922 -0.193099
20.775000 -1.007223 3.835316 -0.193039
20.780000 -0.988046 3.850425 -0.192978
20.785000 -0.968794 3.865245 -0.192918
20.790000 -0.949468 3.879777 -0.192857
20.795000 -0.930069 3.894019 -0.192797
20.800000 -0.910599 3.907970 -0.192736
20.805000 -0.891059 3.921629 -0.192676
20.810000 -0.871451 3.934995 -0.192615
20.815000 -0.851776 3.948067 -0.192555
20.820000 -0.832036 3.960844 -0.192494
20.825000 -0.812231 3.973324 -0.192433
20.830000 -0.792365 3.985508 -0.192373
20.835000 -0.772437 3.997393 -0.192312
20.840000 -0.752450 4.008980 -0.192252
20.845000 -0.732405 4.020266 -0.192191
20.850000 -0.712304 4.031252 -0.192131
20.855000 -0.692148 4.041937 -0.192070
20.860000 -0.671938 4.052319 -0.192009
20.865000 -0.651676 4.062398 -0.191949
20.870000 -0.631364 4.072173 -0.191888
20.875000 -0.611004 4.081644 -0.191828
20.880000 -0.590595 4.090809 -0.191767
20.885000 -0.570141 4.099668 -0.191706
20.890000 -0.549643 4.108220 -0.191646
20.895000 -0.529102 4.116465 -0.191585
20.900000 -0.508520 4.124401 -0.191524
20.905000 -0.487898 4.132029 -0.191464
20.910000 -0.467237 4.139347 -0.191403
20.915000 -0.446541 4.146356 -0.191343
20.920000 -0.425809 4.153054 -0.191282
20.925000 -0.405044 4.159441 -0.191221
20.930000 -0.384246 4.165517 -0.191161
20.935000 -0.363419 4.171281 -0.191100
20.940000 -0.342562 4.176732 -0.191039
20.945000 -0.321679 4.181870 -0.190979
20.950000 -0.300769 4.186696 -0.190918
20.955000 -0.279836 4.191207 -0.190857
20.960000 -0.258880 4.195405 -0.190797
20.965000 -0.237903 4.199288 -0.190736
20.970000 -0.216906 4.202856 -0.190675
20.975000 -0.195892 4.206110 -0.190614
20.980000 -0.174862 4.209048 -0.190554
20.985000 -0.153816 4.211671 -0.190493
20.990000 -0.132758 4.213979 -0.190432
20.995000 -0.111688 4.215970 -0.190372
21.000000 -0.090608 4.217645 -0.190311
21.005000 -0.069520 4.219004 -0.190250
21.010000 -0.048425 4.220047 -0.190189
21.015000 -0.027325 4.220774 -0.190129
21.020000 -0.006221 4.221183 -0.190068
21.025000 0.014885 4.221277 -0.190007
21.030000 0.035991 4.221053 -0.189946
21.035000 0.057097 4.220514 -0.189886
21.040000 0.078199 4.219657 -0.189825
21.045000 0.099297 4.218484 -0.189764
21.050000 0.120390 4.216995 -0.189703
21.055000 0.141475 4.215189 -0.189643
21.060000 0.162551 4.213067 -0.189582
21.065000 0.183616 4.210628 -0.189521
21.070000 0.204669 4.207874 -0.189460
21.075000 0.225709 4.204804 -0.189400
21.080000 0.246733 4.201418 -0.189339
21.085000 0.267740 4.197718 -0.189278
21.090000 0.288728 4.193701 -0.189217
21.095000 0.309697 4.189370 -0.189156
21.100000 0.330644 4.184725 -0.189095
21.105000 0.351567 4.179765 -0.189035
21.110000 0.372466 4.174492 -0.188974
21.115000 0.393339 4.168905 -0.188913
21.120000 0.414183 4.163005 -0.188852
21.125000 0.434998 4.156792 -0.188791
21.130000 0.455782 4.150267 -0.188731
21.135000 0.476533 4.143430 -0.188670
21.140000 0.497251 4.136282 -0.188609
21.145000 0.517932 4.128824 -0.188548
21.150000 0.538576 4.121055 -0.188487
21.155000 0.559181 4.112976 -0.188426
21.160000 0.579746 4.104588 -0.188365
21.165000 0.600269 4.095892 -0.188304
21.170000 0.620749 4.086888 -0.188244
21.175000 0.641183 4.077577 -0.188183
21.180000 0.661571 4.067959 -0.188122
21.185000 0.681911 4.058035 -0.188061
21.190000 0.702201 4.047807 -0.188000
21.195000 0.722440 4.037274 -0.187939
21.200000 0.742626 4.026437 -0.187878
21.205000 0.762759 4.015298 -0.187817
21.210000 0.782835 4.003856 -0.187756
21.215000 0.802854 3.992114 -0.187696
21.220000 0.822815 3.980071 -0.187635
21.225000 0.842715 3.967729 -0.187574
21.230000 0.862554 3.955088 -0.187513
21.235000 0.882329 3.942150 -0.187452
21.240000 0.902040 3.928915 -0.187391
21.245000 0.921685 3.915384 -0.187330
21.250000 0.941262 3.901559 -0.187269
21.255000 0.960769 3.887440 -0.187208
21.260000 0.980207 3.873029 -0.187147
21.265000 0.999572 3.858325 -0.187086
21.270000 1.018863 3.843332 -0.187025
21.275000 1.038080 3.828049 -0.186964
21.280000 1.057220 3.812478 -0.186903
21.285000 1.076283 3.796619 -0.186842
21.290000 1.095266 3.780475 -0.186781
21.295000 1.114168 3.764046 -0.186720
21.300000 1.132988 3.747334 -0.186659
21.305000 1.151725 3.730339 -0.186598
21.310000 1.170377 3.713063 -0.186537
21.315000 1.188942 3.695507 -0.186476
21.320000 1.207420 3.677673 -0.186415
21.325000 1.225808 3.659562 -0.186354
21.330000 1.244106 3.641175 -0.186293
21.335000 1.262312 3.622513 -0.186232
21.340000 1.280424 3.603578 -0.186171
21.345000 1.298442 3.584372 -0.186110
21.350000 1.316364 3.564895 -0.186049
21.355000 1.334188 3.545150 -0.185988
21.360000 1.351914 3.525137 -0.185927
21.365000 1.369540 3.504858 -0.185866
21.370000 1.387064 3.484315 -0.185805
21.375000 1.404486 3.463509 -0.185744
21.380000 1.421803 3.442442 -0.185683
21.385000 1.439016 3.421115 -0.185622
21.390000 1.456121 3.399530 -0.185560
21.395000 1.473119 3.377688 -0.185499
21.400000 1.490007 3.355591 -0.185438
21.405000 1.506785 3.333241 -0.185377
21.410000 1.523451 3.310639 -0.185316
21.415000 1.540005 3.287788 -0.185255
21.420000 1.556443 3.264688 -0.185194
21.425000 1.572767 3.241341 -0.185133
21.430000 1.588974 3.217749 -0.185072
21.435000 1.605062 3.193915 -0.185011
21.440000 1.621032 3.169839 -0.184949
21.445000 1.636881 3.145523 -0.184888
21.450000 1.652609 3.120970 -0.184827
21.455000 1.668214 3.096181 -0.184766
21.460000 1.683694 3.071158 -0.184705
21.465000 1.699050 3.045902 -0.184644
21.470000 1.714280 3.020417 -0.184583
21.475000 1.729382 2.994702 -0.184521
21.480000 1.744355 2.968762 -0.184460
21.485000 1.759199 2.942596 -0.184399
21.490000 1.773912 2.916208 -0.184338
21.495000 1.788493 2.889600 -0.184277
21.500000 1.802941 2.862772 -0.184216
21.505000 1.817255 2.835728 -0.184154
21.510000 1.831434 2.808469 -0.184093
21.515000 1.845476 2.780998 -0.184032
21.520000 1.859381 2.753316 -0.183971
21.525000 1.873148 2.725425 -0.183910
21.530000 1.886775 2.697328 -0.183848
21.535000 1.900261 2.669026 -0.183787
21.540000 1.913607 2.640522 -0.183726
21.545000 1.926809 2.611818 -0.183665
21.550000 1.939868 2.582916 -0.183604
21.555000 1.952783 2.553818 -0.183542
21.560000 1.965552 2.524526 -0.183481
21.565000 1.978175 2.495043 -0.183420
21.570000 1.990650 2.465370 -0.183359
21.575000 2.002977 2.435511 -0.183297
21.580000 2.015154 2.405466 -0.183236
21.585000 2.027181 2.375239 -0.183175
21.590000 2.039058 2.344831 -0.183114
21.595000 2.050782 2.314245 -0.183052
21.600000 2.062353 2.283483 -0.182991
21.605000 2.073770 2.252548 -0.182930
21.610000 2.085033 2.221441 -0.182869
21.615000 2.096140 2.190166 -0.182807
21.620000 2.107091 2.158724 -0.182746
21.625000 2.117885 2.127118 -0.182685
21.630000 2.128520 2.095349 -0.182623
21.635000 2.138997 2.063421 -0.182562
21.640000 2.149314 2.031336 -0.182501
21.645000 2.159471 1.999097 -0.182439
21.650000 2.169466 1.966705 -0.182378
21.655000 2.179300 1.934163 -0.182317
21.660000 2.188971 1.901473 -0.182255
21.665000 2.198478 1.868639 -0.182194
21.670000 2.207821 1.835661 -0.182133
21.675000 2.217000 1.802544 -0.182071
21.680000 2.226012 1.769289 -0.182010
21.685000 2.234859 1.735899 -0.181949
21.690000 2.243538 1.702376 -0.181887
21.695000 2.252050 1.668723 -0.181826
21.700000 2.260394 1.634942 -0.181765
21.705000 2.268569 1.601036 -0.181703
21.710000 2.276574 1.567008 -0.181642
21.715000 2.284409 1.532859 -0.181581
21.720000 2.292073 1.498593 -0.181519
21.725000 2.299566 1.464212 -0.181458
21.730000 2.306887 1.429718 -0.181396
21.735000 2.314036 1.395115 -0.181335
21.740000 2.321011 1.360405 -0.181274
21.745000 2.327813 1.325589 -0.181212
21.750000 2.334441 1.290672 -0.181151
21.755000 2.340895 1.255656 -0.181089
21.760000 2.347173 1.220542 -0.181028
21.765000 2.353276 1.185335 -0.180967
21.770000 2.359202 1.150036 -0.180905
21.775000 2.364952 1.114647 -0.180844
21.780000 2.370526 1.079173 -0.180782
21.785000 2.375922 1.043615 -0.180721
21.790000 2.381140 1.007976 -0.180659
21.795000 2.386179 0.972259 -0.180598
21.800000 2.391041 0.936467 -0.180536
21.805000 2.395723 0.900601 -0.180475
21.810000 2.400226 0.864665 -0.180414
21.815000 2.404549 0.828662 -0.180352
21.820000 2.408693 0.792594 -0.180291
21.825000 2.412656 0.756463 -0.180229
21.830000 2.416438 0.720273 -0.180168
21.835000 2.420039 0.684027 -0.180106
21.840000 2.423460 0.647726 -0.180045
21.845000 2.426698 0.611374 -0.179983
21.850000 2.429755 0.574974 -0.179922
21.855000 2.432630 0.538528 -0.179860
21.860000 2.435323 0.502038 -0.179799
21.865000 2.437833 0.465508 -0.179737
21.870000 2.440160 0.428941 -0.179676
21.875000 2.442305 0.392338 -0.179614
21.880000 2.444267 0.355704 -0.179553
21.885000 2.446045 0.319040 -0.179491
21.890000 2.447640 0.282349 -0.179429
21.895000 2.449052 0.245634 -0.179368
21.900000 2.450280 0.208899 -0.179306
21.905000 2.451325 0.172144 -0.179245
21.910000 2.452186 0.135375 -0.179183
21.915000 2.452862 0.098592 -0.179122
21.920000 2.453355 0.061799 -0.179060
21.925000 2.453664 0.024999 -0.178999
21.930000 2.453789 -0.011806 -0.178937
21.935000 2.453730 -0.048613 -0.178875
21.940000 2.453487 -0.085419 -0.178814
21.945000 2.453060 -0.122222 -0.178752
21.950000 2.452449 -0.159017 -0.178691
21.955000 2.451654 -0.195804 -0.178629
21.960000 2.450675 -0.232579 -0.178567
21.965000 2.449512 -0.269339 -0.178506
21.970000 2.448165 -0.306082 -0.178444
21.975000 2.446635 -0.342804 -0.178383
21.980000 2.444921 -0.379504 -0.178321
21.985000 2.443023 -0.416178 -0.178259
21.990000 2.440943 -0.452823 -0.178198
21.995000 2.438678 -0.489437 -0.178136
22.000000 2.436231 -0.526017 -0.178074
22.005000 2.433601 -0.562561 -0.178013
22.010000 2.430788 -0.599065 -0.177951
22.015000 2.427793 -0.635527 -0.177890
22.020000 2.424615 -0.671943 -0.177828
22.025000 2.421256 -0.708313 -0.177766
22.030000 2.417714 -0.744632 -0.177705
22.035000 2.413991 -0.780897 -0.177643
22.040000 2.410086 -0.817107 -0.177581
22.045000 2.406001 -0.853258 -0.177519
22.050000 2.401735 -0.889348 -0.177458
22.055000 2.397288 -0.925374 -0.177396
22.060000 2.392661 -0.961334 -0.177334
22.065000 2.387854 -0.997224 -0.177273
22.070000 2.382868 -1.033041 -0.177211
22.075000 2.377703 -1.068784 -0.177149
22.080000 2.372359 -1.104450 -0.177088
22.085000 2.366837 -1.140035 -0.177026
22.090000 2.361137 -1.175538 -0.176964
22.095000 2.355259 -1.210955 -0.176902
22.100000 2.349204 -1.246284 -0.176841
22.105000 2.342973 -1.281522 -0.176779
22.110000 2.336565 -1.316667 -0.176717
22.115000 2.329982 -1.351715 -0.176655
22.120000 2.323223 -1.386665 -0.176594
22.125000 2.316290 -1.421513 -0.176532
22.130000 2.309182 -1.456257 -0.176470
22.135000 2.301901 -1.490895 -0.176408
22.140000 2.294447 -1.525424 -0.176347
22.145000 2.286819 -1.559840 -0.176285
22.150000 2.279020 -1.594143 -0.176223
22.155000 2.271050 -1.628328 -0.176161
22.160000 2.262908 -1.662394 -0.176100
22.165000 2.254596 -1.696337 -0.176038
22.170000 2.246114 -1.730156 -0.175976
22.175000 2.237464 -1.763848 -0.175914
22.180000 2.228644 -1.797410 -0.175852
22.185000 2.219657 -1.830840 -0.175791
22.190000 2.210503 -1.864135 -0.175729
22.195000 2.201182 -1.897292 -0.175667
22.200000 2.191696 -1.930310 -0.175605
22.205000 2.182044 -1.963185 -0.175543
22.210000 2.172228 -1.995916 -0.175481
22.215000 2.162249 -2.028499 -0.175420
22.220000 2.152106 -2.060933 -0.175358
22.225000 2.141802 -2.093215 -0.175296
22.230000 2.131336 -2.125342 -0.175234
22.235000 2.120709 -2.157312 -0.175172
22.240000 2.109922 -2.189122 -0.175110
22.245000 2.098977 -2.220771 -0.175048
22.250000 2.087873 -2.252256 -0.174987
22.255000 2.076612 -2.283574 -0.174925
22.260000 2.065194 -2.314723 -0.174863
22.265000 2.053620 -2.345701 -0.174801
22.270000 2.041892 -2.376505 -0.174739
22.275000 2.030009 -2.407134 -0.174677
22.280000 2.017973 -2.437584 -0.174615
22.285000 2.005785 -2.467853 -0.174553
22.290000 1.993446 -2.497940 -0.174491
22.295000 1.980957 -2.527842 -0.174430
22.300000 1.968317 -2.557556 -0.174368
22.305000 1.955530 -2.587081 -0.174306
22.310000 1.942594 -2.616414 -0.174244
22.315000 1.929512 -2.645553 -0.174182
22.320000 1.916284 -2.674496 -0.174120
22.325000 1.902912 -2.703240 -0.174058
22.330000 1.889396 -2.731783 -0.173996
22.335000 1.875737 -2.760124 -0.173934
22.340000 1.861936 -2.788260 -0.173872
22.345000 1.847995 -2.816189 -0.173810
22.350000 1.833914 -2.843909 -0.173748
22.355000 1.819694 -2.871418 -0.173686
22.360000 1.805337 -2.898714 -0.173624
22.365000 1.790844 -2.925794 -0.173562
22.370000 1.776215 -2.952656 -0.173500
22.375000 1.761451 -2.979299 -0.173438
22.380000 1.746555 -3.005721 -0.173376
22.385000 1.731526 -3.031920 -0.173314
22.390000 1.716367 -3.057892 -0.173252
22.395000 1.701077 -3.083638 -0.173190
22.400000 1.685659 -3.109154 -0.173128
22.405000 1.670113 -3.134439 -0.173066
22.410000 1.654441 -3.159491 -0.173004
22.415000 1.638644 -3.184307 -0.172942
22.420000 1.622722 -3.208887 -0.172880
22.425000 1.606678 -3.233228 -0.172818
22.430000 1.590511 -3.257328 -0.172756
22.435000 1.574225 -3.281186 -0.172694
22.440000 1.557819 -3.304799 -0.172632
22.445000 1.541295 -3.328166 -0.172570
22.450000 1.524654 -3.351286 -0.172508
22.455000 1.507898 -3.374156 -0.172446
22.460000 1.491027 -3.396774 -0.172384
22.465000 1.474043 -3.419139 -0.172322
22.470000 1.456947 -3.441250 -0.172260
22.475000 1.439741 -3.463104 -0.172198
22.480000 1.422426 -3.484700 -0.172135
22.485000 1.405002 -3.506037 -0.172073
22.490000 1.387472 -3.527112 -0.172011
22.495000 1.369836 -3.547924 -0.171949
22.500000 1.352097 -3.568471 -0.171887
22.505000 1.334254 -3.588753 -0.171825
22.510000 1.316311 -3.608767 -0.171763
22.515000 1.298267 -3.628511 -0.171701
22.520000 1.280124 -3.647985 -0.171639
22.525000 1.261884 -3.667187 -0.171576
22.530000 1.243548 -3.686115 -0.171514
22.535000 1.225118 -3.704769 -0.171452
22.540000 1.206594 -3.723145 -0.171390
22.545000 1.187978 -3.741244 -0.171328
22.550000 1.169272 -3.759064 -0.171266
22.555000 1.150477 -3.776603 -0.171204
22.560000 1.131594 -3.793860 -0.171141
22.565000 1.112624 -3.810834 -0.171079
22.570000 1.093570 -3.827524 -0.171017
22.575000 1.074433 -3.843927 -0.170955
22.580000 1.055213 -3.860044 -0.170893
22.585000 1.035913 -3.875872 -0.170831
22.590000 1.016533 -3.891410 -0.170768
22.595000 0.997076 -3.906658 -0.170706
22.600000 0.977543 -3.921615 -0.170644
22.605000 0.957935 -3.936278 -0.170582
22.610000 0.938253 -3.950647 -0.170520
22.615000 0.918500 -3.964721 -0.170457
22.620000 0.898677 -3.978498 -0.170395
22.625000 0.878784 -3.991978 -0.170333
22.630000 0.858824 -4.005160 -0.170271
22.635000 0.838798 -4.018042 -0.170209
22.640000 0.818708 -4.030624 -0.170146
22.645000 0.798555 -4.042905 -0.170084
22.650000 0.778341 -4.054883 -0.170022
22.655000 0.758066 -4.066558 -0.169960
22.660000 0.737733 -4.077929 -0.169897
22.665000 0.717344 -4.088995 -0.169835
22.670000 0.696899 -4.099756 -0.169773
22.675000 0.676400 -4.110209 -0.169711
22.680000 0.655849 -4.120355 -0.169648
22.685000 0.635247 -4.130193 -0.169586
22.690000 0.614596 -4.139721 -0.169524
22.695000 0.593898 -4.148940 -0.169461
22.700000 0.573153 -4.157849 -0.169399
22.705000 0.552364 -4.166446 -0.169337
22.710000 0.531531 -4.174732 -0.169275
22.715000 0.510658 -4.182705 -0.169212
22.720000 0.489744 -4.190364 -0.169150
22.725000 0.468792 -4.197711 -0.169088
22.730000 0.447804 -4.204742 -0.169025
22.735000 0.426780 -4.211460 -0.168963
22.740000 0.405723 -4.217861 -0.168901
22.745000 0.384634 -4.223947 -0.168838
22.750000 0.363514 -4.229717 -0.168776
22.755000 0.342365 -4.235169 -0.168714
22.760000 0.321189 -4.240305 -0.168651
22.765000 0.299988 -4.245123 -0.168589
22.770000 0.278762 -4.249622 -0.168527
22.775000 0.257514 -4.253804 -0.168464
22.780000 0.236245 -4.257667 -0.168402
22.785000 0.214957 -4.261210 -0.168339
22.790000 0.193651 -4.264435 -0.168277
22.795000 0.172329 -4.267339 -0.168215
22.800000 0.150992 -4.269924 -0.168152
22.805000 0.129642 -4.272189 -0.168090
22.810000 0.108281 -4.274134 -0.168028
22.815000 0.086911 -4.275758 -0.167965
22.820000 0.065532 -4.277062 -0.167903
22.825000 0.044147 -4.278045 -0.167840
22.830000 0.022756 -4.278707 -0.167778
22.835000 0.001363 -4.279048 -0.167715
22.840000 -0.020032 -4.279069 -0.167653
22.845000 -0.041428 -4.278768 -0.167591
22.850000 -0.062822 -4.278147 -0.167528
22.855000 -0.084212 -4.277204 -0.167466
22.860000 -0.105598 -4.275941 -0.167403
22.865000 -0.126978 -4.274357 -0.167341
22.870000 -0.148350 -4.272453 -0.167278
22.875000 -0.169712 -4.270227 -0.167216
22.880000 -0.191063 -4.267682 -0.167154
22.885000 -0.212402 -4.264816 -0.167091
22.890000 -0.233726 -4.261630 -0.167029
22.895000 -0.255034 -4.258124 -0.166966
22.900000 -0.276325 -4.254298 -0.166904
22.905000 -0.297596 -4.250153 -0.166841
22.910000 -0.318847 -4.245689 -0.166779
22.915000 -0.340075 -4.240907 -0.166716
22.920000 -0.361280 -4.235806 -0.166654
22.925000 -0.382459 -4.230386 -0.166591
22.930000 -0.403611 -4.224650 -0.166529
22.935000 -0.424734 -4.218595 -0.166466
22.940000 -0.445827 -4.212224 -0.166404
22.945000 -0.466888 -4.205537 -0.166341
22.950000 -0.487916 -4.198534 -0.166279
22.955000 -0.508908 -4.191215 -0.166216
22.960000 -0.529865 -4.183581 -0.166154
22.965000 -0.550782 -4.175633 -0.166091
22.970000 -0.571661 -4.167372 -0.166028
22.975000 -0.592497 -4.158797 -0.165966
22.980000 -0.613291 -4.149909 -0.165903
22.985000 -0.634041 -4.140710 -0.165841
22.990000 -0.654745 -4.131199 -0.165778
22.995000 -0.675401 -4.121378 -0.165716
23.000000 -0.696007 -4.111247 -0.165653
23.005000 -0.716564 -4.100807 -0.165591
23.010000 -0.737068 -4.090059 -0.165528
23.015000 -0.757518 -4.079002 -0.165465
23.020000 -0.777913 -4.067640 -0.165403
23.025000 -0.798251 -4.055971 -0.165340
23.030000 -0.818531 -4.043997 -0.165278
23.035000 -0.838751 -4.031719 -0.165215
23.040000 -0.858910 -4.019138 -0.165152
23.045000 -0.879005 -4.006254 -0.165090
23.050000 -0.899037 -3.993069 -0.165027
23.055000 -0.919002 -3.979584 -0.164965
23.060000 -0.938900 -3.965799 -0.164902
23.065000 -0.958729 -3.951715 -0.164839
23.070000 -0.978487 -3.937334 -0.164777
23.075000 -0.998174 -3.922657 -0.164714
23.080000 -1.017787 -3.907684 -0.164651
23.085000 -1.037326 -3.892418 -0.164589
23.090000 -1.056788 -3.876858 -0.164526
23.095000 -1.076172 -3.861006 -0.164463
23.100000 -1.095477 -3.844863 -0.164401
23.105000 -1.114702 -3.828431 -0.164338
23.110000 -1.133844 -3.811711 -0.164275
23.115000 -1.152902 -3.794703 -0.164213
23.120000 -1.171876 -3.777409 -0.164150
23.125000 -1.190763 -3.759831 -0.164087
23.130000 -1.209562 -3.741970 -0.164025
23.135000 -1.228272 -3.723826 -0.163962
23.140000 -1.246891 -3.705402 -0.163899
23.145000 -1.265418 -3.686699 -0.163837
23.150000 -1.283851 -3.667718 -0.163774
23.155000 -1.302190 -3.648460 -0.163711
23.160000 -1.320432 -3.628927 -0.163648
23.165000 -1.338577 -3.609121 -0.163586
23.170000 -1.356623 -3.589042 -0.163523
23.175000 -1.374568 -3.568693 -0.163460
23.180000 -1.392411 -3.548074 -0.163397
23.185000 -1.410152 -3.527188 -0.163335
23.190000 -1.427788 -3.506036 -0.163272
23.195000 -1.445318 -3.484619 -0.163209
23.200000 -1.462741 -3.462939 -0.163146
23.205000 -1.480056 -3.440998 -0.163084
23.210000 -1.497261 -3.418797 -0.163021
23.215000 -1.514354 -3.396338 -0.162958
23.220000 -1.531336 -3.373623 -0.162895
23.225000 -1.548204 -3.350653 -0.162833
23.230000 -1.564958 -3.327430 -0.162770
23.235000 -1.581595 -3.303955 -0.162707
23.240000 -1.598114 -3.280231 -0.162644
23.245000 -1.614516 -3.256260 -0.162581
23.250000 -1.630797 -3.232042 -0.162519
23.255000 -1.646957 -3.207580 -0.162456
23.260000 -1.662995 -3.182876 -0.162393
23.265000 -1.678909 -3.157931 -0.162330
23.270000 -1.694699 -3.132747 -0.162267
23.275000 -1.710363 -3.107327 -0.162204
23.280000 -1.725899 -3.081671 -0.162142
23.285000 -1.741308 -3.055783 -0.162079
23.290000 -1.756587 -3.029663 -0.162016
23.295000 -1.771735 -3.003314 -0.161953
23.300000 -1.786752 -2.976738 -0.161890
23.305000 -1.801635 -2.949937 -0.161827
23.310000 -1.816385 -2.922912 -0.161765
23.315000 -1.831000 -2.895667 -0.161702
23.320000 -1.845478 -2.868202 -0.161639
23.325000 -1.859819 -2.840520 -0.161576
23.330000 -1.874021 -2.812622 -0.161513
23.335000 -1.888085 -2.784512 -0.161450
23.340000 -1.902007 -2.756191 -0.161387
23.345000 -1.915788 -2.727661 -0.161324
23.350000 -1.929426 -2.698924 -0.161261
23.355000 -1.942921 -2.669982 -0.161199
23.360000 -1.956271 -2.640839 -0.161136
23.365000 -1.969475 -2.611494 -0.161073
23.370000 -1.982533 -2.581952 -0.161010
23.375000 -1.995442 -2.552214 -0.160947
23.380000 -2.008203 -2.522283 -0.160884
23.385000 -2.020815 -2.492160 -0.160821
23.390000 -2.033276 -2.461847 -0.160758
23.395000 -2.045585 -2.431348 -0.160695
23.400000 -2.057742 -2.400665 -0.160632
23.405000 -2.069745 -2.369798 -0.160569
23.410000 -2.081594 -2.338752 -0.160506
23.415000 -2.093288 -2.307528 -0.160443
23.420000 -2.104825 -2.276129 -0.160380
23.425000 -2.116206 -2.244557 -0.160317
23.430000 -2.127429 -2.212814 -0.160254
23.435000 -2.138493 -2.180902 -0.160191
23.440000 -2.149397 -2.148825 -0.160128
23.445000 -2.160141 -2.116584 -0.160065
23.450000 -2.170724 -2.084182 -0.160002
23.455000 -2.181145 -2.051621 -0.159939
23.460000 -2.191403 -2.018904 -0.159876
23.465000 -2.201498 -1.986033 -0.159813
23.470000 -2.211428 -1.953010 -0.159750
23.475000 -2.221193 -1.919839 -0.159687
23.480000 -2.230792 -1.886521 -0.159624
23.485000 -2.240225 -1.853059 -0.159561
23.490000 -2.249490 -1.819455 -0.159498
23.495000 -2.258588 -1.785713 -0.159435
23.500000 -2.267516 -1.751834 -0.159372
23.505000 -2.276275 -1.717822 -0.159309
23.510000 -2.284864 -1.683677 -0.159246
23.515000 -2.293283 -1.649404 -0.159183
23.520000 -2.301530 -1.615005 -0.159120
23.525000 -2.309605 -1.580482 -0.159057
23.530000 -2.317507 -1.545838 -0.158994
23.535000 -2.325236 -1.511076 -0.158931
23.540000 -2.332792 -1.476197 -0.158868
23.545000 -2.340173 -1.441205 -0.158805
23.550000 -2.347379 -1.406103 -0.158742
23.555000 -2.354409 -1.370892 -0.158678
23.560000 -2.361264 -1.335576 -0.158615
23.565000 -2.367942 -1.300157 -0.158552
23.570000 -2.374442 -1.264638 -0.158489
23.575000 -2.380766 -1.229021 -0.158426
23.580000 -2.386911 -1.193310 -0.158363
23.585000 -2.392877 -1.157506 -0.158300
23.590000 -2.398665 -1.121613 -0.158237
23.595000 -2.404273 -1.085633 -0.158174
23.600000 -2.409701 -1.049569 -0.158110
23.605000 -2.414949 -1.013423 -0.158047
23.610000 -2.420016 -0.977199 -0.157984
23.615000 -2.424902 -0.940899 -0.157921
23.620000 -2.429606 -0.904525 -0.157858
23.625000 -2.434129 -0.868081 -0.157795
23.630000 -2.438470 -0.831569 -0.157731
23.635000 -2.442627 -0.794992 -0.157668
23.640000 -2.446602 -0.758353 -0.157605
23.645000 -2.450394 -0.721654 -0.157542
23.650000 -2.454002 -0.684898 -0.157479
23.655000 -2.457427 -0.648088 -0.157416
23.660000 -2.460667 -0.611226 -0.157352
23.665000 -2.463723 -0.574316 -0.157289
23.670000 -2.466595 -0.537360 -0.157226
23.675000 -2.469282 -0.500362 -0.157163
23.680000 -2.471784 -0.463322 -0.157100
23.685000 -2.474100 -0.426246 -0.157036
23.690000 -2.476231 -0.389134 -0.156973
23.695000 -2.478177 -0.351991 -0.156910
23.700000 -2.479937 -0.314818 -0.156847
23.705000 -2.481511 -0.277619 -0.156783
23.710000 -2.482899 -0.240396 -0.156720
23.715000 -2.484101 -0.203153 -0.156657
23.720000 -2.485117 -0.165891 -0.156594
23.725000 -2.485946 -0.128614 -0.156530
23.730000 -2.486590 -0.091325 -0.156467
23.735000 -2.487046 -0.054026 -0.156404
23.740000 -2.487316 -0.016721 -0.156341
23.745000 -2.487400 0.020589 -0.156277
23.750000 -2.487297 0.057900 -0.156214
23.755000 -2.487007 0.095209 -0.156151
23.760000 -2.486531 0.132515 -0.156087
23.765000 -2.485869 0.169813 -0.156024
23.770000 -2.485020 0.207101 -0.155961
23.775000 -2.483984 0.244376 -0.155898
23.780000 -2.482762 0.281636 -0.155834
23.785000 -2.481354 0.318877 -0.155771
23.790000 -2.479760 0.356097 -0.155708
23.795000 -2.477979 0.393294 -0.155644
23.800000 -2.476013 0.430464 -0.155581
23.805000 -2.473861 0.467604 -0.155518
23.810000 -2.471523 0.504712 -0.155454
23.815000 -2.468999 0.541784 -0.155391
23.820000 -2.466290 0.578819 -0.155328
23.825000 -2.463396 0.615814 -0.155264
23.830000 -2.460317 0.652765 -0.155201
23.835000 -2.457053 0.689669 -0.155138
23.840000 -2.453605 0.726525 -0.155074
23.845000 -2.449972 0.763329 -0.155011
23.850000 -2.446155 0.800079 -0.154947
23.855000 -2.442155 0.836771 -0.154884
23.860000 -2.437971 0.873404 -0.154821
23.865000 -2.433604 0.909973 -0.154757
23.870000 -2.429054 0.946477 -0.154694
23.875000 -2.424322 0.982913 -0.154631
23.880000 -2.419407 1.019278 -0.154567
23.885000 -2.414311 1.055569 -0.154504
23.890000 -2.409033 1.091784 -0.154440
23.895000 -2.403574 1.127919 -0.154377
23.900000 -2.397935 1.163973 -0.154313
23.905000 -2.392115 1.199942 -0.154250
23.910000 -2.386115 1.235823 -0.154187
23.915000 -2.379936 1.271615 -0.154123
23.920000 -2.373578 1.307314 -0.154060
23.925000 -2.367041 1.342918 -0.153996
23.930000 -2.360327 1.378424 -0.153933
23.935000 -2.353435 1.413828 -0.153869
23.940000 -2.346365 1.449130 -0.153806
23.945000 -2.339120 1.484325 -0.153742
23.950000 -2.331698 1.519412 -0.153679
23.955000 -2.324101 1.554388 -0.153616
23.960000 -2.316329 1.589249 -0.153552
23.965000 -2.308383 1.623994 -0.153489
23.970000 -2.300263 1.658620 -0.153425
23.975000 -2.291970 1.693124 -0.153362
23.980000 -2.283504 1.727503 -0.153298
23.985000 -2.274867 1.761756 -0.153235
23.990000 -2.266058 1.795879 -0.153171
23.995000 -2.257078 1.829870 -0.153108
24.000000 -2.247929 1.863726 -0.153044
24.005000 -2.238611 1.897445 -0.152981
24.010000 -2.229123 1.931024 -0.152917
24.015000 -2.219468 1.964461 -0.152853
24.020000 -2.209646 1.997753 -0.152790
24.025000 -2.199657 2.030898 -0.152726
24.030000 -2.189503 2.063892 -0.152663
24.035000 -2.179183 2.096735 -0.152599
24.040000 -2.168699 2.129423 -0.152536
24.045000 -2.158052 2.161953 -0.152472
24.050000 -2.147243 2.194324 -0.152409
24.055000 -2.136271 2.226533 -0.152345
24.060000 -2.125138 2.258577 -0.152281
24.065000 -2.113845 2.290454 -0.152218
24.070000 -2.102393 2.322162 -0.152154
24.075000 -2.090782 2.353697 -0.152091
24.080000 -2.079014 2.385059 -0.152027
24.085000 -2.067089 2.416244 -0.151964
24.090000 -2.055007 2.447251 -0.151900
24.095000 -2.042771 2.478076 -0.151836
24.100000 -2.030381 2.508717 -0.151773
24.105000 -2.017837 2.539173 -0.151709
24.110000 -2.005141 2.569441 -0.151645
24.115000 -1.992294 2.599518 -0.151582
24.120000 -1.979296 2.629402 -0.151518
24.125000 -1.966149 2.659092 -0.151455
24.130000 -1.952854 2.688584 -0.151391
24.135000 -1.939411 2.717877 -0.151327
24.140000 -1.925822 2.746968 -0.151264
24.145000 -1.912087 2.775855 -0.151200
24.150000 -1.898208 2.804536 -0.151136
24.155000 -1.884185 2.833010 -0.151073
24.160000 -1.870020 2.861272 -0.151009
24.165000 -1.855713 2.889323 -0.150945
24.170000 -1.841267 2.917158 -0.150882
24.175000 -1.826681 2.944777 -0.150818
24.180000 -1.811957 2.972178 -0.150754
24.185000 -1.797096 2.999357 -0.150691
24.190000 -1.782100 3.026313 -0.150627
24.195000 -1.766968 3.053045 -0.150563
24.200000 -1.751703 3.079549 -0.150499
24.205000 -1.736305 3.105825 -0.150436
24.210000 -1.720776 3.131869 -0.150372
24.215000 -1.705117 3.157681 -0.150308
24.220000 -1.689328 3.183258 -0.150245
24.225000 -1.673412 3.208598 -0.150181
24.230000 -1.657369 3.233699 -0.150117
24.235000 -1.641200 3.258560 -0.150053
24.240000 -1.624908 3.283178 -0.149990
24.245000 -1.608492 3.307551 -0.149926
24.250000 -1.591954 3.331678 -0.149862
24.255000 -1.575296 3.355558 -0.149798
24.260000 -1.558518 3.379187 -0.149735
24.265000 -1.541622 3.402565 -0.149671
24.270000 -1.524609 3.425689 -0.149607
24.275000 -1.507481 3.448558 -0.149543
24.280000 -1.490238 3.471171 -0.149479
24.285000 -1.472882 3.493524 -0.149416
24.290000 -1.455414 3.515617 -0.149352
24.295000 -1.437836 3.537449 -0.149288
24.300000 -1.420149 3.559016 -0.149224
24.305000 -1.402354 3.580318 -0.149160
24.310000 -1.384452 3.601354 -0.149097
24.315000 -1.366445 3.622121 -0.149033
24.320000 -1.348335 3.642617 -0.148969
24.325000 -1.330122 3.662842 -0.148905
24.330000 -1.311808 3.682794 -0.148841
24.335000 -1.293394 3.702471 -0.148778
24.340000 -1.274881 3.721872 -0.148714
24.345000 -1.256272 3.740995 -0.148650
24.350000 -1.237567 3.759839 -0.148586
24.355000 -1.218768 3.778403 -0.148522
24.360000 -1.199876 3.796684 -0.148458
24.365000 -1.180892 3.814683 -0.148394
24.370000 -1.161819 3.832396 -0.148331
24.375000 -1.142657 3.849823 -0.148267
24.380000 -1.123408 3.866963 -0.148203
24.385000 -1.104073 3.883814 -0.148139
24.390000 -1.084654 3.900375 -0.148075
24.395000 -1.065152 3.916645 -0.148011
24.400000 -1.045569 3.932622 -0.147947
24.405000 -1.025906 3.948306 -0.147883
24.410000 -1.006164 3.963694 -0.147819
24.415000 -0.986346 3.978787 -0.147756
24.420000 -0.966452 3.993582 -0.147692
24.425000 -0.946484 4.008079 -0.147628
24.430000 -0.926443 4.022276 -0.147564
24.435000 -0.906332 4.036173 -0.147500
24.440000 -0.886151 4.049768 -0.147436
24.445000 -0.865902 4.063060 -0.147372
24.450000 -0.845587 4.076049 -0.147308
24.455000 -0.825207 4.088732 -0.147244
24.460000 -0.804763 4.101111 -0.147180
24.465000 -0.784258 4.113182 -0.147116
24.470000 -0.763692 4.124946 -0.147052
24.475000 -0.743067 4.136401 -0.146988
24.480000 -0.722385 4.147547 -0.146924
24.485000 -0.701647 4.158383 -0.146860
24.490000 -0.680855 4.168908 -0.146796
24.495000 -0.660011 4.179121 -0.146732
24.500000 -0.639115 4.189021 -0.146668
24.505000 -0.618170 4.198607 -0.146604
24.510000 -0.597177 4.207880 -0.146540
24.515000 -0.576138 4.216838 -0.146476
24.520000 -0.555053 4.225480 -0.146412
24.525000 -0.533926 4.233805 -0.146348
24.530000 -0.512757 4.241814 -0.146284
24.535000 -0.491548 4.249506 -0.146220
24.540000 -0.470300 4.256879 -0.146156
24.545000 -0.449016 4.263933 -0.146092
24.550000 -0.427696 4.270669 -0.146028
24.555000 -0.406343 4.277084 -0.145964
24.560000 -0.384958 4.283179 -0.145900
24.565000 -0.363542 4.288954 -0.145836
24.570000 -0.342097 4.294407 -0.145772
24.575000 -0.320625 4.299538 -0.145708
24.580000 -0.299127 4.304348 -0.145644
24.585000 -0.277605 4.308834 -0.145580
24.590000 -0.256061 4.312999 -0.145516
24.595000 -0.234496 4.316839 -0.145451
24.600000 -0.212912 4.320357 -0.145387
24.605000 -0.191310 4.323551 -0.145323
24.610000 -0.169693 4.326420 -0.145259
24.615000 -0.148060 4.328966 -0.145195
24.620000 -0.126416 4.331187 -0.145131
24.625000 -0.104760 4.333083 -0.145067
24.630000 -0.083094 4.334654 -0.145003
24.635000 -0.061421 4.335901 -0.144939
24.640000 -0.039741 4.336822 -0.144874
24.645000 -0.018057 4.337418 -0.144810
24.650000 0.003630 4.337689 -0.144746
24.655000 0.025318 4.337634 -0.144682
24.660000 0.047006 4.337255 -0.144618
24.665000 0.068693 4.336550 -0.144554
24.670000 0.090375 4.335519 -0.144490
24.675000 0.112053 4.334164 -0.144425
24.680000 0.133724 4.332483 -0.144361
24.685000 0.155386 4.330477 -0.144297
24.690000 0.177039 4.328146 -0.144233
24.695000 0.198679 4.325491 -0.144169
24.700000 0.220307 4.322510 -0.144104
24.705000 0.241919 4.319206 -0.144040
24.710000 0.263515 4.315577 -0.143976
24.715000 0.285093 4.311624 -0.143912
24.720000 0.306651 4.307348 -0.143848
24.725000 0.328188 4.302748 -0.143783
24.730000 0.349702 4.297825 -0.143719
24.735000 0.371191 4.292580 -0.143655
24.740000 0.392654 4.287012 -0.143591
24.745000 0.414089 4.281122 -0.143527
24.750000 0.435495 4.274911 -0.143462
24.755000 0.456869 4.268378 -0.143398
24.760000 0.478211 4.261525 -0.143334
24.765000 0.499519 4.254352 -0.143270
24.770000 0.520790 4.246859 -0.143205
24.775000 0.542025 4.239047 -0.143141
24.780000 0.563220 4.230917 -0.143077
24.785000 0.584374 4.222469 -0.143013
24.790000 0.605487 4.213703 -0.142948
24.795000 0.626555 4.204621 -0.142884
24.800000 0.647578 4.195223 -0.142820
24.805000 0.668555 4.185509 -0.142755
24.810000 0.689482 4.175481 -0.142691
24.815000 0.710359 4.165138 -0.142627
24.820000 0.731185 4.154483 -0.142563
24.825000 0.751958 4.143515 -0.142498
24.830000 0.772675 4.132236 -0.142434
24.835000 0.793336 4.120646 -0.142370
24.840000 0.813940 4.108746 -0.142305
24.845000 0.834483 4.096537 -0.142241
24.850000 0.854966 4.084019 -0.142177
24.855000 0.875386 4.071195 -0.142112
24.860000 0.895742 4.058064 -0.142048
24.865000 0.916032 4.044628 -0.141984
24.870000 0.936256 4.030887 -0.141919
24.875000 0.956410 4.016844 -0.141855
24.880000 0.976494 4.002497 -0.141791
24.885000 0.996507 3.987850 -0.141726
24.890000 1.016446 3.972902 -0.141662
24.895000 1.036310 3.957656 -0.141597
24.900000 1.056099 3.942111 -0.141533
24.905000 1.075809 3.926270 -0.141469
24.910000 1.095441 3.910132 -0.141404
24.915000 1.114991 3.893701 -0.141340
24.920000 1.134460 3.876976 -0.141275
24.925000 1.153845 3.859959 -0.141211
24.930000 1.173144 3.842651 -0.141147
24.935000 1.192358 3.825054 -0.141082
24.940000 1.211483 3.807169 -0.141018
24.945000 1.230519 3.788997 -0.140953
24.950000 1.249464 3.770539 -0.140889
24.955000 1.268316 3.751797 -0.140825
24.960000 1.287075 3.732772 -0.140760
24.965000 1.305739 3.713466 -0.140696
24.970000 1.324307 3.693880 -0.140631
24.975000 1.342776 3.674015 -0.140567
24.980000 1.361146 3.653874 -0.140502
24.985000 1.379416 3.633456 -0.140438
24.990000 1.397583 3.612765 -0.140373
24.995000 1.415647 3.591801 -0.140309
25.000000 1.433606 3.570567 -0.140244
25.005000 1.451458 3.549063 -0.140180
25.010000 1.469204 3.527291 -0.140115
25.015000 1.486840 3.505253 -0.140051
25.020000 1.504366 3.482950 -0.139986
25.025000 1.521781 3.460385 -0.139922
25.030000 1.539083 3.437558 -0.139857
25.035000 1.556271 3.414472 -0.139793
25.040000 1.573343 3.391128 -0.139728
25.045000 1.590299 3.367527 -0.139664
25.050000 1.607137 3.343673 -0.139599
25.055000 1.623855 3.319566 -0.139535
25.060000 1.640453 3.295208 -0.139470
25.065000 1.656929 3.270601 -0.139406
25.070000 1.673282 3.245747 -0.139341
25.075000 1.689511 3.220648 -0.139277
25.080000 1.705614 3.195306 -0.139212
25.085000 1.721590 3.169721 -0.139148
25.090000 1.737439 3.143897 -0.139083
25.095000 1.753158 3.117836 -0.139018
25.100000 1.768748 3.091538 -0.138954
25.105000 1.784205 3.065007 -0.138889
25.110000 1.799530 3.038244 -0.138825
25.115000 1.814722 3.011251 -0.138760
25.120000 1.829778 2.984030 -0.138696
25.125000 1.844698 2.956584 -0.138631
25.130000 1.859481 2.928913 -0.138566
25.135000 1.874125 2.901021 -0.138502
25.140000 1.888631 2.872909 -0.138437
25.145000 1.902995 2.844580 -0.138373
25.150000 1.917218 2.816035 -0.138308
25.155000 1.931298 2.787277 -0.138243
25.160000 1.945235 2.758307 -0.138179
25.165000 1.959026 2.729129 -0.138114
25.170000 1.972672 2.699743 -0.138049
25.175000 1.986170 2.670153 -0.137985
25.180000 1.999521 2.640361 -0.137920
25.185000 2.012723 2.610368 -0.137855
25.190000 2.025775 2.580177 -0.137791
25.195000 2.038676 2.549790 -0.137726
25.200000 2.051425 2.519210 -0.137661
25.205000 2.064021 2.488439 -0.137597
25.210000 2.076463 2.457478 -0.137532
25.215000 2.088750 2.426331 -0.137467
25.220000 2.100882 2.395000 -0.137403
25.225000 2.112857 2.363487 -0.137338
25.230000 2.124674 2.331794 -0.137273
25.235000 2.136333 2.299924 -0.137209
25.240000 2.147833 2.267879 -0.137144
25.245000 2.159172 2.235662 -0.137079
25.250000 2.170351 2.203274 -0.137014
25.255000 2.181367 2.170719 -0.136950
25.260000 2.192221 2.137998 -0.136885
25.265000 2.202911 2.105115 -0.136820
25.270000 2.213436 2.072071 -0.136755
25.275000 2.223797 2.038870 -0.136691
25.280000 2.233991 2.005513 -0.136626
25.285000 2.244019 1.972003 -0.136561
25.290000 2.253879 1.938343 -0.136496
25.295000 2.263570 1.904534 -0.136432
25.300000 2.273093 1.870581 -0.136367
25.305000 2.282446 1.836484 -0.136302
25.310000 2.291628 1.802248 -0.136237
25.315000 2.300639 1.767873 -0.136173
25.320000 2.309479 1.733364 -0.136108
25.325000 2.318146 1.698722 -0.136043
25.330000 2.326639 1.663949 -0.135978
25.335000 2.334959 1.629050 -0.135913
25.340000 2.343104 1.594025 -0.135849
25.345000 2.351074 1.558879 -0.135784
25.350000 2.358869 1.523613 -0.135719
25.355000 2.366487 1.488230 -0.135654
25.360000 2.373928 1.452732 -0.135589
25.365000 2.381192 1.417123 -0.135525
25.370000 2.388277 1.381406 -0.135460
25.375000 2.395184 1.345581 -0.135395
25.380000 2.401912 1.309654 -0.135330
25.385000 2.408460 1.273625 -0.135265
25.390000 2.414829 1.237498 -0.135200
25.395000 2.421016 1.201276 -0.135135
25.400000 2.427022 1.164960 -0.135071
25.405000 2.432847 1.128555 -0.135006
25.410000 2.438490 1.092062 -0.134941
25.415000 2.443950 1.055485 -0.134876
25.420000 2.449228 1.018826 -0.134811
25.425000 2.454322 0.982087 -0.134746
25.430000 2.459232 0.945273 -0.134681
25.435000 2.463959 0.908384 -0.134616
25.440000 2.468501 0.871425 -0.134551
25.445000 2.472858 0.834397 -0.134487
25.450000 2.477030 0.797304 -0.134422
25.455000 2.481016 0.760149 -0.134357
25.460000 2.484817 0.722934 -0.134292
25.465000 2.488432 0.685661 -0.134227
25.470000 2.491860 0.648335 -0.134162
25.475000 2.495102 0.610957 -0.134097
25.480000 2.498156 0.573530 -0.134032
25.485000 2.501024 0.536058 -0.133967
25.490000 2.503704 0.498543 -0.133902
25.495000 2.506197 0.460987 -0.133837
25.500000 2.508502 0.423394 -0.133772
25.505000 2.510619 0.385767 -0.133707
25.510000 2.512548 0.348107 -0.133642
25.515000 2.514288 0.310419 -0.133577
25.520000 2.515840 0.272705 -0.133512
25.525000 2.517204 0.234967 -0.133447
25.530000 2.518379 0.197209 -0.133382
25.535000 2.519365 0.159433 -0.133317
25.540000 2.520162 0.121643 -0.133252
25.545000 2.520770 0.083841 -0.133187
25.550000 2.521189 0.046029 -0.133122
25.555000 2.521420 0.008211 -0.133057
25.560000 2.521461 -0.029610 -0.132992
25.565000 2.521313 -0.067432 -0.132927
25.570000 2.520975 -0.105252 -0.132862
25.575000 2.520449 -0.143066 -0.132797
25.580000 2.519734 -0.180873 -0.132732
25.585000 2.518829 -0.218669 -0.132667
25.590000 2.517736 -0.256452 -0.132602
25.595000 2.516454 -0.294218 -0.132537
25.600000 2.514983 -0.331964 -0.132472
25.605000 2.513323 -0.369689 -0.132407
25.610000 2.511475 -0.407389 -0.132342
25.615000 2.509438 -0.445061 -0.132277
25.620000 2.507212 -0.482703 -0.132212
25.625000 2.504799 -0.520311 -0.132147
25.630000 2.502197 -0.557883 -0.132082
25.635000 2.499408 -0.595416 -0.132016
25.640000 2.496431 -0.632907 -0.131951
25.645000 2.493266 -0.670353 -0.131886
25.650000 2.489914 -0.707752 -0.131821
25.655000 2.486376 -0.745101 -0.131756
25.660000 2.482650 -0.782397 -0.131691
25.665000 2.478738 -0.819636 -0.131626
25.670000 2.474640 -0.856818 -0.131561
25.675000 2.470356 -0.893937 -0.131496
25.680000 2.465886 -0.930992 -0.131430
25.685000 2.461231 -0.967981 -0.131365
25.690000 2.456391 -1.004899 -0.131300
25.695000 2.451367 -1.041745 -0.131235
25.700000 2.446158 -1.078516 -0.131170
25.705000 2.440766 -1.115208 -0.131105
25.710000 2.435190 -1.151819 -0.131039
25.715000 2.429430 -1.188347 -0.130974
25.720000 2.423489 -1.224789 -0.130909
25.725000 2.417365 -1.261141 -0.130844
25.730000 2.411059 -1.297402 -0.130779
25.735000 2.404572 -1.333567 -0.130714
25.740000 2.397904 -1.369636 -0.130648
25.745000 2.391056 -1.405605 -0.130583
25.750000 2.384028 -1.441470 -0.130518
25.755000 2.376821 -1.477231 -0.130453
25.760000 2.369434 -1.512883 -0.130388
25.765000 2.361870 -1.548425 -0.130322
25.770000 2.354128 -1.583853 -0.130257
25.775000 2.346209 -1.619165 -0.130192
25.780000 2.338113 -1.654358 -0.130127
25.785000 2.329841 -1.689429 -0.130061
25.790000 2.321394 -1.724377 -0.129996
25.795000 2.312772 -1.759198 -0.129931
25.800000 2.303976 -1.793890 -0.129866
25.805000 2.295007 -1.828449 -0.129800
25.810000 2.285864 -1.862874 -0.129735
25.815000 2.276550 -1.897162 -0.129670
25.820000 2.267064 -1.931311 -0.129605
25.825000 2.257408 -1.965316 -0.129539
25.830000 2.247581 -1.999178 -0.129474
25.835000 2.237585 -2.032891 -0.129409
25.840000 2.227421 -2.066455 -0.129343
25.845000 2.217088 -2.099866 -0.129278
25.850000 2.206589 -2.133123 -0.129213
25.855000 2.195923 -2.166222 -0.129147
25.860000 2.185092 -2.199160 -0.129082
25.865000 2.174097 -2.231937 -0.129017
25.870000 2.162937 -2.264548 -0.128952
25.875000 2.151614 -2.296992 -0.128886
25.880000 2.140129 -2.329267 -0.128821
25.885000 2.128483 -2.361368 -0.128756
25.890000 2.116676 -2.393296 -0.128690
25.895000 2.104710 -2.425046 -0.128625
25.900000 2.092584 -2.456616 -0.128559
25.905000 2.080301 -2.488005 -0.128494
25.910000 2.067861 -2.519210 -0.128429
25.915000 2.055265 -2.550228 -0.128363
25.920000 2.042514 -2.581057 -0.128298
25.925000 2.029609 -2.611694 -0.128233
25.930000 2.016550 -2.642138 -0.128167
25.935000 2.003340 -2.672387 -0.128102
25.940000 1.989978 -2.702437 -0.128036
25.945000 1.976465 -2.732287 -0.127971
25.950000 1.962804 -2.761933 -0.127906
25.955000 1.948994 -2.791376 -0.127840
25.960000 1.935037 -2.820610 -0.127775
25.965000 1.920934 -2.849636 -0.127709
25.970000 1.906686 -2.878450 -0.127644
25.975000 1.892294 -2.907050 -0.127579
25.980000 1.877759 -2.935435 -0.127513
25.985000 1.863082 -2.963601 -0.127448
25.990000 1.848264 -2.991547 -0.127382
25.995000 1.833306 -3.019271 -0.127317
26.000000 1.818209 -3.046771 -0.127251
26.005000 1.802976 -3.074044 -0.127186
26.010000 1.787605 -3.101089 -0.127120
26.015000 1.772100 -3.127903 -0.127055
26.020000 1.756460 -3.154484 -0.126990
26.025000 1.740688 -3.180831 -0.126924
26.030000 1.724784 -3.206941 -0.126859
26.035000 1.708749 -3.232813 -0.126793
26.040000 1.692585 -3.258444 -0.126728
26.045000 1.676293 -3.283833 -0.126662
26.050000 1.659874 -3.308978 -0.126597
26.055000 1.643329 -3.333876 -0.126531
26.060000 1.626659 -3.358526 -0.126466
26.065000 1.609867 -3.382926 -0.126400
26.070000 1.592952 -3.407074 -0.126335
26.075000 1.575917 -3.430968 -0.126269
26.080000 1.558762 -3.454607 -0.126203
26.085000 1.541489 -3.477988 -0.126138
26.090000 1.524099 -3.501110 -0.126072
26.095000 1.506593 -3.523972 -0.126007
26.100000 1.488974 -3.546571 -0.125941
26.105000 1.471241 -3.568905 -0.125876
26.110000 1.453396 -3.590974 -0.125810
26.115000 1.435441 -3.612775 -0.125745
26.120000 1.417377 -3.634307 -0.125679
26.125000 1.399206 -3.655567 -0.125614
26.130000 1.380928 -3.676555 -0.125548
26.135000 1.362545 -3.697269 -0.125482
26.140000 1.344059 -3.717707 -0.125417
26.145000 1.325470 -3.737868 -0.125351
26.150000 1.306781 -3.757750 -0.125286
26.155000 1.287992 -3.777352 -0.125220
26.160000 1.269106 -3.796672 -0.125154
26.165000 1.250122 -3.815708 -0.125089
26.170000 1.231044 -3.834460 -0.125023
26.175000 1.211871 -3.852926 -0.124957
26.180000 1.192607 -3.871104 -0.124892
26.185000 1.173251 -3.888993 -0.124826
26.190000 1.153806 -3.906592 -0.124761
26.195000 1.134273 -3.923899 -0.124695
26.200000 1.114654 -3.940913 -0.124629
26.205000 1.094949 -3.957633 -0.124564
26.210000 1.075161 -3.974057 -0.124498
26.215000 1.055291 -3.990185 -0.124432
26.220000 1.035340 -4.006014 -0.124367
26.225000 1.015310 -4.021544 -0.124301
26.230000 0.995202 -4.036774 -0.124235
26.235000 0.975018 -4.051702 -0.124170
26.240000 0.954760 -4.066327 -0.124104
26.245000 0.934428 -4.080648 -0.124038
26.250000 0.914025 -4.094665 -0.123973
26.255000 0.893551 -4.108375 -0.123907
26.260000 0.873010 -4.121778 -0.123841
26.265000 0.852401 -4.134874 -0.123775
26.270000 0.831726 -4.147660 -0.123710
26.275000 0.810988 -4.160135 -0.123644
26.280000 0.790187 -4.172300 -0.123578
26.285000 0.769326 -4.184153 -0.123513
26.290000 0.748405 -4.195693 -0.123447
26.295000 0.727427 -4.206919 -0.123381
26.300000 0.706392 -4.217830 -0.123315
26.305000 0.685303 -4.228426 -0.123250
26.310000 0.664161 -4.238706 -0.123184
26.315000 0.642967 -4.248668 -0.123118
26.320000 0.621724 -4.258313 -0.123052
26.325000 0.600432 -4.267639 -0.122987
26.330000 0.579094 -4.276645 -0.122921
26.335000 0.557711 -4.285332 -0.122855
26.340000 0.536284 -4.293697 -0.122789
26.345000 0.514816 -4.301742 -0.122723
26.350000 0.493307 -4.309464 -0.122658
26.355000 0.471760 -4.316863 -0.122592
26.360000 0.450175 -4.323940 -0.122526
26.365000 0.428556 -4.330692 -0.122460
26.370000 0.406902 -4.337121 -0.122394
26.375000 0.385217 -4.343224 -0.122329
26.380000 0.363501 -4.349002 -0.122263
26.385000 0.341756 -4.354455 -0.122197
26.390000 0.319983 -4.359581 -0.122131
26.395000 0.298185 -4.364381 -0.122065
26.400000 0.276363 -4.368854 -0.121999
26.405000 0.254519 -4.372999 -0.121934
26.410000 0.232654 -4.376817 -0.121868
26.415000 0.210770 -4.380307 -0.121802
26.420000 0.188869 -4.383468 -0.121736
26.425000 0.166951 -4.386301 -0.121670
26.430000 0.145020 -4.388806 -0.121604
26.435000 0.123076 -4.390981 -0.121538
26.440000 0.101121 -4.392827 -0.121472
26.445000 0.079157 -4.394344 -0.121407
26.450000 0.057185 -4.395531 -0.121341
26.455000 0.035207 -4.396389 -0.121275
26.460000 0.013225 -4.396917 -0.121209
26.465000 -0.008759 -4.397116 -0.121143
26.470000 -0.030745 -4.396984 -0.121077
26.475000 -0.052730 -4.396523 -0.121011
26.480000 -0.074712 -4.395732 -0.120945
26.485000 -0.096691 -4.394611 -0.120879
26.490000 -0.118664 -4.393161 -0.120813
26.495000 -0.140630 -4.391381 -0.120747
26.500000 -0.162587 -4.389272 -0.120681
26.505000 -0.184533 -4.386833 -0.120615
26.510000 -0.206467 -4.384065 -0.120550
26.515000 -0.228388 -4.380968 -0.120484
26.520000 -0.250293 -4.377542 -0.120418
26.525000 -0.272180 -4.373788 -0.120352
26.530000 -0.294049 -4.369705 -0.120286
26.535000 -0.315898 -4.365294 -0.120220
26.540000 -0.337724 -4.360556 -0.120154
26.545000 -0.359527 -4.355490 -0.120088
26.550000 -0.381304 -4.350097 -0.120022
26.555000 -0.403055 -4.344377 -0.119956
26.560000 -0.424777 -4.338332 -0.119890
26.565000 -0.446468 -4.331960 -0.119824
26.570000 -0.468128 -4.325263 -0.119758
26.575000 -0.489755 -4.318241 -0.119692
26.580000 -0.511346 -4.310895 -0.119626
26.585000 -0.532900 -4.303224 -0.119560
26.590000 -0.554416 -4.295231 -0.119494
26.595000 -0.575892 -4.286915 -0.119428
26.600000 -0.597327 -4.278276 -0.119361
26.605000 -0.618718 -4.269316 -0.119295
26.610000 -0.640065 -4.260036 -0.119229
26.615000 -0.661365 -4.250435 -0.119163
26.620000 -0.682617 -4.240514 -0.119097
26.625000 -0.703820 -4.230275 -0.119031
26.630000 -0.724971 -4.219718 -0.118965
26.635000 -0.746070 -4.208843 -0.118899
26.640000 -0.767114 -4.197652 -0.118833
26.645000 -0.788102 -4.186145 -0.118767
26.650000 -0.809033 -4.174324 -0.118701
26.655000 -0.829905 -4.162188 -0.118635
26.660000 -0.850716 -4.149740 -0.118569
26.665000 -0.871464 -4.136979 -0.118502
26.670000 -0.892149 -4.123907 -0.118436
26.675000 -0.912769 -4.110525 -0.118370
26.680000 -0.933321 -4.096833 -0.118304
26.685000 -0.953806 -4.082833 -0.118238
26.690000 -0.974220 -4.068526 -0.118172
26.695000 -0.994562 -4.053913 -0.118106
26.700000 -1.014832 -4.038995 -0.118040
26.705000 -1.035027 -4.023772 -0.117973
26.710000 -1.055146 -4.008247 -0.117907
26.715000 -1.075187 -3.992420 -0.117841
26.720000 -1.095149 -3.976292 -0.117775
26.725000 -1.115031 -3.959864 -0.117709
26.730000 -1.134830 -3.943139 -0.117643
26.735000 -1.154546 -3.926117 -0.117576
26.740000 -1.174176 -3.908798 -0.117510
26.745000 -1.193720 -3.891186 -0.117444
26.750000 -1.213176 -3.873280 -0.117378
26.755000 -1.232543 -3.855082 -0.117312
26.760000 -1.251818 -3.836594 -0.117246
26.765000 -1.271001 -3.817817 -0.117179
26.770000 -1.290090 -3.798752 -0.117113
26.775000 -1.309084 -3.779401 -0.117047
26.780000 -1.327981 -3.759764 -0.116981
26.785000 -1.346780 -3.739845 -0.116914
26.790000 -1.365479 -3.719643 -0.116848
26.795000 -1.384077 -3.699161 -0.116782
26.800000 -1.402573 -3.678400 -0.116716
26.805000 -1.420965 -3.657361 -0.116649
26.810000 -1.439252 -3.636046 -0.116583
26.815000 -1.457432 -3.614458 -0.116517
26.820000 -1.475504 -3.592596 -0.116451
26.825000 -1.493467 -3.570464 -0.116384
26.830000 -1.511319 -3.548062 -0.116318
26.835000 -1.529060 -3.525392 -0.116252
26.840000 -1.546687 -3.502456 -0.116186
26.845000 -1.564199 -3.479256 -0.116119
26.850000 -1.581595 -3.455793 -0.116053
26.855000 -1.598874 -3.432069 -0.115987
26.860000 -1.616035 -3.408086 -0.115920
26.865000 -1.633075 -3.383845 -0.115854
26.870000 -1.649994 -3.359349 -0.115788
26.875000 -1.666791 -3.334599 -0.115721
26.880000 -1.683464 -3.309597 -0.115655
26.885000 -1.700012 -3.284345 -0.115589
26.890000 -1.716434 -3.258845 -0.115523
26.895000 -1.732728 -3.233099 -0.115456
26.900000 -1.748893 -3.207108 -0.115390
26.905000 -1.764929 -3.180874 -0.115323
26.910000 -1.780833 -3.154400 -0.115257
26.915000 -1.796605 -3.127688 -0.115191
26.920000 -1.812244 -3.100739 -0.115124
26.925000 -1.827747 -3.073555 -0.115058
26.930000 -1.843115 -3.046139 -0.114992
26.935000 -1.858346 -3.018492 -0.114925
26.940000 -1.873438 -2.990617 -0.114859
26.945000 -1.888391 -2.962515 -0.114793
26.950000 -1.903204 -2.934190 -0.114726
26.955000 -1.917875 -2.905641 -0.114660
26.960000 -1.932403 -2.876873 -0.114593
26.965000 -1.946788 -2.847887 -0.114527
26.970000 -1.961027 -2.818685 -0.114461
26.975000 -1.975120 -2.789270 -0.114394
26.980000 -1.989067 -2.759643 -0.114328
26.985000 -2.002865 -2.729807 -0.114261
26.990000 -2.016514 -2.699764 -0.114195
26.995000 -2.030013 -2.669517 -0.114128
27.000000 -2.043360 -2.639066 -0.114062
27.005000 -2.056556 -2.608416 -0.113996
27.010000 -2.069598 -2.577568 -0.113929
27.015000 -2.082486 -2.546524 -0.113863
27.020000 -2.095218 -2.515286 -0.113796
27.025000 -2.107795 -2.483858 -0.113730
27.030000 -2.120214 -2.452241 -0.113663
27.035000 -2.132475 -2.420438 -0.113597
27.040000 -2.144577 -2.388451 -0.113530
27.045000 -2.156520 -2.356282 -0.113464
27.050000 -2.168301 -2.323934 -0.113397
27.055000 -2.179921 -2.291410 -0.113331
27.060000 -2.191378 -2.258711 -0.113264
27.065000 -2.202671 -2.225840 -0.113198
27.070000 -2.213801 -2.192800 -0.113131
27.075000 -2.224765 -2.159593 -0.113065
27.080000 -2.235563 -2.126222 -0.112998
27.085000 -2.246194 -2.092688 -0.112932
27.090000 -2.256657 -2.058996 -0.112865
27.095000 -2.266952 -2.025146 -0.112799
27.100000 -2.277078 -1.991141 -0.112732
27.105000 -2.287033 -1.956985 -0.112666
27.110000 -2.296818 -1.922680 -0.112599
27.115000 -2.306432 -1.888227 -0.112532
27.120000 -2.315873 -1.853631 -0.112466
27.125000 -2.325141 -1.818893 -0.112399
27.130000 -2.334236 -1.784016 -0.112333
27.135000 -2.343156 -1.749002 -0.112266
27.140000 -2.351901 -1.713855 -0.112200
27.145000 -2.360470 -1.678576 -0.112133
27.150000 -2.368863 -1.643169 -0.112066
27.155000 -2.377079 -1.607636 -0.112000
27.160000 -2.385117 -1.571980 -0.111933
27.165000 -2.392977 -1.536203 -0.111867
27.170000 -2.400658 -1.500309 -0.111800
27.175000 -2.408159 -1.464299 -0.111733
27.180000 -2.415481 -1.428177 -0.111667
27.185000 -2.422622 -1.391944 -0.111600
27.190000 -2.429581 -1.355605 -0.111534
27.195000 -2.436359 -1.319161 -0.111467
27.200000 -2.442955 -1.282616 -0.111400
27.205000 -2.449368 -1.245972 -0.111334
27.210000 -2.455598 -1.209231 -0.111267
27.215000 -2.461644 -1.172397 -0.111200
27.220000 -2.467506 -1.135472 -0.111134
27.225000 -2.473184 -1.098460 -0.111067
27.230000 -2.478676 -1.061362 -0.111000
27.235000 -2.483983 -1.024182 -0.110934
27.240000 -2.489104 -0.986922 -0.110867
27.245000 -2.494038 -0.949586 -0.110800
27.250000 -2.498786 -0.912175 -0.110734
27.255000 -2.503347 -0.874693 -0.110667
27.260000 -2.507721 -0.837143 -0.110600
27.265000 -2.511906 -0.799527 -0.110533
27.270000 -2.515904 -0.761849 -0.110467
27.275000 -2.519713 -0.724110 -0.110400
27.280000 -2.523334 -0.686314 -0.110333
27.285000 -2.526765 -0.648464 -0.110267
27.290000 -2.530008 -0.610563 -0.110200
27.295000 -2.533060 -0.572613 -0.110133
27.300000 -2.535923 -0.534617 -0.110066
27.305000 -2.538597 -0.496578 -0.110000
27.310000 -2.541079 -0.458499 -0.109933
27.315000 -2.543372 -0.420383 -0.109866
27.320000 -2.545474 -0.382232 -0.109799
27.325000 -2.547385 -0.344050 -0.109733
27.330000 -2.549105 -0.305839 -0.109666
27.335000 -2.550634 -0.267603 -0.109599
27.340000 -2.551972 -0.229343 -0.109532
27.345000 -2.553119 -0.191064 -0.109466
27.350000 -2.554075 -0.152767 -0.109399
27.355000 -2.554838 -0.114456 -0.109332
27.360000 -2.555411 -0.076133 -0.109265
27.365000 -2.555791 -0.037802 -0.109198
27.370000 -2.555980 0.000535 -0.109132
27.375000 -2.555978 0.038874 -0.109065
27.380000 -2.555783 0.077214 -0.108998
27.385000 -2.555397 0.115551 -0.108931
27.390000 -2.554819 0.153882 -0.108864
27.395000 -2.554050 0.192204 -0.108797
27.400000 -2.553089 0.230515 -0.108731
27.405000 -2.551936 0.268811 -0.108664
27.410000 -2.550592 0.307090 -0.108597
27.415000 -2.549057 0.345349 -0.108530
27.420000 -2.547330 0.383585 -0.108463
27.425000 -2.545412 0.421795 -0.108396
27.430000 -2.543303 0.459976 -0.108329
27.435000 -2.541003 0.498126 -0.108263
27.440000 -2.538513 0.536241 -0.108196
27.445000 -2.535832 0.574318 -0.108129
27.450000 -2.532960 0.612356 -0.108062
27.455000 -2.529898 0.650350 -0.107995
27.460000 -2.526646 0.688299 -0.107928
27.465000 -2.523205 0.726198 -0.107861
27.470000 -2.519574 0.764047 -0.107794
27.475000 -2.515754 0.801840 -0.107727
27.480000 -2.511745 0.839576 -0.107660
27.485000 -2.507547 0.877253 -0.107594
27.490000 -2.503160 0.914866 -0.107527
27.495000 -2.498586 0.952413 -0.107460
27.500000 -2.493824 0.989892 -0.107393
27.505000 -2.488875 1.027299 -0.107326
27.510000 -2.483738 1.064633 -0.107259
27.515000 -2.478415 1.101889 -0.107192
27.520000 -2.472905 1.139065 -0.107125
27.525000 -2.467210 1.176158 -0.107058
27.530000 -2.461329 1.213167 -0.106991
27.535000 -2.455263 1.250086 -0.106924
27.540000 -2.449013 1.286915 -0.106857
27.545000 -2.442578 1.323651 -0.106790
27.550000 -2.435960 1.360289 -0.106723
27.555000 -2.429159 1.396829 -0.106656
27.560000 -2.422175 1.433266 -0.106589
27.565000 -2.415008 1.469599 -0.106522
27.570000 -2.407660 1.505824 -0.106455
27.575000 -2.400131 1.541939 -0.106388
27.580000 -2.392421 1.577941 -0.106321
27.585000 -2.384532 1.613827 -0.106254
27.590000 -2.376463 1.649595 -0.106187
27.595000 -2.368215 1.685242 -0.106120
27.600000 -2.359788 1.720765 -0.106053
27.605000 -2.351185 1.756162 -0.105986
27.610000 -2.342404 1.791430 -0.105919
27.615000 -2.333447 1.826566 -0.105852
27.620000 -2.324314 1.861568 -0.105785
27.625000 -2.315006 1.896432 -0.105718
27.630000 -2.305524 1.931157 -0.105650
27.635000 -2.295868 1.965740 -0.105583
27.640000 -2.286039 2.000178 -0.105516
27.645000 -2.276038 2.034469 -0.105449
27.650000 -2.265866 2.068609 -0.105382
27.655000 -2.255523 2.102597 -0.105315
27.660000 -2.245010 2.136430 -0.105248
27.665000 -2.234328 2.170105 -0.105181
27.670000 -2.223477 2.203620 -0.105114
27.675000 -2.212459 2.236972 -0.105047
27.680000 -2.201274 2.270159 -0.104980
27.685000 -2.189924 2.303178 -0.104912
27.690000 -2.178408 2.336027 -0.104845
27.695000 -2.166728 2.368703 -0.104778
27.700000 -2.154884 2.401204 -0.104711
27.705000 -2.142878 2.433528 -0.104644
27.710000 -2.130710 2.465671 -0.104577
27.715000 -2.118382 2.497631 -0.104510
27.720000 -2.105894 2.529407 -0.104442
27.725000 -2.093247 2.560996 -0.104375
27.730000 -2.080442 2.592394 -0.104308
27.735000 -2.067480 2.623601 -0.104241
27.740000 -2.054362 2.654613 -0.104174
27.745000 -2.041089 2.685429 -0.104106
27.750000 -2.027662 2.716045 -0.104039
27.755000 -2.014082 2.746460 -0.103972
27.760000 -2.000349 2.776671 -0.103905
27.765000 -1.986466 2.806676 -0.103838
27.770000 -1.972432 2.836473 -0.103770
27.775000 -1.958250 2.866060 -0.103703
27.780000 -1.943920 2.895433 -0.103636
27.785000 -1.929443 2.924592 -0.103569
27.790000 -1.914820 2.953534 -0.103502
27.795000 -1.900052 2.982256 -0.103434
27.800000 -1.885141 3.010757 -0.103367
27.805000 -1.870087 3.039034 -0.103300
27.810000 -1.854892 3.067085 -0.103233
27.815000 -1.839556 3.094909 -0.103165
27.820000 -1.824082 3.122502 -0.103098
27.825000 -1.808469 3.149863 -0.103031
27.830000 -1.792720 3.176990 -0.102964
27.835000 -1.776835 3.203881 -0.102896
27.840000 -1.760816 3.230534 -0.102829
27.845000 -1.744663 3.256946 -0.102762
27.850000 -1.728378 3.283116 -0.102694
27.855000 -1.711963 3.309042 -0.102627
27.860000 -1.695417 3.334721 -0.102560
27.865000 -1.678744 3.360152 -0.102492
27.870000 -1.661943 3.385333 -0.102425
27.875000 -1.645016 3.410263 -0.102358
27.880000 -1.627965 3.434938 -0.102291
27.885000 -1.610790 3.459357 -0.102223
27.890000 -1.593494 3.483519 -0.102156
27.895000 -1.576076 3.507422 -0.102089
27.900000 -1.558539 3.531063 -0.102021
27.905000 -1.540884 3.554441 -0.101954
27.910000 -1.523111 3.577554 -0.101886
27.915000 -1.505224 3.600401 -0.101819
27.920000 -1.487222 3.622979 -0.101752
27.925000 -1.469107 3.645287 -0.101684
27.930000 -1.450880 3.667324 -0.101617
27.935000 -1.432544 3.689087 -0.101550
27.940000 -1.414098 3.710575 -0.101482
27.945000 -1.395545 3.731787 -0.101415
27.950000 -1.376886 3.752720 -0.101347
27.955000 -1.358123 3.773373 -0.101280
27.960000 -1.339256 3.793745 -0.101213
27.965000 -1.320287 3.813834 -0.101145
27.970000 -1.301218 3.833638 -0.101078
27.975000 -1.282050 3.853157 -0.101010
27.980000 -1.262784 3.872387 -0.100943
27.985000 -1.243422 3.891329 -0.100876
27.990000 -1.223966 3.909980 -0.100808
27.995000 -1.204416 3.928340 -0.100741
28.000000 -1.184774 3.946406 -0.100673
28.005000 -1.165042 3.964178 -0.100606
28.010000 -1.145221 3.981653 -0.100538
28.015000 -1.125313 3.998832 -0.100471
28.020000 -1.105319 4.015711 -0.100403
28.025000 -1.085240 4.032291 -0.100336
28.030000 -1.065079 4.048570 -0.100268
28.035000 -1.044836 4.064546 -0.100201
28.040000 -1.024513 4.080218 -0.100134
28.045000 -1.004112 4.095586 -0.100066
28.050000 -0.983634 4.110648 -0.099999
28.055000 -0.963081 4.125402 -0.099931
28.060000 -0.942454 4.139849 -0.099864
28.065000 -0.921754 4.153985 -0.099796
28.070000 -0.900985 4.167812 -0.099728
28.075000 -0.880145 4.181326 -0.099661
28.080000 -0.859239 4.194529 -0.099593
28.085000 -0.838266 4.207417 -0.099526
28.090000 -0.817229 4.219991 -0.099458
28.095000 -0.796129 4.232250 -0.099391
28.100000 -0.774968 4.244192 -0.099323
28.105000 -0.753747 4.255816 -0.099256
28.110000 -0.732468 4.267122 -0.099188
28.115000 -0.711132 4.278109 -0.099121
28.120000 -0.689742 4.288776 -0.099053
28.125000 -0.668298 4.299122 -0.098985
28.130000 -0.646802 4.309147 -0.098918
28.135000 -0.625256 4.318849 -0.098850
28.140000 -0.603662 4.328228 -0.098783
28.145000 -0.582021 4.337283 -0.098715
28.150000 -0.560335 4.346013 -0.098648
28.155000 -0.538605 4.354418 -0.098580
28.160000 -0.516833 4.362497 -0.098512
28.165000 -0.495020 4.370250 -0.098445
28.170000 -0.473169 4.377675 -0.098377
28.175000 -0.451280 4.384772 -0.098309
28.180000 -0.429357 4.391542 -0.098242
28.185000 -0.407399 4.397982 -0.098174
28.190000 -0.385409 4.404093 -0.098107
28.195000 -0.363388 4.409874 -0.098039
28.200000 -0.341339 4.415325 -0.097971
28.205000 -0.319262 4.420445 -0.097904
28.210000 -0.297160 4.425234 -0.097836
28.215000 -0.275034 4.429691 -0.097768
28.220000 -0.252886 4.433817 -0.097701
28.225000 -0.230717 4.437610 -0.097633
28.230000 -0.208528 4.441071 -0.097565
28.235000 -0.186323 4.444199 -0.097498
28.240000 -0.164102 4.446994 -0.097430
28.245000 -0.141867 4.449455 -0.097362
28.250000 -0.119620 4.451583 -0.097295
28.255000 -0.097362 4.453377 -0.097227
28.260000 -0.075095 4.454838 -0.097159
28.265000 -0.052821 4.455964 -0.097091
28.270000 -0.030541 4.456757 -0.097024
28.275000 -0.008257 4.457215 -0.096956
28.280000 0.014029 4.457339 -0.096888
28.285000 0.036315 4.457128 -0.096821
28.290000 0.058601 4.456583 -0.096753
28.295000 0.080884 4.455704 -0.096685
28.300000 0.103163 4.454491 -0.096617
28.305000 0.125435 4.452944 -0.096550
28.310000 0.147700 4.451062 -0.096482
28.315000 0.169955 4.448847 -0.096414
28.320000 0.192199 4.446297 -0.096346
28.325000 0.214431 4.443414 -0.096278
28.330000 0.236648 4.440198 -0.096211
28.335000 0.258849 4.436648 -0.096143
28.340000 0.281032 4.432766 -0.096075
28.345000 0.303196 4.428550 -0.096007
28.350000 0.325339 4.424002 -0.095940
28.355000 0.347459 4.419122 -0.095872
28.360000 0.369554 4.413910 -0.095804
28.365000 0.391624 4.408367 -0.095736
28.370000 0.413666 4.402492 -0.095668
28.375000 0.435678 4.396287 -0.095600
28.380000 0.457660 4.389752 -0.095533
28.385000 0.479608 4.382887 -0.095465
28.390000 0.501523 4.375693 -0.095397
28.395000 0.523401 4.368170 -0.095329
28.400000 0.545242 4.360319 -0.095261
28.405000 0.567044 4.352141 -0.095193
28.410000 0.588804 4.343635 -0.095126
28.415000 0.610523 4.334803 -0.095058
28.420000 0.632197 4.325645 -0.094990
28.425000 0.653825 4.316162 -0.094922
28.430000 0.675406 4.306355 -0.094854
28.435000 0.696937 4.296224 -0.094786
28.440000 0.718418 4.285770 -0.094718
28.445000 0.739847 4.274993 -0.094650
28.450000 0.761222 4.263896 -0.094582
28.455000 0.782542 4.252477 -0.094515
28.460000 0.803804 4.240739 -0.094447
28.465000 0.825008 4.228682 -0.094379
28.470000 0.846151 4.216307 -0.094311
28.475000 0.867233 4.203615 -0.094243
28.480000 0.888251 4.190606 -0.094175
28.485000 0.909204 4.177283 -0.094107
28.490000 0.930090 4.163645 -0.094039
28.495000 0.950909 4.149693 -0.093971
28.500000 0.971657 4.135430 -0.093903
28.505000 0.992334 4.120855 -0.093835
28.510000 1.012938 4.105970 -0.093767
28.515000 1.033468 4.090776 -0.093699
28.520000 1.053922 4.075274 -0.093631
28.525000 1.074299 4.059465 -0.093563
28.530000 1.094596 4.043350 -0.093495
28.535000 1.114813 4.026931 -0.093427
28.540000 1.134947 4.010209 -0.093359
28.545000 1.154998 3.993185 -0.093291
28.550000 1.174964 3.975860 -0.093223
28.555000 1.194844 3.958236 -0.093155
28.560000 1.214635 3.940313 -0.093087
28.565000 1.234336 3.922093 -0.093019
28.570000 1.253947 3.903578 -0.092951
28.575000 1.273465 3.884769 -0.092883
28.580000 1.292888 3.865667 -0.092815
28.585000 1.312217 3.846274 -0.092747
28.590000 1.331448 3.826591 -0.092679
28.595000 1.350581 3.806619 -0.092611
28.600000 1.369614 3.786360 -0.092543
28.605000 1.388546 3.765816 -0.092475
28.610000 1.407375 3.744988 -0.092407
28.615000 1.426100 3.723877 -0.092339
28.620000 1.444719 3.702486 -0.092271
28.625000 1.463232 3.680815 -0.092203
28.630000 1.481636 3.658866 -0.092135
28.635000 1.499930 3.636642 -0.092067
28.640000 1.518113 3.614143 -0.091998
28.645000 1.536184 3.591371 -0.091930
28.650000 1.554141 3.568328 -0.091862
28.655000 1.571983 3.545016 -0.091794
28.660000 1.589708 3.521437 -0.091726
28.665000 1.607315 3.497591 -0.091658
28.670000 1.624803 3.473481 -0.091590
28.675000 1.642170 3.449109 -0.091522
28.680000 1.659416 3.424477 -0.091454
28.685000 1.676538 3.399585 -0.091385
28.690000 1.693536 3.374437 -0.091317
28.695000 1.710408 3.349034 -0.091249
28.700000 1.727154 3.323378 -0.091181
28.705000 1.743770 3.297471 -0.091113
28.710000 1.760258 3.271314 -0.091045
28.715000 1.776614 3.244910 -0.090976
28.720000 1.792839 3.218261 -0.090908
28.725000 1.808930 3.191369 -0.090840
28.730000 1.824887 3.164235 -0.090772
28.735000 1.840708 3.136861 -0.090704
28.740000 1.856393 3.109251 -0.090635
28.745000 1.871939 3.081405 -0.090567
28.750000 1.887346 3.053326 -0.090499
28.755000 1.902612 3.025016 -0.090431
28.760000 1.917737 2.996476 -0.090363
28.765000 1.932720 2.967710 -0.090294
28.770000 1.947558 2.938719 -0.090226
28.775000 1.962252 2.909506 -0.090158
28.780000 1.976800 2.880072 -0.090090
28.785000 1.991200 2.850420 -0.090021
28.790000 2.005452 2.820552 -0.089953
28.795000 2.019555 2.790471 -0.089885
28.800000 2.033507 2.760177 -0.089817
28.805000 2.047308 2.729675 -0.089748
28.810000 2.060956 2.698965 -0.089680
28.815000 2.074451 2.668051 -0.089612
28.820000 2.087791 2.636934 -0.089544
28.825000 2.100976 2.605617 -0.089475
28.830000 2.114004 2.574102 -0.089407
28.835000 2.126875 2.542392 -0.089339
28.840000 2.139587 2.510489 -0.089270
28.845000 2.152139 2.478395 -0.089202
28.850000 2.164531 2.446113 -0.089134
28.855000 2.176762 2.413645 -0.089066
28.860000 2.188830 2.380994 -0.088997
28.865000 2.200735 2.348161 -0.088929
28.870000 2.212476 2.315150 -0.088861
28.875000 2.224051 2.281963 -0.088792
28.880000 2.235461 2.248603 -0.088724
28.885000 2.246704 2.215071 -0.088656
28.890000 2.257780 2.181370 -0.088587
28.895000 2.268686 2.147503 -0.088519
28.900000 2.279424 2.113473 -0.088450
28.905000 2.289991 2.079282 -0.088382
28.910000 2.300388 2.044932 -0.088314
28.915000 2.310612 2.010426 -0.088245
28.920000 2.320665 1.975767 -0.088177
28.925000 2.330543 1.940957 -0.088109
28.930000 2.340248 1.905999 -0.088040
28.935000 2.349778 1.870895 -0.087972
28.940000 2.359133 1.835648 -0.087903
28.945000 2.368311 1.800261 -0.087835
28.950000 2.377312 1.764737 -0.087767
28.955000 2.386136 1.729077 -0.087698
28.960000 2.394781 1.693285 -0.087630
28.965000 2.403248 1.657363 -0.087561
28.970000 2.411535 1.621314 -0.087493
28.975000 2.419641 1.585141 -0.087424
28.980000 2.427567 1.548847 -0.087356
28.985000 2.435311 1.512433 -0.087288
28.990000 2.442873 1.475904 -0.087219
28.995000 2.450253 1.439261 -0.087151
29.000000 2.457449 1.402507 -0.087082
29.005000 2.464462 1.365645 -0.087014
29.010000 2.471290 1.328678 -0.086945
29.015000 2.477933 1.291609 -0.086877
29.020000 2.484391 1.254440 -0.086808
29.025000 2.490663 1.217174 -0.086740
29.030000 2.496749 1.179814 -0.086671
29.035000 2.502648 1.142363 -0.086603
29.040000 2.508360 1.104823 -0.086534
29.045000 2.513884 1.067198 -0.086466
29.050000 2.519220 1.029489 -0.086397
29.055000 2.524368 0.991701 -0.086329
29.060000 2.529326 0.953836 -0.086260
29.065000 2.534095 0.915896 -0.086192
29.070000 2.538675 0.877884 -0.086123
29.075000 2.543064 0.839804 -0.086055
29.080000 2.547263 0.801658 -0.085986
29.085000 2.551272 0.763449 -0.085918
29.090000 2.555089 0.725180 -0.085849
29.095000 2.558715 0.686854 -0.085780
29.100000 2.562149 0.648473 -0.085712
29.105000 2.565391 0.610041 -0.085643
29.110000 2.568442 0.571560 -0.085575
29.115000 2.571299 0.533033 -0.085506
29.120000 2.573965 0.494464 -0.085438
29.125000 2.576437 0.455854 -0.085369
29.130000 2.578716 0.417208 -0.085300
29.135000 2.580802 0.378527 -0.085232
29.140000 2.582695 0.339815 -0.085163
29.145000 2.584394 0.301075 -0.085094
29.150000 2.585899 0.262309 -0.085026
29.155000 2.587211 0.223520 -0.084957
29.160000 2.588328 0.184712 -0.084889
29.165000 2.589252 0.145887 -0.084820
29.170000 2.589981 0.107048 -0.084751
29.175000 2.590517 0.068199 -0.084683
29.180000 2.590858 0.029341 -0.084614
29.185000 2.591004 -0.009522 -0.084545
29.190000 2.590957 -0.048387 -0.084477
29.195000 2.590715 -0.087251 -0.084408
29.200000 2.590279 -0.126112 -0.084339
29.205000 2.589648 -0.164966 -0.084271
29.210000 2.588823 -0.203811 -0.084202
29.215000 2.587804 -0.242643 -0.084133
29.220000 2.586591 -0.281460 -0.084065
29.225000 2.585184 -0.320259 -0.083996
29.230000 2.583582 -0.359037 -0.083927
29.235000 2.581787 -0.397791 -0.083859
29.240000 2.579798 -0.436518 -0.083790
29.245000 2.577616 -0.475215 -0.083721
29.250000 2.575239 -0.513879 -0.083652
29.255000 2.572670 -0.552507 -0.083584
29.260000 2.569908 -0.591097 -0.083515
29.265000 2.566952 -0.629646 -0.083446
29.270000 2.563804 -0.668150 -0.083377
29.275000 2.560463 -0.706607 -0.083309
29.280000 2.556930 -0.745014 -0.083240
29.285000 2.553205 -0.783368 -0.083171
29.290000 2.549288 -0.821666 -0.083102
29.295000 2.545180 -0.859906 -0.083034
29.300000 2.540880 -0.898083 -0.082965
29.305000 2.536390 -0.936197 -0.082896
29.310000 2.531709 -0.974242 -0.082827
29.315000 2.526838 -1.012218 -0.082759
29.320000 2.521777 -1.050121 -0.082690
29.325000 2.516526 -1.087947 -0.082621
29.330000 2.511086 -1.125695 -0.082552
29.335000 2.505458 -1.163361 -0.082483
29.340000 2.499641 -1.200943 -0.082415
29.345000 2.493636 -1.238438 -0.082346
29.350000 2.487444 -1.275842 -0.082277
29.355000 2.481065 -1.313154 -0.082208
29.360000 2.474499 -1.350370 -0.082139
29.365000 2.467747 -1.387488 -0.082070
29.370000 2.460810 -1.424504 -0.082002
29.375000 2.453687 -1.461416 -0.081933
29.380000 2.446380 -1.498221 -0.081864
29.385000 2.438889 -1.534917 -0.081795
29.390000 2.431214 -1.571500 -0.081726
29.395000 2.423357 -1.607969 -0.081657
29.400000 2.415317 -1.644319 -0.081588
29.405000 2.407096 -1.680549 -0.081520
29.410000 2.398693 -1.716655 -0.081451
29.415000 2.390110 -1.752635 -0.081382
29.420000 2.381346 -1.788487 -0.081313
29.425000 2.372404 -1.824207 -0.081244
29.430000 2.363283 -1.859793 -0.081175
29.435000 2.353984 -1.895243 -0.081106
29.440000 2.344508 -1.930552 -0.081037
29.445000 2.334855 -1.965720 -0.080968
29.450000 2.325026 -2.000743 -0.080899
29.455000 2.315023 -2.035618 -0.080830
29.460000 2.304845 -2.070344 -0.080761
29.465000 2.294493 -2.104916 -0.080693
29.470000 2.283968 -2.139334 -0.080624
29.475000 2.273272 -2.173593 -0.080555
29.480000 2.262404 -2.207692 -0.080486
29.485000 2.251365 -2.241628 -0.080417
29.490000 2.240157 -2.275399 -0.080348
29.495000 2.228780 -2.309001 -0.080279
29.500000 2.217235 -2.342433 -0.080210
29.505000 2.205523 -2.375691 -0.080141
29.510000 2.193644 -2.408774 -0.080072
29.515000 2.181600 -2.441679 -0.080003
29.520000 2.169392 -2.474403 -0.079934
29.525000 2.157020 -2.506944 -0.079865
29.530000 2.144485 -2.539299 -0.079796
29.535000 2.131789 -2.571466 -0.079727
29.540000 2.118932 -2.603443 -0.079658
29.545000 2.105914 -2.635227 -0.079589
29.550000 2.092738 -2.666816 -0.079520
29.555000 2.079404 -2.698207 -0.079451
29.560000 2.065913 -2.729398 -0.079382
29.565000 2.052266 -2.760387 -0.079313
29.570000 2.038464 -2.791171 -0.079244
29.575000 2.024508 -2.821748 -0.079175
29.580000 2.010400 -2.852115 -0.079105
29.585000 1.996139 -2.882271 -0.079036
29.590000 1.981728 -2.912213 -0.078967
29.595000 1.967167 -2.941939 -0.078898
29.600000 1.952457 -2.971447 -0.078829
29.605000 1.937600 -3.000734 -0.078760
29.610000 1.922596 -3.029798 -0.078691
29.615000 1.907447 -3.058636 -0.078622
29.620000 1.892154 -3.087248 -0.078553
29.625000 1.876718 -3.115630 -0.078484
29.630000 1.861139 -3.143781 -0.078415
29.635000 1.845420 -3.171698 -0.078345
29.640000 1.829562 -3.199380 -0.078276
29.645000 1.813565 -3.226823 -0.078207
29.650000 1.797431 -3.254027 -0.078138
29.655000 1.781161 -3.280988 -0.078069
29.660000 1.764756 -3.307705 -0.078000
29.665000 1.748217 -3.334177 -0.077931
29.670000 1.731547 -3.360400 -0.077861
29.675000 1.714745 -3.386373 -0.077792
29.680000 1.697813 -3.412094 -0.077723
29.685000 1.680752 -3.437562 -0.077654
29.690000 1.663564 -3.462773 -0.077585
29.695000 1.646250 -3.487726 -0.077516
29.700000 1.628812 -3.512420 -0.077446
29.705000 1.611250 -3.536852 -0.077377
29.710000 1.593566 -3.561021 -0.077308
29.715000 1.575760 -3.584925 -0.077239
29.720000 1.557836 -3.608561 -0.077170
29.725000 1.539793 -3.631928 -0.077100
29.730000 1.521633 -3.655025 -0.077031
29.735000 1.503358 -3.677850 -0.076962
29.740000 1.484969 -3.700400 -0.076893
29.745000 1.466467 -3.722675 -0.076823
29.750000 1.447854 -3.744672 -0.076754
29.755000 1.429130 -3.766390 -0.076685
29.760000 1.410298 -3.787827 -0.076616
29.765000 1.391359 -3.808981 -0.076547
29.770000 1.372314 -3.829851 -0.076477
29.775000 1.353165 -3.850436 -0.076408
29.780000 1.333913 -3.870734 -0.076339
29.785000 1.314559 -3.890742 -0.076269
29.790000 1.295105 -3.910461 -0.076200
29.795000 1.275553 -3.929887 -0.076131
29.800000 1.255904 -3.949021 -0.076062
29.805000 1.236159 -3.967859 -0.075992
29.810000 1.216319 -3.986401 -0.075923
29.815000 1.196387 -4.004646 -0.075854
29.820000 1.176364 -4.022592 -0.075784
29.825000 1.156251 -4.040238 -0.075715
29.830000 1.136050 -4.057581 -0.075646
29.835000 1.115762 -4.074622 -0.075576
29.840000 1.095389 -4.091358 -0.075507
29.845000 1.074932 -4.107789 -0.075438
29.850000 1.054393 -4.123913 -0.075368
29.855000 1.033774 -4.139729 -0.075299
29.860000 1.013075 -4.155236 -0.075230
29.865000 0.992299 -4.170432 -0.075160
29.870000 0.971447 -4.185316 -0.075091
29.875000 0.950520 -4.199888 -0.075022
29.880000 0.929521 -4.214146 -0.074952
29.885000 0.908450 -4.228089 -0.074883
29.890000 0.887309 -4.241715 -0.074813
29.895000 0.866101 -4.255025 -0.074744
29.900000 0.844826 -4.268017 -0.074675
29.905000 0.823486 -4.280689 -0.074605
29.910000 0.802082 -4.293041 -0.074536
29.915000 0.780617 -4.305072 -0.074466
29.920000 0.759092 -4.316782 -0.074397
29.925000 0.737508 -4.328168 -0.074328
29.930000 0.715867 -4.339231 -0.074258
29.935000 0.694171 -4.349969 -0.074189
29.940000 0.672421 -4.360381 -0.074119
29.945000 0.650619 -4.370468 -0.074050
29.950000 0.628767 -4.380227 -0.073980
29.955000 0.606865 -4.389658 -0.073911
29.960000 0.584917 -4.398761 -0.073842
29.965000 0.562923 -4.407535 -0.073772
29.970000 0.540886 -4.415979 -0.073703
29.975000 0.518806 -4.424092 -0.073633
29.980000 0.496685 -4.431874 -0.073564
29.985000 0.474526 -4.439325 -0.073494
29.990000 0.452329 -4.446443 -0.073425
29.995000 0.430097 -4.453227 -0.073355
30.000000 0.407831 -4.459679 -0.073286
30.005000 0.385533 -4.465796 -0.073216
30.010000 0.363204 -4.471579 -0.073147
30.015000 0.340846 -4.477027 -0.073077
30.020000 0.318461 -4.482140 -0.073008
30.025000 0.296050 -4.486917 -0.072938
30.030000 0.273615 -4.491358 -0.072869
30.035000 0.251159 -4.495462 -0.072799
30.040000 0.228681 -4.499229 -0.072730
30.045000 0.206185 -4.502660 -0.072660
30.050000 0.183672 -4.505752 -0.072590
30.055000 0.161143 -4.508507 -0.072521
30.060000 0.138600 -4.510925 -0.072451
30.065000 0.116046 -4.513004 -0.072382
30.070000 0.093481 -4.514744 -0.072312
30.075000 0.070907 -4.516146 -0.072243
30.080000 0.048326 -4.517210 -0.072173
30.085000 0.025740 -4.517935 -0.072103
30.090000 0.003151 -4.518321 -0.072034
30.095000 -0.019441 -4.518368 -0.071964
30.100000 -0.042033 -4.518077 -0.071895
30.105000 -0.064623 -4.517446 -0.071825
30.110000 -0.087210 -4.516477 -0.071755
30.115000 -0.109793 -4.515169 -0.071686
30.120000 -0.132369 -4.513522 -0.071616
30.125000 -0.154936 -4.511536 -0.071547
30.130000 -0.177494 -4.509212 -0.071477
30.135000 -0.200040 -4.506550 -0.071407
30.140000 -0.222573 -4.503549 -0.071338
30.145000 -0.245091 -4.500211 -0.071268
30.150000 -0.267592 -4.496534 -0.071198
30.155000 -0.290074 -4.492520 -0.071129
30.160000 -0.312537 -4.488169 -0.071059
30.165000 -0.334978 -4.483481 -0.070989
30.170000 -0.357395 -4.478457 -0.070920
30.175000 -0.379787 -4.473096 -0.070850
30.180000 -0.402153 -4.467399 -0.070780
30.185000 -0.424490 -4.461367 -0.070711
30.190000 -0.446797 -4.454999 -0.070641
30.195000 -0.469072 -4.448297 -0.070571
30.200000 -0.491313 -4.441261 -0.070501
30.205000 -0.513519 -4.433892 -0.070432
30.210000 -0.535689 -4.426189 -0.070362
30.215000 -0.557820 -4.418153 -0.070292
30.220000 -0.579911 -4.409786 -0.070223
30.225000 -0.601960 -4.401087 -0.070153
30.230000 -0.623965 -4.392058 -0.070083
30.235000 -0.645925 -4.382699 -0.070013
30.240000 -0.667839 -4.373010 -0.069944
30.245000 -0.689704 -4.362992 -0.069874
30.250000 -0.711519 -4.352647 -0.069804
30.255000 -0.733282 -4.341974 -0.069734
30.260000 -0.754992 -4.330975 -0.069665
30.265000 -0.776647 -4.319650 -0.069595
30.270000 -0.798245 -4.308000 -0.069525
30.275000 -0.819785 -4.296026 -0.069455
30.280000 -0.841265 -4.283730 -0.069385
30.285000 -0.862684 -4.271111 -0.069316
30.290000 -0.884039 -4.258170 -0.069246
30.295000 -0.905330 -4.244910 -0.069176
30.300000 -0.926555 -4.231330 -0.069106
30.305000 -0.947711 -4.217431 -0.069036
30.310000 -0.968799 -4.203216 -0.068967
30.315000 -0.989815 -4.188684 -0.068897
30.320000 -1.010758 -4.173837 -0.068827
30.325000 -1.031627 -4.158675 -0.068757
30.330000 -1.052421 -4.143201 -0.068687
30.335000 -1.073137 -4.127414 -0.068617
30.340000 -1.093774 -4.111317 -0.068548
30.345000 -1.114330 -4.094911 -0.068478
30.350000 -1.134805 -4.078196 -0.068408
30.355000 -1.155196 -4.061174 -0.068338
30.360000 -1.175502 -4.043846 -0.068268
30.365000 -1.195721 -4.026213 -0.068198
30.370000 -1.215852 -4.008277 -0.068128
30.375000 -1.235893 -3.990040 -0.068058
30.380000 -1.255844 -3.971501 -0.067989
30.385000 -1.275701 -3.952664 -0.067919
30.390000 -1.295464 -3.933528 -0.067849
30.395000 -1.315132 -3.914096 -0.067779
30.400000 -1.334702 -3.894369 -0.067709
30.405000 -1.354174 -3.874349 -0.067639
30.410000 -1.373546 -3.854036 -0.067569
30.415000 -1.392816 -3.833433 -0.067499
30.420000 -1.411983 -3.812541 -0.067429
30.425000 -1.431046 -3.791361 -0.067359
30.430000 -1.450003 -3.769895 -0.067289
30.435000 -1.468852 -3.748145 -0.067219
30.440000 -1.487593 -3.726112 -0.067149
30.445000 -1.506224 -3.703798 -0.067079
30.450000 -1.524743 -3.681205 -0.067009
30.455000 -1.543149 -3.658334 -0.066939
30.460000 -1.561440 -3.635187 -0.066870
30.465000 -1.579616 -3.611765 -0.066800
30.470000 -1.597675 -3.588071 -0.066730
30.475000 -1.615616 -3.564106 -0.066660
30.480000 -1.633436 -3.539872 -0.066590
30.485000 -1.651135 -3.515370 -0.066520
30.490000 -1.668712 -3.490603 -0.066450
30.495000 -1.686165 -3.465572 -0.066380
30.500000 -1.703493 -3.440280 -0.066309
30.505000 -1.720695 -3.414727 -0.066239
30.510000 -1.737768 -3.388917 -0.066169
30.515000 -1.754713 -3.362850 -0.066099
30.520000 -1.771527 -3.336530 -0.066029
30.525000 -1.788210 -3.309957 -0.065959
30.530000 -1.804759 -3.283134 -0.065889
30.535000 -1.821175 -3.256062 -0.065819
30.540000 -1.837455 -3.228745 -0.065749
30.545000 -1.853599 -3.201183 -0.065679
30.550000 -1.869605 -3.173379 -0.065609
30.555000 -1.885472 -3.145335 -0.065539
30.560000 -1.901199 -3.117053 -0.065469
30.565000 -1.916784 -3.088535 -0.065399
30.570000 -1.932227 -3.059783 -0.065329
30.575000 -1.947525 -3.030800 -0.065259
30.580000 -1.962679 -3.001587 -0.065188
30.585000 -1.977687 -2.972146 -0.065118
30.590000 -1.992548 -2.942481 -0.065048
30.595000 -2.007261 -2.912593 -0.064978
30.600000 -2.021823 -2.882484 -0.064908
30.605000 -2.036236 -2.852157 -0.064838
30.610000 -2.050497 -2.821613 -0.064768
30.615000 -2.064605 -2.790856 -0.064698
30.620000 -2.078559 -2.759887 -0.064627
30.625000 -2.092358 -2.728708 -0.064557
30.630000 -2.106002 -2.697323 -0.064487
30.635000 -2.119489 -2.665733 -0.064417
30.640000 -2.132817 -2.633941 -0.064347
30.645000 -2.145987 -2.601948 -0.064277
30.650000 -2.158997 -2.569758 -0.064206
30.655000 -2.171846 -2.537374 -0.064136
30.660000 -2.184532 -2.504796 -0.064066
30.665000 -2.197056 -2.472028 -0.063996
30.670000 -2.209417 -2.439072 -0.063926
30.675000 -2.221612 -2.405931 -0.063855
30.680000 -2.233642 -2.372607 -0.063785
30.685000 -2.245505 -2.339102 -0.063715
30.690000 -2.257200 -2.305419 -0.063645
30.695000 -2.268727 -2.271561 -0.063575
30.700000 -2.280085 -2.237530 -0.063504
30.705000 -2.291273 -2.203329 -0.063434
30.710000 -2.302289 -2.168960 -0.063364
30.715000 -2.313134 -2.134426 -0.063294
30.720000 -2.323806 -2.099729 -0.063223
30.725000 -2.334305 -2.064872 -0.063153
30.730000 -2.344629 -2.029857 -0.063083
30.735000 -2.354778 -1.994688 -0.063013
30.740000 -2.364752 -1.959366 -0.062942
30.745000 -2.374549 -1.923895 -0.062872
30.750000 -2.384168 -1.888276 -0.062802
30.755000 -2.393610 -1.852514 -0.062731
30.760000 -2.402872 -1.816610 -0.062661
30.765000 -2.411955 -1.780567 -0.062591
30.770000 -2.420858 -1.744387 -0.062521
30.775000 -2.429580 -1.708075 -0.062450
30.780000 -2.438120 -1.671631 -0.062380
30.785000 -2.446479 -1.635059 -0.062310
30.790000 -2.454654 -1.598362 -0.062239
30.795000 -2.462646 -1.561542 -0.062169
30.800000 -2.470453 -1.524602 -0.062099
30.805000 -2.478076 -1.487546 -0.062028
30.810000 -2.485514 -1.450374 -0.061958
30.815000 -2.492766 -1.413092 -0.061888
30.820000 -2.499831 -1.375700 -0.061817
30.825000 -2.506710 -1.338203 -0.061747
30.830000 -2.513401 -1.300602 -0.061676
30.835000 -2.519904 -1.262901 -0.061606
30.840000 -2.526218 -1.225102 -0.061536
30.845000 -2.532344 -1.187209 -0.061465
30.850000 -2.538280 -1.149224 -0.061395
30.855000 -2.544026 -1.111150 -0.061325
30.860000 -2.549582 -1.072989 -0.061254
30.865000 -2.554947 -1.034746 -0.061184
30.870000 -2.560121 -0.996422 -0.061113
30.875000 -2.565103 -0.958020 -0.061043
30.880000 -2.569893 -0.919543 -0.060972
30.885000 -2.574490 -0.880995 -0.060902
30.890000 -2.578895 -0.842377 -0.060832
30.895000 -2.583107 -0.803694 -0.060761
30.900000 -2.587126 -0.764947 -0.060691
30.905000 -2.590951 -0.726141 -0.060620
30.910000 -2.594581 -0.687276 -0.060550
30.915000 -2.598018 -0.648358 -0.060479
30.920000 -2.601259 -0.609387 -0.060409
30.925000 -2.604306 -0.570368 -0.060338
30.930000 -2.607158 -0.531304 -0.060268
30.935000 -2.609815 -0.492196 -0.060197
30.940000 -2.612276 -0.453049 -0.060127
30.945000 -2.614541 -0.413865 -0.060056
30.950000 -2.616610 -0.374647 -0.059986
30.955000 -2.618483 -0.335398 -0.059915
30.960000 -2.620160 -0.296121 -0.059845
30.965000 -2.621641 -0.256818 -0.059774
30.970000 -2.622925 -0.217494 -0.059704
30.975000 -2.624013 -0.178150 -0.059633
30.980000 -2.624903 -0.138789 -0.059563
30.985000 -2.625597 -0.099416 -0.059492
30.990000 -2.626094 -0.060032 -0.059422
30.995000 -2.626395 -0.020641 -0.059351
31.000000 -2.626498 0.018755 -0.059281
31.005000 -2.626404 0.058153 -0.059210
31.010000 -2.626113 0.097549 -0.059140
31.015000 -2.625625 0.136941 -0.059069
31.020000 -2.624941 0.176325 -0.058998
31.025000 -2.624059 0.215699 -0.058928
31.030000 -2.622981 0.255060 -0.058857
31.035000 -2.621705 0.294405 -0.058787
31.040000 -2.620233 0.333730 -0.058716
31.045000 -2.618565 0.373034 -0.058646
31.050000 -2.616700 0.412312 -0.058575
31.055000 -2.614638 0.451563 -0.058504
31.060000 -2.612380 0.490782 -0.058434
31.065000 -2.609926 0.529968 -0.058363
31.070000 -2.607276 0.569117 -0.058293
31.075000 -2.604431 0.608226 -0.058222
31.080000 -2.601390 0.647293 -0.058151
31.085000 -2.598153 0.686313 -0.058081
31.090000 -2.594722 0.725286 -0.058010
31.095000 -2.591095 0.764207 -0.057939
31.100000 -2.587274 0.803073 -0.057869
31.105000 -2.583259 0.841882 -0.057798
31.110000 -2.579049 0.880631 -0.057727
31.115000 -2.574646 0.919317 -0.057657
31.120000 -2.570050 0.957936 -0.057586
31.125000 -2.565260 0.996487 -0.057515
31.130000 -2.560278 1.034966 -0.057445
31.135000 -2.555103 1.073370 -0.057374
31.140000 -2.549736 1.111697 -0.057303
31.145000 -2.544177 1.149943 -0.057233
31.150000 -2.538428 1.188105 -0.057162
31.155000 -2.532487 1.226182 -0.057091
31.160000 -2.526356 1.264169 -0.057020
31.165000 -2.520035 1.302064 -0.056950
31.170000 -2.513525 1.339865 -0.056879
31.175000 -2.506826 1.377568 -0.056808
31.180000 -2.499938 1.415170 -0.056737
31.185000 -2.492862 1.452669 -0.056667
31.190000 -2.485599 1.490062 -0.056596
31.195000 -2.478148 1.527346 -0.056525
31.200000 -2.470512 1.564518 -0.056454
31.205000 -2.462689 1.601576 -0.056384
31.210000 -2.454681 1.638516 -0.056313
31.215000 -2.446489 1.675337 -0.056242
31.220000 -2.438112 1.712034 -0.056171
31.225000 -2.429552 1.748606 -0.056101
31.230000 -2.420809 1.785049 -0.056030
31.235000 -2.411883 1.821361 -0.055959
31.240000 -2.402777 1.857539 -0.055888
31.245000 -2.393489 1.893581 -0.055817
31.250000 -2.384021 1.929483 -0.055747
31.255000 -2.374374 1.965244 -0.055676
31.260000 -2.364547 2.000859 -0.055605
31.265000 -2.354543 2.036327 -0.055534
31.270000 -2.344362 2.071646 -0.055463
31.275000 -2.334003 2.106811 -0.055392
31.280000 -2.323469 2.141821 -0.055322
31.285000 -2.312760 2.176673 -0.055251
31.290000 -2.301877 2.211365 -0.055180
31.295000 -2.290820 2.245893 -0.055109
31.300000 -2.279590 2.280255 -0.055038
31.305000 -2.268189 2.314449 -0.054967
31.310000 -2.256617 2.348472 -0.054896
31.315000 -2.244875 2.382321 -0.054825
31.320000 -2.232963 2.415994 -0.054755
31.325000 -2.220883 2.449489 -0.054684
31.330000 -2.208636 2.482802 -0.054613
31.335000 -2.196222 2.515931 -0.054542
31.340000 -2.183642 2.548875 -0.054471
31.345000 -2.170898 2.581629 -0.054400
31.350000 -2.157989 2.614193 -0.054329
31.355000 -2.144918 2.646563 -0.054258
31.360000 -2.131686 2.678736 -0.054187
31.365000 -2.118292 2.710712 -0.054116
31.370000 -2.104738 2.742486 -0.054045
31.375000 -2.091026 2.774057 -0.053974
31.380000 -2.077156 2.805422 -0.053904
31.385000 -2.063129 2.836580 -0.053833
31.390000 -2.048946 2.867527 -0.053762
31.395000 -2.034608 2.898261 -0.053691
31.400000 -2.020117 2.928780 -0.053620
31.405000 -2.005473 2.959082 -0.053549
31.410000 -1.990677 2.989164 -0.053478
31.415000 -1.975732 3.019024 -0.053407
31.420000 -1.960636 3.048660 -0.053336
31.425000 -1.945393 3.078070 -0.053265
31.430000 -1.930003 3.107250 -0.053194
31.435000 -1.914467 3.136200 -0.053123
31.440000 -1.898786 3.164917 -0.053052
31.445000 -1.882961 3.193399 -0.052981
31.450000 -1.866994 3.221644 -0.052910
31.455000 -1.850886 3.249649 -0.052839
31.460000 -1.834638 3.277412 -0.052768
31.465000 -1.818250 3.304931 -0.052697
31.470000 -1.801726 3.332205 -0.052625
31.475000 -1.785065 3.359231 -0.052554
31.480000 -1.768269 3.386007 -0.052483
31.485000 -1.751339 3.412531 -0.052412
31.490000 -1.734276 3.438801 -0.052341
31.495000 -1.717082 3.464815 -0.052270
31.500000 -1.699758 3.490572 -0.052199
31.505000 -1.682305 3.516068 -0.052128
31.510000 -1.664725 3.541302 -0.052057
31.515000 -1.647018 3.566273 -0.051986
31.520000 -1.629187 3.590979 -0.051915
31.525000 -1.611232 3.615416 -0.051844
31.530000 -1.593155 3.639585 -0.051773
31.535000 -1.574957 3.663482 -0.051701
31.540000 -1.556639 3.687107 -0.051630
31.545000 -1.538204 3.710456 -0.051559
31.550000 -1.519652 3.733529 -0.051488
31.555000 -1.500984 3.756324 -0.051417
31.560000 -1.482202 3.778839 -0.051346
31.565000 -1.463308 3.801072 -0.051275
31.570000 -1.444303 3.823021 -0.051203
31.575000 -1.425188 3.844686 -0.051132
31.580000 -1.405964 3.866064 -0.051061
31.585000 -1.386634 3.887153 -0.050990
31.590000 -1.367198 3.907953 -0.050919
31.595000 -1.347658 3.928461 -0.050848
31.600000 -1.328016 3.948676 -0.050776
31.605000 -1.308273 3.968596 -0.050705
31.610000 -1.288430 3.988220 -0.050634
31.615000 -1.268489 4.007546 -0.050563
31.620000 -1.248451 4.026574 -0.050492
31.625000 -1.228318 4.045300 -0.050420
31.630000 -1.208092 4.063725 -0.050349
31.635000 -1.187773 4.081847 -0.050278
31.640000 -1.167364 4.099663 -0.050207
31.645000 -1.146865 4.117174 -0.050135
31.650000 -1.126280 4.134377 -0.050064
31.655000 -1.105608 4.151271 -0.049993
31.660000 -1.084851 4.167855 -0.049922
31.665000 -1.064012 4.184128 -0.049850
31.670000 -1.043091 4.200088 -0.049779
31.675000 -1.022091 4.215734 -0.049708
31.680000 -1.001012 4.231066 -0.049637
31.685000 -0.979857 4.246081 -0.049565
31.690000 -0.958627 4.260779 -0.049494
31.695000 -0.937323 4.275158 -0.049423
31.700000 -0.915947 4.289218 -0.049352
31.705000 -0.894501 4.302957 -0.049280
31.710000 -0.872986 4.316375 -0.049209
31.715000 -0.851404 4.329469 -0.049138
31.720000 -0.829757 4.342240 -0.049066
31.725000 -0.808046 4.354687 -0.048995
31.730000 -0.786272 4.366808 -0.048924
31.735000 -0.764438 4.378602 -0.048852
31.740000 -0.742545 4.390068 -0.048781
31.745000 -0.720595 4.401206 -0.048710
31.750000 -0.698589 4.412015 -0.048638
31.755000 -0.676529 4.422494 -0.048567
31.760000 -0.654416 4.432642 -0.048496
31.765000 -0.632253 4.442458 -0.048424
31.770000 -0.610041 4.451942 -0.048353
31.775000 -0.587781 4.461093 -0.048281
31.780000 -0.565475 4.469909 -0.048210
31.785000 -0.543126 4.478392 -0.048139
31.790000 -0.520734 4.486538 -0.048067
31.795000 -0.498301 4.494349 -0.047996
31.800000 -0.475830 4.501824 -0.047925
31.805000 -0.453320 4.508961 -0.047853
31.810000 -0.430776 4.515761 -0.047782
31.815000 -0.408197 4.522223 -0.047710
31.820000 -0.385586 4.528346 -0.047639
31.825000 -0.362944 4.534130 -0.047567
31.830000 -0.340273 4.539574 -0.047496
31.835000 -0.317575 4.544678 -0.047425
31.840000 -0.294852 4.549441 -0.047353
31.845000 -0.272105 4.553864 -0.047282
31.850000 -0.249336 4.557946 -0.047210
31.855000 -0.226546 4.561686 -0.047139
31.860000 -0.203737 4.565084 -0.047067
31.865000 -0.180912 4.568140 -0.046996
31.870000 -0.158071 4.570854 -0.046924
31.875000 -0.135217 4.573225 -0.046853
31.880000 -0.112351 4.575253 -0.046781
31.885000 -0.089475 4.576938 -0.046710
31.890000 -0.066590 4.578280 -0.046638
31.895000 -0.043698 4.579279 -0.046567
31.900000 -0.020802 4.579935 -0.046495
31.905000 0.002098 4.580247 -0.046424
31.910000 0.024999 4.580215 -0.046352
31.915000 0.047900 4.579840 -0.046281
31.920000 0.070799 4.579122 -0.046209
31.925000 0.093695 4.578060 -0.046138
31.930000 0.116585 4.576654 -0.046066
31.935000 0.139468 4.574906 -0.045995
31.940000 0.162343 4.572814 -0.045923
31.945000 0.185207 4.570379 -0.045852
31.950000 0.208059 4.567600 -0.045780
31.955000 0.230897 4.564480 -0.045708
31.960000 0.253719 4.561016 -0.045637
31.965000 0.276524 4.557210 -0.045565
31.970000 0.299310 4.553062 -0.045494
31.975000 0.322076 4.548573 -0.045422
31.980000 0.344818 4.543742 -0.045351
31.985000 0.367537 4.538569 -0.045279
31.990000 0.390230 4.533056 -0.045207
31.995000 0.412895 4.527203 -0.045136
32.000000 0.435531 4.521009 -0.045064
32.005000 0.458136 4.514476 -0.044993
32.010000 0.480709 4.507604 -0.044921
32.015000 0.503247 4.500394 -0.044849
32.020000 0.525749 4.492845 -0.044778
32.025000 0.548213 4.484959 -0.044706
32.030000 0.570638 4.476736 -0.044634
32.035000 0.593021 4.468176 -0.044563
32.040000 0.615362 4.459281 -0.044491
32.045000 0.637659 4.450050 -0.044419
32.050000 0.659909 4.440485 -0.044348
32.055000 0.682111 4.430587 -0.044276
32.060000 0.704264 4.420355 -0.044204
32.065000 0.726366 4.409791 -0.044133
32.070000 0.748415 4.398896 -0.044061
32.075000 0.770410 4.387669 -0.043989
32.080000 0.792348 4.376113 -0.043918
32.085000 0.814228 4.364228 -0.043846
32.090000 0.836050 4.352015 -0.043774
32.095000 0.857810 4.339474 -0.043702
32.100000 0.879507 4.326607 -0.043631
32.105000 0.901140 4.313414 -0.043559
32.110000 0.922707 4.299897 -0.043487
32.115000 0.944207 4.286056 -0.043416
32.120000 0.965637 4.271893 -0.043344
32.125000 0.986996 4.257409 -0.043272
32.130000 1.008283 4.242604 -0.043200
32.135000 1.029496 4.227480 -0.043129
32.140000 1.050634 4.212037 -0.043057
32.145000 1.071694 4.196278 -0.042985
32.150000 1.092675 4.180202 -0.042913
32.155000 1.113576 4.163812 -0.042841
32.160000 1.134395 4.147109 -0.042770
32.165000 1.155131 4.130093 -0.042698
32.170000 1.175781 4.112766 -0.042626
32.175000 1.196345 4.095129 -0.042554
32.180000 1.216821 4.077184 -0.042482
32.185000 1.237207 4.058931 -0.042411
32.190000 1.257502 4.040373 -0.042339
32.195000 1.277703 4.021511 -0.042267
32.200000 1.297811 4.002345 -0.042195
32.205000 1.317823 3.982878 -0.042123
32.210000 1.337737 3.963111 -0.042051
32.215000 1.357553 3.943045 -0.041980
32.220000 1.377268 3.922681 -0.041908
32.225000 1.396881 3.902022 -0.041836
32.230000 1.416391 3.881069 -0.041764
32.235000 1.435797 3.859823 -0.041692
32.240000 1.455096 3.838286 -0.041620
32.245000 1.474287 3.816460 -0.041548
32.250000 1.493370 3.794346 -0.041477
32.255000 1.512341 3.771945 -0.041405
32.260000 1.531201 3.749260 -0.041333
32.265000 1.549947 3.726292 -0.041261
32.270000 1.568579 3.703043 -0.041189
32.275000 1.587094 3.679514 -0.041117
32.280000 1.605492 3.655708 -0.041045
32.285000 1.623770 3.631625 -0.040973
32.290000 1.641928 3.607269 -0.040901
32.295000 1.659965 3.582640 -0.040829
32.300000 1.677878 3.557740 -0.040757
32.305000 1.695666 3.532572 -0.040685
32.310000 1.713329 3.507137 -0.040614
32.315000 1.730865 3.481437 -0.040542
32.320000 1.748272 3.455474 -0.040470
32.325000 1.765550 3.429250 -0.040398
32.330000 1.782696 3.402767 -0.040326
32.335000 1.799710 3.376026 -0.040254
32.340000 1.816590 3.349031 -0.040182
32.345000 1.833335 3.321782 -0.040110
32.350000 1.849944 3.294282 -0.040038
32.355000 1.866415 3.266533 -0.039966
32.360000 1.882748 3.238537 -0.039894
32.365000 1.898941 3.210295 -0.039822
32.370000 1.914992 3.181811 -0.039750
32.375000 1.930901 3.153086 -0.039678
32.380000 1.946667 3.124123 -0.039606
32.385000 1.962287 3.094923 -0.039534
32.390000 1.977762 3.065488 -0.039462
32.395000 1.993089 3.035822 -0.039390
32.400000 2.008268 3.005926 -0.039318
32.405000 2.023298 2.975802 -0.039245
32.410000 2.038177 2.945452 -0.039173
32.415000 2.052904 2.914880 -0.039101
32.420000 2.067479 2.884086 -0.039029
32.425000 2.081899 2.853074 -0.038957
32.430000 2.096164 2.821845 -0.038885
32.435000 2.110274 2.790403 -0.038813
32.440000 2.124226 2.758749 -0.038741
32.445000 2.138019 2.726885 -0.038669
32.450000 2.151654 2.694815 -0.038597
32.455000 2.165128 2.662540 -0.038525
32.460000 2.178441 2.630063 -0.038453
32.465000 2.191591 2.597387 -0.038380
32.470000 2.204578 2.564513 -0.038308
32.475000 2.217400 2.531444 -0.038236
32.480000 2.230058 2.498183 -0.038164
32.485000 2.242549 2.464732 -0.038092
32.490000 2.254872 2.431094 -0.038020
32.495000 2.267028 2.397271 -0.037948
32.500000 2.279014 2.363266 -0.037875
32.505000 2.290830 2.329080 -0.037803
32.510000 2.302476 2.294718 -0.037731
32.515000 2.313949 2.260181 -0.037659
32.520000 2.325250 2.225472 -0.037587
32.525000 2.336378 2.190593 -0.037515
32.530000 2.347331 2.155547 -0.037442
32.535000 2.358108 2.120337 -0.037370
32.540000 2.368710 2.084966 -0.037298
32.545000 2.379135 2.049435 -0.037226
32.550000 2.389382 2.013748 -0.037154
32.555000 2.399451 1.977907 -0.037081
32.560000 2.409340 1.941915 -0.037009
32.565000 2.419050 1.905775 -0.036937
32.570000 2.428579 1.869490 -0.036865
32.575000 2.437926 1.833061 -0.036793
32.580000 2.447092 1.796492 -0.036720
32.585000 2.456074 1.759786 -0.036648
32.590000 2.464873 1.722944 -0.036576
32.595000 2.473488 1.685971 -0.036504
32.600000 2.481917 1.648869 -0.036431
32.605000 2.490162 1.611640 -0.036359
32.610000 2.498220 1.574288 -0.036287
32.615000 2.506091 1.536815 -0.036214
32.620000 2.513776 1.499223 -0.036142
32.625000 2.521272 1.461517 -0.036070
32.630000 2.528579 1.423698 -0.035998
32.635000 2.535698 1.385769 -0.035925
32.640000 2.542627 1.347733 -0.035853
32.645000 2.549365 1.309594 -0.035781
32.650000 2.555913 1.271353 -0.035708
32.655000 2.562270 1.233015 -0.035636
32.660000 2.568435 1.194581 -0.035564
32.665000 2.574408 1.156054 -0.035491
32.670000 2.580188 1.117438 -0.035419
32.675000 2.585775 1.078735 -0.035347
32.680000 2.591169 1.039949 -0.035274
32.685000 2.596369 1.001081 -0.035202
32.690000 2.601374 0.962136 -0.035130
32.695000 2.606185 0.923115 -0.035057
32.700000 2.610801 0.884022 -0.034985
32.705000 2.615221 0.844860 -0.034912
32.710000 2.619445 0.805632 -0.034840
32.715000 2.623473 0.766340 -0.034768
32.720000 2.627305 0.726988 -0.034695
32.725000 2.630940 0.687579 -0.034623
32.730000 2.634378 0.648114 -0.034551
32.735000 2.637618 0.608599 -0.034478
32.740000 2.640661 0.569034 -0.034406
32.745000 2.643506 0.529425 -0.034333
32.750000 2.646153 0.489772 -0.034261
32.755000 2.648602 0.450080 -0.034188
32.760000 2.650853 0.410351 -0.034116
32.765000 2.652904 0.370588 -0.034044
32.770000 2.654757 0.330794 -0.033971
32.775000 2.656411 0.290973 -0.033899
32.780000 2.657866 0.251127 -0.033826
32.785000 2.659122 0.211259 -0.033754
32.790000 2.660178 0.171372 -0.033681
32.795000 2.661035 0.131469 -0.033609
32.800000 2.661692 0.091554 -0.033536
32.805000 2.662150 0.051628 -0.033464
32.810000 2.662408 0.011696 -0.033391
32.815000 2.662467 -0.028240 -0.033319
32.820000 2.662326 -0.068177 -0.033246
32.825000 2.661985 -0.108112 -0.033174
32.830000 2.661444 -0.148042 -0.033101
32.835000 2.660704 -0.187963 -0.033029
32.840000 2.659764 -0.227874 -0.032956
32.845000 2.658625 -0.267770 -0.032884
32.850000 2.657286 -0.307650 -0.032811
32.855000 2.655748 -0.347509 -0.032739
32.860000 2.654010 -0.387345 -0.032666
32.865000 2.652073 -0.427155 -0.032594
32.870000 2.649938 -0.466937 -0.032521
32.875000 2.647603 -0.506686 -0.032448
32.880000 2.645069 -0.546400 -0.032376
32.885000 2.642337 -0.586076 -0.032303
32.890000 2.639407 -0.625711 -0.032231
32.895000 2.636279 -0.665302 -0.032158
32.900000 2.632952 -0.704846 -0.032086
32.905000 2.629428 -0.744340 -0.032013
32.910000 2.625706 -0.783782 -0.031940
32.915000 2.621787 -0.823167 -0.031868
32.920000 2.617671 -0.862494 -0.031795
32.925000 2.613359 -0.901759 -0.031723
32.930000 2.608850 -0.940960 -0.031650
32.935000 2.604145 -0.980092 -0.031577
32.940000 2.599245 -1.019154 -0.031505
32.945000 2.594149 -1.058143 -0.031432
32.950000 2.588858 -1.097055 -0.031359
32.955000 2.583373 -1.135888 -0.031287
32.960000 2.577694 -1.174639 -0.031214
32.965000 2.571820 -1.213304 -0.031141
32.970000 2.565754 -1.251882 -0.031069
32.975000 2.559495 -1.290368 -0.030996
32.980000 2.553043 -1.328760 -0.030923
32.985000 2.546399 -1.367056 -0.030851
32.990000 2.539564 -1.405252 -0.030778
32.995000 2.532537 -1.443345 -0.030705
33.000000 2.525321 -1.481333 -0.030633
33.005000 2.517914 -1.519213 -0.030560
33.010000 2.510318 -1.556982 -0.030487
33.015000 2.502533 -1.594637 -0.030415
33.020000 2.494560 -1.632175 -0.030342
33.025000 2.486399 -1.669593 -0.030269
33.030000 2.478051 -1.706889 -0.030196
33.035000 2.469516 -1.744060 -0.030124
33.040000 2.460796 -1.781103 -0.030051
33.045000 2.451891 -1.818015 -0.029978
33.050000 2.442801 -1.854793 -0.029905
33.055000 2.433527 -1.891435 -0.029833
33.060000 2.424069 -1.927938 -0.029760
33.065000 2.414430 -1.964299 -0.029687
33.070000 2.404608 -2.000515 -0.029614
33.075000 2.394606 -2.036584 -0.029542
33.080000 2.384423 -2.072504 -0.029469
33.085000 2.374060 -2.108270 -0.029396
33.090000 2.363519 -2.143881 -0.029323
33.095000 2.352800 -2.179334 -0.029250
33.100000 2.341903 -2.214626 -0.029178
33.105000 2.330830 -2.249754 -0.029105
33.110000 2.319581 -2.284717 -0.029032
33.115000 2.308157 -2.319510 -0.028959
33.120000 2.296560 -2.354133 -0.028886
33.125000 2.284789 -2.388581 -0.028813
33.130000 2.272846 -2.422853 -0.028741
33.135000 2.260732 -2.456946 -0.028668
33.140000 2.248447 -2.490857 -0.028595
33.145000 2.235993 -2.524583 -0.028522
33.150000 2.223370 -2.558123 -0.028449
33.155000 2.210579 -2.591474 -0.028376
33.160000 2.197622 -2.624632 -0.028303
33.165000 2.184499 -2.657597 -0.028231
33.170000 2.171211 -2.690364 -0.028158
33.175000 2.157759 -2.722932 -0.028085
33.180000 2.144144 -2.755299 -0.028012
33.185000 2.130368 -2.787461 -0.027939
33.190000 2.116431 -2.819416 -0.027866
33.195000 2.102334 -2.851163 -0.027793
33.200000 2.088078 -2.882698 -0.027720
33.205000 2.073664 -2.914019 -0.027647
33.210000 2.059094 -2.945124 -0.027574
33.215000 2.044369 -2.976010 -0.027502
33.220000 2.029488 -3.006676 -0.027429
33.225000 2.014455 -3.037118 -0.027356
33.230000 1.999270 -3.067335 -0.027283
33.235000 1.983933 -3.097324 -0.027210
33.240000 1.968446 -3.127083 -0.027137
33.245000 1.952811 -3.156610 -0.027064
33.250000 1.937028 -3.185902 -0.026991
33.255000 1.921098 -3.214957 -0.026918
33.260000 1.905023 -3.243774 -0.026845
33.265000 1.888805 -3.272349 -0.026772
33.270000 1.872443 -3.300681 -0.026699
33.275000 1.855939 -3.328768 -0.026626
33.280000 1.839296 -3.356607 -0.026553
33.285000 1.822513 -3.384196 -0.026480
33.290000 1.805592 -3.411534 -0.026407
33.295000 1.788534 -3.438618 -0.026334
33.300000 1.771341 -3.465446 -0.026261
33.305000 1.754014 -3.492016 -0.026188
33.310000 1.736554 -3.518326 -0.026115
33.315000 1.718962 -3.544375 -0.026042
33.320000 1.701240 -3.570159 -0.025969
33.325000 1.683389 -3.595678 -0.025896
33.330000 1.665411 -3.620929 -0.025823
33.335000 1.647306 -3.645910 -0.025750
33.340000 1.629077 -3.670619 -0.025676
33.345000 1.610724 -3.695055 -0.025603
33.350000 1.592248 -3.719216 -0.025530
33.355000 1.573652 -3.743100 -0.025457
33.360000 1.554937 -3.766705 -0.025384
33.365000 1.536103 -3.790029 -0.025311
33.370000 1.517153 -3.813070 -0.025238
33.375000 1.498088 -3.835828 -0.025165
33.380000 1.478909 -3.858299 -0.025092
33.385000 1.459617 -3.880483 -0.025019
33.390000 1.440215 -3.902377 -0.024945
33.395000 1.420703 -3.923980 -0.024872
33.400000 1.401083 -3.945291 -0.024799
33.405000 1.381356 -3.966307 -0.024726
33.410000 1.361525 -3.987027 -0.024653
33.415000 1.341590 -4.007450 -0.024580
33.420000 1.321552 -4.027574 -0.024507
33.425000 1.301415 -4.047397 -0.024433
33.430000 1.281178 -4.066918 -0.024360
33.435000 1.260843 -4.086136 -0.024287
33.440000 1.240412 -4.105049 -0.024214
33.445000 1.219887 -4.123655 -0.024141
33.450000 1.199269 -4.141953 -0.024068
33.455000 1.178559 -4.159942 -0.023994
33.460000 1.157759 -4.177621 -0.023921
33.465000 1.136871 -4.194987 -0.023848
33.470000 1.115896 -4.212040 -0.023775
33.475000 1.094836 -4.228779 -0.023702
33.480000 1.073692 -4.245201 -0.023628
33.485000 1.052466 -4.261307 -0.023555
33.490000 1.031160 -4.277093 -0.023482
33.495000 1.009774 -4.292561 -0.023409
33.500000 0.988311 -4.307708 -0.023335
33.505000 0.966773 -4.322532 -0.023262
33.510000 0.945160 -4.337034 -0.023189
33.515000 0.923475 -4.351211 -0.023116
33.520000 0.901719 -4.365063 -0.023042
33.525000 0.879894 -4.378589 -0.022969
33.530000 0.858001 -4.391787 -0.022896
33.535000 0.836042 -4.404657 -0.022822
33.540000 0.814018 -4.417198 -0.022749
33.545000 0.791932 -4.429408 -0.022676
33.550000 0.769785 -4.441287 -0.022603
33.555000 0.747579 -4.452834 -0.022529
33.560000 0.725315 -4.464048 -0.022456
33.565000 0.702995 -4.474928 -0.022383
33.570000 0.680620 -4.485472 -0.022309
33.575000 0.658193 -4.495682 -0.022236
33.580000 0.635714 -4.505555 -0.022163
33.585000 0.613186 -4.515090 -0.022089
33.590000 0.590611 -4.524288 -0.022016
33.595000 0.567990 -4.533147 -0.021943
33.600000 0.545324 -4.541667 -0.021869
33.605000 0.522615 -4.549847 -0.021796
33.610000 0.499866 -4.557686 -0.021723
33.615000 0.477078 -4.565184 -0.021649
33.620000 0.454252 -4.572340 -0.021576
33.625000 0.431390 -4.579154 -0.021502
33.630000 0.408494 -4.585625 -0.021429
33.635000 0.385566 -4.591752 -0.021356
33.640000 0.362607 -4.597536 -0.021282
33.645000 0.339620 -4.602975 -0.021209
33.650000 0.316605 -4.608069 -0.021135
33.655000 0.293565 -4.612818 -0.021062
33.660000 0.270501 -4.617222 -0.020989
33.665000 0.247414 -4.621279 -0.020915
33.670000 0.224308 -4.624991 -0.020842
33.675000 0.201183 -4.628355 -0.020768
33.680000 0.178041 -4.631373 -0.020695
33.685000 0.154884 -4.634044 -0.020621
33.690000 0.131714 -4.636367 -0.020548
33.695000 0.108532 -4.638343 -0.020475
33.700000 0.085341 -4.639971 -0.020401
33.705000 0.062141 -4.641251 -0.020328
33.710000 0.038935 -4.642183 -0.020254
33.715000 0.015724 -4.642767 -0.020181
33.720000 -0.007490 -4.643003 -0.020107
33.725000 -0.030705 -4.642890 -0.020034
33.730000 -0.053920 -4.642430 -0.019960
33.735000 -0.077132 -4.641621 -0.019887
33.740000 -0.100340 -4.640464 -0.019813
33.745000 -0.123542 -4.638959 -0.019740
33.750000 -0.146737 -4.637106 -0.019666
33.755000 -0.169923 -4.634905 -0.019593
33.760000 -0.193097 -4.632356 -0.019519
33.765000 -0.216259 -4.629459 -0.019446
33.770000 -0.239406 -4.626216 -0.019372
33.775000 -0.262537 -4.622624 -0.019298
33.780000 -0.285650 -4.618686 -0.019225
33.785000 -0.308744 -4.614402 -0.019151
33.790000 -0.331816 -4.609770 -0.019078
33.795000 -0.354865 -4.604793 -0.019004
33.800000 -0.377889 -4.599470 -0.018931
33.805000 -0.400886 -4.593802 -0.018857
33.810000 -0.423855 -4.587789 -0.018783
33.815000 -0.446794 -4.581431 -0.018710
33.820000 -0.469701 -4.574729 -0.018636
33.825000 -0.492575 -4.567683 -0.018563
33.830000 -0.515413 -4.560295 -0.018489
33.835000 -0.538215 -4.552564 -0.018415
33.840000 -0.560977 -4.544490 -0.018342
33.845000 -0.583700 -4.536076 -0.018268
33.850000 -0.606380 -4.527320 -0.018195
33.855000 -0.629017 -4.518224 -0.018121
33.860000 -0.651608 -4.508789 -0.018047
33.865000 -0.674152 -4.499015 -0.017974
33.870000 -0.696647 -4.488903 -0.017900
33.875000 -0.719092 -4.478453 -0.017826
33.880000 -0.741484 -4.467667 -0.017753
33.885000 -0.763822 -4.456544 -0.017679
33.890000 -0.786105 -4.445087 -0.017605
33.895000 -0.808330 -4.433296 -0.017532
33.900000 -0.830497 -4.421171 -0.017458
33.905000 -0.852603 -4.408713 -0.017384
33.910000 -0.874646 -4.395924 -0.017311
33.915000 -0.896626 -4.382804 -0.017237
33.920000 -0.918540 -4.369355 -0.017163
33.925000 -0.940387 -4.355577 -0.017089
33.930000 -0.962165 -4.341471 -0.017016
33.935000 -0.983872 -4.327039 -0.016942
33.940000 -1.005507 -4.312281 -0.016868
33.945000 -1.027068 -4.297198 -0.016795
33.950000 -1.048554 -4.281792 -0.016721
33.955000 -1.069963 -4.266064 -0.016647
33.960000 -1.091294 -4.250014 -0.016573
33.965000 -1.112544 -4.233645 -0.016500
33.970000 -1.133712 -4.216957 -0.016426
33.975000 -1.154797 -4.199951 -0.016352
33.980000 -1.175797 -4.182629 -0.016278
33.985000 -1.196710 -4.164992 -0.016204
33.990000 -1.217535 -4.147041 -0.016131
33.995000 -1.238270 -4.128778 -0.016057
34.000000 -1.258914 -4.110204 -0.015983
34.005000 -1.279465 -4.091321 -0.015909
34.010000 -1.299921 -4.072129 -0.015836
34.015000 -1.320282 -4.052630 -0.015762
34.020000 -1.340545 -4.032826 -0.015688
34.025000 -1.360709 -4.012717 -0.015614
34.030000 -1.380773 -3.992307 -0.015540
34.035000 -1.400734 -3.971595 -0.015466
34.040000 -1.420592 -3.950584 -0.015393
34.045000 -1.440345 -3.929275 -0.015319
34.050000 -1.459992 -3.907670 -0.015245
34.055000 -1.479530 -3.885770 -0.015171
34.060000 -1.498959 -3.863577 -0.015097
34.065000 -1.518277 -3.841093 -0.015023
34.070000 -1.537482 -3.818319 -0.014949
34.075000 -1.556574 -3.795257 -0.014876
34.080000 -1.575550 -3.771908 -0.014802
34.085000 -1.594410 -3.748275 -0.014728
34.090000 -1.613151 -3.724359 -0.014654
34.095000 -1.631773 -3.700161 -0.014580
34.100000 -1.650274 -3.675685 -0.014506
34.105000 -1.668652 -3.650931 -0.014432
34.110000 -1.686907 -3.625901 -0.014358
34.115000 -1.705036 -3.600597 -0.014284
34.120000 -1.723039 -3.575022 -0.014210
34.125000 -1.740914 -3.549176 -0.014136
34.130000 -1.758660 -3.523062 -0.014062
34.135000 -1.776276 -3.496682 -0.013989
34.140000 -1.793759 -3.470038 -0.013915
34.145000 -1.811109 -3.443132 -0.013841
34.150000 -1.828325 -3.415965 -0.013767
34.155000 -1.845405 -3.388540 -0.013693
34.160000 -1.862347 -3.360859 -0.013619
34.165000 -1.879152 -3.332924 -0.013545
34.170000 -1.895816 -3.304737 -0.013471
34.175000 -1.912340 -3.276300 -0.013397
34.180000 -1.928721 -3.247615 -0.013323
34.185000 -1.944959 -3.218684 -0.013249
34.190000 -1.961053 -3.189509 -0.013175
34.195000 -1.977000 -3.160094 -0.013101
34.200000 -1.992801 -3.130439 -0.013027
34.205000 -2.008453 -3.100547 -0.012953
34.210000 -2.023956 -3.070420 -0.012879
34.215000 -2.039308 -3.040060 -0.012805
34.220000 -2.054508 -3.009471 -0.012731
34.225000 -2.069556 -2.978653 -0.012657
34.230000 -2.084449 -2.947610 -0.012583
34.235000 -2.099187 -2.916343 -0.012508
34.240000 -2.113769 -2.884855 -0.012434
34.245000 -2.128193 -2.853149 -0.012360
34.250000 -2.142459 -2.821226 -0.012286
34.255000 -2.156565 -2.789089 -0.012212
34.260000 -2.170510 -2.756740 -0.012138
34.265000 -2.184294 -2.724183 -0.012064
34.270000 -2.197915 -2.691418 -0.011990
34.275000 -2.211372 -2.658450 -0.011916
34.280000 -2.224664 -2.625279 -0.011842
34.285000 -2.237791 -2.591909 -0.011768
34.290000 -2.250750 -2.558342 -0.011693
34.295000 -2.263542 -2.524581 -0.011619
34.300000 -2.276165 -2.490628 -0.011545
34.305000 -2.288618 -2.456485 -0.011471
34.310000 -2.300900 -2.422156 -0.011397
34.315000 -2.313011 -2.387643 -0.011323
34.320000 -2.324949 -2.352948 -0.011249
34.325000 -2.336714 -2.318073 -0.011174
34.330000 -2.348304 -2.283023 -0.011100
34.335000 -2.359720 -2.247798 -0.011026
34.340000 -2.370958 -2.212402 -0.010952
34.345000 -2.382021 -2.176838 -0.010878
34.350000 -2.392905 -2.141108 -0.010804
34.355000 -2.403610 -2.105214 -0.010729
34.360000 -2.414136 -2.069160 -0.010655
34.365000 -2.424482 -2.032948 -0.010581
34.370000 -2.434647 -1.996581 -0.010507
34.375000 -2.444630 -1.960061 -0.010433
34.380000 -2.454430 -1.923391 -0.010358
34.385000 -2.464047 -1.886575 -0.010284
34.390000 -2.473480 -1.849614 -0.010210
34.395000 -2.482728 -1.812512 -0.010136
34.400000 -2.491791 -1.775271 -0.010061
34.405000 -2.500667 -1.737894 -0.009987
34.410000 -2.509356 -1.700384 -0.009913
34.415000 -2.517858 -1.662744 -0.009839
34.420000 -2.526172 -1.624976 -0.009764
34.425000 -2.534297 -1.587083 -0.009690
34.430000 -2.542232 -1.549069 -0.009616
34.435000 -2.549978 -1.510936 -0.009542
34.440000 -2.557532 -1.472686 -0.009467
34.445000 -2.564896 -1.434323 -0.009393
34.450000 -2.572067 -1.395849 -0.009319
34.455000 -2.579047 -1.357268 -0.009244
34.460000 -2.585833 -1.318583 -0.009170
34.465000 -2.592426 -1.279795 -0.009096
34.470000 -2.598825 -1.240909 -0.009022
34.475000 -2.605029 -1.201926 -0.008947
34.480000 -2.611039 -1.162851 -0.008873
34.485000 -2.616853 -1.123685 -0.008799
34.490000 -2.622472 -1.084433 -0.008724
34.495000 -2.627894 -1.045096 -0.008650
34.500000 -2.633119 -1.005677 -0.008576
34.505000 -2.638148 -0.966180 -0.008501
34.510000 -2.642979 -0.926608 -0.008427
34.515000 -2.647612 -0.886963 -0.008352
34.520000 -2.652046 -0.847249 -0.008278
34.525000 -2.656283 -0.807469 -0.008204
34.530000 -2.660320 -0.767624 -0.008129
34.535000 -2.664158 -0.727720 -0.008055
34.540000 -2.667797 -0.687757 -0.007981
34.545000 -2.671236 -0.647740 -0.007906
34.550000 -2.674474 -0.607672 -0.007832
34.555000 -2.677513 -0.567555 -0.007757
34.560000 -2.680350 -0.527392 -0.007683
34.565000 -2.682987 -0.487187 -0.007608
34.570000 -2.685423 -0.446942 -0.007534
34.575000 -2.687658 -0.406660 -0.007460
34.580000 -2.689691 -0.366346 -0.007385
34.585000 -2.691523 -0.326000 -0.007311
34.590000 -2.693153 -0.285627 -0.007236
34.595000 -2.694581 -0.245230 -0.007162
34.600000 -2.695807 -0.204811 -0.007087
34.605000 -2.696831 -0.164374 -0.007013
34.610000 -2.697653 -0.123922 -0.006938
34.615000 -2.698273 -0.083457 -0.006864
34.620000 -2.698690 -0.042983 -0.006789
34.625000 -2.698905 -0.002503 -0.006715
34.630000 -2.698918 0.037981 -0.006640
34.635000 -2.698728 0.078465 -0.006566
34.640000 -2.698335 0.118946 -0.006491
34.645000 -2.697741 0.159421 -0.006417
34.650000 -2.696944 0.199887 -0.006342
34.655000 -2.695944 0.240341 -0.006268
34.660000 -2.694742 0.280780 -0.006193
34.665000 -2.693338 0.321201 -0.006119
34.670000 -2.691732 0.361601 -0.006044
34.675000 -2.689924 0.401977 -0.005970
34.680000 -2.687915 0.442326 -0.005895
34.685000 -2.685703 0.482645 -0.005821
34.690000 -2.683290 0.522930 -0.005746
34.695000 -2.680675 0.563180 -0.005671
34.700000 -2.677859 0.603390 -0.005597
34.705000 -2.674842 0.643558 -0.005522
34.710000 -2.671624 0.683680 -0.005448
34.715000 -2.668206 0.723755 -0.005373
34.720000 -2.664587 0.763778 -0.005299
34.725000 -2.660768 0.803747 -0.005224
34.730000 -2.656750 0.843658 -0.005149
34.735000 -2.652531 0.883510 -0.005075
34.740000 -2.648114 0.923297 -0.005000
34.745000 -2.643497 0.963019 -0.004925
34.750000 -2.638682 1.002672 -0.004851
34.755000 -2.633669 1.042252 -0.004776
34.760000 -2.628458 1.081757 -0.004702
34.765000 -2.623049 1.121184 -0.004627
34.770000 -2.617443 1.160530 -0.004552
34.775000 -2.611640 1.199791 -0.004478
34.780000 -2.605641 1.238966 -0.004403
34.785000 -2.599446 1.278050 -0.004328
34.790000 -2.593056 1.317042 -0.004254
34.795000 -2.586471 1.355938 -0.004179
34.800000 -2.579691 1.394735 -0.004104
34.805000 -2.572718 1.433430 -0.004030
34.810000 -2.565550 1.472021 -0.003955
34.815000 -2.558190 1.510504 -0.003880
34.820000 -2.550638 1.548877 -0.003805
34.825000 -2.542893 1.587137 -0.003731
34.830000 -2.534958 1.625280 -0.003656
34.835000 -2.526831 1.663305 -0.003581
34.840000 -2.518515 1.701207 -0.003507
34.845000 -2.510009 1.738985 -0.003432
34.850000 -2.501314 1.776635 -0.003357
34.855000 -2.492431 1.814155 -0.003282
34.860000 -2.483360 1.851541 -0.003208
34.865000 -2.474102 1.888791 -0.003133
34.870000 -2.464658 1.925903 -0.003058
34.875000 -2.455029 1.962873 -0.002983
34.880000 -2.445214 1.999698 -0.002908
34.885000 -2.435216 2.036377 -0.002834
34.890000 -2.425034 2.072905 -0.002759
34.895000 -2.414669 2.109280 -0.002684
34.900000 -2.404123 2.145500 -0.002609
34.905000 -2.393396 2.181562 -0.002535
34.910000 -2.382488 2.217463 -0.002460
34.915000 -2.371400 2.253200 -0.002385
34.920000 -2.360134 2.288771 -0.002310
34.925000 -2.348691 2.324173 -0.002235
34.930000 -2.337070 2.359404 -0.002160
34.935000 -2.325273 2.394460 -0.002086
34.940000 -2.313300 2.429339 -0.002011
34.945000 -2.301154 2.464038 -0.001936
34.950000 -2.288834 2.498556 -0.001861
34.955000 -2.276341 2.532888 -0.001786
34.960000 -2.263676 2.567033 -0.001711
34.965000 -2.250841 2.600988 -0.001636
34.970000 -2.237836 2.634751 -0.001562
34.975000 -2.224662 2.668319 -0.001487
34.980000 -2.211321 2.701689 -0.001412
34.985000 -2.197812 2.734858 -0.001337
34.990000 -2.184138 2.767826 -0.001262
34.995000 -2.170299 2.800588 -0.001187
35.000000 -2.156296 2.833142 -0.001112
35.005000 -2.142130 2.865487 -0.001037
35.010000 -2.127803 2.897619 -0.000962
35.015000 -2.113315 2.929536 -0.000887
35.020000 -2.098667 2.961235 -0.000812
35.025000 -2.083861 2.992715 -0.000738
35.030000 -2.068897 3.023973 -0.000663
35.035000 -2.053778 3.055007 -0.000588
35.040000 -2.038502 3.085813 -0.000513
35.045000 -2.023073 3.116391 -0.000438
35.050000 -2.007491 3.146737 -0.000363
35.055000 -1.991758 3.176849 -0.000288
35.060000 -1.975874 3.206726 -0.000213
35.065000 -1.959840 3.236364 -0.000138
35.070000 -1.943658 3.265761 -0.000063
35.075000 -1.927329 3.294916 0.000012
35.080000 -1.910855 3.323826 0.000087
35.085000 -1.894236 3.352489 0.000162
35.090000 -1.877473 3.380903 0.000237
35.095000 -1.860569 3.409065 0.000312
35.100000 -1.843523 3.436973 0.000387
35.105000 -1.826338 3.464626 0.000462
35.110000 -1.809015 3.492021 0.000537
35.115000 -1.791555 3.519156 0.000612
35.120000 -1.773959 3.546030 0.000687
35.125000 -1.756229 3.572639 0.000762
35.130000 -1.738366 3.598983 0.000837
35.135000 -1.720371 3.625058 0.000913
35.140000 -1.702246 3.650864 0.000988
35.145000 -1.683992 3.676397 0.001063
35.150000 -1.665610 3.701657 0.001138
35.155000 -1.647101 3.726641 0.001213
35.160000 -1.628468 3.751348 0.001288
35.165000 -1.609711 3.775775 0.001363
35.170000 -1.590832 3.799920 0.001438
35.175000 -1.571833 3.823783 0.001513
35.180000 -1.552714 3.847360 0.001588
35.185000 -1.533477 3.870651 0.001663
35.190000 -1.514124 3.893653 0.001739
35.195000 -1.494656 3.916365 0.001814
35.200000 -1.475074 3.938785 0.001889
35.205000 -1.455380 3.960911 0.001964
35.210000 -1.435575 3.982742 0.002039
35.215000 -1.415662 4.004275 0.002114
35.220000 -1.395640 4.025510 0.002189
35.225000 -1.375513 4.046445 0.002265
35.230000 -1.355280 4.067078 0.002340
35.235000 -1.334945 4.087407 0.002415
35.240000 -1.314508 4.107431 0.002490
35.245000 -1.293971 4.127149 0.002565
35.250000 -1.273335 4.146558 0.002641
35.255000 -1.252602 4.165658 0.002716
35.260000 -1.231774 4.184447 0.002791
35.265000 -1.210852 4.202924 0.002866
35.270000 -1.189837 4.221087 0.002941
35.275000 -1.168732 4.238934 0.003017
35.280000 -1.147537 4.256465 0.003092
35.285000 -1.126255 4.273678 0.003167
35.290000 -1.104886 4.290572 0.003242
35.295000 -1.083433 4.307145 0.003318
35.300000 -1.061898 4.323397 0.003393
35.305000 -1.040281 4.339325 0.003468
35.310000 -1.018584 4.354930 0.003543
35.315000 -0.996810 4.370208 0.003619
35.320000 -0.974958 4.385160 0.003694
35.325000 -0.953033 4.399785 0.003769
35.330000 -0.931034 4.414080 0.003844
35.335000 -0.908963 4.428046 0.003920
35.340000 -0.886823 4.441680 0.003995
35.345000 -0.864615 4.454983 0.004070
35.350000 -0.842340 4.467952 0.004146
35.355000 -0.820000 4.480587 0.004221
35.360000 -0.797597 4.492887 0.004296
35.365000 -0.775133 4.504851 0.004372
35.370000 -0.752608 4.516478 0.004447
35.375000 -0.730026 4.527767 0.004522
35.380000 -0.707387 4.538717 0.004598
35.385000 -0.684694 4.549328 0.004673
35.390000 -0.661947 4.559599 0.004748
35.395000 -0.639149 4.569528 0.004824
35.400000 -0.616301 4.579115 0.004899
35.405000 -0.593406 4.588360 0.004974
35.410000 -0.570464 4.597261 0.005050
35.415000 -0.547478 4.605818 0.005125
35.420000 -0.524449 4.614030 0.005200
35.425000 -0.501378 4.621897 0.005276
35.430000 -0.478269 4.629417 0.005351
35.435000 -0.455122 4.636591 0.005427
35.440000 -0.431939 4.643418 0.005502
35.445000 -0.408722 4.649897 0.005577
35.450000 -0.385472 4.656028 0.005653
35.455000 -0.362192 4.661810 0.005728
35.460000 -0.338883 4.667243 0.005804
35.465000 -0.315547 4.672326 0.005879
35.470000 -0.292185 4.677059 0.005955
35.475000 -0.268800 4.681442 0.006030
35.480000 -0.245393 4.685474 0.006106
35.485000 -0.221965 4.689155 0.006181
35.490000 -0.198520 4.692485 0.006256
35.495000 -0.175057 4.695462 0.006332
35.500000 -0.151580 4.698088 0.006407
35.505000 -0.128089 4.700362 0.006483
35.510000 -0.104588 4.702283 0.006558
35.515000 -0.081076 4.703852 0.006634
35.520000 -0.057557 4.705068 0.006709
35.525000 -0.034032 4.705932 0.006785
35.530000 -0.010502 4.706442 0.006860
35.535000 0.013030 4.706600 0.006936
35.540000 0.036563 4.706404 0.007011
35.545000 0.060095 4.705856 0.007087
35.550000 0.083625 4.704954 0.007162
35.555000 0.107149 4.703700 0.007238
35.560000 0.130668 4.702093 0.007314
35.565000 0.154178 4.700133 0.007389
35.570000 0.177679 4.697820 0.007465
35.575000 0.201168 4.695155 0.007540
35.580000 0.224644 4.692137 0.007616
35.585000 0.248105 4.688768 0.007691
35.590000 0.271548 4.685046 0.007767
35.595000 0.294974 4.680973 0.007842
35.600000 0.318378 4.676548 0.007918
35.605000 0.341761 4.671773 0.007994
35.610000 0.365120 4.666646 0.008069
35.615000 0.388453 4.661169 0.008145
35.620000 0.411759 4.655342 0.008220
35.625000 0.435036 4.649166 0.008296
35.630000 0.458282 4.642641 0.008372
35.635000 0.481495 4.635766 0.008447
35.640000 0.504674 4.628544 0.008523
35.645000 0.527816 4.620974 0.008599
35.650000 0.550921 4.613057 0.008674
35.655000 0.573987 4.604793 0.008750
35.660000 0.597011 4.596183 0.008826
35.665000 0.619991 4.587228 0.008901
35.670000 0.642928 4.577928 0.008977
35.675000 0.665817 4.568284 0.009053
35.680000 0.688659 4.558297 0.009128
35.685000 0.711450 4.547967 0.009204
35.690000 0.734190 4.537295 0.009280
35.695000 0.756876 4.526282 0.009355
35.700000 0.779508 4.514929 0.009431
35.705000 0.802082 4.503236 0.009507
35.710000 0.824599 4.491205 0.009582
35.715000 0.847055 4.478836 0.009658
35.720000 0.869449 4.466130 0.009734
35.725000 0.891780 4.453089 0.009810
35.730000 0.914045 4.439712 0.009885
35.735000 0.936244 4.426001 0.009961
35.740000 0.958374 4.411958 0.010037
35.745000 0.980433 4.397582 0.010113
35.750000 1.002421 4.382876 0.010188
35.755000 1.024336 4.367839 0.010264
35.760000 1.046175 4.352474 0.010340
35.765000 1.067937 4.336782 0.010416
35.770000 1.089621 4.320763 0.010491
35.775000 1.111225 4.304418 0.010567
35.780000 1.132747 4.287750 0.010643
35.785000 1.154186 4.270759 0.010719
35.790000 1.175540 4.253446 0.010795
35.795000 1.196807 4.235813 0.010870
35.800000 1.217986 4.217861 0.010946
35.805000 1.239075 4.199591 0.011022
35.810000 1.260073 4.181005 0.011098
35.815000 1.280978 4.162104 0.011174
35.820000 1.301789 4.142889 0.011250
35.825000 1.322503 4.123362 0.011325
35.830000 1.343120 4.103525 0.011401
35.835000 1.363638 4.083378 0.011477
35.840000 1.384054 4.062923 0.011553
35.845000 1.404369 4.042162 0.011629
35.850000 1.424580 4.021097 0.011705
35.855000 1.444685 3.999728 0.011781
35.860000 1.464684 3.978058 0.011856
35.865000 1.484574 3.956088 0.011932
35.870000 1.504355 3.933819 0.012008
35.875000 1.524024 3.911254 0.012084
35.880000 1.543580 3.888393 0.012160
35.885000 1.563022 3.865240 0.012236
35.890000 1.582348 3.841794 0.012312
35.895000 1.601557 3.818059 0.012388
35.900000 1.620647 3.794036 0.012464
35.905000 1.639618 3.769726 0.012540
35.910000 1.658466 3.745132 0.012616
35.915000 1.677192 3.720255 0.012692
35.920000 1.695793 3.695097 0.012768
35.925000 1.714269 3.669660 0.012843
35.930000 1.732617 3.643946 0.012919
35.935000 1.750837 3.617957 0.012995
35.940000 1.768927 3.591694 0.013071
35.945000 1.786885 3.565160 0.013147
35.950000 1.804711 3.538357 0.013223
35.955000 1.822403 3.511286 0.013299
35.960000 1.839959 3.483950 0.013375
35.965000 1.857379 3.456351 0.013451
35.970000 1.874661 3.428490 0.013527
35.975000 1.891803 3.400370 0.013603
35.980000 1.908805 3.371993 0.013679
35.985000 1.925665 3.343361 0.013755
35.990000 1.942382 3.314476 0.013831
35.995000 1.958954 3.285341 0.013907
36.000000 1.975381 3.255956 0.013984
36.005000 1.991660 3.226326 0.014060
36.010000 2.007792 3.196451 0.014136
36.015000 2.023774 3.166334 0.014212
36.020000 2.039606 3.135977 0.014288
36.025000 2.055286 3.105383 0.014364
36.030000 2.070813 3.074554 0.014440
36.035000 2.086186 3.043492 0.014516
36.040000 2.101403 3.012199 0.014592
36.045000 2.116464 2.980678 0.014668
36.050000 2.131367 2.948931 0.014744
36.055000 2.146112 2.916960 0.014820
36.060000 2.160697 2.884769 0.014896
36.065000 2.175121 2.852358 0.014973
36.070000 2.189383 2.819731 0.015049
36.075000 2.203481 2.786891 0.015125
36.080000 2.217416 2.753838 0.015201
36.085000 2.231185 2.720577 0.015277
36.090000 2.244788 2.687109 0.015353
36.095000 2.258223 2.653438 0.015429
36.100000 2.271490 2.619564 0.015506
36.105000 2.284588 2.585492 0.015582
36.110000 2.297516 2.551223 0.015658
36.115000 2.310272 2.516760 0.015734
36.120000 2.322856 2.482106 0.015810
36.125000 2.335266 2.447263 0.015886
36.130000 2.347502 2.412234 0.015963
36.135000 2.359564 2.377022 0.016039
36.140000 2.371449 2.341628 0.016115
36.145000 2.383157 2.306057 0.016191
36.150000 2.394687 2.270309 0.016267
36.155000 2.406039 2.234389 0.016344
36.160000 2.417211 2.198298 0.016420
36.165000 2.428202 2.162040 0.016496
36.170000 2.439012 2.125617 0.016572
36.175000 2.449640 2.089032 0.016649
36.180000 2.460086 2.052287 0.016725
36.185000 2.470347 2.015386 0.016801
36.190000 2.480424 1.978331 0.016877
36.195000 2.490316 1.941125 0.016954
36.200000 2.500021 1.903770 0.017030
36.205000 2.509540 1.866269 0.017106
36.210000 2.518871 1.828626 0.017182
36.215000 2.528015 1.790843 0.017259
36.220000 2.536969 1.752923 0.017335
36.225000 2.545733 1.714869 0.017411
36.230000 2.554308 1.676683 0.017488
36.235000 2.562691 1.638368 0.017564
36.240000 2.570883 1.599928 0.017640
36.245000 2.578883 1.561364 0.017717
36.250000 2.586689 1.522681 0.017793
36.255000 2.594303 1.483881 0.017869
36.260000 2.601722 1.444966 0.017946
36.265000 2.608947 1.405940 0.018022
36.270000 2.615977 1.366806 0.018098
36.275000 2.622811 1.327567 0.018175
36.280000 2.629449 1.288224 0.018251
36.285000 2.635890 1.248783 0.018327
36.290000 2.642134 1.209244 0.018404
36.295000 2.648180 1.169612 0.018480
36.300000 2.654028 1.129890 0.018557
36.305000 2.659677 1.090079 0.018633
36.310000 2.665128 1.050184 0.018709
36.315000 2.670379 1.010207 0.018786
36.320000 2.675430 0.970151 0.018862
36.325000 2.680281 0.930020 0.018939
36.330000 2.684931 0.889816 0.019015
36.335000 2.689380 0.849542 0.019091
36.340000 2.693627 0.809201 0.019168
36.345000 2.697673 0.768797 0.019244
36.350000 2.701517 0.728332 0.019321
36.355000 2.705159 0.687809 0.019397
36.360000 2.708598 0.647231 0.019474
36.365000 2.711834 0.606602 0.019550
36.370000 2.714867 0.565925 0.019627
36.375000 2.717697 0.525202 0.019703
36.380000 2.720323 0.484436 0.019780
36.385000 2.722745 0.443632 0.019856
36.390000 2.724963 0.402790 0.019932
36.395000 2.726977 0.361916 0.020009
36.400000 2.728787 0.321011 0.020085
36.405000 2.730392 0.280080 0.020162
36.410000 2.731792 0.239124 0.020239
36.415000 2.732988 0.198147 0.020315
36.420000 2.733979 0.157152 0.020392
36.425000 2.734764 0.116142 0.020468
36.430000 2.735345 0.075121 0.020545
36.435000 2.735721 0.034091 0.020621
36.440000 2.735891 -0.006945 0.020698
36.445000 2.735856 -0.047984 0.020774
36.450000 2.735616 -0.089021 0.020851
36.455000 2.735171 -0.130056 0.020927
36.460000 2.734521 -0.171083 0.021004
36.465000 2.733666 -0.212101 0.021081
36.470000 2.732605 -0.253106 0.021157
36.475000 2.731340 -0.294095 0.021234
36.480000 2.729869 -0.335065 0.021310
36.485000 2.728194 -0.376013 0.021387
36.490000 2.726314 -0.416936 0.021463
36.495000 2.724229 -0.457831 0.021540
36.500000 2.721940 -0.498694 0.021617
36.505000 2.719446 -0.539523 0.021693
36.510000 2.716749 -0.580315 0.021770
36.515000 2.713847 -0.621066 0.021847
36.520000 2.710742 -0.661774 0.021923
36.525000 2.707433 -0.702435 0.022000
36.530000 2.703921 -0.743047 0.022077
36.535000 2.700206 -0.783605 0.022153
36.540000 2.696288 -0.824109 0.022230
36.545000 2.692167 -0.864553 0.022306
36.550000 2.687844 -0.904935 0.022383
36.555000 2.683320 -0.945253 0.022460
36.560000 2.678593 -0.985503 0.022537
36.565000 2.673666 -1.025682 0.022613
36.570000 2.668537 -1.065787 0.022690
36.575000 2.663209 -1.105815 0.022767
36.580000 2.657679 -1.145763 0.022843
36.585000 2.651951 -1.185628 0.022920
36.590000 2.646023 -1.225407 0.022997
36.595000 2.639895 -1.265098 0.023073
36.600000 2.633570 -1.304696 0.023150
36.605000 2.627047 -1.344200 0.023227
36.610000 2.620326 -1.383605 0.023304
36.615000 2.613407 -1.422910 0.023380
36.620000 2.606293 -1.462111 0.023457
36.625000 2.598982 -1.501206 0.023534
36.630000 2.591476 -1.540190 0.023611
36.635000 2.583775 -1.579063 0.023687
36.640000 2.575880 -1.617819 0.023764
36.645000 2.567791 -1.656457 0.023841
36.650000 2.559509 -1.694974 0.023918
36.655000 2.551034 -1.733367 0.023995
36.660000 2.542367 -1.771632 0.024071
36.665000 2.533509 -1.809768 0.024148
36.670000 2.524460 -1.847771 0.024225
36.675000 2.515221 -1.885638 0.024302
36.680000 2.505793 -1.923366 0.024379
36.685000 2.496176 -1.960953 0.024456
36.690000 2.486371 -1.998395 0.024532
36.695000 2.476379 -2.035691 0.024609
36.700000 2.466201 -2.072837 0.024686
36.705000 2.455837 -2.109830 0.024763
36.710000 2.445288 -2.146667 0.024840
36.715000 2.434554 -2.183347 0.024917
36.720000 2.423638 -2.219865 0.024993
36.725000 2.412538 -2.256219 0.025070
36.730000 2.401257 -2.292407 0.025147
36.735000 2.389795 -2.328426 0.025224
36.740000 2.378153 -2.364273 0.025301
36.745000 2.366332 -2.399946 0.025378
36.750000 2.354332 -2.435441 0.025455
36.755000 2.342155 -2.470755 0.025532
36.760000 2.329801 -2.505888 0.025609
36.765000 2.317271 -2.540835 0.025686
36.770000 2.304567 -2.575594 0.025762
36.775000 2.291689 -2.610162 0.025839
36.780000 2.278638 -2.644538 0.025916
36.785000 2.265416 -2.678717 0.025993
36.790000 2.252022 -2.712699 0.026070
36.795000 2.238459 -2.746479 0.026147
36.800000 2.224726 -2.780056 0.026224
36.805000 2.210826 -2.813427 0.026301
36.810000 2.196759 -2.846589 0.026378
36.815000 2.182526 -2.879540 0.026455
36.820000 2.168128 -2.912278 0.026532
36.825000 2.153567 -2.944800 0.026609
36.830000 2.138843 -2.977104 0.026686
36.835000 2.123957 -3.009186 0.026763
36.840000 2.108911 -3.041046 0.026840
36.845000 2.093706 -3.072679 0.026917
36.850000 2.078343 -3.104085 0.026994
36.855000 2.062822 -3.135260 0.027071
36.860000 2.047146 -3.166202 0.027148
36.865000 2.031315 -3.196910 0.027225
36.870000 2.015330 -3.227379 0.027302
36.875000 1.999194 -3.257609 0.027379
36.880000 1.982906 -3.287597 0.027456
36.885000 1.966468 -3.317341 0.027533
36.890000 1.949881 -3.346838 0.027610
36.895000 1.933147 -3.376086 0.027688
36.900000 1.916266 -3.405083 0.027765
36.905000 1.899241 -3.433827 0.027842
36.910000 1.882072 -3.462316 0.027919
36.915000 1.864760 -3.490547 0.027996
36.920000 1.847307 -3.518518 0.028073
36.925000 1.829715 -3.546228 0.028150
36.930000 1.811984 -3.573674 0.028227
36.935000 1.794115 -3.600853 0.028304
36.940000 1.776111 -3.627765 0.028381
36.945000 1.757972 -3.654407 0.028459
36.950000 1.739700 -3.680776 0.028536
36.955000 1.721296 -3.706872 0.028613
36.960000 1.702762 -3.732691 0.028690
36.965000 1.684098 -3.758233 0.028767
36.970000 1.665307 -3.783494 0.028844
36.975000 1.646390 -3.808474 0.028921
36.980000 1.627347 -3.833170 0.028999
36.985000 1.608182 -3.857580 0.029076
36.990000 1.588894 -3.881703 0.029153
36.995000 1.569485 -3.905536 0.029230
37.000000 1.549958 -3.929078 0.029307
37.005000 1.530312 -3.952328 0.029385
37.010000 1.510550 -3.975282 0.029462
37.015000 1.490674 -3.997941 0.029539
37.020000 1.470684 -4.020301 0.029616
37.025000 1.450583 -4.042361 0.029693
37.030000 1.430371 -4.064120 0.029771
37.035000 1.410050 -4.085575 0.029848
37.040000 1.389623 -4.106726 0.029925
37.045000 1.369089 -4.127570 0.030002
37.050000 1.348451 -4.148107 0.030080
37.055000 1.327711 -4.168334 0.030157
37.060000 1.306869 -4.188249 0.030234
37.065000 1.285928 -4.207852 0.030311
37.070000 1.264888 -4.227141 0.030389
37.075000 1.243753 -4.246114 0.030466
37.080000 1.222522 -4.264771 0.030543
37.085000 1.201198 -4.283109 0.030620
37.090000 1.179783 -4.301127 0.030698
37.095000 1.158277 -4.318823 0.030775
37.100000 1.136683 -4.336197 0.030852
37.105000 1.115002 -4.353248 0.030930
37.110000 1.093236 -4.369973 0.031007
37.115000 1.071386 -4.386371 0.031084
37.120000 1.049454 -4.402442 0.031162
37.125000 1.027442 -4.418184 0.031239
37.130000 1.005351 -4.433595 0.031316
37.135000 0.983183 -4.448676 0.031394
37.140000 0.960940 -4.463424 0.031471
37.145000 0.938622 -4.477838 0.031548
37.150000 0.916233 -4.491917 0.031626
37.155000 0.893774 -4.505660 0.031703
37.160000 0.871245 -4.519067 0.031781
37.165000 0.848650 -4.532136 0.031858
37.170000 0.825989 -4.544865 0.031935
37.175000 0.803265 -4.557255 0.032013
37.180000 0.780479 -4.569304 0.032090
37.185000 0.757632 -4.581011 0.032168
37.190000 0.734727 -4.592376 0.032245
37.195000 0.711765 -4.603397 0.032322
37.200000 0.688748 -4.614073 0.032400
37.205000 0.665678 -4.624405 0.032477
37.210000 0.642556 -4.634390 0.032555
37.215000 0.619384 -4.644028 0.032632
37.220000 0.596164 -4.653319 0.032710
37.225000 0.572897 -4.662261 0.032787
37.230000 0.549586 -4.670855 0.032864
37.235000 0.526232 -4.679099 0.032942
37.240000 0.502836 -4.686992 0.033019
37.245000 0.479401 -4.694535 0.033097
37.250000 0.455928 -4.701726 0.033174
37.255000 0.432420 -4.708564 0.033252
37.260000 0.408877 -4.715051 0.033329
37.265000 0.385302 -4.721184 0.033407
37.270000 0.361696 -4.726963 0.033484
37.275000 0.338061 -4.732389 0.033562
37.280000 0.314399 -4.737460 0.033639
37.285000 0.290712 -4.742176 0.033717
37.290000 0.267001 -4.746536 0.033794
37.295000 0.243268 -4.750541 0.033872
37.300000 0.219516 -4.754191 0.033949
37.305000 0.195745 -4.757483 0.034027
37.310000 0.171957 -4.760419 0.034105
37.315000 0.148155 -4.762999 0.034182
37.320000 0.124340 -4.765221 0.034260
37.325000 0.100514 -4.767086 0.034337
37.330000 0.076679 -4.768594 0.034415
37.335000 0.052836 -4.769744 0.034492
37.340000 0.028987 -4.770537 0.034570
37.345000 0.005134 -4.770971 0.034648
37.350000 -0.018721 -4.771048 0.034725
37.355000 -0.042576 -4.770768 0.034803
37.360000 -0.066430 -4.770129 0.034880
37.365000 -0.090280 -4.769133 0.034958
37.370000 -0.114126 -4.767778 0.035036
37.375000 -0.137965 -4.766066 0.035113
37.380000 -0.161795 -4.763997 0.035191
37.385000 -0.185615 -4.761570 0.035269
37.390000 -0.209423 -4.758786 0.035346
37.395000 -0.233217 -4.755644 0.035424
37.400000 -0.256995 -4.752146 0.035502
37.405000 -0.280756 -4.748291 0.035579
37.410000 -0.304497 -4.744080 0.035657
37.415000 -0.328218 -4.739512 0.035735
37.420000 -0.351915 -4.734589 0.035812
37.425000 -0.375588 -4.729310 0.035890
37.430000 -0.399235 -4.723677 0.035968
37.435000 -0.422853 -4.717688 0.036045
37.440000 -0.446442 -4.711345 0.036123
37.445000 -0.469998 -4.704649 0.036201
37.450000 -0.493522 -4.697599 0.036278
37.455000 -0.517010 -4.690196 0.036356
37.460000 -0.540461 -4.682441 0.036434
37.465000 -0.563873 -4.674334 0.036512
37.470000 -0.587245 -4.665876 0.036589
37.475000 -0.610574 -4.657067 0.036667
37.480000 -0.633859 -4.647908 0.036745
37.485000 -0.657099 -4.638401 0.036823
37.490000 -0.680291 -4.628544 0.036900
37.495000 -0.703434 -4.618340 0.036978
37.500000 -0.726525 -4.607788 0.037056
37.505000 -0.749564 -4.596890 0.037134
37.510000 -0.772549 -4.585647 0.037211
37.515000 -0.795477 -4.574059 0.037289
37.520000 -0.818347 -4.562127 0.037367
37.525000 -0.841158 -4.549851 0.037445
37.530000 -0.863907 -4.537234 0.037523
37.535000 -0.886593 -4.524275 0.037600
37.540000 -0.909215 -4.510976 0.037678
37.545000 -0.931769 -4.497338 0.037756
37.550000 -0.954256 -4.483362 0.037834
37.555000 -0.976673 -4.469048 0.037912
37.560000 -0.999018 -4.454398 0.037990
37.565000 -1.021290 -4.439412 0.038067
37.570000 -1.043487 -4.424093 0.038145
37.575000 -1.065608 -4.408441 0.038223
37.580000 -1.087650 -4.392457 0.038301
37.585000 -1.109612 -4.376142 0.038379
37.590000 -1.131493 -4.359498 0.038457
37.595000 -1.153290 -4.342525 0.038535
37.600000 -1.175003 -4.325226 0.038613
37.605000 -1.196629 -4.307601 0.038690
37.610000 -1.218167 -4.289652 0.038768
37.615000 -1.239615 -4.271379 0.038846
37.620000 -1.260972 -4.252785 0.038924
37.625000 -1.282236 -4.233870 0.039002
37.630000 -1.303406 -4.214637 0.039080
37.635000 -1.324479 -4.195086 0.039158
37.640000 -1.345454 -4.175218 0.039236
37.645000 -1.366330 -4.155037 0.039314
37.650000 -1.387106 -4.134542 0.039392
37.655000 -1.407778 -4.113735 0.039470
37.660000 -1.428347 -4.092618 0.039548
37.665000 -1.448810 -4.071193 0.039626
37.670000 -1.469166 -4.049461 0.039704
37.675000 -1.489413 -4.027424 0.039782
37.680000 -1.509550 -4.005082 0.039860
37.685000 -1.529576 -3.982439 0.039938
37.690000 -1.549488 -3.959495 0.040016
37.695000 -1.569285 -3.936253 0.040094
37.700000 -1.588967 -3.912714 0.040172
37.705000 -1.608530 -3.888879 0.040250
37.710000 -1.627975 -3.864751 0.040328
37.715000 -1.647298 -3.840332 0.040406
37.720000 -1.666500 -3.815622 0.040484
37.725000 -1.685578 -3.790625 0.040562
37.730000 -1.704531 -3.765341 0.040640
37.735000 -1.723358 -3.739773 0.040718
37.740000 -1.742057 -3.713923 0.040796
37.745000 -1.760627 -3.687792 0.040874
37.750000 -1.779065 -3.661383 0.040952
37.755000 -1.797372 -3.634697 0.041030
37.760000 -1.815546 -3.607736 0.041108
37.765000 -1.833585 -3.580503 0.041186
37.770000 -1.851487 -3.552999 0.041264
37.775000 -1.869252 -3.525227 0.041342
37.780000 -1.886878 -3.497188 0.041421
37.785000 -1.904364 -3.468885 0.041499
37.790000 -1.921709 -3.440319 0.041577
37.795000 -1.938910 -3.411494 0.041655
37.800000 -1.955968 -3.382410 0.041733
37.805000 -1.972880 -3.353070 0.041811
37.810000 -1.989645 -3.323477 0.041889
37.815000 -2.006262 -3.293633 0.041967
37.820000 -2.022731 -3.263539 0.042046
37.825000 -2.039048 -3.233198 0.042124
37.830000 -2.055214 -3.202612 0.042202
37.835000 -2.071227 -3.171784 0.042280
37.840000 -2.087086 -3.140715 0.042358
37.845000 -2.102790 -3.109409 0.042436
37.850000 -2.118337 -3.077867 0.042515
37.855000 -2.133726 -3.046092 0.042593
37.860000 -2.148957 -3.014086 0.042671
37.865000 -2.164027 -2.981852 0.042749
37.870000 -2.178936 -2.949392 0.042827
37.875000 -2.193683 -2.916707 0.042906
37.880000 -2.208267 -2.883802 0.042984
37.885000 -2.222686 -2.850678 0.043062
37.890000 -2.236939 -2.817338 0.043140
37.895000 -2.251026 -2.783784 0.043218
37.900000 -2.264945 -2.750018 0.043297
37.905000 -2.278695 -2.716044 0.043375
37.910000 -2.292275 -2.681864 0.043453
37.915000 -2.305684 -2.647480 0.043531
37.920000 -2.318922 -2.612894 0.043610
37.925000 -2.331986 -2.578111 0.043688
37.930000 -2.344877 -2.543131 0.043766
37.935000 -2.357593 -2.507958 0.043845
37.940000 -2.370132 -2.472594 0.043923
37.945000 -2.382495 -2.437042 0.044001
37.950000 -2.394681 -2.401304 0.044079
37.955000 -2.406687 -2.365384 0.044158
37.960000 -2.418514 -2.329284 0.044236
37.965000 -2.430160 -2.293006 0.044314
37.970000 -2.441625 -2.256554 0.044393
37.975000 -2.452908 -2.219929 0.044471
37.980000 -2.464008 -2.183136 0.044549
37.985000 -2.474924 -2.146176 0.044628
37.990000 -2.485654 -2.109052 0.044706
37.995000 -2.496200 -2.071767 0.044784
38.000000 -2.506558 -2.034324 0.044863
38.005000 -2.516730 -1.996726 0.044941
38.010000 -2.526714 -1.958975 0.045019
38.015000 -2.536509 -1.921074 0.045098
38.020000 -2.546114 -1.883026 0.045176
38.025000 -2.555529 -1.844835 0.045255
38.030000 -2.564753 -1.806502 0.045333
38.035000 -2.573786 -1.768030 0.045411
38.040000 -2.582626 -1.729424 0.045490
38.045000 -2.591273 -1.690684 0.045568
38.050000 -2.599726 -1.651815 0.045647
38.055000 -2.607986 -1.612819 0.045725
38.060000 -2.616050 -1.573699 0.045804
38.065000 -2.623918 -1.534459 0.045882
38.070000 -2.631590 -1.495100 0.045960
38.075000 -2.639066 -1.455626 0.046039
38.080000 -2.646344 -1.416040 0.046117
38.085000 -2.653424 -1.376345 0.046196
38.090000 -2.660306 -1.336544 0.046274
38.095000 -2.666989 -1.296639 0.046353
38.100000 -2.673472 -1.256634 0.046431
38.105000 -2.679755 -1.216532 0.046510
38.110000 -2.685838 -1.176336 0.046588
38.115000 -2.691719 -1.136048 0.046667
38.120000 -2.697400 -1.095672 0.046745
38.125000 -2.702878 -1.055211 0.046824
38.130000 -2.708154 -1.014668 0.046902
38.135000 -2.713227 -0.974046 0.046981
38.140000 -2.718098 -0.933347 0.047059
38.145000 -2.722764 -0.892576 0.047138
38.150000 -2.727227 -0.851735 0.047216
38.155000 -2.731486 -0.810826 0.047295
38.160000 -2.735540 -0.769854 0.047373
38.165000 -2.739389 -0.728821 0.047452
38.170000 -2.743033 -0.687730 0.047530
38.175000 -2.746472 -0.646584 0.047609
38.180000 -2.749705 -0.605387 0.047688
38.185000 -2.752732 -0.564142 0.047766
38.190000 -2.755553 -0.522851 0.047845
38.195000 -2.758167 -0.481517 0.047923
38.200000 -2.760574 -0.440145 0.048002
38.205000 -2.762775 -0.398736 0.048081
38.210000 -2.764769 -0.357295 0.048159
38.215000 -2.766555 -0.315823 0.048238
38.220000 -2.768134 -0.274325 0.048316
38.225000 -2.769506 -0.232803 0.048395
38.230000 -2.770670 -0.191260 0.048474
38.235000 -2.771626 -0.149700 0.048552
38.240000 -2.772375 -0.108126 0.048631
38.245000 -2.772916 -0.066540 0.048710
38.250000 -2.773248 -0.024946 0.048788
38.255000 -2.773373 0.016652 0.048867
38.260000 -2.773290 0.058253 0.048946
38.265000 -2.772998 0.099852 0.049024
38.270000 -2.772499 0.141447 0.049103
38.275000 -2.771792 0.183035 0.049182
38.280000 -2.770877 0.224612 0.049260
38.285000 -2.769754 0.266175 0.049339
38.290000 -2.768423 0.307721 0.049418
38.295000 -2.766884 0.349247 0.049496
38.300000 -2.765138 0.390751 0.049575
38.305000 -2.763184 0.432228 0.049654
38.310000 -2.761023 0.473675 0.049732
38.315000 -2.758655 0.515091 0.049811
38.320000 -2.756079 0.556471 0.049890
38.325000 -2.753297 0.597812 0.049969
38.330000 -2.750308 0.639111 0.050047
38.335000 -2.747112 0.680366 0.050126
38.340000 -2.743711 0.721573 0.050205
38.345000 -2.740103 0.762728 0.050284
38.350000 -2.736289 0.803830 0.050362
38.355000 -2.732270 0.844874 0.050441
38.360000 -2.728045 0.885858 0.050520
38.365000 -2.723616 0.926779 0.050599
38.370000 -2.718982 0.967633 0.050678
38.375000 -2.714144 1.008418 0.050756
38.380000 -2.709102 1.049130 0.050835
38.385000 -2.703856 1.089767 0.050914
38.390000 -2.698408 1.130324 0.050993
38.395000 -2.692756 1.170801 0.051072
38.400000 -2.686902 1.211192 0.051151
38.405000 -2.680846 1.251495 0.051229
38.410000 -2.674588 1.291708 0.051308
38.415000 -2.668130 1.331827 0.051387
38.420000 -2.661471 1.371849 0.051466
38.425000 -2.654612 1.411771 0.051545
38.430000 -2.647553 1.451590 0.051624
38.435000 -2.640295 1.491303 0.051703
38.440000 -2.632838 1.530908 0.051781
38.445000 -2.625184 1.570400 0.051860
38.450000 -2.617332 1.609778 0.051939
38.455000 -2.609283 1.649038 0.052018
38.460000 -2.601038 1.688177 0.052097
38.465000 -2.592597 1.727193 0.052176
38.470000 -2.583961 1.766082 0.052255
38.475000 -2.575130 1.804841 0.052334
38.480000 -2.566106 1.843468 0.052413
38.485000 -2.556889 1.881960 0.052492
38.490000 -2.547479 1.920313 0.052570
38.495000 -2.537877 1.958525 0.052649
38.500000 -2.528085 1.996593 0.052728
38.505000 -2.518102 2.034515 0.052807
38.510000 -2.507929 2.072286 0.052886
38.515000 -2.497568 2.109905 0.052965
38.520000 -2.487018 2.147369 0.053044
38.525000 -2.476281 2.184674 0.053123
38.530000 -2.465358 2.221818 0.053202
38.535000 -2.454249 2.258799 0.053281
38.540000 -2.442955 2.295612 0.053360
38.545000 -2.431477 2.332257 0.053439
38.550000 -2.419816 2.368729 0.053518
38.555000 -2.407972 2.405026 0.053597
38.560000 -2.395947 2.441146 0.053676
38.565000 -2.383741 2.477085 0.053755
38.570000 -2.371356 2.512841 0.053834
38.575000 -2.358792 2.548411 0.053913
38.580000 -2.346050 2.583793 0.053992
38.585000 -2.333131 2.618984 0.054071
38.590000 -2.320036 2.653981 0.054150
38.595000 -2.306766 2.688781 0.054230
38.600000 -2.293322 2.723383 0.054309
38.605000 -2.279705 2.757783 0.054388
38.610000 -2.265916 2.791978 0.054467
38.615000 -2.251956 2.825967 0.054546
38.620000 -2.237826 2.859746 0.054625
38.625000 -2.223528 2.893314 0.054704
38.630000 -2.209061 2.926667 0.054783
38.635000 -2.194428 2.959803 0.054862
38.640000 -2.179629 2.992719 0.054941
38.645000 -2.164665 3.025413 0.055020
38.650000 -2.149538 3.057883 0.055100
38.655000 -2.134249 3.090126 0.055179
38.660000 -2.118798 3.122140 0.055258
38.665000 -2.103187 3.153922 0.055337
38.670000 -2.087418 3.185470 0.055416
38.675000 -2.071490 3.216781 0.055495
38.680000 -2.055406 3.247854 0.055574
38.685000 -2.039167 3.278685 0.055654
38.690000 -2.022774 3.309272 0.055733
38.695000 -2.006227 3.339614 0.055812
38.700000 -1.989529 3.369707 0.055891
38.705000 -1.972681 3.399550 0.055970
38.710000 -1.955683 3.429140 0.056050
38.715000 -1.938537 3.458476 0.056129
38.720000 -1.921245 3.487554 0.056208
38.725000 -1.903807 3.516372 0.056287
38.730000 -1.886225 3.544929 0.056366
38.735000 -1.868501 3.573223 0.056446
38.740000 -1.850634 3.601250 0.056525
38.745000 -1.832628 3.629010 0.056604
38.750000 -1.814483 3.656499 0.056683
38.755000 -1.796201 3.683717 0.056763
38.760000 -1.777782 3.710660 0.056842
38.765000 -1.759229 3.737326 0.056921
38.770000 -1.740542 3.763715 0.057000
38.775000 -1.721724 3.789823 0.057080
38.780000 -1.702774 3.815649 0.057159
38.785000 -1.683696 3.841190 0.057238
38.790000 -1.664490 3.866446 0.057318
38.795000 -1.645158 3.891413 0.057397
38.800000 -1.625701 3.916090 0.057476
38.805000 -1.606121 3.940476 0.057555
38.810000 -1.586418 3.964568 0.057635
38.815000 -1.566595 3.988364 0.057714
38.820000 -1.546653 4.011863 0.057793
38.825000 -1.526594 4.035063 0.057873
38.830000 -1.506419 4.057962 0.057952
38.835000 -1.486129 4.080558 0.058031
38.840000 -1.465726 4.102850 0.058111
38.845000 -1.445212 4.124836 0.058190
38.850000 -1.424588 4.146514 0.058270
38.855000 -1.403855 4.167883 0.058349
38.860000 -1.383016 4.188941 0.058428
38.865000 -1.362071 4.209686 0.058508
38.870000 -1.341023 4.230117 0.058587
38.875000 -1.319872 4.250232 0.058666
38.880000 -1.298621 4.270030 0.058746
38.885000 -1.277271 4.289510 0.058825
38.890000 -1.255823 4.308669 0.058905
38.895000 -1.234280 4.327506 0.058984
38.900000 -1.212642 4.346020 0.059063
38.905000 -1.190912 4.364210 0.059143
38.910000 -1.169091 4.382074 0.059222
38.915000 -1.147181 4.399610 0.059302
38.920000 -1.125183 4.416818 0.059381
38.925000 -1.103099 4.433695 0.059461
38.930000 -1.080930 4.450242 0.059540
38.935000 -1.058679 4.466456 0.059620
38.940000 -1.036347 4.482336 0.059699
38.945000 -1.013935 4.497881 0.059779
38.950000 -0.991446 4.513090 0.059858
38.955000 -0.968880 4.527962 0.059938
38.960000 -0.946240 4.542495 0.060017
38.965000 -0.923528 4.556689 0.060097
38.970000 -0.900744 4.570542 0.060176
38.975000 -0.877892 4.584053 0.060256
38.980000 -0.854972 4.597221 0.060335
38.985000 -0.831985 4.610046 0.060415
38.990000 -0.808935 4.622526 0.060494
38.995000 -0.785823 4.634660 0.060574
39.000000 -0.762649 4.646447 0.060653
39.005000 -0.739417 4.657887 0.060733
39.010000 -0.716128 4.668978 0.060812
39.015000 -0.692783 4.679720 0.060892
39.020000 -0.669384 4.690112 0.060971
39.025000 -0.645934 4.700152 0.061051
39.030000 -0.622433 4.709841 0.061131
39.035000 -0.598884 4.719178 0.061210
39.040000 -0.575288 4.728161 0.061290
39.045000 -0.551647 4.736790 0.061369
39.050000 -0.527963 4.745065 0.061449
39.055000 -0.504238 4.752985 0.061529
39.060000 -0.480473 4.760548 0.061608
39.065000 -0.456670 4.767755 0.061688
39.070000 -0.432831 4.774605 0.061767
39.075000 -0.408958 4.781098 0.061847
39.080000 -0.385053 4.787232 0.061927
39.085000 -0.361116 4.793008 0.062006
39.090000 -0.337151 4.798425 0.062086
39.095000 -0.313159 4.803482 0.062166
39.100000 -0.289142 4.808179 0.062245
39.105000 -0.265101 4.812516 0.062325
39.110000 -0.241038 4.816493 0.062405
39.115000 -0.216956 4.820109 0.062484
39.120000 -0.192855 4.823363 0.062564
39.125000 -0.168739 4.826256 0.062644
39.130000 -0.144607 4.828787 0.062723
39.135000 -0.120463 4.830956 0.062803
39.140000 -0.096309 4.832763 0.062883
39.145000 -0.072145 4.834207 0.062963
39.150000 -0.047974 4.835290 0.063042
39.155000 -0.023797 4.836009 0.063122
39.160000 0.000383 4.836366 0.063202
39.165000 0.024565 4.836360 0.063281
39.170000 0.048746 4.835992 0.063361
39.175000 0.072926 4.835261 0.063441
39.180000 0.097103 4.834167 0.063521
39.185000 0.121273 4.832710 0.063601
39.190000 0.145437 4.830891 0.063680
39.195000 0.169591 4.828710 0.063760
39.200000 0.193735 4.826166 0.063840
39.205000 0.217866 4.823260 0.063920
39.210000 0.241982 4.819992 0.063999
39.215000 0.266082 4.816362 0.064079
39.220000 0.290164 4.812371 0.064159
39.225000 0.314226 4.808018 0.064239
39.230000 0.338266 4.803305 0.064319
39.235000 0.362282 4.798231 0.064398
39.240000 0.386274 4.792797 0.064478
39.245000 0.410238 4.787003 0.064558
39.250000 0.434173 4.780849 0.064638
39.255000 0.458077 4.774337 0.064718
39.260000 0.481948 4.767465 0.064798
39.265000 0.505786 4.760236 0.064878
39.270000 0.529587 4.752649 0.064957
39.275000 0.553350 4.744706 0.065037
39.280000 0.577074 4.736405 0.065117
39.285000 0.600756 4.727749 0.065197
39.290000 0.624395 4.718738 0.065277
39.295000 0.647988 4.709372 0.065357
39.300000 0.671535 4.699652 0.065437
39.305000 0.695033 4.689579 0.065517
39.310000 0.718481 4.679154 0.065597
39.315000 0.741877 4.668376 0.065676
39.320000 0.765219 4.657248 0.065756
39.325000 0.788505 4.645770 0.065836
39.330000 0.811734 4.633942 0.065916
39.335000 0.834904 4.621766 0.065996
39.340000 0.858013 4.609243 0.066076
39.345000 0.881059 4.596373 0.066156
39.350000 0.904041 4.583157 0.066236
39.355000 0.926956 4.569596 0.066316
39.360000 0.949804 4.555692 0.066396
39.365000 0.972583 4.541445 0.066476
39.370000 0.995290 4.526856 0.066556
39.375000 1.017924 4.511927 0.066636
39.380000 1.040484 4.496658 0.066716
39.385000 1.062967 4.481051 0.066796
39.390000 1.085372 4.465106 0.066876
39.395000 1.107698 4.448825 0.066956
39.400000 1.129942 4.432210 0.067036
39.405000 1.152103 4.415261 0.067116
39.410000 1.174180 4.397979 0.067196
39.415000 1.196169 4.380367 0.067276
39.420000 1.218071 4.362424 0.067356
39.425000 1.239883 4.344153 0.067436
39.430000 1.261604 4.325555 0.067516
39.435000 1.283232 4.306631 0.067596
39.440000 1.304765 4.287382 0.067676
39.445000 1.326202 4.267811 0.067756
39.450000 1.347541 4.247918 0.067837
39.455000 1.368781 4.227705 0.067917
39.460000 1.389919 4.207173 0.067997
39.465000 1.410955 4.186324 0.068077
39.470000 1.431887 4.165160 0.068157
39.475000 1.452712 4.143681 0.068237
39.480000 1.473431 4.121891 0.068317
39.485000 1.494040 4.099789 0.068397
39.490000 1.514539 4.077379 0.068477
39.495000 1.534926 4.054661 0.068558
39.500000 1.555199 4.031637 0.068638
39.505000 1.575358 4.008309 0.068718
39.510000 1.595399 3.984678 0.068798
39.515000 1.615323 3.960747 0.068878
39.520000 1.635126 3.936518 0.068958
39.525000 1.654809 3.911991 0.069039
39.530000 1.674369 3.887168 0.069119
39.535000 1.693805 3.862053 0.069199
39.540000 1.713115 3.836646 0.069279
39.545000 1.732298 3.810949 0.069359
39.550000 1.751353 3.784965 0.069439
39.555000 1.770278 3.758694 0.069520
39.560000 1.789071 3.732140 0.069600
39.565000 1.807732 3.705304 0.069680
39.570000 1.826258 3.678188 0.069760
39.575000 1.844649 3.650794 0.069841
39.580000 1.862903 3.623125 0.069921
39.585000 1.881019 3.595181 0.070001
39.590000 1.898995 3.566966 0.070081
39.595000 1.916830 3.538481 0.070162
39.600000 1.934522 3.509728 0.070242
39.605000 1.952071 3.480711 0.070322
39.610000 1.969474 3.451429 0.070402
39.615000 1.986731 3.421887 0.070483
39.620000 2.003841 3.392086 0.070563
39.625000 2.020801 3.362029 0.070643
39.630000 2.037611 3.331717 0.070724
39.635000 2.054270 3.301153 0.070804
39.640000 2.070776 3.270339 0.070884
39.645000 2.087127 3.239277 0.070964
39.650000 2.103324 3.207970 0.071045
39.655000 2.119364 3.176420 0.071125
39.660000 2.135246 3.144630 0.071205
39.665000 2.150969 3.112601 0.071286
39.670000 2.166532 3.080336 0.071366
39.675000 2.181934 3.047838 0.071446
39.680000 2.197173 3.015109 0.071527
39.685000 2.212248 2.982152 0.071607
39.690000 2.227159 2.948968 0.071688
39.695000 2.241904 2.915561 0.071768
39.700000 2.256482 2.881932 0.071848
39.705000 2.270891 2.848085 0.071929
39.710000 2.285132 2.814022 0.072009
39.715000 2.299202 2.779745 0.072090
39.720000 2.313101 2.745257 0.072170
39.725000 2.326827 2.710560 0.072250
39.730000 2.340380 2.675658 0.072331
39.735000 2.353758 2.640552 0.072411
39.740000 2.366961 2.605246 0.072492
39.745000 2.379987 2.569741 0.072572
39.750000 2.392836 2.534041 0.072652
39.755000 2.405506 2.498149 0.072733
39.760000 2.417997 2.462066 0.072813
39.765000 2.430307 2.425796 0.072894
39.770000 2.442436 2.389342 0.072974
39.775000 2.454383 2.352705 0.073055
39.780000 2.466146 2.315889 0.073135
39.785000 2.477726 2.278897 0.073216
39.790000 2.489120 2.241731 0.073296
39.795000 2.500329 2.204395 0.073377
39.800000 2.511351 2.166890 0.073457
39.805000 2.522185 2.129219 0.073538
39.810000 2.532831 2.091387 0.073618
39.815000 2.543288 2.053394 0.073699
39.820000 2.553555 2.015245 0.073779
39.825000 2.563632 1.976941 0.073860
39.830000 2.573516 1.938487 0.073940
39.835000 2.583209 1.899884 0.074021
39.840000 2.592708 1.861136 0.074101
39.845000 2.602014 1.822245 0.074182
39.850000 2.611125 1.783215 0.074263
39.855000 2.620041 1.744048 0.074343
39.860000 2.628761 1.704748 0.074424
39.865000 2.637285 1.665316 0.074504
39.870000 2.645612 1.625757 0.074585
39.875000 2.653740 1.586073 0.074666
39.880000 2.661671 1.546267 0.074746
39.885000 2.669402 1.506342 0.074827
39.890000 2.676934 1.466301 0.074907
39.895000 2.684265 1.426147 0.074988
39.900000 2.691396 1.385883 0.075069
39.905000 2.698325 1.345512 0.075149
39.910000 2.705053 1.305037 0.075230
39.915000 2.711578 1.264461 0.075310
39.920000 2.717901 1.223787 0.075391
39.925000 2.724019 1.183019 0.075472
39.930000 2.729935 1.142159 0.075552
39.935000 2.735645 1.101210 0.075633
39.940000 2.741151 1.060175 0.075714
39.945000 2.746452 1.019058 0.075794
39.950000 2.751548 0.977861 0.075875
39.955000 2.756437 0.936588 0.075956
39.960000 2.761120 0.895241 0.076037
39.965000 2.765596 0.853824 0.076117
39.970000 2.769865 0.812340 0.076198
39.975000 2.773927 0.770792 0.076279
39.980000 2.777781 0.729184 0.076359
39.985000 2.781427 0.687517 0.076440
39.990000 2.784864 0.645795 0.076521
39.995000 2.788093 0.604022 0.076602
40.000000 2.791113 0.562201 0.076682
40.005000 2.793924 0.520334 0.076763
40.010000 2.796526 0.478425 0.076844
40.015000 2.798918 0.436478 0.076925
40.020000 2.801101 0.394494 0.077005
40.025000 2.803073 0.352477 0.077086
40.030000 2.804835 0.310431 0.077167
40.035000 2.806388 0.268359 0.077248
40.040000 2.807729 0.226263 0.077329
40.045000 2.808861 0.184147 0.077409
40.050000 2.809781 0.142014 0.077490
40.055000 2.810491 0.099867 0.077571
40.060000 2.810991 0.057710 0.077652
40.065000 2.811279 0.015545 0.077733
40.070000 2.811357 -0.026624 0.077813
40.075000 2.811224 -0.068795 0.077894
40.080000 2.810880 -0.110963 0.077975
40.085000 2.810325 -0.153126 0.078056
40.090000 2.809560 -0.195281 0.078137
40.095000 2.808583 -0.237424 0.078218
40.100000 2.807396 -0.279553 0.078299
40.105000 2.805998 -0.321664 0.078379
40.110000 2.804390 -0.363754 0.078460
40.115000 2.802571 -0.405820 0.078541
40.120000 2.800542 -0.447858 0.078622
40.125000 2.798303 -0.489867 0.078703
40.130000 2.795853 -0.531841 0.078784
40.135000 2.793194 -0.573779 0.078865
40.140000 2.790325 -0.615677 0.078946
40.145000 2.787247 -0.657532 0.079027
40.150000 2.783959 -0.699340 0.079108
40.155000 2.780463 -0.741100 0.079188
40.160000 2.776757 -0.782807 0.079269
40.165000 2.772843 -0.824458 0.079350
40.170000 2.768721 -0.866051 0.079431
40.175000 2.764391 -0.907582 0.079512
40.180000 2.759853 -0.949047 0.079593
40.185000 2.755107 -0.990445 0.079674
40.190000 2.750155 -1.031772 0.079755
40.195000 2.744996 -1.073024 0.079836
40.200000 2.739631 -1.114199 0.079917
40.205000 2.734060 -1.155294 0.079998
40.210000 2.728284 -1.196304 0.080079
40.215000 2.722302 -1.237229 0.080160
40.220000 2.716116 -1.278063 0.080241
40.225000 2.709726 -1.318805 0.080322
40.230000 2.703132 -1.359451 0.080403
40.235000 2.696334 -1.399998 0.080484
40.240000 2.689334 -1.440443 0.080565
40.245000 2.682132 -1.480783 0.080646
40.250000 2.674728 -1.521015 0.080727
40.255000 2.667123 -1.561136 0.080808
40.260000 2.659318 -1.601143 0.080889
40.265000 2.651312 -1.641032 0.080971
40.270000 2.643107 -1.680802 0.081052
40.275000 2.634703 -1.720449 0.081133
40.280000 2.626100 -1.759969 0.081214
40.285000 2.617301 -1.799361 0.081295
40.290000 2.608304 -1.838620 0.081376
40.295000 2.599111 -1.877745 0.081457
40.300000 2.589722 -1.916731 0.081538
40.305000 2.580138 -1.955577 0.081619
40.310000 2.570360 -1.994279 0.081700
40.315000 2.560389 -2.032835 0.081782
40.320000 2.550225 -2.071241 0.081863
40.325000 2.539869 -2.109494 0.081944
40.330000 2.529321 -2.147592 0.082025
40.335000 2.518583 -2.185532 0.082106
40.340000 2.507656 -2.223311 0.082187
40.345000 2.496539 -2.260925 0.082268
40.350000 2.485234 -2.298373 0.082350
40.355000 2.473743 -2.335652 0.082431
40.360000 2.462064 -2.372758 0.082512
40.365000 2.450200 -2.409689 0.082593
40.370000 2.438152 -2.446442 0.082674
40.375000 2.425920 -2.483014 0.082756
40.380000 2.413505 -2.519403 0.082837
40.385000 2.400908 -2.555606 0.082918
40.390000 2.388130 -2.591619 0.082999
40.395000 2.375172 -2.627441 0.083080
40.400000 2.362034 -2.663069 0.083162
40.405000 2.348719 -2.698499 0.083243
40.410000 2.335227 -2.733730 0.083324
40.415000 2.321558 -2.768759 0.083405
40.420000 2.307714 -2.803582 0.083487
40.425000 2.293696 -2.838198 0.083568
40.430000 2.279505 -2.872603 0.083649
40.435000 2.265142 -2.906796 0.083730
40.440000 2.250608 -2.940773 0.083812
40.445000 2.235904 -2.974532 0.083893
40.450000 2.221032 -3.008070 0.083974
40.455000 2.205991 -3.041386 0.084056
40.460000 2.190784 -3.074476 0.084137
40.465000 2.175412 -3.107338 0.084218
40.470000 2.159875 -3.139969 0.084299
40.475000 2.144176 -3.172367 0.084381
40.480000 2.128314 -3.204530 0.084462
40.485000 2.112291 -3.236454 0.084543
40.490000 2.096109 -3.268139 0.084625
40.495000 2.079768 -3.299580 0.084706
40.500000 2.063270 -3.330777 0.084788
40.505000 2.046616 -3.361726 0.084869
40.510000 2.029808 -3.392425 0.084950
40.515000 2.012846 -3.422872 0.085032
40.520000 1.995731 -3.453065 0.085113
40.525000 1.978466 -3.483001 0.085194
40.530000 1.961051 -3.512678 0.085276
40.535000 1.943487 -3.542094 0.085357
40.540000 1.925777 -3.571246 0.085439
40.545000 1.907921 -3.600133 0.085520
40.550000 1.889920 -3.628751 0.085601
40.555000 1.871776 -3.657100 0.085683
40.560000 1.853491 -3.685177 0.085764
40.565000 1.835065 -3.712979 0.085846
40.570000 1.816500 -3.740505 0.085927
40.575000 1.797798 -3.767753 0.086009
40.580000 1.778959 -3.794720 0.086090
40.585000 1.759985 -3.821404 0.086171
40.590000 1.740878 -3.847804 0.086253
40.595000 1.721639 -3.873917 0.086334
40.600000 1.702270 -3.899742 0.086416
40.605000 1.682771 -3.925276 0.086497
40.610000 1.663144 -3.950517 0.086579
40.615000 1.643392 -3.975464 0.086660
40.620000 1.623515 -4.000115 0.086742
40.625000 1.603514 -4.024468 0.086823
40.630000 1.583392 -4.048521 0.086905
40.635000 1.563149 -4.072271 0.086986
40.640000 1.542788 -4.095719 0.087068
40.645000 1.522309 -4.118861 0.087149
40.650000 1.501715 -4.141695 0.087231
40.655000 1.481006 -4.164221 0.087312
40.660000 1.460185 -4.186436 0.087394
40.665000 1.439253 -4.208339 0.087476
40.670000 1.418211 -4.229928 0.087557
40.675000 1.397062 -4.251201 0.087639
40.680000 1.375806 -4.272157 0.087720
40.685000 1.354445 -4.292794 0.087802
40.690000 1.332981 -4.313110 0.087883
40.695000 1.311415 -4.333105 0.087965
40.700000 1.289750 -4.352776 0.088047
40.705000 1.267986 -4.372123 0.088128
40.710000 1.246125 -4.391142 0.088210
40.715000 1.224170 -4.409834 0.088291
40.720000 1.202120 -4.428197 0.088373
40.725000 1.179979 -4.446229 0.088455
40.730000 1.157748 -4.463928 0.088536
40.735000 1.135429 -4.481295 0.088618
40.740000 1.113022 -4.498326 0.088700
40.745000 1.090531 -4.515021 0.088781
40.750000 1.067955 -4.531379 0.088863
40.755000 1.045299 -4.547399 0.088945
40.760000 1.022562 -4.563078 0.089026
40.765000 0.999746 -4.578416 0.089108
40.770000 0.976854 -4.593413 0.089190
40.775000 0.953887 -4.608066 0.089271
40.780000 0.930847 -4.622374 0.089353
40.785000 0.907735 -4.636337 0.089435
40.790000 0.884553 -4.649953 0.089516
40.795000 0.861303 -4.663221 0.089598
40.800000 0.837987 -4.676140 0.089680
40.805000 0.814607 -4.688710 0.089762
40.810000 0.791163 -4.700929 0.089843
40.815000 0.767658 -4.712797 0.089925
40.820000 0.744094 -4.724312 0.090007
40.825000 0.720473 -4.735473 0.090089
40.830000 0.696796 -4.746280 0.090170
40.835000 0.673064 -4.756732 0.090252
40.840000 0.649280 -4.766828 0.090334
40.845000 0.625446 -4.776567 0.090416
40.850000 0.601563 -4.785949 0.090497
40.855000 0.577634 -4.794972 0.090579
40.860000 0.553659 -4.803637 0.090661
40.865000 0.529641 -4.811942 0.090743
40.870000 0.505581 -4.819886 0.090825
40.875000 0.481482 -4.827470 0.090906
40.880000 0.457344 -4.834692 0.090988
40.885000 0.433171 -4.841552 0.091070
40.890000 0.408963 -4.848050 0.091152
40.895000 0.384723 -4.854184 0.091234
40.900000 0.360452 -4.859955 0.091316
40.905000 0.336152 -4.865362 0.091397
40.910000 0.311825 -4.870404 0.091479
40.915000 0.287473 -4.875082 0.091561
40.920000 0.263098 -4.879394 0.091643
40.925000 0.238701 -4.883340 0.091725
40.930000 0.214284 -4.886921 0.091807
40.935000 0.189850 -4.890135 0.091889
40.940000 0.165399 -4.892983 0.091971
40.945000 0.140934 -4.895464 0.092052
40.950000 0.116457 -4.897578 0.092134
40.955000 0.091969 -4.899325 0.092216
40.960000 0.067472 -4.900704 0.092298
40.965000 0.042969 -4.901716 0.092380
40.970000 0.018460 -4.902361 0.092462
40.975000 -0.006052 -4.902638 0.092544
40.980000 -0.030565 -4.902547 0.092626
40.985000 -0.055078 -4.902088 0.092708
40.990000 -0.079588 -4.901262 0.092790
40.995000 -0.104095 -4.900068 0.092872
41.000000 -0.128595 -4.898507 0.092954
41.005000 -0.153087 -4.896578 0.093036
41.010000 -0.177570 -4.894282 0.093118
41.015000 -0.202042 -4.891618 0.093200
41.020000 -0.226500 -4.888588 0.093282
41.025000 -0.250943 -4.885190 0.093364
41.030000 -0.275369 -4.881426 0.093446
41.035000 -0.299776 -4.877295 0.093528
41.040000 -0.324162 -4.872799 0.093610
41.045000 -0.348526 -4.867936 0.093692
41.050000 -0.372866 -4.862709 0.093774
41.055000 -0.397179 -4.857116 0.093856
41.060000 -0.421465 -4.851158 0.093938
41.065000 -0.445721 -4.844836 0.094020
41.070000 -0.469945 -4.838150 0.094102
41.075000 -0.494136 -4.831101 0.094184
41.080000 -0.518291 -4.823689 0.094266
41.085000 -0.542410 -4.815914 0.094348
41.090000 -0.566489 -4.807778 0.094430
41.095000 -0.590528 -4.799281 0.094512
41.100000 -0.614525 -4.790423 0.094594
41.105000 -0.638477 -4.781205 0.094676
41.110000 -0.662383 -4.771628 0.094758
41.115000 -0.686241 -4.761692 0.094841
41.120000 -0.710049 -4.751399 0.094923
41.125000 -0.733806 -4.740748 0.095005
41.130000 -0.757510 -4.729741 0.095087
41.135000 -0.781159 -4.718378 0.095169
41.140000 -0.804751 -4.706661 0.095251
41.145000 -0.828284 -4.694590 0.095333
41.150000 -0.851757 -4.682165 0.095416
41.155000 -0.875168 -4.669389 0.095498
41.160000 -0.898515 -4.656261 0.095580
41.165000 -0.921796 -4.642784 0.095662
41.170000 -0.945010 -4.628957 0.095744
41.175000 -0.968155 -4.614782 0.095826
41.180000 -0.991229 -4.600259 0.095909
41.185000 -1.014230 -4.585391 0.095991
41.190000 -1.037157 -4.570177 0.096073
41.195000 -1.060008 -4.554620 0.096155
41.200000 -1.082781 -4.538720 0.096237
41.205000 -1.105474 -4.522478 0.096320
41.210000 -1.128087 -4.505896 0.096402
41.215000 -1.150616 -4.488975 0.096484
41.220000 -1.173061 -4.471716 0.096566
41.225000 -1.195420 -4.454120 0.096649
41.230000 -1.217690 -4.436188 0.096731
41.235000 -1.239871 -4.417923 0.096813
41.240000 -1.261961 -4.399325 0.096895
41.245000 -1.283958 -4.380396 0.096978
41.250000 -1.305860 -4.361136 0.097060
41.255000 -1.327665 -4.341548 0.097142
41.260000 -1.349373 -4.321633 0.097224
41.265000 -1.370981 -4.301393 0.097307
41.270000 -1.392488 -4.280828 0.097389
41.275000 -1.413892 -4.259941 0.097471
41.280000 -1.435192 -4.238732 0.097554
41.285000 -1.456386 -4.217204 0.097636
41.290000 -1.477472 -4.195359 0.097718
41.295000 -1.498448 -4.173197 0.097801
41.300000 -1.519314 -4.150720 0.097883
41.305000 -1.540068 -4.127930 0.097965
41.310000 -1.560708 -4.104829 0.098048
41.315000 -1.581232 -4.081418 0.098130
41.320000 -1.601639 -4.057700 0.098212
41.325000 -1.621927 -4.033675 0.098295
41.330000 -1.642096 -4.009346 0.098377
41.335000 -1.662142 -3.984715 0.098459
41.340000 -1.682066 -3.959783 0.098542
41.345000 -1.701865 -3.934552 0.098624
41.350000 -1.721538 -3.909024 0.098707
41.355000 -1.741083 -3.883201 0.098789
41.360000 -1.760499 -3.857085 0.098871
41.365000 -1.779784 -3.830677 0.098954
41.370000 -1.798938 -3.803980 0.099036
41.375000 -1.817958 -3.776996 0.099119
41.380000 -1.836843 -3.749727 0.099201
41.385000 -1.855591 -3.722174 0.099284
41.390000 -1.874202 -3.694340 0.099366
41.395000 -1.892674 -3.666227 0.099448
41.400000 -1.911005 -3.637837 0.099531
41.405000 -1.929194 -3.609172 0.099613
41.410000 -1.947240 -3.580234 0.099696
41.415000 -1.965141 -3.551026 0.099778
41.420000 -1.982896 -3.521549 0.099861
41.425000 -2.000504 -3.491805 0.099943
41.430000 -2.017963 -3.461798 0.100026
41.435000 -2.035272 -3.431528 0.100108
41.440000 -2.052430 -3.400999 0.100191
41.445000 -2.069435 -3.370213 0.100273
41.450000 -2.086286 -3.339171 0.100356
41.455000 -2.102982 -3.307877 0.100438
41.460000 -2.119521 -3.276332 0.100521
41.465000 -2.135903 -3.244539 0.100603
41.470000 -2.152125 -3.212501 0.100686
41.475000 -2.168188 -3.180219 0.100769
41.480000 -2.184089 -3.147696 0.100851
41.485000 -2.199827 -3.114935 0.100934
41.490000 -2.215402 -3.081937 0.101016
41.495000 -2.230812 -3.048706 0.101099
41.500000 -2.246055 -3.015244 0.101181
41.505000 -2.261131 -2.981553 0.101264
41.510000 -2.276039 -2.947636 0.101347
41.515000 -2.290777 -2.913496 0.101429
41.520000 -2.305345 -2.879134 0.101512
41.525000 -2.319741 -2.844554 0.101594
41.530000 -2.333963 -2.809758 0.101677
41.535000 -2.348012 -2.774748 0.101760
41.540000 -2.361886 -2.739528 0.101842
41.545000 -2.375584 -2.704100 0.101925
41.550000 -2.389104 -2.668466 0.102008
41.555000 -2.402446 -2.632630 0.102090
41.560000 -2.415609 -2.596593 0.102173
41.565000 -2.428592 -2.560359 0.102255
41.570000 -2.441394 -2.523930 0.102338
41.575000 -2.454014 -2.487309 0.102421
41.580000 -2.466450 -2.450499 0.102504
41.585000 -2.478703 -2.413502 0.102586
41.590000 -2.490770 -2.376321 0.102669
41.595000 -2.502652 -2.338960 0.102752
41.600000 -2.514347 -2.301420 0.102834
41.605000 -2.525854 -2.263705 0.102917
41.610000 -2.537172 -2.225817 0.103000
41.615000 -2.548302 -2.187759 0.103082
41.620000 -2.559240 -2.149535 0.103165
41.625000 -2.569988 -2.111146 0.103248
41.630000 -2.580544 -2.072597 0.103331
41.635000 -2.590907 -2.033888 0.103413
41.640000 -2.601076 -1.995025 0.103496
41.645000 -2.611051 -1.956009 0.103579
41.650000 -2.620831 -1.916843 0.103662
41.655000 -2.630416 -1.877530 0.103744
41.660000 -2.639803 -1.838074 0.103827
41.665000 -2.648994 -1.798477 0.103910
41.670000 -2.657986 -1.758742 0.103993
41.675000 -2.666780 -1.718872 0.104076
41.680000 -2.675374 -1.678871 0.104158
41.685000 -2.683768 -1.638740 0.104241
41.690000 -2.691962 -1.598484 0.104324
41.695000 -2.699955 -1.558104 0.104407
41.700000 -2.707745 -1.517605 0.104490
41.705000 -2.715333 -1.476989 0.104573
41.710000 -2.722718 -1.436259 0.104655
41.715000 -2.729899 -1.395418 0.104738
41.720000 -2.736876 -1.354469 0.104821
41.725000 -2.743649 -1.313416 0.104904
41.730000 -2.750216 -1.272262 0.104987
41.735000 -2.756577 -1.231008 0.105070
41.740000 -2.762732 -1.189660 0.105153
41.745000 -2.768680 -1.148219 0.105235
41.750000 -2.774422 -1.106688 0.105318
41.755000 -2.779955 -1.065072 0.105401
41.760000 -2.785280 -1.023373 0.105484
41.765000 -2.790397 -0.981594 0.105567
41.770000 -2.795305 -0.939738 0.105650
41.775000 -2.800004 -0.897808 0.105733
41.780000 -2.804493 -0.855808 0.105816
41.785000 -2.808772 -0.813741 0.105899
41.790000 -2.812841 -0.771609 0.105982
41.795000 -2.816699 -0.729416 0.106065
41.800000 -2.820346 -0.687166 0.106148
41.805000 -2.823782 -0.644861 0.106231
41.810000 -2.827006 -0.602504 0.106314
41.815000 -2.830018 -0.560099 0.106397
41.820000 -2.832819 -0.517649 0.106480
41.825000 -2.835407 -0.475156 0.106563
41.830000 -2.837783 -0.432625 0.106646
41.835000 -2.839946 -0.390058 0.106729
41.840000 -2.841896 -0.347459 0.106812
41.845000 -2.843634 -0.304831 0.106895
41.850000 -2.845158 -0.262176 0.106978
41.855000 -2.846469 -0.219499 0.107061
41.860000 -2.847566 -0.176802 0.107144
41.865000 -2.848450 -0.134088 0.107227
41.870000 -2.849121 -0.091362 0.107310
41.875000 -2.849577 -0.048625 0.107393
41.880000 -2.849821 -0.005881 0.107476
41.885000 -2.849850 0.036866 0.107559
41.890000 -2.849666 0.079614 0.107642
41.895000 -2.849268 0.122359 0.107725
41.900000 -2.848656 0.165098 0.107808
41.905000 -2.847830 0.207828 0.107891
41.910000 -2.846791 0.250545 0.107974
41.915000 -2.845538 0.293247 0.108057
41.920000 -2.844072 0.335930 0.108140
41.925000 -2.842393 0.378591 0.108224
41.930000 -2.840500 0.421227 0.108307
41.935000 -2.838393 0.463835 0.108390
41.940000 -2.836074 0.506410 0.108473
41.945000 -2.833542 0.548952 0.108556
41.950000 -2.830798 0.591455 0.108639
41.955000 -2.827840 0.633917 0.108722
41.960000 -2.824671 0.676334 0.108805
41.965000 -2.821289 0.718704 0.108889
41.970000 -2.817695 0.761024 0.108972
41.975000 -2.813890 0.803289 0.109055
41.980000 -2.809874 0.845497 0.109138
41.985000 -2.805646 0.887646 0.109221
41.990000 -2.801208 0.929730 0.109305
41.995000 -2.796560 0.971748 0.109388
42.000000 -2.791701 1.013697 0.109471
42.005000 -2.786632 1.055572 0.109554
42.010000 -2.781354 1.097372 0.109637
42.015000 -2.775868 1.139092 0.109721
42.020000 -2.770172 1.180730 0.109804
42.025000 -2.764268 1.222283 0.109887
42.030000 -2.758157 1.263747 0.109970
42.035000 -2.751838 1.305119 0.110054
42.040000 -2.745313 1.346397 0.110137
42.045000 -2.738581 1.387576 0.110220
42.050000 -2.731643 1.428655 0.110303
42.055000 -2.724500 1.469630 0.110387
42.060000 -2.717151 1.510497 0.110470
42.065000 -2.709599 1.551254 0.110553
42.070000 -2.701843 1.591898 0.110636
42.075000 -2.693883 1.632426 0.110720
42.080000 -2.685721 1.672834 0.110803
42.085000 -2.677357 1.713120 0.110886
42.090000 -2.668791 1.753280 0.110970
42.095000 -2.660025 1.793312 0.111053
42.100000 -2.651058 1.833213 0.111136
42.105000 -2.641892 1.872979 0.111220
42.110000 -2.632527 1.912607 0.111303
42.115000 -2.622964 1.952095 0.111386
42.120000 -2.613204 1.991439 0.111470
42.125000 -2.603247 2.030637 0.111553
42.130000 -2.593093 2.069686 0.111636
42.135000 -2.582745 2.108583 0.111720
42.140000 -2.572202 2.147324 0.111803
42.145000 -2.561466 2.185907 0.111887
42.150000 -2.550536 2.224329 0.111970
42.155000 -2.539414 2.262587 0.112053
42.160000 -2.528101 2.300678 0.112137
42.165000 -2.516598 2.338599 0.112220
42.170000 -2.504905 2.376348 0.112304
42.175000 -2.493023 2.413922 0.112387
42.180000 -2.480954 2.451317 0.112470
42.185000 -2.468697 2.488532 0.112554
42.190000 -2.456254 2.525562 0.112637
42.195000 -2.443627 2.562406 0.112721
42.200000 -2.430815 2.599060 0.112804
42.205000 -2.417819 2.635523 0.112888
42.210000 -2.404642 2.671790 0.112971
42.215000 -2.391283 2.707859 0.113055
42.220000 -2.377743 2.743729 0.113138
42.225000 -2.364025 2.779395 0.113222
42.230000 -2.350128 2.814855 0.113305
42.235000 -2.336054 2.850107 0.113389
42.240000 -2.321803 2.885148 0.113472
42.245000 -2.307377 2.919975 0.113556
42.250000 -2.292777 2.954586 0.113639
42.255000 -2.278004 2.988977 0.113723
42.260000 -2.263060 3.023147 0.113806
42.265000 -2.247944 3.057093 0.113890
42.270000 -2.232658 3.090812 0.113973
42.275000 -2.217204 3.124302 0.114057
42.280000 -2.201583 3.157560 0.114140
42.285000 -2.185795 3.190584 0.114224
42.290000 -2.169842 3.223371 0.114307
42.295000 -2.153725 3.255919 0.114391
42.300000 -2.137446 3.288225 0.114475
42.305000 -2.121004 3.320286 0.114558
42.310000 -2.104403 3.352101 0.114642
42.315000 -2.087643 3.383667 0.114725
42.320000 -2.070724 3.414982 0.114809
42.325000 -2.053649 3.446043 0.114893
42.330000 -2.036419 3.476848 0.114976
42.335000 -2.019035 3.507394 0.115060
42.340000 -2.001498 3.537679 0.115143
42.345000 -1.983809 3.567702 0.115227
42.350000 -1.965971 3.597459 0.115311
42.355000 -1.947984 3.626949 0.115394
42.360000 -1.929849 3.656168 0.115478
42.365000 -1.911568 3.685116 0.115562
42.370000 -1.893143 3.713790 0.115645
42.375000 -1.874574 3.742187 0.115729
42.380000 -1.855863 3.770305 0.115813
42.385000 -1.837011 3.798143 0.115896
42.390000 -1.818020 3.825698 0.115980
42.395000 -1.798892 3.852969 0.116064
42.400000 -1.779627 3.879952 0.116148
42.405000 -1.760227 3.906647 0.116231
42.410000 -1.740694 3.933050 0.116315
42.415000 -1.721029 3.959160 0.116399
42.420000 -1.701233 3.984976 0.116482
42.425000 -1.681308 4.010494 0.116566
42.430000 -1.661256 4.035714 0.116650
42.435000 -1.641077 4.060633 0.116734
42.440000 -1.620774 4.085249 0.116817
42.445000 -1.600348 4.109560 0.116901
42.450000 -1.579800 4.133566 0.116985
42.455000 -1.559132 4.157263 0.117069
42.460000 -1.538346 4.180650 0.117152
42.465000 -1.517442 4.203725 0.117236
42.470000 -1.496424 4.226487 0.117320
42.475000 -1.475291 4.248933 0.117404
42.480000 -1.454047 4.271062 0.117488
42.485000 -1.432691 4.292873 0.117571
42.490000 -1.411227 4.314363 0.117655
42.495000 -1.389655 4.335532 0.117739
42.500000 -1.367978 4.356377 0.117823
42.505000 -1.346196 4.376896 0.117907
42.510000 -1.324311 4.397089 0.117991
42.515000 -1.302326 4.416954 0.118074
42.520000 -1.280241 4.436489 0.118158
42.525000 -1.258059 4.455692 0.118242
42.530000 -1.235780 4.474563 0.118326
42.535000 -1.213407 4.493100 0.118410
42.540000 -1.190942 4.511301 0.118494
42.545000 -1.168385 4.529165 0.118578
42.550000 -1.145739 4.546691 0.118662
42.555000 -1.123006 4.563877 0.118745
42.560000 -1.100187 4.580722 0.118829
42.565000 -1.077283 4.597225 0.118913
42.570000 -1.054297 4.613384 0.118997
42.575000 -1.031230 4.629199 0.119081
42.580000 -1.008084 4.644667 0.119165
42.585000 -0.984861 4.659788 0.119249
42.590000 -0.961562 4.674561 0.119333
42.595000 -0.938189 4.688985 0.119417
42.600000 -0.914744 4.703057 0.119501
42.605000 -0.891229 4.716779 0.119585
42.610000 -0.867645 4.730147 0.119669
42.615000 -0.843994 4.743162 0.119753
42.620000 -0.820278 4.755822 0.119837
42.625000 -0.796499 4.768126 0.119921
42.630000 -0.772659 4.780073 0.120005
42.635000 -0.748758 4.791663 0.120089
42.640000 -0.724800 4.802895 0.120173
42.645000 -0.700785 4.813767 0.120257
42.650000 -0.676717 4.824278 0.120341
42.655000 -0.652595 4.834429 0.120425
42.660000 -0.628423 4.844218 0.120509
42.665000 -0.604202 4.853644 0.120593
42.670000 -0.579934 4.862707 0.120677
42.675000 -0.555620 4.871406 0.120761
42.680000 -0.531263 4.879741 0.120845
42.685000 -0.506864 4.887710 0.120929
42.690000 -0.482426 4.895313 0.121013
42.695000 -0.457949 4.902549 0.121097
42.700000 -0.433437 4.909418 0.121181
42.705000 -0.408889 4.915920 0.121265
42.710000 -0.384310 4.922053 0.121350
42.715000 -0.359700 4.927818 0.121434
42.720000 -0.335061 4.933213 0.121518
42.725000 -0.310394 4.938239 0.121602
42.730000 -0.285703 4.942895 0.121686
42.735000 -0.260989 4.947181 0.121770
42.740000 -0.236253 4.951095 0.121854
42.745000 -0.211497 4.954639 0.121938
42.750000 -0.186724 4.957812 0.122022
42.755000 -0.161935 4.960613 0.122107
42.760000 -0.137132 4.963042 0.122191
42.765000 -0.112317 4.965099 0.122275
42.770000 -0.087491 4.966783 0.122359
42.775000 -0.062657 4.968096 0.122443
42.780000 -0.037817 4.969036 0.122528
42.785000 -0.012972 4.969603 0.122612
42.790000 0.011876 4.969797 0.122696
42.795000 0.036725 4.969619 0.122780
42.800000 0.061573 4.969068 0.122864
42.805000 0.086419 4.968145 0.122949
42.810000 0.111259 4.966849 0.123033
42.815000 0.136094 4.965180 0.123117
42.820000 0.160919 4.963138 0.123201
42.825000 0.185735 4.960724 0.123285
42.830000 0.210539 4.957938 0.123370
42.835000 0.235329 4.954780 0.123454
42.840000 0.260102 4.951250 0.123538
42.845000 0.284859 4.947349 0.123622
42.850000 0.309595 4.943076 0.123707
42.855000 0.334311 4.938432 0.123791
42.860000 0.359003 4.933417 0.123875
42.865000 0.383670 4.928032 0.123960
42.870000 0.408310 4.922277 0.124044
42.875000 0.432922 4.916153 0.124128
42.880000 0.457502 4.909659 0.124212
42.885000 0.482051 4.902796 0.124297
42.890000 0.506565 4.895566 0.124381
42.895000 0.531042 4.887967 0.124465
42.900000 0.555482 4.880001 0.124550
42.905000 0.579882 4.871669 0.124634
42.910000 0.604241 4.862971 0.124718
42.915000 0.628555 4.853907 0.124803
42.920000 0.652825 4.844479 0.124887
42.925000 0.677047 4.834687 0.124972
42.930000 0.701221 4.824531 0.125056
42.935000 0.725344 4.814013 0.125140
42.940000 0.749414 4.803132 0.125225
42.945000 0.773429 4.791891 0.125309
42.950000 0.797389 4.780290 0.125393
42.955000 0.821290 4.768329 0.125478
42.960000 0.845132 4.756010 0.125562
42.965000 0.868912 4.743333 0.125647
42.970000 0.892628 4.730299 0.125731
42.975000 0.916280 4.716910 0.125816
42.980000 0.939865 4.703165 0.125900
42.985000 0.963380 4.689067 0.125984
42.990000 0.986826 4.674617 0.126069
42.995000 1.010199 4.659814 0.126153
43.000000 1.033498 4.644661 0.126238
43.005000 1.056721 4.629159 0.126322
43.010000 1.079867 4.613308 0.126407
43.015000 1.102933 4.597110 0.126491
43.020000 1.125919 4.580566 0.126576
43.025000 1.148822 4.563677 0.126660
43.030000 1.171640 4.546445 0.126745
43.035000 1.194372 4.528870 0.126829
43.040000 1.217017 4.510955 0.126914
43.045000 1.239572 4.492699 0.126998
43.050000 1.262035 4.474106 0.127083
43.055000 1.284406 4.455175 0.127167
43.060000 1.306682 4.435909 0.127252
43.065000 1.328861 4.416309 0.127336
43.070000 1.350943 4.396376 0.127421
43.075000 1.372924 4.376112 0.127506
43.080000 1.394805 4.355518 0.127590
43.085000 1.416583 4.334596 0.127675
43.090000 1.438256 4.313347 0.127759
43.095000 1.459822 4.291773 0.127844
43.100000 1.481281 4.269876 0.127928
43.105000 1.502631 4.247657 0.128013
43.110000 1.523869 4.225117 0.128098
43.115000 1.544994 4.202259 0.128182
43.120000 1.566006 4.179085 0.128267
43.125000 1.586901 4.155594 0.128351
43.130000 1.607679 4.131791 0.128436
43.135000 1.628338 4.107676 0.128521
43.140000 1.648876 4.083251 0.128605
43.145000 1.669293 4.058518 0.128690
43.150000 1.689585 4.033478 0.128775
43.155000 1.709753 4.008134 0.128859
43.160000 1.729793 3.982488 0.128944
43.165000 1.749706 3.956541 0.129029
43.170000 1.769489 3.930296 0.129113
43.175000 1.789140 3.903753 0.129198
43.180000 1.808659 3.876916 0.129283
43.185000 1.828043 3.849786 0.129367
43.190000 1.847292 3.822366 0.129452
43.195000 1.866404 3.794656 0.129537
43.200000 1.885377 3.766660 0.129621
43.205000 1.904211 3.738379 0.129706
43.210000 1.922903 3.709816 0.129791
43.215000 1.941452 3.680973 0.129876
43.220000 1.959857 3.651851 0.129960
43.225000 1.978116 3.622453 0.130045
43.230000 1.996228 3.592781 0.130130
43.235000 2.014192 3.562838 0.130215
43.240000 2.032006 3.532625 0.130299
43.245000 2.049669 3.502145 0.130384
43.250000 2.067180 3.471400 0.130469
43.255000 2.084537 3.440392 0.130554
43.260000 2.101739 3.409124 0.130639
43.265000 2.118785 3.377598 0.130723
43.270000 2.135673 3.345816 0.130808
43.275000 2.152402 3.313781 0.130893
43.280000 2.168971 3.281495 0.130978
43.285000 2.185378 3.248961 0.131063
43.290000 2.201623 3.216180 0.131147
43.295000 2.217704 3.183156 0.131232
43.300000 2.233620 3.149890 0.131317
43.305000 2.249369 3.116386 0.131402
43.310000 2.264951 3.082645 0.131487
43.315000 2.280364 3.048671 0.131572
43.320000 2.295608 3.014466 0.131657
43.325000 2.310680 2.980031 0.131741
43.330000 2.325580 2.945371 0.131826
43.335000 2.340307 2.910488 0.131911
43.340000 2.354859 2.875383 0.131996
43.345000 2.369236 2.840060 0.132081
43.350000 2.383437 2.804522 0.132166
43.355000 2.397459 2.768770 0.132251
43.360000 2.411303 2.732808 0.132336
43.365000 2.424967 2.696639 0.132421
43.370000 2.438450 2.660264 0.132506
43.375000 2.451752 2.623687 0.132591
43.380000 2.464870 2.586911 0.132675
43.385000 2.477805 2.549938 0.132760
43.390000 2.490554 2.512771 0.132845
43.395000 2.503118 2.475413 0.132930
43.400000 2.515495 2.437866 0.133015
43.405000 2.527684 2.400133 0.133100
43.410000 2.539685 2.362218 0.133185
43.415000 2.551496 2.324123 0.133270
43.420000 2.563117 2.285850 0.133355
43.425000 2.574546 2.247404 0.133440
43.430000 2.585783 2.208785 0.133525
43.435000 2.596827 2.169999 0.133610
43.440000 2.607677 2.131046 0.133695
43.445000 2.618332 2.091931 0.133780
43.450000 2.628792 2.052656 0.133865
43.455000 2.639055 2.013224 0.133950
43.460000 2.649121 1.973638 0.134035
43.465000 2.658989 1.933902 0.134120
43.470000 2.668659 1.894017 0.134206
43.475000 2.678129 1.853987 0.134291
43.480000 2.687399 1.813815 0.134376
43.485000 2.696468 1.773504 0.134461
43.490000 2.705336 1.733057 0.134546
43.495000 2.714001 1.692477 0.134631
43.500000 2.722463 1.651767 0.134716
43.505000 2.730722 1.610930 0.134801
43.510000 2.738777 1.569969 0.134886
43.515000 2.746627 1.528888 0.134971
43.520000 2.754271 1.487688 0.135056
43.525000 2.761709 1.446374 0.135142
43.530000 2.768941 1.404948 0.135227
43.535000 2.775966 1.363414 0.135312
43.540000 2.782783 1.321775 0.135397
43.545000 2.789392 1.280033 0.135482
43.550000 2.795792 1.238192 0.135567
43.555000 2.801983 1.196255 0.135653
43.560000 2.807964 1.154226 0.135738
43.565000 2.813736 1.112106 0.135823
43.570000 2.819296 1.069900 0.135908
43.575000 2.824646 1.027611 0.135993
43.580000 2.829784 0.985241 0.136078
43.585000 2.834710 0.942794 0.136164
43.590000 2.839424 0.900274 0.136249
43.595000 2.843925 0.857682 0.136334
43.600000 2.848214 0.815023 0.136419
43.605000 2.852289 0.772300 0.136505
43.610000 2.856150 0.729516 0.136590
43.615000 2.859798 0.686673 0.136675
43.620000 2.863231 0.643777 0.136760
43.625000 2.866450 0.600828 0.136846
43.630000 2.869454 0.557831 0.136931
43.635000 2.872243 0.514789 0.137016
43.640000 2.874817 0.471706 0.137101
43.645000 2.877176 0.428584 0.137187
43.650000 2.879319 0.385426 0.137272
43.655000 2.881246 0.342236 0.137357
43.660000 2.882957 0.299017 0.137443
43.665000 2.884452 0.255773 0.137528
43.670000 2.885731 0.212506 0.137613
43.675000 2.886794 0.169220 0.137698
43.680000 2.887640 0.125918 0.137784
43.685000 2.888269 0.082604 0.137869
43.690000 2.888682 0.039280 0.137954
43.695000 2.888879 -0.004050 0.138040
43.700000 2.888858 -0.047384 0.138125
43.705000 2.888621 -0.090716 0.138211
43.710000 2.888168 -0.134046 0.138296
43.715000 2.887498 -0.177368 0.138381
43.720000 2.886611 -0.220681 0.138467
43.725000 2.885507 -0.263980 0.138552
43.730000 2.884188 -0.307263 0.138637
43.735000 2.882651 -0.350525 0.138723
43.740000 2.880899 -0.393765 0.138808
43.745000 2.878930 -0.436979 0.138894
43.750000 2.876745 -0.480163 0.138979
43.755000 2.874344 -0.523314 0.139064
43.760000 2.871727 -0.566429 0.139150
43.765000 2.868895 -0.609505 0.139235
43.770000 2.865848 -0.652538 0.139321
43.775000 2.862585 -0.695526 0.139406
43.780000 2.859107 -0.738465 0.139492
43.785000 2.855415 -0.781351 0.139577
43.790000 2.851508 -0.824183 0.139663
43.795000 2.847388 -0.866955 0.139748
43.800000 2.843053 -0.909666 0.139834
43.805000 2.838504 -0.952312 0.139919
43.810000 2.833743 -0.994889 0.140005
43.815000 2.828768 -1.037396 0.140090
43.820000 2.823581 -1.079827 0.140176
43.825000 2.818182 -1.122181 0.140261
43.830000 2.812571 -1.164453 0.140347
43.835000 2.806749 -1.206642 0.140432
43.840000 2.800716 -1.248743 0.140518
43.845000 2.794472 -1.290754 0.140603
43.850000 2.788018 -1.332671 0.140689
43.855000 2.781355 -1.374491 0.140774
43.860000 2.774483 -1.416212 0.140860
43.865000 2.767402 -1.457829 0.140945
43.870000 2.760112 -1.499340 0.141031
43.875000 2.752616 -1.540742 0.141117
43.880000 2.744912 -1.582031 0.141202
43.885000 2.737002 -1.623205 0.141288
43.890000 2.728886 -1.664260 0.141373
43.895000 2.720565 -1.705193 0.141459
43.900000 2.712039 -1.746001 0.141545
43.905000 2.703309 -1.786682 0.141630
43.910000 2.694375 -1.827232 0.141716
43.915000 2.685239 -1.867647 0.141801
43.920000 2.675901 -1.907926 0.141887
43.925000 2.666361 -1.948064 0.141973
43.930000 2.656621 -1.988060 0.142058
43.935000 2.646680 -2.027909 0.142144
43.940000 2.636541 -2.067609 0.142230
43.945000 2.626203 -2.107157 0.142315
43.950000 2.615667 -2.146550 0.142401
43.955000 2.604934 -2.185785 0.142487
43.960000 2.594005 -2.224859 0.142572
43.965000 2.582881 -2.263769 0.142658
43.970000 2.571562 -2.302513 0.142744
43.975000 2.560050 -2.341086 0.142829
43.980000 2.548344 -2.379487 0.142915
43.985000 2.536447 -2.417712 0.143001
43.990000 2.524358 -2.455759 0.143087
43.995000 2.512080 -2.493624 0.143172
44.000000 2.499611 -2.531305 0.143258
44.005000 2.486955 -2.568799 0.143344
44.010000 2.474111 -2.606104 0.143430
44.015000 2.461080 -2.643215 0.143515
44.020000 2.447864 -2.680132 0.143601
44.025000 2.434464 -2.716850 0.143687
44.030000 2.420879 -2.753367 0.143773
44.035000 2.407113 -2.789680 0.143858
44.040000 2.393164 -2.825786 0.143944
44.045000 2.379035 -2.861684 0.144030
44.050000 2.364727 -2.897369 0.144116
44.055000 2.350240 -2.932840 0.144202
44.060000 2.335576 -2.968094 0.144287
44.065000 2.320735 -3.003128 0.144373
44.070000 2.305720 -3.037939 0.144459
44.075000 2.290530 -3.072524 0.144545
44.080000 2.275167 -3.106882 0.144631
44.085000 2.259633 -3.141010 0.144717
44.090000 2.243928 -3.174904 0.144802
44.095000 2.228053 -3.208563 0.144888
44.100000 2.212011 -3.241984 0.144974
44.105000 2.195801 -3.275164 0.145060
44.110000 2.179425 -3.308101 0.145146
44.115000 2.162884 -3.340793 0.145232
44.120000 2.146180 -3.373236 0.145318
44.125000 2.129314 -3.405429 0.145404
44.130000 2.112287 -3.437368 0.145490
44.135000 2.095100 -3.469053 0.145575
44.140000 2.077755 -3.500479 0.145661
44.145000 2.060252 -3.531645 0.145747
44.150000 2.042594 -3.562549 0.145833
44.155000 2.024781 -3.593188 0.145919
44.160000 2.006816 -3.623560 0.146005
44.165000 1.988698 -3.653662 0.146091
44.170000 1.970429 -3.683493 0.146177
44.175000 1.952012 -3.713049 0.146263
44.180000 1.933447 -3.742329 0.146349
44.185000 1.914735 -3.771331 0.146435
44.190000 1.895878 -3.800052 0.146521
44.195000 1.876878 -3.828490 0.146607
44.200000 1.857736 -3.856643 0.146693
44.205000 1.838453 -3.884509 0.146779
44.210000 1.819030 -3.912086 0.146865
44.215000 1.799470 -3.939372 0.146951
44.220000 1.779773 -3.966364 0.147037
44.225000 1.759941 -3.993060 0.147123
44.230000 1.739976 -4.019459 0.147209
44.235000 1.719878 -4.045559 0.147295
44.240000 1.699650 -4.071357 0.147381
44.245000 1.679294 -4.096852 0.147467
44.250000 1.658809 -4.122041 0.147553
44.255000 1.638199 -4.146923 0.147639
44.260000 1.617465 -4.171496 0.147725
44.265000 1.596607 -4.195758 0.147811
44.270000 1.575628 -4.219707 0.147897
44.275000 1.554530 -4.243342 0.147984
44.280000 1.533313 -4.266660 0.148070
44.285000 1.511980 -4.289660 0.148156
44.290000 1.490531 -4.312339 0.148242
44.295000 1.468970 -4.334697 0.148328
44.300000 1.447296 -4.356732 0.148414
44.305000 1.425513 -4.378441 0.148500
44.310000 1.403620 -4.399824 0.148586
44.315000 1.381621 -4.420878 0.148673
44.320000 1.359517 -4.441603 0.148759
44.325000 1.337309 -4.461995 0.148845
44.330000 1.314999 -4.482055 0.148931
44.335000 1.292589 -4.501780 0.149017
44.340000 1.270080 -4.521169 0.149103
44.345000 1.247474 -4.540220 0.149190
44.350000 1.224773 -4.558932 0.149276
44.355000 1.201978 -4.577304 0.149362
44.360000 1.179092 -4.595333 0.149448
44.365000 1.156115 -4.613020 0.149534
44.370000 1.133050 -4.630361 0.149621
44.375000 1.109898 -4.647357 0.149707
44.380000 1.086661 -4.664006 0.149793
44.385000 1.063341 -4.680306 0.149879
44.390000 1.039940 -4.696256 0.149965
44.395000 1.016458 -4.711855 0.150052
44.400000 0.992899 -4.727102 0.150138
44.405000 0.969264 -4.741995 0.150224
44.410000 0.945554 -4.756534 0.150311
44.415000 0.921771 -4.770717 0.150397
44.420000 0.897917 -4.784544 0.150483
44.425000 0.873995 -4.798013 0.150569
44.430000 0.850005 -4.811123 0.150656
44.435000 0.825949 -4.823873 0.150742
44.440000 0.801830 -4.836262 0.150828
44.445000 0.777648 -4.848289 0.150915
44.450000 0.753407 -4.859954 0.151001
44.455000 0.729107 -4.871255 0.151087
44.460000 0.704751 -4.882192 0.151174
44.465000 0.680340 -4.892763 0.151260
44.470000 0.655876 -4.902968 0.151346
44.475000 0.631361 -4.912806 0.151433
44.480000 0.606797 -4.922277 0.151519
44.485000 0.582186 -4.931379 0.151605
44.490000 0.557529 -4.940111 0.151692
44.495000 0.532828 -4.948474 0.151778
44.500000 0.508086 -4.956467 0.151864
44.505000 0.483304 -4.964088 0.151951
44.510000 0.458483 -4.971338 0.152037
44.515000 0.433627 -4.978215 0.152124
44.520000 0.408735 -4.984719 0.152210
44.525000 0.383812 -4.990850 0.152296
44.530000 0.358858 -4.996608 0.152383
44.535000 0.333875 -5.001990 0.152469
44.540000 0.308865 -5.006998 0.152556
44.545000 0.283830 -5.011631 0.152642
44.550000 0.258771 -5.015889 0.152729
44.555000 0.233692 -5.019770 0.152815
44.560000 0.208593 -5.023276 0.152902
44.565000 0.183477 -5.026405 0.152988
44.570000 0.158345 -5.029157 0.153074
44.575000 0.133199 -5.031532 0.153161
44.580000 0.108041 -5.033530 0.153247
44.585000 0.082874 -5.035151 0.153334
44.590000 0.057698 -5.036394 0.153420
44.595000 0.032516 -5.037259 0.153507
44.600000 0.007330 -5.037747 0.153593
44.605000 -0.017859 -5.037857 0.153680
44.610000 -0.043048 -5.037589 0.153767
44.615000 -0.068236 -5.036943 0.153853
44.620000 -0.093421 -5.035920 0.153940
44.625000 -0.118601 -5.034518 0.154026
44.630000 -0.143773 -5.032739 0.154113
44.635000 -0.168937 -5.030583 0.154199
44.640000 -0.194090 -5.028049 0.154286
44.645000 -0.219230 -5.025137 0.154372
44.650000 -0.244356 -5.021849 0.154459
44.655000 -0.269465 -5.018184 0.154546
44.660000 -0.294556 -5.014142 0.154632
44.665000 -0.319627 -5.009723 0.154719
44.670000 -0.344675 -5.004929 0.154805
44.675000 -0.369700 -4.999759 0.154892
44.680000 -0.394699 -4.994213 0.154979
44.685000 -0.419670 -4.988293 0.155065
44.690000 -0.444611 -4.981998 0.155152
44.695000 -0.469521 -4.975329 0.155238
44.700000 -0.494398 -4.968286 0.155325
44.705000 -0.519239 -4.960870 0.155412
44.710000 -0.544044 -4.953081 0.155498
44.715000 -0.568809 -4.944921 0.155585
44.720000 -0.593534 -4.936388 0.155672
44.725000 -0.618216 -4.927485 0.155758
44.730000 -0.642853 -4.918212 0.155845
44.735000 -0.667444 -4.908569 0.155932
44.740000 -0.691987 -4.898558 0.156018
44.745000 -0.716480 -4.888178 0.156105
44.750000 -0.740921 -4.877431 0.156192
44.755000 -0.765308 -4.866317 0.156279
44.760000 -0.789639 -4.854837 0.156365
44.765000 -0.813913 -4.842993 0.156452
44.770000 -0.838128 -4.830784 0.156539
44.775000 -0.862282 -4.818212 0.156626
44.780000 -0.886373 -4.805278 0.156712
44.785000 -0.910400 -4.791982 0.156799
44.790000 -0.934360 -4.778326 0.156886
44.795000 -0.958251 -4.764311 0.156973
44.800000 -0.982073 -4.749937 0.157059
44.805000 -1.005823 -4.735206 0.157146
44.810000 -1.029499 -4.720119 0.157233
44.815000 -1.053099 -4.704676 0.157320
44.820000 -1.076623 -4.688880 0.157406
44.825000 -1.100067 -4.672730 0.157493
44.830000 -1.123431 -4.656229 0.157580
44.835000 -1.146712 -4.639378 0.157667
44.840000 -1.169909 -4.622177 0.157754
44.845000 -1.193020 -4.604629 0.157841
44.850000 -1.216043 -4.586733 0.157927
44.855000 -1.238976 -4.568493 0.158014
44.860000 -1.261819 -4.549908 0.158101
44.865000 -1.284568 -4.530981 0.158188
44.870000 -1.307223 -4.511712 0.158275
44.875000 -1.329782 -4.492104 0.158362
44.880000 -1.352242 -4.472157 0.158449
44.885000 -1.374603 -4.451874 0.158535
44.890000 -1.396863 -4.431254 0.158622
44.895000 -1.419019 -4.410302 0.158709
44.900000 -1.441070 -4.389016 0.158796
44.905000 -1.463015 -4.367400 0.158883
44.910000 -1.484852 -4.345455 0.158970
44.915000 -1.506580 -4.323182 0.159057
44.920000 -1.528196 -4.300584 0.159144
44.925000 -1.549699 -4.277661 0.159231
44.930000 -1.571087 -4.254415 0.159318
44.935000 -1.592359 -4.230849 0.159405
44.940000 -1.613513 -4.206963 0.159492
44.945000 -1.634548 -4.182761 0.159579
44.950000 -1.655462 -4.158242 0.159666
44.955000 -1.676253 -4.133411 0.159752
44.960000 -1.696920 -4.108267 0.159839
44.965000 -1.717461 -4.082813 0.159926
44.970000 -1.737875 -4.057051 0.160013
44.975000 -1.758161 -4.030983 0.160100
44.980000 -1.778316 -4.004611 0.160187
44.985000 -1.798339 -3.977936 0.160274
44.990000 -1.818228 -3.950961 0.160362
44.995000 -1.837983 -3.923687 0.160449
45.000000 -1.857602 -3.896118 0.160536
45.005000 -1.877082 -3.868254 0.160623
45.010000 -1.896423 -3.840097 0.160710
45.015000 -1.915624 -3.811651 0.160797
45.020000 -1.934682 -3.782917 0.160884
45.025000 -1.953597 -3.753896 0.160971
45.030000 -1.972366 -3.724592 0.161058
45.035000 -1.990989 -3.695007 0.161145
45.040000 -2.009464 -3.665142 0.161232
45.045000 -2.027790 -3.635000 0.161319
45.050000 -2.045965 -3.604583 0.161406
45.055000 -2.063988 -3.573894 0.161493
45.060000 -2.081857 -3.542934 0.161580
45.065000 -2.099572 -3.511706 0.161668
45.070000 -2.117131 -3.480213 0.161755
45.075000 -2.134532 -3.448456 0.161842
45.080000 -2.151774 -3.416438 0.161929
45.085000 -2.168856 -3.384161 0.162016
45.090000 -2.185777 -3.351628 0.162103
45.095000 -2.202535 -3.318841 0.162190
45.100000 -2.219129 -3.285803 0.162278
45.105000 -2.235558 -3.252517 0.162365
45.110000 -2.251821 -3.218983 0.162452
45.115000 -2.267916 -3.185206 0.162539
45.120000 -2.283842 -3.151187 0.162626
45.125000 -2.299598 -3.116929 0.162714
45.130000 -2.315182 -3.082435 0.162801
45.135000 -2.330594 -3.047708 0.162888
45.140000 -2.345833 -3.012749 0.162975
45.145000 -2.360897 -2.977561 0.163062
45.150000 -2.375785 -2.942148 0.163150
45.155000 -2.390495 -2.906511 0.163237
45.160000 -2.405028 -2.870654 0.163324
45.165000 -2.419381 -2.834578 0.163411
45.170000 -2.433554 -2.798288 0.163499
45.175000 -2.447545 -2.761784 0.163586
45.180000 -2.461354 -2.725071 0.163673
45.185000 -2.474980 -2.688151 0.163760
45.190000 -2.488421 -2.651026 0.163848
45.195000 -2.501676 -2.613700 0.163935
45.200000 -2.514744 -2.576175 0.164022
45.205000 -2.527625 -2.538453 0.164110
45.210000 -2.540317 -2.500539 0.164197
45.215000 -2.552820 -2.462434 0.164284
45.220000 -2.565132 -2.424142 0.164372
45.225000 -2.577253 -2.385665 0.164459
45.230000 -2.589181 -2.347006 0.164546
45.235000 -2.600916 -2.308169 0.164634
45.240000 -2.612457 -2.269155 0.164721
45.245000 -2.623803 -2.229968 0.164808
45.250000 -2.634953 -2.190611 0.164896
45.255000 -2.645906 -2.151087 0.164983
45.260000 -2.656661 -2.111398 0.165070
45.265000 -2.667218 -2.071548 0.165158
45.270000 -2.677576 -2.031540 0.165245
45.275000 -2.687734 -1.991376 0.165332
45.280000 -2.697690 -1.951060 0.165420
45.285000 -2.707446 -1.910595 0.165507
45.290000 -2.716999 -1.869983 0.165595
45.295000 -2.726349 -1.829228 0.165682
45.300000 -2.735495 -1.788333 0.165770
45.305000 -2.744436 -1.747300 0.165857
45.310000 -2.753173 -1.706134 0.165944
45.315000 -2.761704 -1.664836 0.166032
45.320000 -2.770028 -1.623411 0.166119
45.325000 -2.778145 -1.581860 0.166207
45.330000 -2.786054 -1.540188 0.166294
45.335000 -2.793755 -1.498397 0.166382
45.340000 -2.801247 -1.456491 0.166469
45.345000 -2.808530 -1.414472 0.166557
45.350000 -2.815602 -1.372344 0.166644
45.355000 -2.822464 -1.330110 0.166732
45.360000 -2.829114 -1.287773 0.166819
45.365000 -2.835553 -1.245337 0.166907
45.370000 -2.841780 -1.202803 0.166994
45.375000 -2.847794 -1.160177 0.167082
45.380000 -2.853595 -1.117460 0.167169
45.385000 -2.859182 -1.074656 0.167257
45.390000 -2.864555 -1.031768 0.167344
45.395000 -2.869714 -0.988800 0.167432
45.400000 -2.874658 -0.945754 0.167519
45.405000 -2.879387 -0.902634 0.167607
45.410000 -2.883900 -0.859443 0.167695
45.415000 -2.888197 -0.816185 0.167782
45.420000 -2.892278 -0.772862 0.167870
45.425000 -2.896142 -0.729478 0.167957
45.430000 -2.899790 -0.686036 0.168045
45.435000 -2.903220 -0.642539 0.168133
45.440000 -2.906433 -0.598991 0.168220
45.445000 -2.909428 -0.555394 0.168308
45.450000 -2.912205 -0.511753 0.168395
45.455000 -2.914763 -0.468070 0.168483
45.460000 -2.917104 -0.424348 0.168571
45.465000 -2.919225 -0.380592 0.168658
45.470000 -2.921128 -0.336803 0.168746
45.475000 -2.922812 -0.292986 0.168834
45.480000 -2.924277 -0.249144 0.168921
45.485000 -2.925523 -0.205280 0.169009
45.490000 -2.926550 -0.161397 0.169097
45.495000 -2.927357 -0.117499 0.169184
45.500000 -2.927944 -0.073588 0.169272
45.505000 -2.928312 -0.029669 0.169360
45.510000 -2.928460 0.014255 0.169447
45.515000 -2.928389 0.058182 0.169535
45.520000 -2.928098 0.102108 0.169623
45.525000 -2.927588 0.146030 0.169711
45.530000 -2.926857 0.189943 0.169798
45.535000 -2.925908 0.233846 0.169886
45.540000 -2.924738 0.277735 0.169974
45.545000 -2.923350 0.321606 0.170061
45.550000 -2.921742 0.365456 0.170149
45.555000 -2.919914 0.409282 0.170237
45.560000 -2.917868 0.453081 0.170325
45.565000 -2.915603 0.496849 0.170413
45.570000 -2.913118 0.540583 0.170500
45.575000 -2.910416 0.584280 0.170588
45.580000 -2.907494 0.627936 0.170676
45.585000 -2.904354 0.671549 0.170764
45.590000 -2.900997 0.715114 0.170851
45.595000 -2.897421 0.758629 0.170939
45.600000 -2.893628 0.802090 0.171027
45.605000 -2.889618 0.845495 0.171115
45.610000 -2.885390 0.888839 0.171203
45.615000 -2.880946 0.932120 0.171291
45.620000 -2.876285 0.975334 0.171378
45.625000 -2.871409 1.018478 0.171466
45.630000 -2.866316 1.061549 0.171554
45.635000 -2.861008 1.104544 0.171642
45.640000 -2.855486 1.147459 0.171730
45.645000 -2.849748 1.190291 0.171818
45.650000 -2.843797 1.233038 0.171906
45.655000 -2.837632 1.275695 0.171994
45.660000 -2.831253 1.318259 0.172081
45.665000 -2.824662 1.360728 0.172169
45.670000 -2.817858 1.403098 0.172257
45.675000 -2.810843 1.445366 0.172345
45.680000 -2.803616 1.487528 0.172433
45.685000 -2.796178 1.529583 0.172521
45.690000 -2.788531 1.571525 0.172609
45.695000 -2.780673 1.613353 0.172697
45.700000 -2.772606 1.655063 0.172785
45.705000 -2.764331 1.696652 0.172873
45.710000 -2.755848 1.738117 0.172961
45.715000 -2.747157 1.779455 0.173049
45.720000 -2.738260 1.820662 0.173137
45.725000 -2.729156 1.861736 0.173225
45.730000 -2.719848 1.902674 0.173313
45.735000 -2.710334 1.943471 0.173401
45.740000 -2.700617 1.984126 0.173489
45.745000 -2.690696 2.024636 0.173577
45.750000 -2.680573 2.064996 0.173665
45.755000 -2.670248 2.105205 0.173753
45.760000 -2.659722 2.145258 0.173841
45.765000 -2.648996 2.185154 0.173929
45.770000 -2.638070 2.224889 0.174017
45.775000 -2.626946 2.264460 0.174105
45.780000 -2.615623 2.303864 0.174193
45.785000 -2.604104 2.343099 0.174281
45.790000 -2.592389 2.382160 0.174369
45.795000 -2.580478 2.421046 0.174457
45.800000 -2.568372 2.459753 0.174545
45.805000 -2.556074 2.498279 0.174633
45.810000 -2.543582 2.536620 0.174722
45.815000 -2.530899 2.574774 0.174810
45.820000 -2.518025 2.612737 0.174898
45.825000 -2.504962 2.650508 0.174986
45.830000 -2.491709 2.688082 0.175074
45.835000 -2.478269 2.725458 0.175162
45.840000 -2.464641 2.762632 0.175250
45.845000 -2.450828 2.799601 0.175338
45.850000 -2.436830 2.836364 0.175427
45.855000 -2.422648 2.872916 0.175515
45.860000 -2.408284 2.909256 0.175603
45.865000 -2.393738 2.945380 0.175691
45.870000 -2.379011 2.981286 0.175779
45.875000 -2.364104 3.016971 0.175867
45.880000 -2.349019 3.052433 0.175956
45.885000 -2.333757 3.087668 0.176044
45.890000 -2.318319 3.122675 0.176132
45.895000 -2.302706 3.157449 0.176220
45.900000 -2.286918 3.191990 0.176308
45.905000 -2.270958 3.226294 0.176397
45.910000 -2.254827 3.260358 0.176485
45.915000 -2.238525 3.294181 0.176573
45.920000 -2.222054 3.327758 0.176661
45.925000 -2.205415 3.361089 0.176750
45.930000 -2.188610 3.394170 0.176838
45.935000 -2.171639 3.427000 0.176926
45.940000 -2.154504 3.459574 0.177014
45.945000 -2.137206 3.491892 0.177103
45.950000 -2.119747 3.523950 0.177191
45.955000 -2.102127 3.555746 0.177279
45.960000 -2.084348 3.587278 0.177368
45.965000 -2.066412 3.618543 0.177456
45.970000 -2.048319 3.649539 0.177544
45.975000 -2.030071 3.680264 0.177632
45.980000 -2.011670 3.710715 0.177721
45.985000 -1.993117 3.740890 0.177809
45.990000 -1.974412 3.770787 0.177897
45.995000 -1.955558 3.800403 0.177986
46.000000 -1.936556 3.829737 0.178074
46.005000 -1.917407 3.858785 0.178163
46.010000 -1.898114 3.887546 0.178251
46.015000 -1.878676 3.916018 0.178339
46.020000 -1.859096 3.944198 0.178428
46.025000 -1.839375 3.972084 0.178516
46.030000 -1.819514 3.999675 0.178604
46.035000 -1.799516 4.026968 0.178693
46.040000 -1.779381 4.053960 0.178781
46.045000 -1.759111 4.080651 0.178870
46.050000 -1.738708 4.107038 0.178958
46.055000 -1.718173 4.133118 0.179046
46.060000 -1.697507 4.158891 0.179135
46.065000 -1.676713 4.184354 0.179223
46.070000 -1.655791 4.209504 0.179312
46.075000 -1.634744 4.234341 0.179400
46.080000 -1.613572 4.258862 0.179489
46.085000 -1.592278 4.283066 0.179577
46.090000 -1.570862 4.306950 0.179666
46.095000 -1.549327 4.330513 0.179754
46.100000 -1.527675 4.353753 0.179843
46.105000 -1.505906 4.376668 0.179931
46.110000 -1.484023 4.399257 0.180020
46.115000 -1.462026 4.421517 0.180108
46.120000 -1.439919 4.443447 0.180197
46.125000 -1.417702 4.465046 0.180285
46.130000 -1.395376 4.486312 0.180374
46.135000 -1.372945 4.507242 0.180462
46.140000 -1.350409 4.527836 0.180551
46.145000 -1.327769 4.548093 0.180639
46.150000 -1.305029 4.568009 0.180728
46.155000 -1.282189 4.587585 0.180816
46.160000 -1.259251 4.606817 0.180905
46.165000 -1.236217 4.625706 0.180993
46.170000 -1.213088 4.644249 0.181082
46.175000 -1.189867 4.662446 0.181171
46.180000 -1.166555 4.680294 0.181259
46.185000 -1.143153 4.697792 0.181348
46.190000 -1.119665 4.714939 0.181436
46.195000 -1.096090 4.731734 0.181525
46.200000 -1.072431 4.748176 0.181614
46.205000 -1.048690 4.764262 0.181702
46.210000 -1.024869 4.779992 0.181791
46.215000 -1.000969 4.795366 0.181879
46.220000 -0.976992 4.810380 0.181968
46.225000 -0.952940 4.825035 0.182057
46.230000 -0.928815 4.839329 0.182145
46.235000 -0.904618 4.853261 0.182234
46.240000 -0.880352 4.866831 0.182323
46.245000 -0.856018 4.880036 0.182411
46.250000 -0.831618 4.892876 0.182500
46.255000 -0.807153 4.905350 0.182589
46.260000 -0.782627 4.917458 0.182677
46.265000 -0.758039 4.929197 0.182766
46.270000 -0.733393 4.940568 0.182855
46.275000 -0.708691 4.951569 0.182944
46.280000 -0.683933 4.962199 0.183032
46.285000 -0.659122 4.972458 0.183121
46.290000 -0.634259 4.982345 0.183210
46.295000 -0.609348 4.991859 0.183298
46.300000 -0.584388 5.000999 0.183387
46.305000 -0.559383 5.009765 0.183476
46.310000 -0.534335 5.018155 0.183565
46.315000 -0.509244 5.026170 0.183654
46.320000 -0.484113 5.033809 0.183742
46.325000 -0.458944 5.041071 0.183831
46.330000 -0.433739 5.047955 0.183920
46.335000 -0.408499 5.054461 0.184009
46.340000 -0.383227 5.060589 0.184097
46.345000 -0.357924 5.066337 0.184186
46.350000 -0.332592 5.071706 0.184275
46.355000 -0.307233 5.076695 0.184364
46.360000 -0.281850 5.081303 0.184453
46.365000 -0.256443 5.085531 0.184542
46.370000 -0.231016 5.089378 0.184630
46.375000 -0.205569 5.092843 0.184719
46.380000 -0.180105 5.095926 0.184808
46.385000 -0.154625 5.098628 0.184897
46.390000 -0.129132 5.100947 0.184986
46.395000 -0.103627 5.102884 0.185075
46.400000 -0.078113 5.104439 0.185164
46.405000 -0.052590 5.105610 0.185252
46.410000 -0.027062 5.106399 0.185341
46.415000 -0.001530 5.106805 0.185430
46.420000 0.024004 5.106828 0.185519
46.425000 0.049538 5.106468 0.185608
46.430000 0.075070 5.105725 0.185697
46.435000 0.100599 5.104599 0.185786
46.440000 0.126122 5.103090 0.185875
46.445000 0.151637 5.101198 0.185964
46.450000 0.177143 5.098924 0.186053
46.455000 0.202638 5.096266 0.186142
46.460000 0.228119 5.093227 0.186231
46.465000 0.253585 5.089805 0.186320
46.470000 0.279034 5.086001 0.186409
46.475000 0.304464 5.081816 0.186498
46.480000 0.329873 5.077249 0.186587
46.485000 0.355260 5.072301 0.186676
46.490000 0.380621 5.066972 0.186765
46.495000 0.405956 5.061262 0.186854
46.500000 0.431262 5.055173 0.186943
46.505000 0.456538 5.048704 0.187032
46.510000 0.481782 5.041856 0.187121
46.515000 0.506991 5.034629 0.187210
46.520000 0.532164 5.027025 0.187299
46.525000 0.557299 5.019042 0.187388
46.530000 0.582394 5.010683 0.187477
46.535000 0.607448 5.001947 0.187566
46.540000 0.632458 4.992835 0.187655
46.545000 0.657422 4.983348 0.187744
46.550000 0.682338 4.973487 0.187833
46.555000 0.707206 4.963252 0.187922
46.560000 0.732022 4.952644 0.188011
46.565000 0.756785 4.941663 0.188100
46.570000 0.781494 4.930312 0.188189
46.575000 0.806145 4.918589 0.188279
46.580000 0.830738 4.906497 0.188368
46.585000 0.855271 4.894036 0.188457
46.590000 0.879741 4.881207 0.188546
46.595000 0.904147 4.868011 0.188635
46.600000 0.928487 4.854448 0.188724
46.605000 0.952759 4.840521 0.188813
46.610000 0.976962 4.826230 0.188903
46.615000 1.001093 4.811575 0.188992
46.620000 1.025151 4.796559 0.189081
46.625000 1.049134 4.781182 0.189170
46.630000 1.073040 4.765445 0.189259
46.635000 1.096867 4.749349 0.189348
46.640000 1.120613 4.732896 0.189438
46.645000 1.144278 4.716087 0.189527
46.650000 1.167858 4.698923 0.189616
46.655000 1.191353 4.681405 0.189705
46.660000 1.214760 4.663535 0.189795
46.665000 1.238078 4.645313 0.189884
46.670000 1.261304 4.626742 0.189973
46.675000 1.284438 4.607822 0.190062
46.680000 1.307477 4.588556 0.190152
46.685000 1.330420 4.568944 0.190241
46.690000 1.353265 4.548987 0.190330
46.695000 1.376010 4.528688 0.190419
46.700000 1.398653 4.508048 0.190509
46.705000 1.421193 4.487069 0.190598
46.710000 1.443629 4.465751 0.190687
46.715000 1.465957 4.444096 0.190777
46.720000 1.488178 4.422107 0.190866
46.725000 1.510288 4.399784 0.190955
46.730000 1.532287 4.377130 0.191044
46.735000 1.554173 4.354146 0.191134
46.740000 1.575944 4.330833 0.191223
46.745000 1.597598 4.307194 0.191312
46.750000 1.619134 4.283230 0.191402
46.755000 1.640550 4.258943 0.191491
46.760000 1.661845 4.234335 0.191581
46.765000 1.683016 4.209407 0.191670
46.770000 1.704063 4.184162 0.191759
46.775000 1.724984 4.158601 0.191849
46.780000 1.745777 4.132726 0.191938
46.785000 1.766441 4.106539 0.192027
46.790000 1.786973 4.080043 0.192117
46.795000 1.807374 4.053238 0.192206
46.800000 1.827640 4.026127 0.192296
46.805000 1.847770 3.998713 0.192385
46.810000 1.867764 3.970996 0.192475
46.815000 1.887619 3.942980 0.192564
46.820000 1.907334 3.914666 0.192653
46.825000 1.926907 3.886056 0.192743
46.830000 1.946338 3.857152 0.192832
46.835000 1.965623 3.827957 0.192922
46.840000 1.984763 3.798473 0.193011
46.845000 2.003755 3.768701 0.193101
46.850000 2.022599 3.738645 0.193190
46.855000 2.041292 3.708306 0.193280
46.860000 2.059834 3.677686 0.193369
46.865000 2.078222 3.646789 0.193459
46.870000 2.096456 3.615616 0.193548
46.875000 2.114534 3.584169 0.193638
46.880000 2.132455 3.552451 0.193727
46.885000 2.150217 3.520464 0.193817
46.890000 2.167820 3.488211 0.193906
46.895000 2.185261 3.455693 0.193996
46.900000 2.202539 3.422914 0.194085
46.905000 2.219654 3.389876 0.194175
46.910000 2.236603 3.356582 0.194265
46.915000 2.253386 3.323032 0.194354
46.920000 2.270001 3.289232 0.194444
46.925000 2.286447 3.255182 0.194533
46.930000 2.302723 3.220885 0.194623
46.935000 2.318828 3.186344 0.194712
46.940000 2.334759 3.151562 0.194802
46.945000 2.350517 3.116540 0.194892
46.950000 2.366100 3.081283 0.194981
46.955000 2.381506 3.045791 0.195071
46.960000 2.396735 3.010068 0.195161
46.965000 2.411786 2.974117 0.195250
46.970000 2.426656 2.937941 0.195340
46.975000 2.441346 2.901541 0.195429
46.980000 2.455854 2.864921 0.195519
46.985000 2.470178 2.828083 0.195609
46.990000 2.484319 2.791030 0.195698
46.995000 2.498274 2.753765 0.195788
47.000000 2.512043 2.716291 0.195878
47.005000 2.525624 2.678611 0.195967
47.010000 2.539017 2.640726 0.196057
47.015000 2.552221 2.602641 0.196147
47.020000 2.565234 2.564358 0.196237
47.025000 2.578056 2.525879 0.196326
47.030000 2.590685 2.487208 0.196416
47.035000 2.603121 2.448348 0.196506
47.040000 2.615363 2.409301 0.196596
47.045000 2.627409 2.370071 0.196685
47.050000 2.639260 2.330660 0.196775
47.055000 2.650913 2.291071 0.196865
47.060000 2.662368 2.251307 0.196955
47.065000 2.673625 2.211372 0.197044
47.070000 2.684682 2.171267 0.197134
47.075000 2.695538 2.130997 0.197224
47.080000 2.706193 2.090564 0.197314
47.085000 2.716646 2.049971 0.197403
47.090000 2.726896 2.009221 0.197493
47.095000 2.736942 1.968318 0.197583
47.100000 2.746783 1.927264 0.197673
47.105000 2.756420 1.886062 0.197763
47.110000 2.765850 1.844716 0.197853
47.115000 2.775074 1.803228 0.197942
47.120000 2.784090 1.761602 0.198032
47.125000 2.792898 1.719840 0.198122
47.130000 2.801497 1.677947 0.198212
47.135000 2.809887 1.635925 0.198302
47.140000 2.818066 1.593776 0.198392
47.145000 2.826035 1.551505 0.198482
47.150000 2.833793 1.509115 0.198571
47.155000 2.841338 1.466608 0.198661
47.160000 2.848671 1.423988 0.198751
47.165000 2.855791 1.381258 0.198841
47.170000 2.862698 1.338421 0.198931
47.175000 2.869390 1.295480 0.199021
47.180000 2.875867 1.252440 0.199111
47.185000 2.882129 1.209301 0.199201
47.190000 2.888176 1.166070 0.199291
47.195000 2.894006 1.122747 0.199381
47.200000 2.899620 1.079337 0.199471
47.205000 2.905017 1.035843 0.199561
47.210000 2.910196 0.992267 0.199651
47.215000 2.915157 0.948614 0.199741
47.220000 2.919900 0.904887 0.199831
47.225000 2.924425 0.861088 0.199921
47.230000 2.928730 0.817222 0.200011
47.235000 2.932816 0.773291 0.200101
47.240000 2.936683 0.729299 0.200191
47.245000 2.940329 0.685249 0.200281
47.250000 2.943755 0.641144 0.200371
47.255000 2.946961 0.596987 0.200461
47.260000 2.949946 0.552783 0.200551
47.265000 2.952710 0.508534 0.200641
47.270000 2.955253 0.464243 0.200731
47.275000 2.957574 0.419914 0.200821
47.280000 2.959673 0.375551 0.200911
47.285000 2.961551 0.331156 0.201001
47.290000 2.963207 0.286732 0.201091
47.295000 2.964641 0.242284 0.201181
47.300000 2.965852 0.197815 0.201271
47.305000 2.966841 0.153327 0.201361
47.310000 2.967608 0.108824 0.201451
47.315000 2.968152 0.064310 0.201541
47.320000 2.968473 0.019788 0.201632
47.325000 2.968572 -0.024739 0.201722
47.330000 2.968449 -0.069268 0.201812
47.335000 2.968102 -0.113795 0.201902
47.340000 2.967533 -0.158316 0.201992
47.345000 2.966742 -0.202829 0.202082
47.350000 2.965728 -0.247330 0.202172
47.355000 2.964491 -0.291816 0.202263
47.360000 2.963032 -0.336283 0.202353
47.365000 2.961350 -0.380729 0.202443
47.370000 2.959447 -0.425149 0.202533
47.375000 2.957321 -0.469541 0.202623
47.380000 2.954973 -0.513901 0.202714
47.385000 2.952404 -0.558225 0.202804
47.390000 2.949613 -0.602511 0.202894
47.395000 2.946600 -0.646756 0.202984
47.400000 2.943366 -0.690955 0.203074
47.405000 2.939912 -0.735105 0.203165
47.410000 2.936236 -0.779204 0.203255
47.415000 2.932340 -0.823247 0.203345
47.420000 2.928224 -0.867232 0.203435
47.425000 2.923888 -0.911156 0.203526
47.430000 2.919332 -0.955014 0.203616
47.435000 2.914557 -0.998804 0.203706
47.440000 2.909563 -1.042522 0.203796
47.445000 2.904350 -1.086166 0.203887
47.450000 2.898919 -1.129731 0.203977
47.455000 2.893271 -1.173215 0.204067
47.460000 2.887405 -1.216614 0.204158
47.465000 2.881322 -1.259925 0.204248
47.470000 2.875022 -1.303145 0.204338
47.475000 2.868506 -1.346270 0.204429
47.480000 2.861775 -1.389298 0.204519
47.485000 2.854828 -1.432224 0.204609
47.490000 2.847667 -1.475047 0.204700
47.495000 2.840292 -1.517762 0.204790
47.500000 2.832703 -1.560366 0.204880
47.505000 2.824901 -1.602857 0.204971
47.510000 2.816887 -1.645230 0.205061
47.515000 2.808661 -1.687484 0.205151
47.520000 2.800224 -1.729613 0.205242
47.525000 2.791575 -1.771617 0.205332
47.530000 2.782717 -1.813490 0.205423
47.535000 2.773650 -1.855231 0.205513
47.540000 2.764374 -1.896836 0.205603
47.545000 2.754890 -1.938302 0.205694
47.550000 2.745198 -1.979625 0.205784
47.555000 2.735300 -2.020803 0.205875
47.560000 2.725196 -2.061832 0.205965
47.565000 2.714887 -2.102710 0.206056
47.570000 2.704373 -2.143434 0.206146
47.575000 2.693656 -2.183999 0.206236
47.580000 2.682736 -2.224404 0.206327
47.585000 2.671614 -2.264645 0.206417
47.590000 2.660291 -2.304719 0.206508
47.595000 2.648767 -2.344624 0.206598
47.600000 2.637044 -2.384355 0.206689
47.605000 2.625122 -2.423911 0.206779
47.610000 2.613003 -2.463288 0.206870
47.615000 2.600686 -2.502483 0.206960
47.620000 2.588174 -2.541493 0.207051
47.625000 2.575466 -2.580316 0.207141
47.630000 2.562565 -2.618948 0.207232
47.635000 2.549470 -2.657386 0.207323
47.640000 2.536183 -2.695628 0.207413
47.645000 2.522705 -2.733671 0.207504
47.650000 2.509037 -2.771512 0.207594
47.655000 2.495179 -2.809147 0.207685
47.660000 2.481133 -2.846575 0.207775
47.665000 2.466901 -2.883792 0.207866
47.670000 2.452482 -2.920795 0.207957
47.675000 2.437878 -2.957582 0.208047
47.680000 2.423090 -2.994151 0.208138
47.685000 2.408119 -3.030497 0.208228
47.690000 2.392966 -3.066619 0.208319
47.695000 2.377633 -3.102513 0.208410
47.700000 2.362121 -3.138178 0.208500
47.705000 2.346430 -3.173610 0.208591
47.710000 2.330562 -3.208806 0.208681
47.715000 2.314518 -3.243764 0.208772
47.720000 2.298299 -3.278482 0.208863
47.725000 2.281907 -3.312957 0.208953
47.730000 2.265342 -3.347185 0.209044
47.735000 2.248606 -3.381165 0.209135
47.740000 2.231700 -3.414895 0.209225
47.745000 2.214626 -3.448370 0.209316
47.750000 2.197384 -3.481589 0.209407
47.755000 2.179976 -3.514550 0.209498
47.760000 2.162403 -3.547250 0.209588
47.765000 2.144667 -3.579686 0.209679
47.770000 2.126768 -3.611856 0.209770
47.775000 2.108709 -3.643757 0.209860
47.780000 2.090490 -3.675388 0.209951
47.785000 2.072113 -3.706745 0.210042
47.790000 2.053580 -3.737827 0.210133
47.795000 2.034891 -3.768631 0.210223
47.800000 2.016047 -3.799154 0.210314
47.805000 1.997052 -3.829395 0.210405
47.810000 1.977905 -3.859351 0.210496
47.815000 1.958608 -3.889019 0.210587
47.820000 1.939163 -3.918398 0.210677
47.825000 1.919571 -3.947486 0.210768
47.830000 1.899833 -3.976279 0.210859
47.835000 1.879952 -4.004777 0.210950
47.840000 1.859928 -4.032976 0.211041
47.845000 1.839763 -4.060875 0.211131
47.850000 1.819459 -4.088471 0.211222
47.855000 1.799016 -4.115763 0.211313
47.860000 1.778438 -4.142749 0.211404
47.865000 1.757724 -4.169425 0.211495
47.870000 1.736877 -4.195791 0.211586
47.875000 1.715898 -4.221844 0.211677
47.880000 1.694789 -4.247583 0.211767
47.885000 1.673551 -4.273004 0.211858
47.890000 1.652186 -4.298108 0.211949
47.895000 1.630695 -4.322891 0.212040
47.900000 1.609081 -4.347351 0.212131
47.905000 1.587344 -4.371487 0.212222
47.910000 1.565486 -4.395297 0.212313
47.915000 1.543510 -4.418780 0.212404
47.920000 1.521416 -4.441932 0.212495
47.925000 1.499206 -4.464753 0.212586
47.930000 1.476883 -4.487242 0.212677
47.935000 1.454446 -4.509395 0.212768
47.940000 1.431899 -4.531212 0.212858
47.945000 1.409243 -4.552690 0.212949
47.950000 1.386480 -4.573829 0.213040
47.955000 1.363611 -4.594626 0.213131
47.960000 1.340638 -4.615080 0.213222
47.965000 1.317562 -4.635190 0.213313
47.970000 1.294386 -4.654953 0.213404
47.975000 1.271112 -4.674369 0.213495
47.980000 1.247740 -4.693435 0.213586
47.985000 1.224273 -4.712152 0.213677
47.990000 1.200712 -4.730516 0.213768
47.995000 1.177059 -4.748526 0.213859
48.000000 1.153317 -4.766182 0.213950
48.005000 1.129486 -4.783482 0.214042
48.010000 1.105568 -4.800424 0.214133
48.015000 1.081566 -4.817008 0.214224
48.020000 1.057481 -4.833231 0.214315
48.025000 1.033315 -4.849094 0.214406
48.030000 1.009069 -4.864593 0.214497
48.035000 0.984747 -4.879729 0.214588
48.040000 0.960348 -4.894500 0.214679
48.045000 0.935875 -4.908906 0.214770
48.050000 0.911331 -4.922944 0.214861
48.055000 0.886716 -4.936614 0.214952
48.060000 0.862033 -4.949915 0.215043
48.065000 0.837283 -4.962845 0.215135
48.070000 0.812469 -4.975404 0.215226
48.075000 0.787592 -4.987591 0.215317
48.080000 0.762654 -4.999405 0.215408
48.085000 0.737657 -5.010845 0.215499
48.090000 0.712603 -5.021910 0.215590
48.095000 0.687493 -5.032599 0.215682
48.100000 0.662330 -5.042911 0.215773
48.105000 0.637116 -5.052846 0.215864
48.110000 0.611852 -5.062403 0.215955
48.115000 0.586540 -5.071581 0.216046
48.120000 0.561182 -5.080379 0.216137
48.125000 0.535780 -5.088797 0.216229
48.130000 0.510336 -5.096833 0.216320
48.135000 0.484852 -5.104488 0.216411
48.140000 0.459329 -5.111761 0.216502
48.145000 0.433770 -5.118651 0.216594
48.150000 0.408177 -5.125158 0.216685
48.155000 0.382551 -5.131280 0.216776
48.160000 0.356895 -5.137019 0.216867
48.165000 0.331210 -5.142372 0.216959
48.170000 0.305498 -5.147340 0.217050
48.175000 0.279761 -5.151923 0.217141
48.180000 0.254002 -5.156119 0.217232
48.185000 0.228221 -5.159929 0.217324
48.190000 0.202422 -5.163352 0.217415
48.195000 0.176605 -5.166389 0.217506
48.200000 0.150773 -5.169038 0.217598
48.205000 0.124928 -5.171299 0.217689
48.210000 0.099071 -5.173173 0.217780
48.215000 0.073205 -5.174659 0.217872
48.220000 0.047332 -5.175757 0.217963
48.225000 0.021453 -5.176467 0.218054
48.230000 -0.004429 -5.176789 0.218146
48.235000 -0.030313 -5.176723 0.218237
48.240000 -0.056197 -5.176268 0.218328
48.245000 -0.082078 -5.175425 0.218420
48.250000 -0.107955 -5.174194 0.218511
48.255000 -0.133826 -5.172575 0.218603
48.260000 -0.159689 -5.170567 0.218694
48.265000 -0.185542 -5.168172 0.218785
48.270000 -0.211383 -5.165389 0.218877
48.275000 -0.237210 -5.162218 0.218968
48.280000 -0.263021 -5.158660 0.219060
48.285000 -0.288814 -5.154715 0.219151
48.290000 -0.314588 -5.150382 0.219242
48.295000 -0.340340 -5.145664 0.219334
48.300000 -0.366068 -5.140558 0.219425
48.305000 -0.391771 -5.135067 0.219517
48.310000 -0.417446 -5.129191 0.219608
48.315000 -0.443092 -5.122929 0.219700
48.320000 -0.468707 -5.116283 0.219791
48.325000 -0.494288 -5.109252 0.219883
48.330000 -0.519834 -5.101838 0.219974
48.335000 -0.545343 -5.094040 0.220066
48.340000 -0.570814 -5.085860 0.220157
48.345000 -0.596243 -5.077298 0.220249
48.350000 -0.621629 -5.068354 0.220340
48.355000 -0.646971 -5.059030 0.220432
48.360000 -0.672266 -5.049325 0.220523
48.365000 -0.697513 -5.039241 0.220615
48.370000 -0.722709 -5.028779 0.220706
48.375000 -0.747853 -5.017938 0.220798
48.380000 -0.772943 -5.006720 0.220890
48.385000 -0.797976 -4.995126 0.220981
48.390000 -0.822952 -4.983156 0.221073
48.395000 -0.847868 -4.970812 0.221164
48.400000 -0.872722 -4.958094 0.221256
48.405000 -0.897512 -4.945003 0.221347
48.410000 -0.922237 -4.931541 0.221439
48.415000 -0.946895 -4.917707 0.221531
48.420000 -0.971484 -4.903504 0.221622
48.425000 -0.996001 -4.888931 0.221714
48.430000 -1.020446 -4.873991 0.221805
48.435000 -1.044816 -4.858685 0.221897
48.440000 -1.069109 -4.843012 0.221989
48.445000 -1.093324 -4.826976 0.222080
48.450000 -1.117459 -4.810576 0.222172
48.455000 -1.141512 -4.793814 0.222264
48.460000 -1.165481 -4.776691 0.222355
48.465000 -1.189364 -4.759209 0.222447
48.470000 -1.213161 -4.741369 0.222539
48.475000 -1.236867 -4.723171 0.222630
48.480000 -1.260483 -4.704618 0.222722
48.485000 -1.284006 -4.685711 0.222814
48.490000 -1.307435 -4.666451 0.222906
48.495000 -1.330767 -4.646839 0.222997
48.500000 -1.354001 -4.626878 0.223089
48.505000 -1.377136 -4.606568 0.223181
48.510000 -1.400169 -4.585911 0.223272
48.515000 -1.423098 -4.564908 0.223364
48.520000 -1.445923 -4.543562 0.223456
48.525000 -1.468640 -4.521873 0.223548
48.530000 -1.491250 -4.499843 0.223639
48.535000 -1.513749 -4.477475 0.223731
48.540000 -1.536136 -4.454768 0.223823
48.545000 -1.558410 -4.431726 0.223915
48.550000 -1.580569 -4.408350 0.224007
48.555000 -1.602611 -4.384642 0.224098
48.560000 -1.624534 -4.360603 0.224190
48.565000 -1.646337 -4.336235 0.224282
48.570000 -1.668018 -4.311539 0.224374
48.575000 -1.689576 -4.286519 0.224466
48.580000 -1.711008 -4.261176 0.224558
48.585000 -1.732314 -4.235510 0.224649
48.590000 -1.753492 -4.209526 0.224741
48.595000 -1.774539 -4.183223 0.224833
48.600000 -1.795455 -4.156605 0.224925
48.605000 -1.816239 -4.129673 0.225017
48.610000 -1.836887 -4.102430 0.225109
48.615000 -1.857399 -4.074877 0.225201
48.620000 -1.877773 -4.047016 0.225292
48.625000 -1.898008 -4.018849 0.225384
48.630000 -1.918103 -3.990379 0.225476
48.635000 -1.938055 -3.961607 0.225568
48.640000 -1.957863 -3.932536 0.225660
48.645000 -1.977525 -3.903169 0.225752
48.650000 -1.997041 -3.873506 0.225844
48.655000 -2.016409 -3.843550 0.225936
48.660000 -2.035626 -3.813304 0.226028
48.665000 -2.054693 -3.782770 0.226120
48.670000 -2.073607 -3.751949 0.226212
48.675000 -2.092367 -3.720845 0.226304
48.680000 -2.110971 -3.689460 0.226396
48.685000 -2.129418 -3.657795 0.226488
48.690000 -2.147707 -3.625854 0.226580
48.695000 -2.165836 -3.593638 0.226672
48.700000 -2.183805 -3.561151 0.226764
48.705000 -2.201610 -3.528393 0.226856
48.710000 -2.219252 -3.495369 0.226948
48.715000 -2.236729 -3.462081 0.227040
48.720000 -2.254040 -3.428530 0.227132
48.725000 -2.271182 -3.394719 0.227224
48.730000 -2.288156 -3.360651 0.227316
48.735000 -2.304959 -3.326329 0.227408
48.740000 -2.321591 -3.291755 0.227500
48.745000 -2.338049 -3.256931 0.227592
48.750000 -2.354334 -3.221860 0.227684
48.755000 -2.370443 -3.186545 0.227776
48.760000 -2.386376 -3.150988 0.227868
48.765000 -2.402131 -3.115193 0.227960
48.770000 -2.417707 -3.079161 0.228052
48.775000 -2.433103 -3.042895 0.228144
48.780000 -2.448317 -3.006399 0.228237
48.785000 -2.463349 -2.969674 0.228329
48.790000 -2.478198 -2.932724 0.228421
48.795000 -2.492861 -2.895551 0.228513
48.800000 -2.507339 -2.858158 0.228605
48.805000 -2.521630 -2.820548 0.228697
48.810000 -2.535733 -2.782723 0.228789
48.815000 -2.549646 -2.744687 0.228882
48.820000 -2.563370 -2.706442 0.228974
48.825000 -2.576902 -2.667992 0.229066
48.830000 -2.590242 -2.629338 0.229158
48.835000 -2.603388 -2.590485 0.229250
48.840000 -2.616341 -2.551434 0.229342
48.845000 -2.629098 -2.512189 0.229435
48.850000 -2.641659 -2.472752 0.229527
48.855000 -2.654023 -2.433127 0.229619
48.860000 -2.666188 -2.393317 0.229711
48.865000 -2.678155 -2.353324 0.229804
48.870000 -2.689922 -2.313152 0.229896
48.875000 -2.701487 -2.272803 0.229988
48.880000 -2.712851 -2.232281 0.230080
48.885000 -2.724013 -2.191588 0.230173
48.890000 -2.734971 -2.150728 0.230265
48.895000 -2.745724 -2.109703 0.230357
48.900000 -2.756273 -2.068517 0.230449
48.905000 -2.766615 -2.027173 0.230542
48.910000 -2.776751 -1.985674 0.230634
48.915000 -2.786680 -1.944023 0.230726
48.920000 -2.796400 -1.902223 0.230818
48.925000 -2.805911 -1.860277 0.230911
48.930000 -2.815212 -1.818188 0.231003
48.935000 -2.824303 -1.775960 0.231095
48.940000 -2.833183 -1.733595 0.231188
48.945000 -2.841851 -1.691097 0.231280
48.950000 -2.850307 -1.648470 0.231372
48.955000 -2.858549 -1.605715 0.231465
48.960000 -2.866577 -1.562837 0.231557
48.965000 -2.874392 -1.519838 0.231650
48.970000 -2.881991 -1.476722 0.231742
48.975000 -2.889374 -1.433492 0.231834
48.980000 -2.896542 -1.390152 0.231927
48.985000 -2.903493 -1.346704 0.232019
48.990000 -2.910226 -1.303151 0.232111
48.995000 -2.916742 -1.259498 0.232204
49.000000 -2.923039 -1.215747 0.232296
49.005000 -2.929118 -1.171901 0.232389
49.010000 -2.934978 -1.127964 0.232481
49.015000 -2.940617 -1.083940 0.232574
49.020000 -2.946037 -1.039831 0.232666
49.025000 -2.951236 -0.995640 0.232758
49.030000 -2.956215 -0.951371 0.232851
49.035000 -2.960971 -0.907028 0.232943
49.040000 -2.965507 -0.862614 0.233036
49.045000 -2.969820 -0.818131 0.233128
49.050000 -2.973910 -0.773584 0.233221
49.055000 -2.977778 -0.728975 0.233313
49.060000 -2.981423 -0.684308 0.233406
49.065000 -2.984845 -0.639587 0.233498
49.070000 -2.988043 -0.594814 0.233591
49.075000 -2.991017 -0.549994 0.233683
49.080000 -2.993767 -0.505129 0.233776
49.085000 -2.996292 -0.460222 0.233868
49.090000 -2.998593 -0.415278 0.233961
49.095000 -3.000670 -0.370299 0.234054
49.100000 -3.002521 -0.325289 0.234146
49.105000 -3.004148 -0.280251 0.234239
49.110000 -3.005549 -0.235189 0.234331
49.115000 -3.006725 -0.190105 0.234424
49.120000 -3.007675 -0.145005 0.234516
49.125000 -3.008400 -0.099889 0.234609
49.130000 -3.008900 -0.054763 0.234702
49.135000 -3.009174 -0.009630 0.234794
49.140000 -3.009222 0.035508 0.234887
49.145000 -3.009044 0.080646 0.234979
49.150000 -3.008641 0.125782 0.235072
49.155000 -3.008012 0.170911 0.235165
49.160000 -3.007158 0.216031 0.235257
49.165000 -3.006077 0.261139 0.235350
49.170000 -3.004772 0.306230 0.235443
49.175000 -3.003241 0.351302 0.235535
49.180000 -3.001484 0.396350 0.235628
49.185000 -2.999502 0.441372 0.235721
49.190000 -2.997295 0.486365 0.235813
49.195000 -2.994864 0.531324 0.235906
49.200000 -2.992207 0.576247 0.235999
49.205000 -2.989326 0.621130 0.236091
49.210000 -2.986220 0.665970 0.236184
49.215000 -2.982890 0.710764 0.236277
49.220000 -2.979336 0.755507 0.236369
49.225000 -2.975559 0.800197 0.236462
49.230000 -2.971558 0.844830 0.236555
49.235000 -2.967334 0.889404 0.236648
49.240000 -2.962887 0.933914 0.236740
49.245000 -2.958217 0.978357 0.236833
49.250000 -2.953325 1.022730 0.236926
49.255000 -2.948212 1.067030 0.237019
49.260000 -2.942877 1.111253 0.237111
49.265000 -2.937320 1.155397 0.237204
49.270000 -2.931543 1.199456 0.237297
49.275000 -2.925546 1.243430 0.237390
49.280000 -2.919329 1.287313 0.237483
49.285000 -2.912892 1.331103 0.237575
49.290000 -2.906237 1.374796 0.237668
49.295000 -2.899363 1.418390 0.237761
49.300000 -2.892271 1.461880 0.237854
49.305000 -2.884962 1.505264 0.237947
49.310000 -2.877435 1.548539 0.238040
49.315000 -2.869693 1.591700 0.238132
49.320000 -2.861734 1.634745 0.238225
49.325000 -2.853560 1.677671 0.238318
49.330000 -2.845172 1.720475 0.238411
49.335000 -2.836570 1.763152 0.238504
49.340000 -2.827754 1.805701 0.238597
49.345000 -2.818725 1.848117 0.238690
49.350000 -2.809485 1.890398 0.238783
49.355000 -2.800033 1.932540 0.238876
49.360000 -2.790370 1.974541 0.238968
49.365000 -2.780497 2.016396 0.239061
49.370000 -2.770415 2.058104 0.239154
49.375000 -2.760125 2.099660 0.239247
49.380000 -2.749626 2.141062 0.239340
49.385000 -2.738921 2.182306 0.239433
49.390000 -2.728010 2.223390 0.239526
49.395000 -2.716893 2.264310 0.239619
49.400000 -2.705571 2.305064 0.239712
49.405000 -2.694046 2.345647 0.239805
49.410000 -2.682318 2.386058 0.239898
49.415000 -2.670387 2.426293 0.239991
49.420000 -2.658256 2.466349 0.240084
49.425000 -2.645924 2.506222 0.240177
49.430000 -2.633393 2.545911 0.240270
49.435000 -2.620663 2.585412 0.240363
49.440000 -2.607736 2.624722 0.240456
49.445000 -2.594613 2.663838 0.240549
49.450000 -2.581294 2.702757 0.240642
49.455000 -2.567780 2.741477 0.240735
49.460000 -2.554072 2.779993 0.240828
49.465000 -2.540172 2.818305 0.240921
49.470000 -2.526081 2.856407 0.241014
49.475000 -2.511799 2.894298 0.241107
49.480000 -2.497327 2.931975 0.241201
49.485000 -2.482667 2.969435 0.241294
49.490000 -2.467820 3.006675 0.241387
49.495000 -2.452787 3.043693 0.241480
49.500000 -2.437568 3.080484 0.241573
49.505000 -2.422166 3.117048 0.241666
49.510000 -2.406581 3.153380 0.241759
49.515000 -2.390814 3.189479 0.241852
49.520000 -2.374867 3.225341 0.241945
49.525000 -2.358740 3.260964 0.242039
49.530000 -2.342435 3.296345 0.242132
49.535000 -2.325953 3.331482 0.242225
49.540000 -2.309296 3.366371 0.242318
49.545000 -2.292464 3.401011 0.242411
49.550000 -2.275459 3.435398 0.242504
49.555000 -2.258282 3.469530 0.242598
49.560000 -2.240934 3.503404 0.242691
49.565000 -2.223417 3.537018 0.242784
49.570000 -2.205732 3.570369 0.242877
49.575000 -2.187880 3.603455 0.242970
49.580000 -2.169863 3.636273 0.243064
49.585000 -2.151682 3.668821 0.243157
49.590000 -2.133338 3.701096 0.243250
49.595000 -2.114832 3.733096 0.243343
49.600000 -2.096167 3.764819 0.243437
49.605000 -2.077343 3.796261 0.243530
49.610000 -2.058361 3.827422 0.243623
49.615000 -2.039224 3.858297 0.243716
49.620000 -2.019933 3.888885 0.243810
49.625000 -2.000488 3.919184 0.243903
49.630000 -1.980892 3.949192 0.243996
49.635000 -1.961146 3.978905 0.244090
49.640000 -1.941252 4.008322 0.244183
49.645000 -1.921210 4.037441 0.244276
49.650000 -1.901023 4.066259 0.244370
49.655000 -1.880692 4.094775 0.244463
49.660000 -1.860218 4.122985 0.244556
49.665000 -1.839603 4.150888 0.244650
49.670000 -1.818848 4.178482 0.244743
49.675000 -1.797956 4.205765 0.244836
49.680000 -1.776927 4.232734 0.244930
49.685000 -1.755764 4.259388 0.245023
49.690000 -1.734467 4.285725 0.245116
49.695000 -1.713038 4.311742 0.245210
49.700000 -1.691479 4.337437 0.245303
49.705000 -1.669792 4.362809 0.245396
49.710000 -1.647978 4.387856 0.245490
49.715000 -1.626039 4.412576 0.245583
49.720000 -1.603976 4.436967 0.245677
49.725000 -1.581791 4.461026 0.245770
49.730000 -1.559486 4.484753 0.245864
49.735000 -1.537062 4.508145 0.245957
49.740000 -1.514521 4.531201 0.246050
49.745000 -1.491865 4.553919 0.246144
49.750000 -1.469096 4.576297 0.246237
49.755000 -1.446214 4.598333 0.246331
49.760000 -1.423223 4.620027 0.246424
49.765000 -1.400123 4.641375 0.246518
49.770000 -1.376916 4.662377 0.246611
49.775000 -1.353604 4.683031 0.246705
49.780000 -1.330189 4.703335 0.246798
49.785000 -1.306672 4.723288 0.246892
49.790000 -1.283056 4.742888 0.246985
49.795000 -1.259341 4.762133 0.247079
49.800000 -1.235530 4.781024 0.247172
49.805000 -1.211625 4.799556 0.247266
49.810000 -1.187628 4.817731 0.247359
49.815000 -1.163539 4.835545 0.247453
49.820000 -1.139361 4.852998 0.247547
49.825000 -1.115096 4.870089 0.247640
49.830000 -1.090746 4.886815 0.247734
49.835000 -1.066312 4.903176 0.247827
49.840000 -1.041796 4.919171 0.247921
49.845000 -1.017200 4.934798 0.248014
49.850000 -0.992526 4.950056 0.248108
49.855000 -0.967776 4.964944 0.248202
49.860000 -0.942951 4.979461 0.248295
49.865000 -0.918054 4.993605 0.248389
49.870000 -0.893086 5.007376 0.248483
49.875000 -0.868049 5.020772 0.248576
49.880000 -0.842945 5.033793 0.248670
49.885000 -0.817776 5.046437 0.248763
49.890000 -0.792544 5.058703 0.248857
49.895000 -0.767250 5.070592 0.248951
49.900000 -0.741897 5.082100 0.249044
49.905000 -0.716487 5.093229 0.249138
49.910000 -0.691021 5.103976 0.249232
49.915000 -0.665501 5.114341 0.249326
49.920000 -0.639929 5.124324 0.249419
49.925000 -0.614307 5.133923 0.249513
49.930000 -0.588638 5.143137 0.249607
49.935000 -0.562922 5.151967 0.249700
49.940000 -0.537162 5.160411 0.249794
49.945000 -0.511360 5.168468 0.249888
49.950000 -0.485518 5.176139 0.249982
49.955000 -0.459637 5.183421 0.250075
49.960000 -0.433720 5.190316 0.250169
49.965000 -0.407768 5.196822 0.250263
49.970000 -0.381784 5.202938 0.250357
49.975000 -0.355770 5.208665 0.250450
49.980000 -0.329726 5.214002 0.250544
49.985000 -0.303656 5.218948 0.250638
49.990000 -0.277562 5.223502 0.250732
49.995000 -0.251444 5.227666 0.250826
50.000000 -0.225306 5.231437 0.250919
50.005000 -0.199149 5.234817 0.251013
50.010000 -0.172974 5.237804 0.251107
50.015000 -0.146785 5.240399 0.251201
50.020000 -0.120583 5.242601 0.251295
50.025000 -0.094370 5.244409 0.251389
50.030000 -0.068148 5.245825 0.251482
50.035000 -0.041919 5.246847 0.251576
50.040000 -0.015685 5.247476 0.251670
50.045000 0.010552 5.247711 0.251764
50.050000 0.036791 5.247553 0.251858
50.055000 0.063029 5.247001 0.251952
50.060000 0.089264 5.246056 0.252046
50.065000 0.115494 5.244717 0.252140
50.070000 0.141718 5.242984 0.252233
50.075000 0.167932 5.240859 0.252327
50.080000 0.194137 5.238340 0.252421
50.085000 0.220328 5.235428 0.252515
50.090000 0.246506 5.232123 0.252609
50.095000 0.272666 5.228425 0.252703
50.100000 0.298808 5.224335 0.252797
50.105000 0.324930 5.219853 0.252891
50.110000 0.351029 5.214979 0.252985
50.115000 0.377104 5.209714 0.253079
50.120000 0.403153 5.204057 0.253173
50.125000 0.429173 5.198010 0.253267
50.130000 0.455163 5.191572 0.253361
50.135000 0.481121 5.184745 0.253455
50.140000 0.507045 5.177528 0.253549
50.145000 0.532932 5.169922 0.253643
50.150000 0.558782 5.161928 0.253737
50.155000 0.584592 5.153546 0.253831
50.160000 0.610359 5.144778 0.253925
50.165000 0.636083 5.135622 0.254019
50.170000 0.661761 5.126081 0.254113
50.175000 0.687392 5.116155 0.254207
50.180000 0.712972 5.105844 0.254301
50.185000 0.738502 5.095149 0.254395
50.190000 0.763977 5.084072 0.254489
50.195000 0.789398 5.072612 0.254584
50.200000 0.814761 5.060771 0.254678
50.205000 0.840065 5.048549 0.254772
50.210000 0.865307 5.035949 0.254866
50.215000 0.890487 5.022969 0.254960
50.220000 0.915602 5.009612 0.255054
50.225000 0.940650 4.995878 0.255148
50.230000 0.965629 4.981768 0.255242
50.235000 0.990538 4.967283 0.255336
50.240000 1.015375 4.952425 0.255431
50.245000 1.040137 4.937195 0.255525
50.250000 1.064823 4.921593 0.255619
50.255000 1.089431 4.905620 0.255713
50.260000 1.113959 4.889279 0.255807
50.265000 1.138405 4.872569 0.255901
50.270000 1.162768 4.855493 0.255996
50.275000 1.187046 4.838052 0.256090
50.280000 1.211236 4.820246 0.256184
50.285000 1.235337 4.802078 0.256278
50.290000 1.259347 4.783548 0.256373
50.295000 1.283265 4.764657 0.256467
50.300000 1.307088 4.745408 0.256561
50.305000 1.330816 4.725802 0.256655
50.310000 1.354445 4.705840 0.256749
50.315000 1.377974 4.685523 0.256844
50.320000 1.401401 4.664854 0.256938
50.325000 1.424726 4.643833 0.257032
50.330000 1.447945 4.622462 0.257127
50.335000 1.471057 4.600742 0.257221
50.340000 1.494061 4.578677 0.257315
50.345000 1.516954 4.556266 0.257409
50.350000 1.539736 4.533511 0.257504
50.355000 1.562403 4.510415 0.257598
50.360000 1.584955 4.486979 0.257692
50.365000 1.607390 4.463205 0.257787
50.370000 1.629706 4.439094 0.257881
50.375000 1.651902 4.414649 0.257975
50.380000 1.673975 4.389870 0.258070
50.385000 1.695924 4.364760 0.258164
50.390000 1.717748 4.339322 0.258258
50.395000 1.739445 4.313555 0.258353
50.400000 1.761012 4.287464 0.258447
50.405000 1.782450 4.261048 0.258542
50.410000 1.803755 4.234312 0.258636
50.415000 1.824926 4.207255 0.258730
50.420000 1.845963 4.179881 0.258825
50.425000 1.866862 4.152192 0.258919
50.430000 1.887623 4.124189 0.259014
50.435000 1.908244 4.095875 0.259108
50.440000 1.928723 4.067251 0.259202
50.445000 1.949060 4.038320 0.259297
50.450000 1.969251 4.009084 0.259391
50.455000 1.989297 3.979546 0.259486
50.460000 2.009194 3.949706 0.259580
50.465000 2.028943 3.919568 0.259675
50.470000 2.048541 3.889134 0.259769
50.475000 2.067986 3.858406 0.259864
50.480000 2.087278 3.827386 0.259958
50.485000 2.106415 3.796077 0.260053
50.490000 2.125396 3.764481 0.260147
50.495000 2.144218 3.732600 0.260242
50.500000 2.162881 3.700437 0.260336
50.505000 2.181383 3.667993 0.260431
50.510000 2.199723 3.635273 0.260525
50.515000 2.217900 3.602277 0.260620
50.520000 2.235911 3.569008 0.260714
50.525000 2.253756 3.535470 0.260809
50.530000 2.271433 3.501663 0.260903
50.535000 2.288942 3.467592 0.260998
50.540000 2.306280 3.433258 0.261093
50.545000 2.323446 3.398663 0.261187
50.550000 2.340439 3.363812 0.261282
50.555000 2.357258 3.328705 0.261376
50.560000 2.373902 3.293346 0.261471
50.565000 2.390369 3.257738 0.261566
50.570000 2.406657 3.221882 0.261660
50.575000 2.422767 3.185782 0.261755
50.580000 2.438696 3.149441 0.261849
50.585000 2.454443 3.112860 0.261944
50.590000 2.470007 3.076044 0.262039
50.595000 2.485387 3.038994 0.262133
50.600000 2.500582 3.001713 0.262228
50.605000 2.515591 2.964204 0.262323
50.610000 2.530412 2.926470 0.262417
50.615000 2.545044 2.888514 0.262512
50.620000 2.559487 2.850338 0.262607
50.625000 2.573739 2.811946 0.262701
50.630000 2.587798 2.773340 0.262796
50.635000 2.601665 2.734523 0.262891
50.640000 2.615338 2.695498 0.262986
50.645000 2.628815 2.656268 0.263080
50.650000 2.642096 2.616836 0.263175
50.655000 2.655181 2.577204 0.263270
50.660000 2.668067 2.537377 0.263365
50.665000 2.680754 2.497356 0.263459
50.670000 2.693240 2.457144 0.263554
50.675000 2.705526 2.416746 0.263649
50.680000 2.717610 2.376163 0.263744
50.685000 2.729491 2.335399 0.263838
50.690000 2.741168 2.294456 0.263933
50.695000 2.752640 2.253339 0.264028
50.700000 2.763907 2.212049 0.264123
50.705000 2.774967 2.170591 0.264218
50.710000 2.785820 2.128966 0.264312
50.715000 2.796465 2.087179 0.264407
50.720000 2.806900 2.045232 0.264502
50.725000 2.817127 2.003128 0.264597
50.730000 2.827142 1.960871 0.264692
50.735000 2.836947 1.918464 0.264787
50.740000 2.846539 1.875910 0.264881
50.745000 2.855919 1.833212 0.264976
50.750000 2.865085 1.790373 0.265071
50.755000 2.874036 1.747397 0.265166
50.760000 2.882773 1.704286 0.265261
50.765000 2.891295 1.661045 0.265356
50.770000 2.899600 1.617675 0.265451
50.775000 2.907688 1.574181 0.265546
50.780000 2.915559 1.530566 0.265641
50.785000 2.923212 1.486833 0.265735
50.790000 2.930646 1.442984 0.265830
50.795000 2.937861 1.399025 0.265925
50.800000 2.944856 1.354957 0.266020
50.805000 2.951631 1.310784 0.266115
50.810000 2.958185 1.266510 0.266210
50.815000 2.964518 1.222137 0.266305
50.820000 2.970628 1.177669 0.266400
50.825000 2.976517 1.133110 0.266495
50.830000 2.982182 1.088462 0.266590
50.835000 2.987625 1.043729 0.266685
50.840000 2.992843 0.998915 0.266780
50.845000 2.997838 0.954022 0.266875
50.850000 3.002608 0.909055 0.266970
50.855000 3.007153 0.864015 0.267065
50.860000 3.011473 0.818908 0.267160
50.865000 3.015568 0.773736 0.267255
50.870000 3.019436 0.728502 0.267350
50.875000 3.023079 0.683211 0.267445
50.880000 3.026495 0.637865 0.267540
50.885000 3.029684 0.592467 0.267635
50.890000 3.032647 0.547022 0.267730
50.895000 3.035382 0.501532 0.267826
50.900000 3.037889 0.456002 0.267921
50.905000 3.040169 0.410433 0.268016
50.910000 3.042222 0.364831 0.268111
50.915000 3.044046 0.319197 0.268206
50.920000 3.045642 0.273537 0.268301
50.925000 3.047009 0.227852 0.268396
50.930000 3.048149 0.182147 0.268491
50.935000 3.049059 0.136425 0.268586
50.940000 3.049742 0.090689 0.268682
50.945000 3.050195 0.044943 0.268777
50.950000 3.050420 -0.000810 0.268872
50.955000 3.050416 -0.046566 0.268967
50.960000 3.050183 -0.092323 0.269062
50.965000 3.049721 -0.138075 0.269157
50.970000 3.049031 -0.183821 0.269253
50.975000 3.048112 -0.229557 0.269348
50.980000 3.046964 -0.275278 0.269443
50.985000 3.045588 -0.320983 0.269538
50.990000 3.043983 -0.366667 0.269633
50.995000 3.042149 -0.412326 0.269729
51.000000 3.040088 -0.457959 0.269824
51.005000 3.037798 -0.503560 0.269919
51.010000 3.035280 -0.549127 0.270014
51.015000 3.032534 -0.594656 0.270110
51.020000 3.029561 -0.640144 0.270205
51.025000 3.026360 -0.685588 0.270300
51.030000 3.022933 -0.730983 0.270395
51.035000 3.019278 -0.776327 0.270491
51.040000 3.015396 -0.821616 0.270586
51.045000 3.011288 -0.866847 0.270681
51.050000 3.006954 -0.912016 0.270777
51.055000 3.002394 -0.957121 0.270872
51.060000 2.997608 -1.002157 0.270967
51.065000 2.992597 -1.047121 0.271063
51.070000 2.987362 -1.092010 0.271158
51.075000 2.981902 -1.136820 0.271253
51.080000 2.976217 -1.181549 0.271349
51.085000 2.970310 -1.226192 0.271444
51.090000 2.964179 -1.270747 0.271539
51.095000 2.957825 -1.315209 0.271635
51.100000 2.951249 -1.359577 0.271730
51.105000 2.944451 -1.403845 0.271825
51.110000 2.937432 -1.448012 0.271921
51.115000 2.930192 -1.492074 0.272016
51.120000 2.922731 -1.536026 0.272112
51.125000 2.915051 -1.579867 0.272207
51.130000 2.907152 -1.623593 0.272302
51.135000 2.899034 -1.667200 0.272398
51.140000 2.890698 -1.710686 0.272493
51.145000 2.882145 -1.754046 0.272589
51.150000 2.873374 -1.797279 0.272684
51.155000 2.864388 -1.840379 0.272780
51.160000 2.855186 -1.883345 0.272875
51.165000 2.845769 -1.926173 0.272970
51.170000 2.836138 -1.968859 0.273066
51.175000 2.826294 -2.011401 0.273161
51.180000 2.816237 -2.053796 0.273257
51.185000 2.805968 -2.096039 0.273352
51.190000 2.795488 -2.138129 0.273448
51.195000 2.784797 -2.180061 0.273543
51.200000 2.773897 -2.221833 0.273639
51.205000 2.762788 -2.263442 0.273734
51.210000 2.751471 -2.304884 0.273830
51.215000 2.739946 -2.346156 0.273926
51.220000 2.728215 -2.387255 0.274021
51.225000 2.716279 -2.428178 0.274117
51.230000 2.704138 -2.468922 0.274212
51.235000 2.691794 -2.509484 0.274308
51.240000 2.679246 -2.549861 0.274403
51.245000 2.666497 -2.590050 0.274499
51.250000 2.653547 -2.630047 0.274594
51.255000 2.640396 -2.669850 0.274690
51.260000 2.627047 -2.709456 0.274786
51.265000 2.613500 -2.748862 0.274881
51.270000 2.599756 -2.788065 0.274977
51.275000 2.585815 -2.827061 0.275073
51.280000 2.571680 -2.865848 0.275168
51.285000 2.557351 -2.904423 0.275264
51.290000 2.542829 -2.942784 0.275359
51.295000 2.528115 -2.980926 0.275455
51.300000 2.513210 -3.018848 0.275551
51.305000 2.498116 -3.056546 0.275646
51.310000 2.482833 -3.094018 0.275742
51.315000 2.467363 -3.131260 0.275838
51.320000 2.451707 -3.168271 0.275933
51.325000 2.435865 -3.205046 0.276029
51.330000 2.419840 -3.241584 0.276125
51.335000 2.403632 -3.277882 0.276221
51.340000 2.387243 -3.313936 0.276316
51.345000 2.370673 -3.349745 0.276412
51.350000 2.353924 -3.385305 0.276508
51.355000 2.336998 -3.420614 0.276603
51.360000 2.319895 -3.455669 0.276699
51.365000 2.302616 -3.490467 0.276795
51.370000 2.285164 -3.525007 0.276891
51.375000 2.267539 -3.559284 0.276987
51.380000 2.249743 -3.593297 0.277082
51.385000 2.231776 -3.627043 0.277178
51.390000 2.213641 -3.660520 0.277274
51.395000 2.195338 -3.693725 0.277370
51.400000 2.176870 -3.726655 0.277465
51.405000 2.158236 -3.759308 0.277561
51.410000 2.139440 -3.791681 0.277657
51.415000 2.120482 -3.823773 0.277753
51.420000 2.101363 -3.855580 0.277849
51.425000 2.082085 -3.887100 0.277945
51.430000 2.062649 -3.918332 0.278040
51.435000 2.043058 -3.949271 0.278136
51.440000 2.023311 -3.979917 0.278232
51.445000 2.003412 -4.010267 0.278328
51.450000 1.983360 -4.040318 0.278424
51.455000 1.963159 -4.070069 0.278520
51.460000 1.942808 -4.099516 0.278616
51.465000 1.922311 -4.128658 0.278712
51.470000 1.901668 -4.157493 0.278807
51.475000 1.880880 -4.186018 0.278903
51.480000 1.859950 -4.214231 0.278999
51.485000 1.838879 -4.242130 0.279095
51.490000 1.817668 -4.269713 0.279191
51.495000 1.796320 -4.296978 0.279287
51.500000 1.774835 -4.323923 0.279383
51.505000 1.753215 -4.350546 0.279479
51.510000 1.731462 -4.376844 0.279575
51.515000 1.709578 -4.402816 0.279671
51.520000 1.687564 -4.428460 0.279767
51.525000 1.665422 -4.453773 0.279863
51.530000 1.643153 -4.478754 0.279959
51.535000 1.620759 -4.503402 0.280055
51.540000 1.598242 -4.527713 0.280151
51.545000 1.575604 -4.551687 0.280247
51.550000 1.552845 -4.575321 0.280343
51.555000 1.529968 -4.598613 0.280439
51.560000 1.506975 -4.621563 0.280535
51.565000 1.483868 -4.644168 0.280631
51.570000 1.460647 -4.666426 0.280727
51.575000 1.437315 -4.688335 0.280823
51.580000 1.413873 -4.709895 0.280919
51.585000 1.390324 -4.731103 0.281015
51.590000 1.366668 -4.751958 0.281111
51.595000 1.342908 -4.772458 0.281207
51.600000 1.319046 -4.792602 0.281303
51.605000 1.295083 -4.812387 0.281400
51.610000 1.271021 -4.831813 0.281496
51.615000 1.246862 -4.850879 0.281592
51.620000 1.222608 -4.869582 0.281688
51.625000 1.198260 -4.887921 0.281784
51.630000 1.173820 -4.905895 0.281880
51.635000 1.149291 -4.923502 0.281976
51.640000 1.124673 -4.940741 0.282072
51.645000 1.099969 -4.957611 0.282169
51.650000 1.075181 -4.974111 0.282265
51.655000 1.050311 -4.990239 0.282361
51.660000 1.025359 -5.005993 0.282457
51.665000 1.000330 -5.021374 0.282553
51.670000 0.975223 -5.036379 0.282649
51.675000 0.950041 -5.051007 0.282746
51.680000 0.924786 -5.065258 0.282842
51.685000 0.899459 -5.079129 0.282938
51.690000 0.874064 -5.092621 0.283034
51.695000 0.848601 -5.105732 0.283131
51.700000 0.823072 -5.118461 0.283227
51.705000 0.797480 -5.130807 0.283323
51.710000 0.771826 -5.142770 0.283419
51.715000 0.746112 -5.154347 0.283516
51.720000 0.720340 -5.165539 0.283612
51.725000 0.694512 -5.176344 0.283708
51.730000 0.668631 -5.186761 0.283804
51.735000 0.642697 -5.196791 0.283901
51.740000 0.616713 -5.206431 0.283997
51.745000 0.590681 -5.215682 0.284093
51.750000 0.564602 -5.224542 0.284190
51.755000 0.538480 -5.233011 0.284286
51.760000 0.512315 -5.241089 0.284382
51.765000 0.486109 -5.248773 0.284478
51.770000 0.459865 -5.256065 0.284575
51.775000 0.433585 -5.262963 0.284671
51.780000 0.407270 -5.269467 0.284768
51.785000 0.380923 -5.275576 0.284864
51.790000 0.354545 -5.281290 0.284960
51.795000 0.328138 -5.286608 0.285057
51.800000 0.301705 -5.291530 0.285153
51.805000 0.275248 -5.296055 0.285249
51.810000 0.248768 -5.300184 0.285346
51.815000 0.222267 -5.303916 0.285442
51.820000 0.195747 -5.307250 0.285539
51.825000 0.169211 -5.310186 0.285635
51.830000 0.142660 -5.312724 0.285731
51.835000 0.116096 -5.314864 0.285828
51.840000 0.089522 -5.316605 0.285924
51.845000 0.062939 -5.317948 0.286021
51.850000 0.036349 -5.318892 0.286117
51.855000 0.009755 -5.319437 0.286214
51.860000 -0.016843 -5.319584 0.286310
51.865000 -0.043440 -5.319331 0.286407
51.870000 -0.070037 -5.318680 0.286503
51.875000 -0.096630 -5.317629 0.286600
51.880000 -0.123219 -5.316179 0.286696
51.885000 -0.149800 -5.314331 0.286793
51.890000 -0.176371 -5.312084 0.286889
51.895000 -0.202932 -5.309439 0.286986
51.900000 -0.229479 -5.306395 0.287082
51.905000 -0.256011 -5.302952 0.287179
51.910000 -0.282526 -5.299112 0.287275
51.915000 -0.309021 -5.294874 0.287372
51.920000 -0.335495 -5.290239 0.287468
51.925000 -0.361947 -5.285207 0.287565
51.930000 -0.388373 -5.279778 0.287661
51.935000 -0.414772 -5.273952 0.287758
51.940000 -0.441141 -5.267730 0.287855
51.945000 -0.467480 -5.261113 0.287951
51.950000 -0.493786 -5.254101 0.288048
51.955000 -0.520056 -5.246694 0.288144
51.960000 -0.546290 -5.238893 0.288241
51.965000 -0.572484 -5.230699 0.288338
51.970000 -0.598637 -5.222112 0.288434
51.975000 -0.624748 -5.213132 0.288531
51.980000 -0.650814 -5.203761 0.288627
51.985000 -0.676833 -5.193999 0.288724
51.990000 -0.702803 -5.183846 0.288821
51.995000 -0.728722 -5.173304 0.288917
52.000000 -0.754588 -5.162373 0.289014
52.005000 -0.780400 -5.151055 0.289111
52.010000 -0.806155 -5.139349 0.289207
52.015000 -0.831852 -5.127256 0.289304
52.020000 -0.857488 -5.114779 0.289401
52.025000 -0.883062 -5.101916 0.289498
52.030000 -0.908572 -5.088670 0.289594
52.035000 -0.934015 -5.075042 0.289691
52.040000 -0.959390 -5.061031 0.289788
52.045000 -0.984696 -5.046641 0.289884
52.050000 -1.009929 -5.031870 0.289981
52.055000 -1.035088 -5.016721 0.290078
52.060000 -1.060172 -5.001195 0.290175
52.065000 -1.085178 -4.985292 0.290271
52.070000 -1.110104 -4.969015 0.290368
52.075000 -1.134949 -4.952363 0.290465
52.080000 -1.159711 -4.935339 0.290562
52.085000 -1.184388 -4.917943 0.290659
52.090000 -1.208978 -4.900177 0.290755
52.095000 -1.233478 -4.882043 0.290852
52.100000 -1.257889 -4.863541 0.290949
52.105000 -1.282206 -4.844672 0.291046
52.110000 -1.306430 -4.825439 0.291143
52.115000 -1.330557 -4.805843 0.291239
52.120000 -1.354586 -4.785884 0.291336
52.125000 -1.378516 -4.765566 0.291433
52.130000 -1.402343 -4.744888 0.291530
52.135000 -1.426068 -4.723853 0.291627
52.140000 -1.449687 -4.702462 0.291724
52.145000 -1.473199 -4.680716 0.291821
52.150000 -1.496603 -4.658618 0.291918
52.155000 -1.519896 -4.636169 0.292014
52.160000 -1.543077 -4.613371 0.292111
52.165000 -1.566144 -4.590225 0.292208
52.170000 -1.589095 -4.566733 0.292305
52.175000 -1.611929 -4.542896 0.292402
52.180000 -1.634643 -4.518717 0.292499
52.185000 -1.657237 -4.494198 0.292596
52.190000 -1.679708 -4.469339 0.292693
52.195000 -1.702054 -4.444143 0.292790
52.200000 -1.724275 -4.418613 0.292887
52.205000 -1.746368 -4.392748 0.292984
52.210000 -1.768332 -4.366553 0.293081
52.215000 -1.790165 -4.340028 0.293178
52.220000 -1.811865 -4.313175 0.293275
52.225000 -1.833431 -4.285997 0.293372
52.230000 -1.854861 -4.258496 0.293469
52.235000 -1.876153 -4.230673 0.293566
52.240000 -1.897306 -4.202531 0.293663
52.245000 -1.918319 -4.174071 0.293760
52.250000 -1.939189 -4.145296 0.293857
52.255000 -1.959916 -4.116209 0.293954
52.260000 -1.980497 -4.086810 0.294051
52.265000 -2.000931 -4.057102 0.294148
52.270000 -2.021216 -4.027088 0.294245
52.275000 -2.041352 -3.996770 0.294342
52.280000 -2.061336 -3.966150 0.294439
52.285000 -2.081167 -3.935230 0.294536
52.290000 -2.100843 -3.904012 0.294633
52.295000 -2.120363 -3.872500 0.294730
52.300000 -2.139725 -3.840694 0.294828
52.305000 -2.158929 -3.808598 0.294925
52.310000 -2.177972 -3.776214 0.295022
52.315000 -2.196853 -3.743545 0.295119
52.320000 -2.215571 -3.710592 0.295216
52.325000 -2.234123 -3.677359 0.295313
52.330000 -2.252510 -3.643847 0.295410
52.335000 -2.270729 -3.610059 0.295507
52.340000 -2.288780 -3.575998 0.295605
52.345000 -2.306660 -3.541666 0.295702
52.350000 -2.324368 -3.507067 0.295799
52.355000 -2.341903 -3.472201 0.295896
52.360000 -2.359264 -3.437072 0.295993
52.365000 -2.376450 -3.401683 0.296091
52.370000 -2.393458 -3.366037 0.296188
52.375000 -2.410288 -3.330135 0.296285
52.380000 -2.426939 -3.293981 0.296382
52.385000 -2.443409 -3.257576 0.296479
52.390000 -2.459697 -3.220925 0.296577
52.395000 -2.475801 -3.184030 0.296674
52.400000 -2.491722 -3.146893 0.296771
52.405000 -2.507456 -3.109517 0.296868
52.410000 -2.523004 -3.071905 0.296966
52.415000 -2.538363 -3.034060 0.297063
52.420000 -2.553534 -2.995985 0.297160
52.425000 -2.568513 -2.957682 0.297257
52.430000 -2.583302 -2.919154 0.297355
52.435000 -2.597898 -2.880404 0.297452
52.440000 -2.612300 -2.841436 0.297549
52.445000 -2.626507 -2.802251 0.297647
52.450000 -2.640518 -2.762854 0.297744
52.455000 -2.654332 -2.723246 0.297841
52.460000 -2.667949 -2.683431 0.297939
52.465000 -2.681366 -2.643412 0.298036
52.470000 -2.694583 -2.603191 0.298133
52.475000 -2.707599 -2.562773 0.298231
52.480000 -2.720413 -2.522159 0.298328
52.485000 -2.733023 -2.481352 0.298426
52.490000 -2.745430 -2.440357 0.298523
52.495000 -2.757632 -2.399176 0.298620
52.500000 -2.769628 -2.357811 0.298718
52.505000 -2.781417 -2.316267 0.298815
52.510000 -2.792998 -2.274546 0.298912
52.515000 -2.804371 -2.232651 0.299010
52.520000 -2.815534 -2.190585 0.299107
52.525000 -2.826487 -2.148352 0.299205
52.530000 -2.837229 -2.105955 0.299302
52.535000 -2.847759 -2.063396 0.299400
52.540000 -2.858076 -2.020680 0.299497
52.545000 -2.868179 -1.977809 0.299595
52.550000 -2.878068 -1.934786 0.299692
52.555000 -2.887742 -1.891615 0.299790
52.560000 -2.897200 -1.848299 0.299887
52.565000 -2.906442 -1.804841 0.299984
52.570000 -2.915466 -1.761244 0.300082
52.575000 -2.924272 -1.717512 0.300180
52.580000 -2.932860 -1.673648 0.300277
52.585000 -2.941228 -1.629655 0.300375
52.590000 -2.949376 -1.585537 0.300472
52.595000 -2.957304 -1.541296 0.300570
52.600000 -2.965010 -1.496937 0.300667
52.605000 -2.972495 -1.452462 0.300765
52.610000 -2.979757 -1.407874 0.300862
52.615000 -2.986797 -1.363178 0.300960
52.620000 -2.993613 -1.318376 0.301057
52.625000 -3.000204 -1.273472 0.301155
52.630000 -3.006572 -1.228469 0.301253
52.635000 -3.012714 -1.183370 0.301350
52.640000 -3.018631 -1.138179 0.301448
52.645000 -3.024322 -1.092900 0.301545
52.650000 -3.029786 -1.047535 0.301643
52.655000 -3.035024 -1.002088 0.301741
52.660000 -3.040034 -0.956563 0.301838
52.665000 -3.044817 -0.910962 0.301936
52.670000 -3.049372 -0.865290 0.302034
52.675000 -3.053699 -0.819549 0.302131
52.680000 -3.057796 -0.773744 0.302229
52.685000 -3.061665 -0.727877 0.302326
52.690000 -3.065304 -0.681952 0.302424
52.695000 -3.068714 -0.635973 0.302522
52.700000 -3.071894 -0.589942 0.302620
52.705000 -3.074844 -0.543863 0.302717
52.710000 -3.077563 -0.497741 0.302815
52.715000 -3.080052 -0.451577 0.302913
52.720000 -3.082310 -0.405377 0.303010
52.725000 -3.084337 -0.359142 0.303108
52.730000 -3.086132 -0.312877 0.303206
52.735000 -3.087697 -0.266585 0.303304
52.740000 -3.089030 -0.220269 0.303401
52.745000 -3.090131 -0.173934 0.303499
52.750000 -3.091001 -0.127582 0.303597
52.755000 -3.091638 -0.081217 0.303695
52.760000 -3.092045 -0.034842 0.303792
52.765000 -3.092219 0.011538 0.303890
52.770000 -3.092161 0.057922 0.303988
52.775000 -3.091871 0.104304 0.304086
52.780000 -3.091350 0.150682 0.304184
52.785000 -3.090597 0.197052 0.304281
52.790000 -3.089611 0.243411 0.304379
52.795000 -3.088394 0.289755 0.304477
52.800000 -3.086945 0.336081 0.304575
52.805000 -3.085265 0.382386 0.304673
52.810000 -3.083353 0.428664 0.304771
52.815000 -3.081210 0.474915 0.304868
52.820000 -3.078835 0.521133 0.304966
52.825000 -3.076230 0.567315 0.305064
52.830000 -3.073393 0.613459 0.305162
52.835000 -3.070326 0.659560 0.305260
52.840000 -3.067028 0.705615 0.305358
52.845000 -3.063500 0.751620 0.305456
52.850000 -3.059742 0.797573 0.305554
52.855000 -3.055754 0.843469 0.305652
52.860000 -3.051536 0.889305 0.305749
52.865000 -3.047090 0.935078 0.305847
52.870000 -3.042415 0.980784 0.305945
52.875000 -3.037511 1.026421 0.306043
52.880000 -3.032379 1.071983 0.306141
52.885000 -3.027019 1.117469 0.306239
52.890000 -3.021431 1.162874 0.306337
52.895000 -3.015617 1.208196 0.306435
52.900000 -3.009576 1.253430 0.306533
52.905000 -3.003309 1.298574 0.306631
52.910000 -2.996816 1.343623 0.306729
52.915000 -2.990098 1.388575 0.306827
52.920000 -2.983155 1.433427 0.306925
52.925000 -2.975988 1.478174 0.307023
52.930000 -2.968597 1.522814 0.307121
52.935000 -2.960983 1.567343 0.307219
52.940000 -2.953146 1.611758 0.307317
52.945000 -2.945087 1.656055 0.307415
52.950000 -2.936807 1.700231 0.307513
52.955000 -2.928306 1.744283 0.307611
52.960000 -2.919584 1.788208 0.307709
52.965000 -2.910643 1.832002 0.307808
52.970000 -2.901483 1.875661 0.307906
52.975000 -2.892105 1.919184 0.308004
52.980000 -2.882509 1.962565 0.308102
52.985000 -2.872696 2.005803 0.308200
52.990000 -2.862667 2.048893 0.308298
52.995000 -2.852423 2.091833 0.308396
53.000000 -2.841964 2.134620 0.308494
53.005000 -2.831291 2.177249 0.308592
53.010000 -2.820404 2.219718 0.308691
53.015000 -2.809306 2.262025 0.308789
53.020000 -2.797996 2.304164 0.308887
53.025000 -2.786475 2.346134 0.308985
53.030000 -2.774744 2.387931 0.309083
53.035000 -2.762805 2.429552 0.309181
53.040000 -2.750657 2.470994 0.309280
53.045000 -2.738302 2.512254 0.309378
53.050000 -2.725741 2.553329 0.309476
53.055000 -2.712974 2.594215 0.309574
53.060000 -2.700003 2.634910 0.309672
53.065000 -2.686828 2.675410 0.309771
53.070000 -2.673451 2.715712 0.309869
53.075000 -2.659873 2.755814 0.309967
53.080000 -2.646094 2.795712 0.310065
53.085000 -2.632115 2.835403 0.310164
53.090000 -2.617938 2.874885 0.310262
53.095000 -2.603564 2.914154 0.310360
53.100000 -2.588993 2.953208 0.310458
53.105000 -2.574227 2.992042 0.310557
53.110000 -2.559267 3.030656 0.310655
53.115000 -2.544113 3.069045 0.310753
53.120000 -2.528768 3.107206 0.310852
53.125000 -2.513232 3.145138 0.310950
53.130000 -2.497506 3.182836 0.311048
53.135000 -2.481592 3.220299 0.311147
53.140000 -2.465491 3.257523 0.311245
53.145000 -2.449203 3.294505 0.311343
53.150000 -2.432731 3.331243 0.311442
53.155000 -2.416074 3.367734 0.311540
53.160000 -2.399236 3.403975 0.311638
53.165000 -2.382216 3.439964 0.311737
53.170000 -2.365016 3.475697 0.311835
53.175000 -2.347637 3.511172 0.311933
53.180000 -2.330082 3.546387 0.312032
53.185000 -2.312350 3.581338 0.312130
53.190000 -2.294443 3.616023 0.312229
53.195000 -2.276363 3.650440 0.312327
53.200000 -2.258111 3.684586 0.312426
53.205000 -2.239688 3.718457 0.312524
53.210000 -2.221095 3.752053 0.312622
53.215000 -2.202335 3.785369 0.312721
53.220000 -2.183408 3.818404 0.312819
53.225000 -2.164316 3.851155 0.312918
53.230000 -2.145061 3.883620 0.313016
53.235000 -2.125642 3.915796 0.313115
53.240000 -2.106063 3.947680 0.313213
53.245000 -2.086325 3.979271 0.313312
53.250000 -2.066429 4.010566 0.313410
53.255000 -2.046376 4.041563 0.313509
53.260000 -2.026168 4.072258 0.313607
53.265000 -2.005807 4.102651 0.313706
53.270000 -1.985293 4.132738 0.313804
53.275000 -1.964630 4.162517 0.313903
53.280000 -1.943817 4.191987 0.314001
53.285000 -1.922857 4.221144 0.314100
53.290000 -1.901752 4.249987 0.314198
53.295000 -1.880502 4.278513 0.314297
53.300000 -1.859109 4.306721 0.314396
53.305000 -1.837575 4.334607 0.314494
53.310000 -1.815902 4.362171 0.314593
53.315000 -1.794092 4.389410 0.314691
53.320000 -1.772145 4.416321 0.314790
53.325000 -1.750063 4.442903 0.314889
53.330000 -1.727848 4.469154 0.314987
53.335000 -1.705503 4.495072 0.315086
53.340000 -1.683027 4.520654 0.315184
53.345000 -1.660424 4.545900 0.315283
53.350000 -1.637695 4.570806 0.315382
53.355000 -1.614840 4.595371 0.315480
53.360000 -1.591864 4.619594 0.315579
53.365000 -1.568766 4.643472 0.315678
53.370000 -1.545548 4.667003 0.315776
53.375000 -1.522213 4.690187 0.315875
53.380000 -1.498762 4.713020 0.315974
53.385000 -1.475197 4.735501 0.316072
53.390000 -1.451520 4.757629 0.316171
53.395000 -1.427732 4.779402 0.316270
53.400000 -1.403835 4.800818 0.316369
53.405000 -1.379830 4.821876 0.316467
53.410000 -1.355721 4.842573 0.316566
53.415000 -1.331508 4.862909 0.316665
53.420000 -1.307194 4.882881 0.316764
53.425000 -1.282779 4.902489 0.316862
53.430000 -1.258267 4.921731 0.316961
53.435000 -1.233658 4.940605 0.317060
53.440000 -1.208955 4.959110 0.317159
53.445000 -1.184160 4.977244 0.317257
53.450000 -1.159273 4.995007 0.317356
53.455000 -1.134298 5.012396 0.317455
53.460000 -1.109236 5.029410 0.317554
53.465000 -1.084089 5.046049 0.317653
53.470000 -1.058859 5.062310 0.317751
53.475000 -1.033548 5.078193 0.317850
53.480000 -1.008157 5.093696 0.317949
53.485000 -0.982688 5.108819 0.318048
53.490000 -0.957144 5.123559 0.318147
53.495000 -0.931526 5.137916 0.318246
53.500000 -0.905837 5.151889 0.318345
53.505000 -0.880077 5.165477 0.318443
53.510000 -0.854250 5.178678 0.318542
53.515000 -0.828356 5.191491 0.318641
53.520000 -0.802399 5.203917 0.318740
53.525000 -0.776379 5.215953 0.318839
53.530000 -0.750300 5.227598 0.318938
53.535000 -0.724162 5.238853 0.319037
53.540000 -0.697967 5.249715 0.319136
53.545000 -0.671719 5.260185 0.319235
53.550000 -0.645418 5.270261 0.319334
53.555000 -0.619067 5.279942 0.319433
53.560000 -0.592667 5.289228 0.319532
53.565000 -0.566221 5.298118 0.319631
53.570000 -0.539730 5.306611 0.319729
53.575000 -0.513197 5.314707 0.319828
53.580000 -0.486623 5.322405 0.319927
53.585000 -0.460011 5.329704 0.320026
53.590000 -0.433363 5.336605 0.320125
53.595000 -0.406680 5.343105 0.320224
53.600000 -0.379964 5.349205 0.320323
53.605000 -0.353218 5.354905 0.320422
53.610000 -0.326444 5.360203 0.320522
53.615000 -0.299643 5.365100 0.320621
53.620000 -0.272817 5.369594 0.320720
53.625000 -0.245969 5.373687 0.320819
53.630000 -0.219101 5.377376 0.320918
53.635000 -0.192214 5.380663 0.321017
53.640000 -0.165311 5.383546 0.321116
53.645000 -0.138393 5.386026 0.321215
53.650000 -0.111463 5.388101 0.321314
53.655000 -0.084522 5.389773 0.321413
53.660000 -0.057574 5.391041 0.321512
53.665000 -0.030618 5.391905 0.321611
53.670000 -0.003659 5.392364 0.321710
53.675000 0.023303 5.392419 0.321810
53.680000 0.050265 5.392069 0.321909
53.685000 0.077225 5.391315 0.322008
53.690000 0.104182 5.390157 0.322107
53.695000 0.131133 5.388594 0.322206
53.700000 0.158076 5.386627 0.322305
53.705000 0.185009 5.384256 0.322405
53.710000 0.211930 5.381481 0.322504
53.715000 0.238838 5.378302 0.322603
53.720000 0.265729 5.374720 0.322702
53.725000 0.292603 5.370734 0.322801
53.730000 0.319456 5.366345 0.322901
53.735000 0.346288 5.361553 0.323000
53.740000 0.373096 5.356358 0.323099
53.745000 0.399878 5.350762 0.323198
53.750000 0.426632 5.344764 0.323297
53.755000 0.453355 5.338364 0.323397
53.760000 0.480047 5.331564 0.323496
53.765000 0.506705 5.324363 0.323595
53.770000 0.533327 5.316763 0.323694
53.775000 0.559911 5.308763 0.323794
53.780000 0.586454 5.300364 0.323893
53.785000 0.612956 5.291567 0.323992
53.790000 0.639414 5.282373 0.324092
53.795000 0.665826 5.272782 0.324191
53.800000 0.692190 5.262794 0.324290
53.805000 0.718504 5.252412 0.324390
53.810000 0.744766 5.241634 0.324489
53.815000 0.770974 5.230462 0.324588
53.820000 0.797126 5.218898 0.324688
53.825000 0.823221 5.206941 0.324787
53.830000 0.849256 5.194593 0.324886
53.835000 0.875229 5.181854 0.324986
53.840000 0.901138 5.168725 0.325085
53.845000 0.926981 5.155208 0.325184
53.850000 0.952757 5.141304 0.325284
53.855000 0.978464 5.127012 0.325383
53.860000 1.004099 5.112335 0.325483
53.865000 1.029661 5.097274 0.325582
53.870000 1.055147 5.081829 0.325681
53.875000 1.080556 5.066002 0.325781
53.880000 1.105886 5.049793 0.325880
53.885000 1.131135 5.033205 0.325980
53.890000 1.156301 5.016238 0.326079
53.895000 1.181382 4.998894 0.326179
53.900000 1.206377 4.981173 0.326278
53.905000 1.231283 4.963077 0.326378
53.910000 1.256098 4.944608 0.326477
53.915000 1.280821 4.925766 0.326577
53.920000 1.305450 4.906554 0.326676
53.925000 1.329983 4.886972 0.326776
53.930000 1.354418 4.867023 0.326875
53.935000 1.378753 4.846706 0.326975
53.940000 1.402986 4.826025 0.327074
53.945000 1.427116 4.804980 0.327174
53.950000 1.451141 4.783574 0.327273
53.955000 1.475059 4.761806 0.327373
53.960000 1.498868 4.739681 0.327472
53.965000 1.522567 4.717197 0.327572
53.970000 1.546153 4.694359 0.327671
53.975000 1.569624 4.671167 0.327771
53.980000 1.592980 4.647622 0.327871
53.985000 1.616218 4.623728 0.327970
53.990000 1.639337 4.599484 0.328070
53.995000 1.662334 4.574894 0.328169
54.000000 1.685209 4.549959 0.328269
54.005000 1.707959 4.524681 0.328369
54.010000 1.730582 4.499062 0.328468
54.015000 1.753077 4.473103 0.328568
54.020000 1.775443 4.446807 0.328667
54.025000 1.797677 4.420175 0.328767
54.030000 1.819778 4.393210 0.328867
54.035000 1.841744 4.365913 0.328966
54.040000 1.863573 4.338287 0.329066
54.045000 1.885265 4.310334 0.329166
54.050000 1.906817 4.282055 0.329265
54.055000 1.928227 4.253452 0.329365
54.060000 1.949494 4.224529 0.329465
54.065000 1.970617 4.195287 0.329565
54.070000 1.991593 4.165727 0.329664
54.075000 2.012422 4.135853 0.329764
54.080000 2.033101 4.105667 0.329864
54.085000 2.053629 4.075171 0.329963
54.090000 2.074005 4.044366 0.330063
54.095000 2.094227 4.013256 0.330163
54.100000 2.114293 3.981843 0.330263
54.105000 2.134203 3.950128 0.330363
54.110000 2.153953 3.918115 0.330462
54.115000 2.173544 3.885806 0.330562
54.120000 2.192973 3.853203 0.330662
54.125000 2.212239 3.820308 0.330762
54.130000 2.231340 3.787125 0.330861
54.135000 2.250276 3.753655 0.330961
54.140000 2.269044 3.719900 0.331061
54.145000 2.287644 3.685865 0.331161
54.150000 2.306073 3.651550 0.331261
54.155000 2.324331 3.616959 0.331361
54.160000 2.342416 3.582094 0.331460
54.165000 2.360326 3.546958 0.331560
54.170000 2.378061 3.511553 0.331660
54.175000 2.395619 3.475882 0.331760
54.180000 2.412998 3.439948 0.331860
54.185000 2.430198 3.403753 0.331960
54.190000 2.447217 3.367300 0.332060
54.195000 2.464053 3.330592 0.332160
54.200000 2.480706 3.293631 0.332260
54.205000 2.497174 3.256420 0.332359
54.210000 2.513456 3.218963 0.332459
54.215000 2.529551 3.181261 0.332559
54.220000 2.545457 3.143317 0.332659
54.225000 2.561174 3.105136 0.332759
54.230000 2.576700 3.066718 0.332859
54.235000 2.592033 3.028067 0.332959
54.240000 2.607174 2.989187 0.333059
54.245000 2.622120 2.950079 0.333159
54.250000 2.636870 2.910748 0.333259
54.255000 2.651424 2.871194 0.333359
54.260000 2.665780 2.831423 0.333459
54.265000 2.679937 2.791436 0.333559
54.270000 2.693894 2.751237 0.333659
54.275000 2.707650 2.710829 0.333759
54.280000 2.721204 2.670214 0.333859
54.285000 2.734555 2.629396 0.333959
54.290000 2.747702 2.588378 0.334059
54.295000 2.760644 2.547162 0.334159
54.300000 2.773380 2.505753 0.334259
54.305000 2.785909 2.464152 0.334359
54.310000 2.798230 2.422363 0.334460
54.315000 2.810341 2.380390 0.334560
54.320000 2.822243 2.338235 0.334660
54.325000 2.833934 2.295901 0.334760
54.330000 2.845414 2.253392 0.334860
54.335000 2.856681 2.210711 0.334960
54.340000 2.867734 2.167861 0.335060
54.345000 2.878574 2.124845 0.335160
54.350000 2.889198 2.081666 0.335260
54.355000 2.899606 2.038328 0.335361
54.360000 2.909798 1.994834 0.335461
54.365000 2.919772 1.951187 0.335561
54.370000 2.929528 1.907390 0.335661
54.375000 2.939065 1.863447 0.335761
54.380000 2.948382 1.819362 0.335861
54.385000 2.957479 1.775136 0.335962
54.390000 2.966355 1.730774 0.336062
54.395000 2.975009 1.686278 0.336162
54.400000 2.983440 1.641653 0.336262
54.405000 2.991648 1.596902 0.336362
54.410000 2.999633 1.552027 0.336463
54.415000 3.007393 1.507032 0.336563
54.420000 3.014928 1.461921 0.336663
54.425000 3.022238 1.416698 0.336763
54.430000 3.029321 1.371364 0.336864
54.435000 3.036178 1.325924 0.336964
54.440000 3.042808 1.280381 0.337064
54.445000 3.049210 1.234739 0.337164
54.450000 3.055383 1.189001 0.337265
54.455000 3.061328 1.143170 0.337365
54.460000 3.067044 1.097251 0.337465
54.465000 3.072530 1.051245 0.337566
54.470000 3.077787 1.005157 0.337666
54.475000 3.082812 0.958990 0.337766
54.480000 3.087607 0.912748 0.337867
54.485000 3.092171 0.866434 0.337967
54.490000 3.096503 0.820051 0.338067
54.495000 3.100603 0.773604 0.338168
54.500000 3.104471 0.727095 0.338268
54.505000 3.108107 0.680528 0.338368
54.510000 3.111510 0.633906 0.338469
54.515000 3.114679 0.587233 0.338569
54.520000 3.117615 0.540513 0.338670
54.525000 3.120318 0.493749 0.338770
54.530000 3.122787 0.446944 0.338870
54.535000 3.125021 0.400102 0.338971
54.540000 3.127022 0.353227 0.339071
54.545000 3.128788 0.306322 0.339172
54.550000 3.130320 0.259390 0.339272
54.555000 3.131617 0.212435 0.339372
54.560000 3.132679 0.165461 0.339473
54.565000 3.133506 0.118471 0.339573
54.570000 3.134098 0.071468 0.339674
54.575000 3.134456 0.024457 0.339774
54.580000 3.134578 -0.022560 0.339875
54.585000 3.134465 -0.069579 0.339975
54.590000 3.134117 -0.116596 0.340076
54.595000 3.133534 -0.163608 0.340176
54.600000 3.132716 -0.210611 0.340277
54.605000 3.131663 -0.257601 0.340377
54.610000 3.130375 -0.304576 0.340478
54.615000 3.128852 -0.351532 0.340578
54.620000 3.127095 -0.398465 0.340679
54.625000 3.125102 -0.445371 0.340780
54.630000 3.122875 -0.492248 0.340880
54.635000 3.120414 -0.539091 0.340981
54.640000 3.117719 -0.585897 0.341081
54.645000 3.114789 -0.632663 0.341182
54.650000 3.111626 -0.679385 0.341282
54.655000 3.108229 -0.726059 0.341383
54.660000 3.104599 -0.772683 0.341484
54.665000 3.100735 -0.819251 0.341584
54.670000 3.096639 -0.865763 0.341685
54.675000 3.092310 -0.912212 0.341785
54.680000 3.087749 -0.958597 0.341886
54.685000 3.082956 -1.004913 0.341987
54.690000 3.077932 -1.051157 0.342087
54.695000 3.072676 -1.097326 0.342188
54.700000 3.067189 -1.143416 0.342289
54.705000 3.061472 -1.189424 0.342389
54.710000 3.055525 -1.235346 0.342490
54.715000 3.049348 -1.281179 0.342591
54.720000 3.042942 -1.326919 0.342691
54.725000 3.036308 -1.372564 0.342792
54.730000 3.029445 -1.418108 0.342893
54.735000 3.022354 -1.463550 0.342994
54.740000 3.015037 -1.508885 0.343094
54.745000 3.007492 -1.554111 0.343195
54.750000 2.999722 -1.599223 0.343296
54.755000 2.991726 -1.644219 0.343396
54.760000 2.983505 -1.689095 0.343497
54.765000 2.975059 -1.733847 0.343598
54.770000 2.966390 -1.778473 0.343699
54.775000 2.957497 -1.822969 0.343800
54.780000 2.948383 -1.867332 0.343900
54.785000 2.939046 -1.911557 0.344001
54.790000 2.929488 -1.955643 0.344102
54.795000 2.919710 -1.999585 0.344203
54.800000 2.909712 -2.043381 0.344304
54.805000 2.899495 -2.087027 0.344404
54.810000 2.889060 -2.130519 0.344505
54.815000 2.878407 -2.173855 0.344606
54.820000 2.867538 -2.217031 0.344707
54.825000 2.856453 -2.260044 0.344808
54.830000 2.845153 -2.302891 0.344909
54.835000 2.833638 -2.345568 0.345009
54.840000 2.821910 -2.388073 0.345110
54.845000 2.809970 -2.430402 0.345211
54.850000 2.797818 -2.472551 0.345312
54.855000 2.785455 -2.514518 0.345413
54.860000 2.772883 -2.556300 0.345514
54.865000 2.760101 -2.597893 0.345615
54.870000 2.747112 -2.639295 0.345716
54.875000 2.733915 -2.680502 0.345817
54.880000 2.720513 -2.721510 0.345918
54.885000 2.706905 -2.762318 0.346019
54.890000 2.693094 -2.802922 0.346120
54.895000 2.679079 -2.843318 0.346220
54.900000 2.664862 -2.883504 0.346321
54.905000 2.650445 -2.923477 0.346422
54.910000 2.635828 -2.963234 0.346523
54.915000 2.621011 -3.002771 0.346624
54.920000 2.605998 -3.042086 0.346725
54.925000 2.590787 -3.081176 0.346826
54.930000 2.575381 -3.120038 0.346927
54.935000 2.559781 -3.158669 0.347028
54.940000 2.543988 -3.197066 0.347129
54.945000 2.528002 -3.235225 0.347230
54.950000 2.511826 -3.273145 0.347332
54.955000 2.495460 -3.310823 0.347433
54.960000 2.478906 -3.348255 0.347534
54.965000 2.462165 -3.385438 0.347635
54.970000 2.445238 -3.422371 0.347736
54.975000 2.428126 -3.459049 0.347837
54.980000 2.410831 -3.495471 0.347938
54.985000 2.393353 -3.531634 0.348039
54.990000 2.375695 -3.567534 0.348140
54.995000 2.357858 -3.603169 0.348241
55.000000 2.339842 -3.638537 0.348342
55.005000 2.321649 -3.673635 0.348444
55.010000 2.303281 -3.708460 0.348545
55.015000 2.284739 -3.743009 0.348646
55.020000 2.266024 -3.777280 0.348747
55.025000 2.247137 -3.811270 0.348848
55.030000 2.228081 -3.844977 0.348949
55.035000 2.208856 -3.878399 0.349050
55.040000 2.189464 -3.911531 0.349152
55.045000 2.169906 -3.944373 0.349253
55.050000 2.150184 -3.976922 0.349354
55.055000 2.130300 -4.009175 0.349455
55.060000 2.110254 -4.041129 0.349556
55.065000 2.090048 -4.072783 0.349658
55.070000 2.069684 -4.104134 0.349759
55.075000 2.049164 -4.135179 0.349860
55.080000 2.028488 -4.165917 0.349961
55.085000 2.007658 -4.196344 0.350063
55.090000 1.986676 -4.226459 0.350164
55.095000 1.965544 -4.256259 0.350265
55.100000 1.944263 -4.285742 0.350366
55.105000 1.922834 -4.314906 0.350468
55.110000 1.901260 -4.343748 0.350569
55.115000 1.879541 -4.372267 0.350670
55.120000 1.857680 -4.400461 0.350771
55.125000 1.835677 -4.428326 0.350873
55.130000 1.813536 -4.455861 0.350974
55.135000 1.791256 -4.483064 0.351075
55.140000 1.768841 -4.509933 0.351177
55.145000 1.746291 -4.536465 0.351278
55.150000 1.723609 -4.562660 0.351379
55.155000 1.700796 -4.588514 0.351481
55.160000 1.677853 -4.614026 0.351582
55.165000 1.654783 -4.639194 0.351684
55.170000 1.631587 -4.664015 0.351785
55.175000 1.608267 -4.688489 0.351886
55.180000 1.584825 -4.712613 0.351988
55.185000 1.561261 -4.736386 0.352089
55.190000 1.537580 -4.759804 0.352190
55.195000 1.513781 -4.782868 0.352292
55.200000 1.489866 -4.805575 0.352393
55.205000 1.465838 -4.827923 0.352495
55.210000 1.441699 -4.849910 0.352596
55.215000 1.417449 -4.871536 0.352698
55.220000 1.393091 -4.892798 0.352799
55.225000 1.368627 -4.913694 0.352901
55.230000 1.344059 -4.934223 0.353002
55.235000 1.319388 -4.954384 0.353103
55.240000 1.294616 -4.974175 0.353205
55.245000 1.269745 -4.993594 0.353306
55.250000 1.244777 -5.012641 0.353408
55.255000 1.219714 -5.031312 0.353509
55.260000 1.194557 -5.049608 0.353611
55.265000 1.169309 -5.067526 0.353713
55.270000 1.143972 -5.085066 0.353814
55.275000 1.118546 -5.102225 0.353916
55.280000 1.093035 -5.119004 0.354017
55.285000 1.067440 -5.135399 0.354119
55.290000 1.041763 -5.151411 0.354220
55.295000 1.016006 -5.167037 0.354322
55.300000 0.990171 -5.182277 0.354423
55.305000 0.964260 -5.197130 0.354525
55.310000 0.938274 -5.211594 0.354627
55.315000 0.912216 -5.225668 0.354728
55.320000 0.886088 -5.239351 0.354830
55.325000 0.859891 -5.252642 0.354931
55.330000 0.833628 -5.265541 0.355033
55.335000 0.807300 -5.278045 0.355135
55.340000 0.780910 -5.290155 0.355236
55.345000 0.754459 -5.301868 0.355338
55.350000 0.727950 -5.313185 0.355440
55.355000 0.701384 -5.324104 0.355541
55.360000 0.674763 -5.334625 0.355643
55.365000 0.648090 -5.344747 0.355745
55.370000 0.621366 -5.354468 0.355846
55.375000 0.594594 -5.363789 0.355948
55.380000 0.567775 -5.372707 0.356050
55.385000 0.540911 -5.381224 0.356151
55.390000 0.514005 -5.389338 0.356253
55.395000 0.487059 -5.397048 0.356355
55.400000 0.460073 -5.404354 0.356456
55.405000 0.433052 -5.411255 0.356558
55.410000 0.405995 -5.417751 0.356660
55.415000 0.378907 -5.423841 0.356762
55.420000 0.351787 -5.429524 0.356863
55.425000 0.324640 -5.434801 0.356965
55.430000 0.297466 -5.439671 0.357067
55.435000 0.270267 -5.444133 0.357169
55.440000 0.243047 -5.448187 0.357271
55.445000 0.215806 -5.451832 0.357372
55.450000 0.188547 -5.455069 0.357474
55.455000 0.161271 -5.457898 0.357576
55.460000 0.133982 -5.460317 0.357678
55.465000 0.106680 -5.462326 0.357780
55.470000 0.079369 -5.463927 0.357881
55.475000 0.052049 -5.465117 0.357983
55.480000 0.024723 -5.465898 0.358085
55.485000 -0.002606 -5.466269 0.358187
55.490000 -0.029937 -5.466230 0.358289
55.495000 -0.057269 -5.465780 0.358391
55.500000 -0.084597 -5.464921 0.358493
55.505000 -0.111922 -5.463652 0.358594
55.510000 -0.139240 -5.461974 0.358696
55.515000 -0.166550 -5.459885 0.358798
55.520000 -0.193850 -5.457387 0.358900
55.525000 -0.221137 -5.454479 0.359002
55.530000 -0.248409 -5.451162 0.359104
55.535000 -0.275665 -5.447436 0.359206
55.540000 -0.302902 -5.443301 0.359308
55.545000 -0.330118 -5.438757 0.359410
55.550000 -0.357312 -5.433806 0.359512
55.555000 -0.384481 -5.428446 0.359614
55.560000 -0.411623 -5.422679 0.359716
55.565000 -0.438737 -5.416504 0.359818
55.570000 -0.465819 -5.409923 0.359920
55.575000 -0.492869 -5.402936 0.360022
55.580000 -0.519884 -5.395543 0.360124
55.585000 -0.546861 -5.387745 0.360226
55.590000 -0.573800 -5.379542 0.360328
55.595000 -0.600698 -5.370935 0.360430
55.600000 -0.627553 -5.361924 0.360532
55.605000 -0.654362 -5.352511 0.360634
55.610000 -0.681125 -5.342696 0.360736
55.615000 -0.707838 -5.332479 0.360838
55.620000 -0.734501 -5.321861 0.360940
55.625000 -0.761110 -5.310844 0.361042
55.630000 -0.787664 -5.299427 0.361144
55.635000 -0.814161 -5.287612 0.361246
55.640000 -0.840599 -5.275400 0.361348
55.645000 -0.866976 -5.262791 0.361450
55.650000 -0.893290 -5.249786 0.361553
55.655000 -0.919539 -5.236387 0.361655
55.660000 -0.945721 -5.222594 0.361757
55.665000 -0.971834 -5.208408 0.361859
55.670000 -0.997876 -5.193830 0.361961
55.675000 -1.023845 -5.178862 0.362063
55.680000 -1.049740 -5.163504 0.362165
55.685000 -1.075557 -5.147758 0.362267
55.690000 -1.101296 -5.131625 0.362370
55.695000 -1.126954 -5.115106 0.362472
55.700000 -1.152530 -5.098201 0.362574
55.705000 -1.178021 -5.080913 0.362676
55.710000 -1.203425 -5.063243 0.362778
55.715000 -1.228741 -5.045192 0.362881
55.720000 -1.253967 -5.026760 0.362983
55.725000 -1.279101 -5.007951 0.363085
55.730000 -1.304141 -4.988764 0.363187
55.735000 -1.329085 -4.969202 0.363290
55.740000 -1.353931 -4.949266 0.363392
55.745000 -1.378677 -4.928957 0.363494
55.750000 -1.403322 -4.908277 0.363596
55.755000 -1.427863 -4.887227 0.363699
55.760000 -1.452299 -4.865809 0.363801
55.765000 -1.476628 -4.844025 0.363903
55.770000 -1.500848 -4.821875 0.364005
55.775000 -1.524958 -4.799363 0.364108
55.780000 -1.548955 -4.776488 0.364210
55.785000 -1.572837 -4.753254 0.364312
55.790000 -1.596603 -4.729661 0.364415
55.795000 -1.620252 -4.705712 0.364517
55.800000 -1.643780 -4.681408 0.364619
55.805000 -1.667187 -4.656752 0.364722
55.810000 -1.690471 -4.631744 0.364824
55.815000 -1.713630 -4.606387 0.364926
55.820000 -1.736662 -4.580682 0.365029
55.825000 -1.759565 -4.554633 0.365131
55.830000 -1.782338 -4.528239 0.365234
55.835000 -1.804979 -4.501504 0.365336
55.840000 -1.827487 -4.474429 0.365438
55.845000 -1.849859 -4.447017 0.365541
55.850000 -1.872094 -4.419269 0.365643
55.855000 -1.894191 -4.391188 0.365746
55.860000 -1.916146 -4.362775 0.365848
55.865000 -1.937960 -4.334033 0.365950
55.870000 -1.959631 -4.304963 0.366053
55.875000 -1.981155 -4.275569 0.366155
55.880000 -2.002533 -4.245851 0.366258
55.885000 -2.023762 -4.215813 0.366360
55.890000 -2.044842 -4.185457 0.366463
55.895000 -2.065769 -4.154784 0.366565
55.900000 -2.086543 -4.123798 0.366668
55.905000 -2.107162 -4.092500 0.366770
55.910000 -2.127624 -4.060892 0.366873
55.915000 -2.147929 -4.028978 0.366975
55.920000 -2.168074 -3.996759 0.367078
55.925000 -2.188057 -3.964238 0.367180
55.930000 -2.207879 -3.931417 0.367283
55.935000 -2.227536 -3.898299 0.367385
55.940000 -2.247027 -3.864886 0.367488
55.945000 -2.266352 -3.831180 0.367591
55.950000 -2.285507 -3.797185 0.367693
55.955000 -2.304493 -3.762902 0.367796
55.960000 -2.323308 -3.728335 0.367898
55.965000 -2.341950 -3.693485 0.368001
55.970000 -2.360417 -3.658356 0.368103
55.975000 -2.378709 -3.622950 0.368206
55.980000 -2.396824 -3.587269 0.368309
55.985000 -2.414760 -3.551317 0.368411
55.990000 -2.432516 -3.515096 0.368514
55.995000 -2.450092 -3.478608 0.368617
56.000000 -2.467485 -3.441856 0.368719
56.005000 -2.484694 -3.404844 0.368822
56.010000 -2.501718 -3.367574 0.368925
56.015000 -2.518556 -3.330048 0.369027
56.020000 -2.535207 -3.292270 0.369130
56.025000 -2.551668 -3.254242 0.369233
56.030000 -2.567939 -3.215967 0.369335
56.035000 -2.584019 -3.177447 0.369438
56.040000 -2.599906 -3.138687 0.369541
56.045000 -2.615600 -3.099689 0.369643
56.050000 -2.631098 -3.060455 0.369746
56.055000 -2.646400 -3.020988 0.369849
56.060000 -2.661505 -2.981292 0.369952
56.065000 -2.676412 -2.941370 0.370054
56.070000 -2.691119 -2.901223 0.370157
56.075000 -2.705625 -2.860857 0.370260
56.080000 -2.719929 -2.820272 0.370363
56.085000 -2.734030 -2.779473 0.370465
56.090000 -2.747928 -2.738463 0.370568
56.095000 -2.761620 -2.697244 0.370671
56.100000 -2.775106 -2.655820 0.370774
56.105000 -2.788385 -2.614193 0.370877
56.110000 -2.801456 -2.572367 0.370979
56.115000 -2.814318 -2.530345 0.371082
56.120000 -2.826970 -2.488131 0.371185
56.125000 -2.839411 -2.445726 0.371288
56.130000 -2.851639 -2.403135 0.371391
56.135000 -2.863655 -2.360360 0.371494
56.140000 -2.875457 -2.317405 0.371596
56.145000 -2.887044 -2.274274 0.371699
56.150000 -2.898415 -2.230968 0.371802
56.155000 -2.909570 -2.187492 0.371905
56.160000 -2.920507 -2.143848 0.372008
56.165000 -2.931227 -2.100041 0.372111
56.170000 -2.941727 -2.056072 0.372214
56.175000 -2.952007 -2.011946 0.372317
56.180000 -2.962067 -1.967666 0.372420
56.185000 -2.971905 -1.923235 0.372523
56.190000 -2.981521 -1.878657 0.372625
56.195000 -2.990915 -1.833934 0.372728
56.200000 -3.000084 -1.789070 0.372831
56.205000 -3.009030 -1.744069 0.372934
56.210000 -3.017750 -1.698933 0.373037
56.215000 -3.026245 -1.653667 0.373140
56.220000 -3.034513 -1.608273 0.373243
56.225000 -3.042554 -1.562756 0.373346
56.230000 -3.050368 -1.517117 0.373449
56.235000 -3.057954 -1.471362 0.373552
56.240000 -3.065311 -1.425493 0.373655
56.245000 -3.072438 -1.379513 0.373758
56.250000 -3.079336 -1.333426 0.373861
56.255000 -3.086003 -1.287236 0.373964
56.260000 -3.092439 -1.240946 0.374067
56.265000 -3.098644 -1.194560 0.374170
56.270000 -3.104616 -1.148080 0.374274
56.275000 -3.110357 -1.101511 0.374377
56.280000 -3.115864 -1.054855 0.374480
56.285000 -3.121139 -1.008117 0.374583
56.290000 -3.126179 -0.961300 0.374686
56.295000 -3.130986 -0.914408 0.374789
56.300000 -3.135558 -0.867443 0.374892
56.305000 -3.139895 -0.820410 0.374995
56.310000 -3.143997 -0.773311 0.375098
56.315000 -3.147864 -0.726151 0.375201
56.320000 -3.151494 -0.678933 0.375305
56.325000 -3.154889 -0.631661 0.375408
56.330000 -3.158047 -0.584337 0.375511
56.335000 -3.160969 -0.536967 0.375614
56.340000 -3.163654 -0.489552 0.375717
56.345000 -3.166102 -0.442097 0.375820
56.350000 -3.168312 -0.394606 0.375924
56.355000 -3.170285 -0.347081 0.376027
56.360000 -3.172021 -0.299527 0.376130
56.365000 -3.173518 -0.251947 0.376233
56.370000 -3.174778 -0.204344 0.376336
56.375000 -3.175800 -0.156722 0.376440
56.380000 -3.176583 -0.109085 0.376543
56.385000 -3.177129 -0.061436 0.376646
56.390000 -3.177436 -0.013779 0.376749
56.395000 -3.177505 0.033882 0.376853
56.400000 -3.177335 0.081545 0.376956
56.405000 -3.176928 0.129205 0.377059
56.410000 -3.176282 0.176859 0.377162
56.415000 -3.175397 0.224503 0.377266
56.420000 -3.174275 0.272134 0.377369
56.425000 -3.172914 0.319748 0.377472
56.430000 -3.171315 0.367342 0.377576
56.435000 -3.169479 0.414911 0.377679
56.440000 -3.167404 0.462453 0.377782
56.445000 -3.165092 0.509965 0.377886
56.450000 -3.162542 0.557441 0.377989
56.455000 -3.159755 0.604879 0.378092
56.460000 -3.156730 0.652275 0.378196
56.465000 -3.153469 0.699626 0.378299
56.470000 -3.149971 0.746928 0.378402
56.475000 -3.146236 0.794178 0.378506
56.480000 -3.142265 0.841371 0.378609
56.485000 -3.138059 0.888505 0.378713
56.490000 -3.133616 0.935576 0.378816
56.495000 -3.128938 0.982581 0.378919
56.500000 -3.124025 1.029515 0.379023
56.505000 -3.118878 1.076375 0.379126
56.510000 -3.113496 1.123158 0.379230
56.515000 -3.107880 1.169861 0.379333
56.520000 -3.102031 1.216479 0.379437
56.525000 -3.095948 1.263009 0.379540
56.530000 -3.089633 1.309449 0.379643
56.535000 -3.083086 1.355793 0.379747
56.540000 -3.076307 1.402039 0.379850
56.545000 -3.069297 1.448184 0.379954
56.550000 -3.062056 1.494223 0.380057
56.555000 -3.054585 1.540154 0.380161
56.560000 -3.046884 1.585973 0.380264
56.565000 -3.038954 1.631676 0.380368
56.570000 -3.030796 1.677261 0.380471
56.575000 -3.022409 1.722722 0.380575
56.580000 -3.013796 1.768059 0.380679
56.585000 -3.004956 1.813266 0.380782
56.590000 -2.995889 1.858340 0.380886
56.595000 -2.986598 1.903278 0.380989
56.600000 -2.977081 1.948077 0.381093
56.605000 -2.967341 1.992733 0.381196
56.610000 -2.957377 2.037244 0.381300
56.615000 -2.947191 2.081604 0.381404
56.620000 -2.936783 2.125812 0.381507
56.625000 -2.926154 2.169864 0.381611
56.630000 -2.915304 2.213756 0.381714
56.635000 -2.904236 2.257486 0.381818
56.640000 -2.892948 2.301049 0.381922
56.645000 -2.881443 2.344443 0.382025
56.650000 -2.869721 2.387665 0.382129
56.655000 -2.857782 2.430711 0.382233
56.660000 -2.845629 2.473578 0.382336
56.665000 -2.833261 2.516262 0.382440
56.670000 -2.820680 2.558761 0.382544
56.675000 -2.807886 2.601071 0.382647
56.680000 -2.794881 2.643189 0.382751
56.685000 -2.781665 2.685113 0.382855
56.690000 -2.768239 2.726838 0.382958
56.695000 -2.754605 2.768361 0.383062
56.700000 -2.740763 2.809680 0.383166
56.705000 -2.726715 2.850792 0.383270
56.710000 -2.712461 2.891692 0.383373
56.715000 -2.698002 2.932379 0.383477
56.720000 -2.683340 2.972849 0.383581
56.725000 -2.668476 3.013100 0.383685
56.730000 -2.653411 3.053127 0.383788
56.735000 -2.638145 3.092928 0.383892
56.740000 -2.622680 3.132500 0.383996
56.745000 -2.607018 3.171840 0.384100
56.750000 -2.591159 3.210945 0.384204
56.755000 -2.575104 3.249813 0.384307
56.760000 -2.558855 3.288439 0.384411
56.765000 -2.542413 3.326822 0.384515
56.770000 -2.525779 3.364958 0.384619
56.775000 -2.508954 3.402845 0.384723
56.780000 -2.491940 3.440479 0.384827
56.785000 -2.474737 3.477858 0.384931
56.790000 -2.457348 3.514980 0.385034
56.795000 -2.439773 3.551840 0.385138
56.800000 -2.422014 3.588436 0.385242
56.805000 -2.404072 3.624767 0.385346
56.810000 -2.385948 3.660828 0.385450
56.815000 -2.367644 3.696617 0.385554
56.820000 -2.349160 3.732132 0.385658
56.825000 -2.330500 3.767369 0.385762
56.830000 -2.311663 3.802326 0.385866
56.835000 -2.292651 3.837001 0.385970
56.840000 -2.273466 3.871391 0.386074
56.845000 -2.254109 3.905493 0.386177
56.850000 -2.234582 3.939305 0.386281
56.855000 -2.214885 3.972823 0.386385
56.860000 -2.195021 4.006047 0.386489
56.865000 -2.174991 4.038972 0.386593
56.870000 -2.154796 4.071597 0.386697
56.875000 -2.134438 4.103919 0.386801
56.880000 -2.113919 4.135935 0.386905
56.885000 -2.093239 4.167644 0.387009
56.890000 -2.072401 4.199043 0.387113
56.895000 -2.051406 4.230129 0.387217
56.900000 -2.030255 4.260900 0.387321
56.905000 -2.008950 4.291354 0.387426
56.910000 -1.987494 4.321488 0.387530
56.915000 -1.965886 4.351300 0.387634
56.920000 -1.944130 4.380789 0.387738
56.925000 -1.922226 4.409951 0.387842
56.930000 -1.900176 4.438784 0.387946
56.935000 -1.877982 4.467287 0.388050
56.940000 -1.855646 4.495456 0.388154
56.945000 -1.833168 4.523291 0.388258
56.950000 -1.810552 4.550789 0.388362
56.955000 -1.787798 4.577947 0.388466
56.960000 -1.764908 4.604764 0.388571
56.965000 -1.741884 4.631237 0.388675
56.970000 -1.718728 4.657366 0.388779
56.975000 -1.695441 4.683147 0.388883
56.980000 -1.672026 4.708578 0.388987
56.985000 -1.648483 4.733659 0.389091
56.990000 -1.624814 4.758386 0.389196
56.995000 -1.601023 4.782758 0.389300
57.000000 -1.577109 4.806773 0.389404
57.005000 -1.553075 4.830430 0.389508
57.010000 -1.528923 4.853726 0.389612
57.015000 -1.504654 4.876660 0.389717
57.020000 -1.480271 4.899230 0.389821
57.025000 -1.455775 4.921434 0.389925
57.030000 -1.431167 4.943271 0.390029
57.035000 -1.406451 4.964738 0.390134
57.040000 -1.381627 4.985835 0.390238
57.045000 -1.356698 5.006559 0.390342
57.050000 -1.331665 5.026910 0.390446
57.055000 -1.306531 5.046885 0.390551
57.060000 -1.281296 5.066483 0.390655
57.065000 -1.255964 5.085702 0.390759
57.070000 -1.230536 5.104542 0.390864
57.075000 -1.205013 5.123000 0.390968
57.080000 -1.179398 5.141075 0.391072
57.085000 -1.153692 5.158766 0.391177
57.090000 -1.127899 5.176071 0.391281
57.095000 -1.102018 5.192990 0.391385
57.100000 -1.076053 5.209520 0.391490
57.105000 -1.050006 5.225661 0.391594
57.110000 -1.023877 5.241411 0.391698
57.115000 -0.997670 5.256769 0.391803
57.120000 -0.971387 5.271734 0.391907
57.125000 -0.945028 5.286305 0.392011
57.130000 -0.918596 5.300480 0.392116
57.135000 -0.892094 5.314259 0.392220
57.140000 -0.865523 5.327641 0.392325
57.145000 -0.838884 5.340623 0.392429
57.150000 -0.812181 5.353207 0.392534
57.155000 -0.785415 5.365389 0.392638
57.160000 -0.758588 5.377171 0.392742
57.165000 -0.731702 5.388549 0.392847
57.170000 -0.704760 5.399525 0.392951
57.175000 -0.677762 5.410096 0.393056
57.180000 -0.650712 5.420263 0.393160
57.185000 -0.623610 5.430023 0.393265
57.190000 -0.596460 5.439378 0.393369
57.195000 -0.569263 5.448325 0.393474
57.200000 -0.542022 5.456864 0.393578
57.205000 -0.514737 5.464994 0.393683
57.210000 -0.487412 5.472715 0.393787
57.215000 -0.460049 5.480026 0.393892
57.220000 -0.432649 5.486927 0.393996
57.225000 -0.405214 5.493417 0.394101
57.230000 -0.377747 5.499495 0.394205
57.235000 -0.350249 5.505161 0.394310
57.240000 -0.322724 5.510415 0.394415
57.245000 -0.295172 5.515256 0.394519
57.250000 -0.267595 5.519683 0.394624
57.255000 -0.239997 5.523697 0.394728
57.260000 -0.212378 5.527297 0.394833
57.265000 -0.184742 5.530483 0.394938
57.270000 -0.157090 5.533254 0.395042
57.275000 -0.129423 5.535610 0.395147
57.280000 -0.101745 5.537552 0.395251
57.285000 -0.074057 5.539078 0.395356
57.290000 -0.046362 5.540189 0.395461
57.295000 -0.018661 5.540884 0.395565
57.300000 0.009043 5.541164 0.395670
57.305000 0.036749 5.541028 0.395775
57.310000 0.064454 5.540477 0.395879
57.315000 0.092157 5.539510 0.395984
57.320000 0.119854 5.538128 0.396089
57.325000 0.147545 5.536330 0.396194
57.330000 0.175226 5.534117 0.396298
57.335000 0.202897 5.531488 0.396403
57.340000 0.230554 5.528445 0.396508
57.345000 0.258197 5.524987 0.396612
57.350000 0.285822 5.521114 0.396717
57.355000 0.313427 5.516826 0.396822
57.360000 0.341011 5.512125 0.396927
57.365000 0.368572 5.507010 0.397032
57.370000 0.396107 5.501481 0.397136
57.375000 0.423614 5.495540 0.397241
57.380000 0.451092 5.489185 0.397346
57.385000 0.478538 5.482419 0.397451
57.390000 0.505950 5.475241 0.397555
57.395000 0.533326 5.467652 0.397660
57.400000 0.560665 5.459652 0.397765
57.405000 0.587963 5.451242 0.397870
57.410000 0.615219 5.442422 0.397975
57.415000 0.642431 5.433194 0.398080
57.420000 0.669597 5.423558 0.398184
57.425000 0.696715 5.413514 0.398289
57.430000 0.723783 5.403063 0.398394
57.435000 0.750798 5.392206 0.398499
57.440000 0.777759 5.380944 0.398604
57.445000 0.804664 5.369278 0.398709
57.450000 0.831510 5.357208 0.398814
57.455000 0.858296 5.344735 0.398919
57.460000 0.885020 5.331861 0.399024
57.465000 0.911679 5.318586 0.399129
57.470000 0.938272 5.304910 0.399233
57.475000 0.964796 5.290836 0.399338
57.480000 0.991251 5.276364 0.399443
57.485000 1.017632 5.261496 0.399548
57.490000 1.043940 5.246231 0.399653
57.495000 1.070171 5.230572 0.399758
57.500000 1.096324 5.214519 0.399863
57.505000 1.122397 5.198075 0.399968
57.510000 1.148387 5.181239 0.400073
57.515000 1.174293 5.164013 0.400178
57.520000 1.200113 5.146398 0.400283
57.525000 1.225845 5.128397 0.400388
57.530000 1.251487 5.110009 0.400493
57.535000 1.277037 5.091237 0.400598
57.540000 1.302493 5.072081 0.400703
57.545000 1.327854 5.052544 0.400808
57.550000 1.353117 5.032626 0.400914
57.555000 1.378280 5.012329 0.401019
57.560000 1.403341 4.991655 0.401124
57.565000 1.428300 4.970605 0.401229
57.570000 1.453153 4.949180 0.401334
57.575000 1.477899 4.927383 0.401439
57.580000 1.502535 4.905215 0.401544
57.585000 1.527062 4.882677 0.401649
57.590000 1.551475 4.859771 0.401754
57.595000 1.575774 4.836499 0.401859
57.600000 1.599956 4.812862 0.401965
57.605000 1.624021 4.788863 0.402070
57.610000 1.647965 4.764502 0.402175
57.615000 1.671787 4.739783 0.402280
57.620000 1.695486 4.714706 0.402385
57.625000 1.719060 4.689274 0.402490
57.630000 1.742506 4.663488 0.402596
57.635000 1.765824 4.637350 0.402701
57.640000 1.789010 4.610863 0.402806
57.645000 1.812065 4.584028 0.402911
57.650000 1.834985 4.556847 0.403016
57.655000 1.857769 4.529322 0.403122
57.660000 1.880416 4.501455 0.403227
57.665000 1.902923 4.473249 0.403332
57.670000 1.925289 4.444705 0.403437
57.675000 1.947513 4.415826 0.403543
57.680000 1.969592 4.386613 0.403648
57.685000 1.991525 4.357069 0.403753
57.690000 2.013310 4.327197 0.403858
57.695000 2.034946 4.296997 0.403964
57.700000 2.056431 4.266473 0.404069
57.705000 2.077764 4.235626 0.404174
57.710000 2.098942 4.204460 0.404280
57.715000 2.119964 4.172976 0.404385
57.720000 2.140829 4.141176 0.404490
57.725000 2.161535 4.109064 0.404596
57.730000 2.182080 4.076641 0.404701
57.735000 2.202463 4.043910 0.404806
57.740000 2.222683 4.010873 0.404912
57.745000 2.242737 3.977532 0.405017
57.750000 2.262625 3.943891 0.405122
57.755000 2.282344 3.909952 0.405228
57.760000 2.301894 3.875717 0.405333
57.765000 2.321273 3.841188 0.405439
57.770000 2.340479 3.806369 0.405544
57.775000 2.359510 3.771262 0.405649
57.780000 2.378367 3.735869 0.405755
57.785000 2.397046 3.700194 0.405860
57.790000 2.415547 3.664238 0.405966
57.795000 2.433868 3.628005 0.406071
57.800000 2.452008 3.591497 0.406177
57.805000 2.469966 3.554717 0.406282
57.810000 2.487739 3.517667 0.406388
57.815000 2.505328 3.480351 0.406493
57.820000 2.522729 3.442771 0.406599
57.825000 2.539943 3.404930 0.406704
57.830000 2.556968 3.366831 0.406810
57.835000 2.573802 3.328477 0.406915
57.840000 2.590445 3.289870 0.407021
57.845000 2.606894 3.251013 0.407126
57.850000 2.623149 3.211910 0.407232
57.855000 2.639208 3.172562 0.407337
57.860000 2.655071 3.132974 0.407443
57.865000 2.670736 3.093148 0.407548
57.870000 2.686202 3.053087 0.407654
57.875000 2.701467 3.012794 0.407759
57.880000 2.716531 2.972272 0.407865
57.885000 2.731393 2.931524 0.407971
57.890000 2.746050 2.890553 0.408076
57.895000 2.760503 2.849363 0.408182
57.900000 2.774750 2.807955 0.408287
57.905000 2.788790 2.766334 0.408393
57.910000 2.802621 2.724502 0.408499
57.915000 2.816244 2.682463 0.408604
57.920000 2.829656 2.640219 0.408710
57.925000 2.842857 2.597774 0.408816
57.930000 2.855846 2.555131 0.408921
57.935000 2.868622 2.512294 0.409027
57.940000 2.881183 2.469264 0.409133
57.945000 2.893530 2.426046 0.409238
57.950000 2.905660 2.382644 0.409344
57.955000 2.917573 2.339059 0.409450
57.960000 2.929268 2.295295 0.409555
57.965000 2.940745 2.251356 0.409661
57.970000 2.952002 2.207245 0.409767
57.975000 2.963038 2.162965 0.409873
57.980000 2.973853 2.118519 0.409978
57.985000 2.984445 2.073911 0.410084
57.990000 2.994815 2.029145 0.410190
57.995000 3.004960 1.984223 0.410296
58.000000 3.014882 1.939148 0.410401
58.005000 3.024577 1.893925 0.410507
58.010000 3.034047 1.848556 0.410613
58.015000 3.043290 1.803046 0.410719
58.020000 3.052305 1.757396 0.410824
58.025000 3.061092 1.711612 0.410930
58.030000 3.069650 1.665695 0.411036
58.035000 3.077978 1.619651 0.411142
58.040000 3.086077 1.573481 0.411248
58.045000 3.093944 1.527190 0.411354
58.050000 3.101580 1.480781 0.411459
58.055000 3.108984 1.434257 0.411565
58.060000 3.116155 1.387622 0.411671
58.065000 3.123093 1.340880 0.411777
58.070000 3.129798 1.294033 0.411883
58.075000 3.136268 1.247086 0.411989
58.080000 3.142503 1.200042 0.412095
58.085000 3.148504 1.152905 0.412201
58.090000 3.154268 1.105677 0.412307
58.095000 3.159797 1.058363 0.412412
58.100000 3.165088 1.010966 0.412518
58.105000 3.170143 0.963490 0.412624
58.110000 3.174961 0.915938 0.412730
58.115000 3.179540 0.868313 0.412836
58.120000 3.183882 0.820620 0.412942
58.125000 3.187985 0.772862 0.413048
58.130000 3.191849 0.725042 0.413154
58.135000 3.195474 0.677165 0.413260
58.140000 3.198860 0.629232 0.413366
58.145000 3.202006 0.581250 0.413472
58.150000 3.204913 0.533219 0.413578
58.155000 3.207579 0.485146 0.413684
58.160000 3.210005 0.437032 0.413790
58.165000 3.212190 0.388882 0.413896
58.170000 3.214134 0.340699 0.414002
58.175000 3.215838 0.292487 0.414108
58.180000 3.217300 0.244250 0.414214
58.185000 3.218521 0.195990 0.414320
58.190000 3.219501 0.147712 0.414427
58.195000 3.220240 0.099420 0.414533
58.200000 3.220737 0.051116 0.414639
58.205000 3.220992 0.002805 0.414745
58.210000 3.221007 -0.045510 0.414851
58.215000 3.220779 -0.093825 0.414957
58.220000 3.220310 -0.142137 0.415063
58.225000 3.219599 -0.190441 0.415169
58.230000 3.218647 -0.238735 0.415275
58.235000 3.217453 -0.287015 0.415382
58.240000 3.216018 -0.335277 0.415488
58.245000 3.214342 -0.383517 0.415594
58.250000 3.212424 -0.431732 0.415700
58.255000 3.210266 -0.479918 0.415806
58.260000 3.207866 -0.528072 0.415912
58.265000 3.205226 -0.576190 0.416019
58.270000 3.202345 -0.624269 0.416125
58.275000 3.199223 -0.672304 0.416231
58.280000 3.195862 -0.720292 0.416337
58.285000 3.192260 -0.768230 0.416443
58.290000 3.188419 -0.816114 0.416550
58.295000 3.184339 -0.863940 0.416656
58.300000 3.180019 -0.911706 0.416762
58.305000 3.175460 -0.959406 0.416868
58.310000 3.170663 -1.007038 0.416975
58.315000 3.165628 -1.054598 0.417081
58.320000 3.160355 -1.102082 0.417187
58.325000 3.154845 -1.149487 0.417294
58.330000 3.149097 -1.196810 0.417400
58.335000 3.143113 -1.244047 0.417506
58.340000 3.136893 -1.291193 0.417612
58.345000 3.130437 -1.338247 0.417719
58.350000 3.123746 -1.385203 0.417825
58.355000 3.116820 -1.432059 0.417931
58.360000 3.109660 -1.478812 0.418038
58.365000 3.102265 -1.525457 0.418144
58.370000 3.094638 -1.571991 0.418251
58.375000 3.086778 -1.618410 0.418357
58.380000 3.078686 -1.664712 0.418463
58.385000 3.070363 -1.710892 0.418570
58.390000 3.061808 -1.756948 0.418676
58.395000 3.053023 -1.802875 0.418782
58.400000 3.044009 -1.848670 0.418889
58.405000 3.034766 -1.894330 0.418995
58.410000 3.025294 -1.939852 0.419102
58.415000 3.015595 -1.985231 0.419208
58.420000 3.005669 -2.030465 0.419315
58.425000 2.995516 -2.075550 0.419421
58.430000 2.985139 -2.120483 0.419527
58.435000 2.974536 -2.165260 0.419634
58.440000 2.963710 -2.209878 0.419740
58.445000 2.952660 -2.254334 0.419847
58.450000 2.941389 -2.298623 0.419953
58.455000 2.929896 -2.342744 0.420060
58.460000 2.918182 -2.386693 0.420166
58.465000 2.906248 -2.430465 0.420273
58.470000 2.894096 -2.474059 0.420379
58.475000 2.881726 -2.517471 0.420486
58.480000 2.869139 -2.560697 0.420592
58.485000 2.856335 -2.603734 0.420699
58.490000 2.843316 -2.646579 0.420806
58.495000 2.830083 -2.689228 0.420912
58.500000 2.816637 -2.731680 0.421019
58.505000 2.802979 -2.773929 0.421125
58.510000 2.789109 -2.815974 0.421232
58.515000 2.775029 -2.857811 0.421338
58.520000 2.760740 -2.899436 0.421445
58.525000 2.746243 -2.940847 0.421552
58.530000 2.731539 -2.982041 0.421658
58.535000 2.716629 -3.023014 0.421765
58.540000 2.701514 -3.063763 0.421872
58.545000 2.686195 -3.104286 0.421978
58.550000 2.670673 -3.144579 0.422085
58.555000 2.654951 -3.184639 0.422191
58.560000 2.639027 -3.224463 0.422298
58.565000 2.622905 -3.264049 0.422405
58.570000 2.606585 -3.303392 0.422511
58.575000 2.590068 -3.342491 0.422618
58.580000 2.573355 -3.381342 0.422725
58.585000 2.556449 -3.419942 0.422832
58.590000 2.539349 -3.458289 0.422938
58.595000 2.522058 -3.496379 0.423045
58.600000 2.504576 -3.534210 0.423152
58.605000 2.486905 -3.571779 0.423258
58.610000 2.469046 -3.609082 0.423365
58.615000 2.451000 -3.646118 0.423472
58.620000 2.432770 -3.682883 0.423579
58.625000 2.414355 -3.719375 0.423685
58.630000 2.395758 -3.755590 0.423792
58.635000 2.376980 -3.791526 0.423899
58.640000 2.358023 -3.827181 0.424006
58.645000 2.338887 -3.862551 0.424113
58.650000 2.319574 -3.897635 0.424219
58.655000 2.300086 -3.932428 0.424326
58.660000 2.280424 -3.966930 0.424433
58.665000 2.260589 -4.001136 0.424540
58.670000 2.240583 -4.035045 0.424647
58.675000 2.220408 -4.068653 0.424754
58.680000 2.200065 -4.101960 0.424860
58.685000 2.179555 -4.134961 0.424967
58.690000 2.158880 -4.167654 0.425074
58.695000 2.138042 -4.200037 0.425181
58.700000 2.117042 -4.232108 0.425288
58.705000 2.095881 -4.263863 0.425395
58.710000 2.074562 -4.295302 0.425502
58.715000 2.053086 -4.326420 0.425609
58.720000 2.031453 -4.357216 0.425716
58.725000 2.009667 -4.387688 0.425823
58.730000 1.987729 -4.417833 0.425929
58.735000 1.965640 -4.447649 0.426036
58.740000 1.943402 -4.477134 0.426143
58.745000 1.921016 -4.506285 0.426250
58.750000 1.898484 -4.535100 0.426357
58.755000 1.875809 -4.563577 0.426464
58.760000 1.852991 -4.591714 0.426571
58.765000 1.830032 -4.619509 0.426678
58.770000 1.806935 -4.646960 0.426785
58.775000 1.783700 -4.674064 0.426892
58.780000 1.760330 -4.700819 0.426999
58.785000 1.736826 -4.727224 0.427106
58.790000 1.713190 -4.753277 0.427213
58.795000 1.689423 -4.778974 0.427320
58.800000 1.665528 -4.804316 0.427427
58.805000 1.641507 -4.829299 0.427534
58.810000 1.617360 -4.853921 0.427642
58.815000 1.593091 -4.878182 0.427749
58.820000 1.568700 -4.902078 0.427856
58.825000 1.544189 -4.925609 0.427963
58.830000 1.519561 -4.948771 0.428070
58.835000 1.494817 -4.971565 0.428177
58.840000 1.469960 -4.993987 0.428284
58.845000 1.444990 -5.016036 0.428391
58.850000 1.419910 -5.037711 0.428498
58.855000 1.394721 -5.059010 0.428606
58.860000 1.369426 -5.079931 0.428713
58.865000 1.344026 -5.100472 0.428820
58.870000 1.318524 -5.120633 0.428927
58.875000 1.292921 -5.140410 0.429034
58.880000 1.267219 -5.159804 0.429141
58.885000 1.241420 -5.178812 0.429249
58.890000 1.215526 -5.197434 0.429356
58.895000 1.189538 -5.215667 0.429463
58.900000 1.163460 -5.233510 0.429570
58.905000 1.137293 -5.250962 0.429677
58.910000 1.111038 -5.268021 0.429785
58.915000 1.084698 -5.284687 0.429892
58.920000 1.058274 -5.300957 0.429999
58.925000 1.031769 -5.316831 0.430106
58.930000 1.005185 -5.332308 0.430214
58.935000 0.978524 -5.347385 0.430321
58.940000 0.951787 -5.362063 0.430428
58.945000 0.924977 -5.376340 0.430535
58.950000 0.898095 -5.390215 0.430643
58.955000 0.871144 -5.403686 0.430750
58.960000 0.844125 -5.416753 0.430857
58.965000 0.817042 -5.429415 0.430965
58.970000 0.789894 -5.441671 0.431072
58.975000 0.762686 -5.453519 0.431179
58.980000 0.735419 -5.464960 0.431287
58.985000 0.708094 -5.475991 0.431394
58.990000 0.680714 -5.486612 0.431501
58.995000 0.653281 -5.496823 0.431609
59.000000 0.625797 -5.506622 0.431716
59.005000 0.598263 -5.516009 0.431823
59.010000 0.570683 -5.524983 0.431931
59.015000 0.543059 -5.533543 0.432038
59.020000 0.515391 -5.541689 0.432146
59.025000 0.487682 -5.549420 0.432253
59.030000 0.459935 -5.556735 0.432360
59.035000 0.432152 -5.563634 0.432468
59.040000 0.404333 -5.570117 0.432575
59.045000 0.376483 -5.576182 0.432683
59.050000 0.348602 -5.581829 0.432790
59.055000 0.320693 -5.587058 0.432898
59.060000 0.292757 -5.591868 0.433005
59.065000 0.264798 -5.596260 0.433113
59.070000 0.236817 -5.600232 0.433220
59.075000 0.208816 -5.603784 0.433328
59.080000 0.180797 -5.606916 0.433435
59.085000 0.152762 -5.609628 0.433543
59.090000 0.124714 -5.611919 0.433650
59.095000 0.096654 -5.613790 0.433758
59.100000 0.068585 -5.615240 0.433865
59.105000 0.040509 -5.616269 0.433973
59.110000 0.012428 -5.616876 0.434080
59.115000 -0.015656 -5.617063 0.434188
59.120000 -0.043742 -5.616828 0.434295
59.125000 -0.071826 -5.616172 0.434403
59.130000 -0.099907 -5.615094 0.434510
59.135000 -0.127982 -5.613596 0.434618
59.140000 -0.156050 -5.611676 0.434726
59.145000 -0.184109 -5.609335 0.434833
59.150000 -0.212155 -5.606574 0.434941
59.155000 -0.240188 -5.603391 0.435048
59.160000 -0.268205 -5.599789 0.435156
59.165000 -0.296204 -5.595766 0.435264
59.170000 -0.324183 -5.591322 0.435371
59.175000 -0.352139 -5.586460 0.435479
59.180000 -0.380072 -5.581178 0.435587
59.185000 -0.407978 -5.575477 0.435694
59.190000 -0.435855 -5.569357 0.435802
59.195000 -0.463702 -5.562819 0.435910
59.200000 -0.491516 -5.555864 0.436017
59.205000 -0.519295 -5.548491 0.436125
59.210000 -0.547038 -5.540701 0.436233
59.215000 -0.574741 -5.532496 0.436341
59.220000 -0.602404 -5.523875 0.436448
59.225000 -0.630023 -5.514839 0.436556
59.230000 -0.657597 -5.505388 0.436664
59.235000 -0.685124 -5.495524 0.436772
59.240000 -0.712602 -5.485247 0.436879
59.245000 -0.740028 -5.474558 0.436987
59.250000 -0.767401 -5.463458 0.437095
59.255000 -0.794718 -5.451947 0.437203
59.260000 -0.821978 -5.440026 0.437310
59.265000 -0.849178 -5.427697 0.437418
59.270000 -0.876316 -5.414959 0.437526
59.275000 -0.903391 -5.401814 0.437634
59.280000 -0.930400 -5.388263 0.437742
59.285000 -0.957342 -5.374307 0.437849
59.290000 -0.984213 -5.359947 0.437957
59.295000 -1.011013 -5.345184 0.438065
59.300000 -1.037739 -5.330019 0.438173
59.305000 -1.064389 -5.314453 0.438281
59.310000 -1.090961 -5.298487 0.438389
59.315000 -1.117454 -5.282122 0.438497
59.320000 -1.143864 -5.265361 0.438604
59.325000 -1.170191 -5.248203 0.438712
59.330000 -1.196432 -5.230650 0.438820
59.335000 -1.222585 -5.212703 0.438928
59.340000 -1.248649 -5.194365 0.439036
59.345000 -1.274621 -5.175635 0.439144
59.350000 -1.300499 -5.156515 0.439252
59.355000 -1.326281 -5.137008 0.439360
59.360000 -1.351966 -5.117114 0.439468
59.365000 -1.377552 -5.096834 0.439576
59.370000 -1.403036 -5.076171 0.439684
59.375000 -1.428417 -5.055125 0.439792
59.380000 -1.453693 -5.033699 0.439900
59.385000 -1.478861 -5.011894 0.440008
59.390000 -1.503921 -4.989711 0.440116
59.395000 -1.528869 -4.967152 0.440224
59.400000 -1.553705 -4.944219 0.440332
59.405000 -1.578426 -4.920913 0.440440
59.410000 -1.603031 -4.897237 0.440548
59.415000 -1.627517 -4.873192 0.440656
59.420000 -1.651883 -4.848779 0.440764
59.425000 -1.676127 -4.824001 0.440872
59.430000 -1.700247 -4.798859 0.440980
59.435000 -1.724241 -4.773355 0.441088
59.440000 -1.748108 -4.747491 0.441196
59.445000 -1.771845 -4.721270 0.441304
59.450000 -1.795452 -4.694692 0.441412
59.455000 -1.818925 -4.667760 0.441521
59.460000 -1.842264 -4.640476 0.441629
59.465000 -1.865466 -4.612843 0.441737
59.470000 -1.888530 -4.584861 0.441845
59.475000 -1.911455 -4.556533 0.441953
59.480000 -1.934237 -4.527861 0.442061
59.485000 -1.956877 -4.498847 0.442169
59.490000 -1.979371 -4.469494 0.442277
59.495000 -2.001718 -4.439803 0.442386
59.500000 -2.023917 -4.409778 0.442494
59.505000 -2.045966 -4.379419 0.442602
59.510000 -2.067863 -4.348729 0.442710
59.515000 -2.089607 -4.317712 0.442818
59.520000 -2.111196 -4.286367 0.442927
59.525000 -2.132627 -4.254699 0.443035
59.530000 -2.153901 -4.222710 0.443143
59.535000 -2.175014 -4.190402 0.443251
59.540000 -2.195966 -4.157776 0.443360
59.545000 -2.216755 -4.124837 0.443468
59.550000 -2.237380 -4.091585 0.443576
59.555000 -2.257837 -4.058025 0.443684
59.560000 -2.278128 -4.024157 0.443793
59.565000 -2.298248 -3.989985 0.443901
59.570000 -2.318198 -3.955512 0.444009
59.575000 -2.337976 -3.920739 0.444117
59.580000 -2.357580 -3.885669 0.444226
59.585000 -2.377008 -3.850305 0.444334
59.590000 -2.396259 -3.814650 0.444442
59.595000 -2.415333 -3.778706 0.444551
59.600000 -2.434226 -3.742476 0.444659
59.605000 -2.452939 -3.705963 0.444767
59.610000 -2.471468 -3.669169 0.444876
59.615000 -2.489814 -3.632097 0.444984
59.620000 -2.507975 -3.594750 0.445093
59.625000 -2.525948 -3.557130 0.445201
59.630000 -2.543734 -3.519241 0.445309
59.635000 -2.561330 -3.481085 0.445418
59.640000 -2.578736 -3.442665 0.445526
59.645000 -2.595949 -3.403984 0.445635
59.650000 -2.612969 -3.365044 0.445743
59.655000 -2.629794 -3.325850 0.445851
59.660000 -2.646423 -3.286403 0.445960
59.665000 -2.662855 -3.246707 0.446068
59.670000 -2.679089 -3.206764 0.446177
59.675000 -2.695123 -3.166578 0.446285
59.680000 -2.710956 -3.126151 0.446394
59.685000 -2.726586 -3.085486 0.446502
59.690000 -2.742014 -3.044588 0.446611
59.695000 -2.757237 -3.003457 0.446719
59.700000 -2.772254 -2.962099 0.446828
59.705000 -2.787065 -2.920515 0.446936
59.710000 -2.801667 -2.878709 0.447045
59.715000 -2.816061 -2.836684 0.447153
59.720000 -2.830244 -2.794443 0.447262
59.725000 -2.844216 -2.751989 0.447370
59.730000 -2.857976 -2.709326 0.447479
59.735000 -2.871523 -2.666457 0.447587
59.740000 -2.884855 -2.623384 0.447696
59.745000 -2.897972 -2.580111 0.447805
59.750000 -2.910873 -2.536641 0.447913
59.755000 -2.923556 -2.492978 0.448022
59.760000 -2.936021 -2.449125 0.448130
59.765000 -2.948266 -2.405085 0.448239
59.770000 -2.960292 -2.360861 0.448348
59.775000 -2.972096 -2.316456 0.448456
59.780000 -2.983678 -2.271875 0.448565
59.785000 -2.995038 -2.227120 0.448673
59.790000 -3.006173 -2.182194 0.448782
59.795000 -3.017084 -2.137101 0.448891
59.800000 -3.027770 -2.091845 0.448999
59.805000 -3.038229 -2.046429 0.449108
59.810000 -3.048461 -2.000855 0.449217
59.815000 -3.058466 -1.955128 0.449325
59.820000 -3.068241 -1.909251 0.449434
59.825000 -3.077787 -1.863228 0.449543
59.830000 -3.087104 -1.817061 0.449652
59.835000 -3.096189 -1.770754 0.449760
59.840000 -3.105043 -1.724311 0.449869
59.845000 -3.113664 -1.677736 0.449978
59.850000 -3.122053 -1.631031 0.450087
59.855000 -3.130208 -1.584200 0.450195
59.860000 -3.138129 -1.537247 0.450304
59.865000 -3.145815 -1.490175 0.450413
59.870000 -3.153266 -1.442988 0.450522
59.875000 -3.160481 -1.395689 0.450630
59.880000 -3.167460 -1.348282 0.450739
59.885000 -3.174201 -1.300770 0.450848
59.890000 -3.180705 -1.253157 0.450957
59.895000 -3.186971 -1.205446 0.451066
59.900000 -3.192998 -1.157641 0.451174
59.905000 -3.198786 -1.109747 0.451283
59.910000 -3.204335 -1.061765 0.451392
59.915000 -3.209644 -1.013700 0.451501
59.920000 -3.214712 -0.965555 0.451610
59.925000 -3.219540 -0.917334 0.451719
59.930000 -3.224126 -0.869041 0.451828
59.935000 -3.228472 -0.820679 0.451937
59.940000 -3.232575 -0.772252 0.452045
59.945000 -3.236436 -0.723764 0.452154
59.950000 -3.240055 -0.675217 0.452263
59.955000 -3.243431 -0.626616 0.452372
59.960000 -3.246564 -0.577965 0.452481
59.965000 -3.249454 -0.529266 0.452590
59.970000 -3.252101 -0.480525 0.452699
59.975000 -3.254503 -0.431743 0.452808
59.980000 -3.256662 -0.382926 0.452917
59.985000 -3.258576 -0.334076 0.453026
59.990000 -3.260247 -0.285197 0.453135
59.995000 -3.261673 -0.236293 0.453244
60.000000 -3.262854 -0.187368 0.453353
60.005000 -3.263791 -0.138425 0.453462
60.010000 -3.264483 -0.089468 0.453571
60.015000 -3.264931 -0.040501 0.453680
60.020000 -3.265133 0.008473 0.453789
60.025000 -3.265091 0.057450 0.453898
60.030000 -3.264804 0.106426 0.454007
60.035000 -3.264271 0.155398 0.454116
60.040000 -3.263494 0.204362 0.454225
60.045000 -3.262473 0.253315 0.454334
60.050000 -3.261206 0.302252 0.454443
60.055000 -3.259695 0.351170 0.454552
60.060000 -3.257939 0.400065 0.454661
60.065000 -3.255939 0.448934 0.454770
60.070000 -3.253694 0.497773 0.454880
60.075000 -3.251205 0.546579 0.454989
60.080000 -3.248472 0.595347 0.455098
60.085000 -3.245495 0.644074 0.455207
60.090000 -3.242275 0.692756 0.455316
60.095000 -3.238811 0.741391 0.455425
60.100000 -3.235104 0.789973 0.455534
60.105000 -3.231154 0.838499 0.455644
60.110000 -3.226962 0.886967 0.455753
60.115000 -3.222527 0.935371 0.455862
60.120000 -3.217850 0.983709 0.455971
60.125000 -3.212932 1.031977 0.456080
60.130000 -3.207772 1.080171 0.456189
60.135000 -3.202371 1.128287 0.456299
60.140000 -3.196730 1.176323 0.456408
60.145000 -3.190848 1.224274 0.456517
60.150000 -3.184727 1.272136 0.456626
60.155000 -3.178366 1.319907 0.456736
60.160000 -3.171766 1.367583 0.456845
60.165000 -3.164928 1.415159 0.456954
60.170000 -3.157853 1.462633 0.457063
60.175000 -3.150539 1.510001 0.457173
60.180000 -3.142989 1.557259 0.457282
60.185000 -3.135203 1.604404 0.457391
60.190000 -3.127181 1.651432 0.457501
60.195000 -3.118924 1.698340 0.457610
60.200000 -3.110432 1.745124 0.457719
60.205000 -3.101707 1.791780 0.457829
60.210000 -3.092748 1.838306 0.457938
60.215000 -3.083556 1.884697 0.458047
60.220000 -3.074133 1.930950 0.458157
60.225000 -3.064478 1.977062 0.458266
60.230000 -3.054593 2.023029 0.458375
60.235000 -3.044478 2.068848 0.458485
60.240000 -3.034133 2.114515 0.458594
60.245000 -3.023561 2.160027 0.458703
60.250000 -3.012761 2.205381 0.458813
60.255000 -3.001734 2.250572 0.458922
60.260000 -2.990481 2.295598 0.459032
60.265000 -2.979003 2.340455 0.459141
60.270000 -2.967301 2.385141 0.459251
60.275000 -2.955375 2.429650 0.459360
60.280000 -2.943227 2.473981 0.459469
60.285000 -2.930857 2.518129 0.459579
60.290000 -2.918266 2.562092 0.459688
60.295000 -2.905456 2.605866 0.459798
60.300000 -2.892426 2.649448 0.459907
60.305000 -2.879179 2.692834 0.460017
60.310000 -2.865715 2.736022 0.460126
60.315000 -2.852035 2.779008 0.460236
60.320000 -2.838140 2.821788 0.460345
60.325000 -2.824031 2.864360 0.460455
60.330000 -2.809709 2.906721 0.460564
60.335000 -2.795175 2.948866 0.460674
60.340000 -2.780431 2.990794 0.460784
60.345000 -2.765477 3.032500 0.460893
60.350000 -2.750315 3.073983 0.461003
60.355000 -2.734945 3.115237 0.461112
60.360000 -2.719368 3.156261 0.461222
60.365000 -2.703587 3.197052 0.461331
60.370000 -2.687602 3.237606 0.461441
60.375000 -2.671414 3.277920 0.461551
60.380000 -2.655024 3.317991 0.461660
60.385000 -2.638434 3.357816 0.461770
60.390000 -2.621645 3.397393 0.461879
60.395000 -2.604658 3.436718 0.461989
60.400000 -2.587475 3.475787 0.462099
60.405000 -2.570096 3.514600 0.462208
60.410000 -2.552523 3.553151 0.462318
60.415000 -2.534757 3.591439 0.462428
60.420000 -2.516800 3.629460 0.462537
60.425000 -2.498652 3.667212 0.462647
60.430000 -2.480316 3.704692 0.462757
60.435000 -2.461793 3.741897 0.462867
60.440000 -2.443083 3.778824 0.462976
60.445000 -2.424189 3.815470 0.463086
60.450000 -2.405112 3.851833 0.463196
60.455000 -2.385853 3.887909 0.463305
60.460000 -2.366413 3.923697 0.463415
60.465000 -2.346795 3.959193 0.463525
60.470000 -2.326999 3.994395 0.463635
60.475000 -2.307027 4.029300 0.463745
60.480000 -2.286880 4.063906 0.463854
60.485000 -2.266561 4.098209 0.463964
60.490000 -2.246070 4.132207 0.464074
60.495000 -2.225409 4.165898 0.464184
60.500000 -2.204579 4.199279 0.464294
60.505000 -2.183583 4.232348 0.464403
60.510000 -2.162421 4.265102 0.464513
60.515000 -2.141096 4.297538 0.464623
60.520000 -2.119608 4.329655 0.464733
60.525000 -2.097960 4.361449 0.464843
60.530000 -2.076152 4.392918 0.464953
60.535000 -2.054188 4.424060 0.465062
60.540000 -2.032068 4.454873 0.465172
60.545000 -2.009793 4.485354 0.465282
60.550000 -1.987366 4.515501 0.465392
60.555000 -1.964789 4.545312 0.465502
60.560000 -1.942062 4.574783 0.465612
60.565000 -1.919188 4.603914 0.465722
60.570000 -1.896169 4.632702 0.465832
60.575000 -1.873005 4.661145 0.465942
60.580000 -1.849700 4.689240 0.466052
60.585000 -1.826253 4.716985 0.466162
60.590000 -1.802668 4.744379 0.466272
60.595000 -1.778947 4.771419 0.466382
60.600000 -1.755089 4.798103 0.466492
60.605000 -1.731099 4.824430 0.466601
60.610000 -1.706977 4.850396 0.466711
60.615000 -1.682725 4.876001 0.466821
60.620000 -1.658345 4.901242 0.466932
60.625000 -1.633839 4.926117 0.467042
60.630000 -1.609208 4.950624 0.467152
60.635000 -1.584455 4.974763 0.467262
60.640000 -1.559581 4.998529 0.467372
60.645000 -1.534588 5.021923 0.467482
60.650000 -1.509479 5.044942 0.467592
60.655000 -1.484254 5.067584 0.467702
60.660000 -1.458916 5.089848 0.467812
60.665000 -1.433467 5.111732 0.467922
60.670000 -1.407908 5.133234 0.468032
60.675000 -1.382242 5.154352 0.468142
60.680000 -1.356470 5.175086 0.468252
60.685000 -1.330595 5.195433 0.468362
60.690000 -1.304618 5.215392 0.468473
60.695000 -1.278541 5.234961 0.468583
60.700000 -1.252366 5.254139 0.468693
60.705000 -1.226095 5.272925 0.468803
60.710000 -1.199731 5.291316 0.468913
60.715000 -1.173274 5.309312 0.469023
60.720000 -1.146728 5.326911 0.469133
60.725000 -1.120093 5.344112 0.469244
60.730000 -1.093372 5.360914 0.469354
60.735000 -1.066568 5.377314 0.469464
60.740000 -1.039681 5.393313 0.469574
60.745000 -1.012715 5.408908 0.469684
60.750000 -0.985670 5.424099 0.469795
60.755000 -0.958550 5.438884 0.469905
60.760000 -0.931355 5.453262 0.470015
60.765000 -0.904089 5.467232 0.470125
60.770000 -0.876753 5.480794 0.470236
60.775000 -0.849349 5.493945 0.470346
60.780000 -0.821879 5.506685 0.470456
60.785000 -0.794346 5.519013 0.470567
60.790000 -0.766751 5.530929 0.470677
60.795000 -0.739096 5.542430 0.470787
60.800000 -0.711384 5.553516 0.470897
60.805000 -0.683616 5.564187 0.471008
60.810000 -0.655795 5.574441 0.471118
60.815000 -0.627923 5.584278 0.471228
60.820000 -0.600002 5.593697 0.471339
60.825000 -0.572033 5.602697 0.471449
60.830000 -0.544020 5.611278 0.471559
60.835000 -0.515963 5.619438 0.471670
60.840000 -0.487866 5.627177 0.471780
60.845000 -0.459730 5.634495 0.471891
60.850000 -0.431558 5.641391 0.472001
60.855000 -0.403351 5.647865 0.472111
60.860000 -0.375112 5.653915 0.472222
60.865000 -0.346842 5.659542 0.472332
60.870000 -0.318544 5.664744 0.472443
60.875000 -0.290221 5.669522 0.472553
60.880000 -0.261873 5.673876 0.472663
60.885000 -0.233504 5.677804 0.472774
60.890000 -0.205115 5.681306 0.472884
60.895000 -0.176708 5.684383 0.472995
60.900000 -0.148286 5.687034 0.473105
60.905000 -0.119851 5.689258 0.473216
60.910000 -0.091405 5.691056 0.473326
60.915000 -0.062949 5.692427 0.473437
60.920000 -0.034487 5.693371 0.473547
60.925000 -0.006020 5.693888 0.473658
60.930000 0.022449 5.693979 0.473768
60.935000 0.050919 5.693642 0.473879
60.940000 0.079387 5.692878 0.473989
60.945000 0.107852 5.691687 0.474100
60.950000 0.136310 5.690069 0.474211
60.955000 0.164760 5.688025 0.474321
60.960000 0.193200 5.685553 0.474432
60.965000 0.221628 5.682655 0.474542
60.970000 0.250042 5.679331 0.474653
60.975000 0.278438 5.675580 0.474763
60.980000 0.306816 5.671404 0.474874
60.985000 0.335173 5.666802 0.474985
60.990000 0.363507 5.661774 0.475095
60.995000 0.391816 5.656321 0.475206
61.000000 0.420098 5.650444 0.475317
61.005000 0.448350 5.644143 0.475427
61.010000 0.476571 5.637417 0.475538
61.015000 0.504758 5.630269 0.475649
61.020000 0.532909 5.622697 0.475759
61.025000 0.561022 5.614704 0.475870
61.030000 0.589096 5.606289 0.475981
61.035000 0.617127 5.597452 0.476091
61.040000 0.645115 5.588195 0.476202
61.045000 0.673056 5.578518 0.476313
61.050000 0.700948 5.568423 0.476423
61.055000 0.728790 5.557908 0.476534
61.060000 0.756580 5.546977 0.476645
61.065000 0.784315 5.535628 0.476756
61.070000 0.811993 5.523863 0.476866
61.075000 0.839612 5.511683 0.476977
61.080000 0.867171 5.499089 0.477088
61.085000 0.894666 5.486081 0.477199
61.090000 0.922096 5.472661 0.477310
61.095000 0.949460 5.458830 0.477420
61.100000 0.976754 5.444588 0.477531
61.105000 1.003977 5.429937 0.477642
61.110000 1.031127 5.414877 0.477753
61.115000 1.058201 5.399410 0.477864
61.120000 1.085198 5.383537 0.477974
61.125000 1.112116 5.367259 0.478085
61.130000 1.138952 5.350578 0.478196
61.135000 1.165705 5.333493 0.478307
61.140000 1.192372 5.316008 0.478418
61.145000 1.218952 5.298122 0.478529
61.150000 1.245443 5.279838 0.478640
61.155000 1.271842 5.261156 0.478751
61.160000 1.298148 5.242079 0.478861
61.165000 1.324358 5.222606 0.478972
61.170000 1.350471 5.202741 0.479083
61.175000 1.376485 5.182484 0.479194
61.180000 1.402398 5.161837 0.479305
61.185000 1.428207 5.140801 0.479416
61.190000 1.453911 5.119378 0.479527
61.195000 1.479508 5.097569 0.479638
61.200000 1.504995 5.075376 0.479749
61.205000 1.530372 5.052801 0.479860
61.210000 1.555636 5.029846 0.479971
61.215000 1.580786 5.006511 0.480082
61.220000 1.605818 4.982799 0.480193
61.225000 1.630732 4.958712 0.480304
61.230000 1.655526 4.934251 0.480415
61.235000 1.680197 4.909418 0.480526
61.240000 1.704744 4.884215 0.480637
61.245000 1.729165 4.858644 0.480748
61.250000 1.753458 4.832707 0.480859
61.255000 1.777622 4.806405 0.480970
61.260000 1.801654 4.779740 0.481081
61.265000 1.825553 4.752716 0.481192
61.270000 1.849316 4.725332 0.481303
61.275000 1.872943 4.697593 0.481415
61.280000 1.896431 4.669499 0.481526
61.285000 1.919778 4.641052 0.481637
61.290000 1.942984 4.612255 0.481748
61.295000 1.966045 4.583111 0.481859
61.300000 1.988960 4.553620 0.481970
61.305000 2.011728 4.523786 0.482081
61.310000 2.034347 4.493610 0.482193
61.315000 2.056815 4.463094 0.482304
61.320000 2.079131 4.432242 0.482415
61.325000 2.101292 4.401055 0.482526
61.330000 2.123297 4.369536 0.482637
61.335000 2.145145 4.337686 0.482748
61.340000 2.166834 4.305509 0.482860
61.345000 2.188361 4.273007 0.482971
61.350000 2.209726 4.240181 0.483082
61.355000 2.230927 4.207035 0.483193
61.360000 2.251962 4.173571 0.483305
61.365000 2.272830 4.139792 0.483416
61.370000 2.293529 4.105700 0.483527
61.375000 2.314057 4.071297 0.483638
61.380000 2.334414 4.036586 0.483750
61.385000 2.354597 4.001570 0.483861
61.390000 2.374605 3.966251 0.483972
61.395000 2.394436 3.930632 0.484083
61.400000 2.414089 3.894715 0.484195
61.405000 2.433563 3.858504 0.484306
61.410000 2.452855 3.822000 0.484417
61.415000 2.471965 3.785207 0.484529
61.420000 2.490891 3.748128 0.484640
61.425000 2.509632 3.710765 0.484751
61.430000 2.528186 3.673120 0.484863
61.435000 2.546551 3.635197 0.484974
61.440000 2.564727 3.596999 0.485085
61.445000 2.582712 3.558528 0.485197
61.450000 2.600505 3.519787 0.485308
61.455000 2.618104 3.480780 0.485420
61.460000 2.635508 3.441508 0.485531
61.465000 2.652715 3.401976 0.485642
61.470000 2.669725 3.362185 0.485754
61.475000 2.686536 3.322139 0.485865
61.480000 2.703147 3.281841 0.485977
61.485000 2.719556 3.241294 0.486088
61.490000 2.735763 3.200500 0.486200
61.495000 2.751765 3.159464 0.486311
61.500000 2.767562 3.118188 0.486423
61.505000 2.783153 3.076674 0.486534
61.510000 2.798537 3.034927 0.486646
61.515000 2.813711 2.992949 0.486757
61.520000 2.828676 2.950743 0.486869
61.525000 2.843430 2.908313 0.486980
61.530000 2.857971 2.865662 0.487092
61.535000 2.872300 2.822792 0.487203
61.540000 2.886414 2.779707 0.487315
61.545000 2.900312 2.736411 0.487426
61.550000 2.913994 2.692907 0.487538
61.555000 2.927459 2.649197 0.487649
61.560000 2.940705 2.605285 0.487761
61.565000 2.953731 2.561174 0.487873
61.570000 2.966537 2.516868 0.487984
61.575000 2.979121 2.472370 0.488096
61.580000 2.991483 2.427683 0.488207
61.585000 3.003622 2.382811 0.488319
61.590000 3.015536 2.337757 0.488431
61.595000 3.027224 2.292524 0.488542
61.600000 3.038687 2.247115 0.488654
61.605000 3.049923 2.201535 0.488765
61.610000 3.060930 2.155786 0.488877
61.615000 3.071709 2.109872 0.488989
61.620000 3.082259 2.063797 0.489100
61.625000 3.092578 2.017563 0.489212
61.630000 3.102665 1.971174 0.489324
61.635000 3.112521 1.924634 0.489436
61.640000 3.122144 1.877946 0.489547
61.645000 3.131534 1.831114 0.489659
61.650000 3.140690 1.784141 0.489771
61.655000 3.149610 1.737031 0.489882
61.660000 3.158296 1.689787 0.489994
61.665000 3.166745 1.642412 0.490106
61.670000 3.174957 1.594911 0.490218
61.675000 3.182931 1.547287 0.490329
61.680000 3.190668 1.499543 0.490441
61.685000 3.198165 1.451683 0.490553
61.690000 3.205424 1.403710 0.490665
61.695000 3.212442 1.355629 0.490777
61.700000 3.219220 1.307442 0.490888
61.705000 3.225758 1.259154 0.491000
61.710000 3.232053 1.210768 0.491112
61.715000 3.238107 1.162287 0.491224
61.720000 3.243919 1.113715 0.491336
61.725000 3.249487 1.065056 0.491448
61.730000 3.254813 1.016314 0.491559
61.735000 3.259894 0.967492 0.491671
61.740000 3.264732 0.918593 0.491783
61.745000 3.269325 0.869623 0.491895
61.750000 3.273673 0.820583 0.492007
61.755000 3.277776 0.771478 0.492119
61.760000 3.281633 0.722311 0.492231
61.765000 3.285244 0.673086 0.492343
61.770000 3.288610 0.623808 0.492455
61.775000 3.291729 0.574479 0.492567
61.780000 3.294601 0.525103 0.492678
61.785000 3.297227 0.475684 0.492790
61.790000 3.299605 0.426225 0.492902
61.795000 3.301736 0.376731 0.493014
61.800000 3.303620 0.327205 0.493126
61.805000 3.305256 0.277651 0.493238
61.810000 3.306644 0.228072 0.493350
61.815000 3.307785 0.178472 0.493462
61.820000 3.308677 0.128856 0.493574
61.825000 3.309321 0.079225 0.493686
61.830000 3.309717 0.029586 0.493798
61.835000 3.309865 -0.020060 0.493910
61.840000 3.309765 -0.069708 0.494022
61.845000 3.309417 -0.119355 0.494135
61.850000 3.308820 -0.168996 0.494247
61.855000 3.307975 -0.218628 0.494359
61.860000 3.306882 -0.268248 0.494471
61.865000 3.305540 -0.317851 0.494583
61.870000 3.303951 -0.367434 0.494695
61.875000 3.302114 -0.416993 0.494807
61.880000 3.300029 -0.466525 0.494919
61.885000 3.297696 -0.516026 0.495031
61.890000 3.295116 -0.565491 0.495143
61.895000 3.292289 -0.614918 0.495255
61.900000 3.289214 -0.664302 0.495368
61.905000 3.285893 -0.713640 0.495480
61.910000 3.282325 -0.762929 0.495592
61.915000 3.278510 -0.812164 0.495704
61.920000 3.274449 -0.861341 0.495816
61.925000 3.270142 -0.910458 0.495928
61.930000 3.265590 -0.959510 0.496041
61.935000 3.260793 -1.008494 0.496153
61.940000 3.255750 -1.057406 0.496265
61.945000 3.250463 -1.106242 0.496377
61.950000 3.244932 -1.154999 0.496490
61.955000 3.239157 -1.203673 0.496602
61.960000 3.233138 -1.252260 0.496714
61.965000 3.226877 -1.300757 0.496826
61.970000 3.220373 -1.349161 0.496939
61.975000 3.213628 -1.397466 0.497051
61.980000 3.206640 -1.445671 0.497163
61.985000 3.199412 -1.493770 0.497275
61.990000 3.191943 -1.541761 0.497388
61.995000 3.184234 -1.589641 0.497500
62.000000 3.176286 -1.637404 0.497612
62.005000 3.168099 -1.685048 0.497725
62.010000 3.159674 -1.732570 0.497837
62.015000 3.151011 -1.779965 0.497949
62.020000 3.142111 -1.827230 0.498062
62.025000 3.132975 -1.874362 0.498174
62.030000 3.123603 -1.921356 0.498286
62.035000 3.113996 -1.968210 0.498399
62.040000 3.104155 -2.014920 0.498511
62.045000 3.094081 -2.061483 0.498623
62.050000 3.083773 -2.107894 0.498736
62.055000 3.073234 -2.154150 0.498848
62.060000 3.062463 -2.200249 0.498961
62.065000 3.051462 -2.246186 0.499073
62.070000 3.040231 -2.291958 0.499186
62.075000 3.028771 -2.337561 0.499298
62.080000 3.017083 -2.382993 0.499410
62.085000 3.005168 -2.428249 0.499523
62.090000 2.993027 -2.473327 0.499635
62.095000 2.980660 -2.518222 0.499748
62.100000 2.968069 -2.562932 0.499860
62.105000 2.955255 -2.607453 0.499973
62.110000 2.942217 -2.651782 0.500085
62.115000 2.928958 -2.695915 0.500198
62.120000 2.915479 -2.739849 0.500310
62.125000 2.901780 -2.783582 0.500423
62.130000 2.887862 -2.827108 0.500535
62.135000 2.873726 -2.870426 0.500648
62.140000 2.859374 -2.913532 0.500760
62.145000 2.844806 -2.956423 0.500873
62.150000 2.830024 -2.999095 0.500986
62.155000 2.815029 -3.041545 0.501098
62.160000 2.799821 -3.083771 0.501211
62.165000 2.784402 -3.125768 0.501323
62.170000 2.768773 -3.167534 0.501436
62.175000 2.752936 -3.209066 0.501549
62.180000 2.736890 -3.250360 0.501661
62.185000 2.720639 -3.291413 0.501774
62.190000 2.704182 -3.332223 0.501886
62.195000 2.687520 -3.372785 0.501999
62.200000 2.670657 -3.413098 0.502112
62.205000 2.653591 -3.453158 0.502224
62.210000 2.636325 -3.492962 0.502337
62.215000 2.618860 -3.532507 0.502450
62.220000 2.601198 -3.571790 0.502562
62.225000 2.583339 -3.610808 0.502675
62.230000 2.565285 -3.649558 0.502788
62.235000 2.547037 -3.688037 0.502900
62.240000 2.528597 -3.726243 0.503013
62.245000 2.509966 -3.764171 0.503126
62.250000 2.491145 -3.801821 0.503239
62.255000 2.472136 -3.839188 0.503351
62.260000 2.452940 -3.876270 0.503464
62.265000 2.433558 -3.913064 0.503577
62.270000 2.413993 -3.949568 0.503690
62.275000 2.394245 -3.985778 0.503802
62.280000 2.374316 -4.021691 0.503915
62.285000 2.354208 -4.057306 0.504028
62.290000 2.333921 -4.092619 0.504141
62.295000 2.313458 -4.127628 0.504254
62.300000 2.292820 -4.162330 0.504366
62.305000 2.272009 -4.196722 0.504479
62.310000 2.251025 -4.230802 0.504592
62.315000 2.229871 -4.264568 0.504705
62.320000 2.208548 -4.298016 0.504818
62.325000 2.187058 -4.331144 0.504931
62.330000 2.165402 -4.363950 0.505044
62.335000 2.143583 -4.396431 0.505156
62.340000 2.121600 -4.428585 0.505269
62.345000 2.099457 -4.460409 0.505382
62.350000 2.077155 -4.491900 0.505495
62.355000 2.054696 -4.523058 0.505608
62.360000 2.032081 -4.553878 0.505721
62.365000 2.009311 -4.584359 0.505834
62.370000 1.986389 -4.614499 0.505947
62.375000 1.963317 -4.644295 0.506060
62.380000 1.940095 -4.673745 0.506173
62.385000 1.916727 -4.702846 0.506286
62.390000 1.893213 -4.731597 0.506399
62.395000 1.869555 -4.759995 0.506512
62.400000 1.845755 -4.788038 0.506625
62.405000 1.821814 -4.815725 0.506738
62.410000 1.797736 -4.843052 0.506851
62.415000 1.773520 -4.870018 0.506964
62.420000 1.749170 -4.896621 0.507077
62.425000 1.724687 -4.922858 0.507190
62.430000 1.700073 -4.948729 0.507303
62.435000 1.675329 -4.974230 0.507416
62.440000 1.650458 -4.999360 0.507529
62.445000 1.625461 -5.024117 0.507642
62.450000 1.600341 -5.048499 0.507755
62.455000 1.575098 -5.072504 0.507868
62.460000 1.549736 -5.096130 0.507981
62.465000 1.524255 -5.119376 0.508094
62.470000 1.498658 -5.142240 0.508207
62.475000 1.472947 -5.164720 0.508320
62.480000 1.447123 -5.186814 0.508434
62.485000 1.421189 -5.208521 0.508547
62.490000 1.395147 -5.229839 0.508660
62.495000 1.368998 -5.250766 0.508773
62.500000 1.342744 -5.271301 0.508886
62.505000 1.316387 -5.291442 0.508999
62.510000 1.289930 -5.311188 0.509113
62.515000 1.263374 -5.330537 0.509226
62.520000 1.236721 -5.349487 0.509339
62.525000 1.209974 -5.368038 0.509452
62.530000 1.183134 -5.386188 0.509565
62.535000 1.156203 -5.403935 0.509679
62.540000 1.129183 -5.421278 0.509792
62.545000 1.102077 -5.438216 0.509905
62.550000 1.074886 -5.454747 0.510018
62.555000 1.047612 -5.470870 0.510131
62.560000 1.020258 -5.486584 0.510245
62.565000 0.992825 -5.501888 0.510358
62.570000 0.965315 -5.516781 0.510471
62.575000 0.937731 -5.531260 0.510585
62.580000 0.910075 -5.545326 0.510698
62.585000 0.882348 -5.558977 0.510811
62.590000 0.854554 -5.572213 0.510924
62.595000 0.826692 -5.585031 0.511038
62.600000 0.798767 -5.597431 0.511151
62.605000 0.770780 -5.609413 0.511264
62.610000 0.742733 -5.620974 0.511378
62.615000 0.714628 -5.632115 0.511491
62.620000 0.686468 -5.642835 0.511605
62.625000 0.658253 -5.653132 0.511718
62.630000 0.629988 -5.663006 0.511831
62.635000 0.601673 -5.672456 0.511945
62.640000 0.573311 -5.681481 0.512058
62.645000 0.544903 -5.690080 0.512171
62.650000 0.516453 -5.698254 0.512285
62.655000 0.487961 -5.706001 0.512398
62.660000 0.459431 -5.713320 0.512512
62.665000 0.430865 -5.720212 0.512625
62.670000 0.402264 -5.726675 0.512739
62.675000 0.373630 -5.732708 0.512852
62.680000 0.344967 -5.738313 0.512966
62.685000 0.316275 -5.743487 0.513079
62.690000 0.287558 -5.748232 0.513192
62.695000 0.258817 -5.752545 0.513306
62.700000 0.230054 -5.756427 0.513419
62.705000 0.201272 -5.759878 0.513533
62.710000 0.172472 -5.762897 0.513646
62.715000 0.143658 -5.765484 0.513760
62.720000 0.114831 -5.767639 0.513874
62.725000 0.085992 -5.769361 0.513987
62.730000 0.057146 -5.770651 0.514101
62.735000 0.028292 -5.771509 0.514214
62.740000 -0.000565 -5.771933 0.514328
62.745000 -0.029425 -5.771924 0.514441
62.750000 -0.058285 -5.771483 0.514555
62.755000 -0.087142 -5.770609 0.514669
62.760000 -0.115995 -5.769302 0.514782
62.765000 -0.144841 -5.767562 0.514896
62.770000 -0.173679 -5.765389 0.515009
62.775000 -0.202506 -5.762784 0.515123
62.780000 -0.231320 -5.759746 0.515237
62.785000 -0.260119 -5.756277 0.515350
62.790000 -0.288900 -5.752375 0.515464
62.795000 -0.317662 -5.748041 0.515578
62.800000 -0.346402 -5.743276 0.515691
62.805000 -0.375119 -5.738080 0.515805
62.810000 -0.403809 -5.732454 0.515919
62.815000 -0.432471 -5.726396 0.516032
62.820000 -0.461103 -5.719909 0.516146
62.825000 -0.489703 -5.712993 0.516260
62.830000 -0.518268 -5.705647 0.516373
62.835000 -0.546796 -5.697873 0.516487
62.840000 -0.575286 -5.689671 0.516601
62.845000 -0.603734 -5.681042 0.516715
62.850000 -0.632139 -5.671986 0.516828
62.855000 -0.660499 -5.662504 0.516942
62.860000 -0.688812 -5.652596 0.517056
62.865000 -0.717075 -5.642264 0.517170
62.870000 -0.745286 -5.631508 0.517283
62.875000 -0.773443 -5.620329 0.517397
62.880000 -0.801545 -5.608727 0.517511
62.885000 -0.829589 -5.596704 0.517625
62.890000 -0.857572 -5.584260 0.517739
62.895000 -0.885493 -5.571397 0.517853
62.900000 -0.913350 -5.558114 0.517966
62.905000 -0.941141 -5.544414 0.518080
62.910000 -0.968863 -5.530297 0.518194
62.915000 -0.996515 -5.515764 0.518308
62.920000 -1.024093 -5.500816 0.518422
62.925000 -1.051597 -5.485455 0.518536
62.930000 -1.079025 -5.469681 0.518650
62.935000 -1.106373 -5.453495 0.518763
62.940000 -1.133641 -5.436900 0.518877
62.945000 -1.160825 -5.419895 0.518991
62.950000 -1.187925 -5.402483 0.519105
62.955000 -1.214937 -5.384664 0.519219
62.960000 -1.241860 -5.366440 0.519333
62.965000 -1.268693 -5.347812 0.519447
62.970000 -1.295432 -5.328782 0.519561
62.975000 -1.322076 -5.309350 0.519675
62.980000 -1.348622 -5.289519 0.519789
62.985000 -1.375070 -5.269290 0.519903
62.990000 -1.401416 -5.248664 0.520017
62.995000 -1.427660 -5.227642 0.520131
63.000000 -1.453798 -5.206227 0.520245
63.005000 -1.479829 -5.184420 0.520359
63.010000 -1.505751 -5.162223 0.520473
63.015000 -1.531562 -5.139637 0.520587
63.020000 -1.557260 -5.116663 0.520701
63.025000 -1.582844 -5.093304 0.520815
63.030000 -1.608310 -5.069562 0.520929
63.035000 -1.633658 -5.045437 0.521043
63.040000 -1.658885 -5.020932 0.521157
63.045000 -1.683990 -4.996049 0.521271
63.050000 -1.708970 -4.970789 0.521386
63.055000 -1.733824 -4.945155 0.521500
63.060000 -1.758550 -4.919147 0.521614
63.065000 -1.783146 -4.892769 0.521728
63.070000 -1.807609 -4.866022 0.521842
63.075000 -1.831940 -4.838908 0.521956
63.080000 -1.856134 -4.811429 0.522070
63.085000 -1.880191 -4.783587 0.522184
63.090000 -1.904109 -4.755384 0.522299
63.095000 -1.927886 -4.726822 0.522413
63.100000 -1.951520 -4.697904 0.522527
63.105000 -1.975010 -4.668631 0.522641
63.110000 -1.998353 -4.639006 0.522755
63.115000 -2.021548 -4.609031 0.522870
63.120000 -2.044593 -4.578707 0.522984
63.125000 -2.067487 -4.548038 0.523098
63.130000 -2.090227 -4.517026 0.523212
63.135000 -2.112812 -4.485673 0.523326
63.140000 -2.135240 -4.453981 0.523441
63.145000 -2.157510 -4.421952 0.523555
63.150000 -2.179620 -4.389589 0.523669
63.155000 -2.201568 -4.356895 0.523783
63.160000 -2.223352 -4.323871 0.523898
63.165000 -2.244972 -4.290521 0.524012
63.170000 -2.266424 -4.256847 0.524126
63.175000 -2.287709 -4.222850 0.524241
63.180000 -2.308823 -4.188535 0.524355
63.185000 -2.329765 -4.153902 0.524469
63.190000 -2.350535 -4.118956 0.524584
63.195000 -2.371130 -4.083698 0.524698
63.200000 -2.391548 -4.048131 0.524812
63.205000 -2.411789 -4.012258 0.524927
63.210000 -2.431850 -3.976081 0.525041
63.215000 -2.451731 -3.939603 0.525155
63.220000 -2.471429 -3.902827 0.525270
63.225000 -2.490943 -3.865756 0.525384
63.230000 -2.510271 -3.828391 0.525499
63.235000 -2.529413 -3.790737 0.525613
63.240000 -2.548367 -3.752796 0.525727
63.245000 -2.567131 -3.714571 0.525842
63.250000 -2.585704 -3.676064 0.525956
63.255000 -2.604084 -3.637278 0.526071
63.260000 -2.622271 -3.598217 0.526185
63.265000 -2.640262 -3.558883 0.526300
63.270000 -2.658056 -3.519279 0.526414
63.275000 -2.675653 -3.479408 0.526529
63.280000 -2.693050 -3.439273 0.526643
63.285000 -2.710246 -3.398878 0.526758
63.290000 -2.727240 -3.358224 0.526872
63.295000 -2.744031 -3.317315 0.526987
63.300000 -2.760618 -3.276155 0.527101
63.305000 -2.776999 -3.234746 0.527216
63.310000 -2.793173 -3.193091 0.527330
63.315000 -2.809138 -3.151193 0.527445
63.320000 -2.824894 -3.109056 0.527559
63.325000 -2.840439 -3.066682 0.527674
63.330000 -2.855773 -3.024076 0.527789
63.335000 -2.870893 -2.981239 0.527903
63.340000 -2.885799 -2.938176 0.528018
63.345000 -2.900490 -2.894889 0.528132
63.350000 -2.914965 -2.851382 0.528247
63.355000 -2.929221 -2.807657 0.528362
63.360000 -2.943260 -2.763719 0.528476
63.365000 -2.957078 -2.719570 0.528591
63.370000 -2.970676 -2.675214 0.528705
63.375000 -2.984052 -2.630654 0.528820
63.380000 -2.997206 -2.585893 0.528935
63.385000 -3.010135 -2.540935 0.529049
63.390000 -3.022840 -2.495783 0.529164
63.395000 -3.035319 -2.450440 0.529279
63.400000 -3.047571 -2.404910 0.529393
63.405000 -3.059595 -2.359197 0.529508
63.410000 -3.071391 -2.313303 0.529623
63.415000 -3.082958 -2.267232 0.529738
63.420000 -3.094294 -2.220988 0.529852
63.425000 -3.105399 -2.174573 0.529967
63.430000 -3.116272 -2.127992 0.530082
63.435000 -3.126912 -2.081248 0.530197
63.440000 -3.137318 -2.034344 0.530311
63.445000 -3.147490 -1.987285 0.530426
63.450000 -3.157426 -1.940072 0.530541
63.455000 -3.167127 -1.892711 0.530656
63.460000 -3.176590 -1.845204 0.530771
63.465000 -3.185816 -1.797555 0.530885
63.470000 -3.194804 -1.749768 0.531000
63.475000 -3.203553 -1.701846 0.531115
63.480000 -3.212062 -1.653793 0.531230
63.485000 -3.220331 -1.605612 0.531345
63.490000 -3.228359 -1.557307 0.531459
63.495000 -3.236145 -1.508881 0.531574
63.500000 -3.243690 -1.460339 0.531689
63.505000 -3.250992 -1.411684 0.531804
63.510000 -3.258050 -1.362919 0.531919
63.515000 -3.264865 -1.314048 0.532034
63.520000 -3.271435 -1.265075 0.532149
63.525000 -3.277760 -1.216004 0.532264
63.530000 -3.283840 -1.166837 0.532379
63.535000 -3.289674 -1.117580 0.532494
63.540000 -3.295262 -1.068235 0.532608
63.545000 -3.300603 -1.018806 0.532723
63.550000 -3.305698 -0.969297 0.532838
63.555000 -3.310544 -0.919711 0.532953
63.560000 -3.315143 -0.870053 0.533068
63.565000 -3.319493 -0.820326 0.533183
63.570000 -3.323594 -0.770533 0.533298
63.575000 -3.327447 -0.720679 0.533413
63.580000 -3.331051 -0.670768 0.533528
63.585000 -3.334404 -0.620802 0.533643
63.590000 -3.337508 -0.570786 0.533758
63.595000 -3.340362 -0.520723 0.533873
63.600000 -3.342966 -0.470618 0.533988
63.605000 -3.345319 -0.420473 0.534103
63.610000 -3.347421 -0.370294 0.534218
63.615000 -3.349273 -0.320082 0.534334
63.620000 -3.350873 -0.269843 0.534449
63.625000 -3.352222 -0.219580 0.534564
63.630000 -3.353320 -0.169297 0.534679
63.635000 -3.354167 -0.118997 0.534794
63.640000 -3.354762 -0.068684 0.534909
63.645000 -3.355105 -0.018363 0.535024
63.650000 -3.355197 0.031964 0.535139
63.655000 -3.355037 0.082292 0.535254
63.660000 -3.354626 0.132617 0.535370
63.665000 -3.353963 0.182936 0.535485
63.670000 -3.353048 0.233246 0.535600
63.675000 -3.351882 0.283542 0.535715
63.680000 -3.350464 0.333820 0.535830
63.685000 -3.348795 0.384077 0.535945
63.690000 -3.346875 0.434309 0.536061
63.695000 -3.344703 0.484512 0.536176
63.700000 -3.342281 0.534682 0.536291
63.705000 -3.339607 0.584817 0.536406
63.710000 -3.336683 0.634911 0.536521
63.715000 -3.333508 0.684961 0.536637
63.720000 -3.330084 0.734964 0.536752
63.725000 -3.326409 0.784915 0.536867
63.730000 -3.322484 0.834811 0.536982
63.735000 -3.318310 0.884648 0.537098
63.740000 -3.313887 0.934423 0.537213
63.745000 -3.309215 0.984131 0.537328
63.750000 -3.304294 1.033769 0.537444
63.755000 -3.299125 1.083334 0.537559
63.760000 -3.293709 1.132821 0.537674
63.765000 -3.288045 1.182226 0.537790
63.770000 -3.282133 1.231547 0.537905
63.775000 -3.275976 1.280779 0.538020
63.780000 -3.269572 1.329919 0.538136
63.785000 -3.262922 1.378962 0.538251
63.790000 -3.256027 1.427906 0.538366
63.795000 -3.248888 1.476746 0.538482
63.800000 -3.241504 1.525480 0.538597
63.805000 -3.233877 1.574102 0.538712
63.810000 -3.226006 1.622611 0.538828
63.815000 -3.217893 1.671001 0.538943
63.820000 -3.209538 1.719269 0.539059
63.825000 -3.200942 1.767412 0.539174
63.830000 -3.192105 1.815426 0.539290
63.835000 -3.183028 1.863308 0.539405
63.840000 -3.173711 1.911053 0.539520
63.845000 -3.164156 1.958659 0.539636
63.850000 -3.154363 2.006121 0.539751
63.855000 -3.144332 2.053437 0.539867
63.860000 -3.134065 2.100602 0.539982
63.865000 -3.123562 2.147613 0.540098
63.870000 -3.112824 2.194466 0.540213
63.875000 -3.101851 2.241158 0.540329
63.880000 -3.090646 2.287686 0.540444
63.885000 -3.079207 2.334046 0.540560
63.890000 -3.067537 2.380234 0.540676
63.895000 -3.055636 2.426247 0.540791
63.900000 -3.043504 2.472082 0.540907
63.905000 -3.031144 2.517734 0.541022
63.910000 -3.018555 2.563201 0.541138
63.915000 -3.005739 2.608480 0.541253
63.920000 -2.992697 2.653566 0.541369
63.925000 -2.979429 2.698456 0.541485
63.930000 -2.965937 2.743148 0.541600
63.935000 -2.952221 2.787637 0.541716
63.940000 -2.938283 2.831920 0.541831
63.945000 -2.924123 2.875994 0.541947
63.950000 -2.909743 2.919856 0.542063
63.955000 -2.895144 2.963502 0.542178
63.960000 -2.880327 3.006929 0.542294
63.965000 -2.865292 3.050134 0.542410
63.970000 -2.850041 3.093114 0.542525
63.975000 -2.834576 3.135864 0.542641
63.980000 -2.818896 3.178383 0.542757
63.985000 -2.803004 3.220666 0.542872
63.990000 -2.786901 3.262711 0.542988
63.995000 -2.770588 3.304515 0.543104
64.000000 -2.754065 3.346074 0.543220
64.005000 -2.737335 3.387385 0.543335
64.010000 -2.720398 3.428445 0.543451
64.015000 -2.703256 3.469251 0.543567
64.020000 -2.685909 3.509800 0.543683
64.025000 -2.668360 3.550088 0.543798
64.030000 -2.650610 3.590114 0.543914
64.035000 -2.632659 3.629873 0.544030
64.040000 -2.614510 3.669363 0.544146
64.045000 -2.596163 3.708580 0.544262
64.050000 -2.577620 3.747523 0.544377
64.055000 -2.558883 3.786187 0.544493
64.060000 -2.539952 3.824570 0.544609
64.065000 -2.520829 3.862670 0.544725
64.070000 -2.501515 3.900482 0.544841
64.075000 -2.482013 3.938005 0.544957
64.080000 -2.462323 3.975235 0.545073
64.085000 -2.442447 4.012170 0.545188
64.090000 -2.422386 4.048806 0.545304
64.095000 -2.402142 4.085142 0.545420
64.100000 -2.381716 4.121174 0.545536
64.105000 -2.361110 4.156900 0.545652
64.110000 -2.340326 4.192317 0.545768
64.115000 -2.319364 4.227422 0.545884
64.120000 -2.298227 4.262212 0.546000
64.125000 -2.276916 4.296685 0.546116
64.130000 -2.255433 4.330839 0.546232
64.135000 -2.233778 4.364671 0.546348
64.140000 -2.211955 4.398177 0.546464
64.145000 -2.189964 4.431357 0.546580
64.150000 -2.167807 4.464206 0.546696
64.155000 -2.145486 4.496723 0.546812
64.160000 -2.123003 4.528906 0.546928
64.165000 -2.100358 4.560751 0.547044
64.170000 -2.077555 4.592256 0.547160
64.175000 -2.054593 4.623419 0.547276
64.180000 -2.031476 4.654238 0.547392
64.185000 -2.008205 4.684710 0.547508
64.190000 -1.984781 4.714833 0.547624
64.195000 -1.961207 4.744605 0.547740
64.200000 -1.937484 4.774023 0.547856
64.205000 -1.913614 4.803086 0.547972
64.210000 -1.889599 4.831790 0.548088
64.215000 -1.865440 4.860134 0.548204
64.220000 -1.841139 4.888115 0.548320
64.225000 -1.816698 4.915732 0.548437
64.230000 -1.792120 4.942983 0.548553
64.235000 -1.767405 4.969865 0.548669
64.240000 -1.742556 4.996376 0.548785
64.245000 -1.717574 5.022514 0.548901
64.250000 -1.692461 5.048278 0.549017
64.255000 -1.667220 5.073665 0.549134
64.260000 -1.641851 5.098673 0.549250
64.265000 -1.616358 5.123301 0.549366
64.270000 -1.590742 5.147546 0.549482
64.275000 -1.565004 5.171407 0.549598
64.280000 -1.539147 5.194882 0.549715
64.285000 -1.513172 5.217969 0.549831
64.290000 -1.487083 5.240667 0.549947
64.295000 -1.460879 5.262973 0.550063
64.300000 -1.434564 5.284886 0.550180
64.305000 -1.408140 5.306405 0.550296
64.310000 -1.381608 5.327527 0.550412
64.315000 -1.354970 5.348251 0.550528
64.320000 -1.328229 5.368576 0.550645
64.325000 -1.301386 5.388499 0.550761
64.330000 -1.274444 5.408020 0.550877
64.335000 -1.247404 5.427137 0.550994
64.340000 -1.220268 5.445848 0.551110
64.345000 -1.193039 5.464152 0.551226
64.350000 -1.165718 5.482047 0.551343
64.355000 -1.138308 5.499533 0.551459
64.360000 -1.110810 5.516608 0.551575
64.365000 -1.083227 5.533270 0.551692
64.370000 -1.055561 5.549518 0.551808
64.375000 -1.027813 5.565352 0.551924
64.380000 -0.999986 5.580769 0.552041
64.385000 -0.972082 5.595769 0.552157
64.390000 -0.944104 5.610350 0.552274
64.395000 -0.916052 5.624511 0.552390
64.400000 -0.887929 5.638252 0.552506
64.405000 -0.859738 5.651571 0.552623
64.410000 -0.831480 5.664467 0.552739
64.415000 -0.803158 5.676939 0.552856
64.420000 -0.774773 5.688987 0.552972
64.425000 -0.746328 5.700608 0.553089
64.430000 -0.717825 5.711803 0.553205
64.435000 -0.689266 5.722571 0.553322
64.440000 -0.660653 5.732910 0.553438
64.445000 -0.631989 5.742819 0.553555
64.450000 -0.603275 5.752299 0.553671
64.455000 -0.574513 5.761348 0.553788
64.460000 -0.545706 5.769966 0.553904
64.465000 -0.516856 5.778152 0.554021
64.470000 -0.487966 5.785904 0.554137
64.475000 -0.459036 5.793224 0.554254
64.480000 -0.430070 5.800109 0.554370
64.485000 -0.401070 5.806561 0.554487
64.490000 -0.372037 5.812577 0.554604
64.495000 -0.342974 5.818157 0.554720
64.500000 -0.313883 5.823302 0.554837
64.505000 -0.284767 5.828010 0.554953
64.510000 -0.255627 5.832281 0.555070
64.515000 -0.226465 5.836116 0.555187
64.520000 -0.197285 5.839513 0.555303
64.525000 -0.168087 5.842472 0.555420
64.530000 -0.138875 5.844993 0.555537
64.535000 -0.109650 5.847077 0.555653
64.540000 -0.080414 5.848721 0.555770
64.545000 -0.051171 5.849928 0.555887
64.550000 -0.021921 5.850695 0.556003
64.555000 0.007332 5.851024 0.556120
64.560000 0.036588 5.850914 0.556237
64.565000 0.065842 5.850365 0.556354
64.570000 0.095094 5.849377 0.556470
64.575000 0.124341 5.847951 0.556587
64.580000 0.153581 5.846086 0.556704
64.585000 0.182811 5.843782 0.556820
64.590000 0.212030 5.841040 0.556937
64.595000 0.241235 5.837860 0.557054
64.600000 0.270424 5.834241 0.557171
64.605000 0.299596 5.830185 0.557288
64.610000 0.328747 5.825691 0.557404
64.615000 0.357875 5.820760 0.557521
64.620000 0.386979 5.815391 0.557638
64.625000 0.416056 5.809587 0.557755
64.630000 0.445104 5.803346 0.557872
64.635000 0.474120 5.796669 0.557988
64.640000 0.503104 5.789558 0.558105
64.645000 0.532052 5.782011 0.558222
64.650000 0.560962 5.774030 0.558339
64.655000 0.589832 5.765616 0.558456
64.660000 0.618660 5.756768 0.558573
64.665000 0.647444 5.747488 0.558690
64.670000 0.676181 5.737777 0.558807
64.675000 0.704870 5.727634 0.558924
64.680000 0.733508 5.717061 0.559040
64.685000 0.762094 5.706058 0.559157
64.690000 0.790624 5.694627 0.559274
64.695000 0.819097 5.682768 0.559391
64.700000 0.847511 5.670481 0.559508
64.705000 0.875863 5.657769 0.559625
64.710000 0.904152 5.644631 0.559742
64.715000 0.932375 5.631068 0.559859
64.720000 0.960531 5.617083 0.559976
64.725000 0.988616 5.602675 0.560093
64.730000 1.016629 5.587845 0.560210
64.735000 1.044569 5.572596 0.560327
64.740000 1.072432 5.556927 0.560444
64.745000 1.100216 5.540841 0.560561
64.750000 1.127920 5.524338 0.560678
64.755000 1.155542 5.507419 0.560795
64.760000 1.183079 5.490086 0.560912
64.765000 1.210530 5.472340 0.561029
64.770000 1.237891 5.454182 0.561146
64.775000 1.265162 5.435613 0.561264
64.780000 1.292340 5.416636 0.561381
64.785000 1.319423 5.397251 0.561498
64.790000 1.346410 5.377459 0.561615
64.795000 1.373297 5.357263 0.561732
64.800000 1.400083 5.336664 0.561849
64.805000 1.426767 5.315663 0.561966
64.810000 1.453345 5.294261 0.562083
64.815000 1.479816 5.272461 0.562201
64.820000 1.506179 5.250264 0.562318
64.825000 1.532430 5.227671 0.562435
64.830000 1.558568 5.204685 0.562552
64.835000 1.584592 5.181306 0.562669
64.840000 1.610498 5.157537 0.562786
64.845000 1.636286 5.133380 0.562904
64.850000 1.661953 5.108835 0.563021
64.855000 1.687497 5.083906 0.563138
64.860000 1.712916 5.058594 0.563255
64.865000 1.738209 5.032900 0.563373
64.870000 1.763374 5.006827 0.563490
64.875000 1.788408 4.980376 0.563607
64.880000 1.813310 4.953550 0.563724
64.885000 1.838078 4.926350 0.563842
64.890000 1.862709 4.898779 0.563959
64.895000 1.887203 4.870839 0.564076
64.900000 1.911558 4.842531 0.564194
64.905000 1.935770 4.813857 0.564311
64.910000 1.959839 4.784821 0.564428
64.915000 1.983764 4.755423 0.564546
64.920000 2.007541 4.725667 0.564663
64.925000 2.031169 4.695553 0.564780
64.930000 2.054647 4.665086 0.564898
64.935000 2.077972 4.634266 0.565015
64.940000 2.101144 4.603097 0.565132
64.945000 2.124159 4.571579 0.565250
64.950000 2.147017 4.539717 0.565367
64.955000 2.169716 4.507512 0.565485
64.960000 2.192253 4.474966 0.565602
64.965000 2.214628 4.442082 0.565719
64.970000 2.236838 4.408863 0.565837
64.975000 2.258883 4.375310 0.565954
64.980000 2.280759 4.341427 0.566072
64.985000 2.302466 4.307216 0.566189
64.990000 2.324002 4.272679 0.566307
64.995000 2.345366 4.237819 0.566424
65.000000 2.366555 4.202638 0.566542
65.005000 2.387568 4.167140 0.566659
65.010000 2.408404 4.131326 0.566777
65.015000 2.429060 4.095200 0.566894
65.020000 2.449536 4.058764 0.567012
65.025000 2.469830 4.022021 0.567129
65.030000 2.489940 3.984974 0.567247
65.035000 2.509865 3.947625 0.567364
65.040000 2.529603 3.909977 0.567482
65.045000 2.549153 3.872033 0.567599
65.050000 2.568513 3.833795 0.567717
65.055000 2.587682 3.795268 0.567834
65.060000 2.606659 3.756452 0.567952
65.065000 2.625441 3.717353 0.568070
65.070000 2.644028 3.677971 0.568187
65.075000 2.662418 3.638311 0.568305
65.080000 2.680609 3.598374 0.568422
65.085000 2.698601 3.558165 0.568540
65.090000 2.716392 3.517686 0.568658
65.095000 2.733980 3.476940 0.568775
65.100000 2.751365 3.435931 0.568893
65.105000 2.768545 3.394660 0.569011
65.110000 2.785518 3.353132 0.569128
65.115000 2.802284 3.311349 0.569246
65.120000 2.818840 3.269315 0.569364
65.125000 2.835187 3.227032 0.569481
65.130000 2.851322 3.184505 0.569599
65.135000 2.867245 3.141735 0.569717
65.140000 2.882953 3.098726 0.569835
65.145000 2.898447 3.055482 0.569952
65.150000 2.913724 3.012005 0.570070
65.155000 2.928784 2.968299 0.570188
65.160000 2.943626 2.924367 0.570306
65.165000 2.958248 2.880213 0.570423
65.170000 2.972649 2.835839 0.570541
65.175000 2.986828 2.791250 0.570659
65.180000 3.000784 2.746447 0.570777
65.185000 3.014516 2.701435 0.570895
65.190000 3.028024 2.656218 0.571012
65.195000 3.041305 2.610797 0.571130
65.200000 3.054359 2.565178 0.571248
65.205000 3.067185 2.519362 0.571366
65.210000 3.079781 2.473355 0.571484
65.215000 3.092148 2.427158 0.571602
65.220000 3.104284 2.380776 0.571719
65.225000 3.116188 2.334211 0.571837
65.230000 3.127859 2.287469 0.571955
65.235000 3.139296 2.240551 0.572073
65.240000 3.150499 2.193461 0.572191
65.245000 3.161466 2.146204 0.572309
65.250000 3.172197 2.098782 0.572427
65.255000 3.182691 2.051199 0.572545
65.260000 3.192947 2.003458 0.572663
65.265000 3.202964 1.955564 0.572781
65.270000 3.212742 1.907520 0.572899
65.275000 3.222280 1.859329 0.573017
65.280000 3.231577 1.810994 0.573135
65.285000 3.240631 1.762521 0.573253
65.290000 3.249444 1.713911 0.573371
65.295000 3.258014 1.665170 0.573489
65.300000 3.266339 1.616299 0.573607
65.305000 3.274421 1.567304 0.573725
65.310000 3.282258 1.518188 0.573843
65.315000 3.289848 1.468954 0.573961
65.320000 3.297193 1.419606 0.574079
65.325000 3.304291 1.370149 0.574197
65.330000 3.311142 1.320584 0.574315
65.335000 3.317745 1.270917 0.574433
65.340000 3.324100 1.221151 0.574551
65.345000 3.330205 1.171289 0.574669
65.350000 3.336062 1.121336 0.574787
65.355000 3.341668 1.071295 0.574905
65.360000 3.347025 1.021170 0.575023
65.365000 3.352131 0.970965 0.575142
65.370000 3.356986 0.920683 0.575260
65.375000 3.361589 0.870328 0.575378
65.380000 3.365941 0.819904 0.575496
65.385000 3.370040 0.769415 0.575614
65.390000 3.373887 0.718865 0.575732
65.395000 3.377482 0.668256 0.575850
65.400000 3.380823 0.617594 0.575969
65.405000 3.383911 0.566882 0.576087
65.410000 3.386745 0.516123 0.576205
65.415000 3.389326 0.465322 0.576323
65.420000 3.391652 0.414482 0.576442
65.425000 3.393725 0.363607 0.576560
65.430000 3.395543 0.312701 0.576678
65.435000 3.397106 0.261768 0.576796
65.440000 3.398415 0.210812 0.576915
65.445000 3.399469 0.159835 0.577033
65.450000 3.400268 0.108843 0.577151
65.455000 3.400813 0.057839 0.577269
65.460000 3.401102 0.006827 0.577388
65.465000 3.401136 -0.044189 0.577506
65.470000 3.400915 -0.095206 0.577624
65.475000 3.400439 -0.146220 0.577743
65.480000 3.399708 -0.197227 0.577861
65.485000 3.398722 -0.248222 0.577979
65.490000 3.397481 -0.299203 0.578098
65.495000 3.395985 -0.350165 0.578216
65.500000 3.394234 -0.401105 0.578334
65.505000 3.392228 -0.452019 0.578453
65.510000 3.389968 -0.502902 0.578571
65.515000 3.387454 -0.553752 0.578689
65.520000 3.384685 -0.604563 0.578808
65.525000 3.381662 -0.655334 0.578926
65.530000 3.378385 -0.706059 0.579045
65.535000 3.374855 -0.756734 0.579163
65.540000 3.371071 -0.807357 0.579282
65.545000 3.367035 -0.857923 0.579400
65.550000 3.362745 -0.908429 0.579518
65.555000 3.358203 -0.958870 0.579637
65.560000 3.353409 -1.009243 0.579755
65.565000 3.348362 -1.059544 0.579874
65.570000 3.343065 -1.109770 0.579992
65.575000 3.337516 -1.159916 0.580111
65.580000 3.331716 -1.209978 0.580229
65.585000 3.325666 -1.259954 0.580348
65.590000 3.319367 -1.309839 0.580466
65.595000 3.312817 -1.359630 0.580585
65.600000 3.306019 -1.409322 0.580704
65.605000 3.298973 -1.458912 0.580822
65.610000 3.291678 -1.508397 0.580941
65.615000 3.284136 -1.557772 0.581059
65.620000 3.276347 -1.607034 0.581178
65.625000 3.268312 -1.656179 0.581296
65.630000 3.260031 -1.705204 0.581415
65.635000 3.251505 -1.754104 0.581534
65.640000 3.242735 -1.802877 0.581652
65.645000 3.233720 -1.851518 0.581771
65.650000 3.224463 -1.900024 0.581889
65.655000 3.214963 -1.948391 0.582008
65.660000 3.205221 -1.996615 0.582127
65.665000 3.195237 -2.044693 0.582245
65.670000 3.185014 -2.092622 0.582364
65.675000 3.174551 -2.140397 0.582483
65.680000 3.163849 -2.188015 0.582601
65.685000 3.152909 -2.235473 0.582720
65.690000 3.141731 -2.282767 0.582839
65.695000 3.130318 -2.329893 0.582958
65.700000 3.118668 -2.376847 0.583076
65.705000 3.106784 -2.423627 0.583195
65.710000 3.094666 -2.470229 0.583314
65.715000 3.082315 -2.516649 0.583432
65.720000 3.069731 -2.562884 0.583551
65.725000 3.056917 -2.608930 0.583670
65.730000 3.043872 -2.654784 0.583789
65.735000 3.030598 -2.700442 0.583908
65.740000 3.017096 -2.745901 0.584026
65.745000 3.003367 -2.791157 0.584145
65.750000 2.989411 -2.836208 0.584264
65.755000 2.975230 -2.881049 0.584383
65.760000 2.960825 -2.925677 0.584502
65.765000 2.946196 -2.970090 0.584620
65.770000 2.931346 -3.014283 0.584739
65.775000 2.916274 -3.058253 0.584858
65.780000 2.900983 -3.101997 0.584977
65.785000 2.885473 -3.145512 0.585096
65.790000 2.869746 -3.188794 0.585215
65.795000 2.853802 -3.231840 0.585334
65.800000 2.837642 -3.274647 0.585453
65.805000 2.821269 -3.317212 0.585571
65.810000 2.804683 -3.359531 0.585690
65.815000 2.787885 -3.401601 0.585809
65.820000 2.770877 -3.443419 0.585928
65.825000 2.753660 -3.484982 0.586047
65.830000 2.736235 -3.526287 0.586166
65.835000 2.718604 -3.567331 0.586285
65.840000 2.700767 -3.608110 0.586404
65.845000 2.682727 -3.648621 0.586523
65.850000 2.664484 -3.688862 0.586642
65.855000 2.646039 -3.728829 0.586761
65.860000 2.627395 -3.768520 0.586880
65.865000 2.608553 -3.807931 0.586999
65.870000 2.589513 -3.847059 0.587118
65.875000 2.570278 -3.885902 0.587237
65.880000 2.550848 -3.924456 0.587356
65.885000 2.531226 -3.962719 0.587475
65.890000 2.511412 -4.000687 0.587594
65.895000 2.491409 -4.038358 0.587713
65.900000 2.471217 -4.075730 0.587832
65.905000 2.450838 -4.112798 0.587952
65.910000 2.430274 -4.149560 0.588071
65.915000 2.409527 -4.186015 0.588190
65.920000 2.388597 -4.222157 0.588309
65.925000 2.367486 -4.257986 0.588428
65.930000 2.346196 -4.293499 0.588547
65.935000 2.324728 -4.328692 0.588666
65.940000 2.303085 -4.363563 0.588785
65.945000 2.281267 -4.398109 0.588905
65.950000 2.259277 -4.432328 0.589024
65.955000 2.237115 -4.466217 0.589143
65.960000 2.214784 -4.499774 0.589262
65.965000 2.192285 -4.532995 0.589381
65.970000 2.169620 -4.565880 0.589500
65.975000 2.146791 -4.598424 0.589620
65.980000 2.123798 -4.630626 0.589739
65.985000 2.100645 -4.662483 0.589858
65.990000 2.077333 -4.693993 0.589977
65.995000 2.053863 -4.725153 0.590097
66.000000 2.030237 -4.755960 0.590216
66.005000 2.006457 -4.786414 0.590335
66.010000 1.982525 -4.816511 0.590454
66.015000 1.958443 -4.846249 0.590574
66.020000 1.934212 -4.875625 0.590693
66.025000 1.909833 -4.904639 0.590812
66.030000 1.885310 -4.933286 0.590932
66.035000 1.860644 -4.961566 0.591051
66.040000 1.835836 -4.989475 0.591170
66.045000 1.810889 -5.017013 0.591290
66.050000 1.785804 -5.044176 0.591409
66.055000 1.760583 -5.070963 0.591528
66.060000 1.735228 -5.097372 0.591648
66.065000 1.709741 -5.123400 0.591767
66.070000 1.684124 -5.149047 0.591886
66.075000 1.658379 -5.174308 0.592006
66.080000 1.632507 -5.199184 0.592125
66.085000 1.606511 -5.223672 0.592245
66.090000 1.580393 -5.247769 0.592364
66.095000 1.554154 -5.271475 0.592483
66.100000 1.527797 -5.294788 0.592603
66.105000 1.501323 -5.317705 0.592722
66.110000 1.474734 -5.340224 0.592842
66.115000 1.448033 -5.362345 0.592961
66.120000 1.421221 -5.384066 0.593081
66.125000 1.394301 -5.405384 0.593200
66.130000 1.367274 -5.426299 0.593320
66.135000 1.340143 -5.446808 0.593439
66.140000 1.312909 -5.466910 0.593559
66.145000 1.285574 -5.486604 0.593678
66.150000 1.258141 -5.505887 0.593798
66.155000 1.230612 -5.524759 0.593917
66.160000 1.202988 -5.543219 0.594037
66.165000 1.175272 -5.561263 0.594156
66.170000 1.147465 -5.578892 0.594276
66.175000 1.119571 -5.596104 0.594396
66.180000 1.091590 -5.612898 0.594515
66.185000 1.063526 -5.629272 0.594635
66.190000 1.035380 -5.645225 0.594754
66.195000 1.007153 -5.660755 0.594874
66.200000 0.978850 -5.675863 0.594994
66.205000 0.950470 -5.690545 0.595113
66.210000 0.922018 -5.704803 0.595233
66.215000 0.893494 -5.718633 0.595352
66.220000 0.864900 -5.732035 0.595472
66.225000 0.836240 -5.745009 0.595592
66.230000 0.807515 -5.757552 0.595711
66.235000 0.778727 -5.769665 0.595831
66.240000 0.749879 -5.781346 0.595951
66.245000 0.720972 -5.792594 0.596070
66.250000 0.692009 -5.803409 0.596190
66.255000 0.662992 -5.813789 0.596310
66.260000 0.633923 -5.823734 0.596430
66.265000 0.604805 -5.833243 0.596549
66.270000 0.575639 -5.842315 0.596669
66.275000 0.546427 -5.850949 0.596789
66.280000 0.517172 -5.859146 0.596909
66.285000 0.487876 -5.866903 0.597028
66.290000 0.458542 -5.874221 0.597148
66.295000 0.429171 -5.881099 0.597268
66.300000 0.399765 -5.887537 0.597388
66.305000 0.370328 -5.893534 0.597508
66.310000 0.340860 -5.899088 0.597627
66.315000 0.311365 -5.904201 0.597747
66.320000 0.281844 -5.908872 0.597867
66.325000 0.252299 -5.913099 0.597987
66.330000 0.222734 -5.916884 0.598107
66.335000 0.193149 -5.920225 0.598227
66.340000 0.163548 -5.923122 0.598346
66.345000 0.133933 -5.925575 0.598466
66.350000 0.104305 -5.927584 0.598586
66.355000 0.074667 -5.929149 0.598706
66.360000 0.045021 -5.930269 0.598826
66.365000 0.015370 -5.930944 0.598946
66.370000 -0.014285 -5.931175 0.599066
66.375000 -0.043941 -5.930961 0.599186
66.380000 -0.073596 -5.930301 0.599306
66.385000 -0.103247 -5.929198 0.599426
66.390000 -0.132893 -5.927649 0.599546
66.395000 -0.162531 -5.925655 0.599666
66.400000 -0.192160 -5.923217 0.599785
66.405000 -0.221776 -5.920335 0.599905
66.410000 -0.251378 -5.917008 0.600025
66.415000 -0.280963 -5.913238 0.600145
66.420000 -0.310529 -5.909023 0.600265
66.425000 -0.340074 -5.904365 0.600386
66.430000 -0.369596 -5.899264 0.600506
66.435000 -0.399092 -5.893720 0.600626
66.440000 -0.428561 -5.887734 0.600746
66.445000 -0.457999 -5.881306 0.600866
66.450000 -0.487406 -5.874436 0.600986
66.455000 -0.516778 -5.867124 0.601106
66.460000 -0.546114 -5.859373 0.601226
66.465000 -0.575410 -5.851181 0.601346
66.470000 -0.604666 -5.842550 0.601466
66.475000 -0.633879 -5.833480 0.601586
66.480000 -0.663047 -5.823972 0.601706
66.485000 -0.692166 -5.814026 0.601826
66.490000 -0.721237 -5.803644 0.601947
66.495000 -0.750255 -5.792825 0.602067
66.500000 -0.779219 -5.781571 0.602187
66.505000 -0.808127 -5.769883 0.602307
66.510000 -0.836976 -5.757761 0.602427
66.515000 -0.865765 -5.745206 0.602547
66.520000 -0.894491 -5.732220 0.602668
66.525000 -0.923152 -5.718803 0.602788
66.530000 -0.951746 -5.704955 0.602908
66.535000 -0.980271 -5.690679 0.603028
66.540000 -1.008724 -5.675975 0.603148
66.545000 -1.037104 -5.660844 0.603269
66.550000 -1.065408 -5.645288 0.603389
66.555000 -1.093635 -5.629306 0.603509
66.560000 -1.121781 -5.612902 0.603629
66.565000 -1.149846 -5.596075 0.603750
66.570000 -1.177826 -5.578828 0.603870
66.575000 -1.205720 -5.561160 0.603990
66.580000 -1.233526 -5.543074 0.604111
66.585000 -1.261241 -5.524571 0.604231
66.590000 -1.288864 -5.505653 0.604351
66.595000 -1.316393 -5.486320 0.604472
66.600000 -1.343824 -5.466574 0.604592
66.605000 -1.371157 -5.446417 0.604712
66.610000 -1.398389 -5.425849 0.604833
66.615000 -1.425518 -5.404873 0.604953
66.620000 -1.452543 -5.383491 0.605073
66.625000 -1.479460 -5.361702 0.605194
66.630000 -1.506269 -5.339511 0.605314
66.635000 -1.532966 -5.316917 0.605434
66.640000 -1.559551 -5.293922 0.605555
66.645000 -1.586020 -5.270529 0.605675
66.650000 -1.612373 -5.246738 0.605796
66.655000 -1.638607 -5.222553 0.605916
66.660000 -1.664720 -5.197974 0.606037
66.665000 -1.690709 -5.173003 0.606157
66.670000 -1.716574 -5.147642 0.606278
66.675000 -1.742313 -5.121894 0.606398
66.680000 -1.767922 -5.095759 0.606518
66.685000 -1.793401 -5.069240 0.606639
66.690000 -1.818747 -5.042339 0.606759
66.695000 -1.843959 -5.015058 0.606880
66.700000 -1.869034 -4.987399 0.607000
66.705000 -1.893971 -4.959363 0.607121
66.710000 -1.918768 -4.930954 0.607242
66.715000 -1.943423 -4.902172 0.607362
66.720000 -1.967934 -4.873021 0.607483
66.725000 -1.992299 -4.843502 0.607603
66.730000 -2.016516 -4.813617 0.607724
66.735000 -2.040584 -4.783369 0.607844
66.740000 -2.064501 -4.752761 0.607965
66.745000 -2.088265 -4.721793 0.608086
66.750000 -2.111874 -4.690469 0.608206
66.755000 -2.135326 -4.658791 0.608327
66.760000 -2.158620 -4.626761 0.608447
66.765000 -2.181754 -4.594382 0.608568
66.770000 -2.204726 -4.561656 0.608689
66.775000 -2.227534 -4.528585 0.608809
66.780000 -2.250177 -4.495172 0.608930
66.785000 -2.272653 -4.461419 0.609051
66.790000 -2.294960 -4.427329 0.609171
66.795000 -2.317097 -4.392905 0.609292
66.800000 -2.339061 -4.358148 0.609413
66.805000 -2.360852 -4.323062 0.609533
66.810000 -2.382467 -4.287650 0.609654
66.815000 -2.403906 -4.251913 0.609775
66.820000 -2.425165 -4.215854 0.609896
66.825000 -2.446244 -4.179477 0.610016
66.830000 -2.467142 -4.142783 0.610137
66.835000 -2.487856 -4.105776 0.610258
66.840000 -2.508385 -4.068458 0.610379
66.845000 -2.528727 -4.030832 0.610499
66.850000 -2.548881 -3.992901 0.610620
66.855000 -2.568846 -3.954668 0.610741
66.860000 -2.588619 -3.916135 0.610862
66.865000 -2.608200 -3.877306 0.610983
66.870000 -2.627586 -3.838183 0.611103
66.875000 -2.646777 -3.798769 0.611224
66.880000 -2.665771 -3.759068 0.611345
66.885000 -2.684566 -3.719081 0.611466
66.890000 -2.703162 -3.678813 0.611587
66.895000 -2.721556 -3.638265 0.611708
66.900000 -2.739747 -3.597442 0.611829
66.905000 -2.757734 -3.556346 0.611949
66.910000 -2.775516 -3.514980 0.612070
66.915000 -2.793091 -3.473347 0.612191
66.920000 -2.810458 -3.431451 0.612312
66.925000 -2.827615 -3.389294 0.612433
66.930000 -2.844561 -3.346879 0.612554
66.935000 -2.861296 -3.304211 0.612675
66.940000 -2.877817 -3.261292 0.612796
66.945000 -2.894123 -3.218124 0.612917
66.950000 -2.910214 -3.174713 0.613038
66.955000 -2.926087 -3.131059 0.613159
66.960000 -2.941743 -3.087168 0.613280
66.965000 -2.957178 -3.043042 0.613401
66.970000 -2.972394 -2.998684 0.613522
66.975000 -2.987387 -2.954098 0.613643
66.980000 -3.002158 -2.909287 0.613764
66.985000 -3.016704 -2.864255 0.613885
66.990000 -3.031025 -2.819005 0.614006
66.995000 -3.045120 -2.773539 0.614127
67.000000 -3.058988 -2.727862 0.614248
67.005000 -3.072627 -2.681978 0.614369
67.010000 -3.086037 -2.635888 0.614490
67.015000 -3.099217 -2.589598 0.614611
67.020000 -3.112165 -2.543109 0.614732
67.025000 -3.124880 -2.496427 0.614853
67.030000 -3.137362 -2.449554 0.614975
67.035000 -3.149610 -2.402493 0.615096
67.040000 -3.161623 -2.355249 0.615217
67.045000 -3.173399 -2.307825 0.615338
67.050000 -3.184938 -2.260224 0.615459
67.055000 -3.196239 -2.212450 0.615580
67.060000 -3.207301 -2.164506 0.615701
67.065000 -3.218124 -2.116397 0.615823
67.070000 -3.228706 -2.068125 0.615944
67.075000 -3.239046 -2.019694 0.616065
67.080000 -3.249145 -1.971108 0.616186
67.085000 -3.259000 -1.922371 0.616307
67.090000 -3.268612 -1.873486 0.616429
67.095000 -3.277980 -1.824457 0.616550
67.100000 -3.287102 -1.775287 0.616671
67.105000 -3.295978 -1.725981 0.616792
67.110000 -3.304608 -1.676541 0.616914
67.115000 -3.312991 -1.626972 0.617035
67.120000 -3.321126 -1.577277 0.617156
67.125000 -3.329012 -1.527460 0.617277
67.130000 -3.336650 -1.477525 0.617399
67.135000 -3.344037 -1.427475 0.617520
67.140000 -3.351175 -1.377315 0.617641
67.145000 -3.358061 -1.327047 0.617763
67.150000 -3.364696 -1.276676 0.617884
67.155000 -3.371080 -1.226206 0.618005
67.160000 -3.377211 -1.175640 0.618127
67.165000 -3.383089 -1.124981 0.618248
67.170000 -3.388714 -1.074235 0.618369
67.175000 -3.394085 -1.023404 0.618491
67.180000 -3.399202 -0.972493 0.618612
67.185000 -3.404065 -0.921505 0.618734
67.190000 -3.408672 -0.870444 0.618855
67.195000 -3.413024 -0.819314 0.618976
67.200000 -3.417121 -0.768119 0.619098
67.205000 -3.420962 -0.716862 0.619219
67.210000 -3.424546 -0.665547 0.619341
67.215000 -3.427874 -0.614179 0.619462
67.220000 -3.430944 -0.562761 0.619584
67.225000 -3.433758 -0.511297 0.619705
67.230000 -3.436315 -0.459791 0.619827
67.235000 -3.438614 -0.408246 0.619948
67.240000 -3.440655 -0.356667 0.620070
67.245000 -3.442438 -0.305057 0.620191
67.250000 -3.443964 -0.253420 0.620313
67.255000 -3.445231 -0.201761 0.620434
67.260000 -3.446239 -0.150082 0.620556
67.265000 -3.446990 -0.098389 0.620677
67.270000 -3.447482 -0.046684 0.620799
67.275000 -3.447715 0.005028 0.620920
67.280000 -3.447690 0.056744 0.621042
67.285000 -3.447406 0.108459 0.621163
67.290000 -3.446864 0.160170 0.621285
67.295000 -3.446063 0.211873 0.621407
67.300000 -3.445004 0.263564 0.621528
67.305000 -3.443686 0.315239 0.621650
67.310000 -3.442110 0.366895 0.621771
67.315000 -3.440275 0.418526 0.621893
67.320000 -3.438183 0.470131 0.622015
67.325000 -3.435832 0.521703 0.622136
67.330000 -3.433224 0.573241 0.622258
67.335000 -3.430357 0.624739 0.622380
67.340000 -3.427234 0.676194 0.622501
67.345000 -3.423853 0.727603 0.622623
67.350000 -3.420215 0.778961 0.622745
67.355000 -3.416320 0.830264 0.622866
67.360000 -3.412169 0.881509 0.622988
67.365000 -3.407761 0.932691 0.623110
67.370000 -3.403098 0.983808 0.623232
67.375000 -3.398179 1.034854 0.623353
67.380000 -3.393004 1.085827 0.623475
67.385000 -3.387575 1.136722 0.623597
67.390000 -3.381891 1.187536 0.623719
67.395000 -3.375954 1.238264 0.623840
67.400000 -3.369762 1.288903 0.623962
67.405000 -3.363318 1.339450 0.624084
67.410000 -3.356621 1.389899 0.624206
67.415000 -3.349671 1.440249 0.624328
67.420000 -3.342470 1.490494 0.624449
67.425000 -3.335018 1.540631 0.624571
67.430000 -3.327314 1.590656 0.624693
67.435000 -3.319361 1.640566 0.624815
67.440000 -3.311158 1.690356 0.624937
67.445000 -3.302706 1.740024 0.625059
67.450000 -3.294006 1.789564 0.625181
67.455000 -3.285059 1.838974 0.625303
67.460000 -3.275864 1.888250 0.625424
67.465000 -3.266422 1.937388 0.625546
67.470000 -3.256735 1.986384 0.625668
67.475000 -3.246804 2.035236 0.625790
67.480000 -3.236627 2.083938 0.625912
67.485000 -3.226208 2.132487 0.626034
67.490000 -3.215545 2.180880 0.626156
67.495000 -3.204641 2.229113 0.626278
67.500000 -3.193495 2.277183 0.626400
67.505000 -3.182109 2.325085 0.626522
67.510000 -3.170484 2.372817 0.626644
67.515000 -3.158620 2.420374 0.626766
67.520000 -3.146518 2.467754 0.626888
67.525000 -3.134179 2.514951 0.627010
67.530000 -3.121604 2.561964 0.627132
67.535000 -3.108795 2.608788 0.627254
67.540000 -3.095751 2.655420 0.627376
67.545000 -3.082474 2.701856 0.627498
67.550000 -3.068964 2.748093 0.627620
67.555000 -3.055224 2.794128 0.627742
67.560000 -3.041253 2.839956 0.627864
67.565000 -3.027053 2.885575 0.627986
67.570000 -3.012626 2.930981 0.628108
67.575000 -2.997971 2.976170 0.628231
67.580000 -2.983090 3.021140 0.628353
67.585000 -2.967984 3.065886 0.628475
67.590000 -2.952655 3.110406 0.628597
67.595000 -2.937103 3.154696 0.628719
67.600000 -2.921329 3.198752 0.628841
67.605000 -2.905335 3.242572 0.628963
67.610000 -2.889123 3.286152 0.629086
67.615000 -2.872692 3.329489 0.629208
67.620000 -2.856044 3.372579 0.629330
67.625000 -2.839181 3.415420 0.629452
67.630000 -2.822104 3.458008 0.629574
67.635000 -2.804814 3.500339 0.629697
67.640000 -2.787313 3.542412 0.629819
67.645000 -2.769601 3.584221 0.629941
67.650000 -2.751679 3.625765 0.630063
67.655000 -2.733551 3.667040 0.630186
67.660000 -2.715215 3.708044 0.630308
67.665000 -2.696675 3.748772 0.630430
67.670000 -2.677931 3.789222 0.630552
67.675000 -2.658985 3.829391 0.630675
67.680000 -2.639838 3.869276 0.630797
67.685000 -2.620492 3.908873 0.630919
67.690000 -2.600948 3.948181 0.631042
67.695000 -2.581207 3.987195 0.631164
67.700000 -2.561271 4.025913 0.631286
67.705000 -2.541141 4.064332 0.631409
67.710000 -2.520819 4.102449 0.631531
67.715000 -2.500307 4.140261 0.631653
67.720000 -2.479606 4.177766 0.631776
67.725000 -2.458717 4.214960 0.631898
67.730000 -2.437642 4.251841 0.632020
67.735000 -2.416383 4.288406 0.632143
67.740000 -2.394941 4.324651 0.632265
67.745000 -2.373318 4.360575 0.632388
67.750000 -2.351515 4.396175 0.632510
67.755000 -2.329534 4.431448 0.632633
67.760000 -2.307377 4.466391 0.632755
67.765000 -2.285045 4.501002 0.632877
67.770000 -2.262540 4.535277 0.633000
67.775000 -2.239863 4.569215 0.633122
67.780000 -2.217017 4.602813 0.633245
67.785000 -2.194003 4.636069 0.633367
67.790000 -2.170823 4.668979 0.633490
67.795000 -2.147478 4.701541 0.633612
67.800000 -2.123970 4.733753 0.633735
67.805000 -2.100302 4.765613 0.633857
67.810000 -2.076474 4.797117 0.633980
67.815000 -2.052488 4.828264 0.634103
67.820000 -2.028347 4.859052 0.634225
67.825000 -2.004051 4.889477 0.634348
67.830000 -1.979604 4.919538 0.634470
67.835000 -1.955006 4.949232 0.634593
67.840000 -1.930260 4.978557 0.634715
67.845000 -1.905367 5.007511 0.634838
67.850000 -1.880330 5.036091 0.634961
67.855000 -1.855149 5.064296 0.635083
67.860000 -1.829828 5.092123 0.635206
67.865000 -1.804367 5.119571 0.635329
67.870000 -1.778769 5.146636 0.635451
67.875000 -1.753036 5.173318 0.635574
67.880000 -1.727170 5.199613 0.635697
67.885000 -1.701172 5.225521 0.635819
67.890000 -1.675044 5.251038 0.635942
67.895000 -1.648789 5.276164 0.636065
67.900000 -1.622408 5.300896 0.636187
67.905000 -1.595903 5.325232 0.636310
67.910000 -1.569277 5.349171 0.636433
67.915000 -1.542531 5.372710 0.636555
67.920000 -1.515668 5.395848 0.636678
67.925000 -1.488689 5.418583 0.636801
67.930000 -1.461596 5.440913 0.636924
67.935000 -1.434391 5.462837 0.637046
67.940000 -1.407077 5.484353 0.637169
67.945000 -1.379655 5.505459 0.637292
67.950000 -1.352128 5.526154 0.637415
67.955000 -1.324497 5.546436 0.637538
67.960000 -1.296765 5.566303 0.637660
67.965000 -1.268933 5.585755 0.637783
67.970000 -1.241005 5.604789 0.637906
67.975000 -1.212981 5.623404 0.638029
67.980000 -1.184864 5.641599 0.638152
67.985000 -1.156656 5.659371 0.638275
67.990000 -1.128359 5.676721 0.638398
67.995000 -1.099975 5.693647 0.638520
68.000000 -1.071507 5.710146 0.638643
68.005000 -1.042956 5.726219 0.638766
68.010000 -1.014325 5.741863 0.638889
68.015000 -0.985616 5.757078 0.639012
68.020000 -0.956830 5.771862 0.639135
68.025000 -0.927971 5.786215 0.639258
68.030000 -0.899040 5.800134 0.639381
68.035000 -0.870039 5.813620 0.639504
68.040000 -0.840971 5.826671 0.639627
68.045000 -0.811838 5.839285 0.639750
68.050000 -0.782642 5.851463 0.639873
68.055000 -0.753384 5.863202 0.639996
68.060000 -0.724068 5.874503 0.640119
68.065000 -0.694696 5.885364 0.640242
68.070000 -0.665269 5.895785 0.640365
68.075000 -0.635790 5.905764 0.640488
68.080000 -0.606261 5.915300 0.640611
68.085000 -0.576685 5.924394 0.640734
68.090000 -0.547063 5.933045 0.640857
68.095000 -0.517397 5.941251 0.640980
68.100000 -0.487691 5.949012 0.641103
68.105000 -0.457946 5.956327 0.641226
68.110000 -0.428164 5.963196 0.641349
68.115000 -0.398349 5.969619 0.641472
68.120000 -0.368500 5.975594 0.641595
68.125000 -0.338622 5.981121 0.641719
68.130000 -0.308717 5.986201 0.641842
68.135000 -0.278786 5.990831 0.641965
68.140000 -0.248832 5.995013 0.642088
68.145000 -0.218857 5.998746 0.642211
68.150000 -0.188863 6.002029 0.642334
68.155000 -0.158853 6.004861 0.642457
68.160000 -0.128828 6.007244 0.642581
68.165000 -0.098792 6.009177 0.642704
68.170000 -0.068746 6.010659 0.642827
68.175000 -0.038693 6.011690 0.642950
68.180000 -0.008635 6.012270 0.643073
68.185000 0.021427 6.012400 0.643197
68.190000 0.051489 6.012078 0.643320
68.195000 0.081549 6.011306 0.643443
68.200000 0.111606 6.010083 0.643566
68.205000 0.141656 6.008409 0.643690
68.210000 0.171698 6.006284 0.643813
68.215000 0.201730 6.003708 0.643936
68.220000 0.231748 6.000682 0.644060
68.225000 0.261752 5.997206 0.644183
68.230000 0.291738 5.993280 0.644306
68.235000 0.321704 5.988904 0.644430
68.240000 0.351648 5.984078 0.644553
68.245000 0.381569 5.978804 0.644676
68.250000 0.411463 5.973080 0.644800
68.255000 0.441328 5.966908 0.644923
68.260000 0.471163 5.960288 0.645046
68.265000 0.500964 5.953221 0.645170
68.270000 0.530730 5.945706 0.645293
68.275000 0.560459 5.937745 0.645416
68.280000 0.590148 5.929338 0.645540
68.285000 0.619794 5.920486 0.645663
68.290000 0.649397 5.911189 0.645787
68.295000 0.678953 5.901448 0.645910
68.300000 0.708460 5.891264 0.646034
68.305000 0.737916 5.880637 0.646157
68.310000 0.767319 5.869568 0.646280
68.315000 0.796667 5.858059 0.646404
68.320000 0.825958 5.846109 0.646527
68.325000 0.855188 5.833719 0.646651
68.330000 0.884357 5.820891 0.646774
68.335000 0.913461 5.807626 0.646898
68.340000 0.942499 5.793924 0.647021
68.345000 0.971469 5.779787 0.647145
68.350000 1.000368 5.765215 0.647268
68.355000 1.029194 5.750209 0.647392
68.360000 1.057945 5.734771 0.647516
68.365000 1.086619 5.718902 0.647639
68.370000 1.115213 5.702603 0.647763
68.375000 1.143726 5.685875 0.647886
68.380000 1.172156 5.668719 0.648010
68.385000 1.200499 5.651136 0.648134
68.390000 1.228755 5.633129 0.648257
68.395000 1.256921 5.614697 0.648381
68.400000 1.284994 5.595844 0.648504
68.405000 1.312973 5.576569 0.648628
68.410000 1.340856 5.556874 0.648752
68.415000 1.368641 5.536761 0.648875
68.420000 1.396324 5.516232 0.648999
68.425000 1.423906 5.495287 0.649123
68.430000 1.451382 5.473928 0.649246
68.435000 1.478752 5.452158 0.649370
68.440000 1.506012 5.429976 0.649494
68.445000 1.533162 5.407386 0.649617
68.450000 1.560199 5.384389 0.649741
68.455000 1.587121 5.360986 0.649865
68.460000 1.613926 5.337179 0.649989
68.465000 1.640612 5.312970 0.650112
68.470000 1.667177 5.288361 0.650236
68.475000 1.693619 5.263353 0.650360
68.480000 1.719935 5.237949 0.650484
68.485000 1.746125 5.212150 0.650607
68.490000 1.772186 5.185958 0.650731
68.495000 1.798116 5.159375 0.650855
68.500000 1.823913 5.132403 0.650979
68.505000 1.849575 5.105045 0.651103
68.510000 1.875100 5.077301 0.651227
68.515000 1.900486 5.049175 0.651350
68.520000 1.925732 5.020667 0.651474
68.525000 1.950835 4.991781 0.651598
68.530000 1.975794 4.962519 0.651722
68.535000 2.000607 4.932882 0.651846
68.540000 2.025271 4.902873 0.651970
68.545000 2.049786 4.872494 0.652094
68.550000 2.074148 4.841747 0.652218
68.555000 2.098357 4.810635 0.652341
68.560000 2.122410 4.779159 0.652465
68.565000 2.146306 4.747323 0.652589
68.570000 2.170043 4.715129 0.652713
68.575000 2.193618 4.682578 0.652837
68.580000 2.217031 4.649674 0.652961
68.585000 2.240279 4.616418 0.653085
68.590000 2.263362 4.582814 0.653209
68.595000 2.286276 4.548864 0.653333
68.600000 2.309020 4.514569 0.653457
68.605000 2.331593 4.479934 0.653581
68.610000 2.353992 4.444960 0.653705
68.615000 2.376217 4.409650 0.653829
68.620000 2.398266 4.374007 0.653953
68.625000 2.420136 4.338033 0.654077
68.630000 2.441826 4.301731 0.654201
68.635000 2.463334 4.265104 0.654325
68.640000 2.484660 4.228154 0.654449
68.645000 2.505801 4.190884 0.654574
68.650000 2.526755 4.153297 0.654698
68.655000 2.547522 4.115395 0.654822
68.660000 2.568099 4.077183 0.654946
68.665000 2.588484 4.038661 0.655070
68.670000 2.608678 3.999834 0.655194
68.675000 2.628677 3.960704 0.655318
68.680000 2.648480 3.921274 0.655442
68.685000 2.668087 3.881546 0.655567
68.690000 2.687495 3.841525 0.655691
68.695000 2.706702 3.801213 0.655815
68.700000 2.725708 3.760612 0.655939
68.705000 2.744511 3.719727 0.656063
68.710000 2.763110 3.678559 0.656187
68.715000 2.781503 3.637112 0.656312
68.720000 2.799688 3.595390 0.656436
68.725000 2.817665 3.553394 0.656560
68.730000 2.835432 3.511129 0.656684
68.735000 2.852988 3.468598 0.656809
68.740000 2.870331 3.425803 0.656933
68.745000 2.887460 3.382748 0.657057
68.750000 2.904374 3.339436 0.657181
68.755000 2.921071 3.295871 0.657306
68.760000 2.937550 3.252055 0.657430
68.765000 2.953810 3.207991 0.657554
68.770000 2.969850 3.163684 0.657679
68.775000 2.985669 3.119136 0.657803
68.780000 3.001264 3.074351 0.657927
68.785000 3.016636 3.029332 0.658052
68.790000 3.031783 2.984083 0.658176
68.795000 3.046703 2.938606 0.658300
68.800000 3.061396 2.892906 0.658425
68.805000 3.075861 2.846985 0.658549
68.810000 3.090096 2.800847 0.658674
68.815000 3.104100 2.754495 0.658798
68.820000 3.117872 2.707934 0.658922
68.825000 3.131412 2.661166 0.659047
68.830000 3.144718 2.614194 0.659171
68.835000 3.157789 2.567024 0.659296
68.840000 3.170624 2.519657 0.659420
68.845000 3.183222 2.472097 0.659545
68.850000 3.195583 2.424349 0.659669
68.855000 3.207705 2.376415 0.659793
68.860000 3.219587 2.328300 0.659918
68.865000 3.231228 2.280006 0.660042
68.870000 3.242628 2.231538 0.660167
68.875000 3.253786 2.182898 0.660291
68.880000 3.264700 2.134091 0.660416
68.885000 3.275371 2.085121 0.660541
68.890000 3.285796 2.035990 0.660665
68.895000 3.295976 1.986703 0.660790
68.900000 3.305910 1.937264 0.660914
68.905000 3.315596 1.887675 0.661039
68.910000 3.325035 1.837941 0.661163
68.915000 3.334224 1.788066 0.661288
68.920000 3.343165 1.738052 0.661412
68.925000 3.351855 1.687905 0.661537
68.930000 3.360294 1.637627 0.661662
68.935000 3.368483 1.587223 0.661786
68.940000 3.376419 1.536695 0.661911
68.945000 3.384102 1.486049 0.662036
68.950000 3.391532 1.435288 0.662160
68.955000 3.398709 1.384415 0.662285
68.960000 3.405631 1.333434 0.662410
68.965000 3.412298 1.282349 0.662534
68.970000 3.418710 1.231165 0.662659
68.975000 3.424866 1.179884 0.662784
68.980000 3.430765 1.128511 0.662908
68.985000 3.436408 1.077050 0.663033
68.990000 3.441793 1.025504 0.663158
68.995000 3.446920 0.973877 0.663283
69.000000 3.451790 0.922173 0.663407
69.005000 3.456401 0.870396 0.663532
69.010000 3.460753 0.818550 0.663657
69.015000 3.464845 0.766639 0.663782
69.020000 3.468679 0.714666 0.663906
69.025000 3.472252 0.662636 0.664031
69.030000 3.475565 0.610552 0.664156
69.035000 3.478618 0.558419 0.664281
69.040000 3.481410 0.506240 0.664406
69.045000 3.483941 0.454018 0.664530
69.050000 3.486211 0.401759 0.664655
69.055000 3.488220 0.349466 0.664780
69.060000 3.489967 0.297143 0.664905
69.065000 3.491453 0.244793 0.665030
69.070000 3.492677 0.192421 0.665155
69.075000 3.493639 0.140031 0.665280
69.080000 3.494339 0.087627 0.665405
69.085000 3.494777 0.035212 0.665529
69.090000 3.494953 -0.017210 0.665654
69.095000 3.494867 -0.069634 0.665779
69.100000 3.494519 -0.122057 0.665904
69.105000 3.493909 -0.174475 0.666029
69.110000 3.493037 -0.226884 0.666154
69.115000 3.491902 -0.279279 0.666279
69.120000 3.490506 -0.331658 0.666404
69.125000 3.488847 -0.384015 0.666529
69.130000 3.486927 -0.436348 0.666654
69.135000 3.484746 -0.488652 0.666779
69.140000 3.482302 -0.540923 0.666904
69.145000 3.479598 -0.593158 0.667029
69.150000 3.476632 -0.645352 0.667154
69.155000 3.473405 -0.697501 0.667279
69.160000 3.469918 -0.749602 0.667404
69.165000 3.466170 -0.801651 0.667529
69.170000 3.462161 -0.853644 0.667654
69.175000 3.457893 -0.905576 0.667779
69.180000 3.453365 -0.957444 0.667904
69.185000 3.448578 -1.009245 0.668029
69.190000 3.443532 -1.060974 0.668155
69.195000 3.438227 -1.112627 0.668280
69.200000 3.432664 -1.164200 0.668405
69.205000 3.426843 -1.215690 0.668530
69.210000 3.420764 -1.267093 0.668655
69.215000 3.414429 -1.318404 0.668780
69.220000 3.407837 -1.369620 0.668905
69.225000 3.400989 -1.420738 0.669031
69.230000 3.393885 -1.471753 0.669156
69.235000 3.386526 -1.522661 0.669281
69.240000 3.378913 -1.573459 0.669406
69.245000 3.371046 -1.624143 0.669531
69.250000 3.362925 -1.674708 0.669657
69.255000 3.354552 -1.725152 0.669782
69.260000 3.345926 -1.775471 0.669907
69.265000 3.337048 -1.825659 0.670032
69.270000 3.327920 -1.875715 0.670158
69.275000 3.318542 -1.925634 0.670283
69.280000 3.308913 -1.975412 0.670408
69.285000 3.299036 -2.025046 0.670533
69.290000 3.288911 -2.074531 0.670659
69.295000 3.278538 -2.123865 0.670784
69.300000 3.267919 -2.173043 0.670909
69.305000 3.257054 -2.222062 0.671035
69.310000 3.245944 -2.270918 0.671160
69.315000 3.234589 -2.319607 0.671285
69.320000 3.222991 -2.368126 0.671411
69.325000 3.211150 -2.416471 0.671536
69.330000 3.199068 -2.464638 0.671661
69.335000 3.186745 -2.512624 0.671787
69.340000 3.174182 -2.560425 0.671912
69.345000 3.161380 -2.608038 0.672037
69.350000 3.148339 -2.655458 0.672163
69.355000 3.135062 -2.702683 0.672288
69.360000 3.121549 -2.749709 0.672414
69.365000 3.107800 -2.796533 0.672539
69.370000 3.093817 -2.843150 0.672665
69.375000 3.079602 -2.889557 0.672790
69.380000 3.065154 -2.935751 0.672915
69.385000 3.050475 -2.981728 0.673041
69.390000 3.035567 -3.027485 0.673166
69.395000 3.020429 -3.073019 0.673292
69.400000 3.005064 -3.118325 0.673417
69.405000 2.989472 -3.163401 0.673543
69.410000 2.973655 -3.208243 0.673668
69.415000 2.957614 -3.252848 0.673794
69.420000 2.941350 -3.297212 0.673919
69.425000 2.924864 -3.341333 0.674045
69.430000 2.908157 -3.385206 0.674171
69.435000 2.891231 -3.428828 0.674296
69.440000 2.874087 -3.472196 0.674422
69.445000 2.856726 -3.515308 0.674547
69.450000 2.839150 -3.558159 0.674673
69.455000 2.821359 -3.600746 0.674798
69.460000 2.803355 -3.643066 0.674924
69.465000 2.785140 -3.685117 0.675050
69.470000 2.766714 -3.726894 0.675175
69.475000 2.748080 -3.768394 0.675301
69.480000 2.729238 -3.809616 0.675427
69.485000 2.710190 -3.850554 0.675552
69.490000 2.690937 -3.891207 0.675678
69.495000 2.671481 -3.931571 0.675804
69.500000 2.651823 -3.971643 0.675929
69.505000 2.631965 -4.011421 0.676055
69.510000 2.611908 -4.050900 0.676181
69.515000 2.591653 -4.090079 0.676306
69.520000 2.571203 -4.128953 0.676432
69.525000 2.550558 -4.167522 0.676558
69.530000 2.529720 -4.205780 0.676684
69.535000 2.508691 -4.243726 0.676809
69.540000 2.487473 -4.281356 0.676935
69.545000 2.466066 -4.318668 0.677061
69.550000 2.444473 -4.355659 0.677187
69.555000 2.422694 -4.392326 0.677312
69.560000 2.400733 -4.428667 0.677438
69.565000 2.378589 -4.464678 0.677564
69.570000 2.356266 -4.500356 0.677690
69.575000 2.333764 -4.535700 0.677816
69.580000 2.311086 -4.570707 0.677942
69.585000 2.288232 -4.605373 0.678067
69.590000 2.265205 -4.639697 0.678193
69.595000 2.242007 -4.673675 0.678319
69.600000 2.218638 -4.707305 0.678445
69.605000 2.195102 -4.740584 0.678571
69.610000 2.171399 -4.773511 0.678697
69.615000 2.147531 -4.806082 0.678823
69.620000 2.123501 -4.838295 0.678949
69.625000 2.099310 -4.870147 0.679074
69.630000 2.074959 -4.901637 0.679200
69.635000 2.050451 -4.932762 0.679326
69.640000 2.025787 -4.963518 0.679452
69.645000 2.000969 -4.993905 0.679578
69.650000 1.976000 -5.023920 0.679704
69.655000 1.950880 -5.053560 0.679830
69.660000 1.925612 -5.082823 0.679956
69.665000 1.900198 -5.111707 0.680082
69.670000 1.874640 -5.140210 0.680208
69.675000 1.848939 -5.168330 0.680334
69.680000 1.823097 -5.196064 0.680460
69.685000 1.797117 -5.223410 0.680586
69.690000 1.771000 -5.250367 0.680712
69.695000 1.744748 -5.276932 0.680838
69.700000 1.718363 -5.303103 0.680964
69.705000 1.691848 -5.328879 0.681091
69.710000 1.665203 -5.354256 0.681217
69.715000 1.638432 -5.379234 0.681343
69.720000 1.611536 -5.403811 0.681469
69.725000 1.584517 -5.427984 0.681595
69.730000 1.557377 -5.451752 0.681721
69.735000 1.530118 -5.475112 0.681847
69.740000 1.502742 -5.498064 0.681973
69.745000 1.475252 -5.520605 0.682099
69.750000 1.447649 -5.542734 0.682226
69.755000 1.419935 -5.564449 0.682352
69.760000 1.392113 -5.585748 0.682478
69.765000 1.364184 -5.606629 0.682604
69.770000 1.336151 -5.627092 0.682730
69.775000 1.308016 -5.647134 0.682857
69.780000 1.279780 -5.666755 0.682983
69.785000 1.251446 -5.685951 0.683109
69.790000 1.223017 -5.704723 0.683235
69.795000 1.194493 -5.723068 0.683361
69.800000 1.165878 -5.740986 0.683488
69.805000 1.137173 -5.758474 0.683614
69.810000 1.108380 -5.775531 0.683740
69.815000 1.079503 -5.792157 0.683866
69.820000 1.050542 -5.808350 0.683993
69.825000 1.021500 -5.824108 0.684119
69.830000 0.992380 -5.839430 0.684245
69.835000 0.963183 -5.854316 0.684372
69.840000 0.933911 -5.868764 0.684498
69.845000 0.904567 -5.882772 0.684624
69.850000 0.875153 -5.896341 0.684751
69.855000 0.845672 -5.909468 0.684877
69.860000 0.816124 -5.922153 0.685003
69.865000 0.786513 -5.934395 0.685130
69.870000 0.756841 -5.946193 0.685256
69.875000 0.727111 -5.957545 0.685383
69.880000 0.697323 -5.968452 0.685509
69.885000 0.667481 -5.978912 0.685635
69.890000 0.637586 -5.988924 0.685762
69.895000 0.607641 -5.998488 0.685888
69.900000 0.577649 -6.007603 0.686015
69.905000 0.547611 -6.016267 0.686141
69.910000 0.517530 -6.024481 0.686268
69.915000 0.487407 -6.032244 0.686394
69.920000 0.457246 -6.039556 0.686521
69.925000 0.427048 -6.046414 0.686647
69.930000 0.396816 -6.052820 0.686774
69.935000 0.366552 -6.058772 0.686900
69.940000 0.336258 -6.064270 0.687027
69.945000 0.305937 -6.069314 0.687153
69.950000 0.275590 -6.073903 0.687280
69.955000 0.245221 -6.078037 0.687406
69.960000 0.214831 -6.081716 0.687533
69.965000 0.184422 -6.084938 0.687659
69.970000 0.153997 -6.087704 0.687786
69.975000 0.123559 -6.090014 0.687912
69.980000 0.093109 -6.091868 0.688039
69.985000 0.062649 -6.093264 0.688166
69.990000 0.032183 -6.094204 0.688292
69.995000 0.001712 -6.094687 0.688419
70.000000 -0.028761 -6.094712 0.688546
70.005000 -0.059235 -6.094281 0.688672
70.010000 -0.089706 -6.093393 0.688799
70.015000 -0.120173 -6.092047 0.688925
70.020000 -0.150634 -6.090244 0.689052
70.025000 -0.181085 -6.087985 0.689179
70.030000 -0.211525 -6.085269 0.689306
70.035000 -0.241951 -6.082096 0.689432
70.040000 -0.272362 -6.078466 0.689559
70.045000 -0.302754 -6.074381 0.689686
70.050000 -0.333126 -6.069840 0.689812
70.055000 -0.363475 -6.064843 0.689939
70.060000 -0.393799 -6.059391 0.690066
70.065000 -0.424096 -6.053484 0.690193
70.070000 -0.454364 -6.047122 0.690319
70.075000 -0.484599 -6.040307 0.690446
70.080000 -0.514801 -6.033038 0.690573
70.085000 -0.544966 -6.025316 0.690700
70.090000 -0.575093 -6.017141 0.690827
70.095000 -0.605178 -6.008515 0.690953
70.100000 -0.635221 -5.999437 0.691080
70.105000 -0.665218 -5.989909 0.691207
70.110000 -0.695168 -5.979931 0.691334
70.115000 -0.725067 -5.969503 0.691461
70.120000 -0.754915 -5.958627 0.691588
70.125000 -0.784708 -5.947303 0.691714
70.130000 -0.814444 -5.935533 0.691841
70.135000 -0.844122 -5.923316 0.691968
70.140000 -0.873739 -5.910654 0.692095
70.145000 -0.903292 -5.897548 0.692222
70.150000 -0.932780 -5.883999 0.692349
70.155000 -0.962200 -5.870007 0.692476
70.160000 -0.991550 -5.855574 0.692603
70.165000 -1.020828 -5.840701 0.692730
70.170000 -1.050031 -5.825388 0.692857
70.175000 -1.079158 -5.809638 0.692984
70.180000 -1.108206 -5.793451 0.693111
70.185000 -1.137173 -5.776828 0.693238
70.190000 -1.166058 -5.759770 0.693365
70.195000 -1.194856 -5.742279 0.693492
70.200000 -1.223568 -5.724356 0.693619
70.205000 -1.252190 -5.706003 0.693746
70.210000 -1.280720 -5.687220 0.693873
70.215000 -1.309156 -5.668009 0.694000
70.220000 -1.337496 -5.648372 0.694127
70.225000 -1.365738 -5.628309 0.694254
70.230000 -1.393879 -5.607823 0.694381
70.235000 -1.421918 -5.586915 0.694508
70.240000 -1.449853 -5.565586 0.694635
70.245000 -1.477681 -5.543839 0.694762
70.250000 -1.505400 -5.521673 0.694889
70.255000 -1.533008 -5.499092 0.695016
70.260000 -1.560504 -5.476097 0.695143
70.265000 -1.587884 -5.452690 0.695271
70.270000 -1.615148 -5.428871 0.695398
70.275000 -1.642292 -5.404644 0.695525
70.280000 -1.669315 -5.380010 0.695652
70.285000 -1.696215 -5.354970 0.695779
70.290000 -1.722990 -5.329527 0.695906
70.295000 -1.749638 -5.303682 0.696034
70.300000 -1.776156 -5.277437 0.696161
70.305000 -1.802543 -5.250795 0.696288
70.310000 -1.828797 -5.223757 0.696415
70.315000 -1.854916 -5.196325 0.696542
70.320000 -1.880898 -5.168501 0.696670
70.325000 -1.906740 -5.140288 0.696797
70.330000 -1.932442 -5.111687 0.696924
70.335000 -1.958000 -5.082700 0.697052
70.340000 -1.983414 -5.053330 0.697179
70.345000 -2.008680 -5.023579 0.697306
70.350000 -2.033798 -4.993449 0.697433
70.355000 -2.058765 -4.962942 0.697561
70.360000 -2.083580 -4.932060 0.697688
70.365000 -2.108240 -4.900806 0.697815
70.370000 -2.132745 -4.869183 0.697943
70.375000 -2.157090 -4.837192 0.698070
70.380000 -2.181276 -4.804835 0.698197
70.385000 -2.205301 -4.772116 0.698325
70.390000 -2.229161 -4.739037 0.698452
70.395000 -2.252856 -4.705599 0.698579
70.400000 -2.276384 -4.671806 0.698707
70.405000 -2.299743 -4.637661 0.698834
70.410000 -2.322932 -4.603164 0.698962
70.415000 -2.345947 -4.568320 0.699089
70.420000 -2.368789 -4.533131 0.699217
70.425000 -2.391455 -4.497599 0.699344
70.430000 -2.413943 -4.461728 0.699471
70.435000 -2.436251 -4.425518 0.699599
70.440000 -2.458379 -4.388975 0.699726
70.445000 -2.480324 -4.352099 0.699854
70.450000 -2.502084 -4.314894 0.699981
70.455000 -2.523659 -4.277363 0.700109
70.460000 -2.545046 -4.239508 0.700236
70.465000 -2.566243 -4.201332 0.700364
70.470000 -2.587250 -4.162839 0.700491
70.475000 -2.608064 -4.124030 0.700619
70.480000 -2.628684 -4.084909 0.700746
70.485000 -2.649109 -4.045479 0.700874
70.490000 -2.669336 -4.005742 0.701002
70.495000 -2.689365 -3.965702 0.701129
70.500000 -2.709193 -3.925362 0.701257
70.505000 -2.728820 -3.884724 0.701384
70.510000 -2.748244 -3.843791 0.701512
70.515000 -2.767463 -3.802568 0.701640
70.520000 -2.786476 -3.761056 0.701767
70.525000 -2.805281 -3.719259 0.701895
70.530000 -2.823877 -3.677179 0.702022
70.535000 -2.842263 -3.634821 0.702150
70.540000 -2.860437 -3.592187 0.702278
70.545000 -2.878398 -3.549281 0.702405
70.550000 -2.896144 -3.506105 0.702533
70.555000 -2.913675 -3.462663 0.702661
70.560000 -2.930988 -3.418957 0.702789
70.565000 -2.948083 -3.374993 0.702916
70.570000 -2.964958 -3.330771 0.703044
70.575000 -2.981612 -3.286297 0.703172
70.580000 -2.998043 -3.241573 0.703299
70.585000 -3.014251 -3.196602 0.703427
70.590000 -3.030234 -3.151388 0.703555
70.595000 -3.045991 -3.105935 0.703683
70.600000 -3.061521 -3.060245 0.703810
70.605000 -3.076822 -3.014322 0.703938
70.610000 -3.091894 -2.968170 0.704066
70.615000 -3.106735 -2.921792 0.704194
70.620000 -3.121344 -2.875191 0.704322
70.625000 -3.135719 -2.828370 0.704449
70.630000 -3.149861 -2.781335 0.704577
70.635000 -3.163768 -2.734087 0.704705
70.640000 -3.177438 -2.686630 0.704833
70.645000 -3.190872 -2.638969 0.704961
70.650000 -3.204066 -2.591105 0.705089
70.655000 -3.217022 -2.543044 0.705217
70.660000 -3.229737 -2.494789 0.705345
70.665000 -3.242211 -2.446343 0.705472
70.670000 -3.254443 -2.397710 0.705600
70.675000 -3.266431 -2.348893 0.705728
70.680000 -3.278176 -2.299897 0.705856
70.685000 -3.289675 -2.250724 0.705984
70.690000 -3.300929 -2.201379 0.706112
70.695000 -3.311936 -2.151865 0.706240
70.700000 -3.322695 -2.102186 0.706368
70.705000 -3.333206 -2.052346 0.706496
70.710000 -3.343468 -2.002348 0.706624
70.715000 -3.353480 -1.952196 0.706752
70.720000 -3.363241 -1.901893 0.706880
70.725000 -3.372750 -1.851445 0.707008
70.730000 -3.382007 -1.800853 0.707136
70.735000 -3.391012 -1.750123 0.707264
70.740000 -3.399762 -1.699258 0.707392
70.745000 -3.408258 -1.648262 0.707520
70.750000 -3.416500 -1.597138 0.707648
70.755000 -3.424485 -1.545890 0.707776
70.760000 -3.432215 -1.494523 0.707904
70.765000 -3.439687 -1.443040 0.708032
70.770000 -3.446903 -1.391445 0.708161
70.775000 -3.453860 -1.339741 0.708289
70.780000 -3.460559 -1.287933 0.708417
70.785000 -3.466998 -1.236025 0.708545
70.790000 -3.473178 -1.184020 0.708673
70.795000 -3.479099 -1.131922 0.708801
70.800000 -3.484758 -1.079736 0.708929
70.805000 -3.490157 -1.027464 0.709058
70.810000 -3.495294 -0.975112 0.709186
70.815000 -3.500170 -0.922682 0.709314
70.820000 -3.504783 -0.870180 0.709442
70.825000 -3.509134 -0.817608 0.709570
70.830000 -3.513222 -0.764971 0.709699
70.835000 -3.517047 -0.712273 0.709827
70.840000 -3.520608 -0.659517 0.709955
70.845000 -3.523906 -0.606708 0.710083
70.850000 -3.526939 -0.553849 0.710212
70.855000 -3.529709 -0.500945 0.710340
70.860000 -3.532213 -0.448000 0.710468
70.865000 -3.534453 -0.395017 0.710596
70.870000 -3.536428 -0.342000 0.710725
70.875000 -3.538138 -0.288953 0.710853
70.880000 -3.539583 -0.235881 0.710981
70.885000 -3.540763 -0.182787 0.711110
70.890000 -3.541677 -0.129676 0.711238
70.895000 -3.542325 -0.076551 0.711366
70.900000 -3.542708 -0.023416 0.711495
70.905000 -3.542825 0.029725 0.711623
70.910000 -3.542676 0.082867 0.711751
70.915000 -3.542262 0.136007 0.711880
70.920000 -3.541582 0.189141 0.712008
70.925000 -3.540636 0.242265 0.712137
70.930000 -3.539425 0.295374 0.712265
70.935000 -3.537948 0.348466 0.712393
70.940000 -3.536206 0.401535 0.712522
70.945000 -3.534198 0.454578 0.712650
70.950000 -3.531925 0.507591 0.712779
70.955000 -3.529387 0.560570 0.712907
70.960000 -3.526584 0.613511 0.713036
70.965000 -3.523517 0.666409 0.713164
70.970000 -3.520185 0.719262 0.713293
70.975000 -3.516588 0.772065 0.713421
70.980000 -3.512728 0.824814 0.713550
70.985000 -3.508604 0.877505 0.713678
70.990000 -3.504216 0.930134 0.713807
70.995000 -3.499566 0.982697 0.713935
71.000000 -3.494652 1.035190 0.714064
71.005000 -3.489476 1.087610 0.714192
71.010000 -3.484038 1.139952 0.714321
71.015000 -3.478338 1.192213 0.714449
71.020000 -3.472377 1.244388 0.714578
71.025000 -3.466155 1.296474 0.714707
71.030000 -3.459673 1.348466 0.714835
71.035000 -3.452931 1.400361 0.714964
71.040000 -3.445929 1.452155 0.715092
71.045000 -3.438668 1.503844 0.715221
71.050000 -3.431149 1.555424 0.715350
71.055000 -3.423372 1.606891 0.715478
71.060000 -3.415337 1.658242 0.715607
71.065000 -3.407046 1.709472 0.715736
71.070000 -3.398499 1.760578 0.715864
71.075000 -3.389696 1.811555 0.715993
71.080000 -3.380638 1.862401 0.716122
71.085000 -3.371326 1.913110 0.716250
71.090000 -3.361761 1.963680 0.716379
71.095000 -3.351942 2.014106 0.716508
71.100000 -3.341872 2.064386 0.716637
71.105000 -3.331550 2.114514 0.716765
71.110000 -3.320977 2.164487 0.716894
71.115000 -3.310155 2.214301 0.717023
71.120000 -3.299083 2.263954 0.717152
71.125000 -3.287763 2.313440 0.717280
71.130000 -3.276196 2.362757 0.717409
71.135000 -3.264382 2.411899 0.717538
71.140000 -3.252323 2.460865 0.717667
71.145000 -3.240019 2.509650 0.717796
71.150000 -3.227470 2.558250 0.717925
71.155000 -3.214679 2.606662 0.718053
71.160000 -3.201646 2.654883 0.718182
71.165000 -3.188371 2.702907 0.718311
71.170000 -3.174857 2.750733 0.718440
71.175000 -3.161103 2.798356 0.718569
71.180000 -3.147111 2.845772 0.718698
71.185000 -3.132883 2.892979 0.718827
71.190000 -3.118418 2.939972 0.718956
71.195000 -3.103718 2.986748 0.719084
71.200000 -3.088784 3.033304 0.719213
71.205000 -3.073618 3.079636 0.719342
71.210000 -3.058219 3.125740 0.719471
71.215000 -3.042591 3.171613 0.719600
71.220000 -3.026733 3.217252 0.719729
71.225000 -3.010646 3.262653 0.719858
71.230000 -2.994333 3.307813 0.719987
71.235000 -2.977794 3.352728 0.720116
71.240000 -2.961030 3.397395 0.720245
71.245000 -2.944043 3.441810 0.720374
71.250000 -2.926834 3.485971 0.720503
71.255000 -2.909404 3.529874 0.720632
71.260000 -2.891755 3.573515 0.720761
71.265000 -2.873888 3.616891 0.720890
71.270000 -2.855803 3.659999 0.721019
71.275000 -2.837503 3.702836 0.721149
71.280000 -2.818989 3.745399 0.721278
71.285000 -2.800262 3.787684 0.721407
71.290000 -2.781323 3.829688 0.721536
71.295000 -2.762175 3.871407 0.721665
71.300000 -2.742818 3.912840 0.721794
71.305000 -2.723254 3.953982 0.721923
71.310000 -2.703484 3.994831 0.722052
71.315000 -2.683510 4.035383 0.722181
71.320000 -2.663333 4.075636 0.722311
71.325000 -2.642955 4.115586 0.722440
71.330000 -2.622377 4.155230 0.722569
71.335000 -2.601601 4.194566 0.722698
71.340000 -2.580628 4.233590 0.722827
71.345000 -2.559460 4.272299 0.722957
71.350000 -2.538098 4.310691 0.723086
71.355000 -2.516545 4.348763 0.723215
71.360000 -2.494801 4.386511 0.723344
71.365000 -2.472868 4.423933 0.723474
71.370000 -2.450749 4.461026 0.723603
71.375000 -2.428444 4.497787 0.723732
71.380000 -2.405955 4.534214 0.723861
71.385000 -2.383284 4.570303 0.723991
71.390000 -2.360432 4.606052 0.724120
71.395000 -2.337402 4.641459 0.724249
71.400000 -2.314195 4.676520 0.724379
71.405000 -2.290812 4.711233 0.724508
71.410000 -2.267256 4.745595 0.724637
71.415000 -2.243528 4.779604 0.724767
71.420000 -2.219630 4.813257 0.724896
71.425000 -2.195564 4.846551 0.725025
71.430000 -2.171331 4.879485 0.725155
71.435000 -2.146933 4.912055 0.725284
71.440000 -2.122373 4.944259 0.725413
71.445000 -2.097652 4.976094 0.725543
71.450000 -2.072771 5.007559 0.725672
71.455000 -2.047734 5.038651 0.725802
71.460000 -2.022540 5.069367 0.725931
71.465000 -1.997193 5.099705 0.726061
71.470000 -1.971695 5.129663 0.726190
71.475000 -1.946047 5.159238 0.726320
71.480000 -1.920250 5.188429 0.726449
71.485000 -1.894308 5.217233 0.726578
71.490000 -1.868222 5.245647 0.726708
71.495000 -1.841994 5.273670 0.726837
71.500000 -1.815626 5.301300 0.726967
71.505000 -1.789119 5.328535 0.727097
71.510000 -1.762476 5.355372 0.727226
71.515000 -1.735699 5.381809 0.727356
71.520000 -1.708790 5.407844 0.727485
71.525000 -1.681751 5.433476 0.727615
71.530000 -1.654584 5.458702 0.727744
71.535000 -1.627290 5.483521 0.727874
71.540000 -1.599873 5.507930 0.728003
71.545000 -1.572333 5.531929 0.728133
71.550000 -1.544673 5.555514 0.728263
71.555000 -1.516896 5.578684 0.728392
71.560000 -1.489002 5.601437 0.728522
71.565000 -1.460995 5.623772 0.728652
71.570000 -1.432876 5.645687 0.728781
71.575000 -1.404648 5.667180 0.728911
71.580000 -1.376312 5.688250 0.729041
71.585000 -1.347871 5.708895 0.729170
71.590000 -1.319326 5.729113 0.729300
71.595000 -1.290681 5.748903 0.729430
71.600000 -1.261936 5.768263 0.729559
71.605000 -1.233095 5.787192 0.729689
71.610000 -1.204159 5.805688 0.729819
71.615000 -1.175131 5.823751 0.729948
71.620000 -1.146012 5.841378 0.730078
71.625000 -1.116805 5.858568 0.730208
71.630000 -1.087512 5.875320 0.730338
71.635000 -1.058135 5.891632 0.730468
71.640000 -1.028677 5.907505 0.730597
71.645000 -0.999140 5.922935 0.730727
71.650000 -0.969525 5.937922 0.730857
71.655000 -0.939835 5.952465 0.730987
71.660000 -0.910073 5.966562 0.731117
71.665000 -0.880240 5.980213 0.731246
71.670000 -0.850339 5.993417 0.731376
71.675000 -0.820372 6.006172 0.731506
71.680000 -0.790341 6.018478 0.731636
71.685000 -0.760249 6.030333 0.731766
71.690000 -0.730097 6.041736 0.731896
71.695000 -0.699889 6.052688 0.732026
71.700000 -0.669625 6.063186 0.732155
71.705000 -0.639309 6.073231 0.732285
71.710000 -0.608943 6.082820 0.732415
71.715000 -0.578529 6.091954 0.732545
71.720000 -0.548069 6.100632 0.732675
71.725000 -0.517566 6.108853 0.732805
71.730000 -0.487022 6.116617 0.732935
71.735000 -0.456439 6.123922 0.733065
71.740000 -0.425819 6.130769 0.733195
71.745000 -0.395165 6.137156 0.733325
71.750000 -0.364479 6.143084 0.733455
71.755000 -0.333764 6.148551 0.733585
71.760000 -0.303021 6.153557 0.733715
71.765000 -0.272254 6.158102 0.733845
71.770000 -0.241463 6.162186 0.733975
71.775000 -0.210652 6.165808 0.734105
71.780000 -0.179823 6.168968 0.734235
71.785000 -0.148978 6.171665 0.734365
71.790000 -0.118120 6.173900 0.734495
71.795000 -0.087250 6.175672 0.734625
71.800000 -0.056372 6.176981 0.734756
71.805000 -0.025487 6.177826 0.734886
71.810000 0.005402 6.178208 0.735016
71.815000 0.036293 6.178127 0.735146
71.820000 0.067184 6.177583 0.735276
71.825000 0.098072 6.176575 0.735406
71.830000 0.128954 6.175104 0.735536
71.835000 0.159830 6.173170 0.735667
71.840000 0.190696 6.170772 0.735797
71.845000 0.221550 6.167912 0.735927
71.850000 0.252389 6.164589 0.736057
71.855000 0.283212 6.160803 0.736187
71.860000 0.314016 6.156555 0.736317
71.865000 0.344799 6.151844 0.736448
71.870000 0.375558 6.146673 0.736578
71.875000 0.406292 6.141039 0.736708
71.880000 0.436997 6.134945 0.736838
71.885000 0.467672 6.128390 0.736969
71.890000 0.498313 6.121375 0.737099
71.895000 0.528920 6.113900 0.737229
71.900000 0.559490 6.105966 0.737360
71.905000 0.590020 6.097574 0.737490
71.910000 0.620508 6.088724 0.737620
71.915000 0.650951 6.079416 0.737750
71.920000 0.681348 6.069652 0.737881
71.925000 0.711697 6.059431 0.738011
71.930000 0.741994 6.048756 0.738142
71.935000 0.772237 6.037626 0.738272
71.940000 0.802426 6.026043 0.738402
71.945000 0.832556 6.014006 0.738533
71.950000 0.862626 6.001518 0.738663
71.955000 0.892633 5.988578 0.738793
71.960000 0.922576 5.975189 0.738924
71.965000 0.952452 5.961350 0.739054
71.970000 0.982259 5.947064 0.739185
71.975000 1.011994 5.932330 0.739315
71.980000 1.041656 5.917150 0.739446
71.985000 1.071242 5.901525 0.739576
71.990000 1.100749 5.885456 0.739706
71.995000 1.130177 5.868945 0.739837
72.000000 1.159521 5.851992 0.739967
72.005000 1.188781 5.834600 0.740098
72.010000 1.217954 5.816768 0.740228
72.015000 1.247038 5.798499 0.740359
72.020000 1.276031 5.779793 0.740489
72.025000 1.304930 5.760652 0.740620
72.030000 1.333733 5.741079 0.740751
72.035000 1.362438 5.721073 0.740881
72.040000 1.391044 5.700636 0.741012
72.045000 1.419547 5.679770 0.741142
72.050000 1.447946 5.658477 0.741273
72.055000 1.476238 5.636758 0.741403
72.060000 1.504422 5.614614 0.741534
72.065000 1.532495 5.592048 0.741665
72.070000 1.560455 5.569061 0.741795
72.075000 1.588300 5.545654 0.741926
72.080000 1.616029 5.521829 0.742057
72.085000 1.643638 5.497589 0.742187
72.090000 1.671126 5.472934 0.742318
72.095000 1.698490 5.447867 0.742449
72.100000 1.725730 5.422390 0.742579
72.105000 1.752842 5.396504 0.742710
72.110000 1.779824 5.370211 0.742841
72.115000 1.806675 5.343514 0.742971
72.120000 1.833393 5.316414 0.743102
72.125000 1.859975 5.288913 0.743233
72.130000 1.886420 5.261013 0.743364
72.135000 1.912725 5.232717 0.743494
72.140000 1.938888 5.204026 0.743625
72.145000 1.964908 5.174943 0.743756
72.150000 1.990783 5.145469 0.743887
72.155000 2.016510 5.115608 0.744017
72.160000 2.042088 5.085360 0.744148
72.165000 2.067515 5.054729 0.744279
72.170000 2.092789 5.023716 0.744410
72.175000 2.117907 4.992324 0.744541
72.180000 2.142869 4.960555 0.744672
72.185000 2.167672 4.928412 0.744802
72.190000 2.192314 4.895897 0.744933
72.195000 2.216793 4.863013 0.745064
72.200000 2.241108 4.829761 0.745195
72.205000 2.265257 4.796144 0.745326
72.210000 2.289238 4.762165 0.745457
72.215000 2.313049 4.727827 0.745588
72.220000 2.336688 4.693131 0.745719
72.225000 2.360154 4.658081 0.745850
72.230000 2.383444 4.622678 0.745980
72.235000 2.406557 4.586927 0.746111
72.240000 2.429492 4.550828 0.746242
72.245000 2.452246 4.514386 0.746373
72.250000 2.474818 4.477602 0.746504
72.255000 2.497206 4.440480 0.746635
72.260000 2.519409 4.403022 0.746766
72.265000 2.541424 4.365231 0.746897
72.270000 2.563250 4.327109 0.747028
72.275000 2.584885 4.288661 0.747159
72.280000 2.606329 4.249887 0.747290
72.285000 2.627578 4.210792 0.747421
72.290000 2.648632 4.171379 0.747553
72.295000 2.669489 4.131649 0.747684
72.300000 2.690147 4.091607 0.747815
72.305000 2.710605 4.051255 0.747946
72.310000 2.730861 4.010596 0.748077
72.315000 2.750914 3.969633 0.748208
72.320000 2.770763 3.928369 0.748339
72.325000 2.790404 3.886808 0.748470
72.330000 2.809838 3.844951 0.748601
72.335000 2.829063 3.802804 0.748732
72.340000 2.848077 3.760368 0.748864
72.345000 2.866879 3.717647 0.748995
72.350000 2.885467 3.674644 0.749126
72.355000 2.903841 3.631362 0.749257
72.360000 2.921997 3.587804 0.749388
72.365000 2.939936 3.543974 0.749520
72.370000 2.957656 3.499875 0.749651
72.375000 2.975156 3.455510 0.749782
72.380000 2.992433 3.410883 0.749913
72.385000 3.009488 3.365996 0.750044
72.390000 3.026318 3.320854 0.750176
72.395000 3.042922 3.275459 0.750307
72.400000 3.059299 3.229815 0.750438
72.405000 3.075448 3.183926 0.750570
72.410000 3.091368 3.137794 0.750701
72.415000 3.107057 3.091424 0.750832
72.420000 3.122514 3.044818 0.750963
72.425000 3.137738 2.997980 0.751095
72.430000 3.152728 2.950914 0.751226
72.435000 3.167482 2.903623 0.751357
72.440000 3.182001 2.856111 0.751489
72.445000 3.196281 2.808381 0.751620
72.450000 3.210323 2.760437 0.751752
72.455000 3.224125 2.712282 0.751883
72.460000 3.237687 2.663920 0.752014
72.465000 3.251006 2.615355 0.752146
72.470000 3.264083 2.566590 0.752277
72.475000 3.276916 2.517628 0.752409
72.480000 3.289504 2.468475 0.752540
72.485000 3.301847 2.419132 0.752671
72.490000 3.313942 2.369604 0.752803
72.495000 3.325790 2.319895 0.752934
72.500000 3.337390 2.270008 0.753066
72.505000 3.348740 2.219947 0.753197
72.510000 3.359839 2.169716 0.753329
72.515000 3.370688 2.119319 0.753460
72.520000 3.381285 2.068758 0.753592
72.525000 3.391628 2.018039 0.753723
72.530000 3.401719 1.967165 0.753855
72.535000 3.411554 1.916139 0.753986
72.540000 3.421135 1.864966 0.754118
72.545000 3.430460 1.813649 0.754249
72.550000 3.439528 1.762192 0.754381
72.555000 3.448339 1.710599 0.754513
72.560000 3.456892 1.658874 0.754644
72.565000 3.465187 1.607020 0.754776
72.570000 3.473222 1.555043 0.754907
72.575000 3.480997 1.502944 0.755039
72.580000 3.488512 1.450729 0.755171
72.585000 3.495765 1.398402 0.755302
72.590000 3.502757 1.345965 0.755434
72.595000 3.509487 1.293424 0.755566
72.600000 3.515954 1.240781 0.755697
72.605000 3.522158 1.188042 0.755829
72.610000 3.528098 1.135210 0.755961
72.615000 3.533774 1.082288 0.756092
72.620000 3.539186 1.029282 0.756224
72.625000 3.544332 0.976194 0.756356
72.630000 3.549213 0.923029 0.756487
72.635000 3.553828 0.869791 0.756619
72.640000 3.558177 0.816483 0.756751
72.645000 3.562260 0.763111 0.756883
72.650000 3.566075 0.709677 0.757014
72.655000 3.569624 0.656186 0.757146
72.660000 3.572905 0.602641 0.757278
72.665000 3.575918 0.549048 0.757410
72.670000 3.578663 0.495409 0.757542
72.675000 3.581140 0.441729 0.757673
72.680000 3.583349 0.388012 0.757805
72.685000 3.585289 0.334262 0.757937
72.690000 3.586960 0.280482 0.758069
72.695000 3.588362 0.226678 0.758201
72.700000 3.589496 0.172853 0.758333
72.705000 3.590360 0.119010 0.758465
72.710000 3.590955 0.065155 0.758596
72.715000 3.591281 0.011290 0.758728
72.720000 3.591337 -0.042579 0.758860
72.725000 3.591124 -0.096449 0.758992
72.730000 3.590642 -0.150316 0.759124
72.735000 3.589891 -0.204175 0.759256
72.740000 3.588870 -0.258024 0.759388
72.745000 3.587580 -0.311857 0.759520
72.750000 3.586020 -0.365671 0.759652
72.755000 3.584192 -0.419461 0.759784
72.760000 3.582095 -0.473224 0.759916
72.765000 3.579729 -0.526955 0.760048
72.770000 3.577094 -0.580651 0.760180
72.775000 3.574191 -0.634307 0.760312
72.780000 3.571019 -0.687920 0.760444
72.785000 3.567579 -0.741486 0.760576
72.790000 3.563872 -0.794999 0.760708
72.795000 3.559897 -0.848457 0.760840
72.800000 3.555655 -0.901856 0.760972
72.805000 3.551145 -0.955191 0.761104
72.810000 3.546369 -1.008458 0.761236
72.815000 3.541327 -1.061653 0.761368
72.820000 3.536019 -1.114773 0.761500
72.825000 3.530445 -1.167814 0.761633
72.830000 3.524606 -1.220770 0.761765
72.835000 3.518502 -1.273639 0.761897
72.840000 3.512134 -1.326417 0.762029
72.845000 3.505502 -1.379099 0.762161
72.850000 3.498606 -1.431681 0.762293
72.855000 3.491448 -1.484161 0.762425
72.860000 3.484027 -1.536532 0.762558
72.865000 3.476344 -1.588793 0.762690
72.870000 3.468401 -1.640938 0.762822
72.875000 3.460196 -1.692964 0.762954
72.880000 3.451731 -1.744867 0.763086
72.885000 3.443007 -1.796643 0.763219
72.890000 3.434023 -1.848288 0.763351
72.895000 3.424782 -1.899798 0.763483
72.900000 3.415283 -1.951170 0.763615
72.905000 3.405527 -2.002399 0.763748
72.910000 3.395515 -2.053482 0.763880
72.915000 3.385248 -2.104415 0.764012
72.920000 3.374726 -2.155193 0.764145
72.925000 3.363950 -2.205814 0.764277
72.930000 3.352921 -2.256274 0.764409
72.935000 3.341639 -2.306567 0.764541
72.940000 3.330106 -2.356692 0.764674
72.945000 3.318323 -2.406644 0.764806
72.950000 3.306290 -2.456418 0.764939
72.955000 3.294008 -2.506013 0.765071
72.960000 3.281478 -2.555423 0.765203
72.965000 3.268701 -2.604645 0.765336
72.970000 3.255677 -2.653676 0.765468
72.975000 3.242409 -2.702511 0.765600
72.980000 3.228896 -2.751147 0.765733
72.985000 3.215141 -2.799580 0.765865
72.990000 3.201143 -2.847807 0.765998
72.995000 3.186904 -2.895825 0.766130
73.000000 3.172425 -2.943628 0.766263
73.005000 3.157706 -2.991215 0.766395
73.010000 3.142750 -3.038580 0.766528
73.015000 3.127557 -3.085721 0.766660
73.020000 3.112129 -3.132635 0.766793
73.025000 3.096466 -3.179317 0.766925
73.030000 3.080569 -3.225764 0.767058
73.035000 3.064440 -3.271972 0.767190
73.040000 3.048080 -3.317939 0.767323
73.045000 3.031491 -3.363660 0.767455
73.050000 3.014672 -3.409132 0.767588
73.055000 2.997627 -3.454352 0.767720
73.060000 2.980355 -3.499317 0.767853
73.065000 2.962858 -3.544022 0.767986
73.070000 2.945138 -3.588465 0.768118
73.075000 2.927196 -3.632642 0.768251
73.080000 2.909033 -3.676550 0.768383
73.085000 2.890650 -3.720186 0.768516
73.090000 2.872049 -3.763545 0.768649
73.095000 2.853231 -3.806626 0.768781
73.100000 2.834198 -3.849425 0.768914
73.105000 2.814951 -3.891937 0.769047
73.110000 2.795491 -3.934162 0.769179
73.115000 2.775821 -3.976094 0.769312
73.120000 2.755940 -4.017731 0.769445
73.125000 2.735851 -4.059071 0.769577
73.130000 2.715556 -4.100108 0.769710
73.135000 2.695056 -4.140842 0.769843
73.140000 2.674351 -4.181267 0.769976
73.145000 2.653445 -4.221383 0.770108
73.150000 2.632338 -4.261184 0.770241
73.155000 2.611032 -4.300669 0.770374
73.160000 2.589529 -4.339835 0.770507
73.165000 2.567830 -4.378678 0.770639
73.170000 2.545936 -4.417195 0.770772
73.175000 2.523850 -4.455384 0.770905
73.180000 2.501573 -4.493242 0.771038
73.185000 2.479107 -4.530766 0.771171
73.190000 2.456453 -4.567952 0.771304
73.195000 2.433614 -4.604799 0.771436
73.200000 2.410590 -4.641303 0.771569
73.205000 2.387383 -4.677462 0.771702
73.210000 2.363996 -4.713273 0.771835
73.215000 2.340429 -4.748733 0.771968
73.220000 2.316686 -4.783839 0.772101
73.225000 2.292767 -4.818590 0.772234
73.230000 2.268674 -4.852981 0.772367
73.235000 2.244409 -4.887011 0.772500
73.240000 2.219974 -4.920677 0.772632
73.245000 2.195370 -4.953977 0.772765
73.250000 2.170600 -4.986908 0.772898
73.255000 2.145666 -5.019467 0.773031
73.260000 2.120568 -5.051651 0.773164
73.265000 2.095310 -5.083460 0.773297
73.270000 2.069893 -5.114890 0.773430
73.275000 2.044318 -5.145938 0.773563
73.280000 2.018589 -5.176603 0.773696
73.285000 1.992706 -5.206882 0.773829
73.290000 1.966671 -5.236772 0.773962
73.295000 1.940488 -5.266272 0.774095
73.300000 1.914156 -5.295380 0.774228
73.305000 1.887679 -5.324092 0.774362
73.310000 1.861059 -5.352407 0.774495
73.315000 1.834297 -5.380323 0.774628
73.320000 1.807395 -5.407838 0.774761
73.325000 1.780356 -5.434948 0.774894
73.330000 1.753181 -5.461654 0.775027
73.335000 1.725873 -5.487951 0.775160
73.340000 1.698433 -5.513840 0.775293
73.345000 1.670864 -5.539316 0.775426
73.350000 1.643167 -5.564379 0.775560
73.355000 1.615346 -5.589027 0.775693
73.360000 1.587400 -5.613257 0.775826
73.365000 1.559334 -5.637068 0.775959
73.370000 1.531149 -5.660458 0.776092
73.375000 1.502846 -5.683425 0.776226
73.380000 1.474429 -5.705968 0.776359
73.385000 1.445899 -5.728084 0.776492
73.390000 1.417259 -5.749773 0.776625
73.395000 1.388510 -5.771032 0.776758
73.400000 1.359655 -5.791859 0.776892
73.405000 1.330696 -5.812254 0.777025
73.410000 1.301634 -5.832214 0.777158
73.415000 1.272473 -5.851739 0.777292
73.420000 1.243215 -5.870826 0.777425
73.425000 1.213861 -5.889474 0.777558
73.430000 1.184413 -5.907682 0.777691
73.435000 1.154875 -5.925448 0.777825
73.440000 1.125248 -5.942771 0.777958
73.445000 1.095534 -5.959650 0.778091
73.450000 1.065735 -5.976083 0.778225
73.455000 1.035855 -5.992069 0.778358
73.460000 1.005895 -6.007607 0.778492
73.465000 0.975857 -6.022695 0.778625
73.470000 0.945743 -6.037333 0.778758
73.475000 0.915557 -6.051519 0.778892
73.480000 0.885299 -6.065253 0.779025
73.485000 0.854973 -6.078532 0.779159
73.490000 0.824580 -6.091357 0.779292
73.495000 0.794123 -6.103726 0.779426
73.500000 0.763605 -6.115637 0.779559
73.505000 0.733026 -6.127092 0.779692
73.510000 0.702391 -6.138087 0.779826
73.515000 0.671700 -6.148623 0.779959
73.520000 0.640957 -6.158698 0.780093
73.525000 0.610164 -6.168313 0.780226
73.530000 0.579322 -6.177465 0.780360
73.535000 0.548435 -6.186155 0.780493
73.540000 0.517504 -6.194381 0.780627
73.545000 0.486532 -6.202144 0.780761
73.550000 0.455522 -6.209442 0.780894
73.555000 0.424474 -6.216275 0.781028
73.560000 0.393393 -6.222642 0.781161
73.565000 0.362280 -6.228543 0.781295
73.570000 0.331137 -6.233977 0.781428
73.575000 0.299967 -6.238944 0.781562
73.580000 0.268772 -6.243444 0.781696
73.585000 0.237555 -6.247475 0.781829
73.590000 0.206318 -6.251039 0.781963
73.595000 0.175063 -6.254133 0.782097
73.600000 0.143792 -6.256759 0.782230
73.605000 0.112508 -6.258916 0.782364
73.610000 0.081214 -6.260604 0.782498
73.615000 0.049911 -6.261822 0.782631
73.620000 0.018602 -6.262571 0.782765
73.625000 -0.012711 -6.262850 0.782899
73.630000 -0.044026 -6.262659 0.783032
73.635000 -0.075339 -6.261999 0.783166
73.640000 -0.106649 -6.260868 0.783300
73.645000 -0.137953 -6.259269 0.783434
73.650000 -0.169250 -6.257199 0.783567
73.655000 -0.200536 -6.254661 0.783701
73.660000 -0.231809 -6.251653 0.783835
73.665000 -0.263067 -6.248176 0.783969
73.670000 -0.294308 -6.244230 0.784102
73.675000 -0.325529 -6.239815 0.784236
73.680000 -0.356728 -6.234932 0.784370
73.685000 -0.387903 -6.229581 0.784504
73.690000 -0.419051 -6.223763 0.784638
73.695000 -0.450170 -6.217477 0.784772
73.700000 -0.481257 -6.210724 0.784905
73.705000 -0.512311 -6.203505 0.785039
73.710000 -0.543328 -6.195821 0.785173
73.715000 -0.574307 -6.187671 0.785307
73.720000 -0.605246 -6.179056 0.785441
73.725000 -0.636141 -6.169977 0.785575
73.730000 -0.666991 -6.160435 0.785709
73.735000 -0.697793 -6.150431 0.785843
73.740000 -0.728545 -6.139964 0.785977
73.745000 -0.759245 -6.129035 0.786111
73.750000 -0.789890 -6.117647 0.786245
73.755000 -0.820478 -6.105798 0.786379
73.760000 -0.851007 -6.093491 0.786513
73.765000 -0.881475 -6.080726 0.786647
73.770000 -0.911878 -6.067504 0.786781
73.775000 -0.942216 -6.053826 0.786915
73.780000 -0.972485 -6.039693 0.787049
73.785000 -1.002683 -6.025105 0.787183
73.790000 -1.032809 -6.010065 0.787317
73.795000 -1.062859 -5.994573 0.787451
73.800000 -1.092832 -5.978630 0.787585
73.805000 -1.122725 -5.962238 0.787719
73.810000 -1.152537 -5.945397 0.787853
73.815000 -1.182264 -5.928109 0.787987
73.820000 -1.211904 -5.910375 0.788121
73.825000 -1.241456 -5.892196 0.788255
73.830000 -1.270917 -5.873574 0.788389
73.835000 -1.300285 -5.854511 0.788523
73.840000 -1.329557 -5.835006 0.788658
73.845000 -1.358732 -5.815063 0.788792
73.850000 -1.387808 -5.794682 0.788926
73.855000 -1.416781 -5.773865 0.789060
73.860000 -1.445650 -5.752613 0.789194
73.865000 -1.474413 -5.730928 0.789328
73.870000 -1.503068 -5.708812 0.789463
73.875000 -1.531612 -5.686266 0.789597
73.880000 -1.560044 -5.663292 0.789731
73.885000 -1.588360 -5.639891 0.789865
73.890000 -1.616559 -5.616066 0.790000
73.895000 -1.644640 -5.591817 0.790134
73.900000 -1.672599 -5.567148 0.790268
73.905000 -1.700435 -5.542059 0.790402
73.910000 -1.728145 -5.516552 0.790537
73.915000 -1.755728 -5.490630 0.790671
73.920000 -1.783181 -5.464294 0.790805
73.925000 -1.810502 -5.437547 0.790939
73.930000 -1.837690 -5.410389 0.791074
73.935000 -1.864742 -5.382824 0.791208
73.940000 -1.891656 -5.354853 0.791342
73.945000 -1.918430 -5.326478 0.791477
73.950000 -1.945063 -5.297701 0.791611
73.955000 -1.971551 -5.268525 0.791746
73.960000 -1.997894 -5.238952 0.791880
73.965000 -2.024089 -5.208984 0.792014
73.970000 -2.050134 -5.178622 0.792149
73.975000 -2.076027 -5.147870 0.792283
73.980000 -2.101766 -5.116730 0.792418
73.985000 -2.127350 -5.085203 0.792552
73.990000 -2.152776 -5.053293 0.792686
73.995000 -2.178042 -5.021002 0.792821
74.000000 -2.203147 -4.988331 0.792955
74.005000 -2.228089 -4.955284 0.793090
74.010000 -2.252865 -4.921862 0.793224
74.015000 -2.277475 -4.888069 0.793359
74.020000 -2.301915 -4.853907 0.793493
74.025000 -2.326184 -4.819379 0.793628
74.030000 -2.350281 -4.784486 0.793762
74.035000 -2.374204 -4.749232 0.793897
74.040000 -2.397950 -4.713619 0.794031
74.045000 -2.421518 -4.677649 0.794166
74.050000 -2.444906 -4.641326 0.794301
74.055000 -2.468113 -4.604653 0.794435
74.060000 -2.491136 -4.567631 0.794570
74.065000 -2.513974 -4.530264 0.794704
74.070000 -2.536626 -4.492555 0.794839
74.075000 -2.559088 -4.454505 0.794973
74.080000 -2.581361 -4.416119 0.795108
74.085000 -2.603441 -4.377398 0.795243
74.090000 -2.625328 -4.338347 0.795377
74.095000 -2.647020 -4.298967 0.795512
74.100000 -2.668515 -4.259262 0.795647
74.105000 -2.689811 -4.219234 0.795781
74.110000 -2.710908 -4.178887 0.795916
74.115000 -2.731802 -4.138223 0.796051
74.120000 -2.752493 -4.097246 0.796185
74.125000 -2.772979 -4.055959 0.796320
74.130000 -2.793259 -4.014364 0.796455
74.135000 -2.813331 -3.972465 0.796590
74.140000 -2.833193 -3.930265 0.796724
74.145000 -2.852845 -3.887767 0.796859
74.150000 -2.872283 -3.844975 0.796994
74.155000 -2.891508 -3.801890 0.797129
74.160000 -2.910518 -3.758518 0.797263
74.165000 -2.929310 -3.714860 0.797398
74.170000 -2.947885 -3.670920 0.797533
74.175000 -2.966239 -3.626702 0.797668
74.180000 -2.984373 -3.582208 0.797803
74.185000 -3.002284 -3.537443 0.797938
74.190000 -3.019971 -3.492409 0.798072
74.195000 -3.037433 -3.447109 0.798207
74.200000 -3.054669 -3.401547 0.798342
74.205000 -3.071676 -3.355727 0.798477
74.210000 -3.088455 -3.309652 0.798612
74.215000 -3.105003 -3.263325 0.798747
74.220000 -3.121320 -3.216750 0.798882
74.225000 -3.137404 -3.169931 0.799017
74.230000 -3.153253 -3.122870 0.799151
74.235000 -3.168868 -3.075571 0.799286
74.240000 -3.184245 -3.028038 0.799421
74.245000 -3.199386 -2.980274 0.799556
74.250000 -3.214287 -2.932283 0.799691
74.255000 -3.228948 -2.884069 0.799826
74.260000 -3.243369 -2.835635 0.799961
74.265000 -3.257547 -2.786984 0.800096
74.270000 -3.271482 -2.738121 0.800231
74.275000 -3.285172 -2.689049 0.800366
74.280000 -3.298618 -2.639771 0.800501
74.285000 -3.311817 -2.590292 0.800636
74.290000 -3.324768 -2.540615 0.800771
74.295000 -3.337471 -2.490743 0.800906
74.300000 -3.349925 -2.440681 0.801042
74.305000 -3.362128 -2.390432 0.801177
74.310000 -3.374080 -2.340000 0.801312
74.315000 -3.385780 -2.289389 0.801447
74.320000 -3.397227 -2.238602 0.801582
74.325000 -3.408420 -2.187644 0.801717
74.330000 -3.419359 -2.136518 0.801852
74.335000 -3.430041 -2.085227 0.801987
74.340000 -3.440467 -2.033777 0.802122
74.345000 -3.450636 -1.982170 0.802258
74.350000 -3.460547 -1.930410 0.802393
74.355000 -3.470199 -1.878502 0.802528
74.360000 -3.479592 -1.826449 0.802663
74.365000 -3.488724 -1.774255 0.802798
74.370000 -3.497595 -1.721924 0.802934
74.375000 -3.506205 -1.669460 0.803069
74.380000 -3.514552 -1.616867 0.803204
74.385000 -3.522636 -1.564149 0.803339
74.390000 -3.530457 -1.511309 0.803474
74.395000 -3.538014 -1.458353 0.803610
74.400000 -3.545305 -1.405282 0.803745
74.405000 -3.552332 -1.352103 0.803880
74.410000 -3.559092 -1.298818 0.804016
74.415000 -3.565586 -1.245431 0.804151
74.420000 -3.571814 -1.191948 0.804286
74.425000 -3.577773 -1.138370 0.804422
74.430000 -3.583465 -1.084704 0.804557
74.435000 -3.588889 -1.030952 0.804692
74.440000 -3.594043 -0.977118 0.804828
74.445000 -3.598929 -0.923208 0.804963
74.450000 -3.603545 -0.869224 0.805098
74.455000 -3.607891 -0.815171 0.805234
74.460000 -3.611967 -0.761052 0.805369
74.465000 -3.615772 -0.706873 0.805504
74.470000 -3.619307 -0.652636 0.805640
74.475000 -3.622570 -0.598347 0.805775
74.480000 -3.625562 -0.544008 0.805911
74.485000 -3.628282 -0.489625 0.806046
74.490000 -3.630730 -0.435200 0.806182
74.495000 -3.632906 -0.380740 0.806317
74.500000 -3.634809 -0.326246 0.806453
74.505000 -3.636441 -0.271724 0.806588
74.510000 -3.637799 -0.217177 0.806724
74.515000 -3.638885 -0.162610 0.806859
74.520000 -3.639698 -0.108027 0.806995
74.525000 -3.640238 -0.053431 0.807130
74.530000 -3.640506 0.001172 0.807266
74.535000 -3.640500 0.055780 0.807401
74.540000 -3.640221 0.110387 0.807537
74.545000 -3.639669 0.164991 0.807672
74.550000 -3.638844 0.219586 0.807808
74.555000 -3.637746 0.274168 0.807943
74.560000 -3.636375 0.328734 0.808079
74.565000 -3.634731 0.383280 0.808215
74.570000 -3.632815 0.437801 0.808350
74.575000 -3.630626 0.492293 0.808486
74.580000 -3.628165 0.546753 0.808622
74.585000 -3.625431 0.601175 0.808757
74.590000 -3.622425 0.655557 0.808893
74.595000 -3.619147 0.709893 0.809028
74.600000 -3.615598 0.764180 0.809164
74.605000 -3.611777 0.818414 0.809300
74.610000 -3.607685 0.872591 0.809436
74.615000 -3.603322 0.926706 0.809571
74.620000 -3.598688 0.980756 0.809707
74.625000 -3.593784 1.034736 0.809843
74.630000 -3.588611 1.088643 0.809978
74.635000 -3.583168 1.142472 0.810114
74.640000 -3.577455 1.196220 0.810250
74.645000 -3.571474 1.249881 0.810386
74.650000 -3.565225 1.303454 0.810521
74.655000 -3.558707 1.356932 0.810657
74.660000 -3.551923 1.410313 0.810793
74.665000 -3.544871 1.463591 0.810929
74.670000 -3.537553 1.516764 0.811065
74.675000 -3.529969 1.569828 0.811201
74.680000 -3.522120 1.622777 0.811336
74.685000 -3.514006 1.675609 0.811472
74.690000 -3.505628 1.728319 0.811608
74.695000 -3.496987 1.780904 0.811744
74.700000 -3.488082 1.833358 0.811880
74.705000 -3.478915 1.885680 0.812016
74.710000 -3.469487 1.937863 0.812152
74.715000 -3.459798 1.989906 0.812288
74.720000 -3.449848 2.041803 0.812423
74.725000 -3.439639 2.093550 0.812559
74.730000 -3.429171 2.145145 0.812695
74.735000 -3.418446 2.196583 0.812831
74.740000 -3.407463 2.247859 0.812967
74.745000 -3.396224 2.298971 0.813103
74.750000 -3.384729 2.349915 0.813239
74.755000 -3.372979 2.400685 0.813375
74.760000 -3.360976 2.451280 0.813511
74.765000 -3.348719 2.501695 0.813647
74.770000 -3.336211 2.551926 0.813783
74.775000 -3.323451 2.601969 0.813919
74.780000 -3.310441 2.651820 0.814055
74.785000 -3.297182 2.701477 0.814191
74.790000 -3.283675 2.750935 0.814327
74.795000 -3.269920 2.800190 0.814464
74.800000 -3.255919 2.849239 0.814600
74.805000 -3.241673 2.898078 0.814736
74.810000 -3.227183 2.946703 0.814872
74.815000 -3.212449 2.995110 0.815008
74.820000 -3.197474 3.043297 0.815144
74.825000 -3.182257 3.091259 0.815280
74.830000 -3.166801 3.138993 0.815416
74.835000 -3.151106 3.186495 0.815552
74.840000 -3.135173 3.233762 0.815689
74.845000 -3.119005 3.280789 0.815825
74.850000 -3.102601 3.327574 0.815961
74.855000 -3.085963 3.374113 0.816097
74.860000 -3.069092 3.420403 0.816233
74.865000 -3.051990 3.466439 0.816370
74.870000 -3.034658 3.512219 0.816506
74.875000 -3.017097 3.557739 0.816642
74.880000 -2.999308 3.602995 0.816778
74.885000 -2.981293 3.647985 0.816915
74.890000 -2.963053 3.692704 0.817051
74.895000 -2.944590 3.737150 0.817187
74.900000 -2.925904 3.781319 0.817323
74.905000 -2.906997 3.825208 0.817460
74.910000 -2.887871 3.868813 0.817596
74.915000 -2.868527 3.912131 0.817732
74.920000 -2.848967 3.955159 0.817869
74.925000 -2.829191 3.997893 0.818005
74.930000 -2.809201 4.040331 0.818141
74.935000 -2.789000 4.082469 0.818278
74.940000 -2.768587 4.124304 0.818414
74.945000 -2.747966 4.165833 0.818550
74.950000 -2.727137 4.207052 0.818687
74.955000 -2.706101 4.247959 0.818823
74.960000 -2.684862 4.288551 0.818960
74.965000 -2.663419 4.328824 0.819096
74.970000 -2.641775 4.368775 0.819233
74.975000 -2.619931 4.408402 0.819369
74.980000 -2.597889 4.447701 0.819505
74.985000 -2.575650 4.486669 0.819642
74.990000 -2.553217 4.525304 0.819778
74.995000 -2.530590 4.563602 0.819915
75.000000 -2.507772 4.601561 0.820051
75.005000 -2.484765 4.639177 0.820188
75.010000 -2.461569 4.676449 0.820324
75.015000 -2.438187 4.713372 0.820461
75.020000 -2.414620 4.749945 0.820597
75.025000 -2.390870 4.786164 0.820734
75.030000 -2.366939 4.822027 0.820871
75.035000 -2.342829 4.857532 0.821007
75.040000 -2.318541 4.892674 0.821144
75.045000 -2.294078 4.927452 0.821280
75.050000 -2.269441 4.961863 0.821417
75.055000 -2.244631 4.995905 0.821553
75.060000 -2.219652 5.029574 0.821690
75.065000 -2.194504 5.062869 0.821827
75.070000 -2.169190 5.095787 0.821963
75.075000 -2.143711 5.128325 0.822100
75.080000 -2.118069 5.160480 0.822237
75.085000 -2.092267 5.192251 0.822373
75.090000 -2.066305 5.223635 0.822510
75.095000 -2.040187 5.254630 0.822647
75.100000 -2.013914 5.285233 0.822783
75.105000 -1.987488 5.315441 0.822920
75.110000 -1.960911 5.345254 0.823057
75.115000 -1.934184 5.374667 0.823194
75.120000 -1.907311 5.403680 0.823330
75.125000 -1.880293 5.432290 0.823467
75.130000 -1.853131 5.460494 0.823604
75.135000 -1.825829 5.488291 0.823741
75.140000 -1.798387 5.515679 0.823877
75.145000 -1.770809 5.542654 0.824014
75.150000 -1.743096 5.569217 0.824151
75.155000 -1.715250 5.595363 0.824288
75.160000 -1.687273 5.621092 0.824425
75.165000 -1.659167 5.646401 0.824561
75.170000 -1.630935 5.671288 0.824698
75.175000 -1.602579 5.695752 0.824835
75.180000 -1.574100 5.719791 0.824972
75.185000 -1.545501 5.743403 0.825109
75.190000 -1.516784 5.766585 0.825246
75.195000 -1.487951 5.789337 0.825383
75.200000 -1.459005 5.811656 0.825520
75.205000 -1.429946 5.833541 0.825656
75.210000 -1.400779 5.854990 0.825793
75.215000 -1.371504 5.876002 0.825930
75.220000 -1.342124 5.896575 0.826067
75.225000 -1.312641 5.916706 0.826204
75.230000 -1.283057 5.936396 0.826341
75.235000 -1.253375 5.955642 0.826478
75.240000 -1.223597 5.974443 0.826615
75.245000 -1.193725 5.992796 0.826752
75.250000 -1.163761 6.010702 0.826889
75.255000 -1.133707 6.028159 0.827026
75.260000 -1.103567 6.045164 0.827163
75.265000 -1.073341 6.061718 0.827300
75.270000 -1.043032 6.077818 0.827437
75.275000 -1.012643 6.093463 0.827574
75.280000 -0.982176 6.108653 0.827711
75.285000 -0.951632 6.123386 0.827848
75.290000 -0.921016 6.137660 0.827986
75.295000 -0.890327 6.151475 0.828123
75.300000 -0.859570 6.164830 0.828260
75.305000 -0.828746 6.177724 0.828397
75.310000 -0.797857 6.190155 0.828534
75.315000 -0.766906 6.202123 0.828671
75.320000 -0.735896 6.213627 0.828808
75.325000 -0.704828 6.224665 0.828945
75.330000 -0.673704 6.235237 0.829083
75.335000 -0.642528 6.245343 0.829220
75.340000 -0.611301 6.254981 0.829357
75.345000 -0.580026 6.264150 0.829494
75.350000 -0.548706 6.272851 0.829631
75.355000 -0.517341 6.281081 0.829769
75.360000 -0.485936 6.288841 0.829906
75.365000 -0.454492 6.296131 0.830043
75.370000 -0.423011 6.302948 0.830180
75.375000 -0.391496 6.309293 0.830318
75.380000 -0.359950 6.315166 0.830455
75.385000 -0.328374 6.320565 0.830592
75.390000 -0.296771 6.325490 0.830729
75.395000 -0.265144 6.329942 0.830867
75.400000 -0.233494 6.333919 0.831004
75.405000 -0.201825 6.337422 0.831141
75.410000 -0.170137 6.340449 0.831279
75.415000 -0.138435 6.343001 0.831416
75.420000 -0.106720 6.345077 0.831553
75.425000 -0.074995 6.346678 0.831691
75.430000 -0.043261 6.347803 0.831828
75.435000 -0.011522 6.348452 0.831966
75.440000 0.020220 6.348625 0.832103
75.445000 0.051963 6.348322 0.832240
75.450000 0.083705 6.347542 0.832378
75.455000 0.115442 6.346287 0.832515
75.460000 0.147174 6.344555 0.832653
75.465000 0.178897 6.342347 0.832790
75.470000 0.210608 6.339664 0.832928
75.475000 0.242307 6.336505 0.833065
75.480000 0.273989 6.332870 0.833203
75.485000 0.305653 6.328760 0.833340
75.490000 0.337297 6.324176 0.833478
75.495000 0.368918 6.319116 0.833615
75.500000 0.400514 6.313582 0.833753
75.505000 0.432082 6.307575 0.833890
75.510000 0.463620 6.301093 0.834028
75.515000 0.495125 6.294139 0.834165
75.520000 0.526596 6.286712 0.834303
75.525000 0.558029 6.278813 0.834440
75.530000 0.589423 6.270443 0.834578
75.535000 0.620776 6.261602 0.834715
75.540000 0.652084 6.252290 0.834853
75.545000 0.683345 6.242509 0.834991
75.550000 0.714558 6.232258 0.835128
75.555000 0.745719 6.221540 0.835266
75.560000 0.776827 6.210354 0.835404
75.565000 0.807878 6.198702 0.835541
75.570000 0.838872 6.186584 0.835679
75.575000 0.869805 6.174001 0.835817
75.580000 0.900675 6.160954 0.835954
75.585000 0.931479 6.147443 0.836092
75.590000 0.962217 6.133471 0.836230
75.595000 0.992884 6.119038 0.836367
75.600000 1.023479 6.104145 0.836505
75.605000 1.054000 6.088793 0.836643
75.610000 1.084444 6.072983 0.836781
75.615000 1.114809 6.056716 0.836918
75.620000 1.145092 6.039994 0.837056
75.625000 1.175292 6.022817 0.837194
75.630000 1.205406 6.005188 0.837332
75.635000 1.235432 5.987107 0.837470
75.640000 1.265368 5.968575 0.837607
75.645000 1.295211 5.949595 0.837745
75.650000 1.324959 5.930167 0.837883
75.655000 1.354610 5.910292 0.838021
75.660000 1.384161 5.889973 0.838159
75.665000 1.413611 5.869211 0.838297
75.670000 1.442957 5.848007 0.838434
75.675000 1.472197 5.826362 0.838572
75.680000 1.501329 5.804279 0.838710
75.685000 1.530350 5.781759 0.838848
75.690000 1.559259 5.758804 0.838986
75.695000 1.588053 5.735415 0.839124
75.700000 1.616730 5.711594 0.839262
75.705000 1.645288 5.687344 0.839400
75.710000 1.673725 5.662664 0.839538
75.715000 1.702038 5.637558 0.839676
75.720000 1.730226 5.612028 0.839814
75.725000 1.758286 5.586074 0.839952
75.730000 1.786216 5.559700 0.840090
75.735000 1.814015 5.532907 0.840228
75.740000 1.841680 5.505697 0.840366
75.745000 1.869208 5.478071 0.840504
75.750000 1.896598 5.450033 0.840642
75.755000 1.923849 5.421584 0.840780
75.760000 1.950956 5.392727 0.840918
75.765000 1.977920 5.363462 0.841056
75.770000 2.004737 5.333793 0.841194
75.775000 2.031406 5.303722 0.841332
75.780000 2.057925 5.273251 0.841470
75.785000 2.084291 5.242382 0.841608
75.790000 2.110503 5.211118 0.841746
75.795000 2.136559 5.179460 0.841885
75.800000 2.162456 5.147412 0.842023
75.805000 2.188193 5.114975 0.842161
75.810000 2.213768 5.082152 0.842299
75.815000 2.239179 5.048946 0.842437
75.820000 2.264423 5.015358 0.842575
75.825000 2.289500 4.981392 0.842714
75.830000 2.314407 4.947049 0.842852
75.835000 2.339142 4.912333 0.842990
75.840000 2.363704 4.877246 0.843128
75.845000 2.388090 4.841791 0.843266
75.850000 2.412299 4.805969 0.843405
75.855000 2.436329 4.769785 0.843543
75.860000 2.460178 4.733240 0.843681
75.865000 2.483844 4.696337 0.843819
75.870000 2.507326 4.659079 0.843958
75.875000 2.530621 4.621469 0.844096
75.880000 2.553729 4.583510 0.844234
75.885000 2.576646 4.545204 0.844373
75.890000 2.599372 4.506555 0.844511
75.895000 2.621905 4.467564 0.844649
75.900000 2.644243 4.428235 0.844788
75.905000 2.666384 4.388572 0.844926
75.910000 2.688327 4.348576 0.845064
75.915000 2.710070 4.308251 0.845203
75.920000 2.731611 4.267600 0.845341
75.925000 2.752949 4.226626 0.845480
75.930000 2.774082 4.185332 0.845618
75.935000 2.795009 4.143720 0.845756
75.940000 2.815727 4.101795 0.845895
75.945000 2.836236 4.059559 0.846033
75.950000 2.856534 4.017016 0.846172
75.955000 2.876619 3.974168 0.846310
75.960000 2.896490 3.931019 0.846449
75.965000 2.916145 3.887571 0.846587
75.970000 2.935583 3.843829 0.846726
75.975000 2.954802 3.799795 0.846864
75.980000 2.973801 3.755473 0.847003
75.985000 2.992579 3.710866 0.847141
75.990000 3.011133 3.665978 0.847280
75.995000 3.029463 3.620811 0.847418
76.000000 3.047567 3.575369 0.847557
76.005000 3.065444 3.529655 0.847695
76.010000 3.083092 3.483673 0.847834
76.015000 3.100510 3.437427 0.847973
76.020000 3.117697 3.390919 0.848111
76.025000 3.134652 3.344154 0.848250
76.030000 3.151373 3.297134 0.848388
76.035000 3.167858 3.249864 0.848527
76.040000 3.184108 3.202346 0.848666
76.045000 3.200120 3.154584 0.848804
76.050000 3.215892 3.106582 0.848943
76.055000 3.231425 3.058344 0.849082
76.060000 3.246717 3.009872 0.849220
76.065000 3.261766 2.961172 0.849359
76.070000 3.276572 2.912245 0.849498
76.075000 3.291134 2.863097 0.849636
76.080000 3.305449 2.813730 0.849775
76.085000 3.319518 2.764148 0.849914
76.090000 3.333338 2.714355 0.850053
76.095000 3.346910 2.664355 0.850191
76.100000 3.360232 2.614151 0.850330
76.105000 3.373303 2.563748 0.850469
76.110000 3.386121 2.513148 0.850608
76.115000 3.398687 2.462357 0.850747
76.120000 3.410999 2.411376 0.850885
76.125000 3.423056 2.360211 0.851024
76.130000 3.434857 2.308865 0.851163
76.135000 3.446401 2.257343 0.851302
76.140000 3.457688 2.205647 0.851441
76.145000 3.468716 2.153781 0.851580
76.150000 3.479485 2.101751 0.851718
76.155000 3.489994 2.049558 0.851857
76.160000 3.500242 1.997208 0.851996
76.165000 3.510228 1.944705 0.852135
76.170000 3.519951 1.892051 0.852274
76.175000 3.529411 1.839252 0.852413
76.180000 3.538608 1.786311 0.852552
76.185000 3.547539 1.733232 0.852691
76.190000 3.556205 1.680019 0.852830
76.195000 3.564606 1.626676 0.852969
76.200000 3.572739 1.573206 0.853108
76.205000 3.580605 1.519615 0.853247
76.210000 3.588203 1.465906 0.853386
76.215000 3.595533 1.412083 0.853525
76.220000 3.602593 1.358150 0.853664
76.225000 3.609384 1.304111 0.853803
76.230000 3.615904 1.249971 0.853942
76.235000 3.622154 1.195732 0.854081
76.240000 3.628133 1.141400 0.854220
76.245000 3.633840 1.086978 0.854359
76.250000 3.639275 1.032470 0.854498
76.255000 3.644437 0.977881 0.854637
76.260000 3.649326 0.923215 0.854776
76.265000 3.653942 0.868475 0.854915
76.270000 3.658285 0.813665 0.855054
76.275000 3.662353 0.758791 0.855193
76.280000 3.666147 0.703856 0.855333
76.285000 3.669666 0.648864 0.855472
76.290000 3.672911 0.593819 0.855611
76.295000 3.675880 0.538725 0.855750
76.300000 3.678573 0.483587 0.855889
76.305000 3.680991 0.428408 0.856028
76.310000 3.683133 0.373193 0.856168
76.315000 3.684999 0.317946 0.856307
76.320000 3.686589 0.262671 0.856446
76.325000 3.687903 0.207373 0.856585
76.330000 3.688939 0.152054 0.856725
76.335000 3.689700 0.096720 0.856864
76.340000 3.690183 0.041374 0.857003
76.345000 3.690390 -0.013978 0.857142
76.350000 3.690320 -0.069334 0.857282
76.355000 3.689974 -0.124689 0.857421
76.360000 3.689350 -0.180039 0.857560
76.365000 3.688450 -0.235379 0.857700
76.370000 3.687273 -0.290706 0.857839
76.375000 3.685819 -0.346015 0.857978
76.380000 3.684089 -0.401302 0.858118
76.385000 3.682083 -0.456563 0.858257
76.390000 3.679800 -0.511795 0.858396
76.395000 3.677241 -0.566992 0.858536
76.400000 3.674406 -0.622150 0.858675
76.405000 3.671295 -0.677266 0.858815
76.410000 3.667909 -0.732336 0.858954
76.415000 3.664247 -0.787354 0.859093
76.420000 3.660311 -0.842318 0.859233
76.425000 3.656099 -0.897223 0.859372
76.430000 3.651613 -0.952064 0.859512
76.435000 3.646853 -1.006838 0.859651
76.440000 3.641818 -1.061541 0.859791
76.445000 3.636511 -1.116168 0.859930
76.450000 3.630930 -1.170716 0.860070
76.455000 3.625076 -1.225180 0.860209
76.460000 3.618950 -1.279556 0.860349
76.465000 3.612553 -1.333840 0.860488
76.470000 3.605883 -1.388029 0.860628
76.475000 3.598943 -1.442117 0.860767
76.480000 3.591733 -1.496101 0.860907
76.485000 3.584252 -1.549977 0.861046
76.490000 3.576502 -1.603741 0.861186
76.495000 3.568484 -1.657388 0.861326
76.500000 3.560197 -1.710916 0.861465
76.505000 3.551642 -1.764319 0.861605
76.510000 3.542820 -1.817593 0.861744
76.515000 3.533732 -1.870736 0.861884
76.520000 3.524379 -1.923742 0.862024
76.525000 3.514760 -1.976607 0.862163
76.530000 3.504877 -2.029329 0.862303
76.535000 3.494730 -2.081902 0.862443
76.540000 3.484321 -2.134323 0.862582
76.545000 3.473649 -2.186588 0.862722
76.550000 3.462716 -2.238692 0.862862
76.555000 3.451523 -2.290633 0.863001
76.560000 3.440070 -2.342406 0.863141
76.565000 3.428358 -2.394007 0.863281
76.570000 3.416388 -2.445432 0.863421
76.575000 3.404161 -2.496678 0.863560
76.580000 3.391677 -2.547741 0.863700
76.585000 3.378938 -2.598616 0.863840
76.590000 3.365945 -2.649300 0.863980
76.595000 3.352699 -2.699789 0.864119
76.600000 3.339200 -2.750079 0.864259
76.605000 3.325449 -2.800167 0.864399
76.610000 3.311449 -2.850049 0.864539
76.615000 3.297198 -2.899721 0.864679
76.620000 3.282700 -2.949179 0.864819
76.625000 3.267954 -2.998419 0.864959
76.630000 3.252962 -3.047439 0.865098
76.635000 3.237725 -3.096233 0.865238
76.640000 3.222243 -3.144799 0.865378
76.645000 3.206519 -3.193133 0.865518
76.650000 3.190554 -3.241230 0.865658
76.655000 3.174348 -3.289089 0.865798
76.660000 3.157902 -3.336704 0.865938
76.665000 3.141219 -3.384073 0.866078
76.670000 3.124298 -3.431191 0.866218
76.675000 3.107142 -3.478055 0.866358
76.680000 3.089752 -3.524662 0.866498
76.685000 3.072129 -3.571009 0.866638
76.690000 3.054274 -3.617091 0.866778
76.695000 3.036188 -3.662905 0.866918
76.700000 3.017874 -3.708448 0.867058
76.705000 2.999332 -3.753716 0.867198
76.710000 2.980563 -3.798706 0.867338
76.715000 2.961569 -3.843414 0.867478
76.720000 2.942352 -3.887838 0.867618
76.725000 2.922913 -3.931973 0.867758
76.730000 2.903253 -3.975817 0.867898
76.735000 2.883374 -4.019365 0.868038
76.740000 2.863277 -4.062616 0.868178
76.745000 2.842964 -4.105565 0.868318
76.750000 2.822436 -4.148210 0.868458
76.755000 2.801695 -4.190546 0.868599
76.760000 2.780743 -4.232572 0.868739
76.765000 2.759580 -4.274283 0.868879
76.770000 2.738208 -4.315676 0.869019
76.775000 2.716630 -4.356750 0.869159
76.780000 2.694846 -4.397499 0.869299
76.785000 2.672859 -4.437922 0.869440
76.790000 2.650669 -4.478015 0.869580
76.795000 2.628279 -4.517775 0.869720
76.800000 2.605690 -4.557199 0.869860
76.805000 2.582904 -4.596284 0.870001
76.810000 2.559923 -4.635028 0.870141
76.815000 2.536748 -4.673427 0.870281
76.820000 2.513381 -4.711478 0.870421
76.825000 2.489823 -4.749178 0.870562
76.830000 2.466077 -4.786526 0.870702
76.835000 2.442145 -4.823517 0.870842
76.840000 2.418027 -4.860149 0.870982
76.845000 2.393726 -4.896420 0.871123
76.850000 2.369244 -4.932325 0.871263
76.855000 2.344583 -4.967864 0.871403
76.860000 2.319743 -5.003033 0.871544
76.865000 2.294728 -5.037829 0.871684
76.870000 2.269539 -5.072250 0.871825
76.875000 2.244178 -5.106293 0.871965
76.880000 2.218646 -5.139956 0.872105
76.885000 2.192946 -5.173235 0.872246
76.890000 2.167080 -5.206130 0.872386
76.895000 2.141050 -5.238636 0.872527
76.900000 2.114856 -5.270752 0.872667
76.905000 2.088503 -5.302474 0.872808
76.910000 2.061990 -5.333802 0.872948
76.915000 2.035321 -5.364732 0.873088
76.920000 2.008498 -5.395262 0.873229
76.925000 1.981521 -5.425389 0.873369
76.930000 1.954394 -5.455112 0.873510
76.935000 1.927119 -5.484428 0.873650
76.940000 1.899697 -5.513335 0.873791
76.945000 1.872130 -5.541830 0.873931
76.950000 1.844421 -5.569912 0.874072
76.955000 1.816571 -5.597578 0.874213
76.960000 1.788583 -5.624827 0.874353
76.965000 1.760459 -5.651656 0.874494
76.970000 1.732201 -5.678063 0.874634
76.975000 1.703811 -5.704046 0.874775
76.980000 1.675290 -5.729603 0.874916
76.985000 1.646642 -5.754732 0.875056
76.990000 1.617869 -5.779432 0.875197
76.995000 1.588972 -5.803700 0.875337
77.000000 1.559953 -5.827534 0.875478
77.005000 1.530815 -5.850934 0.875619
77.010000 1.501561 -5.873896 0.875759
77.015000 1.472191 -5.896419 0.875900
77.020000 1.442709 -5.918502 0.876041
77.025000 1.413117 -5.940143 0.876181
77.030000 1.383416 -5.961339 0.876322
77.035000 1.353609 -5.982091 0.876463
77.040000 1.323699 -6.002395 0.876604
77.045000 1.293687 -6.022250 0.876744
77.050000 1.263576 -6.041656 0.876885
77.055000 1.233367 -6.060609 0.877026
77.060000 1.203064 -6.079110 0.877167
77.065000 1.172669 -6.097156 0.877307
77.070000 1.142183 -6.114746 0.877448
77.075000 1.111609 -6.131879 0.877589
77.080000 1.080950 -6.148553 0.877730
77.085000 1.050207 -6.164767 0.877871
77.090000 1.019383 -6.180520 0.878012
77.095000 0.988481 -6.195811 0.878152
77.100000 0.957502 -6.210638 0.878293
77.105000 0.926448 -6.225001 0.878434
77.110000 0.895323 -6.238897 0.878575
77.115000 0.864129 -6.252327 0.878716
77.120000 0.832867 -6.265289 0.878857
77.125000 0.801541 -6.277782 0.878998
77.130000 0.770152 -6.289805 0.879139
77.135000 0.738703 -6.301357 0.879280
77.140000 0.707196 -6.312438 0.879421
77.145000 0.675634 -6.323046 0.879562
77.150000 0.644019 -6.333180 0.879702
77.155000 0.612353 -6.342841 0.879843
77.160000 0.580639 -6.352026 0.879984
77.165000 0.548878 -6.360736 0.880125
77.170000 0.517075 -6.368969 0.880266
77.175000 0.485230 -6.376725 0.880407
77.180000 0.453346 -6.384003 0.880549
77.185000 0.421426 -6.390804 0.880690
77.190000 0.389472 -6.397125 0.880831
77.195000 0.357487 -6.402967 0.880972
77.200000 0.325472 -6.408329 0.881113
77.205000 0.293430 -6.413211 0.881254
77.210000 0.261364 -6.417613 0.881395
77.215000 0.229276 -6.421533 0.881536
77.220000 0.197168 -6.424972 0.881677
77.225000 0.165044 -6.427930 0.881818
77.230000 0.132904 -6.430406 0.881959
77.235000 0.100752 -6.432399 0.882101
77.240000 0.068590 -6.433910 0.882242
77.245000 0.036420 -6.434939 0.882383
77.250000 0.004246 -6.435486 0.882524
77.255000 -0.027932 -6.435549 0.882665
77.260000 -0.060110 -6.435130 0.882806
77.265000 -0.092285 -6.434229 0.882948
77.270000 -0.124456 -6.432844 0.883089
77.275000 -0.156621 -6.430978 0.883230
77.280000 -0.188775 -6.428628 0.883371
77.285000 -0.220919 -6.425797 0.883513
77.290000 -0.253048 -6.422483 0.883654
77.295000 -0.285160 -6.418687 0.883795
77.300000 -0.317253 -6.414410 0.883936
77.305000 -0.349325 -6.409651 0.884078
77.310000 -0.381374 -6.404411 0.884219
77.315000 -0.413396 -6.398690 0.884360
77.320000 -0.445389 -6.392489 0.884502
77.325000 -0.477352 -6.385809 0.884643
77.330000 -0.509281 -6.378648 0.884784
77.335000 -0.541174 -6.371009 0.884926
77.340000 -0.573029 -6.362892 0.885067
77.345000 -0.604843 -6.354296 0.885208
77.350000 -0.636615 -6.345223 0.885350
77.355000 -0.668341 -6.335674 0.885491
77.360000 -0.700019 -6.325649 0.885633
77.365000 -0.731648 -6.315149 0.885774
77.370000 -0.763223 -6.304174 0.885916
77.375000 -0.794744 -6.292726 0.886057
77.380000 -0.826208 -6.280805 0.886198
77.385000 -0.857612 -6.268411 0.886340
77.390000 -0.888954 -6.255547 0.886481
77.395000 -0.920232 -6.242213 0.886623
77.400000 -0.951443 -6.228410 0.886764
77.405000 -0.982585 -6.214138 0.886906
77.410000 -1.013656 -6.199399 0.887047
77.415000 -1.044653 -6.184194 0.887189
77.420000 -1.075574 -6.168524 0.887330
77.425000 -1.106416 -6.152391 0.887472
77.430000 -1.137178 -6.135795 0.887614
77.435000 -1.167857 -6.118737 0.887755
77.440000 -1.198451 -6.101219 0.887897
77.445000 -1.228957 -6.083242 0.888038
77.450000 -1.259373 -6.064808 0.888180
77.455000 -1.289697 -6.045917 0.888321
77.460000 -1.319927 -6.026572 0.888463
77.465000 -1.350060 -6.006773 0.888605
77.470000 -1.380093 -5.986522 0.888746
77.475000 -1.410026 -5.965821 0.888888
77.480000 -1.439855 -5.944670 0.889030
77.485000 -1.469578 -5.923073 0.889171
77.490000 -1.499194 -5.901029 0.889313
77.495000 -1.528699 -5.878541 0.889455
77.500000 -1.558092 -5.855610 0.889596
77.505000 -1.587370 -5.832239 0.889738
77.510000 -1.616531 -5.808429 0.889880
77.515000 -1.645573 -5.784181 0.890022
77.520000 -1.674494 -5.759497 0.890163
77.525000 -1.703291 -5.734380 0.890305
77.530000 -1.731963 -5.708830 0.890447
77.535000 -1.760508 -5.682851 0.890589
77.540000 -1.788922 -5.656443 0.890731
77.545000 -1.817204 -5.629609 0.890872
77.550000 -1.845352 -5.602351 0.891014
77.555000 -1.873364 -5.574671 0.891156
77.560000 -1.901237 -5.546570 0.891298
77.565000 -1.928970 -5.518052 0.891440
77.570000 -1.956560 -5.489117 0.891582
77.575000 -1.984006 -5.459769 0.891723
77.580000 -2.011305 -5.430009 0.891865
77.585000 -2.038455 -5.399839 0.892007
77.590000 -2.065454 -5.369263 0.892149
77.595000 -2.092300 -5.338281 0.892291
77.600000 -2.118992 -5.306896 0.892433
77.605000 -2.145526 -5.275111 0.892575
77.610000 -2.171902 -5.242928 0.892717
77.615000 -2.198116 -5.210350 0.892859
77.620000 -2.224168 -5.177378 0.893001
77.625000 -2.250055 -5.144016 0.893143
77.630000 -2.275775 -5.110265 0.893285
77.635000 -2.301326 -5.076128 0.893427
77.640000 -2.326707 -5.041608 0.893569
77.645000 -2.351915 -5.006708 0.893711
77.650000 -2.376949 -4.971429 0.893853
77.655000 -2.401806 -4.935775 0.893995
77.660000 -2.426485 -4.899748 0.894137
77.665000 -2.450983 -4.863350 0.894279
77.670000 -2.475300 -4.826586 0.894421
77.675000 -2.499433 -4.789456 0.894563
77.680000 -2.523380 -4.751965 0.894705
77.685000 -2.547140 -4.714114 0.894847
77.690000 -2.570711 -4.675907 0.894989
77.695000 -2.594090 -4.637346 0.895131
77.700000 -2.617277 -4.598435 0.895274
77.705000 -2.640269 -4.559176 0.895416
77.710000 -2.663065 -4.519572 0.895558
77.715000 -2.685663 -4.479626 0.895700
77.720000 -2.708061 -4.439341 0.895842
77.725000 -2.730258 -4.398720 0.895984
77.730000 -2.752251 -4.357766 0.896127
77.735000 -2.774040 -4.316482 0.896269
77.740000 -2.795623 -4.274872 0.896411
77.745000 -2.816997 -4.232937 0.896553
77.750000 -2.838162 -4.190682 0.896696
77.755000 -2.859115 -4.148110 0.896838
77.760000 -2.879856 -4.105223 0.896980
77.765000 -2.900382 -4.062025 0.897122
77.770000 -2.920692 -4.018520 0.897265
77.775000 -2.940784 -3.974709 0.897407
77.780000 -2.960658 -3.930597 0.897549
77.785000 -2.980311 -3.886188 0.897692
77.790000 -2.999742 -3.841483 0.897834
77.795000 -3.018949 -3.796487 0.897976
77.800000 -3.037932 -3.751202 0.898119
77.805000 -3.056688 -3.705634 0.898261
77.810000 -3.075216 -3.659783 0.898403
77.815000 -3.093515 -3.613655 0.898546
77.820000 -3.111583 -3.567252 0.898688
77.825000 -3.129419 -3.520579 0.898830
77.830000 -3.147022 -3.473637 0.898973
77.835000 -3.164390 -3.426432 0.899115
77.840000 -3.181523 -3.378966 0.899258
77.845000 -3.198417 -3.331243 0.899400
77.850000 -3.215074 -3.283267 0.899543
77.855000 -3.231490 -3.235041 0.899685
77.860000 -3.247665 -3.186568 0.899828
77.865000 -3.263598 -3.137853 0.899970
77.870000 -3.279287 -3.088900 0.900113
77.875000 -3.294732 -3.039710 0.900255
77.880000 -3.309930 -2.990289 0.900398
77.885000 -3.324882 -2.940640 0.900540
77.890000 -3.339585 -2.890767 0.900683
77.895000 -3.354039 -2.840673 0.900825
77.900000 -3.368242 -2.790363 0.900968
77.905000 -3.382194 -2.739839 0.901110
77.910000 -3.395893 -2.689106 0.901253
77.915000 -3.409339 -2.638168 0.901395
77.920000 -3.422530 -2.587028 0.901538
77.925000 -3.435465 -2.535690 0.901681
77.930000 -3.448143 -2.484158 0.901823
77.935000 -3.460564 -2.432436 0.901966
77.940000 -3.472726 -2.380527 0.902109
77.945000 -3.484629 -2.328436 0.902251
77.950000 -3.496271 -2.276167 0.902394
77.955000 -3.507652 -2.223723 0.902537
77.960000 -3.518770 -2.171108 0.902679
77.965000 -3.529626 -2.118326 0.902822
77.970000 -3.540218 -2.065382 0.902965
77.975000 -3.550544 -2.012279 0.903107
77.980000 -3.560606 -1.959021 0.903250
77.985000 -3.570401 -1.905612 0.903393
77.990000 -3.579929 -1.852056 0.903536
77.995000 -3.589189 -1.798357 0.903678
78.000000 -3.598181 -1.744519 0.903821
78.005000 -3.606904 -1.690546 0.903964
78.010000 -3.615356 -1.636442 0.904107
78.015000 -3.623539 -1.582212 0.904250
78.020000 -3.631450 -1.527859 0.904392
78.025000 -3.639089 -1.473387 0.904535
78.030000 -3.646456 -1.418801 0.904678
78.035000 -3.653550 -1.364104 0.904821
78.040000 -3.660370 -1.309301 0.904964
78.045000 -3.666917 -1.254395 0.905107
78.050000 -3.673189 -1.199392 0.905250
78.055000 -3.679186 -1.144294 0.905392
78.060000 -3.684907 -1.089106 0.905535
78.065000 -3.690353 -1.033832 0.905678
78.070000 -3.695522 -0.978477 0.905821
78.075000 -3.700414 -0.923044 0.905964
78.080000 -3.705030 -0.867538 0.906107
78.085000 -3.709367 -0.811963 0.906250
78.090000 -3.713427 -0.756322 0.906393
78.095000 -3.717209 -0.700621 0.906536
78.100000 -3.720712 -0.644863 0.906679
78.105000 -3.723936 -0.589052 0.906822
78.110000 -3.726881 -0.533193 0.906965
78.115000 -3.729547 -0.477290 0.907108
78.120000 -3.731934 -0.421346 0.907251
78.125000 -3.734041 -0.365367 0.907394
78.130000 -3.735867 -0.309357 0.907537
78.135000 -3.737414 -0.253319 0.907680
78.140000 -3.738681 -0.197258 0.907823
78.145000 -3.739667 -0.141177 0.907966
78.150000 -3.740373 -0.085082 0.908109
78.155000 -3.740798 -0.028977 0.908253
78.160000 -3.740943 0.027135 0.908396
78.165000 -3.740808 0.083249 0.908539
78.170000 -3.740391 0.139362 0.908682
78.175000 -3.739695 0.195467 0.908825
78.180000 -3.738717 0.251563 0.908968
78.185000 -3.737459 0.307644 0.909111
78.190000 -3.735921 0.363705 0.909255
78.195000 -3.734103 0.419744 0.909398
78.200000 -3.732004 0.475756 0.909541
78.205000 -3.729625 0.531736 0.909684
78.210000 -3.726966 0.587680 0.909827
78.215000 -3.724028 0.643585 0.909971
78.220000 -3.720810 0.699445 0.910114
78.225000 -3.717313 0.755257 0.910257
78.230000 -3.713537 0.811017 0.910400
78.235000 -3.709482 0.866720 0.910544
78.240000 -3.705148 0.922362 0.910687
78.245000 -3.700536 0.977940 0.910830
78.250000 -3.695646 1.033448 0.910974
78.255000 -3.690479 1.088882 0.911117
78.260000 -3.685035 1.144239 0.911260
78.265000 -3.679314 1.199515 0.911404
78.270000 -3.673316 1.254705 0.911547
78.275000 -3.667042 1.309804 0.911690
78.280000 -3.660493 1.364810 0.911834
78.285000 -3.653669 1.419717 0.911977
78.290000 -3.646571 1.474522 0.912121
78.295000 -3.639198 1.529221 0.912264
78.300000 -3.631552 1.583809 0.912407
78.305000 -3.623633 1.638282 0.912551
78.310000 -3.615442 1.692637 0.912694
78.315000 -3.606978 1.746868 0.912838
78.320000 -3.598244 1.800973 0.912981
78.325000 -3.589239 1.854947 0.913125
78.330000 -3.579965 1.908785 0.913268
78.335000 -3.570421 1.962485 0.913412
78.340000 -3.560608 2.016041 0.913555
78.345000 -3.550528 2.069450 0.913699
78.350000 -3.540181 2.122708 0.913842
78.355000 -3.529567 2.175811 0.913986
78.360000 -3.518688 2.228754 0.914129
78.365000 -3.507544 2.281535 0.914273
78.370000 -3.496137 2.334148 0.914416
78.375000 -3.484466 2.386590 0.914560
78.380000 -3.472533 2.438857 0.914704
78.385000 -3.460339 2.490945 0.914847
78.390000 -3.447884 2.542850 0.914991
78.395000 -3.435170 2.594568 0.915134
78.400000 -3.422197 2.646096 0.915278
78.405000 -3.408966 2.697429 0.915422
78.410000 -3.395479 2.748563 0.915565
78.415000 -3.381736 2.799495 0.915709
78.420000 -3.367739 2.850221 0.915853
78.425000 -3.353488 2.900738 0.915996
78.430000 -3.338984 2.951040 0.916140
78.435000 -3.324229 3.001125 0.916284
78.440000 -3.309223 3.050988 0.916428
78.445000 -3.293968 3.100626 0.916571
78.450000 -3.278465 3.150036 0.916715
78.455000 -3.262715 3.199213 0.916859
78.460000 -3.246719 3.248154 0.917003
78.465000 -3.230478 3.296854 0.917146
78.470000 -3.213994 3.345312 0.917290
78.475000 -3.197267 3.393522 0.917434
78.480000 -3.180300 3.441481 0.917578
78.485000 -3.163092 3.489185 0.917721
78.490000 -3.145646 3.536631 0.917865
78.495000 -3.127963 3.583816 0.918009
78.500000 -3.110044 3.630736 0.918153
78.505000 -3.091891 3.677386 0.918297
78.510000 -3.073504 3.723765 0.918441
78.515000 -3.054885 3.769867 0.918585
78.520000 -3.036035 3.815690 0.918729
78.525000 -3.016957 3.861231 0.918872
78.530000 -2.997651 3.906485 0.919016
78.535000 -2.978118 3.951450 0.919160
78.540000 -2.958361 3.996122 0.919304
78.545000 -2.938381 4.040497 0.919448
78.550000 -2.918178 4.084573 0.919592
78.555000 -2.897755 4.128346 0.919736
78.560000 -2.877114 4.171812 0.919880
78.565000 -2.856254 4.214969 0.920024
78.570000 -2.835180 4.257812 0.920168
78.575000 -2.813891 4.300340 0.920312
78.580000 -2.792389 4.342549 0.920456
78.585000 -2.770676 4.384434 0.920600
78.590000 -2.748754 4.425995 0.920744
78.595000 -2.726624 4.467226 0.920888
78.600000 -2.704288 4.508125 0.921032
78.605000 -2.681747 4.548689 0.921176
78.610000 -2.659004 4.588916 0.921320
78.615000 -2.636059 4.628801 0.921465
78.620000 -2.612915 4.668342 0.921609
78.625000 -2.589573 4.707535 0.921753
78.630000 -2.566036 4.746379 0.921897
78.635000 -2.542304 4.784870 0.922041
78.640000 -2.518380 4.823004 0.922185
78.645000 -2.494265 4.860780 0.922329
78.650000 -2.469961 4.898194 0.922474
78.655000 -2.445470 4.935243 0.922618
78.660000 -2.420793 4.971925 0.922762
78.665000 -2.395934 5.008237 0.922906
78.670000 -2.370893 5.044176 0.923050
78.675000 -2.345672 5.079739 0.923195
78.680000 -2.320273 5.114925 0.923339
78.685000 -2.294698 5.149729 0.923483
78.690000 -2.268950 5.184149 0.923627
78.695000 -2.243029 5.218183 0.923772
78.700000 -2.216938 5.251829 0.923916
78.705000 -2.190679 5.285083 0.924060
78.710000 -2.164254 5.317943 0.924204
78.715000 -2.137664 5.350407 0.924349
78.720000 -2.110912 5.382472 0.924493
78.725000 -2.083999 5.414136 0.924637
78.730000 -2.056929 5.445395 0.924782
78.735000 -2.029702 5.476249 0.924926
78.740000 -2.002321 5.506695 0.925071
78.745000 -1.974787 5.536730 0.925215
78.750000 -1.947103 5.566352 0.925359
78.755000 -1.919272 5.595558 0.925504
78.760000 -1.891294 5.624347 0.925648
78.765000 -1.863172 5.652717 0.925793
78.770000 -1.834909 5.680664 0.925937
78.775000 -1.806505 5.708188 0.926081
78.780000 -1.777964 5.735285 0.926226
78.785000 -1.749288 5.761955 0.926370
78.790000 -1.720478 5.788194 0.926515
78.795000 -1.691537 5.814001 0.926659
78.800000 -1.662467 5.839374 0.926804
78.805000 -1.633270 5.864311 0.926948
78.810000 -1.603949 5.888810 0.927093
78.815000 -1.574505 5.912870 0.927237
78.820000 -1.544940 5.936487 0.927382
78.825000 -1.515258 5.959661 0.927526
78.830000 -1.485460 5.982390 0.927671
78.835000 -1.455548 6.004672 0.927816
78.840000 -1.425524 6.026505 0.927960
78.845000 -1.395392 6.047888 0.928105
78.850000 -1.365152 6.068819 0.928249
78.855000 -1.334808 6.089296 0.928394
78.860000 -1.304362 6.109318 0.928539
78.865000 -1.273815 6.128884 0.928683
78.870000 -1.243171 6.147991 0.928828
78.875000 -1.212431 6.166639 0.928973
78.880000 -1.181598 6.184825 0.929117
78.885000 -1.150673 6.202549 0.929262
78.890000 -1.119661 6.219809 0.929407
78.895000 -1.088562 6.236604 0.929551
78.900000 -1.057379 6.252933 0.929696
78.905000 -1.026114 6.268793 0.929841
78.910000 -0.994770 6.284185 0.929986
78.915000 -0.963349 6.299106 0.930130
78.920000 -0.931853 6.313557 0.930275
78.925000 -0.900286 6.327535 0.930420
78.930000 -0.868648 6.341039 0.930565
78.935000 -0.836943 6.354069 0.930709
78.940000 -0.805173 6.366623 0.930854
78.945000 -0.773339 6.378700 0.930999
78.950000 -0.741446 6.390300 0.931144
78.955000 -0.709494 6.401422 0.931289
78.960000 -0.677487 6.412064 0.931434
78.965000 -0.645427 6.422227 0.931578
78.970000 -0.613316 6.431908 0.931723
78.975000 -0.581156 6.441108 0.931868
78.980000 -0.548951 6.449825 0.932013
78.985000 -0.516702 6.458060 0.932158
78.990000 -0.484411 6.465810 0.932303
78.995000 -0.452082 6.473076 0.932448
79.000000 -0.419717 6.479857 0.932593
79.005000 -0.387318 6.486153 0.932738
79.010000 -0.354887 6.491963 0.932883
79.015000 -0.322427 6.497286 0.933028
79.020000 -0.289941 6.502123 0.933173
79.025000 -0.257430 6.506472 0.933318
79.030000 -0.224898 6.510333 0.933463
79.035000 -0.192346 6.513707 0.933608
79.040000 -0.159777 6.516592 0.933753
79.045000 -0.127194 6.518989 0.933898
79.050000 -0.094600 6.520896 0.934043
79.055000 -0.061995 6.522315 0.934188
79.060000 -0.029383 6.523245 0.934333
79.065000 0.003233 6.523686 0.934478
79.070000 0.035851 6.523638 0.934623
79.075000 0.068469 6.523100 0.934768
79.080000 0.101085 6.522073 0.934913
79.085000 0.133695 6.520557 0.935058
79.090000 0.166298 6.518551 0.935203
79.095000 0.198891 6.516057 0.935349
79.100000 0.231471 6.513073 0.935494
79.105000 0.264036 6.509601 0.935639
79.110000 0.296584 6.505641 0.935784
79.115000 0.329113 6.501192 0.935929
79.120000 0.361619 6.496255 0.936074
79.125000 0.394100 6.490831 0.936220
79.130000 0.426554 6.484919 0.936365
79.135000 0.458979 6.478521 0.936510
79.140000 0.491371 6.471636 0.936655
79.145000 0.523729 6.464266 0.936801
79.150000 0.556051 6.456410 0.936946
79.155000 0.588333 6.448069 0.937091
79.160000 0.620573 6.439244 0.937236
79.165000 0.652769 6.429936 0.937382
79.170000 0.684919 6.420144 0.937527
79.175000 0.717020 6.409870 0.937672
79.180000 0.749069 6.399115 0.937818
79.185000 0.781065 6.387879 0.937963
79.190000 0.813004 6.376163 0.938108
79.195000 0.844885 6.363968 0.938254
79.200000 0.876705 6.351295 0.938399
79.205000 0.908461 6.338144 0.938544
79.210000 0.940152 6.324517 0.938690
79.215000 0.971775 6.310415 0.938835
79.220000 1.003327 6.295838 0.938981
79.225000 1.034806 6.280788 0.939126
79.230000 1.066210 6.265266 0.939271
79.235000 1.097536 6.249273 0.939417
79.240000 1.128782 6.232810 0.939562
79.245000 1.159946 6.215878 0.939708
79.250000 1.191026 6.198479 0.939853
79.255000 1.222018 6.180614 0.939999
79.260000 1.252921 6.162283 0.940144
79.265000 1.283733 6.143490 0.940290
79.270000 1.314450 6.124234 0.940435
79.275000 1.345071 6.104517 0.940581
79.280000 1.375594 6.084341 0.940726
79.285000 1.406016 6.063707 0.940872
79.290000 1.436334 6.042617 0.941017
79.295000 1.466547 6.021072 0.941163
79.300000 1.496653 5.999073 0.941309
79.305000 1.526648 5.976624 0.941454
79.310000 1.556531 5.953724 0.941600
79.315000 1.586300 5.930376 0.941745
79.320000 1.615952 5.906582 0.941891
79.325000 1.645485 5.882342 0.942037
79.330000 1.674896 5.857660 0.942182
79.335000 1.704185 5.832537 0.942328
79.340000 1.733347 5.806974 0.942474
79.345000 1.762382 5.780974 0.942619
79.350000 1.791287 5.754538 0.942765
79.355000 1.820060 5.727669 0.942911
79.360000 1.848698 5.700368 0.943057
79.365000 1.877200 5.672637 0.943202
79.370000 1.905563 5.644479 0.943348
79.375000 1.933785 5.615896 0.943494
79.380000 1.961865 5.586889 0.943640
79.385000 1.989799 5.557461 0.943785
79.390000 2.017587 5.527614 0.943931
79.395000 2.045225 5.497350 0.944077
79.400000 2.072711 5.466672 0.944223
79.405000 2.100045 5.435581 0.944368
79.410000 2.127223 5.404080 0.944514
79.415000 2.154243 5.372172 0.944660
79.420000 2.181104 5.339858 0.944806
79.425000 2.207803 5.307142 0.944952
79.430000 2.234339 5.274025 0.945098
79.435000 2.260709 5.240510 0.945244
79.440000 2.286912 5.206599 0.945390
79.445000 2.312945 5.172295 0.945535
79.450000 2.338806 5.137601 0.945681
79.455000 2.364494 5.102519 0.945827
79.460000 2.390007 5.067052 0.945973
79.465000 2.415342 5.031202 0.946119
79.470000 2.440498 4.994972 0.946265
79.475000 2.465473 4.958364 0.946411
79.480000 2.490265 4.921382 0.946557
79.485000 2.514872 4.884028 0.946703
79.490000 2.539292 4.846305 0.946849
79.495000 2.563523 4.808216 0.946995
79.500000 2.587564 4.769763 0.947141
79.505000 2.611413 4.730949 0.947287
79.510000 2.635068 4.691778 0.947433
79.515000 2.658527 4.652252 0.947579
79.520000 2.681788 4.612374 0.947725
79.525000 2.704850 4.572147 0.947871
79.530000 2.727711 4.531575 0.948017
79.535000 2.750369 4.490659 0.948164
79.540000 2.772822 4.449403 0.948310
79.545000 2.795069 4.407811 0.948456
79.550000 2.817108 4.365885 0.948602
79.555000 2.838937 4.323628 0.948748
79.560000 2.860555 4.281044 0.948894
79.565000 2.881961 4.238136 0.949040
79.570000 2.903151 4.194907 0.949187
79.575000 2.924126 4.151359 0.949333
79.580000 2.944883 4.107497 0.949479
79.585000 2.965420 4.063324 0.949625
79.590000 2.985737 4.018843 0.949771
79.595000 3.005831 3.974057 0.949918
79.600000 3.025701 3.928969 0.950064
79.605000 3.045346 3.883584 0.950210
79.610000 3.064764 3.837904 0.950356
79.615000 3.083954 3.791932 0.950503
79.620000 3.102913 3.745673 0.950649
79.625000 3.121642 3.699129 0.950795
79.630000 3.140137 3.652305 0.950942
79.635000 3.158399 3.605203 0.951088
79.640000 3.176425 3.557827 0.951234
79.645000 3.194214 3.510180 0.951381
79.650000 3.211765 3.462267 0.951527
79.655000 3.229076 3.414090 0.951673
79.660000 3.246147 3.365654 0.951820
79.665000 3.262975 3.316962 0.951966
79.670000 3.279560 3.268018 0.952112
79.675000 3.295900 3.218824 0.952259
79.680000 3.311994 3.169386 0.952405
79.685000 3.327841 3.119706 0.952552
79.690000 3.343439 3.069788 0.952698
79.695000 3.358788 3.019637 0.952845
79.700000 3.373886 2.969255 0.952991
79.705000 3.388733 2.918646 0.953138
79.710000 3.403326 2.867815 0.953284
79.715000 3.417665 2.816766 0.953431
79.720000 3.431749 2.765501 0.953577
79.725000 3.445576 2.714024 0.953724
79.730000 3.459147 2.662341 0.953870
79.735000 3.472458 2.610453 0.954017
79.740000 3.485510 2.558367 0.954163
79.745000 3.498302 2.506084 0.954310
79.750000 3.510833 2.453609 0.954456
79.755000 3.523101 2.400947 0.954603
79.760000 3.535106 2.348100 0.954749
79.765000 3.546846 2.295074 0.954896
79.770000 3.558321 2.241871 0.955043
79.775000 3.569531 2.188496 0.955189
79.780000 3.580473 2.134953 0.955336
79.785000 3.591148 2.081246 0.955483
79.790000 3.601554 2.027379 0.955629
79.795000 3.611691 1.973356 0.955776
79.800000 3.621558 1.919180 0.955923
79.805000 3.631154 1.864857 0.956069
79.810000 3.640478 1.810390 0.956216
79.815000 3.649530 1.755782 0.956363
79.820000 3.658309 1.701040 0.956509
79.825000 3.666814 1.646165 0.956656
79.830000 3.675045 1.591163 0.956803
79.835000 3.683001 1.536037 0.956950
79.840000 3.690681 1.480792 0.957096
79.845000 3.698085 1.425432 0.957243
79.850000 3.705212 1.369961 0.957390
79.855000 3.712062 1.314382 0.957537
79.860000 3.718634 1.258701 0.957684
79.865000 3.724927 1.202922 0.957831
79.870000 3.730942 1.147048 0.957977
79.875000 3.736677 1.091084 0.958124
79.880000 3.742133 1.035034 0.958271
79.885000 3.747308 0.978902 0.958418
79.890000 3.752202 0.922692 0.958565
79.895000 3.756816 0.866409 0.958712
79.900000 3.761148 0.810057 0.958859
79.905000 3.765198 0.753640 0.959006
79.910000 3.768966 0.697162 0.959152
79.915000 3.772452 0.640627 0.959299
79.920000 3.775655 0.584040 0.959446
79.925000 3.778575 0.527406 0.959593
79.930000 3.781212 0.470727 0.959740
79.935000 3.783566 0.414009 0.959887
79.940000 3.785636 0.357255 0.960034
79.945000 3.787422 0.300471 0.960181
79.950000 3.788925 0.243659 0.960328
79.955000 3.790143 0.186825 0.960475
79.960000 3.791077 0.129973 0.960622
79.965000 3.791727 0.073107 0.960769
79.970000 3.792093 0.016231 0.960916
79.975000 3.792174 -0.040650 0.961063
79.980000 3.791970 -0.097533 0.961211
79.985000 3.791483 -0.154412 0.961358
79.990000 3.790711 -0.211285 0.961505
79.995000 3.789654 -0.268145 0.961652
80.000000 3.788314 -0.324990 0.961799
80.005000 3.786689 -0.381815 0.961946
80.010000 3.784780 -0.438615 0.962093
80.015000 3.782586 -0.495387 0.962240
80.020000 3.780110 -0.552126 0.962388
80.025000 3.777349 -0.608827 0.962535
80.030000 3.774305 -0.665487 0.962682
80.035000 3.770977 -0.722102 0.962829
80.040000 3.767367 -0.778667 0.962976
80.045000 3.763474 -0.835177 0.963124
80.050000 3.759298 -0.891629 0.963271
80.055000 3.754839 -0.948019 0.963418
80.060000 3.750099 -1.004341 0.963565
80.065000 3.745078 -1.060593 0.963713
80.070000 3.739775 -1.116769 0.963860
80.075000 3.734191 -1.172866 0.964007
80.080000 3.728327 -1.228878 0.964154
80.085000 3.722182 -1.284803 0.964302
80.090000 3.715758 -1.340636 0.964449
80.095000 3.709055 -1.396372 0.964596
80.100000 3.702073 -1.452008 0.964744
80.105000 3.694813 -1.507539 0.964891
80.110000 3.687275 -1.562962 0.965039
80.115000 3.679461 -1.618271 0.965186
80.120000 3.671369 -1.673463 0.965333
80.125000 3.663002 -1.728533 0.965481
80.130000 3.654359 -1.783478 0.965628
80.135000 3.645442 -1.838294 0.965776
80.140000 3.636250 -1.892975 0.965923
80.145000 3.626785 -1.947519 0.966070
80.150000 3.617048 -2.001921 0.966218
80.155000 3.607038 -2.056176 0.966365
80.160000 3.596757 -2.110282 0.966513
80.165000 3.586206 -2.164233 0.966660
80.170000 3.575385 -2.218026 0.966808
80.175000 3.564295 -2.271657 0.966955
80.180000 3.552936 -2.325122 0.967103
80.185000 3.541311 -2.378416 0.967250
80.190000 3.529419 -2.431535 0.967398
80.195000 3.517261 -2.484477 0.967545
80.200000 3.504839 -2.537236 0.967693
80.205000 3.492152 -2.589808 0.967841
80.210000 3.479203 -2.642190 0.967988
80.215000 3.465992 -2.694378 0.968136
80.220000 3.452521 -2.746368 0.968283
80.225000 3.438789 -2.798156 0.968431
80.230000 3.424798 -2.849738 0.968579
80.235000 3.410549 -2.901110 0.968726
80.240000 3.396044 -2.952268 0.968874
80.245000 3.381282 -3.003209 0.969022
80.250000 3.366266 -3.053928 0.969169
80.255000 3.350997 -3.104422 0.969317
80.260000 3.335475 -3.154687 0.969465
80.265000 3.319701 -3.204719 0.969612
80.270000 3.303678 -3.254515 0.969760
80.275000 3.287405 -3.304070 0.969908
80.280000 3.270885 -3.353381 0.970056
80.285000 3.254118 -3.402444 0.970203
80.290000 3.237106 -3.451256 0.970351
80.295000 3.219849 -3.499813 0.970499
80.300000 3.202350 -3.548110 0.970647
80.305000 3.184610 -3.596146 0.970794
80.310000 3.166629 -3.643915 0.970942
80.315000 3.148409 -3.691414 0.971090
80.320000 3.129952 -3.738640 0.971238
80.325000 3.111259 -3.785590 0.971386
80.330000 3.092331 -3.832258 0.971534
80.335000 3.073170 -3.878643 0.971681
80.340000 3.053777 -3.924741 0.971829
80.345000 3.034153 -3.970548 0.971977
80.350000 3.014300 -4.016060 0.972125
80.355000 2.994220 -4.061274 0.972273
80.360000 2.973913 -4.106188 0.972421
80.365000 2.953383 -4.150796 0.972569
80.370000 2.932629 -4.195097 0.972717
80.375000 2.911653 -4.239087 0.972865
80.380000 2.890458 -4.282761 0.973013
80.385000 2.869044 -4.326118 0.973161
80.390000 2.847413 -4.369154 0.973309
80.395000 2.825567 -4.411865 0.973457
80.400000 2.803508 -4.454249 0.973605
80.405000 2.781237 -4.496301 0.973753
80.410000 2.758755 -4.538020 0.973901
80.415000 2.736065 -4.579401 0.974049
80.420000 2.713168 -4.620442 0.974197
80.425000 2.690066 -4.661140 0.974345
80.430000 2.666760 -4.701491 0.974493
80.435000 2.643253 -4.741492 0.974641
80.440000 2.619545 -4.781141 0.974789
80.445000 2.595640 -4.820434 0.974937
80.450000 2.571538 -4.859369 0.975085
80.455000 2.547241 -4.897942 0.975234
80.460000 2.522751 -4.936150 0.975382
80.465000 2.498070 -4.973991 0.975530
80.470000 2.473200 -5.011463 0.975678
80.475000 2.448143 -5.048561 0.975826
80.480000 2.422900 -5.085283 0.975974
80.485000 2.397474 -5.121626 0.976123
80.490000 2.371866 -5.157588 0.976271
80.495000 2.346078 -5.193166 0.976419
80.500000 2.320112 -5.228357 0.976567
80.505000 2.293970 -5.263159 0.976715
80.510000 2.267654 -5.297569 0.976864
80.515000 2.241166 -5.331583 0.977012
80.520000 2.214509 -5.365201 0.977160
80.525000 2.187683 -5.398419 0.977309
80.530000 2.160690 -5.431234 0.977457
80.535000 2.133534 -5.463644 0.977605
80.540000 2.106216 -5.495647 0.977753
80.545000 2.078738 -5.527240 0.977902
80.550000 2.051102 -5.558422 0.978050
80.555000 2.023310 -5.589188 0.978199
80.560000 1.995364 -5.619538 0.978347
80.565000 1.967266 -5.649468 0.978495
80.570000 1.939019 -5.678977 0.978644
80.575000 1.910624 -5.708062 0.978792
80.580000 1.882083 -5.736722 0.978940
80.585000 1.853400 -5.764953 0.979089
80.590000 1.824575 -5.792754 0.979237
80.595000 1.795611 -5.820123 0.979386
80.600000 1.766511 -5.847057 0.979534
80.605000 1.737275 -5.873554 0.979683
80.610000 1.707908 -5.899614 0.979831
80.615000 1.678409 -5.925232 0.979980
80.620000 1.648783 -5.950408 0.980128
80.625000 1.619031 -5.975140 0.980277
80.630000 1.589156 -5.999426 0.980425
80.635000 1.559158 -6.023263 0.980574
80.640000 1.529042 -6.046650 0.980722
80.645000 1.498809 -6.069586 0.980871
80.650000 1.468461 -6.092068 0.981019
80.655000 1.438001 -6.114095 0.981168
80.660000 1.407430 -6.135665 0.981317
80.665000 1.376752 -6.156776 0.981465
80.670000 1.345968 -6.177428 0.981614
80.675000 1.315081 -6.197617 0.981762
80.680000 1.284093 -6.217343 0.981911
80.685000 1.253006 -6.236605 0.982060
80.690000 1.221823 -6.255400 0.982208
80.695000 1.190546 -6.273727 0.982357
80.700000 1.159177 -6.291585 0.982506
80.705000 1.127719 -6.308973 0.982654
80.710000 1.096175 -6.325889 0.982803
80.715000 1.064545 -6.342332 0.982952
80.720000 1.032833 -6.358300 0.983100
80.725000 1.001042 -6.373792 0.983249
80.730000 0.969173 -6.388808 0.983398
80.735000 0.937229 -6.403345 0.983547
80.740000 0.905212 -6.417404 0.983695
80.745000 0.873125 -6.430982 0.983844
80.750000 0.840970 -6.444079 0.983993
80.755000 0.808750 -6.456693 0.984142
80.760000 0.776466 -6.468825 0.984291
80.765000 0.744122 -6.480472 0.984439
80.770000 0.711720 -6.491634 0.984588
80.775000 0.679262 -6.502309 0.984737
80.780000 0.646750 -6.512498 0.984886
80.785000 0.614188 -6.522200 0.985035
80.790000 0.581577 -6.531412 0.985184
80.795000 0.548920 -6.540136 0.985333
80.800000 0.516219 -6.548370 0.985482
80.805000 0.483477 -6.556113 0.985630
80.810000 0.450697 -6.563365 0.985779
80.815000 0.417880 -6.570126 0.985928
80.820000 0.385029 -6.576394 0.986077
80.825000 0.352147 -6.582169 0.986226
80.830000 0.319236 -6.587452 0.986375
80.835000 0.286299 -6.592240 0.986524
80.840000 0.253338 -6.596535 0.986673
80.845000 0.220355 -6.600335 0.986822
80.850000 0.187354 -6.603640 0.986971
80.855000 0.154335 -6.606450 0.987120
80.860000 0.121303 -6.608765 0.987269
80.865000 0.088259 -6.610585 0.987418
80.870000 0.055206 -6.611909 0.987567
80.875000 0.022147 -6.612737 0.987716
80.880000 -0.010917 -6.613069 0.987865
80.885000 -0.043982 -6.612905 0.988015
80.890000 -0.077047 -6.612246 0.988164
80.895000 -0.110108 -6.611090 0.988313
80.900000 -0.143163 -6.609438 0.988462
80.905000 -0.176211 -6.607291 0.988611
80.910000 -0.209247 -6.604648 0.988760
80.915000 -0.242270 -6.601509 0.988909
80.920000 -0.275278 -6.597875 0.989058
80.925000 -0.308267 -6.593746 0.989208
80.930000 -0.341236 -6.589122 0.989357
80.935000 -0.374182 -6.584003 0.989506
80.940000 -0.407102 -6.578390 0.989655
80.945000 -0.439994 -6.572284 0.989804
80.950000 -0.472855 -6.565684 0.989954
80.955000 -0.505683 -6.558591 0.990103
80.960000 -0.538476 -6.551006 0.990252
80.965000 -0.571231 -6.542929 0.990401
80.970000 -0.603946 -6.534360 0.990551
80.975000 -0.636618 -6.525301 0.990700
80.980000 -0.669244 -6.515752 0.990849
80.985000 -0.701823 -6.505713 0.990999
80.990000 -0.734352 -6.495186 0.991148
80.995000 -0.766828 -6.484171 0.991297
81.000000 -0.799248 -6.472668 0.991447
81.005000 -0.831612 -6.460679 0.991596
81.010000 -0.863915 -6.448205 0.991745
81.015000 -0.896156 -6.435246 0.991895
81.020000 -0.928332 -6.421804 0.992044
81.025000 -0.960441 -6.407879 0.992194
81.030000 -0.992481 -6.393473 0.992343
81.035000 -1.024448 -6.378585 0.992492
81.040000 -1.056341 -6.363219 0.992642
81.045000 -1.088157 -6.347373 0.992791
81.050000 -1.119894 -6.331051 0.992941
81.055000 -1.151549 -6.314253 0.993090
81.060000 -1.183121 -6.296979 0.993240
81.065000 -1.214606 -6.279233 0.993389
81.070000 -1.246002 -6.261014 0.993539
81.075000 -1.277307 -6.242324 0.993688
81.080000 -1.308518 -6.223164 0.993838
81.085000 -1.339634 -6.203536 0.993987
81.090000 -1.370652 -6.183442 0.994137
81.095000 -1.401569 -6.162882 0.994286
81.100000 -1.432384 -6.141858 0.994436
81.105000 -1.463093 -6.120373 0.994586
81.110000 -1.493695 -6.098426 0.994735
81.115000 -1.524187 -6.076021 0.994885
81.120000 -1.554567 -6.053158 0.995034
81.125000 -1.584833 -6.029839 0.995184
81.130000 -1.614982 -6.006067 0.995334
81.135000 -1.645012 -5.981842 0.995483
81.140000 -1.674921 -5.957167 0.995633
81.145000 -1.704707 -5.932043 0.995783
81.150000 -1.734367 -5.906473 0.995932
81.155000 -1.763900 -5.880457 0.996082
81.160000 -1.793302 -5.853999 0.996232
81.165000 -1.822572 -5.827099 0.996381
81.170000 -1.851708 -5.799761 0.996531
81.175000 -1.880706 -5.771985 0.996681
81.180000 -1.909566 -5.743774 0.996831
81.185000 -1.938285 -5.715131 0.996980
81.190000 -1.966861 -5.686057 0.997130
81.195000 -1.995291 -5.656554 0.997280
81.200000 -2.023574 -5.626624 0.997430
81.205000 -2.051707 -5.596271 0.997580
81.210000 -2.079688 -5.565495 0.997729
81.215000 -2.107516 -5.534300 0.997879
81.220000 -2.135187 -5.502687 0.998029
81.225000 -2.162701 -5.470659 0.998179
81.230000 -2.190054 -5.438219 0.998329
81.235000 -2.217245 -5.405368 0.998479
81.240000 -2.244272 -5.372109 0.998629
81.245000 -2.271133 -5.338445 0.998778
81.250000 -2.297825 -5.304378 0.998928
81.255000 -2.324347 -5.269911 0.999078
81.260000 -2.350696 -5.235046 0.999228
81.265000 -2.376871 -5.199785 0.999378
81.270000 -2.402870 -5.164132 0.999528
81.275000 -2.428691 -5.128089 0.999678
81.280000 -2.454332 -5.091659 0.999828
81.285000 -2.479790 -5.054844 0.999978
81.290000 -2.505064 -5.017647 1.000128
81.295000 -2.530152 -4.980071 1.000278
81.300000 -2.555053 -4.942119 1.000428
81.305000 -2.579763 -4.903793 1.000578
81.310000 -2.604282 -4.865096 1.000728
81.315000 -2.628608 -4.826032 1.000878
81.320000 -2.652738 -4.786603 1.001028
81.325000 -2.676671 -4.746812 1.001178
81.330000 -2.700405 -4.706662 1.001328
81.335000 -2.723938 -4.666156 1.001478
81.340000 -2.747269 -4.625297 1.001629
81.345000 -2.770395 -4.584088 1.001779
81.350000 -2.793316 -4.542532 1.001929
81.355000 -2.816029 -4.500632 1.002079
81.360000 -2.838532 -4.458392 1.002229
81.365000 -2.860824 -4.415814 1.002379
81.370000 -2.882903 -4.372901 1.002530
81.375000 -2.904767 -4.329658 1.002680
81.380000 -2.926416 -4.286086 1.002830
81.385000 -2.947846 -4.242190 1.002980
81.390000 -2.969057 -4.197972 1.003130
81.395000 -2.990047 -4.153436 1.003281
81.400000 -3.010814 -4.108586 1.003431
81.405000 -3.031357 -4.063423 1.003581
81.410000 -3.051674 -4.017953 1.003731
81.415000 -3.071764 -3.972178 1.003882
81.420000 -3.091625 -3.926102 1.004032
81.425000 -3.111255 -3.879727 1.004182
81.430000 -3.130654 -3.833058 1.004333
81.435000 -3.149819 -3.786099 1.004483
81.440000 -3.168750 -3.738851 1.004633
81.445000 -3.187444 -3.691320 1.004784
81.450000 -3.205900 -3.643508 1.004934
81.455000 -3.224118 -3.595420 1.005084
81.460000 -3.242095 -3.547058 1.005235
81.465000 -3.259830 -3.498427 1.005385
81.470000 -3.277322 -3.449529 1.005535
81.475000 -3.294570 -3.400369 1.005686
81.480000 -3.311572 -3.350951 1.005836
81.485000 -3.328327 -3.301277 1.005987
81.490000 -3.344833 -3.251352 1.006137
81.495000 -3.361090 -3.201180 1.006288
81.500000 -3.377096 -3.150763 1.006438
81.505000 -3.392850 -3.100107 1.006589
81.510000 -3.408350 -3.049214 1.006739
81.515000 -3.423596 -2.998089 1.006890
81.520000 -3.438587 -2.946735 1.007040
81.525000 -3.453320 -2.895156 1.007191
81.530000 -3.467796 -2.843356 1.007341
81.535000 -3.482013 -2.791340 1.007492
81.540000 -3.495970 -2.739109 1.007642
81.545000 -3.509665 -2.686670 1.007793
81.550000 -3.523098 -2.634025 1.007943
81.555000 -3.536269 -2.581178 1.008094
81.560000 -3.549175 -2.528134 1.008245
81.565000 -3.561815 -2.474897 1.008395
81.570000 -3.574190 -2.421469 1.008546
81.575000 -3.586297 -2.367857 1.008697
81.580000 -3.598136 -2.314062 1.008847
81.585000 -3.609707 -2.260090 1.008998
81.590000 -3.621007 -2.205945 1.009149
81.595000 -3.632037 -2.151629 1.009299
81.600000 -3.642795 -2.097149 1.009450
81.605000 -3.653281 -2.042507 1.009601
81.610000 -3.663493 -1.987708 1.009751
81.615000 -3.673432 -1.932755 1.009902
81.620000 -3.683096 -1.877654 1.010053
81.625000 -3.692484 -1.822407 1.010204
81.630000 -3.701596 -1.767020 1.010354
81.635000 -3.710431 -1.711496 1.010505
81.640000 -3.718988 -1.655840 1.010656
81.645000 -3.727268 -1.600055 1.010807
81.650000 -3.735268 -1.544146 1.010958
81.655000 -3.742989 -1.488117 1.011108
81.660000 -3.750429 -1.431972 1.011259
81.665000 -3.757589 -1.375716 1.011410
81.670000 -3.764468 -1.319352 1.011561
81.675000 -3.771064 -1.262885 1.011712
81.680000 -3.777379 -1.206319 1.011863
81.685000 -3.783410 -1.149658 1.012013
81.690000 -3.789159 -1.092907 1.012164
81.695000 -3.794623 -1.036070 1.012315
81.700000 -3.799804 -0.979150 1.012466
81.705000 -3.804699 -0.922153 1.012617
81.710000 -3.809310 -0.865083 1.012768
81.715000 -3.813636 -0.807943 1.012919
81.720000 -3.817675 -0.750739 1.013070
81.725000 -3.821429 -0.693473 1.013221
81.730000 -3.824896 -0.636152 1.013372
81.735000 -3.828077 -0.578779 1.013523
81.740000 -3.830971 -0.521357 1.013674
81.745000 -3.833578 -0.463893 1.013825
81.750000 -3.835897 -0.406389 1.013976
81.755000 -3.837929 -0.348851 1.014127
81.760000 -3.839673 -0.291282 1.014278
81.765000 -3.841130 -0.233687 1.014429
81.770000 -3.842298 -0.176070 1.014580
81.775000 -3.843179 -0.118435 1.014731
81.780000 -3.843771 -0.060788 1.014883
81.785000 -3.844075 -0.003131 1.015034
81.790000 -3.844090 0.054530 1.015185
81.795000 -3.843818 0.112191 1.015336
81.800000 -3.843257 0.169849 1.015487
81.805000 -3.842407 0.227498 1.015638
81.810000 -3.841270 0.285134 1.015789
81.815000 -3.839844 0.342753 1.015941
81.820000 -3.838131 0.400350 1.016092
81.825000 -3.836129 0.457922 1.016243
81.830000 -3.833839 0.515464 1.016394
81.835000 -3.831262 0.572972 1.016545
81.840000 -3.828397 0.630441 1.016697
81.845000 -3.825245 0.687867 1.016848
81.850000 -3.821805 0.745245 1.016999
81.855000 -3.818079 0.802573 1.017150
81.860000 -3.814066 0.859844 1.017302
81.865000 -3.809767 0.917055 1.017453
81.870000 -3.805182 0.974201 1.017604
81.875000 -3.800311 1.031279 1.017756
81.880000 -3.795155 1.088284 1.017907
81.885000 -3.789713 1.145211 1.018058
81.890000 -3.783987 1.202057 1.018210
81.895000 -3.777977 1.258816 1.018361
81.900000 -3.771683 1.315486 1.018512
81.905000 -3.765105 1.372061 1.018664
81.910000 -3.758245 1.428538 1.018815
81.915000 -3.751102 1.484912 1.018967
81.920000 -3.743678 1.541178 1.019118
81.925000 -3.735972 1.597333 1.019270
81.930000 -3.727985 1.653373 1.019421
81.935000 -3.719718 1.709293 1.019572
81.940000 -3.711172 1.765088 1.019724
81.945000 -3.702346 1.820756 1.019875
81.950000 -3.693243 1.876291 1.020027
81.955000 -3.683861 1.931690 1.020178
81.960000 -3.674203 1.986948 1.020330
81.965000 -3.664268 2.042061 1.020481
81.970000 -3.654058 2.097025 1.020633
81.975000 -3.643573 2.151836 1.020784
81.980000 -3.632813 2.206489 1.020936
81.985000 -3.621781 2.260981 1.021088
81.990000 -3.610476 2.315308 1.021239
81.995000 -3.598899 2.369465 1.021391
82.000000 -3.587052 2.423449 1.021542
82.005000 -3.574935 2.477255 1.021694
82.010000 -3.562549 2.530879 1.021846
82.015000 -3.549894 2.584317 1.021997
82.020000 -3.536973 2.637565 1.022149
82.025000 -3.523785 2.690620 1.022301
82.030000 -3.510332 2.743477 1.022452
82.035000 -3.496614 2.796132 1.022604
82.040000 -3.482634 2.848581 1.022756
82.045000 -3.468391 2.900820 1.022907
82.050000 -3.453887 2.952846 1.023059
82.055000 -3.439122 3.004654 1.023211
82.060000 -3.424099 3.056241 1.023363
82.065000 -3.408818 3.107603 1.023514
82.070000 -3.393280 3.158735 1.023666
82.075000 -3.377486 3.209634 1.023818
82.080000 -3.361438 3.260297 1.023970
82.085000 -3.345137 3.310718 1.024121
82.090000 -3.328583 3.360895 1.024273
82.095000 -3.311779 3.410824 1.024425
82.100000 -3.294724 3.460501 1.024577
82.105000 -3.277422 3.509921 1.024729
82.110000 -3.259872 3.559083 1.024881
82.115000 -3.242077 3.607981 1.025032
82.120000 -3.224037 3.656612 1.025184
82.125000 -3.205754 3.704973 1.025336
82.130000 -3.187229 3.753059 1.025488
82.135000 -3.168464 3.800867 1.025640
82.140000 -3.149459 3.848394 1.025792
82.145000 -3.130217 3.895636 1.025944
82.150000 -3.110739 3.942589 1.026096
82.155000 -3.091026 3.989251 1.026248
82.160000 -3.071080 4.035616 1.026400
82.165000 -3.050902 4.081682 1.026552
82.170000 -3.030494 4.127446 1.026704
82.175000 -3.009856 4.172903 1.026856
82.180000 -2.988992 4.218051 1.027008
82.185000 -2.967902 4.262886 1.027160
82.190000 -2.946587 4.307404 1.027312
82.195000 -2.925050 4.351603 1.027464
82.200000 -2.903292 4.395479 1.027616
82.205000 -2.881315 4.439028 1.027768
82.210000 -2.859120 4.482248 1.027920
82.215000 -2.836708 4.525135 1.028072
82.220000 -2.814083 4.567685 1.028224
82.225000 -2.791244 4.609897 1.028376
82.230000 -2.768195 4.651765 1.028528
82.235000 -2.744936 4.693288 1.028681
82.240000 -2.721469 4.734462 1.028833
82.245000 -2.697797 4.775284 1.028985
82.250000 -2.673921 4.815751 1.029137
82.255000 -2.649842 4.855860 1.029289
82.260000 -2.625563 4.895608 1.029442
82.265000 -2.601085 4.934991 1.029594
82.270000 -2.576410 4.974007 1.029746
82.275000 -2.551540 5.012654 1.029898
82.280000 -2.526476 5.050927 1.030050
82.285000 -2.501222 5.088824 1.030203
82.290000 -2.475778 5.126342 1.030355
82.295000 -2.450146 5.163479 1.030507
82.300000 -2.424329 5.200231 1.030659
82.305000 -2.398327 5.236596 1.030812
82.310000 -2.372144 5.272571 1.030964
82.315000 -2.345782 5.308153 1.031116
82.320000 -2.319241 5.343340 1.031269
82.325000 -2.292524 5.378128 1.031421
82.330000 -2.265633 5.412516 1.031573
82.335000 -2.238571 5.446501 1.031726
82.340000 -2.211338 5.480079 1.031878
82.345000 -2.183938 5.513249 1.032031
82.350000 -2.156372 5.546008 1.032183
82.355000 -2.128642 5.578354 1.032335
82.360000 -2.100750 5.610284 1.032488
82.365000 -2.072698 5.641795 1.032640
82.370000 -2.044490 5.672885 1.032793
82.375000 -2.016125 5.703553 1.032945
82.380000 -1.987607 5.733795 1.033098
82.385000 -1.958938 5.763609 1.033250
82.390000 -1.930120 5.792993 1.033403
82.395000 -1.901155 5.821945 1.033555
82.400000 -1.872046 5.850462 1.033708
82.405000 -1.842793 5.878543 1.033860
82.410000 -1.813401 5.906184 1.034013
82.415000 -1.783870 5.933385 1.034165
82.420000 -1.754203 5.960143 1.034318
82.425000 -1.724402 5.986457 1.034470
82.430000 -1.694470 6.012323 1.034623
82.435000 -1.664408 6.037740 1.034776
82.440000 -1.634219 6.062706 1.034928
82.445000 -1.603906 6.087219 1.035081
82.450000 -1.573470 6.111278 1.035233
82.455000 -1.542913 6.134880 1.035386
82.460000 -1.512239 6.158023 1.035539
82.465000 -1.481449 6.180707 1.035691
82.470000 -1.450545 6.202929 1.035844
82.475000 -1.419531 6.224687 1.035997
82.480000 -1.388407 6.245980 1.036149
82.485000 -1.357177 6.266806 1.036302
82.490000 -1.325843 6.287164 1.036455
82.495000 -1.294408 6.307051 1.036608
82.500000 -1.262872 6.326467 1.036760
82.505000 -1.231240 6.345410 1.036913
82.510000 -1.199513 6.363879 1.037066
82.515000 -1.167694 6.381872 1.037219
82.520000 -1.135784 6.399387 1.037371
82.525000 -1.103787 6.416424 1.037524
82.530000 -1.071705 6.432981 1.037677
82.535000 -1.039540 6.449056 1.037830
82.540000 -1.007295 6.464649 1.037983
82.545000 -0.974972 6.479759 1.038136
82.550000 -0.942573 6.494383 1.038288
82.555000 -0.910101 6.508522 1.038441
82.560000 -0.877558 6.522173 1.038594
82.565000 -0.844947 6.535337 1.038747
82.570000 -0.812271 6.548011 1.038900
82.575000 -0.779531 6.560195 1.039053
82.580000 -0.746730 6.571888 1.039206
82.585000 -0.713870 6.583089 1.039359
82.590000 -0.680955 6.593797 1.039512
82.595000 -0.647986 6.604011 1.039665
82.600000 -0.614966 6.613731 1.039818
82.605000 -0.581897 6.622956 1.039971
82.610000 -0.548782 6.631684 1.040124
82.615000 -0.515624 6.639916 1.040277
82.620000 -0.482424 6.647650 1.040430
82.625000 -0.449186 6.654887 1.040583
82.630000 -0.415912 6.661624 1.040736
82.635000 -0.382604 6.667863 1.040889
82.640000 -0.349264 6.673602 1.041042
82.645000 -0.315896 6.678841 1.041195
82.650000 -0.282502 6.683580 1.041348
82.655000 -0.249084 6.687817 1.041501
82.660000 -0.215645 6.691553 1.041654
82.665000 -0.182187 6.694788 1.041807
82.670000 -0.148713 6.697521 1.041961
82.675000 -0.115226 6.699752 1.042114
82.680000 -0.081727 6.701480 1.042267
82.685000 -0.048220 6.702706 1.042420
82.690000 -0.014706 6.703429 1.042573
82.695000 0.018811 6.703650 1.042726
82.700000 0.052329 6.703368 1.042880
82.705000 0.085846 6.702583 1.043033
82.710000 0.119359 6.701295 1.043186
82.715000 0.152866 6.699505 1.043339
82.720000 0.186363 6.697212 1.043493
82.725000 0.219849 6.694416 1.043646
82.730000 0.253321 6.691118 1.043799
82.735000 0.286777 6.687319 1.043952
82.740000 0.320213 6.683017 1.044106
82.745000 0.353628 6.678214 1.044259
82.750000 0.387020 6.672909 1.044412
82.755000 0.420384 6.667104 1.044566
82.760000 0.453720 6.660798 1.044719
82.765000 0.487024 6.653992 1.044872
82.770000 0.520294 6.646687 1.045026
82.775000 0.553527 6.638883 1.045179
82.780000 0.586721 6.630580 1.045332
82.785000 0.619874 6.621779 1.045486
82.790000 0.652983 6.612481 1.045639
82.795000 0.686046 6.602686 1.045793
82.800000 0.719059 6.592395 1.045946
82.805000 0.752021 6.581610 1.046100
82.810000 0.784929 6.570329 1.046253
82.815000 0.817781 6.558555 1.046406
82.820000 0.850573 6.546289 1.046560
82.825000 0.883305 6.533530 1.046713
82.830000 0.915973 6.520280 1.046867
82.835000 0.948574 6.506541 1.047020
82.840000 0.981107 6.492312 1.047174
82.845000 1.013568 6.477596 1.047328
82.850000 1.045956 6.462392 1.047481
82.855000 1.078268 6.446703 1.047635
82.860000 1.110502 6.430529 1.047788
82.865000 1.142654 6.413871 1.047942
82.870000 1.174724 6.396731 1.048095
82.875000 1.206707 6.379110 1.048249
82.880000 1.238603 6.361010 1.048403
82.885000 1.270408 6.342431 1.048556
82.890000 1.302120 6.323375 1.048710
82.895000 1.333737 6.303843 1.048864
82.900000 1.365256 6.283837 1.049017
82.905000 1.396675 6.263358 1.049171
82.910000 1.427992 6.242408 1.049325
82.915000 1.459204 6.220988 1.049478
82.920000 1.490309 6.199100 1.049632
82.925000 1.521305 6.176745 1.049786
82.930000 1.552188 6.153926 1.049939
82.935000 1.582958 6.130643 1.050093
82.940000 1.613611 6.106899 1.050247
82.945000 1.644146 6.082694 1.050401
82.950000 1.674559 6.058032 1.050555
82.955000 1.704849 6.032914 1.050708
82.960000 1.735014 6.007341 1.050862
82.965000 1.765051 5.981316 1.051016
82.970000 1.794957 5.954840 1.051170
82.975000 1.824731 5.927916 1.051324
82.980000 1.854371 5.900545 1.051477
82.985000 1.883874 5.872729 1.051631
82.990000 1.913237 5.844471 1.051785
82.995000 1.942460 5.815773 1.051939
83.000000 1.971539 5.786636 1.052093
83.005000 2.000472 5.757063 1.052247
83.010000 2.029257 5.727055 1.052401
83.015000 2.057892 5.696617 1.052555
83.020000 2.086375 5.665748 1.052709
83.025000 2.114704 5.634453 1.052863
83.030000 2.142876 5.602732 1.053017
83.035000 2.170890 5.570589 1.053171
83.040000 2.198743 5.538026 1.053325
83.045000 2.226433 5.505044 1.053479
83.050000 2.253958 5.471648 1.053633
83.055000 2.281317 5.437839 1.053787
83.060000 2.308506 5.403619 1.053941
83.065000 2.335524 5.368991 1.054095
83.070000 2.362369 5.333958 1.054249
83.075000 2.389039 5.298523 1.054403
83.080000 2.415531 5.262687 1.054557
83.085000 2.441845 5.226454 1.054711
83.090000 2.467977 5.189827 1.054865
83.095000 2.493926 5.152807 1.055019
83.100000 2.519690 5.115398 1.055173
83.105000 2.545267 5.077603 1.055327
83.110000 2.570655 5.039424 1.055482
83.115000 2.595852 5.000864 1.055636
83.120000 2.620857 4.961926 1.055790
83.125000 2.645666 4.922613 1.055944
83.130000 2.670279 4.882928 1.056098
83.135000 2.694694 4.842874 1.056252
83.140000 2.718908 4.802454 1.056407
83.145000 2.742921 4.761670 1.056561
83.150000 2.766729 4.720526 1.056715
83.155000 2.790332 4.679025 1.056869
83.160000 2.813727 4.637170 1.057024
83.165000 2.836912 4.594964 1.057178
83.170000 2.859887 4.552411 1.057332
83.175000 2.882649 4.509512 1.057487
83.180000 2.905197 4.466273 1.057641
83.185000 2.927528 4.422695 1.057795
83.190000 2.949642 4.378782 1.057950
83.195000 2.971536 4.334537 1.058104
83.200000 2.993208 4.289964 1.058258
83.205000 3.014658 4.245066 1.058413
83.210000 3.035884 4.199846 1.058567
83.215000 3.056883 4.154308 1.058721
83.220000 3.077654 4.108455 1.058876
83.225000 3.098197 4.062290 1.059030
83.230000 3.118508 4.015817 1.059185
83.235000 3.138587 3.969039 1.059339
83.240000 3.158432 3.921960 1.059494
83.245000 3.178042 3.874584 1.059648
83.250000 3.197415 3.826913 1.059802
83.255000 3.216550 3.778952 1.059957
83.260000 3.235444 3.730704 1.060111
83.265000 3.254098 3.682172 1.060266
83.270000 3.272509 3.633361 1.060420
83.275000 3.290676 3.584273 1.060575
83.280000 3.308597 3.534913 1.060730
83.285000 3.326271 3.485284 1.060884
83.290000 3.343698 3.435390 1.061039
83.295000 3.360875 3.385234 1.061193
83.300000 3.377801 3.334821 1.061348
83.305000 3.394475 3.284154 1.061502
83.310000 3.410896 3.233237 1.061657
83.315000 3.427062 3.182074 1.061812
83.320000 3.442972 3.130668 1.061966
83.325000 3.458626 3.079023 1.062121
83.330000 3.474021 3.027144 1.062276
83.335000 3.489157 2.975034 1.062430
83.340000 3.504032 2.922696 1.062585
83.345000 3.518645 2.870136 1.062740
83.350000 3.532996 2.817356 1.062894
83.355000 3.547083 2.764361 1.063049
83.360000 3.560905 2.711155 1.063204
83.365000 3.574460 2.657741 1.063359
83.370000 3.587749 2.604124 1.063513
83.375000 3.600770 2.550308 1.063668
83.380000 3.613521 2.496297 1.063823
83.385000 3.626003 2.442094 1.063978
83.390000 3.638213 2.387704 1.064132
83.395000 3.650152 2.333131 1.064287
83.400000 3.661817 2.278378 1.064442
83.405000 3.673209 2.223451 1.064597
83.410000 3.684326 2.168353 1.064752
83.415000 3.695168 2.113088 1.064907
83.420000 3.705734 2.057660 1.065061
83.425000 3.716022 2.002074 1.065216
83.430000 3.726032 1.946334 1.065371
83.435000 3.735764 1.890444 1.065526
83.440000 3.745216 1.834407 1.065681
83.445000 3.754388 1.778229 1.065836
83.450000 3.763279 1.721913 1.065991
83.455000 3.771889 1.665464 1.066146
83.460000 3.780216 1.608886 1.066301
83.465000 3.788261 1.552182 1.066456
83.470000 3.796022 1.495358 1.066611
83.475000 3.803498 1.438418 1.066766
83.480000 3.810690 1.381366 1.066921
83.485000 3.817597 1.324205 1.067076
83.490000 3.824218 1.266941 1.067231
83.495000 3.830553 1.209578 1.067386
83.500000 3.836601 1.152120 1.067541
83.505000 3.842362 1.094571 1.067696
83.510000 3.847834 1.036935 1.067851
83.515000 3.853019 0.979218 1.068006
83.520000 3.857915 0.921423 1.068161
83.525000 3.862522 0.863554 1.068316
83.530000 3.866840 0.805616 1.068471
83.535000 3.870868 0.747613 1.068627
83.540000 3.874606 0.689550 1.068782
83.545000 3.878054 0.631431 1.068937
83.550000 3.881211 0.573260 1.069092
83.555000 3.884077 0.515042 1.069247
83.560000 3.886653 0.456781 1.069402
83.565000 3.888937 0.398481 1.069558
83.570000 3.890929 0.340147 1.069713
83.575000 3.892630 0.281783 1.069868
83.580000 3.894039 0.223394 1.070023
83.585000 3.895156 0.164983 1.070179
83.590000 3.895980 0.106556 1.070334
83.595000 3.896513 0.048116 1.070489
83.600000 3.896754 -0.010331 1.070644
83.605000 3.896702 -0.068783 1.070800
83.610000 3.896358 -0.127233 1.070955
83.615000 3.895722 -0.185679 1.071110
83.620000 3.894794 -0.244114 1.071266
83.625000 3.893573 -0.302536 1.071421
83.630000 3.892060 -0.360940 1.071576
83.635000 3.890256 -0.419321 1.071732
83.640000 3.888159 -0.477675 1.071887
83.645000 3.885771 -0.535997 1.072043
83.650000 3.883091 -0.594284 1.072198
83.655000 3.880119 -0.652530 1.072353
83.660000 3.876857 -0.710732 1.072509
83.665000 3.873303 -0.768885 1.072664
83.670000 3.869459 -0.826984 1.072820
83.675000 3.865324 -0.885026 1.072975
83.680000 3.860899 -0.943006 1.073131
83.685000 3.856184 -1.000919 1.073286
83.690000 3.851179 -1.058762 1.073442
83.695000 3.845885 -1.116530 1.073597
83.700000 3.840302 -1.174218 1.073753
83.705000 3.834431 -1.231823 1.073908
83.710000 3.828272 -1.289339 1.074064
83.715000 3.821826 -1.346763 1.074219
83.720000 3.815092 -1.404091 1.074375
83.725000 3.808071 -1.461317 1.074530
83.730000 3.800765 -1.518438 1.074686
83.735000 3.793173 -1.575450 1.074842
83.740000 3.785295 -1.632347 1.074997
83.745000 3.777134 -1.689127 1.075153
83.750000 3.768688 -1.745784 1.075308
83.755000 3.759959 -1.802314 1.075464
83.760000 3.750947 -1.858713 1.075620
83.765000 3.741654 -1.914977 1.075775
83.770000 3.732079 -1.971102 1.075931
83.775000 3.722223 -2.027083 1.076087
83.780000 3.712088 -2.082917 1.076243
83.785000 3.701673 -2.138598 1.076398
83.790000 3.690980 -2.194123 1.076554
83.795000 3.680010 -2.249488 1.076710
83.800000 3.668762 -2.304688 1.076865
83.805000 3.657239 -2.359720 1.077021
83.810000 3.645440 -2.414578 1.077177
83.815000 3.633367 -2.469260 1.077333
83.820000 3.621021 -2.523760 1.077489
83.825000 3.608402 -2.578076 1.077644
83.830000 3.595512 -2.632202 1.077800
83.835000 3.582351 -2.686134 1.077956
83.840000 3.568920 -2.739870 1.078112
83.845000 3.555221 -2.793403 1.078268
83.850000 3.541254 -2.846732 1.078424
83.855000 3.527020 -2.899850 1.078580
83.860000 3.512521 -2.952756 1.078735
83.865000 3.497757 -3.005444 1.078891
83.870000 3.482730 -3.057910 1.079047
83.875000 3.467441 -3.110151 1.079203
83.880000 3.451890 -3.162162 1.079359
83.885000 3.436079 -3.213941 1.079515
83.890000 3.420009 -3.265482 1.079671
83.895000 3.403682 -3.316782 1.079827
83.900000 3.387098 -3.367837 1.079983
83.905000 3.370259 -3.418644 1.080139
83.910000 3.353166 -3.469198 1.080295
83.915000 3.335820 -3.519495 1.080451
83.920000 3.318222 -3.569533 1.080607
83.925000 3.300374 -3.619306 1.080763
83.930000 3.282278 -3.668811 1.080919
83.935000 3.263934 -3.718046 1.081075
83.940000 3.245344 -3.767005 1.081231
83.945000 3.226509 -3.815685 1.081387
83.950000 3.207430 -3.864082 1.081543
83.955000 3.188110 -3.912194 1.081700
83.960000 3.168549 -3.960016 1.081856
83.965000 3.148749 -4.007544 1.082012
83.970000 3.128711 -4.054775 1.082168
83.975000 3.108437 -4.101706 1.082324
83.980000 3.087929 -4.148332 1.082480
83.985000 3.067187 -4.194651 1.082637
83.990000 3.046214 -4.240659 1.082793
83.995000 3.025010 -4.286352 1.082949
84.000000 3.003579 -4.331727 1.083105
84.005000 2.981920 -4.376781 1.083261
84.010000 2.960036 -4.421510 1.083418
84.015000 2.937928 -4.465910 1.083574
84.020000 2.915599 -4.509979 1.083730
84.025000 2.893049 -4.553713 1.083886
84.030000 2.870280 -4.597109 1.084043
84.035000 2.847295 -4.640163 1.084199
84.040000 2.824094 -4.682873 1.084355
84.045000 2.800680 -4.725234 1.084512
84.050000 2.777054 -4.767244 1.084668
84.055000 2.753217 -4.808900 1.084824
84.060000 2.729173 -4.850198 1.084981
84.065000 2.704922 -4.891136 1.085137
84.070000 2.680466 -4.931710 1.085294
84.075000 2.655808 -4.971917 1.085450
84.080000 2.630948 -5.011754 1.085606
84.085000 2.605889 -5.051218 1.085763
84.090000 2.580633 -5.090306 1.085919
84.095000 2.555182 -5.129016 1.086076
84.100000 2.529537 -5.167344 1.086232
84.105000 2.503700 -5.205287 1.086389
84.110000 2.477673 -5.242842 1.086545
84.115000 2.451459 -5.280007 1.086702
84.120000 2.425059 -5.316779 1.086858
84.125000 2.398475 -5.353155 1.087015
84.130000 2.371710 -5.389132 1.087171
84.135000 2.344764 -5.424708 1.087328
84.140000 2.317640 -5.459879 1.087484
84.145000 2.290341 -5.494644 1.087641
84.150000 2.262868 -5.528999 1.087797
84.155000 2.235223 -5.562942 1.087954
84.160000 2.207408 -5.596470 1.088110
84.165000 2.179426 -5.629581 1.088267
84.170000 2.151278 -5.662273 1.088424
84.175000 2.122966 -5.694542 1.088580
84.180000 2.094494 -5.726386 1.088737
84.185000 2.065862 -5.757804 1.088894
84.190000 2.037073 -5.788792 1.089050
84.195000 2.008129 -5.819348 1.089207
84.200000 1.979032 -5.849470 1.089364
84.205000 1.949785 -5.879155 1.089520
84.210000 1.920389 -5.908402 1.089677
84.215000 1.890847 -5.937208 1.089834
84.220000 1.861161 -5.965571 1.089991
84.225000 1.831333 -5.993488 1.090147
84.230000 1.801366 -6.020958 1.090304
84.235000 1.771261 -6.047978 1.090461
84.240000 1.741021 -6.074547 1.090618
84.245000 1.710648 -6.100663 1.090774
84.250000 1.680145 -6.126322 1.090931
84.255000 1.649513 -6.151525 1.091088
84.260000 1.618756 -6.176267 1.091245
84.265000 1.587874 -6.200549 1.091402
84.270000 1.556871 -6.224367 1.091559
84.275000 1.525750 -6.247720 1.091715
84.280000 1.494511 -6.270606 1.091872
84.285000 1.463158 -6.293024 1.092029
84.290000 1.431693 -6.314971 1.092186
84.295000 1.400118 -6.336447 1.092343
84.300000 1.368436 -6.357448 1.092500
84.305000 1.336649 -6.377975 1.092657
84.310000 1.304759 -6.398025 1.092814
84.315000 1.272769 -6.417596 1.092971
84.320000 1.240681 -6.436687 1.093128
84.325000 1.208497 -6.455298 1.093285
84.330000 1.176221 -6.473425 1.093442
84.335000 1.143854 -6.491068 1.093599
84.340000 1.111398 -6.508226 1.093756
84.345000 1.078857 -6.524897 1.093913
84.350000 1.046233 -6.541080 1.094070
84.355000 1.013527 -6.556774 1.094227
84.360000 0.980743 -6.571976 1.094384
84.365000 0.947883 -6.586688 1.094541
84.370000 0.914950 -6.600906 1.094698
84.375000 0.881945 -6.614630 1.094855
84.380000 0.848872 -6.627859 1.095012
84.385000 0.815733 -6.640592 1.095169
84.390000 0.782530 -6.652828 1.095327
84.395000 0.749266 -6.664566 1.095484
84.400000 0.715943 -6.675805 1.095641
84.405000 0.682564 -6.686544 1.095798
84.410000 0.649131 -6.696783 1.095955
84.415000 0.615647 -6.706520 1.096112
84.420000 0.582115 -6.715755 1.096270
84.425000 0.548536 -6.724486 1.096427
84.430000 0.514914 -6.732714 1.096584
84.435000 0.481250 -6.740438 1.096741
84.440000 0.447548 -6.747657 1.096899
84.445000 0.413810 -6.754370 1.097056
84.450000 0.380038 -6.760577 1.097213
84.455000 0.346235 -6.766278 1.097370
84.460000 0.312403 -6.771471 1.097528
84.465000 0.278546 -6.776157 1.097685
84.470000 0.244665 -6.780336 1.097842
84.475000 0.210764 -6.784005 1.098000
84.480000 0.176844 -6.787167 1.098157
84.485000 0.142908 -6.789820 1.098314
84.490000 0.108959 -6.791963 1.098472
84.495000 0.074999 -6.793598 1.098629
84.500000 0.041031 -6.794723 1.098787
84.505000 0.007057 -6.795338 1.098944
84.510000 -0.026919 -6.795444 1.099101
84.515000 -0.060897 -6.795040 1.099259
84.520000 -0.094872 -6.794127 1.099416
84.525000 -0.128842 -6.792704 1.099574
84.530000 -0.162806 -6.790771 1.099731
84.535000 -0.196760 -6.788329 1.099889
84.540000 -0.230702 -6.785377 1.100046
84.545000 -0.264628 -6.781917 1.100204
84.550000 -0.298538 -6.777948 1.100361
84.555000 -0.332428 -6.773469 1.100519
84.560000 -0.366295 -6.768483 1.100676
84.565000 -0.400137 -6.762989 1.100834
84.570000 -0.433952 -6.756987 1.100991
84.575000 -0.467737 -6.750477 1.101149
84.580000 -0.501490 -6.743461 1.101307
84.585000 -0.535207 -6.735939 1.101464
84.590000 -0.568887 -6.727911 1.101622
84.595000 -0.602526 -6.719377 1.101779
84.600000 -0.636123 -6.710340 1.101937
84.605000 -0.669675 -6.700798 1.102095
84.610000 -0.703179 -6.690753 1.102252
84.615000 -0.736633 -6.680205 1.102410
84.620000 -0.770034 -6.669155 1.102568
84.625000 -0.803379 -6.657605 1.102725
84.630000 -0.836667 -6.645554 1.102883
84.635000 -0.869895 -6.633004 1.103041
84.640000 -0.903060 -6.619956 1.103199
84.645000 -0.936160 -6.606410 1.103356
84.650000 -0.969192 -6.592367 1.103514
84.655000 -1.002154 -6.577830 1.103672
84.660000 -1.035043 -6.562797 1.103830
84.665000 -1.067857 -6.547272 1.103987
84.670000 -1.100593 -6.531254 1.104145
84.675000 -1.133250 -6.514745 1.104303
84.680000 -1.165823 -6.497746 1.104461
84.685000 -1.198312 -6.480259 1.104619
84.690000 -1.230713 -6.462284 1.104776
84.695000 -1.263025 -6.443823 1.104934
84.700000 -1.295244 -6.424878 1.105092
84.705000 -1.327368 -6.405449 1.105250
84.710000 -1.359396 -6.385539 1.105408
84.715000 -1.391323 -6.365148 1.105566
84.720000 -1.423149 -6.344278 1.105724
84.725000 -1.454870 -6.322931 1.105882
84.730000 -1.486485 -6.301108 1.106040
84.735000 -1.517991 -6.278810 1.106198
84.740000 -1.549385 -6.256041 1.106356
84.745000 -1.580665 -6.232800 1.106514
84.750000 -1.611829 -6.209090 1.106672
84.755000 -1.642874 -6.184912 1.106830
84.760000 -1.673799 -6.160269 1.106988
84.765000 -1.704600 -6.135162 1.107146
84.770000 -1.735276 -6.109593 1.107304
84.775000 -1.765824 -6.083564 1.107462
84.780000 -1.796242 -6.057077 1.107620
84.785000 -1.826527 -6.030133 1.107778
84.790000 -1.856678 -6.002735 1.107936
84.795000 -1.886692 -5.974885 1.108094
84.800000 -1.916566 -5.946585 1.108252
84.805000 -1.946299 -5.917836 1.108410
84.810000 -1.975888 -5.888642 1.108568
84.815000 -2.005331 -5.859003 1.108726
84.820000 -2.034626 -5.828924 1.108885
84.825000 -2.063771 -5.798404 1.109043
84.830000 -2.092763 -5.767448 1.109201
84.835000 -2.121600 -5.736056 1.109359
84.840000 -2.150280 -5.704232 1.109517
84.845000 -2.178802 -5.671978 1.109676
84.850000 -2.207162 -5.639296 1.109834
84.855000 -2.235358 -5.606188 1.109992
84.860000 -2.263389 -5.572658 1.110150
84.865000 -2.291252 -5.538707 1.110309
84.870000 -2.318946 -5.504338 1.110467
84.875000 -2.346467 -5.469554 1.110625
84.880000 -2.373815 -5.434357 1.110783
84.885000 -2.400987 -5.398750 1.110942
84.890000 -2.427981 -5.362735 1.111100
84.895000 -2.454794 -5.326316 1.111258
84.900000 -2.481426 -5.289494 1.111417
84.905000 -2.507873 -5.252272 1.111575
84.910000 -2.534135 -5.214654 1.111733
84.915000 -2.560208 -5.176642 1.111892
84.920000 -2.586091 -5.138239 1.112050
84.925000 -2.611783 -5.099448 1.112209
84.930000 -2.637280 -5.060271 1.112367
84.935000 -2.662581 -5.020712 1.112525
84.940000 -2.687685 -4.980773 1.112684
84.945000 -2.712589 -4.940458 1.112842
84.950000 -2.737291 -4.899769 1.113001
84.955000 -2.761790 -4.858709 1.113159
84.960000 -2.786083 -4.817283 1.113318
84.965000 -2.810170 -4.775491 1.113476
84.970000 -2.834047 -4.733339 1.113635
84.975000 -2.857714 -4.690828 1.113793
84.980000 -2.881168 -4.647962 1.113952
84.985000 -2.904408 -4.604745 1.114110
84.990000 -2.927431 -4.561179 1.114269
84.995000 -2.950237 -4.517267 1.114428
85.000000 -2.972824 -4.473014 1.114586
85.005000 -2.995189 -4.428421 1.114745
85.010000 -3.017331 -4.383494 1.114903
85.015000 -3.039248 -4.338234 1.115062
85.020000 -3.060939 -4.292645 1.115221
85.025000 -3.082403 -4.246731 1.115379
85.030000 -3.103636 -4.200495 1.115538
85.035000 -3.124639 -4.153940 1.115697
85.040000 -3.145409 -4.107071 1.115855
85.045000 -3.165944 -4.059889 1.116014
85.050000 -3.186243 -4.012400 1.116173
85.055000 -3.206305 -3.964607 1.116331
85.060000 -3.226128 -3.916512 1.116490
85.065000 -3.245711 -3.868120 1.116649
85.070000 -3.265052 -3.819435 1.116807
85.075000 -3.284149 -3.770459 1.116966
85.080000 -3.303001 -3.721197 1.117125
85.085000 -3.321607 -3.671651 1.117284
85.090000 -3.339965 -3.621827 1.117443
85.095000 -3.358074 -3.571728 1.117601
85.100000 -3.375933 -3.521357 1.117760
85.105000 -3.393540 -3.470718 1.117919
85.110000 -3.410893 -3.419815 1.118078
85.115000 -3.427992 -3.368651 1.118237
85.120000 -3.444836 -3.317231 1.118396
85.125000 -3.461422 -3.265559 1.118555
85.130000 -3.477750 -3.213638 1.118713
85.135000 -3.493818 -3.161471 1.118872
85.140000 -3.509625 -3.109064 1.119031
85.145000 -3.525171 -3.056420 1.119190
85.150000 -3.540453 -3.003542 1.119349
85.155000 -3.555470 -2.950435 1.119508
85.160000 -3.570223 -2.897103 1.119667
85.165000 -3.584708 -2.843550 1.119826
85.170000 -3.598926 -2.789779 1.119985
85.175000 -3.612875 -2.735795 1.120144
85.180000 -3.626554 -2.681602 1.120303
85.185000 -3.639962 -2.627204 1.120462
85.190000 -3.653098 -2.572605 1.120621
85.195000 -3.665961 -2.517808 1.120780
85.200000 -3.678550 -2.462819 1.120939
85.205000 -3.690864 -2.407640 1.121098
85.210000 -3.702902 -2.352277 1.121257
85.215000 -3.714663 -2.296734 1.121416
85.220000 -3.726147 -2.241014 1.121575
85.225000 -3.737352 -2.185122 1.121735
85.230000 -3.748278 -2.129062 1.121894
85.235000 -3.758923 -2.072837 1.122053
85.240000 -3.769287 -2.016453 1.122212
85.245000 -3.779370 -1.959914 1.122371
85.250000 -3.789169 -1.903224 1.122530
85.255000 -3.798685 -1.846386 1.122690
85.260000 -3.807917 -1.789406 1.122849
85.265000 -3.816864 -1.732287 1.123008
85.270000 -3.825526 -1.675034 1.123167
85.275000 -3.833901 -1.617651 1.123326
85.280000 -3.841989 -1.560143 1.123486
85.285000 -3.849790 -1.502513 1.123645
85.290000 -3.857302 -1.444766 1.123804
85.295000 -3.864526 -1.386906 1.123964
85.300000 -3.871461 -1.328939 1.124123
85.305000 -3.878105 -1.270867 1.124282
85.310000 -3.884460 -1.212695 1.124441
85.315000 -3.890523 -1.154428 1.124601
85.320000 -3.896295 -1.096070 1.124760
85.325000 -3.901776 -1.037626 1.124919
85.330000 -3.906964 -0.979099 1.125079
85.335000 -3.911859 -0.920495 1.125238
85.340000 -3.916462 -0.861817 1.125398
85.345000 -3.920771 -0.803070 1.125557
85.350000 -3.924786 -0.744258 1.125716
85.355000 -3.928508 -0.685387 1.125876
85.360000 -3.931934 -0.626459 1.126035
85.365000 -3.935067 -0.567480 1.126195
85.370000 -3.937904 -0.508454 1.126354
85.375000 -3.940446 -0.449385 1.126514
85.380000 -3.942693 -0.390279 1.126673
85.385000 -3.944645 -0.331138 1.126833
85.390000 -3.946300 -0.271969 1.126992
85.395000 -3.947660 -0.212774 1.127152
85.400000 -3.948724 -0.153559 1.127311
85.405000 -3.949492 -0.094328 1.127471
85.410000 -3.949964 -0.035086 1.127630
85.415000 -3.950139 0.024163 1.127790
85.420000 -3.950018 0.083415 1.127950
85.425000 -3.949601 0.142666 1.128109
85.430000 -3.948888 0.201910 1.128269
85.435000 -3.947878 0.261143 1.128428
85.440000 -3.946573 0.320361 1.128588
85.445000 -3.944971 0.379560 1.128748
85.450000 -3.943073 0.438734 1.128907
85.455000 -3.940879 0.497881 1.129067
85.460000 -3.938390 0.556994 1.129227
85.465000 -3.935605 0.616070 1.129386
85.470000 -3.932525 0.675104 1.129546
85.475000 -3.929149 0.734091 1.129706
85.480000 -3.925479 0.793029 1.129865
85.485000 -3.921513 0.851911 1.130025
85.490000 -3.917254 0.910734 1.130185
85.495000 -3.912700 0.969492 1.130345
85.500000 -3.907853 1.028183 1.130505
85.505000 -3.902712 1.086801 1.130664
85.510000 -3.897278 1.145341 1.130824
85.515000 -3.891551 1.203801 1.130984
85.520000 -3.885532 1.262174 1.131144
85.525000 -3.879221 1.320457 1.131304
85.530000 -3.872619 1.378645 1.131463
85.535000 -3.865726 1.436734 1.131623
85.540000 -3.858542 1.494720 1.131783
85.545000 -3.851068 1.552598 1.131943
85.550000 -3.843305 1.610364 1.132103
85.555000 -3.835254 1.668014 1.132263
85.560000 -3.826914 1.725543 1.132423
85.565000 -3.818286 1.782947 1.132583
85.570000 -3.809371 1.840221 1.132743
85.575000 -3.800170 1.897361 1.132903
85.580000 -3.790683 1.954364 1.133063
85.585000 -3.780911 2.011224 1.133223
85.590000 -3.770855 2.067938 1.133383
85.595000 -3.760516 2.124501 1.133543
85.600000 -3.749893 2.180908 1.133703
85.605000 -3.738989 2.237157 1.133863
85.610000 -3.727803 2.293242 1.134023
85.615000 -3.716337 2.349159 1.134183
85.620000 -3.704591 2.404904 1.134343
85.625000 -3.692566 2.460473 1.134503
85.630000 -3.680264 2.515861 1.134663
85.635000 -3.667685 2.571065 1.134823
85.640000 -3.654829 2.626080 1.134983
85.645000 -3.641699 2.680903 1.135143
85.650000 -3.628294 2.735528 1.135303
85.655000 -3.614617 2.789953 1.135464
85.660000 -3.600667 2.844172 1.135624
85.665000 -3.586446 2.898182 1.135784
85.670000 -3.571955 2.951979 1.135944
85.675000 -3.557195 3.005558 1.136104
85.680000 -3.542167 3.058916 1.136264
85.685000 -3.526873 3.112048 1.136425
85.690000 -3.511313 3.164951 1.136585
85.695000 -3.495488 3.217621 1.136745
85.700000 -3.479400 3.270053 1.136905
85.705000 -3.463050 3.322244 1.137066
85.710000 -3.446438 3.374190 1.137226
85.715000 -3.429567 3.425887 1.137386
85.720000 -3.412438 3.477330 1.137547
85.725000 -3.395051 3.528517 1.137707
85.730000 -3.377409 3.579443 1.137867
85.735000 -3.359511 3.630104 1.138028
85.740000 -3.341361 3.680496 1.138188
85.745000 -3.322958 3.730617 1.138348
85.750000 -3.304305 3.780461 1.138509
85.755000 -3.285403 3.830026 1.138669
85.760000 -3.266253 3.879307 1.138829
85.765000 -3.246856 3.928301 1.138990
85.770000 -3.227215 3.977004 1.139150
85.775000 -3.207330 4.025412 1.139311
85.780000 -3.187203 4.073522 1.139471
85.785000 -3.166835 4.121330 1.139632
85.790000 -3.146229 4.168832 1.139792
85.795000 -3.125384 4.216026 1.139953
85.800000 -3.104304 4.262906 1.140113
85.805000 -3.082990 4.309471 1.140274
85.810000 -3.061442 4.355716 1.140434
85.815000 -3.039664 4.401637 1.140595
85.820000 -3.017656 4.447232 1.140755
85.825000 -2.995419 4.492497 1.140916
85.830000 -2.972957 4.537429 1.141076
85.835000 -2.950270 4.582023 1.141237
85.840000 -2.927360 4.626277 1.141397
85.845000 -2.904228 4.670187 1.141558
85.850000 -2.880877 4.713751 1.141719
85.855000 -2.857309 4.756964 1.141879
85.860000 -2.833524 4.799824 1.142040
85.865000 -2.809525 4.842326 1.142201
85.870000 -2.785313 4.884469 1.142361
85.875000 -2.760891 4.926249 1.142522
85.880000 -2.736259 4.967662 1.142683
85.885000 -2.711421 5.008706 1.142843
85.890000 -2.686378 5.049378 1.143004
85.895000 -2.661131 5.089673 1.143165
85.900000 -2.635682 5.129590 1.143325
85.905000 -2.610034 5.169125 1.143486
85.910000 -2.584189 5.208276 1.143647
85.915000 -2.558147 5.247039 1.143808
85.920000 -2.531912 5.285411 1.143969
85.925000 -2.505485 5.323390 1.144129
85.930000 -2.478868 5.360972 1.144290
85.935000 -2.452063 5.398155 1.144451
85.940000 -2.425073 5.434936 1.144612
85.945000 -2.397898 5.471312 1.144773
85.950000 -2.370541 5.507280 1.144934
85.955000 -2.343005 5.542839 1.145094
85.960000 -2.315291 5.577984 1.145255
85.965000 -2.287401 5.612713 1.145416
85.970000 -2.259337 5.647024 1.145577
85.975000 -2.231102 5.680914 1.145738
85.980000 -2.202698 5.714381 1.145899
85.985000 -2.174126 5.747421 1.146060
85.990000 -2.145389 5.780033 1.146221
85.995000 -2.116488 5.812214 1.146382
86.000000 -2.087427 5.843961 1.146543
86.005000 -2.058208 5.875273 1.146704
86.010000 -2.028831 5.906146 1.146865
86.015000 -1.999300 5.936578 1.147026
86.020000 -1.969618 5.966568 1.147187
86.025000 -1.939785 5.996112 1.147348
86.030000 -1.909804 6.025209 1.147509
86.035000 -1.879678 6.053856 1.147670
86.040000 -1.849409 6.082051 1.147831
86.045000 -1.818999 6.109792 1.147992
86.050000 -1.788450 6.137077 1.148153
86.055000 -1.757764 6.163904 1.148314
86.060000 -1.726945 6.190270 1.148475
86.065000 -1.695993 6.216174 1.148637
86.070000 -1.664912 6.241614 1.148798
86.075000 -1.633704 6.266588 1.148959
86.080000 -1.602371 6.291094 1.149120
86.085000 -1.570916 6.315129 1.149281
86.090000 -1.539340 6.338693 1.149442
86.095000 -1.507647 6.361783 1.149604
86.100000 -1.475838 6.384398 1.149765
86.105000 -1.443916 6.406535 1.149926
86.110000 -1.411883 6.428194 1.150087
86.115000 -1.379742 6.449372 1.150249
86.120000 -1.347495 6.470068 1.150410
86.125000 -1.315145 6.490281 1.150571
86.130000 -1.282694 6.510008 1.150732
86.135000 -1.250144 6.529248 1.150894
86.140000 -1.217497 6.548001 1.151055
86.145000 -1.184757 6.566263 1.151216
86.150000 -1.151926 6.584034 1.151378
86.155000 -1.119006 6.601313 1.151539
86.160000 -1.085999 6.618098 1.151700
86.165000 -1.052909 6.634388 1.151862
86.170000 -1.019737 6.650182 1.152023
86.175000 -0.986486 6.665478 1.152185
86.180000 -0.953159 6.680275 1.152346
86.185000 -0.919757 6.694573 1.152507
86.190000 -0.886284 6.708369 1.152669
86.195000 -0.852743 6.721663 1.152830
86.200000 -0.819134 6.734454 1.152992
86.205000 -0.785462 6.746741 1.153153
86.210000 -0.751728 6.758523 1.153315
86.215000 -0.717936 6.769799 1.153476
86.220000 -0.684087 6.780568 1.153638
86.225000 -0.650184 6.790830 1.153799
86.230000 -0.616230 6.800582 1.153961
86.235000 -0.582227 6.809826 1.154122
86.240000 -0.548178 6.818559 1.154284
86.245000 -0.514085 6.826782 1.154446
86.250000 -0.479951 6.834493 1.154607
86.255000 -0.445778 6.841692 1.154769
86.260000 -0.411570 6.848379 1.154930
86.265000 -0.377328 6.854553 1.155092
86.270000 -0.343055 6.860213 1.155254
86.275000 -0.308754 6.865358 1.155415
86.280000 -0.274427 6.869990 1.155577
86.285000 -0.240078 6.874106 1.155739
86.290000 -0.205707 6.877707 1.155900
86.295000 -0.171318 6.880793 1.156062
86.300000 -0.136915 6.883363 1.156224
86.305000 -0.102498 6.885416 1.156385
86.310000 -0.068071 6.886954 1.156547
86.315000 -0.033636 6.887975 1.156709
86.320000 0.000804 6.888480 1.156871
86.325000 0.035246 6.888467 1.157032
86.330000 0.069689 6.887939 1.157194
86.335000 0.104128 6.886893 1.157356
86.340000 0.138563 6.885332 1.157518
86.345000 0.172990 6.883253 1.157679
86.350000 0.207406 6.880658 1.157841
86.355000 0.241809 6.877547 1.158003
86.360000 0.276197 6.873920 1.158165
86.365000 0.310566 6.869777 1.158327
86.370000 0.344915 6.865119 1.158489
86.375000 0.379241 6.859945 1.158651
86.380000 0.413541 6.854256 1.158813
86.385000 0.447812 6.848053 1.158974
86.390000 0.482052 6.841336 1.159136
86.395000 0.516259 6.834105 1.159298
86.400000 0.550429 6.826361 1.159460
86.405000 0.584561 6.818105 1.159622
86.410000 0.618652 6.809336 1.159784
86.415000 0.652698 6.800057 1.159946
86.420000 0.686699 6.790266 1.160108
86.425000 0.720650 6.779966 1.160270
86.430000 0.754550 6.769156 1.160432
86.435000 0.788396 6.757838 1.160594
86.440000 0.822185 6.746012 1.160756
86.445000 0.855915 6.733679 1.160918
86.450000 0.889583 6.720840 1.161080
86.455000 0.923187 6.707496 1.161242
86.460000 0.956725 6.693649 1.161405
86.465000 0.990193 6.679298 1.161567
86.470000 1.023590 6.664445 1.161729
86.475000 1.056912 6.649091 1.161891
86.480000 1.090157 6.633237 1.162053
86.485000 1.123324 6.616885 1.162215
86.490000 1.156408 6.600035 1.162377
86.495000 1.189408 6.582689 1.162540
86.500000 1.222322 6.564848 1.162702
86.505000 1.255146 6.546513 1.162864
86.510000 1.287878 6.527686 1.163026
86.515000 1.320517 6.508368 1.163188
86.520000 1.353059 6.488560 1.163351
86.525000 1.385501 6.468264 1.163513
86.530000 1.417843 6.447482 1.163675
86.535000 1.450080 6.426214 1.163837
86.540000 1.482211 6.404463 1.164000
86.545000 1.514234 6.382230 1.164162
86.550000 1.546145 6.359516 1.164324
86.555000 1.577942 6.336324 1.164487
86.560000 1.609624 6.312655 1.164649
86.565000 1.641187 6.288510 1.164811
86.570000 1.672630 6.263893 1.164974
86.575000 1.703949 6.238803 1.165136
86.580000 1.735143 6.213244 1.165298
86.585000 1.766209 6.187217 1.165461
86.590000 1.797146 6.160724 1.165623
86.595000 1.827949 6.133766 1.165786
86.600000 1.858618 6.106347 1.165948
86.605000 1.889150 6.078468 1.166111
86.610000 1.919542 6.050131 1.166273
86.615000 1.949793 6.021338 1.166435
86.620000 1.979899 5.992091 1.166598
86.625000 2.009860 5.962392 1.166760
86.630000 2.039672 5.932244 1.166923
86.635000 2.069333 5.901649 1.167085
86.640000 2.098841 5.870609 1.167248
86.645000 2.128194 5.839127 1.167411
86.650000 2.157390 5.807204 1.167573
86.655000 2.186426 5.774843 1.167736
86.660000 2.215300 5.742046 1.167898
86.665000 2.244010 5.708817 1.168061
86.670000 2.272555 5.675157 1.168223
86.675000 2.300930 5.641068 1.168386
86.680000 2.329136 5.606554 1.168549
86.685000 2.357168 5.571617 1.168711
86.690000 2.385027 5.536260 1.168874
86.695000 2.412708 5.500485 1.169037
86.700000 2.440210 5.464294 1.169199
86.705000 2.467532 5.427691 1.169362
86.710000 2.494670 5.390678 1.169525
86.715000 2.521624 5.353258 1.169687
86.720000 2.548390 5.315433 1.169850
86.725000 2.574967 5.277208 1.170013
86.730000 2.601353 5.238583 1.170176
86.735000 2.627546 5.199563 1.170338
86.740000 2.653544 5.160150 1.170501
86.745000 2.679345 5.120346 1.170664
86.750000 2.704946 5.080156 1.170827
86.755000 2.730347 5.039582 1.170990
86.760000 2.755545 4.998627 1.171152
86.765000 2.780538 4.957294 1.171315
86.770000 2.805325 4.915586 1.171478
86.775000 2.829902 4.873506 1.171641
86.780000 2.854270 4.831057 1.171804
86.785000 2.878425 4.788243 1.171967
86.790000 2.902367 4.745067 1.172130
86.795000 2.926092 4.701531 1.172293
86.800000 2.949599 4.657640 1.172455
86.805000 2.972888 4.613396 1.172618
86.810000 2.995955 4.568803 1.172781
86.815000 3.018799 4.523863 1.172944
86.820000 3.041418 4.478581 1.173107
86.825000 3.063811 4.432960 1.173270
86.830000 3.085976 4.387003 1.173433
86.835000 3.107911 4.340713 1.173596
86.840000 3.129614 4.294094 1.173759
86.845000 3.151085 4.247150 1.173922
86.850000 3.172321 4.199884 1.174085
86.855000 3.193320 4.152299 1.174248
86.860000 3.214081 4.104399 1.174411
86.865000 3.234603 4.056188 1.174575
86.870000 3.254884 4.007669 1.174738
86.875000 3.274923 3.958846 1.174901
86.880000 3.294717 3.909722 1.175064
86.885000 3.314266 3.860301 1.175227
86.890000 3.333567 3.810587 1.175390
86.895000 3.352620 3.760584 1.175553
86.900000 3.371423 3.710294 1.175716
86.905000 3.389974 3.659723 1.175880
86.910000 3.408273 3.608874 1.176043
86.915000 3.426317 3.557749 1.176206
86.920000 3.444106 3.506355 1.176369
86.925000 3.461638 3.454693 1.176532
86.930000 3.478911 3.402769 1.176696
86.935000 3.495925 3.350585 1.176859
86.940000 3.512678 3.298146 1.177022
86.945000 3.529169 3.245456 1.177186
86.950000 3.545396 3.192518 1.177349
86.955000 3.561359 3.139337 1.177512
86.960000 3.577055 3.085917 1.177675
86.965000 3.592485 3.032261 1.177839
86.970000 3.607646 2.978374 1.178002
86.975000 3.622538 2.924259 1.178165
86.980000 3.637159 2.869921 1.178329
86.985000 3.651509 2.815364 1.178492
86.990000 3.665586 2.760591 1.178656
86.995000 3.679389 2.705607 1.178819
87.000000 3.692917 2.650416 1.178982
87.005000 3.706169 2.595023 1.179146
87.010000 3.719144 2.539430 1.179309
87.015000 3.731841 2.483643 1.179473
87.020000 3.744259 2.427665 1.179636
87.025000 3.756398 2.371501 1.179800
87.030000 3.768255 2.315155 1.179963
87.035000 3.779831 2.258632 1.180127
87.040000 3.791124 2.201934 1.180290
87.045000 3.802134 2.145067 1.180454
87.050000 3.812859 2.088035 1.180617
87.055000 3.823299 2.030842 1.180781
87.060000 3.833454 1.973493 1.180944
87.065000 3.843321 1.915991 1.181108
87.070000 3.852901 1.858341 1.181271
87.075000 3.862193 1.800548 1.181435
87.080000 3.871195 1.742615 1.181599
87.085000 3.879909 1.684547 1.181762
87.090000 3.888331 1.626348 1.181926
87.095000 3.896463 1.568023 1.182090
87.100000 3.904303 1.509576 1.182253
87.105000 3.911851 1.451012 1.182417
87.110000 3.919106 1.392334 1.182581
87.115000 3.926068 1.333548 1.182744
87.120000 3.932735 1.274657 1.182908
87.125000 3.939109 1.215665 1.183072
87.130000 3.945187 1.156579 1.183235
87.135000 3.950970 1.097401 1.183399
87.140000 3.956457 1.038136 1.183563
87.145000 3.961648 0.978790 1.183727
87.150000 3.966542 0.919365 1.183890
87.155000 3.971138 0.859867 1.184054
87.160000 3.975438 0.800300 1.184218
87.165000 3.979439 0.740668 1.184382
87.170000 3.983143 0.680977 1.184546
87.175000 3.986548 0.621229 1.184710
87.180000 3.989654 0.561431 1.184873
87.185000 3.992461 0.501586 1.185037
87.190000 3.994969 0.441699 1.185201
87.195000 3.997177 0.381775 1.185365
87.200000 3.999086 0.321817 1.185529
87.205000 4.000695 0.261831 1.185693
87.210000 4.002004 0.201821 1.185857
87.215000 4.003013 0.141791 1.186021
87.220000 4.003722 0.081745 1.186185
87.225000 4.004131 0.021689 1.186349
87.230000 4.004240 -0.038372 1.186513
87.235000 4.004048 -0.098436 1.186677
87.240000 4.003556 -0.158497 1.186841
87.245000 4.002763 -0.218550 1.187005
87.250000 4.001670 -0.278592 1.187169
87.255000 4.000277 -0.338617 1.187333
87.260000 3.998584 -0.398621 1.187497
87.265000 3.996591 -0.458600 1.187661
87.270000 3.994298 -0.518548 1.187825
87.275000 3.991705 -0.578463 1.187989
87.280000 3.988813 -0.638338 1.188153
87.285000 3.985621 -0.698171 1.188317
87.290000 3.982131 -0.757955 1.188481
87.295000 3.978341 -0.817687 1.188645
87.300000 3.974252 -0.877362 1.188810
87.305000 3.969866 -0.936976 1.188974
87.310000 3.965181 -0.996524 1.189138
87.315000 3.960198 -1.056002 1.189302
87.320000 3.954918 -1.115405 1.189466
87.325000 3.949341 -1.174728 1.189630
87.330000 3.943467 -1.233968 1.189795
87.335000 3.937298 -1.293120 1.189959
87.340000 3.930832 -1.352180 1.190123
87.345000 3.924071 -1.411142 1.190287
87.350000 3.917015 -1.470003 1.190452
87.355000 3.909665 -1.528759 1.190616
87.360000 3.902022 -1.587404 1.190780
87.365000 3.894084 -1.645934 1.190945
87.370000 3.885855 -1.704345 1.191109
87.375000 3.877333 -1.762633 1.191273
87.380000 3.868520 -1.820793 1.191438
87.385000 3.859416 -1.878821 1.191602
87.390000 3.850022 -1.936712 1.191766
87.395000 3.840338 -1.994462 1.191931
87.400000 3.830366 -2.052067 1.192095
87.405000 3.820106 -2.109523 1.192259
87.410000 3.809558 -2.166825 1.192424
87.415000 3.798724 -2.223968 1.192588
87.420000 3.787604 -2.280949 1.192753
87.425000 3.776199 -2.337763 1.192917
87.430000 3.764511 -2.394406 1.193082
87.435000 3.752538 -2.450873 1.193246
87.440000 3.740284 -2.507162 1.193411
87.445000 3.727748 -2.563266 1.193575
87.450000 3.714932 -2.619182 1.193740
87.455000 3.701836 -2.674906 1.193904
87.460000 3.688462 -2.730434 1.194069
87.465000 3.674809 -2.785760 1.194233
87.470000 3.660881 -2.840883 1.194398
87.475000 3.646676 -2.895796 1.194562
87.480000 3.632197 -2.950496 1.194727
87.485000 3.617445 -3.004979 1.194892
87.490000 3.602420 -3.059241 1.195056
87.495000 3.587124 -3.113277 1.195221
87.500000 3.571557 -3.167084 1.195386
87.505000 3.555722 -3.220657 1.195550
87.510000 3.539619 -3.273993 1.195715
87.515000 3.523249 -3.327087 1.195880
87.520000 3.506613 -3.379936 1.196044
87.525000 3.489713 -3.432535 1.196209
87.530000 3.472551 -3.484881 1.196374
87.535000 3.455126 -3.536969 1.196538
87.540000 3.437442 -3.588796 1.196703
87.545000 3.419498 -3.640358 1.196868
87.550000 3.401296 -3.691650 1.197033
87.555000 3.382837 -3.742670 1.197197
87.560000 3.364124 -3.793412 1.197362
87.565000 3.345157 -3.843874 1.197527
87.570000 3.325938 -3.894051 1.197692
87.575000 3.306467 -3.943940 1.197857
87.580000 3.286748 -3.993537 1.198022
87.585000 3.266780 -4.042839 1.198186
87.590000 3.246566 -4.091840 1.198351
87.595000 3.226107 -4.140539 1.198516
87.600000 3.205404 -4.188930 1.198681
87.605000 3.184459 -4.237011 1.198846
87.610000 3.163274 -4.284778 1.199011
87.615000 3.141850 -4.332227 1.199176
87.620000 3.120189 -4.379355 1.199341
87.625000 3.098292 -4.426158 1.199506
87.630000 3.076162 -4.472632 1.199671
87.635000 3.053799 -4.518775 1.199836
87.640000 3.031205 -4.564582 1.200001
87.645000 3.008382 -4.610050 1.200166
87.650000 2.985331 -4.655176 1.200331
87.655000 2.962056 -4.699956 1.200496
87.660000 2.938556 -4.744386 1.200661
87.665000 2.914834 -4.788465 1.200826
87.670000 2.890892 -4.832187 1.200991
87.675000 2.866731 -4.875551 1.201156
87.680000 2.842353 -4.918552 1.201321
87.685000 2.817760 -4.961187 1.201486
87.690000 2.792954 -5.003453 1.201651
87.695000 2.767937 -5.045348 1.201816
87.700000 2.742710 -5.086867 1.201981
87.705000 2.717276 -5.128007 1.202147
87.710000 2.691636 -5.168766 1.202312
87.715000 2.665792 -5.209141 1.202477
87.720000 2.639746 -5.249128 1.202642
87.725000 2.613501 -5.288724 1.202807
87.730000 2.587057 -5.327927 1.202972
87.735000 2.560417 -5.366732 1.203138
87.740000 2.533584 -5.405139 1.203303
87.745000 2.506558 -5.443142 1.203468
87.750000 2.479342 -5.480741 1.203633
87.755000 2.451939 -5.517931 1.203799
87.760000 2.424349 -5.554710 1.203964
87.765000 2.396575 -5.591075 1.204129
87.770000 2.368620 -5.627024 1.204295
87.775000 2.340485 -5.662553 1.204460
87.780000 2.312172 -5.697660 1.204625
87.785000 2.283684 -5.732343 1.204791
87.790000 2.255022 -5.766598 1.204956
87.795000 2.226189 -5.800424 1.205121
87.800000 2.197187 -5.833816 1.205287
87.805000 2.168018 -5.866774 1.205452
87.810000 2.138684 -5.899295 1.205617
87.815000 2.109188 -5.931375 1.205783
87.820000 2.079531 -5.963013 1.205948
87.825000 2.049716 -5.994206 1.206114
87.830000 2.019745 -6.024951 1.206279
87.835000 1.989620 -6.055248 1.206445
87.840000 1.959344 -6.085092 1.206610
87.845000 1.928918 -6.114482 1.206776
87.850000 1.898346 -6.143416 1.206941
87.855000 1.867629 -6.171891 1.207107
87.860000 1.836769 -6.199905 1.207272
87.865000 1.805770 -6.227457 1.207438
87.870000 1.774632 -6.254543 1.207603
87.875000 1.743360 -6.281163 1.207769
87.880000 1.711954 -6.307313 1.207935
87.885000 1.680417 -6.332993 1.208100
87.890000 1.648752 -6.358199 1.208266
87.895000 1.616961 -6.382930 1.208431
87.900000 1.585047 -6.407185 1.208597
87.905000 1.553011 -6.430960 1.208763
87.910000 1.520856 -6.454255 1.208928
87.915000 1.488585 -6.477068 1.209094
87.920000 1.456199 -6.499397 1.209260
87.925000 1.423702 -6.521240 1.209425
87.930000 1.391096 -6.542596 1.209591
87.935000 1.358383 -6.563462 1.209757
87.940000 1.325566 -6.583838 1.209922
87.945000 1.292647 -6.603721 1.210088
87.950000 1.259628 -6.623111 1.210254
87.955000 1.226513 -6.642005 1.210420
87.960000 1.193303 -6.660403 1.210586
87.965000 1.160000 -6.678303 1.210751
87.970000 1.126609 -6.695703 1.210917
87.975000 1.093130 -6.712602 1.211083
87.980000 1.059567 -6.728999 1.211249
87.985000 1.025922 -6.744892 1.211415
87.990000 0.992198 -6.760281 1.211580
87.995000 0.958397 -6.775164 1.211746
88.000000 0.924521 -6.789540 1.211912
88.005000 0.890573 -6.803408 1.212078
88.010000 0.856556 -6.816766 1.212244
88.015000 0.822472 -6.829615 1.212410
88.020000 0.788324 -6.841952 1.212576
88.025000 0.754114 -6.853777 1.212742
88.030000 0.719845 -6.865088 1.212908
88.035000 0.685520 -6.875886 1.213074
88.040000 0.651141 -6.886169 1.213240
88.045000 0.616710 -6.895936 1.213406
88.050000 0.582230 -6.905187 1.213572
88.055000 0.547704 -6.913920 1.213738
88.060000 0.513135 -6.922136 1.213904
88.065000 0.478524 -6.929833 1.214070
88.070000 0.443875 -6.937011 1.214236
88.075000 0.409190 -6.943669 1.214402
88.080000 0.374471 -6.949806 1.214568
88.085000 0.339722 -6.955424 1.214734
88.090000 0.304945 -6.960519 1.214900
88.095000 0.270143 -6.965094 1.215066
88.100000 0.235317 -6.969146 1.215232
88.105000 0.200471 -6.972675 1.215399
88.110000 0.165608 -6.975683 1.215565
88.115000 0.130730 -6.978167 1.215731
88.120000 0.095839 -6.980128 1.215897
88.125000 0.060938 -6.981565 1.216063
88.130000 0.026030 -6.982479 1.216230
88.135000 -0.008882 -6.982870 1.216396
88.140000 -0.043796 -6.982736 1.216562
88.145000 -0.078710 -6.982080 1.216728
88.150000 -0.113621 -6.980899 1.216894
88.155000 -0.148525 -6.979195 1.217061
88.160000 -0.183421 -6.976967 1.217227
88.165000 -0.218306 -6.974215 1.217393
88.170000 -0.253177 -6.970941 1.217560
88.175000 -0.288032 -6.967143 1.217726
88.180000 -0.322867 -6.962823 1.217892
88.185000 -0.357681 -6.957980 1.218059
88.190000 -0.392471 -6.952614 1.218225
88.195000 -0.427234 -6.946727 1.218391
88.200000 -0.461968 -6.940319 1.218558
88.205000 -0.496670 -6.933389 1.218724
88.210000 -0.531337 -6.925939 1.218890
88.215000 -0.565966 -6.917969 1.219057
88.220000 -0.600556 -6.909480 1.219223
88.225000 -0.635104 -6.900471 1.219390
88.230000 -0.669606 -6.890945 1.219556
88.235000 -0.704061 -6.880901 1.219723
88.240000 -0.738465 -6.870340 1.219889
88.245000 -0.772817 -6.859263 1.220056
88.250000 -0.807113 -6.847671 1.220222
88.255000 -0.841351 -6.835564 1.220389
88.260000 -0.875529 -6.822944 1.220555
88.265000 -0.909644 -6.809811 1.220722
88.270000 -0.943693 -6.796166 1.220888
88.275000 -0.977674 -6.782011 1.221055
88.280000 -1.011584 -6.767346 1.221221
88.285000 -1.045421 -6.752172 1.221388
88.290000 -1.079182 -6.736490 1.221555
88.295000 -1.112864 -6.720303 1.221721
88.300000 -1.146466 -6.703610 1.221888
88.305000 -1.179984 -6.686413 1.222055
88.310000 -1.213416 -6.668713 1.222221
88.315000 -1.246759 -6.650512 1.222388
88.320000 -1.280012 -6.631810 1.222555
88.325000 -1.313171 -6.612610 1.222721
88.330000 -1.346234 -6.592913 1.222888
88.335000 -1.379198 -6.572719 1.223055
88.340000 -1.412062 -6.552031 1.223221
88.345000 -1.444822 -6.530850 1.223388
88.350000 -1.477476 -6.509178 1.223555
88.355000 -1.510022 -6.487016 1.223722
88.360000 -1.542457 -6.464365 1.223888
88.365000 -1.574779 -6.441229 1.224055
88.370000 -1.606985 -6.417607 1.224222
88.375000 -1.639073 -6.393502 1.224389
88.380000 -1.671041 -6.368916 1.224556
88.385000 -1.702885 -6.343850 1.224723
88.390000 -1.734605 -6.318307 1.224889
88.395000 -1.766196 -6.292288 1.225056
88.400000 -1.797658 -6.265795 1.225223
88.405000 -1.828987 -6.238830 1.225390
88.410000 -1.860181 -6.211395 1.225557
88.415000 -1.891238 -6.183493 1.225724
88.420000 -1.922155 -6.155124 1.225891
88.425000 -1.952931 -6.126292 1.226058
88.430000 -1.983562 -6.096998 1.226225
88.435000 -2.014047 -6.067244 1.226392
88.440000 -2.044384 -6.037034 1.226559
88.445000 -2.074569 -6.006368 1.226726
88.450000 -2.104601 -5.975249 1.226893
88.455000 -2.134477 -5.943680 1.227060
88.460000 -2.164195 -5.911663 1.227227
88.465000 -2.193754 -5.879200 1.227394
88.470000 -2.223150 -5.846294 1.227561
88.475000 -2.252381 -5.812947 1.227728
88.480000 -2.281446 -5.779161 1.227895
88.485000 -2.310342 -5.744939 1.228062
88.490000 -2.339066 -5.710284 1.228229
88.495000 -2.367618 -5.675198 1.228396
88.500000 -2.395994 -5.639684 1.228563
88.505000 -2.424192 -5.603744 1.228730
88.510000 -2.452211 -5.567381 1.228898
88.515000 -2.480048 -5.530598 1.229065
88.520000 -2.507701 -5.493397 1.229232
88.525000 -2.535168 -5.455782 1.229399
88.530000 -2.562447 -5.417754 1.229566
88.535000 -2.589535 -5.379318 1.229734
88.540000 -2.616432 -5.340475 1.229901
88.545000 -2.643134 -5.301228 1.230068
88.550000 -2.669640 -5.261581 1.230235
88.555000 -2.695948 -5.221537 1.230403
88.560000 -2.722056 -5.181097 1.230570
88.565000 -2.747962 -5.140266 1.230737
88.570000 -2.773663 -5.099047 1.230904
88.575000 -2.799158 -5.057442 1.231072
88.580000 -2.824445 -5.015455 1.231239
88.585000 -2.849523 -4.973088 1.231406
88.590000 -2.874388 -4.930345 1.231574
88.595000 -2.899040 -4.887229 1.231741
88.600000 -2.923476 -4.843744 1.231909
88.605000 -2.947695 -4.799892 1.232076
88.610000 -2.971694 -4.755676 1.232243
88.615000 -2.995472 -4.711101 1.232411
88.620000 -3.019028 -4.666169 1.232578
88.625000 -3.042359 -4.620883 1.232746
88.630000 -3.065463 -4.575248 1.232913
88.635000 -3.088339 -4.529266 1.233081
88.640000 -3.110986 -4.482941 1.233248
88.645000 -3.133401 -4.436276 1.233416
88.650000 -3.155582 -4.389275 1.233583
88.655000 -3.177528 -4.341941 1.233751
88.660000 -3.199238 -4.294278 1.233918
88.665000 -3.220709 -4.246290 1.234086
88.670000 -3.241941 -4.197979 1.234253
88.675000 -3.262931 -4.149350 1.234421
88.680000 -3.283677 -4.100406 1.234588
88.685000 -3.304179 -4.051151 1.234756
88.690000 -3.324435 -4.001588 1.234924
88.695000 -3.344443 -3.951722 1.235091
88.700000 -3.364202 -3.901555 1.235259
88.705000 -3.383710 -3.851092 1.235426
88.710000 -3.402965 -3.800336 1.235594
88.715000 -3.421967 -3.749292 1.235762
88.720000 -3.440713 -3.697962 1.235929
88.725000 -3.459203 -3.646352 1.236097
88.730000 -3.477435 -3.594464 1.236265
88.735000 -3.495407 -3.542302 1.236433
88.740000 -3.513119 -3.489871 1.236600
88.745000 -3.530568 -3.437174 1.236768
88.750000 -3.547754 -3.384216 1.236936
88.755000 -3.564675 -3.330999 1.237104
88.760000 -3.581330 -3.277529 1.237271
88.765000 -3.597718 -3.223809 1.237439
88.770000 -3.613837 -3.169844 1.237607
88.775000 -3.629686 -3.115636 1.237775
88.780000 -3.645264 -3.061191 1.237943
88.785000 -3.660570 -3.006512 1.238110
88.790000 -3.675602 -2.951603 1.238278
88.795000 -3.690361 -2.896469 1.238446
88.800000 -3.704843 -2.841114 1.238614
88.805000 -3.719048 -2.785541 1.238782
88.810000 -3.732976 -2.729755 1.238950
88.815000 -3.746625 -2.673761 1.239118
88.820000 -3.759994 -2.617561 1.239286
88.825000 -3.773082 -2.561162 1.239454
88.830000 -3.785887 -2.504565 1.239622
88.835000 -3.798410 -2.447777 1.239790
88.840000 -3.810649 -2.390801 1.239958
88.845000 -3.822603 -2.333641 1.240126
88.850000 -3.834271 -2.276302 1.240294
88.855000 -3.845653 -2.218788 1.240462
88.860000 -3.856747 -2.161103 1.240630
88.865000 -3.867552 -2.103252 1.240798
88.870000 -3.878068 -2.045239 1.240966
88.875000 -3.888295 -1.987068 1.241134
88.880000 -3.898230 -1.928743 1.241302
88.885000 -3.907874 -1.870270 1.241470
88.890000 -3.917225 -1.811652 1.241638
88.895000 -3.926283 -1.752893 1.241806
88.900000 -3.935048 -1.693999 1.241974
88.905000 -3.943518 -1.634973 1.242143
88.910000 -3.951693 -1.575821 1.242311
88.915000 -3.959572 -1.516545 1.242479
88.920000 -3.967154 -1.457152 1.242647
88.925000 -3.974440 -1.397644 1.242815
88.930000 -3.981428 -1.338028 1.242983
88.935000 -3.988119 -1.278306 1.243152
88.940000 -3.994510 -1.218485 1.243320
88.945000 -4.000603 -1.158567 1.243488
88.950000 -4.006395 -1.098558 1.243656
88.955000 -4.011888 -1.038462 1.243825
88.960000 -4.017080 -0.978284 1.243993
88.965000 -4.021972 -0.918027 1.244161
88.970000 -4.026562 -0.857698 1.244330
88.975000 -4.030851 -0.797299 1.244498
88.980000 -4.034837 -0.736837 1.244666
88.985000 -4.038521 -0.676314 1.244835
88.990000 -4.041903 -0.615736 1.245003
88.995000 -4.044981 -0.555108 1.245171
89.000000 -4.047757 -0.494433 1.245340
89.005000 -4.050229 -0.433717 1.245508
89.010000 -4.052398 -0.372963 1.245677
89.015000 -4.054263 -0.312177 1.245845
89.020000 -4.055823 -0.251363 1.246013
89.025000 -4.057080 -0.190526 1.246182
89.030000 -4.058033 -0.129670 1.246350
89.035000 -4.058681 -0.068799 1.246519
89.040000 -4.059025 -0.007919 1.246687
89.045000 -4.059065 0.052966 1.246856
89.050000 -4.058800 0.113852 1.247024
89.055000 -4.058231 0.174734 1.247193
89.060000 -4.057357 0.235608 1.247361
89.065000 -4.056179 0.296468 1.247530
89.070000 -4.054697 0.357311 1.247699
89.075000 -4.052910 0.418131 1.247867
89.080000 -4.050819 0.478925 1.248036
89.085000 -4.048425 0.539687 1.248204
89.090000 -4.045726 0.600414 1.248373
89.095000 -4.042724 0.661099 1.248542
89.100000 -4.039419 0.721740 1.248710
89.105000 -4.035810 0.782332 1.248879
89.110000 -4.031899 0.842869 1.249047
89.115000 -4.027684 0.903347 1.249216
89.120000 -4.023167 0.963763 1.249385
89.125000 -4.018349 1.024110 1.249554
89.130000 -4.013228 1.084385 1.249722
89.135000 -4.007806 1.144584 1.249891
89.140000 -4.002083 1.204701 1.250060
89.145000 -3.996060 1.264732 1.250228
89.150000 -3.989736 1.324673 1.250397
89.155000 -3.983113 1.384519 1.250566
89.160000 -3.976190 1.444266 1.250735
89.165000 -3.968969 1.503909 1.250904
89.170000 -3.961449 1.563443 1.251072
89.175000 -3.953632 1.622865 1.251241
89.180000 -3.945518 1.682169 1.251410
89.185000 -3.937107 1.741352 1.251579
89.190000 -3.928400 1.800409 1.251748
89.195000 -3.919398 1.859335 1.251917
89.200000 -3.910101 1.918126 1.252086
89.205000 -3.900511 1.976777 1.252255
89.210000 -3.890627 2.035285 1.252423
89.215000 -3.880450 2.093644 1.252592
89.220000 -3.869982 2.151851 1.252761
89.225000 -3.859223 2.209901 1.252930
89.230000 -3.848173 2.267789 1.253099
89.235000 -3.836835 2.325512 1.253268
89.240000 -3.825207 2.383064 1.253437
89.245000 -3.813292 2.440442 1.253606
89.250000 -3.801089 2.497642 1.253775
89.255000 -3.788601 2.554658 1.253944
89.260000 -3.775828 2.611487 1.254113
89.265000 -3.762770 2.668124 1.254282
89.270000 -3.749430 2.724566 1.254451
89.275000 -3.735807 2.780807 1.254621
89.280000 -3.721903 2.836844 1.254790
89.285000 -3.707719 2.892673 1.254959
89.290000 -3.693255 2.948289 1.255128
89.295000 -3.678514 3.003688 1.255297
89.300000 -3.663496 3.058865 1.255466
89.305000 -3.648201 3.113818 1.255635
89.310000 -3.632632 3.168541 1.255804
89.315000 -3.616789 3.223030 1.255974
89.320000 -3.600674 3.277282 1.256143
89.325000 -3.584288 3.331292 1.256312
89.330000 -3.567631 3.385057 1.256481
89.335000 -3.550706 3.438571 1.256651
89.340000 -3.533513 3.491832 1.256820
89.345000 -3.516054 3.544834 1.256989
89.350000 -3.498330 3.597575 1.257158
89.355000 -3.480342 3.650050 1.257328
89.360000 -3.462092 3.702255 1.257497
89.365000 -3.443581 3.754187 1.257666
89.370000 -3.424810 3.805840 1.257836
89.375000 -3.405780 3.857212 1.258005
89.380000 -3.386494 3.908299 1.258174
89.385000 -3.366953 3.959097 1.258344
89.390000 -3.347157 4.009601 1.258513
89.395000 -3.327109 4.059808 1.258682
89.400000 -3.306810 4.109715 1.258852
89.405000 -3.286262 4.159317 1.259021
89.410000 -3.265465 4.208611 1.259191
89.415000 -3.244422 4.257593 1.259360
89.420000 -3.223134 4.306259 1.259530
89.425000 -3.201603 4.354606 1.259699
89.430000 -3.179830 4.402630 1.259868
89.435000 -3.157817 4.450328 1.260038
89.440000 -3.135565 4.497695 1.260207
89.445000 -3.113077 4.544728 1.260377
89.450000 -3.090353 4.591425 1.260546
89.455000 -3.067396 4.637780 1.260716
89.460000 -3.044207 4.683791 1.260886
89.465000 -3.020788 4.729454 1.261055
89.470000 -2.997141 4.774766 1.261225
89.475000 -2.973267 4.819723 1.261394
89.480000 -2.949168 4.864322 1.261564
89.485000 -2.924847 4.908559 1.261734
89.490000 -2.900304 4.952432 1.261903
89.495000 -2.875542 4.995937 1.262073
89.500000 -2.850562 5.039070 1.262242
89.505000 -2.825367 5.081828 1.262412
89.510000 -2.799957 5.124209 1.262582
89.515000 -2.774336 5.166208 1.262752
89.520000 -2.748505 5.207823 1.262921
89.525000 -2.722466 5.249051 1.263091
89.530000 -2.696221 5.289888 1.263261
89.535000 -2.669772 5.330331 1.263430
89.540000 -2.643120 5.370378 1.263600
89.545000 -2.616268 5.410024 1.263770
89.550000 -2.589218 5.449268 1.263940
89.555000 -2.561972 5.488107 1.264110
89.560000 -2.534531 5.526536 1.264279
89.565000 -2.506898 5.564554 1.264449
89.570000 -2.479076 5.602158 1.264619
89.575000 -2.451065 5.639344 1.264789
89.580000 -2.422868 5.676110 1.264959
89.585000 -2.394488 5.712453 1.265129
89.590000 -2.365925 5.748370 1.265298
89.595000 -2.337183 5.783859 1.265468
89.600000 -2.308264 5.818917 1.265638
89.605000 -2.279170 5.853541 1.265808
89.610000 -2.249902 5.887728 1.265978
89.615000 -2.220463 5.921477 1.266148
89.620000 -2.190856 5.954784 1.266318
89.625000 -2.161082 5.987647 1.266488
89.630000 -2.131144 6.020063 1.266658
89.635000 -2.101043 6.052030 1.266828
89.640000 -2.070783 6.083546 1.266998
89.645000 -2.040365 6.114607 1.267168
89.650000 -2.009792 6.145213 1.267338
89.655000 -1.979066 6.175360 1.267508
89.660000 -1.948190 6.205046 1.267678
89.665000 -1.917164 6.234269 1.267848
89.670000 -1.885993 6.263026 1.268018
89.675000 -1.854678 6.291316 1.268188
89.680000 -1.823221 6.319136 1.268359
89.685000 -1.791626 6.346484 1.268529
89.690000 -1.759893 6.373359 1.268699
89.695000 -1.728026 6.399757 1.268869
89.700000 -1.696028 6.425678 1.269039
89.705000 -1.663899 6.451118 1.269209
89.710000 -1.631644 6.476076 1.269379
89.715000 -1.599263 6.500551 1.269550
89.720000 -1.566760 6.524540 1.269720
89.725000 -1.534138 6.548041 1.269890
89.730000 -1.501398 6.571054 1.270060
89.735000 -1.468542 6.593575 1.270231
89.740000 -1.435574 6.615603 1.270401
89.745000 -1.402496 6.637136 1.270571
89.750000 -1.369311 6.658174 1.270741
89.755000 -1.336020 6.678713 1.270912
89.760000 -1.302626 6.698754 1.271082
89.765000 -1.269133 6.718293 1.271252
89.770000 -1.235541 6.737330 1.271423
89.775000 -1.201854 6.755863 1.271593
89.780000 -1.168075 6.773891 1.271764
89.785000 -1.134206 6.791412 1.271934
89.790000 -1.100249 6.808425 1.272104
89.795000 -1.066206 6.824929 1.272275
89.800000 -1.032082 6.840922 1.272445
89.805000 -0.997877 6.856403 1.272616
89.810000 -0.963595 6.871371 1.272786
89.815000 -0.929238 6.885825 1.272956
89.820000 -0.894809 6.899764 1.273127
89.825000 -0.860310 6.913186 1.273297
89.830000 -0.825744 6.926091 1.273468
89.835000 -0.791114 6.938477 1.273638
89.840000 -0.756422 6.950344 1.273809
89.845000 -0.721670 6.961690 1.273979
89.850000 -0.686861 6.972515 1.274150
89.855000 -0.651999 6.982818 1.274321
89.860000 -0.617085 6.992598 1.274491
89.865000 -0.582122 7.001854 1.274662
89.870000 -0.547113 7.010586 1.274832
89.875000 -0.512060 7.018793 1.275003
89.880000 -0.476966 7.026474 1.275174
89.885000 -0.441833 7.033628 1.275344
89.890000 -0.406665 7.040256 1.275515
89.895000 -0.371464 7.046355 1.275686
89.900000 -0.336232 7.051927 1.275856
89.905000 -0.300972 7.056971 1.276027
89.910000 -0.265688 7.061486 1.276198
89.915000 -0.230380 7.065471 1.276368
89.920000 -0.195053 7.068927 1.276539
89.925000 -0.159708 7.071852 1.276710
89.930000 -0.124349 7.074248 1.276881
89.935000 -0.088978 7.076113 1.277051
89.940000 -0.053597 7.077448 1.277222
89.945000 -0.018210 7.078252 1.277393
89.950000 0.017181 7.078525 1.277564
89.955000 0.052574 7.078267 1.277734
89.960000 0.087965 7.077479 1.277905
89.965000 0.123353 7.076159 1.278076
89.970000 0.158734 7.074309 1.278247
89.975000 0.194105 7.071928 1.278418
89.980000 0.229465 7.069016 1.278589
89.985000 0.264810 7.065574 1.278760
89.990000 0.300138 7.061602 1.278931
89.995000 0.335446 7.057100 1.279101
90.000000 0.370731 7.052068 1.279272
90.005000 0.405992 7.046507 1.279443
90.010000 0.441224 7.040418 1.279614
90.015000 0.476426 7.033799 1.279785
90.020000 0.511595 7.026653 1.279956
90.025000 0.546728 7.018979 1.280127
90.030000 0.581823 7.010778 1.280298
90.035000 0.616877 7.002051 1.280469
90.040000 0.651887 6.992797 1.280640
90.045000 0.686851 6.983019 1.280811
90.050000 0.721767 6.972716 1.280982
90.055000 0.756630 6.961890 1.281154
90.060000 0.791440 6.950540 1.281325
90.065000 0.826192 6.938669 1.281496
90.070000 0.860886 6.926276 1.281667
90.075000 0.895517 6.913363 1.281838
90.080000 0.930084 6.899930 1.282009
90.085000 0.964583 6.885979 1.282180
90.090000 0.999013 6.871510 1.282351
90.095000 1.033371 6.856525 1.282523
90.100000 1.067654 6.841024 1.282694
90.105000 1.101859 6.825009 1.282865
90.110000 1.135984 6.808481 1.283036
90.115000 1.170026 6.791442 1.283207
90.120000 1.203983 6.773891 1.283379
90.125000 1.237853 6.755832 1.283550
90.130000 1.271632 6.737264 1.283721
90.135000 1.305318 6.718189 1.283892
90.140000 1.338909 6.698609 1.284064
90.145000 1.372402 6.678526 1.284235
90.150000 1.405795 6.657940 1.284406
90.155000 1.439085 6.636853 1.284578
90.160000 1.472269 6.615267 1.284749
90.165000 1.505345 6.593183 1.284920
90.170000 1.538311 6.570602 1.285092
90.175000 1.571164 6.547528 1.285263
90.180000 1.603902 6.523960 1.285435
90.185000 1.636522 6.499902 1.285606
90.190000 1.669021 6.475354 1.285777
90.195000 1.701398 6.450319 1.285949
90.200000 1.733649 6.424798 1.286120
90.205000 1.765773 6.398793 1.286292
90.210000 1.797767 6.372306 1.286463
90.215000 1.829629 6.345340 1.286635
90.220000 1.861356 6.317895 1.286806
90.225000 1.892945 6.289975 1.286978
90.230000 1.924395 6.261581 1.287149
90.235000 1.955703 6.232715 1.287321
90.240000 1.986866 6.203379 1.287492
90.245000 2.017883 6.173576 1.287664
90.250000 2.048751 6.143308 1.287835
90.255000 2.079468 6.112577 1.288007
90.260000 2.110031 6.081385 1.288179
90.265000 2.140438 6.049734 1.288350
90.270000 2.170686 6.017628 1.288522
90.275000 2.200774 5.985068 1.288693
90.280000 2.230700 5.952056 1.288865
90.285000 2.260460 5.918595 1.289037
90.290000 2.290053 5.884689 1.289208
90.295000 2.319476 5.850338 1.289380
90.300000 2.348728 5.815546 1.289552
90.305000 2.377806 5.780315 1.289724
90.310000 2.406707 5.744648 1.289895
90.315000 2.435431 5.708547 1.290067
90.320000 2.463973 5.672015 1.290239
90.325000 2.492333 5.635056 1.290411
90.330000 2.520509 5.597671 1.290582
90.335000 2.548497 5.559863 1.290754
90.340000 2.576296 5.521636 1.290926
90.345000 2.603905 5.482991 1.291098
90.350000 2.631320 5.443933 1.291270
90.355000 2.658539 5.404463 1.291441
90.360000 2.685562 5.364585 1.291613
90.365000 2.712384 5.324301 1.291785
90.370000 2.739006 5.283616 1.291957
90.375000 2.765424 5.242531 1.292129
90.380000 2.791637 5.201049 1.292301
90.385000 2.817642 5.159175 1.292473
90.390000 2.843438 5.116910 1.292645
90.395000 2.869022 5.074259 1.292817
90.400000 2.894394 5.031223 1.292989
90.405000 2.919550 4.987807 1.293161
90.410000 2.944489 4.944014 1.293333
90.415000 2.969209 4.899847 1.293505
90.420000 2.993708 4.855309 1.293677
90.425000 3.017985 4.810403 1.293849
90.430000 3.042037 4.765133 1.294021
90.435000 3.065862 4.719503 1.294193
90.440000 3.089460 4.673515 1.294365
90.445000 3.112827 4.627173 1.294537
90.450000 3.135963 4.580480 1.294709
90.455000 3.158866 4.533441 1.294881
90.460000 3.181533 4.486058 1.295053
90.465000 3.203963 4.438335 1.295225
90.470000 3.226155 4.390276 1.295397
90.475000 3.248106 4.341883 1.295570
90.480000 3.269816 4.293162 1.295742
90.485000 3.291281 4.244114 1.295914
90.490000 3.312502 4.194745 1.296086
90.495000 3.333476 4.145058 1.296258
90.500000 3.354201 4.095055 1.296431
90.505000 3.374676 4.044742 1.296603
90.510000 3.394900 3.994122 1.296775
90.515000 3.414871 3.943199 1.296947
90.520000 3.434587 3.891976 1.297120
90.525000 3.454047 3.840457 1.297292
90.530000 3.473249 3.788646 1.297464
90.535000 3.492192 3.736548 1.297636
90.540000 3.510875 3.684165 1.297809
90.545000 3.529296 3.631502 1.297981
90.550000 3.547453 3.578562 1.298153
90.555000 3.565346 3.525350 1.298326
90.560000 3.582973 3.471870 1.298498
90.565000 3.600332 3.418126 1.298671
90.570000 3.617423 3.364121 1.298843
90.575000 3.634243 3.309859 1.299015
90.580000 3.650793 3.255346 1.299188
90.585000 3.667069 3.200584 1.299360
90.590000 3.683072 3.145578 1.299533
90.595000 3.698800 3.090332 1.299705
90.600000 3.714252 3.034850 1.299878
90.605000 3.729426 2.979136 1.300050
90.610000 3.744322 2.923194 1.300223
90.615000 3.758938 2.867030 1.300395
90.620000 3.773273 2.810645 1.300568
90.625000 3.787326 2.754046 1.300740
90.630000 3.801096 2.697237 1.300913
90.635000 3.814582 2.640220 1.301085
90.640000 3.827784 2.583001 1.301258
90.645000 3.840699 2.525585 1.301431
90.650000 3.853326 2.467974 1.301603
90.655000 3.865666 2.410174 1.301776
90.660000 3.877717 2.352189 1.301948
90.665000 3.889478 2.294023 1.302121
90.670000 3.900948 2.235681 1.302294
90.675000 3.912127 2.177167 1.302466
90.680000 3.923012 2.118485 1.302639
90.685000 3.933605 2.059640 1.302812
90.690000 3.943903 2.000636 1.302985
90.695000 3.953906 1.941477 1.303157
90.700000 3.963614 1.882169 1.303330
90.705000 3.973025 1.822715 1.303503
90.710000 3.982138 1.763119 1.303675
90.715000 3.990954 1.703387 1.303848
90.720000 3.999471 1.643523 1.304021
90.725000 4.007688 1.583531 1.304194
90.730000 4.015606 1.523415 1.304367
90.735000 4.023223 1.463181 1.304539
90.740000 4.030539 1.402833 1.304712
90.745000 4.037553 1.342375 1.304885
90.750000 4.044265 1.281812 1.305058
90.755000 4.050674 1.221148 1.305231
90.760000 4.056780 1.160388 1.305404
90.765000 4.062582 1.099536 1.305577
90.770000 4.068079 1.038597 1.305750
90.775000 4.073272 0.977576 1.305923
90.780000 4.078160 0.916477 1.306096
90.785000 4.082743 0.855304 1.306268
90.790000 4.087019 0.794063 1.306441
90.795000 4.090989 0.732758 1.306614
90.800000 4.094653 0.671393 1.306787
90.805000 4.098010 0.609973 1.306960
90.810000 4.101060 0.548503 1.307133
90.815000 4.103803 0.486987 1.307306
90.820000 4.106237 0.425430 1.307480
90.825000 4.108365 0.363837 1.307653
90.830000 4.110184 0.302211 1.307826
90.835000 4.111695 0.240558 1.307999
90.840000 4.112898 0.178883 1.308172
90.845000 4.113792 0.117190 1.308345
90.850000 4.114378 0.055483 1.308518
90.855000 4.114655 -0.006233 1.308691
90.860000 4.114624 -0.067953 1.308864
90.865000 4.114285 -0.129672 1.309038
90.870000 4.113636 -0.191386 1.309211
90.875000 4.112679 -0.253091 1.309384
90.880000 4.111414 -0.314781 1.309557
90.885000 4.109840 -0.376452 1.309730
90.890000 4.107958 -0.438100 1.309904
90.895000 4.105767 -0.499719 1.310077
90.900000 4.103269 -0.561306 1.310250
90.905000 4.100462 -0.622855 1.310423
90.910000 4.097348 -0.684362 1.310597
90.915000 4.093926 -0.745822 1.310770
90.920000 4.090197 -0.807231 1.310943
90.925000 4.086161 -0.868584 1.311117
90.930000 4.081818 -0.929876 1.311290
90.935000 4.077168 -0.991104 1.311463
90.940000 4.072213 -1.052261 1.311637
90.945000 4.066952 -1.113344 1.311810
90.950000 4.061385 -1.174349 1.311983
90.955000 4.055513 -1.235269 1.312157
90.960000 4.049337 -1.296102 1.312330
90.965000 4.042856 -1.356842 1.312504
90.970000 4.036072 -1.417485 1.312677
90.975000 4.028985 -1.478026 1.312850
90.980000 4.021594 -1.538461 1.313024
90.985000 4.013902 -1.598785 1.313197
90.990000 4.005908 -1.658993 1.313371
90.995000 3.997613 -1.719082 1.313544
91.000000 3.989018 -1.779046 1.313718
91.005000 3.980123 -1.838881 1.313891
91.010000 3.970928 -1.898583 1.314065
91.015000 3.961435 -1.958147 1.314239
91.020000 3.951645 -2.017569 1.314412
91.025000 3.941557 -2.076843 1.314586
91.030000 3.931172 -2.135967 1.314759
91.035000 3.920493 -2.194934 1.314933
91.040000 3.909518 -2.253742 1.315107
91.045000 3.898249 -2.312384 1.315280
91.050000 3.886687 -2.370858 1.315454
91.055000 3.874833 -2.429158 1.315627
91.060000 3.862687 -2.487281 1.315801
91.065000 3.850251 -2.545221 1.315975
91.070000 3.837525 -2.602975 1.316149
91.075000 3.824510 -2.660538 1.316322
91.080000 3.811207 -2.717905 1.316496
91.085000 3.797618 -2.775074 1.316670
91.090000 3.783742 -2.832038 1.316843
91.095000 3.769582 -2.888794 1.317017
91.100000 3.755138 -2.945338 1.317191
91.105000 3.740411 -3.001665 1.317365
91.110000 3.725403 -3.057771 1.317539
91.115000 3.710114 -3.113652 1.317712
91.120000 3.694546 -3.169304 1.317886
91.125000 3.678699 -3.224722 1.318060
91.130000 3.662576 -3.279902 1.318234
91.135000 3.646176 -3.334841 1.318408
91.140000 3.629502 -3.389534 1.318582
91.145000 3.612554 -3.443976 1.318756
91.150000 3.595335 -3.498165 1.318929
91.155000 3.577844 -3.552095 1.319103
91.160000 3.560083 -3.605762 1.319277
91.165000 3.542055 -3.659163 1.319451
91.170000 3.523759 -3.712294 1.319625
91.175000 3.505197 -3.765151 1.319799
91.180000 3.486371 -3.817729 1.319973
91.185000 3.467283 -3.870024 1.320147
91.190000 3.447933 -3.922033 1.320321
91.195000 3.428323 -3.973752 1.320495
91.200000 3.408454 -4.025177 1.320669
91.205000 3.388328 -4.076304 1.320843
91.210000 3.367946 -4.127129 1.321017
91.215000 3.347311 -4.177648 1.321191
91.220000 3.326422 -4.227858 1.321366
91.225000 3.305283 -4.277754 1.321540
91.230000 3.283894 -4.327333 1.321714
91.235000 3.262258 -4.376592 1.321888
91.240000 3.240375 -4.425526 1.322062
91.245000 3.218247 -4.474131 1.322236
91.250000 3.195877 -4.522405 1.322410
91.255000 3.173264 -4.570343 1.322585
91.260000 3.150413 -4.617942 1.322759
91.265000 3.127323 -4.665198 1.322933
91.270000 3.103997 -4.712108 1.323107
91.275000 3.080437 -4.758668 1.323281
91.280000 3.056643 -4.804875 1.323456
91.285000 3.032619 -4.850724 1.323630
91.290000 3.008365 -4.896214 1.323804
91.295000 2.983884 -4.941339 1.323978
91.300000 2.959177 -4.986097 1.324153
91.305000 2.934247 -5.030485 1.324327
91.310000 2.909095 -5.074499 1.324501
91.315000 2.883722 -5.118135 1.324676
91.320000 2.858131 -5.161391 1.324850
91.325000 2.832324 -5.204263 1.325024
91.330000 2.806303 -5.246748 1.325199
91.335000 2.780069 -5.288842 1.325373
91.340000 2.753625 -5.330543 1.325548
91.345000 2.726972 -5.371848 1.325722
91.350000 2.700113 -5.412752 1.325896
91.355000 2.673049 -5.453254 1.326071
91.360000 2.645783 -5.493350 1.326245
91.365000 2.618316 -5.533037 1.326420
91.370000 2.590651 -5.572311 1.326594
91.375000 2.562790 -5.611171 1.326769
91.380000 2.534734 -5.649613 1.326943
91.385000 2.506486 -5.687634 1.327118
91.390000 2.478048 -5.725231 1.327292
91.395000 2.449421 -5.762402 1.327467
91.400000 2.420609 -5.799143 1.327641
91.405000 2.391614 -5.835452 1.327816
91.410000 2.362436 -5.871327 1.327991
91.415000 2.333080 -5.906763 1.328165
91.420000 2.303546 -5.941759 1.328340
91.425000 2.273837 -5.976312 1.328514
91.430000 2.243956 -6.010420 1.328689
91.435000 2.213904 -6.044079 1.328864
91.440000 2.183683 -6.077288 1.329038
91.445000 2.153297 -6.110043 1.329213
91.450000 2.122746 -6.142343 1.329388
91.455000 2.092035 -6.174184 1.329562
91.460000 2.061164 -6.205564 1.329737
91.465000 2.030136 -6.236482 1.329912
91.470000 1.998954 -6.266934 1.330087
91.475000 1.967619 -6.296918 1.330261
91.480000 1.936134 -6.326432 1.330436
91.485000 1.904502 -6.355474 1.330611
91.490000 1.872725 -6.384042 1.330786
91.495000 1.840805 -6.412133 1.330961
91.500000 1.808744 -6.439745 1.331135
91.505000 1.776545 -6.466876 1.331310
91.510000 1.744211 -6.493524 1.331485
91.515000 1.711743 -6.519687 1.331660
91.520000 1.679145 -6.545364 1.331835
91.525000 1.646418 -6.570551 1.332010
91.530000 1.613565 -6.595247 1.332185
91.535000 1.580589 -6.619450 1.332360
91.540000 1.547492 -6.643159 1.332534
91.545000 1.514276 -6.666372 1.332709
91.550000 1.480944 -6.689086 1.332884
91.555000 1.447499 -6.711300 1.333059
91.560000 1.413942 -6.733012 1.333234
91.565000 1.380277 -6.754222 1.333409
91.570000 1.346506 -6.774926 1.333584
91.575000 1.312631 -6.795123 1.333759
91.580000 1.278656 -6.814813 1.333934
91.585000 1.244582 -6.833993 1.334109
91.590000 1.210412 -6.852661 1.334284
91.595000 1.176148 -6.870818 1.334459
91.600000 1.141794 -6.888460 1.334635
91.605000 1.107352 -6.905587 1.334810
91.610000 1.072824 -6.922197 1.334985
91.615000 1.038213 -6.938289 1.335160
91.620000 1.003522 -6.953863 1.335335
91.625000 0.968752 -6.968915 1.335510
91.630000 0.933908 -6.983447 1.335685
91.635000 0.898991 -6.997455 1.335861
91.640000 0.864003 -7.010940 1.336036
91.645000 0.828949 -7.023900 1.336211
91.650000 0.793829 -7.036334 1.336386
91.655000 0.758647 -7.048242 1.336561
91.660000 0.723406 -7.059622 1.336737
91.665000 0.688108 -7.070473 1.336912
91.670000 0.652756 -7.080794 1.337087
91.675000 0.617352 -7.090586 1.337262
91.680000 0.581899 -7.099846 1.337438
91.685000 0.546400 -7.108574 1.337613
91.690000 0.510857 -7.116770 1.337788
91.695000 0.475273 -7.124433 1.337964
91.700000 0.439651 -7.131562 1.338139
91.705000 0.403993 -7.138157 1.338314
91.710000 0.368302 -7.144217 1.338490
91.715000 0.332581 -7.149741 1.338665
91.720000 0.296832 -7.154730 1.338841
91.725000 0.261059 -7.159183 1.339016
91.730000 0.225263 -7.163099 1.339191
91.735000 0.189447 -7.166477 1.339367
91.740000 0.153615 -7.169319 1.339542
91.745000 0.117768 -7.171623 1.339718
91.750000 0.081910 -7.173390 1.339893
91.755000 0.046043 -7.174619 1.340069
91.760000 0.010170 -7.175309 1.340244
91.765000 -0.025706 -7.175462 1.340420
91.770000 -0.061584 -7.175076 1.340595
91.775000 -0.097459 -7.174152 1.340771
91.780000 -0.133330 -7.172691 1.340946
91.785000 -0.169193 -7.170691 1.341122
91.790000 -0.205047 -7.168153 1.341298
91.795000 -0.240888 -7.165077 1.341473
91.800000 -0.276713 -7.161464 1.341649
91.805000 -0.312520 -7.157313 1.341824
91.810000 -0.348307 -7.152625 1.342000
91.815000 -0.384070 -7.147401 1.342176
91.820000 -0.419807 -7.141640 1.342351
91.825000 -0.455515 -7.135342 1.342527
91.830000 -0.491192 -7.128510 1.342703
91.835000 -0.526834 -7.121142 1.342878
91.840000 -0.562440 -7.113239 1.343054
91.845000 -0.598006 -7.104803 1.343230
91.850000 -0.633530 -7.095833 1.343406
91.855000 -0.669010 -7.086330 1.343581
91.860000 -0.704441 -7.076294 1.343757
91.865000 -0.739823 -7.065728 1.343933
91.870000 -0.775151 -7.054631 1.344109
91.875000 -0.810424 -7.043003 1.344284
91.880000 -0.845639 -7.030847 1.344460
91.885000 -0.880794 -7.018162 1.344636
91.890000 -0.915885 -7.004950 1.344812
91.895000 -0.950909 -6.991212 1.344988
91.900000 -0.985865 -6.976948 1.345164
91.905000 -1.020750 -6.962161 1.345340
91.910000 -1.055561 -6.946849 1.345516
91.915000 -1.090295 -6.931016 1.345691
91.920000 -1.124950 -6.914661 1.345867
91.925000 -1.159524 -6.897787 1.346043
91.930000 -1.194012 -6.880394 1.346219
91.935000 -1.228414 -6.862484 1.346395
91.940000 -1.262727 -6.844058 1.346571
91.945000 -1.296947 -6.825117 1.346747
91.950000 -1.331073 -6.805663 1.346923
91.955000 -1.365101 -6.785697 1.347099
91.960000 -1.399030 -6.765220 1.347275
91.965000 -1.432856 -6.744235 1.347451
91.970000 -1.466577 -6.722742 1.347627
91.975000 -1.500190 -6.700743 1.347803
91.980000 -1.533694 -6.678240 1.347979
91.985000 -1.567085 -6.655235 1.348156
91.990000 -1.600362 -6.631729 1.348332
91.995000 -1.633520 -6.607723 1.348508
92.000000 -1.666559 -6.583220 1.348684
92.005000 -1.699475 -6.558222 1.348860
92.010000 -1.732266 -6.532730 1.349036
92.015000 -1.764930 -6.506746 1.349212
92.020000 -1.797463 -6.480272 1.349389
92.025000 -1.829865 -6.453310 1.349565
92.030000 -1.862131 -6.425862 1.349741
92.035000 -1.894261 -6.397930 1.349917
92.040000 -1.926250 -6.369516 1.350094
92.045000 -1.958098 -6.340622 1.350270
92.050000 -1.989801 -6.311251 1.350446
92.055000 -2.021357 -6.281404 1.350622
92.060000 -2.052764 -6.251084 1.350799
92.065000 -2.084020 -6.220292 1.350975
92.070000 -2.115121 -6.189032 1.351151
92.075000 -2.146066 -6.157305 1.351328
92.080000 -2.176853 -6.125114 1.351504
92.085000 -2.207478 -6.092461 1.351680
92.090000 -2.237941 -6.059349 1.351857
92.095000 -2.268237 -6.025780 1.352033
92.100000 -2.298366 -5.991756 1.352210
92.105000 -2.328325 -5.957281 1.352386
92.110000 -2.358112 -5.922356 1.352562
92.115000 -2.387723 -5.886984 1.352739
92.120000 -2.417158 -5.851169 1.352915
92.125000 -2.446414 -5.814911 1.353092
92.130000 -2.475489 -5.778215 1.353268
92.135000 -2.504380 -5.741083 1.353445
92.140000 -2.533085 -5.703517 1.353621
92.145000 -2.561603 -5.665521 1.353798
92.150000 -2.589930 -5.627097 1.353974
92.155000 -2.618066 -5.588248 1.354151
92.160000 -2.646007 -5.548977 1.354327
92.165000 -2.673752 -5.509287 1.354504
92.170000 -2.701298 -5.469180 1.354681
92.175000 -2.728644 -5.428661 1.354857
92.180000 -2.755788 -5.387731 1.355034
92.185000 -2.782726 -5.346394 1.355210
92.190000 -2.809458 -5.304653 1.355387
92.195000 -2.835981 -5.262512 1.355564
92.200000 -2.862294 -5.219972 1.355740
92.205000 -2.888394 -5.177037 1.355917
92.210000 -2.914279 -5.133712 1.356094
92.215000 -2.939948 -5.089997 1.356270
92.220000 -2.965398 -5.045898 1.356447
92.225000 -2.990627 -5.001417 1.356624
92.230000 -3.015634 -4.956558 1.356801
92.235000 -3.040417 -4.911323 1.356977
92.240000 -3.064974 -4.865717 1.357154
92.245000 -3.089302 -4.819742 1.357331
92.250000 -3.113401 -4.773403 1.357508
92.255000 -3.137268 -4.726702 1.357685
92.260000 -3.160901 -4.679643 1.357861
92.265000 -3.184300 -4.632229 1.358038
92.270000 -3.207461 -4.584465 1.358215
92.275000 -3.230383 -4.536353 1.358392
92.280000 -3.253065 -4.487897 1.358569
92.285000 -3.275504 -4.439101 1.358746
92.290000 -3.297700 -4.389969 1.358923
92.295000 -3.319650 -4.340503 1.359100
92.300000 -3.341352 -4.290708 1.359276
92.305000 -3.362806 -4.240588 1.359453
92.310000 -3.384009 -4.190146 1.359630
92.315000 -3.404959 -4.139386 1.359807
92.320000 -3.425656 -4.088311 1.359984
92.325000 -3.446098 -4.036927 1.360161
92.330000 -3.466283 -3.985235 1.360338
92.335000 -3.486209 -3.933241 1.360515
92.340000 -3.505875 -3.880948 1.360692
92.345000 -3.525280 -3.828360 1.360869
92.350000 -3.544421 -3.775480 1.361047
92.355000 -3.563299 -3.722314 1.361224
92.360000 -3.581910 -3.668865 1.361401
92.365000 -3.600255 -3.615136 1.361578
92.370000 -3.618330 -3.561132 1.361755
92.375000 -3.636136 -3.506857 1.361932
92.380000 -3.653670 -3.452315 1.362109
92.385000 -3.670932 -3.397510 1.362286
92.390000 -3.687920 -3.342446 1.362464
92.395000 -3.704632 -3.287127 1.362641
92.400000 -3.721067 -3.231558 1.362818
92.405000 -3.737225 -3.175742 1.362995
92.410000 -3.753104 -3.119683 1.363172
92.415000 -3.768702 -3.063387 1.363350
92.420000 -3.784019 -3.006856 1.363527
92.425000 -3.799054 -2.950096 1.363704
92.430000 -3.813804 -2.893110 1.363881
92.435000 -3.828270 -2.835903 1.364059
92.440000 -3.842449 -2.778479 1.364236
92.445000 -3.856341 -2.720842 1.364413
92.450000 -3.869946 -2.662997 1.364591
92.455000 -3.883261 -2.604948 1.364768
92.460000 -3.896285 -2.546699 1.364945
92.465000 -3.909019 -2.488255 1.365123
92.470000 -3.921460 -2.429620 1.365300
92.475000 -3.933608 -2.370798 1.365477
92.480000 -3.945462 -2.311794 1.365655
92.485000 -3.957021 -2.252612 1.365832
92.490000 -3.968284 -2.193256 1.366010
92.495000 -3.979251 -2.133732 1.366187
92.500000 -3.989919 -2.074043 1.366365
92.505000 -4.000289 -2.014195 1.366542
92.510000 -4.010360 -1.954190 1.366720
92.515000 -4.020131 -1.894035 1.366897
92.520000 -4.029602 -1.833733 1.367075
92.525000 -4.038770 -1.773289 1.367252
92.530000 -4.047637 -1.712707 1.367430
92.535000 -4.056200 -1.651993 1.367607
92.540000 -4.064460 -1.591150 1.367785
92.545000 -4.072416 -1.530183 1.367962
92.550000 -4.080067 -1.469097 1.368140
92.555000 -4.087412 -1.407896 1.368318
92.560000 -4.094452 -1.346584 1.368495
92.565000 -4.101185 -1.285168 1.368673
92.570000 -4.107611 -1.223650 1.368851
92.575000 -4.113729 -1.162036 1.369028
92.580000 -4.119539 -1.100330 1.369206
92.585000 -4.125041 -1.038537 1.369384
92.590000 -4.130233 -0.976661 1.369561
92.595000 -4.135117 -0.914708 1.369739
92.600000 -4.139690 -0.852681 1.369917
92.605000 -4.143954 -0.790585 1.370094
92.610000 -4.147906 -0.728426 1.370272
92.615000 -4.151549 -0.666208 1.370450
92.620000 -4.154880 -0.603934 1.370628
92.625000 -4.157899 -0.541611 1.370806
92.630000 -4.160607 -0.479243 1.370983
92.635000 -4.163004 -0.416834 1.371161
92.640000 -4.165088 -0.354389 1.371339
92.645000 -4.166860 -0.291912 1.371517
92.650000 -4.168319 -0.229409 1.371695
92.655000 -4.169466 -0.166885 1.371873
92.660000 -4.170301 -0.104343 1.372051
92.665000 -4.170822 -0.041788 1.372228
92.670000 -4.171031 0.020774 1.372406
92.675000 -4.170928 0.083340 1.372584
92.680000 -4.170511 0.145904 1.372762
92.685000 -4.169781 0.208461 1.372940
92.690000 -4.168739 0.271008 1.373118
92.695000 -4.167384 0.333539 1.373296
92.700000 -4.165716 0.396050 1.373474
92.705000 -4.163736 0.458536 1.373652
92.710000 -4.161443 0.520992 1.373830
92.715000 -4.158838 0.583413 1.374008
92.720000 -4.155921 0.645796 1.374186
92.725000 -4.152692 0.708135 1.374364
92.730000 -4.149152 0.770425 1.374542
92.735000 -4.145300 0.832662 1.374720
92.740000 -4.141136 0.894842 1.374899
92.745000 -4.136662 0.956959 1.375077
92.750000 -4.131877 1.019009 1.375255
92.755000 -4.126782 1.080987 1.375433
92.760000 -4.121377 1.142889 1.375611
92.765000 -4.115663 1.204709 1.375789
92.770000 -4.109639 1.266444 1.375968
92.775000 -4.103307 1.328089 1.376146
92.780000 -4.096667 1.389639 1.376324
92.785000 -4.089718 1.451089 1.376502
92.790000 -4.082463 1.512434 1.376680
92.795000 -4.074901 1.573671 1.376859
92.800000 -4.067032 1.634795 1.377037
92.805000 -4.058858 1.695800 1.377215
92.810000 -4.050379 1.756683 1.377393
92.815000 -4.041596 1.817439 1.377572
92.820000 -4.032509 1.878063 1.377750
92.825000 -4.023118 1.938550 1.377928
92.830000 -4.013426 1.998897 1.378107
92.835000 -4.003431 2.059099 1.378285
92.840000 -3.993136 2.119150 1.378463
92.845000 -3.982540 2.179047 1.378642
92.850000 -3.971645 2.238785 1.378820
92.855000 -3.960451 2.298360 1.378999
92.860000 -3.948959 2.357767 1.379177
92.865000 -3.937170 2.417001 1.379356
92.870000 -3.925085 2.476059 1.379534
92.875000 -3.912705 2.534935 1.379712
92.880000 -3.900030 2.593625 1.379891
92.885000 -3.887062 2.652126 1.380069
92.890000 -3.873801 2.710432 1.380248
92.895000 -3.860249 2.768539 1.380426
92.900000 -3.846407 2.826443 1.380605
92.905000 -3.832274 2.884139 1.380784
92.910000 -3.817854 2.941623 1.380962
92.915000 -3.803146 2.998891 1.381141
92.920000 -3.788151 3.055938 1.381319
92.925000 -3.772871 3.112760 1.381498
92.930000 -3.757308 3.169353 1.381676
92.935000 -3.741461 3.225713 1.381855
92.940000 -3.725332 3.281835 1.382034
92.945000 -3.708923 3.337715 1.382212
92.950000 -3.692235 3.393348 1.382391
92.955000 -3.675268 3.448732 1.382570
92.960000 -3.658024 3.503861 1.382748
92.965000 -3.640505 3.558731 1.382927
92.970000 -3.622711 3.613339 1.383106
92.975000 -3.604645 3.667680 1.383285
92.980000 -3.586306 3.721749 1.383463
92.985000 -3.567697 3.775544 1.383642
92.990000 -3.548820 3.829059 1.383821
92.995000 -3.529674 3.882292 1.384000
93.000000 -3.510263 3.935237 1.384178
93.005000 -3.490587 3.987891 1.384357
93.010000 -3.470647 4.040249 1.384536
93.015000 -3.450446 4.092309 1.384715
93.020000 -3.429984 4.144066 1.384894
93.025000 -3.409264 4.195516 1.385073
93.030000 -3.388287 4.246655 1.385252
93.035000 -3.367053 4.297479 1.385430
93.040000 -3.345566 4.347985 1.385609
93.045000 -3.323826 4.398168 1.385788
93.050000 -3.301835 4.448026 1.385967
93.055000 -3.279595 4.497553 1.386146
93.060000 -3.257107 4.546747 1.386325
93.065000 -3.234374 4.595604 1.386504
93.070000 -3.211396 4.644119 1.386683
93.075000 -3.188175 4.692290 1.386862
93.080000 -3.164713 4.740113 1.387041
93.085000 -3.141013 4.787584 1.387220
93.090000 -3.117075 4.834699 1.387399
93.095000 -3.092901 4.881455 1.387578
93.100000 -3.068494 4.927848 1.387757
93.105000 -3.043855 4.973876 1.387936
93.110000 -3.018986 5.019534 1.388115
93.115000 -2.993888 5.064818 1.388295
93.120000 -2.968564 5.109727 1.388474
93.125000 -2.943015 5.154255 1.388653
93.130000 -2.917244 5.198400 1.388832
93.135000 -2.891252 5.242159 1.389011
93.140000 -2.865041 5.285528 1.389190
93.145000 -2.838613 5.328503 1.389369
93.150000 -2.811971 5.371083 1.389549
93.155000 -2.785116 5.413262 1.389728
93.160000 -2.758049 5.455039 1.389907
93.165000 -2.730774 5.496410 1.390086
93.170000 -2.703292 5.537371 1.390266
93.175000 -2.675605 5.577921 1.390445
93.180000 -2.647716 5.618055 1.390624
93.185000 -2.619625 5.657770 1.390803
93.190000 -2.591336 5.697065 1.390983
93.195000 -2.562851 5.735935 1.391162
93.200000 -2.534171 5.774378 1.391341
93.205000 -2.505300 5.812390 1.391521
93.210000 -2.476238 5.849970 1.391700
93.215000 -2.446988 5.887113 1.391880
93.220000 -2.417552 5.923818 1.392059
93.225000 -2.387933 5.960081 1.392238
93.230000 -2.358133 5.995900 1.392418
93.235000 -2.328153 6.031272 1.392597
93.240000 -2.297997 6.066195 1.392777
93.245000 -2.267666 6.100665 1.392956
93.250000 -2.237162 6.134680 1.393136
93.255000 -2.206489 6.168237 1.393315
93.260000 -2.175648 6.201334 1.393495
93.265000 -2.144641 6.233969 1.393674
93.270000 -2.113471 6.266139 1.393854
93.275000 -2.082141 6.297841 1.394033
93.280000 -2.050652 6.329073 1.394213
93.285000 -2.019006 6.359833 1.394392
93.290000 -1.987207 6.390118 1.394572
93.295000 -1.955256 6.419926 1.394751
93.300000 -1.923157 6.449255 1.394931
93.305000 -1.890910 6.478102 1.395111
93.310000 -1.858520 6.506466 1.395290
93.315000 -1.825988 6.534344 1.395470
93.320000 -1.793316 6.561733 1.395650
93.325000 -1.760507 6.588633 1.395829
93.330000 -1.727564 6.615041 1.396009
93.335000 -1.694489 6.640954 1.396189
93.340000 -1.661284 6.666371 1.396368
93.345000 -1.627952 6.691291 1.396548
93.350000 -1.594496 6.715710 1.396728
93.355000 -1.560917 6.739627 1.396908
93.360000 -1.527219 6.763041 1.397087
93.365000 -1.493404 6.785950 1.397267
93.370000 -1.459474 6.808351 1.397447
93.375000 -1.425432 6.830243 1.397627
93.380000 -1.391281 6.851624 1.397807
93.385000 -1.357023 6.872493 1.397986
93.390000 -1.322661 6.892849 1.398166
93.395000 -1.288196 6.912689 1.398346
93.400000 -1.253633 6.932012 1.398526
93.405000 -1.218973 6.950816 1.398706
93.410000 -1.184219 6.969101 1.398886
93.415000 -1.149373 6.986864 1.399066
93.420000 -1.114439 7.004105 1.399246
93.425000 -1.079418 7.020821 1.399426
93.430000 -1.044314 7.037012 1.399606
93.435000 -1.009129 7.052677 1.399785
93.440000 -0.973866 7.067814 1.399965
93.445000 -0.938527 7.082422 1.400145
93.450000 -0.903115 7.096500 1.400325
93.455000 -0.867632 7.110047 1.400505
93.460000 -0.832082 7.123061 1.400686
93.465000 -0.796467 7.135542 1.400866
93.470000 -0.760789 7.147489 1.401046
93.475000 -0.725052 7.158901 1.401226
93.480000 -0.689257 7.169777 1.401406
93.485000 -0.653408 7.180116 1.401586
93.490000 -0.617508 7.189917 1.401766
93.495000 -0.581558 7.199180 1.401946
93.500000 -0.545562 7.207903 1.402126
93.505000 -0.509523 7.216086 1.402306
93.510000 -0.473442 7.223729 1.402487
93.515000 -0.437323 7.230831 1.402667
93.520000 -0.401169 7.237391 1.402847
93.525000 -0.364982 7.243408 1.403027
93.530000 -0.328765 7.248883 1.403207
93.535000 -0.292521 7.253814 1.403388
93.540000 -0.256252 7.258202 1.403568
93.545000 -0.219961 7.262046 1.403748
93.550000 -0.183651 7.265345 1.403929
93.555000 -0.147324 7.268100 1.404109
93.560000 -0.110983 7.270310 1.404289
93.565000 -0.074632 7.271975 1.404469
93.570000 -0.038272 7.273094 1.404650
93.575000 -0.001906 7.273668 1.404830
93.580000 0.034462 7.273697 1.405010
93.585000 0.070830 7.273180 1.405191
93.590000 0.107196 7.272118 1.405371
93.595000 0.143557 7.270510 1.405552
93.600000 0.179909 7.268356 1.405732
93.605000 0.216251 7.265658 1.405913
93.610000 0.252579 7.262414 1.406093
93.615000 0.288892 7.258625 1.406273
93.620000 0.325185 7.254292 1.406454
93.625000 0.361456 7.249414 1.406634
93.630000 0.397703 7.243992 1.406815
93.635000 0.433923 7.238027 1.406995
93.640000 0.470113 7.231518 1.407176
93.645000 0.506271 7.224466 1.407356
93.650000 0.542393 7.216872 1.407537
93.655000 0.578478 7.208736 1.407718
93.660000 0.614521 7.200059 1.407898
93.665000 0.650522 7.190841 1.408079
93.670000 0.686476 7.181083 1.408259
93.675000 0.722381 7.170786 1.408440
93.680000 0.758235 7.159951 1.408621
93.685000 0.794035 7.148577 1.408801
93.690000 0.829778 7.136666 1.408982
93.695000 0.865461 7.124220 1.409163
93.700000 0.901082 7.111238 1.409343
93.705000 0.936638 7.097722 1.409524
93.710000 0.972127 7.083672 1.409705
93.715000 1.007545 7.069090 1.409885
93.720000 1.042891 7.053977 1.410066
93.725000 1.078161 7.038334 1.410247
93.730000 1.113352 7.022161 1.410428
93.735000 1.148463 7.005461 1.410608
93.740000 1.183490 6.988234 1.410789
93.745000 1.218432 6.970482 1.410970
93.750000 1.253284 6.952205 1.411151
93.755000 1.288045 6.933406 1.411332
93.760000 1.322712 6.914085 1.411513
93.765000 1.357283 6.894245 1.411693
93.770000 1.391754 6.873885 1.411874
93.775000 1.426123 6.853009 1.412055
93.780000 1.460388 6.831617 1.412236
93.785000 1.494546 6.809711 1.412417
93.790000 1.528595 6.787293 1.412598
93.795000 1.562531 6.764364 1.412779
93.800000 1.596353 6.740926 1.412960
93.805000 1.630058 6.716981 1.413141
93.810000 1.663643 6.692530 1.413322
93.815000 1.697105 6.667575 1.413503
93.820000 1.730443 6.642119 1.413684
93.825000 1.763654 6.616162 1.413865
93.830000 1.796735 6.589707 1.414046
93.835000 1.829683 6.562756 1.414227
93.840000 1.862497 6.535311 1.414408
93.845000 1.895173 6.507374 1.414589
93.850000 1.927710 6.478946 1.414770
93.855000 1.960105 6.450030 1.414951
93.860000 1.992355 6.420629 1.415132
93.865000 2.024458 6.390744 1.415314
93.870000 2.056412 6.360377 1.415495
93.875000 2.088214 6.329530 1.415676
93.880000 2.119862 6.298207 1.415857
93.885000 2.151353 6.266409 1.416038
93.890000 2.182685 6.234139 1.416219
93.895000 2.213855 6.201399 1.416401
93.900000 2.244862 6.168191 1.416582
93.905000 2.275703 6.134518 1.416763
93.910000 2.306376 6.100382 1.416944
93.915000 2.336878 6.065787 1.417126
93.920000 2.367207 6.030734 1.417307
93.925000 2.397360 5.995226 1.417488
93.930000 2.427337 5.959265 1.417670
93.935000 2.457133 5.922855 1.417851
93.940000 2.486747 5.885998 1.418032
93.945000 2.516177 5.848697 1.418214
93.950000 2.545421 5.810954 1.418395
93.955000 2.574475 5.772773 1.418576
93.960000 2.603339 5.734156 1.418758
93.965000 2.632010 5.695106 1.418939
93.970000 2.660486 5.655626 1.419121
93.975000 2.688764 5.615718 1.419302
93.980000 2.716842 5.575387 1.419483
93.985000 2.744719 5.534634 1.419665
93.990000 2.772392 5.493463 1.419846
93.995000 2.799860 5.451877 1.420028
94.000000 2.827119 5.409880 1.420209
94.005000 2.854169 5.367473 1.420391
94.010000 2.881006 5.324660 1.420572
94.015000 2.907629 5.281445 1.420754
94.020000 2.934036 5.237831 1.420935
94.025000 2.960226 5.193820 1.421117
94.030000 2.986195 5.149417 1.421299
94.035000 3.011942 5.104624 1.421480
94.040000 3.037465 5.059445 1.421662
94.045000 3.062762 5.013883 1.421843
94.050000 3.087832 4.967941 1.422025
94.055000 3.112671 4.921624 1.422207
94.060000 3.137279 4.874934 1.422388
94.065000 3.161654 4.827875 1.422570
94.070000 3.185793 4.780450 1.422752
94.075000 3.209696 4.732663 1.422933
94.080000 3.233359 4.684518 1.423115
94.085000 3.256782 4.636017 1.423297
94.090000 3.279962 4.587165 1.423479
94.095000 3.302897 4.537966 1.423660
94.100000 3.325587 4.488423 1.423842
94.105000 3.348029 4.438539 1.424024
94.110000 3.370222 4.388318 1.424206
94.115000 3.392164 4.337765 1.424388
94.120000 3.413853 4.286882 1.424569
94.125000 3.435287 4.235675 1.424751
94.130000 3.456465 4.184145 1.424933
94.135000 3.477386 4.132298 1.425115
94.140000 3.498048 4.080138 1.425297
94.145000 3.518448 4.027667 1.425479
94.150000 3.538587 3.974890 1.425661
94.155000 3.558461 3.921811 1.425843
94.160000 3.578070 3.868434 1.426025
94.165000 3.597412 3.814763 1.426207
94.170000 3.616486 3.760802 1.426388
94.175000 3.635290 3.706555 1.426570
94.180000 3.653823 3.652026 1.426752
94.185000 3.672083 3.597218 1.426934
94.190000 3.690069 3.542137 1.427116
94.195000 3.707780 3.486786 1.427299
94.200000 3.725214 3.431169 1.427481
94.205000 3.742369 3.375291 1.427663
94.210000 3.759246 3.319156 1.427845
94.215000 3.775842 3.262767 1.428027
94.220000 3.792156 3.206129 1.428209
94.225000 3.808186 3.149247 1.428391
94.230000 3.823932 3.092124 1.428573
94.235000 3.839393 3.034765 1.428755
94.240000 3.854567 2.977174 1.428937
94.245000 3.869453 2.919356 1.429120
94.250000 3.884050 2.861314 1.429302
94.255000 3.898356 2.803053 1.429484
94.260000 3.912371 2.744578 1.429666
94.265000 3.926094 2.685892 1.429848
94.270000 3.939524 2.627001 1.430031
94.275000 3.952659 2.567908 1.430213
94.280000 3.965498 2.508618 1.430395
94.285000 3.978041 2.449136 1.430577
94.290000 3.990287 2.389465 1.430760
94.295000 4.002234 2.329611 1.430942
94.300000 4.013882 2.269577 1.431124
94.305000 4.025230 2.209369 1.431307
94.310000 4.036277 2.148990 1.431489
94.315000 4.047022 2.088446 1.431671
94.320000 4.057464 2.027741 1.431854
94.325000 4.067603 1.966879 1.432036
94.330000 4.077437 1.905865 1.432219
94.335000 4.086967 1.844703 1.432401
94.340000 4.096190 1.783399 1.432583
94.345000 4.105107 1.721956 1.432766
94.350000 4.113717 1.660379 1.432948
94.355000 4.122019 1.598674 1.433131
94.360000 4.130012 1.536843 1.433313
94.365000 4.137697 1.474893 1.433496
94.370000 4.145071 1.412828 1.433678
94.375000 4.152135 1.350652 1.433861
94.380000 4.158888 1.288370 1.434043
94.385000 4.165330 1.225986 1.434226
94.390000 4.171460 1.163506 1.434409
94.395000 4.177278 1.100935 1.434591
94.400000 4.182782 1.038275 1.434774
94.405000 4.187974 0.975534 1.434956
94.410000 4.192851 0.912714 1.435139
94.415000 4.197415 0.849821 1.435322
94.420000 4.201664 0.786860 1.435504
94.425000 4.205598 0.723835 1.435687
94.430000 4.209218 0.660751 1.435870
94.435000 4.212521 0.597613 1.436052
94.440000 4.215509 0.534425 1.436235
94.445000 4.218182 0.471192 1.436418
94.450000 4.220537 0.407920 1.436600
94.455000 4.222577 0.344612 1.436783
94.460000 4.224300 0.281273 1.436966
94.465000 4.225706 0.217908 1.437149
94.470000 4.226796 0.154523 1.437331
94.475000 4.227569 0.091121 1.437514
94.480000 4.228024 0.027707 1.437697
94.485000 4.228163 -0.035713 1.437880
94.490000 4.227984 -0.099135 1.438063
94.495000 4.227489 -0.162555 1.438246
94.500000 4.226676 -0.225968 1.438428
94.505000 4.225546 -0.289368 1.438611
94.510000 4.224099 -0.352751 1.438794
94.515000 4.222335 -0.416112 1.438977
94.520000 4.220255 -0.479447 1.439160
94.525000 4.217858 -0.542751 1.439343
94.530000 4.215144 -0.606019 1.439526
94.535000 4.212114 -0.669246 1.439709
94.540000 4.208767 -0.732428 1.439892
94.545000 4.205105 -0.795559 1.440075
94.550000 4.201128 -0.858636 1.440258
94.555000 4.196834 -0.921653 1.440441
94.560000 4.192226 -0.984605 1.440624
94.565000 4.187303 -1.047489 1.440807
94.570000 4.182066 -1.110298 1.440990
94.575000 4.176514 -1.173029 1.441173
94.580000 4.170649 -1.235677 1.441356
94.585000 4.164471 -1.298237 1.441539
94.590000 4.157979 -1.360704 1.441722
94.595000 4.151176 -1.423074 1.441906
94.600000 4.144061 -1.485341 1.442089
94.605000 4.136634 -1.547502 1.442272
94.610000 4.128896 -1.609552 1.442455
94.615000 4.120849 -1.671485 1.442638
94.620000 4.112491 -1.733298 1.442821
94.625000 4.103825 -1.794985 1.443005
94.630000 4.094850 -1.856543 1.443188
94.635000 4.085567 -1.917965 1.443371
94.640000 4.075977 -1.979249 1.443554
94.645000 4.066081 -2.040388 1.443738
94.650000 4.055879 -2.101380 1.443921
94.655000 4.045372 -2.162218 1.444104
94.660000 4.034561 -2.222898 1.444287
94.665000 4.023446 -2.283417 1.444471
94.670000 4.012029 -2.343769 1.444654
94.675000 4.000311 -2.403949 1.444837
94.680000 3.988291 -2.463954 1.445021
94.685000 3.975971 -2.523778 1.445204
94.690000 3.963352 -2.583418 1.445388
94.695000 3.950435 -2.642868 1.445571
94.700000 3.937221 -2.702124 1.445754
94.705000 3.923710 -2.761183 1.445938
94.710000 3.909904 -2.820038 1.446121
94.715000 3.895804 -2.878687 1.446305
94.720000 3.881411 -2.937124 1.446488
94.725000 3.866725 -2.995345 1.446672
94.730000 3.851748 -3.053346 1.446855
94.735000 3.836482 -3.111122 1.447039
94.740000 3.820926 -3.168669 1.447222
94.745000 3.805083 -3.225983 1.447406
94.750000 3.788953 -3.283060 1.447589
94.755000 3.772537 -3.339894 1.447773
94.760000 3.755838 -3.396482 1.447957
94.765000 3.738855 -3.452819 1.448140
94.770000 3.721591 -3.508902 1.448324
94.775000 3.704047 -3.564726 1.448507
94.780000 3.686223 -3.620287 1.448691
94.785000 3.668122 -3.675580 1.448875
94.790000 3.649744 -3.730602 1.449058
94.795000 3.631091 -3.785348 1.449242
94.800000 3.612164 -3.839815 1.449426
94.805000 3.592965 -3.893997 1.449609
94.810000 3.573495 -3.947892 1.449793
94.815000 3.553756 -4.001494 1.449977
94.820000 3.533748 -4.054800 1.450161
94.825000 3.513474 -4.107807 1.450344
94.830000 3.492935 -4.160509 1.450528
94.835000 3.472133 -4.212903 1.450712
94.840000 3.451068 -4.264985 1.450896
94.845000 3.429743 -4.316751 1.451080
94.850000 3.408159 -4.368197 1.451263
94.855000 3.386318 -4.419319 1.451447
94.860000 3.364222 -4.470114 1.451631
94.865000 3.341871 -4.520577 1.451815
94.870000 3.319268 -4.570705 1.451999
94.875000 3.296415 -4.620494 1.452183
94.880000 3.273312 -4.669941 1.452367
94.885000 3.249963 -4.719040 1.452551
94.890000 3.226367 -4.767790 1.452735
94.895000 3.202528 -4.816185 1.452918
94.900000 3.178448 -4.864223 1.453102
94.905000 3.154126 -4.911900 1.453286
94.910000 3.129567 -4.959212 1.453470
94.915000 3.104771 -5.006155 1.453654
94.920000 3.079740 -5.052727 1.453838
94.925000 3.054476 -5.098923 1.454022
94.930000 3.028982 -5.144740 1.454207
94.935000 3.003258 -5.190175 1.454391
94.940000 2.977307 -5.235224 1.454575
94.945000 2.951131 -5.279883 1.454759
94.950000 2.924732 -5.324150 1.454943
94.955000 2.898111 -5.368021 1.455127
94.960000 2.871271 -5.411493 1.455311
94.965000 2.844213 -5.454562 1.455495
94.970000 2.816941 -5.497225 1.455679
94.975000 2.789454 -5.539479 1.455864
94.980000 2.761757 -5.581321 1.456048
94.985000 2.733850 -5.622747 1.456232
94.990000 2.705737 -5.663755 1.456416
94.995000 2.677418 -5.704341 1.456600
95.000000 2.648896 -5.744503 1.456785
95.005000 2.620174 -5.784236 1.456969
95.010000 2.591253 -5.823539 1.457153
95.015000 2.562135 -5.862407 1.457338
95.020000 2.532823 -5.900839 1.457522
95.025000 2.503319 -5.938832 1.457706
95.030000 2.473624 -5.976382 1.457890
95.035000 2.443743 -6.013486 1.458075
95.040000 2.413675 -6.050142 1.458259
95.045000 2.383424 -6.086347 1.458444
95.050000 2.352993 -6.122099 1.458628
95.055000 2.322382 -6.157393 1.458812
95.060000 2.291595 -6.192229 1.458997
95.065000 2.260634 -6.226603 1.459181
95.070000 2.229501 -6.260513 1.459366
95.075000 2.198199 -6.293955 1.459550
95.080000 2.166729 -6.326928 1.459735
95.085000 2.135094 -6.359429 1.459919
95.090000 2.103297 -6.391455 1.460103
95.095000 2.071340 -6.423005 1.460288
95.100000 2.039225 -6.454075 1.460473
95.105000 2.006954 -6.484663 1.460657
95.110000 1.974531 -6.514768 1.460842
95.115000 1.941957 -6.544386 1.461026
95.120000 1.909235 -6.573515 1.461211
95.125000 1.876368 -6.602154 1.461395
95.130000 1.843357 -6.630299 1.461580
95.135000 1.810205 -6.657949 1.461765
95.140000 1.776916 -6.685102 1.461949
95.145000 1.743490 -6.711756 1.462134
95.150000 1.709931 -6.737909 1.462318
95.155000 1.676242 -6.763558 1.462503
95.160000 1.642424 -6.788701 1.462688
95.165000 1.608480 -6.813338 1.462873
95.170000 1.574414 -6.837465 1.463057
95.175000 1.540226 -6.861081 1.463242
95.180000 1.505921 -6.884184 1.463427
95.185000 1.471500 -6.906773 1.463612
95.190000 1.436966 -6.928846 1.463796
95.195000 1.402322 -6.950400 1.463981
95.200000 1.367570 -6.971435 1.464166
95.205000 1.332713 -6.991949 1.464351
95.210000 1.297753 -7.011939 1.464535
95.215000 1.262693 -7.031405 1.464720
95.220000 1.227536 -7.050346 1.464905
95.225000 1.192285 -7.068759 1.465090
95.230000 1.156941 -7.086643 1.465275
95.235000 1.121508 -7.103997 1.465460
95.240000 1.085988 -7.120820 1.465645
95.245000 1.050384 -7.137110 1.465830
95.250000 1.014698 -7.152866 1.466015
95.255000 0.978934 -7.168086 1.466200
95.260000 0.943093 -7.182770 1.466385
95.265000 0.907179 -7.196916 1.466570
95.270000 0.871195 -7.210524 1.466754
95.275000 0.835142 -7.223592 1.466940
95.280000 0.799024 -7.236119 1.467125
95.285000 0.762844 -7.248105 1.467310
95.290000 0.726603 -7.259547 1.467495
95.295000 0.690305 -7.270446 1.467680
95.300000 0.653953 -7.280801 1.467865
95.305000 0.617549 -7.290610 1.468050
95.310000 0.581096 -7.299873 1.468235
95.315000 0.544597 -7.308590 1.468420
95.320000 0.508054 -7.316759 1.468605
95.325000 0.471470 -7.324380 1.468790
95.330000 0.434848 -7.331452 1.468975
95.335000 0.398191 -7.337974 1.469161
95.340000 0.361501 -7.343947 1.469346
95.345000 0.324781 -7.349370 1.469531
95.350000 0.288034 -7.354241 1.469716
95.355000 0.251263 -7.358562 1.469901
95.360000 0.214470 -7.362331 1.470087
95.365000 0.177659 -7.365548 1.470272
95.370000 0.140831 -7.368213 1.470457
95.375000 0.103990 -7.370325 1.470643
95.380000 0.067138 -7.371885 1.470828
95.385000 0.030279 -7.372892 1.471013
95.390000 -0.006586 -7.373346 1.471198
95.395000 -0.043452 -7.373248 1.471384
95.400000 -0.080319 -7.372596 1.471569
95.405000 -0.117182 -7.371391 1.471755
95.410000 -0.154038 -7.369633 1.471940
95.415000 -0.190887 -7.367323 1.472125
95.420000 -0.227723 -7.364459 1.472311
95.425000 -0.264546 -7.361044 1.472496
95.430000 -0.301351 -7.357075 1.472682
95.435000 -0.338136 -7.352555 1.472867
95.440000 -0.374899 -7.347483 1.473053
95.445000 -0.411636 -7.341860 1.473238
95.450000 -0.448346 -7.335685 1.473423
95.455000 -0.485024 -7.328960 1.473609
95.460000 -0.521669 -7.321685 1.473795
95.465000 -0.558277 -7.313859 1.473980
95.470000 -0.594847 -7.305485 1.474166
95.475000 -0.631374 -7.296563 1.474351
95.480000 -0.667857 -7.287092 1.474537
95.485000 -0.704292 -7.277074 1.474722
95.490000 -0.740678 -7.266510 1.474908
95.495000 -0.777010 -7.255400 1.475094
95.500000 -0.813287 -7.243744 1.475279
95.505000 -0.849506 -7.231545 1.475465
95.510000 -0.885664 -7.218803 1.475650
95.515000 -0.921758 -7.205518 1.475836
95.520000 -0.957785 -7.191691 1.476022
95.525000 -0.993744 -7.177324 1.476208
95.530000 -1.029630 -7.162418 1.476393
95.535000 -1.065442 -7.146974 1.476579
95.540000 -1.101177 -7.130992 1.476765
95.545000 -1.136832 -7.114475 1.476950
95.550000 -1.172405 -7.097422 1.477136
95.555000 -1.207892 -7.079836 1.477322
95.560000 -1.243291 -7.061718 1.477508
95.565000 -1.278600 -7.043068 1.477694
95.570000 -1.313815 -7.023889 1.477879
95.575000 -1.348934 -7.004182 1.478065
95.580000 -1.383955 -6.983948 1.478251
95.585000 -1.418875 -6.963189 1.478437
95.590000 -1.453691 -6.941906 1.478623
95.595000 -1.488400 -6.920100 1.478809
95.600000 -1.523001 -6.897774 1.478995
95.605000 -1.557490 -6.874929 1.479181
95.610000 -1.591864 -6.851567 1.479367
95.615000 -1.626122 -6.827689 1.479553
95.620000 -1.660261 -6.803297 1.479739
95.625000 -1.694277 -6.778393 1.479925
95.630000 -1.728169 -6.752979 1.480110
95.635000 -1.761934 -6.727056 1.480297
95.640000 -1.795569 -6.700627 1.480483
95.645000 -1.829072 -6.673694 1.480669
95.650000 -1.862441 -6.646258 1.480855
95.655000 -1.895672 -6.618321 1.481041
95.660000 -1.928764 -6.589886 1.481227
95.665000 -1.961713 -6.560955 1.481413
95.670000 -1.994518 -6.531529 1.481599
95.675000 -2.027176 -6.501611 1.481785
95.680000 -2.059684 -6.471204 1.481971
95.685000 -2.092040 -6.440308 1.482157
95.690000 -2.124241 -6.408928 1.482344
95.695000 -2.156286 -6.377064 1.482530
95.700000 -2.188171 -6.344720 1.482716
95.705000 -2.219895 -6.311897 1.482902
95.710000 -2.251454 -6.278599 1.483088
95.715000 -2.282847 -6.244827 1.483275
95.720000 -2.314071 -6.210584 1.483461
95.725000 -2.345124 -6.175873 1.483647
95.730000 -2.376004 -6.140696 1.483833
95.735000 -2.406707 -6.105056 1.484020
95.740000 -2.437233 -6.068956 1.484206
95.745000 -2.467577 -6.032397 1.484392
95.750000 -2.497739 -5.995384 1.484579
95.755000 -2.527716 -5.957917 1.484765
95.760000 -2.557506 -5.920002 1.484951
95.765000 -2.587106 -5.881639 1.485138
95.770000 -2.616514 -5.842833 1.485324
95.775000 -2.645728 -5.803585 1.485510
95.780000 -2.674746 -5.763899 1.485697
95.785000 -2.703566 -5.723778 1.485883
95.790000 -2.732184 -5.683224 1.486070
95.795000 -2.760601 -5.642241 1.486256
95.800000 -2.788812 -5.600832 1.486443
95.805000 -2.816816 -5.559000 1.486629
95.810000 -2.844611 -5.516748 1.486816
95.815000 -2.872195 -5.474079 1.487002
95.820000 -2.899565 -5.430996 1.487189
95.825000 -2.926720 -5.387502 1.487375
95.830000 -2.953658 -5.343602 1.487562
95.835000 -2.980376 -5.299297 1.487748
95.840000 -3.006872 -5.254591 1.487935
95.845000 -3.033145 -5.209488 1.488121
95.850000 -3.059192 -5.163991 1.488308
95.855000 -3.085012 -5.118103 1.488495
95.860000 -3.110603 -5.071828 1.488681
95.865000 -3.135962 -5.025169 1.488868
95.870000 -3.161088 -4.978129 1.489055
95.875000 -3.185979 -4.930713 1.489241
95.880000 -3.210632 -4.882923 1.489428
95.885000 -3.235047 -4.834764 1.489615
95.890000 -3.259221 -4.786238 1.489801
95.895000 -3.283152 -4.737350 1.489988
95.900000 -3.306839 -4.688103 1.490175
95.905000 -3.330279 -4.638500 1.490362
95.910000 -3.353472 -4.588546 1.490548
95.915000 -3.376414 -4.538244 1.490735
95.920000 -3.399105 -4.487598 1.490922
95.925000 -3.421543 -4.436611 1.491109
95.930000 -3.443727 -4.385288 1.491296
95.935000 -3.465653 -4.333632 1.491483
95.940000 -3.487321 -4.281647 1.491669
95.945000 -3.508729 -4.229337 1.491856
95.950000 -3.529876 -4.176706 1.492043
95.955000 -3.550760 -4.123758 1.492230
95.960000 -3.571378 -4.070497 1.492417
95.965000 -3.591731 -4.016926 1.492604
95.970000 -3.611815 -3.963050 1.492791
95.975000 -3.631631 -3.908873 1.492978
95.980000 -3.651175 -3.854398 1.493165
95.985000 -3.670447 -3.799631 1.493352
95.990000 -3.689445 -3.744574 1.493539
95.995000 -3.708168 -3.689232 1.493726
96.000000 -3.726614 -3.633610 1.493913
96.005000 -3.744782 -3.577711 1.494100
96.010000 -3.762671 -3.521539 1.494287
96.015000 -3.780279 -3.465099 1.494474
96.020000 -3.797604 -3.408395 1.494661
96.025000 -3.814646 -3.351431 1.494848
96.030000 -3.831403 -3.294211 1.495035
96.035000 -3.847874 -3.236740 1.495222
96.040000 -3.864058 -3.179022 1.495410
96.045000 -3.879953 -3.121061 1.495597
96.050000 -3.895558 -3.062862 1.495784
96.055000 -3.910873 -3.004428 1.495971
96.060000 -3.925895 -2.945765 1.496158
96.065000 -3.940624 -2.886877 1.496346
96.070000 -3.955058 -2.827767 1.496533
96.075000 -3.969197 -2.768442 1.496720
96.080000 -3.983039 -2.708904 1.496907
96.085000 -3.996584 -2.649158 1.497095
96.090000 -4.009829 -2.589209 1.497282
96.095000 -4.022775 -2.529062 1.497469
96.100000 -4.035421 -2.468720 1.497656
96.105000 -4.047764 -2.408189 1.497844
96.110000 -4.059805 -2.347472 1.498031
96.115000 -4.071543 -2.286575 1.498218
96.120000 -4.082976 -2.225502 1.498406
96.125000 -4.094103 -2.164258 1.498593
96.130000 -4.104924 -2.102846 1.498781
96.135000 -4.115439 -2.041272 1.498968
96.140000 -4.125645 -1.979541 1.499155
96.145000 -4.135543 -1.917656 1.499343
96.150000 -4.145131 -1.855623 1.499530
96.155000 -4.154409 -1.793446 1.499718
96.160000 -4.163376 -1.731130 1.499905
96.165000 -4.172032 -1.668679 1.500093
96.170000 -4.180375 -1.606099 1.500280
96.175000 -4.188406 -1.543393 1.500468
96.180000 -4.196123 -1.480567 1.500655
96.185000 -4.203526 -1.417625 1.500843
96.190000 -4.210614 -1.354572 1.501030
96.195000 -4.217387 -1.291413 1.501218
96.200000 -4.223844 -1.228152 1.501406
96.205000 -4.229984 -1.164794 1.501593
96.210000 -4.235808 -1.101345 1.501781
96.215000 -4.241315 -1.037808 1.501968
96.220000 -4.246504 -0.974188 1.502156
96.225000 -4.251375 -0.910490 1.502344
96.230000 -4.255927 -0.846720 1.502531
96.235000 -4.260161 -0.782881 1.502719
96.240000 -4.264075 -0.718978 1.502907
96.245000 -4.267670 -0.655017 1.503095
96.250000 -4.270945 -0.591002 1.503282
96.255000 -4.273900 -0.526938 1.503470
96.260000 -4.276535 -0.462829 1.503658
96.265000 -4.278849 -0.398681 1.503846
96.270000 -4.280843 -0.334499 1.504033
96.275000 -4.282515 -0.270286 1.504221
96.280000 -4.283867 -0.206048 1.504409
96.285000 -4.284897 -0.141790 1.504597
96.290000 -4.285606 -0.077517 1.504785
96.295000 -4.285993 -0.013233 1.504972
96.300000 -4.286060 0.051057 1.505160
96.305000 -4.285804 0.115348 1.505348
96.310000 -4.285228 0.179635 1.505536
96.315000 -4.284329 0.243914 1.505724
96.320000 -4.283110 0.308178 1.505912
96.325000 -4.281569 0.372425 1.506100
96.330000 -4.279707 0.436649 1.506288
96.335000 -4.277524 0.500844 1.506476
96.340000 -4.275019 0.565007 1.506664
96.345000 -4.272194 0.629132 1.506852
96.350000 -4.269049 0.693215 1.507040
96.355000 -4.265583 0.757251 1.507228
96.360000 -4.261796 0.821235 1.507416
96.365000 -4.257690 0.885162 1.507604
96.370000 -4.253264 0.949027 1.507792
96.375000 -4.248519 1.012826 1.507980
96.380000 -4.243455 1.076554 1.508168
96.385000 -4.238072 1.140206 1.508356
96.390000 -4.232371 1.203777 1.508544
96.395000 -4.226352 1.267262 1.508733
96.400000 -4.220016 1.330658 1.508921
96.405000 -4.213363 1.393958 1.509109
96.410000 -4.206393 1.457158 1.509297
96.415000 -4.199107 1.520254 1.509485
96.420000 -4.191506 1.583241 1.509674
96.425000 -4.183590 1.646113 1.509862
96.430000 -4.175359 1.708867 1.510050
96.435000 -4.166815 1.771498 1.510238
96.440000 -4.157957 1.834000 1.510427
96.445000 -4.148787 1.896369 1.510615
96.450000 -4.139305 1.958601 1.510803
96.455000 -4.129512 2.020691 1.510991
96.460000 -4.119409 2.082633 1.511180
96.465000 -4.108996 2.144424 1.511368
96.470000 -4.098274 2.206059 1.511556
96.475000 -4.087243 2.267533 1.511745
96.480000 -4.075906 2.328842 1.511933
96.485000 -4.064262 2.389981 1.512122
96.490000 -4.052312 2.450945 1.512310
96.495000 -4.040057 2.511729 1.512498
96.500000 -4.027498 2.572330 1.512687
96.505000 -4.014637 2.632743 1.512875
96.510000 -4.001473 2.692962 1.513064
96.515000 -3.988008 2.752984 1.513252
96.520000 -3.974243 2.812804 1.513441
96.525000 -3.960179 2.872418 1.513629
96.530000 -3.945817 2.931821 1.513818
96.535000 -3.931158 2.991008 1.514006
96.540000 -3.916203 3.049975 1.514195
96.545000 -3.900953 3.108718 1.514383
96.550000 -3.885409 3.167233 1.514572
96.555000 -3.869573 3.225514 1.514761
96.560000 -3.853446 3.283557 1.514949
96.565000 -3.837028 3.341359 1.515138
96.570000 -3.820321 3.398915 1.515326
96.575000 -3.803327 3.456219 1.515515
96.580000 -3.786046 3.513269 1.515704
96.585000 -3.768479 3.570060 1.515892
96.590000 -3.750629 3.626587 1.516081
96.595000 -3.732496 3.682847 1.516270
96.600000 -3.714082 3.738834 1.516459
96.605000 -3.695388 3.794545 1.516647
96.610000 -3.676415 3.849976 1.516836
96.615000 -3.657165 3.905122 1.517025
96.620000 -3.637639 3.959980 1.517214
96.625000 -3.617839 4.014544 1.517402
96.630000 -3.597767 4.068812 1.517591
96.635000 -3.577423 4.122778 1.517780
96.640000 -3.556809 4.176440 1.517969
96.645000 -3.535927 4.229792 1.518158
96.650000 -3.514778 4.282831 1.518347
96.655000 -3.493363 4.335552 1.518535
96.660000 -3.471686 4.387953 1.518724
96.665000 -3.449746 4.440028 1.518913
96.670000 -3.427546 4.491774 1.519102
96.675000 -3.405087 4.543188 1.519291
96.680000 -3.382371 4.594264 1.519480
96.685000 -3.359400 4.644999 1.519669
96.690000 -3.336175 4.695390 1.519858
96.695000 -3.312698 4.745433 1.520047
96.700000 -3.288971 4.795123 1.520236
96.705000 -3.264995 4.844458 1.520425
96.710000 -3.240773 4.893433 1.520614
96.715000 -3.216305 4.942045 1.520803
96.720000 -3.191595 4.990289 1.520992
96.725000 -3.166644 5.038163 1.521181
96.730000 -3.141453 5.085663 1.521370
96.735000 -3.116025 5.132784 1.521559
96.740000 -3.090361 5.179525 1.521748
96.745000 -3.064463 5.225880 1.521938
96.750000 -3.038334 5.271847 1.522127
96.755000 -3.011974 5.317422 1.522316
96.760000 -2.985387 5.362602 1.522505
96.765000 -2.958574 5.407383 1.522694
96.770000 -2.931537 5.451761 1.522883
96.775000 -2.904279 5.495734 1.523073
96.780000 -2.876800 5.539299 1.523262
96.785000 -2.849103 5.582451 1.523451
96.790000 -2.821191 5.625187 1.523640
96.795000 -2.793065 5.667505 1.523830
96.800000 -2.764728 5.709401 1.524019
96.805000 -2.736181 5.750872 1.524208
96.810000 -2.707426 5.791915 1.524398
96.815000 -2.678467 5.832526 1.524587
96.820000 -2.649304 5.872703 1.524776
96.825000 -2.619941 5.912442 1.524966
96.830000 -2.590378 5.951742 1.525155
96.835000 -2.560620 5.990597 1.525344
96.840000 -2.530667 6.029007 1.525534
96.845000 -2.500522 6.066967 1.525723
96.850000 -2.470187 6.104474 1.525913
96.855000 -2.439665 6.141527 1.526102
96.860000 -2.408957 6.178122 1.526292
96.865000 -2.378066 6.214257 1.526481
96.870000 -2.346995 6.249928 1.526670
96.875000 -2.315745 6.285132 1.526860
96.880000 -2.284320 6.319869 1.527049
96.885000 -2.252720 6.354133 1.527239
96.890000 -2.220950 6.387924 1.527429
96.895000 -2.189010 6.421238 1.527618
96.900000 -2.156904 6.454074 1.527808
96.905000 -2.124633 6.486427 1.527997
96.910000 -2.092201 6.518297 1.528187
96.915000 -2.059610 6.549680 1.528376
96.920000 -2.026861 6.580574 1.528566
96.925000 -1.993959 6.610977 1.528756
96.930000 -1.960904 6.640886 1.528945
96.935000 -1.927699 6.670300 1.529135
96.940000 -1.894348 6.699215 1.529325
96.945000 -1.860852 6.727630 1.529514
96.950000 -1.827214 6.755543 1.529704
96.955000 -1.793436 6.782951 1.529894
96.960000 -1.759521 6.809853 1.530084
96.965000 -1.725472 6.836246 1.530273
96.970000 -1.691291 6.862128 1.530463
96.975000 -1.656980 6.887497 1.530653
96.980000 -1.622542 6.912352 1.530843
96.985000 -1.587981 6.936690 1.531033
96.990000 -1.553297 6.960510 1.531222
96.995000 -1.518495 6.983809 1.531412
97.000000 -1.483576 7.006587 1.531602
97.005000 -1.448543 7.028840 1.531792
97.010000 -1.413399 7.050568 1.531982
97.015000 -1.378146 7.071769 1.532172
97.020000 -1.342787 7.092442 1.532362
97.025000 -1.307325 7.112583 1.532552
97.030000 -1.271762 7.132193 1.532742
97.035000 -1.236101 7.151270 1.532931
97.040000 -1.200344 7.169811 1.533121
97.045000 -1.164495 7.187816 1.533311
97.050000 -1.128556 7.205284 1.533501
97.055000 -1.092530 7.222212 1.533691
97.060000 -1.056419 7.238600 1.533881
97.065000 -1.020226 7.254446 1.534072
97.070000 -0.983954 7.269750 1.534262
97.075000 -0.947605 7.284509 1.534452
97.080000 -0.911182 7.298723 1.534642
97.085000 -0.874689 7.312391 1.534832
97.090000 -0.838127 7.325511 1.535022
97.095000 -0.801499 7.338083 1.535212
97.100000 -0.764809 7.350106 1.535402
97.105000 -0.728058 7.361578 1.535592
97.110000 -0.691250 7.372499 1.535783
97.115000 -0.654388 7.382867 1.535973
97.120000 -0.617473 7.392683 1.536163
97.125000 -0.580510 7.401945 1.536353
97.130000 -0.543500 7.410653 1.536543
97.135000 -0.506447 7.418805 1.536734
97.140000 -0.469353 7.426402 1.536924
97.145000 -0.432221 7.433442 1.537114
97.150000 -0.395054 7.439926 1.537304
97.155000 -0.357854 7.445852 1.537495
97.160000 -0.320625 7.451219 1.537685
97.165000 -0.283369 7.456029 1.537875
97.170000 -0.246089 7.460279 1.538066
97.175000 -0.208787 7.463971 1.538256
97.180000 -0.171467 7.467102 1.538446
97.185000 -0.134132 7.469674 1.538637
97.190000 -0.096784 7.471686 1.538827
97.195000 -0.059425 7.473138 1.539018
97.200000 -0.022059 7.474029 1.539208
97.205000 0.015311 7.474360 1.539398
97.210000 0.052683 7.474131 1.539589
97.215000 0.090053 7.473340 1.539779
97.220000 0.127420 7.471990 1.539970
97.225000 0.164780 7.470078 1.540160
97.230000 0.202130 7.467607 1.540351
97.235000 0.239468 7.464575 1.540541
97.240000 0.276791 7.460983 1.540732
97.245000 0.314096 7.456831 1.540923
97.250000 0.351380 7.452119 1.541113
97.255000 0.388641 7.446849 1.541304
97.260000 0.425875 7.441019 1.541494
97.265000 0.463080 7.434631 1.541685
97.270000 0.500253 7.427685 1.541875
97.275000 0.537392 7.420181 1.542066
97.280000 0.574493 7.412120 1.542257
97.285000 0.611553 7.403503 1.542447
97.290000 0.648571 7.394329 1.542638
97.295000 0.685542 7.384601 1.542829
97.300000 0.722465 7.374318 1.543020
97.305000 0.759337 7.363481 1.543210
97.310000 0.796154 7.352091 1.543401
97.315000 0.832915 7.340148 1.543592
97.320000 0.869616 7.327655 1.543783
97.325000 0.906254 7.314610 1.543973
97.330000 0.942827 7.301017 1.544164
97.335000 0.979332 7.286874 1.544355
97.340000 1.015766 7.272184 1.544546
97.345000 1.052127 7.256948 1.544737
97.350000 1.088412 7.241166 1.544927
97.355000 1.124618 7.224840 1.545118
97.360000 1.160742 7.207970 1.545309
97.365000 1.196782 7.190559 1.545500
97.370000 1.232735 7.172607 1.545691
97.375000 1.268598 7.154116 1.545882
97.380000 1.304368 7.135088 1.546073
97.385000 1.340044 7.115522 1.546264
97.390000 1.375621 7.095421 1.546455
97.395000 1.411098 7.074787 1.546646
97.400000 1.446472 7.053621 1.546837
97.405000 1.481740 7.031923 1.547028
97.410000 1.516900 7.009697 1.547219
97.415000 1.551949 6.986944 1.547410
97.420000 1.586883 6.963665 1.547601
97.425000 1.621702 6.939861 1.547792
97.430000 1.656401 6.915536 1.547983
97.435000 1.690979 6.890690 1.548174
97.440000 1.725432 6.865325 1.548365
97.445000 1.759759 6.839444 1.548556
97.450000 1.793956 6.813047 1.548748
97.455000 1.828021 6.786138 1.548939
97.460000 1.861952 6.758718 1.549130
97.465000 1.895745 6.730788 1.549321
97.470000 1.929399 6.702352 1.549512
97.475000 1.962911 6.673411 1.549703
97.480000 1.996278 6.643968 1.549895
97.485000 2.029498 6.614023 1.550086
97.490000 2.062568 6.583581 1.550277
97.495000 2.095486 6.552642 1.550468
97.500000 2.128249 6.521210 1.550660
97.505000 2.160855 6.489286 1.550851
97.510000 2.193302 6.456873 1.551042
97.515000 2.225586 6.423974 1.551234
97.520000 2.257706 6.390590 1.551425
97.525000 2.289659 6.356725 1.551616
97.530000 2.321443 6.322380 1.551808
97.535000 2.353054 6.287558 1.551999
97.540000 2.384492 6.252262 1.552191
97.545000 2.415754 6.216495 1.552382
97.550000 2.446836 6.180259 1.552573
97.555000 2.477737 6.143556 1.552765
97.560000 2.508455 6.106390 1.552956
97.565000 2.538987 6.068763 1.553148
97.570000 2.569331 6.030678 1.553339
97.575000 2.599484 5.992138 1.553531
97.580000 2.629445 5.953146 1.553722
97.585000 2.659211 5.913704 1.553914
97.590000 2.688779 5.873816 1.554105
97.595000 2.718148 5.833485 1.554297
97.600000 2.747316 5.792712 1.554488
97.605000 2.776279 5.751503 1.554680
97.610000 2.805037 5.709858 1.554872
97.615000 2.833586 5.667783 1.555063
97.620000 2.861925 5.625279 1.555255
97.625000 2.890051 5.582350 1.555447
97.630000 2.917963 5.538999 1.555638
97.635000 2.945658 5.495230 1.555830
97.640000 2.973134 5.451045 1.556022
97.645000 3.000389 5.406448 1.556213
97.650000 3.027422 5.361442 1.556405
97.655000 3.054229 5.316031 1.556597
97.660000 3.080809 5.270218 1.556788
97.665000 3.107160 5.224005 1.556980
97.670000 3.133280 5.177398 1.557172
97.675000 3.159167 5.130399 1.557364
97.680000 3.184819 5.083011 1.557556
97.685000 3.210234 5.035239 1.557747
97.690000 3.235410 4.987085 1.557939
97.695000 3.260346 4.938554 1.558131
97.700000 3.285039 4.889649 1.558323
97.705000 3.309487 4.840374 1.558515
97.710000 3.333689 4.790731 1.558707
97.715000 3.357642 4.740726 1.558899
97.720000 3.381346 4.690361 1.559091
97.725000 3.404798 4.639641 1.559282
97.730000 3.427996 4.588569 1.559474
97.735000 3.450939 4.537149 1.559666
97.740000 3.473625 4.485385 1.559858
97.745000 3.496052 4.433281 1.560050
97.750000 3.518218 4.380840 1.560242
97.755000 3.540122 4.328067 1.560434
97.760000 3.561763 4.274965 1.560626
97.765000 3.583137 4.221538 1.560818
97.770000 3.604245 4.167791 1.561011
97.775000 3.625084 4.113728 1.561203
97.780000 3.645653 4.059351 1.561395
97.785000 3.665949 4.004667 1.561587
97.790000 3.685973 3.949677 1.561779
97.795000 3.705721 3.894388 1.561971
97.800000 3.725193 3.838802 1.562163
97.805000 3.744387 3.782924 1.562355
97.810000 3.763302 3.726758 1.562548
97.815000 3.781935 3.670309 1.562740
97.820000 3.800287 3.613580 1.562932
97.825000 3.818355 3.556575 1.563124
97.830000 3.836138 3.499300 1.563316
97.835000 3.853634 3.441758 1.563509
97.840000 3.870843 3.383953 1.563701
97.845000 3.887763 3.325891 1.563893
97.850000 3.904392 3.267574 1.564085
97.855000 3.920730 3.209009 1.564278
97.860000 3.936775 3.150198 1.564470
97.865000 3.952526 3.091146 1.564662
97.870000 3.967982 3.031858 1.564855
97.875000 3.983141 2.972338 1.565047
97.880000 3.998003 2.912591 1.565240
97.885000 4.012566 2.852621 1.565432
97.890000 4.026829 2.792433 1.565624
97.895000 4.040791 2.732030 1.565817
97.900000 4.054451 2.671418 1.566009
97.905000 4.067808 2.610602 1.566202
97.910000 4.080861 2.549584 1.566394
97.915000 4.093609 2.488372 1.566587
97.920000 4.106051 2.426967 1.566779
97.925000 4.118186 2.365377 1.566972
97.930000 4.130013 2.303604 1.567164
97.935000 4.141531 2.241654 1.567357
97.940000 4.152739 2.179531 1.567549
97.945000 4.163637 2.117240 1.567742
97.950000 4.174223 2.054785 1.567934
97.955000 4.184497 1.992172 1.568127
97.960000 4.194458 1.929404 1.568320
97.965000 4.204105 1.866487 1.568512
97.970000 4.213437 1.803426 1.568705
97.975000 4.222454 1.740224 1.568897
97.980000 4.231156 1.676887 1.569090
97.985000 4.239540 1.613420 1.569283
97.990000 4.247607 1.549827 1.569475
97.995000 4.255356 1.486113 1.569668
98.000000 4.262787 1.422283 1.569861
98.005000 4.269898 1.358341 1.570054
98.010000 4.276690 1.294292 1.570246
98.015000 4.283161 1.230142 1.570439
98.020000 4.289312 1.165895 1.570632
98.025000 4.295142 1.101555 1.570825
98.030000 4.300649 1.037128 1.571018
98.035000 4.305835 0.972618 1.571210
98.040000 4.310698 0.908030 1.571403
98.045000 4.315238 0.843370 1.571596
98.050000 4.319455 0.778641 1.571789
98.055000 4.323348 0.713850 1.571982
98.060000 4.326917 0.648999 1.572175
98.065000 4.330162 0.584096 1.572368
98.070000 4.333083 0.519143 1.572561
98.075000 4.335679 0.454147 1.572754
98.080000 4.337949 0.389112 1.572946
98.085000 4.339895 0.324043 1.573139
98.090000 4.341515 0.258944 1.573332
98.095000 4.342810 0.193821 1.573525
98.100000 4.343779 0.128679 1.573718
98.105000 4.344422 0.063523 1.573911
98.110000 4.344740 -0.001644 1.574105
98.115000 4.344732 -0.066815 1.574298
98.120000 4.344398 -0.131986 1.574491
98.125000 4.343738 -0.197152 1.574684
98.130000 4.342752 -0.262308 1.574877
98.135000 4.341440 -0.327449 1.575070
98.140000 4.339803 -0.392571 1.575263
98.145000 4.337840 -0.457668 1.575456
98.150000 4.335552 -0.522735 1.575649
98.155000 4.332938 -0.587769 1.575843
98.160000 4.330000 -0.652763 1.576036
98.165000 4.326736 -0.717713 1.576229
98.170000 4.323147 -0.782614 1.576422
98.175000 4.319234 -0.847461 1.576615
98.180000 4.314997 -0.912250 1.576809
98.185000 4.310436 -0.976975 1.577002
98.190000 4.305551 -1.041631 1.577195
98.195000 4.300342 -1.106214 1.577388
98.200000 4.294811 -1.170719 1.577582
98.205000 4.288958 -1.235142 1.577775
98.210000 4.282782 -1.299476 1.577968
98.215000 4.276285 -1.363718 1.578162
98.220000 4.269466 -1.427862 1.578355
98.225000 4.262327 -1.491904 1.578549
98.230000 4.254867 -1.555839 1.578742
98.235000 4.247088 -1.619662 1.578935
98.240000 4.238990 -1.683368 1.579129
98.245000 4.230573 -1.746953 1.579322
98.250000 4.221838 -1.810412 1.579516
98.255000 4.212786 -1.873739 1.579709
98.260000 4.203417 -1.936931 1.579903
98.265000 4.193733 -1.999982 1.580096
98.270000 4.183733 -2.062888 1.580290
98.275000 4.173418 -2.125644 1.580483
98.280000 4.162790 -2.188246 1.580677
98.285000 4.151849 -2.250687 1.580870
98.290000 4.140596 -2.312965 1.581064
98.295000 4.129031 -2.375074 1.581257
98.300000 4.117155 -2.437010 1.581451
98.305000 4.104970 -2.498767 1.581645
98.310000 4.092476 -2.560341 1.581838
98.315000 4.079675 -2.621729 1.582032
98.320000 4.066566 -2.682924 1.582225
98.325000 4.053152 -2.743922 1.582419
98.330000 4.039432 -2.804719 1.582613
98.335000 4.025408 -2.865311 1.582806
98.340000 4.011082 -2.925692 1.583000
98.345000 3.996453 -2.985858 1.583194
98.350000 3.981524 -3.045805 1.583388
98.355000 3.966295 -3.105528 1.583581
98.360000 3.950767 -3.165022 1.583775
98.365000 3.934942 -3.224284 1.583969
98.370000 3.918821 -3.283308 1.584163
98.375000 3.902404 -3.342090 1.584357
98.380000 3.885694 -3.400626 1.584550
98.385000 3.868691 -3.458912 1.584744
98.390000 3.851396 -3.516942 1.584938
98.395000 3.833811 -3.574713 1.585132
98.400000 3.815938 -3.632220 1.585326
98.405000 3.797777 -3.689459 1.585520
98.410000 3.779329 -3.746426 1.585714
98.415000 3.760597 -3.803116 1.585908
98.420000 3.741582 -3.859525 1.586102
98.425000 3.722284 -3.915649 1.586295
98.430000 3.702706 -3.971483 1.586489
98.435000 3.682848 -4.027023 1.586683
98.440000 3.662713 -4.082266 1.586877
98.445000 3.642302 -4.137207 1.587071
98.450000 3.621616 -4.191841 1.587266
98.455000 3.600657 -4.246166 1.587460
98.460000 3.579426 -4.300176 1.587654
98.465000 3.557925 -4.353867 1.587848
98.470000 3.536156 -4.407236 1.588042
98.475000 3.514120 -4.460278 1.588236
98.480000 3.491818 -4.512990 1.588430
98.485000 3.469253 -4.565367 1.588624
98.490000 3.446426 -4.617406 1.588818
98.495000 3.423339 -4.669102 1.589012
98.500000 3.399994 -4.720452 1.589207
98.505000 3.376392 -4.771452 1.589401
98.510000 3.352534 -4.822098 1.589595
98.515000 3.328424 -4.872386 1.589789
98.520000 3.304062 -4.922313 1.589983
98.525000 3.279450 -4.971874 1.590178
98.530000 3.254591 -5.021065 1.590372
98.535000 3.229486 -5.069884 1.590566
98.540000 3.204136 -5.118326 1.590761
98.545000 3.178545 -5.166388 1.590955
98.550000 3.152713 -5.214067 1.591149
98.555000 3.126642 -5.261357 1.591344
98.560000 3.100336 -5.308257 1.591538
98.565000 3.073794 -5.354762 1.591732
98.570000 3.047020 -5.400869 1.591927
98.575000 3.020016 -5.446574 1.592121
98.580000 2.992783 -5.491874 1.592315
98.585000 2.965324 -5.536766 1.592510
98.590000 2.937640 -5.581246 1.592704
98.595000 2.909734 -5.625311 1.592899
98.600000 2.881607 -5.668957 1.593093
98.605000 2.853262 -5.712181 1.593288
98.610000 2.824702 -5.754980 1.593482
98.615000 2.795927 -5.797350 1.593677
98.620000 2.766940 -5.839289 1.593871
98.625000 2.737743 -5.880793 1.594066
98.630000 2.708339 -5.921859 1.594260
98.635000 2.678730 -5.962484 1.594455
98.640000 2.648918 -6.002665 1.594649
98.645000 2.618904 -6.042399 1.594844
98.650000 2.588692 -6.081683 1.595039
98.655000 2.558284 -6.120513 1.595233
98.660000 2.527681 -6.158887 1.595428
98.665000 2.496887 -6.196803 1.595623
98.670000 2.465903 -6.234256 1.595817
98.675000 2.434732 -6.271244 1.596012
98.680000 2.403375 -6.307765 1.596207
98.685000 2.371837 -6.343816 1.596401
98.690000 2.340118 -6.379394 1.596596
98.695000 2.308221 -6.414495 1.596791
98.700000 2.276148 -6.449119 1.596986
98.705000 2.243903 -6.483261 1.597180
98.710000 2.211486 -6.516919 1.597375
98.715000 2.178902 -6.550092 1.597570
98.720000 2.146151 -6.582775 1.597765
98.725000 2.113237 -6.614968 1.597960
98.730000 2.080162 -6.646666 1.598154
98.735000 2.046929 -6.677869 1.598349
98.740000 2.013540 -6.708573 1.598544
98.745000 1.979997 -6.738776 1.598739
98.750000 1.946303 -6.768476 1.598934
98.755000 1.912461 -6.797670 1.599129
98.760000 1.878472 -6.826357 1.599324
98.765000 1.844341 -6.854534 1.599519
98.770000 1.810068 -6.882199 1.599714
98.775000 1.775657 -6.909350 1.599909
98.780000 1.741110 -6.935985 1.600104
98.785000 1.706430 -6.962102 1.600299
98.790000 1.671620 -6.987698 1.600494
98.795000 1.636681 -7.012772 1.600689
98.800000 1.601617 -7.037323 1.600884
98.805000 1.566431 -7.061347 1.601079
98.810000 1.531124 -7.084843 1.601274
98.815000 1.495700 -7.107810 1.601469
98.820000 1.460161 -7.130246 1.601664
98.825000 1.424509 -7.152148 1.601859
98.830000 1.388749 -7.173516 1.602054
98.835000 1.352881 -7.194347 1.602250
98.840000 1.316909 -7.214640 1.602445
98.845000 1.280836 -7.234394 1.602640
98.850000 1.244664 -7.253606 1.602835
98.855000 1.208396 -7.272276 1.603030
98.860000 1.172035 -7.290402 1.603226
98.865000 1.135583 -7.307983 1.603421
98.870000 1.099043 -7.325017 1.603616
98.875000 1.062418 -7.341502 1.603811
98.880000 1.025710 -7.357439 1.604007
98.885000 0.988923 -7.372824 1.604202
98.890000 0.952059 -7.387658 1.604397
98.895000 0.915121 -7.401939 1.604593
98.900000 0.878111 -7.415666 1.604788
98.905000 0.841033 -7.428837 1.604983
98.910000 0.803889 -7.441453 1.605179
98.915000 0.766681 -7.453511 1.605374
98.920000 0.729414 -7.465011 1.605569
98.925000 0.692089 -7.475953 1.605765
98.930000 0.654709 -7.486334 1.605960
98.935000 0.617277 -7.496155 1.606156
98.940000 0.579796 -7.505414 1.606351
98.945000 0.542269 -7.514111 1.606547
98.950000 0.504699 -7.522245 1.606742
98.955000 0.467088 -7.529815 1.606938
98.960000 0.429439 -7.536822 1.607133
98.965000 0.391754 -7.543263 1.607329
98.970000 0.354038 -7.549139 1.607524
98.975000 0.316292 -7.554450 1.607720
98.980000 0.278520 -7.559194 1.607915
98.985000 0.240724 -7.563372 1.608111
98.990000 0.202907 -7.566983 1.608307
98.995000 0.165072 -7.570027 1.608502
99.000000 0.127222 -7.572503 1.608698
99.005000 0.089360 -7.574411 1.608894
99.010000 0.051488 -7.575751 1.609089
99.015000 0.013609 -7.576524 1.609285
99.020000 -0.024274 -7.576728 1.609481
99.025000 -0.062157 -7.576364 1.609676
99.030000 -0.100039 -7.575431 1.609872
99.035000 -0.137916 -7.573931 1.610068
99.040000 -0.175786 -7.571862 1.610264
99.045000 -0.213645 -7.569225 1.610459
99.050000 -0.251491 -7.566021 1.610655
99.055000 -0.289322 -7.562248 1.610851
99.060000 -0.327133 -7.557908 1.611047
99.065000 -0.364922 -7.553001 1.611243
99.070000 -0.402687 -7.547528 1.611438
99.075000 -0.440425 -7.541487 1.611634
99.080000 -0.478132 -7.534881 1.611830
99.085000 -0.515807 -7.527709 1.612026
99.090000 -0.553445 -7.519972 1.612222
99.095000 -0.591045 -7.511670 1.612418
99.100000 -0.628604 -7.502805 1.612614
99.105000 -0.666118 -7.493375 1.612810
99.110000 -0.703584 -7.483384 1.613006
99.115000 -0.741001 -7.472830 1.613202
99.120000 -0.778366 -7.461715 1.613398
99.125000 -0.815674 -7.450039 1.613594
99.130000 -0.852924 -7.437804 1.613790
99.135000 -0.890113 -7.425010 1.613986
99.140000 -0.927238 -7.411659 1.614182
99.145000 -0.964297 -7.397750 1.614378
99.150000 -1.001285 -7.383286 1.614574
99.155000 -1.038202 -7.368266 1.614770
99.160000 -1.075043 -7.352693 1.614966
99.165000 -1.111807 -7.336568 1.615162
99.170000 -1.148489 -7.319891 1.615358
99.175000 -1.185089 -7.302663 1.615555
99.180000 -1.221602 -7.284887 1.615751
99.185000 -1.258027 -7.266563 1.615947
99.190000 -1.294359 -7.247693 1.616143
99.195000 -1.330598 -7.228277 1.616339
99.200000 -1.366739 -7.208318 1.616535
99.205000 -1.402781 -7.187817 1.616732
99.210000 -1.438720 -7.166775 1.616928
99.215000 -1.474554 -7.145195 1.617124
99.220000 -1.510280 -7.123076 1.617321
99.225000 -1.545895 -7.100422 1.617517
99.230000 -1.581397 -7.077234 1.617713
99.235000 -1.616784 -7.053513 1.617909
99.240000 -1.652051 -7.029261 1.618106
99.245000 -1.687197 -7.004480 1.618302
99.250000 -1.722220 -6.979172 1.618499
99.255000 -1.757116 -6.953339 1.618695
99.260000 -1.791882 -6.926982 1.618891
99.265000 -1.826517 -6.900104 1.619088
99.270000 -1.861018 -6.872706 1.619284
99.275000 -1.895381 -6.844791 1.619481
99.280000 -1.929605 -6.816360 1.619677
99.285000 -1.963687 -6.787416 1.619874
99.290000 -1.997624 -6.757961 1.620070
99.295000 -2.031414 -6.727996 1.620267
99.300000 -2.065054 -6.697525 1.620463
99.305000 -2.098542 -6.666549 1.620660
99.310000 -2.131874 -6.635071 1.620856
99.315000 -2.165050 -6.603093 1.621053
99.320000 -2.198065 -6.570617 1.621249
99.325000 -2.230918 -6.537646 1.621446
99.330000 -2.263606 -6.504183 1.621643
99.335000 -2.296127 -6.470229 1.621839
99.340000 -2.328478 -6.435787 1.622036
99.345000 -2.360657 -6.400860 1.622232
99.350000 -2.392662 -6.365450 1.622429
99.355000 -2.424489 -6.329560 1.622626
99.360000 -2.456137 -6.293192 1.622822
99.365000 -2.487603 -6.256350 1.623019
99.370000 -2.518884 -6.219036 1.623216
99.375000 -2.549980 -6.181253 1.623413
99.380000 -2.580886 -6.143003 1.623609
99.385000 -2.611601 -6.104290 1.623806
99.390000 -2.642122 -6.065116 1.624003
99.395000 -2.672448 -6.025484 1.624200
99.400000 -2.702575 -5.985398 1.624397
99.405000 -2.732502 -5.944859 1.624593
99.410000 -2.762227 -5.903871 1.624790
99.415000 -2.791746 -5.862438 1.624987
99.420000 -2.821058 -5.820562 1.625184
99.425000 -2.850161 -5.778246 1.625381
99.430000 -2.879052 -5.735493 1.625578
99.435000 -2.907730 -5.692308 1.625775
99.440000 -2.936191 -5.648692 1.625972
99.445000 -2.964435 -5.604649 1.626169
99.450000 -2.992458 -5.560182 1.626366
99.455000 -3.020259 -5.515295 1.626563
99.460000 -3.047835 -5.469992 1.626760
99.465000 -3.075185 -5.424274 1.626957
99.470000 -3.102307 -5.378146 1.627154
99.475000 -3.129197 -5.331612 1.627351
99.480000 -3.155855 -5.284674 1.627548
99.485000 -3.182279 -5.237336 1.627745
99.490000 -3.208466 -5.189602 1.627942
99.495000 -3.234414 -5.141475 1.628139
99.500000 -3.260121 -5.092959 1.628336
99.505000 -3.285586 -5.044057 1.628533
99.510000 -3.310806 -4.994773 1.628730
99.515000 -3.335780 -4.945111 1.628927
99.520000 -3.360505 -4.895074 1.629125
99.525000 -3.384981 -4.844667 1.629322
99.530000 -3.409204 -4.793892 1.629519
99.535000 -3.433174 -4.742754 1.629716
99.540000 -3.456887 -4.691256 1.629913
99.545000 -3.480344 -4.639403 1.630111
99.550000 -3.503541 -4.587198 1.630308
99.555000 -3.526477 -4.534645 1.630505
99.560000 -3.549150 -4.481747 1.630702
99.565000 -3.571559 -4.428510 1.630900
99.570000 -3.593701 -4.374937 1.631097
99.575000 -3.615576 -4.321031 1.631294
99.580000 -3.637181 -4.266798 1.631492
99.585000 -3.658515 -4.212240 1.631689
99.590000 -3.679576 -4.157362 1.631886
99.595000 -3.700363 -4.102169 1.632084
99.600000 -3.720874 -4.046663 1.632281
99.605000 -3.741107 -3.990850 1.632479
99.610000 -3.761061 -3.934733 1.632676
99.615000 -3.780735 -3.878317 1.632874
99.620000 -3.800127 -3.821606 1.633071
99.625000 -3.819235 -3.764605 1.633269
99.630000 -3.838058 -3.707316 1.633466
99.635000 -3.856594 -3.649745 1.633664
99.640000 -3.874843 -3.591896 1.633861
99.645000 -3.892802 -3.533774 1.634059
99.650000 -3.910471 -3.475382 1.634256
99.655000 -3.927848 -3.416725 1.634454
99.660000 -3.944932 -3.357807 1.634651
99.665000 -3.961721 -3.298633 1.634849
99.670000 -3.978214 -3.239207 1.635047
99.675000 -3.994410 -3.179534 1.635244
99.680000 -4.010308 -3.119618 1.635442
99.685000 -4.025906 -3.059463 1.635639
99.690000 -4.041203 -2.999074 1.635837
99.695000 -4.056199 -2.938456 1.636035
99.700000 -4.070891 -2.877613 1.636233
99.705000 -4.085279 -2.816550 1.636430
99.710000 -4.099362 -2.755271 1.636628
99.715000 -4.113138 -2.693780 1.636826
99.720000 -4.126607 -2.632083 1.637023
99.725000 -4.139767 -2.570184 1.637221
99.730000 -4.152618 -2.508088 1.637419
99.735000 -4.165159 -2.445798 1.637617
99.740000 -4.177388 -2.383321 1.637815
99.745000 -4.189304 -2.320660 1.638013
99.750000 -4.200908 -2.257821 1.638210
99.755000 -4.212197 -2.194807 1.638408
99.760000 -4.223171 -2.131624 1.638606
99.765000 -4.233829 -2.068277 1.638804
99.770000 -4.244170 -2.004769 1.639002
99.775000 -4.254194 -1.941107 1.639200
99.780000 -4.263900 -1.877294 1.639398
99.785000 -4.273286 -1.813335 1.639596
99.790000 -4.282353 -1.749236 1.639794
99.795000 -4.291099 -1.685001 1.639992
99.800000 -4.299524 -1.620634 1.640190
99.805000 -4.307627 -1.556141 1.640388
99.810000 -4.315408 -1.491527 1.640586
99.815000 -4.322865 -1.426796 1.640784
99.820000 -4.329999 -1.361953 1.640982
99.825000 -4.336809 -1.297003 1.641180
99.830000 -4.343294 -1.231951 1.641378
99.835000 -4.349454 -1.166801 1.641576
99.840000 -4.355288 -1.101559 1.641774
99.845000 -4.360796 -1.036230 1.641972
99.850000 -4.365977 -0.970818 1.642171
99.855000 -4.370831 -0.905329 1.642369
99.860000 -4.375358 -0.839766 1.642567
99.865000 -4.379556 -0.774136 1.642765
99.870000 -4.383427 -0.708442 1.642963
99.875000 -4.386969 -0.642691 1.643161
99.880000 -4.390183 -0.576886 1.643360
99.885000 -4.393067 -0.511034 1.643558
99.890000 -4.395622 -0.445138 1.643756
99.895000 -4.397848 -0.379203 1.643955
99.900000 -4.399744 -0.313236 1.644153
99.905000 -4.401310 -0.247239 1.644351
99.910000 -4.402547 -0.181220 1.644549
99.915000 -4.403453 -0.115182 1.644748
99.920000 -4.404029 -0.049130 1.644946
99.925000 -4.404274 0.016931 1.645145
99.930000 -4.404190 0.082995 1.645343
99.935000 -4.403775 0.149058 1.645541
99.940000 -4.403029 0.215114 1.645740
99.945000 -4.401954 0.281160 1.645938
99.950000 -4.400548 0.347189 1.646137
99.955000 -4.398812 0.413197 1.646335
99.960000 -4.396746 0.479179 1.646534
99.965000 -4.394350 0.545131 1.646732
99.970000 -4.391624 0.611046 1.646931
99.975000 -4.388569 0.676920 1.647129
99.980000 -4.385185 0.742749 1.647328
99.985000 -4.381471 0.808526 1.647526
99.990000 -4.377428 0.874249 1.647725
99.995000 -4.373057 0.939910 1.647923
100.000000 -4.368357 1.005506 1.648122
