#Posizione iniziale=2.000000
#Velocita' iniziale=1.000000
#Pulsazione al quadrato=3.000000
#Tempo massimo di integrazione=100.000000
#Passo di tempo=0.010000
#E' stato utilizzato l'algoritmo Verlet Posizioni
#Legenda
#1:t 2:x 3:v 4:dE
0 2.000000 1.000000 0
0.010000 2.010000 0.969850 -0.411790
0.020000 2.019397 0.909409 -0.411485
0.030000 2.028188 0.848695 -0.411174
0.040000 2.036371 0.787727 -0.410857
0.050000 2.043943 0.726522 -0.410534
0.060000 2.050901 0.665100 -0.410206
0.070000 2.057245 0.603477 -0.409874
0.080000 2.062971 0.541674 -0.409537
0.090000 2.068078 0.479708 -0.409197
0.100000 2.072565 0.417599 -0.408853
0.110000 2.076430 0.355364 -0.408506
0.120000 2.079672 0.293022 -0.408157
0.130000 2.082291 0.230593 -0.407805
0.140000 2.084284 0.168094 -0.407452
0.150000 2.085652 0.105545 -0.407097
0.160000 2.086395 0.042964 -0.406742
0.170000 2.086512 -0.019629 -0.406386
0.180000 2.086003 -0.082217 -0.406029
0.190000 2.084867 -0.144780 -0.405674
0.200000 2.083107 -0.207300 -0.405319
0.210000 2.080721 -0.269757 -0.404965
0.220000 2.077712 -0.332133 -0.404613
0.230000 2.074079 -0.394410 -0.404263
0.240000 2.069824 -0.456569 -0.403915
0.250000 2.064947 -0.518590 -0.403571
0.260000 2.059452 -0.580456 -0.403229
0.270000 2.053338 -0.642148 -0.402892
0.280000 2.046609 -0.703647 -0.402558
0.290000 2.039265 -0.764936 -0.402230
0.300000 2.031310 -0.825994 -0.401906
0.310000 2.022745 -0.886805 -0.401587
0.320000 2.013574 -0.947350 -0.401274
0.330000 2.003798 -1.007610 -0.400967
0.340000 1.993422 -1.067569 -0.400667
0.350000 1.982447 -1.127207 -0.400373
0.360000 1.970878 -1.186507 -0.400087
0.370000 1.958717 -1.245451 -0.399808
0.380000 1.945969 -1.304021 -0.399537
0.390000 1.932637 -1.362200 -0.399274
0.400000 1.918725 -1.419970 -0.399020
0.410000 1.904237 -1.477315 -0.398774
0.420000 1.889178 -1.534216 -0.398537
0.430000 1.873553 -1.590657 -0.398310
0.440000 1.857365 -1.646621 -0.398093
0.450000 1.840620 -1.702091 -0.397885
0.460000 1.823323 -1.757050 -0.397688
0.470000 1.805479 -1.811482 -0.397500
0.480000 1.787094 -1.865370 -0.397324
0.490000 1.768172 -1.918699 -0.397158
0.500000 1.748720 -1.971453 -0.397004
0.510000 1.728743 -2.023615 -0.396860
0.520000 1.708247 -2.075169 -0.396728
0.530000 1.687240 -2.126102 -0.396607
0.540000 1.665725 -2.176396 -0.396499
0.550000 1.643712 -2.226038 -0.396401
0.560000 1.621205 -2.275012 -0.396316
0.570000 1.598211 -2.323303 -0.396243
0.580000 1.574739 -2.370897 -0.396182
0.590000 1.550793 -2.417780 -0.396133
0.600000 1.526383 -2.463938 -0.396097
0.610000 1.501515 -2.509356 -0.396073
0.620000 1.476196 -2.554022 -0.396061
0.630000 1.450434 -2.597921 -0.396061
0.640000 1.424237 -2.641041 -0.396074
0.650000 1.397613 -2.683369 -0.396099
0.660000 1.370570 -2.724892 -0.396136
0.670000 1.343116 -2.765597 -0.396186
0.680000 1.315258 -2.805473 -0.396247
0.690000 1.287006 -2.844507 -0.396321
0.700000 1.258368 -2.882687 -0.396407
0.710000 1.229352 -2.920003 -0.396505
0.720000 1.199968 -2.956443 -0.396615
0.730000 1.170224 -2.991996 -0.396736
0.740000 1.140128 -3.026651 -0.396869
0.750000 1.109690 -3.060398 -0.397013
0.760000 1.078920 -3.093228 -0.397168
0.770000 1.047826 -3.125129 -0.397335
0.780000 1.016417 -3.156092 -0.397512
0.790000 0.984704 -3.186109 -0.397700
0.800000 0.952695 -3.215170 -0.397898
0.810000 0.920401 -3.243267 -0.398106
0.820000 0.887830 -3.270390 -0.398324
0.830000 0.854993 -3.296532 -0.398552
0.840000 0.821899 -3.321686 -0.398789
0.850000 0.788559 -3.345843 -0.399036
0.860000 0.754982 -3.368996 -0.399290
0.870000 0.721179 -3.391138 -0.399554
0.880000 0.687160 -3.412263 -0.399825
0.890000 0.652934 -3.432365 -0.400105
0.900000 0.618512 -3.451436 -0.400392
0.910000 0.583905 -3.469473 -0.400686
0.920000 0.549123 -3.486468 -0.400987
0.930000 0.514176 -3.502418 -0.401294
0.940000 0.479075 -3.517316 -0.401607
0.950000 0.443830 -3.531160 -0.401926
0.960000 0.408451 -3.543944 -0.402250
0.970000 0.372951 -3.555665 -0.402579
0.980000 0.337338 -3.566319 -0.402913
0.990000 0.301624 -3.575904 -0.403251
1.000000 0.265820 -3.584416 -0.403592
1.010000 0.229936 -3.591852 -0.403937
1.020000 0.193983 -3.598211 -0.404285
1.030000 0.157972 -3.603490 -0.404635
1.040000 0.121913 -3.607688 -0.404987
1.050000 0.085818 -3.610804 -0.405341
1.060000 0.049697 -3.612837 -0.405696
1.070000 0.013561 -3.613786 -0.406052
1.080000 -0.022579 -3.613651 -0.406408
1.090000 -0.058712 -3.612431 -0.406764
1.100000 -0.094827 -3.610128 -0.407120
1.110000 -0.130914 -3.606742 -0.407474
1.120000 -0.166962 -3.602274 -0.407828
1.130000 -0.202960 -3.596725 -0.408179
1.140000 -0.238897 -3.590097 -0.408528
1.150000 -0.274762 -3.582392 -0.408875
1.160000 -0.310544 -3.573613 -0.409219
1.170000 -0.346234 -3.563761 -0.409559
1.180000 -0.381820 -3.552840 -0.409895
1.190000 -0.417291 -3.540854 -0.410227
1.200000 -0.452637 -3.527805 -0.410555
1.210000 -0.487847 -3.513697 -0.410877
1.220000 -0.522911 -3.498536 -0.411194
1.230000 -0.557818 -3.482325 -0.411505
1.240000 -0.592557 -3.465070 -0.411810
1.250000 -0.627119 -3.446774 -0.412108
1.260000 -0.661493 -3.427445 -0.412399
1.270000 -0.695668 -3.407088 -0.412683
1.280000 -0.729634 -3.385708 -0.412960
1.290000 -0.763382 -3.363313 -0.413228
1.300000 -0.796901 -3.339909 -0.413489
1.310000 -0.830180 -3.315503 -0.413740
1.320000 -0.863211 -3.290102 -0.413983
1.330000 -0.895982 -3.263714 -0.414217
1.340000 -0.928485 -3.236347 -0.414441
1.350000 -0.960709 -3.208009 -0.414656
1.360000 -0.992645 -3.178709 -0.414860
1.370000 -1.024283 -3.148455 -0.415055
1.380000 -1.055614 -3.117256 -0.415238
1.390000 -1.086628 -3.085123 -0.415412
1.400000 -1.117317 -3.052063 -0.415574
1.410000 -1.147670 -3.018089 -0.415725
1.420000 -1.177679 -2.983208 -0.415865
1.430000 -1.207334 -2.947433 -0.415994
1.440000 -1.236627 -2.910774 -0.416110
1.450000 -1.265549 -2.873241 -0.416216
1.460000 -1.294092 -2.834846 -0.416309
1.470000 -1.322246 -2.795601 -0.416390
1.480000 -1.350004 -2.755518 -0.416460
1.490000 -1.377357 -2.714607 -0.416517
1.500000 -1.404296 -2.672882 -0.416562
1.510000 -1.430814 -2.630356 -0.416595
1.520000 -1.456903 -2.587040 -0.416615
1.530000 -1.482555 -2.542948 -0.416623
1.540000 -1.507762 -2.498093 -0.416619
1.550000 -1.532517 -2.452489 -0.416603
1.560000 -1.556812 -2.406149 -0.416574
1.570000 -1.580640 -2.359087 -0.416533
1.580000 -1.603994 -2.311318 -0.416479
1.590000 -1.626866 -2.262855 -0.416414
1.600000 -1.649251 -2.213713 -0.416336
1.610000 -1.671141 -2.163907 -0.416246
1.620000 -1.692529 -2.113452 -0.416145
1.630000 -1.713410 -2.062363 -0.416032
1.640000 -1.733776 -2.010656 -0.415907
1.650000 -1.753623 -1.958345 -0.415770
1.660000 -1.772943 -1.905446 -0.415623
1.670000 -1.791732 -1.851976 -0.415464
1.680000 -1.809983 -1.797950 -0.415294
1.690000 -1.827691 -1.743385 -0.415113
1.700000 -1.844850 -1.688297 -0.414922
1.710000 -1.861457 -1.632702 -0.414721
1.720000 -1.877504 -1.576618 -0.414510
1.730000 -1.892989 -1.520061 -0.414288
1.740000 -1.907906 -1.463047 -0.414058
1.750000 -1.922250 -1.405595 -0.413818
1.760000 -1.936018 -1.347721 -0.413569
1.770000 -1.949204 -1.289442 -0.413311
1.780000 -1.961806 -1.230777 -0.413045
1.790000 -1.973820 -1.171743 -0.412771
1.800000 -1.985241 -1.112357 -0.412489
1.810000 -1.996067 -1.052637 -0.412200
1.820000 -2.006294 -0.992602 -0.411904
1.830000 -2.015919 -0.932269 -0.411601
1.840000 -2.024939 -0.871656 -0.411292
1.850000 -2.033352 -0.810782 -0.410977
1.860000 -2.041155 -0.749664 -0.410656
1.870000 -2.048345 -0.688321 -0.410331
1.880000 -2.054921 -0.626772 -0.410000
1.890000 -2.060881 -0.565035 -0.409665
1.900000 -2.066222 -0.503129 -0.409326
1.910000 -2.070944 -0.441071 -0.408983
1.920000 -2.075044 -0.378882 -0.408638
1.930000 -2.078521 -0.316578 -0.408289
1.940000 -2.081375 -0.254180 -0.407938
1.950000 -2.083605 -0.191705 -0.407586
1.960000 -2.085209 -0.129173 -0.407231
1.970000 -2.086188 -0.066602 -0.406876
1.980000 -2.086541 -0.004011 -0.406520
1.990000 -2.086268 0.058581 -0.406164
2.000000 -2.085370 0.121156 -0.405808
2.010000 -2.083845 0.183694 -0.405453
2.020000 -2.081696 0.246177 -0.405098
2.030000 -2.078922 0.308587 -0.404746
2.040000 -2.075524 0.370903 -0.404395
2.050000 -2.071504 0.433109 -0.404046
2.060000 -2.066862 0.495184 -0.403700
2.070000 -2.061600 0.557111 -0.403358
2.080000 -2.055720 0.618871 -0.403019
2.090000 -2.049223 0.680445 -0.402684
2.100000 -2.042111 0.741815 -0.402353
2.110000 -2.034386 0.802962 -0.402027
2.120000 -2.026051 0.863869 -0.401707
2.130000 -2.017109 0.924516 -0.401392
2.140000 -2.007561 0.984886 -0.401082
2.150000 -1.997411 1.044961 -0.400780
2.160000 -1.986662 1.104722 -0.400483
2.170000 -1.975317 1.164152 -0.400194
2.180000 -1.963379 1.223232 -0.399912
2.190000 -1.950852 1.281946 -0.399638
2.200000 -1.937740 1.340275 -0.399372
2.210000 -1.924047 1.398201 -0.399115
2.220000 -1.909776 1.455709 -0.398866
2.230000 -1.894932 1.512779 -0.398626
2.240000 -1.879520 1.569396 -0.398395
2.250000 -1.863544 1.625542 -0.398174
2.260000 -1.847010 1.681200 -0.397962
2.270000 -1.829920 1.736354 -0.397761
2.280000 -1.812282 1.790987 -0.397570
2.290000 -1.794101 1.845083 -0.397389
2.300000 -1.775381 1.898625 -0.397220
2.310000 -1.756128 1.951598 -0.397061
2.320000 -1.736349 2.003985 -0.396913
2.330000 -1.716049 2.055771 -0.396777
2.340000 -1.695233 2.106940 -0.396652
2.350000 -1.673910 2.157478 -0.396538
2.360000 -1.652084 2.207367 -0.396437
2.370000 -1.629762 2.256595 -0.396347
2.380000 -1.606952 2.305146 -0.396269
2.390000 -1.583659 2.353005 -0.396204
2.400000 -1.559892 2.400158 -0.396150
2.410000 -1.535656 2.446591 -0.396109
2.420000 -1.510960 2.492291 -0.396080
2.430000 -1.485810 2.537242 -0.396064
2.440000 -1.460215 2.581433 -0.396059
2.450000 -1.434182 2.624849 -0.396067
2.460000 -1.407718 2.667477 -0.396088
2.470000 -1.380832 2.709305 -0.396121
2.480000 -1.353532 2.750321 -0.396166
2.490000 -1.325826 2.790511 -0.396223
2.500000 -1.297722 2.829864 -0.396292
2.510000 -1.269229 2.868369 -0.396373
2.520000 -1.240354 2.906012 -0.396467
2.530000 -1.211108 2.942784 -0.396572
2.540000 -1.181499 2.978673 -0.396689
2.550000 -1.151535 3.013669 -0.396817
2.560000 -1.121225 3.047760 -0.396957
2.570000 -1.090580 3.080937 -0.397108
2.580000 -1.059607 3.113190 -0.397271
2.590000 -1.028316 3.144509 -0.397444
2.600000 -0.996717 3.174885 -0.397628
2.610000 -0.964818 3.204308 -0.397822
2.620000 -0.932630 3.232769 -0.398026
2.630000 -0.900163 3.260261 -0.398241
2.640000 -0.867425 3.286775 -0.398465
2.650000 -0.834427 3.312303 -0.398699
2.660000 -0.801179 3.336837 -0.398941
2.670000 -0.767691 3.360370 -0.399193
2.680000 -0.733972 3.382895 -0.399453
2.690000 -0.700033 3.404405 -0.399722
2.700000 -0.665884 3.424894 -0.399998
2.710000 -0.631535 3.444355 -0.400283
2.720000 -0.596996 3.462783 -0.400574
2.730000 -0.562279 3.480172 -0.400872
2.740000 -0.527393 3.496517 -0.401177
2.750000 -0.492349 3.511813 -0.401488
2.760000 -0.457157 3.526056 -0.401805
2.770000 -0.421828 3.539241 -0.402127
2.780000 -0.386372 3.551364 -0.402455
2.790000 -0.350800 3.562421 -0.402787
2.800000 -0.315124 3.572410 -0.403123
2.810000 -0.279352 3.581327 -0.403463
2.820000 -0.243497 3.589170 -0.403807
2.830000 -0.207569 3.595936 -0.404153
2.840000 -0.171578 3.601623 -0.404503
2.850000 -0.135536 3.606230 -0.404854
2.860000 -0.099454 3.609755 -0.405207
2.870000 -0.063341 3.612197 -0.405562
2.880000 -0.027210 3.613555 -0.405917
2.890000 0.008930 3.613829 -0.406274
2.900000 0.045067 3.613019 -0.406630
2.910000 0.081190 3.611125 -0.406986
2.920000 0.117289 3.608148 -0.407341
2.930000 0.153353 3.604088 -0.407694
2.940000 0.189371 3.598948 -0.408047
2.950000 0.225332 3.592727 -0.408397
2.960000 0.261226 3.585429 -0.408744
2.970000 0.297041 3.577055 -0.409089
2.980000 0.332767 3.567608 -0.409431
2.990000 0.368393 3.557090 -0.409769
3.000000 0.403909 3.545506 -0.410102
3.010000 0.439303 3.532857 -0.410431
3.020000 0.474566 3.519149 -0.410756
3.030000 0.509686 3.504386 -0.411075
3.040000 0.544653 3.488571 -0.411388
3.050000 0.579457 3.471709 -0.411695
3.060000 0.614088 3.453806 -0.411996
3.070000 0.648534 3.434866 -0.412290
3.080000 0.682785 3.414897 -0.412577
3.090000 0.716831 3.393902 -0.412856
3.100000 0.750663 3.371890 -0.413128
3.110000 0.784269 3.348866 -0.413391
3.120000 0.817640 3.324837 -0.413646
3.130000 0.850766 3.299811 -0.413893
3.140000 0.883637 3.273795 -0.414130
3.150000 0.916242 3.246797 -0.414358
3.160000 0.948572 3.218825 -0.414576
3.170000 0.980618 3.189887 -0.414784
3.180000 1.012370 3.159992 -0.414982
3.190000 1.043818 3.129149 -0.415170
3.200000 1.074953 3.097368 -0.415347
3.210000 1.105766 3.064657 -0.415514
3.220000 1.136246 3.031027 -0.415669
3.230000 1.166386 2.996487 -0.415813
3.240000 1.196176 2.961049 -0.415946
3.250000 1.225607 2.924722 -0.416068
3.260000 1.254671 2.887518 -0.416177
3.270000 1.283358 2.849448 -0.416275
3.280000 1.311659 2.810522 -0.416361
3.290000 1.339568 2.770754 -0.416435
3.300000 1.367075 2.730154 -0.416497
3.310000 1.394171 2.688736 -0.416546
3.320000 1.420849 2.646510 -0.416584
3.330000 1.447101 2.603491 -0.416609
3.340000 1.472919 2.559691 -0.416622
3.350000 1.498295 2.515122 -0.416622
3.360000 1.523222 2.469800 -0.416610
3.370000 1.547691 2.423736 -0.416586
3.380000 1.571696 2.376945 -0.416549
3.390000 1.595230 2.329441 -0.416501
3.400000 1.618285 2.281239 -0.416440
3.410000 1.640855 2.232351 -0.416367
3.420000 1.662932 2.182795 -0.416282
3.430000 1.684511 2.132583 -0.416185
3.440000 1.705584 2.081732 -0.416076
3.450000 1.726145 2.030256 -0.415955
3.460000 1.746189 1.978171 -0.415823
3.470000 1.765709 1.925492 -0.415680
3.480000 1.784699 1.872236 -0.415525
3.490000 1.803153 1.818418 -0.415359
3.500000 1.821067 1.764055 -0.415183
3.510000 1.838434 1.709162 -0.414996
3.520000 1.855250 1.653757 -0.414798
3.530000 1.871510 1.597856 -0.414591
3.540000 1.887207 1.541475 -0.414373
3.550000 1.902339 1.484632 -0.414146
3.560000 1.916900 1.427343 -0.413909
3.570000 1.930886 1.369626 -0.413664
3.580000 1.944293 1.311499 -0.413409
3.590000 1.957116 1.252978 -0.413147
3.600000 1.969352 1.194081 -0.412876
3.610000 1.980998 1.134825 -0.412597
3.620000 1.992049 1.075230 -0.412310
3.630000 2.002502 1.015311 -0.412017
3.640000 2.012355 0.955089 -0.411716
3.650000 2.021604 0.894579 -0.411410
3.660000 2.030246 0.833801 -0.411097
3.670000 2.038280 0.772774 -0.410778
3.680000 2.045702 0.711514 -0.410454
3.690000 2.052510 0.650041 -0.410125
3.700000 2.058703 0.588372 -0.409792
3.710000 2.064278 0.526528 -0.409454
3.720000 2.069233 0.464525 -0.409113
3.730000 2.073568 0.402383 -0.408769
3.740000 2.077281 0.340120 -0.408421
3.750000 2.080371 0.277756 -0.408071
3.760000 2.082836 0.215307 -0.407719
3.770000 2.084677 0.152795 -0.407365
3.780000 2.085892 0.090236 -0.407010
3.790000 2.086481 0.027651 -0.406655
3.800000 2.086445 -0.034943 -0.406298
3.810000 2.085783 -0.097527 -0.405942
3.820000 2.084494 -0.160081 -0.405587
3.830000 2.082581 -0.222587 -0.405232
3.840000 2.080043 -0.285026 -0.404879
3.850000 2.076880 -0.347380 -0.404527
3.860000 2.073095 -0.409630 -0.404178
3.870000 2.068688 -0.471757 -0.403831
3.880000 2.063660 -0.533742 -0.403487
3.890000 2.058013 -0.595567 -0.403146
3.900000 2.051749 -0.657213 -0.402810
3.910000 2.044869 -0.718663 -0.402478
3.920000 2.037375 -0.779896 -0.402150
3.930000 2.029271 -0.840896 -0.401827
3.940000 2.020558 -0.901643 -0.401510
3.950000 2.011238 -0.962120 -0.401198
3.960000 2.001315 -1.022309 -0.400893
3.970000 1.990792 -1.082190 -0.400594
3.980000 1.979671 -1.141747 -0.400303
3.990000 1.967957 -1.200962 -0.400018
4.000000 1.955652 -1.259816 -0.399741
4.010000 1.942761 -1.318292 -0.399472
4.020000 1.929286 -1.376373 -0.399211
4.030000 1.915233 -1.434040 -0.398959
4.040000 1.900605 -1.491278 -0.398715
4.050000 1.885408 -1.548068 -0.398481
4.060000 1.869644 -1.604394 -0.398256
4.070000 1.853320 -1.660238 -0.398041
4.080000 1.836439 -1.715585 -0.397836
4.090000 1.819008 -1.770416 -0.397641
4.100000 1.801031 -1.824717 -0.397456
4.110000 1.782514 -1.878470 -0.397282
4.120000 1.763462 -1.931660 -0.397119
4.130000 1.743880 -1.984270 -0.396967
4.140000 1.723776 -2.036285 -0.396827
4.150000 1.703155 -2.087689 -0.396697
4.160000 1.682022 -2.138466 -0.396580
4.170000 1.660385 -2.188603 -0.396474
4.180000 1.638250 -2.238082 -0.396380
4.190000 1.615624 -2.286890 -0.396297
4.200000 1.592513 -2.335012 -0.396227
4.210000 1.568924 -2.382434 -0.396169
4.220000 1.544864 -2.429141 -0.396123
4.230000 1.520341 -2.475119 -0.396090
4.240000 1.495361 -2.520354 -0.396069
4.250000 1.469934 -2.564834 -0.396060
4.260000 1.444065 -2.608544 -0.396063
4.270000 1.417763 -2.651471 -0.396079
4.280000 1.391035 -2.693603 -0.396107
4.290000 1.363891 -2.734927 -0.396147
4.300000 1.336337 -2.775430 -0.396200
4.310000 1.308382 -2.815101 -0.396264
4.320000 1.280035 -2.853927 -0.396341
4.330000 1.251304 -2.891897 -0.396430
4.340000 1.222197 -2.929000 -0.396531
4.350000 1.192724 -2.965224 -0.396643
4.360000 1.162892 -3.000558 -0.396767
4.370000 1.132712 -3.034992 -0.396903
4.380000 1.102193 -3.068516 -0.397050
4.390000 1.071342 -3.101119 -0.397208
4.400000 1.040170 -3.132791 -0.397377
4.410000 1.008686 -3.163524 -0.397557
4.420000 0.976900 -3.193308 -0.397747
4.430000 0.944820 -3.222134 -0.397948
4.440000 0.912457 -3.249993 -0.398159
4.450000 0.879820 -3.276877 -0.398379
4.460000 0.846919 -3.302778 -0.398609
4.470000 0.813765 -3.327688 -0.398849
4.480000 0.780366 -3.351600 -0.399097
4.490000 0.746733 -3.374507 -0.399354
4.500000 0.712876 -3.396401 -0.399620
4.510000 0.678805 -3.417276 -0.399893
4.520000 0.644530 -3.437126 -0.400174
4.530000 0.610062 -3.455945 -0.400463
4.540000 0.575411 -3.473727 -0.400759
4.550000 0.540588 -3.490467 -0.401061
4.560000 0.505602 -3.506160 -0.401370
4.570000 0.470464 -3.520801 -0.401685
4.580000 0.435186 -3.534386 -0.402005
4.590000 0.399777 -3.546910 -0.402330
4.600000 0.364248 -3.558371 -0.402661
4.610000 0.328609 -3.568763 -0.402995
4.620000 0.292872 -3.578086 -0.403334
4.630000 0.257048 -3.586334 -0.403676
4.640000 0.221146 -3.593507 -0.404022
4.650000 0.185177 -3.599602 -0.404370
4.660000 0.149154 -3.604617 -0.404721
4.670000 0.113085 -3.608551 -0.405074
4.680000 0.076983 -3.611402 -0.405428
4.690000 0.040857 -3.613169 -0.405783
4.700000 0.004719 -3.613853 -0.406139
4.710000 -0.031420 -3.613452 -0.406495
4.720000 -0.067550 -3.611968 -0.406851
4.730000 -0.103659 -3.609400 -0.407207
4.740000 -0.139738 -3.605749 -0.407561
4.750000 -0.175774 -3.601016 -0.407914
4.760000 -0.211758 -3.595203 -0.408265
4.770000 -0.247678 -3.588312 -0.408613
4.780000 -0.283524 -3.580344 -0.408959
4.790000 -0.319285 -3.571301 -0.409302
4.800000 -0.354950 -3.561188 -0.409641
4.810000 -0.390509 -3.550006 -0.409977
4.820000 -0.425951 -3.537759 -0.410308
4.830000 -0.461264 -3.524451 -0.410634
4.840000 -0.496440 -3.510085 -0.410955
4.850000 -0.531466 -3.494667 -0.411270
4.860000 -0.566333 -3.478200 -0.411580
4.870000 -0.601030 -3.460689 -0.411883
4.880000 -0.635547 -3.442141 -0.412180
4.890000 -0.669873 -3.422559 -0.412469
4.900000 -0.703998 -3.401951 -0.412752
4.910000 -0.737912 -3.380323 -0.413026
4.920000 -0.771604 -3.357680 -0.413293
4.930000 -0.805065 -3.334030 -0.413551
4.940000 -0.838285 -3.309380 -0.413801
4.950000 -0.871253 -3.283737 -0.414041
4.960000 -0.903960 -3.257108 -0.414273
4.970000 -0.936395 -3.229503 -0.414495
4.980000 -0.968550 -3.200929 -0.414707
4.990000 -1.000414 -3.171394 -0.414909
5.000000 -1.031978 -3.140909 -0.415100
5.010000 -1.063232 -3.109480 -0.415282
5.020000 -1.094167 -3.077119 -0.415452
5.030000 -1.124774 -3.043835 -0.415612
5.040000 -1.155044 -3.009638 -0.415760
5.050000 -1.184967 -2.974538 -0.415898
5.060000 -1.214535 -2.938545 -0.416023
5.070000 -1.243738 -2.901671 -0.416137
5.080000 -1.272568 -2.863927 -0.416240
5.090000 -1.301016 -2.825323 -0.416330
5.100000 -1.329075 -2.785871 -0.416409
5.110000 -1.356734 -2.745584 -0.416475
5.120000 -1.383986 -2.704474 -0.416529
5.130000 -1.410823 -2.662551 -0.416571
5.140000 -1.437237 -2.619831 -0.416601
5.150000 -1.463220 -2.576324 -0.416618
5.160000 -1.488764 -2.532044 -0.416623
5.170000 -1.513861 -2.487005 -0.416616
5.180000 -1.538504 -2.441219 -0.416597
5.190000 -1.562685 -2.394701 -0.416565
5.200000 -1.586398 -2.347465 -0.416521
5.210000 -1.609635 -2.299524 -0.416464
5.220000 -1.632388 -2.250894 -0.416396
5.230000 -1.654652 -2.201589 -0.416315
5.240000 -1.676420 -2.151622 -0.416223
5.250000 -1.697685 -2.101011 -0.416118
5.260000 -1.718440 -2.049769 -0.416002
5.270000 -1.738680 -1.997912 -0.415874
5.280000 -1.758399 -1.945456 -0.415735
5.290000 -1.777589 -1.892416 -0.415585
5.300000 -1.796247 -1.838809 -0.415423
5.310000 -1.814366 -1.784649 -0.415251
5.320000 -1.831940 -1.729955 -0.415068
5.330000 -1.848965 -1.674741 -0.414874
5.340000 -1.865435 -1.619025 -0.414670
5.350000 -1.881345 -1.562824 -0.414456
5.360000 -1.896691 -1.506153 -0.414233
5.370000 -1.911468 -1.449031 -0.414000
5.380000 -1.925672 -1.391474 -0.413758
5.390000 -1.939298 -1.333499 -0.413507
5.400000 -1.952342 -1.275124 -0.413247
5.410000 -1.964800 -1.216367 -0.412979
5.420000 -1.976669 -1.157245 -0.412703
5.430000 -1.987945 -1.097776 -0.412419
5.440000 -1.998625 -1.037978 -0.412128
5.450000 -2.008705 -0.977868 -0.411831
5.460000 -2.018182 -0.917464 -0.411526
5.470000 -2.027054 -0.856786 -0.411216
5.480000 -2.035318 -0.795850 -0.410899
5.490000 -2.042971 -0.734676 -0.410577
5.500000 -2.050011 -0.673281 -0.410250
5.510000 -2.056437 -0.611684 -0.409918
5.520000 -2.062245 -0.549904 -0.409582
5.530000 -2.067435 -0.487959 -0.409242
5.540000 -2.072004 -0.425867 -0.408899
5.550000 -2.075952 -0.363648 -0.408553
5.560000 -2.079277 -0.301320 -0.408203
5.570000 -2.081978 -0.238901 -0.407852
5.580000 -2.084055 -0.176410 -0.407499
5.590000 -2.085507 -0.113867 -0.407144
5.600000 -2.086332 -0.051289 -0.406789
5.610000 -2.086532 0.011304 -0.406433
5.620000 -2.086106 0.073893 -0.406077
5.630000 -2.085054 0.136461 -0.405721
5.640000 -2.083377 0.198987 -0.405366
5.650000 -2.081075 0.261454 -0.405012
5.660000 -2.078148 0.323842 -0.404660
5.670000 -2.074598 0.386133 -0.404309
5.680000 -2.070425 0.448309 -0.403961
5.690000 -2.065632 0.510350 -0.403616
5.700000 -2.060218 0.572237 -0.403275
5.710000 -2.054187 0.633954 -0.402937
5.720000 -2.047539 0.695479 -0.402603
5.730000 -2.040277 0.756797 -0.402273
5.740000 -2.032403 0.817887 -0.401948
5.750000 -2.023920 0.878732 -0.401629
5.760000 -2.014829 0.939313 -0.401315
5.770000 -2.005133 0.999612 -0.401008
5.780000 -1.994836 1.059612 -0.400706
5.790000 -1.983941 1.119294 -0.400412
5.800000 -1.972451 1.178639 -0.400125
5.810000 -1.960368 1.237632 -0.399845
5.820000 -1.947698 1.296253 -0.399573
5.830000 -1.934443 1.354485 -0.399309
5.840000 -1.920608 1.412311 -0.399053
5.850000 -1.906197 1.469713 -0.398806
5.860000 -1.891214 1.526674 -0.398568
5.870000 -1.875664 1.583177 -0.398340
5.880000 -1.859550 1.639205 -0.398121
5.890000 -1.842880 1.694742 -0.397912
5.900000 -1.825656 1.749770 -0.397713
5.910000 -1.807884 1.804273 -0.397525
5.920000 -1.789570 1.858235 -0.397347
5.930000 -1.770719 1.911639 -0.397180
5.940000 -1.751337 1.964470 -0.397023
5.950000 -1.731430 2.016711 -0.396878
5.960000 -1.711003 2.068348 -0.396745
5.970000 -1.690063 2.119364 -0.396623
5.980000 -1.668616 2.169744 -0.396512
5.990000 -1.646668 2.219473 -0.396414
6.000000 -1.624226 2.268537 -0.396327
6.010000 -1.601297 2.316920 -0.396252
6.020000 -1.577888 2.364607 -0.396190
6.030000 -1.554005 2.411586 -0.396139
6.040000 -1.529656 2.457841 -0.396101
6.050000 -1.504848 2.503358 -0.396075
6.060000 -1.479589 2.548125 -0.396061
6.070000 -1.453886 2.592127 -0.396060
6.080000 -1.427747 2.635351 -0.396071
6.090000 -1.401179 2.677785 -0.396095
6.100000 -1.374191 2.719416 -0.396130
6.110000 -1.346791 2.760231 -0.396178
6.120000 -1.318986 2.800217 -0.396239
6.130000 -1.290786 2.839364 -0.396311
6.140000 -1.262199 2.877659 -0.396395
6.150000 -1.233233 2.915090 -0.396491
6.160000 -1.203897 2.951647 -0.396599
6.170000 -1.174200 2.987319 -0.396719
6.180000 -1.144151 3.022094 -0.396850
6.190000 -1.113758 3.055962 -0.396993
6.200000 -1.083032 3.088914 -0.397147
6.210000 -1.051980 3.120939 -0.397312
6.220000 -1.020613 3.152028 -0.397488
6.230000 -0.988939 3.182172 -0.397674
6.240000 -0.956969 3.211360 -0.397871
6.250000 -0.924712 3.239585 -0.398078
6.260000 -0.892178 3.266839 -0.398295
6.270000 -0.859375 3.293112 -0.398521
6.280000 -0.826315 3.318398 -0.398757
6.290000 -0.793008 3.342687 -0.399002
6.300000 -0.759462 3.365974 -0.399256
6.310000 -0.725688 3.388252 -0.399518
6.320000 -0.691697 3.409512 -0.399789
6.330000 -0.657498 3.429750 -0.400067
6.340000 -0.623102 3.448959 -0.400353
6.350000 -0.588519 3.467134 -0.400646
6.360000 -0.553759 3.484268 -0.400946
6.370000 -0.518833 3.500357 -0.401253
6.380000 -0.483752 3.515395 -0.401565
6.390000 -0.448525 3.529380 -0.401883
6.400000 -0.413164 3.542305 -0.402207
6.410000 -0.377679 3.554168 -0.402535
6.420000 -0.342081 3.564964 -0.402868
6.430000 -0.306380 3.574691 -0.403206
6.440000 -0.270587 3.583345 -0.403547
6.450000 -0.234713 3.590925 -0.403891
6.460000 -0.198769 3.597427 -0.404239
6.470000 -0.162765 3.602850 -0.404588
6.480000 -0.126712 3.607192 -0.404940
6.490000 -0.090621 3.610452 -0.405294
6.500000 -0.054503 3.612629 -0.405649
6.510000 -0.018368 3.613722 -0.406005
6.520000 0.017772 3.613731 -0.406361
6.530000 0.053907 3.612656 -0.406717
6.540000 0.090025 3.610497 -0.407072
6.550000 0.126116 3.607255 -0.407427
6.560000 0.162170 3.602931 -0.407781
6.570000 0.198175 3.597525 -0.408132
6.580000 0.234121 3.591041 -0.408482
6.590000 0.269996 3.583479 -0.408829
6.600000 0.305790 3.574842 -0.409173
6.610000 0.341493 3.565133 -0.409514
6.620000 0.377093 3.554354 -0.409851
6.630000 0.412580 3.542509 -0.410183
6.640000 0.447943 3.529601 -0.410511
6.650000 0.483172 3.515635 -0.410834
6.660000 0.518256 3.500613 -0.411152
6.670000 0.553184 3.484542 -0.411464
6.680000 0.587947 3.467425 -0.411769
6.690000 0.622533 3.449268 -0.412069
6.700000 0.656932 3.430076 -0.412361
6.710000 0.691134 3.409855 -0.412646
6.720000 0.725129 3.388611 -0.412924
6.730000 0.758906 3.366350 -0.413193
6.740000 0.792456 3.343080 -0.413455
6.750000 0.825768 3.318806 -0.413708
6.760000 0.858832 3.293537 -0.413952
6.770000 0.891639 3.267280 -0.414186
6.780000 0.924178 3.240043 -0.414412
6.790000 0.956440 3.211834 -0.414628
6.800000 0.988414 3.182661 -0.414834
6.810000 1.020093 3.152533 -0.415029
6.820000 1.051465 3.121460 -0.415215
6.830000 1.082522 3.089450 -0.415389
6.840000 1.113254 3.056514 -0.415553
6.850000 1.143652 3.022660 -0.415706
6.860000 1.173707 2.987900 -0.415847
6.870000 1.203410 2.952243 -0.415977
6.880000 1.232752 2.915700 -0.416096
6.890000 1.261724 2.878283 -0.416202
6.900000 1.290318 2.840003 -0.416297
6.910000 1.318524 2.800870 -0.416380
6.920000 1.346335 2.760897 -0.416451
6.930000 1.373742 2.720096 -0.416510
6.940000 1.400737 2.678479 -0.416557
6.950000 1.427312 2.636058 -0.416591
6.960000 1.453458 2.592846 -0.416613
6.970000 1.479169 2.548857 -0.416623
6.980000 1.504435 2.504103 -0.416620
6.990000 1.529251 2.458598 -0.416605
7.000000 1.553607 2.412355 -0.416578
7.010000 1.577498 2.365388 -0.416539
7.020000 1.600915 2.317712 -0.416487
7.030000 1.623852 2.269340 -0.416423
7.040000 1.646302 2.220288 -0.416347
7.050000 1.668258 2.170570 -0.416259
7.060000 1.689713 2.120200 -0.416159
7.070000 1.710662 2.069195 -0.416047
7.080000 1.731097 2.017568 -0.415924
7.090000 1.751013 1.965337 -0.415789
7.100000 1.770404 1.912515 -0.415643
7.110000 1.789264 1.859120 -0.415486
7.120000 1.807586 1.805167 -0.415317
7.130000 1.825367 1.750673 -0.415138
7.140000 1.842600 1.695654 -0.414948
7.150000 1.859280 1.640125 -0.414748
7.160000 1.875402 1.584105 -0.414538
7.170000 1.890962 1.527610 -0.414318
7.180000 1.905955 1.470656 -0.414089
7.190000 1.920375 1.413261 -0.413850
7.200000 1.934220 1.355442 -0.413602
7.210000 1.947484 1.297217 -0.413346
7.220000 1.960164 1.238602 -0.413081
7.230000 1.972256 1.179616 -0.412808
7.240000 1.983756 1.120275 -0.412527
7.250000 1.994662 1.060599 -0.412239
7.260000 2.004968 1.000605 -0.411944
7.270000 2.014674 0.940310 -0.411642
7.280000 2.023775 0.879733 -0.411334
7.290000 2.032268 0.818893 -0.411019
7.300000 2.040152 0.757806 -0.410699
7.310000 2.047424 0.696493 -0.410374
7.320000 2.054082 0.634970 -0.410044
7.330000 2.060124 0.573257 -0.409710
7.340000 2.065547 0.511372 -0.409371
7.350000 2.070351 0.449333 -0.409029
7.360000 2.074534 0.387160 -0.408684
7.370000 2.078095 0.324871 -0.408336
7.380000 2.081032 0.262484 -0.407985
7.390000 2.083344 0.200018 -0.407633
7.400000 2.085032 0.137493 -0.407278
7.410000 2.086094 0.074926 -0.406923
7.420000 2.086530 0.012336 -0.406567
7.430000 2.086341 -0.050257 -0.406211
7.440000 2.085525 -0.112835 -0.405855
7.450000 2.084084 -0.175379 -0.405500
7.460000 2.082018 -0.237870 -0.405145
7.470000 2.079327 -0.300291 -0.404792
7.480000 2.076012 -0.362621 -0.404441
7.490000 2.072074 -0.424842 -0.404092
7.500000 2.067515 -0.486936 -0.403746
7.510000 2.062336 -0.548884 -0.403403
7.520000 2.056537 -0.610667 -0.403064
7.530000 2.050122 -0.672267 -0.402728
7.540000 2.043092 -0.733665 -0.402397
7.550000 2.035449 -0.794843 -0.402070
7.560000 2.027195 -0.855783 -0.401749
7.570000 2.018333 -0.916465 -0.401433
7.580000 2.008866 -0.976873 -0.401123
7.590000 1.998796 -1.036988 -0.400819
7.600000 1.988126 -1.096792 -0.400522
7.610000 1.976860 -1.156267 -0.400232
7.620000 1.965001 -1.215395 -0.399950
7.630000 1.952552 -1.274158 -0.399674
7.640000 1.939518 -1.332539 -0.399407
7.650000 1.925901 -1.390520 -0.399149
7.660000 1.911707 -1.448085 -0.398898
7.670000 1.896940 -1.505214 -0.398657
7.680000 1.881603 -1.561892 -0.398425
7.690000 1.865702 -1.618102 -0.398203
7.700000 1.849241 -1.673826 -0.397990
7.710000 1.832225 -1.729048 -0.397787
7.720000 1.814660 -1.783751 -0.397595
7.730000 1.796550 -1.837920 -0.397413
7.740000 1.777902 -1.891536 -0.397241
7.750000 1.758719 -1.944586 -0.397081
7.760000 1.739010 -1.997052 -0.396932
7.770000 1.718778 -2.048918 -0.396794
7.780000 1.698031 -2.100171 -0.396668
7.790000 1.676775 -2.150793 -0.396553
7.800000 1.655016 -2.200770 -0.396450
7.810000 1.632760 -2.250086 -0.396358
7.820000 1.610014 -2.298728 -0.396279
7.830000 1.586785 -2.346680 -0.396212
7.840000 1.563080 -2.393928 -0.396157
7.850000 1.538907 -2.440458 -0.396114
7.860000 1.514271 -2.486255 -0.396083
7.870000 1.489181 -2.531307 -0.396065
7.880000 1.463645 -2.575599 -0.396059
7.890000 1.437669 -2.619119 -0.396066
7.900000 1.411263 -2.661853 -0.396084
7.910000 1.384432 -2.703789 -0.396116
7.920000 1.357187 -2.744913 -0.396159
7.930000 1.329534 -2.785214 -0.396214
7.940000 1.301483 -2.824679 -0.396282
7.950000 1.273041 -2.863297 -0.396362
7.960000 1.244217 -2.901056 -0.396454
7.970000 1.215019 -2.937944 -0.396557
7.980000 1.185458 -2.973951 -0.396673
7.990000 1.155540 -3.009066 -0.396800
8.000000 1.125276 -3.043278 -0.396938
8.010000 1.094675 -3.076578 -0.397088
8.020000 1.063745 -3.108954 -0.397248
8.030000 1.032496 -3.140398 -0.397420
8.040000 1.000937 -3.170899 -0.397603
8.050000 0.969078 -3.200449 -0.397795
8.060000 0.936928 -3.229039 -0.397999
8.070000 0.904497 -3.256661 -0.398212
8.080000 0.871795 -3.283305 -0.398435
8.090000 0.838831 -3.308965 -0.398667
8.100000 0.805615 -3.333631 -0.398909
8.110000 0.772158 -3.357298 -0.399159
8.120000 0.738469 -3.379957 -0.399418
8.130000 0.704559 -3.401603 -0.399686
8.140000 0.670437 -3.422228 -0.399961
8.150000 0.636115 -3.441826 -0.400244
8.160000 0.601601 -3.460392 -0.400535
8.170000 0.566907 -3.477919 -0.400832
8.180000 0.532042 -3.494404 -0.401136
8.190000 0.497019 -3.509839 -0.401446
8.200000 0.461846 -3.524222 -0.401762
8.210000 0.426534 -3.537548 -0.402084
8.220000 0.391095 -3.549813 -0.402411
8.230000 0.355538 -3.561012 -0.402742
8.240000 0.319874 -3.571143 -0.403078
8.250000 0.284115 -3.580203 -0.403418
8.260000 0.248270 -3.588189 -0.403761
8.270000 0.212351 -3.595098 -0.404107
8.280000 0.176368 -3.600929 -0.404456
8.290000 0.140333 -3.605679 -0.404807
8.300000 0.104255 -3.609348 -0.405160
8.310000 0.068146 -3.611934 -0.405515
8.320000 0.032016 -3.613437 -0.405870
8.330000 -0.004123 -3.613855 -0.406226
8.340000 -0.040261 -3.613189 -0.406582
8.350000 -0.076387 -3.611440 -0.406938
8.360000 -0.112490 -3.608607 -0.407293
8.370000 -0.148559 -3.604691 -0.407647
8.380000 -0.184584 -3.599694 -0.408000
8.390000 -0.220553 -3.593617 -0.408350
8.400000 -0.256456 -3.586461 -0.408698
8.410000 -0.292282 -3.578230 -0.409044
8.420000 -0.328020 -3.568926 -0.409386
8.430000 -0.363661 -3.558551 -0.409724
8.440000 -0.399191 -3.547108 -0.410058
8.450000 -0.434603 -3.534601 -0.410388
8.460000 -0.469883 -3.521034 -0.410713
8.470000 -0.505023 -3.506410 -0.411033
8.480000 -0.540012 -3.490735 -0.411347
8.490000 -0.574838 -3.474012 -0.411655
8.500000 -0.609492 -3.456247 -0.411956
8.510000 -0.643963 -3.437445 -0.412251
8.520000 -0.678241 -3.417612 -0.412539
8.530000 -0.712315 -3.396754 -0.412820
8.540000 -0.746176 -3.374876 -0.413092
8.550000 -0.779813 -3.351986 -0.413357
8.560000 -0.813216 -3.328091 -0.413613
8.570000 -0.846375 -3.303197 -0.413860
8.580000 -0.879280 -3.277312 -0.414099
8.590000 -0.911921 -3.250444 -0.414328
8.600000 -0.944288 -3.222601 -0.414547
8.610000 -0.976373 -3.193791 -0.414757
8.620000 -1.008164 -3.164023 -0.414957
8.630000 -1.039653 -3.133306 -0.415146
8.640000 -1.070830 -3.101649 -0.415324
8.650000 -1.101686 -3.069061 -0.415492
8.660000 -1.132212 -3.035552 -0.415649
8.670000 -1.162397 -3.001133 -0.415795
8.680000 -1.192234 -2.965814 -0.415929
8.690000 -1.221714 -2.929605 -0.416052
8.700000 -1.250826 -2.892517 -0.416163
8.710000 -1.279564 -2.854561 -0.416263
8.720000 -1.307918 -2.815748 -0.416350
8.730000 -1.335879 -2.776092 -0.416426
8.740000 -1.363439 -2.735602 -0.416489
8.750000 -1.390591 -2.694291 -0.416541
8.760000 -1.417325 -2.652173 -0.416580
8.770000 -1.443634 -2.609258 -0.416606
8.780000 -1.469510 -2.565561 -0.416621
8.790000 -1.494946 -2.521094 -0.416623
8.800000 -1.519932 -2.475871 -0.416613
8.810000 -1.544463 -2.429905 -0.416590
8.820000 -1.568530 -2.383210 -0.416555
8.830000 -1.592127 -2.335800 -0.416508
8.840000 -1.615246 -2.287690 -0.416449
8.850000 -1.637881 -2.238893 -0.416377
8.860000 -1.660024 -2.189424 -0.416294
8.870000 -1.681670 -2.139299 -0.416198
8.880000 -1.702810 -2.088532 -0.416091
8.890000 -1.723440 -2.037138 -0.415972
8.900000 -1.743553 -1.985133 -0.415841
8.910000 -1.763143 -1.932532 -0.415699
8.920000 -1.782204 -1.879352 -0.415546
8.930000 -1.800730 -1.825608 -0.415382
8.940000 -1.818716 -1.771317 -0.415207
8.950000 -1.836156 -1.716494 -0.415021
8.960000 -1.853046 -1.661156 -0.414825
8.970000 -1.869379 -1.605319 -0.414619
8.980000 -1.885152 -1.549001 -0.414403
8.990000 -1.900359 -1.492218 -0.414177
9.000000 -1.914996 -1.434988 -0.413941
9.010000 -1.929059 -1.377327 -0.413697
9.020000 -1.942543 -1.319253 -0.413444
9.030000 -1.955444 -1.260783 -0.413182
9.040000 -1.967759 -1.201935 -0.412912
9.050000 -1.979483 -1.142727 -0.412634
9.060000 -1.990613 -1.083175 -0.412349
9.070000 -2.001146 -1.023299 -0.412056
9.080000 -2.011079 -0.963116 -0.411757
9.090000 -2.020409 -0.902643 -0.411451
9.100000 -2.029132 -0.841900 -0.411139
9.110000 -2.037247 -0.780904 -0.410821
9.120000 -2.044750 -0.719675 -0.410498
9.130000 -2.051640 -0.658229 -0.410169
9.140000 -2.057915 -0.596585 -0.409837
9.150000 -2.063572 -0.534763 -0.409500
9.160000 -2.068610 -0.472780 -0.409159
9.170000 -2.073027 -0.410656 -0.408815
9.180000 -2.076823 -0.348408 -0.408467
9.190000 -2.079996 -0.286056 -0.408118
9.200000 -2.082544 -0.223618 -0.407766
9.210000 -2.084468 -0.161112 -0.407412
9.220000 -2.085766 -0.098559 -0.407058
9.230000 -2.086439 -0.035976 -0.406702
9.240000 -2.086486 0.026618 -0.406346
9.250000 -2.085907 0.089204 -0.405990
9.260000 -2.084702 0.151763 -0.405634
9.270000 -2.082872 0.214277 -0.405279
9.280000 -2.080416 0.276726 -0.404926
9.290000 -2.077337 0.339092 -0.404574
9.300000 -2.073635 0.401357 -0.404224
9.310000 -2.069310 0.463501 -0.403877
9.320000 -2.064364 0.525506 -0.403532
9.330000 -2.058800 0.587354 -0.403192
9.340000 -2.052617 0.649025 -0.402854
9.350000 -2.045819 0.710501 -0.402522
9.360000 -2.038407 0.771765 -0.402193
9.370000 -2.030384 0.832797 -0.401870
9.380000 -2.021751 0.893579 -0.401552
9.390000 -2.012512 0.954093 -0.401240
9.400000 -2.002670 1.014320 -0.400933
9.410000 -1.992226 1.074244 -0.400634
9.420000 -1.981185 1.133845 -0.400341
9.430000 -1.969549 1.193106 -0.400055
9.440000 -1.957323 1.252009 -0.399777
9.450000 -1.944509 1.310537 -0.399507
9.460000 -1.931112 1.368671 -0.399245
9.470000 -1.917135 1.426395 -0.398992
9.480000 -1.902584 1.483690 -0.398747
9.490000 -1.887462 1.540541 -0.398512
9.500000 -1.871773 1.596930 -0.398286
9.510000 -1.855523 1.652839 -0.398069
9.520000 -1.838716 1.708253 -0.397863
9.530000 -1.821358 1.763154 -0.397666
9.540000 -1.803453 1.817526 -0.397480
9.550000 -1.785008 1.871353 -0.397305
9.560000 -1.766026 1.924618 -0.397140
9.570000 -1.746515 1.977306 -0.396987
9.580000 -1.726480 2.029401 -0.396845
9.590000 -1.705927 2.080887 -0.396714
9.600000 -1.684862 2.131749 -0.396595
9.610000 -1.663292 2.181972 -0.396487
9.620000 -1.641223 2.231539 -0.396391
9.630000 -1.618661 2.280438 -0.396308
9.640000 -1.595614 2.328652 -0.396236
9.650000 -1.572088 2.376167 -0.396176
9.660000 -1.548091 2.422970 -0.396129
9.670000 -1.523629 2.469046 -0.396094
9.680000 -1.498710 2.514381 -0.396071
9.690000 -1.473341 2.558962 -0.396060
9.700000 -1.447531 2.602775 -0.396062
9.710000 -1.421286 2.645807 -0.396076
9.720000 -1.394615 2.688045 -0.396102
9.730000 -1.367525 2.729478 -0.396141
9.740000 -1.340025 2.770091 -0.396192
9.750000 -1.312123 2.809873 -0.396255
9.760000 -1.283828 2.848812 -0.396330
9.770000 -1.255147 2.886897 -0.396418
9.780000 -1.226090 2.924115 -0.396517
9.790000 -1.196665 2.960457 -0.396628
9.800000 -1.166880 2.995910 -0.396750
9.810000 -1.136746 3.030464 -0.396884
9.820000 -1.106271 3.064110 -0.397030
9.830000 -1.075464 3.096836 -0.397186
9.840000 -1.044334 3.128633 -0.397354
9.850000 -1.012891 3.159491 -0.397532
9.860000 -0.981145 3.189402 -0.397721
9.870000 -0.949103 3.218355 -0.397921
9.880000 -0.916778 3.246343 -0.398130
9.890000 -0.884177 3.273358 -0.398349
9.900000 -0.851310 3.299390 -0.398578
9.910000 -0.818189 3.324433 -0.398816
9.920000 -0.784822 3.348478 -0.399064
9.930000 -0.751219 3.371518 -0.399319
9.940000 -0.717391 3.393548 -0.399584
9.950000 -0.683348 3.414559 -0.399856
9.960000 -0.649100 3.434545 -0.400137
9.970000 -0.614657 3.453502 -0.400424
9.980000 -0.580030 3.471422 -0.400719
9.990000 -0.545229 3.488301 -0.401021
10.000000 -0.510264 3.504133 -0.401328
10.010000 -0.475146 3.518914 -0.401642
10.020000 -0.439886 3.532640 -0.401962
10.030000 -0.404493 3.545306 -0.402287
10.040000 -0.368980 3.556908 -0.402616
10.050000 -0.333355 3.567443 -0.402951
10.060000 -0.297631 3.576908 -0.403289
10.070000 -0.261817 3.585299 -0.403631
10.080000 -0.225925 3.592615 -0.403976
10.090000 -0.189965 3.598854 -0.404324
10.100000 -0.153948 3.604012 -0.404674
10.110000 -0.117885 3.608090 -0.405027
10.120000 -0.081786 3.611085 -0.405381
10.130000 -0.045663 3.612997 -0.405736
10.140000 -0.009526 3.613825 -0.406092
10.150000 0.026614 3.613568 -0.406448
10.160000 0.062745 3.612228 -0.406804
10.170000 0.098858 3.609804 -0.407159
10.180000 0.134941 3.606297 -0.407514
10.190000 0.170984 3.601708 -0.407867
10.200000 0.206975 3.596039 -0.408218
10.210000 0.242905 3.589290 -0.408567
10.220000 0.278761 3.581465 -0.408914
10.230000 0.314534 3.572566 -0.409257
10.240000 0.350213 3.562595 -0.409597
10.250000 0.385786 3.551555 -0.409932
10.260000 0.421244 3.539449 -0.410264
10.270000 0.456575 3.526282 -0.410591
10.280000 0.491769 3.512057 -0.410912
10.290000 0.526816 3.496778 -0.411229
10.300000 0.561705 3.480450 -0.411539
10.310000 0.596425 3.463078 -0.411843
10.320000 0.630966 3.444667 -0.412141
10.330000 0.665319 3.425223 -0.412431
10.340000 0.699471 3.404751 -0.412715
10.350000 0.733414 3.383258 -0.412990
10.360000 0.767136 3.360750 -0.413258
10.370000 0.800629 3.337233 -0.413517
10.380000 0.833881 3.312716 -0.413768
10.390000 0.866883 3.287204 -0.414010
10.400000 0.899625 3.260707 -0.414242
10.410000 0.932097 3.233231 -0.414466
10.420000 0.964289 3.204785 -0.414679
10.430000 0.996193 3.175378 -0.414882
10.440000 1.027797 3.145018 -0.415076
10.450000 1.059093 3.113715 -0.415258
10.460000 1.090071 3.081477 -0.415430
10.470000 1.120723 3.048315 -0.415591
10.480000 1.151038 3.014239 -0.415741
10.490000 1.181007 2.979258 -0.415880
10.500000 1.210623 2.943384 -0.416007
10.510000 1.239875 2.906626 -0.416123
10.520000 1.268755 2.868997 -0.416227
10.530000 1.297255 2.830507 -0.416319
10.540000 1.325365 2.791167 -0.416399
10.550000 1.353078 2.750991 -0.416467
10.560000 1.380385 2.709989 -0.416523
10.570000 1.407278 2.668174 -0.416566
10.580000 1.433749 2.625558 -0.416598
10.590000 1.459789 2.582155 -0.416617
10.600000 1.485392 2.537978 -0.416623
10.610000 1.510549 2.493038 -0.416618
10.620000 1.535253 2.447351 -0.416600
10.630000 1.559496 2.400930 -0.416570
10.640000 1.583271 2.353789 -0.416527
10.650000 1.606572 2.305941 -0.416472
10.660000 1.629390 2.257402 -0.416406
10.670000 1.651720 2.208185 -0.416327
10.680000 1.673554 2.158306 -0.416236
10.690000 1.694886 2.107779 -0.416133
10.700000 1.715709 2.056620 -0.416018
10.710000 1.736018 2.004844 -0.415892
10.720000 1.755806 1.952467 -0.415754
10.730000 1.775067 1.899504 -0.415605
10.740000 1.793796 1.845971 -0.415445
10.750000 1.811987 1.791884 -0.415274
10.760000 1.829634 1.737260 -0.415093
10.770000 1.846732 1.682114 -0.414900
10.780000 1.863276 1.626464 -0.414698
10.790000 1.879261 1.570326 -0.414485
10.800000 1.894683 1.513717 -0.414263
10.810000 1.909536 1.456654 -0.414031
10.820000 1.923816 1.399154 -0.413790
10.830000 1.937519 1.341234 -0.413540
10.840000 1.950641 1.282911 -0.413282
10.850000 1.963177 1.224204 -0.413015
10.860000 1.975125 1.165129 -0.412740
10.870000 1.986480 1.105705 -0.412457
10.880000 1.997239 1.045949 -0.412168
10.890000 2.007399 0.985880 -0.411871
10.900000 2.016956 0.925515 -0.411567
10.910000 2.025909 0.864872 -0.411257
10.920000 2.034254 0.803969 -0.410942
10.930000 2.041988 0.742826 -0.410620
10.940000 2.049110 0.681459 -0.410294
10.950000 2.055617 0.619888 -0.409963
10.960000 2.061508 0.558131 -0.409627
10.970000 2.066780 0.496207 -0.409288
10.980000 2.071432 0.434134 -0.408945
10.990000 2.075463 0.371930 -0.408599
11.000000 2.078871 0.309615 -0.408250
11.010000 2.081655 0.247207 -0.407899
11.020000 2.083815 0.184725 -0.407546
11.030000 2.085350 0.122188 -0.407192
11.040000 2.086259 0.059614 -0.406836
11.050000 2.086542 -0.002978 -0.406480
11.060000 2.086199 -0.065569 -0.406124
11.070000 2.085230 -0.128141 -0.405768
11.080000 2.083636 -0.190674 -0.405413
11.090000 2.081417 -0.253150 -0.405059
11.100000 2.078573 -0.315549 -0.404706
11.110000 2.075106 -0.377855 -0.404356
11.120000 2.071016 -0.440046 -0.404007
11.130000 2.066305 -0.502106 -0.403662
11.140000 2.060974 -0.564015 -0.403320
11.150000 2.055025 -0.625755 -0.402981
11.160000 2.048459 -0.687308 -0.402647
11.170000 2.041279 -0.748654 -0.402317
11.180000 2.033486 -0.809775 -0.401991
11.190000 2.025083 -0.870654 -0.401671
11.200000 2.016073 -0.931271 -0.401357
11.210000 2.006458 -0.991609 -0.401048
11.220000 1.996241 -1.051649 -0.400746
11.230000 1.985425 -1.111374 -0.400451
11.240000 1.974013 -1.170766 -0.400162
11.250000 1.962009 -1.229806 -0.399881
11.260000 1.949417 -1.288478 -0.399608
11.270000 1.936240 -1.346763 -0.399343
11.280000 1.922482 -1.404643 -0.399086
11.290000 1.908147 -1.462103 -0.398838
11.300000 1.893240 -1.519124 -0.398599
11.310000 1.877764 -1.575689 -0.398370
11.320000 1.861726 -1.631781 -0.398150
11.330000 1.845129 -1.687384 -0.397939
11.340000 1.827978 -1.742481 -0.397739
11.350000 1.810279 -1.797054 -0.397549
11.360000 1.792037 -1.851089 -0.397370
11.370000 1.773257 -1.904569 -0.397201
11.380000 1.753946 -1.957477 -0.397044
11.390000 1.734108 -2.009797 -0.396897
11.400000 1.713750 -2.061515 -0.396762
11.410000 1.692878 -2.112615 -0.396638
11.420000 1.671498 -2.163080 -0.396526
11.430000 1.649616 -2.212897 -0.396426
11.440000 1.627240 -2.262050 -0.396338
11.450000 1.604375 -2.310524 -0.396261
11.460000 1.581029 -2.358305 -0.396197
11.470000 1.557209 -2.405379 -0.396145
11.480000 1.532922 -2.451731 -0.396105
11.490000 1.508174 -2.497347 -0.396078
11.500000 1.482975 -2.542214 -0.396063
11.510000 1.457330 -2.586319 -0.396060
11.520000 1.431248 -2.629648 -0.396069
11.530000 1.404737 -2.672187 -0.396091
11.540000 1.377804 -2.713925 -0.396125
11.550000 1.350459 -2.754849 -0.396171
11.560000 1.322707 -2.794947 -0.396230
11.570000 1.294560 -2.834206 -0.396301
11.580000 1.266023 -2.872615 -0.396383
11.590000 1.237107 -2.910162 -0.396478
11.600000 1.207820 -2.946836 -0.396584
11.610000 1.178171 -2.982625 -0.396703
11.620000 1.148168 -3.017520 -0.396832
11.630000 1.117820 -3.051510 -0.396974
11.640000 1.087137 -3.084585 -0.397126
11.650000 1.056129 -3.116734 -0.397289
11.660000 1.024803 -3.147948 -0.397464
11.670000 0.993170 -3.178217 -0.397649
11.680000 0.961238 -3.207533 -0.397844
11.690000 0.929019 -3.235887 -0.398050
11.700000 0.896521 -3.263270 -0.398265
11.710000 0.863753 -3.289674 -0.398491
11.720000 0.830727 -3.315092 -0.398725
11.730000 0.797452 -3.339514 -0.398969
11.740000 0.763937 -3.362935 -0.399222
11.750000 0.730193 -3.385347 -0.399483
11.760000 0.696230 -3.406743 -0.399752
11.770000 0.662058 -3.427118 -0.400030
11.780000 0.627688 -3.446464 -0.400315
11.790000 0.593129 -3.464776 -0.400607
11.800000 0.558392 -3.482049 -0.400906
11.810000 0.523488 -3.498277 -0.401211
11.820000 0.488427 -3.513456 -0.401523
11.830000 0.453219 -3.527581 -0.401841
11.840000 0.417875 -3.540647 -0.402164
11.850000 0.382406 -3.552651 -0.402491
11.860000 0.346822 -3.563590 -0.402824
11.870000 0.311134 -3.573459 -0.403161
11.880000 0.275353 -3.582256 -0.403501
11.890000 0.239489 -3.589979 -0.403845
11.900000 0.203553 -3.596624 -0.404192
11.910000 0.167556 -3.602191 -0.404542
11.920000 0.131509 -3.606677 -0.404893
11.930000 0.095423 -3.610081 -0.405247
11.940000 0.059308 -3.612402 -0.405602
11.950000 0.023175 -3.613639 -0.405957
11.960000 -0.012965 -3.613792 -0.406313
11.970000 -0.049101 -3.612861 -0.406669
11.980000 -0.085222 -3.610847 -0.407025
11.990000 -0.121318 -3.607748 -0.407380
12.000000 -0.157377 -3.603568 -0.407734
12.010000 -0.193389 -3.598307 -0.408086
12.020000 -0.229343 -3.591966 -0.408436
12.030000 -0.265229 -3.584547 -0.408783
12.040000 -0.301034 -3.576053 -0.409128
12.050000 -0.336750 -3.566486 -0.409469
12.060000 -0.372364 -3.555850 -0.409806
12.070000 -0.407867 -3.544146 -0.410139
12.080000 -0.443247 -3.531379 -0.410468
12.090000 -0.478494 -3.517553 -0.410792
12.100000 -0.513598 -3.502672 -0.411110
12.110000 -0.548548 -3.486740 -0.411423
12.120000 -0.583333 -3.469762 -0.411729
12.130000 -0.617943 -3.451742 -0.412029
12.140000 -0.652368 -3.432688 -0.412322
12.150000 -0.686597 -3.412603 -0.412609
12.160000 -0.720620 -3.391495 -0.412887
12.170000 -0.754427 -3.369369 -0.413158
12.180000 -0.788007 -3.346233 -0.413420
12.190000 -0.821351 -3.322092 -0.413674
12.200000 -0.854449 -3.296955 -0.413920
12.210000 -0.887290 -3.270829 -0.414156
12.220000 -0.919866 -3.243722 -0.414383
12.230000 -0.952165 -3.215642 -0.414600
12.240000 -0.984178 -3.186596 -0.414807
12.250000 -1.015897 -3.156595 -0.415004
12.260000 -1.047310 -3.125647 -0.415191
12.270000 -1.078410 -3.093761 -0.415367
12.280000 -1.109186 -3.060947 -0.415532
12.290000 -1.139629 -3.027215 -0.415686
12.300000 -1.169730 -2.992575 -0.415829
12.310000 -1.199480 -2.957037 -0.415960
12.320000 -1.228871 -2.920611 -0.416081
12.330000 -1.257892 -2.883310 -0.416189
12.340000 -1.286537 -2.845144 -0.416285
12.350000 -1.314795 -2.806124 -0.416370
12.360000 -1.342659 -2.766262 -0.416443
12.370000 -1.370120 -2.725570 -0.416503
12.380000 -1.397171 -2.684061 -0.416551
12.390000 -1.423802 -2.641746 -0.416587
12.400000 -1.450006 -2.598639 -0.416611
12.410000 -1.475774 -2.554752 -0.416622
12.420000 -1.501101 -2.510099 -0.416621
12.430000 -1.525976 -2.464693 -0.416608
12.440000 -1.550394 -2.418547 -0.416583
12.450000 -1.574347 -2.371676 -0.416545
12.460000 -1.597828 -2.324094 -0.416495
12.470000 -1.620829 -2.275814 -0.416432
12.480000 -1.643344 -2.226851 -0.416358
12.490000 -1.665366 -2.177221 -0.416271
12.500000 -1.686889 -2.126937 -0.416173
12.510000 -1.707905 -2.076015 -0.416063
12.520000 -1.728409 -2.024470 -0.415941
12.530000 -1.748394 -1.972318 -0.415808
12.540000 -1.767855 -1.919574 -0.415663
12.550000 -1.786786 -1.866255 -0.415507
12.560000 -1.805180 -1.812375 -0.415340
12.570000 -1.823033 -1.757952 -0.415163
12.580000 -1.840339 -1.703001 -0.414974
12.590000 -1.857093 -1.647540 -0.414776
12.600000 -1.873290 -1.591584 -0.414567
12.610000 -1.888925 -1.535151 -0.414348
12.620000 -1.903993 -1.478257 -0.414120
12.630000 -1.918490 -1.420920 -0.413883
12.640000 -1.932412 -1.363156 -0.413636
12.650000 -1.945753 -1.304984 -0.413381
12.660000 -1.958511 -1.246420 -0.413117
12.670000 -1.970682 -1.187482 -0.412845
12.680000 -1.982261 -1.128188 -0.412565
12.690000 -1.993246 -1.068555 -0.412278
12.700000 -2.003632 -1.008602 -0.411984
12.710000 -2.013418 -0.948346 -0.411682
12.720000 -2.022599 -0.887806 -0.411375
12.730000 -2.031174 -0.826999 -0.411061
12.740000 -2.039139 -0.765945 -0.410742
12.750000 -2.046493 -0.704660 -0.410418
12.760000 -2.053232 -0.643164 -0.410088
12.770000 -2.059356 -0.581476 -0.409754
12.780000 -2.064862 -0.519612 -0.409416
12.790000 -2.069748 -0.457593 -0.409075
12.800000 -2.074014 -0.395437 -0.408730
12.810000 -2.077657 -0.333162 -0.408382
12.820000 -2.080677 -0.270787 -0.408032
12.830000 -2.083073 -0.208330 -0.407680
12.840000 -2.084843 -0.145812 -0.407326
12.850000 -2.085989 -0.083249 -0.406971
12.860000 -2.086508 -0.020662 -0.406615
12.870000 -2.086402 0.041932 -0.406259
12.880000 -2.085670 0.104513 -0.405903
12.890000 -2.084312 0.167063 -0.405547
12.900000 -2.082329 0.229562 -0.405192
12.910000 -2.079721 0.291993 -0.404839
12.920000 -2.076489 0.354336 -0.404488
12.930000 -2.072634 0.416573 -0.404139
12.940000 -2.068157 0.478685 -0.403792
12.950000 -2.063060 0.540653 -0.403449
12.960000 -2.057344 0.602459 -0.403109
12.970000 -2.051011 0.664085 -0.402773
12.980000 -2.044062 0.725511 -0.402441
12.990000 -2.036501 0.786719 -0.402114
13.000000 -2.028328 0.847691 -0.401791
13.010000 -2.019547 0.908410 -0.401475
13.020000 -2.010160 0.968855 -0.401164
13.030000 -2.000170 1.029010 -0.400860
13.040000 -1.989580 1.088856 -0.400562
13.050000 -1.978393 1.148376 -0.400270
13.060000 -1.966612 1.207551 -0.399987
13.070000 -1.954242 1.266364 -0.399711
13.080000 -1.941285 1.324797 -0.399442
13.090000 -1.927746 1.382832 -0.399182
13.100000 -1.913628 1.440453 -0.398931
13.110000 -1.898937 1.497641 -0.398689
13.120000 -1.883675 1.554381 -0.398455
13.130000 -1.867849 1.610653 -0.398232
13.140000 -1.851462 1.666443 -0.398018
13.150000 -1.834520 1.721733 -0.397814
13.160000 -1.817028 1.776506 -0.397620
13.170000 -1.798990 1.830746 -0.397436
13.180000 -1.780413 1.884437 -0.397264
13.190000 -1.761301 1.937563 -0.397102
13.200000 -1.741662 1.990107 -0.396951
13.210000 -1.721499 2.042055 -0.396812
13.220000 -1.700820 2.093390 -0.396684
13.230000 -1.679631 2.144096 -0.396567
13.240000 -1.657939 2.194160 -0.396463
13.250000 -1.635748 2.243565 -0.396370
13.260000 -1.613067 2.292298 -0.396289
13.270000 -1.589902 2.340342 -0.396220
13.280000 -1.566260 2.387685 -0.396163
13.290000 -1.542149 2.434311 -0.396119
13.300000 -1.517574 2.480206 -0.396087
13.310000 -1.492544 2.525358 -0.396067
13.320000 -1.467067 2.569752 -0.396059
13.330000 -1.441149 2.613376 -0.396064
13.340000 -1.414799 2.656215 -0.396081
13.350000 -1.388025 2.698257 -0.396111
13.360000 -1.360834 2.739490 -0.396152
13.370000 -1.333235 2.779901 -0.396206
13.380000 -1.305236 2.819478 -0.396272
13.390000 -1.276846 2.858210 -0.396351
13.400000 -1.248072 2.896083 -0.396441
13.410000 -1.218924 2.933088 -0.396543
13.420000 -1.189410 2.969213 -0.396657
13.430000 -1.159540 3.004448 -0.396782
13.440000 -1.129321 3.038780 -0.396919
13.450000 -1.098764 3.072202 -0.397067
13.460000 -1.067877 3.104701 -0.397226
13.470000 -1.036670 3.136270 -0.397397
13.480000 -1.005152 3.166897 -0.397578
13.490000 -0.973332 3.196574 -0.397769
13.500000 -0.941220 3.225292 -0.397971
13.510000 -0.908826 3.253043 -0.398183
13.520000 -0.876160 3.279818 -0.398404
13.530000 -0.843230 3.305609 -0.398636
13.540000 -0.810047 3.330408 -0.398876
13.550000 -0.776622 3.354208 -0.399125
13.560000 -0.742963 3.377002 -0.399383
13.570000 -0.709082 3.398782 -0.399650
13.580000 -0.674988 3.419543 -0.399924
13.590000 -0.640691 3.439279 -0.400206
13.600000 -0.606202 3.457982 -0.400496
13.610000 -0.571531 3.475648 -0.400792
13.620000 -0.536689 3.492271 -0.401095
13.630000 -0.501686 3.507847 -0.401405
13.640000 -0.466532 3.522370 -0.401720
13.650000 -0.431238 3.535837 -0.402041
13.660000 -0.395815 3.548243 -0.402367
13.670000 -0.360274 3.559584 -0.402698
13.680000 -0.324624 3.569857 -0.403033
13.690000 -0.288876 3.579060 -0.403372
13.700000 -0.253043 3.587189 -0.403715
13.710000 -0.217133 3.594241 -0.404061
13.720000 -0.181158 3.600216 -0.404409
13.730000 -0.145128 3.605110 -0.404760
13.740000 -0.109056 3.608923 -0.405113
13.750000 -0.072950 3.611653 -0.405467
13.760000 -0.036822 3.613299 -0.405823
13.770000 -0.000684 3.613862 -0.406179
13.780000 0.035455 3.613340 -0.406535
13.790000 0.071583 3.611735 -0.406891
13.800000 0.107689 3.609046 -0.407246
13.810000 0.143764 3.605274 -0.407600
13.820000 0.179795 3.600421 -0.407953
13.830000 0.215772 3.594487 -0.408304
13.840000 0.251685 3.587475 -0.408652
13.850000 0.287522 3.579387 -0.408998
13.860000 0.323272 3.570225 -0.409340
13.870000 0.358926 3.559992 -0.409679
13.880000 0.394472 3.548691 -0.410014
13.890000 0.429900 3.536326 -0.410344
13.900000 0.465199 3.522899 -0.410670
13.910000 0.500358 3.508416 -0.410990
13.920000 0.535367 3.492880 -0.411305
13.930000 0.570216 3.476296 -0.411614
13.940000 0.604893 3.458670 -0.411917
13.950000 0.639389 3.440005 -0.412213
13.960000 0.673693 3.420309 -0.412501
13.970000 0.707795 3.399587 -0.412783
13.980000 0.741685 3.377845 -0.413057
13.990000 0.775352 3.355089 -0.413322
14.000000 0.808787 3.331327 -0.413579
14.010000 0.841979 3.306566 -0.413828
14.020000 0.874918 3.280812 -0.414068
14.030000 0.907595 3.254074 -0.414298
14.040000 0.939999 3.226360 -0.414519
14.050000 0.972122 3.197679 -0.414730
14.060000 1.003953 3.168038 -0.414931
14.070000 1.035483 3.137446 -0.415121
14.080000 1.066702 3.105913 -0.415301
14.090000 1.097601 3.073449 -0.415471
14.100000 1.128171 3.040062 -0.415629
14.110000 1.158402 3.005763 -0.415776
14.120000 1.188286 2.970563 -0.415912
14.130000 1.217814 2.934472 -0.416037
14.140000 1.246976 2.897500 -0.416149
14.150000 1.275764 2.859659 -0.416250
14.160000 1.304169 2.820960 -0.416339
14.170000 1.332183 2.781414 -0.416417
14.180000 1.359797 2.741035 -0.416482
14.190000 1.387003 2.699833 -0.416534
14.200000 1.413794 2.657821 -0.416575
14.210000 1.440160 2.615012 -0.416603
14.220000 1.466094 2.571418 -0.416620
14.230000 1.491588 2.527052 -0.416623
14.240000 1.516635 2.481929 -0.416615
14.250000 1.541227 2.436061 -0.416594
14.260000 1.565356 2.389462 -0.416560
14.270000 1.589016 2.342147 -0.416515
14.280000 1.612199 2.294129 -0.416457
14.290000 1.634899 2.245422 -0.416387
14.300000 1.657108 2.196042 -0.416305
14.310000 1.678819 2.146003 -0.416212
14.320000 1.700028 2.095320 -0.416106
14.330000 1.720726 2.044009 -0.415988
14.340000 1.740908 1.992085 -0.415859
14.350000 1.760568 1.939563 -0.415719
14.360000 1.779699 1.886459 -0.415567
14.370000 1.798297 1.832789 -0.415405
14.380000 1.816355 1.778569 -0.415231
14.390000 1.833868 1.723815 -0.415047
14.400000 1.850831 1.668545 -0.414852
14.410000 1.867239 1.612774 -0.414647
14.420000 1.883087 1.556519 -0.414432
14.430000 1.898369 1.499797 -0.414207
14.440000 1.913083 1.442625 -0.413973
14.450000 1.927222 1.385021 -0.413730
14.460000 1.940783 1.327001 -0.413478
14.470000 1.953762 1.268583 -0.413217
14.480000 1.966155 1.209784 -0.412948
14.490000 1.977958 1.150622 -0.412672
14.500000 1.989167 1.091115 -0.412387
14.510000 1.999780 1.031281 -0.412096
14.520000 2.009793 0.971137 -0.411797
14.530000 2.019203 0.910703 -0.411492
14.540000 2.028007 0.849994 -0.411181
14.550000 2.036203 0.789031 -0.410863
14.560000 2.043787 0.727831 -0.410541
14.570000 2.050759 0.666413 -0.410213
14.580000 2.057116 0.604795 -0.409881
14.590000 2.062855 0.542996 -0.409545
14.600000 2.067976 0.481033 -0.409204
14.610000 2.072476 0.418926 -0.408861
14.620000 2.076354 0.356694 -0.408514
14.630000 2.079610 0.294354 -0.408164
14.640000 2.082241 0.231927 -0.407813
14.650000 2.084248 0.169429 -0.407459
14.660000 2.085630 0.106881 -0.407105
14.670000 2.086386 0.044301 -0.406749
14.680000 2.086516 -0.018293 -0.406393
14.690000 2.086020 -0.080881 -0.406037
14.700000 2.084898 -0.143444 -0.405681
14.710000 2.083151 -0.205965 -0.405326
14.720000 2.080779 -0.268424 -0.404972
14.730000 2.077783 -0.330803 -0.404620
14.740000 2.074163 -0.393082 -0.404270
14.750000 2.069921 -0.455243 -0.403923
14.760000 2.065058 -0.517268 -0.403578
14.770000 2.059576 -0.579137 -0.403237
14.780000 2.053475 -0.640833 -0.402899
14.790000 2.046759 -0.702336 -0.402566
14.800000 2.039429 -0.763629 -0.402237
14.810000 2.031486 -0.824693 -0.401913
14.820000 2.022935 -0.885509 -0.401594
14.830000 2.013776 -0.946060 -0.401281
14.840000 2.004013 -1.006327 -0.400974
14.850000 1.993650 -1.066292 -0.400673
14.860000 1.982688 -1.125937 -0.400380
14.870000 1.971131 -1.185244 -0.400093
14.880000 1.958983 -1.244196 -0.399814
14.890000 1.946247 -1.302774 -0.399543
14.900000 1.932927 -1.360962 -0.399280
14.910000 1.919028 -1.418741 -0.399025
14.920000 1.904552 -1.476095 -0.398779
14.930000 1.889506 -1.533006 -0.398542
14.940000 1.873892 -1.589457 -0.398315
14.950000 1.857717 -1.645431 -0.398097
14.960000 1.840984 -1.700911 -0.397889
14.970000 1.823698 -1.755882 -0.397692
14.980000 1.805866 -1.810325 -0.397504
14.990000 1.787492 -1.864225 -0.397328
15.000000 1.768582 -1.917567 -0.397162
15.010000 1.749141 -1.970332 -0.397007
15.020000 1.729175 -2.022507 -0.396863
15.030000 1.708690 -2.074075 -0.396731
15.040000 1.687693 -2.125021 -0.396610
15.050000 1.666190 -2.175329 -0.396501
15.060000 1.644187 -2.224985 -0.396403
15.070000 1.621690 -2.273973 -0.396318
15.080000 1.598707 -2.322279 -0.396245
15.090000 1.575245 -2.369888 -0.396183
15.100000 1.551310 -2.416786 -0.396134
15.110000 1.526909 -2.462960 -0.396097
15.120000 1.502050 -2.508394 -0.396073
15.130000 1.476741 -2.553076 -0.396061
15.140000 1.450989 -2.596992 -0.396061
15.150000 1.424801 -2.640129 -0.396073
15.160000 1.398186 -2.682474 -0.396098
15.170000 1.371152 -2.724014 -0.396135
15.180000 1.343706 -2.764737 -0.396185
15.190000 1.315857 -2.804630 -0.396246
15.200000 1.287613 -2.843682 -0.396320
15.210000 1.258983 -2.881881 -0.396405
15.220000 1.229976 -2.919215 -0.396503
15.230000 1.200599 -2.955674 -0.396612
15.240000 1.170862 -2.991246 -0.396733
15.250000 1.140774 -3.025921 -0.396866
15.260000 1.110344 -3.059687 -0.397010
15.270000 1.079581 -3.092536 -0.397165
15.280000 1.048493 -3.124457 -0.397331
15.290000 1.017091 -3.155441 -0.397508
15.300000 0.985384 -3.185478 -0.397696
15.310000 0.953382 -3.214560 -0.397894
15.320000 0.921093 -3.242677 -0.398102
15.330000 0.888528 -3.269821 -0.398320
15.340000 0.855697 -3.295984 -0.398547
15.350000 0.822609 -3.321159 -0.398784
15.360000 0.789274 -3.345337 -0.399030
15.370000 0.755702 -3.368512 -0.399285
15.380000 0.721903 -3.390676 -0.399548
15.390000 0.687888 -3.411823 -0.399820
15.400000 0.653667 -3.431946 -0.400099
15.410000 0.619249 -3.451040 -0.400386
15.420000 0.584646 -3.469098 -0.400679
15.430000 0.549867 -3.486116 -0.400980
15.440000 0.514924 -3.502088 -0.401287
15.450000 0.479826 -3.517009 -0.401600
15.460000 0.444584 -3.530875 -0.401919
15.470000 0.409208 -3.543682 -0.402243
15.480000 0.373710 -3.555426 -0.402572
15.490000 0.338100 -3.566103 -0.402906
15.500000 0.302388 -3.575710 -0.403244
15.510000 0.266585 -3.584245 -0.403585
15.520000 0.230703 -3.591704 -0.403930
15.530000 0.194751 -3.598086 -0.404277
15.540000 0.158741 -3.603389 -0.404628
15.550000 0.122684 -3.607610 -0.404980
15.560000 0.086589 -3.610749 -0.405334
15.570000 0.050469 -3.612805 -0.405689
15.580000 0.014333 -3.613777 -0.406044
15.590000 -0.021807 -3.613665 -0.406400
15.600000 -0.057940 -3.612469 -0.406757
15.610000 -0.094056 -3.610189 -0.407112
15.620000 -0.130144 -3.606826 -0.407467
15.630000 -0.166193 -3.602381 -0.407820
15.640000 -0.202192 -3.596855 -0.408172
15.650000 -0.238130 -3.590250 -0.408521
15.660000 -0.273997 -3.582568 -0.408868
15.670000 -0.309781 -3.573811 -0.409211
15.680000 -0.345473 -3.563983 -0.409552
15.690000 -0.381061 -3.553085 -0.409888
15.700000 -0.416535 -3.541121 -0.410220
15.710000 -0.451883 -3.528094 -0.410548
15.720000 -0.487097 -3.514010 -0.410870
15.730000 -0.522164 -3.498871 -0.411187
15.740000 -0.557074 -3.482682 -0.411498
15.750000 -0.591817 -3.465449 -0.411803
15.760000 -0.626383 -3.447176 -0.412102
15.770000 -0.660761 -3.427869 -0.412393
15.780000 -0.694940 -3.407533 -0.412677
15.790000 -0.728911 -3.386175 -0.412954
15.800000 -0.762664 -3.363802 -0.413223
15.810000 -0.796187 -3.340419 -0.413483
15.820000 -0.829472 -3.316034 -0.413735
15.830000 -0.862508 -3.290654 -0.413978
15.840000 -0.895285 -3.264288 -0.414212
15.850000 -0.927794 -3.236941 -0.414437
15.860000 -0.960024 -3.208624 -0.414651
15.870000 -0.991966 -3.179344 -0.414856
15.880000 -1.023611 -3.149111 -0.415050
15.890000 -1.054949 -3.117932 -0.415235
15.900000 -1.085970 -3.085818 -0.415408
15.910000 -1.116665 -3.052779 -0.415570
15.920000 -1.147025 -3.018824 -0.415722
15.930000 -1.177041 -2.983963 -0.415862
15.940000 -1.206704 -2.948206 -0.415991
15.950000 -1.236006 -2.911566 -0.416108
15.960000 -1.264936 -2.874052 -0.416214
15.970000 -1.293487 -2.835675 -0.416307
15.980000 -1.321649 -2.796448 -0.416389
15.990000 -1.349416 -2.756382 -0.416458
16.000000 -1.376777 -2.715489 -0.416516
16.010000 -1.403725 -2.673782 -0.416561
16.020000 -1.430253 -2.631272 -0.416594
16.030000 -1.456351 -2.587973 -0.416615
16.040000 -1.482012 -2.543898 -0.416623
16.050000 -1.507229 -2.499059 -0.416619
16.060000 -1.531993 -2.453471 -0.416603
16.070000 -1.556298 -2.407146 -0.416574
16.080000 -1.580136 -2.360100 -0.416534
16.090000 -1.603500 -2.312345 -0.416480
16.100000 -1.626383 -2.263897 -0.416415
16.110000 -1.648778 -2.214770 -0.416338
16.120000 -1.670678 -2.164978 -0.416248
16.130000 -1.692078 -2.114536 -0.416147
16.140000 -1.712969 -2.063461 -0.416034
16.150000 -1.733347 -2.011766 -0.415909
16.160000 -1.753204 -1.959468 -0.415773
16.170000 -1.772536 -1.906582 -0.415626
16.180000 -1.791336 -1.853124 -0.415467
16.190000 -1.809599 -1.799110 -0.415298
16.200000 -1.827318 -1.744556 -0.415117
16.210000 -1.844490 -1.689479 -0.414927
16.220000 -1.861108 -1.633895 -0.414725
16.230000 -1.877168 -1.577821 -0.414514
16.240000 -1.892664 -1.521273 -0.414293
16.250000 -1.907593 -1.464269 -0.414063
16.260000 -1.921950 -1.406826 -0.413823
16.270000 -1.935730 -1.348961 -0.413574
16.280000 -1.948929 -1.290691 -0.413317
16.290000 -1.961543 -1.232034 -0.413051
16.300000 -1.973570 -1.173007 -0.412777
16.310000 -1.985004 -1.113629 -0.412495
16.320000 -1.995842 -1.053916 -0.412207
16.330000 -2.006082 -0.993887 -0.411911
16.340000 -2.015720 -0.933560 -0.411608
16.350000 -2.024753 -0.872953 -0.411299
16.360000 -2.033179 -0.812084 -0.410984
16.370000 -2.040995 -0.750971 -0.410663
16.380000 -2.048198 -0.689633 -0.410338
16.390000 -2.054787 -0.628089 -0.410007
16.400000 -2.060760 -0.566355 -0.409672
16.410000 -2.066115 -0.504452 -0.409333
16.420000 -2.070849 -0.442398 -0.408991
16.430000 -2.074963 -0.380211 -0.408645
16.440000 -2.078453 -0.317909 -0.408297
16.450000 -2.081321 -0.255513 -0.407946
16.460000 -2.083564 -0.193040 -0.407593
16.470000 -2.085182 -0.130508 -0.407239
16.480000 -2.086174 -0.067938 -0.406884
16.490000 -2.086540 -0.005347 -0.406528
16.500000 -2.086281 0.057245 -0.406171
16.510000 -2.085395 0.119820 -0.405815
16.520000 -2.083884 0.182359 -0.405460
16.530000 -2.081748 0.244844 -0.405106
16.540000 -2.078987 0.307255 -0.404753
16.550000 -2.075603 0.369574 -0.404402
16.560000 -2.071596 0.431782 -0.404054
16.570000 -2.066967 0.493860 -0.403708
16.580000 -2.061719 0.555790 -0.403365
16.590000 -2.055852 0.617554 -0.403026
16.600000 -2.049368 0.679132 -0.402691
16.610000 -2.042269 0.740507 -0.402360
16.620000 -2.034558 0.801659 -0.402034
16.630000 -2.026236 0.862571 -0.401714
16.640000 -2.017306 0.923224 -0.401398
16.650000 -2.007771 0.983600 -0.401089
16.660000 -1.997634 1.043681 -0.400786
16.670000 -1.986898 1.103449 -0.400490
16.680000 -1.975565 1.162886 -0.400200
16.690000 -1.963640 1.221974 -0.399918
16.700000 -1.951126 1.280696 -0.399644
16.710000 -1.938026 1.339033 -0.399378
16.720000 -1.924345 1.396969 -0.399120
16.730000 -1.910087 1.454485 -0.398871
16.740000 -1.895255 1.511565 -0.398631
16.750000 -1.879855 1.568192 -0.398400
16.760000 -1.863891 1.624348 -0.398178
16.770000 -1.847368 1.680017 -0.397967
16.780000 -1.830291 1.735182 -0.397765
16.790000 -1.812665 1.789826 -0.397574
16.800000 -1.794495 1.843934 -0.397393
16.810000 -1.775786 1.897488 -0.397223
16.820000 -1.756545 1.950473 -0.397064
16.830000 -1.736777 2.002873 -0.396916
16.840000 -1.716487 2.054672 -0.396779
16.850000 -1.695683 2.105854 -0.396654
16.860000 -1.674370 2.156405 -0.396541
16.870000 -1.652555 2.206309 -0.396439
16.880000 -1.630244 2.255551 -0.396349
16.890000 -1.607444 2.304116 -0.396271
16.900000 -1.584162 2.351990 -0.396205
16.910000 -1.560404 2.399159 -0.396151
16.920000 -1.536179 2.445608 -0.396110
16.930000 -1.511492 2.491323 -0.396081
16.940000 -1.486352 2.536290 -0.396064
16.950000 -1.460766 2.580497 -0.396059
16.960000 -1.434742 2.623930 -0.396067
16.970000 -1.408288 2.666575 -0.396087
16.980000 -1.381411 2.708421 -0.396120
16.990000 -1.354119 2.749454 -0.396164
17.000000 -1.326422 2.789662 -0.396221
17.010000 -1.298326 2.829033 -0.396290
17.020000 -1.269841 2.867555 -0.396372
17.030000 -1.240975 2.905218 -0.396465
17.040000 -1.211737 2.942008 -0.396570
17.050000 -1.182135 2.977916 -0.396686
17.060000 -1.152178 3.012931 -0.396814
17.070000 -1.121876 3.047042 -0.396954
17.080000 -1.091237 3.080239 -0.397105
17.090000 -1.060271 3.112511 -0.397267
17.100000 -1.028987 3.143850 -0.397440
17.110000 -0.997394 3.174246 -0.397624
17.120000 -0.965502 3.203689 -0.397818
17.130000 -0.933321 3.232172 -0.398022
17.140000 -0.900859 3.259684 -0.398236
17.150000 -0.868127 3.286219 -0.398460
17.160000 -0.835135 3.311768 -0.398694
17.170000 -0.801892 3.336323 -0.398936
17.180000 -0.768408 3.359878 -0.399188
17.190000 -0.734694 3.382425 -0.399448
17.200000 -0.700760 3.403956 -0.399716
17.210000 -0.666615 3.424467 -0.399992
17.220000 -0.632270 3.443950 -0.400276
17.230000 -0.597736 3.462400 -0.400568
17.240000 -0.563022 3.479812 -0.400866
17.250000 -0.528140 3.496179 -0.401170
17.260000 -0.493099 3.511498 -0.401481
17.270000 -0.457910 3.525763 -0.401798
17.280000 -0.422583 3.538970 -0.402120
17.290000 -0.387130 3.551116 -0.402448
17.300000 -0.351561 3.562196 -0.402779
17.310000 -0.315886 3.572208 -0.403116
17.320000 -0.280117 3.581148 -0.403456
17.330000 -0.244263 3.589014 -0.403799
17.340000 -0.208337 3.595803 -0.404146
17.350000 -0.172347 3.601513 -0.404495
17.360000 -0.136306 3.606143 -0.404847
17.370000 -0.100224 3.609691 -0.405200
17.380000 -0.064113 3.612156 -0.405554
17.390000 -0.027981 3.613537 -0.405910
17.400000 0.008158 3.613835 -0.406266
17.410000 0.044295 3.613048 -0.406622
17.420000 0.080419 3.611177 -0.406978
17.430000 0.116519 3.608223 -0.407333
17.440000 0.152584 3.604186 -0.407687
17.450000 0.188603 3.599069 -0.408039
17.460000 0.224565 3.592871 -0.408389
17.470000 0.260460 3.585596 -0.408737
17.480000 0.296277 3.577245 -0.409082
17.490000 0.332005 3.567820 -0.409423
17.500000 0.367633 3.557326 -0.409761
17.510000 0.403151 3.545764 -0.410095
17.520000 0.438549 3.533139 -0.410424
17.530000 0.473814 3.519453 -0.410749
17.540000 0.508938 3.504712 -0.411068
17.550000 0.543908 3.488919 -0.411381
17.560000 0.578716 3.472080 -0.411689
17.570000 0.613350 3.454199 -0.411990
17.580000 0.647800 3.435282 -0.412284
17.590000 0.682056 3.415334 -0.412571
17.600000 0.716107 3.394361 -0.412851
17.610000 0.749943 3.372371 -0.413122
17.620000 0.783554 3.349368 -0.413386
17.630000 0.816930 3.325361 -0.413641
17.640000 0.850061 3.300356 -0.413888
17.650000 0.882937 3.274361 -0.414125
17.660000 0.915549 3.247384 -0.414353
17.670000 0.947885 3.219432 -0.414571
17.680000 0.979937 3.190515 -0.414780
17.690000 1.011695 3.160640 -0.414978
17.700000 1.043150 3.129818 -0.415166
17.710000 1.074292 3.098056 -0.415344
17.720000 1.105111 3.065365 -0.415510
17.730000 1.135599 3.031754 -0.415666
17.740000 1.165746 2.997234 -0.415811
17.750000 1.195544 2.961815 -0.415944
17.760000 1.224983 2.925507 -0.416065
17.770000 1.254054 2.888321 -0.416175
17.780000 1.282749 2.850269 -0.416273
17.790000 1.311059 2.811362 -0.416359
17.800000 1.338976 2.771612 -0.416434
17.810000 1.366491 2.731030 -0.416496
17.820000 1.393597 2.689628 -0.416546
17.830000 1.420284 2.647420 -0.416583
17.840000 1.446545 2.604418 -0.416609
17.850000 1.472372 2.560634 -0.416622
17.860000 1.497758 2.516082 -0.416622
17.870000 1.522694 2.470775 -0.416611
17.880000 1.547173 2.424727 -0.416587
17.890000 1.571189 2.377952 -0.416550
17.900000 1.594732 2.330463 -0.416502
17.910000 1.617798 2.282275 -0.416441
17.920000 1.640378 2.233402 -0.416368
17.930000 1.662466 2.183860 -0.416284
17.940000 1.684055 2.133662 -0.416187
17.950000 1.705139 2.082824 -0.416078
17.960000 1.725712 2.031361 -0.415958
17.970000 1.745766 1.979289 -0.415826
17.980000 1.765297 1.926623 -0.415683
17.990000 1.784299 1.873379 -0.415528
18.000000 1.802765 1.819573 -0.415363
18.010000 1.820690 1.765221 -0.415187
18.020000 1.838069 1.710340 -0.415000
18.030000 1.854897 1.654946 -0.414803
18.040000 1.871168 1.599055 -0.414595
18.050000 1.886878 1.542684 -0.414378
18.060000 1.902022 1.485850 -0.414151
18.070000 1.916595 1.428571 -0.413915
18.080000 1.930593 1.370863 -0.413669
18.090000 1.944012 1.312744 -0.413415
18.100000 1.956848 1.254231 -0.413152
18.110000 1.969097 1.195342 -0.412881
18.120000 1.980755 1.136094 -0.412603
18.130000 1.991819 1.076506 -0.412316
18.140000 2.002285 1.016594 -0.412023
18.150000 2.012151 0.956378 -0.411723
18.160000 2.021413 0.895874 -0.411416
18.170000 2.030068 0.835102 -0.411103
18.180000 2.038115 0.774079 -0.410785
18.190000 2.045550 0.712824 -0.410461
18.200000 2.052371 0.651355 -0.410132
18.210000 2.058577 0.589691 -0.409799
18.220000 2.064165 0.527850 -0.409462
18.230000 2.069134 0.465851 -0.409120
18.240000 2.073482 0.403711 -0.408776
18.250000 2.077208 0.341451 -0.408428
18.260000 2.080311 0.279088 -0.408079
18.270000 2.082790 0.216642 -0.407726
18.280000 2.084644 0.154130 -0.407373
18.290000 2.085873 0.091572 -0.407018
18.300000 2.086475 0.028987 -0.406662
18.310000 2.086452 -0.033607 -0.406306
18.320000 2.085803 -0.096191 -0.405950
18.330000 2.084529 -0.158746 -0.405594
18.340000 2.082628 -0.221253 -0.405240
18.350000 2.080103 -0.283694 -0.404886
18.360000 2.076955 -0.346050 -0.404534
18.370000 2.073182 -0.408302 -0.404185
18.380000 2.068788 -0.470431 -0.403838
18.390000 2.063774 -0.532420 -0.403494
18.400000 2.058140 -0.594249 -0.403154
18.410000 2.051889 -0.655899 -0.402817
18.420000 2.045022 -0.717353 -0.402485
18.430000 2.037542 -0.778591 -0.402157
18.440000 2.029450 -0.839596 -0.401834
18.450000 2.020750 -0.900349 -0.401517
18.460000 2.011443 -0.960832 -0.401205
18.470000 2.001533 -1.021027 -0.400900
18.480000 1.991023 -1.080915 -0.400601
18.490000 1.979915 -1.140479 -0.400309
18.500000 1.968213 -1.199701 -0.400024
18.510000 1.955921 -1.258563 -0.399747
18.520000 1.943042 -1.317047 -0.399478
18.530000 1.929580 -1.375137 -0.399217
18.540000 1.915539 -1.432813 -0.398964
18.550000 1.900924 -1.490060 -0.398720
18.560000 1.885738 -1.546860 -0.398486
18.570000 1.869987 -1.603196 -0.398261
18.580000 1.853674 -1.659051 -0.398045
18.590000 1.836806 -1.714408 -0.397840
18.600000 1.819386 -1.769251 -0.397645
18.610000 1.801420 -1.823563 -0.397460
18.620000 1.782915 -1.877328 -0.397286
18.630000 1.763874 -1.930530 -0.397123
18.640000 1.744304 -1.983153 -0.396971
18.650000 1.724211 -2.035180 -0.396830
18.660000 1.703600 -2.086598 -0.396700
18.670000 1.682479 -2.137389 -0.396582
18.680000 1.660853 -2.187539 -0.396476
18.690000 1.638728 -2.237033 -0.396381
18.700000 1.616112 -2.285855 -0.396299
18.710000 1.593011 -2.333992 -0.396229
18.720000 1.569432 -2.381429 -0.396170
18.730000 1.545382 -2.428151 -0.396124
18.740000 1.520869 -2.474145 -0.396090
18.750000 1.495900 -2.519396 -0.396069
18.760000 1.470481 -2.563892 -0.396060
18.770000 1.444622 -2.607618 -0.396063
18.780000 1.418329 -2.650563 -0.396078
18.790000 1.391610 -2.692712 -0.396106
18.800000 1.364475 -2.734053 -0.396146
18.810000 1.336929 -2.774574 -0.396198
18.820000 1.308983 -2.814263 -0.396263
18.830000 1.280644 -2.853107 -0.396339
18.840000 1.251921 -2.891096 -0.396428
18.850000 1.222822 -2.928217 -0.396529
18.860000 1.193357 -2.964459 -0.396641
18.870000 1.163533 -2.999813 -0.396765
18.880000 1.133360 -3.034266 -0.396900
18.890000 1.102848 -3.067809 -0.397047
18.900000 1.072004 -3.100432 -0.397205
18.910000 1.040839 -3.132125 -0.397373
18.920000 1.009362 -3.162878 -0.397553
18.930000 0.977582 -3.192682 -0.397743
18.940000 0.945508 -3.221528 -0.397944
18.950000 0.913151 -3.249408 -0.398154
18.960000 0.880520 -3.276313 -0.398374
18.970000 0.847625 -3.302235 -0.398604
18.980000 0.814475 -3.327167 -0.398844
18.990000 0.781081 -3.351100 -0.399092
19.000000 0.747453 -3.374028 -0.399349
19.010000 0.713601 -3.395944 -0.399614
19.020000 0.679534 -3.416841 -0.399887
19.030000 0.645264 -3.436713 -0.400168
19.040000 0.610800 -3.455554 -0.400457
19.050000 0.576153 -3.473358 -0.400752
19.060000 0.541333 -3.490121 -0.401055
19.070000 0.506350 -3.505836 -0.401363
19.080000 0.471216 -3.520499 -0.401678
19.090000 0.435941 -3.534107 -0.401998
19.100000 0.400534 -3.546654 -0.402323
19.110000 0.365007 -3.558137 -0.402654
19.120000 0.329371 -3.568553 -0.402988
19.130000 0.293636 -3.577898 -0.403327
19.140000 0.257813 -3.586170 -0.403669
19.150000 0.221913 -3.593365 -0.404015
19.160000 0.185946 -3.599483 -0.404363
19.170000 0.149923 -3.604521 -0.404714
19.180000 0.113856 -3.608478 -0.405066
19.190000 0.077754 -3.611352 -0.405420
19.200000 0.041629 -3.613143 -0.405776
19.210000 0.005491 -3.613850 -0.406131
19.220000 -0.030648 -3.613472 -0.406488
19.230000 -0.066779 -3.612011 -0.406844
19.240000 -0.102889 -3.609466 -0.407199
19.250000 -0.138968 -3.605838 -0.407553
19.260000 -0.175005 -3.601128 -0.407906
19.270000 -0.210990 -3.595339 -0.408257
19.280000 -0.246912 -3.588470 -0.408606
19.290000 -0.282760 -3.580525 -0.408952
19.300000 -0.318523 -3.571506 -0.409295
19.310000 -0.354190 -3.561415 -0.409634
19.320000 -0.389751 -3.550256 -0.409970
19.330000 -0.425195 -3.538032 -0.410301
19.340000 -0.460512 -3.524746 -0.410627
19.350000 -0.495690 -3.510403 -0.410948
19.360000 -0.530720 -3.495007 -0.411264
19.370000 -0.565590 -3.478562 -0.411573
19.380000 -0.600291 -3.461074 -0.411877
19.390000 -0.634812 -3.442548 -0.412174
19.400000 -0.669142 -3.422988 -0.412463
19.410000 -0.703271 -3.402402 -0.412746
19.420000 -0.737190 -3.380795 -0.413021
19.430000 -0.770887 -3.358174 -0.413287
19.440000 -0.804353 -3.334545 -0.413546
19.450000 -0.837578 -3.309916 -0.413795
19.460000 -0.870552 -3.284294 -0.414036
19.470000 -0.903264 -3.257687 -0.414268
19.480000 -0.935705 -3.230103 -0.414490
19.490000 -0.967866 -3.201549 -0.414702
19.500000 -0.999736 -3.172035 -0.414905
19.510000 -1.031307 -3.141569 -0.415097
19.520000 -1.062568 -3.110161 -0.415278
19.530000 -1.093510 -3.077820 -0.415449
19.540000 -1.124124 -3.044556 -0.415609
19.550000 -1.154401 -3.010378 -0.415757
19.560000 -1.184332 -2.975297 -0.415895
19.570000 -1.213907 -2.939323 -0.416021
19.580000 -1.243118 -2.902468 -0.416135
19.590000 -1.271956 -2.864742 -0.416238
19.600000 -1.300413 -2.826156 -0.416328
19.610000 -1.328480 -2.786723 -0.416407
19.620000 -1.356148 -2.746453 -0.416474
19.630000 -1.383409 -2.705360 -0.416528
19.640000 -1.410255 -2.663455 -0.416570
19.650000 -1.436678 -2.620751 -0.416600
19.660000 -1.462670 -2.577261 -0.416618
19.670000 -1.488223 -2.532997 -0.416623
19.680000 -1.513330 -2.487974 -0.416616
19.690000 -1.537982 -2.442204 -0.416597
19.700000 -1.562174 -2.395702 -0.416566
19.710000 -1.585896 -2.348481 -0.416522
19.720000 -1.609143 -2.300555 -0.416466
19.730000 -1.631908 -2.251940 -0.416397
19.740000 -1.654182 -2.202648 -0.416317
19.750000 -1.675961 -2.152696 -0.416225
19.760000 -1.697236 -2.102098 -0.416121
19.770000 -1.718003 -2.050870 -0.416005
19.780000 -1.738254 -1.999026 -0.415877
19.790000 -1.757983 -1.946582 -0.415738
19.800000 -1.777185 -1.893555 -0.415588
19.810000 -1.795854 -1.839959 -0.415427
19.820000 -1.813984 -1.785812 -0.415255
19.830000 -1.831570 -1.731128 -0.415072
19.840000 -1.848607 -1.675926 -0.414878
19.850000 -1.865089 -1.620220 -0.414675
19.860000 -1.881011 -1.564029 -0.414461
19.870000 -1.896369 -1.507368 -0.414238
19.880000 -1.911159 -1.450255 -0.414005
19.890000 -1.925375 -1.392707 -0.413763
19.900000 -1.939013 -1.334741 -0.413512
19.910000 -1.952069 -1.276375 -0.413253
19.920000 -1.964540 -1.217626 -0.412985
19.930000 -1.976422 -1.158511 -0.412709
19.940000 -1.987711 -1.099049 -0.412425
19.950000 -1.998403 -1.039258 -0.412135
19.960000 -2.008496 -0.979154 -0.411837
19.970000 -2.017986 -0.918757 -0.411533
19.980000 -2.026871 -0.858084 -0.411222
19.990000 -2.035148 -0.797154 -0.410906
20.000000 -2.042814 -0.735984 -0.410584
20.010000 -2.049867 -0.674594 -0.410257
20.020000 -2.056306 -0.613002 -0.409925
20.030000 -2.062127 -0.551225 -0.409590
20.040000 -2.067330 -0.489283 -0.409250
20.050000 -2.071913 -0.427195 -0.408906
20.060000 -2.075874 -0.364978 -0.408560
20.070000 -2.079213 -0.302652 -0.408211
20.080000 -2.081927 -0.240234 -0.407860
20.090000 -2.084017 -0.177745 -0.407507
20.100000 -2.085482 -0.115203 -0.407152
20.110000 -2.086321 -0.052626 -0.406797
20.120000 -2.086535 0.009967 -0.406440
20.130000 -2.086122 0.072557 -0.406084
20.140000 -2.085083 0.135125 -0.405728
20.150000 -2.083419 0.197653 -0.405373
20.160000 -2.081130 0.260121 -0.405019
20.170000 -2.078217 0.322511 -0.404667
20.180000 -2.074680 0.384805 -0.404317
20.190000 -2.070521 0.446983 -0.403969
20.200000 -2.065741 0.509026 -0.403624
20.210000 -2.060340 0.570918 -0.403282
20.220000 -2.054322 0.632638 -0.402944
20.230000 -2.047688 0.694168 -0.402610
20.240000 -2.040439 0.755490 -0.402280
20.250000 -2.032578 0.816585 -0.401955
20.260000 -2.024107 0.877435 -0.401636
20.270000 -2.015029 0.938022 -0.401322
20.280000 -2.005347 0.998328 -0.401014
20.290000 -1.995063 1.058334 -0.400713
20.300000 -1.984180 1.118023 -0.400418
20.310000 -1.972702 1.177376 -0.400131
20.320000 -1.960633 1.236376 -0.399851
20.330000 -1.947975 1.295005 -0.399578
20.340000 -1.934732 1.353246 -0.399314
20.350000 -1.920910 1.411080 -0.399058
20.360000 -1.906511 1.468492 -0.398811
20.370000 -1.891540 1.525462 -0.398573
20.380000 -1.876002 1.581975 -0.398345
20.390000 -1.859900 1.638014 -0.398126
20.400000 -1.843241 1.693561 -0.397916
20.410000 -1.826029 1.748600 -0.397717
20.420000 -1.808269 1.803115 -0.397529
20.430000 -1.789967 1.857088 -0.397350
20.440000 -1.771128 1.910505 -0.397183
20.450000 -1.751757 1.963348 -0.397027
20.460000 -1.731861 2.015602 -0.396881
20.470000 -1.711445 2.067252 -0.396748
20.480000 -1.690516 2.118281 -0.396625
20.490000 -1.669079 2.168675 -0.396515
20.500000 -1.647142 2.218418 -0.396416
20.510000 -1.624711 2.267496 -0.396329
20.520000 -1.601792 2.315894 -0.396254
20.530000 -1.578393 2.363596 -0.396191
20.540000 -1.554520 2.410590 -0.396140
20.550000 -1.530181 2.456861 -0.396102
20.560000 -1.505383 2.502394 -0.396076
20.570000 -1.480133 2.547177 -0.396062
20.580000 -1.454439 2.591195 -0.396060
20.590000 -1.428309 2.634437 -0.396071
20.600000 -1.401751 2.676888 -0.396094
20.610000 -1.374772 2.718535 -0.396130
20.620000 -1.347380 2.759368 -0.396177
20.630000 -1.319584 2.799372 -0.396237
20.640000 -1.291393 2.838537 -0.396309
20.650000 -1.262813 2.876850 -0.396393
20.660000 -1.233856 2.914300 -0.396489
20.670000 -1.204527 2.950876 -0.396597
20.680000 -1.174838 2.986566 -0.396717
20.690000 -1.144796 3.021361 -0.396848
20.700000 -1.114411 3.055249 -0.396990
20.710000 -1.083691 3.088220 -0.397144
20.720000 -1.052646 3.120265 -0.397308
20.730000 -1.021286 3.151374 -0.397484
20.740000 -0.989619 3.181538 -0.397670
20.750000 -0.957655 3.210747 -0.397867
20.760000 -0.925404 3.238993 -0.398073
20.770000 -0.892875 3.266267 -0.398290
20.780000 -0.860079 3.292561 -0.398516
20.790000 -0.827024 3.317868 -0.398752
20.800000 -0.793721 3.342179 -0.398997
20.810000 -0.760180 3.365488 -0.399251
20.820000 -0.726412 3.387787 -0.399513
20.830000 -0.692425 3.409069 -0.399783
20.840000 -0.658230 3.429329 -0.400061
20.850000 -0.623838 3.448560 -0.400347
20.860000 -0.589259 3.466756 -0.400640
20.870000 -0.554503 3.483913 -0.400940
20.880000 -0.519581 3.500024 -0.401246
20.890000 -0.484503 3.515085 -0.401558
20.900000 -0.449279 3.529092 -0.401876
20.910000 -0.413921 3.542040 -0.402200
20.920000 -0.378438 3.553925 -0.402528
20.930000 -0.342842 3.564745 -0.402861
20.940000 -0.307143 3.574494 -0.403199
20.950000 -0.271352 3.583172 -0.403539
20.960000 -0.235480 3.590774 -0.403884
20.970000 -0.199537 3.597300 -0.404231
20.980000 -0.163534 3.602746 -0.404581
20.990000 -0.127482 3.607111 -0.404933
21.000000 -0.091392 3.610394 -0.405286
21.010000 -0.055274 3.612594 -0.405641
21.020000 -0.019140 3.613710 -0.405997
21.030000 0.017000 3.613742 -0.406353
21.040000 0.053135 3.612690 -0.406709
21.050000 0.089254 3.610554 -0.407065
21.060000 0.125346 3.607335 -0.407420
21.070000 0.161401 3.603034 -0.407773
21.080000 0.197407 3.597652 -0.408125
21.090000 0.233354 3.591191 -0.408475
21.100000 0.269231 3.583652 -0.408822
21.110000 0.305027 3.575038 -0.409166
21.120000 0.340731 3.565352 -0.409507
21.130000 0.376334 3.554596 -0.409843
21.140000 0.411823 3.542773 -0.410176
21.150000 0.447189 3.529888 -0.410504
21.160000 0.482421 3.515944 -0.410827
21.170000 0.517508 3.500945 -0.411145
21.180000 0.552440 3.484896 -0.411457
21.190000 0.587206 3.467801 -0.411763
21.200000 0.621796 3.449666 -0.412062
21.210000 0.656199 3.430496 -0.412355
21.220000 0.690406 3.410297 -0.412640
21.230000 0.724405 3.389075 -0.412918
21.240000 0.758187 3.366836 -0.413188
21.250000 0.791742 3.343587 -0.413449
21.260000 0.825059 3.319335 -0.413702
21.270000 0.858129 3.294087 -0.413946
21.280000 0.890941 3.267851 -0.414182
21.290000 0.923486 3.240635 -0.414407
21.300000 0.955754 3.212446 -0.414623
21.310000 0.987735 3.183294 -0.414829
21.320000 1.019420 3.153187 -0.415025
21.330000 1.050798 3.122133 -0.415211
21.340000 1.081862 3.090143 -0.415386
21.350000 1.112601 3.057226 -0.415550
21.360000 1.143007 3.023392 -0.415702
21.370000 1.173069 2.988651 -0.415844
21.380000 1.202780 2.953013 -0.415974
21.390000 1.232129 2.916490 -0.416093
21.400000 1.261110 2.879091 -0.416200
21.410000 1.289711 2.840829 -0.416295
21.420000 1.317926 2.801714 -0.416379
21.430000 1.345746 2.761759 -0.416450
21.440000 1.373161 2.720976 -0.416509
21.450000 1.400165 2.679376 -0.416556
21.460000 1.426749 2.636972 -0.416591
21.470000 1.452905 2.593777 -0.416613
21.480000 1.478624 2.549804 -0.416623
21.490000 1.503901 2.505066 -0.416621
21.500000 1.528726 2.459577 -0.416606
21.510000 1.553092 2.413350 -0.416579
21.520000 1.576993 2.366399 -0.416540
21.530000 1.600420 2.318737 -0.416488
21.540000 1.623367 2.270381 -0.416424
21.550000 1.645828 2.221343 -0.416349
21.560000 1.667794 2.171638 -0.416261
21.570000 1.689260 2.121282 -0.416161
21.580000 1.710220 2.070290 -0.416050
21.590000 1.730666 2.018677 -0.415927
21.600000 1.750593 1.966458 -0.415792
21.610000 1.769995 1.913649 -0.415646
21.620000 1.788866 1.860266 -0.415489
21.630000 1.807201 1.806325 -0.415321
21.640000 1.824993 1.751842 -0.415142
21.650000 1.842238 1.696834 -0.414953
21.660000 1.858930 1.641316 -0.414753
21.670000 1.875064 1.585306 -0.414543
21.680000 1.890636 1.528821 -0.414323
21.690000 1.905640 1.471877 -0.414094
21.700000 1.920073 1.414491 -0.413855
21.710000 1.933930 1.356681 -0.413608
21.720000 1.947207 1.298464 -0.413352
21.730000 1.959899 1.239857 -0.413087
21.740000 1.972004 1.180879 -0.412814
21.750000 1.983517 1.121546 -0.412533
21.760000 1.994435 1.061877 -0.412245
21.770000 2.004755 1.001889 -0.411950
21.780000 2.014473 0.941601 -0.411648
21.790000 2.023587 0.881030 -0.411340
21.800000 2.032093 0.820194 -0.411026
21.810000 2.039990 0.759113 -0.410706
21.820000 2.047276 0.697804 -0.410381
21.830000 2.053947 0.636286 -0.410051
21.840000 2.060001 0.574577 -0.409717
21.850000 2.065438 0.512695 -0.409379
21.860000 2.070255 0.450660 -0.409036
21.870000 2.074451 0.388489 -0.408691
21.880000 2.078025 0.326202 -0.408343
21.890000 2.080975 0.263817 -0.407993
21.900000 2.083301 0.201353 -0.407640
21.910000 2.085002 0.138828 -0.407286
21.920000 2.086078 0.076262 -0.406931
21.930000 2.086528 0.013673 -0.406575
21.940000 2.086351 -0.048920 -0.406219
21.950000 2.085549 -0.111499 -0.405863
21.960000 2.084121 -0.174044 -0.405507
21.970000 2.082068 -0.236537 -0.405153
21.980000 2.079391 -0.298959 -0.404800
21.990000 2.076089 -0.361291 -0.404449
22.000000 2.072165 -0.423515 -0.404100
22.010000 2.067619 -0.485611 -0.403754
22.020000 2.062453 -0.547562 -0.403411
22.030000 2.056668 -0.609349 -0.403071
22.040000 2.050266 -0.670953 -0.402735
22.050000 2.043249 -0.732356 -0.402404
22.060000 2.035619 -0.793539 -0.402077
22.070000 2.027378 -0.854484 -0.401756
22.080000 2.018529 -0.915172 -0.401440
22.090000 2.009074 -0.975587 -0.401130
22.100000 1.999017 -1.035708 -0.400826
22.110000 1.988360 -1.095519 -0.400529
22.120000 1.977107 -1.155001 -0.400238
22.130000 1.965260 -1.214136 -0.399955
22.140000 1.952824 -1.272907 -0.399680
22.150000 1.939802 -1.331297 -0.399413
22.160000 1.926198 -1.389287 -0.399154
22.170000 1.912016 -1.446860 -0.398904
22.180000 1.897261 -1.503999 -0.398662
22.190000 1.881936 -1.560687 -0.398430
22.200000 1.866047 -1.616907 -0.398207
22.210000 1.849598 -1.672641 -0.397994
22.220000 1.832594 -1.727874 -0.397791
22.230000 1.815041 -1.782589 -0.397599
22.240000 1.796943 -1.836769 -0.397416
22.250000 1.778305 -1.890397 -0.397245
22.260000 1.759135 -1.943459 -0.397084
22.270000 1.739436 -1.995938 -0.396935
22.280000 1.719216 -2.047817 -0.396797
22.290000 1.698480 -2.099083 -0.396670
22.300000 1.677234 -2.149718 -0.396555
22.310000 1.655485 -2.199709 -0.396452
22.320000 1.633240 -2.249040 -0.396360
22.330000 1.610505 -2.297696 -0.396281
22.340000 1.587286 -2.345663 -0.396213
22.350000 1.563591 -2.392926 -0.396158
22.360000 1.539428 -2.439472 -0.396115
22.370000 1.514802 -2.485285 -0.396084
22.380000 1.489722 -2.530353 -0.396065
22.390000 1.464195 -2.574662 -0.396059
22.400000 1.438229 -2.618198 -0.396065
22.410000 1.411831 -2.660949 -0.396084
22.420000 1.385010 -2.702901 -0.396115
22.430000 1.357773 -2.744043 -0.396158
22.440000 1.330129 -2.784362 -0.396213
22.450000 1.302086 -2.823845 -0.396281
22.460000 1.273652 -2.862481 -0.396360
22.470000 1.244836 -2.900258 -0.396452
22.480000 1.215647 -2.937166 -0.396555
22.490000 1.186093 -2.973192 -0.396670
22.500000 1.156183 -3.008326 -0.396797
22.510000 1.125926 -3.042557 -0.396935
22.520000 1.095332 -3.075876 -0.397084
22.530000 1.064409 -3.108272 -0.397245
22.540000 1.033166 -3.139736 -0.397416
22.550000 1.001614 -3.170258 -0.397599
22.560000 0.969761 -3.199828 -0.397791
22.570000 0.937617 -3.228439 -0.397994
22.580000 0.905192 -3.256081 -0.398207
22.590000 0.872496 -3.282747 -0.398430
22.600000 0.839537 -3.308427 -0.398662
22.610000 0.806327 -3.333115 -0.398903
22.620000 0.772875 -3.356803 -0.399154
22.630000 0.739191 -3.379484 -0.399413
22.640000 0.705285 -3.401151 -0.399680
22.650000 0.671168 -3.421798 -0.399955
22.660000 0.636849 -3.441418 -0.400238
22.670000 0.602340 -3.460006 -0.400528
22.680000 0.567649 -3.477556 -0.400826
22.690000 0.532789 -3.494062 -0.401130
22.700000 0.497768 -3.509521 -0.401440
22.710000 0.462598 -3.523926 -0.401756
22.720000 0.427290 -3.537275 -0.402077
22.730000 0.391853 -3.549562 -0.402404
22.740000 0.356298 -3.560784 -0.402735
22.750000 0.320637 -3.570938 -0.403071
22.760000 0.284880 -3.580021 -0.403410
22.770000 0.249037 -3.588030 -0.403753
22.780000 0.213119 -3.594962 -0.404100
22.790000 0.177137 -3.600816 -0.404448
22.800000 0.141103 -3.605589 -0.404800
22.810000 0.105026 -3.609281 -0.405153
22.820000 0.068917 -3.611890 -0.405507
22.830000 0.032788 -3.613416 -0.405863
22.840000 -0.003351 -3.613858 -0.406219
22.850000 -0.039489 -3.613215 -0.406575
22.860000 -0.075616 -3.611488 -0.406931
22.870000 -0.111719 -3.608678 -0.407286
22.880000 -0.147789 -3.604786 -0.407640
22.890000 -0.183815 -3.599812 -0.407992
22.900000 -0.219785 -3.593758 -0.408343
22.910000 -0.255690 -3.586626 -0.408691
22.920000 -0.291518 -3.578417 -0.409036
22.930000 -0.327258 -3.569136 -0.409378
22.940000 -0.362901 -3.558783 -0.409717
22.950000 -0.398434 -3.547363 -0.410051
22.960000 -0.433848 -3.534879 -0.410381
22.970000 -0.469132 -3.521334 -0.410706
22.980000 -0.504275 -3.506733 -0.411026
22.990000 -0.539266 -3.491080 -0.411340
23.000000 -0.574096 -3.474380 -0.411648
23.010000 -0.608754 -3.456637 -0.411950
23.020000 -0.643229 -3.437857 -0.412245
23.030000 -0.677511 -3.418046 -0.412533
23.040000 -0.711590 -3.397210 -0.412814
23.050000 -0.745455 -3.375354 -0.413087
23.060000 -0.779097 -3.352486 -0.413351
23.070000 -0.812505 -3.328612 -0.413608
23.080000 -0.845669 -3.303739 -0.413855
23.090000 -0.878580 -3.277875 -0.414094
23.100000 -0.911227 -3.251028 -0.414323
23.110000 -0.943600 -3.223206 -0.414543
23.120000 -0.975691 -3.194417 -0.414753
23.130000 -1.007489 -3.164669 -0.414952
23.140000 -1.038984 -3.133972 -0.415142
23.150000 -1.070168 -3.102334 -0.415321
23.160000 -1.101031 -3.069766 -0.415489
23.170000 -1.131563 -3.036278 -0.415646
23.180000 -1.161756 -3.001878 -0.415792
23.190000 -1.191601 -2.966577 -0.415927
23.200000 -1.221088 -2.930387 -0.416050
23.210000 -1.250209 -2.893318 -0.416161
23.220000 -1.278954 -2.855380 -0.416261
23.230000 -1.307316 -2.816586 -0.416349
23.240000 -1.335286 -2.776947 -0.416424
23.250000 -1.362855 -2.736475 -0.416488
23.260000 -1.390016 -2.695182 -0.416540
23.270000 -1.416759 -2.653080 -0.416579
23.280000 -1.443077 -2.610183 -0.416606
23.290000 -1.468962 -2.566502 -0.416621
23.300000 -1.494407 -2.522052 -0.416623
23.310000 -1.519404 -2.476844 -0.416613
23.320000 -1.543944 -2.430894 -0.416591
23.330000 -1.568021 -2.384215 -0.416556
23.340000 -1.591628 -2.336820 -0.416509
23.350000 -1.614758 -2.288724 -0.416450
23.360000 -1.637403 -2.239942 -0.416379
23.370000 -1.659557 -2.190487 -0.416295
23.380000 -1.681213 -2.140376 -0.416200
23.390000 -1.702364 -2.089622 -0.416093
23.400000 -1.723005 -2.038242 -0.415975
23.410000 -1.743129 -1.986250 -0.415844
23.420000 -1.762730 -1.933662 -0.415703
23.430000 -1.781802 -1.880494 -0.415550
23.440000 -1.800340 -1.826762 -0.415386
23.450000 -1.818337 -1.772482 -0.415211
23.460000 -1.835790 -1.717670 -0.415025
23.470000 -1.852691 -1.662342 -0.414829
23.480000 -1.869036 -1.606516 -0.414623
23.490000 -1.884821 -1.550209 -0.414407
23.500000 -1.900041 -1.493436 -0.414182
23.510000 -1.914690 -1.436215 -0.413947
23.520000 -1.928765 -1.378563 -0.413702
23.530000 -1.942261 -1.320498 -0.413449
23.540000 -1.955175 -1.262036 -0.413188
23.550000 -1.967502 -1.203196 -0.412918
23.560000 -1.979239 -1.143995 -0.412640
23.570000 -1.990382 -1.084450 -0.412355
23.580000 -2.000928 -1.024581 -0.412063
23.590000 -2.010873 -0.964404 -0.411763
23.600000 -2.020216 -0.903937 -0.411457
23.610000 -2.028952 -0.843200 -0.411145
23.620000 -2.037080 -0.782209 -0.410828
23.630000 -2.044596 -0.720984 -0.410505
23.640000 -2.051499 -0.659543 -0.410176
23.650000 -2.057787 -0.597904 -0.409844
23.660000 -2.063458 -0.536085 -0.409507
23.670000 -2.068509 -0.474105 -0.409166
23.680000 -2.072940 -0.411984 -0.408822
23.690000 -2.076749 -0.349738 -0.408475
23.700000 -2.079934 -0.287388 -0.408125
23.710000 -2.082496 -0.224952 -0.407773
23.720000 -2.084433 -0.162448 -0.407420
23.730000 -2.085745 -0.099895 -0.407065
23.740000 -2.086431 -0.037312 -0.406709
23.750000 -2.086492 0.025281 -0.406353
23.760000 -2.085926 0.087868 -0.405997
23.770000 -2.084734 0.150428 -0.405642
23.780000 -2.082917 0.212942 -0.405287
23.790000 -2.080475 0.275393 -0.404933
23.800000 -2.077409 0.337762 -0.404581
23.810000 -2.073720 0.400028 -0.404231
23.820000 -2.069409 0.462175 -0.403884
23.830000 -2.064477 0.524184 -0.403540
23.840000 -2.058925 0.586035 -0.403199
23.850000 -2.052756 0.647710 -0.402862
23.860000 -2.045971 0.709191 -0.402529
23.870000 -2.038572 0.770459 -0.402200
23.880000 -2.030562 0.831496 -0.401877
23.890000 -2.021942 0.892284 -0.401559
23.900000 -2.012716 0.952803 -0.401246
23.910000 -2.002886 1.013037 -0.400940
23.920000 -1.992455 1.072968 -0.400640
23.930000 -1.981427 1.132576 -0.400347
23.940000 -1.969804 1.191844 -0.400061
23.950000 -1.957590 1.250755 -0.399783
23.960000 -1.944789 1.309291 -0.399513
23.970000 -1.931404 1.367434 -0.399251
23.980000 -1.917440 1.425166 -0.398997
23.990000 -1.902901 1.482471 -0.398752
24.000000 -1.887791 1.539332 -0.398517
24.010000 -1.872114 1.595730 -0.398290
24.020000 -1.855876 1.651650 -0.398074
24.030000 -1.839081 1.707075 -0.397867
24.040000 -1.821734 1.761987 -0.397670
24.050000 -1.803841 1.816371 -0.397484
24.060000 -1.785407 1.870209 -0.397309
24.070000 -1.766437 1.923487 -0.397144
24.080000 -1.746937 1.976188 -0.396990
24.090000 -1.726913 2.028295 -0.396848
24.100000 -1.706371 2.079795 -0.396717
24.110000 -1.685317 2.130670 -0.396597
24.120000 -1.663758 2.180906 -0.396489
24.130000 -1.641699 2.230488 -0.396393
24.140000 -1.619148 2.279401 -0.396309
24.150000 -1.596111 2.327629 -0.396237
24.160000 -1.572596 2.375160 -0.396177
24.170000 -1.548608 2.421978 -0.396130
24.180000 -1.524156 2.468070 -0.396094
24.190000 -1.499247 2.513421 -0.396071
24.200000 -1.473888 2.558018 -0.396060
24.210000 -1.448086 2.601847 -0.396062
24.220000 -1.421851 2.644896 -0.396075
24.230000 -1.395188 2.687152 -0.396102
24.240000 -1.368108 2.728601 -0.396140
24.250000 -1.340616 2.769232 -0.396191
24.260000 -1.312723 2.809032 -0.396254
24.270000 -1.284436 2.847990 -0.396329
24.280000 -1.255763 2.886093 -0.396416
24.290000 -1.226714 2.923330 -0.396514
24.300000 -1.197297 2.959690 -0.396625
24.310000 -1.167520 2.995162 -0.396748
24.320000 -1.137393 3.029736 -0.396881
24.330000 -1.106925 3.063401 -0.397027
24.340000 -1.076125 3.096146 -0.397183
24.350000 -1.045002 3.127963 -0.397350
24.360000 -1.013566 3.158842 -0.397528
24.370000 -0.981826 3.188773 -0.397717
24.380000 -0.949791 3.217747 -0.397916
24.390000 -0.917471 3.245756 -0.398126
24.400000 -0.884876 3.272791 -0.398345
24.410000 -0.852015 3.298845 -0.398573
24.420000 -0.818899 3.323908 -0.398811
24.430000 -0.785537 3.347975 -0.399058
24.440000 -0.751939 3.371037 -0.399314
24.450000 -0.718116 3.393088 -0.399578
24.460000 -0.684077 3.414121 -0.399850
24.470000 -0.649834 3.434129 -0.400130
24.480000 -0.615395 3.453108 -0.400418
24.490000 -0.580771 3.471050 -0.400713
24.500000 -0.545974 3.487951 -0.401014
24.510000 -0.511012 3.503806 -0.401322
24.520000 -0.475898 3.518610 -0.401636
24.530000 -0.440640 3.532358 -0.401955
24.540000 -0.405251 3.545046 -0.402280
24.550000 -0.369739 3.556671 -0.402609
24.560000 -0.334117 3.567229 -0.402943
24.570000 -0.298395 3.576717 -0.403282
24.580000 -0.262583 3.585131 -0.403623
24.590000 -0.226692 3.592470 -0.403969
24.600000 -0.190733 3.598732 -0.404316
24.610000 -0.154717 3.603914 -0.404667
24.620000 -0.118655 3.608014 -0.405019
24.630000 -0.082557 3.611032 -0.405373
24.640000 -0.046434 3.612967 -0.405728
24.650000 -0.010298 3.613818 -0.406084
24.660000 0.025842 3.613585 -0.406440
24.670000 0.061974 3.612268 -0.406796
24.680000 0.098087 3.609867 -0.407152
24.690000 0.134171 3.606383 -0.407506
24.700000 0.170215 3.601817 -0.407859
24.710000 0.206208 3.596171 -0.408211
24.720000 0.242138 3.589446 -0.408560
24.730000 0.277996 3.581644 -0.408906
24.740000 0.313771 3.572767 -0.409249
24.750000 0.349452 3.562819 -0.409589
24.760000 0.385028 3.551802 -0.409925
24.770000 0.420488 3.539719 -0.410257
24.780000 0.455822 3.526574 -0.410584
24.790000 0.491019 3.512372 -0.410906
24.800000 0.526069 3.497115 -0.411222
24.810000 0.560962 3.480810 -0.411533
24.820000 0.595686 3.463460 -0.411837
24.830000 0.630231 3.445071 -0.412135
24.840000 0.664587 3.425649 -0.412425
24.850000 0.698744 3.405199 -0.412709
24.860000 0.732691 3.383728 -0.412984
24.870000 0.766418 3.361241 -0.413252
24.880000 0.799916 3.337746 -0.413512
24.890000 0.833173 3.313250 -0.413763
24.900000 0.866181 3.287759 -0.414005
24.910000 0.898928 3.261283 -0.414238
24.920000 0.931406 3.233828 -0.414461
24.930000 0.963605 3.205402 -0.414675
24.940000 0.995515 3.176016 -0.414878
24.950000 1.027125 3.145676 -0.415072
24.960000 1.058428 3.114393 -0.415254
24.970000 1.089413 3.082175 -0.415427
24.980000 1.120072 3.049033 -0.415588
24.990000 1.150394 3.014976 -0.415738
25.000000 1.180371 2.980014 -0.415877
25.010000 1.209994 2.944159 -0.416005
25.020000 1.239254 2.907420 -0.416120
25.030000 1.268143 2.869809 -0.416225
25.040000 1.296650 2.831337 -0.416317
25.050000 1.324769 2.792016 -0.416397
25.060000 1.352491 2.751857 -0.416465
25.070000 1.379806 2.710873 -0.416522
25.080000 1.406708 2.669075 -0.416566
25.090000 1.433188 2.626477 -0.416597
25.100000 1.459238 2.583090 -0.416616
25.110000 1.484850 2.538929 -0.416623
25.120000 1.510016 2.494006 -0.416618
25.130000 1.534730 2.448335 -0.416600
25.140000 1.558983 2.401929 -0.416570
25.150000 1.582768 2.354803 -0.416528
25.160000 1.606079 2.306970 -0.416474
25.170000 1.628908 2.258445 -0.416407
25.180000 1.651248 2.209243 -0.416328
25.190000 1.673093 2.159378 -0.416238
25.200000 1.694436 2.108865 -0.416135
25.210000 1.715270 2.057719 -0.416021
25.220000 1.735590 2.005956 -0.415895
25.230000 1.755389 1.953592 -0.415757
25.240000 1.774662 1.900641 -0.415609
25.250000 1.793402 1.847120 -0.415449
25.260000 1.811604 1.793045 -0.415278
25.270000 1.829263 1.738432 -0.415097
25.280000 1.846373 1.683297 -0.414905
25.290000 1.862929 1.627658 -0.414702
25.300000 1.878926 1.571530 -0.414490
25.310000 1.894359 1.514931 -0.414268
25.320000 1.909225 1.457877 -0.414036
25.330000 1.923517 1.400386 -0.413796
25.340000 1.937232 1.342475 -0.413546
25.350000 1.950366 1.284161 -0.413288
25.360000 1.962915 1.225461 -0.413021
25.370000 1.974876 1.166394 -0.412746
25.380000 1.986243 1.106978 -0.412464
25.390000 1.997015 1.047229 -0.412174
25.400000 2.007188 0.987166 -0.411877
25.410000 2.016759 0.926807 -0.411574
25.420000 2.025724 0.866169 -0.411264
25.430000 2.034082 0.805272 -0.410948
25.440000 2.041830 0.744134 -0.410627
25.450000 2.048965 0.682772 -0.410301
25.460000 2.055485 0.621205 -0.409970
25.470000 2.061389 0.559452 -0.409634
25.480000 2.066674 0.497531 -0.409295
25.490000 2.071339 0.435461 -0.408952
25.500000 2.075383 0.373260 -0.408606
25.510000 2.078804 0.310947 -0.408258
25.520000 2.081602 0.248541 -0.407907
25.530000 2.083775 0.186060 -0.407554
25.540000 2.085323 0.123524 -0.407199
25.550000 2.086246 0.060950 -0.406844
25.560000 2.086542 -0.001642 -0.406488
25.570000 2.086213 -0.064233 -0.406132
25.580000 2.085258 -0.126805 -0.405776
25.590000 2.083677 -0.189339 -0.405421
25.600000 2.081471 -0.251816 -0.405066
25.610000 2.078641 -0.314218 -0.404714
25.620000 2.075187 -0.376525 -0.404363
25.630000 2.071110 -0.438720 -0.404015
25.640000 2.066412 -0.500783 -0.403669
25.650000 2.061094 -0.562695 -0.403327
25.660000 2.055158 -0.624439 -0.402988
25.670000 2.048606 -0.685995 -0.402654
25.680000 2.041438 -0.747346 -0.402324
25.690000 2.033659 -0.808473 -0.401998
25.700000 2.025269 -0.869356 -0.401678
25.710000 2.016272 -0.929980 -0.401363
25.720000 2.006669 -0.990324 -0.401055
25.730000 1.996465 -1.050371 -0.400753
25.740000 1.985662 -1.110103 -0.400457
25.750000 1.974263 -1.169501 -0.400168
25.760000 1.962272 -1.228549 -0.399887
25.770000 1.949692 -1.287229 -0.399614
25.780000 1.936527 -1.345522 -0.399349
25.790000 1.922782 -1.403412 -0.399092
25.800000 1.908459 -1.460880 -0.398844
25.810000 1.893564 -1.517911 -0.398605
25.820000 1.878101 -1.574486 -0.398375
25.830000 1.862074 -1.630588 -0.398154
25.840000 1.845489 -1.686202 -0.397944
25.850000 1.828350 -1.741309 -0.397743
25.860000 1.810663 -1.795895 -0.397553
25.870000 1.792432 -1.849941 -0.397374
25.880000 1.773664 -1.903433 -0.397205
25.890000 1.754364 -1.956353 -0.397047
25.900000 1.734537 -2.008686 -0.396900
25.910000 1.714190 -2.060417 -0.396765
25.920000 1.693329 -2.111530 -0.396641
25.930000 1.671959 -2.162009 -0.396529
25.940000 1.650088 -2.211840 -0.396428
25.950000 1.627723 -2.261007 -0.396340
25.960000 1.604868 -2.309496 -0.396263
25.970000 1.581533 -2.357292 -0.396198
25.980000 1.557722 -2.404381 -0.396146
25.990000 1.533445 -2.450749 -0.396106
26.000000 1.508707 -2.496381 -0.396078
26.010000 1.483517 -2.541264 -0.396063
26.020000 1.457882 -2.585385 -0.396060
26.030000 1.431810 -2.628731 -0.396069
26.040000 1.405308 -2.671287 -0.396090
26.050000 1.378384 -2.713043 -0.396124
26.060000 1.351047 -2.753984 -0.396170
26.070000 1.323304 -2.794099 -0.396228
26.080000 1.295165 -2.833376 -0.396299
26.090000 1.266637 -2.871803 -0.396381
26.100000 1.237729 -2.909369 -0.396476
26.110000 1.208449 -2.946062 -0.396582
26.120000 1.178807 -2.981870 -0.396700
26.130000 1.148812 -3.016785 -0.396829
26.140000 1.118472 -3.050794 -0.396970
26.150000 1.087796 -3.083888 -0.397123
26.160000 1.056794 -3.116057 -0.397286
26.170000 1.025475 -3.147291 -0.397460
26.180000 0.993848 -3.177581 -0.397645
26.190000 0.961923 -3.206917 -0.397840
26.200000 0.929710 -3.235292 -0.398045
26.210000 0.897217 -3.262696 -0.398261
26.220000 0.864456 -3.289121 -0.398486
26.230000 0.831435 -3.314559 -0.398720
26.240000 0.798165 -3.339003 -0.398964
26.250000 0.764655 -3.362446 -0.399216
26.260000 0.730916 -3.384879 -0.399477
26.270000 0.696957 -3.406297 -0.399747
26.280000 0.662790 -3.426693 -0.400024
26.290000 0.628424 -3.446062 -0.400309
26.300000 0.593869 -3.464396 -0.400601
26.310000 0.559136 -3.481691 -0.400899
26.320000 0.524235 -3.497942 -0.401205
26.330000 0.489177 -3.513143 -0.401516
26.340000 0.453972 -3.527290 -0.401834
26.350000 0.418631 -3.540379 -0.402157
26.360000 0.383164 -3.552406 -0.402484
26.370000 0.347583 -3.563367 -0.402817
26.380000 0.311897 -3.573259 -0.403153
26.390000 0.276118 -3.582080 -0.403494
26.400000 0.240255 -3.589825 -0.403838
26.410000 0.204321 -3.596494 -0.404185
26.420000 0.168326 -3.602084 -0.404534
26.430000 0.132279 -3.606593 -0.404886
26.440000 0.096194 -3.610020 -0.405239
26.450000 0.060079 -3.612364 -0.405594
26.460000 0.023946 -3.613624 -0.405950
26.470000 -0.012193 -3.613800 -0.406306
26.480000 -0.048330 -3.612893 -0.406662
26.490000 -0.084451 -3.610901 -0.407018
26.500000 -0.120548 -3.607826 -0.407373
26.510000 -0.156608 -3.603669 -0.407726
26.520000 -0.192621 -3.598430 -0.408078
26.530000 -0.228576 -3.592112 -0.408428
26.540000 -0.264463 -3.584717 -0.408776
26.550000 -0.300271 -3.576246 -0.409120
26.560000 -0.335988 -3.566702 -0.409461
26.570000 -0.371605 -3.556088 -0.409799
26.580000 -0.407110 -3.544407 -0.410132
26.590000 -0.442493 -3.531663 -0.410461
26.600000 -0.477743 -3.517860 -0.410785
26.610000 -0.512850 -3.503001 -0.411103
26.620000 -0.547803 -3.487091 -0.411416
26.630000 -0.582592 -3.470135 -0.411723
26.640000 -0.617206 -3.452138 -0.412023
26.650000 -0.651635 -3.433105 -0.412316
26.660000 -0.685868 -3.413043 -0.412603
26.670000 -0.719896 -3.391956 -0.412881
26.680000 -0.753707 -3.369852 -0.413152
26.690000 -0.787293 -3.346737 -0.413415
26.700000 -0.820642 -3.322618 -0.413669
26.710000 -0.853745 -3.297503 -0.413914
26.720000 -0.886592 -3.271397 -0.414151
26.730000 -0.919173 -3.244311 -0.414378
26.740000 -0.951478 -3.216251 -0.414595
26.750000 -0.983498 -3.187227 -0.414802
26.760000 -1.015223 -3.157246 -0.415000
26.770000 -1.046643 -3.126318 -0.415187
26.780000 -1.077749 -3.094452 -0.415363
26.790000 -1.108532 -3.061658 -0.415528
26.800000 -1.138982 -3.027945 -0.415683
26.810000 -1.169091 -2.993324 -0.415826
26.820000 -1.198849 -2.957805 -0.415958
26.830000 -1.228247 -2.921398 -0.416078
26.840000 -1.257277 -2.884116 -0.416187
26.850000 -1.285929 -2.845967 -0.416283
26.860000 -1.314196 -2.806966 -0.416368
26.870000 -1.342068 -2.767122 -0.416441
26.880000 -1.369538 -2.726448 -0.416502
26.890000 -1.396597 -2.684955 -0.416550
26.900000 -1.423237 -2.642658 -0.416587
26.910000 -1.449451 -2.599568 -0.416611
26.920000 -1.475229 -2.555697 -0.416622
26.930000 -1.500565 -2.511061 -0.416622
26.940000 -1.525450 -2.465670 -0.416609
26.950000 -1.549878 -2.419540 -0.416583
26.960000 -1.573841 -2.372685 -0.416546
26.970000 -1.597332 -2.325117 -0.416496
26.980000 -1.620343 -2.276852 -0.416434
26.990000 -1.642869 -2.227904 -0.416359
27.000000 -1.664901 -2.178287 -0.416273
27.010000 -1.686434 -2.128017 -0.416175
27.020000 -1.707462 -2.077109 -0.416065
27.030000 -1.727977 -2.025577 -0.415944
27.040000 -1.747973 -1.973438 -0.415811
27.050000 -1.767445 -1.920707 -0.415666
27.060000 -1.786387 -1.867399 -0.415511
27.070000 -1.804793 -1.813531 -0.415344
27.080000 -1.822658 -1.759120 -0.415166
27.090000 -1.839976 -1.704180 -0.414978
27.100000 -1.856742 -1.648729 -0.414780
27.110000 -1.872950 -1.592784 -0.414571
27.120000 -1.888597 -1.536361 -0.414353
27.130000 -1.903678 -1.479477 -0.414125
27.140000 -1.918187 -1.422149 -0.413888
27.150000 -1.932120 -1.364394 -0.413641
27.160000 -1.945475 -1.306230 -0.413386
27.170000 -1.958245 -1.247674 -0.413122
27.180000 -1.970428 -1.188744 -0.412851
27.190000 -1.982020 -1.129458 -0.412571
27.200000 -1.993017 -1.069832 -0.412284
27.210000 -2.003417 -1.009885 -0.411990
27.220000 -2.013215 -0.949636 -0.411689
27.230000 -2.022409 -0.889102 -0.411382
27.240000 -2.030997 -0.828301 -0.411068
27.250000 -2.038975 -0.767251 -0.410749
27.260000 -2.046342 -0.705971 -0.410425
27.270000 -2.053095 -0.644480 -0.410095
27.280000 -2.059232 -0.582795 -0.409762
27.290000 -2.064751 -0.520935 -0.409424
27.300000 -2.069650 -0.458919 -0.409082
27.310000 -2.073929 -0.396765 -0.408737
27.320000 -2.077586 -0.334493 -0.408390
27.330000 -2.080619 -0.272120 -0.408039
27.340000 -2.083028 -0.209665 -0.407687
27.350000 -2.084812 -0.147147 -0.407333
27.360000 -2.085971 -0.084585 -0.406978
27.370000 -2.086504 -0.021998 -0.406622
27.380000 -2.086411 0.040595 -0.406266
27.390000 -2.085692 0.103177 -0.405910
27.400000 -2.084347 0.165727 -0.405555
27.410000 -2.082377 0.228228 -0.405200
27.420000 -2.079783 0.290661 -0.404847
27.430000 -2.076564 0.353006 -0.404495
27.440000 -2.072723 0.415245 -0.404146
27.450000 -2.068259 0.477360 -0.403800
27.460000 -2.063175 0.539332 -0.403456
27.470000 -2.057473 0.601141 -0.403116
27.480000 -2.051153 0.662771 -0.402780
27.490000 -2.044217 0.724201 -0.402448
27.500000 -2.036669 0.785414 -0.402121
27.510000 -2.028509 0.846392 -0.401798
27.520000 -2.019741 0.907116 -0.401482
27.530000 -2.010367 0.967567 -0.401171
27.540000 -2.000389 1.027729 -0.400866
27.550000 -1.989812 1.087582 -0.400568
27.560000 -1.978638 1.147109 -0.400277
27.570000 -1.966870 1.206291 -0.399993
27.580000 -1.954512 1.265112 -0.399716
27.590000 -1.941568 1.323553 -0.399448
27.600000 -1.928041 1.381597 -0.399188
27.610000 -1.913936 1.439227 -0.398936
27.620000 -1.899256 1.496425 -0.398694
27.630000 -1.884007 1.553174 -0.398460
27.640000 -1.868193 1.609457 -0.398236
27.650000 -1.851818 1.665257 -0.398022
27.660000 -1.834888 1.720558 -0.397818
27.670000 -1.817407 1.775342 -0.397624
27.680000 -1.799381 1.829594 -0.397440
27.690000 -1.780815 1.883297 -0.397267
27.700000 -1.761715 1.936435 -0.397105
27.710000 -1.742086 1.988992 -0.396954
27.720000 -1.721935 2.040952 -0.396815
27.730000 -1.701267 2.092300 -0.396686
27.740000 -1.680089 2.143020 -0.396570
27.750000 -1.658407 2.193098 -0.396465
27.760000 -1.636227 2.242517 -0.396372
27.770000 -1.613557 2.291264 -0.396290
27.780000 -1.590402 2.339323 -0.396221
27.790000 -1.566770 2.386681 -0.396164
27.800000 -1.542668 2.433323 -0.396120
27.810000 -1.518104 2.479234 -0.396087
27.820000 -1.493084 2.524402 -0.396067
27.830000 -1.467616 2.568813 -0.396059
27.840000 -1.441707 2.612452 -0.396064
27.850000 -1.415367 2.655308 -0.396081
27.860000 -1.388601 2.697368 -0.396110
27.870000 -1.361419 2.738618 -0.396151
27.880000 -1.333829 2.779047 -0.396205
27.890000 -1.305838 2.818642 -0.396271
27.900000 -1.277456 2.857391 -0.396349
27.910000 -1.248690 2.895284 -0.396439
27.920000 -1.219550 2.932307 -0.396540
27.930000 -1.190044 2.968451 -0.396654
27.940000 -1.160181 3.003705 -0.396779
27.950000 -1.129970 3.038057 -0.396916
27.960000 -1.099420 3.071498 -0.397064
27.970000 -1.068540 3.104017 -0.397223
27.980000 -1.037340 3.135605 -0.397393
27.990000 -1.005828 3.166253 -0.397574
28.000000 -0.974015 3.195950 -0.397765
28.010000 -0.941909 3.224689 -0.397967
28.020000 -0.909521 3.252461 -0.398178
28.030000 -0.876860 3.279256 -0.398400
28.040000 -0.843936 3.305068 -0.398631
28.050000 -0.810759 3.329889 -0.398871
28.060000 -0.777338 3.353710 -0.399120
28.070000 -0.743684 3.376526 -0.399378
28.080000 -0.709808 3.398328 -0.399644
28.090000 -0.675718 3.419111 -0.399918
28.100000 -0.641425 3.438868 -0.400200
28.110000 -0.606940 3.457593 -0.400489
28.120000 -0.572273 3.475282 -0.400786
28.130000 -0.537435 3.491927 -0.401089
28.140000 -0.502435 3.507525 -0.401398
28.150000 -0.467284 3.522071 -0.401713
28.160000 -0.431994 3.535560 -0.402034
28.170000 -0.396573 3.547989 -0.402360
28.180000 -0.361034 3.559353 -0.402691
28.190000 -0.325386 3.569649 -0.403026
28.200000 -0.289641 3.578875 -0.403365
28.210000 -0.253809 3.587026 -0.403708
28.220000 -0.217900 3.594102 -0.404053
28.230000 -0.181927 3.600099 -0.404402
28.240000 -0.145898 3.605017 -0.404753
28.250000 -0.109826 3.608853 -0.405106
28.260000 -0.073721 3.611606 -0.405460
28.270000 -0.037594 3.613276 -0.405815
28.280000 -0.001456 3.613861 -0.406171
28.290000 0.034683 3.613363 -0.406527
28.300000 0.070812 3.611780 -0.406883
28.310000 0.106919 3.609115 -0.407239
28.320000 0.142994 3.605366 -0.407593
28.330000 0.179026 3.600536 -0.407946
28.340000 0.215005 3.594625 -0.408296
28.350000 0.250919 3.587636 -0.408645
28.360000 0.286757 3.579571 -0.408990
28.370000 0.322510 3.570432 -0.409333
28.380000 0.358166 3.560222 -0.409672
28.390000 0.393714 3.548944 -0.410007
28.400000 0.429145 3.536601 -0.410337
28.410000 0.464446 3.523197 -0.410663
28.420000 0.499609 3.508736 -0.410984
28.430000 0.534621 3.493223 -0.411299
28.440000 0.569473 3.476661 -0.411608
28.450000 0.604154 3.459057 -0.411910
28.460000 0.638654 3.440415 -0.412206
28.470000 0.672963 3.420740 -0.412495
28.480000 0.707069 3.400040 -0.412777
28.490000 0.740964 3.378320 -0.413051
28.500000 0.774636 3.355586 -0.413317
28.510000 0.808075 3.331845 -0.413574
28.520000 0.841272 3.307105 -0.413823
28.530000 0.874217 3.281372 -0.414063
28.540000 0.906900 3.254656 -0.414293
28.550000 0.939310 3.226962 -0.414514
28.560000 0.971439 3.198301 -0.414725
28.570000 1.003276 3.168680 -0.414926
28.580000 1.034813 3.138109 -0.415117
28.590000 1.066039 3.106596 -0.415298
28.600000 1.096945 3.074152 -0.415467
28.610000 1.127522 3.040785 -0.415626
28.620000 1.157760 3.006505 -0.415773
28.630000 1.187652 2.971324 -0.415909
28.640000 1.217187 2.935252 -0.416034
28.650000 1.246357 2.898298 -0.416147
28.660000 1.275153 2.860476 -0.416248
28.670000 1.303566 2.821795 -0.416338
28.680000 1.331589 2.782268 -0.416415
28.690000 1.359212 2.741906 -0.416480
28.700000 1.386427 2.700721 -0.416533
28.710000 1.413226 2.658726 -0.416574
28.720000 1.439601 2.615934 -0.416603
28.730000 1.465545 2.572357 -0.416619
28.740000 1.491049 2.528008 -0.416623
28.750000 1.516105 2.482900 -0.416615
28.760000 1.540707 2.437048 -0.416594
28.770000 1.564846 2.390465 -0.416561
28.780000 1.588516 2.343165 -0.416516
28.790000 1.611709 2.295161 -0.416459
28.800000 1.634419 2.246469 -0.416389
28.810000 1.656639 2.197103 -0.416307
28.820000 1.678361 2.147078 -0.416214
28.830000 1.699580 2.096409 -0.416108
28.840000 1.720289 2.045111 -0.415991
28.850000 1.740482 1.993200 -0.415862
28.860000 1.760153 1.940690 -0.415722
28.870000 1.779296 1.887598 -0.415571
28.880000 1.797905 1.833940 -0.415408
28.890000 1.815975 1.779732 -0.415235
28.900000 1.833500 1.724990 -0.415051
28.910000 1.850475 1.669730 -0.414856
28.920000 1.866895 1.613970 -0.414651
28.930000 1.882754 1.557725 -0.414437
28.940000 1.898049 1.501013 -0.414212
28.950000 1.912774 1.443851 -0.413978
28.960000 1.926926 1.386255 -0.413735
28.970000 1.940500 1.328244 -0.413483
28.980000 1.953491 1.269834 -0.413223
28.990000 1.965896 1.211043 -0.412954
29.000000 1.977712 1.151889 -0.412678
29.010000 1.988934 1.092389 -0.412393
29.020000 1.999560 1.032562 -0.412102
29.030000 2.009585 0.972425 -0.411803
29.040000 2.019008 0.911996 -0.411498
29.050000 2.027825 0.851293 -0.411187
29.060000 2.036034 0.790336 -0.410870
29.070000 2.043632 0.729141 -0.410548
29.080000 2.050617 0.667727 -0.410220
29.090000 2.056986 0.606113 -0.409888
29.100000 2.062739 0.544317 -0.409552
29.110000 2.067873 0.482358 -0.409212
29.120000 2.072386 0.420254 -0.408868
29.130000 2.076278 0.358024 -0.408521
29.140000 2.079547 0.295687 -0.408172
29.150000 2.082192 0.233260 -0.407820
29.160000 2.084212 0.170764 -0.407467
29.170000 2.085607 0.108217 -0.407112
29.180000 2.086376 0.045637 -0.406757
29.190000 2.086520 -0.016956 -0.406401
29.200000 2.086037 -0.079544 -0.406045
29.210000 2.084929 -0.142109 -0.405689
29.220000 2.083195 -0.204631 -0.405334
29.230000 2.080836 -0.267091 -0.404980
29.240000 2.077853 -0.329472 -0.404628
29.250000 2.074247 -0.391753 -0.404278
29.260000 2.070018 -0.453917 -0.403930
29.270000 2.065168 -0.515945 -0.403585
29.280000 2.059699 -0.577818 -0.403244
29.290000 2.053612 -0.639517 -0.402906
29.300000 2.046909 -0.701025 -0.402573
29.310000 2.039591 -0.762323 -0.402244
29.320000 2.031662 -0.823392 -0.401919
29.330000 2.023124 -0.884213 -0.401601
29.340000 2.013978 -0.944770 -0.401287
29.350000 2.004228 -1.005043 -0.400980
29.360000 1.993877 -1.065015 -0.400680
29.370000 1.982928 -1.124667 -0.400386
29.380000 1.971384 -1.183981 -0.400099
29.390000 1.959248 -1.242941 -0.399820
29.400000 1.946525 -1.301527 -0.399548
29.410000 1.933218 -1.359724 -0.399285
29.420000 1.919331 -1.417512 -0.399030
29.430000 1.904868 -1.474875 -0.398784
29.440000 1.889833 -1.531795 -0.398547
29.450000 1.874232 -1.588256 -0.398320
29.460000 1.858068 -1.644241 -0.398102
29.470000 1.841347 -1.699732 -0.397894
29.480000 1.824073 -1.754713 -0.397696
29.490000 1.806253 -1.809168 -0.397508
29.500000 1.787890 -1.863080 -0.397331
29.510000 1.768991 -1.916433 -0.397165
29.520000 1.749561 -1.969212 -0.397010
29.530000 1.729607 -2.021399 -0.396866
29.540000 1.709133 -2.072980 -0.396733
29.550000 1.688147 -2.123940 -0.396612
29.560000 1.666654 -2.174262 -0.396503
29.570000 1.644662 -2.223931 -0.396405
29.580000 1.622176 -2.272934 -0.396320
29.590000 1.599203 -2.321255 -0.396246
29.600000 1.575751 -2.368879 -0.396185
29.610000 1.551826 -2.415793 -0.396135
29.620000 1.527435 -2.461981 -0.396098
29.630000 1.502586 -2.507432 -0.396073
29.640000 1.477286 -2.552130 -0.396061
29.650000 1.451543 -2.596062 -0.396061
29.660000 1.425365 -2.639216 -0.396073
29.670000 1.398759 -2.681578 -0.396097
29.680000 1.371733 -2.723135 -0.396134
29.690000 1.344296 -2.763876 -0.396183
29.700000 1.316456 -2.803787 -0.396245
29.710000 1.288221 -2.842857 -0.396318
29.720000 1.259599 -2.881074 -0.396403
29.730000 1.230599 -2.918427 -0.396501
29.740000 1.201230 -2.954905 -0.396610
29.750000 1.171501 -2.990496 -0.396731
29.760000 1.141420 -3.025190 -0.396863
29.770000 1.110997 -3.058976 -0.397007
29.780000 1.080241 -3.091844 -0.397162
29.790000 1.049160 -3.123785 -0.397327
29.800000 1.017765 -3.154789 -0.397504
29.810000 0.986065 -3.184847 -0.397692
29.820000 0.954068 -3.213949 -0.397889
29.830000 0.921786 -3.242087 -0.398097
29.840000 0.889226 -3.269252 -0.398315
29.850000 0.856401 -3.295436 -0.398542
29.860000 0.823318 -3.320632 -0.398779
29.870000 0.789988 -3.344831 -0.399025
29.880000 0.756421 -3.368028 -0.399279
29.890000 0.722627 -3.390213 -0.399542
29.900000 0.688617 -3.411382 -0.399814
29.910000 0.654400 -3.431527 -0.400093
29.920000 0.619986 -3.450643 -0.400379
29.930000 0.585387 -3.468724 -0.400673
29.940000 0.550612 -3.485764 -0.400974
29.950000 0.515672 -3.501758 -0.401281
29.960000 0.480577 -3.516702 -0.401594
29.970000 0.445338 -3.530590 -0.401912
29.980000 0.409965 -3.543420 -0.402236
29.990000 0.374469 -3.555186 -0.402565
30.000000 0.338861 -3.565886 -0.402899
30.010000 0.303151 -3.575517 -0.403236
30.020000 0.267351 -3.584074 -0.403578
30.030000 0.231470 -3.591556 -0.403922
30.040000 0.195520 -3.597961 -0.404270
30.050000 0.159511 -3.603287 -0.404620
30.060000 0.123454 -3.607531 -0.404972
30.070000 0.087360 -3.610693 -0.405326
30.080000 0.051240 -3.612772 -0.405681
30.090000 0.015105 -3.613768 -0.406037
30.100000 -0.021035 -3.613679 -0.406393
30.110000 -0.057169 -3.612505 -0.406749
30.120000 -0.093285 -3.610249 -0.407105
30.130000 -0.129374 -3.606909 -0.407459
30.140000 -0.165424 -3.602487 -0.407813
30.150000 -0.201424 -3.596984 -0.408164
30.160000 -0.237363 -3.590402 -0.408513
30.170000 -0.273232 -3.582743 -0.408860
30.180000 -0.309018 -3.574010 -0.409204
30.190000 -0.344712 -3.564204 -0.409544
30.200000 -0.380302 -3.553328 -0.409881
30.210000 -0.415778 -3.541387 -0.410213
30.220000 -0.451130 -3.528384 -0.410541
30.230000 -0.486346 -3.514322 -0.410863
30.240000 -0.521416 -3.499205 -0.411180
30.250000 -0.556330 -3.483039 -0.411492
30.260000 -0.591077 -3.465828 -0.411797
30.270000 -0.625647 -3.447577 -0.412095
30.280000 -0.660029 -3.428292 -0.412387
30.290000 -0.694213 -3.407978 -0.412671
30.300000 -0.728188 -3.386642 -0.412948
30.310000 -0.761945 -3.364290 -0.413217
30.320000 -0.795474 -3.340929 -0.413478
30.330000 -0.828764 -3.316565 -0.413730
30.340000 -0.861805 -3.291207 -0.413973
30.350000 -0.894588 -3.264861 -0.414207
30.360000 -0.927103 -3.237535 -0.414432
30.370000 -0.959339 -3.209239 -0.414647
30.380000 -0.991287 -3.179979 -0.414852
30.390000 -1.022938 -3.149766 -0.415046
30.400000 -1.054283 -3.118608 -0.415231
30.410000 -1.085311 -3.086514 -0.415404
30.420000 -1.116013 -3.053494 -0.415567
30.430000 -1.146380 -3.019558 -0.415719
30.440000 -1.176404 -2.984716 -0.415859
30.450000 -1.206075 -2.948979 -0.415988
30.460000 -1.235384 -2.912357 -0.416106
30.470000 -1.264322 -2.874862 -0.416211
30.480000 -1.292881 -2.836504 -0.416305
30.490000 -1.321052 -2.797295 -0.416387
30.500000 -1.348827 -2.757246 -0.416457
30.510000 -1.376197 -2.716371 -0.416515
30.520000 -1.403154 -2.674681 -0.416560
30.530000 -1.429691 -2.632188 -0.416594
30.540000 -1.455798 -2.588906 -0.416615
30.550000 -1.481469 -2.544847 -0.416623
30.560000 -1.506695 -2.500024 -0.416620
30.570000 -1.531469 -2.454452 -0.416603
30.580000 -1.555784 -2.408143 -0.416575
30.590000 -1.579632 -2.361112 -0.416535
30.600000 -1.603006 -2.313372 -0.416482
30.610000 -1.625899 -2.264939 -0.416417
30.620000 -1.648305 -2.215826 -0.416340
30.630000 -1.670216 -2.166048 -0.416250
30.640000 -1.691626 -2.115620 -0.416149
30.650000 -1.712528 -2.064558 -0.416037
30.660000 -1.732917 -2.012876 -0.415912
30.670000 -1.752786 -1.960591 -0.415776
30.680000 -1.772129 -1.907717 -0.415629
30.690000 -1.790940 -1.854271 -0.415471
30.700000 -1.809214 -1.800269 -0.415301
30.710000 -1.826946 -1.745726 -0.415121
30.720000 -1.844129 -1.690660 -0.414931
30.730000 -1.860759 -1.635087 -0.414730
30.740000 -1.876831 -1.579023 -0.414519
30.750000 -1.892339 -1.522485 -0.414298
30.760000 -1.907280 -1.465491 -0.414068
30.770000 -1.921649 -1.408057 -0.413828
30.780000 -1.935441 -1.350201 -0.413580
30.790000 -1.948653 -1.291939 -0.413322
30.800000 -1.961280 -1.233290 -0.413057
30.810000 -1.973319 -1.174271 -0.412783
30.820000 -1.984766 -1.114900 -0.412502
30.830000 -1.995617 -1.055194 -0.412213
30.840000 -2.005870 -0.995172 -0.411917
30.850000 -2.015520 -0.934851 -0.411614
30.860000 -2.024567 -0.874250 -0.411305
30.870000 -2.033005 -0.813386 -0.410991
30.880000 -2.040834 -0.752279 -0.410670
30.890000 -2.048051 -0.690945 -0.410345
30.900000 -2.054653 -0.629405 -0.410014
30.910000 -2.060639 -0.567676 -0.409679
30.920000 -2.066007 -0.505776 -0.409340
30.930000 -2.070755 -0.443724 -0.408998
30.940000 -2.074881 -0.381540 -0.408652
30.950000 -2.078385 -0.319241 -0.408304
30.960000 -2.081266 -0.256846 -0.407953
30.970000 -2.083522 -0.194374 -0.407601
30.980000 -2.085154 -0.131844 -0.407246
30.990000 -2.086159 -0.069274 -0.406891
31.000000 -2.086539 -0.006684 -0.406535
31.010000 -2.086293 0.055909 -0.406179
31.020000 -2.085421 0.118484 -0.405823
31.030000 -2.083923 0.181024 -0.405468
31.040000 -2.081800 0.243510 -0.405113
31.050000 -2.079053 0.305923 -0.404761
31.060000 -2.075682 0.368244 -0.404410
31.070000 -2.071688 0.430455 -0.404061
31.080000 -2.067073 0.492536 -0.403715
31.090000 -2.061837 0.554470 -0.403372
31.100000 -2.055983 0.616237 -0.403033
31.110000 -2.049513 0.677819 -0.402698
31.120000 -2.042427 0.739199 -0.402367
31.130000 -2.034729 0.800356 -0.402041
31.140000 -2.026420 0.861273 -0.401720
31.150000 -2.017503 0.921932 -0.401405
31.160000 -2.007981 0.982314 -0.401096
31.170000 -1.997857 1.042402 -0.400792
31.180000 -1.987133 1.102177 -0.400496
31.190000 -1.975813 1.161621 -0.400206
31.200000 -1.963901 1.220717 -0.399924
31.210000 -1.951399 1.279446 -0.399650
31.220000 -1.938312 1.337792 -0.399384
31.230000 -1.924643 1.395736 -0.399126
31.240000 -1.910397 1.453262 -0.398876
31.250000 -1.895578 1.510351 -0.398636
31.260000 -1.880190 1.566988 -0.398405
31.270000 -1.864238 1.623154 -0.398183
31.280000 -1.847727 1.678834 -0.397971
31.290000 -1.830662 1.734009 -0.397769
31.300000 -1.813047 1.788665 -0.397578
31.310000 -1.794888 1.842784 -0.397397
31.320000 -1.776191 1.896350 -0.397227
31.330000 -1.756961 1.949348 -0.397067
31.340000 -1.737204 2.001760 -0.396919
31.350000 -1.716926 2.053572 -0.396782
31.360000 -1.696133 2.104768 -0.396657
31.370000 -1.674831 2.155332 -0.396543
31.380000 -1.653026 2.205250 -0.396441
31.390000 -1.630726 2.254507 -0.396351
31.400000 -1.607936 2.303086 -0.396272
31.410000 -1.584664 2.350975 -0.396206
31.420000 -1.560916 2.398159 -0.396152
31.430000 -1.536701 2.444623 -0.396111
31.440000 -1.512024 2.490354 -0.396081
31.450000 -1.486894 2.535338 -0.396064
31.460000 -1.461317 2.579561 -0.396059
31.470000 -1.435302 2.623011 -0.396067
31.480000 -1.408857 2.665673 -0.396087
31.490000 -1.381989 2.707536 -0.396119
31.500000 -1.354706 2.748586 -0.396163
31.510000 -1.327017 2.788812 -0.396220
31.520000 -1.298930 2.828201 -0.396289
31.530000 -1.270453 2.866742 -0.396370
31.540000 -1.241595 2.904423 -0.396463
31.550000 -1.212365 2.941232 -0.396567
31.560000 -1.182771 2.977159 -0.396684
31.570000 -1.152822 3.012193 -0.396812
31.580000 -1.122527 3.046323 -0.396951
31.590000 -1.091895 3.079539 -0.397102
31.600000 -1.060936 3.111832 -0.397264
31.610000 -1.029659 3.143191 -0.397436
31.620000 -0.998072 3.173607 -0.397620
31.630000 -0.966186 3.203071 -0.397813
31.640000 -0.934011 3.231574 -0.398017
31.650000 -0.901555 3.259107 -0.398231
31.660000 -0.868829 3.285663 -0.398455
31.670000 -0.835842 3.311233 -0.398689
31.680000 -0.802604 3.335810 -0.398931
31.690000 -0.769125 3.359386 -0.399182
31.700000 -0.735416 3.381954 -0.399442
31.710000 -0.701486 3.403507 -0.399710
31.720000 -0.667346 3.424040 -0.399986
31.730000 -0.633006 3.443545 -0.400270
31.740000 -0.598475 3.462017 -0.400561
31.750000 -0.563765 3.479451 -0.400859
31.760000 -0.528886 3.495841 -0.401164
31.770000 -0.493848 3.511182 -0.401475
31.780000 -0.458663 3.525469 -0.401791
31.790000 -0.423339 3.538699 -0.402113
31.800000 -0.387889 3.550868 -0.402440
31.810000 -0.352322 3.561971 -0.402772
31.820000 -0.316649 3.572005 -0.403108
31.830000 -0.280882 3.580968 -0.403448
31.840000 -0.245030 3.588857 -0.403792
31.850000 -0.209104 3.595669 -0.404138
31.860000 -0.173116 3.601402 -0.404488
31.870000 -0.137076 3.606055 -0.404839
31.880000 -0.100995 3.609626 -0.405192
31.890000 -0.064884 3.612115 -0.405547
31.900000 -0.028753 3.613519 -0.405902
31.910000 0.007387 3.613840 -0.406258
31.920000 0.043524 3.613076 -0.406614
31.930000 0.079648 3.611228 -0.406970
31.940000 0.115748 3.608297 -0.407325
31.950000 0.151814 3.604284 -0.407679
31.960000 0.187834 3.599189 -0.408032
31.970000 0.223798 3.593015 -0.408382
31.980000 0.259694 3.585762 -0.408730
31.990000 0.295513 3.577434 -0.409075
32.000000 0.331243 3.568033 -0.409416
32.010000 0.366874 3.557561 -0.409754
32.020000 0.402394 3.546022 -0.410088
32.030000 0.437794 3.533419 -0.410417
32.040000 0.473063 3.519756 -0.410742
32.050000 0.508189 3.505038 -0.411061
32.060000 0.543163 3.489267 -0.411375
32.070000 0.577975 3.472450 -0.411682
32.080000 0.612612 3.454592 -0.411983
32.090000 0.647066 3.435696 -0.412278
32.100000 0.681326 3.415770 -0.412565
32.110000 0.715382 3.394820 -0.412845
32.120000 0.749223 3.372851 -0.413117
32.130000 0.782839 3.349870 -0.413380
32.140000 0.816220 3.325884 -0.413636
32.150000 0.849357 3.300900 -0.413882
32.160000 0.882238 3.274926 -0.414120
32.170000 0.914855 3.247970 -0.414348
32.180000 0.947198 3.220039 -0.414567
32.190000 0.979256 3.191142 -0.414775
32.200000 1.011020 3.161288 -0.414974
32.210000 1.042482 3.130486 -0.415162
32.220000 1.073630 3.098744 -0.415340
32.230000 1.104456 3.066073 -0.415507
32.240000 1.134952 3.032482 -0.415663
32.250000 1.165106 2.997981 -0.415808
32.260000 1.194911 2.962581 -0.415941
32.270000 1.224358 2.926291 -0.416063
32.280000 1.253437 2.889125 -0.416173
32.290000 1.282140 2.851091 -0.416271
32.300000 1.310459 2.812202 -0.416358
32.310000 1.338384 2.772469 -0.416432
32.320000 1.365908 2.731905 -0.416494
32.330000 1.393022 2.690521 -0.416545
32.340000 1.419719 2.648330 -0.416583
32.350000 1.445989 2.605344 -0.416608
32.360000 1.471825 2.561577 -0.416621
32.370000 1.497220 2.517041 -0.416622
32.380000 1.522166 2.471750 -0.416611
32.390000 1.546655 2.425718 -0.416587
32.400000 1.570681 2.378958 -0.416551
32.410000 1.594235 2.331484 -0.416503
32.420000 1.617310 2.283311 -0.416443
32.430000 1.639901 2.234453 -0.416370
32.440000 1.661999 2.184925 -0.416285
32.450000 1.683599 2.134741 -0.416189
32.460000 1.704694 2.083916 -0.416081
32.470000 1.725278 2.032467 -0.415961
32.480000 1.745344 1.980407 -0.415829
32.490000 1.764886 1.927754 -0.415686
32.500000 1.783899 1.874522 -0.415532
32.510000 1.802376 1.820728 -0.415367
32.520000 1.820313 1.766388 -0.415191
32.530000 1.837704 1.711517 -0.415004
32.540000 1.854544 1.656134 -0.414807
32.550000 1.870827 1.600253 -0.414600
32.560000 1.886549 1.543892 -0.414383
32.570000 1.901705 1.487069 -0.414156
32.580000 1.916290 1.429799 -0.413920
32.590000 1.930301 1.372100 -0.413675
32.600000 1.943732 1.313989 -0.413421
32.610000 1.956580 1.255485 -0.413158
32.620000 1.968842 1.196603 -0.412887
32.630000 1.980512 1.137363 -0.412609
32.640000 1.991589 1.077782 -0.412323
32.650000 2.002068 1.017877 -0.412029
32.660000 2.011946 0.957666 -0.411729
32.670000 2.021221 0.897169 -0.411423
32.680000 2.029890 0.836402 -0.411110
32.690000 2.037949 0.775385 -0.410792
32.700000 2.045398 0.714134 -0.410468
32.710000 2.052232 0.652670 -0.410139
32.720000 2.058451 0.591010 -0.409806
32.730000 2.064052 0.529172 -0.409469
32.740000 2.069034 0.467176 -0.409128
32.750000 2.073396 0.405039 -0.408783
32.760000 2.077135 0.342782 -0.408436
32.770000 2.080251 0.280421 -0.408086
32.780000 2.082744 0.217976 -0.407734
32.790000 2.084611 0.155465 -0.407380
32.800000 2.085853 0.092909 -0.407025
32.810000 2.086469 0.030324 -0.406670
32.820000 2.086459 -0.032270 -0.406314
32.830000 2.085824 -0.094854 -0.405957
32.840000 2.084562 -0.157410 -0.405602
32.850000 2.082675 -0.219919 -0.405247
32.860000 2.080164 -0.282361 -0.404894
32.870000 2.077028 -0.344719 -0.404542
32.880000 2.073270 -0.406974 -0.404192
32.890000 2.068889 -0.469106 -0.403845
32.900000 2.063887 -0.531098 -0.403501
32.910000 2.058267 -0.592930 -0.403161
32.920000 2.052029 -0.654585 -0.402824
32.930000 2.045175 -0.716043 -0.402492
32.940000 2.037708 -0.777286 -0.402164
32.950000 2.029629 -0.838296 -0.401841
32.960000 2.020942 -0.899054 -0.401523
32.970000 2.011648 -0.959543 -0.401212
32.980000 2.001751 -1.019744 -0.400906
32.990000 1.991253 -1.079639 -0.400607
33.000000 1.980158 -1.139211 -0.400315
33.010000 1.968469 -1.198440 -0.400030
33.020000 1.956190 -1.257310 -0.399753
33.030000 1.943323 -1.315803 -0.399483
33.040000 1.929874 -1.373900 -0.399222
33.050000 1.915845 -1.431586 -0.398969
33.060000 1.901242 -1.488843 -0.398726
33.070000 1.886068 -1.545652 -0.398491
33.080000 1.870329 -1.601998 -0.398266
33.090000 1.854028 -1.657864 -0.398050
33.100000 1.837171 -1.713232 -0.397844
33.110000 1.819764 -1.768086 -0.397649
33.120000 1.801810 -1.822409 -0.397464
33.130000 1.783315 -1.876186 -0.397290
33.140000 1.764286 -1.929400 -0.397126
33.150000 1.744727 -1.982035 -0.396974
33.160000 1.724645 -2.034076 -0.396832
33.170000 1.704046 -2.085506 -0.396703
33.180000 1.682935 -2.136311 -0.396584
33.190000 1.661320 -2.186475 -0.396478
33.200000 1.639206 -2.235983 -0.396383
33.210000 1.616600 -2.284820 -0.396301
33.220000 1.593509 -2.332971 -0.396230
33.230000 1.569941 -2.380423 -0.396171
33.240000 1.545901 -2.427161 -0.396125
33.250000 1.521397 -2.473170 -0.396091
33.260000 1.496437 -2.518438 -0.396069
33.270000 1.471029 -2.562950 -0.396060
33.280000 1.445178 -2.606693 -0.396063
33.290000 1.418895 -2.649654 -0.396078
33.300000 1.392185 -2.691820 -0.396105
33.310000 1.365058 -2.733179 -0.396145
33.320000 1.337522 -2.773717 -0.396197
33.330000 1.309584 -2.813424 -0.396261
33.340000 1.281253 -2.852287 -0.396338
33.350000 1.252538 -2.890294 -0.396426
33.360000 1.223447 -2.927433 -0.396526
33.370000 1.193990 -2.963695 -0.396638
33.380000 1.164174 -2.999067 -0.396762
33.390000 1.134008 -3.033540 -0.396897
33.400000 1.103503 -3.067103 -0.397043
33.410000 1.072666 -3.099745 -0.397201
33.420000 1.041508 -3.131458 -0.397370
33.430000 1.010037 -3.162231 -0.397549
33.440000 0.978263 -3.192056 -0.397739
33.450000 0.946196 -3.220922 -0.397939
33.460000 0.913845 -3.248823 -0.398149
33.470000 0.881219 -3.275749 -0.398370
33.480000 0.848330 -3.301692 -0.398599
33.490000 0.815186 -3.326645 -0.398838
33.500000 0.781797 -3.350600 -0.399086
33.510000 0.748174 -3.373549 -0.399343
33.520000 0.714326 -3.395487 -0.399608
33.530000 0.680264 -3.416406 -0.399881
33.540000 0.645998 -3.436300 -0.400162
33.550000 0.611538 -3.455163 -0.400451
33.560000 0.576895 -3.472989 -0.400746
33.570000 0.542078 -3.489774 -0.401048
33.580000 0.507099 -3.505511 -0.401357
33.590000 0.471968 -3.520197 -0.401671
33.600000 0.436695 -3.533827 -0.401991
33.610000 0.401291 -3.546397 -0.402316
33.620000 0.365767 -3.557903 -0.402646
33.630000 0.330133 -3.568341 -0.402981
33.640000 0.294400 -3.577709 -0.403320
33.650000 0.258579 -3.586004 -0.403662
33.660000 0.222680 -3.593223 -0.404007
33.670000 0.186715 -3.599364 -0.404355
33.680000 0.150693 -3.604425 -0.404706
33.690000 0.114626 -3.608405 -0.405059
33.700000 0.078525 -3.611302 -0.405413
33.710000 0.042400 -3.613116 -0.405768
33.720000 0.006263 -3.613846 -0.406124
33.730000 -0.029877 -3.613492 -0.406480
33.740000 -0.066007 -3.612053 -0.406836
33.750000 -0.102118 -3.609532 -0.407191
33.760000 -0.138198 -3.605927 -0.407546
33.770000 -0.174236 -3.601240 -0.407899
33.780000 -0.210223 -3.595473 -0.408250
33.790000 -0.246146 -3.588628 -0.408599
33.800000 -0.281995 -3.580706 -0.408945
33.810000 -0.317760 -3.571709 -0.409288
33.820000 -0.353429 -3.561642 -0.409627
33.830000 -0.388993 -3.550505 -0.409963
33.840000 -0.424440 -3.538304 -0.410294
33.850000 -0.459759 -3.525041 -0.410620
33.860000 -0.494940 -3.510720 -0.410941
33.870000 -0.529973 -3.495347 -0.411257
33.880000 -0.564847 -3.478924 -0.411567
33.890000 -0.599552 -3.461458 -0.411870
33.900000 -0.634076 -3.442954 -0.412167
33.910000 -0.668411 -3.423417 -0.412457
33.920000 -0.702545 -3.402852 -0.412740
33.930000 -0.736468 -3.381267 -0.413015
33.940000 -0.770170 -3.358668 -0.413282
33.950000 -0.803641 -3.335060 -0.413540
33.960000 -0.836871 -3.310453 -0.413790
33.970000 -0.869850 -3.284852 -0.414031
33.980000 -0.902568 -3.258266 -0.414263
33.990000 -0.935016 -3.230702 -0.414485
34.000000 -0.967182 -3.202169 -0.414698
34.010000 -0.999059 -3.172675 -0.414900
34.020000 -1.030636 -3.142230 -0.415093
34.030000 -1.061904 -3.110842 -0.415274
34.040000 -1.092853 -3.078520 -0.415445
34.050000 -1.123474 -3.045275 -0.415605
34.060000 -1.153758 -3.011117 -0.415754
34.070000 -1.183696 -2.976055 -0.415892
34.080000 -1.213279 -2.940100 -0.416018
34.090000 -1.242498 -2.903264 -0.416133
34.100000 -1.271345 -2.865556 -0.416236
34.110000 -1.299809 -2.826989 -0.416326
34.120000 -1.327884 -2.787573 -0.416405
34.130000 -1.355561 -2.747322 -0.416472
34.140000 -1.382831 -2.706246 -0.416527
34.150000 -1.409686 -2.664358 -0.416570
34.160000 -1.436118 -2.621671 -0.416600
34.170000 -1.462119 -2.578198 -0.416618
34.180000 -1.487682 -2.533951 -0.416623
34.190000 -1.512798 -2.488943 -0.416617
34.200000 -1.537461 -2.443189 -0.416598
34.210000 -1.561662 -2.396703 -0.416566
34.220000 -1.585395 -2.349497 -0.416523
34.230000 -1.608652 -2.301586 -0.416467
34.240000 -1.631427 -2.252985 -0.416399
34.250000 -1.653712 -2.203708 -0.416319
34.260000 -1.675501 -2.153770 -0.416227
34.270000 -1.696787 -2.103185 -0.416123
34.280000 -1.717564 -2.051970 -0.416007
34.290000 -1.737827 -2.000139 -0.415880
34.300000 -1.757567 -1.947708 -0.415741
34.310000 -1.776781 -1.894693 -0.415591
34.320000 -1.795461 -1.841109 -0.415430
34.330000 -1.813603 -1.786973 -0.415258
34.340000 -1.831201 -1.732301 -0.415076
34.350000 -1.848249 -1.677110 -0.414883
34.360000 -1.864743 -1.621415 -0.414679
34.370000 -1.880677 -1.565233 -0.414466
34.380000 -1.896047 -1.508583 -0.414243
34.390000 -1.910849 -1.451479 -0.414010
34.400000 -1.925077 -1.393940 -0.413768
34.410000 -1.938728 -1.335983 -0.413517
34.420000 -1.951797 -1.277625 -0.413258
34.430000 -1.964280 -1.218884 -0.412990
34.440000 -1.976174 -1.159777 -0.412715
34.450000 -1.987476 -1.100323 -0.412432
34.460000 -1.998181 -1.040538 -0.412141
34.470000 -2.008286 -0.980441 -0.411843
34.480000 -2.017790 -0.920050 -0.411539
34.490000 -2.026687 -0.859382 -0.411229
34.500000 -2.034977 -0.798457 -0.410913
34.510000 -2.042657 -0.737293 -0.410591
34.520000 -2.049723 -0.675907 -0.410264
34.530000 -2.056175 -0.614319 -0.409933
34.540000 -2.062010 -0.552546 -0.409597
34.550000 -2.067226 -0.490608 -0.409257
34.560000 -2.071822 -0.428522 -0.408914
34.570000 -2.075796 -0.366308 -0.408567
34.580000 -2.079148 -0.303983 -0.408218
34.590000 -2.081876 -0.241568 -0.407867
34.600000 -2.083979 -0.179080 -0.407514
34.610000 -2.085457 -0.116539 -0.407160
34.620000 -2.086310 -0.053962 -0.406804
34.630000 -2.086537 0.008631 -0.406448
34.640000 -2.086137 0.071221 -0.406092
34.650000 -2.085112 0.133789 -0.405736
34.660000 -2.083462 0.196318 -0.405381
34.670000 -2.081186 0.258788 -0.405027
34.680000 -2.078286 0.321180 -0.404675
34.690000 -2.074762 0.383476 -0.404324
34.700000 -2.070616 0.445656 -0.403976
34.710000 -2.065849 0.507703 -0.403631
34.720000 -2.060462 0.569598 -0.403289
34.730000 -2.054457 0.631322 -0.402951
34.740000 -2.047836 0.692856 -0.402617
34.750000 -2.040600 0.754183 -0.402287
34.760000 -2.032752 0.815283 -0.401962
34.770000 -2.024294 0.876139 -0.401643
34.780000 -2.015229 0.936731 -0.401329
34.790000 -2.005560 0.997043 -0.401021
34.800000 -1.995288 1.057056 -0.400719
34.810000 -1.984419 1.116752 -0.400424
34.820000 -1.972953 1.176112 -0.400137
34.830000 -1.960896 1.235120 -0.399856
34.840000 -1.948251 1.293757 -0.399584
34.850000 -1.935021 1.352006 -0.399320
34.860000 -1.921211 1.409850 -0.399064
34.870000 -1.906824 1.467270 -0.398817
34.880000 -1.891866 1.524251 -0.398578
34.890000 -1.876339 1.580774 -0.398350
34.900000 -1.860250 1.636822 -0.398130
34.910000 -1.843603 1.692380 -0.397921
34.920000 -1.826402 1.747430 -0.397722
34.930000 -1.808654 1.801956 -0.397533
34.940000 -1.790363 1.855941 -0.397354
34.950000 -1.771535 1.909370 -0.397187
34.960000 -1.752176 1.962226 -0.397030
34.970000 -1.732291 2.014493 -0.396884
34.980000 -1.711886 2.066155 -0.396750
34.990000 -1.690968 2.117198 -0.396628
35.000000 -1.669542 2.167606 -0.396517
35.010000 -1.647616 2.217363 -0.396418
35.020000 -1.625195 2.266455 -0.396330
35.030000 -1.602287 2.314867 -0.396255
35.040000 -1.578898 2.362585 -0.396192
35.050000 -1.555035 2.409594 -0.396141
35.060000 -1.530706 2.455880 -0.396102
35.070000 -1.505917 2.501430 -0.396076
35.080000 -1.480677 2.546229 -0.396062
35.090000 -1.454993 2.590264 -0.396060
35.100000 -1.428872 2.633522 -0.396071
35.110000 -1.402322 2.675989 -0.396093
35.120000 -1.375352 2.717655 -0.396129
35.130000 -1.347969 2.758504 -0.396176
35.140000 -1.320182 2.798527 -0.396236
35.150000 -1.291999 2.837709 -0.396307
35.160000 -1.263428 2.876041 -0.396391
35.170000 -1.234478 2.913509 -0.396487
35.180000 -1.205158 2.950104 -0.396595
35.190000 -1.175476 2.985813 -0.396714
35.200000 -1.145441 3.020627 -0.396845
35.210000 -1.115063 3.054535 -0.396987
35.220000 -1.084351 3.087526 -0.397140
35.230000 -1.053313 3.119591 -0.397305
35.240000 -1.021959 3.150720 -0.397480
35.250000 -0.990298 3.180904 -0.397666
35.260000 -0.958341 3.210133 -0.397862
35.270000 -0.926096 3.238400 -0.398069
35.280000 -0.893573 3.265695 -0.398285
35.290000 -0.860782 3.292010 -0.398511
35.300000 -0.827732 3.317338 -0.398747
35.310000 -0.794435 3.341670 -0.398992
35.320000 -0.760899 3.365000 -0.399245
35.330000 -0.727135 3.387321 -0.399507
35.340000 -0.693153 3.408625 -0.399777
35.350000 -0.658962 3.428907 -0.400055
35.360000 -0.624574 3.448160 -0.400341
35.370000 -0.589999 3.466379 -0.400634
35.380000 -0.555247 3.483557 -0.400933
35.390000 -0.520328 3.499691 -0.401239
35.400000 -0.485253 3.514775 -0.401552
35.410000 -0.450033 3.528804 -0.401870
35.420000 -0.414677 3.541775 -0.402193
35.430000 -0.379197 3.553683 -0.402521
35.440000 -0.343603 3.564525 -0.402854
35.450000 -0.307907 3.574297 -0.403191
35.460000 -0.272117 3.582998 -0.403532
35.470000 -0.236247 3.590623 -0.403876
35.480000 -0.200305 3.597172 -0.404224
35.490000 -0.164303 3.602641 -0.404573
35.500000 -0.128252 3.607029 -0.404925
35.510000 -0.092163 3.610335 -0.405279
35.520000 -0.056045 3.612558 -0.405634
35.530000 -0.019911 3.613698 -0.405989
35.540000 0.016229 3.613753 -0.406345
35.550000 0.052364 3.612724 -0.406702
35.560000 0.088483 3.610611 -0.407057
35.570000 0.124576 3.607415 -0.407412
35.580000 0.160631 3.603137 -0.407766
35.590000 0.196639 3.597778 -0.408117
35.600000 0.232587 3.591340 -0.408467
35.610000 0.268465 3.583824 -0.408814
35.620000 0.304263 3.575233 -0.409158
35.630000 0.339970 3.565570 -0.409499
35.640000 0.375575 3.554836 -0.409836
35.650000 0.411067 3.543037 -0.410169
35.660000 0.446435 3.530174 -0.410497
35.670000 0.481670 3.516253 -0.410821
35.680000 0.516761 3.501276 -0.411138
35.690000 0.551696 3.485249 -0.411451
35.700000 0.586466 3.468177 -0.411757
35.710000 0.621059 3.450064 -0.412056
35.720000 0.655467 3.430916 -0.412349
35.730000 0.689678 3.410739 -0.412634
35.740000 0.723682 3.389539 -0.412912
35.750000 0.757468 3.367321 -0.413182
35.760000 0.791028 3.344094 -0.413444
35.770000 0.824350 3.319863 -0.413697
35.780000 0.857425 3.294637 -0.413941
35.790000 0.890243 3.268422 -0.414177
35.800000 0.922794 3.241226 -0.414403
35.810000 0.955068 3.213058 -0.414619
35.820000 0.987055 3.183926 -0.414825
35.830000 1.018746 3.153839 -0.415021
35.840000 1.050132 3.122806 -0.415207
35.850000 1.081202 3.090836 -0.415382
35.860000 1.111948 3.057939 -0.415546
35.870000 1.142361 3.024124 -0.415699
35.880000 1.172431 2.989402 -0.415841
35.890000 1.202149 2.953784 -0.415972
35.900000 1.231507 2.917279 -0.416091
35.910000 1.260495 2.879899 -0.416198
35.920000 1.289105 2.841655 -0.416294
35.930000 1.317328 2.802558 -0.416377
35.940000 1.345156 2.762621 -0.416449
35.950000 1.372580 2.721855 -0.416508
35.960000 1.399593 2.680272 -0.416555
35.970000 1.426186 2.637886 -0.416590
35.980000 1.452351 2.594708 -0.416613
35.990000 1.478080 2.550751 -0.416623
36.000000 1.503366 2.506030 -0.416621
36.010000 1.528200 2.460556 -0.416606
36.020000 1.552577 2.414344 -0.416580
36.030000 1.576487 2.367409 -0.416541
36.040000 1.599925 2.319762 -0.416489
36.050000 1.622882 2.271420 -0.416426
36.060000 1.645353 2.222397 -0.416350
36.070000 1.667330 2.172706 -0.416263
36.080000 1.688807 2.122364 -0.416164
36.090000 1.709778 2.071386 -0.416052
36.100000 1.730235 2.019785 -0.415929
36.110000 1.750173 1.967579 -0.415795
36.120000 1.769587 1.914783 -0.415649
36.130000 1.788469 1.861412 -0.415492
36.140000 1.806815 1.807483 -0.415325
36.150000 1.824619 1.753011 -0.415146
36.160000 1.841875 1.698014 -0.414957
36.170000 1.858579 1.642507 -0.414757
36.180000 1.874725 1.586507 -0.414548
36.190000 1.890309 1.530032 -0.414328
36.200000 1.905326 1.473097 -0.414099
36.210000 1.919771 1.415721 -0.413861
36.220000 1.933640 1.357920 -0.413613
36.230000 1.946930 1.299711 -0.413357
36.240000 1.959635 1.241113 -0.413093
36.250000 1.971752 1.182142 -0.412820
36.260000 1.983277 1.122817 -0.412539
36.270000 1.994208 1.063154 -0.412252
36.280000 2.004541 1.003173 -0.411957
36.290000 2.014272 0.942891 -0.411655
36.300000 2.023398 0.882326 -0.411347
36.310000 2.031918 0.821496 -0.411033
36.320000 2.039828 0.760420 -0.410713
36.330000 2.047126 0.699116 -0.410388
36.340000 2.053811 0.637602 -0.410058
36.350000 2.059878 0.575896 -0.409724
36.360000 2.065328 0.514018 -0.409386
36.370000 2.070159 0.451986 -0.409044
36.380000 2.074368 0.389818 -0.408699
36.390000 2.077955 0.327533 -0.408351
36.400000 2.080919 0.265150 -0.408000
36.410000 2.083258 0.202687 -0.407648
36.420000 2.084973 0.140164 -0.407294
36.430000 2.086061 0.077598 -0.406938
36.440000 2.086525 0.015009 -0.406583
36.450000 2.086362 -0.047584 -0.406226
36.460000 2.085573 -0.110163 -0.405870
36.470000 2.084158 -0.172709 -0.405515
36.480000 2.082119 -0.235203 -0.405160
36.490000 2.079454 -0.297627 -0.404807
36.500000 2.076166 -0.359961 -0.404456
36.510000 2.072255 -0.422187 -0.404107
36.520000 2.067722 -0.484287 -0.403761
36.530000 2.062569 -0.546241 -0.403418
36.540000 2.056798 -0.608032 -0.403078
36.550000 2.050409 -0.669640 -0.402742
36.560000 2.043405 -0.731047 -0.402411
36.570000 2.035788 -0.792235 -0.402084
36.580000 2.027560 -0.853185 -0.401763
36.590000 2.018724 -0.913879 -0.401447
36.600000 2.009283 -0.974299 -0.401136
36.610000 1.999238 -1.034427 -0.400832
36.620000 1.988594 -1.094245 -0.400535
36.630000 1.977353 -1.153734 -0.400245
36.640000 1.965519 -1.212877 -0.399961
36.650000 1.953096 -1.271656 -0.399686
36.660000 1.940086 -1.330054 -0.399419
36.670000 1.926495 -1.388053 -0.399159
36.680000 1.912325 -1.445635 -0.398909
36.690000 1.897582 -1.502784 -0.398667
36.700000 1.882269 -1.559481 -0.398435
36.710000 1.866392 -1.615711 -0.398212
36.720000 1.849955 -1.671457 -0.397999
36.730000 1.832963 -1.726700 -0.397796
36.740000 1.815421 -1.781426 -0.397603
36.750000 1.797335 -1.835617 -0.397420
36.760000 1.778709 -1.889258 -0.397249
36.770000 1.759549 -1.942332 -0.397088
36.780000 1.739862 -1.994823 -0.396938
36.790000 1.719653 -2.046716 -0.396800
36.800000 1.698928 -2.097995 -0.396673
36.810000 1.677693 -2.148644 -0.396557
36.820000 1.655955 -2.198649 -0.396454
36.830000 1.633720 -2.247994 -0.396362
36.840000 1.610995 -2.296664 -0.396282
36.850000 1.587787 -2.344646 -0.396214
36.860000 1.564102 -2.391925 -0.396159
36.870000 1.539948 -2.438485 -0.396116
36.880000 1.515333 -2.484315 -0.396084
36.890000 1.490262 -2.529398 -0.396066
36.900000 1.464745 -2.573724 -0.396059
36.910000 1.438788 -2.617277 -0.396065
36.920000 1.412399 -2.660044 -0.396083
36.930000 1.385587 -2.702014 -0.396114
36.940000 1.358359 -2.743173 -0.396157
36.950000 1.330723 -2.783510 -0.396212
36.960000 1.302689 -2.823011 -0.396279
36.970000 1.274263 -2.861665 -0.396358
36.980000 1.245455 -2.899461 -0.396449
36.990000 1.216274 -2.936387 -0.396553
37.000000 1.186728 -2.972432 -0.396667
37.010000 1.156825 -3.007585 -0.396794
37.020000 1.126576 -3.041836 -0.396932
37.030000 1.095988 -3.075174 -0.397081
37.040000 1.065072 -3.107590 -0.397241
37.050000 1.033837 -3.139074 -0.397413
37.060000 1.002291 -3.169616 -0.397595
37.070000 0.970444 -3.199207 -0.397787
37.080000 0.938307 -3.227838 -0.397990
37.090000 0.905888 -3.255501 -0.398202
37.100000 0.873197 -3.282187 -0.398425
37.110000 0.840244 -3.307889 -0.398657
37.120000 0.807039 -3.332598 -0.398898
37.130000 0.773592 -3.356308 -0.399148
37.140000 0.739913 -3.379010 -0.399407
37.150000 0.706012 -3.400699 -0.399674
37.160000 0.671899 -3.421368 -0.399949
37.170000 0.637584 -3.441010 -0.400232
37.180000 0.603079 -3.459620 -0.400522
37.190000 0.568392 -3.477192 -0.400819
37.200000 0.533535 -3.493721 -0.401123
37.210000 0.498517 -3.509202 -0.401433
37.220000 0.463351 -3.523630 -0.401749
37.230000 0.428045 -3.537001 -0.402070
37.240000 0.392611 -3.549311 -0.402397
37.250000 0.357059 -3.560556 -0.402728
37.260000 0.321400 -3.570732 -0.403064
37.270000 0.285644 -3.579838 -0.403403
37.280000 0.249803 -3.587870 -0.403746
37.290000 0.213887 -3.594825 -0.404092
37.300000 0.177906 -3.600702 -0.404441
37.310000 0.141873 -3.605499 -0.404792
37.320000 0.105796 -3.609214 -0.405145
37.330000 0.069688 -3.611846 -0.405500
37.340000 0.033559 -3.613395 -0.405855
37.350000 -0.002580 -3.613859 -0.406211
37.360000 -0.038718 -3.613240 -0.406567
37.370000 -0.074844 -3.611537 -0.406923
37.380000 -0.110949 -3.608750 -0.407278
37.390000 -0.147019 -3.604880 -0.407632
37.400000 -0.183046 -3.599929 -0.407985
37.410000 -0.219018 -3.593898 -0.408335
37.420000 -0.254924 -3.586789 -0.408684
37.430000 -0.290754 -3.578604 -0.409029
37.440000 -0.326496 -3.569345 -0.409371
37.450000 -0.362141 -3.559016 -0.409709
37.460000 -0.397676 -3.547618 -0.410044
37.470000 -0.433093 -3.535157 -0.410374
37.480000 -0.468380 -3.521635 -0.410699
37.490000 -0.503526 -3.507056 -0.411019
37.500000 -0.538521 -3.491425 -0.411333
37.510000 -0.573354 -3.474747 -0.411642
37.520000 -0.608016 -3.457027 -0.411944
37.530000 -0.642495 -3.438269 -0.412239
37.540000 -0.676781 -3.418480 -0.412527
37.550000 -0.710864 -3.397665 -0.412808
37.560000 -0.744734 -3.375831 -0.413081
37.570000 -0.778381 -3.352985 -0.413346
37.580000 -0.811794 -3.329132 -0.413602
37.590000 -0.844964 -3.304281 -0.413850
37.600000 -0.877880 -3.278438 -0.414089
37.610000 -0.910532 -3.251612 -0.414318
37.620000 -0.942912 -3.223810 -0.414538
37.630000 -0.975009 -3.195041 -0.414748
37.640000 -1.006813 -3.165314 -0.414948
37.650000 -1.038315 -3.134637 -0.415138
37.660000 -1.069505 -3.103020 -0.415317
37.670000 -1.100375 -3.070472 -0.415485
37.680000 -1.130915 -3.037002 -0.415643
37.690000 -1.161115 -3.002622 -0.415789
37.700000 -1.190967 -2.967340 -0.415924
37.710000 -1.220462 -2.931169 -0.416047
37.720000 -1.249591 -2.894118 -0.416159
37.730000 -1.278344 -2.856199 -0.416259
37.740000 -1.306715 -2.817423 -0.416347
37.750000 -1.334693 -2.777802 -0.416423
37.760000 -1.362271 -2.737348 -0.416487
37.770000 -1.389440 -2.696072 -0.416539
37.780000 -1.416192 -2.653988 -0.416578
37.790000 -1.442520 -2.611107 -0.416605
37.800000 -1.468414 -2.567443 -0.416620
37.810000 -1.493868 -2.523009 -0.416623
37.820000 -1.518874 -2.477818 -0.416613
37.830000 -1.543425 -2.431883 -0.416591
37.840000 -1.567512 -2.385219 -0.416557
37.850000 -1.591129 -2.337839 -0.416510
37.860000 -1.614269 -2.289758 -0.416451
37.870000 -1.636924 -2.240991 -0.416380
37.880000 -1.659089 -2.191550 -0.416297
37.890000 -1.680755 -2.141453 -0.416202
37.900000 -1.701918 -2.090713 -0.416096
37.910000 -1.722570 -2.039345 -0.415977
37.920000 -1.742705 -1.987366 -0.415847
37.930000 -1.762317 -1.934791 -0.415706
37.940000 -1.781401 -1.881635 -0.415553
37.950000 -1.799950 -1.827915 -0.415389
37.960000 -1.817959 -1.773646 -0.415215
37.970000 -1.835423 -1.718845 -0.415029
37.980000 -1.852336 -1.663529 -0.414834
37.990000 -1.868693 -1.607714 -0.414628
38.000000 -1.884490 -1.551416 -0.414412
38.010000 -1.899721 -1.494653 -0.414187
38.020000 -1.914383 -1.437441 -0.413952
38.030000 -1.928470 -1.379798 -0.413708
38.040000 -1.941979 -1.321742 -0.413455
38.050000 -1.954905 -1.263288 -0.413193
38.060000 -1.967245 -1.204456 -0.412924
38.070000 -1.978994 -1.145263 -0.412646
38.080000 -1.990150 -1.085725 -0.412361
38.090000 -2.000709 -1.025862 -0.412069
38.100000 -2.010667 -0.965692 -0.411770
38.110000 -2.020023 -0.905231 -0.411464
38.120000 -2.028772 -0.844500 -0.411152
38.130000 -2.036913 -0.783514 -0.410834
38.140000 -2.044442 -0.722294 -0.410511
38.150000 -2.051358 -0.660857 -0.410183
38.160000 -2.057659 -0.599222 -0.409851
38.170000 -2.063343 -0.537407 -0.409514
38.180000 -2.068407 -0.475430 -0.409173
38.190000 -2.072852 -0.413312 -0.408829
38.200000 -2.076674 -0.351069 -0.408482
38.210000 -2.079873 -0.288720 -0.408133
38.220000 -2.082448 -0.226286 -0.407781
38.230000 -2.084399 -0.163783 -0.407427
38.240000 -2.085724 -0.101231 -0.407073
38.250000 -2.086423 -0.038649 -0.406717
38.260000 -2.086497 0.023945 -0.406361
38.270000 -2.085944 0.086532 -0.406005
38.280000 -2.084766 0.149092 -0.405649
38.290000 -2.082962 0.211608 -0.405294
38.300000 -2.080534 0.274061 -0.404941
38.310000 -2.077481 0.336431 -0.404589
38.320000 -2.073805 0.398700 -0.404239
38.330000 -2.069507 0.460850 -0.403891
38.340000 -2.064588 0.522861 -0.403547
38.350000 -2.059050 0.584716 -0.403206
38.360000 -2.052894 0.646395 -0.402869
38.370000 -2.046122 0.707880 -0.402536
38.380000 -2.038736 0.769153 -0.402207
38.390000 -2.030739 0.830195 -0.401884
38.400000 -2.022133 0.890988 -0.401565
38.410000 -2.012919 0.951514 -0.401253
38.420000 -2.003102 1.011754 -0.400946
38.430000 -1.992684 1.071691 -0.400646
38.440000 -1.981668 1.131306 -0.400353
38.450000 -1.970058 1.190582 -0.400067
38.460000 -1.957857 1.249501 -0.399789
38.470000 -1.945068 1.308045 -0.399519
38.480000 -1.931696 1.366196 -0.399256
38.490000 -1.917744 1.423938 -0.399002
38.500000 -1.903217 1.481252 -0.398757
38.510000 -1.888119 1.538122 -0.398522
38.520000 -1.872455 1.594531 -0.398295
38.530000 -1.856228 1.650461 -0.398078
38.540000 -1.839445 1.705896 -0.397871
38.550000 -1.822111 1.760820 -0.397674
38.560000 -1.804229 1.815215 -0.397488
38.570000 -1.785806 1.869065 -0.397312
38.580000 -1.766848 1.922355 -0.397147
38.590000 -1.747359 1.975068 -0.396993
38.600000 -1.727346 2.027189 -0.396851
38.610000 -1.706815 2.078701 -0.396719
38.620000 -1.685772 2.129590 -0.396600
38.630000 -1.664224 2.179840 -0.396491
38.640000 -1.642176 2.229436 -0.396395
38.650000 -1.619635 2.278363 -0.396311
38.660000 -1.596608 2.326607 -0.396239
38.670000 -1.573103 2.374153 -0.396178
38.680000 -1.549125 2.420986 -0.396130
38.690000 -1.524683 2.467093 -0.396095
38.700000 -1.499783 2.512460 -0.396071
38.710000 -1.474434 2.557073 -0.396060
38.720000 -1.448642 2.600919 -0.396061
38.730000 -1.422415 2.643985 -0.396075
38.740000 -1.395762 2.686258 -0.396101
38.750000 -1.368690 2.727725 -0.396139
38.760000 -1.341208 2.768373 -0.396190
38.770000 -1.313323 2.808191 -0.396252
38.780000 -1.285044 2.847167 -0.396327
38.790000 -1.256379 2.885288 -0.396414
38.800000 -1.227338 2.922544 -0.396512
38.810000 -1.197929 2.958923 -0.396623
38.820000 -1.168160 2.994414 -0.396745
38.830000 -1.138040 3.029007 -0.396878
38.840000 -1.107580 3.062691 -0.397023
38.850000 -1.076786 3.095457 -0.397180
38.860000 -1.045670 3.127294 -0.397347
38.870000 -1.014241 3.158192 -0.397525
38.880000 -0.982507 3.188144 -0.397713
38.890000 -0.950478 3.217138 -0.397912
38.900000 -0.918164 3.245168 -0.398121
38.910000 -0.885574 3.272224 -0.398340
38.920000 -0.852719 3.298299 -0.398568
38.930000 -0.819608 3.323383 -0.398806
38.940000 -0.786252 3.347471 -0.399053
38.950000 -0.752659 3.370555 -0.399308
38.960000 -0.718841 3.392627 -0.399572
38.970000 -0.684806 3.413682 -0.399844
38.980000 -0.650567 3.433713 -0.400124
38.990000 -0.616132 3.452713 -0.400412
39.000000 -0.581513 3.470678 -0.400706
39.010000 -0.546719 3.487601 -0.401008
39.020000 -0.511761 3.503479 -0.401315
39.030000 -0.476649 3.518305 -0.401629
39.040000 -0.441394 3.532075 -0.401948
39.050000 -0.406008 3.544786 -0.402273
39.060000 -0.370499 3.556434 -0.402602
39.070000 -0.334879 3.567015 -0.402936
39.080000 -0.299158 3.576525 -0.403274
39.090000 -0.263348 3.584963 -0.403616
39.100000 -0.227459 3.592325 -0.403961
39.110000 -0.191502 3.598609 -0.404309
39.120000 -0.155487 3.603814 -0.404659
39.130000 -0.119426 3.607938 -0.405012
39.140000 -0.083328 3.610979 -0.405366
39.150000 -0.047206 3.612937 -0.405721
39.160000 -0.011070 3.613811 -0.406076
39.170000 0.025070 3.613601 -0.406433
39.180000 0.061203 3.612307 -0.406789
39.190000 0.097316 3.609929 -0.407144
39.200000 0.133401 3.606469 -0.407499
39.210000 0.169446 3.601926 -0.407852
39.220000 0.205440 3.596303 -0.408203
39.230000 0.241372 3.589601 -0.408552
39.240000 0.277232 3.581821 -0.408899
39.250000 0.313008 3.572968 -0.409242
39.260000 0.348691 3.563042 -0.409582
39.270000 0.384269 3.552048 -0.409918
39.280000 0.419732 3.539988 -0.410250
39.290000 0.455069 3.526866 -0.410577
39.300000 0.490269 3.512686 -0.410899
39.310000 0.525323 3.497452 -0.411215
39.320000 0.560218 3.481169 -0.411526
39.330000 0.594946 3.463841 -0.411830
39.340000 0.629495 3.445475 -0.412128
39.350000 0.663855 3.426075 -0.412419
39.360000 0.698017 3.405646 -0.412703
39.370000 0.731968 3.384197 -0.412979
39.380000 0.765701 3.361732 -0.413247
39.390000 0.799203 3.338258 -0.413506
39.400000 0.832466 3.313783 -0.413758
39.410000 0.865479 3.288314 -0.414000
39.420000 0.898232 3.261858 -0.414233
39.430000 0.930716 3.234424 -0.414456
39.440000 0.962920 3.206019 -0.414670
39.450000 0.994836 3.176653 -0.414874
39.460000 1.026454 3.146334 -0.415068
39.470000 1.057763 3.115071 -0.415251
39.480000 1.088755 3.082873 -0.415423
39.490000 1.119420 3.049750 -0.415585
39.500000 1.149750 3.015713 -0.415735
39.510000 1.179735 2.980770 -0.415874
39.520000 1.209365 2.944934 -0.416002
39.530000 1.238633 2.908214 -0.416118
39.540000 1.267530 2.870621 -0.416223
39.550000 1.296046 2.832168 -0.416315
39.560000 1.324173 2.792864 -0.416396
39.570000 1.351903 2.752723 -0.416464
39.580000 1.379227 2.711756 -0.416521
39.590000 1.406138 2.669976 -0.416565
39.600000 1.432627 2.627394 -0.416597
39.610000 1.458686 2.584025 -0.416616
39.620000 1.484307 2.539880 -0.416623
39.630000 1.509484 2.494973 -0.416618
39.640000 1.534207 2.449318 -0.416601
39.650000 1.558470 2.402927 -0.416571
39.660000 1.582266 2.355816 -0.416529
39.670000 1.605586 2.307999 -0.416475
39.680000 1.628425 2.259488 -0.416409
39.690000 1.650776 2.210300 -0.416330
39.700000 1.672631 2.160449 -0.416240
39.710000 1.693985 2.109950 -0.416137
39.720000 1.714830 2.058818 -0.416023
39.730000 1.735161 2.007068 -0.415898
39.740000 1.754972 1.954716 -0.415760
39.750000 1.774256 1.901778 -0.415612
39.760000 1.793007 1.848269 -0.415452
39.770000 1.811221 1.794205 -0.415282
39.780000 1.828891 1.739603 -0.415101
39.790000 1.846013 1.684480 -0.414909
39.800000 1.862581 1.628851 -0.414707
39.810000 1.878590 1.572733 -0.414495
39.820000 1.894036 1.516144 -0.414273
39.830000 1.908913 1.459100 -0.414042
39.840000 1.923218 1.401618 -0.413801
39.850000 1.936945 1.343715 -0.413551
39.860000 1.950092 1.285410 -0.413293
39.870000 1.962654 1.226719 -0.413027
39.880000 1.974626 1.167659 -0.412752
39.890000 1.986007 1.108250 -0.412470
39.900000 1.996791 1.048508 -0.412180
39.910000 2.006977 0.988451 -0.411883
39.920000 2.016560 0.928098 -0.411580
39.930000 2.025539 0.867467 -0.411271
39.940000 2.033910 0.806575 -0.410955
39.950000 2.041670 0.745441 -0.410634
39.960000 2.048819 0.684084 -0.410308
39.970000 2.055352 0.622522 -0.409977
39.980000 2.061269 0.560772 -0.409642
39.990000 2.066568 0.498855 -0.409302
40.000000 2.071246 0.436787 -0.408960
40.010000 2.075303 0.374589 -0.408614
40.020000 2.078738 0.312279 -0.408265
40.030000 2.081549 0.249874 -0.407914
40.040000 2.083735 0.187395 -0.407561
40.050000 2.085297 0.124860 -0.407207
40.060000 2.086233 0.062287 -0.406851
40.070000 2.086543 -0.000305 -0.406495
40.080000 2.086227 -0.062897 -0.406139
40.090000 2.085285 -0.125469 -0.405783
40.100000 2.083717 -0.188004 -0.405428
40.110000 2.081525 -0.250483 -0.405074
40.120000 2.078707 -0.312886 -0.404721
40.130000 2.075267 -0.375196 -0.404371
40.140000 2.071204 -0.437393 -0.404022
40.150000 2.066519 -0.499459 -0.403677
40.160000 2.061214 -0.561375 -0.403334
40.170000 2.055291 -0.623122 -0.402996
40.180000 2.048752 -0.684683 -0.402661
40.190000 2.041598 -0.746038 -0.402331
40.200000 2.033831 -0.807170 -0.402005
40.210000 2.025454 -0.868059 -0.401685
40.220000 2.016470 -0.928688 -0.401370
40.230000 2.006881 -0.989038 -0.401061
40.240000 1.996689 -1.049092 -0.400759
40.250000 1.985899 -1.108831 -0.400463
40.260000 1.974513 -1.168237 -0.400175
40.270000 1.962534 -1.227292 -0.399893
40.280000 1.949967 -1.285980 -0.399620
40.290000 1.936814 -1.344282 -0.399354
40.300000 1.923081 -1.402180 -0.399097
40.310000 1.908771 -1.459658 -0.398849
40.320000 1.893888 -1.516698 -0.398610
40.330000 1.878437 -1.573283 -0.398379
40.340000 1.862422 -1.629396 -0.398159
40.350000 1.845849 -1.685020 -0.397948
40.360000 1.828722 -1.740138 -0.397747
40.370000 1.811046 -1.794735 -0.397557
40.380000 1.792827 -1.848793 -0.397377
40.390000 1.774070 -1.902296 -0.397208
40.400000 1.754781 -1.955229 -0.397050
40.410000 1.734966 -2.007575 -0.396903
40.420000 1.714630 -2.059319 -0.396768
40.430000 1.693779 -2.110445 -0.396643
40.440000 1.672421 -2.160938 -0.396531
40.450000 1.650561 -2.210783 -0.396430
40.460000 1.628205 -2.259964 -0.396341
40.470000 1.605361 -2.308468 -0.396264
40.480000 1.582036 -2.356279 -0.396200
40.490000 1.558236 -2.403383 -0.396147
40.500000 1.533968 -2.449766 -0.396107
40.510000 1.509240 -2.495414 -0.396079
40.520000 1.484060 -2.540314 -0.396063
40.530000 1.458434 -2.584451 -0.396060
40.540000 1.432371 -2.627813 -0.396068
40.550000 1.405878 -2.670387 -0.396090
40.560000 1.378963 -2.712160 -0.396123
40.570000 1.351635 -2.753119 -0.396169
40.580000 1.323901 -2.793252 -0.396227
40.590000 1.295770 -2.832547 -0.396297
40.600000 1.267250 -2.870992 -0.396379
40.610000 1.238350 -2.908576 -0.396474
40.620000 1.209078 -2.945287 -0.396580
40.630000 1.179444 -2.981115 -0.396697
40.640000 1.149456 -3.016049 -0.396827
40.650000 1.119123 -3.050077 -0.396967
40.660000 1.088455 -3.083191 -0.397119
40.670000 1.057459 -3.115380 -0.397282
40.680000 1.026147 -3.146634 -0.397456
40.690000 0.994527 -3.176944 -0.397641
40.700000 0.962608 -3.206301 -0.397836
40.710000 0.930401 -3.234696 -0.398041
40.720000 0.897914 -3.262121 -0.398256
40.730000 0.865158 -3.288567 -0.398481
40.740000 0.832143 -3.314026 -0.398715
40.750000 0.798878 -3.338492 -0.398959
40.760000 0.765373 -3.361955 -0.399211
40.770000 0.731639 -3.384411 -0.399472
40.780000 0.697685 -3.405850 -0.399741
40.790000 0.663522 -3.426269 -0.400018
40.800000 0.629159 -3.445659 -0.400302
40.810000 0.594608 -3.464015 -0.400594
40.820000 0.559879 -3.481333 -0.400893
40.830000 0.524982 -3.497606 -0.401198
40.840000 0.489927 -3.512829 -0.401510
40.850000 0.454725 -3.526999 -0.401827
40.860000 0.419387 -3.540111 -0.402150
40.870000 0.383923 -3.552160 -0.402477
40.880000 0.348344 -3.563144 -0.402810
40.890000 0.312660 -3.573059 -0.403146
40.900000 0.276883 -3.581902 -0.403487
40.910000 0.241022 -3.589671 -0.403830
40.920000 0.205089 -3.596363 -0.404177
40.930000 0.169095 -3.601975 -0.404527
40.940000 0.133050 -3.606508 -0.404878
40.950000 0.096965 -3.609958 -0.405232
40.960000 0.060850 -3.612325 -0.405586
40.970000 0.024718 -3.613609 -0.405942
40.980000 -0.011422 -3.613808 -0.406298
40.990000 -0.047558 -3.612923 -0.406654
41.000000 -0.083680 -3.610955 -0.407010
41.010000 -0.119777 -3.607903 -0.407365
41.020000 -0.155838 -3.603769 -0.407719
41.030000 -0.191853 -3.598553 -0.408071
41.040000 -0.227809 -3.592258 -0.408421
41.050000 -0.263698 -3.584886 -0.408768
41.060000 -0.299507 -3.576438 -0.409113
41.070000 -0.335226 -3.566917 -0.409454
41.080000 -0.370845 -3.556326 -0.409792
41.090000 -0.406353 -3.544668 -0.410125
41.100000 -0.441739 -3.531946 -0.410454
41.110000 -0.476992 -3.518165 -0.410778
41.120000 -0.512102 -3.503329 -0.411096
41.130000 -0.547058 -3.487442 -0.411409
41.140000 -0.581851 -3.470508 -0.411716
41.150000 -0.616469 -3.452533 -0.412017
41.160000 -0.650901 -3.433523 -0.412310
41.170000 -0.685139 -3.413482 -0.412596
41.180000 -0.719171 -3.392417 -0.412875
41.190000 -0.752987 -3.370335 -0.413146
41.200000 -0.786578 -3.347241 -0.413409
41.210000 -0.819932 -3.323144 -0.413664
41.220000 -0.853041 -3.298049 -0.413909
41.230000 -0.885893 -3.271965 -0.414146
41.240000 -0.918480 -3.244900 -0.414373
41.250000 -0.950791 -3.216861 -0.414591
41.260000 -0.982817 -3.187856 -0.414798
41.270000 -1.014548 -3.157896 -0.414996
41.280000 -1.045975 -3.126988 -0.415183
41.290000 -1.077088 -3.095142 -0.415359
41.300000 -1.107878 -3.062368 -0.415525
41.310000 -1.138335 -3.028674 -0.415680
41.320000 -1.168451 -2.994073 -0.415823
41.330000 -1.198217 -2.958573 -0.415955
41.340000 -1.227623 -2.922185 -0.416076
41.350000 -1.256661 -2.884921 -0.416184
41.360000 -1.285321 -2.846791 -0.416282
41.370000 -1.313596 -2.807807 -0.416367
41.380000 -1.341477 -2.767981 -0.416440
41.390000 -1.368956 -2.727325 -0.416501
41.400000 -1.396024 -2.685850 -0.416549
41.410000 -1.422673 -2.643569 -0.416586
41.420000 -1.448895 -2.600496 -0.416610
41.430000 -1.474683 -2.556642 -0.416622
41.440000 -1.500028 -2.512022 -0.416622
41.450000 -1.524923 -2.466647 -0.416609
41.460000 -1.549361 -2.420533 -0.416584
41.470000 -1.573334 -2.373693 -0.416547
41.480000 -1.596835 -2.326140 -0.416497
41.490000 -1.619857 -2.277890 -0.416435
41.500000 -1.642393 -2.228956 -0.416361
41.510000 -1.664436 -2.179354 -0.416275
41.520000 -1.685980 -2.129097 -0.416177
41.530000 -1.707018 -2.078202 -0.416068
41.540000 -1.727544 -2.026684 -0.415946
41.550000 -1.747552 -1.974557 -0.415814
41.560000 -1.767035 -1.921839 -0.415669
41.570000 -1.785988 -1.868543 -0.415514
41.580000 -1.804406 -1.814687 -0.415348
41.590000 -1.822282 -1.760287 -0.415170
41.600000 -1.839612 -1.705359 -0.414983
41.610000 -1.856389 -1.649919 -0.414784
41.620000 -1.872610 -1.593984 -0.414576
41.630000 -1.888269 -1.537570 -0.414358
41.640000 -1.903361 -1.480696 -0.414130
41.650000 -1.917883 -1.423377 -0.413893
41.660000 -1.931829 -1.365632 -0.413647
41.670000 -1.945196 -1.307476 -0.413392
41.680000 -1.957979 -1.248929 -0.413128
41.690000 -1.970174 -1.190006 -0.412857
41.700000 -1.981779 -1.130727 -0.412577
41.710000 -1.992789 -1.071109 -0.412290
41.720000 -2.003201 -1.011169 -0.411996
41.730000 -2.013012 -0.950926 -0.411695
41.740000 -2.022219 -0.890397 -0.411388
41.750000 -2.030820 -0.829602 -0.411075
41.760000 -2.038811 -0.768557 -0.410756
41.770000 -2.046191 -0.707282 -0.410432
41.780000 -2.052957 -0.645795 -0.410102
41.790000 -2.059107 -0.584114 -0.409769
41.800000 -2.064639 -0.522258 -0.409431
41.810000 -2.069552 -0.460245 -0.409089
41.820000 -2.073844 -0.398094 -0.408745
41.830000 -2.077514 -0.335823 -0.408397
41.840000 -2.080561 -0.273452 -0.408047
41.850000 -2.082983 -0.210999 -0.407695
41.860000 -2.084781 -0.148483 -0.407341
41.870000 -2.085953 -0.085922 -0.406986
41.880000 -2.086499 -0.023335 -0.406630
41.890000 -2.086419 0.039259 -0.406274
41.900000 -2.085714 0.101841 -0.405918
41.910000 -2.084383 0.164392 -0.405562
41.920000 -2.082426 0.226894 -0.405208
41.930000 -2.079845 0.289328 -0.404854
41.940000 -2.076639 0.351676 -0.404503
41.950000 -2.072811 0.413918 -0.404154
41.960000 -2.068361 0.476035 -0.403807
41.970000 -2.063291 0.538010 -0.403463
41.980000 -2.057601 0.599823 -0.403123
41.990000 -2.051294 0.661457 -0.402787
42.000000 -2.044372 0.722892 -0.402455
42.010000 -2.036836 0.784110 -0.402127
42.020000 -2.028690 0.845093 -0.401805
42.030000 -2.019934 0.905822 -0.401488
42.040000 -2.010573 0.966280 -0.401177
42.050000 -2.000609 1.026447 -0.400872
42.060000 -1.990044 1.086307 -0.400574
42.070000 -1.978883 1.145841 -0.400283
42.080000 -1.967127 1.205031 -0.399999
42.090000 -1.954782 1.263860 -0.399722
42.100000 -1.941850 1.322309 -0.399454
42.110000 -1.928336 1.380362 -0.399193
42.120000 -1.914243 1.438001 -0.398942
42.130000 -1.899576 1.495208 -0.398699
42.140000 -1.884339 1.551967 -0.398465
42.150000 -1.868536 1.608260 -0.398241
42.160000 -1.852174 1.664071 -0.398027
42.170000 -1.835255 1.719382 -0.397822
42.180000 -1.817786 1.774178 -0.397628
42.190000 -1.799771 1.828441 -0.397444
42.200000 -1.781217 1.882156 -0.397271
42.210000 -1.762128 1.935306 -0.397109
42.220000 -1.742511 1.987876 -0.396957
42.230000 -1.722371 2.039849 -0.396817
42.240000 -1.701714 2.091210 -0.396689
42.250000 -1.680547 2.141944 -0.396572
42.260000 -1.658875 2.192035 -0.396467
42.270000 -1.636706 2.241469 -0.396373
42.280000 -1.614046 2.290230 -0.396292
42.290000 -1.590901 2.338305 -0.396223
42.300000 -1.567280 2.385677 -0.396166
42.310000 -1.543188 2.432334 -0.396121
42.320000 -1.518633 2.478262 -0.396088
42.330000 -1.493623 2.523445 -0.396067
42.340000 -1.468164 2.567872 -0.396059
42.350000 -1.442265 2.611529 -0.396064
42.360000 -1.415934 2.654402 -0.396080
42.370000 -1.389177 2.696478 -0.396109
42.380000 -1.362004 2.737746 -0.396150
42.390000 -1.334422 2.778192 -0.396204
42.400000 -1.306440 2.817805 -0.396269
42.410000 -1.278066 2.856573 -0.396347
42.420000 -1.249309 2.894484 -0.396437
42.430000 -1.220176 2.931526 -0.396538
42.440000 -1.190678 2.967689 -0.396651
42.450000 -1.160823 3.002961 -0.396776
42.460000 -1.130619 3.037333 -0.396913
42.470000 -1.100076 3.070793 -0.397061
42.480000 -1.069203 3.103332 -0.397219
42.490000 -1.038009 3.134941 -0.397389
42.500000 -1.006504 3.165608 -0.397570
42.510000 -0.974697 3.195326 -0.397761
42.520000 -0.942598 3.224086 -0.397962
42.530000 -0.910215 3.251878 -0.398174
42.540000 -0.877560 3.278695 -0.398395
42.550000 -0.844642 3.304528 -0.398626
42.560000 -0.811470 3.329369 -0.398866
42.570000 -0.778054 3.353212 -0.399115
42.580000 -0.744405 3.376049 -0.399372
42.590000 -0.710533 3.397873 -0.399638
42.600000 -0.676448 3.418678 -0.399912
42.610000 -0.642160 3.438457 -0.400194
42.620000 -0.607679 3.457204 -0.400483
42.630000 -0.573016 3.474915 -0.400779
42.640000 -0.538180 3.491583 -0.401082
42.650000 -0.503184 3.507203 -0.401391
42.660000 -0.468036 3.521772 -0.401706
42.670000 -0.432748 3.535283 -0.402027
42.680000 -0.397331 3.547735 -0.402353
42.690000 -0.361794 3.559121 -0.402684
42.700000 -0.326148 3.569441 -0.403019
42.710000 -0.290405 3.578689 -0.403358
42.720000 -0.254575 3.586864 -0.403700
42.730000 -0.218668 3.593962 -0.404046
42.740000 -0.182695 3.599983 -0.404394
42.750000 -0.146668 3.604923 -0.404745
42.760000 -0.110597 3.608782 -0.405098
42.770000 -0.074492 3.611558 -0.405452
42.780000 -0.038366 3.613251 -0.405808
42.790000 -0.002227 3.613860 -0.406164
42.800000 0.033912 3.613385 -0.406520
42.810000 0.070040 3.611826 -0.406876
42.820000 0.106148 3.609183 -0.407231
42.830000 0.142224 3.605457 -0.407585
42.840000 0.178257 3.600650 -0.407938
42.850000 0.214237 3.594763 -0.408289
42.860000 0.250152 3.587797 -0.408637
42.870000 0.285993 3.579755 -0.408983
42.880000 0.321748 3.570638 -0.409326
42.890000 0.357406 3.560451 -0.409665
42.900000 0.392957 3.549196 -0.410000
42.910000 0.428390 3.536876 -0.410330
42.920000 0.463694 3.523494 -0.410656
42.930000 0.498859 3.509056 -0.410977
42.940000 0.533875 3.493565 -0.411292
42.950000 0.568731 3.477026 -0.411601
42.960000 0.603416 3.459444 -0.411904
42.970000 0.637920 3.440824 -0.412200
42.980000 0.672232 3.421171 -0.412489
42.990000 0.706343 3.400493 -0.412771
43.000000 0.740242 3.378794 -0.413045
43.010000 0.773919 3.356082 -0.413311
43.020000 0.807364 3.332362 -0.413569
43.030000 0.840566 3.307643 -0.413818
43.040000 0.873517 3.281932 -0.414058
43.050000 0.906205 3.255236 -0.414288
43.060000 0.938621 3.227564 -0.414510
43.070000 0.970756 3.198923 -0.414721
43.080000 1.002600 3.169323 -0.414922
43.090000 1.034143 3.138772 -0.415113
43.100000 1.065375 3.107279 -0.415294
43.110000 1.096288 3.074854 -0.415464
43.120000 1.126872 3.041507 -0.415622
43.130000 1.157118 3.007247 -0.415770
43.140000 1.187017 2.972085 -0.415907
43.150000 1.216560 2.936031 -0.416031
43.160000 1.245738 2.899097 -0.416145
43.170000 1.274542 2.861292 -0.416246
43.180000 1.302964 2.822630 -0.416336
43.190000 1.330995 2.783120 -0.416414
43.200000 1.358626 2.742776 -0.416479
43.210000 1.385850 2.701609 -0.416532
43.220000 1.412658 2.659631 -0.416574
43.230000 1.439043 2.616856 -0.416603
43.240000 1.464995 2.573295 -0.416619
43.250000 1.490509 2.528963 -0.416623
43.260000 1.515575 2.483871 -0.416615
43.270000 1.540186 2.438035 -0.416595
43.280000 1.564335 2.391467 -0.416562
43.290000 1.588015 2.344182 -0.416517
43.300000 1.611219 2.296193 -0.416460
43.310000 1.633939 2.247516 -0.416391
43.320000 1.656169 2.198164 -0.416309
43.330000 1.677903 2.148153 -0.416216
43.340000 1.699132 2.097498 -0.416111
43.350000 1.719852 2.046213 -0.415994
43.360000 1.740057 1.994314 -0.415865
43.370000 1.759739 1.941818 -0.415725
43.380000 1.778893 1.888738 -0.415574
43.390000 1.797514 1.835092 -0.415412
43.400000 1.815595 1.780895 -0.415239
43.410000 1.833131 1.726164 -0.415055
43.420000 1.850118 1.670916 -0.414860
43.430000 1.866550 1.615166 -0.414656
43.440000 1.882421 1.558931 -0.414441
43.450000 1.897728 1.502229 -0.414217
43.460000 1.912466 1.445076 -0.413983
43.470000 1.926630 1.387490 -0.413741
43.480000 1.940216 1.329487 -0.413489
43.490000 1.953220 1.271085 -0.413229
43.500000 1.965637 1.212302 -0.412960
43.510000 1.977466 1.153156 -0.412684
43.520000 1.988701 1.093663 -0.412400
43.530000 1.999339 1.033843 -0.412108
43.540000 2.009377 0.973712 -0.411810
43.550000 2.018813 0.913289 -0.411505
43.560000 2.027643 0.852592 -0.411194
43.570000 2.035865 0.791640 -0.410877
43.580000 2.043476 0.730450 -0.410555
43.590000 2.050474 0.669040 -0.410227
43.600000 2.056857 0.607430 -0.409895
43.610000 2.062623 0.545638 -0.409559
43.620000 2.067770 0.483682 -0.409219
43.630000 2.072296 0.421581 -0.408875
43.640000 2.076201 0.359354 -0.408529
43.650000 2.079483 0.297019 -0.408179
43.660000 2.082142 0.234594 -0.407828
43.670000 2.084175 0.172099 -0.407475
43.680000 2.085584 0.109553 -0.407120
43.690000 2.086366 0.046974 -0.406764
43.700000 2.086523 -0.015619 -0.406408
43.710000 2.086054 -0.078208 -0.406052
43.720000 2.084959 -0.140773 -0.405696
43.730000 2.083238 -0.203296 -0.405341
43.740000 2.080893 -0.265758 -0.404988
43.750000 2.077923 -0.328141 -0.404635
43.760000 2.074330 -0.390424 -0.404285
43.770000 2.070115 -0.452591 -0.403937
43.780000 2.065278 -0.514622 -0.403593
43.790000 2.059822 -0.576498 -0.403251
43.800000 2.053748 -0.638202 -0.402913
43.810000 2.047058 -0.699714 -0.402580
43.820000 2.039754 -0.761016 -0.402251
43.830000 2.031838 -0.822090 -0.401926
43.840000 2.023312 -0.882917 -0.401607
43.850000 2.014180 -0.943480 -0.401294
43.860000 2.004443 -1.003759 -0.400987
43.870000 1.994104 -1.063737 -0.400686
43.880000 1.983168 -1.123396 -0.400392
43.890000 1.971637 -1.182718 -0.400105
43.900000 1.959514 -1.241686 -0.399826
43.910000 1.946803 -1.300280 -0.399554
43.920000 1.933508 -1.358485 -0.399291
43.930000 1.919633 -1.416282 -0.399036
43.940000 1.905182 -1.473654 -0.398789
43.950000 1.890160 -1.530585 -0.398552
43.960000 1.874571 -1.587056 -0.398325
43.970000 1.858419 -1.643050 -0.398106
43.980000 1.841710 -1.698552 -0.397898
43.990000 1.824448 -1.753545 -0.397700
44.000000 1.806639 -1.808011 -0.397512
44.010000 1.788288 -1.861935 -0.397335
44.020000 1.769400 -1.915300 -0.397169
44.030000 1.749982 -1.968091 -0.397013
44.040000 1.730038 -2.020291 -0.396869
44.050000 1.709576 -2.071885 -0.396736
44.060000 1.688601 -2.122858 -0.396615
44.070000 1.667119 -2.173194 -0.396505
44.080000 1.645137 -2.222878 -0.396407
44.090000 1.622661 -2.271895 -0.396321
44.100000 1.599699 -2.320230 -0.396248
44.110000 1.576256 -2.367869 -0.396186
44.120000 1.552341 -2.414798 -0.396136
44.130000 1.527961 -2.461003 -0.396099
44.140000 1.503121 -2.506469 -0.396074
44.150000 1.477831 -2.551183 -0.396061
44.160000 1.452098 -2.595132 -0.396061
44.170000 1.425928 -2.638303 -0.396073
44.180000 1.399332 -2.680682 -0.396097
44.190000 1.372315 -2.722256 -0.396133
44.200000 1.344886 -2.763014 -0.396182
44.210000 1.317055 -2.802943 -0.396243
44.220000 1.288828 -2.842032 -0.396316
44.230000 1.260214 -2.880267 -0.396401
44.240000 1.231222 -2.917639 -0.396498
44.250000 1.201861 -2.954135 -0.396607
44.260000 1.172140 -2.989745 -0.396728
44.270000 1.142066 -3.024458 -0.396860
44.280000 1.111650 -3.058264 -0.397003
44.290000 1.080901 -3.091152 -0.397158
44.300000 1.049827 -3.123113 -0.397324
44.310000 1.018439 -3.154137 -0.397500
44.320000 0.986745 -3.184215 -0.397687
44.330000 0.954754 -3.213337 -0.397885
44.340000 0.922478 -3.241496 -0.398093
44.350000 0.889925 -3.268682 -0.398310
44.360000 0.857104 -3.294887 -0.398537
44.370000 0.824027 -3.320104 -0.398774
44.380000 0.790702 -3.344325 -0.399019
44.390000 0.757140 -3.367543 -0.399274
44.400000 0.723351 -3.389750 -0.399537
44.410000 0.689345 -3.410941 -0.399808
44.420000 0.655132 -3.431108 -0.400087
44.430000 0.620723 -3.450246 -0.400373
44.440000 0.586128 -3.468348 -0.400667
44.450000 0.551356 -3.485411 -0.400967
44.460000 0.516419 -3.501427 -0.401274
44.470000 0.481328 -3.516394 -0.401587
44.480000 0.446091 -3.530305 -0.401905
44.490000 0.410721 -3.543157 -0.402229
44.500000 0.375228 -3.554946 -0.402558
44.510000 0.339623 -3.565669 -0.402892
44.520000 0.303915 -3.575322 -0.403229
44.530000 0.268116 -3.583903 -0.403570
44.540000 0.232237 -3.591408 -0.403915
44.550000 0.196288 -3.597836 -0.404263
44.560000 0.160280 -3.603184 -0.404613
44.570000 0.124224 -3.607452 -0.404965
44.580000 0.088131 -3.610637 -0.405318
44.590000 0.052012 -3.612739 -0.405673
44.600000 0.015876 -3.613758 -0.406029
44.610000 -0.020264 -3.613692 -0.406385
44.620000 -0.056397 -3.612542 -0.406741
44.630000 -0.092514 -3.610308 -0.407097
44.640000 -0.128604 -3.606991 -0.407452
44.650000 -0.164654 -3.602593 -0.407805
44.660000 -0.200656 -3.597113 -0.408157
44.670000 -0.236597 -3.590554 -0.408506
44.680000 -0.272467 -3.582918 -0.408853
44.690000 -0.308255 -3.574207 -0.409197
44.700000 -0.343951 -3.564424 -0.409537
44.710000 -0.379543 -3.553572 -0.409874
44.720000 -0.415022 -3.541653 -0.410206
44.730000 -0.450376 -3.528672 -0.410534
44.740000 -0.485596 -3.514633 -0.410856
44.750000 -0.520669 -3.499539 -0.411174
44.760000 -0.555586 -3.483395 -0.411485
44.770000 -0.590337 -3.466206 -0.411790
44.780000 -0.624911 -3.447977 -0.412089
44.790000 -0.659297 -3.428714 -0.412381
44.800000 -0.693485 -3.408423 -0.412665
44.810000 -0.727465 -3.387108 -0.412942
44.820000 -0.761227 -3.364778 -0.413212
44.830000 -0.794761 -3.341438 -0.413472
44.840000 -0.828056 -3.317096 -0.413725
44.850000 -0.861102 -3.291759 -0.413968
44.860000 -0.893891 -3.265434 -0.414202
44.870000 -0.926411 -3.238129 -0.414427
44.880000 -0.958653 -3.209853 -0.414642
44.890000 -0.990608 -3.180614 -0.414847
44.900000 -1.022266 -3.150421 -0.415042
44.910000 -1.053617 -3.119283 -0.415227
44.920000 -1.084651 -3.087209 -0.415401
44.930000 -1.115361 -3.054209 -0.415564
44.940000 -1.145736 -3.020292 -0.415716
44.950000 -1.175767 -2.985470 -0.415856
44.960000 -1.205445 -2.949752 -0.415986
44.970000 -1.234762 -2.913148 -0.416103
44.980000 -1.263708 -2.875671 -0.416209
44.990000 -1.292275 -2.837332 -0.416303
45.000000 -1.320455 -2.798141 -0.416386
45.010000 -1.348238 -2.758110 -0.416456
45.020000 -1.375617 -2.717252 -0.416514
45.030000 -1.402583 -2.675579 -0.416560
45.040000 -1.429128 -2.633104 -0.416593
45.050000 -1.455245 -2.589838 -0.416614
45.060000 -1.480925 -2.545796 -0.416623
45.070000 -1.506161 -2.500989 -0.416620
45.080000 -1.530945 -2.455433 -0.416604
45.090000 -1.555270 -2.409140 -0.416576
45.100000 -1.579128 -2.362124 -0.416536
45.110000 -1.602512 -2.314399 -0.416483
45.120000 -1.625416 -2.265980 -0.416418
45.130000 -1.647832 -2.216881 -0.416341
45.140000 -1.669753 -2.167118 -0.416252
45.150000 -1.691174 -2.116704 -0.416152
45.160000 -1.712087 -2.065655 -0.416039
45.170000 -1.732487 -2.013986 -0.415915
45.180000 -1.752367 -1.961713 -0.415779
45.190000 -1.771721 -1.908852 -0.415632
45.200000 -1.790544 -1.855418 -0.415474
45.210000 -1.808830 -1.801427 -0.415305
45.220000 -1.826573 -1.746896 -0.415125
45.230000 -1.843768 -1.691841 -0.414935
45.240000 -1.860410 -1.636279 -0.414734
45.250000 -1.876493 -1.580225 -0.414524
45.260000 -1.892014 -1.523697 -0.414303
45.270000 -1.906967 -1.466713 -0.414073
45.280000 -1.921348 -1.409288 -0.413833
45.290000 -1.935153 -1.351440 -0.413585
45.300000 -1.948377 -1.293188 -0.413328
45.310000 -1.961017 -1.234547 -0.413062
45.320000 -1.973068 -1.175535 -0.412789
45.330000 -1.984527 -1.116171 -0.412508
45.340000 -1.995391 -1.056473 -0.412219
45.350000 -2.005657 -0.996457 -0.411923
45.360000 -2.015321 -0.936142 -0.411621
45.370000 -2.024380 -0.875547 -0.411312
45.380000 -2.032832 -0.814689 -0.410997
45.390000 -2.040674 -0.753586 -0.410677
45.400000 -2.047903 -0.692257 -0.410352
45.410000 -2.054519 -0.630721 -0.410021
45.420000 -2.060518 -0.568995 -0.409687
45.430000 -2.065899 -0.507099 -0.409348
45.440000 -2.070660 -0.445051 -0.409005
45.450000 -2.074800 -0.382869 -0.408660
45.460000 -2.078317 -0.320572 -0.408312
45.470000 -2.081211 -0.258179 -0.407961
45.480000 -2.083481 -0.195709 -0.407608
45.490000 -2.085125 -0.133180 -0.407254
45.500000 -2.086144 -0.070611 -0.406899
45.510000 -2.086537 -0.008021 -0.406543
45.520000 -2.086305 0.054572 -0.406187
45.530000 -2.085446 0.117148 -0.405831
45.540000 -2.083962 0.179689 -0.405475
45.550000 -2.081852 0.242177 -0.405121
45.560000 -2.079118 0.304591 -0.404768
45.570000 -2.075760 0.366914 -0.404417
45.580000 -2.071780 0.429128 -0.404068
45.590000 -2.067178 0.491212 -0.403723
45.600000 -2.061956 0.553149 -0.403380
45.610000 -2.056115 0.614920 -0.403040
45.620000 -2.049657 0.676507 -0.402705
45.630000 -2.042585 0.737890 -0.402374
45.640000 -2.034899 0.799052 -0.402048
45.650000 -2.026604 0.859975 -0.401727
45.660000 -2.017700 0.920639 -0.401412
45.670000 -2.008191 0.981028 -0.401102
45.680000 -1.998079 1.041122 -0.400799
45.690000 -1.987368 1.100904 -0.400502
45.700000 -1.976061 1.160355 -0.400213
45.710000 -1.964161 1.219458 -0.399930
45.720000 -1.951672 1.278196 -0.399656
45.730000 -1.938597 1.336550 -0.399389
45.740000 -1.924941 1.394503 -0.399131
45.750000 -1.910707 1.452038 -0.398881
45.760000 -1.895900 1.509137 -0.398641
45.770000 -1.880525 1.565783 -0.398409
45.780000 -1.864585 1.621960 -0.398188
45.790000 -1.848085 1.677650 -0.397976
45.800000 -1.831032 1.732837 -0.397774
45.810000 -1.813429 1.787504 -0.397582
45.820000 -1.795282 1.841634 -0.397401
45.830000 -1.776596 1.895212 -0.397230
45.840000 -1.757377 1.948222 -0.397070
45.850000 -1.737632 2.000647 -0.396922
45.860000 -1.717364 2.052472 -0.396785
45.870000 -1.696582 2.103681 -0.396659
45.880000 -1.675291 2.154259 -0.396545
45.890000 -1.653497 2.204191 -0.396443
45.900000 -1.631207 2.253462 -0.396352
45.910000 -1.608428 2.302056 -0.396274
45.920000 -1.585166 2.349960 -0.396208
45.930000 -1.561428 2.397159 -0.396153
45.940000 -1.537223 2.443639 -0.396111
45.950000 -1.512556 2.489386 -0.396082
45.960000 -1.487435 2.534385 -0.396064
45.970000 -1.461868 2.578625 -0.396059
45.980000 -1.435862 2.622091 -0.396067
45.990000 -1.409426 2.664770 -0.396086
46.000000 -1.382567 2.706650 -0.396118
46.010000 -1.355293 2.747718 -0.396162
46.020000 -1.327613 2.787962 -0.396219
46.030000 -1.299534 2.827369 -0.396287
46.040000 -1.271065 2.865928 -0.396368
46.050000 -1.242215 2.903627 -0.396460
46.060000 -1.212993 2.940455 -0.396565
46.070000 -1.183406 2.976401 -0.396681
46.080000 -1.153465 3.011454 -0.396809
46.090000 -1.123177 3.045604 -0.396948
46.100000 -1.092553 3.078840 -0.397098
46.110000 -1.061600 3.111152 -0.397260
46.120000 -1.030330 3.142531 -0.397432
46.130000 -0.998750 3.172967 -0.397616
46.140000 -0.966870 3.202452 -0.397809
46.150000 -0.934701 3.230975 -0.398013
46.160000 -0.902251 3.258529 -0.398227
46.170000 -0.869530 3.285106 -0.398450
46.180000 -0.836549 3.310697 -0.398683
46.190000 -0.803316 3.335295 -0.398926
46.200000 -0.769843 3.358893 -0.399177
46.210000 -0.736138 3.381482 -0.399437
46.220000 -0.702213 3.403058 -0.399705
46.230000 -0.668077 3.423612 -0.399981
46.240000 -0.633741 3.443139 -0.400264
46.250000 -0.599214 3.461634 -0.400555
46.260000 -0.564508 3.479089 -0.400853
46.270000 -0.529633 3.495502 -0.401157
46.280000 -0.494598 3.510865 -0.401468
46.290000 -0.459415 3.525175 -0.401784
46.300000 -0.424095 3.538428 -0.402106
46.310000 -0.388647 3.550619 -0.402433
46.320000 -0.353082 3.561745 -0.402765
46.330000 -0.317412 3.571802 -0.403101
46.340000 -0.281646 3.580788 -0.403441
46.350000 -0.245796 3.588700 -0.403785
46.360000 -0.209872 3.595535 -0.404131
46.370000 -0.173885 3.601291 -0.404480
46.380000 -0.137846 3.605967 -0.404831
46.390000 -0.101766 3.609561 -0.405185
46.400000 -0.065655 3.612073 -0.405539
46.410000 -0.029525 3.613500 -0.405895
46.420000 0.006615 3.613844 -0.406251
46.430000 0.042752 3.613104 -0.406607
46.440000 0.078877 3.611279 -0.406963
46.450000 0.114978 3.608371 -0.407318
46.460000 0.151044 3.604381 -0.407672
46.470000 0.187065 3.599309 -0.408024
46.480000 0.223030 3.593158 -0.408374
46.490000 0.258929 3.585928 -0.408722
46.500000 0.294749 3.577623 -0.409067
46.510000 0.330481 3.568245 -0.409409
46.520000 0.366114 3.557796 -0.409747
46.530000 0.401637 3.546280 -0.410081
46.540000 0.437040 3.533700 -0.410410
46.550000 0.472311 3.520059 -0.410735
46.560000 0.507441 3.505363 -0.411054
46.570000 0.542418 3.489615 -0.411368
46.580000 0.577233 3.472820 -0.411676
46.590000 0.611875 3.454984 -0.411977
46.600000 0.646333 3.436111 -0.412271
46.610000 0.680597 3.416207 -0.412559
46.620000 0.714657 3.395278 -0.412839
46.630000 0.748502 3.373330 -0.413111
46.640000 0.782123 3.350371 -0.413375
46.650000 0.815510 3.326407 -0.413630
46.660000 0.848652 3.301444 -0.413877
46.670000 0.881539 3.275491 -0.414115
46.680000 0.914161 3.248556 -0.414343
46.690000 0.946510 3.220646 -0.414562
46.700000 0.978574 3.191769 -0.414771
46.710000 1.010345 3.161936 -0.414970
46.720000 1.041813 3.131153 -0.415158
46.730000 1.072968 3.099432 -0.415336
46.740000 1.103802 3.066780 -0.415504
46.750000 1.134304 3.033208 -0.415660
46.760000 1.164466 2.998727 -0.415805
46.770000 1.194278 2.963346 -0.415938
46.780000 1.223733 2.927076 -0.416060
46.790000 1.252820 2.889927 -0.416171
46.800000 1.281531 2.851912 -0.416269
46.810000 1.309858 2.813041 -0.416356
46.820000 1.337792 2.773326 -0.416431
46.830000 1.365325 2.732780 -0.416493
46.840000 1.392448 2.691413 -0.416544
46.850000 1.419153 2.649239 -0.416582
46.860000 1.445432 2.606270 -0.416608
46.870000 1.471278 2.562520 -0.416621
46.880000 1.496683 2.518000 -0.416622
46.890000 1.521638 2.472725 -0.416611
46.900000 1.546137 2.426709 -0.416588
46.910000 1.570173 2.379964 -0.416552
46.920000 1.593737 2.332505 -0.416504
46.930000 1.616823 2.284347 -0.416444
46.940000 1.639424 2.235503 -0.416372
46.950000 1.661533 2.185989 -0.416287
46.960000 1.683143 2.135819 -0.416191
46.970000 1.704249 2.085008 -0.416083
46.980000 1.724844 2.033572 -0.415963
46.990000 1.744921 1.981525 -0.415832
47.000000 1.764474 1.928884 -0.415689
47.010000 1.783498 1.875665 -0.415535
47.020000 1.801987 1.821882 -0.415370
47.030000 1.819936 1.767554 -0.415195
47.040000 1.837338 1.712694 -0.415008
47.050000 1.854190 1.657321 -0.414811
47.060000 1.870485 1.601451 -0.414604
47.070000 1.886219 1.545101 -0.414387
47.080000 1.901387 1.488287 -0.414161
47.090000 1.915985 1.431026 -0.413925
47.100000 1.930007 1.373336 -0.413680
47.110000 1.943451 1.315234 -0.413426
47.120000 1.956312 1.256738 -0.413164
47.130000 1.968586 1.197864 -0.412893
47.140000 1.980269 1.138632 -0.412615
47.150000 1.991359 1.079057 -0.412329
47.160000 2.001851 1.019159 -0.412036
47.170000 2.011742 0.958955 -0.411736
47.180000 2.021030 0.898464 -0.411429
47.190000 2.029711 0.837703 -0.411117
47.200000 2.037784 0.776690 -0.410799
47.210000 2.045245 0.715445 -0.410475
47.220000 2.052093 0.653985 -0.410147
47.230000 2.058325 0.592328 -0.409813
47.240000 2.063939 0.530494 -0.409476
47.250000 2.068934 0.468501 -0.409135
47.260000 2.073309 0.406368 -0.408791
47.270000 2.077062 0.344112 -0.408443
47.280000 2.080191 0.281753 -0.408094
47.290000 2.082697 0.219310 -0.407742
47.300000 2.084578 0.156801 -0.407388
47.310000 2.085833 0.094245 -0.407033
47.320000 2.086462 0.031660 -0.406677
47.330000 2.086466 -0.030934 -0.406321
47.340000 2.085844 -0.093518 -0.405965
47.350000 2.084596 -0.156075 -0.405609
47.360000 2.082722 -0.218585 -0.405255
47.370000 2.080224 -0.281029 -0.404901
47.380000 2.077102 -0.343389 -0.404549
47.390000 2.073356 -0.405646 -0.404200
47.400000 2.068989 -0.467781 -0.403853
47.410000 2.064001 -0.529776 -0.403509
47.420000 2.058393 -0.591612 -0.403168
47.430000 2.052168 -0.653270 -0.402831
47.440000 2.045328 -0.714732 -0.402499
47.450000 2.037874 -0.775980 -0.402171
47.460000 2.029808 -0.836996 -0.401848
47.470000 2.021134 -0.897760 -0.401530
47.480000 2.011853 -0.958255 -0.401218
47.490000 2.001969 -1.018462 -0.400913
47.500000 1.991484 -1.078364 -0.400613
47.510000 1.980402 -1.137942 -0.400321
47.520000 1.968725 -1.197179 -0.400036
47.530000 1.956458 -1.256057 -0.399758
47.540000 1.943604 -1.314558 -0.399489
47.550000 1.930167 -1.372664 -0.399227
47.560000 1.916151 -1.430359 -0.398975
47.570000 1.901560 -1.487625 -0.398731
47.580000 1.886398 -1.544444 -0.398496
47.590000 1.870671 -1.600800 -0.398270
47.600000 1.854382 -1.656676 -0.398054
47.610000 1.837537 -1.712055 -0.397849
47.620000 1.820141 -1.766920 -0.397653
47.630000 1.802199 -1.821255 -0.397468
47.640000 1.783716 -1.875044 -0.397293
47.650000 1.764698 -1.928270 -0.397129
47.660000 1.745151 -1.980917 -0.396977
47.670000 1.725080 -2.032971 -0.396835
47.680000 1.704491 -2.084415 -0.396705
47.690000 1.683391 -2.135233 -0.396587
47.700000 1.661786 -2.185410 -0.396480
47.710000 1.639683 -2.234932 -0.396385
47.720000 1.617088 -2.283784 -0.396302
47.730000 1.594007 -2.331950 -0.396231
47.740000 1.570449 -2.379417 -0.396172
47.750000 1.546419 -2.426170 -0.396126
47.760000 1.521925 -2.472195 -0.396092
47.770000 1.496975 -2.517479 -0.396069
47.780000 1.471576 -2.562007 -0.396060
47.790000 1.445735 -2.605767 -0.396062
47.800000 1.419460 -2.648745 -0.396077
47.810000 1.392760 -2.690928 -0.396105
47.820000 1.365642 -2.732304 -0.396144
47.830000 1.338114 -2.772861 -0.396196
47.840000 1.310185 -2.812585 -0.396260
47.850000 1.281862 -2.851466 -0.396336
47.860000 1.253155 -2.889491 -0.396424
47.870000 1.224073 -2.926649 -0.396524
47.880000 1.194622 -2.962930 -0.396636
47.890000 1.164814 -2.998321 -0.396759
47.900000 1.134656 -3.032813 -0.396894
47.910000 1.104158 -3.066396 -0.397040
47.920000 1.073328 -3.099058 -0.397198
47.930000 1.042176 -3.130790 -0.397366
47.940000 1.010712 -3.161584 -0.397545
47.950000 0.978945 -3.191429 -0.397735
47.960000 0.946884 -3.220316 -0.397935
47.970000 0.914538 -3.248237 -0.398145
47.980000 0.881919 -3.275184 -0.398365
47.990000 0.849035 -3.301149 -0.398594
48.000000 0.815896 -3.326123 -0.398833
48.010000 0.782512 -3.350099 -0.399081
48.020000 0.748894 -3.373070 -0.399337
48.030000 0.715051 -3.395029 -0.399602
48.040000 0.680993 -3.415970 -0.399875
48.050000 0.646732 -3.435885 -0.400156
48.060000 0.612276 -3.454771 -0.400444
48.070000 0.577636 -3.472619 -0.400740
48.080000 0.542823 -3.489426 -0.401042
48.090000 0.507848 -3.505186 -0.401350
48.100000 0.472720 -3.519895 -0.401664
48.110000 0.437450 -3.533547 -0.401984
48.120000 0.402049 -3.546140 -0.402309
48.130000 0.366527 -3.557668 -0.402639
48.140000 0.330895 -3.568130 -0.402974
48.150000 0.295164 -3.577521 -0.403312
48.160000 0.259345 -3.585838 -0.403654
48.170000 0.223448 -3.593080 -0.404000
48.180000 0.187483 -3.599244 -0.404348
48.190000 0.151463 -3.604328 -0.404699
48.200000 0.115397 -3.608331 -0.405051
48.210000 0.079296 -3.611252 -0.405405
48.220000 0.043172 -3.613089 -0.405760
48.230000 0.007034 -3.613842 -0.406116
48.240000 -0.029105 -3.613511 -0.406472
48.250000 -0.065236 -3.612095 -0.406828
48.260000 -0.101347 -3.609597 -0.407184
48.270000 -0.137428 -3.606015 -0.407538
48.280000 -0.173467 -3.601352 -0.407891
48.290000 -0.209455 -3.595608 -0.408242
48.300000 -0.245380 -3.588785 -0.408591
48.310000 -0.281231 -3.580886 -0.408937
48.320000 -0.316997 -3.571913 -0.409280
48.330000 -0.352669 -3.561868 -0.409620
48.340000 -0.388235 -3.550754 -0.409955
48.350000 -0.423684 -3.538575 -0.410287
48.360000 -0.459006 -3.525335 -0.410613
48.370000 -0.494191 -3.511037 -0.410934
48.380000 -0.529227 -3.495686 -0.411250
48.390000 -0.564104 -3.479286 -0.411560
48.400000 -0.598813 -3.461842 -0.411864
48.410000 -0.633341 -3.443360 -0.412161
48.420000 -0.667680 -3.423845 -0.412451
48.430000 -0.701818 -3.403302 -0.412734
48.440000 -0.735746 -3.381739 -0.413009
48.450000 -0.769453 -3.359161 -0.413276
48.460000 -0.802929 -3.335575 -0.413535
48.470000 -0.836164 -3.310989 -0.413785
48.480000 -0.869149 -3.285409 -0.414026
48.490000 -0.901873 -3.258843 -0.414258
48.500000 -0.934326 -3.231301 -0.414481
48.510000 -0.966499 -3.202788 -0.414693
48.520000 -0.998381 -3.173315 -0.414896
48.530000 -1.029965 -3.142890 -0.415089
48.540000 -1.061239 -3.111522 -0.415270
48.550000 -1.092195 -3.079220 -0.415442
48.560000 -1.122824 -3.045995 -0.415602
48.570000 -1.153115 -3.011856 -0.415751
48.580000 -1.183061 -2.976813 -0.415889
48.590000 -1.212651 -2.940877 -0.416016
48.600000 -1.241878 -2.904060 -0.416130
48.610000 -1.270733 -2.866370 -0.416233
48.620000 -1.299206 -2.827821 -0.416325
48.630000 -1.327289 -2.788424 -0.416404
48.640000 -1.354974 -2.748190 -0.416471
48.650000 -1.382253 -2.707132 -0.416526
48.660000 -1.409117 -2.665261 -0.416569
48.670000 -1.435558 -2.622591 -0.416599
48.680000 -1.461569 -2.579134 -0.416618
48.690000 -1.487141 -2.534903 -0.416623
48.700000 -1.512267 -2.489912 -0.416617
48.710000 -1.536939 -2.444174 -0.416598
48.720000 -1.561150 -2.397703 -0.416567
48.730000 -1.584893 -2.350512 -0.416524
48.740000 -1.608160 -2.302616 -0.416468
48.750000 -1.630945 -2.254030 -0.416400
48.760000 -1.653241 -2.204767 -0.416321
48.770000 -1.675041 -2.154843 -0.416229
48.780000 -1.696338 -2.104272 -0.416125
48.790000 -1.717126 -2.053070 -0.416010
48.800000 -1.737399 -2.001252 -0.415883
48.810000 -1.757151 -1.948834 -0.415744
48.820000 -1.776376 -1.895831 -0.415595
48.830000 -1.795068 -1.842259 -0.415434
48.840000 -1.813221 -1.788135 -0.415262
48.850000 -1.830831 -1.733474 -0.415080
48.860000 -1.847891 -1.678293 -0.414887
48.870000 -1.864396 -1.622609 -0.414684
48.880000 -1.880343 -1.566438 -0.414470
48.890000 -1.895725 -1.509797 -0.414248
48.900000 -1.910539 -1.452703 -0.414015
48.910000 -1.924779 -1.395173 -0.413773
48.920000 -1.938442 -1.337225 -0.413523
48.930000 -1.951524 -1.278876 -0.413264
48.940000 -1.964020 -1.220142 -0.412996
48.950000 -1.975927 -1.161043 -0.412721
48.960000 -1.987241 -1.101596 -0.412438
48.970000 -1.997958 -1.041818 -0.412147
48.980000 -2.008077 -0.981727 -0.411850
48.990000 -2.017593 -0.921342 -0.411546
49.000000 -2.026504 -0.860681 -0.411236
49.010000 -2.034807 -0.799761 -0.410920
49.020000 -2.042499 -0.738601 -0.410598
49.030000 -2.049579 -0.677220 -0.410271
49.040000 -2.056043 -0.615636 -0.409940
49.050000 -2.061891 -0.553867 -0.409604
49.060000 -2.067121 -0.491932 -0.409264
49.070000 -2.071730 -0.429849 -0.408921
49.080000 -2.075718 -0.367637 -0.408575
49.090000 -2.079083 -0.305315 -0.408226
49.100000 -2.081824 -0.242902 -0.407875
49.110000 -2.083941 -0.180415 -0.407522
49.120000 -2.085432 -0.117875 -0.407167
49.130000 -2.086298 -0.055299 -0.406812
49.140000 -2.086538 0.007294 -0.406456
49.150000 -2.086152 0.069884 -0.406100
49.160000 -2.085141 0.132454 -0.405744
49.170000 -2.083503 0.194983 -0.405389
49.180000 -2.081241 0.257455 -0.405034
49.190000 -2.078354 0.319848 -0.404682
49.200000 -2.074844 0.382146 -0.404332
49.210000 -2.070711 0.444330 -0.403984
49.220000 -2.065957 0.506380 -0.403638
49.230000 -2.060584 0.568278 -0.403296
49.240000 -2.054592 0.630006 -0.402958
49.250000 -2.047984 0.691544 -0.402624
49.260000 -2.040761 0.752875 -0.402294
49.270000 -2.032926 0.813981 -0.401969
49.280000 -2.024481 0.874842 -0.401649
49.290000 -2.015429 0.935440 -0.401335
49.300000 -2.005773 0.995758 -0.401027
49.310000 -1.995514 1.055778 -0.400726
49.320000 -1.984657 1.115480 -0.400431
49.330000 -1.973204 1.174848 -0.400143
49.340000 -1.961160 1.233864 -0.399862
49.350000 -1.948527 1.292509 -0.399590
49.360000 -1.935310 1.350767 -0.399325
49.370000 -1.921512 1.408619 -0.399069
49.380000 -1.907137 1.466049 -0.398822
49.390000 -1.892191 1.523039 -0.398583
49.400000 -1.876677 1.579572 -0.398354
49.410000 -1.860599 1.635631 -0.398135
49.420000 -1.843964 1.691199 -0.397925
49.430000 -1.826775 1.746260 -0.397726
49.440000 -1.809039 1.800797 -0.397536
49.450000 -1.790760 1.854794 -0.397358
49.460000 -1.771943 1.908235 -0.397190
49.470000 -1.752595 1.961103 -0.397033
49.480000 -1.732721 2.013383 -0.396887
49.490000 -1.712327 2.065059 -0.396753
49.500000 -1.691420 2.116115 -0.396630
49.510000 -1.670005 2.166536 -0.396519
49.520000 -1.648089 2.216308 -0.396420
49.530000 -1.625679 2.265414 -0.396332
49.540000 -1.602781 2.313841 -0.396257
49.550000 -1.579402 2.361574 -0.396193
49.560000 -1.555549 2.408598 -0.396142
49.570000 -1.531230 2.454900 -0.396103
49.580000 -1.506451 2.500465 -0.396076
49.590000 -1.481221 2.545280 -0.396062
49.600000 -1.455546 2.589331 -0.396060
49.610000 -1.429434 2.632606 -0.396070
49.620000 -1.402894 2.675091 -0.396093
49.630000 -1.375932 2.716773 -0.396128
49.640000 -1.348558 2.757641 -0.396175
49.650000 -1.320779 2.797681 -0.396234
49.660000 -1.292604 2.836882 -0.396306
49.670000 -1.264042 2.875231 -0.396389
49.680000 -1.235100 2.912718 -0.396485
49.690000 -1.205787 2.949332 -0.396592
49.700000 -1.176113 2.985060 -0.396711
49.710000 -1.146086 3.019893 -0.396842
49.720000 -1.115715 3.053820 -0.396984
49.730000 -1.085010 3.086831 -0.397137
49.740000 -1.053979 3.118916 -0.397301
49.750000 -1.022631 3.150065 -0.397476
49.760000 -0.990977 3.180269 -0.397662
49.770000 -0.959026 3.209519 -0.397858
49.780000 -0.926787 3.237806 -0.398064
49.790000 -0.894270 3.265122 -0.398281
49.800000 -0.861485 3.291459 -0.398507
49.810000 -0.828441 3.316808 -0.398742
49.820000 -0.795148 3.341161 -0.398986
49.830000 -0.761618 3.364513 -0.399240
49.840000 -0.727858 3.386855 -0.399501
49.850000 -0.693880 3.408181 -0.399771
49.860000 -0.659695 3.428485 -0.400049
49.870000 -0.625311 3.447760 -0.400335
49.880000 -0.590739 3.466001 -0.400627
49.890000 -0.555991 3.483201 -0.400927
49.900000 -0.521075 3.499357 -0.401233
49.910000 -0.486004 3.514464 -0.401545
49.920000 -0.450786 3.528515 -0.401863
49.930000 -0.415433 3.541509 -0.402186
49.940000 -0.379956 3.553440 -0.402514
49.950000 -0.344364 3.564304 -0.402847
49.960000 -0.308670 3.574100 -0.403184
49.970000 -0.272882 3.582823 -0.403525
49.980000 -0.237013 3.590472 -0.403869
49.990000 -0.201073 3.597043 -0.404216
50.000000 -0.165072 3.602535 -0.404566
50.010000 -0.129022 3.606947 -0.404918
50.020000 -0.092934 3.610276 -0.405271
50.030000 -0.056817 3.612522 -0.405626
50.040000 -0.020683 3.613685 -0.405982
50.050000 0.015457 3.613763 -0.406338
50.060000 0.051592 3.612757 -0.406694
50.070000 0.087712 3.610668 -0.407050
50.080000 0.123806 3.607495 -0.407405
50.090000 0.159862 3.603240 -0.407758
50.100000 0.195870 3.597904 -0.408110
50.110000 0.231820 3.591489 -0.408460
50.120000 0.267700 3.583996 -0.408807
50.130000 0.303500 3.575428 -0.409151
50.140000 0.339209 3.565787 -0.409492
50.150000 0.374816 3.555077 -0.409829
50.160000 0.410310 3.543300 -0.410162
50.170000 0.445682 3.530460 -0.410490
50.180000 0.480919 3.516561 -0.410814
50.190000 0.516013 3.501607 -0.411132
50.200000 0.550952 3.485603 -0.411444
50.210000 0.585725 3.468552 -0.411750
50.220000 0.620323 3.450462 -0.412050
50.230000 0.654734 3.431336 -0.412342
50.240000 0.688949 3.411181 -0.412628
50.250000 0.722958 3.390002 -0.412906
50.260000 0.756749 3.367806 -0.413176
50.270000 0.790314 3.344600 -0.413438
50.280000 0.823641 3.320391 -0.413692
50.290000 0.856722 3.295186 -0.413936
50.300000 0.889545 3.268992 -0.414172
50.310000 0.922102 3.241817 -0.414398
50.320000 0.954381 3.213670 -0.414614
50.330000 0.986375 3.184558 -0.414821
50.340000 1.018073 3.154492 -0.415017
50.350000 1.049465 3.123479 -0.415203
50.360000 1.080542 3.091529 -0.415378
50.370000 1.111295 3.058651 -0.415543
50.380000 1.141715 3.024856 -0.415696
50.390000 1.171792 2.990153 -0.415838
50.400000 1.201518 2.954554 -0.415969
50.410000 1.230884 2.918068 -0.416088
50.420000 1.259880 2.880706 -0.416196
50.430000 1.288498 2.842480 -0.416292
50.440000 1.316729 2.803402 -0.416375
50.450000 1.344566 2.763483 -0.416447
50.460000 1.371999 2.722734 -0.416507
50.470000 1.399020 2.681169 -0.416554
50.480000 1.425622 2.638799 -0.416589
50.490000 1.451796 2.595638 -0.416612
50.500000 1.477535 2.551698 -0.416623
50.510000 1.502830 2.506992 -0.416621
50.520000 1.527675 2.461535 -0.416607
50.530000 1.552061 2.415339 -0.416580
50.540000 1.575982 2.368418 -0.416542
50.550000 1.599429 2.320787 -0.416491
50.560000 1.622397 2.272460 -0.416427
50.570000 1.644879 2.223451 -0.416352
50.580000 1.666866 2.173774 -0.416265
50.590000 1.688354 2.123446 -0.416166
50.600000 1.709335 2.072481 -0.416055
50.610000 1.729804 2.020894 -0.415932
50.620000 1.749753 1.968700 -0.415798
50.630000 1.769178 1.915916 -0.415653
50.640000 1.788071 1.862558 -0.415496
50.650000 1.806429 1.808640 -0.415328
50.660000 1.824244 1.754180 -0.415150
50.670000 1.841512 1.699194 -0.414961
50.680000 1.858228 1.643698 -0.414762
50.690000 1.874386 1.587708 -0.414552
50.700000 1.889982 1.531243 -0.414333
50.710000 1.905011 1.474318 -0.414104
50.720000 1.919469 1.416951 -0.413866
50.730000 1.933350 1.359158 -0.413619
50.740000 1.946652 1.300958 -0.413363
50.750000 1.959369 1.242368 -0.413098
50.760000 1.971499 1.183405 -0.412826
50.770000 1.983038 1.124087 -0.412546
50.780000 1.993981 1.064432 -0.412258
50.790000 2.004326 1.004457 -0.411963
50.800000 2.014070 0.944181 -0.411661
50.810000 2.023210 0.883622 -0.411354
50.820000 2.031743 0.822798 -0.411040
50.830000 2.039666 0.761727 -0.410720
50.840000 2.046977 0.700427 -0.410395
50.850000 2.053674 0.638917 -0.410065
50.860000 2.059755 0.577216 -0.409731
50.870000 2.065219 0.515341 -0.409393
50.880000 2.070062 0.453312 -0.409051
50.890000 2.074285 0.391147 -0.408706
50.900000 2.077885 0.328864 -0.408358
50.910000 2.080862 0.266483 -0.408008
50.920000 2.083215 0.204022 -0.407655
50.930000 2.084943 0.141499 -0.407301
50.940000 2.086045 0.078935 -0.406946
50.950000 2.086521 0.016346 -0.406590
50.960000 2.086372 -0.046247 -0.406234
50.970000 2.085596 -0.108827 -0.405878
50.980000 2.084195 -0.171374 -0.405523
50.990000 2.082169 -0.233869 -0.405168
51.000000 2.079518 -0.296294 -0.404815
51.010000 2.076243 -0.358631 -0.404464
51.020000 2.072345 -0.420860 -0.404115
51.030000 2.067826 -0.482962 -0.403768
51.040000 2.062686 -0.544920 -0.403425
51.050000 2.056927 -0.606714 -0.403085
51.060000 2.050552 -0.668326 -0.402750
51.070000 2.043561 -0.729738 -0.402418
51.080000 2.035957 -0.790931 -0.402091
51.090000 2.027742 -0.851886 -0.401769
51.100000 2.018919 -0.912586 -0.401453
51.110000 2.009490 -0.973012 -0.401143
51.120000 1.999459 -1.033147 -0.400839
51.130000 1.988828 -1.092971 -0.400541
51.140000 1.977599 -1.152467 -0.400251
51.150000 1.965778 -1.211618 -0.399967
51.160000 1.953367 -1.270405 -0.399692
51.170000 1.940370 -1.328811 -0.399424
51.180000 1.926791 -1.386819 -0.399165
51.190000 1.912634 -1.444410 -0.398914
51.200000 1.897903 -1.501568 -0.398672
51.210000 1.882602 -1.558276 -0.398440
51.220000 1.866737 -1.614516 -0.398217
51.230000 1.850312 -1.670271 -0.398003
51.240000 1.833332 -1.725526 -0.397800
51.250000 1.815801 -1.780263 -0.397607
51.260000 1.797726 -1.834466 -0.397424
51.270000 1.779112 -1.888119 -0.397252
51.280000 1.759964 -1.941205 -0.397091
51.290000 1.740288 -1.993708 -0.396941
51.300000 1.720090 -2.045614 -0.396802
51.310000 1.699376 -2.096906 -0.396675
51.320000 1.678152 -2.147569 -0.396560
51.330000 1.656424 -2.197588 -0.396456
51.340000 1.634200 -2.246947 -0.396364
51.350000 1.611485 -2.295632 -0.396284
51.360000 1.588287 -2.343629 -0.396216
51.370000 1.564613 -2.390922 -0.396160
51.380000 1.540469 -2.437499 -0.396116
51.390000 1.515863 -2.483344 -0.396085
51.400000 1.490802 -2.528444 -0.396066
51.410000 1.465294 -2.572785 -0.396059
51.420000 1.439346 -2.616355 -0.396065
51.430000 1.412967 -2.659139 -0.396083
51.440000 1.386164 -2.701126 -0.396113
51.450000 1.358944 -2.742303 -0.396156
51.460000 1.331318 -2.782657 -0.396210
51.470000 1.303291 -2.822176 -0.396277
51.480000 1.274874 -2.860849 -0.396356
51.490000 1.246074 -2.898663 -0.396447
51.500000 1.216901 -2.935607 -0.396550
51.510000 1.187362 -2.971671 -0.396665
51.520000 1.157467 -3.006844 -0.396791
51.530000 1.127225 -3.041114 -0.396929
51.540000 1.096645 -3.074472 -0.397078
51.550000 1.065736 -3.106908 -0.397238
51.560000 1.034507 -3.138412 -0.397409
51.570000 1.002968 -3.168974 -0.397591
51.580000 0.971127 -3.198585 -0.397783
51.590000 0.938996 -3.227237 -0.397985
51.600000 0.906583 -3.254921 -0.398198
51.610000 0.873898 -3.281628 -0.398420
51.620000 0.840950 -3.307351 -0.398652
51.630000 0.807751 -3.332081 -0.398893
51.640000 0.774309 -3.355812 -0.399143
51.650000 0.740634 -3.378536 -0.399401
51.660000 0.706738 -3.400247 -0.399668
51.670000 0.672629 -3.420937 -0.399943
51.680000 0.638319 -3.440601 -0.400226
51.690000 0.603817 -3.459233 -0.400516
51.700000 0.569134 -3.476828 -0.400813
51.710000 0.534281 -3.493379 -0.401116
51.720000 0.499267 -3.508882 -0.401426
51.730000 0.464103 -3.523333 -0.401742
51.740000 0.428800 -3.536726 -0.402063
51.750000 0.393369 -3.549059 -0.402390
51.760000 0.357819 -3.560327 -0.402721
51.770000 0.322162 -3.570526 -0.403056
51.780000 0.286408 -3.579655 -0.403396
51.790000 0.250569 -3.587710 -0.403739
51.800000 0.214654 -3.594688 -0.404085
51.810000 0.178675 -3.600588 -0.404434
51.820000 0.142643 -3.605408 -0.404785
51.830000 0.106567 -3.609146 -0.405138
51.840000 0.070460 -3.611801 -0.405492
51.850000 0.034331 -3.613373 -0.405847
51.860000 -0.001808 -3.613861 -0.406203
51.870000 -0.037946 -3.613265 -0.406560
51.880000 -0.074073 -3.611584 -0.406915
51.890000 -0.110178 -3.608820 -0.407271
51.900000 -0.146250 -3.604974 -0.407625
51.910000 -0.182277 -3.600046 -0.407977
51.920000 -0.218250 -3.594038 -0.408328
51.930000 -0.254158 -3.586952 -0.408676
51.940000 -0.289990 -3.578790 -0.409022
51.950000 -0.325734 -3.569554 -0.409364
51.960000 -0.361381 -3.559247 -0.409702
51.970000 -0.396919 -3.547873 -0.410037
51.980000 -0.432338 -3.535434 -0.410367
51.990000 -0.467628 -3.521934 -0.410692
52.000000 -0.502777 -3.507378 -0.411012
52.010000 -0.537775 -3.491770 -0.411327
52.020000 -0.572612 -3.475114 -0.411635
52.030000 -0.607277 -3.457416 -0.411937
52.040000 -0.641760 -3.438680 -0.412233
52.050000 -0.676051 -3.418913 -0.412521
52.060000 -0.710139 -3.398120 -0.412802
52.070000 -0.744013 -3.376308 -0.413075
52.080000 -0.777665 -3.353483 -0.413340
52.090000 -0.811083 -3.329652 -0.413597
52.100000 -0.844258 -3.304822 -0.413845
52.110000 -0.877180 -3.279000 -0.414084
52.120000 -0.909838 -3.252195 -0.414314
52.130000 -0.942223 -3.224414 -0.414534
52.140000 -0.974326 -3.195666 -0.414744
52.150000 -1.006137 -3.165959 -0.414944
52.160000 -1.037645 -3.135302 -0.415134
52.170000 -1.068843 -3.103705 -0.415313
52.180000 -1.099719 -3.071176 -0.415482
52.190000 -1.130266 -3.037726 -0.415640
52.200000 -1.160474 -3.003365 -0.415786
52.210000 -1.190334 -2.968103 -0.415921
52.220000 -1.219836 -2.931951 -0.416045
52.230000 -1.248973 -2.894919 -0.416157
52.240000 -1.277734 -2.857018 -0.416257
52.250000 -1.306113 -2.818260 -0.416345
52.260000 -1.334100 -2.778657 -0.416421
52.270000 -1.361686 -2.738220 -0.416486
52.280000 -1.388864 -2.696962 -0.416538
52.290000 -1.415625 -2.654895 -0.416577
52.300000 -1.441962 -2.612031 -0.416605
52.310000 -1.467866 -2.568383 -0.416620
52.320000 -1.493330 -2.523965 -0.416623
52.330000 -1.518345 -2.478790 -0.416614
52.340000 -1.542905 -2.432872 -0.416592
52.350000 -1.567003 -2.386223 -0.416558
52.360000 -1.590630 -2.338858 -0.416511
52.370000 -1.613780 -2.290792 -0.416453
52.380000 -1.636446 -2.242039 -0.416382
52.390000 -1.658621 -2.192613 -0.416299
52.400000 -1.680298 -2.142529 -0.416205
52.410000 -1.701471 -2.091803 -0.416098
52.420000 -1.722134 -2.040449 -0.415980
52.430000 -1.742280 -1.988482 -0.415850
52.440000 -1.761904 -1.935920 -0.415709
52.450000 -1.780999 -1.882776 -0.415556
52.460000 -1.799559 -1.829068 -0.415393
52.470000 -1.817580 -1.774811 -0.415219
52.480000 -1.835055 -1.720021 -0.415033
52.490000 -1.851980 -1.664716 -0.414838
52.500000 -1.868350 -1.608911 -0.414632
52.510000 -1.884159 -1.552623 -0.414417
52.520000 -1.899402 -1.495870 -0.414192
52.530000 -1.914076 -1.438667 -0.413957
52.540000 -1.928176 -1.381034 -0.413713
52.550000 -1.941697 -1.322986 -0.413460
52.560000 -1.954635 -1.264541 -0.413199
52.570000 -1.966987 -1.205716 -0.412930
52.580000 -1.978750 -1.146530 -0.412652
52.590000 -1.989918 -1.087000 -0.412367
52.600000 -2.000490 -1.027144 -0.412075
52.610000 -2.010461 -0.966980 -0.411776
52.620000 -2.019829 -0.906525 -0.411471
52.630000 -2.028591 -0.845799 -0.411159
52.640000 -2.036745 -0.784819 -0.410841
52.650000 -2.044288 -0.723604 -0.410518
52.660000 -2.051217 -0.662171 -0.410191
52.670000 -2.057531 -0.600540 -0.409858
52.680000 -2.063228 -0.538728 -0.409521
52.690000 -2.068306 -0.476755 -0.409181
52.700000 -2.072763 -0.414639 -0.408837
52.710000 -2.076599 -0.352399 -0.408490
52.720000 -2.079811 -0.290053 -0.408140
52.730000 -2.082400 -0.227620 -0.407788
52.740000 -2.084363 -0.165118 -0.407435
52.750000 -2.085702 -0.102567 -0.407080
52.760000 -2.086415 -0.039985 -0.406725
52.770000 -2.086502 0.022608 -0.406369
52.780000 -2.085963 0.085195 -0.406012
52.790000 -2.084798 0.147757 -0.405657
52.800000 -2.083008 0.210274 -0.405302
52.810000 -2.080592 0.272728 -0.404948
52.820000 -2.077553 0.335100 -0.404596
52.830000 -2.073890 0.397372 -0.404246
52.840000 -2.069606 0.459524 -0.403899
52.850000 -2.064700 0.521539 -0.403554
52.860000 -2.059175 0.583397 -0.403213
52.870000 -2.053032 0.645080 -0.402876
52.880000 -2.046273 0.706569 -0.402543
52.890000 -2.038901 0.767847 -0.402214
52.900000 -2.030916 0.828894 -0.401890
52.910000 -2.022323 0.889693 -0.401572
52.920000 -2.013122 0.950225 -0.401259
52.930000 -2.003318 1.010471 -0.400953
52.940000 -1.992913 1.070415 -0.400653
52.950000 -1.981910 1.130037 -0.400360
52.960000 -1.970312 1.189320 -0.400073
52.970000 -1.958123 1.248247 -0.399795
52.980000 -1.945347 1.306799 -0.399524
52.990000 -1.931987 1.364959 -0.399262
53.000000 -1.918048 1.422709 -0.399008
53.010000 -1.903533 1.480033 -0.398763
53.020000 -1.888447 1.536913 -0.398526
53.030000 -1.872795 1.593332 -0.398300
53.040000 -1.856581 1.649272 -0.398083
53.050000 -1.839810 1.704718 -0.397875
53.060000 -1.822486 1.759652 -0.397678
53.070000 -1.804617 1.814059 -0.397492
53.080000 -1.786205 1.867921 -0.397316
53.090000 -1.767258 1.921223 -0.397151
53.100000 -1.747781 1.973949 -0.396996
53.110000 -1.727779 2.026082 -0.396854
53.120000 -1.707259 2.077608 -0.396722
53.130000 -1.686227 2.128510 -0.396602
53.140000 -1.664689 2.178774 -0.396494
53.150000 -1.642652 2.228384 -0.396397
53.160000 -1.620121 2.277326 -0.396313
53.170000 -1.597105 2.325584 -0.396240
53.180000 -1.573610 2.373145 -0.396180
53.190000 -1.549642 2.419993 -0.396131
53.200000 -1.525210 2.466116 -0.396095
53.210000 -1.500320 2.511499 -0.396072
53.220000 -1.474980 2.556129 -0.396060
53.230000 -1.449197 2.599991 -0.396061
53.240000 -1.422980 2.643074 -0.396075
53.250000 -1.396336 2.685364 -0.396100
53.260000 -1.369273 2.726848 -0.396138
53.270000 -1.341799 2.767514 -0.396188
53.280000 -1.313922 2.807350 -0.396251
53.290000 -1.285652 2.846343 -0.396325
53.300000 -1.256995 2.884483 -0.396412
53.310000 -1.227962 2.921757 -0.396510
53.320000 -1.198560 2.958155 -0.396620
53.330000 -1.168799 2.993666 -0.396742
53.340000 -1.138687 3.028278 -0.396875
53.350000 -1.108233 3.061982 -0.397020
53.360000 -1.077447 3.094767 -0.397176
53.370000 -1.046338 3.126624 -0.397343
53.380000 -1.014915 3.157543 -0.397521
53.390000 -0.983187 3.187514 -0.397709
53.400000 -0.951165 3.216529 -0.397908
53.410000 -0.918857 3.244580 -0.398116
53.420000 -0.886273 3.271657 -0.398335
53.430000 -0.853424 3.297752 -0.398563
53.440000 -0.820318 3.322858 -0.398801
53.450000 -0.786966 3.346967 -0.399047
53.460000 -0.753379 3.370073 -0.399303
53.470000 -0.719565 3.392167 -0.399567
53.480000 -0.685535 3.413243 -0.399839
53.490000 -0.651300 3.433296 -0.400118
53.500000 -0.616869 3.452318 -0.400406
53.510000 -0.582254 3.470305 -0.400700
53.520000 -0.547463 3.487251 -0.401001
53.530000 -0.512509 3.503151 -0.401309
53.540000 -0.477400 3.517999 -0.401622
53.550000 -0.442149 3.531792 -0.401941
53.560000 -0.406764 3.544526 -0.402266
53.570000 -0.371258 3.556196 -0.402595
53.580000 -0.335641 3.566800 -0.402929
53.590000 -0.299922 3.576333 -0.403267
53.600000 -0.264114 3.584794 -0.403609
53.610000 -0.228226 3.592179 -0.403954
53.620000 -0.192270 3.598486 -0.404302
53.630000 -0.156257 3.603714 -0.404652
53.640000 -0.120196 3.607861 -0.405004
53.650000 -0.084099 3.610926 -0.405358
53.660000 -0.047977 3.612907 -0.405713
53.670000 -0.011841 3.613804 -0.406069
53.680000 0.024299 3.613617 -0.406425
53.690000 0.060431 3.612346 -0.406781
53.700000 0.096546 3.609992 -0.407137
53.710000 0.132631 3.606554 -0.407491
53.720000 0.168677 3.602034 -0.407844
53.730000 0.204672 3.596434 -0.408196
53.740000 0.240605 3.589755 -0.408545
53.750000 0.276467 3.581999 -0.408891
53.760000 0.312245 3.573168 -0.409235
53.770000 0.347930 3.563266 -0.409575
53.780000 0.383511 3.552294 -0.409911
53.790000 0.418976 3.540257 -0.410243
53.800000 0.454316 3.527157 -0.410570
53.810000 0.489519 3.513000 -0.410892
53.820000 0.524576 3.497788 -0.411209
53.830000 0.559475 3.481528 -0.411519
53.840000 0.594206 3.464222 -0.411824
53.850000 0.628759 3.445878 -0.412122
53.860000 0.663124 3.426500 -0.412413
53.870000 0.697289 3.406093 -0.412697
53.880000 0.731246 3.384665 -0.412973
53.890000 0.764983 3.362222 -0.413241
53.900000 0.798490 3.338770 -0.413501
53.910000 0.831758 3.314316 -0.413752
53.920000 0.864776 3.288868 -0.413995
53.930000 0.897535 3.262433 -0.414228
53.940000 0.930025 3.235020 -0.414452
53.950000 0.962236 3.206636 -0.414666
53.960000 0.994158 3.177290 -0.414870
53.970000 1.025782 3.146991 -0.415064
53.980000 1.057098 3.115748 -0.415247
53.990000 1.088097 3.083570 -0.415420
54.000000 1.118769 3.050467 -0.415581
54.010000 1.149106 3.016449 -0.415732
54.020000 1.179098 2.981526 -0.415871
54.030000 1.208736 2.945708 -0.415999
54.040000 1.238012 2.909007 -0.416116
54.050000 1.266917 2.871433 -0.416220
54.060000 1.295441 2.832998 -0.416313
54.070000 1.323577 2.793713 -0.416394
54.080000 1.351315 2.753589 -0.416463
54.090000 1.378648 2.712640 -0.416519
54.100000 1.405568 2.670876 -0.416564
54.110000 1.432066 2.628312 -0.416596
54.120000 1.458134 2.584959 -0.416616
54.130000 1.483765 2.540830 -0.416623
54.140000 1.508951 2.495940 -0.416619
54.150000 1.533684 2.450300 -0.416601
54.160000 1.557957 2.403926 -0.416572
54.170000 1.581762 2.356830 -0.416530
54.180000 1.605093 2.309027 -0.416476
54.190000 1.627943 2.260531 -0.416410
54.200000 1.650304 2.211358 -0.416332
54.210000 1.672170 2.161521 -0.416242
54.220000 1.693534 2.111035 -0.416140
54.230000 1.714391 2.059916 -0.416026
54.240000 1.734733 2.008179 -0.415900
54.250000 1.754554 1.955840 -0.415763
54.260000 1.773850 1.902914 -0.415615
54.270000 1.792613 1.849417 -0.415456
54.280000 1.810838 1.795365 -0.415286
54.290000 1.828520 1.740775 -0.415105
54.300000 1.845653 1.685662 -0.414913
54.310000 1.862233 1.630044 -0.414711
54.320000 1.878254 1.573937 -0.414499
54.330000 1.893712 1.517357 -0.414278
54.340000 1.908601 1.460323 -0.414047
54.350000 1.922918 1.402850 -0.413806
54.360000 1.936658 1.344956 -0.413557
54.370000 1.949817 1.286659 -0.413299
54.380000 1.962392 1.227976 -0.413032
54.390000 1.974377 1.168924 -0.412758
54.400000 1.985770 1.109522 -0.412476
54.410000 1.996567 1.049787 -0.412186
54.420000 2.006766 0.989737 -0.411890
54.430000 2.016362 0.929390 -0.411587
54.440000 2.025354 0.868764 -0.411277
54.450000 2.033737 0.807878 -0.410962
54.460000 2.041511 0.746749 -0.410641
54.470000 2.048672 0.685396 -0.410315
54.480000 2.055219 0.623838 -0.409984
54.490000 2.061149 0.562093 -0.409649
54.500000 2.066461 0.500178 -0.409310
54.510000 2.071153 0.438114 -0.408967
54.520000 2.075223 0.375919 -0.408621
54.530000 2.078671 0.313610 -0.408272
54.540000 2.081495 0.251208 -0.407922
54.550000 2.083695 0.188730 -0.407569
54.560000 2.085270 0.126195 -0.407214
54.570000 2.086219 0.063623 -0.406859
54.580000 2.086542 0.001032 -0.406503
54.590000 2.086240 -0.061560 -0.406147
54.600000 2.085311 -0.124133 -0.405791
54.610000 2.083757 -0.186669 -0.405436
54.620000 2.081578 -0.249149 -0.405082
54.630000 2.078774 -0.311555 -0.404729
54.640000 2.075347 -0.373867 -0.404378
54.650000 2.071297 -0.436066 -0.404030
54.660000 2.066625 -0.498135 -0.403684
54.670000 2.061334 -0.560054 -0.403342
54.680000 2.055424 -0.621806 -0.403003
54.690000 2.048898 -0.683371 -0.402668
54.700000 2.041757 -0.744730 -0.402338
54.710000 2.034003 -0.805867 -0.402012
54.720000 2.025640 -0.866762 -0.401692
54.730000 2.016668 -0.927396 -0.401377
54.740000 2.007092 -0.987753 -0.401068
54.750000 1.996913 -1.047813 -0.400765
54.760000 1.986135 -1.107558 -0.400469
54.770000 1.974762 -1.166972 -0.400181
54.780000 1.962796 -1.226035 -0.399899
54.790000 1.950241 -1.284731 -0.399626
54.800000 1.937101 -1.343041 -0.399360
54.810000 1.923380 -1.400948 -0.399103
54.820000 1.909082 -1.458435 -0.398854
54.830000 1.894212 -1.515484 -0.398615
54.840000 1.878773 -1.572079 -0.398384
54.850000 1.862770 -1.628202 -0.398163
54.860000 1.846209 -1.683837 -0.397953
54.870000 1.829093 -1.738967 -0.397752
54.880000 1.811429 -1.793574 -0.397561
54.890000 1.793222 -1.847644 -0.397381
54.900000 1.774476 -1.901160 -0.397212
54.910000 1.755199 -1.954105 -0.397053
54.920000 1.735394 -2.006464 -0.396906
54.930000 1.715069 -2.058221 -0.396770
54.940000 1.694230 -2.109360 -0.396646
54.950000 1.672882 -2.159867 -0.396533
54.960000 1.651033 -2.209726 -0.396432
54.970000 1.628688 -2.258921 -0.396343
54.980000 1.605854 -2.307439 -0.396266
54.990000 1.582539 -2.355265 -0.396201
55.000000 1.558749 -2.402385 -0.396148
55.010000 1.534491 -2.448783 -0.396108
55.020000 1.509773 -2.494447 -0.396079
55.030000 1.484602 -2.539363 -0.396063
55.040000 1.458986 -2.583517 -0.396060
55.050000 1.432932 -2.626895 -0.396068
55.060000 1.406448 -2.669486 -0.396089
55.070000 1.379542 -2.711276 -0.396122
55.080000 1.352223 -2.752253 -0.396168
55.090000 1.324497 -2.792403 -0.396226
55.100000 1.296374 -2.831716 -0.396296
55.110000 1.267863 -2.870180 -0.396378
55.120000 1.238971 -2.907782 -0.396471
55.130000 1.209707 -2.944513 -0.396577
55.140000 1.180081 -2.980359 -0.396695
55.150000 1.150100 -3.015312 -0.396824
55.160000 1.119774 -3.049360 -0.396964
55.170000 1.089113 -3.082494 -0.397116
55.180000 1.058125 -3.114702 -0.397279
55.190000 1.026819 -3.145976 -0.397452
55.200000 0.995205 -3.176307 -0.397637
55.210000 0.963293 -3.205684 -0.397831
55.220000 0.931091 -3.234100 -0.398036
55.230000 0.898611 -3.261545 -0.398251
55.240000 0.865860 -3.288012 -0.398476
55.250000 0.832850 -3.313493 -0.398710
55.260000 0.799591 -3.337980 -0.398953
55.270000 0.766091 -3.361465 -0.399205
55.280000 0.732361 -3.383942 -0.399466
55.290000 0.698412 -3.405403 -0.399735
55.300000 0.664253 -3.425843 -0.400012
55.310000 0.629895 -3.445256 -0.400296
55.320000 0.595348 -3.463634 -0.400588
55.330000 0.560622 -3.480974 -0.400887
55.340000 0.525729 -3.497269 -0.401192
55.350000 0.490677 -3.512515 -0.401503
55.360000 0.455478 -3.526707 -0.401820
55.370000 0.420143 -3.539842 -0.402143
55.380000 0.384681 -3.551914 -0.402470
55.390000 0.349105 -3.562921 -0.402803
55.400000 0.313423 -3.572859 -0.403139
55.410000 0.277647 -3.581725 -0.403479
55.420000 0.241789 -3.589516 -0.403823
55.430000 0.205857 -3.596231 -0.404170
55.440000 0.169864 -3.601867 -0.404519
55.450000 0.133820 -3.606422 -0.404871
55.460000 0.097735 -3.609895 -0.405224
55.470000 0.061622 -3.612286 -0.405579
55.480000 0.025490 -3.613593 -0.405934
55.490000 -0.010650 -3.613815 -0.406291
55.500000 -0.046787 -3.612954 -0.406647
55.510000 -0.082909 -3.611008 -0.407002
55.520000 -0.119007 -3.607979 -0.407357
55.530000 -0.155069 -3.603868 -0.407711
55.540000 -0.191084 -3.598676 -0.408063
55.550000 -0.227042 -3.592404 -0.408413
55.560000 -0.262932 -3.585054 -0.408761
55.570000 -0.298743 -3.576629 -0.409106
55.580000 -0.334465 -3.567131 -0.409447
55.590000 -0.370086 -3.556563 -0.409785
55.600000 -0.405596 -3.544928 -0.410118
55.610000 -0.440984 -3.532229 -0.410447
55.620000 -0.476241 -3.518471 -0.410771
55.630000 -0.511354 -3.503657 -0.411090
55.640000 -0.546314 -3.487792 -0.411403
55.650000 -0.581110 -3.470880 -0.411710
55.660000 -0.615731 -3.452928 -0.412010
55.670000 -0.650168 -3.433939 -0.412304
55.680000 -0.684410 -3.413921 -0.412590
55.690000 -0.718447 -3.392878 -0.412870
55.700000 -0.752268 -3.370817 -0.413141
55.710000 -0.785863 -3.347745 -0.413404
55.720000 -0.819223 -3.323669 -0.413658
55.730000 -0.852336 -3.298595 -0.413904
55.740000 -0.885194 -3.272532 -0.414141
55.750000 -0.917787 -3.245488 -0.414368
55.760000 -0.950104 -3.217469 -0.414586
55.770000 -0.982136 -3.188486 -0.414794
55.780000 -1.013874 -3.158546 -0.414992
55.790000 -1.045307 -3.127658 -0.415179
55.800000 -1.076427 -3.095832 -0.415356
55.810000 -1.107224 -3.063077 -0.415521
55.820000 -1.137689 -3.029403 -0.415676
55.830000 -1.167812 -2.994821 -0.415820
55.840000 -1.197585 -2.959340 -0.415952
55.850000 -1.226999 -2.922971 -0.416073
55.860000 -1.256044 -2.885726 -0.416182
55.870000 -1.284713 -2.847614 -0.416280
55.880000 -1.312997 -2.808648 -0.416365
55.890000 -1.340886 -2.768840 -0.416438
55.900000 -1.368374 -2.728201 -0.416500
55.910000 -1.395450 -2.686744 -0.416549
55.920000 -1.422108 -2.644481 -0.416585
55.930000 -1.448340 -2.601424 -0.416610
55.940000 -1.474137 -2.557587 -0.416622
55.950000 -1.499492 -2.512982 -0.416622
55.960000 -1.524397 -2.467624 -0.416609
55.970000 -1.548844 -2.421525 -0.416585
55.980000 -1.572827 -2.374700 -0.416547
55.990000 -1.596338 -2.327163 -0.416498
56.000000 -1.619370 -2.278927 -0.416437
56.010000 -1.641917 -2.230008 -0.416363
56.020000 -1.663971 -2.180420 -0.416277
56.030000 -1.685525 -2.130177 -0.416180
56.040000 -1.706574 -2.079296 -0.416070
56.050000 -1.727111 -2.027790 -0.415949
56.060000 -1.747130 -1.975677 -0.415817
56.070000 -1.766625 -1.922970 -0.415673
56.080000 -1.785589 -1.869687 -0.415517
56.090000 -1.804018 -1.815843 -0.415351
56.100000 -1.821906 -1.761454 -0.415174
56.110000 -1.839247 -1.706537 -0.414987
56.120000 -1.856037 -1.651108 -0.414789
56.130000 -1.872270 -1.595183 -0.414581
56.140000 -1.887941 -1.538780 -0.414363
56.150000 -1.903045 -1.481915 -0.414135
56.160000 -1.917579 -1.424606 -0.413898
56.170000 -1.931537 -1.366869 -0.413652
56.180000 -1.944916 -1.308722 -0.413397
56.190000 -1.957712 -1.250183 -0.413134
56.200000 -1.969920 -1.191268 -0.412862
56.210000 -1.981537 -1.131997 -0.412583
56.220000 -1.992560 -1.072385 -0.412296
56.230000 -2.002985 -1.012452 -0.412003
56.240000 -2.012809 -0.952215 -0.411702
56.250000 -2.022029 -0.891692 -0.411395
56.260000 -2.030643 -0.830902 -0.411082
56.270000 -2.038647 -0.769863 -0.410763
56.280000 -2.046040 -0.708593 -0.410439
56.290000 -2.052819 -0.647110 -0.410110
56.300000 -2.058982 -0.585433 -0.409776
56.310000 -2.064528 -0.523580 -0.409438
56.320000 -2.069454 -0.461570 -0.409097
56.330000 -2.073759 -0.399422 -0.408752
56.340000 -2.077442 -0.337154 -0.408404
56.350000 -2.080502 -0.274785 -0.408054
56.360000 -2.082938 -0.212333 -0.407702
56.370000 -2.084749 -0.149818 -0.407348
56.380000 -2.085934 -0.087258 -0.406993
56.390000 -2.086494 -0.024671 -0.406638
56.400000 -2.086428 0.037922 -0.406281
56.410000 -2.085735 0.100505 -0.405925
56.420000 -2.084418 0.163057 -0.405570
56.430000 -2.082474 0.225560 -0.405215
56.440000 -2.079906 0.287996 -0.404862
56.450000 -2.076714 0.350345 -0.404510
56.460000 -2.072899 0.412590 -0.404161
56.470000 -2.068463 0.474710 -0.403814
56.480000 -2.063405 0.536688 -0.403471
56.490000 -2.057729 0.598505 -0.403130
56.500000 -2.051435 0.660143 -0.402794
56.510000 -2.044526 0.721582 -0.402462
56.520000 -2.037004 0.782805 -0.402134
56.530000 -2.028870 0.843793 -0.401812
56.540000 -2.020128 0.904528 -0.401495
56.550000 -2.010779 0.964992 -0.401184
56.560000 -2.000828 1.025166 -0.400879
56.570000 -1.990276 1.085032 -0.400580
56.580000 -1.979127 1.144573 -0.400289
56.590000 -1.967385 1.203771 -0.400005
56.600000 -1.955052 1.262608 -0.399728
56.610000 -1.942132 1.321065 -0.399459
56.620000 -1.928630 1.379127 -0.399199
56.630000 -1.914550 1.436774 -0.398947
56.640000 -1.899895 1.493991 -0.398704
56.650000 -1.884670 1.550760 -0.398470
56.660000 -1.868880 1.607063 -0.398246
56.670000 -1.852529 1.662884 -0.398031
56.680000 -1.835622 1.718206 -0.397826
56.690000 -1.818165 1.773013 -0.397632
56.700000 -1.800162 1.827288 -0.397448
56.710000 -1.781619 1.881015 -0.397274
56.720000 -1.762542 1.934177 -0.397112
56.730000 -1.742935 1.986759 -0.396960
56.740000 -1.722806 2.038745 -0.396820
56.750000 -1.702160 2.090120 -0.396692
56.760000 -1.681004 2.140867 -0.396574
56.770000 -1.659343 2.190973 -0.396469
56.780000 -1.637184 2.240420 -0.396375
56.790000 -1.614535 2.289196 -0.396294
56.800000 -1.591401 2.337285 -0.396224
56.810000 -1.567789 2.384673 -0.396167
56.820000 -1.543707 2.431346 -0.396121
56.830000 -1.519162 2.477289 -0.396088
56.840000 -1.494161 2.522488 -0.396068
56.850000 -1.468712 2.566932 -0.396059
56.860000 -1.442823 2.610605 -0.396063
56.870000 -1.416500 2.653494 -0.396080
56.880000 -1.389753 2.695588 -0.396108
56.890000 -1.362588 2.736873 -0.396149
56.900000 -1.335015 2.777337 -0.396202
56.910000 -1.307042 2.816968 -0.396268
56.920000 -1.278676 2.855754 -0.396345
56.930000 -1.249927 2.893683 -0.396435
56.940000 -1.220802 2.930744 -0.396536
56.950000 -1.191312 2.966926 -0.396649
56.960000 -1.161464 3.002217 -0.396774
56.970000 -1.131267 3.036608 -0.396910
56.980000 -1.100732 3.070088 -0.397057
56.990000 -1.069866 3.102647 -0.397216
57.000000 -1.038679 3.134275 -0.397385
57.010000 -1.007180 3.164963 -0.397566
57.020000 -0.975379 3.194702 -0.397757
57.030000 -0.943286 3.223482 -0.397958
57.040000 -0.910910 3.251295 -0.398169
57.050000 -0.878260 3.278132 -0.398390
57.060000 -0.845347 3.303986 -0.398621
57.070000 -0.812180 3.328849 -0.398860
57.080000 -0.778770 3.352713 -0.399109
57.090000 -0.745126 3.375572 -0.399367
57.100000 -0.711259 3.397418 -0.399632
57.110000 -0.677178 3.418244 -0.399906
57.120000 -0.642894 3.438045 -0.400188
57.130000 -0.608417 3.456815 -0.400477
57.140000 -0.573758 3.474548 -0.400773
57.150000 -0.538926 3.491238 -0.401076
57.160000 -0.503933 3.506881 -0.401385
57.170000 -0.468788 3.521472 -0.401700
57.180000 -0.433503 3.535006 -0.402020
57.190000 -0.398088 3.547480 -0.402346
57.200000 -0.362554 3.558889 -0.402677
57.210000 -0.326910 3.569231 -0.403011
57.220000 -0.291169 3.578503 -0.403350
57.230000 -0.255340 3.586700 -0.403693
57.240000 -0.219435 3.593822 -0.404039
57.250000 -0.183464 3.599865 -0.404387
57.260000 -0.147438 3.604829 -0.404738
57.270000 -0.111367 3.608711 -0.405091
57.280000 -0.075264 3.611510 -0.405445
57.290000 -0.039137 3.613226 -0.405800
57.300000 -0.002999 3.613858 -0.406156
57.310000 0.033140 3.613406 -0.406512
57.320000 0.069269 3.611870 -0.406868
57.330000 0.105377 3.609251 -0.407223
57.340000 0.141454 3.605548 -0.407578
57.350000 0.177488 3.600764 -0.407931
57.360000 0.213469 3.594900 -0.408281
57.370000 0.249386 3.587957 -0.408630
57.380000 0.285228 3.579937 -0.408976
57.390000 0.320985 3.570844 -0.409318
57.400000 0.356645 3.560680 -0.409657
57.410000 0.392199 3.549447 -0.409993
57.420000 0.427634 3.537150 -0.410323
57.430000 0.462942 3.523791 -0.410649
57.440000 0.498110 3.509375 -0.410970
57.450000 0.533129 3.493907 -0.411285
57.460000 0.567988 3.477390 -0.411595
57.470000 0.602677 3.459830 -0.411897
57.480000 0.637185 3.441232 -0.412194
57.490000 0.671502 3.421602 -0.412483
57.500000 0.705617 3.400945 -0.412765
57.510000 0.739520 3.379268 -0.413039
57.520000 0.773202 3.356577 -0.413305
57.530000 0.806652 3.332879 -0.413563
57.540000 0.839860 3.308182 -0.413812
57.550000 0.872816 3.282491 -0.414053
57.560000 0.905510 3.255817 -0.414284
57.570000 0.937932 3.228165 -0.414505
57.580000 0.970073 3.199545 -0.414717
57.590000 1.001923 3.169965 -0.414918
57.600000 1.033472 3.139434 -0.415109
57.610000 1.064712 3.107961 -0.415290
57.620000 1.095631 3.075556 -0.415460
57.630000 1.126223 3.042228 -0.415619
57.640000 1.156476 3.007988 -0.415767
57.650000 1.186382 2.972845 -0.415904
57.660000 1.215933 2.936810 -0.416029
57.670000 1.245119 2.899894 -0.416142
57.680000 1.273931 2.862109 -0.416244
57.690000 1.302361 2.823464 -0.416334
57.700000 1.330400 2.783973 -0.416412
57.710000 1.358040 2.743646 -0.416478
57.720000 1.385273 2.702497 -0.416531
57.730000 1.412090 2.660536 -0.416573
57.740000 1.438484 2.617777 -0.416602
57.750000 1.464446 2.574234 -0.416619
57.760000 1.489968 2.529917 -0.416623
57.770000 1.515044 2.484842 -0.416616
57.780000 1.539665 2.439022 -0.416595
57.790000 1.563825 2.392469 -0.416563
57.800000 1.587515 2.345199 -0.416518
57.810000 1.610729 2.297225 -0.416461
57.820000 1.633459 2.248563 -0.416392
57.830000 1.655700 2.199225 -0.416311
57.840000 1.677444 2.149228 -0.416218
57.850000 1.698684 2.098586 -0.416113
57.860000 1.719415 2.047315 -0.415996
57.870000 1.739631 1.995429 -0.415868
57.880000 1.759324 1.942945 -0.415728
57.890000 1.778490 1.889877 -0.415577
57.900000 1.797122 1.836243 -0.415415
57.910000 1.815214 1.782058 -0.415242
57.920000 1.832763 1.727339 -0.415059
57.930000 1.849761 1.672101 -0.414865
57.940000 1.866205 1.616361 -0.414660
57.950000 1.882088 1.560137 -0.414446
57.960000 1.897407 1.503444 -0.414222
57.970000 1.912157 1.446301 -0.413989
57.980000 1.926333 1.388724 -0.413746
57.990000 1.939932 1.330730 -0.413494
58.000000 1.952948 1.272336 -0.413234
58.010000 1.965378 1.213561 -0.412966
58.020000 1.977219 1.154423 -0.412690
58.030000 1.988467 1.094937 -0.412406
58.040000 1.999118 1.035123 -0.412114
58.050000 2.009169 0.974999 -0.411816
58.060000 2.018618 0.914582 -0.411512
58.070000 2.027461 0.853891 -0.411201
58.080000 2.035696 0.792944 -0.410884
58.090000 2.043320 0.731759 -0.410562
58.100000 2.050331 0.670354 -0.410234
58.110000 2.056727 0.608748 -0.409902
58.120000 2.062506 0.546959 -0.409566
58.130000 2.067666 0.485007 -0.409226
58.140000 2.072206 0.422909 -0.408883
58.150000 2.076124 0.360684 -0.408536
58.160000 2.079420 0.298351 -0.408187
58.170000 2.082091 0.235928 -0.407835
58.180000 2.084138 0.173435 -0.407482
58.190000 2.085560 0.110889 -0.407128
58.200000 2.086356 0.048310 -0.406772
58.210000 2.086526 -0.014283 -0.406416
58.220000 2.086070 -0.076872 -0.406060
58.230000 2.084989 -0.139438 -0.405704
58.240000 2.083282 -0.201962 -0.405349
58.250000 2.080950 -0.264425 -0.404995
58.260000 2.077993 -0.326809 -0.404643
58.270000 2.074413 -0.389096 -0.404293
58.280000 2.070211 -0.451265 -0.403945
58.290000 2.065388 -0.513299 -0.403600
58.300000 2.059945 -0.575179 -0.403258
58.310000 2.053885 -0.636886 -0.402921
58.320000 2.047208 -0.698403 -0.402587
58.330000 2.039916 -0.759710 -0.402257
58.340000 2.032013 -0.820789 -0.401933
58.350000 2.023501 -0.881621 -0.401614
58.360000 2.014381 -0.942189 -0.401301
58.370000 2.004657 -1.002475 -0.400993
58.380000 1.994331 -1.062460 -0.400692
58.390000 1.983408 -1.122126 -0.400398
58.400000 1.971889 -1.181455 -0.400111
58.410000 1.959779 -1.240430 -0.399832
58.420000 1.947080 -1.299033 -0.399560
58.430000 1.933798 -1.357246 -0.399296
58.440000 1.919935 -1.415052 -0.399041
58.450000 1.905497 -1.472434 -0.398795
58.460000 1.890487 -1.529374 -0.398557
58.470000 1.874909 -1.585855 -0.398329
58.480000 1.858770 -1.641860 -0.398111
58.490000 1.842072 -1.697372 -0.397902
58.500000 1.824822 -1.752376 -0.397704
58.510000 1.807025 -1.806854 -0.397516
58.520000 1.788685 -1.860789 -0.397339
58.530000 1.769809 -1.914167 -0.397172
58.540000 1.750402 -1.966970 -0.397016
58.550000 1.730470 -2.019183 -0.396872
58.560000 1.710018 -2.070790 -0.396739
58.570000 1.689054 -2.121776 -0.396617
58.580000 1.667583 -2.172126 -0.396507
58.590000 1.645611 -2.221824 -0.396409
58.600000 1.623146 -2.270855 -0.396323
58.610000 1.600194 -2.319205 -0.396249
58.620000 1.576762 -2.366860 -0.396187
58.630000 1.552857 -2.413804 -0.396137
58.640000 1.528486 -2.460024 -0.396099
58.650000 1.503656 -2.505506 -0.396074
58.660000 1.478376 -2.550237 -0.396061
58.670000 1.452652 -2.594202 -0.396060
58.680000 1.426492 -2.637389 -0.396072
58.690000 1.399904 -2.679785 -0.396096
58.700000 1.372896 -2.721377 -0.396132
58.710000 1.345476 -2.762153 -0.396181
58.720000 1.317653 -2.802100 -0.396242
58.730000 1.289434 -2.841206 -0.396315
58.740000 1.260829 -2.879460 -0.396399
58.750000 1.231845 -2.916850 -0.396496
58.760000 1.202492 -2.953365 -0.396605
58.770000 1.172778 -2.988994 -0.396725
58.780000 1.142712 -3.023726 -0.396857
58.790000 1.112303 -3.057552 -0.397000
58.800000 1.081561 -3.090460 -0.397155
58.810000 1.050494 -3.122440 -0.397320
58.820000 1.019112 -3.153485 -0.397496
58.830000 0.987424 -3.183583 -0.397683
58.840000 0.955441 -3.212726 -0.397881
58.850000 0.923170 -3.240905 -0.398088
58.860000 0.890622 -3.268112 -0.398305
58.870000 0.857808 -3.294338 -0.398532
58.880000 0.824736 -3.319576 -0.398769
58.890000 0.791416 -3.343818 -0.399014
58.900000 0.757859 -3.367058 -0.399268
58.910000 0.724075 -3.389287 -0.399531
58.920000 0.690074 -3.410499 -0.399802
58.930000 0.655865 -3.430688 -0.400081
58.940000 0.621460 -3.449848 -0.400367
58.950000 0.586868 -3.467973 -0.400660
58.960000 0.552100 -3.485057 -0.400961
58.970000 0.517167 -3.501096 -0.401267
58.980000 0.482078 -3.516085 -0.401580
58.990000 0.446845 -3.530019 -0.401899
59.000000 0.411478 -3.542894 -0.402222
59.010000 0.375987 -3.554706 -0.402551
59.020000 0.340384 -3.565451 -0.402884
59.030000 0.304678 -3.575127 -0.403222
59.040000 0.268881 -3.583731 -0.403563
59.050000 0.233004 -3.591259 -0.403908
59.060000 0.197056 -3.597710 -0.404255
59.070000 0.161050 -3.603081 -0.404605
59.080000 0.124995 -3.607372 -0.404957
59.090000 0.088902 -3.610580 -0.405311
59.100000 0.052783 -3.612706 -0.405666
59.110000 0.016648 -3.613747 -0.406022
59.120000 -0.019492 -3.613705 -0.406378
59.130000 -0.055626 -3.612578 -0.406734
59.140000 -0.091743 -3.610367 -0.407089
59.150000 -0.127833 -3.607074 -0.407444
59.160000 -0.163885 -3.602698 -0.407797
59.170000 -0.199887 -3.597241 -0.408149
59.180000 -0.235830 -3.590705 -0.408499
59.190000 -0.271701 -3.583092 -0.408846
59.200000 -0.307492 -3.574405 -0.409189
59.210000 -0.343190 -3.564644 -0.409530
59.220000 -0.378785 -3.553815 -0.409867
59.230000 -0.414266 -3.541919 -0.410199
59.240000 -0.449623 -3.528961 -0.410527
59.250000 -0.484845 -3.514944 -0.410850
59.260000 -0.519922 -3.499872 -0.411167
59.270000 -0.554843 -3.483751 -0.411478
59.280000 -0.589597 -3.466584 -0.411784
59.290000 -0.624174 -3.448378 -0.412083
59.300000 -0.658564 -3.429136 -0.412375
59.310000 -0.692757 -3.408867 -0.412659
59.320000 -0.726742 -3.387574 -0.412937
59.330000 -0.760508 -3.365265 -0.413206
59.340000 -0.794047 -3.341947 -0.413467
59.350000 -0.827347 -3.317626 -0.413719
59.360000 -0.860400 -3.292310 -0.413963
59.370000 -0.893194 -3.266006 -0.414197
59.380000 -0.925720 -3.238722 -0.414422
59.390000 -0.957968 -3.210467 -0.414638
59.400000 -0.989929 -3.181249 -0.414843
59.410000 -1.021593 -3.151076 -0.415038
59.420000 -1.052950 -3.119958 -0.415223
59.430000 -1.083992 -3.087903 -0.415397
59.440000 -1.114709 -3.054923 -0.415560
59.450000 -1.145091 -3.021026 -0.415713
59.460000 -1.175129 -2.986223 -0.415854
59.470000 -1.204815 -2.950523 -0.415983
59.480000 -1.234140 -2.913939 -0.416101
59.490000 -1.263094 -2.876481 -0.416207
59.500000 -1.291669 -2.838159 -0.416302
59.510000 -1.319857 -2.798986 -0.416384
59.520000 -1.347649 -2.758974 -0.416454
59.530000 -1.375036 -2.718133 -0.416513
59.540000 -1.402012 -2.676478 -0.416559
59.550000 -1.428566 -2.634019 -0.416592
59.560000 -1.454692 -2.590770 -0.416614
59.570000 -1.480381 -2.546744 -0.416623
59.580000 -1.505627 -2.501954 -0.416620
59.590000 -1.530421 -2.456413 -0.416604
59.600000 -1.554755 -2.410136 -0.416577
59.610000 -1.578623 -2.363135 -0.416537
59.620000 -1.602018 -2.315425 -0.416484
59.630000 -1.624932 -2.267021 -0.416420
59.640000 -1.647358 -2.217937 -0.416343
59.650000 -1.669290 -2.168187 -0.416254
59.660000 -1.690722 -2.117787 -0.416154
59.670000 -1.711646 -2.066751 -0.416042
59.680000 -1.732057 -2.015096 -0.415918
59.690000 -1.751948 -1.962836 -0.415782
59.700000 -1.771314 -1.909987 -0.415636
59.710000 -1.790148 -1.856565 -0.415478
59.720000 -1.808445 -1.802586 -0.415309
59.730000 -1.826200 -1.748066 -0.415129
59.740000 -1.843406 -1.693022 -0.414939
59.750000 -1.860060 -1.637470 -0.414739
59.760000 -1.876156 -1.581427 -0.414528
59.770000 -1.891689 -1.524909 -0.414308
59.780000 -1.906654 -1.467934 -0.414078
59.790000 -1.921047 -1.410519 -0.413839
59.800000 -1.934864 -1.352680 -0.413590
59.810000 -1.948101 -1.294436 -0.413334
59.820000 -1.960753 -1.235803 -0.413068
59.830000 -1.972817 -1.176799 -0.412795
59.840000 -1.984289 -1.117443 -0.412514
59.850000 -1.995166 -1.057751 -0.412225
59.860000 -2.005444 -0.997742 -0.411930
59.870000 -2.015121 -0.937433 -0.411627
59.880000 -2.024193 -0.876843 -0.411319
59.890000 -2.032657 -0.815991 -0.411004
59.900000 -2.040512 -0.754893 -0.410684
59.910000 -2.047755 -0.693569 -0.410359
59.920000 -2.054384 -0.632037 -0.410028
59.930000 -2.060396 -0.570315 -0.409694
59.940000 -2.065790 -0.508423 -0.409355
59.950000 -2.070564 -0.446377 -0.409013
59.960000 -2.074718 -0.384198 -0.408667
59.970000 -2.078248 -0.321903 -0.408319
59.980000 -2.081156 -0.259512 -0.407968
59.990000 -2.083439 -0.197044 -0.407616
60.000000 -2.085097 -0.134515 -0.407262
60.010000 -2.086129 -0.071947 -0.406906
60.020000 -2.086536 -0.009357 -0.406550
60.030000 -2.086316 0.053236 -0.406194
60.040000 -2.085471 0.115812 -0.405838
60.050000 -2.084000 0.178355 -0.405483
60.060000 -2.081904 0.240843 -0.405129
60.070000 -2.079183 0.303259 -0.404776
60.080000 -2.075839 0.365585 -0.404425
60.090000 -2.071871 0.427800 -0.404076
60.100000 -2.067283 0.489888 -0.403730
60.110000 -2.062074 0.551828 -0.403387
60.120000 -2.056246 0.613603 -0.403048
60.130000 -2.049802 0.675194 -0.402712
60.140000 -2.042742 0.736582 -0.402381
60.150000 -2.035070 0.797749 -0.402055
60.160000 -2.026787 0.858677 -0.401734
60.170000 -2.017896 0.919347 -0.401418
60.180000 -2.008400 0.979741 -0.401109
60.190000 -1.998302 1.039842 -0.400805
60.200000 -1.987603 1.099630 -0.400508
60.210000 -1.976309 1.159089 -0.400219
60.220000 -1.964422 1.218200 -0.399936
60.230000 -1.951945 1.276946 -0.399662
60.240000 -1.938883 1.335308 -0.399395
60.250000 -1.925239 1.393270 -0.399136
60.260000 -1.911017 1.450814 -0.398887
60.270000 -1.896223 1.507922 -0.398646
60.280000 -1.880859 1.564579 -0.398414
60.290000 -1.864931 1.620765 -0.398192
60.300000 -1.848444 1.676466 -0.397980
60.310000 -1.831402 1.731664 -0.397778
60.320000 -1.813810 1.786342 -0.397586
60.330000 -1.795675 1.840484 -0.397404
60.340000 -1.777001 1.894074 -0.397234
60.350000 -1.757793 1.947096 -0.397074
60.360000 -1.738059 1.999534 -0.396925
60.370000 -1.717803 2.051372 -0.396788
60.380000 -1.697031 2.102594 -0.396662
60.390000 -1.675751 2.153186 -0.396547
60.400000 -1.653967 2.203132 -0.396445
60.410000 -1.631688 2.252417 -0.396354
60.420000 -1.608919 2.301026 -0.396276
60.430000 -1.585668 2.348945 -0.396209
60.440000 -1.561940 2.396159 -0.396154
60.450000 -1.537744 2.442654 -0.396112
60.460000 -1.513087 2.488416 -0.396082
60.470000 -1.487976 2.533432 -0.396065
60.480000 -1.462419 2.577688 -0.396059
60.490000 -1.436422 2.621171 -0.396066
60.500000 -1.409995 2.663867 -0.396086
60.510000 -1.383145 2.705764 -0.396117
60.520000 -1.355880 2.746850 -0.396161
60.530000 -1.328208 2.787111 -0.396217
60.540000 -1.300138 2.826536 -0.396286
60.550000 -1.271677 2.865113 -0.396366
60.560000 -1.242835 2.902831 -0.396458
60.570000 -1.213621 2.939678 -0.396562
60.580000 -1.184042 2.975643 -0.396678
60.590000 -1.154108 3.010715 -0.396806
60.600000 -1.123827 3.044884 -0.396945
60.610000 -1.093210 3.078140 -0.397095
60.620000 -1.062265 3.110472 -0.397256
60.630000 -1.031001 3.141871 -0.397429
60.640000 -0.999427 3.172327 -0.397611
60.650000 -0.967554 3.201832 -0.397805
60.660000 -0.935391 3.230376 -0.398009
60.670000 -0.902947 3.257951 -0.398222
60.680000 -0.870232 3.284549 -0.398446
60.690000 -0.837256 3.310161 -0.398678
60.700000 -0.804028 3.334780 -0.398920
60.710000 -0.770560 3.358399 -0.399171
60.720000 -0.736860 3.381011 -0.399431
60.730000 -0.702940 3.402608 -0.399699
60.740000 -0.668808 3.423184 -0.399975
60.750000 -0.634476 3.442733 -0.400258
60.760000 -0.599954 3.461249 -0.400549
60.770000 -0.565251 3.478728 -0.400846
60.780000 -0.530379 3.495162 -0.401151
60.790000 -0.495348 3.510548 -0.401461
60.800000 -0.460168 3.524881 -0.401778
60.810000 -0.424850 3.538156 -0.402099
60.820000 -0.389405 3.550370 -0.402426
60.830000 -0.353843 3.561518 -0.402758
60.840000 -0.318175 3.571599 -0.403094
60.850000 -0.282411 3.580608 -0.403434
60.860000 -0.246562 3.588542 -0.403777
60.870000 -0.210640 3.595400 -0.404124
60.880000 -0.174654 3.601180 -0.404473
60.890000 -0.138616 3.605879 -0.404824
60.900000 -0.102537 3.609496 -0.405177
60.910000 -0.066427 3.612030 -0.405532
60.920000 -0.030296 3.613481 -0.405887
60.930000 0.005843 3.613848 -0.406243
60.940000 0.041981 3.613131 -0.406599
60.950000 0.078106 3.611329 -0.406955
60.960000 0.114207 3.608445 -0.407310
60.970000 0.150275 3.604477 -0.407664
60.980000 0.186297 3.599429 -0.408017
60.990000 0.222263 3.593300 -0.408367
61.000000 0.258163 3.586094 -0.408715
61.010000 0.293985 3.577812 -0.409060
61.020000 0.329719 3.568456 -0.409402
61.030000 0.365354 3.558030 -0.409740
61.040000 0.400880 3.546537 -0.410074
61.050000 0.436285 3.533979 -0.410404
61.060000 0.471559 3.520362 -0.410728
61.070000 0.506692 3.505688 -0.411048
61.080000 0.541673 3.489962 -0.411361
61.090000 0.576491 3.473190 -0.411669
61.100000 0.611137 3.455375 -0.411971
61.110000 0.645599 3.436524 -0.412265
61.120000 0.679867 3.416642 -0.412553
61.130000 0.713932 3.395735 -0.412833
61.140000 0.747782 3.373810 -0.413105
61.150000 0.781408 3.350872 -0.413369
61.160000 0.814799 3.326929 -0.413625
61.170000 0.847947 3.301988 -0.413872
61.180000 0.880839 3.276056 -0.414110
61.190000 0.913468 3.249141 -0.414339
61.200000 0.945822 3.221252 -0.414558
61.210000 0.977893 3.192396 -0.414767
61.220000 1.009670 3.162583 -0.414966
61.230000 1.041144 3.131820 -0.415155
61.240000 1.072306 3.100119 -0.415333
61.250000 1.103147 3.067487 -0.415500
61.260000 1.133656 3.033935 -0.415656
61.270000 1.163825 2.999473 -0.415802
61.280000 1.193646 2.964111 -0.415935
61.290000 1.223108 2.927859 -0.416058
61.300000 1.252203 2.890730 -0.416168
61.310000 1.280922 2.852733 -0.416267
61.320000 1.309257 2.813880 -0.416354
61.330000 1.337200 2.774183 -0.416429
61.340000 1.364741 2.733654 -0.416492
61.350000 1.391873 2.692305 -0.416543
61.360000 1.418587 2.650148 -0.416581
61.370000 1.444876 2.607196 -0.416607
61.380000 1.470731 2.563462 -0.416621
61.390000 1.496145 2.518959 -0.416623
61.400000 1.521110 2.473700 -0.416612
61.410000 1.545619 2.427699 -0.416589
61.420000 1.569664 2.380970 -0.416553
61.430000 1.593238 2.333526 -0.416505
61.440000 1.616335 2.285383 -0.416445
61.450000 1.638946 2.236553 -0.416373
61.460000 1.661066 2.187053 -0.416289
61.470000 1.682687 2.136897 -0.416193
61.480000 1.703804 2.086100 -0.416085
61.490000 1.724409 2.034676 -0.415966
61.500000 1.744497 1.982643 -0.415835
61.510000 1.764062 1.930014 -0.415692
61.520000 1.783098 1.876807 -0.415539
61.530000 1.801598 1.823037 -0.415374
61.540000 1.819558 1.768719 -0.415198
61.550000 1.836973 1.713871 -0.415012
61.560000 1.853836 1.658509 -0.414816
61.570000 1.870143 1.602649 -0.414609
61.580000 1.885889 1.546309 -0.414392
61.590000 1.901069 1.489505 -0.414166
61.600000 1.915679 1.432253 -0.413930
61.610000 1.929714 1.374572 -0.413685
61.620000 1.943170 1.316479 -0.413432
61.630000 1.956044 1.257991 -0.413169
61.640000 1.968330 1.199125 -0.412899
61.650000 1.980026 1.139900 -0.412621
61.660000 1.991128 1.080333 -0.412335
61.670000 2.001633 1.020441 -0.412042
61.680000 2.011537 0.960244 -0.411742
61.690000 2.020838 0.899758 -0.411436
61.700000 2.029532 0.839003 -0.411124
61.710000 2.037618 0.777995 -0.410806
61.720000 2.045092 0.716755 -0.410482
61.730000 2.051953 0.655299 -0.410154
61.740000 2.058198 0.593647 -0.409821
61.750000 2.063826 0.531816 -0.409483
61.760000 2.068834 0.469827 -0.409142
61.770000 2.073222 0.407696 -0.408798
61.780000 2.076988 0.345443 -0.408451
61.790000 2.080131 0.283086 -0.408101
61.800000 2.082650 0.220644 -0.407749
61.810000 2.084544 0.158136 -0.407395
61.820000 2.085813 0.095581 -0.407041
61.830000 2.086456 0.032997 -0.406685
61.840000 2.086473 -0.029597 -0.406329
61.850000 2.085864 -0.092182 -0.405973
61.860000 2.084629 -0.154740 -0.405617
61.870000 2.082769 -0.217251 -0.405262
61.880000 2.080284 -0.279696 -0.404909
61.890000 2.077175 -0.342058 -0.404557
61.900000 2.073443 -0.404317 -0.404207
61.910000 2.069089 -0.466455 -0.403860
61.920000 2.064114 -0.528453 -0.403516
61.930000 2.058520 -0.590293 -0.403175
61.940000 2.052308 -0.651955 -0.402838
61.950000 2.045480 -0.713422 -0.402506
61.960000 2.038039 -0.774675 -0.402178
61.970000 2.029987 -0.835695 -0.401855
61.980000 2.021325 -0.896465 -0.401537
61.990000 2.012058 -0.956966 -0.401225
62.000000 2.002186 -1.017179 -0.400919
62.010000 1.991714 -1.077088 -0.400620
62.020000 1.980644 -1.136673 -0.400327
62.030000 1.968981 -1.195918 -0.400042
62.040000 1.956726 -1.254803 -0.399764
62.050000 1.943884 -1.313313 -0.399495
62.060000 1.930460 -1.371428 -0.399233
62.070000 1.916456 -1.429131 -0.398980
62.080000 1.901877 -1.486406 -0.398736
62.090000 1.886728 -1.543235 -0.398501
62.100000 1.871012 -1.599602 -0.398275
62.110000 1.854736 -1.655488 -0.398059
62.120000 1.837903 -1.710877 -0.397853
62.130000 1.820518 -1.765754 -0.397657
62.140000 1.802588 -1.820100 -0.397472
62.150000 1.784116 -1.873901 -0.397297
62.160000 1.765110 -1.927139 -0.397133
62.170000 1.745573 -1.979799 -0.396980
62.180000 1.725514 -2.031866 -0.396838
62.190000 1.704936 -2.083323 -0.396708
62.200000 1.683847 -2.134154 -0.396589
62.210000 1.662253 -2.184346 -0.396482
62.220000 1.640160 -2.233882 -0.396387
62.230000 1.617575 -2.282748 -0.396304
62.240000 1.594505 -2.330929 -0.396233
62.250000 1.570957 -2.378411 -0.396174
62.260000 1.546937 -2.425180 -0.396127
62.270000 1.522453 -2.471220 -0.396092
62.280000 1.497513 -2.516520 -0.396070
62.290000 1.472123 -2.561064 -0.396060
62.300000 1.446291 -2.604841 -0.396062
62.310000 1.420026 -2.647835 -0.396077
62.320000 1.393335 -2.690036 -0.396104
62.330000 1.366225 -2.731429 -0.396143
62.340000 1.338706 -2.772003 -0.396195
62.350000 1.310785 -2.811746 -0.396258
62.360000 1.282471 -2.850644 -0.396334
62.370000 1.253772 -2.888688 -0.396422
62.380000 1.224697 -2.925865 -0.396522
62.390000 1.195255 -2.962164 -0.396633
62.400000 1.165454 -2.997575 -0.396756
62.410000 1.135304 -3.032086 -0.396891
62.420000 1.104812 -3.065688 -0.397037
62.430000 1.073990 -3.098370 -0.397194
62.440000 1.042845 -3.130123 -0.397362
62.450000 1.011387 -3.160936 -0.397541
62.460000 0.979626 -3.190801 -0.397731
62.470000 0.947571 -3.219709 -0.397930
62.480000 0.915232 -3.247651 -0.398140
62.490000 0.882618 -3.274619 -0.398360
62.500000 0.849740 -3.300604 -0.398589
62.510000 0.816606 -3.325600 -0.398828
62.520000 0.783228 -3.349597 -0.399076
62.530000 0.749614 -3.372590 -0.399332
62.540000 0.715776 -3.394571 -0.399597
62.550000 0.681723 -3.415533 -0.399869
62.560000 0.647465 -3.435471 -0.400150
62.570000 0.613013 -3.454378 -0.400438
62.580000 0.578378 -3.472249 -0.400733
62.590000 0.543568 -3.489078 -0.401035
62.600000 0.508596 -3.504861 -0.401343
62.610000 0.473471 -3.519592 -0.401657
62.620000 0.438204 -3.533267 -0.401977
62.630000 0.402806 -3.545882 -0.402302
62.640000 0.367287 -3.557433 -0.402632
62.650000 0.331657 -3.567917 -0.402967
62.660000 0.295928 -3.577331 -0.403305
62.670000 0.260111 -3.585672 -0.403647
62.680000 0.224215 -3.592937 -0.403992
62.690000 0.188252 -3.599124 -0.404341
62.700000 0.152232 -3.604231 -0.404691
62.710000 0.116167 -3.608257 -0.405044
62.720000 0.080067 -3.611201 -0.405398
62.730000 0.043943 -3.613061 -0.405753
62.740000 0.007806 -3.613837 -0.406109
62.750000 -0.028334 -3.613529 -0.406465
62.760000 -0.064465 -3.612137 -0.406821
62.770000 -0.100576 -3.609661 -0.407176
62.780000 -0.136658 -3.606103 -0.407531
62.790000 -0.172698 -3.601463 -0.407884
62.800000 -0.208687 -3.595742 -0.408235
62.810000 -0.244613 -3.588942 -0.408584
62.820000 -0.280466 -3.581066 -0.408930
62.830000 -0.316234 -3.572116 -0.409273
62.840000 -0.351908 -3.562093 -0.409613
62.850000 -0.387476 -3.551003 -0.409948
62.860000 -0.422928 -3.538847 -0.410280
62.870000 -0.458253 -3.525629 -0.410606
62.880000 -0.493441 -3.511353 -0.410928
62.890000 -0.528480 -3.496025 -0.411244
62.900000 -0.563361 -3.479647 -0.411554
62.910000 -0.598073 -3.462226 -0.411858
62.920000 -0.632606 -3.443765 -0.412155
62.930000 -0.666949 -3.424272 -0.412445
62.940000 -0.701091 -3.403751 -0.412728
62.950000 -0.735024 -3.382210 -0.413003
62.960000 -0.768735 -3.359653 -0.413270
62.970000 -0.802217 -3.336089 -0.413529
62.980000 -0.835457 -3.311524 -0.413780
62.990000 -0.868447 -3.285965 -0.414021
63.000000 -0.901177 -3.259421 -0.414253
63.010000 -0.933636 -3.231899 -0.414476
63.020000 -0.965815 -3.203407 -0.414689
63.030000 -0.997704 -3.173954 -0.414892
63.040000 -1.029294 -3.143549 -0.415085
63.050000 -1.060575 -3.112201 -0.415267
63.060000 -1.091538 -3.079920 -0.415438
63.070000 -1.122173 -3.046714 -0.415599
63.080000 -1.152472 -3.012594 -0.415748
63.090000 -1.182425 -2.977571 -0.415886
63.100000 -1.212023 -2.941654 -0.416013
63.110000 -1.241258 -2.904855 -0.416128
63.120000 -1.270120 -2.867184 -0.416231
63.130000 -1.298602 -2.828653 -0.416323
63.140000 -1.326694 -2.789274 -0.416402
63.150000 -1.354387 -2.749058 -0.416470
63.160000 -1.381675 -2.708017 -0.416525
63.170000 -1.408548 -2.666163 -0.416568
63.180000 -1.434998 -2.623510 -0.416599
63.190000 -1.461018 -2.580070 -0.416617
63.200000 -1.486599 -2.535856 -0.416623
63.210000 -1.511735 -2.490881 -0.416617
63.220000 -1.536417 -2.445158 -0.416599
63.230000 -1.560638 -2.398703 -0.416568
63.240000 -1.584391 -2.351527 -0.416525
63.250000 -1.607669 -2.303646 -0.416470
63.260000 -1.630464 -2.255074 -0.416402
63.270000 -1.652770 -2.205826 -0.416322
63.280000 -1.674580 -2.155916 -0.416231
63.290000 -1.695888 -2.105359 -0.416128
63.300000 -1.716688 -2.054170 -0.416012
63.310000 -1.736972 -2.002365 -0.415886
63.320000 -1.756735 -1.949959 -0.415748
63.330000 -1.775971 -1.896969 -0.415598
63.340000 -1.794674 -1.843409 -0.415437
63.350000 -1.812839 -1.789296 -0.415266
63.360000 -1.830460 -1.734647 -0.415084
63.370000 -1.847532 -1.679477 -0.414891
63.380000 -1.864050 -1.623803 -0.414688
63.390000 -1.880008 -1.567642 -0.414475
63.400000 -1.895403 -1.511011 -0.414252
63.410000 -1.910228 -1.453927 -0.414020
63.420000 -1.924481 -1.396406 -0.413779
63.430000 -1.938157 -1.338467 -0.413528
63.440000 -1.951250 -1.280126 -0.413269
63.450000 -1.963759 -1.221400 -0.413002
63.460000 -1.975678 -1.162309 -0.412727
63.470000 -1.987005 -1.102869 -0.412444
63.480000 -1.997736 -1.043097 -0.412154
63.490000 -2.007867 -0.983013 -0.411856
63.500000 -2.017396 -0.922634 -0.411552
63.510000 -2.026320 -0.861979 -0.411242
63.520000 -2.034636 -0.801064 -0.410926
63.530000 -2.042341 -0.739910 -0.410605
63.540000 -2.049434 -0.678533 -0.410278
63.550000 -2.055912 -0.616953 -0.409947
63.560000 -2.061773 -0.555188 -0.409611
63.570000 -2.067016 -0.493256 -0.409272
63.580000 -2.071638 -0.431176 -0.408929
63.590000 -2.075639 -0.368967 -0.408582
63.600000 -2.079017 -0.306647 -0.408233
63.610000 -2.081772 -0.244235 -0.407882
63.620000 -2.083902 -0.181750 -0.407529
63.630000 -2.085407 -0.119210 -0.407175
63.640000 -2.086286 -0.056635 -0.406819
63.650000 -2.086540 0.005957 -0.406463
63.660000 -2.086167 0.068548 -0.406107
63.670000 -2.085169 0.131118 -0.405751
63.680000 -2.083545 0.193649 -0.405396
63.690000 -2.081296 0.256121 -0.405042
63.700000 -2.078422 0.318517 -0.404690
63.710000 -2.074925 0.380817 -0.404339
63.720000 -2.070806 0.443003 -0.403991
63.730000 -2.066065 0.505056 -0.403646
63.740000 -2.060705 0.566958 -0.403304
63.750000 -2.054726 0.628689 -0.402965
63.760000 -2.048131 0.690232 -0.402631
63.770000 -2.040922 0.751568 -0.402301
63.780000 -2.033100 0.812678 -0.401976
63.790000 -2.024668 0.873545 -0.401656
63.800000 -2.015629 0.934149 -0.401342
63.810000 -2.005985 0.994474 -0.401034
63.820000 -1.995739 1.054499 -0.400732
63.830000 -1.984895 1.114209 -0.400437
63.840000 -1.973455 1.173584 -0.400149
63.850000 -1.961423 1.232607 -0.399868
63.860000 -1.948803 1.291261 -0.399595
63.870000 -1.935598 1.349527 -0.399331
63.880000 -1.921813 1.407388 -0.399074
63.890000 -1.907450 1.464827 -0.398827
63.900000 -1.892516 1.521826 -0.398588
63.910000 -1.877014 1.578369 -0.398359
63.920000 -1.860949 1.634439 -0.398139
63.930000 -1.844325 1.690018 -0.397930
63.940000 -1.827148 1.745090 -0.397730
63.950000 -1.809423 1.799639 -0.397540
63.960000 -1.791155 1.853647 -0.397362
63.970000 -1.772350 1.907100 -0.397193
63.980000 -1.753013 1.959980 -0.397036
63.990000 -1.733151 2.012273 -0.396890
64.000000 -1.712768 2.063962 -0.396756
64.010000 -1.691871 2.115031 -0.396633
64.020000 -1.670467 2.165466 -0.396521
64.030000 -1.648562 2.215252 -0.396422
64.040000 -1.626162 2.264372 -0.396334
64.050000 -1.603275 2.312814 -0.396258
64.060000 -1.579906 2.360562 -0.396194
64.070000 -1.556063 2.407601 -0.396143
64.080000 -1.531754 2.453919 -0.396104
64.090000 -1.506985 2.499500 -0.396077
64.100000 -1.481764 2.544331 -0.396062
64.110000 -1.456098 2.588399 -0.396060
64.120000 -1.429996 2.631690 -0.396070
64.130000 -1.403465 2.674192 -0.396092
64.140000 -1.376512 2.715892 -0.396127
64.150000 -1.349147 2.756777 -0.396174
64.160000 -1.321377 2.796835 -0.396233
64.170000 -1.293210 2.836053 -0.396304
64.180000 -1.264656 2.874421 -0.396387
64.190000 -1.235722 2.911927 -0.396483
64.200000 -1.206417 2.948559 -0.396590
64.210000 -1.176751 2.984307 -0.396709
64.220000 -1.146731 3.019159 -0.396839
64.230000 -1.116367 3.053105 -0.396981
64.240000 -1.085669 3.086136 -0.397134
64.250000 -1.054645 3.118241 -0.397298
64.260000 -1.023304 3.149410 -0.397472
64.270000 -0.991656 3.179634 -0.397658
64.280000 -0.959711 3.208905 -0.397854
64.290000 -0.927478 3.237213 -0.398060
64.300000 -0.894967 3.264549 -0.398276
64.310000 -0.862187 3.290907 -0.398502
64.320000 -0.829149 3.316277 -0.398737
64.330000 -0.795862 3.340652 -0.398981
64.340000 -0.762336 3.364025 -0.399234
64.350000 -0.728581 3.386388 -0.399496
64.360000 -0.694608 3.407736 -0.399765
64.370000 -0.660427 3.428062 -0.400043
64.380000 -0.626047 3.447359 -0.400328
64.390000 -0.591479 3.465622 -0.400621
64.400000 -0.556735 3.482845 -0.400920
64.410000 -0.521823 3.499023 -0.401226
64.420000 -0.486754 3.514152 -0.401538
64.430000 -0.451540 3.528226 -0.401856
64.440000 -0.416190 3.541242 -0.402179
64.450000 -0.380715 3.553196 -0.402507
64.460000 -0.345126 3.564084 -0.402840
64.470000 -0.309433 3.573902 -0.403177
64.480000 -0.273648 3.582648 -0.403518
64.490000 -0.237780 3.590320 -0.403862
64.500000 -0.201841 3.596914 -0.404209
64.510000 -0.165842 3.602429 -0.404558
64.520000 -0.129793 3.606864 -0.404910
64.530000 -0.093704 3.610216 -0.405264
64.540000 -0.057588 3.612486 -0.405618
64.550000 -0.021455 3.613671 -0.405974
64.560000 0.014685 3.613773 -0.406330
64.570000 0.050821 3.612790 -0.406686
64.580000 0.086941 3.610724 -0.407042
64.590000 0.123035 3.607574 -0.407397
64.600000 0.159092 3.603342 -0.407751
64.610000 0.195102 3.598029 -0.408102
64.620000 0.231053 3.591637 -0.408452
64.630000 0.266935 3.584167 -0.408800
64.640000 0.302736 3.575622 -0.409144
64.650000 0.338447 3.566004 -0.409485
64.660000 0.374056 3.555317 -0.409822
64.670000 0.409554 3.543563 -0.410155
64.680000 0.444928 3.530745 -0.410483
64.690000 0.480168 3.516869 -0.410807
64.700000 0.515265 3.501937 -0.411125
64.710000 0.550207 3.485955 -0.411437
64.720000 0.584984 3.468927 -0.411744
64.730000 0.619586 3.450859 -0.412043
64.740000 0.654001 3.431755 -0.412336
64.750000 0.688221 3.411622 -0.412622
64.760000 0.722234 3.390465 -0.412900
64.770000 0.756030 3.368291 -0.413171
64.780000 0.789600 3.345107 -0.413433
64.790000 0.822932 3.320919 -0.413686
64.800000 0.856018 3.295734 -0.413931
64.810000 0.888847 3.269561 -0.414167
64.820000 0.921409 3.242407 -0.414393
64.830000 0.953695 3.214281 -0.414610
64.840000 0.985695 3.185190 -0.414816
64.850000 1.017399 3.155144 -0.415013
64.860000 1.048798 3.124151 -0.415199
64.870000 1.079882 3.092221 -0.415375
64.880000 1.110642 3.059363 -0.415539
64.890000 1.141069 3.025587 -0.415693
64.900000 1.171154 2.990904 -0.415835
64.910000 1.200887 2.955323 -0.415966
64.920000 1.230260 2.918856 -0.416086
64.930000 1.259264 2.881513 -0.416194
64.940000 1.287891 2.843306 -0.416290
64.950000 1.316130 2.804245 -0.416374
64.960000 1.343975 2.764344 -0.416446
64.970000 1.371417 2.723613 -0.416506
64.980000 1.398448 2.682065 -0.416553
64.990000 1.425059 2.639712 -0.416589
65.000000 1.451242 2.596568 -0.416612
65.010000 1.476990 2.552644 -0.416623
65.020000 1.502295 2.507955 -0.416621
65.030000 1.527149 2.462513 -0.416607
65.040000 1.551545 2.416333 -0.416581
65.050000 1.575476 2.369428 -0.416543
65.060000 1.598934 2.321811 -0.416492
65.070000 1.621912 2.273499 -0.416429
65.080000 1.644404 2.224504 -0.416354
65.090000 1.666402 2.174842 -0.416267
65.100000 1.687901 2.124527 -0.416168
65.110000 1.708893 2.073576 -0.416057
65.120000 1.729372 2.022002 -0.415935
65.130000 1.749333 1.969821 -0.415801
65.140000 1.768768 1.917049 -0.415656
65.150000 1.787674 1.863703 -0.415499
65.160000 1.806042 1.809797 -0.415332
65.170000 1.823870 1.755348 -0.415154
65.180000 1.841149 1.700373 -0.414965
65.190000 1.857877 1.644888 -0.414766
65.200000 1.874047 1.588909 -0.414557
65.210000 1.889655 1.532453 -0.414338
65.220000 1.904696 1.475538 -0.414109
65.230000 1.919166 1.418180 -0.413871
65.240000 1.933060 1.360397 -0.413624
65.250000 1.946374 1.302205 -0.413368
65.260000 1.959104 1.243623 -0.413104
65.270000 1.971246 1.184668 -0.412832
65.280000 1.982797 1.125357 -0.412552
65.290000 1.993753 1.065709 -0.412264
65.300000 2.004112 1.005741 -0.411969
65.310000 2.013868 0.945471 -0.411668
65.320000 2.023021 0.884918 -0.411360
65.330000 2.031567 0.824099 -0.411046
65.340000 2.039503 0.763033 -0.410727
65.350000 2.046827 0.701738 -0.410402
65.360000 2.053538 0.640233 -0.410073
65.370000 2.059632 0.578535 -0.409738
65.380000 2.065108 0.516664 -0.409400
65.390000 2.069965 0.454638 -0.409058
65.400000 2.074201 0.392475 -0.408713
65.410000 2.077815 0.330195 -0.408365
65.420000 2.080805 0.267816 -0.408015
65.430000 2.083171 0.205356 -0.407663
65.440000 2.084912 0.142835 -0.407309
65.450000 2.086028 0.080271 -0.406954
65.460000 2.086518 0.017683 -0.406598
65.470000 2.086381 -0.044911 -0.406242
65.480000 2.085619 -0.107491 -0.405886
65.490000 2.084232 -0.170039 -0.405530
65.500000 2.082219 -0.232535 -0.405176
65.510000 2.079581 -0.294962 -0.404822
65.520000 2.076319 -0.357301 -0.404471
65.530000 2.072435 -0.419532 -0.404122
65.540000 2.067929 -0.481638 -0.403776
65.550000 2.062802 -0.543599 -0.403432
65.560000 2.057057 -0.605396 -0.403093
65.570000 2.050694 -0.667013 -0.402757
65.580000 2.043716 -0.728429 -0.402425
65.590000 2.036126 -0.789627 -0.402098
65.600000 2.027924 -0.850587 -0.401776
65.610000 2.019114 -0.911293 -0.401460
65.620000 2.009698 -0.971725 -0.401149
65.630000 1.999679 -1.031866 -0.400845
65.640000 1.989061 -1.091697 -0.400548
65.650000 1.977845 -1.151200 -0.400257
65.660000 1.966037 -1.210359 -0.399973
65.670000 1.953638 -1.269154 -0.399698
65.680000 1.940654 -1.327568 -0.399430
65.690000 1.927087 -1.385584 -0.399170
65.700000 1.912942 -1.443185 -0.398919
65.710000 1.898223 -1.500352 -0.398677
65.720000 1.882935 -1.557070 -0.398445
65.730000 1.867082 -1.613320 -0.398221
65.740000 1.850669 -1.669086 -0.398008
65.750000 1.833700 -1.724352 -0.397804
65.760000 1.816182 -1.779100 -0.397611
65.770000 1.798118 -1.833314 -0.397428
65.780000 1.779515 -1.886979 -0.397256
65.790000 1.760379 -1.940077 -0.397094
65.800000 1.740714 -1.992594 -0.396944
65.810000 1.720527 -2.044512 -0.396805
65.820000 1.699823 -2.095817 -0.396678
65.830000 1.678610 -2.146494 -0.396562
65.840000 1.656894 -2.196527 -0.396458
65.850000 1.634680 -2.245900 -0.396366
65.860000 1.611976 -2.294600 -0.396285
65.870000 1.588788 -2.342611 -0.396217
65.880000 1.565123 -2.389920 -0.396161
65.890000 1.540989 -2.436512 -0.396117
65.900000 1.516393 -2.482372 -0.396086
65.910000 1.491342 -2.527489 -0.396066
65.920000 1.465843 -2.571846 -0.396059
65.930000 1.439905 -2.615433 -0.396065
65.940000 1.413535 -2.658234 -0.396082
65.950000 1.386740 -2.700238 -0.396112
65.960000 1.359530 -2.741432 -0.396155
65.970000 1.331912 -2.781804 -0.396209
65.980000 1.303894 -2.821341 -0.396276
65.990000 1.275485 -2.860032 -0.396355
66.000000 1.246693 -2.897864 -0.396445
66.010000 1.217528 -2.934828 -0.396548
66.020000 1.187997 -2.970911 -0.396662
66.030000 1.158109 -3.006102 -0.396788
66.040000 1.127875 -3.040392 -0.396926
66.050000 1.097302 -3.073770 -0.397074
66.060000 1.066399 -3.106225 -0.397234
66.070000 1.035177 -3.137749 -0.397405
66.080000 1.003644 -3.168331 -0.397587
66.090000 0.971810 -3.197963 -0.397779
66.100000 0.939685 -3.226635 -0.397981
66.110000 0.907278 -3.254340 -0.398193
66.120000 0.874598 -3.281068 -0.398415
66.130000 0.841656 -3.306812 -0.398647
66.140000 0.808462 -3.331563 -0.398888
66.150000 0.775025 -3.355316 -0.399137
66.160000 0.741356 -3.378061 -0.399396
66.170000 0.707464 -3.399794 -0.399663
66.180000 0.673360 -3.420506 -0.399937
66.190000 0.639054 -3.440192 -0.400220
66.200000 0.604556 -3.458846 -0.400510
66.210000 0.569877 -3.476463 -0.400806
66.220000 0.535027 -3.493036 -0.401110
66.230000 0.500016 -3.508562 -0.401420
66.240000 0.464855 -3.523035 -0.401735
66.250000 0.429555 -3.536451 -0.402056
66.260000 0.394126 -3.548807 -0.402383
66.270000 0.358579 -3.560097 -0.402714
66.280000 0.322924 -3.570320 -0.403049
66.290000 0.287173 -3.579471 -0.403388
66.300000 0.251335 -3.587549 -0.403731
66.310000 0.215422 -3.594550 -0.404077
66.320000 0.179444 -3.600473 -0.404426
66.330000 0.143412 -3.605316 -0.404777
66.340000 0.107338 -3.609077 -0.405130
66.350000 0.071231 -3.611756 -0.405484
66.360000 0.035103 -3.613351 -0.405840
66.370000 -0.001036 -3.613862 -0.406196
66.380000 -0.037175 -3.613289 -0.406552
66.390000 -0.073302 -3.611631 -0.406908
66.400000 -0.109407 -3.608891 -0.407263
66.410000 -0.145480 -3.605068 -0.407617
66.420000 -0.181509 -3.600163 -0.407970
66.430000 -0.217483 -3.594178 -0.408320
66.440000 -0.253392 -3.587115 -0.408669
66.450000 -0.289225 -3.578975 -0.409014
66.460000 -0.324972 -3.569762 -0.409356
66.470000 -0.360621 -3.559479 -0.409695
66.480000 -0.396161 -3.548127 -0.410030
66.490000 -0.431583 -3.535711 -0.410360
66.500000 -0.466875 -3.522234 -0.410685
66.510000 -0.502028 -3.507700 -0.411005
66.520000 -0.537029 -3.492114 -0.411320
66.530000 -0.571870 -3.475481 -0.411629
66.540000 -0.606539 -3.457805 -0.411931
66.550000 -0.641026 -3.439091 -0.412226
66.560000 -0.675321 -3.419346 -0.412515
66.570000 -0.709413 -3.398575 -0.412796
66.580000 -0.743292 -3.376784 -0.413069
66.590000 -0.776949 -3.353981 -0.413335
66.600000 -0.810372 -3.330171 -0.413591
66.610000 -0.843552 -3.305362 -0.413840
66.620000 -0.876479 -3.279562 -0.414079
66.630000 -0.909143 -3.252777 -0.414309
66.640000 -0.941535 -3.225017 -0.414529
66.650000 -0.973644 -3.196290 -0.414740
66.660000 -1.005461 -3.166603 -0.414940
66.670000 -1.036976 -3.135966 -0.415130
66.680000 -1.068180 -3.104389 -0.415310
66.690000 -1.099064 -3.071880 -0.415478
66.700000 -1.129618 -3.038450 -0.415636
66.710000 -1.159833 -3.004108 -0.415783
66.720000 -1.189700 -2.968865 -0.415918
66.730000 -1.219210 -2.932732 -0.416042
66.740000 -1.248354 -2.895718 -0.416154
66.750000 -1.277124 -2.857836 -0.416255
66.760000 -1.305511 -2.819097 -0.416343
66.770000 -1.333506 -2.779511 -0.416420
66.780000 -1.361101 -2.739092 -0.416484
66.790000 -1.388288 -2.697851 -0.416537
66.800000 -1.415058 -2.655801 -0.416577
66.810000 -1.441404 -2.612954 -0.416605
66.820000 -1.467317 -2.569324 -0.416620
66.830000 -1.492791 -2.524922 -0.416623
66.840000 -1.517816 -2.479763 -0.416614
66.850000 -1.542386 -2.433860 -0.416592
66.860000 -1.566493 -2.387227 -0.416559
66.870000 -1.590130 -2.339877 -0.416512
66.880000 -1.613291 -2.291826 -0.416454
66.890000 -1.635967 -2.243087 -0.416384
66.900000 -1.658152 -2.193675 -0.416301
66.910000 -1.679840 -2.143605 -0.416207
66.920000 -1.701024 -2.092892 -0.416100
66.930000 -1.721698 -2.041552 -0.415982
66.940000 -1.741855 -1.989598 -0.415853
66.950000 -1.761490 -1.937048 -0.415712
66.960000 -1.780596 -1.883917 -0.415560
66.970000 -1.799169 -1.830220 -0.415396
66.980000 -1.817201 -1.775975 -0.415222
66.990000 -1.834688 -1.721196 -0.415038
67.000000 -1.851625 -1.665902 -0.414842
67.010000 -1.868006 -1.610107 -0.414637
67.020000 -1.883827 -1.553830 -0.414422
67.030000 -1.899083 -1.497086 -0.414196
67.040000 -1.913769 -1.439893 -0.413962
67.050000 -1.927881 -1.382269 -0.413718
67.060000 -1.941414 -1.324229 -0.413466
67.070000 -1.954365 -1.265793 -0.413205
67.080000 -1.966730 -1.206976 -0.412935
67.090000 -1.978505 -1.147798 -0.412658
67.100000 -1.989686 -1.088275 -0.412373
67.110000 -2.000270 -1.028425 -0.412081
67.120000 -2.010254 -0.968268 -0.411783
67.130000 -2.019635 -0.907819 -0.411477
67.140000 -2.028411 -0.847098 -0.411166
67.150000 -2.036577 -0.786124 -0.410848
67.160000 -2.044133 -0.724913 -0.410525
67.170000 -2.051076 -0.663485 -0.410198
67.180000 -2.057403 -0.601858 -0.409865
67.190000 -2.063113 -0.540050 -0.409528
67.200000 -2.068204 -0.478080 -0.409188
67.210000 -2.072674 -0.415967 -0.408844
67.220000 -2.076523 -0.353729 -0.408497
67.230000 -2.079749 -0.291385 -0.408148
67.240000 -2.082351 -0.228953 -0.407796
67.250000 -2.084328 -0.166453 -0.407443
67.260000 -2.085680 -0.103903 -0.407088
67.270000 -2.086406 -0.041322 -0.406732
67.280000 -2.086506 0.021272 -0.406376
67.290000 -2.085981 0.083859 -0.406020
67.300000 -2.084829 0.146421 -0.405664
67.310000 -2.083052 0.208939 -0.405309
67.320000 -2.080650 0.271395 -0.404956
67.330000 -2.077624 0.333769 -0.404604
67.340000 -2.073975 0.396043 -0.404254
67.350000 -2.069704 0.458198 -0.403906
67.360000 -2.064811 0.520216 -0.403562
67.370000 -2.059299 0.582078 -0.403221
67.380000 -2.053170 0.643765 -0.402883
67.390000 -2.046424 0.705259 -0.402550
67.400000 -2.039064 0.766541 -0.402221
67.410000 -2.031093 0.827593 -0.401897
67.420000 -2.022513 0.888397 -0.401579
67.430000 -2.013325 0.948935 -0.401266
67.440000 -2.003534 1.009188 -0.400959
67.450000 -1.993141 1.069138 -0.400659
67.460000 -1.982151 1.128767 -0.400366
67.470000 -1.970566 1.188058 -0.400080
67.480000 -1.958390 1.246992 -0.399801
67.490000 -1.945626 1.305553 -0.399530
67.500000 -1.932279 1.363721 -0.399267
67.510000 -1.918352 1.421481 -0.399013
67.520000 -1.903849 1.478814 -0.398768
67.530000 -1.888775 1.535703 -0.398531
67.540000 -1.873135 1.592132 -0.398304
67.550000 -1.856933 1.648083 -0.398087
67.560000 -1.840173 1.703539 -0.397880
67.570000 -1.822862 1.758485 -0.397683
67.580000 -1.805004 1.812903 -0.397496
67.590000 -1.786604 1.866777 -0.397319
67.600000 -1.767668 1.920091 -0.397154
67.610000 -1.748202 1.972829 -0.397000
67.620000 -1.728212 2.024975 -0.396856
67.630000 -1.707703 2.076514 -0.396725
67.640000 -1.686681 2.127430 -0.396604
67.650000 -1.665154 2.177707 -0.396496
67.660000 -1.643127 2.227332 -0.396399
67.670000 -1.620607 2.276288 -0.396314
67.680000 -1.597601 2.324561 -0.396241
67.690000 -1.574116 2.372137 -0.396181
67.700000 -1.550159 2.419001 -0.396132
67.710000 -1.525736 2.465139 -0.396096
67.720000 -1.500856 2.510538 -0.396072
67.730000 -1.475525 2.555184 -0.396060
67.740000 -1.449752 2.599063 -0.396061
67.750000 -1.423544 2.642162 -0.396074
67.760000 -1.396909 2.684469 -0.396100
67.770000 -1.369855 2.725971 -0.396137
67.780000 -1.342390 2.766654 -0.396187
67.790000 -1.314522 2.806508 -0.396249
67.800000 -1.286259 2.845520 -0.396323
67.810000 -1.257611 2.883678 -0.396410
67.820000 -1.228586 2.920971 -0.396508
67.830000 -1.199192 2.957387 -0.396618
67.840000 -1.169438 2.992917 -0.396739
67.850000 -1.139334 3.027548 -0.396872
67.860000 -1.108887 3.061272 -0.397017
67.870000 -1.078108 3.094077 -0.397173
67.880000 -1.047006 3.125953 -0.397339
67.890000 -1.015589 3.156892 -0.397517
67.900000 -0.983868 3.186884 -0.397705
67.910000 -0.951851 3.215920 -0.397903
67.920000 -0.919549 3.243991 -0.398112
67.930000 -0.886972 3.271089 -0.398330
67.940000 -0.854128 3.297205 -0.398558
67.950000 -0.821028 3.322332 -0.398796
67.960000 -0.787681 3.346463 -0.399042
67.970000 -0.754098 3.369590 -0.399297
67.980000 -0.720289 3.391706 -0.399561
67.990000 -0.686264 3.412804 -0.399833
68.000000 -0.652033 3.432878 -0.400112
68.010000 -0.617607 3.451923 -0.400399
68.020000 -0.582995 3.469932 -0.400694
68.030000 -0.548208 3.486900 -0.400995
68.040000 -0.513257 3.502822 -0.401302
68.050000 -0.478151 3.517693 -0.401615
68.060000 -0.442903 3.531509 -0.401934
68.070000 -0.407521 3.544265 -0.402259
68.080000 -0.372018 3.555958 -0.402588
68.090000 -0.336402 3.566585 -0.402922
68.100000 -0.300686 3.576141 -0.403260
68.110000 -0.264879 3.584624 -0.403601
68.120000 -0.228993 3.592033 -0.403946
68.130000 -0.193039 3.598363 -0.404294
68.140000 -0.157026 3.603614 -0.404644
68.150000 -0.120966 3.607784 -0.404997
68.160000 -0.084870 3.610871 -0.405350
68.170000 -0.048749 3.612876 -0.405705
68.180000 -0.012613 3.613796 -0.406061
68.190000 0.023527 3.613632 -0.406417
68.200000 0.059660 3.612385 -0.406773
68.210000 0.095775 3.610053 -0.407129
68.220000 0.131861 3.606639 -0.407484
68.230000 0.167907 3.602142 -0.407837
68.240000 0.203904 3.596565 -0.408188
68.250000 0.239839 3.589909 -0.408537
68.260000 0.275702 3.582176 -0.408884
68.270000 0.311482 3.573368 -0.409228
68.280000 0.347169 3.563488 -0.409568
68.290000 0.382752 3.552539 -0.409904
68.300000 0.418220 3.540525 -0.410236
68.310000 0.453562 3.527448 -0.410563
68.320000 0.488769 3.513313 -0.410885
68.330000 0.523829 3.498124 -0.411202
68.340000 0.558731 3.481886 -0.411513
68.350000 0.593466 3.464603 -0.411818
68.360000 0.628023 3.446280 -0.412116
68.370000 0.662392 3.426924 -0.412407
68.380000 0.696562 3.406540 -0.412691
68.390000 0.730523 3.385134 -0.412967
68.400000 0.764265 3.362712 -0.413235
68.410000 0.797777 3.339281 -0.413495
68.420000 0.831050 3.314849 -0.413747
68.430000 0.864074 3.289422 -0.413990
68.440000 0.896839 3.263008 -0.414223
68.450000 0.929334 3.235616 -0.414447
68.460000 0.961551 3.207252 -0.414661
68.470000 0.993479 3.177927 -0.414865
68.480000 1.025110 3.147648 -0.415059
68.490000 1.056432 3.116425 -0.415243
68.500000 1.087438 3.084267 -0.415416
68.510000 1.118118 3.051183 -0.415578
68.520000 1.148462 3.017185 -0.415729
68.530000 1.178461 2.982281 -0.415869
68.540000 1.208107 2.946482 -0.415997
68.550000 1.237391 2.909800 -0.416113
68.560000 1.266303 2.872245 -0.416218
68.570000 1.294836 2.833827 -0.416311
68.580000 1.322980 2.794560 -0.416392
68.590000 1.350727 2.754455 -0.416461
68.600000 1.378069 2.713523 -0.416518
68.610000 1.404997 2.671777 -0.416563
68.620000 1.431504 2.629229 -0.416595
68.630000 1.457582 2.585893 -0.416616
68.640000 1.483222 2.541781 -0.416623
68.650000 1.508418 2.496906 -0.416619
68.660000 1.533160 2.451282 -0.416602
68.670000 1.557443 2.404923 -0.416573
68.680000 1.581259 2.357843 -0.416531
68.690000 1.604600 2.310055 -0.416478
68.700000 1.627460 2.261574 -0.416412
68.710000 1.649832 2.212415 -0.416334
68.720000 1.671708 2.162592 -0.416244
68.730000 1.693083 2.112120 -0.416142
68.740000 1.713951 2.061014 -0.416028
68.750000 1.734304 2.009290 -0.415903
68.760000 1.754137 1.956964 -0.415767
68.770000 1.773443 1.904050 -0.415619
68.780000 1.792218 1.850565 -0.415459
68.790000 1.810454 1.796525 -0.415289
68.800000 1.828148 1.741946 -0.415109
68.810000 1.845293 1.686844 -0.414917
68.820000 1.861885 1.631237 -0.414716
68.830000 1.877918 1.575140 -0.414504
68.840000 1.893388 1.518570 -0.414283
68.850000 1.908289 1.461545 -0.414052
68.860000 1.922619 1.404081 -0.413811
68.870000 1.936371 1.346197 -0.413562
68.880000 1.949543 1.287908 -0.413304
68.890000 1.962129 1.229233 -0.413038
68.900000 1.974127 1.170189 -0.412764
68.910000 1.985533 1.110794 -0.412482
68.920000 1.996343 1.051066 -0.412193
68.930000 2.006554 0.991022 -0.411896
68.940000 2.016164 0.930682 -0.411593
68.950000 2.025168 0.870062 -0.411284
68.960000 2.033565 0.809181 -0.410969
68.970000 2.041352 0.748057 -0.410648
68.980000 2.048526 0.686709 -0.410322
68.990000 2.055086 0.625155 -0.409991
69.000000 2.061029 0.563413 -0.409656
69.010000 2.066354 0.501502 -0.409317
69.020000 2.071059 0.439441 -0.408974
69.030000 2.075143 0.377248 -0.408629
69.040000 2.078604 0.314942 -0.408280
69.050000 2.081442 0.252541 -0.407929
69.060000 2.083655 0.190065 -0.407576
69.070000 2.085243 0.127531 -0.407222
69.080000 2.086205 0.064959 -0.406867
69.090000 2.086542 0.002368 -0.406511
69.100000 2.086253 -0.060224 -0.406155
69.110000 2.085338 -0.122798 -0.405799
69.120000 2.083797 -0.185335 -0.405443
69.130000 2.081631 -0.247816 -0.405089
69.140000 2.078841 -0.310223 -0.404736
69.150000 2.075426 -0.372537 -0.404386
69.160000 2.071390 -0.434739 -0.404037
69.170000 2.066732 -0.496811 -0.403691
69.180000 2.061454 -0.558734 -0.403349
69.190000 2.055557 -0.620489 -0.403010
69.200000 2.049044 -0.682058 -0.402675
69.210000 2.041916 -0.743423 -0.402345
69.220000 2.034175 -0.804564 -0.402019
69.230000 2.025825 -0.865464 -0.401698
69.240000 2.016866 -0.926104 -0.401383
69.250000 2.007302 -0.986467 -0.401074
69.260000 1.997137 -1.046533 -0.400772
69.270000 1.986372 -1.106286 -0.400476
69.280000 1.975011 -1.165707 -0.400187
69.290000 1.963058 -1.224778 -0.399905
69.300000 1.950515 -1.283481 -0.399631
69.310000 1.937388 -1.341800 -0.399366
69.320000 1.923679 -1.399716 -0.399108
69.330000 1.909394 -1.457212 -0.398859
69.340000 1.894535 -1.514271 -0.398620
69.350000 1.879108 -1.570876 -0.398389
69.360000 1.863118 -1.627009 -0.398168
69.370000 1.846568 -1.682654 -0.397957
69.380000 1.829465 -1.737795 -0.397756
69.390000 1.811812 -1.792414 -0.397565
69.400000 1.793616 -1.846495 -0.397385
69.410000 1.774882 -1.900023 -0.397215
69.420000 1.755616 -1.952980 -0.397057
69.430000 1.735823 -2.005352 -0.396909
69.440000 1.715509 -2.057122 -0.396773
69.450000 1.694680 -2.108275 -0.396648
69.460000 1.673343 -2.158795 -0.396535
69.470000 1.651504 -2.208668 -0.396434
69.480000 1.629170 -2.257878 -0.396345
69.490000 1.606347 -2.306411 -0.396268
69.500000 1.583042 -2.354251 -0.396202
69.510000 1.559262 -2.401386 -0.396149
69.520000 1.535014 -2.447800 -0.396108
69.530000 1.510306 -2.493480 -0.396080
69.540000 1.485144 -2.538412 -0.396063
69.550000 1.459538 -2.582582 -0.396059
69.560000 1.433493 -2.625977 -0.396068
69.570000 1.407018 -2.668585 -0.396089
69.580000 1.380121 -2.710392 -0.396122
69.590000 1.352810 -2.751386 -0.396167
69.600000 1.325093 -2.791555 -0.396224
69.610000 1.296979 -2.830886 -0.396294
69.620000 1.268476 -2.869368 -0.396376
69.630000 1.239592 -2.906989 -0.396469
69.640000 1.210336 -2.943738 -0.396575
69.650000 1.180717 -2.979603 -0.396692
69.660000 1.150744 -3.014575 -0.396821
69.670000 1.120425 -3.048643 -0.396961
69.680000 1.089771 -3.081796 -0.397113
69.690000 1.058790 -3.114024 -0.397275
69.700000 1.027490 -3.145318 -0.397448
69.710000 0.995883 -3.175669 -0.397633
69.720000 0.963977 -3.205067 -0.397827
69.730000 0.931782 -3.233503 -0.398032
69.740000 0.899307 -3.260970 -0.398247
69.750000 0.866562 -3.287458 -0.398471
69.760000 0.833558 -3.312959 -0.398705
69.770000 0.800303 -3.337467 -0.398948
69.780000 0.766809 -3.360974 -0.399200
69.790000 0.733084 -3.383472 -0.399460
69.800000 0.699139 -3.404956 -0.399729
69.810000 0.664985 -3.425418 -0.400006
69.820000 0.630631 -3.444852 -0.400290
69.830000 0.596088 -3.463253 -0.400582
69.840000 0.561366 -3.480614 -0.400880
69.850000 0.526475 -3.496932 -0.401185
69.860000 0.491427 -3.512201 -0.401496
69.870000 0.456231 -3.526415 -0.401813
69.880000 0.420899 -3.539572 -0.402136
69.890000 0.385440 -3.551667 -0.402463
69.900000 0.349865 -3.562697 -0.402795
69.910000 0.314186 -3.572658 -0.403132
69.920000 0.278412 -3.581547 -0.403472
69.930000 0.242555 -3.589361 -0.403816
69.940000 0.206625 -3.596099 -0.404162
69.950000 0.170633 -3.601758 -0.404512
69.960000 0.134590 -3.606336 -0.404863
69.970000 0.098506 -3.609833 -0.405217
69.980000 0.062393 -3.612246 -0.405571
69.990000 0.026261 -3.613576 -0.405927
70.000000 -0.009878 -3.613822 -0.406283
70.010000 -0.046015 -3.612983 -0.406639
70.020000 -0.082138 -3.611061 -0.406995
70.030000 -0.118236 -3.608055 -0.407350
70.040000 -0.154299 -3.603967 -0.407704
70.050000 -0.190316 -3.598798 -0.408056
70.060000 -0.226275 -3.592549 -0.408406
70.070000 -0.262167 -3.585223 -0.408754
70.080000 -0.297979 -3.576820 -0.409098
70.090000 -0.333703 -3.567345 -0.409440
70.100000 -0.369326 -3.556800 -0.409777
70.110000 -0.404839 -3.545187 -0.410111
70.120000 -0.440230 -3.532511 -0.410440
70.130000 -0.475489 -3.518775 -0.410764
70.140000 -0.510606 -3.503984 -0.411083
70.150000 -0.545569 -3.488141 -0.411396
70.160000 -0.580368 -3.471252 -0.411703
70.170000 -0.614994 -3.453322 -0.412004
70.180000 -0.649435 -3.434356 -0.412298
70.190000 -0.683681 -3.414359 -0.412584
70.200000 -0.717722 -3.393338 -0.412864
70.210000 -0.751548 -3.371299 -0.413135
70.220000 -0.785148 -3.348248 -0.413398
70.230000 -0.818513 -3.324193 -0.413653
70.240000 -0.851632 -3.299141 -0.413899
70.250000 -0.884496 -3.273099 -0.414136
70.260000 -0.917094 -3.246075 -0.414364
70.270000 -0.949417 -3.218078 -0.414581
70.280000 -0.981455 -3.189115 -0.414790
70.290000 -1.013199 -3.159195 -0.414987
70.300000 -1.044639 -3.128327 -0.415175
70.310000 -1.075766 -3.096521 -0.415352
70.320000 -1.106570 -3.063786 -0.415518
70.330000 -1.137042 -3.030132 -0.415673
70.340000 -1.167172 -2.995569 -0.415817
70.350000 -1.196953 -2.960107 -0.415950
70.360000 -1.226375 -2.923757 -0.416071
70.370000 -1.255428 -2.886530 -0.416180
70.380000 -1.284105 -2.848437 -0.416278
70.390000 -1.312397 -2.809489 -0.416363
70.400000 -1.340295 -2.769699 -0.416437
70.410000 -1.367791 -2.729078 -0.416498
70.420000 -1.394877 -2.687638 -0.416548
70.430000 -1.421544 -2.645391 -0.416585
70.440000 -1.447784 -2.602351 -0.416609
70.450000 -1.473591 -2.558531 -0.416622
70.460000 -1.498955 -2.513943 -0.416622
70.470000 -1.523870 -2.468600 -0.416610
70.480000 -1.548327 -2.422517 -0.416585
70.490000 -1.572320 -2.375708 -0.416548
70.500000 -1.595841 -2.328185 -0.416499
70.510000 -1.618884 -2.279964 -0.416438
70.520000 -1.641440 -2.231059 -0.416365
70.530000 -1.663505 -2.181485 -0.416279
70.540000 -1.685070 -2.131257 -0.416182
70.550000 -1.706130 -2.080389 -0.416073
70.560000 -1.726678 -2.028897 -0.415952
70.570000 -1.746708 -1.976796 -0.415819
70.580000 -1.766214 -1.924102 -0.415676
70.590000 -1.785190 -1.870831 -0.415521
70.600000 -1.803630 -1.816999 -0.415355
70.610000 -1.821530 -1.762621 -0.415178
70.620000 -1.838883 -1.707715 -0.414991
70.630000 -1.855684 -1.652297 -0.414793
70.640000 -1.871929 -1.596382 -0.414585
70.650000 -1.887612 -1.539989 -0.414367
70.660000 -1.902729 -1.483134 -0.414140
70.670000 -1.917274 -1.425834 -0.413903
70.680000 -1.931245 -1.368106 -0.413657
70.690000 -1.944637 -1.309968 -0.413403
70.700000 -1.957445 -1.251437 -0.413140
70.710000 -1.969665 -1.192530 -0.412868
70.720000 -1.981295 -1.133266 -0.412589
70.730000 -1.992331 -1.073661 -0.412303
70.740000 -2.002768 -1.013735 -0.412009
70.750000 -2.012605 -0.953504 -0.411708
70.760000 -2.021839 -0.892988 -0.411401
70.770000 -2.030465 -0.832203 -0.411088
70.780000 -2.038483 -0.771169 -0.410770
70.790000 -2.045888 -0.709903 -0.410446
70.800000 -2.052681 -0.648425 -0.410117
70.810000 -2.058857 -0.586752 -0.409783
70.820000 -2.064416 -0.524903 -0.409446
70.830000 -2.069355 -0.462896 -0.409104
70.840000 -2.073674 -0.400751 -0.408759
70.850000 -2.077370 -0.338485 -0.408412
70.860000 -2.080443 -0.276118 -0.408062
70.870000 -2.082892 -0.213668 -0.407710
70.880000 -2.084717 -0.151154 -0.407356
70.890000 -2.085915 -0.088594 -0.407001
70.900000 -2.086489 -0.026008 -0.406645
70.910000 -2.086436 0.036586 -0.406289
70.920000 -2.085757 0.099169 -0.405933
70.930000 -2.084452 0.161722 -0.405577
70.940000 -2.082522 0.224226 -0.405223
70.950000 -2.079968 0.286664 -0.404869
70.960000 -2.076789 0.349015 -0.404518
70.970000 -2.072987 0.411262 -0.404168
70.980000 -2.068564 0.473385 -0.403822
70.990000 -2.063520 0.535366 -0.403478
71.000000 -2.057857 0.597187 -0.403138
71.010000 -2.051576 0.658828 -0.402801
71.020000 -2.044680 0.720272 -0.402469
71.030000 -2.037171 0.781500 -0.402141
71.040000 -2.029050 0.842493 -0.401819
71.050000 -2.020321 0.903234 -0.401502
71.060000 -2.010985 0.963704 -0.401190
71.070000 -2.001047 1.023884 -0.400885
71.080000 -1.990508 1.083757 -0.400587
71.090000 -1.979371 1.143306 -0.400295
71.100000 -1.967641 1.202511 -0.400011
71.110000 -1.955321 1.261355 -0.399734
71.120000 -1.942414 1.319821 -0.399465
71.130000 -1.928925 1.377891 -0.399204
71.140000 -1.914857 1.435548 -0.398952
71.150000 -1.900214 1.492774 -0.398709
71.160000 -1.885001 1.549552 -0.398475
71.170000 -1.869223 1.605866 -0.398250
71.180000 -1.852884 1.661697 -0.398035
71.190000 -1.835989 1.717030 -0.397831
71.200000 -1.818543 1.771848 -0.397636
71.210000 -1.800552 1.826135 -0.397452
71.220000 -1.782020 1.879873 -0.397278
71.230000 -1.762954 1.933048 -0.397115
71.240000 -1.743360 1.985643 -0.396964
71.250000 -1.723242 2.037642 -0.396823
71.260000 -1.702607 2.089029 -0.396694
71.270000 -1.681461 2.139790 -0.396577
71.280000 -1.659811 2.189909 -0.396471
71.290000 -1.637663 2.239372 -0.396377
71.300000 -1.615023 2.288162 -0.396295
71.310000 -1.591900 2.336266 -0.396225
71.320000 -1.568298 2.383669 -0.396168
71.330000 -1.544226 2.430357 -0.396122
71.340000 -1.519691 2.476315 -0.396089
71.350000 -1.494700 2.521531 -0.396068
71.360000 -1.469260 2.565991 -0.396060
71.370000 -1.443380 2.609680 -0.396063
71.380000 -1.417067 2.652587 -0.396079
71.390000 -1.390328 2.694698 -0.396108
71.400000 -1.363173 2.736000 -0.396148
71.410000 -1.335608 2.776482 -0.396201
71.420000 -1.307643 2.816131 -0.396266
71.430000 -1.279286 2.854935 -0.396343
71.440000 -1.250544 2.892882 -0.396433
71.450000 -1.221428 2.929962 -0.396534
71.460000 -1.191945 2.966162 -0.396646
71.470000 -1.162105 3.001473 -0.396771
71.480000 -1.131916 3.035883 -0.396907
71.490000 -1.101387 3.069383 -0.397054
71.500000 -1.070528 3.101962 -0.397212
71.510000 -1.039348 3.133610 -0.397382
71.520000 -1.007856 3.164318 -0.397562
71.530000 -0.976062 3.194077 -0.397752
71.540000 -0.943974 3.222877 -0.397953
71.550000 -0.911604 3.250711 -0.398164
71.560000 -0.878960 3.277569 -0.398385
71.570000 -0.846053 3.303445 -0.398616
71.580000 -0.812891 3.328329 -0.398855
71.590000 -0.779486 3.352214 -0.399104
71.600000 -0.745847 3.375094 -0.399361
71.610000 -0.711984 3.396962 -0.399627
71.620000 -0.677908 3.417810 -0.399900
71.630000 -0.643628 3.437633 -0.400182
71.640000 -0.609155 3.456425 -0.400471
71.650000 -0.574499 3.474180 -0.400767
71.660000 -0.539671 3.490892 -0.401069
71.670000 -0.504682 3.506558 -0.401378
71.680000 -0.469540 3.521171 -0.401693
71.690000 -0.434258 3.534728 -0.402013
71.700000 -0.398846 3.547225 -0.402339
71.710000 -0.363314 3.558657 -0.402669
71.720000 -0.327673 3.569022 -0.403004
71.730000 -0.291933 3.578316 -0.403343
71.740000 -0.256106 3.586536 -0.403686
71.750000 -0.220203 3.593681 -0.404031
71.760000 -0.184233 3.599748 -0.404380
71.770000 -0.148208 3.604734 -0.404730
71.780000 -0.112138 3.608639 -0.405083
71.790000 -0.076035 3.611462 -0.405437
71.800000 -0.039909 3.613201 -0.405792
71.810000 -0.003771 3.613856 -0.406148
71.820000 0.032368 3.613427 -0.406505
71.830000 0.068498 3.611914 -0.406861
71.840000 0.104607 3.609318 -0.407216
71.850000 0.140684 3.605638 -0.407570
71.860000 0.176719 3.600877 -0.407923
71.870000 0.212702 3.595036 -0.408274
71.880000 0.248620 3.588116 -0.408623
71.890000 0.284464 3.580120 -0.408968
71.900000 0.320223 3.571050 -0.409311
71.910000 0.355885 3.560908 -0.409650
71.920000 0.391441 3.549698 -0.409985
71.930000 0.426879 3.537423 -0.410316
71.940000 0.462189 3.524087 -0.410642
71.950000 0.497361 3.509694 -0.410963
71.960000 0.532383 3.494248 -0.411279
71.970000 0.567246 3.477754 -0.411588
71.980000 0.601938 3.460216 -0.411891
71.990000 0.636450 3.441640 -0.412188
72.000000 0.670771 3.422032 -0.412477
72.010000 0.704891 3.401397 -0.412759
72.020000 0.738799 3.379741 -0.413033
72.030000 0.772485 3.357072 -0.413300
72.040000 0.805940 3.333396 -0.413558
72.050000 0.839153 3.308719 -0.413807
72.060000 0.872115 3.283050 -0.414048
72.070000 0.904814 3.256396 -0.414279
72.080000 0.937243 3.228765 -0.414500
72.090000 0.969390 3.200166 -0.414712
72.100000 1.001246 3.170606 -0.414914
72.110000 1.032802 3.140096 -0.415105
72.120000 1.064048 3.108643 -0.415286
72.130000 1.094975 3.076258 -0.415457
72.140000 1.125573 3.042949 -0.415616
72.150000 1.155834 3.008728 -0.415764
72.160000 1.185748 2.973605 -0.415901
72.170000 1.215306 2.937589 -0.416026
72.180000 1.244499 2.900692 -0.416140
72.190000 1.273320 2.862924 -0.416242
72.200000 1.301758 2.824298 -0.416332
72.210000 1.329806 2.784825 -0.416410
72.220000 1.357454 2.744516 -0.416477
72.230000 1.384696 2.703384 -0.416530
72.240000 1.411522 2.661440 -0.416572
72.250000 1.437925 2.618699 -0.416602
72.260000 1.463896 2.575171 -0.416619
72.270000 1.489428 2.530872 -0.416623
72.280000 1.514513 2.485812 -0.416616
72.290000 1.539144 2.440008 -0.416596
72.300000 1.563314 2.393471 -0.416564
72.310000 1.587014 2.346216 -0.416519
72.320000 1.610238 2.298257 -0.416463
72.330000 1.632979 2.249609 -0.416394
72.340000 1.655230 2.200286 -0.416313
72.350000 1.676985 2.150302 -0.416220
72.360000 1.698236 2.099674 -0.416115
72.370000 1.718978 2.048416 -0.415999
72.380000 1.739204 1.996543 -0.415871
72.390000 1.758909 1.944071 -0.415731
72.400000 1.778086 1.891017 -0.415581
72.410000 1.796729 1.837394 -0.415419
72.420000 1.814834 1.783221 -0.415246
72.430000 1.832394 1.728512 -0.415063
72.440000 1.849404 1.673286 -0.414869
72.450000 1.865859 1.617557 -0.414665
72.460000 1.881755 1.561342 -0.414451
72.470000 1.897086 1.504660 -0.414227
72.480000 1.911848 1.447526 -0.413994
72.490000 1.926037 1.389957 -0.413751
72.500000 1.939647 1.331972 -0.413500
72.510000 1.952676 1.273587 -0.413240
72.520000 1.965119 1.214820 -0.412972
72.530000 1.976973 1.155689 -0.412696
72.540000 1.988233 1.096211 -0.412412
72.550000 1.998897 1.036404 -0.412121
72.560000 2.008961 0.976286 -0.411823
72.570000 2.018423 0.915875 -0.411518
72.580000 2.027279 0.855190 -0.411207
72.590000 2.035526 0.794248 -0.410891
72.600000 2.043164 0.733067 -0.410569
72.610000 2.050188 0.671667 -0.410241
72.620000 2.056597 0.610065 -0.409910
72.630000 2.062389 0.548281 -0.409573
72.640000 2.067562 0.486331 -0.409233
72.650000 2.072116 0.424236 -0.408890
72.660000 2.076047 0.362014 -0.408543
72.670000 2.079356 0.299683 -0.408194
72.680000 2.082041 0.237262 -0.407843
72.690000 2.084101 0.174770 -0.407490
72.700000 2.085536 0.112225 -0.407135
72.710000 2.086346 0.049647 -0.406780
72.720000 2.086529 -0.012946 -0.406424
72.730000 2.086087 -0.075536 -0.406067
72.740000 2.085018 -0.138102 -0.405712
72.750000 2.083325 -0.200627 -0.405356
72.760000 2.081006 -0.263092 -0.405003
72.770000 2.078063 -0.325478 -0.404650
72.780000 2.074496 -0.387767 -0.404300
72.790000 2.070308 -0.449939 -0.403952
72.800000 2.065498 -0.511976 -0.403607
72.810000 2.060068 -0.573859 -0.403266
72.820000 2.054020 -0.635571 -0.402928
72.830000 2.047357 -0.697091 -0.402594
72.840000 2.040079 -0.758403 -0.402264
72.850000 2.032189 -0.819487 -0.401940
72.860000 2.023689 -0.880325 -0.401621
72.870000 2.014582 -0.940899 -0.401307
72.880000 2.004871 -1.001191 -0.401000
72.890000 1.994558 -1.061182 -0.400699
72.900000 1.983647 -1.120855 -0.400404
72.910000 1.972141 -1.180192 -0.400117
72.920000 1.960043 -1.239175 -0.399837
72.930000 1.947358 -1.297786 -0.399566
72.940000 1.934088 -1.356008 -0.399302
72.950000 1.920237 -1.413823 -0.399046
72.960000 1.905811 -1.471213 -0.398800
72.970000 1.890813 -1.528163 -0.398562
72.980000 1.875248 -1.584654 -0.398334
72.990000 1.859120 -1.640669 -0.398115
73.000000 1.842435 -1.696192 -0.397907
73.010000 1.825196 -1.751207 -0.397708
73.020000 1.807410 -1.805696 -0.397520
73.030000 1.789082 -1.859643 -0.397342
73.040000 1.770218 -1.913033 -0.397175
73.050000 1.750822 -1.965848 -0.397020
73.060000 1.730901 -2.018074 -0.396875
73.070000 1.710460 -2.069695 -0.396742
73.080000 1.689507 -2.120694 -0.396620
73.090000 1.668046 -2.171057 -0.396510
73.100000 1.646086 -2.220769 -0.396411
73.110000 1.623631 -2.269815 -0.396325
73.120000 1.600689 -2.318180 -0.396250
73.130000 1.577267 -2.365849 -0.396188
73.140000 1.553372 -2.412809 -0.396138
73.150000 1.529011 -2.459045 -0.396100
73.160000 1.504191 -2.504543 -0.396075
73.170000 1.478920 -2.549289 -0.396061
73.180000 1.453206 -2.593271 -0.396060
73.190000 1.427055 -2.636475 -0.396072
73.200000 1.400476 -2.678888 -0.396096
73.210000 1.373477 -2.720497 -0.396132
73.220000 1.346066 -2.761291 -0.396180
73.230000 1.318251 -2.801255 -0.396240
73.240000 1.290041 -2.840380 -0.396313
73.250000 1.261444 -2.878652 -0.396398
73.260000 1.232468 -2.916061 -0.396494
73.270000 1.203122 -2.952595 -0.396602
73.280000 1.173416 -2.988243 -0.396722
73.290000 1.143358 -3.022994 -0.396854
73.300000 1.112956 -3.056839 -0.396997
73.310000 1.082221 -3.089767 -0.397151
73.320000 1.051161 -3.121767 -0.397316
73.330000 1.019786 -3.152832 -0.397493
73.340000 0.988104 -3.182950 -0.397679
73.350000 0.956127 -3.212113 -0.397876
73.360000 0.923862 -3.240313 -0.398083
73.370000 0.891320 -3.267541 -0.398301
73.380000 0.858511 -3.293788 -0.398527
73.390000 0.825444 -3.319048 -0.398764
73.400000 0.792130 -3.343311 -0.399009
73.410000 0.758578 -3.366572 -0.399263
73.420000 0.724799 -3.388823 -0.399525
73.430000 0.690802 -3.410057 -0.399796
73.440000 0.656598 -3.430268 -0.400075
73.450000 0.622196 -3.449449 -0.400361
73.460000 0.587609 -3.467597 -0.400654
73.470000 0.552845 -3.484703 -0.400954
73.480000 0.517915 -3.500765 -0.401261
73.490000 0.482829 -3.515776 -0.401573
73.500000 0.447599 -3.529732 -0.401892
73.510000 0.412235 -3.542630 -0.402215
73.520000 0.376746 -3.554465 -0.402544
73.530000 0.341145 -3.565233 -0.402877
73.540000 0.305442 -3.574932 -0.403215
73.550000 0.269647 -3.583558 -0.403556
73.560000 0.233771 -3.591109 -0.403900
73.570000 0.197824 -3.597583 -0.404248
73.580000 0.161819 -3.602978 -0.404598
73.590000 0.125765 -3.607292 -0.404950
73.600000 0.089673 -3.610523 -0.405303
73.610000 0.053554 -3.612672 -0.405658
73.620000 0.017420 -3.613736 -0.406014
73.630000 -0.018720 -3.613717 -0.406370
73.640000 -0.054855 -3.612613 -0.406726
73.650000 -0.090973 -3.610426 -0.407082
73.660000 -0.127063 -3.607155 -0.407437
73.670000 -0.163116 -3.602803 -0.407790
73.680000 -0.199119 -3.597369 -0.408142
73.690000 -0.235063 -3.590856 -0.408491
73.700000 -0.270936 -3.583266 -0.408838
73.710000 -0.306728 -3.574601 -0.409182
73.720000 -0.342428 -3.564864 -0.409523
73.730000 -0.378026 -3.554057 -0.409859
73.740000 -0.413509 -3.542184 -0.410192
73.750000 -0.448869 -3.529248 -0.410520
73.760000 -0.484094 -3.515254 -0.410843
73.770000 -0.519174 -3.500205 -0.411160
73.780000 -0.554099 -3.484106 -0.411472
73.790000 -0.588856 -3.466962 -0.411777
73.800000 -0.623438 -3.448777 -0.412076
73.810000 -0.657832 -3.429558 -0.412369
73.820000 -0.692029 -3.409310 -0.412653
73.830000 -0.726018 -3.388039 -0.412931
73.840000 -0.759790 -3.365752 -0.413200
73.850000 -0.793333 -3.342455 -0.413461
73.860000 -0.826639 -3.318156 -0.413714
73.870000 -0.859696 -3.292861 -0.413958
73.880000 -0.892496 -3.266578 -0.414192
73.890000 -0.925028 -3.239315 -0.414418
73.900000 -0.957282 -3.211080 -0.414633
73.910000 -0.989250 -3.181882 -0.414839
73.920000 -1.020920 -3.151730 -0.415034
73.930000 -1.052284 -3.120632 -0.415219
73.940000 -1.083333 -3.088598 -0.415394
73.950000 -1.114056 -3.055637 -0.415557
73.960000 -1.144445 -3.021759 -0.415709
73.970000 -1.174491 -2.986975 -0.415851
73.980000 -1.204185 -2.951295 -0.415980
73.990000 -1.233517 -2.914730 -0.416099
74.000000 -1.262479 -2.877290 -0.416205
74.010000 -1.291063 -2.838986 -0.416300
74.020000 -1.319259 -2.799832 -0.416382
74.030000 -1.347060 -2.759837 -0.416453
74.040000 -1.374456 -2.719014 -0.416512
74.050000 -1.401440 -2.677376 -0.416558
74.060000 -1.428003 -2.634934 -0.416592
74.070000 -1.454139 -2.591702 -0.416614
74.080000 -1.479837 -2.547692 -0.416623
74.090000 -1.505092 -2.502918 -0.416620
74.100000 -1.529896 -2.457393 -0.416605
74.110000 -1.554240 -2.411131 -0.416577
74.120000 -1.578118 -2.364146 -0.416537
74.130000 -1.601523 -2.316451 -0.416485
74.140000 -1.624448 -2.268062 -0.416421
74.150000 -1.646884 -2.218992 -0.416345
74.160000 -1.668827 -2.169256 -0.416256
74.170000 -1.690270 -2.118870 -0.416156
74.180000 -1.711205 -2.067848 -0.416044
74.190000 -1.731627 -2.016205 -0.415921
74.200000 -1.751529 -1.963958 -0.415785
74.210000 -1.770906 -1.911121 -0.415639
74.220000 -1.789751 -1.857711 -0.415481
74.230000 -1.808060 -1.803744 -0.415313
74.240000 -1.825826 -1.749236 -0.415133
74.250000 -1.843045 -1.694203 -0.414943
74.260000 -1.859710 -1.638662 -0.414743
74.270000 -1.875818 -1.582629 -0.414533
74.280000 -1.891363 -1.526121 -0.414313
74.290000 -1.906340 -1.469155 -0.414083
74.300000 -1.920746 -1.411749 -0.413844
74.310000 -1.934575 -1.353919 -0.413596
74.320000 -1.947824 -1.295683 -0.413339
74.330000 -1.960489 -1.237059 -0.413074
74.340000 -1.972565 -1.178063 -0.412801
74.350000 -1.984050 -1.118714 -0.412520
74.360000 -1.994940 -1.059029 -0.412231
74.370000 -2.005231 -0.999026 -0.411936
74.380000 -2.014920 -0.938724 -0.411634
74.390000 -2.024005 -0.878140 -0.411325
74.400000 -2.032483 -0.817293 -0.411011
74.410000 -2.040351 -0.756200 -0.410691
74.420000 -2.047607 -0.694881 -0.410366
74.430000 -2.054249 -0.633353 -0.410035
74.440000 -2.060274 -0.571635 -0.409701
74.450000 -2.065681 -0.509746 -0.409362
74.460000 -2.070469 -0.447704 -0.409020
74.470000 -2.074636 -0.385527 -0.408675
74.480000 -2.078180 -0.323235 -0.408326
74.490000 -2.081100 -0.260846 -0.407976
74.500000 -2.083396 -0.198378 -0.407623
74.510000 -2.085068 -0.135851 -0.407269
74.520000 -2.086114 -0.073283 -0.406914
74.530000 -2.086533 -0.010694 -0.406558
74.540000 -2.086327 0.051899 -0.406202
74.550000 -2.085495 0.114477 -0.405846
74.560000 -2.084038 0.177020 -0.405490
74.570000 -2.081955 0.239509 -0.405136
74.580000 -2.079248 0.301927 -0.404783
74.590000 -2.075917 0.364255 -0.404432
74.600000 -2.071963 0.426473 -0.404083
74.610000 -2.067387 0.488563 -0.403737
74.620000 -2.062191 0.550507 -0.403394
74.630000 -2.056377 0.612286 -0.403055
74.640000 -2.049946 0.673880 -0.402719
74.650000 -2.042899 0.735273 -0.402388
74.660000 -2.035240 0.796445 -0.402062
74.670000 -2.026970 0.857378 -0.401741
74.680000 -2.018093 0.918054 -0.401425
74.690000 -2.008609 0.978455 -0.401115
74.700000 -1.998523 1.038562 -0.400812
74.710000 -1.987838 1.098357 -0.400515
74.720000 -1.976556 1.157823 -0.400225
74.730000 -1.964682 1.216942 -0.399942
74.740000 -1.952217 1.275695 -0.399667
74.750000 -1.939168 1.334066 -0.399400
74.760000 -1.925536 1.392037 -0.399142
74.770000 -1.911327 1.449589 -0.398892
74.780000 -1.896544 1.506708 -0.398651
74.790000 -1.881193 1.563374 -0.398419
74.800000 -1.865277 1.619571 -0.398197
74.810000 -1.848801 1.675282 -0.397984
74.820000 -1.831771 1.730490 -0.397782
74.830000 -1.814192 1.785180 -0.397590
74.840000 -1.796068 1.839334 -0.397408
74.850000 -1.777405 1.892936 -0.397237
74.860000 -1.758209 1.945970 -0.397077
74.870000 -1.738486 1.998420 -0.396928
74.880000 -1.718241 2.050271 -0.396791
74.890000 -1.697480 2.101507 -0.396664
74.900000 -1.676210 2.152113 -0.396550
74.910000 -1.654438 2.202072 -0.396447
74.920000 -1.632169 2.251371 -0.396356
74.930000 -1.609410 2.299995 -0.396277
74.940000 -1.586169 2.347929 -0.396210
74.950000 -1.562452 2.395158 -0.396156
74.960000 -1.538266 2.441669 -0.396113
74.970000 -1.513618 2.487447 -0.396083
74.980000 -1.488517 2.532479 -0.396065
74.990000 -1.462969 2.576751 -0.396059
75.000000 -1.436982 2.620251 -0.396066
75.010000 -1.410564 2.662964 -0.396085
75.020000 -1.383723 2.704878 -0.396116
75.030000 -1.356466 2.745981 -0.396160
75.040000 -1.328803 2.786260 -0.396216
75.050000 -1.300741 2.825703 -0.396284
75.060000 -1.272289 2.864299 -0.396364
75.070000 -1.243455 2.902035 -0.396456
75.080000 -1.214248 2.938900 -0.396560
75.090000 -1.184677 2.974884 -0.396676
75.100000 -1.154751 3.009976 -0.396803
75.110000 -1.124478 3.044164 -0.396942
75.120000 -1.093867 3.077439 -0.397092
75.130000 -1.062929 3.109791 -0.397253
75.140000 -1.031671 3.141210 -0.397425
75.150000 -1.000105 3.171687 -0.397607
75.160000 -0.968238 3.201212 -0.397801
75.170000 -0.936080 3.229777 -0.398004
75.180000 -0.903642 3.257373 -0.398217
75.190000 -0.870933 3.283991 -0.398441
75.200000 -0.837962 3.309625 -0.398673
75.210000 -0.804740 3.334265 -0.398915
75.220000 -0.771277 3.357905 -0.399166
75.230000 -0.737582 3.380538 -0.399425
75.240000 -0.703666 3.402157 -0.399693
75.250000 -0.669539 3.422755 -0.399969
75.260000 -0.635211 3.442326 -0.400252
75.270000 -0.600693 3.460865 -0.400542
75.280000 -0.565994 3.478365 -0.400840
75.290000 -0.531125 3.494822 -0.401144
75.300000 -0.496097 3.510230 -0.401455
75.310000 -0.460921 3.524586 -0.401771
75.320000 -0.425606 3.537884 -0.402093
75.330000 -0.390163 3.550120 -0.402419
75.340000 -0.354603 3.561292 -0.402751
75.350000 -0.318937 3.571395 -0.403087
75.360000 -0.283175 3.580426 -0.403427
75.370000 -0.247329 3.588384 -0.403770
75.380000 -0.211408 3.595265 -0.404116
75.390000 -0.175423 3.601067 -0.404465
75.400000 -0.139386 3.605790 -0.404816
75.410000 -0.103308 3.609430 -0.405170
75.420000 -0.067198 3.611988 -0.405524
75.430000 -0.031068 3.613462 -0.405879
75.440000 0.005071 3.613852 -0.406236
75.450000 0.041209 3.613157 -0.406592
75.460000 0.077335 3.611379 -0.406948
75.470000 0.113437 3.608518 -0.407303
75.480000 0.149505 3.604573 -0.407657
75.490000 0.185528 3.599548 -0.408009
75.500000 0.221496 3.593443 -0.408359
75.510000 0.257397 3.586259 -0.408707
75.520000 0.293221 3.578000 -0.409053
75.530000 0.328957 3.568667 -0.409394
75.540000 0.364594 3.558264 -0.409733
75.550000 0.400122 3.546793 -0.410067
75.560000 0.435530 3.534258 -0.410397
75.570000 0.470807 3.520663 -0.410721
75.580000 0.505944 3.506012 -0.411041
75.590000 0.540928 3.490309 -0.411355
75.600000 0.575750 3.473559 -0.411663
75.610000 0.610399 3.455767 -0.411964
75.620000 0.644865 3.436938 -0.412259
75.630000 0.679138 3.417078 -0.412547
75.640000 0.713207 3.396193 -0.412827
75.650000 0.747062 3.374288 -0.413099
75.660000 0.780692 3.351372 -0.413364
75.670000 0.814089 3.327450 -0.413620
75.680000 0.847241 3.302531 -0.413867
75.690000 0.880140 3.276620 -0.414105
75.700000 0.912774 3.249726 -0.414334
75.710000 0.945134 3.221857 -0.414553
75.720000 0.977211 3.193022 -0.414762
75.730000 1.008995 3.163229 -0.414962
75.740000 1.040475 3.132487 -0.415151
75.750000 1.071644 3.100805 -0.415329
75.760000 1.102492 3.068193 -0.415497
75.770000 1.133008 3.034661 -0.415653
75.780000 1.163185 3.000218 -0.415799
75.790000 1.193013 2.964875 -0.415933
75.800000 1.222482 2.928643 -0.416055
75.810000 1.251585 2.891532 -0.416166
75.820000 1.280313 2.853553 -0.416265
75.830000 1.308656 2.814719 -0.416353
75.840000 1.336607 2.775040 -0.416428
75.850000 1.364157 2.734528 -0.416491
75.860000 1.391298 2.693196 -0.416542
75.870000 1.418021 2.651056 -0.416580
75.880000 1.444319 2.608121 -0.416607
75.890000 1.470184 2.564404 -0.416621
75.900000 1.495607 2.519917 -0.416623
75.910000 1.520582 2.474674 -0.416612
75.920000 1.545101 2.428689 -0.416589
75.930000 1.569156 2.381975 -0.416554
75.940000 1.592740 2.334547 -0.416507
75.950000 1.615847 2.286418 -0.416447
75.960000 1.638468 2.237603 -0.416375
75.970000 1.660599 2.188117 -0.416291
75.980000 1.682231 2.137975 -0.416195
75.990000 1.703358 2.087191 -0.416088
76.000000 1.723975 2.035781 -0.415969
76.010000 1.744074 1.983760 -0.415838
76.020000 1.763650 1.931144 -0.415696
76.030000 1.782697 1.877949 -0.415542
76.040000 1.801209 1.824190 -0.415378
76.050000 1.819180 1.769885 -0.415202
76.060000 1.836606 1.715048 -0.415016
76.070000 1.853481 1.659697 -0.414820
76.080000 1.869800 1.603847 -0.414613
76.090000 1.885558 1.547517 -0.414397
76.100000 1.900751 1.490722 -0.414171
76.110000 1.915373 1.433480 -0.413935
76.120000 1.929420 1.375809 -0.413691
76.130000 1.942889 1.317724 -0.413437
76.140000 1.955775 1.259244 -0.413175
76.150000 1.968074 1.200386 -0.412905
76.160000 1.979783 1.141168 -0.412627
76.170000 1.990897 1.081608 -0.412341
76.180000 2.001415 1.021723 -0.412048
76.190000 2.011332 0.961532 -0.411749
76.200000 2.020645 0.901053 -0.411443
76.210000 2.029353 0.840303 -0.411130
76.220000 2.037451 0.779301 -0.410812
76.230000 2.044939 0.718065 -0.410489
76.240000 2.051813 0.656613 -0.410161
76.250000 2.058071 0.594965 -0.409828
76.260000 2.063712 0.533138 -0.409491
76.270000 2.068734 0.471152 -0.409150
76.280000 2.073135 0.409024 -0.408805
76.290000 2.076914 0.346773 -0.408458
76.300000 2.080070 0.284418 -0.408109
76.310000 2.082603 0.221978 -0.407757
76.320000 2.084510 0.159471 -0.407403
76.330000 2.085792 0.096917 -0.407048
76.340000 2.086448 0.034333 -0.406693
76.350000 2.086479 -0.028261 -0.406336
76.360000 2.085883 -0.090846 -0.405980
76.370000 2.084662 -0.153404 -0.405625
76.380000 2.082815 -0.215916 -0.405270
76.390000 2.080344 -0.278364 -0.404916
76.400000 2.077248 -0.340728 -0.404564
76.410000 2.073529 -0.402989 -0.404215
76.420000 2.069188 -0.465130 -0.403868
76.430000 2.064226 -0.527131 -0.403523
76.440000 2.058645 -0.588974 -0.403183
76.450000 2.052447 -0.650641 -0.402846
76.460000 2.045633 -0.712112 -0.402513
76.470000 2.038205 -0.773369 -0.402185
76.480000 2.030165 -0.834395 -0.401861
76.490000 2.021517 -0.895170 -0.401544
76.500000 2.012262 -0.955677 -0.401231
76.510000 2.002403 -1.015897 -0.400925
76.520000 1.991944 -1.075812 -0.400626
76.530000 1.980887 -1.135405 -0.400333
76.540000 1.969236 -1.194656 -0.400048
76.550000 1.956994 -1.253550 -0.399770
76.560000 1.944165 -1.312067 -0.399500
76.570000 1.930752 -1.370191 -0.399238
76.580000 1.916761 -1.427904 -0.398985
76.590000 1.902194 -1.485188 -0.398741
76.600000 1.887057 -1.542027 -0.398506
76.610000 1.871354 -1.598403 -0.398280
76.620000 1.855089 -1.654300 -0.398063
76.630000 1.838268 -1.709700 -0.397857
76.640000 1.820895 -1.764587 -0.397661
76.650000 1.802976 -1.818945 -0.397475
76.660000 1.784516 -1.872758 -0.397300
76.670000 1.765521 -1.926008 -0.397136
76.680000 1.745996 -1.978681 -0.396983
76.690000 1.725947 -2.030760 -0.396841
76.700000 1.705381 -2.082230 -0.396711
76.710000 1.684303 -2.133075 -0.396592
76.720000 1.662719 -2.183281 -0.396484
76.730000 1.640637 -2.232831 -0.396389
76.740000 1.618063 -2.281712 -0.396306
76.750000 1.595003 -2.329908 -0.396234
76.760000 1.571465 -2.377405 -0.396175
76.770000 1.547455 -2.424188 -0.396128
76.780000 1.522981 -2.470245 -0.396093
76.790000 1.498050 -2.515560 -0.396070
76.800000 1.472670 -2.560121 -0.396060
76.810000 1.446847 -2.603914 -0.396062
76.820000 1.420591 -2.646926 -0.396076
76.830000 1.393909 -2.689143 -0.396103
76.840000 1.366808 -2.730554 -0.396142
76.850000 1.339298 -2.771145 -0.396193
76.860000 1.311386 -2.810906 -0.396257
76.870000 1.283080 -2.849823 -0.396332
76.880000 1.254389 -2.887885 -0.396420
76.890000 1.225322 -2.925080 -0.396519
76.900000 1.195887 -2.961399 -0.396631
76.910000 1.166094 -2.996828 -0.396754
76.920000 1.135951 -3.031359 -0.396888
76.930000 1.105467 -3.064980 -0.397034
76.940000 1.074651 -3.097682 -0.397191
76.950000 1.043513 -3.129454 -0.397359
76.960000 1.012062 -3.160288 -0.397537
76.970000 0.980308 -3.190174 -0.397726
76.980000 0.948259 -3.219102 -0.397926
76.990000 0.915925 -3.247065 -0.398136
77.000000 0.883317 -3.274054 -0.398355
77.010000 0.850444 -3.300060 -0.398584
77.020000 0.817316 -3.325076 -0.398823
77.030000 0.783943 -3.349095 -0.399070
77.040000 0.750334 -3.372109 -0.399326
77.050000 0.716501 -3.394112 -0.399591
77.060000 0.682452 -3.415096 -0.399864
77.070000 0.648199 -3.435056 -0.400144
77.080000 0.613751 -3.453985 -0.400432
77.090000 0.579119 -3.471878 -0.400727
77.100000 0.544313 -3.488730 -0.401029
77.110000 0.509344 -3.504535 -0.401337
77.120000 0.474223 -3.519288 -0.401651
77.130000 0.438959 -3.532986 -0.401970
77.140000 0.403563 -3.545624 -0.402295
77.150000 0.368046 -3.557198 -0.402625
77.160000 0.332419 -3.567705 -0.402959
77.170000 0.296692 -3.577141 -0.403298
77.180000 0.260876 -3.585505 -0.403640
77.190000 0.224982 -3.592793 -0.403985
77.200000 0.189020 -3.599003 -0.404333
77.210000 0.153002 -3.604133 -0.404684
77.220000 0.116938 -3.608182 -0.405036
77.230000 0.080838 -3.611149 -0.405390
77.240000 0.044715 -3.613032 -0.405745
77.250000 0.008578 -3.613832 -0.406101
77.260000 -0.027562 -3.613547 -0.406457
77.270000 -0.063693 -3.612178 -0.406813
77.280000 -0.099805 -3.609726 -0.407169
77.290000 -0.135888 -3.606190 -0.407523
77.300000 -0.171929 -3.601573 -0.407876
77.310000 -0.207919 -3.595875 -0.408227
77.320000 -0.243847 -3.589099 -0.408576
77.330000 -0.279701 -3.581246 -0.408923
77.340000 -0.315472 -3.572318 -0.409266
77.350000 -0.351148 -3.562319 -0.409605
77.360000 -0.386718 -3.551251 -0.409941
77.370000 -0.422173 -3.539117 -0.410273
77.380000 -0.457500 -3.525922 -0.410599
77.390000 -0.492691 -3.511669 -0.410921
77.400000 -0.527734 -3.496363 -0.411237
77.410000 -0.562618 -3.480008 -0.411547
77.420000 -0.597334 -3.462608 -0.411851
77.430000 -0.631870 -3.444170 -0.412149
77.440000 -0.666217 -3.424699 -0.412439
77.450000 -0.700364 -3.404200 -0.412722
77.460000 -0.734301 -3.382680 -0.412997
77.470000 -0.768018 -3.360145 -0.413265
77.480000 -0.801504 -3.336603 -0.413524
77.490000 -0.834750 -3.312059 -0.413774
77.500000 -0.867745 -3.286521 -0.414016
77.510000 -0.900480 -3.259998 -0.414248
77.520000 -0.932945 -3.232497 -0.414471
77.530000 -0.965130 -3.204026 -0.414685
77.540000 -0.997026 -3.174593 -0.414888
77.550000 -1.028622 -3.144208 -0.415081
77.560000 -1.059910 -3.112880 -0.415263
77.570000 -1.090880 -3.080619 -0.415435
77.580000 -1.121522 -3.047433 -0.415595
77.590000 -1.151829 -3.013332 -0.415745
77.600000 -1.181789 -2.978328 -0.415883
77.610000 -1.211395 -2.942430 -0.416010
77.620000 -1.240638 -2.905650 -0.416126
77.630000 -1.269508 -2.867998 -0.416229
77.640000 -1.297998 -2.829485 -0.416321
77.650000 -1.326098 -2.790124 -0.416401
77.660000 -1.353800 -2.749925 -0.416468
77.670000 -1.381096 -2.708902 -0.416524
77.680000 -1.407978 -2.667066 -0.416567
77.690000 -1.434438 -2.624429 -0.416598
77.700000 -1.460467 -2.581006 -0.416617
77.710000 -1.486058 -2.536808 -0.416623
77.720000 -1.511203 -2.491849 -0.416618
77.730000 -1.535895 -2.446142 -0.416599
77.740000 -1.560126 -2.399702 -0.416569
77.750000 -1.583889 -2.352542 -0.416526
77.760000 -1.607177 -2.304676 -0.416471
77.770000 -1.629982 -2.256119 -0.416404
77.780000 -1.652299 -2.206884 -0.416324
77.790000 -1.674120 -2.156988 -0.416233
77.800000 -1.695439 -2.106445 -0.416130
77.810000 -1.716249 -2.055269 -0.416015
77.820000 -1.736544 -2.003478 -0.415889
77.830000 -1.756318 -1.951085 -0.415751
77.840000 -1.775566 -1.898106 -0.415601
77.850000 -1.794281 -1.844559 -0.415441
77.860000 -1.812457 -1.790458 -0.415270
77.870000 -1.830090 -1.735819 -0.415088
77.880000 -1.847173 -1.680660 -0.414895
77.890000 -1.863703 -1.624997 -0.414693
77.900000 -1.879673 -1.568847 -0.414480
77.910000 -1.895080 -1.512225 -0.414257
77.920000 -1.909918 -1.455150 -0.414025
77.930000 -1.924183 -1.397639 -0.413784
77.940000 -1.937871 -1.339708 -0.413534
77.950000 -1.950977 -1.281375 -0.413275
77.960000 -1.963498 -1.222658 -0.413008
77.970000 -1.975430 -1.163574 -0.412733
77.980000 -1.986770 -1.104141 -0.412450
77.990000 -1.997513 -1.044377 -0.412160
78.000000 -2.007657 -0.984300 -0.411863
78.010000 -2.017199 -0.923927 -0.411559
78.020000 -2.026136 -0.863277 -0.411249
78.030000 -2.034465 -0.802368 -0.410933
78.040000 -2.042183 -0.741218 -0.410612
78.050000 -2.049289 -0.679846 -0.410285
78.060000 -2.055780 -0.618270 -0.409954
78.070000 -2.061654 -0.556508 -0.409618
78.080000 -2.066910 -0.494580 -0.409279
78.090000 -2.071546 -0.432503 -0.408936
78.100000 -2.075560 -0.370296 -0.408590
78.110000 -2.078952 -0.307979 -0.408241
78.120000 -2.081720 -0.245569 -0.407890
78.130000 -2.083863 -0.183085 -0.407537
78.140000 -2.085381 -0.120546 -0.407182
78.150000 -2.086274 -0.057971 -0.406827
78.160000 -2.086541 0.004621 -0.406471
78.170000 -2.086182 0.067212 -0.406115
78.180000 -2.085197 0.129782 -0.405759
78.190000 -2.083586 0.192314 -0.405404
78.200000 -2.081350 0.254788 -0.405050
78.210000 -2.078490 0.317186 -0.404697
78.220000 -2.075007 0.379488 -0.404347
78.230000 -2.070900 0.441677 -0.403998
78.240000 -2.066173 0.503733 -0.403653
78.250000 -2.060826 0.565638 -0.403311
78.260000 -2.054860 0.627373 -0.402972
78.270000 -2.048278 0.688920 -0.402638
78.280000 -2.041082 0.750261 -0.402308
78.290000 -2.033273 0.811376 -0.401983
78.300000 -2.024854 0.872248 -0.401663
78.310000 -2.015828 0.932858 -0.401349
78.320000 -2.006197 0.993188 -0.401040
78.330000 -1.995964 1.053221 -0.400738
78.340000 -1.985133 1.112937 -0.400443
78.350000 -1.973706 1.172320 -0.400155
78.360000 -1.961686 1.231351 -0.399874
78.370000 -1.949079 1.290012 -0.399601
78.380000 -1.935886 1.348287 -0.399336
78.390000 -1.922113 1.406157 -0.399080
78.400000 -1.907763 1.463605 -0.398832
78.410000 -1.892841 1.520614 -0.398593
78.420000 -1.877351 1.577167 -0.398364
78.430000 -1.861297 1.633247 -0.398144
78.440000 -1.844686 1.688836 -0.397934
78.450000 -1.827521 1.743919 -0.397734
78.460000 -1.809807 1.798479 -0.397544
78.470000 -1.791551 1.852500 -0.397365
78.480000 -1.772757 1.905964 -0.397197
78.490000 -1.753432 1.958857 -0.397040
78.500000 -1.733580 2.011162 -0.396893
78.510000 -1.713209 2.062864 -0.396759
78.520000 -1.692323 2.113947 -0.396635
78.530000 -1.670930 2.164396 -0.396524
78.540000 -1.649035 2.214195 -0.396424
78.550000 -1.626646 2.263331 -0.396336
78.560000 -1.603768 2.311787 -0.396260
78.570000 -1.580410 2.359550 -0.396196
78.580000 -1.556578 2.406604 -0.396144
78.590000 -1.532278 2.452937 -0.396104
78.600000 -1.507519 2.498534 -0.396077
78.610000 -1.482307 2.543382 -0.396062
78.620000 -1.456651 2.587466 -0.396060
78.630000 -1.430558 2.630774 -0.396070
78.640000 -1.404036 2.673293 -0.396092
78.650000 -1.377092 2.715010 -0.396126
78.660000 -1.349735 2.755912 -0.396173
78.670000 -1.321974 2.795988 -0.396232
78.680000 -1.293816 2.835225 -0.396303
78.690000 -1.265269 2.873611 -0.396386
78.700000 -1.236343 2.911135 -0.396481
78.710000 -1.207047 2.947786 -0.396587
78.720000 -1.177388 2.983553 -0.396706
78.730000 -1.147376 3.018424 -0.396836
78.740000 -1.117019 3.052390 -0.396977
78.750000 -1.086328 3.085440 -0.397130
78.760000 -1.055310 3.117565 -0.397294
78.770000 -1.023977 3.148754 -0.397469
78.780000 -0.992335 3.178999 -0.397654
78.790000 -0.960397 3.208290 -0.397849
78.800000 -0.928170 3.236618 -0.398055
78.810000 -0.895664 3.263976 -0.398271
78.820000 -0.862890 3.290354 -0.398497
78.830000 -0.829857 3.315745 -0.398732
78.840000 -0.796575 3.340142 -0.398976
78.850000 -0.763054 3.363536 -0.399229
78.860000 -0.729304 3.385922 -0.399490
78.870000 -0.695336 3.407291 -0.399760
78.880000 -0.661159 3.427639 -0.400037
78.890000 -0.626783 3.446958 -0.400322
78.900000 -0.592219 3.465243 -0.400615
78.910000 -0.557478 3.482488 -0.400914
78.920000 -0.522570 3.498689 -0.401220
78.930000 -0.487504 3.513840 -0.401531
78.940000 -0.452293 3.527937 -0.401849
78.950000 -0.416946 3.540976 -0.402172
78.960000 -0.381473 3.552952 -0.402500
78.970000 -0.345887 3.563862 -0.402833
78.980000 -0.310196 3.573703 -0.403170
78.990000 -0.274413 3.582473 -0.403510
79.000000 -0.238547 3.590167 -0.403854
79.010000 -0.202609 3.596784 -0.404201
79.020000 -0.166611 3.602323 -0.404551
79.030000 -0.130563 3.606780 -0.404903
79.040000 -0.094475 3.610156 -0.405256
79.050000 -0.058360 3.612448 -0.405611
79.060000 -0.022226 3.613657 -0.405967
79.070000 0.013913 3.613782 -0.406323
79.080000 0.050049 3.612822 -0.406679
79.090000 0.086170 3.610779 -0.407035
79.100000 0.122265 3.607653 -0.407389
79.110000 0.158323 3.603444 -0.407743
79.120000 0.194334 3.598154 -0.408095
79.130000 0.230286 3.591785 -0.408445
79.140000 0.266169 3.584338 -0.408792
79.150000 0.301973 3.575816 -0.409137
79.160000 0.337686 3.566221 -0.409478
79.170000 0.373297 3.555556 -0.409815
79.180000 0.408797 3.543825 -0.410148
79.190000 0.444174 3.531030 -0.410476
79.200000 0.479417 3.517176 -0.410800
79.210000 0.514517 3.502267 -0.411118
79.220000 0.549463 3.486308 -0.411431
79.230000 0.584243 3.469302 -0.411737
79.240000 0.618849 3.451256 -0.412037
79.250000 0.653269 3.432174 -0.412330
79.260000 0.687492 3.412062 -0.412616
79.270000 0.721510 3.390927 -0.412894
79.280000 0.755311 3.368775 -0.413165
79.290000 0.788885 3.345612 -0.413427
79.300000 0.822223 3.321445 -0.413681
79.310000 0.855314 3.296282 -0.413926
79.320000 0.888149 3.270130 -0.414162
79.330000 0.920717 3.242997 -0.414388
79.340000 0.953009 3.214892 -0.414605
79.350000 0.985015 3.185821 -0.414812
79.360000 1.016725 3.155795 -0.415009
79.370000 1.048131 3.124822 -0.415195
79.380000 1.079222 3.092912 -0.415371
79.390000 1.109989 3.060074 -0.415536
79.400000 1.140423 3.026318 -0.415690
79.410000 1.170515 2.991654 -0.415832
79.420000 1.200256 2.956092 -0.415964
79.430000 1.229637 2.919644 -0.416083
79.440000 1.258649 2.882319 -0.416192
79.450000 1.287283 2.844130 -0.416288
79.460000 1.315532 2.805088 -0.416372
79.470000 1.343385 2.765204 -0.416444
79.480000 1.370836 2.724491 -0.416504
79.490000 1.397875 2.682960 -0.416552
79.500000 1.424495 2.640625 -0.416588
79.510000 1.450687 2.597497 -0.416611
79.520000 1.476445 2.553590 -0.416623
79.530000 1.501759 2.508917 -0.416621
79.540000 1.526623 2.463491 -0.416608
79.550000 1.551029 2.417327 -0.416582
79.560000 1.574970 2.370437 -0.416543
79.570000 1.598438 2.322836 -0.416493
79.580000 1.621426 2.274538 -0.416430
79.590000 1.643929 2.225557 -0.416356
79.600000 1.665938 2.175909 -0.416269
79.610000 1.687447 2.125608 -0.416170
79.620000 1.708450 2.074670 -0.416060
79.630000 1.728940 2.023109 -0.415938
79.640000 1.748912 1.970941 -0.415804
79.650000 1.768359 1.918182 -0.415659
79.660000 1.787276 1.864848 -0.415503
79.670000 1.805656 1.810954 -0.415336
79.680000 1.823495 1.756517 -0.415158
79.690000 1.840786 1.701552 -0.414969
79.700000 1.857526 1.646078 -0.414770
79.710000 1.873708 1.590109 -0.414561
79.720000 1.889328 1.533664 -0.414342
79.730000 1.904381 1.476758 -0.414114
79.740000 1.918863 1.419409 -0.413876
79.750000 1.932769 1.361635 -0.413629
79.760000 1.946096 1.303452 -0.413374
79.770000 1.958838 1.244878 -0.413110
79.780000 1.970993 1.185930 -0.412838
79.790000 1.982557 1.126627 -0.412558
79.800000 1.993526 1.066986 -0.412270
79.810000 2.003897 1.007025 -0.411976
79.820000 2.013666 0.946761 -0.411674
79.830000 2.022832 0.886214 -0.411367
79.840000 2.031391 0.825400 -0.411053
79.850000 2.039340 0.764339 -0.410734
79.860000 2.046677 0.703049 -0.410409
79.870000 2.053401 0.641548 -0.410080
79.880000 2.059508 0.579854 -0.409746
79.890000 2.064998 0.517987 -0.409408
79.900000 2.069868 0.455964 -0.409066
79.910000 2.074117 0.393804 -0.408721
79.920000 2.077744 0.331526 -0.408373
79.930000 2.080748 0.269149 -0.408023
79.940000 2.083127 0.206691 -0.407670
79.950000 2.084882 0.144170 -0.407316
79.960000 2.086010 0.081607 -0.406961
79.970000 2.086514 0.019019 -0.406605
79.980000 2.086391 -0.043574 -0.406249
79.990000 2.085642 -0.106155 -0.405893
80.000000 2.084268 -0.168704 -0.405538
80.010000 2.082268 -0.231202 -0.405183
80.020000 2.079644 -0.293630 -0.404830
80.030000 2.076396 -0.355971 -0.404479
80.040000 2.072524 -0.418205 -0.404130
80.050000 2.068031 -0.480313 -0.403783
80.060000 2.062918 -0.542277 -0.403440
80.070000 2.057186 -0.604079 -0.403100
80.080000 2.050837 -0.665699 -0.402764
80.090000 2.043872 -0.727120 -0.402432
80.100000 2.036294 -0.788322 -0.402105
80.110000 2.028105 -0.849288 -0.401783
80.120000 2.019308 -0.909999 -0.401467
80.130000 2.009905 -0.970438 -0.401156
80.140000 1.999900 -1.030585 -0.400852
80.150000 1.989294 -1.090423 -0.400554
80.160000 1.978091 -1.149933 -0.400263
80.170000 1.966295 -1.209099 -0.399979
80.180000 1.953909 -1.267902 -0.399703
80.190000 1.940937 -1.326325 -0.399435
80.200000 1.927383 -1.384350 -0.399176
80.210000 1.913250 -1.441959 -0.398925
80.220000 1.898543 -1.499136 -0.398682
80.230000 1.883267 -1.555863 -0.398449
80.240000 1.867426 -1.612124 -0.398226
80.250000 1.851025 -1.667900 -0.398012
80.260000 1.834068 -1.723177 -0.397808
80.270000 1.816561 -1.777936 -0.397615
80.280000 1.798509 -1.832162 -0.397432
80.290000 1.779918 -1.885839 -0.397259
80.300000 1.760793 -1.938949 -0.397098
80.310000 1.741139 -1.991478 -0.396947
80.320000 1.720963 -2.043410 -0.396808
80.330000 1.700271 -2.094728 -0.396680
80.340000 1.679069 -2.145419 -0.396564
80.350000 1.657363 -2.195465 -0.396460
80.360000 1.635159 -2.244853 -0.396367
80.370000 1.612465 -2.293567 -0.396287
80.380000 1.589288 -2.341593 -0.396218
80.390000 1.565634 -2.388917 -0.396162
80.400000 1.541510 -2.435524 -0.396118
80.410000 1.516923 -2.481401 -0.396086
80.420000 1.491882 -2.526533 -0.396067
80.430000 1.466392 -2.570907 -0.396059
80.440000 1.440463 -2.614510 -0.396064
80.450000 1.414102 -2.657328 -0.396082
80.460000 1.387317 -2.699350 -0.396112
80.470000 1.360115 -2.740561 -0.396154
80.480000 1.332506 -2.780951 -0.396208
80.490000 1.304496 -2.820506 -0.396274
80.500000 1.276096 -2.859214 -0.396353
80.510000 1.247312 -2.897066 -0.396443
80.520000 1.218154 -2.934048 -0.396546
80.530000 1.188631 -2.970149 -0.396660
80.540000 1.158751 -3.005360 -0.396785
80.550000 1.128524 -3.039669 -0.396923
80.560000 1.097958 -3.073066 -0.397071
80.570000 1.067062 -3.105542 -0.397231
80.580000 1.035847 -3.137085 -0.397401
80.590000 1.004321 -3.167688 -0.397583
80.600000 0.972493 -3.197340 -0.397774
80.610000 0.940374 -3.226033 -0.397976
80.620000 0.907973 -3.253758 -0.398189
80.630000 0.875299 -3.280507 -0.398410
80.640000 0.842362 -3.306272 -0.398642
80.650000 0.809173 -3.331045 -0.398882
80.660000 0.775742 -3.354819 -0.399132
80.670000 0.742077 -3.377586 -0.399390
80.680000 0.708190 -3.399340 -0.399657
80.690000 0.674090 -3.420075 -0.399931
80.700000 0.639788 -3.439783 -0.400214
80.710000 0.605295 -3.458459 -0.400503
80.720000 0.570619 -3.476098 -0.400800
80.730000 0.535773 -3.492694 -0.401103
80.740000 0.500765 -3.508242 -0.401413
80.750000 0.465608 -3.522737 -0.401728
80.760000 0.430311 -3.536176 -0.402049
80.770000 0.394884 -3.548554 -0.402376
80.780000 0.359339 -3.559867 -0.402707
80.790000 0.323687 -3.570113 -0.403042
80.800000 0.287937 -3.579287 -0.403381
80.810000 0.252101 -3.587388 -0.403724
80.820000 0.216189 -3.594412 -0.404070
80.830000 0.180213 -3.600358 -0.404419
80.840000 0.144182 -3.605224 -0.404770
80.850000 0.108108 -3.609008 -0.405122
80.860000 0.072002 -3.611710 -0.405477
80.870000 0.035874 -3.613328 -0.405832
80.880000 -0.000264 -3.613862 -0.406188
80.890000 -0.036403 -3.613312 -0.406544
80.900000 -0.072531 -3.611678 -0.406900
80.910000 -0.108637 -3.608961 -0.407255
80.920000 -0.144710 -3.605160 -0.407610
80.930000 -0.180740 -3.600279 -0.407962
80.940000 -0.216715 -3.594317 -0.408313
80.950000 -0.252626 -3.587277 -0.408661
80.960000 -0.288461 -3.579160 -0.409007
80.970000 -0.324209 -3.569970 -0.409349
80.980000 -0.359860 -3.559709 -0.409688
80.990000 -0.395404 -3.548380 -0.410023
81.000000 -0.430828 -3.535987 -0.410353
81.010000 -0.466123 -3.522533 -0.410678
81.020000 -0.501279 -3.508022 -0.410999
81.030000 -0.536284 -3.492458 -0.411313
81.040000 -0.571128 -3.475847 -0.411622
81.050000 -0.605801 -3.458193 -0.411925
81.060000 -0.640292 -3.439502 -0.412220
81.070000 -0.674591 -3.419778 -0.412509
81.080000 -0.708687 -3.399029 -0.412790
81.090000 -0.742571 -3.377260 -0.413064
81.100000 -0.776232 -3.354478 -0.413329
81.110000 -0.809661 -3.330690 -0.413586
81.120000 -0.842846 -3.305902 -0.413834
81.130000 -0.875779 -3.280123 -0.414074
81.140000 -0.908449 -3.253360 -0.414304
81.150000 -0.940846 -3.225620 -0.414524
81.160000 -0.972961 -3.196913 -0.414735
81.170000 -1.004784 -3.167247 -0.414936
81.180000 -1.036306 -3.136630 -0.415126
81.190000 -1.067517 -3.105073 -0.415306
81.200000 -1.098408 -3.072584 -0.415475
81.210000 -1.128969 -3.039174 -0.415633
81.220000 -1.159191 -3.004851 -0.415780
81.230000 -1.189066 -2.969627 -0.415916
81.240000 -1.218584 -2.933513 -0.416040
81.250000 -1.247736 -2.896518 -0.416152
81.260000 -1.276514 -2.858654 -0.416253
81.270000 -1.304909 -2.819933 -0.416342
81.280000 -1.332913 -2.780365 -0.416418
81.290000 -1.360516 -2.739964 -0.416483
81.300000 -1.387712 -2.698741 -0.416536
81.310000 -1.414491 -2.656708 -0.416576
81.320000 -1.440846 -2.613877 -0.416604
81.330000 -1.466769 -2.570263 -0.416620
81.340000 -1.492251 -2.525878 -0.416623
81.350000 -1.517286 -2.480735 -0.416614
81.360000 -1.541866 -2.434848 -0.416593
81.370000 -1.565983 -2.388230 -0.416559
81.380000 -1.589631 -2.340896 -0.416514
81.390000 -1.612801 -2.292859 -0.416455
81.400000 -1.635488 -2.244135 -0.416385
81.410000 -1.657684 -2.194737 -0.416303
81.420000 -1.679382 -2.144681 -0.416209
81.430000 -1.700577 -2.093982 -0.416103
81.440000 -1.721262 -2.042654 -0.415985
81.450000 -1.741430 -1.990714 -0.415856
81.460000 -1.761076 -1.938176 -0.415715
81.470000 -1.780194 -1.885057 -0.415563
81.480000 -1.798778 -1.831373 -0.415400
81.490000 -1.816821 -1.777139 -0.415226
81.500000 -1.834320 -1.722372 -0.415042
81.510000 -1.851269 -1.667088 -0.414847
81.520000 -1.867662 -1.611304 -0.414641
81.530000 -1.883495 -1.555036 -0.414426
81.540000 -1.898763 -1.498303 -0.414201
81.550000 -1.913461 -1.441119 -0.413967
81.560000 -1.927585 -1.383503 -0.413724
81.570000 -1.941131 -1.325473 -0.413471
81.580000 -1.954095 -1.267044 -0.413210
81.590000 -1.966472 -1.208236 -0.412941
81.600000 -1.978259 -1.149065 -0.412664
81.610000 -1.989453 -1.089549 -0.412380
81.620000 -2.000050 -1.029707 -0.412088
81.630000 -2.010047 -0.969555 -0.411789
81.640000 -2.019441 -0.909113 -0.411484
81.650000 -2.028230 -0.848398 -0.411172
81.660000 -2.036409 -0.787428 -0.410855
81.670000 -2.043978 -0.726222 -0.410532
81.680000 -2.050934 -0.664799 -0.410205
81.690000 -2.057274 -0.603176 -0.409872
81.700000 -2.062997 -0.541372 -0.409536
81.710000 -2.068102 -0.479405 -0.409195
81.720000 -2.072585 -0.417295 -0.408851
81.730000 -2.076448 -0.355059 -0.408505
81.740000 -2.079687 -0.292717 -0.408155
81.750000 -2.082302 -0.230287 -0.407804
81.760000 -2.084292 -0.167788 -0.407450
81.770000 -2.085658 -0.105239 -0.407095
81.780000 -2.086397 -0.042658 -0.406740
81.790000 -2.086511 0.019935 -0.406384
81.800000 -2.085998 0.082523 -0.406028
81.810000 -2.084860 0.145086 -0.405672
81.820000 -2.083097 0.207605 -0.405317
81.830000 -2.080708 0.270062 -0.404963
81.840000 -2.077696 0.332438 -0.404611
81.850000 -2.074059 0.394715 -0.404261
81.860000 -2.069801 0.456872 -0.403914
81.870000 -2.064922 0.518893 -0.403569
81.880000 -2.059423 0.580759 -0.403228
81.890000 -2.053307 0.642449 -0.402890
81.900000 -2.046574 0.703948 -0.402557
81.910000 -2.039228 0.765235 -0.402228
81.920000 -2.031270 0.826292 -0.401904
81.930000 -2.022702 0.887102 -0.401585
81.940000 -2.013528 0.947645 -0.401273
81.950000 -2.003749 1.007904 -0.400966
81.960000 -1.993370 1.067861 -0.400665
81.970000 -1.982392 1.127498 -0.400372
81.980000 -1.970820 1.186796 -0.400086
81.990000 -1.958656 1.245738 -0.399807
82.000000 -1.945905 1.304306 -0.399536
82.010000 -1.932570 1.362483 -0.399273
82.020000 -1.918655 1.420252 -0.399018
82.030000 -1.904165 1.477594 -0.398773
82.040000 -1.889103 1.534493 -0.398536
82.050000 -1.873475 1.590932 -0.398309
82.060000 -1.857285 1.646893 -0.398092
82.070000 -1.840537 1.702361 -0.397884
82.080000 -1.823237 1.757317 -0.397687
82.090000 -1.805391 1.811747 -0.397500
82.100000 -1.787003 1.865632 -0.397323
82.110000 -1.768078 1.918959 -0.397157
82.120000 -1.748623 1.971709 -0.397003
82.130000 -1.728644 2.023868 -0.396859
82.140000 -1.708146 2.075420 -0.396727
82.150000 -1.687136 2.126349 -0.396607
82.160000 -1.665619 2.176641 -0.396498
82.170000 -1.643603 2.226279 -0.396401
82.180000 -1.621093 2.275249 -0.396316
82.190000 -1.598098 2.323537 -0.396243
82.200000 -1.574623 2.371128 -0.396182
82.210000 -1.550675 2.418007 -0.396133
82.220000 -1.526263 2.464162 -0.396097
82.230000 -1.501392 2.509576 -0.396072
82.240000 -1.476071 2.554238 -0.396061
82.250000 -1.450307 2.598134 -0.396061
82.260000 -1.424108 2.641250 -0.396074
82.270000 -1.397482 2.683574 -0.396099
82.280000 -1.370437 2.725093 -0.396136
82.290000 -1.342980 2.765794 -0.396186
82.300000 -1.315121 2.805666 -0.396248
82.310000 -1.286867 2.844695 -0.396322
82.320000 -1.258227 2.882872 -0.396408
82.330000 -1.229210 2.920183 -0.396506
82.340000 -1.199823 2.956619 -0.396615
82.350000 -1.170077 2.992167 -0.396737
82.360000 -1.139980 3.026818 -0.396869
82.370000 -1.109541 3.060561 -0.397014
82.380000 -1.078769 3.093386 -0.397169
82.390000 -1.047673 3.125282 -0.397336
82.400000 -1.016263 3.156241 -0.397513
82.410000 -0.984548 3.186254 -0.397701
82.420000 -0.952538 3.215310 -0.397899
82.430000 -0.920242 3.243402 -0.398107
82.440000 -0.887670 3.270520 -0.398325
82.450000 -0.854832 3.296658 -0.398553
82.460000 -0.821737 3.321806 -0.398790
82.470000 -0.788396 3.345958 -0.399037
82.480000 -0.754818 3.369107 -0.399292
82.490000 -0.721013 3.391244 -0.399555
82.500000 -0.686993 3.412364 -0.399827
82.510000 -0.652766 3.432460 -0.400106
82.520000 -0.618344 3.451527 -0.400393
82.530000 -0.583736 3.469558 -0.400687
82.540000 -0.548952 3.486549 -0.400988
82.550000 -0.514005 3.502493 -0.401295
82.560000 -0.478903 3.517387 -0.401609
82.570000 -0.443657 3.531225 -0.401928
82.580000 -0.408278 3.544004 -0.402252
82.590000 -0.372777 3.555720 -0.402581
82.600000 -0.337164 3.566369 -0.402915
82.610000 -0.301449 3.575948 -0.403253
82.620000 -0.265645 3.584455 -0.403594
82.630000 -0.229760 3.591886 -0.403939
82.640000 -0.193807 3.598239 -0.404287
82.650000 -0.157796 3.603513 -0.404637
82.660000 -0.121737 3.607706 -0.404989
82.670000 -0.085641 3.610817 -0.405343
82.680000 -0.049520 3.612844 -0.405698
82.690000 -0.013385 3.613788 -0.406054
82.700000 0.022755 3.613647 -0.406410
82.710000 0.058888 3.612423 -0.406766
82.720000 0.095004 3.610114 -0.407121
82.730000 0.131091 3.606723 -0.407476
82.740000 0.167138 3.602249 -0.407829
82.750000 0.203136 3.596695 -0.408181
82.760000 0.239072 3.590062 -0.408530
82.770000 0.274937 3.582352 -0.408877
82.780000 0.310719 3.573567 -0.409220
82.790000 0.346408 3.563710 -0.409560
82.800000 0.381993 3.552784 -0.409897
82.810000 0.417464 3.540792 -0.410229
82.820000 0.452809 3.527738 -0.410556
82.830000 0.488019 3.513626 -0.410878
82.840000 0.523082 3.498459 -0.411195
82.850000 0.557988 3.482243 -0.411506
82.860000 0.592727 3.464983 -0.411811
82.870000 0.627288 3.446682 -0.412109
82.880000 0.661660 3.427348 -0.412401
82.890000 0.695834 3.406986 -0.412685
82.900000 0.729800 3.385601 -0.412961
82.910000 0.763547 3.363201 -0.413230
82.920000 0.797064 3.339792 -0.413490
82.930000 0.830342 3.315381 -0.413742
82.940000 0.863372 3.289975 -0.413984
82.950000 0.896142 3.263582 -0.414218
82.960000 0.928643 3.236211 -0.414442
82.970000 0.960866 3.207868 -0.414657
82.980000 0.992801 3.178563 -0.414861
82.990000 1.024437 3.148304 -0.415055
83.000000 1.055767 3.117101 -0.415239
83.010000 1.086779 3.084963 -0.415412
83.020000 1.117466 3.051899 -0.415575
83.030000 1.147817 3.017920 -0.415726
83.040000 1.177824 2.983036 -0.415866
83.050000 1.207478 2.947256 -0.415994
83.060000 1.236769 2.910592 -0.416111
83.070000 1.265690 2.873055 -0.416216
83.080000 1.294231 2.834657 -0.416309
83.090000 1.322383 2.795407 -0.416391
83.100000 1.350139 2.755320 -0.416460
83.110000 1.377489 2.714405 -0.416517
83.120000 1.404427 2.672676 -0.416562
83.130000 1.430943 2.630146 -0.416595
83.140000 1.457030 2.586826 -0.416615
83.150000 1.482679 2.542731 -0.416623
83.160000 1.507884 2.497872 -0.416619
83.170000 1.532637 2.452264 -0.416602
83.180000 1.556930 2.405921 -0.416573
83.190000 1.580755 2.358856 -0.416532
83.200000 1.604107 2.311083 -0.416479
83.210000 1.626977 2.262616 -0.416413
83.220000 1.649359 2.213471 -0.416336
83.230000 1.671246 2.163662 -0.416246
83.240000 1.692632 2.113204 -0.416144
83.250000 1.713511 2.062112 -0.416031
83.260000 1.733875 2.010401 -0.415906
83.270000 1.753719 1.958087 -0.415770
83.280000 1.773036 1.905186 -0.415622
83.290000 1.791822 1.851713 -0.415463
83.300000 1.810071 1.797685 -0.415293
83.310000 1.827776 1.743117 -0.415113
83.320000 1.844933 1.688026 -0.414921
83.330000 1.861536 1.632429 -0.414720
83.340000 1.877582 1.576343 -0.414509
83.350000 1.893063 1.519783 -0.414287
83.360000 1.907977 1.462767 -0.414057
83.370000 1.922319 1.405313 -0.413817
83.380000 1.936083 1.347437 -0.413568
83.390000 1.949267 1.289157 -0.413310
83.400000 1.961867 1.230490 -0.413044
83.410000 1.973877 1.171453 -0.412770
83.420000 1.985296 1.112066 -0.412488
83.430000 1.996119 1.052345 -0.412199
83.440000 2.006343 0.992308 -0.411903
83.450000 2.015965 0.931973 -0.411600
83.460000 2.024982 0.871359 -0.411291
83.470000 2.033392 0.810483 -0.410975
83.480000 2.041192 0.749365 -0.410655
83.490000 2.048379 0.688021 -0.410329
83.500000 2.054952 0.626471 -0.409998
83.510000 2.060909 0.564733 -0.409663
83.520000 2.066247 0.502826 -0.409324
83.530000 2.070965 0.440768 -0.408982
83.540000 2.075062 0.378577 -0.408636
83.550000 2.078537 0.316273 -0.408287
83.560000 2.081388 0.253874 -0.407937
83.570000 2.083614 0.191399 -0.407584
83.580000 2.085216 0.128867 -0.407230
83.590000 2.086191 0.066296 -0.406874
83.600000 2.086541 0.003705 -0.406518
83.610000 2.086266 -0.058887 -0.406162
83.620000 2.085364 -0.121462 -0.405806
83.630000 2.083836 -0.184000 -0.405451
83.640000 2.081684 -0.246483 -0.405097
83.650000 2.078907 -0.308891 -0.404744
83.660000 2.075506 -0.371208 -0.404393
83.670000 2.071482 -0.433412 -0.404045
83.680000 2.066838 -0.495487 -0.403699
83.690000 2.061573 -0.557413 -0.403356
83.700000 2.055689 -0.619172 -0.403017
83.710000 2.049189 -0.680746 -0.402682
83.720000 2.042074 -0.742114 -0.402352
83.730000 2.034347 -0.803261 -0.402026
83.740000 2.026009 -0.864166 -0.401705
83.750000 2.017064 -0.924812 -0.401390
83.760000 2.007513 -0.985181 -0.401081
83.770000 1.997360 -1.045254 -0.400778
83.780000 1.986608 -1.105014 -0.400482
83.790000 1.975260 -1.164442 -0.400193
83.800000 1.963319 -1.223520 -0.399911
83.810000 1.950789 -1.282232 -0.399637
83.820000 1.937674 -1.340559 -0.399371
83.830000 1.923978 -1.398484 -0.399113
83.840000 1.909705 -1.455989 -0.398865
83.850000 1.894858 -1.513057 -0.398625
83.860000 1.879444 -1.569672 -0.398394
83.870000 1.863465 -1.625815 -0.398173
83.880000 1.846927 -1.681471 -0.397961
83.890000 1.829836 -1.736623 -0.397760
83.900000 1.812195 -1.791253 -0.397569
83.910000 1.794011 -1.845346 -0.397388
83.920000 1.775288 -1.898886 -0.397219
83.930000 1.756033 -1.951856 -0.397060
83.940000 1.736251 -2.004240 -0.396912
83.950000 1.715948 -2.056023 -0.396776
83.960000 1.695130 -2.107189 -0.396651
83.970000 1.673804 -2.157723 -0.396538
83.980000 1.651976 -2.207610 -0.396436
83.990000 1.629652 -2.256834 -0.396347
84.000000 1.606839 -2.305382 -0.396269
84.010000 1.583544 -2.353237 -0.396204
84.020000 1.559774 -2.400387 -0.396150
84.030000 1.535537 -2.446817 -0.396109
84.040000 1.510838 -2.492512 -0.396080
84.050000 1.485686 -2.537460 -0.396064
84.060000 1.460089 -2.581647 -0.396059
84.070000 1.434053 -2.625059 -0.396068
84.080000 1.407588 -2.667684 -0.396088
84.090000 1.380700 -2.709508 -0.396121
84.100000 1.353398 -2.750519 -0.396166
84.110000 1.325689 -2.790706 -0.396223
84.120000 1.297584 -2.830055 -0.396292
84.130000 1.269088 -2.868555 -0.396374
84.140000 1.240212 -2.906194 -0.396467
84.150000 1.210964 -2.942962 -0.396572
84.160000 1.181353 -2.978847 -0.396689
84.170000 1.151387 -3.013838 -0.396818
84.180000 1.121076 -3.047925 -0.396958
84.190000 1.090429 -3.081097 -0.397109
84.200000 1.059454 -3.113346 -0.397271
84.210000 1.028162 -3.144660 -0.397445
84.220000 0.996561 -3.175031 -0.397629
84.230000 0.964661 -3.204449 -0.397823
84.240000 0.932472 -3.232906 -0.398027
84.250000 0.900003 -3.260393 -0.398242
84.260000 0.867264 -3.286902 -0.398466
84.270000 0.834265 -3.312425 -0.398700
84.280000 0.801016 -3.336954 -0.398943
84.290000 0.767526 -3.360483 -0.399194
84.300000 0.733806 -3.383003 -0.399455
84.310000 0.699866 -3.404508 -0.399723
84.320000 0.665716 -3.424991 -0.400000
84.330000 0.631366 -3.444448 -0.400284
84.340000 0.596827 -3.462871 -0.400575
84.350000 0.562109 -3.480255 -0.400874
84.360000 0.527222 -3.496595 -0.401179
84.370000 0.492177 -3.511886 -0.401490
84.380000 0.456984 -3.526123 -0.401806
84.390000 0.421655 -3.539303 -0.402129
84.400000 0.386198 -3.551420 -0.402456
84.410000 0.350626 -3.562473 -0.402788
84.420000 0.314949 -3.572456 -0.403125
84.430000 0.279177 -3.581368 -0.403465
84.440000 0.243321 -3.589206 -0.403808
84.450000 0.207393 -3.595966 -0.404155
84.460000 0.171402 -3.601648 -0.404504
84.470000 0.135360 -3.606250 -0.404856
84.480000 0.099277 -3.609769 -0.405209
84.490000 0.063165 -3.612206 -0.405564
84.500000 0.027033 -3.613559 -0.405919
84.510000 -0.009107 -3.613828 -0.406275
84.520000 -0.045244 -3.613013 -0.406631
84.530000 -0.081367 -3.611113 -0.406987
84.540000 -0.117466 -3.608131 -0.407342
84.550000 -0.153529 -3.604066 -0.407696
84.560000 -0.189547 -3.598920 -0.408048
84.570000 -0.225508 -3.592694 -0.408398
84.580000 -0.261401 -3.585390 -0.408746
84.590000 -0.297216 -3.577011 -0.409091
84.600000 -0.332941 -3.567559 -0.409432
84.610000 -0.368567 -3.557036 -0.409770
84.620000 -0.404082 -3.545446 -0.410104
84.630000 -0.439476 -3.532793 -0.410433
84.640000 -0.474738 -3.519080 -0.410757
84.650000 -0.509857 -3.504311 -0.411076
84.660000 -0.544824 -3.488491 -0.411390
84.670000 -0.579627 -3.471624 -0.411697
84.680000 -0.614256 -3.453716 -0.411998
84.690000 -0.648702 -3.434771 -0.412292
84.700000 -0.682952 -3.414796 -0.412578
84.710000 -0.716997 -3.393797 -0.412858
84.720000 -0.750828 -3.371780 -0.413129
84.730000 -0.784433 -3.348751 -0.413393
84.740000 -0.817803 -3.324717 -0.413648
84.750000 -0.850927 -3.299686 -0.413894
84.760000 -0.883797 -3.273666 -0.414131
84.770000 -0.916401 -3.246663 -0.414359
84.780000 -0.948730 -3.218686 -0.414577
84.790000 -0.980774 -3.189743 -0.414785
84.800000 -1.012525 -3.159844 -0.414983
84.810000 -1.043971 -3.128996 -0.415171
84.820000 -1.075105 -3.097210 -0.415348
84.830000 -1.105915 -3.064495 -0.415515
84.840000 -1.136395 -3.030860 -0.415670
84.850000 -1.166533 -2.996316 -0.415814
84.860000 -1.196321 -2.960873 -0.415947
84.870000 -1.225750 -2.924542 -0.416068
84.880000 -1.254812 -2.887334 -0.416178
84.890000 -1.283497 -2.849259 -0.416276
84.900000 -1.311797 -2.810330 -0.416362
84.910000 -1.339703 -2.770557 -0.416435
84.920000 -1.367208 -2.729954 -0.416497
84.930000 -1.394302 -2.688531 -0.416547
84.940000 -1.420979 -2.646302 -0.416584
84.950000 -1.447229 -2.603279 -0.416609
84.960000 -1.473044 -2.559475 -0.416622
84.970000 -1.498418 -2.514903 -0.416622
84.980000 -1.523342 -2.469576 -0.416610
84.990000 -1.547810 -2.423509 -0.416586
85.000000 -1.571812 -2.376715 -0.416549
85.010000 -1.595344 -2.329207 -0.416500
85.020000 -1.618397 -2.281001 -0.416439
85.030000 -1.640964 -2.232111 -0.416366
85.040000 -1.663039 -2.182551 -0.416281
85.050000 -1.684615 -2.132336 -0.416184
85.060000 -1.705686 -2.081481 -0.416075
85.070000 -1.726245 -2.030003 -0.415955
85.080000 -1.746286 -1.977915 -0.415822
85.090000 -1.765803 -1.925233 -0.415679
85.100000 -1.784790 -1.871974 -0.415524
85.110000 -1.803242 -1.818154 -0.415359
85.120000 -1.821153 -1.763788 -0.415182
85.130000 -1.838518 -1.708893 -0.414995
85.140000 -1.855331 -1.653485 -0.414797
85.150000 -1.871588 -1.597581 -0.414590
85.160000 -1.887283 -1.541198 -0.414372
85.170000 -1.902412 -1.484353 -0.414145
85.180000 -1.916970 -1.427062 -0.413908
85.190000 -1.930953 -1.369343 -0.413663
85.200000 -1.944357 -1.311214 -0.413408
85.210000 -1.957177 -1.252691 -0.413145
85.220000 -1.969411 -1.193792 -0.412874
85.230000 -1.981053 -1.134535 -0.412595
85.240000 -1.992101 -1.074938 -0.412309
85.250000 -2.002552 -1.015018 -0.412015
85.260000 -2.012402 -0.954793 -0.411715
85.270000 -2.021648 -0.894283 -0.411408
85.280000 -2.030287 -0.833504 -0.411095
85.290000 -2.038318 -0.772475 -0.410777
85.300000 -2.045737 -0.711214 -0.410453
85.310000 -2.052542 -0.649740 -0.410124
85.320000 -2.058732 -0.588070 -0.409790
85.330000 -2.064303 -0.526225 -0.409453
85.340000 -2.069256 -0.464222 -0.409111
85.350000 -2.073588 -0.402079 -0.408767
85.360000 -2.077298 -0.339816 -0.408419
85.370000 -2.080384 -0.277450 -0.408069
85.380000 -2.082847 -0.215002 -0.407717
85.390000 -2.084684 -0.152489 -0.407363
85.400000 -2.085896 -0.089930 -0.407009
85.410000 -2.086483 -0.027345 -0.406653
85.420000 -2.086443 0.035249 -0.406297
85.430000 -2.085778 0.097833 -0.405941
85.440000 -2.084487 0.160387 -0.405585
85.450000 -2.082570 0.222892 -0.405230
85.460000 -2.080029 0.285331 -0.404877
85.470000 -2.076863 0.347685 -0.404525
85.480000 -2.073075 0.409934 -0.404176
85.490000 -2.068665 0.472060 -0.403829
85.500000 -2.063634 0.534044 -0.403485
85.510000 -2.057984 0.595869 -0.403145
85.520000 -2.051717 0.657514 -0.402808
85.530000 -2.044834 0.718962 -0.402476
85.540000 -2.037337 0.780195 -0.402148
85.550000 -2.029230 0.841194 -0.401826
85.560000 -2.020513 0.901940 -0.401508
85.570000 -2.011191 0.962415 -0.401197
85.580000 -2.001265 1.022602 -0.400892
85.590000 -1.990739 1.082482 -0.400593
85.600000 -1.979615 1.142037 -0.400301
85.610000 -1.967898 1.201250 -0.400017
85.620000 -1.955590 1.260103 -0.399740
85.630000 -1.942696 1.318577 -0.399471
85.640000 -1.929219 1.376656 -0.399210
85.650000 -1.915163 1.434321 -0.398958
85.660000 -1.900532 1.491557 -0.398714
85.670000 -1.885332 1.548345 -0.398480
85.680000 -1.869566 1.604668 -0.398255
85.690000 -1.853238 1.660510 -0.398040
85.700000 -1.836355 1.715854 -0.397835
85.710000 -1.818921 1.770683 -0.397640
85.720000 -1.800942 1.824981 -0.397455
85.730000 -1.782422 1.878732 -0.397282
85.740000 -1.763367 1.931918 -0.397119
85.750000 -1.743783 1.984526 -0.396967
85.760000 -1.723677 2.036538 -0.396826
85.770000 -1.703053 2.087939 -0.396697
85.780000 -1.681918 2.138713 -0.396579
85.790000 -1.660278 2.188846 -0.396473
85.800000 -1.638141 2.238322 -0.396379
85.810000 -1.615512 2.287127 -0.396297
85.820000 -1.592398 2.335246 -0.396227
85.830000 -1.568807 2.382664 -0.396169
85.840000 -1.544745 2.429367 -0.396123
85.850000 -1.520220 2.475342 -0.396090
85.860000 -1.495238 2.520574 -0.396068
85.870000 -1.469808 2.565049 -0.396060
85.880000 -1.443937 2.608755 -0.396063
85.890000 -1.417633 2.651679 -0.396079
85.900000 -1.390904 2.693807 -0.396107
85.910000 -1.363757 2.735127 -0.396147
85.920000 -1.336201 2.775626 -0.396200
85.930000 -1.308244 2.815293 -0.396265
85.940000 -1.279895 2.854115 -0.396342
85.950000 -1.251162 2.892081 -0.396431
85.960000 -1.222054 2.929179 -0.396531
85.970000 -1.192579 2.965399 -0.396644
85.980000 -1.162746 3.000729 -0.396768
85.990000 -1.132564 3.035158 -0.396904
86.000000 -1.102043 3.068677 -0.397051
86.010000 -1.071190 3.101276 -0.397209
86.020000 -1.040017 3.132944 -0.397378
86.030000 -1.008532 3.163672 -0.397558
86.040000 -0.976744 3.193451 -0.397748
86.050000 -0.944663 3.222272 -0.397949
86.060000 -0.912298 3.250127 -0.398160
86.070000 -0.879660 3.277006 -0.398380
86.080000 -0.846758 3.302902 -0.398610
86.090000 -0.813602 3.327808 -0.398850
86.100000 -0.780202 3.351715 -0.399098
86.110000 -0.746568 3.374616 -0.399355
86.120000 -0.712710 3.396506 -0.399621
86.130000 -0.678638 3.417376 -0.399894
86.140000 -0.644362 3.437221 -0.400176
86.150000 -0.609893 3.456035 -0.400464
86.160000 -0.575241 3.473812 -0.400760
86.170000 -0.540417 3.490546 -0.401063
86.180000 -0.505430 3.506234 -0.401371
86.190000 -0.470292 3.520870 -0.401686
86.200000 -0.435013 3.534450 -0.402006
86.210000 -0.399603 3.546969 -0.402332
86.220000 -0.364074 3.558424 -0.402662
86.230000 -0.328435 3.568812 -0.402997
86.240000 -0.292697 3.578129 -0.403336
86.250000 -0.256872 3.586372 -0.403678
86.260000 -0.220970 3.593540 -0.404024
86.270000 -0.185001 3.599629 -0.404372
86.280000 -0.148977 3.604639 -0.404723
86.290000 -0.112909 3.608567 -0.405075
86.300000 -0.076806 3.611413 -0.405430
86.310000 -0.040680 3.613175 -0.405785
86.320000 -0.004542 3.613854 -0.406141
86.330000 0.031597 3.613448 -0.406497
86.340000 0.067726 3.611958 -0.406853
86.350000 0.103836 3.609385 -0.407208
86.360000 0.139914 3.605728 -0.407563
86.370000 0.175950 3.600990 -0.407915
86.380000 0.211934 3.595172 -0.408266
86.390000 0.247854 3.588275 -0.408615
86.400000 0.283699 3.580302 -0.408961
86.410000 0.319460 3.571255 -0.409304
86.420000 0.355125 3.561136 -0.409643
86.430000 0.390683 3.549949 -0.409978
86.440000 0.426124 3.537697 -0.410309
86.450000 0.461437 3.524383 -0.410635
86.460000 0.496611 3.510012 -0.410956
86.470000 0.531637 3.494589 -0.411272
86.480000 0.566503 3.478117 -0.411581
86.490000 0.601199 3.460601 -0.411885
86.500000 0.635715 3.442047 -0.412181
86.510000 0.670040 3.422461 -0.412471
86.520000 0.704164 3.401848 -0.412753
86.530000 0.738077 3.380214 -0.413028
86.540000 0.771769 3.357567 -0.413294
86.550000 0.805228 3.333912 -0.413552
86.560000 0.838447 3.309257 -0.413802
86.570000 0.871414 3.283609 -0.414043
86.580000 0.904119 3.256976 -0.414274
86.590000 0.936553 3.229366 -0.414496
86.600000 0.968706 3.200787 -0.414708
86.610000 1.000569 3.171248 -0.414910
86.620000 1.032131 3.140757 -0.415101
86.630000 1.063384 3.109324 -0.415283
86.640000 1.094318 3.076959 -0.415453
86.650000 1.124923 3.043670 -0.415613
86.660000 1.155191 3.009469 -0.415761
86.670000 1.185112 2.974364 -0.415898
86.680000 1.214678 2.938367 -0.416024
86.690000 1.243880 2.901489 -0.416138
86.700000 1.272708 2.863740 -0.416240
86.710000 1.301155 2.825132 -0.416331
86.720000 1.329211 2.785677 -0.416409
86.730000 1.356868 2.745385 -0.416475
86.740000 1.384118 2.704271 -0.416529
86.750000 1.410954 2.662344 -0.416571
86.760000 1.437365 2.619620 -0.416601
86.770000 1.463346 2.576109 -0.416618
86.780000 1.488888 2.531826 -0.416623
86.790000 1.513982 2.486782 -0.416616
86.800000 1.538623 2.440993 -0.416596
86.810000 1.562802 2.394472 -0.416565
86.820000 1.586513 2.347232 -0.416520
86.830000 1.609747 2.299288 -0.416464
86.840000 1.632498 2.250655 -0.416395
86.850000 1.654760 2.201346 -0.416315
86.860000 1.676525 2.151377 -0.416222
86.870000 1.697788 2.100762 -0.416118
86.880000 1.718541 2.049517 -0.416001
86.890000 1.738778 1.997657 -0.415874
86.900000 1.758494 1.945198 -0.415734
86.910000 1.777682 1.892155 -0.415584
86.920000 1.796337 1.838545 -0.415422
86.930000 1.814453 1.784383 -0.415250
86.940000 1.832024 1.729686 -0.415067
86.950000 1.849047 1.674470 -0.414873
86.960000 1.865514 1.618752 -0.414669
86.970000 1.881422 1.562548 -0.414455
86.980000 1.896765 1.505875 -0.414232
86.990000 1.911539 1.448750 -0.413999
87.000000 1.925740 1.391191 -0.413756
87.010000 1.939363 1.333215 -0.413505
87.020000 1.952404 1.274838 -0.413246
87.030000 1.964860 1.216079 -0.412978
87.040000 1.976726 1.156955 -0.412702
87.050000 1.987999 1.097484 -0.412418
87.060000 1.998675 1.037684 -0.412127
87.070000 2.008752 0.977573 -0.411829
87.080000 2.018227 0.917168 -0.411525
87.090000 2.027096 0.856488 -0.411214
87.100000 2.035357 0.795552 -0.410898
87.110000 2.043007 0.734376 -0.410576
87.120000 2.050044 0.672980 -0.410248
87.130000 2.056466 0.611383 -0.409917
87.140000 2.062272 0.549602 -0.409581
87.150000 2.067458 0.487656 -0.409241
87.160000 2.072025 0.425563 -0.408897
87.170000 2.075970 0.363344 -0.408551
87.180000 2.079292 0.301015 -0.408202
87.190000 2.081990 0.238595 -0.407850
87.200000 2.084064 0.176105 -0.407497
87.210000 2.085512 0.113561 -0.407143
87.220000 2.086335 0.050983 -0.406787
87.230000 2.086532 -0.011610 -0.406431
87.240000 2.086103 -0.074199 -0.406075
87.250000 2.085048 -0.136767 -0.405719
87.260000 2.083367 -0.199293 -0.405364
87.270000 2.081062 -0.261759 -0.405010
87.280000 2.078132 -0.324147 -0.404658
87.290000 2.074579 -0.386438 -0.404308
87.300000 2.070403 -0.448613 -0.403960
87.310000 2.065607 -0.510653 -0.403615
87.320000 2.060190 -0.572540 -0.403273
87.330000 2.054156 -0.634255 -0.402935
87.340000 2.047505 -0.695780 -0.402601
87.350000 2.040240 -0.757096 -0.402271
87.360000 2.032363 -0.818185 -0.401947
87.370000 2.023877 -0.879029 -0.401628
87.380000 2.014783 -0.939608 -0.401314
87.390000 2.005085 -0.999906 -0.401006
87.400000 1.994785 -1.059905 -0.400705
87.410000 1.983886 -1.119585 -0.400411
87.420000 1.972393 -1.178929 -0.400123
87.430000 1.960308 -1.237919 -0.399843
87.440000 1.947635 -1.296538 -0.399571
87.450000 1.934377 -1.354769 -0.399307
87.460000 1.920539 -1.412592 -0.399052
87.470000 1.906125 -1.469992 -0.398805
87.480000 1.891139 -1.526951 -0.398567
87.490000 1.875586 -1.583452 -0.398339
87.500000 1.859470 -1.639478 -0.398120
87.510000 1.842797 -1.695012 -0.397911
87.520000 1.825570 -1.750038 -0.397712
87.530000 1.807796 -1.804538 -0.397524
87.540000 1.789479 -1.858497 -0.397346
87.550000 1.770626 -1.911899 -0.397179
87.560000 1.751241 -1.964727 -0.397023
87.570000 1.731331 -2.016965 -0.396878
87.580000 1.710902 -2.068599 -0.396744
87.590000 1.689959 -2.119612 -0.396622
87.600000 1.668510 -2.169989 -0.396512
87.610000 1.646560 -2.219715 -0.396413
87.620000 1.624116 -2.268775 -0.396327
87.630000 1.601184 -2.317154 -0.396252
87.640000 1.577772 -2.364839 -0.396189
87.650000 1.553887 -2.411814 -0.396139
87.660000 1.529536 -2.458065 -0.396101
87.670000 1.504726 -2.503579 -0.396075
87.680000 1.479465 -2.548342 -0.396061
87.690000 1.453759 -2.592340 -0.396060
87.700000 1.427618 -2.635561 -0.396071
87.710000 1.401048 -2.677991 -0.396095
87.720000 1.374058 -2.719617 -0.396131
87.730000 1.346656 -2.760428 -0.396179
87.740000 1.318849 -2.800411 -0.396239
87.750000 1.290647 -2.839553 -0.396311
87.760000 1.262058 -2.877844 -0.396396
87.770000 1.233091 -2.915271 -0.396492
87.780000 1.203753 -2.951824 -0.396600
87.790000 1.174054 -2.987491 -0.396720
87.800000 1.144003 -3.022262 -0.396851
87.810000 1.113609 -3.056126 -0.396994
87.820000 1.082881 -3.089073 -0.397148
87.830000 1.051827 -3.121094 -0.397313
87.840000 1.020459 -3.152178 -0.397489
87.850000 0.988784 -3.182317 -0.397675
87.860000 0.956812 -3.211501 -0.397872
87.870000 0.924554 -3.239721 -0.398079
87.880000 0.892018 -3.266970 -0.398296
87.890000 0.859214 -3.293238 -0.398522
87.900000 0.826153 -3.318519 -0.398758
87.910000 0.792844 -3.342804 -0.399003
87.920000 0.759297 -3.366086 -0.399257
87.930000 0.725522 -3.388358 -0.399520
87.940000 0.691530 -3.409614 -0.399790
87.950000 0.657330 -3.429847 -0.400069
87.960000 0.622933 -3.449051 -0.400355
87.970000 0.588349 -3.467220 -0.400648
87.980000 0.553589 -3.484349 -0.400948
87.990000 0.518662 -3.500433 -0.401254
88.000000 0.483580 -3.515466 -0.401567
88.010000 0.448353 -3.529445 -0.401885
88.020000 0.412991 -3.542366 -0.402208
88.030000 0.377505 -3.554223 -0.402537
88.040000 0.341907 -3.565014 -0.402870
88.050000 0.306205 -3.574736 -0.403207
88.060000 0.270412 -3.583385 -0.403548
88.070000 0.234537 -3.590959 -0.403893
88.080000 0.198593 -3.597456 -0.404240
88.090000 0.162588 -3.602874 -0.404590
88.100000 0.126535 -3.607211 -0.404942
88.110000 0.090444 -3.610466 -0.405296
88.120000 0.054326 -3.612637 -0.405651
88.130000 0.018191 -3.613725 -0.406006
88.140000 -0.017949 -3.613728 -0.406362
88.150000 -0.054083 -3.612648 -0.406719
88.160000 -0.090202 -3.610484 -0.407074
88.170000 -0.126293 -3.607236 -0.407429
88.180000 -0.162346 -3.602907 -0.407782
88.190000 -0.198351 -3.597496 -0.408134
88.200000 -0.234296 -3.591007 -0.408484
88.210000 -0.270171 -3.583440 -0.408831
88.220000 -0.305965 -3.574798 -0.409175
88.230000 -0.341667 -3.565083 -0.409515
88.240000 -0.377267 -3.554299 -0.409852
88.250000 -0.412753 -3.542449 -0.410185
88.260000 -0.448116 -3.529536 -0.410513
88.270000 -0.483344 -3.515564 -0.410836
88.280000 -0.518427 -3.500537 -0.411153
88.290000 -0.553355 -3.484461 -0.411465
88.300000 -0.588116 -3.467338 -0.411771
88.310000 -0.622701 -3.449176 -0.412070
88.320000 -0.657100 -3.429979 -0.412362
88.330000 -0.691301 -3.409753 -0.412647
88.340000 -0.725295 -3.388504 -0.412925
88.350000 -0.759071 -3.366239 -0.413195
88.360000 -0.792619 -3.342963 -0.413456
88.370000 -0.825930 -3.318685 -0.413709
88.380000 -0.858993 -3.293411 -0.413953
88.390000 -0.891798 -3.267149 -0.414188
88.400000 -0.924336 -3.239907 -0.414413
88.410000 -0.956597 -3.211693 -0.414629
88.420000 -0.988570 -3.182516 -0.414835
88.430000 -1.020247 -3.152384 -0.415030
88.440000 -1.051618 -3.121306 -0.415215
88.450000 -1.082673 -3.089291 -0.415390
88.460000 -1.113404 -3.056350 -0.415554
88.470000 -1.143800 -3.022492 -0.415706
88.480000 -1.173853 -2.987727 -0.415848
88.490000 -1.203555 -2.952066 -0.415978
88.500000 -1.232895 -2.915519 -0.416096
88.510000 -1.261865 -2.878098 -0.416203
88.520000 -1.290457 -2.839813 -0.416298
88.530000 -1.318661 -2.800677 -0.416381
88.540000 -1.346470 -2.760700 -0.416452
88.550000 -1.373875 -2.719894 -0.416510
88.560000 -1.400868 -2.678273 -0.416557
88.570000 -1.427441 -2.635849 -0.416591
88.580000 -1.453585 -2.592633 -0.416613
88.590000 -1.479293 -2.548640 -0.416623
88.600000 -1.504558 -2.503882 -0.416620
88.610000 -1.529371 -2.458373 -0.416605
88.620000 -1.553725 -2.412127 -0.416578
88.630000 -1.577614 -2.365157 -0.416538
88.640000 -1.601028 -2.317477 -0.416487
88.650000 -1.623963 -2.269102 -0.416423
88.660000 -1.646411 -2.220047 -0.416347
88.670000 -1.668364 -2.170325 -0.416258
88.680000 -1.689817 -2.119952 -0.416158
88.690000 -1.710763 -2.068944 -0.416047
88.700000 -1.731196 -2.017314 -0.415923
88.710000 -1.751109 -1.965080 -0.415788
88.720000 -1.770497 -1.912256 -0.415642
88.730000 -1.789354 -1.858858 -0.415485
88.740000 -1.807675 -1.804902 -0.415316
88.750000 -1.825453 -1.750405 -0.415137
88.760000 -1.842683 -1.695383 -0.414947
88.770000 -1.859360 -1.639853 -0.414747
88.780000 -1.875480 -1.583830 -0.414537
88.790000 -1.891037 -1.527332 -0.414317
88.800000 -1.906026 -1.470376 -0.414088
88.810000 -1.920444 -1.412979 -0.413849
88.820000 -1.934286 -1.355158 -0.413601
88.830000 -1.947547 -1.296931 -0.413345
88.840000 -1.960225 -1.238314 -0.413080
88.850000 -1.972314 -1.179326 -0.412807
88.860000 -1.983811 -1.119984 -0.412526
88.870000 -1.994713 -1.060307 -0.412238
88.880000 -2.005017 -1.000311 -0.411942
88.890000 -2.014720 -0.940015 -0.411640
88.900000 -2.023818 -0.879436 -0.411332
88.910000 -2.032308 -0.818595 -0.411018
88.920000 -2.040189 -0.757507 -0.410698
88.930000 -2.047459 -0.696192 -0.410373
88.940000 -2.054113 -0.634669 -0.410043
88.950000 -2.060152 -0.572955 -0.409708
88.960000 -2.065572 -0.511069 -0.409370
88.970000 -2.070373 -0.449030 -0.409027
88.980000 -2.074553 -0.386856 -0.408682
88.990000 -2.078110 -0.324566 -0.408334
89.000000 -2.081044 -0.262179 -0.407983
89.010000 -2.083354 -0.199713 -0.407631
89.020000 -2.085039 -0.137187 -0.407277
89.030000 -2.086098 -0.074620 -0.406922
89.040000 -2.086531 -0.012030 -0.406566
89.050000 -2.086338 0.050563 -0.406209
89.060000 -2.085520 0.113141 -0.405853
89.070000 -2.084076 0.175685 -0.405498
89.080000 -2.082006 0.238176 -0.405144
89.090000 -2.079312 0.300596 -0.404791
89.100000 -2.075994 0.362925 -0.404440
89.110000 -2.072053 0.425146 -0.404091
89.120000 -2.067491 0.487239 -0.403745
89.130000 -2.062309 0.549186 -0.403402
89.140000 -2.056508 0.610968 -0.403062
89.150000 -2.050089 0.672567 -0.402727
89.160000 -2.043056 0.733964 -0.402395
89.170000 -2.035410 0.795141 -0.402069
89.180000 -2.027153 0.856080 -0.401747
89.190000 -2.018288 0.916761 -0.401432
89.200000 -2.008818 0.977168 -0.401122
89.210000 -1.998745 1.037282 -0.400818
89.220000 -1.988072 1.097084 -0.400521
89.230000 -1.976803 1.156557 -0.400231
89.240000 -1.964941 1.215683 -0.399948
89.250000 -1.952490 1.274445 -0.399673
89.260000 -1.939452 1.332824 -0.399406
89.270000 -1.925833 1.390803 -0.399147
89.280000 -1.911636 1.448365 -0.398897
89.290000 -1.896866 1.505493 -0.398656
89.300000 -1.881527 1.562168 -0.398424
89.310000 -1.865623 1.618376 -0.398202
89.320000 -1.849159 1.674097 -0.397989
89.330000 -1.832141 1.729317 -0.397786
89.340000 -1.814573 1.784018 -0.397594
89.350000 -1.796460 1.838183 -0.397412
89.360000 -1.777809 1.891797 -0.397241
89.370000 -1.758624 1.944844 -0.397080
89.380000 -1.738912 1.997307 -0.396931
89.390000 -1.718678 2.049171 -0.396793
89.400000 -1.697929 2.100420 -0.396667
89.410000 -1.676670 2.151039 -0.396552
89.420000 -1.654908 2.201012 -0.396449
89.430000 -1.632650 2.250326 -0.396358
89.440000 -1.609901 2.298964 -0.396279
89.450000 -1.586670 2.346912 -0.396212
89.460000 -1.562963 2.394157 -0.396157
89.470000 -1.538787 2.440683 -0.396114
89.480000 -1.514150 2.486477 -0.396083
89.490000 -1.489058 2.531525 -0.396065
89.500000 -1.463519 2.575814 -0.396059
89.510000 -1.437541 2.619330 -0.396066
89.520000 -1.411132 2.662060 -0.396085
89.530000 -1.384300 2.703992 -0.396116
89.540000 -1.357053 2.745112 -0.396159
89.550000 -1.329398 2.785409 -0.396215
89.560000 -1.301344 2.824870 -0.396282
89.570000 -1.272901 2.863483 -0.396362
89.580000 -1.244075 2.901238 -0.396454
89.590000 -1.214876 2.938122 -0.396558
89.600000 -1.185312 2.974125 -0.396673
89.610000 -1.155393 3.009236 -0.396800
89.620000 -1.125128 3.043444 -0.396939
89.630000 -1.094524 3.076738 -0.397088
89.640000 -1.063593 3.109110 -0.397249
89.650000 -1.032342 3.140549 -0.397421
89.660000 -1.000782 3.171046 -0.397603
89.670000 -0.968921 3.200592 -0.397796
89.680000 -0.936770 3.229177 -0.398000
89.690000 -0.904338 3.256793 -0.398213
89.700000 -0.871634 3.283433 -0.398436
89.710000 -0.838669 3.309088 -0.398668
89.720000 -0.805452 3.333749 -0.398910
89.730000 -0.771994 3.357411 -0.399160
89.740000 -0.738304 3.380066 -0.399420
89.750000 -0.704393 3.401706 -0.399687
89.760000 -0.670270 3.422326 -0.399963
89.770000 -0.635946 3.441919 -0.400246
89.780000 -0.601432 3.460480 -0.400536
89.790000 -0.566737 3.478002 -0.400834
89.800000 -0.531872 3.494482 -0.401138
89.810000 -0.496847 3.509912 -0.401448
89.820000 -0.461673 3.524290 -0.401764
89.830000 -0.426361 3.537611 -0.402086
89.840000 -0.390921 3.549870 -0.402412
89.850000 -0.355364 3.561064 -0.402744
89.860000 -0.319700 3.571190 -0.403080
89.870000 -0.283940 3.580245 -0.403419
89.880000 -0.248095 3.588225 -0.403762
89.890000 -0.212176 3.595129 -0.404109
89.900000 -0.176192 3.600955 -0.404458
89.910000 -0.140156 3.605700 -0.404809
89.920000 -0.104078 3.609364 -0.405162
89.930000 -0.067969 3.611944 -0.405516
89.940000 -0.031840 3.613441 -0.405872
89.950000 0.004300 3.613855 -0.406228
89.960000 0.040438 3.613183 -0.406584
89.970000 0.076563 3.611428 -0.406940
89.980000 0.112666 3.608590 -0.407295
89.990000 0.148735 3.604669 -0.407649
90.000000 0.184760 3.599667 -0.408002
90.010000 0.220728 3.593584 -0.408352
90.020000 0.256631 3.586424 -0.408700
90.030000 0.292457 3.578188 -0.409045
90.040000 0.328195 3.568878 -0.409387
90.050000 0.363835 3.558497 -0.409726
90.060000 0.399365 3.547049 -0.410060
90.070000 0.434776 3.534537 -0.410390
90.080000 0.470056 3.520965 -0.410714
90.090000 0.505195 3.506336 -0.411034
90.100000 0.540182 3.490655 -0.411348
90.110000 0.575008 3.473927 -0.411656
90.120000 0.609661 3.456157 -0.411958
90.130000 0.644131 3.437351 -0.412253
90.140000 0.678408 3.417512 -0.412541
90.150000 0.712481 3.396649 -0.412821
90.160000 0.746341 3.374767 -0.413094
90.170000 0.779977 3.351872 -0.413358
90.180000 0.813378 3.327972 -0.413614
90.190000 0.846536 3.303073 -0.413862
90.200000 0.879440 3.277183 -0.414100
90.210000 0.912080 3.250311 -0.414329
90.220000 0.944446 3.222463 -0.414548
90.230000 0.976529 3.193648 -0.414758
90.240000 1.008319 3.163875 -0.414958
90.250000 1.039807 3.133153 -0.415147
90.260000 1.070982 3.101492 -0.415325
90.270000 1.101836 3.068899 -0.415493
90.280000 1.132360 3.035386 -0.415650
90.290000 1.162544 3.000963 -0.415796
90.300000 1.192379 2.965639 -0.415930
90.310000 1.221857 2.929425 -0.416053
90.320000 1.250968 2.892333 -0.416164
90.330000 1.279704 2.854373 -0.416263
90.340000 1.308055 2.815557 -0.416351
90.350000 1.336015 2.775896 -0.416426
90.360000 1.363573 2.735402 -0.416490
90.370000 1.390723 2.694087 -0.416541
90.380000 1.417455 2.651965 -0.416580
90.390000 1.443762 2.609046 -0.416606
90.400000 1.469636 2.565345 -0.416621
90.410000 1.495069 2.520875 -0.416623
90.420000 1.520053 2.475648 -0.416612
90.430000 1.544582 2.429679 -0.416590
90.440000 1.568647 2.382980 -0.416555
90.450000 1.592241 2.335567 -0.416508
90.460000 1.615358 2.287453 -0.416448
90.470000 1.637990 2.238653 -0.416377
90.480000 1.660131 2.189181 -0.416293
90.490000 1.681774 2.139052 -0.416198
90.500000 1.702912 2.088282 -0.416090
90.510000 1.723540 2.036885 -0.415971
90.520000 1.743650 1.984877 -0.415841
90.530000 1.763237 1.932274 -0.415699
90.540000 1.782296 1.879091 -0.415545
90.550000 1.800819 1.825344 -0.415381
90.560000 1.818802 1.771050 -0.415206
90.570000 1.836240 1.716224 -0.415020
90.580000 1.853127 1.660884 -0.414824
90.590000 1.869458 1.605045 -0.414618
90.600000 1.885228 1.548725 -0.414402
90.610000 1.900432 1.491940 -0.414176
90.620000 1.915067 1.434707 -0.413940
90.630000 1.929126 1.377044 -0.413696
90.640000 1.942607 1.318968 -0.413443
90.650000 1.955506 1.260497 -0.413181
90.660000 1.967817 1.201647 -0.412911
90.670000 1.979539 1.142436 -0.412633
90.680000 1.990666 1.082883 -0.412347
90.690000 2.001196 1.023005 -0.412055
90.700000 2.011126 0.962821 -0.411755
90.710000 2.020453 0.902347 -0.411449
90.720000 2.029173 0.841603 -0.411137
90.730000 2.037285 0.780606 -0.410819
90.740000 2.044785 0.719375 -0.410496
90.750000 2.051672 0.657928 -0.410168
90.760000 2.057944 0.596284 -0.409835
90.770000 2.063598 0.534460 -0.409498
90.780000 2.068633 0.472477 -0.409157
90.790000 2.073048 0.410352 -0.408813
90.800000 2.076840 0.348103 -0.408466
90.810000 2.080010 0.285751 -0.408116
90.820000 2.082555 0.223312 -0.407764
90.830000 2.084476 0.160807 -0.407411
90.840000 2.085771 0.098253 -0.407056
90.850000 2.086441 0.035670 -0.406700
90.860000 2.086485 -0.026924 -0.406344
90.870000 2.085902 -0.089510 -0.405988
90.880000 2.084694 -0.152069 -0.405632
90.890000 2.082861 -0.214582 -0.405277
90.900000 2.080403 -0.277031 -0.404924
90.910000 2.077320 -0.339397 -0.404572
90.920000 2.073615 -0.401661 -0.404222
90.930000 2.069287 -0.463805 -0.403875
90.940000 2.064339 -0.525809 -0.403531
90.950000 2.058771 -0.587656 -0.403190
90.960000 2.052586 -0.649326 -0.402853
90.970000 2.045785 -0.710801 -0.402520
90.980000 2.038370 -0.772064 -0.402192
90.990000 2.030343 -0.833094 -0.401868
91.000000 2.021708 -0.893875 -0.401550
91.010000 2.012466 -0.954388 -0.401238
91.020000 2.002620 -1.014614 -0.400932
91.030000 1.992173 -1.074536 -0.400632
91.040000 1.981129 -1.134136 -0.400340
91.050000 1.969491 -1.193395 -0.400054
91.060000 1.957261 -1.252296 -0.399776
91.070000 1.944445 -1.310822 -0.399506
91.080000 1.931045 -1.368954 -0.399244
91.090000 1.917066 -1.426676 -0.398991
91.100000 1.902511 -1.483969 -0.398746
91.110000 1.887386 -1.540818 -0.398511
91.120000 1.871695 -1.597204 -0.398284
91.130000 1.855442 -1.653111 -0.398068
91.140000 1.838633 -1.708522 -0.397862
91.150000 1.821272 -1.763421 -0.397665
91.160000 1.803364 -1.817790 -0.397479
91.170000 1.784916 -1.871615 -0.397304
91.180000 1.765932 -1.924877 -0.397140
91.190000 1.746418 -1.977563 -0.396986
91.200000 1.726381 -2.029655 -0.396844
91.210000 1.705825 -2.081138 -0.396713
91.220000 1.684758 -2.131996 -0.396594
91.230000 1.663185 -2.182216 -0.396487
91.240000 1.641114 -2.231780 -0.396391
91.250000 1.618550 -2.280675 -0.396307
91.260000 1.595500 -2.328886 -0.396235
91.270000 1.571972 -2.376398 -0.396176
91.280000 1.547972 -2.423197 -0.396128
91.290000 1.523508 -2.469269 -0.396093
91.300000 1.498587 -2.514601 -0.396071
91.310000 1.473216 -2.559178 -0.396060
91.320000 1.447403 -2.602987 -0.396062
91.330000 1.421156 -2.646015 -0.396076
91.340000 1.394483 -2.688250 -0.396103
91.350000 1.367391 -2.729678 -0.396141
91.360000 1.339890 -2.770287 -0.396192
91.370000 1.311986 -2.810065 -0.396255
91.380000 1.283688 -2.849001 -0.396331
91.390000 1.255006 -2.887081 -0.396418
91.400000 1.225947 -2.924295 -0.396517
91.410000 1.196520 -2.960632 -0.396628
91.420000 1.166734 -2.996081 -0.396751
91.430000 1.136598 -3.030631 -0.396885
91.440000 1.106121 -3.064272 -0.397031
91.450000 1.075313 -3.096993 -0.397187
91.460000 1.044181 -3.128786 -0.397355
91.470000 1.012737 -3.159640 -0.397533
91.480000 0.980989 -3.189545 -0.397722
91.490000 0.948946 -3.218494 -0.397922
91.500000 0.916619 -3.246478 -0.398131
91.510000 0.884017 -3.273487 -0.398350
91.520000 0.851149 -3.299515 -0.398579
91.530000 0.818026 -3.324553 -0.398818
91.540000 0.784658 -3.348593 -0.399065
91.550000 0.751054 -3.371629 -0.399321
91.560000 0.717225 -3.393653 -0.399585
91.570000 0.683181 -3.414659 -0.399858
91.580000 0.648932 -3.434641 -0.400138
91.590000 0.614489 -3.453592 -0.400426
91.600000 0.579860 -3.471507 -0.400720
91.610000 0.545058 -3.488381 -0.401022
91.620000 0.510093 -3.504208 -0.401330
91.630000 0.474974 -3.518984 -0.401644
91.640000 0.439713 -3.532704 -0.401964
91.650000 0.404320 -3.545365 -0.402288
91.660000 0.368806 -3.556962 -0.402618
91.670000 0.333181 -3.567492 -0.402952
91.680000 0.297456 -3.576951 -0.403291
91.690000 0.261642 -3.585338 -0.403632
91.700000 0.225749 -3.592649 -0.403978
91.710000 0.189789 -3.598882 -0.404326
91.720000 0.153772 -3.604035 -0.404676
91.730000 0.117708 -3.608107 -0.405028
91.740000 0.081609 -3.611097 -0.405382
91.750000 0.045486 -3.613003 -0.405738
91.760000 0.009349 -3.613826 -0.406093
91.770000 -0.026790 -3.613564 -0.406450
91.780000 -0.062922 -3.612219 -0.406806
91.790000 -0.099035 -3.609789 -0.407161
91.800000 -0.135118 -3.606277 -0.407516
91.810000 -0.171160 -3.601683 -0.407869
91.820000 -0.207151 -3.596008 -0.408220
91.830000 -0.243080 -3.589255 -0.408569
91.840000 -0.278936 -3.581424 -0.408915
91.850000 -0.314709 -3.572520 -0.409258
91.860000 -0.350387 -3.562543 -0.409598
91.870000 -0.385960 -3.551498 -0.409934
91.880000 -0.421417 -3.539387 -0.410266
91.890000 -0.456747 -3.526215 -0.410592
91.900000 -0.491941 -3.511985 -0.410914
91.910000 -0.526987 -3.496701 -0.411230
91.920000 -0.561875 -3.480368 -0.411541
91.930000 -0.596594 -3.462991 -0.411845
91.940000 -0.631135 -3.444575 -0.412142
91.950000 -0.665486 -3.425126 -0.412433
91.960000 -0.699637 -3.404649 -0.412716
91.970000 -0.733579 -3.383150 -0.412992
91.980000 -0.767300 -3.360637 -0.413259
91.990000 -0.800792 -3.337116 -0.413519
92.000000 -0.834043 -3.312593 -0.413769
92.010000 -0.867044 -3.287077 -0.414011
92.020000 -0.899784 -3.260575 -0.414244
92.030000 -0.932255 -3.233094 -0.414467
92.040000 -0.964446 -3.204644 -0.414680
92.050000 -0.996348 -3.175232 -0.414883
92.060000 -1.027951 -3.144867 -0.415077
92.070000 -1.059245 -3.113559 -0.415259
92.080000 -1.090222 -3.081317 -0.415431
92.090000 -1.120872 -3.048151 -0.415592
92.100000 -1.151185 -3.014070 -0.415742
92.110000 -1.181153 -2.979085 -0.415881
92.120000 -1.210767 -2.943206 -0.416008
92.130000 -1.240017 -2.906444 -0.416123
92.140000 -1.268896 -2.868811 -0.416227
92.150000 -1.297393 -2.830316 -0.416319
92.160000 -1.325502 -2.790973 -0.416399
92.170000 -1.353213 -2.750792 -0.416467
92.180000 -1.380518 -2.709786 -0.416523
92.190000 -1.407409 -2.667967 -0.416566
92.200000 -1.433877 -2.625348 -0.416598
92.210000 -1.459915 -2.581941 -0.416617
92.220000 -1.485516 -2.537760 -0.416623
92.230000 -1.510671 -2.492817 -0.416618
92.240000 -1.535372 -2.447126 -0.416600
92.250000 -1.559613 -2.400701 -0.416569
92.260000 -1.583386 -2.353556 -0.416527
92.270000 -1.606684 -2.305705 -0.416472
92.280000 -1.629500 -2.257163 -0.416405
92.290000 -1.651828 -2.207943 -0.416326
92.300000 -1.673659 -2.158060 -0.416235
92.310000 -1.694989 -2.107531 -0.416132
92.320000 -1.715810 -2.056369 -0.416018
92.330000 -1.736116 -2.004590 -0.415891
92.340000 -1.755902 -1.952210 -0.415754
92.350000 -1.775160 -1.899244 -0.415605
92.360000 -1.793887 -1.845708 -0.415445
92.370000 -1.812075 -1.791618 -0.415273
92.380000 -1.829719 -1.736992 -0.415092
92.390000 -1.846814 -1.681844 -0.414899
92.400000 -1.863356 -1.626191 -0.414697
92.410000 -1.879338 -1.570051 -0.414484
92.420000 -1.894757 -1.513439 -0.414262
92.430000 -1.909607 -1.456374 -0.414030
92.440000 -1.923884 -1.398871 -0.413789
92.450000 -1.937584 -1.340949 -0.413539
92.460000 -1.950703 -1.282625 -0.413281
92.470000 -1.963237 -1.223916 -0.413014
92.480000 -1.975182 -1.164840 -0.412739
92.490000 -1.986534 -1.105414 -0.412456
92.500000 -1.997290 -1.045657 -0.412166
92.510000 -2.007447 -0.985585 -0.411869
92.520000 -2.017002 -0.925219 -0.411566
92.530000 -2.025951 -0.864574 -0.411256
92.540000 -2.034293 -0.803671 -0.410940
92.550000 -2.042025 -0.742526 -0.410619
92.560000 -2.049144 -0.681159 -0.410292
92.570000 -2.055648 -0.619587 -0.409961
92.580000 -2.061535 -0.557829 -0.409626
92.590000 -2.066804 -0.495904 -0.409286
92.600000 -2.071453 -0.433830 -0.408943
92.610000 -2.075481 -0.371626 -0.408597
92.620000 -2.078886 -0.309310 -0.408248
92.630000 -2.081667 -0.246902 -0.407897
92.640000 -2.083824 -0.184420 -0.407544
92.650000 -2.085356 -0.121882 -0.407190
92.660000 -2.086262 -0.059308 -0.406835
92.670000 -2.086542 0.003284 -0.406479
92.680000 -2.086196 0.065875 -0.406122
92.690000 -2.085224 0.128447 -0.405766
92.700000 -2.083627 0.190979 -0.405411
92.710000 -2.081405 0.253455 -0.405057
92.720000 -2.078558 0.315854 -0.404705
92.730000 -2.075088 0.378159 -0.404354
92.740000 -2.070995 0.440350 -0.404006
92.750000 -2.066281 0.502409 -0.403660
92.760000 -2.060946 0.564318 -0.403318
92.770000 -2.054994 0.626057 -0.402980
92.780000 -2.048425 0.687608 -0.402645
92.790000 -2.041242 0.748953 -0.402315
92.800000 -2.033446 0.810073 -0.401990
92.810000 -2.025041 0.870951 -0.401670
92.820000 -2.016027 0.931567 -0.401355
92.830000 -2.006409 0.991903 -0.401047
92.840000 -1.996189 1.051942 -0.400745
92.850000 -1.985370 1.111666 -0.400449
92.860000 -1.973956 1.171056 -0.400161
92.870000 -1.961949 1.230094 -0.399880
92.880000 -1.949354 1.288764 -0.399607
92.890000 -1.936174 1.347047 -0.399342
92.900000 -1.922413 1.404925 -0.399085
92.910000 -1.908075 1.462383 -0.398837
92.920000 -1.893165 1.519401 -0.398598
92.930000 -1.877687 1.575964 -0.398369
92.940000 -1.861646 1.632054 -0.398149
92.950000 -1.845046 1.687655 -0.397938
92.960000 -1.827893 1.742749 -0.397738
92.970000 -1.810191 1.797320 -0.397548
92.980000 -1.791947 1.851352 -0.397369
92.990000 -1.773164 1.904829 -0.397200
93.000000 -1.753850 1.957734 -0.397043
93.010000 -1.734010 2.010052 -0.396896
93.020000 -1.713649 2.061767 -0.396761
93.030000 -1.692774 2.112863 -0.396638
93.040000 -1.671392 2.163325 -0.396526
93.050000 -1.649508 2.213139 -0.396426
93.060000 -1.627129 2.262289 -0.396337
93.070000 -1.604262 2.310759 -0.396261
93.080000 -1.580914 2.358537 -0.396197
93.090000 -1.557091 2.405607 -0.396145
93.100000 -1.532802 2.451955 -0.396105
93.110000 -1.508052 2.497568 -0.396078
93.120000 -1.482850 2.542432 -0.396063
93.130000 -1.457204 2.586533 -0.396060
93.140000 -1.431120 2.629857 -0.396069
93.150000 -1.404606 2.672393 -0.396091
93.160000 -1.377672 2.714128 -0.396125
93.170000 -1.350324 2.755047 -0.396172
93.180000 -1.322571 2.795141 -0.396230
93.190000 -1.294421 2.834396 -0.396301
93.200000 -1.265883 2.872800 -0.396384
93.210000 -1.236965 2.910343 -0.396478
93.220000 -1.207676 2.947013 -0.396585
93.230000 -1.178025 2.982798 -0.396703
93.240000 -1.148020 3.017689 -0.396833
93.250000 -1.117671 3.051674 -0.396974
93.260000 -1.086987 3.084744 -0.397127
93.270000 -1.055976 3.116889 -0.397290
93.280000 -1.024649 3.148098 -0.397465
93.290000 -0.993014 3.178363 -0.397650
93.300000 -0.961082 3.207674 -0.397845
93.310000 -0.928861 3.236023 -0.398051
93.320000 -0.896361 3.263402 -0.398266
93.330000 -0.863593 3.289801 -0.398492
93.340000 -0.830565 3.315213 -0.398727
93.350000 -0.797288 3.339631 -0.398970
93.360000 -0.763772 3.363047 -0.399223
93.370000 -0.730027 3.385454 -0.399484
93.380000 -0.696063 3.406846 -0.399754
93.390000 -0.661891 3.427215 -0.400031
93.400000 -0.627519 3.446556 -0.400316
93.410000 -0.592959 3.464863 -0.400608
93.420000 -0.558222 3.482131 -0.400907
93.430000 -0.523317 3.498354 -0.401213
93.440000 -0.488255 3.513528 -0.401525
93.450000 -0.453046 3.527647 -0.401842
93.460000 -0.417702 3.540708 -0.402165
93.470000 -0.382232 3.552707 -0.402493
93.480000 -0.346648 3.563640 -0.402826
93.490000 -0.310959 3.573505 -0.403162
93.500000 -0.275178 3.582297 -0.403503
93.510000 -0.239313 3.590014 -0.403847
93.520000 -0.203377 3.596654 -0.404194
93.530000 -0.167380 3.602216 -0.404543
93.540000 -0.131333 3.606696 -0.404895
93.550000 -0.095246 3.610095 -0.405249
93.560000 -0.059131 3.612411 -0.405603
93.570000 -0.022998 3.613643 -0.405959
93.580000 0.013142 3.613791 -0.406315
93.590000 0.049278 3.612854 -0.406671
93.600000 0.085399 3.610834 -0.407027
93.610000 0.121494 3.607731 -0.407382
93.620000 0.157553 3.603545 -0.407736
93.630000 0.193565 3.598278 -0.408087
93.640000 0.229519 3.591932 -0.408437
93.650000 0.265404 3.584508 -0.408785
93.660000 0.301209 3.576009 -0.409129
93.670000 0.336924 3.566437 -0.409470
93.680000 0.372538 3.555795 -0.409808
93.690000 0.408040 3.544086 -0.410141
93.700000 0.443420 3.531314 -0.410469
93.710000 0.478666 3.517483 -0.410793
93.720000 0.513769 3.502597 -0.411112
93.730000 0.548718 3.486659 -0.411424
93.740000 0.583503 3.469676 -0.411731
93.750000 0.618112 3.451652 -0.412031
93.760000 0.652536 3.432592 -0.412324
93.770000 0.686764 3.412503 -0.412610
93.780000 0.720786 3.391389 -0.412888
93.790000 0.754591 3.369259 -0.413159
93.800000 0.788171 3.346117 -0.413422
93.810000 0.821514 3.321972 -0.413676
93.820000 0.854610 3.296830 -0.413921
93.830000 0.887450 3.270699 -0.414157
93.840000 0.920024 3.243587 -0.414384
93.850000 0.952322 3.215502 -0.414601
93.860000 0.984334 3.186452 -0.414808
93.870000 1.016051 3.156446 -0.415005
93.880000 1.047463 3.125494 -0.415191
93.890000 1.078561 3.093603 -0.415367
93.900000 1.109335 3.060785 -0.415533
93.910000 1.139777 3.027048 -0.415687
93.920000 1.169876 2.992403 -0.415830
93.930000 1.199625 2.956861 -0.415961
93.940000 1.229013 2.920431 -0.416081
93.950000 1.258033 2.883125 -0.416189
93.960000 1.286676 2.844955 -0.416286
93.970000 1.314932 2.805931 -0.416370
93.980000 1.342795 2.766065 -0.416443
93.990000 1.370254 2.725369 -0.416503
94.000000 1.397302 2.683856 -0.416551
94.010000 1.423931 2.641537 -0.416587
94.020000 1.450133 2.598426 -0.416611
94.030000 1.475899 2.554536 -0.416622
94.040000 1.501223 2.509879 -0.416621
94.050000 1.526097 2.464469 -0.416608
94.060000 1.550513 2.418320 -0.416582
94.070000 1.574463 2.371445 -0.416544
94.080000 1.597942 2.323859 -0.416494
94.090000 1.620941 2.275576 -0.416432
94.100000 1.643453 2.226610 -0.416357
94.110000 1.665473 2.176976 -0.416271
94.120000 1.686993 2.126689 -0.416172
94.130000 1.708007 2.075764 -0.416062
94.140000 1.728508 2.024217 -0.415940
94.150000 1.748491 1.972062 -0.415807
94.160000 1.767949 1.919315 -0.415662
94.170000 1.786877 1.865993 -0.415506
94.180000 1.805269 1.812110 -0.415339
94.190000 1.823119 1.757685 -0.415162
94.200000 1.840423 1.702731 -0.414973
94.210000 1.857174 1.647267 -0.414775
94.220000 1.873368 1.591309 -0.414566
94.230000 1.889000 1.534874 -0.414347
94.240000 1.904066 1.477978 -0.414119
94.250000 1.918560 1.420638 -0.413881
94.260000 1.932478 1.362873 -0.413635
94.270000 1.945817 1.304698 -0.413379
94.280000 1.958572 1.246133 -0.413115
94.290000 1.970740 1.187193 -0.412843
94.300000 1.982316 1.127897 -0.412564
94.310000 1.993298 1.068263 -0.412276
94.320000 2.003681 1.008308 -0.411982
94.330000 2.013464 0.948051 -0.411681
94.340000 2.022642 0.887509 -0.411373
94.350000 2.031214 0.826702 -0.411060
94.360000 2.039176 0.765646 -0.410741
94.370000 2.046527 0.704360 -0.410416
94.380000 2.053264 0.642863 -0.410087
94.390000 2.059384 0.581174 -0.409753
94.400000 2.064887 0.519310 -0.409415
94.410000 2.069771 0.457290 -0.409073
94.420000 2.074033 0.395133 -0.408728
94.430000 2.077673 0.332857 -0.408380
94.440000 2.080690 0.270482 -0.408030
94.450000 2.083083 0.208025 -0.407678
94.460000 2.084851 0.145506 -0.407324
94.470000 2.085993 0.082943 -0.406969
94.480000 2.086509 0.020356 -0.406613
94.490000 2.086400 -0.042238 -0.406257
94.500000 2.085665 -0.104819 -0.405901
94.510000 2.084304 -0.167368 -0.405545
94.520000 2.082317 -0.229868 -0.405191
94.530000 2.079706 -0.292298 -0.404838
94.540000 2.076471 -0.354641 -0.404486
94.550000 2.072613 -0.416877 -0.404137
94.560000 2.068134 -0.478988 -0.403790
94.570000 2.063034 -0.540956 -0.403447
94.580000 2.057315 -0.602761 -0.403107
94.590000 2.050979 -0.664385 -0.402771
94.600000 2.044027 -0.725810 -0.402439
94.610000 2.036462 -0.787018 -0.402112
94.620000 2.028287 -0.847989 -0.401790
94.630000 2.019503 -0.908706 -0.401473
94.640000 2.010113 -0.969150 -0.401163
94.650000 2.000120 -1.029304 -0.400858
94.660000 1.989526 -1.089148 -0.400560
94.670000 1.978337 -1.148666 -0.400269
94.680000 1.966553 -1.207840 -0.399985
94.690000 1.954180 -1.266651 -0.399709
94.700000 1.941220 -1.325082 -0.399441
94.710000 1.927678 -1.383115 -0.399181
94.720000 1.913558 -1.440734 -0.398930
94.730000 1.898863 -1.497920 -0.398688
94.740000 1.883599 -1.554657 -0.398454
94.750000 1.867770 -1.610927 -0.398231
94.760000 1.851381 -1.666715 -0.398017
94.770000 1.834436 -1.722002 -0.397813
94.780000 1.816941 -1.776773 -0.397619
94.790000 1.798901 -1.831010 -0.397435
94.800000 1.780321 -1.884698 -0.397263
94.810000 1.761207 -1.937821 -0.397101
94.820000 1.741564 -1.990363 -0.396950
94.830000 1.721399 -2.042307 -0.396811
94.840000 1.700718 -2.093639 -0.396683
94.850000 1.679527 -2.144343 -0.396567
94.860000 1.657831 -2.194403 -0.396462
94.870000 1.635639 -2.243805 -0.396369
94.880000 1.612955 -2.292534 -0.396289
94.890000 1.589788 -2.340575 -0.396220
94.900000 1.566144 -2.387914 -0.396163
94.910000 1.542030 -2.434537 -0.396119
94.920000 1.517453 -2.480429 -0.396087
94.930000 1.492421 -2.525577 -0.396067
94.940000 1.466941 -2.569968 -0.396059
94.950000 1.441022 -2.613587 -0.396064
94.960000 1.414670 -2.656422 -0.396081
94.970000 1.387893 -2.698461 -0.396111
94.980000 1.360700 -2.739690 -0.396153
94.990000 1.333099 -2.780097 -0.396207
95.000000 1.305098 -2.819670 -0.396273
95.010000 1.276706 -2.858397 -0.396351
95.020000 1.247931 -2.896266 -0.396441
95.030000 1.218781 -2.933267 -0.396543
95.040000 1.189265 -2.969388 -0.396657
95.050000 1.159393 -3.004618 -0.396783
95.060000 1.129173 -3.038946 -0.396920
95.070000 1.098614 -3.072363 -0.397068
95.080000 1.067726 -3.104858 -0.397227
95.090000 1.036517 -3.136422 -0.397398
95.100000 1.004997 -3.167044 -0.397579
95.110000 0.973176 -3.196717 -0.397770
95.120000 0.941063 -3.225430 -0.397972
95.130000 0.908667 -3.253176 -0.398184
95.140000 0.875999 -3.279946 -0.398406
95.150000 0.843068 -3.305732 -0.398637
95.160000 0.809885 -3.330527 -0.398877
95.170000 0.776458 -3.354322 -0.399127
95.180000 0.742798 -3.377111 -0.399385
95.190000 0.708916 -3.398886 -0.399651
95.200000 0.674820 -3.419642 -0.399926
95.210000 0.640523 -3.439373 -0.400208
95.220000 0.606033 -3.458071 -0.400497
95.230000 0.571361 -3.475732 -0.400794
95.240000 0.536518 -3.492350 -0.401097
95.250000 0.501514 -3.507921 -0.401406
95.260000 0.466360 -3.522439 -0.401722
95.270000 0.431066 -3.535900 -0.402043
95.280000 0.395642 -3.548301 -0.402369
95.290000 0.360100 -3.559637 -0.402699
95.300000 0.324449 -3.569905 -0.403035
95.310000 0.288701 -3.579102 -0.403374
95.320000 0.252867 -3.587226 -0.403717
95.330000 0.216957 -3.594273 -0.404062
95.340000 0.180982 -3.600242 -0.404411
95.350000 0.144952 -3.605131 -0.404762
95.360000 0.108879 -3.608939 -0.405115
95.370000 0.072773 -3.611664 -0.405469
95.380000 0.036646 -3.613305 -0.405825
95.390000 0.000507 -3.613862 -0.406181
95.400000 -0.035631 -3.613335 -0.406537
95.410000 -0.071759 -3.611724 -0.406893
95.420000 -0.107866 -3.609030 -0.407248
95.430000 -0.143940 -3.605253 -0.407602
95.440000 -0.179971 -3.600394 -0.407955
95.450000 -0.215948 -3.594455 -0.408306
95.460000 -0.251860 -3.587438 -0.408654
95.470000 -0.287697 -3.579345 -0.409000
95.480000 -0.323447 -3.570178 -0.409342
95.490000 -0.359100 -3.559940 -0.409681
95.500000 -0.394646 -3.548633 -0.410016
95.510000 -0.430073 -3.536263 -0.410346
95.520000 -0.465371 -3.522831 -0.410672
95.530000 -0.500530 -3.508342 -0.410992
95.540000 -0.535538 -3.492801 -0.411307
95.550000 -0.570386 -3.476213 -0.411616
95.560000 -0.605062 -3.458581 -0.411918
95.570000 -0.639557 -3.439912 -0.412214
95.580000 -0.673860 -3.420210 -0.412503
95.590000 -0.707961 -3.399483 -0.412784
95.600000 -0.741850 -3.377736 -0.413058
95.610000 -0.775516 -3.354975 -0.413323
95.620000 -0.808950 -3.331208 -0.413581
95.630000 -0.842140 -3.306442 -0.413829
95.640000 -0.875078 -3.280684 -0.414069
95.650000 -0.907754 -3.253941 -0.414299
95.660000 -0.940157 -3.226223 -0.414520
95.670000 -0.972278 -3.197536 -0.414731
95.680000 -1.004108 -3.167890 -0.414932
95.690000 -1.035636 -3.137294 -0.415122
95.700000 -1.066854 -3.105757 -0.415302
95.710000 -1.097751 -3.073288 -0.415471
95.720000 -1.128320 -3.039897 -0.415630
95.730000 -1.158549 -3.005594 -0.415777
95.740000 -1.188431 -2.970389 -0.415913
95.750000 -1.217957 -2.934293 -0.416037
95.760000 -1.247117 -2.897317 -0.416150
95.770000 -1.275903 -2.859472 -0.416251
95.780000 -1.304307 -2.820768 -0.416340
95.790000 -1.332319 -2.781219 -0.416417
95.800000 -1.359931 -2.740835 -0.416482
95.810000 -1.387135 -2.699629 -0.416535
95.820000 -1.413924 -2.657613 -0.416575
95.830000 -1.440288 -2.614800 -0.416604
95.840000 -1.466220 -2.571203 -0.416620
95.850000 -1.491712 -2.526834 -0.416623
95.860000 -1.516756 -2.481707 -0.416615
95.870000 -1.541346 -2.435835 -0.416594
95.880000 -1.565473 -2.389233 -0.416560
95.890000 -1.589131 -2.341914 -0.416515
95.900000 -1.612311 -2.293892 -0.416457
95.910000 -1.635008 -2.245182 -0.416387
95.920000 -1.657215 -2.195799 -0.416305
95.930000 -1.678924 -2.145757 -0.416211
95.940000 -1.700130 -2.095071 -0.416105
95.950000 -1.720826 -2.043757 -0.415988
95.960000 -1.741005 -1.991829 -0.415859
95.970000 -1.760662 -1.939304 -0.415718
95.980000 -1.779791 -1.886197 -0.415566
95.990000 -1.798386 -1.832525 -0.415404
96.000000 -1.816442 -1.778302 -0.415230
96.010000 -1.833952 -1.723546 -0.415046
96.020000 -1.850913 -1.668273 -0.414851
96.030000 -1.867318 -1.612500 -0.414646
96.040000 -1.883163 -1.556243 -0.414431
96.050000 -1.898443 -1.499519 -0.414206
96.060000 -1.913153 -1.442345 -0.413972
96.070000 -1.927290 -1.384738 -0.413729
96.080000 -1.940848 -1.326716 -0.413477
96.090000 -1.953824 -1.268296 -0.413216
96.100000 -1.966214 -1.209495 -0.412947
96.110000 -1.978014 -1.150332 -0.412670
96.120000 -1.989220 -1.090824 -0.412386
96.130000 -1.999830 -1.030988 -0.412094
96.140000 -2.009840 -0.970843 -0.411795
96.150000 -2.019247 -0.910406 -0.411490
96.160000 -2.028048 -0.849697 -0.411179
96.170000 -2.036241 -0.788733 -0.410862
96.180000 -2.043823 -0.727532 -0.410539
96.190000 -2.050792 -0.666112 -0.410212
96.200000 -2.057145 -0.604493 -0.409879
96.210000 -2.062882 -0.542693 -0.409543
96.220000 -2.067999 -0.480730 -0.409203
96.230000 -2.072496 -0.418622 -0.408859
96.240000 -2.076372 -0.356389 -0.408512
96.250000 -2.079624 -0.294049 -0.408163
96.260000 -2.082253 -0.231621 -0.407811
96.270000 -2.084256 -0.169124 -0.407458
96.280000 -2.085635 -0.106575 -0.407103
96.290000 -2.086388 -0.043995 -0.406747
96.300000 -2.086515 0.018599 -0.406391
96.310000 -2.086016 0.081187 -0.406035
96.320000 -2.084891 0.143750 -0.405679
96.330000 -2.083141 0.206271 -0.405324
96.340000 -2.080766 0.268729 -0.404971
96.350000 -2.077766 0.331107 -0.404619
96.360000 -2.074144 0.393386 -0.404269
96.370000 -2.069899 0.455547 -0.403921
96.380000 -2.065033 0.517571 -0.403576
96.390000 -2.059547 0.579439 -0.403235
96.400000 -2.053444 0.641134 -0.402897
96.410000 -2.046725 0.702637 -0.402564
96.420000 -2.039391 0.763928 -0.402235
96.430000 -2.031446 0.824991 -0.401911
96.440000 -2.022891 0.885806 -0.401592
96.450000 -2.013730 0.946355 -0.401279
96.460000 -2.003964 1.006621 -0.400972
96.470000 -1.993597 1.066584 -0.400672
96.480000 -1.982633 1.126228 -0.400378
96.490000 -1.971073 1.185533 -0.400092
96.500000 -1.958922 1.244483 -0.399813
96.510000 -1.946183 1.303060 -0.399541
96.520000 -1.932861 1.361245 -0.399278
96.530000 -1.918958 1.419023 -0.399024
96.540000 -1.904480 1.476374 -0.398778
96.550000 -1.889431 1.533283 -0.398541
96.560000 -1.873815 1.589732 -0.398314
96.570000 -1.857636 1.645703 -0.398096
96.580000 -1.840901 1.701181 -0.397888
96.590000 -1.823613 1.756149 -0.397691
96.600000 -1.805778 1.810590 -0.397503
96.610000 -1.787401 1.864488 -0.397327
96.620000 -1.768488 1.917826 -0.397161
96.630000 -1.749044 1.970589 -0.397006
96.640000 -1.729076 2.022761 -0.396862
96.650000 -1.708589 2.074326 -0.396730
96.660000 -1.687590 2.125268 -0.396609
96.670000 -1.666084 2.175573 -0.396500
96.680000 -1.644078 2.225226 -0.396403
96.690000 -1.621579 2.274211 -0.396318
96.700000 -1.598594 2.322513 -0.396244
96.710000 -1.575129 2.370119 -0.396183
96.720000 -1.551191 2.417014 -0.396134
96.730000 -1.526789 2.463184 -0.396097
96.740000 -1.501928 2.508614 -0.396073
96.750000 -1.476616 2.553293 -0.396061
96.760000 -1.450862 2.597205 -0.396061
96.770000 -1.424672 2.640338 -0.396073
96.780000 -1.398055 2.682679 -0.396098
96.790000 -1.371019 2.724215 -0.396135
96.800000 -1.343571 2.764934 -0.396185
96.810000 -1.315720 2.804823 -0.396246
96.820000 -1.287474 2.843871 -0.396320
96.830000 -1.258843 2.882066 -0.396406
96.840000 -1.229833 2.919396 -0.396503
96.850000 -1.200455 2.955850 -0.396613
96.860000 -1.170716 2.991418 -0.396734
96.870000 -1.140626 3.026088 -0.396867
96.880000 -1.110194 3.059850 -0.397011
96.890000 -1.079429 3.092695 -0.397166
96.900000 -1.048340 3.124611 -0.397332
96.910000 -1.016937 3.155590 -0.397509
96.920000 -0.985229 3.185623 -0.397697
96.930000 -0.953225 3.214699 -0.397895
96.940000 -0.920935 3.242812 -0.398103
96.950000 -0.888368 3.269951 -0.398321
96.960000 -0.855536 3.296110 -0.398548
96.970000 -0.822446 3.321280 -0.398785
96.980000 -0.789110 3.345453 -0.399031
96.990000 -0.755537 3.368623 -0.399286
97.000000 -0.721738 3.390782 -0.399550
97.010000 -0.687721 3.411924 -0.399821
97.020000 -0.653499 3.432042 -0.400100
97.030000 -0.619081 3.451131 -0.400387
97.040000 -0.584476 3.469184 -0.400681
97.050000 -0.549697 3.486197 -0.400982
97.060000 -0.514753 3.502163 -0.401289
97.070000 -0.479654 3.517080 -0.401602
97.080000 -0.444411 3.530941 -0.401921
97.090000 -0.409035 3.543742 -0.402245
97.100000 -0.373536 3.555481 -0.402574
97.110000 -0.337925 3.566153 -0.402908
97.120000 -0.302213 3.575755 -0.403245
97.130000 -0.266410 3.584284 -0.403587
97.140000 -0.230527 3.591738 -0.403932
97.150000 -0.194575 3.598115 -0.404279
97.160000 -0.158565 3.603412 -0.404629
97.170000 -0.122507 3.607628 -0.404981
97.180000 -0.086413 3.610762 -0.405335
97.190000 -0.050292 3.612812 -0.405690
97.200000 -0.014156 3.613779 -0.406046
97.210000 0.021984 3.613662 -0.406402
97.220000 0.058117 3.612460 -0.406758
97.230000 0.094233 3.610175 -0.407114
97.240000 0.130320 3.606807 -0.407468
97.250000 0.166369 3.602356 -0.407822
97.260000 0.202368 3.596825 -0.408173
97.270000 0.238305 3.590215 -0.408523
97.280000 0.274172 3.582528 -0.408869
97.290000 0.309956 3.573766 -0.409213
97.300000 0.345647 3.563932 -0.409553
97.310000 0.381235 3.553029 -0.409890
97.320000 0.416708 3.541060 -0.410222
97.330000 0.452056 3.528028 -0.410549
97.340000 0.487268 3.513938 -0.410872
97.350000 0.522335 3.498794 -0.411189
97.360000 0.557244 3.482601 -0.411500
97.370000 0.591987 3.465362 -0.411805
97.380000 0.626551 3.447084 -0.412103
97.390000 0.660928 3.427772 -0.412395
97.400000 0.695107 3.407431 -0.412679
97.410000 0.729077 3.386069 -0.412955
97.420000 0.762828 3.363690 -0.413224
97.430000 0.796351 3.340302 -0.413485
97.440000 0.829634 3.315912 -0.413736
97.450000 0.862669 3.290528 -0.413979
97.460000 0.895445 3.264156 -0.414213
97.470000 0.927952 3.236805 -0.414438
97.480000 0.960181 3.208483 -0.414652
97.490000 0.992122 3.179199 -0.414857
97.500000 1.023765 3.148960 -0.415051
97.510000 1.055101 3.117777 -0.415235
97.520000 1.086121 3.085659 -0.415409
97.530000 1.116814 3.052615 -0.415571
97.540000 1.147173 3.018655 -0.415723
97.550000 1.177187 2.983790 -0.415863
97.560000 1.206849 2.948029 -0.415992
97.570000 1.236148 2.911384 -0.416109
97.580000 1.265076 2.873866 -0.416214
97.590000 1.293625 2.835486 -0.416308
97.600000 1.321786 2.796254 -0.416389
97.610000 1.349550 2.756184 -0.416459
97.620000 1.376910 2.715287 -0.416516
97.630000 1.403856 2.673576 -0.416561
97.640000 1.430381 2.631062 -0.416594
97.650000 1.456477 2.587759 -0.416615
97.660000 1.482136 2.543680 -0.416623
97.670000 1.507351 2.498838 -0.416619
97.680000 1.532113 2.453246 -0.416603
97.690000 1.556416 2.406918 -0.416574
97.700000 1.580252 2.359868 -0.416533
97.710000 1.603613 2.312110 -0.416480
97.720000 1.626494 2.263658 -0.416415
97.730000 1.648886 2.214528 -0.416337
97.740000 1.670784 2.164733 -0.416248
97.750000 1.692181 2.114288 -0.416147
97.760000 1.713070 2.063209 -0.416034
97.770000 1.733445 2.011512 -0.415909
97.780000 1.753300 1.959211 -0.415773
97.790000 1.772629 1.906322 -0.415625
97.800000 1.791427 1.852861 -0.415466
97.810000 1.809687 1.798844 -0.415297
97.820000 1.827404 1.744288 -0.415117
97.830000 1.844572 1.689208 -0.414926
97.840000 1.861188 1.633622 -0.414724
97.850000 1.877245 1.577545 -0.414513
97.860000 1.892739 1.520995 -0.414292
97.870000 1.907665 1.463989 -0.414062
97.880000 1.922018 1.406544 -0.413822
97.890000 1.935796 1.348677 -0.413573
97.900000 1.948992 1.290405 -0.413315
97.910000 1.961604 1.231746 -0.413050
97.920000 1.973627 1.172718 -0.412776
97.930000 1.985058 1.113337 -0.412494
97.940000 1.995894 1.053623 -0.412205
97.950000 2.006131 0.993593 -0.411909
97.960000 2.015766 0.933264 -0.411606
97.970000 2.024796 0.872656 -0.411297
97.980000 2.033219 0.811786 -0.410982
97.990000 2.041032 0.750672 -0.410662
98.000000 2.048232 0.689333 -0.410336
98.010000 2.054818 0.627787 -0.410005
98.020000 2.060788 0.566053 -0.409670
98.030000 2.066139 0.504149 -0.409332
98.040000 2.070871 0.442094 -0.408989
98.050000 2.074981 0.379906 -0.408643
98.060000 2.078469 0.317605 -0.408295
98.070000 2.081333 0.255208 -0.407944
98.080000 2.083573 0.192734 -0.407591
98.090000 2.085188 0.130203 -0.407237
98.100000 2.086177 0.067632 -0.406882
98.110000 2.086541 0.005041 -0.406526
98.120000 2.086278 -0.057551 -0.406170
98.130000 2.085390 -0.120126 -0.405814
98.140000 2.083875 -0.182665 -0.405458
98.150000 2.081736 -0.245149 -0.405104
98.160000 2.078972 -0.307560 -0.404751
98.170000 2.075585 -0.369878 -0.404400
98.180000 2.071575 -0.432085 -0.404052
98.190000 2.066943 -0.494163 -0.403706
98.200000 2.061692 -0.556093 -0.403363
98.210000 2.055821 -0.617855 -0.403024
98.220000 2.049335 -0.679433 -0.402689
98.230000 2.042233 -0.740806 -0.402359
98.240000 2.034518 -0.801958 -0.402033
98.250000 2.026194 -0.862868 -0.401712
98.260000 2.017261 -0.923520 -0.401397
98.270000 2.007723 -0.983895 -0.401087
98.280000 1.997583 -1.043974 -0.400785
98.290000 1.986844 -1.103741 -0.400488
98.300000 1.975508 -1.163176 -0.400199
98.310000 1.963580 -1.222262 -0.399917
98.320000 1.951063 -1.280982 -0.399643
98.330000 1.937961 -1.339317 -0.399377
98.340000 1.924277 -1.397251 -0.399119
98.350000 1.910016 -1.454765 -0.398870
98.360000 1.895181 -1.511843 -0.398630
98.370000 1.879779 -1.568468 -0.398399
98.380000 1.863812 -1.624622 -0.398177
98.390000 1.847286 -1.680288 -0.397966
98.400000 1.830206 -1.735451 -0.397764
98.410000 1.812577 -1.790092 -0.397573
98.420000 1.794404 -1.844197 -0.397392
98.430000 1.775693 -1.897748 -0.397222
98.440000 1.756449 -1.950731 -0.397063
98.450000 1.736679 -2.003128 -0.396915
98.460000 1.716387 -2.054923 -0.396779
98.470000 1.695580 -2.106103 -0.396654
98.480000 1.674265 -2.156651 -0.396540
98.490000 1.652447 -2.206551 -0.396438
98.500000 1.630134 -2.255790 -0.396348
98.510000 1.607331 -2.304352 -0.396271
98.520000 1.584047 -2.352223 -0.396205
98.530000 1.560287 -2.399388 -0.396151
98.540000 1.536059 -2.445833 -0.396110
98.550000 1.511370 -2.491544 -0.396081
98.560000 1.486228 -2.536508 -0.396064
98.570000 1.460640 -2.580711 -0.396059
98.580000 1.434614 -2.624140 -0.396067
98.590000 1.408157 -2.666782 -0.396087
98.600000 1.381278 -2.708623 -0.396120
98.610000 1.353985 -2.749652 -0.396165
98.620000 1.326285 -2.789856 -0.396222
98.630000 1.298188 -2.829223 -0.396291
98.640000 1.269701 -2.867742 -0.396372
98.650000 1.240833 -2.905400 -0.396465
98.660000 1.211593 -2.942186 -0.396570
98.670000 1.181989 -2.978090 -0.396687
98.680000 1.152031 -3.013100 -0.396815
98.690000 1.121727 -3.047207 -0.396955
98.700000 1.091087 -3.080399 -0.397106
98.710000 1.060119 -3.112667 -0.397268
98.720000 1.028834 -3.144001 -0.397441
98.730000 0.997239 -3.174392 -0.397624
98.740000 0.965346 -3.203831 -0.397819
98.750000 0.933163 -3.232309 -0.398023
98.760000 0.900700 -3.259817 -0.398237
98.770000 0.867966 -3.286347 -0.398461
98.780000 0.834973 -3.311891 -0.398695
98.790000 0.801728 -3.336441 -0.398937
98.800000 0.768244 -3.359991 -0.399189
98.810000 0.734529 -3.382532 -0.399449
98.820000 0.700593 -3.404059 -0.399717
98.830000 0.666447 -3.424565 -0.399994
98.840000 0.632102 -3.444043 -0.400278
98.850000 0.597567 -3.462488 -0.400569
98.860000 0.562852 -3.479894 -0.400867
98.870000 0.527969 -3.496257 -0.401172
98.880000 0.492927 -3.511570 -0.401483
98.890000 0.457737 -3.525830 -0.401800
98.900000 0.422410 -3.539032 -0.402122
98.910000 0.386957 -3.551173 -0.402449
98.920000 0.351387 -3.562248 -0.402781
98.930000 0.315712 -3.572254 -0.403117
98.940000 0.279942 -3.581189 -0.403457
98.950000 0.244088 -3.589050 -0.403801
98.960000 0.208161 -3.595833 -0.404148
98.970000 0.172171 -3.601538 -0.404497
98.980000 0.136130 -3.606163 -0.404848
98.990000 0.100048 -3.609705 -0.405201
99.000000 0.063936 -3.612165 -0.405556
99.010000 0.027805 -3.613541 -0.405912
99.020000 -0.008335 -3.613833 -0.406268
99.030000 -0.044472 -3.613041 -0.406624
99.040000 -0.080596 -3.611165 -0.406980
99.050000 -0.116695 -3.608206 -0.407335
99.060000 -0.152760 -3.604164 -0.407689
99.070000 -0.188779 -3.599041 -0.408041
99.080000 -0.224741 -3.592838 -0.408391
99.090000 -0.260635 -3.585558 -0.408739
99.100000 -0.296452 -3.577201 -0.409084
99.110000 -0.332179 -3.567772 -0.409425
99.120000 -0.367807 -3.557272 -0.409763
99.130000 -0.403325 -3.545705 -0.410097
99.140000 -0.438721 -3.533074 -0.410426
99.150000 -0.473986 -3.519384 -0.410750
99.160000 -0.509109 -3.504637 -0.411069
99.170000 -0.544079 -3.488839 -0.411383
99.180000 -0.578886 -3.471995 -0.411690
99.190000 -0.613519 -3.454109 -0.411991
99.200000 -0.647968 -3.435187 -0.412285
99.210000 -0.682223 -3.415234 -0.412572
99.220000 -0.716273 -3.394256 -0.412852
99.230000 -0.750108 -3.372261 -0.413124
99.240000 -0.783718 -3.349253 -0.413387
99.250000 -0.817093 -3.325241 -0.413642
99.260000 -0.850223 -3.300231 -0.413889
99.270000 -0.883097 -3.274232 -0.414126
99.280000 -0.915707 -3.247249 -0.414354
99.290000 -0.948042 -3.219293 -0.414572
99.300000 -0.980093 -3.190371 -0.414781
99.310000 -1.011850 -3.160492 -0.414979
99.320000 -1.043303 -3.129665 -0.415167
99.330000 -1.074443 -3.097899 -0.415345
99.340000 -1.105261 -3.065203 -0.415511
99.350000 -1.135747 -3.031588 -0.415667
99.360000 -1.165893 -2.997063 -0.415811
99.370000 -1.195689 -2.961640 -0.415944
99.380000 -1.225126 -2.925327 -0.416066
99.390000 -1.254195 -2.888137 -0.416176
99.400000 -1.282888 -2.850081 -0.416274
99.410000 -1.311197 -2.811170 -0.416360
99.420000 -1.339112 -2.771415 -0.416434
99.430000 -1.366625 -2.730829 -0.416496
99.440000 -1.393728 -2.689424 -0.416546
99.450000 -1.420413 -2.647212 -0.416583
99.460000 -1.446673 -2.604206 -0.416609
99.470000 -1.472498 -2.560418 -0.416622
99.480000 -1.497881 -2.515862 -0.416622
99.490000 -1.522815 -2.470552 -0.416611
99.500000 -1.547292 -2.424500 -0.416587
99.510000 -1.571305 -2.377721 -0.416550
99.520000 -1.594846 -2.330229 -0.416502
99.530000 -1.617909 -2.282038 -0.416441
99.540000 -1.640487 -2.233162 -0.416368
99.550000 -1.662573 -2.183616 -0.416283
99.560000 -1.684159 -2.133415 -0.416186
99.570000 -1.705241 -2.082574 -0.416078
99.580000 -1.725811 -2.031108 -0.415957
99.590000 -1.745863 -1.979033 -0.415825
99.600000 -1.765392 -1.926364 -0.415682
99.610000 -1.784390 -1.873117 -0.415528
99.620000 -1.802854 -1.819309 -0.415362
99.630000 -1.820777 -1.764954 -0.415186
99.640000 -1.838153 -1.710070 -0.414999
99.650000 -1.854978 -1.654673 -0.414802
99.660000 -1.871246 -1.598780 -0.414594
99.670000 -1.886954 -1.542407 -0.414377
99.680000 -1.902095 -1.485571 -0.414150
99.690000 -1.916665 -1.428290 -0.413913
99.700000 -1.930660 -1.370580 -0.413668
99.710000 -1.944077 -1.312459 -0.413414
99.720000 -1.956910 -1.253944 -0.413151
99.730000 -1.969155 -1.195053 -0.412880
99.740000 -1.980811 -1.135804 -0.412601
99.750000 -1.991872 -1.076214 -0.412315
99.760000 -2.002335 -1.016300 -0.412022
99.770000 -2.012198 -0.956082 -0.411721
99.780000 -2.021457 -0.895578 -0.411415
99.790000 -2.030109 -0.834804 -0.411102
99.800000 -2.038153 -0.773780 -0.410783
99.810000 -2.045585 -0.712524 -0.410460
99.820000 -2.052403 -0.651054 -0.410131
99.830000 -2.058606 -0.589389 -0.409797
99.840000 -2.064191 -0.527547 -0.409460
99.850000 -2.069157 -0.465547 -0.409119
99.860000 -2.073502 -0.403407 -0.408774
99.870000 -2.077225 -0.341146 -0.408427
99.880000 -2.080325 -0.278783 -0.408077
99.890000 -2.082801 -0.216336 -0.407725
99.900000 -2.084652 -0.153824 -0.407371
99.910000 -2.085877 -0.091266 -0.407016
99.920000 -2.086477 -0.028681 -0.406660
99.930000 -2.086451 0.033913 -0.406304
99.940000 -2.085799 0.096497 -0.405948
99.950000 -2.084521 0.159051 -0.405593
99.960000 -2.082618 0.221558 -0.405238
99.970000 -2.080090 0.283999 -0.404884
99.980000 -2.076938 0.346354 -0.404533
99.990000 -2.073163 0.408606 -0.404183
100.000000 -2.068765 0.470735 -0.403836
100.010000 -2.063748 0.532723 -0.403493
