#Posizione iniziale=2.000000
#Velocita' iniziale=1.000000
#Pulsazione al quadrato=3.000000
#Tempo massimo di integrazione=100.000000
#Passo di tempo=0.010000
#E' stato utilizzato l'algoritmo Velvet Velocita'
#Legenda
#1:t 2:x 3:v 4:dE
0 2.000000 1.000000 0
0.010000 2.009700 0.939855 -0.409091
0.020000 2.018797 0.879427 -0.409090
0.030000 2.027289 0.818736 -0.409090
0.040000 2.035172 0.757799 -0.409089
0.050000 2.042445 0.696635 -0.409089
0.060000 2.049104 0.635261 -0.409089
0.070000 2.055150 0.573698 -0.409089
0.080000 2.060578 0.511962 -0.409088
0.090000 2.065389 0.450072 -0.409088
0.100000 2.069580 0.388048 -0.409088
0.110000 2.073150 0.325907 -0.409088
0.120000 2.076098 0.263668 -0.409088
0.130000 2.078423 0.201350 -0.409088
0.140000 2.080125 0.138972 -0.409088
0.150000 2.081203 0.076552 -0.409088
0.160000 2.081656 0.014109 -0.409088
0.170000 2.081485 -0.048338 -0.409088
0.180000 2.080689 -0.110771 -0.409088
0.190000 2.079269 -0.173170 -0.409088
0.200000 2.077226 -0.235517 -0.409088
0.210000 2.074559 -0.297794 -0.409088
0.220000 2.071270 -0.359982 -0.409088
0.230000 2.067360 -0.422061 -0.409088
0.240000 2.062829 -0.484014 -0.409088
0.250000 2.057679 -0.545822 -0.409089
0.260000 2.051912 -0.607465 -0.409089
0.270000 2.045530 -0.668927 -0.409089
0.280000 2.038534 -0.730188 -0.409089
0.290000 2.030926 -0.791230 -0.409090
0.300000 2.022709 -0.852034 -0.409090
0.310000 2.013885 -0.912583 -0.409090
0.320000 2.004458 -0.972859 -0.409091
0.330000 1.994428 -1.032842 -0.409091
0.340000 1.983801 -1.092515 -0.409092
0.350000 1.972578 -1.151861 -0.409092
0.360000 1.960764 -1.210861 -0.409092
0.370000 1.948361 -1.269498 -0.409093
0.380000 1.935374 -1.327754 -0.409094
0.390000 1.921806 -1.385612 -0.409094
0.400000 1.907661 -1.443054 -0.409095
0.410000 1.892945 -1.500063 -0.409095
0.420000 1.877660 -1.556622 -0.409096
0.430000 1.861812 -1.612714 -0.409096
0.440000 1.845406 -1.668322 -0.409097
0.450000 1.828446 -1.723430 -0.409098
0.460000 1.810937 -1.778021 -0.409098
0.470000 1.792885 -1.832078 -0.409099
0.480000 1.774296 -1.885586 -0.409100
0.490000 1.755174 -1.938528 -0.409100
0.500000 1.735525 -1.990888 -0.409101
0.510000 1.715356 -2.042651 -0.409102
0.520000 1.694672 -2.093802 -0.409102
0.530000 1.673480 -2.144324 -0.409103
0.540000 1.651786 -2.194203 -0.409104
0.550000 1.629596 -2.243424 -0.409105
0.560000 1.606917 -2.291972 -0.409105
0.570000 1.583756 -2.339832 -0.409106
0.580000 1.560120 -2.386990 -0.409107
0.590000 1.536017 -2.433432 -0.409108
0.600000 1.511452 -2.479144 -0.409108
0.610000 1.486434 -2.524112 -0.409109
0.620000 1.460970 -2.568323 -0.409110
0.630000 1.435067 -2.611764 -0.409111
0.640000 1.408734 -2.654421 -0.409112
0.650000 1.381979 -2.696281 -0.409112
0.660000 1.354809 -2.737333 -0.409113
0.670000 1.327232 -2.777564 -0.409114
0.680000 1.299257 -2.816961 -0.409115
0.690000 1.270893 -2.855513 -0.409115
0.700000 1.242147 -2.893209 -0.409116
0.710000 1.213029 -2.930037 -0.409117
0.720000 1.183546 -2.965985 -0.409117
0.730000 1.153709 -3.001044 -0.409118
0.740000 1.123526 -3.035203 -0.409119
0.750000 1.093005 -3.068451 -0.409120
0.760000 1.062156 -3.100778 -0.409120
0.770000 1.030989 -3.132175 -0.409121
0.780000 0.999513 -3.162633 -0.409122
0.790000 0.967737 -3.192142 -0.409122
0.800000 0.935670 -3.220693 -0.409123
0.810000 0.903323 -3.248278 -0.409123
0.820000 0.870705 -3.274888 -0.409124
0.830000 0.837825 -3.300516 -0.409125
0.840000 0.804694 -3.325154 -0.409125
0.850000 0.771322 -3.348794 -0.409126
0.860000 0.737718 -3.371430 -0.409126
0.870000 0.703893 -3.393054 -0.409127
0.880000 0.669857 -3.413660 -0.409127
0.890000 0.635620 -3.433242 -0.409128
0.900000 0.601192 -3.451794 -0.409128
0.910000 0.566584 -3.469311 -0.409129
0.920000 0.531806 -3.485787 -0.409129
0.930000 0.496869 -3.501217 -0.409129
0.940000 0.461782 -3.515597 -0.409130
0.950000 0.426557 -3.528922 -0.409130
0.960000 0.391203 -3.541188 -0.409130
0.970000 0.355733 -3.552392 -0.409131
0.980000 0.320156 -3.562531 -0.409131
0.990000 0.284482 -3.571600 -0.409131
1.000000 0.248724 -3.579598 -0.409131
1.010000 0.212890 -3.586522 -0.409131
1.020000 0.176993 -3.592371 -0.409131
1.030000 0.141043 -3.597141 -0.409132
1.040000 0.105050 -3.600833 -0.409132
1.050000 0.069026 -3.603444 -0.409132
1.060000 0.032981 -3.604974 -0.409132
1.070000 -0.003073 -3.605423 -0.409132
1.080000 -0.039127 -3.604790 -0.409132
1.090000 -0.075169 -3.603075 -0.409132
1.100000 -0.111188 -3.600280 -0.409132
1.110000 -0.147175 -3.596404 -0.409132
1.120000 -0.183117 -3.591450 -0.409131
1.130000 -0.219004 -3.585418 -0.409131
1.140000 -0.254825 -3.578311 -0.409131
1.150000 -0.290570 -3.570130 -0.409131
1.160000 -0.326228 -3.560878 -0.409131
1.170000 -0.361787 -3.550558 -0.409130
1.180000 -0.397239 -3.539172 -0.409130
1.190000 -0.432571 -3.526725 -0.409130
1.200000 -0.467773 -3.513220 -0.409130
1.210000 -0.502835 -3.498661 -0.409129
1.220000 -0.537746 -3.483052 -0.409129
1.230000 -0.572496 -3.466398 -0.409128
1.240000 -0.607074 -3.448705 -0.409128
1.250000 -0.641470 -3.429977 -0.409128
1.260000 -0.675674 -3.410220 -0.409127
1.270000 -0.709675 -3.389439 -0.409127
1.280000 -0.743463 -3.367642 -0.409126
1.290000 -0.777028 -3.344835 -0.409126
1.300000 -0.810359 -3.321024 -0.409125
1.310000 -0.843448 -3.296217 -0.409125
1.320000 -0.876284 -3.270421 -0.409124
1.330000 -0.908856 -3.243644 -0.409123
1.340000 -0.941157 -3.215894 -0.409123
1.350000 -0.973174 -3.187179 -0.409122
1.360000 -1.004900 -3.157508 -0.409121
1.370000 -1.036324 -3.126889 -0.409121
1.380000 -1.067438 -3.095333 -0.409120
1.390000 -1.098231 -3.062848 -0.409119
1.400000 -1.128695 -3.029444 -0.409119
1.410000 -1.158820 -2.995131 -0.409118
1.420000 -1.188598 -2.959920 -0.409117
1.430000 -1.218018 -2.923821 -0.409117
1.440000 -1.247074 -2.886844 -0.409116
1.450000 -1.275755 -2.849002 -0.409115
1.460000 -1.304054 -2.810305 -0.409114
1.470000 -1.331961 -2.770764 -0.409114
1.480000 -1.359469 -2.730393 -0.409113
1.490000 -1.386569 -2.689202 -0.409112
1.500000 -1.413253 -2.647205 -0.409111
1.510000 -1.439513 -2.604414 -0.409111
1.520000 -1.465342 -2.560841 -0.409110
1.530000 -1.490730 -2.516500 -0.409109
1.540000 -1.515672 -2.471404 -0.409108
1.550000 -1.540158 -2.425566 -0.409108
1.560000 -1.564183 -2.379001 -0.409107
1.570000 -1.587738 -2.331722 -0.409106
1.580000 -1.610817 -2.283744 -0.409105
1.590000 -1.633413 -2.235080 -0.409105
1.600000 -1.655519 -2.185747 -0.409104
1.610000 -1.677128 -2.135757 -0.409103
1.620000 -1.698234 -2.085126 -0.409102
1.630000 -1.718831 -2.033870 -0.409102
1.640000 -1.738911 -1.982004 -0.409101
1.650000 -1.758471 -1.929544 -0.409100
1.660000 -1.777502 -1.876504 -0.409100
1.670000 -1.796001 -1.822901 -0.409099
1.680000 -1.813960 -1.768752 -0.409098
1.690000 -1.831376 -1.714072 -0.409098
1.700000 -1.848242 -1.658878 -0.409097
1.710000 -1.864553 -1.603186 -0.409096
1.720000 -1.880306 -1.547013 -0.409096
1.730000 -1.895494 -1.490376 -0.409095
1.740000 -1.910113 -1.433292 -0.409095
1.750000 -1.924159 -1.375778 -0.409094
1.760000 -1.937629 -1.317851 -0.409093
1.770000 -1.950516 -1.259529 -0.409093
1.780000 -1.962819 -1.200829 -0.409092
1.790000 -1.974533 -1.141768 -0.409092
1.800000 -1.985655 -1.082366 -0.409091
1.810000 -1.996180 -1.022638 -0.409091
1.820000 -2.006107 -0.962604 -0.409091
1.830000 -2.015432 -0.902281 -0.409090
1.840000 -2.024153 -0.841687 -0.409090
1.850000 -2.032266 -0.780841 -0.409090
1.860000 -2.039770 -0.719760 -0.409089
1.870000 -2.046661 -0.658464 -0.409089
1.880000 -2.052939 -0.596970 -0.409089
1.890000 -2.058601 -0.535296 -0.409088
1.900000 -2.063645 -0.473463 -0.409088
1.910000 -2.068070 -0.411487 -0.409088
1.920000 -2.071875 -0.349388 -0.409088
1.930000 -2.075058 -0.287184 -0.409088
1.940000 -2.077618 -0.224894 -0.409088
1.950000 -2.079556 -0.162536 -0.409088
1.960000 -2.080869 -0.100130 -0.409088
1.970000 -2.081558 -0.037693 -0.409088
1.980000 -2.081623 0.024754 -0.409088
1.990000 -2.081063 0.087195 -0.409088
2.000000 -2.079879 0.149609 -0.409088
2.010000 -2.078071 0.211978 -0.409088
2.020000 -2.075639 0.274284 -0.409088
2.030000 -2.072585 0.336507 -0.409088
2.040000 -2.068909 0.398629 -0.409088
2.050000 -2.064613 0.460632 -0.409088
2.060000 -2.059697 0.522497 -0.409088
2.070000 -2.054163 0.584205 -0.409089
2.080000 -2.048013 0.645737 -0.409089
2.090000 -2.041248 0.707076 -0.409089
2.100000 -2.033871 0.768203 -0.409090
2.110000 -2.025884 0.829100 -0.409090
2.120000 -2.017289 0.889747 -0.409090
2.130000 -2.008089 0.950128 -0.409091
2.140000 -1.998287 1.010223 -0.409091
2.150000 -1.987885 1.070016 -0.409091
2.160000 -1.976886 1.129488 -0.409092
2.170000 -1.965295 1.188620 -0.409092
2.180000 -1.953114 1.247396 -0.409093
2.190000 -1.940347 1.305798 -0.409093
2.200000 -1.926998 1.363808 -0.409094
2.210000 -1.913071 1.421409 -0.409094
2.220000 -1.898570 1.478584 -0.409095
2.230000 -1.883499 1.535315 -0.409096
2.240000 -1.867863 1.591586 -0.409096
2.250000 -1.851667 1.647379 -0.409097
2.260000 -1.834916 1.702677 -0.409097
2.270000 -1.817614 1.757465 -0.409098
2.280000 -1.799766 1.811726 -0.409099
2.290000 -1.781379 1.865443 -0.409099
2.300000 -1.762458 1.918601 -0.409100
2.310000 -1.743007 1.971183 -0.409101
2.320000 -1.723034 2.023173 -0.409101
2.330000 -1.702544 2.074557 -0.409102
2.340000 -1.681543 2.125318 -0.409103
2.350000 -1.660037 2.175442 -0.409104
2.360000 -1.638034 2.224913 -0.409104
2.370000 -1.615539 2.273717 -0.409105
2.380000 -1.592560 2.321838 -0.409106
2.390000 -1.569102 2.369263 -0.409107
2.400000 -1.545174 2.415977 -0.409107
2.410000 -1.520783 2.461967 -0.409108
2.420000 -1.495935 2.507217 -0.409109
2.430000 -1.470638 2.551716 -0.409110
2.440000 -1.444901 2.595449 -0.409110
2.450000 -1.418730 2.638403 -0.409111
2.460000 -1.392133 2.680566 -0.409112
2.470000 -1.365118 2.721925 -0.409113
2.480000 -1.337694 2.762467 -0.409114
2.490000 -1.309869 2.802181 -0.409114
2.500000 -1.281651 2.841054 -0.409115
2.510000 -1.253048 2.879074 -0.409116
2.520000 -1.224069 2.916231 -0.409116
2.530000 -1.194723 2.952513 -0.409117
2.540000 -1.165019 2.987909 -0.409118
2.550000 -1.134965 3.022409 -0.409119
2.560000 -1.104571 3.056002 -0.409119
2.570000 -1.073845 3.088678 -0.409120
2.580000 -1.042797 3.120427 -0.409121
2.590000 -1.011436 3.151241 -0.409121
2.600000 -0.979772 3.181109 -0.409122
2.610000 -0.947814 3.210023 -0.409123
2.620000 -0.915572 3.237974 -0.409123
2.630000 -0.883055 3.264953 -0.409124
2.640000 -0.850273 3.290953 -0.409124
2.650000 -0.817236 3.315966 -0.409125
2.660000 -0.783953 3.339983 -0.409126
2.670000 -0.750436 3.362999 -0.409126
2.680000 -0.716693 3.385006 -0.409127
2.690000 -0.682736 3.405998 -0.409127
2.700000 -0.648574 3.425967 -0.409128
2.710000 -0.614217 3.444909 -0.409128
2.720000 -0.579675 3.462818 -0.409128
2.730000 -0.544960 3.479687 -0.409129
2.740000 -0.510082 3.495513 -0.409129
2.750000 -0.475050 3.510290 -0.409130
2.760000 -0.439876 3.524014 -0.409130
2.770000 -0.404570 3.536680 -0.409130
2.780000 -0.369142 3.548286 -0.409130
2.790000 -0.333604 3.558827 -0.409131
2.800000 -0.297966 3.568301 -0.409131
2.810000 -0.262238 3.576704 -0.409131
2.820000 -0.226432 3.584034 -0.409131
2.830000 -0.190557 3.590289 -0.409131
2.840000 -0.154626 3.595466 -0.409132
2.850000 -0.118648 3.599565 -0.409132
2.860000 -0.082634 3.602585 -0.409132
2.870000 -0.046596 3.604523 -0.409132
2.880000 -0.010544 3.605380 -0.409132
2.890000 0.025511 3.605156 -0.409132
2.900000 0.061559 3.603850 -0.409132
2.910000 0.097588 3.601462 -0.409132
2.920000 0.133588 3.597995 -0.409132
2.930000 0.169548 3.593448 -0.409132
2.940000 0.205457 3.587823 -0.409131
2.950000 0.241305 3.581121 -0.409131
2.960000 0.277080 3.573345 -0.409131
2.970000 0.312772 3.564498 -0.409131
2.980000 0.348370 3.554581 -0.409131
2.990000 0.383863 3.543597 -0.409130
3.000000 0.419242 3.531551 -0.409130
3.010000 0.454494 3.518444 -0.409130
3.020000 0.489611 3.504283 -0.409129
3.030000 0.524580 3.489070 -0.409129
3.040000 0.559392 3.472810 -0.409129
3.050000 0.594036 3.455509 -0.409128
3.060000 0.628502 3.437171 -0.409128
3.070000 0.662780 3.417802 -0.409127
3.080000 0.696858 3.397407 -0.409127
3.090000 0.730728 3.375993 -0.409126
3.100000 0.764378 3.353567 -0.409126
3.110000 0.797799 3.330134 -0.409125
3.120000 0.830981 3.305702 -0.409125
3.130000 0.863913 3.280279 -0.409124
3.140000 0.896586 3.253872 -0.409124
3.150000 0.928990 3.226488 -0.409123
3.160000 0.961116 3.198136 -0.409122
3.170000 0.992953 3.168825 -0.409122
3.180000 1.024493 3.138564 -0.409121
3.190000 1.055724 3.107360 -0.409120
3.200000 1.086640 3.075225 -0.409120
3.210000 1.117229 3.042167 -0.409119
3.220000 1.147483 3.008196 -0.409118
3.230000 1.177393 2.973323 -0.409118
3.240000 1.206950 2.937558 -0.409117
3.250000 1.236144 2.900911 -0.409116
3.260000 1.264968 2.863395 -0.409115
3.270000 1.293412 2.825019 -0.409115
3.280000 1.321468 2.785796 -0.409114
3.290000 1.349128 2.745737 -0.409113
3.300000 1.376383 2.704854 -0.409112
3.310000 1.403225 2.663160 -0.409112
3.320000 1.429646 2.620667 -0.409111
3.330000 1.455638 2.577388 -0.409110
3.340000 1.481194 2.533335 -0.409109
3.350000 1.506305 2.488523 -0.409109
3.360000 1.530964 2.442964 -0.409108
3.370000 1.555164 2.396672 -0.409107
3.380000 1.578898 2.349661 -0.409106
3.390000 1.602158 2.301945 -0.409106
3.400000 1.624937 2.253539 -0.409105
3.410000 1.647228 2.204456 -0.409104
3.420000 1.669026 2.154712 -0.409103
3.430000 1.690323 2.104322 -0.409103
3.440000 1.711112 2.053301 -0.409102
3.450000 1.731389 2.001663 -0.409101
3.460000 1.751145 1.949425 -0.409100
3.470000 1.770377 1.896602 -0.409100
3.480000 1.789078 1.843211 -0.409099
3.490000 1.807241 1.789266 -0.409098
3.500000 1.824863 1.734784 -0.409098
3.510000 1.841937 1.679782 -0.409097
3.520000 1.858458 1.624276 -0.409096
3.530000 1.874422 1.568283 -0.409096
3.540000 1.889824 1.511819 -0.409095
3.550000 1.904659 1.454902 -0.409095
3.560000 1.918922 1.397548 -0.409094
3.570000 1.932610 1.339775 -0.409094
3.580000 1.945718 1.281601 -0.409093
3.590000 1.958242 1.223041 -0.409093
3.600000 1.970179 1.164115 -0.409092
3.610000 1.981524 1.104839 -0.409092
3.620000 1.992275 1.045232 -0.409091
3.630000 2.002429 0.985312 -0.409091
3.640000 2.011982 0.925096 -0.409090
3.650000 2.020931 0.864602 -0.409090
3.660000 2.029274 0.803849 -0.409090
3.670000 2.037008 0.742855 -0.409089
3.680000 2.044131 0.681638 -0.409089
3.690000 2.050640 0.620216 -0.409089
3.700000 2.056535 0.558608 -0.409089
3.710000 2.061813 0.496833 -0.409088
3.720000 2.066472 0.434909 -0.409088
3.730000 2.070511 0.372854 -0.409088
3.740000 2.073929 0.310688 -0.409088
3.750000 2.076725 0.248428 -0.409088
3.760000 2.078897 0.186093 -0.409088
3.770000 2.080446 0.123703 -0.409088
3.780000 2.081371 0.061276 -0.409088
3.790000 2.081672 -0.001170 -0.409087
3.800000 2.081348 -0.063615 -0.409088
3.810000 2.080400 -0.126041 -0.409088
3.820000 2.078827 -0.188430 -0.409088
3.830000 2.076631 -0.250761 -0.409088
3.840000 2.073812 -0.313018 -0.409088
3.850000 2.070371 -0.375181 -0.409088
3.860000 2.066308 -0.437231 -0.409088
3.870000 2.061626 -0.499150 -0.409088
3.880000 2.056325 -0.560919 -0.409089
3.890000 2.050408 -0.622520 -0.409089
3.900000 2.043875 -0.683935 -0.409089
3.910000 2.036729 -0.745144 -0.409089
3.920000 2.028972 -0.806129 -0.409090
3.930000 2.020606 -0.866873 -0.409090
3.940000 2.011635 -0.927356 -0.409090
3.950000 2.002059 -0.987562 -0.409091
3.960000 1.991883 -1.047471 -0.409091
3.970000 1.981110 -1.107066 -0.409092
3.980000 1.969742 -1.166329 -0.409092
3.990000 1.957783 -1.225241 -0.409093
4.000000 1.945237 -1.283787 -0.409093
4.010000 1.932108 -1.341947 -0.409094
4.020000 1.918398 -1.399705 -0.409094
4.030000 1.904113 -1.457042 -0.409095
4.040000 1.889257 -1.513943 -0.409095
4.050000 1.873835 -1.570389 -0.409096
4.060000 1.857850 -1.626364 -0.409097
4.070000 1.841307 -1.681852 -0.409097
4.080000 1.824213 -1.736835 -0.409098
4.090000 1.806571 -1.791296 -0.409098
4.100000 1.788387 -1.845221 -0.409099
4.110000 1.769666 -1.898591 -0.409100
4.120000 1.750415 -1.951393 -0.409100
4.130000 1.730638 -2.003608 -0.409101
4.140000 1.710343 -2.055223 -0.409102
4.150000 1.689534 -2.106221 -0.409103
4.160000 1.668218 -2.156588 -0.409103
4.170000 1.646402 -2.206307 -0.409104
4.180000 1.624092 -2.255364 -0.409105
4.190000 1.601295 -2.303745 -0.409106
4.200000 1.578017 -2.351435 -0.409106
4.210000 1.554266 -2.398419 -0.409107
4.220000 1.530049 -2.444684 -0.409108
4.230000 1.505372 -2.490215 -0.409109
4.240000 1.480244 -2.534999 -0.409109
4.250000 1.454672 -2.579023 -0.409110
4.260000 1.428664 -2.622273 -0.409111
4.270000 1.402227 -2.664737 -0.409112
4.280000 1.375369 -2.706400 -0.409112
4.290000 1.348099 -2.747253 -0.409113
4.300000 1.320424 -2.787280 -0.409114
4.310000 1.292353 -2.826472 -0.409115
4.320000 1.263895 -2.864816 -0.409115
4.330000 1.235057 -2.902300 -0.409116
4.340000 1.205849 -2.938914 -0.409117
4.350000 1.176279 -2.974646 -0.409118
4.360000 1.146356 -3.009485 -0.409118
4.370000 1.116089 -3.043422 -0.409119
4.380000 1.085487 -3.076445 -0.409120
4.390000 1.054560 -3.108546 -0.409120
4.400000 1.023317 -3.139714 -0.409121
4.410000 0.991766 -3.169940 -0.409122
4.420000 0.959918 -3.199216 -0.409122
4.430000 0.927782 -3.227531 -0.409123
4.440000 0.895367 -3.254878 -0.409124
4.450000 0.862684 -3.281249 -0.409124
4.460000 0.829742 -3.306636 -0.409125
4.470000 0.796551 -3.331030 -0.409125
4.480000 0.763122 -3.354425 -0.409126
4.490000 0.729463 -3.376814 -0.409126
4.500000 0.695585 -3.398190 -0.409127
4.510000 0.661499 -3.418546 -0.409127
4.520000 0.627214 -3.437877 -0.409128
4.530000 0.592741 -3.456176 -0.409128
4.540000 0.558091 -3.473438 -0.409129
4.550000 0.523273 -3.489659 -0.409129
4.560000 0.488298 -3.504832 -0.409129
4.570000 0.453176 -3.518954 -0.409130
4.580000 0.417919 -3.532021 -0.409130
4.590000 0.382536 -3.544028 -0.409130
4.600000 0.347038 -3.554971 -0.409131
4.610000 0.311436 -3.564848 -0.409131
4.620000 0.275741 -3.573656 -0.409131
4.630000 0.239963 -3.581392 -0.409131
4.640000 0.204113 -3.588053 -0.409131
4.650000 0.168202 -3.593638 -0.409132
4.660000 0.132240 -3.598144 -0.409132
4.670000 0.096239 -3.601571 -0.409132
4.680000 0.060209 -3.603918 -0.409132
4.690000 0.024161 -3.605184 -0.409132
4.700000 -0.011895 -3.605368 -0.409132
4.710000 -0.047947 -3.604470 -0.409132
4.720000 -0.083984 -3.602491 -0.409132
4.730000 -0.119996 -3.599431 -0.409132
4.740000 -0.155973 -3.595292 -0.409132
4.750000 -0.191902 -3.590074 -0.409131
4.760000 -0.227774 -3.583779 -0.409131
4.770000 -0.263578 -3.576408 -0.409131
4.780000 -0.299302 -3.567965 -0.409131
4.790000 -0.334937 -3.558451 -0.409131
4.800000 -0.370471 -3.547870 -0.409130
4.810000 -0.405894 -3.536225 -0.409130
4.820000 -0.441196 -3.523518 -0.409130
4.830000 -0.476365 -3.509755 -0.409129
4.840000 -0.511391 -3.494939 -0.409129
4.850000 -0.546264 -3.479074 -0.409129
4.860000 -0.580972 -3.462165 -0.409128
4.870000 -0.615507 -3.444218 -0.409128
4.880000 -0.649857 -3.425238 -0.409127
4.890000 -0.684012 -3.405230 -0.409127
4.900000 -0.717961 -3.384200 -0.409127
4.910000 -0.751696 -3.362155 -0.409126
4.920000 -0.785204 -3.339102 -0.409126
4.930000 -0.818478 -3.315047 -0.409125
4.940000 -0.851505 -3.289997 -0.409124
4.950000 -0.884278 -3.263960 -0.409124
4.960000 -0.916785 -3.236944 -0.409123
4.970000 -0.949017 -3.208957 -0.409123
4.980000 -0.980964 -3.180007 -0.409122
4.990000 -1.012617 -3.150104 -0.409121
5.000000 -1.043966 -3.119255 -0.409121
5.010000 -1.075002 -3.087470 -0.409120
5.020000 -1.105715 -3.054760 -0.409119
5.030000 -1.136097 -3.021132 -0.409119
5.040000 -1.166138 -2.986599 -0.409118
5.050000 -1.195829 -2.951169 -0.409117
5.060000 -1.225161 -2.914855 -0.409116
5.070000 -1.254126 -2.877665 -0.409116
5.080000 -1.282715 -2.839613 -0.409115
5.090000 -1.310918 -2.800708 -0.409114
5.100000 -1.338729 -2.760963 -0.409113
5.110000 -1.366138 -2.720390 -0.409113
5.120000 -1.393137 -2.679001 -0.409112
5.130000 -1.419718 -2.636809 -0.409111
5.140000 -1.445873 -2.593825 -0.409110
5.150000 -1.471594 -2.550063 -0.409110
5.160000 -1.496874 -2.505536 -0.409109
5.170000 -1.521705 -2.460257 -0.409108
5.180000 -1.546079 -2.414240 -0.409107
5.190000 -1.569990 -2.367499 -0.409107
5.200000 -1.593429 -2.320048 -0.409106
5.210000 -1.616391 -2.271901 -0.409105
5.220000 -1.638867 -2.223072 -0.409104
5.230000 -1.660852 -2.173576 -0.409104
5.240000 -1.682339 -2.123428 -0.409103
5.250000 -1.703321 -2.072643 -0.409102
5.260000 -1.723792 -2.021237 -0.409101
5.270000 -1.743745 -1.969223 -0.409101
5.280000 -1.763176 -1.916620 -0.409100
5.290000 -1.782078 -1.863441 -0.409099
5.300000 -1.800445 -1.809703 -0.409099
5.310000 -1.818272 -1.755422 -0.409098
5.320000 -1.835553 -1.700615 -0.409097
5.330000 -1.852284 -1.645297 -0.409097
5.340000 -1.868459 -1.589486 -0.409096
5.350000 -1.884074 -1.533198 -0.409096
5.360000 -1.899123 -1.476450 -0.409095
5.370000 -1.913603 -1.419259 -0.409094
5.380000 -1.927508 -1.361643 -0.409094
5.390000 -1.940836 -1.303618 -0.409093
5.400000 -1.953581 -1.245201 -0.409093
5.410000 -1.965740 -1.186411 -0.409092
5.420000 -1.977309 -1.127266 -0.409092
5.430000 -1.988285 -1.067782 -0.409091
5.440000 -1.998665 -1.007978 -0.409091
5.450000 -2.008445 -0.947871 -0.409091
5.460000 -2.017622 -0.887480 -0.409090
5.470000 -2.026194 -0.826823 -0.409090
5.480000 -2.034158 -0.765917 -0.409089
5.490000 -2.041512 -0.704782 -0.409089
5.500000 -2.048254 -0.643436 -0.409089
5.510000 -2.054381 -0.581896 -0.409089
5.520000 -2.059892 -0.520182 -0.409088
5.530000 -2.064785 -0.458312 -0.409088
5.540000 -2.069058 -0.396304 -0.409088
5.550000 -2.072711 -0.334178 -0.409088
5.560000 -2.075742 -0.271951 -0.409088
5.570000 -2.078150 -0.209643 -0.409088
5.580000 -2.079935 -0.147271 -0.409088
5.590000 -2.081095 -0.084856 -0.409088
5.600000 -2.081632 -0.022415 -0.409088
5.610000 -2.081544 0.040033 -0.409088
5.620000 -2.080831 0.102468 -0.409088
5.630000 -2.079494 0.164873 -0.409088
5.640000 -2.077534 0.227228 -0.409088
5.650000 -2.074950 0.289516 -0.409088
5.660000 -2.071743 0.351716 -0.409088
5.670000 -2.067915 0.413811 -0.409088
5.680000 -2.063467 0.475782 -0.409088
5.690000 -2.058400 0.537610 -0.409088
5.700000 -2.052715 0.599276 -0.409089
5.710000 -2.046414 0.660763 -0.409089
5.720000 -2.039500 0.722052 -0.409089
5.730000 -2.031973 0.783124 -0.409090
5.740000 -2.023837 0.843961 -0.409090
5.750000 -2.015094 0.904545 -0.409090
5.760000 -2.005746 0.964858 -0.409091
5.770000 -1.995797 1.024881 -0.409091
5.780000 -1.985249 1.084597 -0.409092
5.790000 -1.974105 1.143987 -0.409092
5.800000 -1.962369 1.203034 -0.409092
5.810000 -1.950044 1.261720 -0.409093
5.820000 -1.937135 1.320028 -0.409093
5.830000 -1.923644 1.377940 -0.409094
5.840000 -1.909576 1.435438 -0.409095
5.850000 -1.894935 1.492506 -0.409095
5.860000 -1.879726 1.549126 -0.409096
5.870000 -1.863952 1.605281 -0.409096
5.880000 -1.847620 1.660954 -0.409097
5.890000 -1.830733 1.716130 -0.409098
5.900000 -1.813297 1.770790 -0.409098
5.910000 -1.795317 1.824919 -0.409099
5.920000 -1.776799 1.878501 -0.409100
5.930000 -1.757747 1.931519 -0.409100
5.940000 -1.738169 1.983958 -0.409101
5.950000 -1.718068 2.035802 -0.409102
5.960000 -1.697453 2.087034 -0.409102
5.970000 -1.676328 2.137641 -0.409103
5.980000 -1.654700 2.187606 -0.409104
5.990000 -1.632576 2.236916 -0.409105
6.000000 -1.609961 2.285554 -0.409105
6.010000 -1.586864 2.333506 -0.409106
6.020000 -1.563291 2.380758 -0.409107
6.030000 -1.539249 2.427296 -0.409108
6.040000 -1.514745 2.473106 -0.409108
6.050000 -1.489787 2.518174 -0.409109
6.060000 -1.464382 2.562487 -0.409110
6.070000 -1.438537 2.606031 -0.409111
6.080000 -1.412261 2.648793 -0.409111
6.090000 -1.385562 2.690760 -0.409112
6.100000 -1.358446 2.731920 -0.409113
6.110000 -1.330923 2.772261 -0.409114
6.120000 -1.303001 2.811770 -0.409114
6.130000 -1.274688 2.850435 -0.409115
6.140000 -1.245992 2.888245 -0.409116
6.150000 -1.216923 2.925189 -0.409117
6.160000 -1.187488 2.961255 -0.409117
6.170000 -1.157698 2.996433 -0.409118
6.180000 -1.127560 3.030712 -0.409119
6.190000 -1.097084 3.064081 -0.409120
6.200000 -1.066278 3.096532 -0.409120
6.210000 -1.035153 3.128053 -0.409121
6.220000 -1.003717 3.158636 -0.409122
6.230000 -0.971980 3.188272 -0.409122
6.240000 -0.939952 3.216951 -0.409123
6.250000 -0.907641 3.244665 -0.409123
6.260000 -0.875058 3.271405 -0.409124
6.270000 -0.842213 3.297164 -0.409125
6.280000 -0.809115 3.321934 -0.409125
6.290000 -0.775774 3.345707 -0.409126
6.300000 -0.742201 3.368477 -0.409126
6.310000 -0.708405 3.390236 -0.409127
6.320000 -0.674396 3.410978 -0.409127
6.330000 -0.640185 3.430697 -0.409128
6.340000 -0.605782 3.449386 -0.409128
6.350000 -0.571198 3.467041 -0.409128
6.360000 -0.536441 3.483656 -0.409129
6.370000 -0.501524 3.499225 -0.409129
6.380000 -0.466457 3.513745 -0.409130
6.390000 -0.431250 3.527210 -0.409130
6.400000 -0.395913 3.539618 -0.409130
6.410000 -0.360457 3.550963 -0.409130
6.420000 -0.324893 3.561244 -0.409131
6.430000 -0.289232 3.570456 -0.409131
6.440000 -0.253484 3.578596 -0.409131
6.450000 -0.217660 3.585663 -0.409131
6.460000 -0.181771 3.591655 -0.409131
6.470000 -0.145827 3.596569 -0.409132
6.480000 -0.109840 3.600404 -0.409132
6.490000 -0.073819 3.603159 -0.409132
6.500000 -0.037777 3.604833 -0.409132
6.510000 -0.001723 3.605425 -0.409132
6.520000 0.034332 3.604936 -0.409132
6.530000 0.070376 3.603365 -0.409132
6.540000 0.106399 3.600714 -0.409132
6.550000 0.142390 3.596982 -0.409132
6.560000 0.178339 3.592171 -0.409131
6.570000 0.214234 3.586282 -0.409131
6.580000 0.250065 3.579318 -0.409131
6.590000 0.285820 3.571280 -0.409131
6.600000 0.321490 3.562170 -0.409131
6.610000 0.357064 3.551992 -0.409131
6.620000 0.392530 3.540748 -0.409130
6.630000 0.427879 3.528442 -0.409130
6.640000 0.463099 3.515077 -0.409130
6.650000 0.498180 3.500658 -0.409129
6.660000 0.533112 3.485188 -0.409129
6.670000 0.567884 3.468674 -0.409129
6.680000 0.602485 3.451118 -0.409128
6.690000 0.636906 3.432527 -0.409128
6.700000 0.671136 3.412906 -0.409127
6.710000 0.705164 3.392262 -0.409127
6.720000 0.738981 3.370600 -0.409126
6.730000 0.772576 3.347926 -0.409126
6.740000 0.805940 3.324249 -0.409125
6.750000 0.839061 3.299574 -0.409125
6.760000 0.871931 3.273909 -0.409124
6.770000 0.904540 3.247262 -0.409123
6.780000 0.936876 3.219640 -0.409123
6.790000 0.968932 3.191053 -0.409122
6.800000 1.000698 3.161509 -0.409122
6.810000 1.032163 3.131016 -0.409121
6.820000 1.063318 3.099584 -0.409120
6.830000 1.094154 3.067222 -0.409120
6.840000 1.124662 3.033939 -0.409119
6.850000 1.154833 2.999747 -0.409118
6.860000 1.184657 2.964655 -0.409117
6.870000 1.214126 2.928673 -0.409117
6.880000 1.243231 2.891813 -0.409116
6.890000 1.271962 2.854085 -0.409115
6.900000 1.300312 2.815501 -0.409115
6.910000 1.328272 2.776072 -0.409114
6.920000 1.355834 2.735810 -0.409113
6.930000 1.382989 2.694728 -0.409112
6.940000 1.409728 2.652837 -0.409111
6.950000 1.436045 2.610150 -0.409111
6.960000 1.461931 2.566681 -0.409110
6.970000 1.487379 2.522441 -0.409109
6.980000 1.512380 2.477445 -0.409108
6.990000 1.536928 2.431705 -0.409108
7.000000 1.561014 2.385236 -0.409107
7.010000 1.584633 2.338051 -0.409106
7.020000 1.607775 2.290165 -0.409105
7.030000 1.630436 2.241592 -0.409105
7.040000 1.652607 2.192346 -0.409104
7.050000 1.674283 2.142443 -0.409103
7.060000 1.695456 2.091897 -0.409102
7.070000 1.716121 2.040723 -0.409102
7.080000 1.736271 1.988937 -0.409101
7.090000 1.755899 1.936555 -0.409100
7.100000 1.775002 1.883591 -0.409100
7.110000 1.793571 1.830063 -0.409099
7.120000 1.811603 1.775985 -0.409098
7.130000 1.829091 1.721375 -0.409098
7.140000 1.846030 1.666248 -0.409097
7.150000 1.862416 1.610621 -0.409096
7.160000 1.878243 1.554511 -0.409096
7.170000 1.893506 1.497935 -0.409095
7.180000 1.908202 1.440910 -0.409095
7.190000 1.922324 1.383452 -0.409094
7.200000 1.935871 1.325579 -0.409093
7.210000 1.948836 1.267308 -0.409093
7.220000 1.961217 1.208657 -0.409092
7.230000 1.973009 1.149644 -0.409092
7.240000 1.984210 1.090286 -0.409092
7.250000 1.994815 1.030600 -0.409091
7.260000 2.004822 0.970606 -0.409091
7.270000 2.014227 0.910320 -0.409090
7.280000 2.023028 0.849761 -0.409090
7.290000 2.031222 0.788947 -0.409090
7.300000 2.038807 0.727897 -0.409089
7.310000 2.045780 0.666628 -0.409089
7.320000 2.052140 0.605159 -0.409089
7.330000 2.057883 0.543509 -0.409089
7.340000 2.063010 0.481696 -0.409088
7.350000 2.067517 0.419738 -0.409088
7.360000 2.071404 0.357654 -0.409088
7.370000 2.074670 0.295463 -0.409088
7.380000 2.077314 0.233183 -0.409088
7.390000 2.079334 0.170833 -0.409088
7.400000 2.080730 0.108432 -0.409088
7.410000 2.081503 0.045999 -0.409088
7.420000 2.081650 -0.016448 -0.409088
7.430000 2.081174 -0.078891 -0.409088
7.440000 2.080073 -0.141309 -0.409088
7.450000 2.078347 -0.203686 -0.409088
7.460000 2.075999 -0.266001 -0.409088
7.470000 2.073027 -0.328236 -0.409088
7.480000 2.069434 -0.390373 -0.409088
7.490000 2.065220 -0.452393 -0.409088
7.500000 2.060386 -0.514277 -0.409088
7.510000 2.054934 -0.576007 -0.409089
7.520000 2.048866 -0.637564 -0.409089
7.530000 2.042183 -0.698930 -0.409089
7.540000 2.034887 -0.760086 -0.409089
7.550000 2.026981 -0.821014 -0.409090
7.560000 2.018467 -0.881696 -0.409090
7.570000 2.009347 -0.942113 -0.409091
7.580000 1.999625 -1.002247 -0.409091
7.590000 1.989303 -1.062081 -0.409091
7.600000 1.978383 -1.121597 -0.409092
7.610000 1.966871 -1.180775 -0.409092
7.620000 1.954768 -1.239600 -0.409093
7.630000 1.942079 -1.298053 -0.409093
7.640000 1.928807 -1.356116 -0.409094
7.650000 1.914956 -1.413772 -0.409094
7.660000 1.900531 -1.471005 -0.409095
7.670000 1.885536 -1.527796 -0.409095
7.680000 1.869975 -1.584128 -0.409096
7.690000 1.853854 -1.639986 -0.409097
7.700000 1.837176 -1.695351 -0.409097
7.710000 1.819947 -1.750208 -0.409098
7.720000 1.802172 -1.804540 -0.409099
7.730000 1.783856 -1.858330 -0.409099
7.740000 1.765005 -1.911563 -0.409100
7.750000 1.745625 -1.964223 -0.409101
7.760000 1.725720 -2.016293 -0.409101
7.770000 1.705299 -2.067758 -0.409102
7.780000 1.684365 -2.118603 -0.409103
7.790000 1.662927 -2.168812 -0.409104
7.800000 1.640989 -2.218371 -0.409104
7.810000 1.618559 -2.267264 -0.409105
7.820000 1.595644 -2.315477 -0.409106
7.830000 1.572250 -2.362996 -0.409107
7.840000 1.548384 -2.409805 -0.409107
7.850000 1.524054 -2.455892 -0.409108
7.860000 1.499266 -2.501242 -0.409109
7.870000 1.474029 -2.545841 -0.409110
7.880000 1.448349 -2.589677 -0.409110
7.890000 1.422235 -2.632736 -0.409111
7.900000 1.395695 -2.675004 -0.409112
7.910000 1.368735 -2.716471 -0.409113
7.920000 1.341365 -2.757122 -0.409113
7.930000 1.313593 -2.796947 -0.409114
7.940000 1.285426 -2.835932 -0.409115
7.950000 1.256874 -2.874067 -0.409116
7.960000 1.227945 -2.911339 -0.409116
7.970000 1.198647 -2.947738 -0.409117
7.980000 1.168990 -2.983252 -0.409118
7.990000 1.138982 -3.017872 -0.409119
8.000000 1.108633 -3.051586 -0.409119
8.010000 1.077950 -3.084385 -0.409120
8.020000 1.046945 -3.116258 -0.409121
8.030000 1.015625 -3.147197 -0.409121
8.040000 0.984001 -3.177191 -0.409122
8.050000 0.952081 -3.206232 -0.409123
8.060000 0.919876 -3.234312 -0.409123
8.070000 0.887395 -3.261421 -0.409124
8.080000 0.854648 -3.287552 -0.409124
8.090000 0.821644 -3.312696 -0.409125
8.100000 0.788394 -3.336846 -0.409125
8.110000 0.754907 -3.359996 -0.409126
8.120000 0.721194 -3.382138 -0.409126
8.130000 0.687265 -3.403264 -0.409127
8.140000 0.653129 -3.423370 -0.409127
8.150000 0.618797 -3.442449 -0.409128
8.160000 0.584280 -3.460495 -0.409128
8.170000 0.549587 -3.477503 -0.409129
8.180000 0.514730 -3.493468 -0.409129
8.190000 0.479718 -3.508385 -0.409129
8.200000 0.444562 -3.522249 -0.409130
8.210000 0.409273 -3.535057 -0.409130
8.220000 0.373861 -3.546804 -0.409130
8.230000 0.338337 -3.557487 -0.409131
8.240000 0.302711 -3.567102 -0.409131
8.250000 0.266995 -3.575648 -0.409131
8.260000 0.231198 -3.583121 -0.409131
8.270000 0.195332 -3.589519 -0.409131
8.280000 0.159408 -3.594840 -0.409132
8.290000 0.123436 -3.599082 -0.409132
8.300000 0.087426 -3.602245 -0.409132
8.310000 0.051391 -3.604328 -0.409132
8.320000 0.015340 -3.605329 -0.409132
8.330000 -0.020716 -3.605248 -0.409132
8.340000 -0.056765 -3.604086 -0.409132
8.350000 -0.092798 -3.601842 -0.409132
8.360000 -0.128802 -3.598518 -0.409132
8.370000 -0.164768 -3.594115 -0.409132
8.380000 -0.200684 -3.588633 -0.409131
8.390000 -0.236541 -3.582075 -0.409131
8.400000 -0.272326 -3.574442 -0.409131
8.410000 -0.308030 -3.565736 -0.409131
8.420000 -0.343641 -3.555961 -0.409131
8.430000 -0.379149 -3.545119 -0.409130
8.440000 -0.414543 -3.533214 -0.409130
8.450000 -0.449813 -3.520249 -0.409130
8.460000 -0.484948 -3.506227 -0.409129
8.470000 -0.519938 -3.491154 -0.409129
8.480000 -0.554771 -3.475033 -0.409129
8.490000 -0.589438 -3.457870 -0.409128
8.500000 -0.623928 -3.439670 -0.409128
8.510000 -0.658232 -3.420437 -0.409127
8.520000 -0.692337 -3.400179 -0.409127
8.530000 -0.726235 -3.378900 -0.409126
8.540000 -0.759915 -3.356608 -0.409126
8.550000 -0.793367 -3.333309 -0.409125
8.560000 -0.826581 -3.309009 -0.409125
8.570000 -0.859548 -3.283717 -0.409124
8.580000 -0.892256 -3.257440 -0.409124
8.590000 -0.924696 -3.230186 -0.409123
8.600000 -0.956859 -3.201963 -0.409122
8.610000 -0.988736 -3.172779 -0.409122
8.620000 -1.020315 -3.142643 -0.409121
8.630000 -1.051588 -3.111565 -0.409121
8.640000 -1.082546 -3.079553 -0.409120
8.650000 -1.113180 -3.046617 -0.409119
8.660000 -1.143479 -3.012767 -0.409118
8.670000 -1.173435 -2.978013 -0.409118
8.680000 -1.203039 -2.942366 -0.409117
8.690000 -1.232282 -2.905836 -0.409116
8.700000 -1.261156 -2.868435 -0.409116
8.710000 -1.289651 -2.830172 -0.409115
8.720000 -1.317759 -2.791061 -0.409114
8.730000 -1.345472 -2.751113 -0.409113
8.740000 -1.372781 -2.710339 -0.409113
8.750000 -1.399679 -2.668752 -0.409112
8.760000 -1.426156 -2.626365 -0.409111
8.770000 -1.452206 -2.583189 -0.409110
8.780000 -1.477820 -2.539239 -0.409109
8.790000 -1.502991 -2.494527 -0.409109
8.800000 -1.527711 -2.449066 -0.409108
8.810000 -1.551972 -2.402871 -0.409107
8.820000 -1.575768 -2.355955 -0.409106
8.830000 -1.599091 -2.308332 -0.409106
8.840000 -1.621935 -2.260016 -0.409105
8.850000 -1.644292 -2.211023 -0.409104
8.860000 -1.666155 -2.161366 -0.409103
8.870000 -1.687519 -2.111061 -0.409103
8.880000 -1.708376 -2.060123 -0.409102
8.890000 -1.728721 -2.008566 -0.409101
8.900000 -1.748548 -1.956407 -0.409101
8.910000 -1.767850 -1.903661 -0.409100
8.920000 -1.786621 -1.850344 -0.409099
8.930000 -1.804856 -1.796472 -0.409099
8.940000 -1.822550 -1.742061 -0.409098
8.950000 -1.839698 -1.687127 -0.409097
8.960000 -1.856293 -1.631687 -0.409097
8.970000 -1.872331 -1.575758 -0.409096
8.980000 -1.887808 -1.519356 -0.409095
8.990000 -1.902719 -1.462498 -0.409095
9.000000 -1.917058 -1.405201 -0.409094
9.010000 -1.930823 -1.347483 -0.409094
9.020000 -1.944008 -1.289361 -0.409093
9.030000 -1.956610 -1.230851 -0.409093
9.040000 -1.968625 -1.171973 -0.409092
9.050000 -1.980049 -1.112743 -0.409092
9.060000 -1.990880 -1.053179 -0.409091
9.070000 -2.001113 -0.993299 -0.409091
9.080000 -2.010746 -0.933121 -0.409090
9.090000 -2.019775 -0.872663 -0.409090
9.100000 -2.028199 -0.811944 -0.409090
9.110000 -2.036014 -0.750981 -0.409089
9.120000 -2.043219 -0.689792 -0.409089
9.130000 -2.049810 -0.628397 -0.409089
9.140000 -2.055786 -0.566813 -0.409089
9.150000 -2.061146 -0.505059 -0.409088
9.160000 -2.065888 -0.443153 -0.409088
9.170000 -2.070009 -0.381115 -0.409088
9.180000 -2.073510 -0.318962 -0.409088
9.190000 -2.076389 -0.256713 -0.409088
9.200000 -2.078644 -0.194388 -0.409088
9.210000 -2.080276 -0.132004 -0.409088
9.220000 -2.081284 -0.069581 -0.409088
9.230000 -2.081668 -0.007136 -0.409087
9.240000 -2.081427 0.055310 -0.409088
9.250000 -2.080562 0.117740 -0.409088
9.260000 -2.079072 0.180134 -0.409088
9.270000 -2.076959 0.242475 -0.409088
9.280000 -2.074223 0.304743 -0.409088
9.290000 -2.070864 0.366919 -0.409088
9.300000 -2.066884 0.428985 -0.409088
9.310000 -2.062284 0.490923 -0.409088
9.320000 -2.057066 0.552713 -0.409089
9.330000 -2.051230 0.614337 -0.409089
9.340000 -2.044779 0.675777 -0.409089
9.350000 -2.037715 0.737015 -0.409089
9.360000 -2.030039 0.798031 -0.409090
9.370000 -2.021754 0.858808 -0.409090
9.380000 -2.012863 0.919327 -0.409090
9.390000 -2.003368 0.979571 -0.409091
9.400000 -1.993271 1.039520 -0.409091
9.410000 -1.982577 1.099158 -0.409092
9.420000 -1.971288 1.158466 -0.409092
9.430000 -1.959408 1.217426 -0.409093
9.440000 -1.946940 1.276022 -0.409093
9.450000 -1.933887 1.334234 -0.409094
9.460000 -1.920255 1.392046 -0.409094
9.470000 -1.906046 1.449441 -0.409095
9.480000 -1.891266 1.506400 -0.409095
9.490000 -1.875918 1.562908 -0.409096
9.500000 -1.860008 1.618947 -0.409096
9.510000 -1.843539 1.674500 -0.409097
9.520000 -1.826518 1.729551 -0.409098
9.530000 -1.808948 1.784083 -0.409098
9.540000 -1.790836 1.838080 -0.409099
9.550000 -1.772187 1.891525 -0.409100
9.560000 -1.753006 1.944403 -0.409100
9.570000 -1.733299 1.996698 -0.409101
9.580000 -1.713072 2.048393 -0.409102
9.590000 -1.692331 2.099474 -0.409103
9.600000 -1.671082 2.149926 -0.409103
9.610000 -1.649332 2.199732 -0.409104
9.620000 -1.627088 2.248878 -0.409105
9.630000 -1.604355 2.297350 -0.409105
9.640000 -1.581141 2.345132 -0.409106
9.650000 -1.557452 2.392211 -0.409107
9.660000 -1.533296 2.438572 -0.409108
9.670000 -1.508681 2.484202 -0.409109
9.680000 -1.483612 2.529086 -0.409109
9.690000 -1.458099 2.573212 -0.409110
9.700000 -1.432148 2.616566 -0.409111
9.710000 -1.405768 2.659134 -0.409112
9.720000 -1.378966 2.700905 -0.409112
9.730000 -1.351750 2.741866 -0.409113
9.740000 -1.324128 2.782004 -0.409114
9.750000 -1.296110 2.821308 -0.409115
9.760000 -1.267702 2.859765 -0.409115
9.770000 -1.238914 2.897364 -0.409116
9.780000 -1.209755 2.934094 -0.409117
9.790000 -1.180232 2.969944 -0.409118
9.800000 -1.150356 3.004903 -0.409118
9.810000 -1.120134 3.038960 -0.409119
9.820000 -1.089577 3.072106 -0.409120
9.830000 -1.058692 3.104330 -0.409120
9.840000 -1.027490 3.135623 -0.409121
9.850000 -0.995980 3.165975 -0.409122
9.860000 -0.964171 3.195377 -0.409122
9.870000 -0.932072 3.223821 -0.409123
9.880000 -0.899694 3.251297 -0.409124
9.890000 -0.867046 3.277798 -0.409124
9.900000 -0.834138 3.303316 -0.409125
9.910000 -0.800980 3.327843 -0.409125
9.920000 -0.767581 3.351371 -0.409126
9.930000 -0.733952 3.373894 -0.409126
9.940000 -0.700103 3.395405 -0.409127
9.950000 -0.666044 3.415897 -0.409127
9.960000 -0.631786 3.435365 -0.409128
9.970000 -0.597337 3.453802 -0.409128
9.980000 -0.562709 3.471202 -0.409129
9.990000 -0.527913 3.487562 -0.409129
10.000000 -0.492958 3.502875 -0.409129
10.010000 -0.457856 3.517137 -0.409130
10.020000 -0.422616 3.530344 -0.409130
10.030000 -0.387249 3.542492 -0.409130
10.040000 -0.351766 3.553577 -0.409131
10.050000 -0.316177 3.563596 -0.409131
10.060000 -0.280494 3.572546 -0.409131
10.070000 -0.244726 3.580425 -0.409131
10.080000 -0.208885 3.587229 -0.409131
10.090000 -0.172982 3.592957 -0.409132
10.100000 -0.137026 3.597607 -0.409132
10.110000 -0.101029 3.601178 -0.409132
10.120000 -0.065003 3.603668 -0.409132
10.130000 -0.028956 3.605078 -0.409132
10.140000 0.007099 3.605406 -0.409132
10.150000 0.043152 3.604652 -0.409132
10.160000 0.079192 3.602817 -0.409132
10.170000 0.115208 3.599901 -0.409132
10.180000 0.151190 3.595905 -0.409132
10.190000 0.187126 3.590830 -0.409131
10.200000 0.223007 3.584678 -0.409131
10.210000 0.258820 3.577450 -0.409131
10.220000 0.294556 3.569150 -0.409131
10.230000 0.330203 3.559778 -0.409131
10.240000 0.365751 3.549339 -0.409130
10.250000 0.401190 3.537835 -0.409130
10.260000 0.436508 3.525270 -0.409130
10.270000 0.471695 3.511647 -0.409130
10.280000 0.506741 3.496970 -0.409129
10.290000 0.541635 3.481244 -0.409129
10.300000 0.576366 3.464474 -0.409128
10.310000 0.610924 3.446665 -0.409128
10.320000 0.645299 3.427822 -0.409128
10.330000 0.679480 3.407950 -0.409127
10.340000 0.713458 3.387056 -0.409127
10.350000 0.747222 3.365146 -0.409126
10.360000 0.780761 3.342226 -0.409126
10.370000 0.814066 3.318304 -0.409125
10.380000 0.847127 3.293386 -0.409124
10.390000 0.879934 3.267480 -0.409124
10.400000 0.912477 3.240594 -0.409123
10.410000 0.944746 3.212735 -0.409123
10.420000 0.976731 3.183913 -0.409122
10.430000 1.008424 3.154136 -0.409121
10.440000 1.039814 3.123412 -0.409121
10.450000 1.070892 3.091752 -0.409120
10.460000 1.101649 3.059163 -0.409119
10.470000 1.132075 3.025658 -0.409119
10.480000 1.162162 2.991244 -0.409118
10.490000 1.191900 2.955933 -0.409117
10.500000 1.221281 2.919735 -0.409117
10.510000 1.250295 2.882662 -0.409116
10.520000 1.278934 2.844723 -0.409115
10.530000 1.307190 2.805931 -0.409114
10.540000 1.335053 2.766298 -0.409114
10.550000 1.362515 2.725834 -0.409113
10.560000 1.389569 2.684553 -0.409112
10.570000 1.416207 2.642466 -0.409111
10.580000 1.442419 2.599587 -0.409111
10.590000 1.468198 2.555928 -0.409110
10.600000 1.493537 2.511502 -0.409109
10.610000 1.518428 2.466322 -0.409108
10.620000 1.542864 2.420403 -0.409107
10.630000 1.566836 2.373757 -0.409107
10.640000 1.590339 2.326400 -0.409106
10.650000 1.613364 2.278344 -0.409105
10.660000 1.635906 2.229605 -0.409104
10.670000 1.657956 2.180197 -0.409104
10.680000 1.679510 2.130135 -0.409103
10.690000 1.700559 2.079434 -0.409102
10.700000 1.721098 2.028109 -0.409102
10.710000 1.741121 1.976176 -0.409101
10.720000 1.760622 1.923650 -0.409100
10.730000 1.779594 1.870547 -0.409099
10.740000 1.798033 1.816882 -0.409099
10.750000 1.815932 1.762673 -0.409098
10.760000 1.833286 1.707934 -0.409097
10.770000 1.850091 1.652684 -0.409097
10.780000 1.866340 1.596937 -0.409096
10.790000 1.882029 1.540712 -0.409096
10.800000 1.897154 1.484024 -0.409095
10.810000 1.911710 1.426891 -0.409094
10.820000 1.925692 1.369330 -0.409094
10.830000 1.939096 1.311358 -0.409093
10.840000 1.951919 1.252993 -0.409093
10.850000 1.964156 1.194252 -0.409092
10.860000 1.975804 1.135152 -0.409092
10.870000 1.986859 1.075712 -0.409091
10.880000 1.997318 1.015950 -0.409091
10.890000 2.007178 0.955882 -0.409091
10.900000 2.016436 0.895528 -0.409090
10.910000 2.025089 0.834905 -0.409090
10.920000 2.033134 0.774032 -0.409090
10.930000 2.040570 0.712926 -0.409089
10.940000 2.047393 0.651607 -0.409089
10.950000 2.053602 0.590092 -0.409089
10.960000 2.059195 0.528400 -0.409088
10.970000 2.064170 0.466550 -0.409088
10.980000 2.068526 0.404559 -0.409088
10.990000 2.072261 0.342447 -0.409088
11.000000 2.075375 0.280233 -0.409088
11.010000 2.077866 0.217934 -0.409088
11.020000 2.079733 0.155570 -0.409088
11.030000 2.080977 0.093160 -0.409088
11.040000 2.081596 0.030721 -0.409088
11.050000 2.081591 -0.031727 -0.409088
11.060000 2.080962 -0.094165 -0.409088
11.070000 2.079708 -0.156575 -0.409088
11.080000 2.077830 -0.218938 -0.409088
11.090000 2.075329 -0.281236 -0.409088
11.100000 2.072206 -0.343449 -0.409088
11.110000 2.068460 -0.405559 -0.409088
11.120000 2.064095 -0.467547 -0.409088
11.130000 2.059109 -0.529395 -0.409088
11.140000 2.053507 -0.591084 -0.409089
11.150000 2.047288 -0.652596 -0.409089
11.160000 2.040455 -0.713912 -0.409089
11.170000 2.033009 -0.775014 -0.409090
11.180000 2.024954 -0.835884 -0.409090
11.190000 2.016292 -0.896502 -0.409090
11.200000 2.007024 -0.956852 -0.409091
11.210000 1.997155 -1.016915 -0.409091
11.220000 1.986686 -1.076672 -0.409091
11.230000 1.975621 -1.136107 -0.409092
11.240000 1.963964 -1.195201 -0.409092
11.250000 1.951717 -1.253936 -0.409093
11.260000 1.938885 -1.312295 -0.409093
11.270000 1.925471 -1.370260 -0.409094
11.280000 1.911480 -1.427815 -0.409094
11.290000 1.896915 -1.484941 -0.409095
11.300000 1.881781 -1.541621 -0.409096
11.310000 1.866083 -1.597839 -0.409096
11.320000 1.849824 -1.653578 -0.409097
11.330000 1.833011 -1.708820 -0.409097
11.340000 1.815648 -1.763550 -0.409098
11.350000 1.797740 -1.817751 -0.409099
11.360000 1.779293 -1.871406 -0.409099
11.370000 1.760312 -1.924501 -0.409100
11.380000 1.740803 -1.977017 -0.409101
11.390000 1.720772 -2.028941 -0.409102
11.400000 1.700224 -2.080256 -0.409102
11.410000 1.679167 -2.130947 -0.409103
11.420000 1.657605 -2.180998 -0.409104
11.430000 1.635547 -2.230395 -0.409104
11.440000 1.612997 -2.279124 -0.409105
11.450000 1.589964 -2.327168 -0.409106
11.460000 1.566454 -2.374514 -0.409107
11.470000 1.542474 -2.421148 -0.409107
11.480000 1.518031 -2.467056 -0.409108
11.490000 1.493133 -2.512223 -0.409109
11.500000 1.467786 -2.556637 -0.409110
11.510000 1.442000 -2.600284 -0.409111
11.520000 1.415781 -2.643151 -0.409111
11.530000 1.389137 -2.685224 -0.409112
11.540000 1.362076 -2.726493 -0.409113
11.550000 1.334607 -2.766943 -0.409114
11.560000 1.306737 -2.806563 -0.409114
11.570000 1.278476 -2.845341 -0.409115
11.580000 1.249831 -2.883266 -0.409116
11.590000 1.220811 -2.920325 -0.409117
11.600000 1.191424 -2.956509 -0.409117
11.610000 1.161680 -2.991805 -0.409118
11.620000 1.131588 -3.026204 -0.409119
11.630000 1.101156 -3.059696 -0.409119
11.640000 1.070394 -3.092269 -0.409120
11.650000 1.039311 -3.123914 -0.409121
11.660000 1.007916 -3.154623 -0.409121
11.670000 0.976218 -3.184385 -0.409122
11.680000 0.944228 -3.213192 -0.409123
11.690000 0.911955 -3.241034 -0.409123
11.700000 0.879407 -3.267905 -0.409124
11.710000 0.846596 -3.293795 -0.409124
11.720000 0.813532 -3.318697 -0.409125
11.730000 0.780223 -3.342603 -0.409126
11.740000 0.746679 -3.365507 -0.409126
11.750000 0.712912 -3.387400 -0.409127
11.760000 0.678931 -3.408278 -0.409127
11.770000 0.644747 -3.428133 -0.409128
11.780000 0.610369 -3.446960 -0.409128
11.790000 0.575808 -3.464753 -0.409128
11.800000 0.541074 -3.481506 -0.409129
11.810000 0.506178 -3.497215 -0.409129
11.820000 0.471129 -3.511874 -0.409130
11.830000 0.435940 -3.525480 -0.409130
11.840000 0.400620 -3.538029 -0.409130
11.850000 0.365179 -3.549516 -0.409130
11.860000 0.329630 -3.559938 -0.409131
11.870000 0.293981 -3.569292 -0.409131
11.880000 0.258244 -3.577575 -0.409131
11.890000 0.222429 -3.584785 -0.409131
11.900000 0.186548 -3.590920 -0.409131
11.910000 0.150611 -3.595978 -0.409132
11.920000 0.114628 -3.599956 -0.409132
11.930000 0.078612 -3.602855 -0.409132
11.940000 0.042571 -3.604672 -0.409132
11.950000 0.006518 -3.605409 -0.409132
11.960000 -0.029537 -3.605064 -0.409132
11.970000 -0.065583 -3.603637 -0.409132
11.980000 -0.101610 -3.601129 -0.409132
11.990000 -0.137606 -3.597541 -0.409132
12.000000 -0.173560 -3.592873 -0.409132
12.010000 -0.209463 -3.587128 -0.409131
12.020000 -0.245303 -3.580306 -0.409131
12.030000 -0.281069 -3.572411 -0.409131
12.040000 -0.316751 -3.563443 -0.409131
12.050000 -0.352338 -3.553407 -0.409131
12.060000 -0.387819 -3.542305 -0.409130
12.070000 -0.423184 -3.530140 -0.409130
12.080000 -0.458422 -3.516916 -0.409130
12.090000 -0.493522 -3.502636 -0.409129
12.100000 -0.528475 -3.487306 -0.409129
12.110000 -0.563269 -3.470930 -0.409129
12.120000 -0.597893 -3.453513 -0.409128
12.130000 -0.632339 -3.435059 -0.409128
12.140000 -0.666595 -3.415575 -0.409127
12.150000 -0.700650 -3.395067 -0.409127
12.160000 -0.734496 -3.373539 -0.409126
12.170000 -0.768121 -3.351000 -0.409126
12.180000 -0.801516 -3.327456 -0.409125
12.190000 -0.834670 -3.302913 -0.409125
12.200000 -0.867574 -3.277379 -0.409124
12.210000 -0.900218 -3.250862 -0.409124
12.220000 -0.932591 -3.223370 -0.409123
12.230000 -0.964685 -3.194911 -0.409122
12.240000 -0.996490 -3.165493 -0.409122
12.250000 -1.027995 -3.135126 -0.409121
12.260000 -1.059192 -3.103818 -0.409120
12.270000 -1.090071 -3.071579 -0.409120
12.280000 -1.120624 -3.038419 -0.409119
12.290000 -1.150840 -3.004347 -0.409118
12.300000 -1.180711 -2.969374 -0.409118
12.310000 -1.210227 -2.933510 -0.409117
12.320000 -1.239381 -2.896766 -0.409116
12.330000 -1.268163 -2.859152 -0.409115
12.340000 -1.296564 -2.820681 -0.409115
12.350000 -1.324576 -2.781364 -0.409114
12.360000 -1.352191 -2.741213 -0.409113
12.370000 -1.379401 -2.700239 -0.409112
12.380000 -1.406196 -2.658455 -0.409112
12.390000 -1.432570 -2.615874 -0.409111
12.400000 -1.458513 -2.572507 -0.409110
12.410000 -1.484020 -2.528369 -0.409109
12.420000 -1.509081 -2.483473 -0.409109
12.430000 -1.533689 -2.437831 -0.409108
12.440000 -1.557837 -2.391458 -0.409107
12.450000 -1.581518 -2.344368 -0.409106
12.460000 -1.604725 -2.296574 -0.409105
12.470000 -1.627450 -2.248092 -0.409105
12.480000 -1.649687 -2.198935 -0.409104
12.490000 -1.671429 -2.149118 -0.409103
12.500000 -1.692669 -2.098657 -0.409103
12.510000 -1.713402 -2.047565 -0.409102
12.520000 -1.733620 -1.995860 -0.409101
12.530000 -1.753319 -1.943556 -0.409100
12.540000 -1.772491 -1.890669 -0.409100
12.550000 -1.791132 -1.837215 -0.409099
12.560000 -1.809236 -1.783209 -0.409098
12.570000 -1.826796 -1.728669 -0.409098
12.580000 -1.843809 -1.673609 -0.409097
12.590000 -1.860269 -1.618048 -0.409096
12.600000 -1.876170 -1.562002 -0.409096
12.610000 -1.891509 -1.505486 -0.409095
12.620000 -1.906280 -1.448520 -0.409095
12.630000 -1.920479 -1.391118 -0.409094
12.640000 -1.934102 -1.333300 -0.409094
12.650000 -1.947145 -1.275081 -0.409093
12.660000 -1.959604 -1.216480 -0.409093
12.670000 -1.971475 -1.157513 -0.409092
12.680000 -1.982754 -1.098200 -0.409092
12.690000 -1.993439 -1.038557 -0.409091
12.700000 -2.003525 -0.978603 -0.409091
12.710000 -2.013011 -0.918355 -0.409090
12.720000 -2.021892 -0.857831 -0.409090
12.730000 -2.030167 -0.797050 -0.409090
12.740000 -2.037833 -0.736030 -0.409089
12.750000 -2.044888 -0.674789 -0.409089
12.760000 -2.051329 -0.613346 -0.409089
12.770000 -2.057155 -0.551719 -0.409089
12.780000 -2.062363 -0.489926 -0.409088
12.790000 -2.066953 -0.427986 -0.409088
12.800000 -2.070923 -0.365918 -0.409088
12.810000 -2.074272 -0.303740 -0.409088
12.820000 -2.076998 -0.241471 -0.409088
12.830000 -2.079101 -0.179130 -0.409088
12.840000 -2.080581 -0.116734 -0.409088
12.850000 -2.081436 -0.054304 -0.409088
12.860000 -2.081667 0.008142 -0.409087
12.870000 -2.081273 0.070586 -0.409088
12.880000 -2.080255 0.133009 -0.409088
12.890000 -2.078613 0.195392 -0.409088
12.900000 -2.076347 0.257717 -0.409088
12.910000 -2.073459 0.319964 -0.409088
12.920000 -2.069948 0.382115 -0.409088
12.930000 -2.065816 0.444151 -0.409088
12.940000 -2.061065 0.506055 -0.409088
12.950000 -2.055695 0.567806 -0.409089
12.960000 -2.049709 0.629387 -0.409089
12.970000 -2.043107 0.690779 -0.409089
12.980000 -2.035893 0.751964 -0.409089
12.990000 -2.028068 0.812924 -0.409090
13.000000 -2.019635 0.873639 -0.409090
13.010000 -2.010595 0.934093 -0.409090
13.020000 -2.000953 0.994266 -0.409091
13.030000 -1.990710 1.054141 -0.409091
13.040000 -1.979870 1.113700 -0.409092
13.050000 -1.968436 1.172924 -0.409092
13.060000 -1.956411 1.231797 -0.409093
13.070000 -1.943800 1.290300 -0.409093
13.080000 -1.930605 1.348416 -0.409094
13.090000 -1.916832 1.406128 -0.409094
13.100000 -1.902483 1.463417 -0.409095
13.110000 -1.887563 1.520268 -0.409095
13.120000 -1.872078 1.576663 -0.409096
13.130000 -1.856030 1.632584 -0.409097
13.140000 -1.839426 1.688016 -0.409097
13.150000 -1.822270 1.742942 -0.409098
13.160000 -1.804567 1.797344 -0.409099
13.170000 -1.786323 1.851208 -0.409099
13.180000 -1.767543 1.904516 -0.409100
13.190000 -1.748233 1.957252 -0.409101
13.200000 -1.728398 2.009402 -0.409101
13.210000 -1.708045 2.060948 -0.409102
13.220000 -1.687179 2.111877 -0.409103
13.230000 -1.665807 2.162171 -0.409103
13.240000 -1.643935 2.211818 -0.409104
13.250000 -1.621571 2.260800 -0.409105
13.260000 -1.598719 2.309104 -0.409106
13.270000 -1.575389 2.356716 -0.409106
13.280000 -1.551585 2.403621 -0.409107
13.290000 -1.527316 2.449804 -0.409108
13.300000 -1.502589 2.495253 -0.409109
13.310000 -1.477411 2.539953 -0.409109
13.320000 -1.451790 2.583891 -0.409110
13.330000 -1.425733 2.627054 -0.409111
13.340000 -1.399249 2.669428 -0.409112
13.350000 -1.372345 2.711002 -0.409113
13.360000 -1.345029 2.751763 -0.409113
13.370000 -1.317309 2.791698 -0.409114
13.380000 -1.289195 2.830796 -0.409115
13.390000 -1.260694 2.869044 -0.409116
13.400000 -1.231814 2.906431 -0.409116
13.410000 -1.202565 2.942947 -0.409117
13.420000 -1.172955 2.978580 -0.409118
13.430000 -1.142993 3.013319 -0.409118
13.440000 -1.112689 3.047154 -0.409119
13.450000 -1.082050 3.080076 -0.409120
13.460000 -1.051087 3.112073 -0.409121
13.470000 -1.019809 3.143136 -0.409121
13.480000 -0.988224 3.173257 -0.409122
13.490000 -0.956344 3.202425 -0.409122
13.500000 -0.924176 3.230633 -0.409123
13.510000 -0.891731 3.257871 -0.409124
13.520000 -0.859019 3.284133 -0.409124
13.530000 -0.826048 3.309409 -0.409125
13.540000 -0.792830 3.333692 -0.409125
13.550000 -0.759375 3.356975 -0.409126
13.560000 -0.725691 3.379251 -0.409126
13.570000 -0.691790 3.400513 -0.409127
13.580000 -0.657681 3.420755 -0.409127
13.590000 -0.623374 3.439971 -0.409128
13.600000 -0.588881 3.458155 -0.409128
13.610000 -0.554211 3.475301 -0.409129
13.620000 -0.519375 3.491405 -0.409129
13.630000 -0.484383 3.506461 -0.409129
13.640000 -0.449246 3.520466 -0.409130
13.650000 -0.413974 3.533414 -0.409130
13.660000 -0.378578 3.545302 -0.409130
13.670000 -0.343068 3.556127 -0.409131
13.680000 -0.307455 3.565885 -0.409131
13.690000 -0.271750 3.574573 -0.409131
13.700000 -0.235964 3.582189 -0.409131
13.710000 -0.200106 3.588730 -0.409131
13.720000 -0.164189 3.594194 -0.409132
13.730000 -0.128223 3.598580 -0.409132
13.740000 -0.092217 3.601887 -0.409132
13.750000 -0.056185 3.604113 -0.409132
13.760000 -0.020135 3.605258 -0.409132
13.770000 0.015920 3.605321 -0.409132
13.780000 0.051971 3.604303 -0.409132
13.790000 0.088006 3.602203 -0.409132
13.800000 0.124015 3.599023 -0.409132
13.810000 0.159987 3.594763 -0.409132
13.820000 0.195911 3.589424 -0.409131
13.830000 0.231775 3.583009 -0.409131
13.840000 0.267571 3.575519 -0.409131
13.850000 0.303286 3.566956 -0.409131
13.860000 0.338910 3.557323 -0.409131
13.870000 0.374432 3.546623 -0.409130
13.880000 0.409842 3.534859 -0.409130
13.890000 0.445129 3.522034 -0.409130
13.900000 0.480283 3.508153 -0.409129
13.910000 0.515292 3.493219 -0.409129
13.920000 0.550147 3.477238 -0.409129
13.930000 0.584837 3.460213 -0.409128
13.940000 0.619352 3.442150 -0.409128
13.950000 0.653680 3.423055 -0.409127
13.960000 0.687813 3.402932 -0.409127
13.970000 0.721739 3.381789 -0.409126
13.980000 0.755448 3.359631 -0.409126
13.990000 0.788931 3.336465 -0.409125
14.000000 0.822178 3.312299 -0.409125
14.010000 0.855177 3.287138 -0.409124
14.020000 0.887921 3.260992 -0.409124
14.030000 0.920397 3.233867 -0.409123
14.040000 0.952598 3.205772 -0.409123
14.050000 0.984513 3.176716 -0.409122
14.060000 1.016132 3.146706 -0.409121
14.070000 1.047447 3.115752 -0.409121
14.080000 1.078447 3.083864 -0.409120
14.090000 1.109124 3.051050 -0.409119
14.100000 1.139468 3.017321 -0.409119
14.110000 1.169471 2.982687 -0.409118
14.120000 1.199122 2.947158 -0.409117
14.130000 1.228414 2.910745 -0.409116
14.140000 1.257337 2.873459 -0.409116
14.150000 1.285883 2.835311 -0.409115
14.160000 1.314043 2.796312 -0.409114
14.170000 1.341809 2.756474 -0.409113
14.180000 1.369173 2.715809 -0.409113
14.190000 1.396125 2.674330 -0.409112
14.200000 1.422659 2.632048 -0.409111
14.210000 1.448766 2.588977 -0.409110
14.220000 1.474439 2.545129 -0.409110
14.230000 1.499669 2.500517 -0.409109
14.240000 1.524449 2.455155 -0.409108
14.250000 1.548772 2.409057 -0.409107
14.260000 1.572630 2.362236 -0.409107
14.270000 1.596017 2.314706 -0.409106
14.280000 1.618924 2.266482 -0.409105
14.290000 1.641346 2.217578 -0.409104
14.300000 1.663276 2.168009 -0.409104
14.310000 1.684707 2.117789 -0.409103
14.320000 1.705632 2.066934 -0.409102
14.330000 1.726045 2.015459 -0.409101
14.340000 1.745941 1.963379 -0.409101
14.350000 1.765313 1.910710 -0.409100
14.360000 1.784155 1.857468 -0.409099
14.370000 1.802462 1.803669 -0.409099
14.380000 1.820228 1.749329 -0.409098
14.390000 1.837449 1.694463 -0.409097
14.400000 1.854118 1.639090 -0.409097
14.410000 1.870231 1.583225 -0.409096
14.420000 1.885782 1.526885 -0.409095
14.430000 1.900768 1.470086 -0.409095
14.440000 1.915184 1.412847 -0.409094
14.450000 1.929025 1.355184 -0.409094
14.460000 1.942288 1.297114 -0.409093
14.470000 1.954967 1.238655 -0.409093
14.480000 1.967061 1.179825 -0.409092
14.490000 1.978564 1.120641 -0.409092
14.500000 1.989474 1.061120 -0.409091
14.510000 1.999786 1.001281 -0.409091
14.520000 2.009499 0.941142 -0.409091
14.530000 2.018609 0.880720 -0.409090
14.540000 2.027114 0.820034 -0.409090
14.550000 2.035010 0.759102 -0.409089
14.560000 2.042296 0.697943 -0.409089
14.570000 2.048969 0.636574 -0.409089
14.580000 2.055027 0.575014 -0.409089
14.590000 2.060469 0.513282 -0.409088
14.600000 2.065293 0.451395 -0.409088
14.610000 2.069497 0.389373 -0.409088
14.620000 2.073080 0.327235 -0.409088
14.630000 2.076042 0.264998 -0.409088
14.640000 2.078380 0.202681 -0.409088
14.650000 2.080095 0.140304 -0.409088
14.660000 2.081186 0.077885 -0.409088
14.670000 2.081653 0.015443 -0.409088
14.680000 2.081495 -0.047005 -0.409088
14.690000 2.080713 -0.109438 -0.409088
14.700000 2.079306 -0.171838 -0.409088
14.710000 2.077276 -0.234187 -0.409088
14.720000 2.074623 -0.296465 -0.409088
14.730000 2.071347 -0.358655 -0.409088
14.740000 2.067449 -0.420737 -0.409088
14.750000 2.062932 -0.482693 -0.409088
14.760000 2.057796 -0.544503 -0.409089
14.770000 2.052042 -0.606151 -0.409089
14.780000 2.045673 -0.667617 -0.409089
14.790000 2.038690 -0.728882 -0.409089
14.800000 2.031095 -0.789929 -0.409090
14.810000 2.022891 -0.850739 -0.409090
14.820000 2.014080 -0.911293 -0.409090
14.830000 2.004665 -0.971574 -0.409091
14.840000 1.994649 -1.031564 -0.409091
14.850000 1.984034 -1.091244 -0.409092
14.860000 1.972824 -1.150597 -0.409092
14.870000 1.961022 -1.209605 -0.409092
14.880000 1.948632 -1.268250 -0.409093
14.890000 1.935657 -1.326514 -0.409093
14.900000 1.922101 -1.384380 -0.409094
14.910000 1.907969 -1.441832 -0.409095
14.920000 1.893265 -1.498850 -0.409095
14.930000 1.877992 -1.555419 -0.409096
14.940000 1.862156 -1.611521 -0.409096
14.950000 1.845762 -1.667140 -0.409097
14.960000 1.828814 -1.722259 -0.409098
14.970000 1.811317 -1.776860 -0.409098
14.980000 1.793276 -1.830929 -0.409099
14.990000 1.774698 -1.884449 -0.409100
15.000000 1.755587 -1.937403 -0.409100
15.010000 1.735950 -1.989776 -0.409101
15.020000 1.715792 -2.041552 -0.409102
15.030000 1.695119 -2.092716 -0.409102
15.040000 1.673938 -2.143252 -0.409103
15.050000 1.652254 -2.193145 -0.409104
15.060000 1.630075 -2.242380 -0.409105
15.070000 1.607406 -2.290942 -0.409105
15.080000 1.584256 -2.338817 -0.409106
15.090000 1.560630 -2.385990 -0.409107
15.100000 1.536536 -2.432448 -0.409108
15.110000 1.511981 -2.478175 -0.409108
15.120000 1.486973 -2.523160 -0.409109
15.130000 1.461518 -2.567387 -0.409110
15.140000 1.435625 -2.610844 -0.409111
15.150000 1.409301 -2.653518 -0.409112
15.160000 1.382554 -2.695396 -0.409112
15.170000 1.355393 -2.736465 -0.409113
15.180000 1.327825 -2.776713 -0.409114
15.190000 1.299859 -2.816129 -0.409115
15.200000 1.271503 -2.854699 -0.409115
15.210000 1.242765 -2.892413 -0.409116
15.220000 1.213654 -2.929259 -0.409117
15.230000 1.184180 -2.965227 -0.409117
15.240000 1.154350 -3.000305 -0.409118
15.250000 1.124174 -3.034483 -0.409119
15.260000 1.093660 -3.067750 -0.409120
15.270000 1.062819 -3.100097 -0.409120
15.280000 1.031658 -3.131515 -0.409121
15.290000 1.000188 -3.161992 -0.409122
15.300000 0.968418 -3.191521 -0.409122
15.310000 0.936358 -3.220093 -0.409123
15.320000 0.904016 -3.247699 -0.409123
15.330000 0.871404 -3.274330 -0.409124
15.340000 0.838530 -3.299979 -0.409125
15.350000 0.805404 -3.324638 -0.409125
15.360000 0.772037 -3.348300 -0.409126
15.370000 0.738438 -3.370957 -0.409126
15.380000 0.704618 -3.392603 -0.409127
15.390000 0.670586 -3.413231 -0.409127
15.400000 0.636353 -3.432835 -0.409128
15.410000 0.601930 -3.451409 -0.409128
15.420000 0.567325 -3.468948 -0.409129
15.430000 0.532551 -3.485446 -0.409129
15.440000 0.497616 -3.500898 -0.409129
15.450000 0.462533 -3.515301 -0.409130
15.460000 0.427310 -3.528648 -0.409130
15.470000 0.391960 -3.540937 -0.409130
15.480000 0.356491 -3.552164 -0.409131
15.490000 0.320916 -3.562325 -0.409131
15.500000 0.285245 -3.571418 -0.409131
15.510000 0.249488 -3.579439 -0.409131
15.520000 0.213656 -3.586386 -0.409131
15.530000 0.177760 -3.592257 -0.409131
15.540000 0.141811 -3.597051 -0.409132
15.550000 0.105819 -3.600765 -0.409132
15.560000 0.069796 -3.603399 -0.409132
15.570000 0.033751 -3.604953 -0.409132
15.580000 -0.002303 -3.605424 -0.409132
15.590000 -0.038357 -3.604814 -0.409132
15.600000 -0.074400 -3.603123 -0.409132
15.610000 -0.110420 -3.600351 -0.409132
15.620000 -0.146407 -3.596498 -0.409132
15.630000 -0.182350 -3.591567 -0.409131
15.640000 -0.218238 -3.585558 -0.409131
15.650000 -0.254061 -3.578474 -0.409131
15.660000 -0.289807 -3.570316 -0.409131
15.670000 -0.325467 -3.561087 -0.409131
15.680000 -0.361029 -3.550789 -0.409130
15.690000 -0.396483 -3.539426 -0.409130
15.700000 -0.431818 -3.527002 -0.409130
15.710000 -0.467023 -3.513519 -0.409130
15.720000 -0.502088 -3.498983 -0.409129
15.730000 -0.537003 -3.483396 -0.409129
15.740000 -0.571756 -3.466765 -0.409128
15.750000 -0.606338 -3.449093 -0.409128
15.760000 -0.640738 -3.430387 -0.409128
15.770000 -0.674946 -3.410652 -0.409127
15.780000 -0.708951 -3.389894 -0.409127
15.790000 -0.742743 -3.368118 -0.409126
15.800000 -0.776313 -3.345332 -0.409126
15.810000 -0.809650 -3.321543 -0.409125
15.820000 -0.842744 -3.296757 -0.409125
15.830000 -0.875585 -3.270982 -0.409124
15.840000 -0.908164 -3.244226 -0.409123
15.850000 -0.940470 -3.216496 -0.409123
15.860000 -0.972494 -3.187802 -0.409122
15.870000 -1.004226 -3.158151 -0.409122
15.880000 -1.035657 -3.127553 -0.409121
15.890000 -1.066777 -3.096016 -0.409120
15.900000 -1.097577 -3.063551 -0.409119
15.910000 -1.128048 -3.030167 -0.409119
15.920000 -1.158180 -2.995873 -0.409118
15.930000 -1.187965 -2.960681 -0.409117
15.940000 -1.217394 -2.924601 -0.409117
15.950000 -1.246457 -2.887643 -0.409116
15.960000 -1.275147 -2.849819 -0.409115
15.970000 -1.303454 -2.811140 -0.409114
15.980000 -1.331370 -2.771617 -0.409114
15.990000 -1.358886 -2.731264 -0.409113
16.000000 -1.385995 -2.690090 -0.409112
16.010000 -1.412688 -2.648110 -0.409111
16.020000 -1.438957 -2.605336 -0.409111
16.030000 -1.464795 -2.561779 -0.409110
16.040000 -1.490193 -2.517454 -0.409109
16.050000 -1.515144 -2.472374 -0.409108
16.060000 -1.539640 -2.426553 -0.409108
16.070000 -1.563675 -2.380003 -0.409107
16.080000 -1.587240 -2.332739 -0.409106
16.090000 -1.610330 -2.284776 -0.409105
16.100000 -1.632936 -2.236127 -0.409105
16.110000 -1.655052 -2.186807 -0.409104
16.120000 -1.676672 -2.136831 -0.409103
16.130000 -1.697789 -2.086214 -0.409102
16.140000 -1.718396 -2.034971 -0.409102
16.150000 -1.738488 -1.983118 -0.409101
16.160000 -1.758059 -1.930670 -0.409100
16.170000 -1.777102 -1.877642 -0.409100
16.180000 -1.795611 -1.824052 -0.409099
16.190000 -1.813583 -1.769914 -0.409098
16.200000 -1.831010 -1.715245 -0.409098
16.210000 -1.847887 -1.660061 -0.409097
16.220000 -1.864211 -1.604380 -0.409096
16.230000 -1.879975 -1.548217 -0.409096
16.240000 -1.895175 -1.491590 -0.409095
16.250000 -1.909807 -1.434515 -0.409095
16.260000 -1.923866 -1.377010 -0.409094
16.270000 -1.937347 -1.319092 -0.409093
16.280000 -1.950247 -1.260778 -0.409093
16.290000 -1.962563 -1.202086 -0.409092
16.300000 -1.974289 -1.143033 -0.409092
16.310000 -1.985423 -1.083637 -0.409092
16.320000 -1.995962 -1.023917 -0.409091
16.330000 -2.005902 -0.963889 -0.409091
16.340000 -2.015240 -0.903572 -0.409090
16.350000 -2.023973 -0.842983 -0.409090
16.360000 -2.032099 -0.782142 -0.409090
16.370000 -2.039616 -0.721067 -0.409089
16.380000 -2.046521 -0.659775 -0.409089
16.390000 -2.052811 -0.598285 -0.409089
16.400000 -2.058486 -0.536615 -0.409088
16.410000 -2.063544 -0.474785 -0.409088
16.420000 -2.067982 -0.412812 -0.409088
16.430000 -2.071800 -0.350715 -0.409088
16.440000 -2.074996 -0.288513 -0.409088
16.450000 -2.077570 -0.226225 -0.409088
16.460000 -2.079521 -0.163868 -0.409088
16.470000 -2.080848 -0.101463 -0.409088
16.480000 -2.081550 -0.039027 -0.409088
16.490000 -2.081628 0.023421 -0.409088
16.500000 -2.081082 0.085862 -0.409088
16.510000 -2.079911 0.148276 -0.409088
16.520000 -2.078116 0.210647 -0.409088
16.530000 -2.075698 0.272954 -0.409088
16.540000 -2.072657 0.335179 -0.409088
16.550000 -2.068994 0.397304 -0.409088
16.560000 -2.064711 0.459310 -0.409088
16.570000 -2.059808 0.521178 -0.409088
16.580000 -2.054287 0.582889 -0.409089
16.590000 -2.048150 0.644426 -0.409089
16.600000 -2.041399 0.705769 -0.409089
16.610000 -2.034035 0.766900 -0.409090
16.620000 -2.026061 0.827802 -0.409090
16.630000 -2.017479 0.888455 -0.409090
16.640000 -2.008292 0.948841 -0.409091
16.650000 -1.998502 1.008943 -0.409091
16.660000 -1.988113 1.068743 -0.409091
16.670000 -1.977127 1.128221 -0.409092
16.680000 -1.965548 1.187361 -0.409092
16.690000 -1.953380 1.246145 -0.409093
16.700000 -1.940626 1.304555 -0.409093
16.710000 -1.927289 1.362574 -0.409094
16.720000 -1.913374 1.420184 -0.409094
16.730000 -1.898885 1.477368 -0.409095
16.740000 -1.883827 1.534109 -0.409096
16.750000 -1.868203 1.590389 -0.409096
16.760000 -1.852019 1.646192 -0.409097
16.770000 -1.835279 1.701502 -0.409097
16.780000 -1.817989 1.756301 -0.409098
16.790000 -1.800153 1.810573 -0.409099
16.800000 -1.781777 1.864302 -0.409099
16.810000 -1.762867 1.917472 -0.409100
16.820000 -1.743428 1.970066 -0.409101
16.830000 -1.723466 2.022069 -0.409101
16.840000 -1.702987 2.073466 -0.409102
16.850000 -1.681997 2.124241 -0.409103
16.860000 -1.660502 2.174378 -0.409104
16.870000 -1.638509 2.223864 -0.409104
16.880000 -1.616025 2.272682 -0.409105
16.890000 -1.593055 2.320818 -0.409106
16.900000 -1.569608 2.368258 -0.409107
16.910000 -1.545690 2.414987 -0.409107
16.920000 -1.521308 2.460992 -0.409108
16.930000 -1.496470 2.506259 -0.409109
16.940000 -1.471183 2.550774 -0.409110
16.950000 -1.445455 2.594523 -0.409110
16.960000 -1.419293 2.637494 -0.409111
16.970000 -1.392705 2.679674 -0.409112
16.980000 -1.365699 2.721050 -0.409113
16.990000 -1.338284 2.761610 -0.409114
17.000000 -1.310467 2.801341 -0.409114
17.010000 -1.282257 2.840232 -0.409115
17.020000 -1.253662 2.878271 -0.409116
17.030000 -1.224692 2.915446 -0.409116
17.040000 -1.195354 2.951747 -0.409117
17.050000 -1.165657 2.987162 -0.409118
17.060000 -1.135610 3.021681 -0.409119
17.070000 -1.105223 3.055294 -0.409119
17.080000 -1.074504 3.087990 -0.409120
17.090000 -1.043463 3.119759 -0.409121
17.100000 -1.012109 3.150593 -0.409121
17.110000 -0.980452 3.180481 -0.409122
17.120000 -0.948500 3.209415 -0.409123
17.130000 -0.916263 3.237387 -0.409123
17.140000 -0.883752 3.264387 -0.409124
17.150000 -0.850975 3.290408 -0.409124
17.160000 -0.817944 3.315442 -0.409125
17.170000 -0.784667 3.339481 -0.409126
17.180000 -0.751154 3.362518 -0.409126
17.190000 -0.717416 3.384547 -0.409127
17.200000 -0.683463 3.405560 -0.409127
17.210000 -0.649305 3.425552 -0.409128
17.220000 -0.614952 3.444515 -0.409128
17.230000 -0.580415 3.462446 -0.409128
17.240000 -0.545703 3.479338 -0.409129
17.250000 -0.510828 3.495186 -0.409129
17.260000 -0.475799 3.509985 -0.409130
17.270000 -0.440628 3.523732 -0.409130
17.280000 -0.405325 3.536421 -0.409130
17.290000 -0.369900 3.548049 -0.409130
17.300000 -0.334364 3.558613 -0.409131
17.310000 -0.298728 3.568110 -0.409131
17.320000 -0.263002 3.576535 -0.409131
17.330000 -0.227197 3.583888 -0.409131
17.340000 -0.191324 3.590166 -0.409131
17.350000 -0.155394 3.595367 -0.409132
17.360000 -0.119417 3.599489 -0.409132
17.370000 -0.083404 3.602531 -0.409132
17.380000 -0.047366 3.604493 -0.409132
17.390000 -0.011314 3.605373 -0.409132
17.400000 0.024742 3.605172 -0.409132
17.410000 0.060790 3.603889 -0.409132
17.420000 0.096819 3.601525 -0.409132
17.430000 0.132820 3.598080 -0.409132
17.440000 0.168781 3.593556 -0.409132
17.450000 0.204691 3.587954 -0.409131
17.460000 0.240540 3.581276 -0.409131
17.470000 0.276317 3.573523 -0.409131
17.480000 0.312010 3.564698 -0.409131
17.490000 0.347611 3.554803 -0.409131
17.500000 0.383106 3.543843 -0.409130
17.510000 0.418487 3.531819 -0.409130
17.520000 0.453743 3.518735 -0.409130
17.530000 0.488862 3.504596 -0.409129
17.540000 0.523835 3.489406 -0.409129
17.550000 0.558650 3.473169 -0.409129
17.560000 0.593298 3.455889 -0.409128
17.570000 0.627768 3.437573 -0.409128
17.580000 0.662050 3.418226 -0.409127
17.590000 0.696133 3.397853 -0.409127
17.600000 0.730007 3.376461 -0.409126
17.610000 0.763662 3.354056 -0.409126
17.620000 0.797088 3.330645 -0.409125
17.630000 0.830275 3.306235 -0.409125
17.640000 0.863213 3.280832 -0.409124
17.650000 0.895891 3.254446 -0.409124
17.660000 0.928301 3.227083 -0.409123
17.670000 0.960433 3.198752 -0.409122
17.680000 0.992276 3.169461 -0.409122
17.690000 1.023822 3.139220 -0.409121
17.700000 1.055061 3.108036 -0.409120
17.710000 1.085983 3.075921 -0.409120
17.720000 1.116579 3.042882 -0.409119
17.730000 1.146841 3.008931 -0.409118
17.740000 1.176758 2.974077 -0.409118
17.750000 1.206322 2.938331 -0.409117
17.760000 1.235525 2.901703 -0.409116
17.770000 1.264356 2.864205 -0.409115
17.780000 1.292809 2.825847 -0.409115
17.790000 1.320873 2.786642 -0.409114
17.800000 1.348541 2.746601 -0.409113
17.810000 1.375805 2.705736 -0.409112
17.820000 1.402656 2.664059 -0.409112
17.830000 1.429086 2.621583 -0.409111
17.840000 1.455088 2.578320 -0.409110
17.850000 1.480653 2.534284 -0.409109
17.860000 1.505774 2.489488 -0.409109
17.870000 1.530443 2.443944 -0.409108
17.880000 1.554652 2.397668 -0.409107
17.890000 1.578396 2.350672 -0.409106
17.900000 1.601666 2.302971 -0.409106
17.910000 1.624455 2.254579 -0.409105
17.920000 1.646757 2.205511 -0.409104
17.930000 1.668566 2.155781 -0.409103
17.940000 1.689873 2.105405 -0.409103
17.950000 1.710674 2.054397 -0.409102
17.960000 1.730961 2.002772 -0.409101
17.970000 1.750729 1.950547 -0.409100
17.980000 1.769972 1.897736 -0.409100
17.990000 1.788684 1.844356 -0.409099
18.000000 1.806859 1.790423 -0.409098
18.010000 1.824492 1.735953 -0.409098
18.020000 1.841578 1.680962 -0.409097
18.030000 1.858111 1.625467 -0.409097
18.040000 1.874087 1.569484 -0.409096
18.050000 1.889501 1.513030 -0.409095
18.060000 1.904348 1.456122 -0.409095
18.070000 1.918624 1.398778 -0.409094
18.080000 1.932324 1.341013 -0.409094
18.090000 1.945444 1.282847 -0.409093
18.100000 1.957981 1.224295 -0.409093
18.110000 1.969930 1.165377 -0.409092
18.120000 1.981288 1.106109 -0.409092
18.130000 1.992052 1.046508 -0.409091
18.140000 2.002218 0.986594 -0.409091
18.150000 2.011784 0.926384 -0.409090
18.160000 2.020746 0.865896 -0.409090
18.170000 2.029102 0.805149 -0.409090
18.180000 2.036849 0.744159 -0.409089
18.190000 2.043985 0.682947 -0.409089
18.200000 2.050508 0.621530 -0.409089
18.210000 2.056416 0.559926 -0.409089
18.220000 2.061706 0.498154 -0.409088
18.230000 2.066379 0.436233 -0.409088
18.240000 2.070431 0.374180 -0.409088
18.250000 2.073862 0.312016 -0.409088
18.260000 2.076671 0.249758 -0.409088
18.270000 2.078857 0.187425 -0.409088
18.280000 2.080420 0.125036 -0.409088
18.290000 2.081358 0.062609 -0.409088
18.300000 2.081672 0.000164 -0.409087
18.310000 2.081361 -0.062282 -0.409088
18.320000 2.080426 -0.124709 -0.409088
18.330000 2.078867 -0.187098 -0.409088
18.340000 2.076684 -0.249431 -0.409088
18.350000 2.073879 -0.311690 -0.409088
18.360000 2.070451 -0.373855 -0.409088
18.370000 2.066402 -0.435907 -0.409088
18.380000 2.061732 -0.497829 -0.409088
18.390000 2.056445 -0.559602 -0.409089
18.400000 2.050540 -0.621207 -0.409089
18.410000 2.044021 -0.682625 -0.409089
18.420000 2.036888 -0.743839 -0.409089
18.430000 2.029144 -0.804829 -0.409090
18.440000 2.020791 -0.865578 -0.409090
18.450000 2.011832 -0.926068 -0.409090
18.460000 2.002270 -0.986279 -0.409091
18.470000 1.992107 -1.046195 -0.409091
18.480000 1.981346 -1.105797 -0.409092
18.490000 1.969991 -1.165067 -0.409092
18.500000 1.958045 -1.223987 -0.409093
18.510000 1.945511 -1.282541 -0.409093
18.520000 1.932394 -1.340709 -0.409094
18.530000 1.918697 -1.398476 -0.409094
18.540000 1.904424 -1.455822 -0.409095
18.550000 1.889581 -1.512732 -0.409095
18.560000 1.874170 -1.569189 -0.409096
18.570000 1.858197 -1.625174 -0.409097
18.580000 1.841666 -1.680672 -0.409097
18.590000 1.824583 -1.735666 -0.409098
18.600000 1.806953 -1.790139 -0.409098
18.610000 1.788781 -1.844075 -0.409099
18.620000 1.770071 -1.897458 -0.409100
18.630000 1.750831 -1.950271 -0.409100
18.640000 1.731066 -2.002500 -0.409101
18.650000 1.710781 -2.054127 -0.409102
18.660000 1.689983 -2.105139 -0.409103
18.670000 1.668679 -2.155519 -0.409103
18.680000 1.646873 -2.205252 -0.409104
18.690000 1.624574 -2.254324 -0.409105
18.700000 1.601787 -2.302719 -0.409106
18.710000 1.578519 -2.350424 -0.409106
18.720000 1.554778 -2.397423 -0.409107
18.730000 1.530571 -2.443704 -0.409108
18.740000 1.505904 -2.489251 -0.409109
18.750000 1.480786 -2.534051 -0.409109
18.760000 1.455223 -2.578091 -0.409110
18.770000 1.429224 -2.621358 -0.409111
18.780000 1.402796 -2.663838 -0.409112
18.790000 1.375947 -2.705519 -0.409112
18.800000 1.348686 -2.746389 -0.409113
18.810000 1.321019 -2.786434 -0.409114
18.820000 1.292957 -2.825644 -0.409115
18.830000 1.264506 -2.864006 -0.409115
18.840000 1.235677 -2.901509 -0.409116
18.850000 1.206476 -2.938141 -0.409117
18.860000 1.176914 -2.973892 -0.409118
18.870000 1.146998 -3.008751 -0.409118
18.880000 1.116739 -3.042707 -0.409119
18.890000 1.086144 -3.075750 -0.409120
18.900000 1.055224 -3.107870 -0.409120
18.910000 1.023987 -3.139059 -0.409121
18.920000 0.992443 -3.169305 -0.409122
18.930000 0.960601 -3.198601 -0.409122
18.940000 0.928471 -3.226937 -0.409123
18.950000 0.896062 -3.254305 -0.409124
18.960000 0.863385 -3.280696 -0.409124
18.970000 0.830448 -3.306104 -0.409125
18.980000 0.797263 -3.330520 -0.409125
18.990000 0.763838 -3.353936 -0.409126
19.000000 0.730184 -3.376346 -0.409126
19.010000 0.696311 -3.397744 -0.409127
19.020000 0.662229 -3.418122 -0.409127
19.030000 0.627948 -3.437475 -0.409128
19.040000 0.593479 -3.455796 -0.409128
19.050000 0.558832 -3.473081 -0.409129
19.060000 0.524018 -3.489323 -0.409129
19.070000 0.489046 -3.504519 -0.409129
19.080000 0.453927 -3.518664 -0.409130
19.090000 0.418673 -3.531753 -0.409130
19.100000 0.383292 -3.543782 -0.409130
19.110000 0.347797 -3.554749 -0.409131
19.120000 0.312197 -3.564649 -0.409131
19.130000 0.276504 -3.573479 -0.409131
19.140000 0.240728 -3.581238 -0.409131
19.150000 0.204879 -3.587922 -0.409131
19.160000 0.168969 -3.593530 -0.409132
19.170000 0.133009 -3.598059 -0.409132
19.180000 0.097008 -3.601509 -0.409132
19.190000 0.060979 -3.603879 -0.409132
19.200000 0.024931 -3.605168 -0.409132
19.210000 -0.011125 -3.605375 -0.409132
19.220000 -0.047177 -3.604500 -0.409132
19.230000 -0.083215 -3.602545 -0.409132
19.240000 -0.119228 -3.599508 -0.409132
19.250000 -0.155205 -3.595391 -0.409132
19.260000 -0.191136 -3.590196 -0.409131
19.270000 -0.227009 -3.583924 -0.409131
19.280000 -0.262814 -3.576577 -0.409131
19.290000 -0.298540 -3.568157 -0.409131
19.300000 -0.334177 -3.558666 -0.409131
19.310000 -0.369714 -3.548107 -0.409130
19.320000 -0.405139 -3.536485 -0.409130
19.330000 -0.440443 -3.523801 -0.409130
19.340000 -0.475615 -3.510060 -0.409130
19.350000 -0.510645 -3.495266 -0.409129
19.360000 -0.545521 -3.479424 -0.409129
19.370000 -0.580233 -3.462537 -0.409128
19.380000 -0.614771 -3.444612 -0.409128
19.390000 -0.649125 -3.425654 -0.409128
19.400000 -0.683284 -3.405668 -0.409127
19.410000 -0.717239 -3.384660 -0.409127
19.420000 -0.750978 -3.362637 -0.409126
19.430000 -0.784491 -3.339604 -0.409126
19.440000 -0.817770 -3.315571 -0.409125
19.450000 -0.850803 -3.290542 -0.409124
19.460000 -0.883581 -3.264526 -0.409124
19.470000 -0.916093 -3.237531 -0.409123
19.480000 -0.948331 -3.209565 -0.409123
19.490000 -0.980285 -3.180636 -0.409122
19.500000 -1.011944 -3.150752 -0.409121
19.510000 -1.043300 -3.119923 -0.409121
19.520000 -1.074342 -3.088159 -0.409120
19.530000 -1.105063 -3.055468 -0.409119
19.540000 -1.135452 -3.021860 -0.409119
19.550000 -1.165500 -2.987346 -0.409118
19.560000 -1.195199 -2.951935 -0.409117
19.570000 -1.224539 -2.915639 -0.409116
19.580000 -1.253511 -2.878468 -0.409116
19.590000 -1.282108 -2.840434 -0.409115
19.600000 -1.310320 -2.801548 -0.409114
19.610000 -1.338139 -2.761821 -0.409114
19.620000 -1.365557 -2.721265 -0.409113
19.630000 -1.392564 -2.679894 -0.409112
19.640000 -1.419154 -2.637718 -0.409111
19.650000 -1.445319 -2.594751 -0.409110
19.660000 -1.471049 -2.551005 -0.409110
19.670000 -1.496339 -2.506494 -0.409109
19.680000 -1.521179 -2.461232 -0.409108
19.690000 -1.545563 -2.415230 -0.409107
19.700000 -1.569484 -2.368505 -0.409107
19.710000 -1.592934 -2.321068 -0.409106
19.720000 -1.615905 -2.272936 -0.409105
19.730000 -1.638392 -2.224121 -0.409104
19.740000 -1.660388 -2.174640 -0.409104
19.750000 -1.681885 -2.124506 -0.409103
19.760000 -1.702878 -2.073734 -0.409102
19.770000 -1.723360 -2.022341 -0.409101
19.780000 -1.743325 -1.970340 -0.409101
19.790000 -1.762767 -1.917749 -0.409100
19.800000 -1.781680 -1.864582 -0.409099
19.810000 -1.800058 -1.810856 -0.409099
19.820000 -1.817897 -1.756587 -0.409098
19.830000 -1.835190 -1.701791 -0.409097
19.840000 -1.851933 -1.646484 -0.409097
19.850000 -1.868120 -1.590683 -0.409096
19.860000 -1.883746 -1.534405 -0.409096
19.870000 -1.898808 -1.477667 -0.409095
19.880000 -1.913300 -1.420485 -0.409094
19.890000 -1.927217 -1.362877 -0.409094
19.900000 -1.940557 -1.304861 -0.409093
19.910000 -1.953315 -1.246453 -0.409093
19.920000 -1.965486 -1.187671 -0.409092
19.930000 -1.977068 -1.128532 -0.409092
19.940000 -1.988057 -1.069055 -0.409091
19.950000 -1.998449 -1.009258 -0.409091
19.960000 -2.008242 -0.949157 -0.409091
19.970000 -2.017432 -0.888772 -0.409090
19.980000 -2.026017 -0.828121 -0.409090
19.990000 -2.033995 -0.767220 -0.409090
20.000000 -2.041362 -0.706090 -0.409089
20.010000 -2.048117 -0.644748 -0.409089
20.020000 -2.054257 -0.583212 -0.409089
20.030000 -2.059781 -0.521502 -0.409088
20.040000 -2.064687 -0.459635 -0.409088
20.050000 -2.068973 -0.397630 -0.409088
20.060000 -2.072639 -0.335506 -0.409088
20.070000 -2.075684 -0.273281 -0.409088
20.080000 -2.078105 -0.210974 -0.409088
20.090000 -2.079903 -0.148604 -0.409088
20.100000 -2.081077 -0.086189 -0.409088
20.110000 -2.081627 -0.023749 -0.409088
20.120000 -2.081552 0.038699 -0.409088
20.130000 -2.080853 0.101135 -0.409088
20.140000 -2.079529 0.163541 -0.409088
20.150000 -2.077582 0.225898 -0.409088
20.160000 -2.075011 0.288187 -0.409088
20.170000 -2.071818 0.350389 -0.409088
20.180000 -2.068004 0.412486 -0.409088
20.190000 -2.063569 0.474460 -0.409088
20.200000 -2.058514 0.536291 -0.409088
20.210000 -2.052843 0.597961 -0.409089
20.220000 -2.046555 0.659452 -0.409089
20.230000 -2.039654 0.720746 -0.409089
20.240000 -2.032140 0.781823 -0.409090
20.250000 -2.024017 0.842665 -0.409090
20.260000 -2.015287 0.903254 -0.409090
20.270000 -2.005952 0.963573 -0.409091
20.280000 -1.996016 1.023603 -0.409091
20.290000 -1.985480 1.083325 -0.409092
20.300000 -1.974349 1.142722 -0.409092
20.310000 -1.962626 1.201777 -0.409092
20.320000 -1.950314 1.260471 -0.409093
20.330000 -1.937416 1.318787 -0.409093
20.340000 -1.923938 1.376707 -0.409094
20.350000 -1.909882 1.434215 -0.409095
20.360000 -1.895253 1.491292 -0.409095
20.370000 -1.880056 1.547921 -0.409096
20.380000 -1.864295 1.604087 -0.409096
20.390000 -1.847975 1.659771 -0.409097
20.400000 -1.831100 1.714957 -0.409098
20.410000 -1.813675 1.769628 -0.409098
20.420000 -1.795707 1.823769 -0.409099
20.430000 -1.777200 1.877363 -0.409100
20.440000 -1.758160 1.930393 -0.409100
20.450000 -1.738592 1.982844 -0.409101
20.460000 -1.718503 2.034701 -0.409102
20.470000 -1.697898 2.085947 -0.409102
20.480000 -1.676784 2.136567 -0.409103
20.490000 -1.655167 2.186546 -0.409104
20.500000 -1.633053 2.235870 -0.409105
20.510000 -1.610449 2.284522 -0.409105
20.520000 -1.587363 2.332489 -0.409106
20.530000 -1.563800 2.379757 -0.409107
20.540000 -1.539767 2.426310 -0.409108
20.550000 -1.515273 2.472136 -0.409108
20.560000 -1.490325 2.517220 -0.409109
20.570000 -1.464929 2.561549 -0.409110
20.580000 -1.439094 2.605109 -0.409111
20.590000 -1.412827 2.647888 -0.409111
20.600000 -1.386136 2.689872 -0.409112
20.610000 -1.359029 2.731050 -0.409113
20.620000 -1.331515 2.771408 -0.409114
20.630000 -1.303601 2.810935 -0.409114
20.640000 -1.275296 2.849618 -0.409115
20.650000 -1.246609 2.887447 -0.409116
20.660000 -1.217547 2.924409 -0.409117
20.670000 -1.188121 2.960494 -0.409117
20.680000 -1.158338 2.995691 -0.409118
20.690000 -1.128207 3.029989 -0.409119
20.700000 -1.097738 3.063378 -0.409119
20.710000 -1.066939 3.095848 -0.409120
20.720000 -1.035821 3.127390 -0.409121
20.730000 -1.004392 3.157993 -0.409122
20.740000 -0.972661 3.187649 -0.409122
20.750000 -0.940639 3.216348 -0.409123
20.760000 -0.908334 3.244083 -0.409123
20.770000 -0.875757 3.270844 -0.409124
20.780000 -0.842917 3.296624 -0.409125
20.790000 -0.809824 3.321416 -0.409125
20.800000 -0.776489 3.345210 -0.409126
20.810000 -0.742920 3.368001 -0.409126
20.820000 -0.709129 3.389782 -0.409127
20.830000 -0.675125 3.410546 -0.409127
20.840000 -0.640918 3.430287 -0.409128
20.850000 -0.606519 3.448998 -0.409128
20.860000 -0.571938 3.466675 -0.409128
20.870000 -0.537185 3.483312 -0.409129
20.880000 -0.502272 3.498904 -0.409129
20.890000 -0.467207 3.513446 -0.409130
20.900000 -0.432003 3.526934 -0.409130
20.910000 -0.396669 3.539364 -0.409130
20.920000 -0.361215 3.550732 -0.409130
20.930000 -0.325654 3.561035 -0.409131
20.940000 -0.289995 3.570270 -0.409131
20.950000 -0.254249 3.578434 -0.409131
20.960000 -0.218426 3.585524 -0.409131
20.970000 -0.182538 3.591538 -0.409131
20.980000 -0.146595 3.596475 -0.409132
20.990000 -0.110609 3.600333 -0.409132
21.000000 -0.074589 3.603111 -0.409132
21.010000 -0.038546 3.604808 -0.409132
21.020000 -0.002492 3.605424 -0.409132
21.030000 0.033562 3.604958 -0.409132
21.040000 0.069607 3.603410 -0.409132
21.050000 0.105630 3.600782 -0.409132
21.060000 0.141622 3.597073 -0.409132
21.070000 0.177572 3.592285 -0.409131
21.080000 0.213468 3.586419 -0.409131
21.090000 0.249300 3.579478 -0.409131
21.100000 0.285058 3.571463 -0.409131
21.110000 0.320729 3.562376 -0.409131
21.120000 0.356305 3.552220 -0.409131
21.130000 0.391774 3.540999 -0.409130
21.140000 0.427125 3.528716 -0.409130
21.150000 0.462348 3.515373 -0.409130
21.160000 0.497433 3.500977 -0.409129
21.170000 0.532368 3.485530 -0.409129
21.180000 0.567143 3.469037 -0.409129
21.190000 0.601748 3.451504 -0.409128
21.200000 0.636173 3.432935 -0.409128
21.210000 0.670407 3.413336 -0.409127
21.220000 0.704440 3.392713 -0.409127
21.230000 0.738261 3.371073 -0.409126
21.240000 0.771861 3.348421 -0.409126
21.250000 0.805230 3.324765 -0.409125
21.260000 0.838357 3.300111 -0.409125
21.270000 0.871232 3.274467 -0.409124
21.280000 0.903846 3.247841 -0.409123
21.290000 0.936189 3.220240 -0.409123
21.300000 0.968251 3.191674 -0.409122
21.310000 1.000022 3.162150 -0.409122
21.320000 1.031494 3.131677 -0.409121
21.330000 1.062656 3.100265 -0.409120
21.340000 1.093499 3.067922 -0.409120
21.350000 1.124014 3.034660 -0.409119
21.360000 1.154192 3.000487 -0.409118
21.370000 1.184024 2.965413 -0.409117
21.380000 1.213501 2.929450 -0.409117
21.390000 1.242613 2.892609 -0.409116
21.400000 1.271353 2.854899 -0.409115
21.410000 1.299711 2.816333 -0.409115
21.420000 1.327679 2.776922 -0.409114
21.430000 1.355250 2.736679 -0.409113
21.440000 1.382413 2.695614 -0.409112
21.450000 1.409162 2.653740 -0.409112
21.460000 1.435488 2.611070 -0.409111
21.470000 1.461383 2.567617 -0.409110
21.480000 1.486840 2.523394 -0.409109
21.490000 1.511851 2.478413 -0.409108
21.500000 1.536408 2.432690 -0.409108
21.510000 1.560505 2.386236 -0.409107
21.520000 1.584133 2.339066 -0.409106
21.530000 1.607286 2.291195 -0.409105
21.540000 1.629957 2.242636 -0.409105
21.550000 1.652139 2.193405 -0.409104
21.560000 1.673825 2.143515 -0.409103
21.570000 1.695009 2.092983 -0.409102
21.580000 1.715685 2.041822 -0.409102
21.590000 1.735846 1.990050 -0.409101
21.600000 1.755486 1.937680 -0.409100
21.610000 1.774599 1.884728 -0.409100
21.620000 1.793180 1.831212 -0.409099
21.630000 1.811224 1.777146 -0.409098
21.640000 1.828723 1.722546 -0.409098
21.650000 1.845674 1.667430 -0.409097
21.660000 1.862072 1.611814 -0.409096
21.670000 1.877911 1.555714 -0.409096
21.680000 1.893186 1.499148 -0.409095
21.690000 1.907894 1.442132 -0.409095
21.700000 1.922029 1.384683 -0.409094
21.710000 1.935587 1.326819 -0.409094
21.720000 1.948565 1.268556 -0.409093
21.730000 1.960958 1.209914 -0.409092
21.740000 1.972763 1.150908 -0.409092
21.750000 1.983977 1.091557 -0.409092
21.760000 1.994595 1.031878 -0.409091
21.770000 2.004614 0.971890 -0.409091
21.780000 2.014032 0.911610 -0.409090
21.790000 2.022846 0.851057 -0.409090
21.800000 2.031054 0.790249 -0.409090
21.810000 2.038651 0.729203 -0.409089
21.820000 2.045638 0.667939 -0.409089
21.830000 2.052010 0.606474 -0.409089
21.840000 2.057767 0.544827 -0.409089
21.850000 2.062907 0.483017 -0.409088
21.860000 2.067427 0.421062 -0.409088
21.870000 2.071328 0.358981 -0.409088
21.880000 2.074607 0.296792 -0.409088
21.890000 2.077264 0.234514 -0.409088
21.900000 2.079297 0.172165 -0.409088
21.910000 2.080707 0.109765 -0.409088
21.920000 2.081493 0.047332 -0.409088
21.930000 2.081654 -0.015115 -0.409088
21.940000 2.081190 -0.077558 -0.409088
21.950000 2.080103 -0.139977 -0.409088
21.960000 2.078391 -0.202354 -0.409088
21.970000 2.076055 -0.264671 -0.409088
21.980000 2.073097 -0.326908 -0.409088
21.990000 2.069517 -0.389048 -0.409088
22.000000 2.065316 -0.451070 -0.409088
22.010000 2.060496 -0.512957 -0.409088
22.020000 2.055057 -0.574691 -0.409089
22.030000 2.049002 -0.636251 -0.409089
22.040000 2.042332 -0.697621 -0.409089
22.050000 2.035050 -0.758782 -0.409089
22.060000 2.027157 -0.819715 -0.409090
22.070000 2.018655 -0.880402 -0.409090
22.080000 2.009549 -0.940826 -0.409091
22.090000 1.999839 -1.000966 -0.409091
22.100000 1.989529 -1.060807 -0.409091
22.110000 1.978623 -1.120329 -0.409092
22.120000 1.967123 -1.179515 -0.409092
22.130000 1.955032 -1.238348 -0.409093
22.140000 1.942356 -1.296808 -0.409093
22.150000 1.929096 -1.354880 -0.409094
22.160000 1.915258 -1.412546 -0.409094
22.170000 1.900845 -1.469787 -0.409095
22.180000 1.885862 -1.526588 -0.409095
22.190000 1.870314 -1.582930 -0.409096
22.200000 1.854204 -1.638798 -0.409097
22.210000 1.837538 -1.694174 -0.409097
22.220000 1.820320 -1.749042 -0.409098
22.230000 1.802557 -1.803385 -0.409099
22.240000 1.784253 -1.857187 -0.409099
22.250000 1.765413 -1.910432 -0.409100
22.260000 1.746044 -1.963104 -0.409101
22.270000 1.726151 -2.015187 -0.409101
22.280000 1.705740 -2.066666 -0.409102
22.290000 1.684818 -2.117524 -0.409103
22.300000 1.663390 -2.167747 -0.409104
22.310000 1.641463 -2.217320 -0.409104
22.320000 1.619043 -2.266227 -0.409105
22.330000 1.596138 -2.314455 -0.409106
22.340000 1.572754 -2.361988 -0.409107
22.350000 1.548898 -2.408813 -0.409107
22.360000 1.524578 -2.454915 -0.409108
22.370000 1.499800 -2.500281 -0.409109
22.380000 1.474572 -2.544897 -0.409110
22.390000 1.448902 -2.588749 -0.409110
22.400000 1.422797 -2.631824 -0.409111
22.410000 1.396266 -2.674110 -0.409112
22.420000 1.369315 -2.715594 -0.409113
22.430000 1.341954 -2.756263 -0.409113
22.440000 1.314190 -2.796105 -0.409114
22.450000 1.286032 -2.835108 -0.409115
22.460000 1.257488 -2.873261 -0.409116
22.470000 1.228566 -2.910552 -0.409116
22.480000 1.199277 -2.946970 -0.409117
22.490000 1.169627 -2.982503 -0.409118
22.500000 1.139627 -3.017142 -0.409119
22.510000 1.109284 -3.050876 -0.409119
22.520000 1.078609 -3.083694 -0.409120
22.530000 1.047610 -3.115587 -0.409121
22.540000 1.016297 -3.146546 -0.409121
22.550000 0.984679 -3.176561 -0.409122
22.560000 0.952766 -3.205622 -0.409123
22.570000 0.920567 -3.233722 -0.409123
22.580000 0.888092 -3.260852 -0.409124
22.590000 0.855350 -3.287004 -0.409124
22.600000 0.822352 -3.312169 -0.409125
22.610000 0.789107 -3.336341 -0.409125
22.620000 0.755625 -3.359512 -0.409126
22.630000 0.721916 -3.381675 -0.409126
22.640000 0.687991 -3.402824 -0.409127
22.650000 0.653860 -3.422952 -0.409127
22.660000 0.619532 -3.442053 -0.409128
22.670000 0.585019 -3.460121 -0.409128
22.680000 0.550330 -3.477151 -0.409129
22.690000 0.515476 -3.493138 -0.409129
22.700000 0.480467 -3.508077 -0.409129
22.710000 0.445314 -3.521964 -0.409130
22.720000 0.410028 -3.534794 -0.409130
22.730000 0.374618 -3.546564 -0.409130
22.740000 0.339096 -3.557270 -0.409131
22.750000 0.303473 -3.566908 -0.409131
22.760000 0.267758 -3.575477 -0.409131
22.770000 0.231963 -3.582972 -0.409131
22.780000 0.196099 -3.589393 -0.409131
22.790000 0.160175 -3.594737 -0.409132
22.800000 0.124204 -3.599003 -0.409132
22.810000 0.088195 -3.602189 -0.409132
22.820000 0.052160 -3.604294 -0.409132
22.830000 0.016110 -3.605319 -0.409132
22.840000 -0.019946 -3.605261 -0.409132
22.850000 -0.055996 -3.604122 -0.409132
22.860000 -0.092028 -3.601901 -0.409132
22.870000 -0.128034 -3.598601 -0.409132
22.880000 -0.164001 -3.594220 -0.409132
22.890000 -0.199918 -3.588761 -0.409131
22.900000 -0.235776 -3.582226 -0.409131
22.910000 -0.271563 -3.574616 -0.409131
22.920000 -0.307268 -3.565933 -0.409131
22.930000 -0.342881 -3.556181 -0.409131
22.940000 -0.378392 -3.545362 -0.409130
22.950000 -0.413789 -3.533479 -0.409130
22.960000 -0.449061 -3.520537 -0.409130
22.970000 -0.484199 -3.506538 -0.409129
22.980000 -0.519192 -3.491487 -0.409129
22.990000 -0.554029 -3.475388 -0.409129
23.000000 -0.588700 -3.458247 -0.409128
23.010000 -0.623194 -3.440069 -0.409128
23.020000 -0.657501 -3.420859 -0.409127
23.030000 -0.691611 -3.400622 -0.409127
23.040000 -0.725514 -3.379365 -0.409126
23.050000 -0.759198 -3.357094 -0.409126
23.060000 -0.792655 -3.333817 -0.409125
23.070000 -0.825875 -3.309539 -0.409125
23.080000 -0.858846 -3.284268 -0.409124
23.090000 -0.891560 -3.258012 -0.409124
23.100000 -0.924006 -3.230778 -0.409123
23.110000 -0.956176 -3.202576 -0.409122
23.120000 -0.988058 -3.173412 -0.409122
23.130000 -1.019644 -3.143296 -0.409121
23.140000 -1.050924 -3.112238 -0.409121
23.150000 -1.081889 -3.080246 -0.409120
23.160000 -1.112529 -3.047330 -0.409119
23.170000 -1.142835 -3.013499 -0.409118
23.180000 -1.172799 -2.978765 -0.409118
23.190000 -1.202411 -2.943136 -0.409117
23.200000 -1.231662 -2.906625 -0.409116
23.210000 -1.260543 -2.869242 -0.409116
23.220000 -1.289046 -2.830998 -0.409115
23.230000 -1.317163 -2.791905 -0.409114
23.240000 -1.344885 -2.751975 -0.409113
23.250000 -1.372203 -2.711218 -0.409113
23.260000 -1.399109 -2.669649 -0.409112
23.270000 -1.425595 -2.627278 -0.409111
23.280000 -1.451654 -2.584119 -0.409110
23.290000 -1.477278 -2.540185 -0.409109
23.300000 -1.502458 -2.495489 -0.409109
23.310000 -1.527188 -2.450045 -0.409108
23.320000 -1.551459 -2.403865 -0.409107
23.330000 -1.575265 -2.356964 -0.409106
23.340000 -1.598598 -2.309356 -0.409106
23.350000 -1.621452 -2.261055 -0.409105
23.360000 -1.643819 -2.212076 -0.409104
23.370000 -1.665694 -2.162434 -0.409103
23.380000 -1.687068 -2.112142 -0.409103
23.390000 -1.707936 -2.061217 -0.409102
23.400000 -1.728292 -2.009674 -0.409101
23.410000 -1.748130 -1.957527 -0.409101
23.420000 -1.767443 -1.904794 -0.409100
23.430000 -1.786226 -1.851489 -0.409099
23.440000 -1.804473 -1.797628 -0.409099
23.450000 -1.822178 -1.743228 -0.409098
23.460000 -1.839337 -1.688306 -0.409097
23.470000 -1.855944 -1.632876 -0.409097
23.480000 -1.871995 -1.576957 -0.409096
23.490000 -1.887484 -1.520565 -0.409095
23.500000 -1.902406 -1.463717 -0.409095
23.510000 -1.916758 -1.406429 -0.409094
23.520000 -1.930535 -1.348720 -0.409094
23.530000 -1.943732 -1.290606 -0.409093
23.540000 -1.956347 -1.232105 -0.409093
23.550000 -1.968374 -1.173234 -0.409092
23.560000 -1.979812 -1.114011 -0.409092
23.570000 -1.990655 -1.054454 -0.409091
23.580000 -2.000901 -0.994581 -0.409091
23.590000 -2.010546 -0.934409 -0.409090
23.600000 -2.019589 -0.873957 -0.409090
23.610000 -2.028025 -0.813243 -0.409090
23.620000 -2.035854 -0.752285 -0.409089
23.630000 -2.043071 -0.691101 -0.409089
23.640000 -2.049676 -0.629710 -0.409089
23.650000 -2.055665 -0.568130 -0.409089
23.660000 -2.061038 -0.506379 -0.409088
23.670000 -2.065793 -0.444476 -0.409088
23.680000 -2.069928 -0.382441 -0.409088
23.690000 -2.073442 -0.320290 -0.409088
23.700000 -2.076334 -0.258044 -0.409088
23.710000 -2.078603 -0.195719 -0.409088
23.720000 -2.080248 -0.133337 -0.409088
23.730000 -2.081269 -0.070914 -0.409088
23.740000 -2.081666 -0.008470 -0.409087
23.750000 -2.081439 0.053977 -0.409088
23.760000 -2.080587 0.116407 -0.409088
23.770000 -2.079111 0.178802 -0.409088
23.780000 -2.077011 0.241144 -0.409088
23.790000 -2.074288 0.303414 -0.409088
23.800000 -2.070942 0.365592 -0.409088
23.810000 -2.066976 0.427661 -0.409088
23.820000 -2.062389 0.489601 -0.409088
23.830000 -2.057184 0.551395 -0.409089
23.840000 -2.051361 0.613023 -0.409089
23.850000 -2.044923 0.674468 -0.409089
23.860000 -2.037872 0.735709 -0.409089
23.870000 -2.030209 0.796731 -0.409090
23.880000 -2.021937 0.857513 -0.409090
23.890000 -2.013059 0.918038 -0.409090
23.900000 -2.003577 0.978287 -0.409091
23.910000 -1.993493 1.038243 -0.409091
23.920000 -1.982812 1.097888 -0.409092
23.930000 -1.971535 1.157203 -0.409092
23.940000 -1.959668 1.216171 -0.409093
23.950000 -1.947212 1.274774 -0.409093
23.960000 -1.934172 1.332995 -0.409094
23.970000 -1.920552 1.390816 -0.409094
23.980000 -1.906356 1.448220 -0.409095
23.990000 -1.891588 1.505189 -0.409095
24.000000 -1.876252 1.561706 -0.409096
24.010000 -1.860354 1.617755 -0.409096
24.020000 -1.843897 1.673319 -0.409097
24.030000 -1.826887 1.728381 -0.409098
24.040000 -1.809329 1.782924 -0.409098
24.050000 -1.791229 1.836933 -0.409099
24.060000 -1.772591 1.890390 -0.409100
24.070000 -1.753421 1.943280 -0.409100
24.080000 -1.733725 1.995587 -0.409101
24.090000 -1.713509 2.047296 -0.409102
24.100000 -1.692779 2.098390 -0.409103
24.110000 -1.671541 2.148855 -0.409103
24.120000 -1.649802 2.198675 -0.409104
24.130000 -1.627568 2.247836 -0.409105
24.140000 -1.604845 2.296322 -0.409105
24.150000 -1.581641 2.344119 -0.409106
24.160000 -1.557963 2.391213 -0.409107
24.170000 -1.533817 2.437590 -0.409108
24.180000 -1.509211 2.483235 -0.409109
24.190000 -1.484152 2.528136 -0.409109
24.200000 -1.458648 2.572278 -0.409110
24.210000 -1.432707 2.615648 -0.409111
24.220000 -1.406335 2.658234 -0.409112
24.230000 -1.379542 2.700022 -0.409112
24.240000 -1.352335 2.741000 -0.409113
24.250000 -1.324722 2.781156 -0.409114
24.260000 -1.296712 2.820477 -0.409115
24.270000 -1.268313 2.858953 -0.409115
24.280000 -1.239533 2.896570 -0.409116
24.290000 -1.210381 2.933319 -0.409117
24.300000 -1.180866 2.969188 -0.409118
24.310000 -1.150997 3.004166 -0.409118
24.320000 -1.120783 3.038243 -0.409119
24.330000 -1.090233 3.071408 -0.409120
24.340000 -1.059355 3.103652 -0.409120
24.350000 -1.028160 3.134964 -0.409121
24.360000 -0.996656 3.165337 -0.409122
24.370000 -0.964853 3.194759 -0.409122
24.380000 -0.932761 3.223223 -0.409123
24.390000 -0.900388 3.250721 -0.409124
24.400000 -0.867746 3.277243 -0.409124
24.410000 -0.834844 3.302782 -0.409125
24.420000 -0.801690 3.327330 -0.409125
24.430000 -0.768297 3.350879 -0.409126
24.440000 -0.734673 3.373424 -0.409126
24.450000 -0.700828 3.394956 -0.409127
24.460000 -0.666774 3.415470 -0.409127
24.470000 -0.632519 3.434960 -0.409128
24.480000 -0.598075 3.453419 -0.409128
24.490000 -0.563451 3.470842 -0.409129
24.500000 -0.528658 3.487223 -0.409129
24.510000 -0.493706 3.502559 -0.409129
24.520000 -0.458607 3.516843 -0.409130
24.530000 -0.423369 3.530073 -0.409130
24.540000 -0.388005 3.542244 -0.409130
24.550000 -0.352524 3.553352 -0.409131
24.560000 -0.316938 3.563394 -0.409131
24.570000 -0.281257 3.572366 -0.409131
24.580000 -0.245491 3.580268 -0.409131
24.590000 -0.209651 3.587095 -0.409131
24.600000 -0.173749 3.592846 -0.409132
24.610000 -0.137794 3.597519 -0.409132
24.620000 -0.101798 3.601113 -0.409132
24.630000 -0.065772 3.603626 -0.409132
24.640000 -0.029726 3.605059 -0.409132
24.650000 0.006329 3.605410 -0.409132
24.660000 0.042382 3.604679 -0.409132
24.670000 0.078423 3.602867 -0.409132
24.680000 0.114440 3.599974 -0.409132
24.690000 0.150422 3.596001 -0.409132
24.700000 0.186360 3.590949 -0.409131
24.710000 0.222241 3.584820 -0.409131
24.720000 0.258056 3.577616 -0.409131
24.730000 0.293793 3.569338 -0.409131
24.740000 0.329443 3.559990 -0.409131
24.750000 0.364993 3.549573 -0.409130
24.760000 0.400434 3.538092 -0.409130
24.770000 0.435755 3.525549 -0.409130
24.780000 0.470945 3.511948 -0.409130
24.790000 0.505994 3.497294 -0.409129
24.800000 0.540891 3.481591 -0.409129
24.810000 0.575626 3.464843 -0.409128
24.820000 0.610188 3.447056 -0.409128
24.830000 0.644567 3.428235 -0.409128
24.840000 0.678753 3.408385 -0.409127
24.850000 0.712735 3.387513 -0.409127
24.860000 0.746503 3.365624 -0.409126
24.870000 0.780047 3.342726 -0.409126
24.880000 0.813357 3.318825 -0.409125
24.890000 0.846424 3.293928 -0.409124
24.900000 0.879236 3.268043 -0.409124
24.910000 0.911785 3.241178 -0.409123
24.920000 0.944060 3.213340 -0.409123
24.930000 0.976051 3.184539 -0.409122
24.940000 1.007750 3.154781 -0.409121
24.950000 1.039147 3.124078 -0.409121
24.960000 1.070232 3.092437 -0.409120
24.970000 1.100996 3.059869 -0.409119
24.980000 1.131429 3.026383 -0.409119
24.990000 1.161523 2.991988 -0.409118
25.000000 1.191269 2.956696 -0.409117
25.010000 1.220657 2.920517 -0.409117
25.020000 1.249679 2.883462 -0.409116
25.030000 1.278327 2.845542 -0.409115
25.040000 1.306590 2.806769 -0.409114
25.050000 1.334462 2.767153 -0.409114
25.060000 1.361933 2.726707 -0.409113
25.070000 1.388996 2.685443 -0.409112
25.080000 1.415642 2.643373 -0.409111
25.090000 1.441864 2.600511 -0.409111
25.100000 1.467652 2.556868 -0.409110
25.110000 1.493001 2.512458 -0.409109
25.120000 1.517902 2.467295 -0.409108
25.130000 1.542347 2.421391 -0.409107
25.140000 1.566329 2.374761 -0.409107
25.150000 1.589842 2.327418 -0.409106
25.160000 1.612878 2.279377 -0.409105
25.170000 1.635430 2.230653 -0.409104
25.180000 1.657491 2.181259 -0.409104
25.190000 1.679055 2.131211 -0.409103
25.200000 1.700115 2.080523 -0.409102
25.210000 1.720665 2.029212 -0.409102
25.220000 1.740699 1.977291 -0.409101
25.230000 1.760211 1.924778 -0.409100
25.240000 1.779195 1.871686 -0.409099
25.250000 1.797645 1.818034 -0.409099
25.260000 1.815555 1.763836 -0.409098
25.270000 1.832921 1.709109 -0.409097
25.280000 1.849738 1.653869 -0.409097
25.290000 1.865999 1.598133 -0.409096
25.300000 1.881700 1.541917 -0.409096
25.310000 1.896837 1.485239 -0.409095
25.320000 1.911405 1.428116 -0.409094
25.330000 1.925400 1.370563 -0.409094
25.340000 1.938816 1.312600 -0.409093
25.350000 1.951652 1.254243 -0.409093
25.360000 1.963901 1.195510 -0.409092
25.370000 1.975562 1.136418 -0.409092
25.380000 1.986630 1.076985 -0.409091
25.390000 1.997101 1.017229 -0.409091
25.400000 2.006974 0.957168 -0.409091
25.410000 2.016245 0.896820 -0.409090
25.420000 2.024911 0.836202 -0.409090
25.430000 2.032969 0.775334 -0.409090
25.440000 2.040417 0.714233 -0.409089
25.450000 2.047253 0.652918 -0.409089
25.460000 2.053476 0.591407 -0.409089
25.470000 2.059082 0.529719 -0.409088
25.480000 2.064070 0.467872 -0.409088
25.490000 2.068439 0.405884 -0.409088
25.500000 2.072188 0.343775 -0.409088
25.510000 2.075315 0.281562 -0.409088
25.520000 2.077819 0.219265 -0.409088
25.530000 2.079700 0.156902 -0.409088
25.540000 2.080957 0.094493 -0.409088
25.550000 2.081590 0.032054 -0.409088
25.560000 2.081598 -0.030393 -0.409088
25.570000 2.080982 -0.092832 -0.409088
25.580000 2.079741 -0.155243 -0.409088
25.590000 2.077877 -0.217607 -0.409088
25.600000 2.075389 -0.279906 -0.409088
25.610000 2.072279 -0.342121 -0.409088
25.620000 2.068547 -0.404234 -0.409088
25.630000 2.064194 -0.466225 -0.409088
25.640000 2.059222 -0.528076 -0.409088
25.650000 2.053633 -0.589769 -0.409089
25.660000 2.047427 -0.651285 -0.409089
25.670000 2.040607 -0.712605 -0.409089
25.680000 2.033175 -0.773712 -0.409090
25.690000 2.025133 -0.834587 -0.409090
25.700000 2.016483 -0.895211 -0.409090
25.710000 2.007229 -0.955566 -0.409091
25.720000 1.997372 -1.015635 -0.409091
25.730000 1.986916 -1.075400 -0.409091
25.740000 1.975864 -1.134841 -0.409092
25.750000 1.964219 -1.193943 -0.409092
25.760000 1.951985 -1.252686 -0.409093
25.770000 1.939165 -1.311053 -0.409093
25.780000 1.925764 -1.369027 -0.409094
25.790000 1.911785 -1.426590 -0.409094
25.800000 1.897232 -1.483725 -0.409095
25.810000 1.882110 -1.540416 -0.409096
25.820000 1.866424 -1.596644 -0.409096
25.830000 1.850177 -1.652393 -0.409097
25.840000 1.833376 -1.707646 -0.409097
25.850000 1.816024 -1.762387 -0.409098
25.860000 1.798128 -1.816599 -0.409099
25.870000 1.779692 -1.870267 -0.409099
25.880000 1.760723 -1.923373 -0.409100
25.890000 1.741225 -1.975902 -0.409101
25.900000 1.721205 -2.027838 -0.409102
25.910000 1.700668 -2.079167 -0.409102
25.920000 1.679621 -2.129871 -0.409103
25.930000 1.658071 -2.179936 -0.409104
25.940000 1.636023 -2.229348 -0.409104
25.950000 1.613484 -2.278090 -0.409105
25.960000 1.590461 -2.326149 -0.409106
25.970000 1.566961 -2.373511 -0.409107
25.980000 1.542991 -2.420160 -0.409107
25.990000 1.518558 -2.466083 -0.409108
26.000000 1.493669 -2.511267 -0.409109
26.010000 1.468332 -2.555697 -0.409110
26.020000 1.442555 -2.599360 -0.409111
26.030000 1.416345 -2.642243 -0.409111
26.040000 1.389710 -2.684334 -0.409112
26.050000 1.362658 -2.725620 -0.409113
26.060000 1.335198 -2.766088 -0.409114
26.070000 1.307337 -2.805726 -0.409114
26.080000 1.279083 -2.844522 -0.409115
26.090000 1.250446 -2.882465 -0.409116
26.100000 1.221434 -2.919543 -0.409117
26.110000 1.192055 -2.955746 -0.409117
26.120000 1.162319 -2.991061 -0.409118
26.130000 1.132234 -3.025479 -0.409119
26.140000 1.101810 -3.058990 -0.409119
26.150000 1.071054 -3.091583 -0.409120
26.160000 1.039978 -3.123249 -0.409121
26.170000 1.008589 -3.153977 -0.409121
26.180000 0.976898 -3.183759 -0.409122
26.190000 0.944914 -3.212587 -0.409123
26.200000 0.912647 -3.240450 -0.409123
26.210000 0.880105 -3.267341 -0.409124
26.220000 0.847300 -3.293252 -0.409124
26.230000 0.814240 -3.318175 -0.409125
26.240000 0.780936 -3.342103 -0.409126
26.250000 0.747398 -3.365028 -0.409126
26.260000 0.713636 -3.386944 -0.409127
26.270000 0.679659 -3.407843 -0.409127
26.280000 0.645479 -3.427720 -0.409128
26.290000 0.611105 -3.446569 -0.409128
26.300000 0.576547 -3.464384 -0.409128
26.310000 0.541817 -3.481159 -0.409129
26.320000 0.506924 -3.496890 -0.409129
26.330000 0.471879 -3.511572 -0.409130
26.340000 0.436693 -3.525201 -0.409130
26.350000 0.401375 -3.537772 -0.409130
26.360000 0.365937 -3.549282 -0.409130
26.370000 0.330390 -3.559726 -0.409131
26.380000 0.294743 -3.569103 -0.409131
26.390000 0.259008 -3.577410 -0.409131
26.400000 0.223195 -3.584643 -0.409131
26.410000 0.187315 -3.590800 -0.409131
26.420000 0.151379 -3.595881 -0.409132
26.430000 0.115397 -3.599882 -0.409132
26.440000 0.079381 -3.602804 -0.409132
26.450000 0.043341 -3.604645 -0.409132
26.460000 0.007288 -3.605404 -0.409132
26.470000 -0.028767 -3.605082 -0.409132
26.480000 -0.064813 -3.603678 -0.409132
26.490000 -0.100841 -3.601194 -0.409132
26.500000 -0.136837 -3.597628 -0.409132
26.510000 -0.172793 -3.592984 -0.409132
26.520000 -0.208697 -3.587262 -0.409131
26.530000 -0.244538 -3.580463 -0.409131
26.540000 -0.280306 -3.572590 -0.409131
26.550000 -0.315990 -3.563646 -0.409131
26.560000 -0.351579 -3.553632 -0.409131
26.570000 -0.387063 -3.542553 -0.409130
26.580000 -0.422430 -3.530410 -0.409130
26.590000 -0.457671 -3.517209 -0.409130
26.600000 -0.492774 -3.502952 -0.409129
26.610000 -0.527730 -3.487645 -0.409129
26.620000 -0.562527 -3.471291 -0.409129
26.630000 -0.597156 -3.453896 -0.409128
26.640000 -0.631605 -3.435464 -0.409128
26.650000 -0.665865 -3.416002 -0.409127
26.660000 -0.699925 -3.395515 -0.409127
26.670000 -0.733775 -3.374010 -0.409126
26.680000 -0.767406 -3.351492 -0.409126
26.690000 -0.800805 -3.327969 -0.409125
26.700000 -0.833965 -3.303447 -0.409125
26.710000 -0.866874 -3.277935 -0.409124
26.720000 -0.899524 -3.251439 -0.409124
26.730000 -0.931903 -3.223967 -0.409123
26.740000 -0.964003 -3.195529 -0.409122
26.750000 -0.995814 -3.166132 -0.409122
26.760000 -1.027326 -3.135784 -0.409121
26.770000 -1.058529 -3.104497 -0.409120
26.780000 -1.089415 -3.072277 -0.409120
26.790000 -1.119975 -3.039137 -0.409119
26.800000 -1.150198 -3.005084 -0.409118
26.810000 -1.180077 -2.970130 -0.409118
26.820000 -1.209601 -2.934285 -0.409117
26.830000 -1.238762 -2.897559 -0.409116
26.840000 -1.267552 -2.859965 -0.409115
26.850000 -1.295962 -2.821512 -0.409115
26.860000 -1.323982 -2.782213 -0.409114
26.870000 -1.351606 -2.742079 -0.409113
26.880000 -1.378824 -2.701122 -0.409112
26.890000 -1.405628 -2.659356 -0.409112
26.900000 -1.432011 -2.616791 -0.409111
26.910000 -1.457964 -2.573441 -0.409110
26.920000 -1.483480 -2.529320 -0.409109
26.930000 -1.508550 -2.484439 -0.409109
26.940000 -1.533169 -2.438814 -0.409108
26.950000 -1.557327 -2.392456 -0.409107
26.960000 -1.581018 -2.345381 -0.409106
26.970000 -1.604234 -2.297602 -0.409105
26.980000 -1.626970 -2.249134 -0.409105
26.990000 -1.649217 -2.199991 -0.409104
27.000000 -1.670970 -2.150188 -0.409103
27.010000 -1.692221 -2.099741 -0.409103
27.020000 -1.712964 -2.048663 -0.409102
27.030000 -1.733194 -1.996970 -0.409101
27.040000 -1.752904 -1.944679 -0.409100
27.050000 -1.772088 -1.891804 -0.409100
27.060000 -1.790740 -1.838362 -0.409099
27.070000 -1.808855 -1.784368 -0.409098
27.080000 -1.826427 -1.729839 -0.409098
27.090000 -1.843452 -1.674790 -0.409097
27.100000 -1.859923 -1.619240 -0.409096
27.110000 -1.875836 -1.563203 -0.409096
27.120000 -1.891187 -1.506698 -0.409095
27.130000 -1.905970 -1.449741 -0.409095
27.140000 -1.920182 -1.392348 -0.409094
27.150000 -1.933817 -1.334538 -0.409094
27.160000 -1.946873 -1.276328 -0.409093
27.170000 -1.959344 -1.217735 -0.409093
27.180000 -1.971227 -1.158776 -0.409092
27.190000 -1.982519 -1.099470 -0.409092
27.200000 -1.993217 -1.039834 -0.409091
27.210000 -2.003316 -0.979886 -0.409091
27.220000 -2.012814 -0.919644 -0.409090
27.230000 -2.021709 -0.859126 -0.409090
27.240000 -2.029997 -0.798351 -0.409090
27.250000 -2.037676 -0.737336 -0.409089
27.260000 -2.044744 -0.676099 -0.409089
27.270000 -2.051198 -0.614660 -0.409089
27.280000 -2.057037 -0.553037 -0.409089
27.290000 -2.062259 -0.491247 -0.409088
27.300000 -2.066862 -0.429310 -0.409088
27.310000 -2.070845 -0.367245 -0.409088
27.320000 -2.074207 -0.305069 -0.409088
27.330000 -2.076946 -0.242802 -0.409088
27.340000 -2.079063 -0.180462 -0.409088
27.350000 -2.080556 -0.118067 -0.409088
27.360000 -2.081424 -0.055638 -0.409088
27.370000 -2.081668 0.006809 -0.409087
27.380000 -2.081288 0.069253 -0.409088
27.390000 -2.080283 0.131677 -0.409088
27.400000 -2.078654 0.194061 -0.409088
27.410000 -2.076402 0.256387 -0.409088
27.420000 -2.073527 0.318636 -0.409088
27.430000 -2.070029 0.380789 -0.409088
27.440000 -2.065911 0.442828 -0.409088
27.450000 -2.061173 0.504734 -0.409088
27.460000 -2.055816 0.566489 -0.409089
27.470000 -2.049843 0.628074 -0.409089
27.480000 -2.043255 0.689470 -0.409089
27.490000 -2.036054 0.750660 -0.409089
27.500000 -2.028242 0.811625 -0.409090
27.510000 -2.019821 0.872345 -0.409090
27.520000 -2.010795 0.932805 -0.409090
27.530000 -2.001165 0.992984 -0.409091
27.540000 -1.990935 1.052866 -0.409091
27.550000 -1.980108 1.112431 -0.409092
27.560000 -1.968686 1.171663 -0.409092
27.570000 -1.956674 1.230544 -0.409093
27.580000 -1.944075 1.289055 -0.409093
27.590000 -1.930893 1.347179 -0.409094
27.600000 -1.917132 1.404900 -0.409094
27.610000 -1.902795 1.462199 -0.409095
27.620000 -1.887888 1.519059 -0.409095
27.630000 -1.872414 1.575463 -0.409096
27.640000 -1.856379 1.631395 -0.409097
27.650000 -1.839786 1.686838 -0.409097
27.660000 -1.822642 1.741774 -0.409098
27.670000 -1.804951 1.796188 -0.409098
27.680000 -1.786718 1.850063 -0.409099
27.690000 -1.767949 1.903383 -0.409100
27.700000 -1.748650 1.956132 -0.409101
27.710000 -1.728827 2.008294 -0.409101
27.720000 -1.708485 2.059854 -0.409102
27.730000 -1.687630 2.110796 -0.409103
27.740000 -1.666269 2.161104 -0.409103
27.750000 -1.644408 2.210764 -0.409104
27.760000 -1.622053 2.259761 -0.409105
27.770000 -1.599212 2.308080 -0.409106
27.780000 -1.575892 2.355707 -0.409106
27.790000 -1.552098 2.402627 -0.409107
27.800000 -1.527839 2.448826 -0.409108
27.810000 -1.503122 2.494290 -0.409109
27.820000 -1.477953 2.539006 -0.409109
27.830000 -1.452342 2.582961 -0.409110
27.840000 -1.426294 2.626140 -0.409111
27.850000 -1.399819 2.668532 -0.409112
27.860000 -1.372924 2.710123 -0.409113
27.870000 -1.345616 2.750901 -0.409113
27.880000 -1.317906 2.790854 -0.409114
27.890000 -1.289799 2.829970 -0.409115
27.900000 -1.261306 2.868236 -0.409116
27.910000 -1.232435 2.905642 -0.409116
27.920000 -1.203193 2.942177 -0.409117
27.930000 -1.173591 2.977828 -0.409118
27.940000 -1.143637 3.012587 -0.409118
27.950000 -1.113339 3.046441 -0.409119
27.960000 -1.082708 3.079382 -0.409120
27.970000 -1.051752 3.111399 -0.409121
27.980000 -1.020480 3.142483 -0.409121
27.990000 -0.988902 3.172623 -0.409122
28.000000 -0.957027 3.201812 -0.409122
28.010000 -0.924866 3.230041 -0.409123
28.020000 -0.892427 3.257300 -0.409124
28.030000 -0.859720 3.283582 -0.409124
28.040000 -0.826755 3.308879 -0.409125
28.050000 -0.793542 3.333184 -0.409125
28.060000 -0.760091 3.356488 -0.409126
28.070000 -0.726412 3.378786 -0.409126
28.080000 -0.692516 3.400070 -0.409127
28.090000 -0.658411 3.420334 -0.409127
28.100000 -0.624109 3.439571 -0.409128
28.110000 -0.589620 3.457777 -0.409128
28.120000 -0.554953 3.474946 -0.409129
28.130000 -0.520121 3.491072 -0.409129
28.140000 -0.485132 3.506151 -0.409129
28.150000 -0.449998 3.520178 -0.409130
28.160000 -0.414728 3.533149 -0.409130
28.170000 -0.379335 3.545060 -0.409130
28.180000 -0.343827 3.555907 -0.409131
28.190000 -0.308217 3.565688 -0.409131
28.200000 -0.272513 3.574399 -0.409131
28.210000 -0.236729 3.582037 -0.409131
28.220000 -0.200873 3.588601 -0.409131
28.230000 -0.164957 3.594089 -0.409132
28.240000 -0.128991 3.598498 -0.409132
28.250000 -0.092987 3.601828 -0.409132
28.260000 -0.056954 3.604077 -0.409132
28.270000 -0.020905 3.605245 -0.409132
28.280000 0.015151 3.605331 -0.409132
28.290000 0.051202 3.604336 -0.409132
28.300000 0.087237 3.602259 -0.409132
28.310000 0.123247 3.599102 -0.409132
28.320000 0.159219 3.594865 -0.409132
28.330000 0.195144 3.589549 -0.409131
28.340000 0.231010 3.583157 -0.409131
28.350000 0.266807 3.575690 -0.409131
28.360000 0.302524 3.567150 -0.409131
28.370000 0.338150 3.557540 -0.409131
28.380000 0.373675 3.546862 -0.409130
28.390000 0.409087 3.535121 -0.409130
28.400000 0.444377 3.522319 -0.409130
28.410000 0.479534 3.508460 -0.409129
28.420000 0.514546 3.493549 -0.409129
28.430000 0.549405 3.477590 -0.409129
28.440000 0.584098 3.460587 -0.409128
28.450000 0.618617 3.442547 -0.409128
28.460000 0.652949 3.423473 -0.409127
28.470000 0.687086 3.403373 -0.409127
28.480000 0.721017 3.382251 -0.409127
28.490000 0.754731 3.360115 -0.409126
28.500000 0.788219 3.336971 -0.409125
28.510000 0.821470 3.312825 -0.409125
28.520000 0.854475 3.287686 -0.409124
28.530000 0.887224 3.261561 -0.409124
28.540000 0.919707 3.234457 -0.409123
28.550000 0.951913 3.206382 -0.409123
28.560000 0.983834 3.177346 -0.409122
28.570000 1.015460 3.147357 -0.409121
28.580000 1.046781 3.116423 -0.409121
28.590000 1.077789 3.084554 -0.409120
28.600000 1.108473 3.051761 -0.409119
28.610000 1.138824 3.018051 -0.409119
28.620000 1.168834 2.983436 -0.409118
28.630000 1.198493 2.947926 -0.409117
28.640000 1.227792 2.911532 -0.409116
28.650000 1.256723 2.874264 -0.409116
28.660000 1.285277 2.836134 -0.409115
28.670000 1.313446 2.797153 -0.409114
28.680000 1.341220 2.757333 -0.409113
28.690000 1.368593 2.716686 -0.409113
28.700000 1.395554 2.675224 -0.409112
28.710000 1.422097 2.632959 -0.409111
28.720000 1.448213 2.589905 -0.409110
28.730000 1.473895 2.546073 -0.409110
28.740000 1.499135 2.501478 -0.409109
28.750000 1.523925 2.456132 -0.409108
28.760000 1.548257 2.410049 -0.409107
28.770000 1.572126 2.363243 -0.409107
28.780000 1.595522 2.315729 -0.409106
28.790000 1.618440 2.267519 -0.409105
28.800000 1.640873 2.218629 -0.409104
28.810000 1.662813 2.169074 -0.409104
28.820000 1.684254 2.118868 -0.409103
28.830000 1.705190 2.068026 -0.409102
28.840000 1.725615 2.016564 -0.409101
28.850000 1.745521 1.964497 -0.409101
28.860000 1.764905 1.911841 -0.409100
28.870000 1.783758 1.858611 -0.409099
28.880000 1.802077 1.804823 -0.409099
28.890000 1.819855 1.750494 -0.409098
28.900000 1.837087 1.695640 -0.409097
28.910000 1.853768 1.640278 -0.409097
28.920000 1.869892 1.584423 -0.409096
28.930000 1.885456 1.528092 -0.409095
28.940000 1.900454 1.471304 -0.409095
28.950000 1.914882 1.414074 -0.409094
28.960000 1.928736 1.356419 -0.409094
28.970000 1.942011 1.298358 -0.409093
28.980000 1.954703 1.239908 -0.409093
28.990000 1.966809 1.181085 -0.409092
29.000000 1.978324 1.121908 -0.409092
29.010000 1.989247 1.062394 -0.409091
29.020000 1.999572 1.002562 -0.409091
29.030000 2.009298 0.942429 -0.409091
29.040000 2.018421 0.882013 -0.409090
29.050000 2.026938 0.821333 -0.409090
29.060000 2.034848 0.760406 -0.409089
29.070000 2.042146 0.699251 -0.409089
29.080000 2.048833 0.637886 -0.409089
29.090000 2.054904 0.576330 -0.409089
29.100000 2.060359 0.514601 -0.409088
29.110000 2.065196 0.452718 -0.409088
29.120000 2.069414 0.390699 -0.409088
29.130000 2.073010 0.328563 -0.409088
29.140000 2.075985 0.266328 -0.409088
29.150000 2.078337 0.204013 -0.409088
29.160000 2.080065 0.141637 -0.409088
29.170000 2.081169 0.079218 -0.409088
29.180000 2.081649 0.016776 -0.409088
29.190000 2.081505 -0.045671 -0.409088
29.200000 2.080736 -0.108105 -0.409088
29.210000 2.079343 -0.170506 -0.409088
29.220000 2.077326 -0.232856 -0.409088
29.230000 2.074686 -0.295136 -0.409088
29.240000 2.071423 -0.357328 -0.409088
29.250000 2.067539 -0.419412 -0.409088
29.260000 2.063035 -0.481371 -0.409088
29.270000 2.057912 -0.543185 -0.409089
29.280000 2.052171 -0.604836 -0.409089
29.290000 2.045815 -0.666306 -0.409089
29.300000 2.038845 -0.727576 -0.409089
29.310000 2.031264 -0.788628 -0.409090
29.320000 2.023073 -0.849443 -0.409090
29.330000 2.014275 -0.910003 -0.409090
29.340000 2.004873 -0.970290 -0.409091
29.350000 1.994869 -1.030286 -0.409091
29.360000 1.984267 -1.089973 -0.409092
29.370000 1.973069 -1.149333 -0.409092
29.380000 1.961280 -1.208349 -0.409092
29.390000 1.948902 -1.267001 -0.409093
29.400000 1.935940 -1.325274 -0.409093
29.410000 1.922397 -1.383149 -0.409094
29.420000 1.908277 -1.440609 -0.409095
29.430000 1.893585 -1.497637 -0.409095
29.440000 1.878324 -1.554216 -0.409096
29.450000 1.862500 -1.610328 -0.409096
29.460000 1.846118 -1.665957 -0.409097
29.470000 1.829181 -1.721087 -0.409098
29.480000 1.811696 -1.775700 -0.409098
29.490000 1.793667 -1.829781 -0.409099
29.500000 1.775100 -1.883312 -0.409100
29.510000 1.756001 -1.936279 -0.409100
29.520000 1.736375 -1.988664 -0.409101
29.530000 1.716228 -2.040453 -0.409102
29.540000 1.695566 -2.091630 -0.409102
29.550000 1.674395 -2.142180 -0.409103
29.560000 1.652722 -2.192086 -0.409104
29.570000 1.630553 -2.241335 -0.409105
29.580000 1.607896 -2.289912 -0.409105
29.590000 1.584755 -2.337802 -0.409106
29.600000 1.561139 -2.384990 -0.409107
29.610000 1.537055 -2.431463 -0.409108
29.620000 1.512510 -2.477207 -0.409108
29.630000 1.487511 -2.522207 -0.409109
29.640000 1.462066 -2.566451 -0.409110
29.650000 1.436182 -2.609924 -0.409111
29.660000 1.409868 -2.652615 -0.409111
29.670000 1.383130 -2.694510 -0.409112
29.680000 1.355977 -2.735597 -0.409113
29.690000 1.328418 -2.775863 -0.409114
29.700000 1.300460 -2.815296 -0.409115
29.710000 1.272112 -2.853884 -0.409115
29.720000 1.243382 -2.891617 -0.409116
29.730000 1.214280 -2.928482 -0.409117
29.740000 1.184813 -2.964468 -0.409117
29.750000 1.154990 -2.999565 -0.409118
29.760000 1.124821 -3.033762 -0.409119
29.770000 1.094315 -3.067050 -0.409120
29.780000 1.063480 -3.099416 -0.409120
29.790000 1.032327 -3.130854 -0.409121
29.800000 1.000863 -3.161351 -0.409122
29.810000 0.969100 -3.190901 -0.409122
29.820000 0.937045 -3.219493 -0.409123
29.830000 0.904710 -3.247119 -0.409123
29.840000 0.872103 -3.273772 -0.409124
29.850000 0.839234 -3.299442 -0.409125
29.860000 0.806114 -3.324122 -0.409125
29.870000 0.772752 -3.347805 -0.409126
29.880000 0.739158 -3.370483 -0.409126
29.890000 0.705342 -3.392151 -0.409127
29.900000 0.671315 -3.412801 -0.409127
29.910000 0.637086 -3.432427 -0.409128
29.920000 0.602667 -3.451023 -0.409128
29.930000 0.568066 -3.468584 -0.409129
29.940000 0.533295 -3.485105 -0.409129
29.950000 0.498364 -3.500579 -0.409129
29.960000 0.463283 -3.515004 -0.409130
29.970000 0.428064 -3.528374 -0.409130
29.980000 0.392716 -3.540686 -0.409130
29.990000 0.357250 -3.551936 -0.409131
30.000000 0.321677 -3.562119 -0.409131
30.010000 0.286008 -3.571235 -0.409131
30.020000 0.250252 -3.579279 -0.409131
30.030000 0.214422 -3.586249 -0.409131
30.040000 0.178527 -3.592143 -0.409131
30.050000 0.142579 -3.596960 -0.409132
30.060000 0.106588 -3.600697 -0.409132
30.070000 0.070565 -3.603354 -0.409132
30.080000 0.034521 -3.604931 -0.409132
30.090000 -0.001533 -3.605425 -0.409132
30.100000 -0.037587 -3.604839 -0.409132
30.110000 -0.073630 -3.603170 -0.409132
30.120000 -0.109651 -3.600421 -0.409132
30.130000 -0.145639 -3.596592 -0.409132
30.140000 -0.181583 -3.591684 -0.409131
30.150000 -0.217472 -3.585698 -0.409131
30.160000 -0.253297 -3.578636 -0.409131
30.170000 -0.289045 -3.570501 -0.409131
30.180000 -0.324707 -3.561295 -0.409131
30.190000 -0.360271 -3.551020 -0.409130
30.200000 -0.395727 -3.539680 -0.409130
30.210000 -0.431064 -3.527278 -0.409130
30.220000 -0.466273 -3.513818 -0.409130
30.230000 -0.501341 -3.499304 -0.409129
30.240000 -0.536259 -3.483740 -0.409129
30.250000 -0.571016 -3.467131 -0.409128
30.260000 -0.605601 -3.449482 -0.409128
30.270000 -0.640005 -3.430798 -0.409128
30.280000 -0.674217 -3.411084 -0.409127
30.290000 -0.708227 -3.390348 -0.409127
30.300000 -0.742024 -3.368594 -0.409126
30.310000 -0.775599 -3.345829 -0.409126
30.320000 -0.808941 -3.322061 -0.409125
30.330000 -0.842040 -3.297297 -0.409125
30.340000 -0.874887 -3.271543 -0.409124
30.350000 -0.907471 -3.244807 -0.409123
30.360000 -0.939783 -3.217099 -0.409123
30.370000 -0.971813 -3.188425 -0.409122
30.380000 -1.003551 -3.158794 -0.409122
30.390000 -1.034989 -3.128216 -0.409121
30.400000 -1.066116 -3.096700 -0.409120
30.410000 -1.096923 -3.064254 -0.409120
30.420000 -1.127401 -3.030889 -0.409119
30.430000 -1.157541 -2.996615 -0.409118
30.440000 -1.187333 -2.961442 -0.409117
30.450000 -1.216769 -2.925380 -0.409117
30.460000 -1.245841 -2.888441 -0.409116
30.470000 -1.274538 -2.850635 -0.409115
30.480000 -1.302853 -2.811975 -0.409114
30.490000 -1.330778 -2.772470 -0.409114
30.500000 -1.358303 -2.732134 -0.409113
30.510000 -1.385420 -2.690978 -0.409112
30.520000 -1.412122 -2.649015 -0.409111
30.530000 -1.438401 -2.606257 -0.409111
30.540000 -1.464247 -2.562717 -0.409110
30.550000 -1.489655 -2.518409 -0.409109
30.560000 -1.514616 -2.473345 -0.409108
30.570000 -1.539122 -2.427539 -0.409108
30.580000 -1.563166 -2.381004 -0.409107
30.590000 -1.586742 -2.333756 -0.409106
30.600000 -1.609842 -2.285807 -0.409105
30.610000 -1.632458 -2.237173 -0.409105
30.620000 -1.654585 -2.187867 -0.409104
30.630000 -1.676215 -2.137905 -0.409103
30.640000 -1.697343 -2.087301 -0.409102
30.650000 -1.717962 -2.036072 -0.409102
30.660000 -1.738065 -1.984232 -0.409101
30.670000 -1.757646 -1.931796 -0.409100
30.680000 -1.776700 -1.878781 -0.409100
30.690000 -1.795222 -1.825202 -0.409099
30.700000 -1.813204 -1.771075 -0.409098
30.710000 -1.830643 -1.716418 -0.409098
30.720000 -1.847533 -1.661245 -0.409097
30.730000 -1.863868 -1.605574 -0.409096
30.740000 -1.879644 -1.549421 -0.409096
30.750000 -1.894857 -1.492804 -0.409095
30.760000 -1.909500 -1.435739 -0.409095
30.770000 -1.923571 -1.378242 -0.409094
30.780000 -1.937065 -1.320333 -0.409093
30.790000 -1.949978 -1.262027 -0.409093
30.800000 -1.962306 -1.203343 -0.409092
30.810000 -1.974045 -1.144298 -0.409092
30.820000 -1.985192 -1.084909 -0.409092
30.830000 -1.995743 -1.025195 -0.409091
30.840000 -2.005696 -0.965174 -0.409091
30.850000 -2.015047 -0.904862 -0.409090
30.860000 -2.023793 -0.844280 -0.409090
30.870000 -2.031932 -0.783444 -0.409090
30.880000 -2.039462 -0.722373 -0.409089
30.890000 -2.046380 -0.661085 -0.409089
30.900000 -2.052683 -0.599599 -0.409089
30.910000 -2.058372 -0.537934 -0.409088
30.920000 -2.063442 -0.476106 -0.409088
30.930000 -2.067894 -0.414136 -0.409088
30.940000 -2.071725 -0.352042 -0.409088
30.950000 -2.074935 -0.289842 -0.409088
30.960000 -2.077522 -0.227555 -0.409088
30.970000 -2.079486 -0.165200 -0.409088
30.980000 -2.080826 -0.102796 -0.409088
30.990000 -2.081542 -0.040360 -0.409088
31.000000 -2.081633 0.022088 -0.409088
31.010000 -2.081100 0.084528 -0.409088
31.020000 -2.079942 0.146944 -0.409088
31.030000 -2.078161 0.209316 -0.409088
31.040000 -2.075756 0.271624 -0.409088
31.050000 -2.072728 0.333852 -0.409088
31.060000 -2.069079 0.395979 -0.409088
31.070000 -2.064809 0.457987 -0.409088
31.080000 -2.059919 0.519858 -0.409088
31.090000 -2.054412 0.581573 -0.409089
31.100000 -2.048288 0.643114 -0.409089
31.110000 -2.041549 0.704461 -0.409089
31.120000 -2.034199 0.765597 -0.409089
31.130000 -2.026237 0.826504 -0.409090
31.140000 -2.017669 0.887162 -0.409090
31.150000 -2.008494 0.947555 -0.409091
31.160000 -1.998717 1.007663 -0.409091
31.170000 -1.988341 1.067469 -0.409091
31.180000 -1.977368 1.126955 -0.409092
31.190000 -1.965802 1.186102 -0.409092
31.200000 -1.953646 1.244894 -0.409093
31.210000 -1.940904 1.303312 -0.409093
31.220000 -1.927580 1.361339 -0.409094
31.230000 -1.913677 1.418958 -0.409094
31.240000 -1.899201 1.476151 -0.409095
31.250000 -1.884154 1.532902 -0.409096
31.260000 -1.868543 1.589192 -0.409096
31.270000 -1.852370 1.645006 -0.409097
31.280000 -1.835642 1.700326 -0.409097
31.290000 -1.818364 1.755136 -0.409098
31.300000 -1.800540 1.809420 -0.409099
31.310000 -1.782175 1.863160 -0.409099
31.320000 -1.763277 1.916342 -0.409100
31.330000 -1.743849 1.968949 -0.409101
31.340000 -1.723898 2.020965 -0.409101
31.350000 -1.703429 2.072375 -0.409102
31.360000 -1.682450 2.123163 -0.409103
31.370000 -1.660966 2.173315 -0.409104
31.380000 -1.638984 2.222814 -0.409104
31.390000 -1.616510 2.271646 -0.409105
31.400000 -1.593551 2.319797 -0.409106
31.410000 -1.570114 2.367252 -0.409107
31.420000 -1.546206 2.413997 -0.409107
31.430000 -1.521834 2.460017 -0.409108
31.440000 -1.497005 2.505300 -0.409109
31.450000 -1.471728 2.549831 -0.409110
31.460000 -1.446009 2.593597 -0.409110
31.470000 -1.419856 2.636585 -0.409111
31.480000 -1.393277 2.678782 -0.409112
31.490000 -1.366280 2.720175 -0.409113
31.500000 -1.338874 2.760753 -0.409113
31.510000 -1.311065 2.800502 -0.409114
31.520000 -1.282864 2.839411 -0.409115
31.530000 -1.254277 2.877468 -0.409116
31.540000 -1.225314 2.914662 -0.409116
31.550000 -1.195984 2.950981 -0.409117
31.560000 -1.166295 2.986415 -0.409118
31.570000 -1.136255 3.020954 -0.409119
31.580000 -1.105876 3.054586 -0.409119
31.590000 -1.075164 3.087301 -0.409120
31.600000 -1.044129 3.119091 -0.409121
31.610000 -1.012782 3.149944 -0.409121
31.620000 -0.981131 3.179853 -0.409122
31.630000 -0.949185 3.208808 -0.409123
31.640000 -0.916954 3.236800 -0.409123
31.650000 -0.884449 3.263821 -0.409124
31.660000 -0.851678 3.289863 -0.409124
31.670000 -0.818652 3.314918 -0.409125
31.680000 -0.785380 3.338978 -0.409126
31.690000 -0.751872 3.362037 -0.409126
31.700000 -0.718139 3.384087 -0.409127
31.710000 -0.684190 3.405122 -0.409127
31.720000 -0.650036 3.425135 -0.409127
31.730000 -0.615688 3.444121 -0.409128
31.740000 -0.581154 3.462074 -0.409128
31.750000 -0.546446 3.478988 -0.409129
31.760000 -0.511574 3.494858 -0.409129
31.770000 -0.476549 3.509680 -0.409129
31.780000 -0.441381 3.523449 -0.409130
31.790000 -0.406080 3.536161 -0.409130
31.800000 -0.370657 3.547812 -0.409130
31.810000 -0.335124 3.558399 -0.409131
31.820000 -0.299490 3.567918 -0.409131
31.830000 -0.263765 3.576367 -0.409131
31.840000 -0.227962 3.583743 -0.409131
31.850000 -0.192091 3.590043 -0.409131
31.860000 -0.156161 3.595267 -0.409132
31.870000 -0.120185 3.599412 -0.409132
31.880000 -0.084173 3.602478 -0.409132
31.890000 -0.048136 3.604462 -0.409132
31.900000 -0.012084 3.605366 -0.409132
31.910000 0.023972 3.605187 -0.409132
31.920000 0.060020 3.603928 -0.409132
31.930000 0.096050 3.601586 -0.409132
31.940000 0.132052 3.598165 -0.409132
31.950000 0.168014 3.593664 -0.409132
31.960000 0.203925 3.588085 -0.409131
31.970000 0.239775 3.581429 -0.409131
31.980000 0.275554 3.573699 -0.409131
31.990000 0.311249 3.564897 -0.409131
32.000000 0.346851 3.555026 -0.409131
32.010000 0.382350 3.544088 -0.409130
32.020000 0.417733 3.532087 -0.409130
32.030000 0.452991 3.519026 -0.409130
32.040000 0.488114 3.504909 -0.409129
32.050000 0.523090 3.489741 -0.409129
32.060000 0.557909 3.473526 -0.409129
32.070000 0.592560 3.456269 -0.409128
32.080000 0.627034 3.437975 -0.409128
32.090000 0.661320 3.418650 -0.409127
32.100000 0.695407 3.398299 -0.409127
32.110000 0.729286 3.376929 -0.409126
32.120000 0.762946 3.354545 -0.409126
32.130000 0.796377 3.331155 -0.409125
32.140000 0.829569 3.306766 -0.409125
32.150000 0.862512 3.281385 -0.409124
32.160000 0.895196 3.255019 -0.409124
32.170000 0.927612 3.227677 -0.409123
32.180000 0.959750 3.199367 -0.409122
32.190000 0.991600 3.170097 -0.409122
32.200000 1.023152 3.139875 -0.409121
32.210000 1.054397 3.108712 -0.409120
32.220000 1.085326 3.076616 -0.409120
32.230000 1.115929 3.043597 -0.409119
32.240000 1.146198 3.009665 -0.409118
32.250000 1.176123 2.974831 -0.409118
32.260000 1.205695 2.939103 -0.409117
32.270000 1.234905 2.902494 -0.409116
32.280000 1.263744 2.865015 -0.409115
32.290000 1.292205 2.826675 -0.409115
32.300000 1.320278 2.787488 -0.409114
32.310000 1.347955 2.747465 -0.409113
32.320000 1.375227 2.706617 -0.409112
32.330000 1.402087 2.664957 -0.409112
32.340000 1.428526 2.622498 -0.409111
32.350000 1.454537 2.579252 -0.409110
32.360000 1.480111 2.535232 -0.409109
32.370000 1.505242 2.490452 -0.409109
32.380000 1.529921 2.444925 -0.409108
32.390000 1.554140 2.398664 -0.409107
32.400000 1.577894 2.351683 -0.409106
32.410000 1.601174 2.303997 -0.409106
32.420000 1.623974 2.255620 -0.409105
32.430000 1.646286 2.206566 -0.409104
32.440000 1.668105 2.156850 -0.409103
32.450000 1.689423 2.106487 -0.409103
32.460000 1.710235 2.055492 -0.409102
32.470000 1.730533 2.003881 -0.409101
32.480000 1.750312 1.951668 -0.409100
32.490000 1.769567 1.898870 -0.409100
32.500000 1.788290 1.845502 -0.409099
32.510000 1.806477 1.791581 -0.409098
32.520000 1.824121 1.737122 -0.409098
32.530000 1.841219 1.682142 -0.409097
32.540000 1.857764 1.626657 -0.409097
32.550000 1.873752 1.570684 -0.409096
32.560000 1.889178 1.514240 -0.409095
32.570000 1.904037 1.457342 -0.409095
32.580000 1.918325 1.400006 -0.409094
32.590000 1.932037 1.342251 -0.409094
32.600000 1.945170 1.284093 -0.409093
32.610000 1.957719 1.225550 -0.409093
32.620000 1.969681 1.166639 -0.409092
32.630000 1.981052 1.107378 -0.409092
32.640000 1.991828 1.047784 -0.409091
32.650000 2.002007 0.987877 -0.409091
32.660000 2.011586 0.927673 -0.409090
32.670000 2.020561 0.867191 -0.409090
32.680000 2.028930 0.806448 -0.409090
32.690000 2.036690 0.745464 -0.409089
32.700000 2.043839 0.684256 -0.409089
32.710000 2.050375 0.622843 -0.409089
32.720000 2.056296 0.561243 -0.409089
32.730000 2.061600 0.499474 -0.409088
32.740000 2.066285 0.437556 -0.409088
32.750000 2.070351 0.375507 -0.409088
32.760000 2.073795 0.313344 -0.409088
32.770000 2.076618 0.251088 -0.409088
32.780000 2.078817 0.188757 -0.409088
32.790000 2.080393 0.126369 -0.409088
32.800000 2.081345 0.063943 -0.409088
32.810000 2.081672 0.001497 -0.409087
32.820000 2.081375 -0.060948 -0.409088
32.830000 2.080453 -0.123376 -0.409088
32.840000 2.078907 -0.185766 -0.409088
32.850000 2.076738 -0.248101 -0.409088
32.860000 2.073945 -0.310361 -0.409088
32.870000 2.070530 -0.372528 -0.409088
32.880000 2.066494 -0.434584 -0.409088
32.890000 2.061839 -0.496509 -0.409088
32.900000 2.056564 -0.558285 -0.409089
32.910000 2.050673 -0.619893 -0.409089
32.920000 2.044166 -0.681316 -0.409089
32.930000 2.037047 -0.742534 -0.409089
32.940000 2.029316 -0.803529 -0.409090
32.950000 2.020976 -0.864284 -0.409090
32.960000 2.012030 -0.924779 -0.409090
32.970000 2.002480 -0.984997 -0.409091
32.980000 1.992330 -1.044919 -0.409091
32.990000 1.981582 -1.104527 -0.409092
33.000000 1.970240 -1.163805 -0.409092
33.010000 1.958306 -1.222733 -0.409093
33.020000 1.945785 -1.281294 -0.409093
33.030000 1.932680 -1.339471 -0.409094
33.040000 1.918995 -1.397246 -0.409094
33.050000 1.904735 -1.454602 -0.409095
33.060000 1.889903 -1.511522 -0.409095
33.070000 1.874505 -1.567988 -0.409096
33.080000 1.858544 -1.623984 -0.409096
33.090000 1.842025 -1.679492 -0.409097
33.100000 1.824954 -1.734497 -0.409098
33.110000 1.807335 -1.788981 -0.409098
33.120000 1.789174 -1.842929 -0.409099
33.130000 1.770477 -1.896324 -0.409100
33.140000 1.751248 -1.949150 -0.409100
33.150000 1.731494 -2.001391 -0.409101
33.160000 1.711220 -2.053031 -0.409102
33.170000 1.690433 -2.104056 -0.409103
33.180000 1.669139 -2.154450 -0.409103
33.190000 1.647344 -2.204197 -0.409104
33.200000 1.625055 -2.253283 -0.409105
33.210000 1.602278 -2.301693 -0.409106
33.220000 1.579021 -2.349413 -0.409106
33.230000 1.555290 -2.396427 -0.409107
33.240000 1.531092 -2.442723 -0.409108
33.250000 1.506436 -2.488286 -0.409109
33.260000 1.481327 -2.533102 -0.409109
33.270000 1.455774 -2.577159 -0.409110
33.280000 1.429784 -2.620442 -0.409111
33.290000 1.403365 -2.662939 -0.409112
33.300000 1.376525 -2.704638 -0.409112
33.310000 1.349272 -2.745525 -0.409113
33.320000 1.321614 -2.785588 -0.409114
33.330000 1.293560 -2.824816 -0.409115
33.340000 1.265118 -2.863196 -0.409115
33.350000 1.236296 -2.900717 -0.409116
33.360000 1.207104 -2.937368 -0.409117
33.370000 1.177549 -2.973138 -0.409118
33.380000 1.147641 -3.008016 -0.409118
33.390000 1.117389 -3.041991 -0.409119
33.400000 1.086801 -3.075054 -0.409120
33.410000 1.055887 -3.107194 -0.409120
33.420000 1.024657 -3.138402 -0.409121
33.430000 0.993119 -3.168669 -0.409122
33.440000 0.961284 -3.197985 -0.409122
33.450000 0.929160 -3.226342 -0.409123
33.460000 0.896757 -3.253730 -0.409124
33.470000 0.864085 -3.280143 -0.409124
33.480000 0.831154 -3.305572 -0.409125
33.490000 0.797974 -3.330009 -0.409125
33.500000 0.764554 -3.353447 -0.409126
33.510000 0.730905 -3.375878 -0.409126
33.520000 0.697036 -3.397297 -0.409127
33.530000 0.662959 -3.417697 -0.409127
33.540000 0.628682 -3.437072 -0.409128
33.550000 0.594217 -3.455416 -0.409128
33.560000 0.559574 -3.472722 -0.409129
33.570000 0.524763 -3.488987 -0.409129
33.580000 0.489794 -3.504206 -0.409129
33.590000 0.454679 -3.518373 -0.409130
33.600000 0.419427 -3.531485 -0.409130
33.610000 0.384049 -3.543537 -0.409130
33.620000 0.348556 -3.554526 -0.409131
33.630000 0.312959 -3.564448 -0.409131
33.640000 0.277267 -3.573302 -0.409131
33.650000 0.241493 -3.581083 -0.409131
33.660000 0.205646 -3.587790 -0.409131
33.670000 0.169737 -3.593421 -0.409132
33.680000 0.133777 -3.597974 -0.409132
33.690000 0.097777 -3.601447 -0.409132
33.700000 0.061748 -3.603840 -0.409132
33.710000 0.025700 -3.605152 -0.409132
33.720000 -0.010355 -3.605382 -0.409132
33.730000 -0.046407 -3.604530 -0.409132
33.740000 -0.082445 -3.602598 -0.409132
33.750000 -0.118459 -3.599584 -0.409132
33.760000 -0.154437 -3.595491 -0.409132
33.770000 -0.190369 -3.590319 -0.409131
33.780000 -0.226244 -3.584069 -0.409131
33.790000 -0.262050 -3.576745 -0.409131
33.800000 -0.297778 -3.568348 -0.409131
33.810000 -0.333417 -3.558880 -0.409131
33.820000 -0.368956 -3.548344 -0.409130
33.830000 -0.404384 -3.536744 -0.409130
33.840000 -0.439691 -3.524083 -0.409130
33.850000 -0.474866 -3.510364 -0.409130
33.860000 -0.509898 -3.495593 -0.409129
33.870000 -0.544778 -3.479773 -0.409129
33.880000 -0.579494 -3.462909 -0.409128
33.890000 -0.614036 -3.445006 -0.409128
33.900000 -0.648394 -3.426069 -0.409128
33.910000 -0.682557 -3.406105 -0.409127
33.920000 -0.716516 -3.385119 -0.409127
33.930000 -0.750260 -3.363117 -0.409126
33.940000 -0.783778 -3.340107 -0.409126
33.950000 -0.817062 -3.316094 -0.409125
33.960000 -0.850100 -3.291087 -0.409124
33.970000 -0.882883 -3.265092 -0.409124
33.980000 -0.915402 -3.238118 -0.409123
33.990000 -0.947646 -3.210172 -0.409123
34.000000 -0.979605 -3.181263 -0.409122
34.010000 -1.011271 -3.151400 -0.409121
34.020000 -1.042633 -3.120592 -0.409121
34.030000 -1.073683 -3.088847 -0.409120
34.040000 -1.104410 -3.056175 -0.409119
34.050000 -1.134806 -3.022587 -0.409119
34.060000 -1.164862 -2.988092 -0.409118
34.070000 -1.194568 -2.952701 -0.409117
34.080000 -1.223916 -2.916423 -0.409116
34.090000 -1.252897 -2.879271 -0.409116
34.100000 -1.281501 -2.841255 -0.409115
34.110000 -1.309722 -2.802387 -0.409114
34.120000 -1.337549 -2.762678 -0.409114
34.130000 -1.364975 -2.722140 -0.409113
34.140000 -1.391992 -2.680785 -0.409112
34.150000 -1.418591 -2.638627 -0.409111
34.160000 -1.444765 -2.595676 -0.409110
34.170000 -1.470505 -2.551947 -0.409110
34.180000 -1.495804 -2.507453 -0.409109
34.190000 -1.520654 -2.462206 -0.409108
34.200000 -1.545048 -2.416220 -0.409107
34.210000 -1.568978 -2.369510 -0.409107
34.220000 -1.592438 -2.322089 -0.409106
34.230000 -1.615420 -2.273971 -0.409105
34.240000 -1.637917 -2.225171 -0.409104
34.250000 -1.659923 -2.175703 -0.409104
34.260000 -1.681431 -2.125583 -0.409103
34.270000 -1.702435 -2.074825 -0.409102
34.280000 -1.722928 -2.023444 -0.409101
34.290000 -1.742904 -1.971457 -0.409101
34.300000 -1.762357 -1.918878 -0.409100
34.310000 -1.781281 -1.865723 -0.409099
34.320000 -1.799671 -1.812009 -0.409099
34.330000 -1.817522 -1.757751 -0.409098
34.340000 -1.834826 -1.702966 -0.409097
34.350000 -1.851581 -1.647670 -0.409097
34.360000 -1.867780 -1.591880 -0.409096
34.370000 -1.883418 -1.535612 -0.409096
34.380000 -1.898492 -1.478883 -0.409095
34.390000 -1.912996 -1.421711 -0.409094
34.400000 -1.926926 -1.364112 -0.409094
34.410000 -1.940278 -1.306104 -0.409093
34.420000 -1.953048 -1.247704 -0.409093
34.430000 -1.965232 -1.188930 -0.409092
34.440000 -1.976827 -1.129799 -0.409092
34.450000 -1.987828 -1.070329 -0.409091
34.460000 -1.998234 -1.010538 -0.409091
34.470000 -2.008039 -0.950444 -0.409091
34.480000 -2.017242 -0.890065 -0.409090
34.490000 -2.025840 -0.829418 -0.409090
34.500000 -2.033831 -0.768523 -0.409090
34.510000 -2.041211 -0.707398 -0.409089
34.520000 -2.047979 -0.646060 -0.409089
34.530000 -2.054132 -0.584528 -0.409089
34.540000 -2.059669 -0.522821 -0.409088
34.550000 -2.064589 -0.460957 -0.409088
34.560000 -2.068888 -0.398955 -0.409088
34.570000 -2.072568 -0.336833 -0.409088
34.580000 -2.075625 -0.274610 -0.409088
34.590000 -2.078060 -0.212305 -0.409088
34.600000 -2.079871 -0.149936 -0.409088
34.610000 -2.081059 -0.087522 -0.409088
34.620000 -2.081622 -0.025082 -0.409088
34.630000 -2.081560 0.037366 -0.409088
34.640000 -2.080874 0.099802 -0.409088
34.650000 -2.079564 0.162209 -0.409088
34.660000 -2.077630 0.224567 -0.409088
34.670000 -2.075073 0.286857 -0.409088
34.680000 -2.071893 0.349062 -0.409088
34.690000 -2.068092 0.411162 -0.409088
34.700000 -2.063670 0.473138 -0.409088
34.710000 -2.058629 0.534972 -0.409088
34.720000 -2.052970 0.596646 -0.409089
34.730000 -2.046696 0.658141 -0.409089
34.740000 -2.039807 0.719439 -0.409089
34.750000 -2.032307 0.780521 -0.409090
34.760000 -2.024197 0.841368 -0.409090
34.770000 -2.015480 0.901963 -0.409090
34.780000 -2.006158 0.962288 -0.409091
34.790000 -1.996234 1.022324 -0.409091
34.800000 -1.985711 1.082053 -0.409091
34.810000 -1.974593 1.141458 -0.409092
34.820000 -1.962882 1.200520 -0.409092
34.830000 -1.950583 1.259222 -0.409093
34.840000 -1.937698 1.317546 -0.409093
34.850000 -1.924232 1.375475 -0.409094
34.860000 -1.910188 1.432991 -0.409095
34.870000 -1.895572 1.490078 -0.409095
34.880000 -1.880387 1.546717 -0.409096
34.890000 -1.864637 1.602892 -0.409096
34.900000 -1.848329 1.658587 -0.409097
34.910000 -1.831466 1.713784 -0.409098
34.920000 -1.814053 1.768466 -0.409098
34.930000 -1.796096 1.822619 -0.409099
34.940000 -1.777601 1.876224 -0.409100
34.950000 -1.758572 1.929267 -0.409100
34.960000 -1.739015 1.981731 -0.409101
34.970000 -1.718937 2.033600 -0.409102
34.980000 -1.698343 2.084859 -0.409102
34.990000 -1.677240 2.135493 -0.409103
35.000000 -1.655634 2.185486 -0.409104
35.010000 -1.633530 2.234823 -0.409105
35.020000 -1.610937 2.283490 -0.409105
35.030000 -1.587861 2.331472 -0.409106
35.040000 -1.564308 2.378755 -0.409107
35.050000 -1.540285 2.425324 -0.409108
35.060000 -1.515801 2.471165 -0.409108
35.070000 -1.490862 2.516265 -0.409109
35.080000 -1.465476 2.560610 -0.409110
35.090000 -1.439650 2.604187 -0.409111
35.100000 -1.413392 2.646983 -0.409111
35.110000 -1.386710 2.688984 -0.409112
35.120000 -1.359612 2.730179 -0.409113
35.130000 -1.332107 2.770555 -0.409114
35.140000 -1.304201 2.810099 -0.409114
35.150000 -1.275905 2.848801 -0.409115
35.160000 -1.247225 2.886648 -0.409116
35.170000 -1.218172 2.923629 -0.409117
35.180000 -1.188753 2.959733 -0.409117
35.190000 -1.158977 2.994949 -0.409118
35.200000 -1.128854 3.029266 -0.409119
35.210000 -1.098392 3.062675 -0.409119
35.220000 -1.067600 3.095165 -0.409120
35.230000 -1.036489 3.126726 -0.409121
35.240000 -1.005066 3.157349 -0.409121
35.250000 -0.973342 3.187026 -0.409122
35.260000 -0.941325 3.215746 -0.409123
35.270000 -0.909027 3.243501 -0.409123
35.280000 -0.876455 3.270283 -0.409124
35.290000 -0.843621 3.296084 -0.409125
35.300000 -0.810534 3.320897 -0.409125
35.310000 -0.777203 3.344713 -0.409126
35.320000 -0.743639 3.367525 -0.409126
35.330000 -0.709853 3.389328 -0.409127
35.340000 -0.675853 3.410113 -0.409127
35.350000 -0.641650 3.429876 -0.409128
35.360000 -0.607255 3.448609 -0.409128
35.370000 -0.572678 3.466308 -0.409128
35.380000 -0.537929 3.482967 -0.409129
35.390000 -0.503019 3.498582 -0.409129
35.400000 -0.467957 3.513146 -0.409130
35.410000 -0.432756 3.526657 -0.409130
35.420000 -0.397424 3.539110 -0.409130
35.430000 -0.361974 3.550501 -0.409130
35.440000 -0.326414 3.560826 -0.409131
35.450000 -0.290757 3.570084 -0.409131
35.460000 -0.255013 3.578271 -0.409131
35.470000 -0.219192 3.585384 -0.409131
35.480000 -0.183305 3.591421 -0.409131
35.490000 -0.147363 3.596381 -0.409132
35.500000 -0.111377 3.600262 -0.409132
35.510000 -0.075358 3.603063 -0.409132
35.520000 -0.039316 3.604783 -0.409132
35.530000 -0.003262 3.605422 -0.409132
35.540000 0.032792 3.604979 -0.409132
35.550000 0.068837 3.603455 -0.409132
35.560000 0.104861 3.600849 -0.409132
35.570000 0.140854 3.597163 -0.409132
35.580000 0.176805 3.592399 -0.409131
35.590000 0.212702 3.586556 -0.409131
35.600000 0.248536 3.579637 -0.409131
35.610000 0.284295 3.571645 -0.409131
35.620000 0.319969 3.562581 -0.409131
35.630000 0.355547 3.552448 -0.409131
35.640000 0.391018 3.541250 -0.409130
35.650000 0.426372 3.528989 -0.409130
35.660000 0.461597 3.515669 -0.409130
35.670000 0.496685 3.501295 -0.409129
35.680000 0.531623 3.485871 -0.409129
35.690000 0.566402 3.469400 -0.409129
35.700000 0.601011 3.451889 -0.409128
35.710000 0.635440 3.433342 -0.409128
35.720000 0.669678 3.413765 -0.409127
35.730000 0.703715 3.393164 -0.409127
35.740000 0.737542 3.371546 -0.409126
35.750000 0.771146 3.348915 -0.409126
35.760000 0.804520 3.325280 -0.409125
35.770000 0.837652 3.300648 -0.409125
35.780000 0.870533 3.275025 -0.409124
35.790000 0.903152 3.248420 -0.409123
35.800000 0.935501 3.220840 -0.409123
35.810000 0.967569 3.192294 -0.409122
35.820000 0.999347 3.162790 -0.409122
35.830000 1.030825 3.132337 -0.409121
35.840000 1.061994 3.100945 -0.409120
35.850000 1.092844 3.068623 -0.409120
35.860000 1.123366 3.035379 -0.409119
35.870000 1.153552 3.001226 -0.409118
35.880000 1.183391 2.966172 -0.409117
35.890000 1.212875 2.930228 -0.409117
35.900000 1.241995 2.893405 -0.409116
35.910000 1.270743 2.855713 -0.409115
35.920000 1.299110 2.817166 -0.409115
35.930000 1.327086 2.777773 -0.409114
35.940000 1.354665 2.737546 -0.409113
35.950000 1.381837 2.696499 -0.409112
35.960000 1.408595 2.654642 -0.409112
35.970000 1.434930 2.611990 -0.409111
35.980000 1.460835 2.568553 -0.409110
35.990000 1.486301 2.524346 -0.409109
36.000000 1.511322 2.479382 -0.409108
36.010000 1.535889 2.433674 -0.409108
36.020000 1.559995 2.387235 -0.409107
36.030000 1.583634 2.340081 -0.409106
36.040000 1.606797 2.292224 -0.409105
36.050000 1.629478 2.243680 -0.409105
36.060000 1.651670 2.194463 -0.409104
36.070000 1.673367 2.144587 -0.409103
36.080000 1.694562 2.094069 -0.409102
36.090000 1.715249 2.042921 -0.409102
36.100000 1.735421 1.991161 -0.409101
36.110000 1.755072 1.938804 -0.409100
36.120000 1.774197 1.885865 -0.409100
36.130000 1.792789 1.832360 -0.409099
36.140000 1.810844 1.778306 -0.409098
36.150000 1.828355 1.723718 -0.409098
36.160000 1.845318 1.668613 -0.409097
36.170000 1.861728 1.613007 -0.409096
36.180000 1.877578 1.556917 -0.409096
36.190000 1.892866 1.500361 -0.409095
36.200000 1.907586 1.443354 -0.409095
36.210000 1.921733 1.385914 -0.409094
36.220000 1.935304 1.328059 -0.409094
36.230000 1.948294 1.269805 -0.409093
36.240000 1.960700 1.211170 -0.409093
36.250000 1.972518 1.152171 -0.409092
36.260000 1.983743 1.092827 -0.409092
36.270000 1.994374 1.033156 -0.409091
36.280000 2.004407 0.973174 -0.409091
36.290000 2.013838 0.912900 -0.409090
36.300000 2.022665 0.852353 -0.409090
36.310000 2.030885 0.791550 -0.409090
36.320000 2.038496 0.730509 -0.409089
36.330000 2.045495 0.669249 -0.409089
36.340000 2.051880 0.607788 -0.409089
36.350000 2.057651 0.546145 -0.409089
36.360000 2.062803 0.484339 -0.409088
36.370000 2.067337 0.422386 -0.409088
36.380000 2.071251 0.360308 -0.409088
36.390000 2.074544 0.298121 -0.409088
36.400000 2.077214 0.235844 -0.409088
36.410000 2.079260 0.173497 -0.409088
36.420000 2.080683 0.111098 -0.409088
36.430000 2.081482 0.048666 -0.409088
36.440000 2.081657 -0.013781 -0.409088
36.450000 2.081207 -0.076224 -0.409088
36.460000 2.080132 -0.138645 -0.409088
36.470000 2.078434 -0.201023 -0.409088
36.480000 2.076112 -0.263341 -0.409088
36.490000 2.073167 -0.325580 -0.409088
36.500000 2.069600 -0.387722 -0.409088
36.510000 2.065413 -0.449747 -0.409088
36.520000 2.060605 -0.511637 -0.409088
36.530000 2.055180 -0.573374 -0.409089
36.540000 2.049138 -0.634939 -0.409089
36.550000 2.042481 -0.696313 -0.409089
36.560000 2.035212 -0.757479 -0.409089
36.570000 2.027331 -0.818417 -0.409090
36.580000 2.018843 -0.879109 -0.409090
36.590000 2.009749 -0.939538 -0.409091
36.600000 2.000052 -0.999685 -0.409091
36.610000 1.989756 -1.059532 -0.409091
36.620000 1.978862 -1.119062 -0.409092
36.630000 1.967374 -1.178255 -0.409092
36.640000 1.955297 -1.237095 -0.409093
36.650000 1.942632 -1.295564 -0.409093
36.660000 1.929385 -1.353644 -0.409094
36.670000 1.915560 -1.411319 -0.409094
36.680000 1.901159 -1.468569 -0.409095
36.690000 1.886188 -1.525380 -0.409095
36.700000 1.870651 -1.581732 -0.409096
36.710000 1.854554 -1.637610 -0.409097
36.720000 1.837899 -1.692997 -0.409097
36.730000 1.820694 -1.747876 -0.409098
36.740000 1.802942 -1.802230 -0.409099
36.750000 1.784649 -1.856044 -0.409099
36.760000 1.765821 -1.909301 -0.409100
36.770000 1.746463 -1.961986 -0.409101
36.780000 1.726581 -2.014081 -0.409101
36.790000 1.706181 -2.065573 -0.409102
36.800000 1.685270 -2.116445 -0.409103
36.810000 1.663852 -2.166681 -0.409104
36.820000 1.641936 -2.216268 -0.409104
36.830000 1.619527 -2.265190 -0.409105
36.840000 1.596632 -2.313433 -0.409106
36.850000 1.573258 -2.360981 -0.409107
36.860000 1.549413 -2.407821 -0.409107
36.870000 1.525102 -2.453939 -0.409108
36.880000 1.500334 -2.499320 -0.409109
36.890000 1.475116 -2.543952 -0.409110
36.900000 1.449455 -2.587820 -0.409110
36.910000 1.423359 -2.630913 -0.409111
36.920000 1.396837 -2.673216 -0.409112
36.930000 1.369895 -2.714717 -0.409113
36.940000 1.342542 -2.755403 -0.409113
36.950000 1.314787 -2.795263 -0.409114
36.960000 1.286637 -2.834284 -0.409115
36.970000 1.258101 -2.872456 -0.409116
36.980000 1.229188 -2.909765 -0.409116
36.990000 1.199906 -2.946201 -0.409117
37.000000 1.170264 -2.981754 -0.409118
37.010000 1.140271 -3.016412 -0.409119
37.020000 1.109936 -3.050165 -0.409119
37.030000 1.079267 -3.083003 -0.409120
37.040000 1.048276 -3.114916 -0.409121
37.050000 1.016969 -3.145895 -0.409121
37.060000 0.985358 -3.175930 -0.409122
37.070000 0.953451 -3.205012 -0.409123
37.080000 0.921257 -3.233132 -0.409123
37.090000 0.888788 -3.260283 -0.409124
37.100000 0.856052 -3.286456 -0.409124
37.110000 0.823059 -3.311642 -0.409125
37.120000 0.789819 -3.335836 -0.409125
37.130000 0.756342 -3.359028 -0.409126
37.140000 0.722638 -3.381213 -0.409126
37.150000 0.688718 -3.402383 -0.409127
37.160000 0.654591 -3.422533 -0.409127
37.170000 0.620267 -3.441655 -0.409128
37.180000 0.585758 -3.459746 -0.409128
37.190000 0.551072 -3.476798 -0.409129
37.200000 0.516222 -3.492808 -0.409129
37.210000 0.481216 -3.507769 -0.409129
37.220000 0.446066 -3.521679 -0.409130
37.230000 0.410783 -3.534531 -0.409130
37.240000 0.375376 -3.546324 -0.409130
37.250000 0.339856 -3.557052 -0.409131
37.260000 0.304235 -3.566713 -0.409131
37.270000 0.268522 -3.575305 -0.409131
37.280000 0.232728 -3.582824 -0.409131
37.290000 0.196865 -3.589267 -0.409131
37.300000 0.160943 -3.594635 -0.409132
37.310000 0.124973 -3.598923 -0.409132
37.320000 0.088965 -3.602132 -0.409132
37.330000 0.052930 -3.604261 -0.409132
37.340000 0.016879 -3.605308 -0.409132
37.350000 -0.019176 -3.605273 -0.409132
37.360000 -0.055226 -3.604157 -0.409132
37.370000 -0.091259 -3.601960 -0.409132
37.380000 -0.127265 -3.598682 -0.409132
37.390000 -0.163233 -3.594325 -0.409132
37.400000 -0.199152 -3.588889 -0.409131
37.410000 -0.235011 -3.582377 -0.409131
37.420000 -0.270799 -3.574789 -0.409131
37.430000 -0.306507 -3.566130 -0.409131
37.440000 -0.342122 -3.556400 -0.409131
37.450000 -0.377635 -3.545604 -0.409130
37.460000 -0.413034 -3.533744 -0.409130
37.470000 -0.448309 -3.520824 -0.409130
37.480000 -0.483450 -3.506848 -0.409129
37.490000 -0.518446 -3.491819 -0.409129
37.500000 -0.553287 -3.475743 -0.409129
37.510000 -0.587961 -3.458624 -0.409128
37.520000 -0.622459 -3.440468 -0.409128
37.530000 -0.656771 -3.421280 -0.409127
37.540000 -0.690885 -3.401065 -0.409127
37.550000 -0.724792 -3.379830 -0.409126
37.560000 -0.758481 -3.357581 -0.409126
37.570000 -0.791944 -3.334324 -0.409125
37.580000 -0.825168 -3.310067 -0.409125
37.590000 -0.858145 -3.284818 -0.409124
37.600000 -0.890864 -3.258583 -0.409124
37.610000 -0.923317 -3.231370 -0.409123
37.620000 -0.955492 -3.203188 -0.409122
37.630000 -0.987380 -3.174045 -0.409122
37.640000 -1.018973 -3.143949 -0.409121
37.650000 -1.050259 -3.112911 -0.409121
37.660000 -1.081231 -3.080939 -0.409120
37.670000 -1.111878 -3.048042 -0.409119
37.680000 -1.142192 -3.014231 -0.409118
37.690000 -1.172163 -2.979516 -0.409118
37.700000 -1.201782 -2.943906 -0.409117
37.710000 -1.231041 -2.907414 -0.409116
37.720000 -1.259930 -2.870050 -0.409116
37.730000 -1.288442 -2.831824 -0.409115
37.740000 -1.316567 -2.792749 -0.409114
37.750000 -1.344297 -2.752836 -0.409113
37.760000 -1.371623 -2.712097 -0.409113
37.770000 -1.398539 -2.670545 -0.409112
37.780000 -1.425034 -2.628191 -0.409111
37.790000 -1.451103 -2.585049 -0.409110
37.800000 -1.476735 -2.541131 -0.409110
37.810000 -1.501925 -2.496452 -0.409109
37.820000 -1.526664 -2.451023 -0.409108
37.830000 -1.550946 -2.404859 -0.409107
37.840000 -1.574762 -2.357973 -0.409106
37.850000 -1.598105 -2.310380 -0.409106
37.860000 -1.620969 -2.262094 -0.409105
37.870000 -1.643347 -2.213129 -0.409104
37.880000 -1.665232 -2.163500 -0.409103
37.890000 -1.686617 -2.113223 -0.409103
37.900000 -1.707496 -2.062311 -0.409102
37.910000 -1.727863 -2.010781 -0.409101
37.920000 -1.747712 -1.958647 -0.409101
37.930000 -1.767036 -1.905926 -0.409100
37.940000 -1.785830 -1.852633 -0.409099
37.950000 -1.804089 -1.798784 -0.409099
37.960000 -1.821806 -1.744396 -0.409098
37.970000 -1.838977 -1.689484 -0.409097
37.980000 -1.855596 -1.634065 -0.409097
37.990000 -1.871658 -1.578156 -0.409096
38.000000 -1.887159 -1.521774 -0.409095
38.010000 -1.902093 -1.464935 -0.409095
38.020000 -1.916457 -1.407657 -0.409094
38.030000 -1.930247 -1.349957 -0.409094
38.040000 -1.943457 -1.291851 -0.409093
38.050000 -1.956084 -1.233358 -0.409093
38.060000 -1.968124 -1.174495 -0.409092
38.070000 -1.979574 -1.115279 -0.409092
38.080000 -1.990429 -1.055729 -0.409091
38.090000 -2.000688 -0.995862 -0.409091
38.100000 -2.010347 -0.935697 -0.409090
38.110000 -2.019402 -0.875251 -0.409090
38.120000 -2.027852 -0.814542 -0.409090
38.130000 -2.035693 -0.753589 -0.409089
38.140000 -2.042923 -0.692410 -0.409089
38.150000 -2.049541 -0.631023 -0.409089
38.160000 -2.055544 -0.569446 -0.409089
38.170000 -2.060930 -0.507699 -0.409088
38.180000 -2.065698 -0.445800 -0.409088
38.190000 -2.069846 -0.383767 -0.409088
38.200000 -2.073373 -0.321618 -0.409088
38.210000 -2.076278 -0.259374 -0.409088
38.220000 -2.078561 -0.197051 -0.409088
38.230000 -2.080219 -0.134669 -0.409088
38.240000 -2.081254 -0.072247 -0.409088
38.250000 -2.081664 -0.009803 -0.409088
38.260000 -2.081450 0.052643 -0.409088
38.270000 -2.080611 0.115074 -0.409088
38.280000 -2.079149 0.177471 -0.409088
38.290000 -2.077062 0.239814 -0.409088
38.300000 -2.074352 0.302085 -0.409088
38.310000 -2.071020 0.364266 -0.409088
38.320000 -2.067067 0.426337 -0.409088
38.330000 -2.062494 0.488280 -0.409088
38.340000 -2.057301 0.550077 -0.409089
38.350000 -2.051492 0.611709 -0.409089
38.360000 -2.045067 0.673158 -0.409089
38.370000 -2.038029 0.734404 -0.409089
38.380000 -2.030379 0.795430 -0.409090
38.390000 -2.022120 0.856218 -0.409090
38.400000 -2.013255 0.916748 -0.409090
38.410000 -2.003785 0.977004 -0.409091
38.420000 -1.993715 1.036966 -0.409091
38.430000 -1.983046 1.096618 -0.409092
38.440000 -1.971782 1.155940 -0.409092
38.450000 -1.959927 1.214916 -0.409093
38.460000 -1.947484 1.273527 -0.409093
38.470000 -1.934457 1.331756 -0.409094
38.480000 -1.920849 1.389586 -0.409094
38.490000 -1.906665 1.446998 -0.409095
38.500000 -1.891909 1.503977 -0.409095
38.510000 -1.876585 1.560504 -0.409096
38.520000 -1.860699 1.616564 -0.409096
38.530000 -1.844254 1.672138 -0.409097
38.540000 -1.827256 1.727211 -0.409098
38.550000 -1.809710 1.781765 -0.409098
38.560000 -1.791621 1.835785 -0.409099
38.570000 -1.772994 1.889254 -0.409100
38.580000 -1.753836 1.942157 -0.409100
38.590000 -1.734151 1.994477 -0.409101
38.600000 -1.713946 2.046198 -0.409102
38.610000 -1.693227 2.097306 -0.409102
38.620000 -1.672000 2.147784 -0.409103
38.630000 -1.650271 2.197618 -0.409104
38.640000 -1.628048 2.246793 -0.409105
38.650000 -1.605336 2.295294 -0.409105
38.660000 -1.582142 2.343106 -0.409106
38.670000 -1.558473 2.390215 -0.409107
38.680000 -1.534338 2.436607 -0.409108
38.690000 -1.509741 2.482268 -0.409109
38.700000 -1.484692 2.527185 -0.409109
38.710000 -1.459198 2.571343 -0.409110
38.720000 -1.433265 2.614730 -0.409111
38.730000 -1.406903 2.657333 -0.409112
38.740000 -1.380119 2.699138 -0.409112
38.750000 -1.352920 2.740134 -0.409113
38.760000 -1.325316 2.780307 -0.409114
38.770000 -1.297314 2.819647 -0.409115
38.780000 -1.268923 2.858140 -0.409115
38.790000 -1.240151 2.895776 -0.409116
38.800000 -1.211008 2.932544 -0.409117
38.810000 -1.181500 2.968431 -0.409118
38.820000 -1.151639 3.003428 -0.409118
38.830000 -1.121432 3.037524 -0.409119
38.840000 -1.090888 3.070709 -0.409120
38.850000 -1.060018 3.102973 -0.409120
38.860000 -1.028829 3.134306 -0.409121
38.870000 -0.997332 3.164698 -0.409122
38.880000 -0.965535 3.194141 -0.409122
38.890000 -0.933449 3.222626 -0.409123
38.900000 -0.901082 3.250144 -0.409124
38.910000 -0.868446 3.276687 -0.409124
38.920000 -0.835549 3.302246 -0.409125
38.930000 -0.802401 3.326816 -0.409125
38.940000 -0.769012 3.350387 -0.409126
38.950000 -0.735393 3.372953 -0.409126
38.960000 -0.701553 3.394507 -0.409127
38.970000 -0.667503 3.415043 -0.409127
38.980000 -0.633253 3.434554 -0.409128
38.990000 -0.598812 3.453035 -0.409128
39.000000 -0.564192 3.470480 -0.409129
39.010000 -0.529402 3.486884 -0.409129
39.020000 -0.494454 3.502242 -0.409129
39.030000 -0.459358 3.516549 -0.409130
39.040000 -0.424123 3.529802 -0.409130
39.050000 -0.388762 3.541995 -0.409130
39.060000 -0.353283 3.553126 -0.409131
39.070000 -0.317699 3.563190 -0.409131
39.080000 -0.282019 3.572186 -0.409131
39.090000 -0.246255 3.580110 -0.409131
39.100000 -0.210417 3.586960 -0.409131
39.110000 -0.174516 3.592734 -0.409132
39.120000 -0.138563 3.597430 -0.409132
39.130000 -0.102567 3.601047 -0.409132
39.140000 -0.066542 3.603584 -0.409132
39.150000 -0.030496 3.605040 -0.409132
39.160000 0.005559 3.605414 -0.409132
39.170000 0.041612 3.604706 -0.409132
39.180000 0.077653 3.602917 -0.409132
39.190000 0.113671 3.600047 -0.409132
39.200000 0.149654 3.596097 -0.409132
39.210000 0.185593 3.591069 -0.409131
39.220000 0.221476 3.584963 -0.409131
39.230000 0.257292 3.577781 -0.409131
39.240000 0.293031 3.569526 -0.409131
39.250000 0.328683 3.560201 -0.409131
39.260000 0.364235 3.549807 -0.409130
39.270000 0.399679 3.538348 -0.409130
39.280000 0.435002 3.525828 -0.409130
39.290000 0.470195 3.512250 -0.409130
39.300000 0.505247 3.497618 -0.409129
39.310000 0.540148 3.481937 -0.409129
39.320000 0.574886 3.465212 -0.409128
39.330000 0.609452 3.447447 -0.409128
39.340000 0.643835 3.428647 -0.409128
39.350000 0.678025 3.408820 -0.409127
39.360000 0.712011 3.387969 -0.409127
39.370000 0.745784 3.366102 -0.409126
39.380000 0.779333 3.343225 -0.409126
39.390000 0.812649 3.319346 -0.409125
39.400000 0.845720 3.294470 -0.409125
39.410000 0.878538 3.268606 -0.409124
39.420000 0.911092 3.241762 -0.409123
39.430000 0.943373 3.213945 -0.409123
39.440000 0.975371 3.185164 -0.409122
39.450000 1.007077 3.155427 -0.409121
39.460000 1.038480 3.124743 -0.409121
39.470000 1.069571 3.093123 -0.409120
39.480000 1.100342 3.060574 -0.409119
39.490000 1.130783 3.027107 -0.409119
39.500000 1.160884 2.992732 -0.409118
39.510000 1.190638 2.957459 -0.409117
39.520000 1.220034 2.921299 -0.409117
39.530000 1.249064 2.884263 -0.409116
39.540000 1.277719 2.846361 -0.409115
39.550000 1.305991 2.807605 -0.409114
39.560000 1.333871 2.768007 -0.409114
39.570000 1.361351 2.727579 -0.409113
39.580000 1.388423 2.686333 -0.409112
39.590000 1.415078 2.644280 -0.409111
39.600000 1.441308 2.601434 -0.409111
39.610000 1.467106 2.557808 -0.409110
39.620000 1.492464 2.513414 -0.409109
39.630000 1.517375 2.468267 -0.409108
39.640000 1.541830 2.422379 -0.409108
39.650000 1.565822 2.375764 -0.409107
39.660000 1.589345 2.328437 -0.409106
39.670000 1.612391 2.280411 -0.409105
39.680000 1.634953 2.231700 -0.409104
39.690000 1.657025 2.182321 -0.409104
39.700000 1.678600 2.132286 -0.409103
39.710000 1.699671 2.081612 -0.409102
39.720000 1.720232 2.030314 -0.409102
39.730000 1.740277 1.978406 -0.409101
39.740000 1.759800 1.925905 -0.409100
39.750000 1.778795 1.872826 -0.409099
39.760000 1.797256 1.819185 -0.409099
39.770000 1.815179 1.764999 -0.409098
39.780000 1.832556 1.710283 -0.409097
39.790000 1.849384 1.655054 -0.409097
39.800000 1.865657 1.599328 -0.409096
39.810000 1.881371 1.543123 -0.409096
39.820000 1.896520 1.486454 -0.409095
39.830000 1.911100 1.429340 -0.409094
39.840000 1.925107 1.371797 -0.409094
39.850000 1.938536 1.313842 -0.409093
39.860000 1.951384 1.255493 -0.409093
39.870000 1.963646 1.196768 -0.409092
39.880000 1.975319 1.137683 -0.409092
39.890000 1.986399 1.078258 -0.409091
39.900000 1.996884 1.018508 -0.409091
39.910000 2.006770 0.958454 -0.409091
39.920000 2.016053 0.898111 -0.409090
39.930000 2.024732 0.837499 -0.409090
39.940000 2.032803 0.776636 -0.409090
39.950000 2.040265 0.715540 -0.409089
39.960000 2.047114 0.654230 -0.409089
39.970000 2.053349 0.592723 -0.409089
39.980000 2.058968 0.531038 -0.409088
39.990000 2.063970 0.469194 -0.409088
40.000000 2.068352 0.407209 -0.409088
40.010000 2.072114 0.345102 -0.409088
40.020000 2.075254 0.282892 -0.409088
40.030000 2.077772 0.220596 -0.409088
40.040000 2.079666 0.158235 -0.409088
40.050000 2.080937 0.095826 -0.409088
40.060000 2.081583 0.033388 -0.409088
40.070000 2.081604 -0.029060 -0.409088
40.080000 2.081002 -0.091499 -0.409088
40.090000 2.079774 -0.153911 -0.409088
40.100000 2.077923 -0.216276 -0.409088
40.110000 2.075449 -0.278577 -0.409088
40.120000 2.072352 -0.340794 -0.409088
40.130000 2.068633 -0.402909 -0.409088
40.140000 2.064294 -0.464902 -0.409088
40.150000 2.059335 -0.526757 -0.409088
40.160000 2.053758 -0.588453 -0.409089
40.170000 2.047566 -0.649973 -0.409089
40.180000 2.040759 -0.711298 -0.409089
40.190000 2.033340 -0.772409 -0.409090
40.200000 2.025311 -0.833289 -0.409090
40.210000 2.016674 -0.893919 -0.409090
40.220000 2.007432 -0.954281 -0.409091
40.230000 1.997589 -1.014356 -0.409091
40.240000 1.987145 -1.074127 -0.409091
40.250000 1.976106 -1.133576 -0.409092
40.260000 1.964474 -1.192684 -0.409092
40.270000 1.952252 -1.251435 -0.409093
40.280000 1.939445 -1.309811 -0.409093
40.290000 1.926056 -1.367793 -0.409094
40.300000 1.912089 -1.425365 -0.409094
40.310000 1.897549 -1.482510 -0.409095
40.320000 1.882439 -1.539210 -0.409096
40.330000 1.866765 -1.595448 -0.409096
40.340000 1.850530 -1.651207 -0.409097
40.350000 1.833740 -1.706471 -0.409097
40.360000 1.816401 -1.761224 -0.409098
40.370000 1.798516 -1.815447 -0.409099
40.380000 1.780092 -1.869126 -0.409099
40.390000 1.761133 -1.922245 -0.409100
40.400000 1.741647 -1.974786 -0.409101
40.410000 1.721638 -2.026736 -0.409102
40.420000 1.701112 -2.078077 -0.409102
40.430000 1.680076 -2.128795 -0.409103
40.440000 1.658536 -2.178874 -0.409104
40.450000 1.636499 -2.228300 -0.409104
40.460000 1.613970 -2.277057 -0.409105
40.470000 1.590958 -2.325130 -0.409106
40.480000 1.567468 -2.372507 -0.409107
40.490000 1.543507 -2.419171 -0.409107
40.500000 1.519084 -2.465110 -0.409108
40.510000 1.494205 -2.510310 -0.409109
40.520000 1.468878 -2.554756 -0.409110
40.530000 1.443110 -2.598436 -0.409111
40.540000 1.416909 -2.641336 -0.409111
40.550000 1.390283 -2.683444 -0.409112
40.560000 1.363240 -2.724747 -0.409113
40.570000 1.335788 -2.765232 -0.409114
40.580000 1.307936 -2.804888 -0.409114
40.590000 1.279691 -2.843702 -0.409115
40.600000 1.251062 -2.881664 -0.409116
40.610000 1.222057 -2.918761 -0.409117
40.620000 1.192686 -2.954982 -0.409117
40.630000 1.162958 -2.990316 -0.409118
40.640000 1.132880 -3.024754 -0.409119
40.650000 1.102463 -3.058284 -0.409119
40.660000 1.071714 -3.090897 -0.409120
40.670000 1.040645 -3.122582 -0.409121
40.680000 1.009263 -3.153331 -0.409121
40.690000 0.977578 -3.183133 -0.409122
40.700000 0.945600 -3.211981 -0.409123
40.710000 0.913339 -3.239865 -0.409123
40.720000 0.880803 -3.266777 -0.409124
40.730000 0.848003 -3.292709 -0.409124
40.740000 0.814949 -3.317654 -0.409125
40.750000 0.781650 -3.341603 -0.409126
40.760000 0.748117 -3.364549 -0.409126
40.770000 0.714359 -3.386486 -0.409127
40.780000 0.680387 -3.407407 -0.409127
40.790000 0.646211 -3.427306 -0.409128
40.800000 0.611841 -3.446177 -0.409128
40.810000 0.577287 -3.464014 -0.409128
40.820000 0.542561 -3.480812 -0.409129
40.830000 0.507671 -3.496565 -0.409129
40.840000 0.472629 -3.511270 -0.409130
40.850000 0.437446 -3.524921 -0.409130
40.860000 0.402131 -3.537515 -0.409130
40.870000 0.366695 -3.549047 -0.409130
40.880000 0.331150 -3.559515 -0.409131
40.890000 0.295505 -3.568914 -0.409131
40.900000 0.259772 -3.577244 -0.409131
40.910000 0.223960 -3.584500 -0.409131
40.920000 0.188082 -3.590680 -0.409131
40.930000 0.152147 -3.595784 -0.409132
40.940000 0.116166 -3.599808 -0.409132
40.950000 0.080150 -3.602753 -0.409132
40.960000 0.044111 -3.604617 -0.409132
40.970000 0.008058 -3.605399 -0.409132
40.980000 -0.027997 -3.605100 -0.409132
40.990000 -0.064044 -3.603720 -0.409132
41.000000 -0.100072 -3.601258 -0.409132
41.010000 -0.136069 -3.597716 -0.409132
41.020000 -0.172026 -3.593094 -0.409132
41.030000 -0.207931 -3.587395 -0.409131
41.040000 -0.243774 -3.580620 -0.409131
41.050000 -0.279543 -3.572770 -0.409131
41.060000 -0.315229 -3.563848 -0.409131
41.070000 -0.350820 -3.553857 -0.409131
41.080000 -0.386306 -3.542801 -0.409130
41.090000 -0.421676 -3.530681 -0.409130
41.100000 -0.456920 -3.517502 -0.409130
41.110000 -0.492026 -3.503268 -0.409129
41.120000 -0.526985 -3.487983 -0.409129
41.130000 -0.561786 -3.471651 -0.409129
41.140000 -0.596418 -3.454278 -0.409128
41.150000 -0.630872 -3.435869 -0.409128
41.160000 -0.665136 -3.416428 -0.409127
41.170000 -0.699200 -3.395963 -0.409127
41.180000 -0.733055 -3.374480 -0.409126
41.190000 -0.766690 -3.351983 -0.409126
41.200000 -0.800095 -3.328482 -0.409125
41.210000 -0.833259 -3.303981 -0.409125
41.220000 -0.866174 -3.278490 -0.409124
41.230000 -0.898829 -3.252015 -0.409124
41.240000 -0.931215 -3.224564 -0.409123
41.250000 -0.963320 -3.196146 -0.409122
41.260000 -0.995137 -3.166769 -0.409122
41.270000 -1.026656 -3.136442 -0.409121
41.280000 -1.057866 -3.105174 -0.409120
41.290000 -1.088759 -3.072975 -0.409120
41.300000 -1.119326 -3.039854 -0.409119
41.310000 -1.149556 -3.005821 -0.409118
41.320000 -1.179442 -2.970886 -0.409118
41.330000 -1.208974 -2.935059 -0.409117
41.340000 -1.238143 -2.898353 -0.409116
41.350000 -1.266941 -2.860776 -0.409115
41.360000 -1.295359 -2.822342 -0.409115
41.370000 -1.323388 -2.783061 -0.409114
41.380000 -1.351020 -2.742944 -0.409113
41.390000 -1.378247 -2.702005 -0.409112
41.400000 -1.405060 -2.660256 -0.409112
41.410000 -1.431452 -2.617708 -0.409111
41.420000 -1.457414 -2.574375 -0.409110
41.430000 -1.482940 -2.530270 -0.409109
41.440000 -1.508020 -2.485405 -0.409109
41.450000 -1.532648 -2.439795 -0.409108
41.460000 -1.556816 -2.393454 -0.409107
41.470000 -1.580517 -2.346394 -0.409106
41.480000 -1.603744 -2.298630 -0.409106
41.490000 -1.626489 -2.250176 -0.409105
41.500000 -1.648747 -2.201048 -0.409104
41.510000 -1.670510 -2.151259 -0.409103
41.520000 -1.691772 -2.100824 -0.409103
41.530000 -1.712527 -2.049760 -0.409102
41.540000 -1.732767 -1.998081 -0.409101
41.550000 -1.752488 -1.945802 -0.409100
41.560000 -1.771684 -1.892939 -0.409100
41.570000 -1.790347 -1.839509 -0.409099
41.580000 -1.808474 -1.785526 -0.409098
41.590000 -1.826058 -1.731008 -0.409098
41.600000 -1.843094 -1.675971 -0.409097
41.610000 -1.859577 -1.620431 -0.409096
41.620000 -1.875502 -1.564405 -0.409096
41.630000 -1.890865 -1.507909 -0.409095
41.640000 -1.905661 -1.450961 -0.409095
41.650000 -1.919884 -1.393578 -0.409094
41.660000 -1.933532 -1.335777 -0.409094
41.670000 -1.946600 -1.277575 -0.409093
41.680000 -1.959084 -1.218990 -0.409093
41.690000 -1.970980 -1.160039 -0.409092
41.700000 -1.982285 -1.100740 -0.409092
41.710000 -1.992995 -1.041111 -0.409091
41.720000 -2.003107 -0.981169 -0.409091
41.730000 -2.012618 -0.920933 -0.409090
41.740000 -2.021525 -0.860421 -0.409090
41.750000 -2.029826 -0.799651 -0.409090
41.760000 -2.037518 -0.738641 -0.409089
41.770000 -2.044599 -0.677409 -0.409089
41.780000 -2.051067 -0.615974 -0.409089
41.790000 -2.056919 -0.554354 -0.409089
41.800000 -2.062154 -0.492568 -0.409088
41.810000 -2.066770 -0.430634 -0.409088
41.820000 -2.070766 -0.368571 -0.409088
41.830000 -2.074141 -0.306398 -0.409088
41.840000 -2.076894 -0.244132 -0.409088
41.850000 -2.079024 -0.181793 -0.409088
41.860000 -2.080530 -0.119400 -0.409088
41.870000 -2.081412 -0.056971 -0.409088
41.880000 -2.081670 0.005475 -0.409087
41.890000 -2.081303 0.067920 -0.409088
41.900000 -2.080311 0.130344 -0.409088
41.910000 -2.078696 0.192729 -0.409088
41.920000 -2.076457 0.255057 -0.409088
41.930000 -2.073595 0.317307 -0.409088
41.940000 -2.070110 0.379463 -0.409088
41.950000 -2.066005 0.441505 -0.409088
41.960000 -2.061280 0.503414 -0.409088
41.970000 -2.055937 0.565172 -0.409089
41.980000 -2.049977 0.626761 -0.409089
41.990000 -2.043402 0.688162 -0.409089
42.000000 -2.036214 0.749356 -0.409089
42.010000 -2.028415 0.810325 -0.409090
42.020000 -2.020007 0.871052 -0.409090
42.030000 -2.010994 0.931517 -0.409090
42.040000 -2.001377 0.991702 -0.409091
42.050000 -1.991160 1.051590 -0.409091
42.060000 -1.980345 1.111163 -0.409092
42.070000 -1.968936 1.170402 -0.409092
42.080000 -1.956937 1.229290 -0.409093
42.090000 -1.944351 1.287809 -0.409093
42.100000 -1.931181 1.345942 -0.409094
42.110000 -1.917432 1.403672 -0.409094
42.120000 -1.903107 1.460980 -0.409095
42.130000 -1.888212 1.517849 -0.409095
42.140000 -1.872750 1.574264 -0.409096
42.150000 -1.856727 1.630206 -0.409097
42.160000 -1.840146 1.685659 -0.409097
42.170000 -1.823014 1.740607 -0.409098
42.180000 -1.805334 1.795032 -0.409098
42.190000 -1.787113 1.848918 -0.409099
42.200000 -1.768356 1.902250 -0.409100
42.210000 -1.749068 1.955012 -0.409101
42.220000 -1.729256 2.007187 -0.409101
42.230000 -1.708924 2.058759 -0.409102
42.240000 -1.688080 2.109714 -0.409103
42.250000 -1.666730 2.160037 -0.409103
42.260000 -1.644880 2.209711 -0.409104
42.270000 -1.622536 2.258722 -0.409105
42.280000 -1.599705 2.307056 -0.409106
42.290000 -1.576395 2.354697 -0.409106
42.300000 -1.552611 2.401632 -0.409107
42.310000 -1.528362 2.447847 -0.409108
42.320000 -1.503654 2.493327 -0.409109
42.330000 -1.478495 2.538059 -0.409109
42.340000 -1.452893 2.582030 -0.409110
42.350000 -1.426855 2.625226 -0.409111
42.360000 -1.400389 2.667635 -0.409112
42.370000 -1.373502 2.709243 -0.409113
42.380000 -1.346204 2.750039 -0.409113
42.390000 -1.318501 2.790010 -0.409114
42.400000 -1.290404 2.829143 -0.409115
42.410000 -1.261919 2.867428 -0.409116
42.420000 -1.233055 2.904853 -0.409116
42.430000 -1.203822 2.941406 -0.409117
42.440000 -1.174227 2.977076 -0.409118
42.450000 -1.144280 3.011854 -0.409118
42.460000 -1.113990 3.045728 -0.409119
42.470000 -1.083365 3.078688 -0.409120
42.480000 -1.052416 3.110725 -0.409120
42.490000 -1.021151 3.141829 -0.409121
42.500000 -0.989579 3.171990 -0.409122
42.510000 -0.957711 3.201199 -0.409122
42.520000 -0.925555 3.229448 -0.409123
42.530000 -0.893122 3.256728 -0.409124
42.540000 -0.860421 3.283031 -0.409124
42.550000 -0.827462 3.308349 -0.409125
42.560000 -0.794254 3.332675 -0.409125
42.570000 -0.760808 3.356001 -0.409126
42.580000 -0.727134 3.378320 -0.409126
42.590000 -0.693242 3.399626 -0.409127
42.600000 -0.659141 3.419912 -0.409127
42.610000 -0.624843 3.439171 -0.409128
42.620000 -0.590358 3.457399 -0.409128
42.630000 -0.555695 3.474590 -0.409129
42.640000 -0.520866 3.490739 -0.409129
42.650000 -0.485881 3.505840 -0.409129
42.660000 -0.450749 3.519889 -0.409130
42.670000 -0.415483 3.532883 -0.409130
42.680000 -0.380092 3.544816 -0.409130
42.690000 -0.344587 3.555687 -0.409131
42.700000 -0.308978 3.565490 -0.409131
42.710000 -0.273277 3.574224 -0.409131
42.720000 -0.237493 3.581885 -0.409131
42.730000 -0.201639 3.588472 -0.409131
42.740000 -0.165724 3.593983 -0.409132
42.750000 -0.129759 3.598415 -0.409132
42.760000 -0.093756 3.601768 -0.409132
42.770000 -0.057724 3.604040 -0.409132
42.780000 -0.021675 3.605231 -0.409132
42.790000 0.014381 3.605340 -0.409132
42.800000 0.050432 3.604368 -0.409132
42.810000 0.086468 3.602315 -0.409132
42.820000 0.122478 3.599181 -0.409132
42.830000 0.158452 3.594967 -0.409132
42.840000 0.194377 3.589674 -0.409131
42.850000 0.230245 3.583305 -0.409131
42.860000 0.266044 3.575861 -0.409131
42.870000 0.301762 3.567343 -0.409131
42.880000 0.337390 3.557756 -0.409131
42.890000 0.372917 3.547102 -0.409130
42.900000 0.408332 3.535383 -0.409130
42.910000 0.443625 3.522603 -0.409130
42.920000 0.478785 3.508767 -0.409129
42.930000 0.513800 3.493878 -0.409129
42.940000 0.548662 3.477942 -0.409129
42.950000 0.583359 3.460961 -0.409128
42.960000 0.617881 3.442943 -0.409128
42.970000 0.652218 3.423891 -0.409127
42.980000 0.686359 3.403812 -0.409127
42.990000 0.720294 3.382713 -0.409127
43.000000 0.754013 3.360598 -0.409126
43.010000 0.787506 3.337475 -0.409125
43.020000 0.820763 3.313351 -0.409125
43.030000 0.853773 3.288233 -0.409124
43.040000 0.886528 3.262129 -0.409124
43.050000 0.919016 3.235045 -0.409123
43.060000 0.951229 3.206992 -0.409123
43.070000 0.983156 3.177976 -0.409122
43.080000 1.014788 3.148007 -0.409121
43.090000 1.046116 3.117093 -0.409121
43.100000 1.077130 3.085245 -0.409120
43.110000 1.107821 3.052470 -0.409119
43.120000 1.138179 3.018780 -0.409119
43.130000 1.168196 2.984185 -0.409118
43.140000 1.197863 2.948694 -0.409117
43.150000 1.227170 2.912318 -0.409116
43.160000 1.256109 2.875069 -0.409116
43.170000 1.284672 2.836957 -0.409115
43.180000 1.312849 2.797995 -0.409114
43.190000 1.340632 2.758192 -0.409113
43.200000 1.368012 2.717563 -0.409113
43.210000 1.394983 2.676118 -0.409112
43.220000 1.421535 2.633870 -0.409111
43.230000 1.447660 2.590832 -0.409110
43.240000 1.473351 2.547017 -0.409110
43.250000 1.498601 2.502438 -0.409109
43.260000 1.523400 2.457108 -0.409108
43.270000 1.547743 2.411041 -0.409107
43.280000 1.571621 2.364250 -0.409107
43.290000 1.595028 2.316750 -0.409106
43.300000 1.617956 2.268556 -0.409105
43.310000 1.640399 2.219680 -0.409104
43.320000 1.662350 2.170139 -0.409104
43.330000 1.683802 2.119947 -0.409103
43.340000 1.704748 2.069119 -0.409102
43.350000 1.725184 2.017670 -0.409101
43.360000 1.745102 1.965615 -0.409101
43.370000 1.764496 1.912971 -0.409100
43.380000 1.783361 1.859753 -0.409099
43.390000 1.801691 1.805978 -0.409099
43.400000 1.819481 1.751660 -0.409098
43.410000 1.836725 1.696817 -0.409097
43.420000 1.853417 1.641465 -0.409097
43.430000 1.869554 1.585620 -0.409096
43.440000 1.885130 1.529300 -0.409095
43.450000 1.900140 1.472521 -0.409095
43.460000 1.914580 1.415300 -0.409094
43.470000 1.928446 1.357655 -0.409094
43.480000 1.941733 1.299602 -0.409093
43.490000 1.954438 1.241160 -0.409093
43.500000 1.966556 1.182345 -0.409092
43.510000 1.978085 1.123175 -0.409092
43.520000 1.989020 1.063668 -0.409091
43.530000 1.999358 1.003843 -0.409091
43.540000 2.009097 0.943716 -0.409091
43.550000 2.018232 0.883306 -0.409090
43.560000 2.026763 0.822631 -0.409090
43.570000 2.034685 0.761709 -0.409089
43.580000 2.041997 0.700559 -0.409089
43.590000 2.048696 0.639199 -0.409089
43.600000 2.054781 0.577647 -0.409089
43.610000 2.060249 0.515921 -0.409088
43.620000 2.065099 0.454041 -0.409088
43.630000 2.069330 0.392025 -0.409088
43.640000 2.072940 0.329890 -0.409088
43.650000 2.075928 0.267657 -0.409088
43.660000 2.078293 0.205344 -0.409088
43.670000 2.080035 0.142969 -0.409088
43.680000 2.081152 0.080551 -0.409088
43.690000 2.081646 0.018109 -0.409088
43.700000 2.081515 -0.044338 -0.409088
43.710000 2.080759 -0.106772 -0.409088
43.720000 2.079379 -0.169174 -0.409088
43.730000 2.077376 -0.231525 -0.409088
43.740000 2.074749 -0.293807 -0.409088
43.750000 2.071499 -0.356001 -0.409088
43.760000 2.067629 -0.418088 -0.409088
43.770000 2.063138 -0.480049 -0.409088
43.780000 2.058028 -0.541867 -0.409089
43.790000 2.052300 -0.603522 -0.409089
43.800000 2.045957 -0.664996 -0.409089
43.810000 2.039000 -0.726270 -0.409089
43.820000 2.031432 -0.787327 -0.409090
43.830000 2.023254 -0.848147 -0.409090
43.840000 2.014469 -0.908713 -0.409090
43.850000 2.005080 -0.969006 -0.409091
43.860000 1.995089 -1.029008 -0.409091
43.870000 1.984499 -1.088702 -0.409092
43.880000 1.973315 -1.148069 -0.409092
43.890000 1.961538 -1.207092 -0.409092
43.900000 1.949173 -1.265753 -0.409093
43.910000 1.936223 -1.324034 -0.409093
43.920000 1.922692 -1.381918 -0.409094
43.930000 1.908585 -1.439387 -0.409095
43.940000 1.893904 -1.496424 -0.409095
43.950000 1.878656 -1.553012 -0.409096
43.960000 1.862844 -1.609135 -0.409096
43.970000 1.846473 -1.664775 -0.409097
43.980000 1.829549 -1.719915 -0.409098
43.990000 1.812075 -1.774539 -0.409098
44.000000 1.794058 -1.828631 -0.409099
44.010000 1.775502 -1.882175 -0.409100
44.020000 1.756414 -1.935154 -0.409100
44.030000 1.736799 -1.987552 -0.409101
44.040000 1.716663 -2.039354 -0.409102
44.050000 1.696012 -2.090544 -0.409102
44.060000 1.674852 -2.141107 -0.409103
44.070000 1.653190 -2.191027 -0.409104
44.080000 1.631032 -2.240291 -0.409105
44.090000 1.608384 -2.288882 -0.409105
44.100000 1.585254 -2.336787 -0.409106
44.110000 1.561649 -2.383990 -0.409107
44.120000 1.537574 -2.430479 -0.409108
44.130000 1.513039 -2.476238 -0.409108
44.140000 1.488050 -2.521254 -0.409109
44.150000 1.462614 -2.565514 -0.409110
44.160000 1.436739 -2.609004 -0.409111
44.170000 1.410434 -2.651712 -0.409111
44.180000 1.383705 -2.693624 -0.409112
44.190000 1.356561 -2.734728 -0.409113
44.200000 1.329011 -2.775012 -0.409114
44.210000 1.301061 -2.814463 -0.409115
44.220000 1.272721 -2.853069 -0.409115
44.230000 1.244000 -2.890820 -0.409116
44.240000 1.214905 -2.927704 -0.409117
44.250000 1.185446 -2.963709 -0.409117
44.260000 1.155631 -2.998825 -0.409118
44.270000 1.125469 -3.033042 -0.409119
44.280000 1.094970 -3.066348 -0.409120
44.290000 1.064142 -3.098735 -0.409120
44.300000 1.032995 -3.130192 -0.409121
44.310000 1.001538 -3.160710 -0.409122
44.320000 0.969781 -3.190280 -0.409122
44.330000 0.937733 -3.218893 -0.409123
44.340000 0.905403 -3.246540 -0.409123
44.350000 0.872802 -3.273213 -0.409124
44.360000 0.839939 -3.298904 -0.409125
44.370000 0.806824 -3.323605 -0.409125
44.380000 0.773467 -3.347310 -0.409126
44.390000 0.739878 -3.370010 -0.409126
44.400000 0.706067 -3.391699 -0.409127
44.410000 0.672044 -3.412371 -0.409127
44.420000 0.637819 -3.432019 -0.409128
44.430000 0.603403 -3.450637 -0.409128
44.440000 0.568807 -3.468220 -0.409129
44.450000 0.534039 -3.484763 -0.409129
44.460000 0.499111 -3.500260 -0.409129
44.470000 0.464034 -3.514707 -0.409130
44.480000 0.428817 -3.528100 -0.409130
44.490000 0.393472 -3.540434 -0.409130
44.500000 0.358008 -3.551706 -0.409131
44.510000 0.322438 -3.561913 -0.409131
44.520000 0.286770 -3.571051 -0.409131
44.530000 0.251017 -3.579118 -0.409131
44.540000 0.215188 -3.586111 -0.409131
44.550000 0.179294 -3.592028 -0.409131
44.560000 0.143347 -3.596868 -0.409132
44.570000 0.107357 -3.600629 -0.409132
44.580000 0.071335 -3.603309 -0.409132
44.590000 0.035291 -3.604908 -0.409132
44.600000 -0.000763 -3.605426 -0.409132
44.610000 -0.036818 -3.604863 -0.409132
44.620000 -0.072861 -3.603217 -0.409132
44.630000 -0.108882 -3.600491 -0.409132
44.640000 -0.144871 -3.596685 -0.409132
44.650000 -0.180816 -3.591800 -0.409131
44.660000 -0.216707 -3.585837 -0.409131
44.670000 -0.252532 -3.578798 -0.409131
44.680000 -0.288283 -3.570686 -0.409131
44.690000 -0.323946 -3.561503 -0.409131
44.700000 -0.359513 -3.551251 -0.409130
44.710000 -0.394971 -3.539933 -0.409130
44.720000 -0.430311 -3.527554 -0.409130
44.730000 -0.465522 -3.514117 -0.409130
44.740000 -0.500594 -3.499625 -0.409129
44.750000 -0.535515 -3.484083 -0.409129
44.760000 -0.570275 -3.467496 -0.409128
44.770000 -0.604865 -3.449869 -0.409128
44.780000 -0.639273 -3.431207 -0.409128
44.790000 -0.673489 -3.411516 -0.409127
44.800000 -0.707503 -3.390801 -0.409127
44.810000 -0.741305 -3.369069 -0.409126
44.820000 -0.774884 -3.346326 -0.409126
44.830000 -0.808231 -3.322579 -0.409125
44.840000 -0.841336 -3.297836 -0.409125
44.850000 -0.874188 -3.272103 -0.409124
44.860000 -0.906778 -3.245388 -0.409123
44.870000 -0.939096 -3.217700 -0.409123
44.880000 -0.971132 -3.189047 -0.409122
44.890000 -1.002877 -3.159437 -0.409122
44.900000 -1.034321 -3.128879 -0.409121
44.910000 -1.065454 -3.097382 -0.409120
44.920000 -1.096268 -3.064956 -0.409120
44.930000 -1.126753 -3.031611 -0.409119
44.940000 -1.156901 -2.997356 -0.409118
44.950000 -1.186701 -2.962202 -0.409117
44.960000 -1.216145 -2.926160 -0.409117
44.970000 -1.245224 -2.889239 -0.409116
44.980000 -1.273929 -2.851452 -0.409115
44.990000 -1.302253 -2.812809 -0.409114
45.000000 -1.330186 -2.773322 -0.409114
45.010000 -1.357719 -2.733004 -0.409113
45.020000 -1.384846 -2.691865 -0.409112
45.030000 -1.411557 -2.649919 -0.409111
45.040000 -1.437844 -2.607178 -0.409111
45.050000 -1.463700 -2.563655 -0.409110
45.060000 -1.489117 -2.519363 -0.409109
45.070000 -1.514087 -2.474315 -0.409108
45.080000 -1.538603 -2.428524 -0.409108
45.090000 -1.562658 -2.382006 -0.409107
45.100000 -1.586244 -2.334772 -0.409106
45.110000 -1.609353 -2.286838 -0.409105
45.120000 -1.631980 -2.238218 -0.409105
45.130000 -1.654118 -2.188927 -0.409104
45.140000 -1.675759 -2.138978 -0.409103
45.150000 -1.696897 -2.088389 -0.409102
45.160000 -1.717527 -2.037172 -0.409102
45.170000 -1.737641 -1.985345 -0.409101
45.180000 -1.757234 -1.932922 -0.409100
45.190000 -1.776299 -1.879919 -0.409100
45.200000 -1.794832 -1.826352 -0.409099
45.210000 -1.812826 -1.772237 -0.409098
45.220000 -1.830277 -1.717590 -0.409098
45.230000 -1.847178 -1.662428 -0.409097
45.240000 -1.863525 -1.606768 -0.409096
45.250000 -1.879313 -1.550625 -0.409096
45.260000 -1.894538 -1.494018 -0.409095
45.270000 -1.909194 -1.436962 -0.409095
45.280000 -1.923277 -1.379475 -0.409094
45.290000 -1.936783 -1.321574 -0.409093
45.300000 -1.949708 -1.263276 -0.409093
45.310000 -1.962049 -1.204600 -0.409092
45.320000 -1.973800 -1.145562 -0.409092
45.330000 -1.984960 -1.086181 -0.409092
45.340000 -1.995524 -1.026473 -0.409091
45.350000 -2.005489 -0.966458 -0.409091
45.360000 -2.014853 -0.906153 -0.409090
45.370000 -2.023612 -0.845576 -0.409090
45.380000 -2.031765 -0.784746 -0.409090
45.390000 -2.039307 -0.723679 -0.409089
45.400000 -2.046238 -0.662396 -0.409089
45.410000 -2.052555 -0.600914 -0.409089
45.420000 -2.058257 -0.539252 -0.409088
45.430000 -2.063340 -0.477428 -0.409088
45.440000 -2.067805 -0.415461 -0.409088
45.450000 -2.071650 -0.353369 -0.409088
45.460000 -2.074873 -0.291171 -0.409088
45.470000 -2.077473 -0.228886 -0.409088
45.480000 -2.079450 -0.166532 -0.409088
45.490000 -2.080804 -0.104129 -0.409088
45.500000 -2.081533 -0.041693 -0.409088
45.510000 -2.081638 0.020754 -0.409088
45.520000 -2.081118 0.083195 -0.409088
45.530000 -2.079974 0.145612 -0.409088
45.540000 -2.078205 0.207984 -0.409088
45.550000 -2.075814 0.270295 -0.409088
45.560000 -2.072800 0.332524 -0.409088
45.570000 -2.069163 0.394653 -0.409088
45.580000 -2.064907 0.456664 -0.409088
45.590000 -2.060030 0.518538 -0.409088
45.600000 -2.054536 0.580257 -0.409089
45.610000 -2.048425 0.641801 -0.409089
45.620000 -2.041700 0.703153 -0.409089
45.630000 -2.034362 0.764294 -0.409089
45.640000 -2.026414 0.825206 -0.409090
45.650000 -2.017858 0.885870 -0.409090
45.660000 -2.008696 0.946268 -0.409091
45.670000 -1.998932 1.006383 -0.409091
45.680000 -1.988569 1.066195 -0.409091
45.690000 -1.977609 1.125688 -0.409092
45.700000 -1.966055 1.184843 -0.409092
45.710000 -1.953912 1.243642 -0.409093
45.720000 -1.941182 1.302069 -0.409093
45.730000 -1.927870 1.360104 -0.409094
45.740000 -1.913980 1.417732 -0.409094
45.750000 -1.899516 1.474935 -0.409095
45.760000 -1.884481 1.531695 -0.409095
45.770000 -1.868882 1.587995 -0.409096
45.780000 -1.852722 1.643819 -0.409097
45.790000 -1.836005 1.699150 -0.409097
45.800000 -1.818739 1.753971 -0.409098
45.810000 -1.800926 1.808266 -0.409099
45.820000 -1.782573 1.862019 -0.409099
45.830000 -1.763686 1.915213 -0.409100
45.840000 -1.744269 1.967832 -0.409101
45.850000 -1.724329 2.019861 -0.409101
45.860000 -1.703872 2.071284 -0.409102
45.870000 -1.682903 2.122085 -0.409103
45.880000 -1.661430 2.172250 -0.409104
45.890000 -1.639458 2.221764 -0.409104
45.900000 -1.616995 2.270611 -0.409105
45.910000 -1.594046 2.318776 -0.409106
45.920000 -1.570619 2.366246 -0.409107
45.930000 -1.546721 2.413006 -0.409107
45.940000 -1.522359 2.459042 -0.409108
45.950000 -1.497540 2.504341 -0.409109
45.960000 -1.472272 2.548888 -0.409110
45.970000 -1.446563 2.592671 -0.409110
45.980000 -1.420419 2.635675 -0.409111
45.990000 -1.393849 2.677889 -0.409112
46.000000 -1.366861 2.719300 -0.409113
46.010000 -1.339463 2.759895 -0.409113
46.020000 -1.311663 2.799662 -0.409114
46.030000 -1.283470 2.838589 -0.409115
46.040000 -1.254891 2.876664 -0.409116
46.050000 -1.225937 2.913877 -0.409116
46.060000 -1.196614 2.950215 -0.409117
46.070000 -1.166932 2.985668 -0.409118
46.080000 -1.136901 3.020226 -0.409119
46.090000 -1.106528 3.053877 -0.409119
46.100000 -1.075823 3.086612 -0.409120
46.110000 -1.044795 3.118422 -0.409121
46.120000 -1.013455 3.149295 -0.409121
46.130000 -0.981810 3.179224 -0.409122
46.140000 -0.949870 3.208199 -0.409123
46.150000 -0.917646 3.236212 -0.409123
46.160000 -0.885146 3.263254 -0.409124
46.170000 -0.852380 3.289317 -0.409124
46.180000 -0.819359 3.314393 -0.409125
46.190000 -0.786093 3.338475 -0.409125
46.200000 -0.752590 3.361555 -0.409126
46.210000 -0.718862 3.383627 -0.409127
46.220000 -0.684917 3.404684 -0.409127
46.230000 -0.650768 3.424719 -0.409127
46.240000 -0.616423 3.443727 -0.409128
46.250000 -0.581893 3.461701 -0.409128
46.260000 -0.547189 3.478638 -0.409129
46.270000 -0.512321 3.494530 -0.409129
46.280000 -0.477298 3.509375 -0.409129
46.290000 -0.442133 3.523166 -0.409130
46.300000 -0.406835 3.535901 -0.409130
46.310000 -0.371415 3.547574 -0.409130
46.320000 -0.335884 3.558184 -0.409131
46.330000 -0.300251 3.567726 -0.409131
46.340000 -0.264529 3.576198 -0.409131
46.350000 -0.228727 3.583596 -0.409131
46.360000 -0.192857 3.589920 -0.409131
46.370000 -0.156929 3.595167 -0.409132
46.380000 -0.120954 3.599335 -0.409132
46.390000 -0.084942 3.602424 -0.409132
46.400000 -0.048905 3.604431 -0.409132
46.410000 -0.012854 3.605358 -0.409132
46.420000 0.023202 3.605203 -0.409132
46.430000 0.059250 3.603966 -0.409132
46.440000 0.095281 3.601648 -0.409132
46.450000 0.131283 3.598249 -0.409132
46.460000 0.167246 3.593771 -0.409132
46.470000 0.203159 3.588215 -0.409131
46.480000 0.239010 3.581583 -0.409131
46.490000 0.274790 3.573876 -0.409131
46.500000 0.310488 3.565097 -0.409131
46.510000 0.346092 3.555248 -0.409131
46.520000 0.381593 3.544333 -0.409130
46.530000 0.416979 3.532354 -0.409130
46.540000 0.452240 3.519316 -0.409130
46.550000 0.487365 3.505222 -0.409129
46.560000 0.522344 3.490076 -0.409129
46.570000 0.557167 3.473883 -0.409129
46.580000 0.591822 3.456648 -0.409128
46.590000 0.626300 3.438377 -0.409128
46.600000 0.660590 3.419073 -0.409127
46.610000 0.694681 3.398744 -0.409127
46.620000 0.728564 3.377396 -0.409126
46.630000 0.762229 3.355034 -0.409126
46.640000 0.795665 3.331665 -0.409125
46.650000 0.828862 3.307297 -0.409125
46.660000 0.861811 3.281937 -0.409124
46.670000 0.894501 3.255593 -0.409124
46.680000 0.926923 3.228271 -0.409123
46.690000 0.959067 3.199981 -0.409122
46.700000 0.990923 3.170732 -0.409122
46.710000 1.022481 3.140530 -0.409121
46.720000 1.053733 3.109387 -0.409120
46.730000 1.084669 3.077311 -0.409120
46.740000 1.115279 3.044312 -0.409119
46.750000 1.145555 3.010399 -0.409118
46.760000 1.175487 2.975584 -0.409118
46.770000 1.205067 2.939876 -0.409117
46.780000 1.234285 2.903285 -0.409116
46.790000 1.263133 2.865824 -0.409116
46.800000 1.291601 2.827503 -0.409115
46.810000 1.319683 2.788334 -0.409114
46.820000 1.347368 2.748328 -0.409113
46.830000 1.374649 2.707498 -0.409112
46.840000 1.401518 2.665855 -0.409112
46.850000 1.427966 2.623413 -0.409111
46.860000 1.453986 2.580184 -0.409110
46.870000 1.479570 2.536180 -0.409109
46.880000 1.504710 2.491416 -0.409109
46.890000 1.529398 2.445904 -0.409108
46.900000 1.553628 2.399659 -0.409107
46.910000 1.577392 2.352694 -0.409106
46.920000 1.600682 2.305023 -0.409106
46.930000 1.623492 2.256660 -0.409105
46.940000 1.645815 2.207620 -0.409104
46.950000 1.667644 2.157919 -0.409103
46.960000 1.688973 2.107569 -0.409103
46.970000 1.709796 2.056588 -0.409102
46.980000 1.730105 2.004989 -0.409101
46.990000 1.749896 1.952789 -0.409101
47.000000 1.769161 1.900003 -0.409100
47.010000 1.787896 1.846648 -0.409099
47.020000 1.806094 1.792738 -0.409098
47.030000 1.823750 1.738290 -0.409098
47.040000 1.840860 1.683321 -0.409097
47.050000 1.857417 1.627847 -0.409097
47.060000 1.873417 1.571884 -0.409096
47.070000 1.888854 1.515450 -0.409095
47.080000 1.903726 1.458561 -0.409095
47.090000 1.918026 1.401235 -0.409094
47.100000 1.931750 1.343489 -0.409094
47.110000 1.944895 1.285339 -0.409093
47.120000 1.957457 1.226804 -0.409093
47.130000 1.969432 1.167900 -0.409092
47.140000 1.980815 1.108647 -0.409092
47.150000 1.991604 1.049060 -0.409091
47.160000 2.001796 0.989159 -0.409091
47.170000 2.011388 0.928961 -0.409090
47.180000 2.020376 0.868485 -0.409090
47.190000 2.028757 0.807748 -0.409090
47.200000 2.036531 0.746769 -0.409089
47.210000 2.043693 0.685565 -0.409089
47.220000 2.050242 0.624156 -0.409089
47.230000 2.056176 0.562560 -0.409089
47.240000 2.061493 0.500795 -0.409088
47.250000 2.066192 0.438880 -0.409088
47.260000 2.070271 0.376833 -0.409088
47.270000 2.073728 0.314673 -0.409088
47.280000 2.076564 0.252418 -0.409088
47.290000 2.078777 0.190088 -0.409088
47.300000 2.080366 0.127701 -0.409088
47.310000 2.081331 0.065276 -0.409088
47.320000 2.081671 0.002831 -0.409087
47.330000 2.081387 -0.059615 -0.409088
47.340000 2.080479 -0.122043 -0.409088
47.350000 2.078947 -0.184435 -0.409088
47.360000 2.076790 -0.246771 -0.409088
47.370000 2.074011 -0.309033 -0.409088
47.380000 2.070610 -0.371202 -0.409088
47.390000 2.066587 -0.433260 -0.409088
47.400000 2.061945 -0.495188 -0.409088
47.410000 2.056683 -0.556967 -0.409089
47.420000 2.050805 -0.618580 -0.409089
47.430000 2.044312 -0.680006 -0.409089
47.440000 2.037205 -0.741229 -0.409089
47.450000 2.029487 -0.802229 -0.409090
47.460000 2.021160 -0.862989 -0.409090
47.470000 2.012227 -0.923490 -0.409090
47.480000 2.002691 -0.983714 -0.409091
47.490000 1.992553 -1.043642 -0.409091
47.500000 1.981818 -1.103258 -0.409092
47.510000 1.970488 -1.162543 -0.409092
47.520000 1.958567 -1.221478 -0.409093
47.530000 1.946058 -1.280048 -0.409093
47.540000 1.932966 -1.338233 -0.409094
47.550000 1.919294 -1.396017 -0.409094
47.560000 1.905046 -1.453382 -0.409095
47.570000 1.890226 -1.510311 -0.409095
47.580000 1.874839 -1.566787 -0.409096
47.590000 1.858890 -1.622793 -0.409096
47.600000 1.842384 -1.678312 -0.409097
47.610000 1.825324 -1.733328 -0.409098
47.620000 1.807717 -1.787823 -0.409098
47.630000 1.789568 -1.841783 -0.409099
47.640000 1.770881 -1.895189 -0.409100
47.650000 1.751664 -1.948028 -0.409100
47.660000 1.731921 -2.000281 -0.409101
47.670000 1.711658 -2.051935 -0.409102
47.680000 1.690882 -2.102973 -0.409103
47.690000 1.669599 -2.153380 -0.409103
47.700000 1.647814 -2.203142 -0.409104
47.710000 1.625536 -2.252242 -0.409105
47.720000 1.602770 -2.300666 -0.409106
47.730000 1.579523 -2.348401 -0.409106
47.740000 1.555802 -2.395431 -0.409107
47.750000 1.531614 -2.441742 -0.409108
47.760000 1.506967 -2.487321 -0.409109
47.770000 1.481868 -2.532153 -0.409109
47.780000 1.456324 -2.576226 -0.409110
47.790000 1.430343 -2.619526 -0.409111
47.800000 1.403933 -2.662040 -0.409112
47.810000 1.377102 -2.703756 -0.409112
47.820000 1.349858 -2.744660 -0.409113
47.830000 1.322209 -2.784741 -0.409114
47.840000 1.294163 -2.823987 -0.409115
47.850000 1.265729 -2.862385 -0.409115
47.860000 1.236916 -2.899925 -0.409116
47.870000 1.207731 -2.936594 -0.409117
47.880000 1.178184 -2.972383 -0.409118
47.890000 1.148283 -3.007280 -0.409118
47.900000 1.118038 -3.041275 -0.409119
47.910000 1.087458 -3.074357 -0.409120
47.920000 1.056551 -3.106518 -0.409120
47.930000 1.025327 -3.137746 -0.409121
47.940000 0.993796 -3.168033 -0.409122
47.950000 0.961967 -3.197369 -0.409122
47.960000 0.929849 -3.225746 -0.409123
47.970000 0.897452 -3.253156 -0.409124
47.980000 0.864786 -3.279589 -0.409124
47.990000 0.831860 -3.305039 -0.409125
48.000000 0.798685 -3.329497 -0.409125
48.010000 0.765270 -3.352957 -0.409126
48.020000 0.731626 -3.375410 -0.409126
48.030000 0.697762 -3.396851 -0.409127
48.040000 0.663689 -3.417273 -0.409127
48.050000 0.629416 -3.436669 -0.409128
48.060000 0.594955 -3.455035 -0.409128
48.070000 0.560316 -3.472364 -0.409129
48.080000 0.525508 -3.488651 -0.409129
48.090000 0.490543 -3.503892 -0.409129
48.100000 0.455430 -3.518081 -0.409130
48.110000 0.420181 -3.531216 -0.409130
48.120000 0.384806 -3.543290 -0.409130
48.130000 0.349315 -3.554302 -0.409131
48.140000 0.313720 -3.564248 -0.409131
48.150000 0.278030 -3.573124 -0.409131
48.160000 0.242257 -3.580928 -0.409131
48.170000 0.206412 -3.587658 -0.409131
48.180000 0.170504 -3.593312 -0.409132
48.190000 0.134545 -3.597888 -0.409132
48.200000 0.098546 -3.601384 -0.409132
48.210000 0.062518 -3.603800 -0.409132
48.220000 0.026470 -3.605135 -0.409132
48.230000 -0.009585 -3.605388 -0.409132
48.240000 -0.045637 -3.604560 -0.409132
48.250000 -0.081676 -3.602650 -0.409132
48.260000 -0.117690 -3.599660 -0.409132
48.270000 -0.153669 -3.595589 -0.409132
48.280000 -0.189602 -3.590440 -0.409131
48.290000 -0.225478 -3.584214 -0.409131
48.300000 -0.261286 -3.576913 -0.409131
48.310000 -0.297016 -3.568538 -0.409131
48.320000 -0.332657 -3.559093 -0.409131
48.330000 -0.368198 -3.548580 -0.409130
48.340000 -0.403629 -3.537003 -0.409130
48.350000 -0.438938 -3.524364 -0.409130
48.360000 -0.474116 -3.510668 -0.409130
48.370000 -0.509152 -3.495919 -0.409129
48.380000 -0.544035 -3.480122 -0.409129
48.390000 -0.578754 -3.463280 -0.409128
48.400000 -0.613300 -3.445399 -0.409128
48.410000 -0.647662 -3.426484 -0.409128
48.420000 -0.681830 -3.406542 -0.409127
48.430000 -0.715793 -3.385578 -0.409127
48.440000 -0.749541 -3.363598 -0.409126
48.450000 -0.783065 -3.340609 -0.409126
48.460000 -0.816354 -3.316617 -0.409125
48.470000 -0.849397 -3.291631 -0.409124
48.480000 -0.882186 -3.265657 -0.409124
48.490000 -0.914710 -3.238704 -0.409123
48.500000 -0.946960 -3.210779 -0.409123
48.510000 -0.978926 -3.181891 -0.409122
48.520000 -1.010598 -3.152048 -0.409121
48.530000 -1.041967 -3.121259 -0.409121
48.540000 -1.073023 -3.089534 -0.409120
48.550000 -1.103758 -3.056883 -0.409119
48.560000 -1.134161 -3.023314 -0.409119
48.570000 -1.164224 -2.988838 -0.409118
48.580000 -1.193938 -2.953466 -0.409117
48.590000 -1.223293 -2.917207 -0.409117
48.600000 -1.252282 -2.880074 -0.409116
48.610000 -1.280895 -2.842076 -0.409115
48.620000 -1.309123 -2.803226 -0.409114
48.630000 -1.336959 -2.763534 -0.409114
48.640000 -1.364394 -2.723014 -0.409113
48.650000 -1.391419 -2.681677 -0.409112
48.660000 -1.418028 -2.639535 -0.409111
48.670000 -1.444210 -2.596602 -0.409110
48.680000 -1.469960 -2.552889 -0.409110
48.690000 -1.495268 -2.508411 -0.409109
48.700000 -1.520128 -2.463180 -0.409108
48.710000 -1.544532 -2.417210 -0.409107
48.720000 -1.568472 -2.370515 -0.409107
48.730000 -1.591942 -2.323109 -0.409106
48.740000 -1.614934 -2.275005 -0.409105
48.750000 -1.637442 -2.226220 -0.409104
48.760000 -1.659459 -2.176766 -0.409104
48.770000 -1.680977 -2.126660 -0.409103
48.780000 -1.701992 -2.075915 -0.409102
48.790000 -1.722496 -2.024548 -0.409101
48.800000 -1.742483 -1.972573 -0.409101
48.810000 -1.761947 -1.920007 -0.409100
48.820000 -1.780883 -1.866864 -0.409099
48.830000 -1.799284 -1.813162 -0.409099
48.840000 -1.817146 -1.758915 -0.409098
48.850000 -1.834463 -1.704141 -0.409097
48.860000 -1.851229 -1.648856 -0.409097
48.870000 -1.867440 -1.593076 -0.409096
48.880000 -1.883090 -1.536818 -0.409096
48.890000 -1.898176 -1.480099 -0.409095
48.900000 -1.912692 -1.422936 -0.409094
48.910000 -1.926635 -1.365346 -0.409094
48.920000 -1.939999 -1.307346 -0.409093
48.930000 -1.952782 -1.248955 -0.409093
48.940000 -1.964978 -1.190188 -0.409092
48.950000 -1.976586 -1.131065 -0.409092
48.960000 -1.987600 -1.071602 -0.409091
48.970000 -1.998018 -1.011818 -0.409091
48.980000 -2.007836 -0.951730 -0.409091
48.990000 -2.017052 -0.891357 -0.409090
49.000000 -2.025663 -0.830716 -0.409090
49.010000 -2.033667 -0.769826 -0.409090
49.020000 -2.041060 -0.708705 -0.409089
49.030000 -2.047841 -0.647372 -0.409089
49.040000 -2.054007 -0.585844 -0.409089
49.050000 -2.059557 -0.524140 -0.409088
49.060000 -2.064490 -0.462280 -0.409088
49.070000 -2.068803 -0.400280 -0.409088
49.080000 -2.072496 -0.338161 -0.409088
49.090000 -2.075566 -0.275940 -0.409088
49.100000 -2.078014 -0.213636 -0.409088
49.110000 -2.079839 -0.151268 -0.409088
49.120000 -2.081040 -0.088855 -0.409088
49.130000 -2.081616 -0.026415 -0.409088
49.140000 -2.081568 0.036032 -0.409088
49.150000 -2.080895 0.098469 -0.409088
49.160000 -2.079599 0.160877 -0.409088
49.170000 -2.077678 0.223236 -0.409088
49.180000 -2.075134 0.285528 -0.409088
49.190000 -2.071967 0.347735 -0.409088
49.200000 -2.068179 0.409837 -0.409088
49.210000 -2.063771 0.471816 -0.409088
49.220000 -2.058743 0.533654 -0.409088
49.230000 -2.053098 0.595331 -0.409089
49.240000 -2.046836 0.656830 -0.409089
49.250000 -2.039961 0.718132 -0.409089
49.260000 -2.032474 0.779219 -0.409090
49.270000 -2.024377 0.840072 -0.409090
49.280000 -2.015672 0.900672 -0.409090
49.290000 -2.006363 0.961003 -0.409091
49.300000 -1.996452 1.021045 -0.409091
49.310000 -1.985942 1.080781 -0.409091
49.320000 -1.974837 1.140193 -0.409092
49.330000 -1.963138 1.199262 -0.409092
49.340000 -1.950851 1.257972 -0.409093
49.350000 -1.937979 1.316305 -0.409093
49.360000 -1.924525 1.374242 -0.409094
49.370000 -1.910494 1.431767 -0.409094
49.380000 -1.895890 1.488863 -0.409095
49.390000 -1.880717 1.545512 -0.409096
49.400000 -1.864980 1.601698 -0.409096
49.410000 -1.848683 1.657403 -0.409097
49.420000 -1.831832 1.712610 -0.409097
49.430000 -1.814431 1.767304 -0.409098
49.440000 -1.796485 1.821468 -0.409099
49.450000 -1.778001 1.875085 -0.409099
49.460000 -1.758984 1.928140 -0.409100
49.470000 -1.739439 1.980616 -0.409101
49.480000 -1.719371 2.032499 -0.409102
49.490000 -1.698789 2.083771 -0.409102
49.500000 -1.677696 2.134418 -0.409103
49.510000 -1.656100 2.184425 -0.409104
49.520000 -1.634008 2.233777 -0.409105
49.530000 -1.611425 2.282458 -0.409105
49.540000 -1.588358 2.330455 -0.409106
49.550000 -1.564816 2.377753 -0.409107
49.560000 -1.540803 2.424337 -0.409108
49.570000 -1.516329 2.470194 -0.409108
49.580000 -1.491399 2.515310 -0.409109
49.590000 -1.466023 2.559671 -0.409110
49.600000 -1.440206 2.603265 -0.409111
49.610000 -1.413957 2.646077 -0.409111
49.620000 -1.387284 2.688096 -0.409112
49.630000 -1.360195 2.729308 -0.409113
49.640000 -1.332698 2.769701 -0.409114
49.650000 -1.304801 2.809264 -0.409114
49.660000 -1.276513 2.847984 -0.409115
49.670000 -1.247842 2.885849 -0.409116
49.680000 -1.218796 2.922848 -0.409117
49.690000 -1.189385 2.958971 -0.409117
49.700000 -1.159617 2.994206 -0.409118
49.710000 -1.129501 3.028543 -0.409119
49.720000 -1.099046 3.061971 -0.409119
49.730000 -1.068261 3.094481 -0.409120
49.740000 -1.037156 3.126062 -0.409121
49.750000 -1.005740 3.156705 -0.409121
49.760000 -0.974022 3.186402 -0.409122
49.770000 -0.942012 3.215142 -0.409123
49.780000 -0.909719 3.242918 -0.409123
49.790000 -0.877154 3.269721 -0.409124
49.800000 -0.844325 3.295544 -0.409125
49.810000 -0.811243 3.320377 -0.409125
49.820000 -0.777917 3.344214 -0.409126
49.830000 -0.744358 3.367049 -0.409126
49.840000 -0.710576 3.388873 -0.409127
49.850000 -0.676581 3.409680 -0.409127
49.860000 -0.642383 3.429464 -0.409128
49.870000 -0.607992 3.448220 -0.409128
49.880000 -0.573418 3.465941 -0.409128
49.890000 -0.538673 3.482623 -0.409129
49.900000 -0.503766 3.498259 -0.409129
49.910000 -0.468708 3.512846 -0.409130
49.920000 -0.433509 3.526380 -0.409130
49.930000 -0.398180 3.538855 -0.409130
49.940000 -0.362732 3.550269 -0.409130
49.950000 -0.327175 3.560617 -0.409131
49.960000 -0.291519 3.569898 -0.409131
49.970000 -0.255777 3.578107 -0.409131
49.980000 -0.219957 3.585243 -0.409131
49.990000 -0.184072 3.591303 -0.409131
50.000000 -0.148131 3.596286 -0.409132
50.010000 -0.112146 3.600191 -0.409132
50.020000 -0.076127 3.603015 -0.409132
50.030000 -0.040086 3.604758 -0.409132
50.040000 -0.004032 3.605420 -0.409132
50.050000 0.032023 3.605000 -0.409132
50.060000 0.068068 3.603498 -0.409132
50.070000 0.104093 3.600916 -0.409132
50.080000 0.140086 3.597253 -0.409132
50.090000 0.176038 3.592512 -0.409132
50.100000 0.211936 3.586692 -0.409131
50.110000 0.247771 3.579796 -0.409131
50.120000 0.283532 3.571827 -0.409131
50.130000 0.319208 3.562786 -0.409131
50.140000 0.354788 3.552676 -0.409131
50.150000 0.390261 3.541500 -0.409130
50.160000 0.425618 3.529262 -0.409130
50.170000 0.460847 3.515965 -0.409130
50.180000 0.495937 3.501613 -0.409129
50.190000 0.530879 3.486211 -0.409129
50.200000 0.565661 3.469763 -0.409129
50.210000 0.600274 3.452274 -0.409128
50.220000 0.634707 3.433749 -0.409128
50.230000 0.668949 3.414194 -0.409127
50.240000 0.702991 3.393615 -0.409127
50.250000 0.736822 3.372018 -0.409126
50.260000 0.770431 3.349409 -0.409126
50.270000 0.803810 3.325795 -0.409125
50.280000 0.836947 3.301184 -0.409125
50.290000 0.869833 3.275582 -0.409124
50.300000 0.902459 3.248998 -0.409123
50.310000 0.934813 3.221439 -0.409123
50.320000 0.966888 3.192913 -0.409122
50.330000 0.998672 3.163430 -0.409122
50.340000 1.030156 3.132998 -0.409121
50.350000 1.061332 3.101625 -0.409120
50.360000 1.092189 3.069322 -0.409120
50.370000 1.122718 3.036099 -0.409119
50.380000 1.152911 3.001964 -0.409118
50.390000 1.182757 2.966929 -0.409118
50.400000 1.212249 2.931004 -0.409117
50.410000 1.241377 2.894200 -0.409116
50.420000 1.270133 2.856527 -0.409115
50.430000 1.298508 2.817998 -0.409115
50.440000 1.326493 2.778623 -0.409114
50.450000 1.354080 2.738414 -0.409113
50.460000 1.381261 2.697384 -0.409112
50.470000 1.408028 2.655545 -0.409112
50.480000 1.434372 2.612909 -0.409111
50.490000 1.460286 2.569489 -0.409110
50.500000 1.485762 2.525298 -0.409109
50.510000 1.510792 2.480350 -0.409108
50.520000 1.535369 2.434657 -0.409108
50.530000 1.559485 2.388234 -0.409107
50.540000 1.583134 2.341095 -0.409106
50.550000 1.606307 2.293254 -0.409105
50.560000 1.628999 2.244724 -0.409105
50.570000 1.651202 2.195521 -0.409104
50.580000 1.672909 2.145659 -0.409103
50.590000 1.694115 2.095154 -0.409102
50.600000 1.714812 2.044020 -0.409102
50.610000 1.734995 1.992273 -0.409101
50.620000 1.754658 1.939928 -0.409100
50.630000 1.773794 1.887001 -0.409100
50.640000 1.792398 1.833508 -0.409099
50.650000 1.810464 1.779465 -0.409098
50.660000 1.827987 1.724889 -0.409098
50.670000 1.844962 1.669794 -0.409097
50.680000 1.861383 1.614199 -0.409096
50.690000 1.877246 1.558120 -0.409096
50.700000 1.892545 1.501573 -0.409095
50.710000 1.907277 1.444576 -0.409095
50.720000 1.921437 1.387145 -0.409094
50.730000 1.935020 1.329298 -0.409094
50.740000 1.948023 1.271052 -0.409093
50.750000 1.960441 1.212426 -0.409093
50.760000 1.972271 1.153435 -0.409092
50.770000 1.983510 1.094098 -0.409092
50.780000 1.994153 1.034433 -0.409091
50.790000 2.004199 0.974458 -0.409091
50.800000 2.013643 0.914190 -0.409090
50.810000 2.022482 0.853648 -0.409090
50.820000 2.030715 0.792850 -0.409090
50.830000 2.038339 0.731815 -0.409089
50.840000 2.045352 0.670559 -0.409089
50.850000 2.051751 0.609103 -0.409089
50.860000 2.057534 0.547463 -0.409089
50.870000 2.062700 0.485660 -0.409088
50.880000 2.067247 0.423711 -0.409088
50.890000 2.071174 0.361634 -0.409088
50.900000 2.074480 0.299450 -0.409088
50.910000 2.077163 0.237175 -0.409088
50.920000 2.079223 0.174829 -0.409088
50.930000 2.080660 0.112431 -0.409088
50.940000 2.081472 0.049999 -0.409088
50.950000 2.081660 -0.012448 -0.409088
50.960000 2.081223 -0.074891 -0.409088
50.970000 2.080162 -0.137312 -0.409088
50.980000 2.078477 -0.199692 -0.409088
50.990000 2.076168 -0.262011 -0.409088
51.000000 2.073236 -0.324252 -0.409088
51.010000 2.069683 -0.386396 -0.409088
51.020000 2.065508 -0.448424 -0.409088
51.030000 2.060714 -0.510317 -0.409088
51.040000 2.055302 -0.572058 -0.409089
51.050000 2.049273 -0.633626 -0.409089
51.060000 2.042630 -0.695005 -0.409089
51.070000 2.035373 -0.756175 -0.409089
51.080000 2.027506 -0.817118 -0.409090
51.090000 2.019031 -0.877816 -0.409090
51.100000 2.009950 -0.938251 -0.409091
51.110000 2.000266 -0.998404 -0.409091
51.120000 1.989982 -1.058258 -0.409091
51.130000 1.979101 -1.117794 -0.409092
51.140000 1.967626 -1.176995 -0.409092
51.150000 1.955561 -1.235843 -0.409093
51.160000 1.942909 -1.294320 -0.409093
51.170000 1.929674 -1.352408 -0.409094
51.180000 1.915861 -1.410091 -0.409094
51.190000 1.901473 -1.467351 -0.409095
51.200000 1.886514 -1.524171 -0.409095
51.210000 1.870989 -1.580534 -0.409096
51.220000 1.854903 -1.636422 -0.409097
51.230000 1.838261 -1.691820 -0.409097
51.240000 1.821067 -1.746710 -0.409098
51.250000 1.803326 -1.801075 -0.409099
51.260000 1.785045 -1.854901 -0.409099
51.270000 1.766228 -1.908170 -0.409100
51.280000 1.746882 -1.960867 -0.409101
51.290000 1.727011 -2.012975 -0.409101
51.300000 1.706622 -2.064480 -0.409102
51.310000 1.685722 -2.115365 -0.409103
51.320000 1.664315 -2.165615 -0.409103
51.330000 1.642409 -2.215216 -0.409104
51.340000 1.620011 -2.264153 -0.409105
51.350000 1.597126 -2.312410 -0.409106
51.360000 1.573762 -2.359973 -0.409106
51.370000 1.549927 -2.406828 -0.409107
51.380000 1.525626 -2.452962 -0.409108
51.390000 1.500867 -2.498359 -0.409109
51.400000 1.475659 -2.543007 -0.409110
51.410000 1.450007 -2.586892 -0.409110
51.420000 1.423921 -2.630001 -0.409111
51.430000 1.397407 -2.672321 -0.409112
51.440000 1.370474 -2.713839 -0.409113
51.450000 1.343131 -2.754543 -0.409113
51.460000 1.315384 -2.794421 -0.409114
51.470000 1.287242 -2.833460 -0.409115
51.480000 1.258714 -2.871649 -0.409116
51.490000 1.229809 -2.908977 -0.409116
51.500000 1.200535 -2.945432 -0.409117
51.510000 1.170900 -2.981004 -0.409118
51.520000 1.140915 -3.015681 -0.409119
51.530000 1.110587 -3.049454 -0.409119
51.540000 1.079926 -3.082311 -0.409120
51.550000 1.048941 -3.114244 -0.409121
51.560000 1.017641 -3.145243 -0.409121
51.570000 0.986036 -3.175298 -0.409122
51.580000 0.954135 -3.204401 -0.409123
51.590000 0.921948 -3.232542 -0.409123
51.600000 0.889484 -3.259714 -0.409124
51.610000 0.856753 -3.285907 -0.409124
51.620000 0.823766 -3.311115 -0.409125
51.630000 0.790531 -3.335329 -0.409125
51.640000 0.757059 -3.358543 -0.409126
51.650000 0.723360 -3.380750 -0.409126
51.660000 0.689444 -3.401942 -0.409127
51.670000 0.655321 -3.422113 -0.409127
51.680000 0.621002 -3.441258 -0.409128
51.690000 0.586496 -3.459370 -0.409128
51.700000 0.551815 -3.476445 -0.409129
51.710000 0.516967 -3.492477 -0.409129
51.720000 0.481965 -3.507461 -0.409129
51.730000 0.446818 -3.521393 -0.409130
51.740000 0.411537 -3.534268 -0.409130
51.750000 0.376133 -3.546083 -0.409130
51.760000 0.340616 -3.556834 -0.409131
51.770000 0.304996 -3.566518 -0.409131
51.780000 0.269285 -3.575133 -0.409131
51.790000 0.233494 -3.582674 -0.409131
51.800000 0.197632 -3.589141 -0.409131
51.810000 0.161711 -3.594531 -0.409132
51.820000 0.125741 -3.598843 -0.409132
51.830000 0.089734 -3.602075 -0.409132
51.840000 0.053700 -3.604227 -0.409132
51.850000 0.017649 -3.605297 -0.409132
51.860000 -0.018406 -3.605286 -0.409132
51.870000 -0.054456 -3.604193 -0.409132
51.880000 -0.090490 -3.602018 -0.409132
51.890000 -0.126497 -3.598764 -0.409132
51.900000 -0.162465 -3.594429 -0.409132
51.910000 -0.198385 -3.589016 -0.409131
51.920000 -0.234246 -3.582527 -0.409131
51.930000 -0.270036 -3.574963 -0.409131
51.940000 -0.305745 -3.566326 -0.409131
51.950000 -0.341362 -3.556619 -0.409131
51.960000 -0.376877 -3.545846 -0.409130
51.970000 -0.412279 -3.534008 -0.409130
51.980000 -0.447558 -3.521111 -0.409130
51.990000 -0.482702 -3.507157 -0.409129
52.000000 -0.517701 -3.492151 -0.409129
52.010000 -0.552545 -3.476097 -0.409129
52.020000 -0.587223 -3.459001 -0.409128
52.030000 -0.621725 -3.440867 -0.409128
52.040000 -0.656040 -3.421700 -0.409127
52.050000 -0.690159 -3.401507 -0.409127
52.060000 -0.724070 -3.380294 -0.409126
52.070000 -0.757764 -3.358066 -0.409126
52.080000 -0.791231 -3.334831 -0.409125
52.090000 -0.824461 -3.310596 -0.409125
52.100000 -0.857443 -3.285367 -0.409124
52.110000 -0.890168 -3.259153 -0.409124
52.120000 -0.922626 -3.231961 -0.409123
52.130000 -0.954808 -3.203800 -0.409122
52.140000 -0.986702 -3.174677 -0.409122
52.150000 -1.018301 -3.144602 -0.409121
52.160000 -1.049594 -3.113584 -0.409121
52.170000 -1.080573 -3.081631 -0.409120
52.180000 -1.111227 -3.048754 -0.409119
52.190000 -1.141548 -3.014962 -0.409118
52.200000 -1.171526 -2.980266 -0.409118
52.210000 -1.201153 -2.944676 -0.409117
52.220000 -1.230420 -2.908202 -0.409116
52.230000 -1.259317 -2.870856 -0.409116
52.240000 -1.287837 -2.832649 -0.409115
52.250000 -1.315970 -2.793592 -0.409114
52.260000 -1.343709 -2.753697 -0.409113
52.270000 -1.371044 -2.712975 -0.409113
52.280000 -1.397968 -2.671440 -0.409112
52.290000 -1.424473 -2.629104 -0.409111
52.300000 -1.450550 -2.585978 -0.409110
52.310000 -1.476193 -2.542077 -0.409110
52.320000 -1.501392 -2.497413 -0.409109
52.330000 -1.526141 -2.452000 -0.409108
52.340000 -1.550432 -2.405852 -0.409107
52.350000 -1.574258 -2.358981 -0.409106
52.360000 -1.597612 -2.311403 -0.409106
52.370000 -1.620486 -2.263132 -0.409105
52.380000 -1.642874 -2.214182 -0.409104
52.390000 -1.664770 -2.164567 -0.409103
52.400000 -1.686166 -2.114303 -0.409103
52.410000 -1.707056 -2.063405 -0.409102
52.420000 -1.727434 -2.011887 -0.409101
52.430000 -1.747293 -1.959766 -0.409101
52.440000 -1.766629 -1.907057 -0.409100
52.450000 -1.785435 -1.853777 -0.409099
52.460000 -1.803705 -1.799939 -0.409099
52.470000 -1.821433 -1.745562 -0.409098
52.480000 -1.838616 -1.690662 -0.409097
52.490000 -1.855247 -1.635254 -0.409097
52.500000 -1.871321 -1.579355 -0.409096
52.510000 -1.886834 -1.522983 -0.409095
52.520000 -1.901780 -1.466154 -0.409095
52.530000 -1.916157 -1.408885 -0.409094
52.540000 -1.929958 -1.351193 -0.409094
52.550000 -1.943181 -1.293096 -0.409093
52.560000 -1.955820 -1.234611 -0.409093
52.570000 -1.967873 -1.175755 -0.409092
52.580000 -1.979335 -1.116547 -0.409092
52.590000 -1.990204 -1.057004 -0.409091
52.600000 -2.000475 -0.997144 -0.409091
52.610000 -2.010147 -0.936985 -0.409090
52.620000 -2.019215 -0.876544 -0.409090
52.630000 -2.027678 -0.815841 -0.409090
52.640000 -2.035532 -0.754893 -0.409089
52.650000 -2.042775 -0.693718 -0.409089
52.660000 -2.049406 -0.632335 -0.409089
52.670000 -2.055422 -0.570763 -0.409089
52.680000 -2.060821 -0.509019 -0.409088
52.690000 -2.065603 -0.447123 -0.409088
52.700000 -2.069764 -0.385092 -0.409088
52.710000 -2.073304 -0.322946 -0.409088
52.720000 -2.076223 -0.260704 -0.409088
52.730000 -2.078518 -0.198382 -0.409088
52.740000 -2.080190 -0.136002 -0.409088
52.750000 -2.081238 -0.073580 -0.409088
52.760000 -2.081662 -0.011137 -0.409088
52.770000 -2.081461 0.051310 -0.409088
52.780000 -2.080636 0.113741 -0.409088
52.790000 -2.079186 0.176139 -0.409088
52.800000 -2.077113 0.238483 -0.409088
52.810000 -2.074417 0.300756 -0.409088
52.820000 -2.071098 0.362939 -0.409088
52.830000 -2.067158 0.425013 -0.409088
52.840000 -2.062598 0.486959 -0.409088
52.850000 -2.057419 0.548759 -0.409089
52.860000 -2.051623 0.610395 -0.409089
52.870000 -2.045211 0.671847 -0.409089
52.880000 -2.038186 0.733098 -0.409089
52.890000 -2.030549 0.794129 -0.409090
52.900000 -2.022303 0.854922 -0.409090
52.910000 -2.013450 0.915459 -0.409090
52.920000 -2.003994 0.975720 -0.409091
52.930000 -1.993936 1.035689 -0.409091
52.940000 -1.983280 1.095347 -0.409092
52.950000 -1.972029 1.154677 -0.409092
52.960000 -1.960186 1.213660 -0.409093
52.970000 -1.947756 1.272279 -0.409093
52.980000 -1.934741 1.330517 -0.409094
52.990000 -1.921146 1.388355 -0.409094
53.000000 -1.906974 1.445777 -0.409095
53.010000 -1.892230 1.502765 -0.409095
53.020000 -1.876919 1.559302 -0.409096
53.030000 -1.861044 1.615372 -0.409096
53.040000 -1.844611 1.670956 -0.409097
53.050000 -1.827625 1.726040 -0.409098
53.060000 -1.810090 1.780606 -0.409098
53.070000 -1.792013 1.834637 -0.409099
53.080000 -1.773398 1.888118 -0.409100
53.090000 -1.754250 1.941033 -0.409100
53.100000 -1.734577 1.993366 -0.409101
53.110000 -1.714383 2.045100 -0.409102
53.120000 -1.693675 2.096221 -0.409102
53.130000 -1.672459 2.146713 -0.409103
53.140000 -1.650741 2.196561 -0.409104
53.150000 -1.628527 2.245750 -0.409105
53.160000 -1.605826 2.294265 -0.409105
53.170000 -1.582642 2.342092 -0.409106
53.180000 -1.558984 2.389217 -0.409107
53.190000 -1.534858 2.435624 -0.409108
53.200000 -1.510271 2.481301 -0.409108
53.210000 -1.485232 2.526234 -0.409109
53.220000 -1.459747 2.570408 -0.409110
53.230000 -1.433824 2.613812 -0.409111
53.240000 -1.407470 2.656431 -0.409112
53.250000 -1.380695 2.698254 -0.409112
53.260000 -1.353505 2.739267 -0.409113
53.270000 -1.325910 2.779458 -0.409114
53.280000 -1.297916 2.818815 -0.409115
53.290000 -1.269533 2.857327 -0.409115
53.300000 -1.240770 2.894982 -0.409116
53.310000 -1.211634 2.931768 -0.409117
53.320000 -1.182134 2.967674 -0.409118
53.330000 -1.152280 3.002690 -0.409118
53.340000 -1.122080 3.036806 -0.409119
53.350000 -1.091544 3.070010 -0.409120
53.360000 -1.060680 3.102294 -0.409120
53.370000 -1.029498 3.133646 -0.409121
53.380000 -0.998007 3.164059 -0.409122
53.390000 -0.966217 3.193522 -0.409122
53.400000 -0.934137 3.222028 -0.409123
53.410000 -0.901776 3.249566 -0.409124
53.420000 -0.869146 3.276130 -0.409124
53.430000 -0.836254 3.301711 -0.409125
53.440000 -0.803111 3.326302 -0.409125
53.450000 -0.769728 3.349894 -0.409126
53.460000 -0.736113 3.372482 -0.409126
53.470000 -0.702278 3.394058 -0.409127
53.480000 -0.668232 3.414615 -0.409127
53.490000 -0.633986 3.434149 -0.409128
53.500000 -0.599549 3.452652 -0.409128
53.510000 -0.564933 3.470119 -0.409129
53.520000 -0.530147 3.486545 -0.409129
53.530000 -0.495202 3.501925 -0.409129
53.540000 -0.460108 3.516255 -0.409130
53.550000 -0.424877 3.529530 -0.409130
53.560000 -0.389518 3.541746 -0.409130
53.570000 -0.354042 3.552899 -0.409131
53.580000 -0.318460 3.562986 -0.409131
53.590000 -0.282782 3.572005 -0.409131
53.600000 -0.247020 3.579952 -0.409131
53.610000 -0.211183 3.586825 -0.409131
53.620000 -0.175283 3.592622 -0.409132
53.630000 -0.139331 3.597341 -0.409132
53.640000 -0.103336 3.600981 -0.409132
53.650000 -0.067311 3.603541 -0.409132
53.660000 -0.031266 3.605020 -0.409132
53.670000 0.004789 3.605417 -0.409132
53.680000 0.040843 3.604732 -0.409132
53.690000 0.076884 3.602967 -0.409132
53.700000 0.112902 3.600120 -0.409132
53.710000 0.148886 3.596193 -0.409132
53.720000 0.184826 3.591187 -0.409131
53.730000 0.220710 3.585104 -0.409131
53.740000 0.256528 3.577946 -0.409131
53.750000 0.292269 3.569714 -0.409131
53.760000 0.327922 3.560411 -0.409131
53.770000 0.363477 3.550040 -0.409130
53.780000 0.398923 3.538604 -0.409130
53.790000 0.434249 3.526106 -0.409130
53.800000 0.469445 3.512551 -0.409130
53.810000 0.504500 3.497942 -0.409129
53.820000 0.539404 3.482283 -0.409129
53.830000 0.574146 3.465580 -0.409128
53.840000 0.608716 3.447837 -0.409128
53.850000 0.643103 3.429060 -0.409128
53.860000 0.677297 3.409254 -0.409127
53.870000 0.711288 3.388425 -0.409127
53.880000 0.745065 3.366580 -0.409126
53.890000 0.778619 3.343724 -0.409126
53.900000 0.811940 3.319866 -0.409125
53.910000 0.845017 3.295012 -0.409125
53.920000 0.877840 3.269169 -0.409124
53.930000 0.910400 3.242345 -0.409123
53.940000 0.942687 3.214549 -0.409123
53.950000 0.974691 3.185788 -0.409122
53.960000 1.006403 3.156072 -0.409121
53.970000 1.037812 3.125408 -0.409121
53.980000 1.068911 3.093808 -0.409120
53.990000 1.099689 3.061279 -0.409119
54.000000 1.130136 3.027831 -0.409119
54.010000 1.160245 2.993476 -0.409118
54.020000 1.190006 2.958222 -0.409117
54.030000 1.219410 2.922081 -0.409117
54.040000 1.248448 2.885063 -0.409116
54.050000 1.277111 2.847179 -0.409115
54.060000 1.305391 2.808442 -0.409114
54.070000 1.333280 2.768862 -0.409114
54.080000 1.360768 2.728451 -0.409113
54.090000 1.387849 2.687222 -0.409112
54.100000 1.414513 2.645186 -0.409111
54.110000 1.440753 2.602357 -0.409111
54.120000 1.466560 2.558748 -0.409110
54.130000 1.491927 2.514370 -0.409109
54.140000 1.516847 2.469239 -0.409108
54.150000 1.541312 2.423366 -0.409108
54.160000 1.565315 2.376767 -0.409107
54.170000 1.588848 2.329454 -0.409106
54.180000 1.611904 2.281443 -0.409105
54.190000 1.634476 2.232747 -0.409104
54.200000 1.656559 2.183382 -0.409104
54.210000 1.678144 2.133361 -0.409103
54.220000 1.699226 2.082701 -0.409102
54.230000 1.719798 2.031416 -0.409102
54.240000 1.739854 1.979521 -0.409101
54.250000 1.759389 1.927032 -0.409100
54.260000 1.778395 1.873965 -0.409099
54.270000 1.796868 1.820336 -0.409099
54.280000 1.814802 1.766161 -0.409098
54.290000 1.832191 1.711456 -0.409097
54.300000 1.849031 1.656238 -0.409097
54.310000 1.865316 1.600523 -0.409096
54.320000 1.881041 1.544328 -0.409096
54.330000 1.896202 1.487669 -0.409095
54.340000 1.910795 1.430564 -0.409094
54.350000 1.924814 1.373030 -0.409094
54.360000 1.938255 1.315084 -0.409093
54.370000 1.951115 1.256743 -0.409093
54.380000 1.963390 1.198026 -0.409092
54.390000 1.975076 1.138949 -0.409092
54.400000 1.986169 1.079530 -0.409091
54.410000 1.996666 1.019787 -0.409091
54.420000 2.006565 0.959739 -0.409091
54.430000 2.015861 0.899403 -0.409090
54.440000 2.024553 0.838796 -0.409090
54.450000 2.032637 0.777939 -0.409090
54.460000 2.040112 0.716847 -0.409089
54.470000 2.046974 0.655541 -0.409089
54.480000 2.053222 0.594038 -0.409089
54.490000 2.058855 0.532357 -0.409088
54.500000 2.063870 0.470516 -0.409088
54.510000 2.068265 0.408534 -0.409088
54.520000 2.072040 0.346429 -0.409088
54.530000 2.075194 0.284221 -0.409088
54.540000 2.077725 0.221927 -0.409088
54.550000 2.079632 0.159567 -0.409088
54.560000 2.080916 0.097159 -0.409088
54.570000 2.081575 0.034721 -0.409088
54.580000 2.081610 -0.027727 -0.409088
54.590000 2.081021 -0.090166 -0.409088
54.600000 2.079807 -0.152578 -0.409088
54.610000 2.077969 -0.214945 -0.409088
54.620000 2.075508 -0.277247 -0.409088
54.630000 2.072424 -0.339466 -0.409088
54.640000 2.068719 -0.401583 -0.409088
54.650000 2.064393 -0.463580 -0.409088
54.660000 2.059447 -0.525438 -0.409088
54.670000 2.053884 -0.587138 -0.409089
54.680000 2.047705 -0.648661 -0.409089
54.690000 2.040911 -0.709991 -0.409089
54.700000 2.033505 -0.771107 -0.409090
54.710000 2.025489 -0.831992 -0.409090
54.720000 2.016865 -0.892627 -0.409090
54.730000 2.007636 -0.952995 -0.409091
54.740000 1.997805 -1.013076 -0.409091
54.750000 1.987375 -1.072854 -0.409091
54.760000 1.976348 -1.132310 -0.409092
54.770000 1.964728 -1.191426 -0.409092
54.780000 1.952519 -1.250185 -0.409093
54.790000 1.939725 -1.308568 -0.409093
54.800000 1.926348 -1.366559 -0.409094
54.810000 1.912393 -1.424141 -0.409094
54.820000 1.897865 -1.481294 -0.409095
54.830000 1.882768 -1.538004 -0.409096
54.840000 1.867105 -1.594252 -0.409096
54.850000 1.850883 -1.650022 -0.409097
54.860000 1.834105 -1.705297 -0.409097
54.870000 1.816777 -1.760060 -0.409098
54.880000 1.798904 -1.814295 -0.409099
54.890000 1.780491 -1.867986 -0.409099
54.900000 1.761544 -1.921116 -0.409100
54.910000 1.742068 -1.973671 -0.409101
54.920000 1.722070 -2.025633 -0.409101
54.930000 1.701556 -2.076987 -0.409102
54.940000 1.680531 -2.127718 -0.409103
54.950000 1.659001 -2.177811 -0.409104
54.960000 1.636974 -2.227251 -0.409104
54.970000 1.614456 -2.276023 -0.409105
54.980000 1.591454 -2.324111 -0.409106
54.990000 1.567974 -2.371503 -0.409107
55.000000 1.544024 -2.418183 -0.409107
55.010000 1.519610 -2.464137 -0.409108
55.020000 1.494741 -2.509352 -0.409109
55.030000 1.469423 -2.553815 -0.409110
55.040000 1.443665 -2.597511 -0.409111
55.050000 1.417473 -2.640428 -0.409111
55.060000 1.390856 -2.682553 -0.409112
55.070000 1.363822 -2.723873 -0.409113
55.080000 1.336379 -2.764376 -0.409114
55.090000 1.308535 -2.804050 -0.409114
55.100000 1.280298 -2.842883 -0.409115
55.110000 1.251677 -2.880862 -0.409116
55.120000 1.222681 -2.917978 -0.409117
55.130000 1.193317 -2.954217 -0.409117
55.140000 1.163596 -2.989571 -0.409118
55.150000 1.133526 -3.024028 -0.409119
55.160000 1.103116 -3.057578 -0.409119
55.170000 1.072374 -3.090210 -0.409120
55.180000 1.041311 -3.121915 -0.409121
55.190000 1.009936 -3.152684 -0.409121
55.200000 0.978258 -3.182507 -0.409122
55.210000 0.946286 -3.211375 -0.409123
55.220000 0.914030 -3.239280 -0.409123
55.230000 0.881500 -3.266213 -0.409124
55.240000 0.848706 -3.292166 -0.409124
55.250000 0.815657 -3.317131 -0.409125
55.260000 0.782363 -3.341102 -0.409126
55.270000 0.748835 -3.364070 -0.409126
55.280000 0.715082 -3.386028 -0.409127
55.290000 0.681114 -3.406971 -0.409127
55.300000 0.646943 -3.426892 -0.409128
55.310000 0.612577 -3.445785 -0.409128
55.320000 0.578027 -3.463644 -0.409128
55.330000 0.543304 -3.480464 -0.409129
55.340000 0.508418 -3.496240 -0.409129
55.350000 0.473379 -3.510967 -0.409130
55.360000 0.438198 -3.524640 -0.409130
55.370000 0.402886 -3.537257 -0.409130
55.380000 0.367453 -3.548812 -0.409130
55.390000 0.331910 -3.559302 -0.409131
55.400000 0.296267 -3.568725 -0.409131
55.410000 0.260535 -3.577077 -0.409131
55.420000 0.224726 -3.584356 -0.409131
55.430000 0.188848 -3.590559 -0.409131
55.440000 0.152914 -3.595686 -0.409132
55.450000 0.116935 -3.599734 -0.409132
55.460000 0.080920 -3.602701 -0.409132
55.470000 0.044881 -3.604588 -0.409132
55.480000 0.008828 -3.605394 -0.409132
55.490000 -0.027227 -3.605118 -0.409132
55.500000 -0.063274 -3.603761 -0.409132
55.510000 -0.099303 -3.601322 -0.409132
55.520000 -0.135301 -3.597803 -0.409132
55.530000 -0.171259 -3.593204 -0.409132
55.540000 -0.207165 -3.587528 -0.409131
55.550000 -0.243009 -3.580775 -0.409131
55.560000 -0.278780 -3.572949 -0.409131
55.570000 -0.314468 -3.564050 -0.409131
55.580000 -0.350061 -3.554082 -0.409131
55.590000 -0.385550 -3.543048 -0.409130
55.600000 -0.420922 -3.530951 -0.409130
55.610000 -0.456169 -3.517794 -0.409130
55.620000 -0.491278 -3.503583 -0.409129
55.630000 -0.526240 -3.488320 -0.409129
55.640000 -0.561045 -3.472011 -0.409129
55.650000 -0.595681 -3.454660 -0.409128
55.660000 -0.630138 -3.436272 -0.409128
55.670000 -0.664406 -3.416854 -0.409127
55.680000 -0.698475 -3.396411 -0.409127
55.690000 -0.732334 -3.374949 -0.409126
55.700000 -0.765974 -3.352474 -0.409126
55.710000 -0.799384 -3.328994 -0.409125
55.720000 -0.832554 -3.304515 -0.409125
55.730000 -0.865474 -3.279044 -0.409124
55.740000 -0.898135 -3.252590 -0.409124
55.750000 -0.930526 -3.225160 -0.409123
55.760000 -0.962638 -3.196763 -0.409122
55.770000 -0.994461 -3.167406 -0.409122
55.780000 -1.025986 -3.137100 -0.409121
55.790000 -1.057203 -3.105852 -0.409120
55.800000 -1.088103 -3.073672 -0.409120
55.810000 -1.118677 -3.040571 -0.409119
55.820000 -1.148914 -3.006557 -0.409118
55.830000 -1.178808 -2.971641 -0.409118
55.840000 -1.208347 -2.935834 -0.409117
55.850000 -1.237524 -2.899146 -0.409116
55.860000 -1.266330 -2.861588 -0.409115
55.870000 -1.294756 -2.823171 -0.409115
55.880000 -1.322794 -2.783908 -0.409114
55.890000 -1.350434 -2.743810 -0.409113
55.900000 -1.377670 -2.702888 -0.409112
55.910000 -1.404492 -2.661156 -0.409112
55.920000 -1.430893 -2.618625 -0.409111
55.930000 -1.456865 -2.575309 -0.409110
55.940000 -1.482399 -2.531220 -0.409109
55.950000 -1.507489 -2.486371 -0.409109
55.960000 -1.532127 -2.440777 -0.409108
55.970000 -1.556305 -2.394451 -0.409107
55.980000 -1.580016 -2.347406 -0.409106
55.990000 -1.603253 -2.299657 -0.409106
56.000000 -1.626009 -2.251218 -0.409105
56.010000 -1.648277 -2.202104 -0.409104
56.020000 -1.670051 -2.152329 -0.409103
56.030000 -1.691324 -2.101908 -0.409103
56.040000 -1.712089 -2.050857 -0.409102
56.050000 -1.732341 -1.999190 -0.409101
56.060000 -1.752073 -1.946924 -0.409100
56.070000 -1.771279 -1.894074 -0.409100
56.080000 -1.789954 -1.840655 -0.409099
56.090000 -1.808092 -1.786685 -0.409098
56.100000 -1.825688 -1.732178 -0.409098
56.110000 -1.842736 -1.677152 -0.409097
56.120000 -1.859231 -1.621622 -0.409096
56.130000 -1.875168 -1.565606 -0.409096
56.140000 -1.890543 -1.509121 -0.409095
56.150000 -1.905351 -1.452182 -0.409095
56.160000 -1.919587 -1.394808 -0.409094
56.170000 -1.933247 -1.337016 -0.409094
56.180000 -1.946327 -1.278822 -0.409093
56.190000 -1.958823 -1.220245 -0.409093
56.200000 -1.970732 -1.161301 -0.409092
56.210000 -1.982049 -1.102010 -0.409092
56.220000 -1.992772 -1.042387 -0.409091
56.230000 -2.002897 -0.982452 -0.409091
56.240000 -2.012421 -0.922223 -0.409090
56.250000 -2.021342 -0.861716 -0.409090
56.260000 -2.029655 -0.800951 -0.409090
56.270000 -2.037361 -0.739946 -0.409089
56.280000 -2.044454 -0.678719 -0.409089
56.290000 -2.050935 -0.617288 -0.409089
56.300000 -2.056800 -0.555672 -0.409089
56.310000 -2.062048 -0.493889 -0.409088
56.320000 -2.066678 -0.431958 -0.409088
56.330000 -2.070688 -0.369898 -0.409088
56.340000 -2.074076 -0.307726 -0.409088
56.350000 -2.076842 -0.245462 -0.409088
56.360000 -2.078985 -0.183125 -0.409088
56.370000 -2.080505 -0.120733 -0.409088
56.380000 -2.081400 -0.058304 -0.409088
56.390000 -2.081671 0.004142 -0.409087
56.400000 -2.081317 0.066587 -0.409088
56.410000 -2.080339 0.129012 -0.409088
56.420000 -2.078737 0.191398 -0.409088
56.430000 -2.076511 0.253726 -0.409088
56.440000 -2.073662 0.315979 -0.409088
56.450000 -2.070191 0.378137 -0.409088
56.460000 -2.066099 0.440181 -0.409088
56.470000 -2.061388 0.502093 -0.409088
56.480000 -2.056058 0.563855 -0.409089
56.490000 -2.050111 0.625448 -0.409089
56.500000 -2.043549 0.686853 -0.409089
56.510000 -2.036374 0.748051 -0.409089
56.520000 -2.028588 0.809026 -0.409090
56.530000 -2.020193 0.869758 -0.409090
56.540000 -2.011192 0.930228 -0.409090
56.550000 -2.001588 0.990420 -0.409091
56.560000 -1.991384 1.050315 -0.409091
56.570000 -1.980582 1.109894 -0.409092
56.580000 -1.969186 1.169141 -0.409092
56.590000 -1.957199 1.228036 -0.409093
56.600000 -1.944625 1.286564 -0.409093
56.610000 -1.931468 1.344705 -0.409094
56.620000 -1.917731 1.402443 -0.409094
56.630000 -1.903419 1.459760 -0.409095
56.640000 -1.888536 1.516640 -0.409095
56.650000 -1.873086 1.573064 -0.409096
56.660000 -1.857075 1.629017 -0.409097
56.670000 -1.840506 1.684480 -0.409097
56.680000 -1.823385 1.739439 -0.409098
56.690000 -1.805717 1.793875 -0.409098
56.700000 -1.787508 1.847774 -0.409099
56.710000 -1.768762 1.901118 -0.409100
56.720000 -1.749485 1.953891 -0.409101
56.730000 -1.729684 2.006079 -0.409101
56.740000 -1.709364 2.057665 -0.409102
56.750000 -1.688531 2.108633 -0.409103
56.760000 -1.667191 2.158969 -0.409103
56.770000 -1.645351 2.208657 -0.409104
56.780000 -1.623018 2.257682 -0.409105
56.790000 -1.600198 2.306031 -0.409106
56.800000 -1.576897 2.353687 -0.409106
56.810000 -1.553124 2.400637 -0.409107
56.820000 -1.528885 2.446868 -0.409108
56.830000 -1.504187 2.492364 -0.409109
56.840000 -1.479037 2.537112 -0.409109
56.850000 -1.453444 2.581099 -0.409110
56.860000 -1.427415 2.624312 -0.409111
56.870000 -1.400958 2.666738 -0.409112
56.880000 -1.374081 2.708363 -0.409113
56.890000 -1.346791 2.749176 -0.409113
56.900000 -1.319097 2.789165 -0.409114
56.910000 -1.291008 2.828316 -0.409115
56.920000 -1.262531 2.866619 -0.409116
56.930000 -1.233675 2.904062 -0.409116
56.940000 -1.204450 2.940634 -0.409117
56.950000 -1.174863 2.976324 -0.409118
56.960000 -1.144923 3.011121 -0.409118
56.970000 -1.114640 3.045014 -0.409119
56.980000 -1.084023 3.077994 -0.409120
56.990000 -1.053080 3.110051 -0.409120
57.000000 -1.021822 3.141174 -0.409121
57.010000 -0.990257 3.171355 -0.409122
57.020000 -0.958395 3.200585 -0.409122
57.030000 -0.926245 3.228855 -0.409123
57.040000 -0.893818 3.256156 -0.409124
57.050000 -0.861122 3.282480 -0.409124
57.060000 -0.828168 3.307819 -0.409125
57.070000 -0.794966 3.332166 -0.409125
57.080000 -0.761525 3.355514 -0.409126
57.090000 -0.727855 3.377854 -0.409126
57.100000 -0.693968 3.399182 -0.409127
57.110000 -0.659872 3.419489 -0.409127
57.120000 -0.625578 3.438771 -0.409128
57.130000 -0.591096 3.457021 -0.409128
57.140000 -0.556437 3.474234 -0.409129
57.150000 -0.521612 3.490405 -0.409129
57.160000 -0.486629 3.505528 -0.409129
57.170000 -0.451501 3.519600 -0.409130
57.180000 -0.416237 3.532616 -0.409130
57.190000 -0.380849 3.544573 -0.409130
57.200000 -0.345346 3.555466 -0.409131
57.210000 -0.309739 3.565292 -0.409131
57.220000 -0.274040 3.574049 -0.409131
57.230000 -0.238258 3.581733 -0.409131
57.240000 -0.202405 3.588343 -0.409131
57.250000 -0.166491 3.593876 -0.409132
57.260000 -0.130528 3.598332 -0.409132
57.270000 -0.094525 3.601708 -0.409132
57.280000 -0.058494 3.604003 -0.409132
57.290000 -0.022445 3.605217 -0.409132
57.300000 0.013611 3.605349 -0.409132
57.310000 0.049662 3.604400 -0.409132
57.320000 0.085699 3.602370 -0.409132
57.330000 0.121710 3.599259 -0.409132
57.340000 0.157684 3.595068 -0.409132
57.350000 0.193611 3.589798 -0.409131
57.360000 0.229480 3.583452 -0.409131
57.370000 0.265280 3.576031 -0.409131
57.380000 0.301001 3.567536 -0.409131
57.390000 0.336631 3.557972 -0.409131
57.400000 0.372160 3.547340 -0.409130
57.410000 0.407578 3.535644 -0.409130
57.420000 0.442873 3.522887 -0.409130
57.430000 0.478035 3.509074 -0.409129
57.440000 0.513054 3.494207 -0.409129
57.450000 0.547919 3.478293 -0.409129
57.460000 0.582620 3.461335 -0.409128
57.470000 0.617146 3.443338 -0.409128
57.480000 0.651487 3.424309 -0.409127
57.490000 0.685632 3.404252 -0.409127
57.500000 0.719572 3.383174 -0.409127
57.510000 0.753296 3.361081 -0.409126
57.520000 0.786794 3.337979 -0.409125
57.530000 0.820055 3.313877 -0.409125
57.540000 0.853071 3.288780 -0.409124
57.550000 0.885831 3.262696 -0.409124
57.560000 0.918325 3.235634 -0.409123
57.570000 0.950544 3.207601 -0.409123
57.580000 0.982477 3.178606 -0.409122
57.590000 1.014116 3.148657 -0.409121
57.600000 1.045450 3.117763 -0.409121
57.610000 1.076471 3.085934 -0.409120
57.620000 1.107169 3.053180 -0.409119
57.630000 1.137535 3.019509 -0.409119
57.640000 1.167559 2.984933 -0.409118
57.650000 1.197233 2.949461 -0.409117
57.660000 1.226548 2.913104 -0.409116
57.670000 1.255495 2.875874 -0.409116
57.680000 1.284066 2.837780 -0.409115
57.690000 1.312251 2.798835 -0.409114
57.700000 1.340042 2.759051 -0.409113
57.710000 1.367432 2.718439 -0.409113
57.720000 1.394411 2.677011 -0.409112
57.730000 1.420972 2.634781 -0.409111
57.740000 1.447107 2.591759 -0.409110
57.750000 1.472807 2.547961 -0.409110
57.760000 1.498066 2.503398 -0.409109
57.770000 1.522875 2.458083 -0.409108
57.780000 1.547228 2.412032 -0.409107
57.790000 1.571116 2.365257 -0.409107
57.800000 1.594533 2.317772 -0.409106
57.810000 1.617471 2.269592 -0.409105
57.820000 1.639925 2.220731 -0.409104
57.830000 1.661886 2.171204 -0.409104
57.840000 1.683349 2.121025 -0.409103
57.850000 1.704307 2.070210 -0.409102
57.860000 1.724753 2.018775 -0.409101
57.870000 1.744682 1.966733 -0.409101
57.880000 1.764088 1.914101 -0.409100
57.890000 1.782964 1.860896 -0.409099
57.900000 1.801306 1.807132 -0.409099
57.910000 1.819107 1.752825 -0.409098
57.920000 1.836362 1.697993 -0.409097
57.930000 1.853067 1.642652 -0.409097
57.940000 1.869215 1.586818 -0.409096
57.950000 1.884803 1.530508 -0.409095
57.960000 1.899825 1.473738 -0.409095
57.970000 1.914278 1.416527 -0.409094
57.980000 1.928156 1.358890 -0.409094
57.990000 1.941455 1.300846 -0.409093
58.000000 1.954173 1.242411 -0.409093
58.010000 1.966304 1.183604 -0.409092
58.020000 1.977845 1.124442 -0.409092
58.030000 1.988793 1.064943 -0.409091
58.040000 1.999144 1.005123 -0.409091
58.050000 2.008895 0.945003 -0.409091
58.060000 2.018044 0.884599 -0.409090
58.070000 2.026587 0.823929 -0.409090
58.080000 2.034522 0.763013 -0.409089
58.090000 2.041847 0.701867 -0.409089
58.100000 2.048560 0.640511 -0.409089
58.110000 2.054657 0.578963 -0.409089
58.120000 2.060139 0.517241 -0.409088
58.130000 2.065002 0.455364 -0.409088
58.140000 2.069246 0.393350 -0.409088
58.150000 2.072869 0.331218 -0.409088
58.160000 2.075871 0.268987 -0.409088
58.170000 2.078249 0.206675 -0.409088
58.180000 2.080004 0.144302 -0.409088
58.190000 2.081135 0.081885 -0.409088
58.200000 2.081642 0.019443 -0.409088
58.210000 2.081524 -0.043005 -0.409088
58.220000 2.080782 -0.105439 -0.409088
58.230000 2.079415 -0.167842 -0.409088
58.240000 2.077425 -0.230195 -0.409088
58.250000 2.074811 -0.292478 -0.409088
58.260000 2.071575 -0.354674 -0.409088
58.270000 2.067718 -0.416763 -0.409088
58.280000 2.063240 -0.478728 -0.409088
58.290000 2.058143 -0.540549 -0.409088
58.300000 2.052429 -0.602207 -0.409089
58.310000 2.046099 -0.663685 -0.409089
58.320000 2.039155 -0.724964 -0.409089
58.330000 2.031600 -0.786025 -0.409090
58.340000 2.023435 -0.846851 -0.409090
58.350000 2.014663 -0.907422 -0.409090
58.360000 2.005286 -0.967721 -0.409091
58.370000 1.995308 -1.027730 -0.409091
58.380000 1.984732 -1.087431 -0.409092
58.390000 1.973560 -1.146805 -0.409092
58.400000 1.961796 -1.205836 -0.409092
58.410000 1.949443 -1.264504 -0.409093
58.420000 1.936506 -1.322793 -0.409093
58.430000 1.922987 -1.380686 -0.409094
58.440000 1.908892 -1.438164 -0.409095
58.450000 1.894224 -1.495211 -0.409095
58.460000 1.878988 -1.551809 -0.409096
58.470000 1.863188 -1.607942 -0.409096
58.480000 1.846829 -1.663592 -0.409097
58.490000 1.829916 -1.718743 -0.409098
58.500000 1.812454 -1.773379 -0.409098
58.510000 1.794448 -1.827482 -0.409099
58.520000 1.775904 -1.881037 -0.409100
58.530000 1.756828 -1.934028 -0.409100
58.540000 1.737224 -1.986439 -0.409101
58.550000 1.717099 -2.038254 -0.409102
58.560000 1.696459 -2.089457 -0.409102
58.570000 1.675310 -2.140034 -0.409103
58.580000 1.653658 -2.189968 -0.409104
58.590000 1.631510 -2.239246 -0.409105
58.600000 1.608873 -2.287852 -0.409105
58.610000 1.585753 -2.335771 -0.409106
58.620000 1.562158 -2.382990 -0.409107
58.630000 1.538093 -2.429493 -0.409108
58.640000 1.513568 -2.475268 -0.409108
58.650000 1.488588 -2.520301 -0.409109
58.660000 1.463162 -2.564577 -0.409110
58.670000 1.437296 -2.608084 -0.409111
58.680000 1.411000 -2.650808 -0.409111
58.690000 1.384280 -2.692737 -0.409112
58.700000 1.357145 -2.733859 -0.409113
58.710000 1.329603 -2.774160 -0.409114
58.720000 1.301662 -2.813629 -0.409114
58.730000 1.273331 -2.852254 -0.409115
58.740000 1.244617 -2.890023 -0.409116
58.750000 1.215530 -2.926925 -0.409117
58.760000 1.186079 -2.962949 -0.409117
58.770000 1.156271 -2.998085 -0.409118
58.780000 1.126117 -3.032321 -0.409119
58.790000 1.095625 -3.065647 -0.409120
58.800000 1.064804 -3.098053 -0.409120
58.810000 1.033664 -3.129530 -0.409121
58.820000 1.002213 -3.160068 -0.409122
58.830000 0.970462 -3.189658 -0.409122
58.840000 0.938420 -3.218292 -0.409123
58.850000 0.906096 -3.245959 -0.409123
58.860000 0.873501 -3.272653 -0.409124
58.870000 0.840643 -3.298366 -0.409125
58.880000 0.807534 -3.323088 -0.409125
58.890000 0.774182 -3.346814 -0.409126
58.900000 0.740597 -3.369536 -0.409126
58.910000 0.706791 -3.391246 -0.409127
58.920000 0.672772 -3.411940 -0.409127
58.930000 0.638552 -3.431610 -0.409128
58.940000 0.604140 -3.450250 -0.409128
58.950000 0.569547 -3.467855 -0.409129
58.960000 0.534783 -3.484420 -0.409129
58.970000 0.499859 -3.499940 -0.409129
58.980000 0.464784 -3.514410 -0.409130
58.990000 0.429571 -3.527825 -0.409130
59.000000 0.394228 -3.540182 -0.409130
59.010000 0.358767 -3.551477 -0.409131
59.020000 0.323198 -3.561706 -0.409131
59.030000 0.287533 -3.570867 -0.409131
59.040000 0.251781 -3.578957 -0.409131
59.050000 0.215954 -3.585973 -0.409131
59.060000 0.180061 -3.591913 -0.409131
59.070000 0.144115 -3.596776 -0.409132
59.080000 0.108126 -3.600560 -0.409132
59.090000 0.072104 -3.603263 -0.409132
59.100000 0.036061 -3.604885 -0.409132
59.110000 0.000006 -3.605426 -0.409132
59.120000 -0.036048 -3.604886 -0.409132
59.130000 -0.072091 -3.603264 -0.409132
59.140000 -0.108113 -3.600561 -0.409132
59.150000 -0.144103 -3.596777 -0.409132
59.160000 -0.180049 -3.591915 -0.409131
59.170000 -0.215941 -3.585975 -0.409131
59.180000 -0.251768 -3.578960 -0.409131
59.190000 -0.287520 -3.570870 -0.409131
59.200000 -0.323186 -3.561710 -0.409131
59.210000 -0.358754 -3.551481 -0.409131
59.220000 -0.394215 -3.540186 -0.409130
59.230000 -0.429558 -3.527830 -0.409130
59.240000 -0.464772 -3.514415 -0.409130
59.250000 -0.499846 -3.499945 -0.409129
59.260000 -0.534771 -3.484426 -0.409129
59.270000 -0.569535 -3.467862 -0.409129
59.280000 -0.604128 -3.450257 -0.409128
59.290000 -0.638540 -3.431617 -0.409128
59.300000 -0.672760 -3.411947 -0.409127
59.310000 -0.706779 -3.391254 -0.409127
59.320000 -0.740585 -3.369544 -0.409126
59.330000 -0.774170 -3.346822 -0.409126
59.340000 -0.807522 -3.323097 -0.409125
59.350000 -0.840632 -3.298375 -0.409125
59.360000 -0.873489 -3.272663 -0.409124
59.370000 -0.906085 -3.245969 -0.409123
59.380000 -0.938409 -3.218302 -0.409123
59.390000 -0.970451 -3.189669 -0.409122
59.400000 -1.002202 -3.160079 -0.409122
59.410000 -1.033652 -3.129541 -0.409121
59.420000 -1.064793 -3.098065 -0.409120
59.430000 -1.095614 -3.065658 -0.409120
59.440000 -1.126106 -3.032333 -0.409119
59.450000 -1.156260 -2.998097 -0.409118
59.460000 -1.186068 -2.962962 -0.409117
59.470000 -1.215520 -2.926938 -0.409117
59.480000 -1.244607 -2.890036 -0.409116
59.490000 -1.273320 -2.852268 -0.409115
59.500000 -1.301652 -2.813643 -0.409114
59.510000 -1.329593 -2.774174 -0.409114
59.520000 -1.357136 -2.733873 -0.409113
59.530000 -1.384271 -2.692752 -0.409112
59.540000 -1.410991 -2.650823 -0.409111
59.550000 -1.437287 -2.608099 -0.409111
59.560000 -1.463153 -2.564593 -0.409110
59.570000 -1.488579 -2.520317 -0.409109
59.580000 -1.513559 -2.475285 -0.409108
59.590000 -1.538085 -2.429510 -0.409108
59.600000 -1.562149 -2.383006 -0.409107
59.610000 -1.585745 -2.335788 -0.409106
59.620000 -1.608865 -2.287869 -0.409105
59.630000 -1.631502 -2.239263 -0.409105
59.640000 -1.653650 -2.189986 -0.409104
59.650000 -1.675302 -2.140052 -0.409103
59.660000 -1.696451 -2.089475 -0.409102
59.670000 -1.717091 -2.038272 -0.409102
59.680000 -1.737217 -1.986458 -0.409101
59.690000 -1.756821 -1.934047 -0.409100
59.700000 -1.775898 -1.881056 -0.409100
59.710000 -1.794442 -1.827501 -0.409099
59.720000 -1.812448 -1.773398 -0.409098
59.730000 -1.829910 -1.718763 -0.409098
59.740000 -1.846823 -1.663612 -0.409097
59.750000 -1.863182 -1.607962 -0.409096
59.760000 -1.878982 -1.551829 -0.409096
59.770000 -1.894219 -1.495231 -0.409095
59.780000 -1.908887 -1.438184 -0.409095
59.790000 -1.922982 -1.380706 -0.409094
59.800000 -1.936501 -1.322814 -0.409093
59.810000 -1.949438 -1.264525 -0.409093
59.820000 -1.961791 -1.205857 -0.409092
59.830000 -1.973556 -1.146826 -0.409092
59.840000 -1.984728 -1.087452 -0.409092
59.850000 -1.995305 -1.027752 -0.409091
59.860000 -2.005283 -0.967743 -0.409091
59.870000 -2.014660 -0.907444 -0.409090
59.880000 -2.023432 -0.846872 -0.409090
59.890000 -2.031597 -0.786047 -0.409090
59.900000 -2.039153 -0.724986 -0.409089
59.910000 -2.046097 -0.663707 -0.409089
59.920000 -2.052427 -0.602229 -0.409089
59.930000 -2.058141 -0.540571 -0.409088
59.940000 -2.063238 -0.478750 -0.409088
59.950000 -2.067716 -0.416786 -0.409088
59.960000 -2.071574 -0.354696 -0.409088
59.970000 -2.074810 -0.292500 -0.409088
59.980000 -2.077424 -0.230217 -0.409088
59.990000 -2.079415 -0.167864 -0.409088
60.000000 -2.080781 -0.105461 -0.409088
60.010000 -2.081524 -0.043027 -0.409088
60.020000 -2.081642 0.019421 -0.409088
60.030000 -2.081135 0.081862 -0.409088
60.040000 -2.080005 0.144279 -0.409088
60.050000 -2.078250 0.206653 -0.409088
60.060000 -2.075871 0.268965 -0.409088
60.070000 -2.072870 0.331196 -0.409088
60.080000 -2.069248 0.393328 -0.409088
60.090000 -2.065004 0.455342 -0.409088
60.100000 -2.060141 0.517219 -0.409088
60.110000 -2.054660 0.578941 -0.409089
60.120000 -2.048562 0.640489 -0.409089
60.130000 -2.041850 0.701845 -0.409089
60.140000 -2.034525 0.762991 -0.409089
60.150000 -2.026590 0.823908 -0.409090
60.160000 -2.018047 0.884577 -0.409090
60.170000 -2.008898 0.944981 -0.409091
60.180000 -1.999147 1.005102 -0.409091
60.190000 -1.988796 1.064921 -0.409091
60.200000 -1.977849 1.124421 -0.409092
60.210000 -1.966308 1.183583 -0.409092
60.220000 -1.954177 1.242391 -0.409093
60.230000 -1.941460 1.300825 -0.409093
60.240000 -1.928161 1.358869 -0.409094
60.250000 -1.914283 1.416506 -0.409094
60.260000 -1.899831 1.473718 -0.409095
60.270000 -1.884808 1.530487 -0.409095
60.280000 -1.869221 1.586798 -0.409096
60.290000 -1.853072 1.642632 -0.409097
60.300000 -1.836368 1.697974 -0.409097
60.310000 -1.819113 1.752806 -0.409098
60.320000 -1.801312 1.807112 -0.409099
60.330000 -1.782971 1.860877 -0.409099
60.340000 -1.764094 1.914083 -0.409100
60.350000 -1.744689 1.966714 -0.409101
60.360000 -1.724760 2.018756 -0.409101
60.370000 -1.704314 2.070192 -0.409102
60.380000 -1.683356 2.121007 -0.409103
60.390000 -1.661894 2.171186 -0.409104
60.400000 -1.639933 2.220713 -0.409104
60.410000 -1.617479 2.269575 -0.409105
60.420000 -1.594541 2.317755 -0.409106
60.430000 -1.571124 2.365240 -0.409107
60.440000 -1.547236 2.412015 -0.409107
60.450000 -1.522884 2.458067 -0.409108
60.460000 -1.498075 2.503382 -0.409109
60.470000 -1.472816 2.547945 -0.409110
60.480000 -1.447116 2.591744 -0.409110
60.490000 -1.420982 2.634765 -0.409111
60.500000 -1.394421 2.676996 -0.409112
60.510000 -1.367442 2.718424 -0.409113
60.520000 -1.340052 2.759037 -0.409113
60.530000 -1.312261 2.798821 -0.409114
60.540000 -1.284076 2.837766 -0.409115
60.550000 -1.255506 2.875860 -0.409116
60.560000 -1.226559 2.913091 -0.409116
60.570000 -1.197244 2.949448 -0.409117
60.580000 -1.167570 2.984920 -0.409118
60.590000 -1.137545 3.019497 -0.409119
60.600000 -1.107180 3.053168 -0.409119
60.610000 -1.076482 3.085923 -0.409120
60.620000 -1.045461 3.117752 -0.409121
60.630000 -1.014127 3.148646 -0.409121
60.640000 -0.982488 3.178595 -0.409122
60.650000 -0.950555 3.207591 -0.409123
60.660000 -0.918337 3.235624 -0.409123
60.670000 -0.885843 3.262687 -0.409124
60.680000 -0.853083 3.288771 -0.409124
60.690000 -0.820067 3.313868 -0.409125
60.700000 -0.786805 3.337971 -0.409125
60.710000 -0.753308 3.361073 -0.409126
60.720000 -0.719584 3.383166 -0.409127
60.730000 -0.685644 3.404245 -0.409127
60.740000 -0.651499 3.424302 -0.409127
60.750000 -0.617158 3.443332 -0.409128
60.760000 -0.582632 3.461328 -0.409128
60.770000 -0.547932 3.478287 -0.409129
60.780000 -0.513067 3.494202 -0.409129
60.790000 -0.478048 3.509069 -0.409129
60.800000 -0.442885 3.522883 -0.409130
60.810000 -0.407590 3.535640 -0.409130
60.820000 -0.372173 3.547336 -0.409130
60.830000 -0.336643 3.557968 -0.409131
60.840000 -0.301013 3.567533 -0.409131
60.850000 -0.265293 3.576028 -0.409131
60.860000 -0.229493 3.583450 -0.409131
60.870000 -0.193624 3.589796 -0.409131
60.880000 -0.157697 3.595066 -0.409132
60.890000 -0.121722 3.599257 -0.409132
60.900000 -0.085712 3.602369 -0.409132
60.910000 -0.049675 3.604400 -0.409132
60.920000 -0.013624 3.605349 -0.409132
60.930000 0.022432 3.605217 -0.409132
60.940000 0.058481 3.604003 -0.409132
60.950000 0.094512 3.601709 -0.409132
60.960000 0.130515 3.598333 -0.409132
60.970000 0.166479 3.593878 -0.409132
60.980000 0.202392 3.588345 -0.409131
60.990000 0.238246 3.581736 -0.409131
61.000000 0.274027 3.574052 -0.409131
61.010000 0.309727 3.565295 -0.409131
61.020000 0.345333 3.555469 -0.409131
61.030000 0.380836 3.544577 -0.409130
61.040000 0.416225 3.532621 -0.409130
61.050000 0.451488 3.519605 -0.409130
61.060000 0.486617 3.505534 -0.409129
61.070000 0.521599 3.490410 -0.409129
61.080000 0.556425 3.474240 -0.409129
61.090000 0.591084 3.457027 -0.409128
61.100000 0.625565 3.438778 -0.409128
61.110000 0.659859 3.419496 -0.409127
61.120000 0.693955 3.399189 -0.409127
61.130000 0.727843 3.377862 -0.409126
61.140000 0.761513 3.355522 -0.409126
61.150000 0.794954 3.332175 -0.409125
61.160000 0.828156 3.307828 -0.409125
61.170000 0.861110 3.282489 -0.409124
61.180000 0.893806 3.256165 -0.409124
61.190000 0.926234 3.228865 -0.409123
61.200000 0.958383 3.200595 -0.409122
61.210000 0.990245 3.171366 -0.409122
61.220000 1.021811 3.141185 -0.409121
61.230000 1.053069 3.110062 -0.409120
61.240000 1.084012 3.078006 -0.409120
61.250000 1.114629 3.045026 -0.409119
61.260000 1.144912 3.011133 -0.409118
61.270000 1.174852 2.976337 -0.409118
61.280000 1.204439 2.940647 -0.409117
61.290000 1.233665 2.904076 -0.409116
61.300000 1.262521 2.866633 -0.409116
61.310000 1.290998 2.828330 -0.409115
61.320000 1.319087 2.789179 -0.409114
61.330000 1.346781 2.749191 -0.409113
61.340000 1.374071 2.708378 -0.409113
61.350000 1.400949 2.666753 -0.409112
61.360000 1.427406 2.624327 -0.409111
61.370000 1.453435 2.581115 -0.409110
61.380000 1.479028 2.537128 -0.409109
61.390000 1.504178 2.492380 -0.409109
61.400000 1.528876 2.446884 -0.409108
61.410000 1.553115 2.400654 -0.409107
61.420000 1.576889 2.353704 -0.409106
61.430000 1.600190 2.306048 -0.409106
61.440000 1.623010 2.257700 -0.409105
61.450000 1.645344 2.208675 -0.409104
61.460000 1.667183 2.158987 -0.409103
61.470000 1.688523 2.108651 -0.409103
61.480000 1.709356 2.057683 -0.409102
61.490000 1.729677 2.006097 -0.409101
61.500000 1.749478 1.953910 -0.409101
61.510000 1.768755 1.901137 -0.409100
61.520000 1.787501 1.847793 -0.409099
61.530000 1.805711 1.793895 -0.409098
61.540000 1.823379 1.739458 -0.409098
61.550000 1.840500 1.684500 -0.409097
61.560000 1.857069 1.629036 -0.409097
61.570000 1.873081 1.573084 -0.409096
61.580000 1.888531 1.516660 -0.409095
61.590000 1.903414 1.459781 -0.409095
61.600000 1.917726 1.402464 -0.409094
61.610000 1.931463 1.344726 -0.409094
61.620000 1.944621 1.286585 -0.409093
61.630000 1.957195 1.228057 -0.409093
61.640000 1.969182 1.169162 -0.409092
61.650000 1.980578 1.109915 -0.409092
61.660000 1.991380 1.050336 -0.409091
61.670000 2.001585 0.990441 -0.409091
61.680000 2.011189 0.930250 -0.409090
61.690000 2.020190 0.869779 -0.409090
61.700000 2.028585 0.809048 -0.409090
61.710000 2.036371 0.748073 -0.409089
61.720000 2.043546 0.686874 -0.409089
61.730000 2.050108 0.625470 -0.409089
61.740000 2.056056 0.563877 -0.409089
61.750000 2.061386 0.502116 -0.409088
61.760000 2.066098 0.440203 -0.409088
61.770000 2.070190 0.378159 -0.409088
61.780000 2.073661 0.316001 -0.409088
61.790000 2.076510 0.253749 -0.409088
61.800000 2.078736 0.191420 -0.409088
61.810000 2.080338 0.129034 -0.409088
61.820000 2.081317 0.066609 -0.409088
61.830000 2.081671 0.004164 -0.409087
61.840000 2.081400 -0.058282 -0.409088
61.850000 2.080505 -0.120710 -0.409088
61.860000 2.078986 -0.183103 -0.409088
61.870000 2.076843 -0.245440 -0.409088
61.880000 2.074077 -0.307704 -0.409088
61.890000 2.070689 -0.369876 -0.409088
61.900000 2.066679 -0.431936 -0.409088
61.910000 2.062050 -0.493867 -0.409088
61.920000 2.056802 -0.555650 -0.409089
61.930000 2.050937 -0.617266 -0.409089
61.940000 2.044457 -0.678697 -0.409089
61.950000 2.037363 -0.739924 -0.409089
61.960000 2.029658 -0.800929 -0.409090
61.970000 2.021345 -0.861694 -0.409090
61.980000 2.012424 -0.922201 -0.409090
61.990000 2.002901 -0.982431 -0.409091
62.000000 1.992776 -1.042366 -0.409091
62.010000 1.982053 -1.101988 -0.409092
62.020000 1.970736 -1.161280 -0.409092
62.030000 1.958828 -1.220224 -0.409093
62.040000 1.946332 -1.278801 -0.409093
62.050000 1.933252 -1.336995 -0.409094
62.060000 1.919592 -1.394788 -0.409094
62.070000 1.905356 -1.452162 -0.409095
62.080000 1.890548 -1.509100 -0.409095
62.090000 1.875174 -1.565586 -0.409096
62.100000 1.859237 -1.621602 -0.409096
62.110000 1.842742 -1.677132 -0.409097
62.120000 1.825694 -1.732159 -0.409098
62.130000 1.808099 -1.786665 -0.409098
62.140000 1.789961 -1.840636 -0.409099
62.150000 1.771286 -1.894055 -0.409100
62.160000 1.752080 -1.946905 -0.409100
62.170000 1.732348 -1.999172 -0.409101
62.180000 1.712096 -2.050839 -0.409102
62.190000 1.691331 -2.101890 -0.409103
62.200000 1.670058 -2.152311 -0.409103
62.210000 1.648285 -2.202086 -0.409104
62.220000 1.626017 -2.251200 -0.409105
62.230000 1.603261 -2.299640 -0.409106
62.240000 1.580024 -2.347389 -0.409106
62.250000 1.556313 -2.394434 -0.409107
62.260000 1.532135 -2.440761 -0.409108
62.270000 1.507498 -2.486355 -0.409109
62.280000 1.482408 -2.531204 -0.409109
62.290000 1.456874 -2.575293 -0.409110
62.300000 1.430902 -2.618610 -0.409111
62.310000 1.404502 -2.661141 -0.409112
62.320000 1.377679 -2.702873 -0.409112
62.330000 1.350444 -2.743795 -0.409113
62.340000 1.322804 -2.783894 -0.409114
62.350000 1.294766 -2.823158 -0.409115
62.360000 1.266340 -2.861574 -0.409115
62.370000 1.237535 -2.899132 -0.409116
62.380000 1.208358 -2.935821 -0.409117
62.390000 1.178818 -2.971628 -0.409118
62.400000 1.148925 -3.006544 -0.409118
62.410000 1.118687 -3.040559 -0.409119
62.420000 1.088114 -3.073661 -0.409120
62.430000 1.057214 -3.105841 -0.409120
62.440000 1.025997 -3.137089 -0.409121
62.450000 0.994472 -3.167396 -0.409122
62.460000 0.962649 -3.196753 -0.409122
62.470000 0.930537 -3.225150 -0.409123
62.480000 0.898146 -3.252581 -0.409124
62.490000 0.865486 -3.279035 -0.409124
62.500000 0.832566 -3.304506 -0.409125
62.510000 0.799396 -3.328985 -0.409125
62.520000 0.765986 -3.352466 -0.409126
62.530000 0.732346 -3.374941 -0.409126
62.540000 0.698487 -3.396404 -0.409127
62.550000 0.664418 -3.416847 -0.409127
62.560000 0.630150 -3.436266 -0.409128
62.570000 0.595693 -3.454653 -0.409128
62.580000 0.561057 -3.472005 -0.409129
62.590000 0.526253 -3.488314 -0.409129
62.600000 0.491291 -3.503577 -0.409129
62.610000 0.456181 -3.517789 -0.409130
62.620000 0.420935 -3.530946 -0.409130
62.630000 0.385562 -3.543044 -0.409130
62.640000 0.350074 -3.554078 -0.409131
62.650000 0.314481 -3.564047 -0.409131
62.660000 0.278793 -3.572946 -0.409131
62.670000 0.243022 -3.580773 -0.409131
62.680000 0.207178 -3.587526 -0.409131
62.690000 0.171271 -3.593203 -0.409132
62.700000 0.135314 -3.597801 -0.409132
62.710000 0.099315 -3.601321 -0.409132
62.720000 0.063287 -3.603760 -0.409132
62.730000 0.027240 -3.605118 -0.409132
62.740000 -0.008815 -3.605394 -0.409132
62.750000 -0.044868 -3.604589 -0.409132
62.760000 -0.080907 -3.602702 -0.409132
62.770000 -0.116922 -3.599735 -0.409132
62.780000 -0.152902 -3.595688 -0.409132
62.790000 -0.188835 -3.590561 -0.409131
62.800000 -0.224713 -3.584358 -0.409131
62.810000 -0.260523 -3.577080 -0.409131
62.820000 -0.296254 -3.568728 -0.409131
62.830000 -0.331897 -3.559306 -0.409131
62.840000 -0.367440 -3.548816 -0.409130
62.850000 -0.402874 -3.537261 -0.409130
62.860000 -0.438186 -3.524645 -0.409130
62.870000 -0.473366 -3.510972 -0.409130
62.880000 -0.508405 -3.496245 -0.409129
62.890000 -0.543291 -3.480470 -0.409129
62.900000 -0.578015 -3.463650 -0.409128
62.910000 -0.612564 -3.445792 -0.409128
62.920000 -0.646930 -3.426899 -0.409128
62.930000 -0.681102 -3.406979 -0.409127
62.940000 -0.715070 -3.386036 -0.409127
62.950000 -0.748823 -3.364078 -0.409126
62.960000 -0.782352 -3.341110 -0.409126
62.970000 -0.815645 -3.317140 -0.409125
62.980000 -0.848694 -3.292175 -0.409124
62.990000 -0.881489 -3.266222 -0.409124
63.000000 -0.914019 -3.239290 -0.409123
63.010000 -0.946275 -3.211385 -0.409123
63.020000 -0.978246 -3.182517 -0.409122
63.030000 -1.009925 -3.152695 -0.409121
63.040000 -1.041300 -3.121926 -0.409121
63.050000 -1.072363 -3.090221 -0.409120
63.060000 -1.103105 -3.057589 -0.409119
63.070000 -1.133515 -3.024040 -0.409119
63.080000 -1.163586 -2.989584 -0.409118
63.090000 -1.193307 -2.954230 -0.409117
63.100000 -1.222670 -2.917991 -0.409117
63.110000 -1.251667 -2.880876 -0.409116
63.120000 -1.280288 -2.842896 -0.409115
63.130000 -1.308525 -2.804064 -0.409114
63.140000 -1.336369 -2.764391 -0.409114
63.150000 -1.363812 -2.723888 -0.409113
63.160000 -1.390847 -2.682568 -0.409112
63.170000 -1.417464 -2.640443 -0.409111
63.180000 -1.443656 -2.597527 -0.409111
63.190000 -1.469414 -2.553831 -0.409110
63.200000 -1.494732 -2.509368 -0.409109
63.210000 -1.519602 -2.464153 -0.409108
63.220000 -1.544015 -2.418199 -0.409107
63.230000 -1.567966 -2.371519 -0.409107
63.240000 -1.591446 -2.324128 -0.409106
63.250000 -1.614448 -2.276040 -0.409105
63.260000 -1.636966 -2.227269 -0.409104
63.270000 -1.658994 -2.177829 -0.409104
63.280000 -1.680523 -2.127736 -0.409103
63.290000 -1.701548 -2.077005 -0.409102
63.300000 -1.722063 -2.025651 -0.409101
63.310000 -1.742061 -1.973689 -0.409101
63.320000 -1.761537 -1.921135 -0.409100
63.330000 -1.780484 -1.868005 -0.409099
63.340000 -1.798897 -1.814314 -0.409099
63.350000 -1.816770 -1.760079 -0.409098
63.360000 -1.834099 -1.705316 -0.409097
63.370000 -1.850877 -1.650042 -0.409097
63.380000 -1.867099 -1.594272 -0.409096
63.390000 -1.882762 -1.538024 -0.409096
63.400000 -1.897860 -1.481315 -0.409095
63.410000 -1.912388 -1.424161 -0.409094
63.420000 -1.926343 -1.366580 -0.409094
63.430000 -1.939720 -1.308589 -0.409093
63.440000 -1.952515 -1.250206 -0.409093
63.450000 -1.964724 -1.191447 -0.409092
63.460000 -1.976344 -1.132331 -0.409092
63.470000 -1.987371 -1.072875 -0.409091
63.480000 -1.997801 -1.013098 -0.409091
63.490000 -2.007633 -0.953016 -0.409091
63.500000 -2.016862 -0.892649 -0.409090
63.510000 -2.025486 -0.832014 -0.409090
63.520000 -2.033502 -0.771129 -0.409090
63.530000 -2.040908 -0.710013 -0.409089
63.540000 -2.047702 -0.648683 -0.409089
63.550000 -2.053882 -0.587160 -0.409089
63.560000 -2.059445 -0.525460 -0.409088
63.570000 -2.064391 -0.463602 -0.409088
63.580000 -2.068717 -0.401606 -0.409088
63.590000 -2.072423 -0.339488 -0.409088
63.600000 -2.075507 -0.277269 -0.409088
63.610000 -2.077969 -0.214967 -0.409088
63.620000 -2.079807 -0.152601 -0.409088
63.630000 -2.081021 -0.090188 -0.409088
63.640000 -2.081610 -0.027749 -0.409088
63.650000 -2.081576 0.034699 -0.409088
63.660000 -2.080916 0.097136 -0.409088
63.670000 -2.079633 0.159545 -0.409088
63.680000 -2.077725 0.221905 -0.409088
63.690000 -2.075195 0.284199 -0.409088
63.700000 -2.072042 0.346407 -0.409088
63.710000 -2.068267 0.408512 -0.409088
63.720000 -2.063871 0.470494 -0.409088
63.730000 -2.058857 0.532335 -0.409088
63.740000 -2.053225 0.594016 -0.409089
63.750000 -2.046976 0.655519 -0.409089
63.760000 -2.040114 0.716826 -0.409089
63.770000 -2.032640 0.777917 -0.409090
63.780000 -2.024556 0.838775 -0.409090
63.790000 -2.015864 0.899381 -0.409090
63.800000 -2.006568 0.959718 -0.409091
63.810000 -1.996670 1.019766 -0.409091
63.820000 -1.986173 1.079509 -0.409091
63.830000 -1.975080 1.138928 -0.409092
63.840000 -1.963394 1.198005 -0.409092
63.850000 -1.951120 1.256722 -0.409093
63.860000 -1.938260 1.315063 -0.409093
63.870000 -1.924819 1.373009 -0.409094
63.880000 -1.910800 1.430544 -0.409094
63.890000 -1.896208 1.487649 -0.409095
63.900000 -1.881047 1.544307 -0.409096
63.910000 -1.865322 1.600503 -0.409096
63.920000 -1.849037 1.656218 -0.409097
63.930000 -1.832197 1.711437 -0.409097
63.940000 -1.814808 1.766142 -0.409098
63.950000 -1.796874 1.820317 -0.409099
63.960000 -1.778402 1.873946 -0.409099
63.970000 -1.759395 1.927013 -0.409100
63.980000 -1.739861 1.979502 -0.409101
63.990000 -1.719805 2.031397 -0.409102
64.000000 -1.699233 2.082683 -0.409102
64.010000 -1.678152 2.133343 -0.409103
64.020000 -1.656567 2.183364 -0.409104
64.030000 -1.634484 2.232730 -0.409104
64.040000 -1.611912 2.281426 -0.409105
64.050000 -1.588856 2.329437 -0.409106
64.060000 -1.565323 2.376750 -0.409107
64.070000 -1.541321 2.423350 -0.409108
64.080000 -1.516856 2.469222 -0.409108
64.090000 -1.491936 2.514354 -0.409109
64.100000 -1.466569 2.558732 -0.409110
64.110000 -1.440762 2.602342 -0.409111
64.120000 -1.414522 2.645171 -0.409111
64.130000 -1.387858 2.687207 -0.409112
64.140000 -1.360778 2.728436 -0.409113
64.150000 -1.333290 2.768847 -0.409114
64.160000 -1.305401 2.808428 -0.409114
64.170000 -1.277121 2.847166 -0.409115
64.180000 -1.248458 2.885049 -0.409116
64.190000 -1.219420 2.922067 -0.409117
64.200000 -1.190017 2.958209 -0.409117
64.210000 -1.160256 2.993463 -0.409118
64.220000 -1.130147 3.027819 -0.409119
64.230000 -1.099700 3.061267 -0.409119
64.240000 -1.068922 3.093796 -0.409120
64.250000 -1.037824 3.125397 -0.409121
64.260000 -1.006414 3.156061 -0.409121
64.270000 -0.974702 3.185778 -0.409122
64.280000 -0.942698 3.214539 -0.409123
64.290000 -0.910412 3.242335 -0.409123
64.300000 -0.877852 3.269159 -0.409124
64.310000 -0.845028 3.295003 -0.409125
64.320000 -0.811952 3.319857 -0.409125
64.330000 -0.778631 3.343716 -0.409126
64.340000 -0.745077 3.366572 -0.409126
64.350000 -0.711300 3.388417 -0.409127
64.360000 -0.677309 3.409246 -0.409127
64.370000 -0.643115 3.429053 -0.409128
64.380000 -0.608728 3.447830 -0.409128
64.390000 -0.574158 3.465574 -0.409128
64.400000 -0.539416 3.482277 -0.409129
64.410000 -0.504513 3.497936 -0.409129
64.420000 -0.469458 3.512546 -0.409130
64.430000 -0.434262 3.526102 -0.409130
64.440000 -0.398936 3.538600 -0.409130
64.450000 -0.363490 3.550036 -0.409130
64.460000 -0.327935 3.560407 -0.409131
64.470000 -0.292282 3.569711 -0.409131
64.480000 -0.256541 3.577943 -0.409131
64.490000 -0.220723 3.585102 -0.409131
64.500000 -0.184839 3.591185 -0.409131
64.510000 -0.148899 3.596191 -0.409132
64.520000 -0.112915 3.600119 -0.409132
64.530000 -0.076897 3.602966 -0.409132
64.540000 -0.040856 3.604732 -0.409132
64.550000 -0.004802 3.605417 -0.409132
64.560000 0.031253 3.605020 -0.409132
64.570000 0.067298 3.603542 -0.409132
64.580000 0.103324 3.600983 -0.409132
64.590000 0.139318 3.597343 -0.409132
64.600000 0.175270 3.592624 -0.409132
64.610000 0.211170 3.586827 -0.409131
64.620000 0.247007 3.579955 -0.409131
64.630000 0.282769 3.572008 -0.409131
64.640000 0.318447 3.562990 -0.409131
64.650000 0.354029 3.552903 -0.409131
64.660000 0.389505 3.541750 -0.409130
64.670000 0.424864 3.529534 -0.409130
64.680000 0.460096 3.516260 -0.409130
64.690000 0.495189 3.501931 -0.409129
64.700000 0.530134 3.486551 -0.409129
64.710000 0.564920 3.470125 -0.409129
64.720000 0.599537 3.452658 -0.409128
64.730000 0.633974 3.434155 -0.409128
64.740000 0.668220 3.414622 -0.409127
64.750000 0.702266 3.394065 -0.409127
64.760000 0.736101 3.372490 -0.409126
64.770000 0.769716 3.349902 -0.409126
64.780000 0.803099 3.326310 -0.409125
64.790000 0.836242 3.301720 -0.409125
64.800000 0.869134 3.276139 -0.409124
64.810000 0.901765 3.249576 -0.409124
64.820000 0.934125 3.222038 -0.409123
64.830000 0.966206 3.193533 -0.409122
64.840000 0.997996 3.164070 -0.409122
64.850000 1.029487 3.133657 -0.409121
64.860000 1.060669 3.102305 -0.409120
64.870000 1.091533 3.070022 -0.409120
64.880000 1.122070 3.036818 -0.409119
64.890000 1.152269 3.002703 -0.409118
64.900000 1.182124 2.967687 -0.409118
64.910000 1.211623 2.931781 -0.409117
64.920000 1.240759 2.894995 -0.409116
64.930000 1.269523 2.857341 -0.409115
64.940000 1.297906 2.818829 -0.409115
64.950000 1.325900 2.779472 -0.409114
64.960000 1.353496 2.739281 -0.409113
64.970000 1.380685 2.698269 -0.409112
64.980000 1.407461 2.656446 -0.409112
64.990000 1.433814 2.613827 -0.409111
65.000000 1.459737 2.570424 -0.409110
65.010000 1.485223 2.526250 -0.409109
65.020000 1.510262 2.481317 -0.409108
65.030000 1.534849 2.435641 -0.409108
65.040000 1.558975 2.389233 -0.409107
65.050000 1.582634 2.342109 -0.409106
65.060000 1.605817 2.294282 -0.409105
65.070000 1.628519 2.245767 -0.409105
65.080000 1.650733 2.196578 -0.409104
65.090000 1.672451 2.146731 -0.409103
65.100000 1.693667 2.096239 -0.409102
65.110000 1.714376 2.045118 -0.409102
65.120000 1.734570 1.993384 -0.409101
65.130000 1.754243 1.941052 -0.409100
65.140000 1.773391 1.888137 -0.409100
65.150000 1.792006 1.834656 -0.409099
65.160000 1.810084 1.780625 -0.409098
65.170000 1.827619 1.726060 -0.409098
65.180000 1.844605 1.670976 -0.409097
65.190000 1.861038 1.615392 -0.409096
65.200000 1.876913 1.559322 -0.409096
65.210000 1.892225 1.502785 -0.409095
65.220000 1.906969 1.445797 -0.409095
65.230000 1.921141 1.388376 -0.409094
65.240000 1.934736 1.330538 -0.409094
65.250000 1.947751 1.272300 -0.409093
65.260000 1.960182 1.213681 -0.409093
65.270000 1.972025 1.154698 -0.409092
65.280000 1.983276 1.095369 -0.409092
65.290000 1.993932 1.035710 -0.409091
65.300000 2.003990 0.975742 -0.409091
65.310000 2.013447 0.915480 -0.409090
65.320000 2.022300 0.854944 -0.409090
65.330000 2.030546 0.794151 -0.409090
65.340000 2.038183 0.733120 -0.409089
65.350000 2.045208 0.671869 -0.409089
65.360000 2.051620 0.610417 -0.409089
65.370000 2.057417 0.548781 -0.409089
65.380000 2.062596 0.486981 -0.409088
65.390000 2.067156 0.425035 -0.409088
65.400000 2.071097 0.362961 -0.409088
65.410000 2.074416 0.300778 -0.409088
65.420000 2.077112 0.238506 -0.409088
65.430000 2.079186 0.176161 -0.409088
65.440000 2.080635 0.113764 -0.409088
65.450000 2.081461 0.051332 -0.409088
65.460000 2.081662 -0.011115 -0.409088
65.470000 2.081239 -0.073558 -0.409088
65.480000 2.080191 -0.135980 -0.409088
65.490000 2.078519 -0.198360 -0.409088
65.500000 2.076224 -0.260681 -0.409088
65.510000 2.073306 -0.322924 -0.409088
65.520000 2.069765 -0.385070 -0.409088
65.530000 2.065604 -0.447101 -0.409088
65.540000 2.060823 -0.508997 -0.409088
65.550000 2.055424 -0.570741 -0.409089
65.560000 2.049408 -0.632313 -0.409089
65.570000 2.042778 -0.693696 -0.409089
65.580000 2.035535 -0.754871 -0.409089
65.590000 2.027680 -0.815819 -0.409090
65.600000 2.019218 -0.876523 -0.409090
65.610000 2.010150 -0.936963 -0.409090
65.620000 2.000479 -0.997123 -0.409091
65.630000 1.990208 -1.056983 -0.409091
65.640000 1.979339 -1.116526 -0.409092
65.650000 1.967877 -1.175734 -0.409092
65.660000 1.955825 -1.234590 -0.409093
65.670000 1.943185 -1.293075 -0.409093
65.680000 1.929963 -1.351172 -0.409094
65.690000 1.916162 -1.408864 -0.409094
65.700000 1.901786 -1.466133 -0.409095
65.710000 1.886839 -1.522963 -0.409095
65.720000 1.871326 -1.579335 -0.409096
65.730000 1.855252 -1.635234 -0.409097
65.740000 1.838622 -1.690642 -0.409097
65.750000 1.821440 -1.745543 -0.409098
65.760000 1.803711 -1.799920 -0.409099
65.770000 1.785441 -1.853757 -0.409099
65.780000 1.766636 -1.907039 -0.409100
65.790000 1.747300 -1.959748 -0.409101
65.800000 1.727441 -2.011869 -0.409101
65.810000 1.707063 -2.063386 -0.409102
65.820000 1.686173 -2.114285 -0.409103
65.830000 1.664777 -2.164549 -0.409103
65.840000 1.642882 -2.214164 -0.409104
65.850000 1.620494 -2.263115 -0.409105
65.860000 1.597620 -2.311386 -0.409106
65.870000 1.574266 -2.358965 -0.409106
65.880000 1.550441 -2.405835 -0.409107
65.890000 1.526150 -2.451984 -0.409108
65.900000 1.501401 -2.497397 -0.409109
65.910000 1.476202 -2.542061 -0.409110
65.920000 1.450560 -2.585963 -0.409110
65.930000 1.424482 -2.629088 -0.409111
65.940000 1.397978 -2.671425 -0.409112
65.950000 1.371054 -2.712961 -0.409113
65.960000 1.343719 -2.753682 -0.409113
65.970000 1.315980 -2.793578 -0.409114
65.980000 1.287847 -2.832635 -0.409115
65.990000 1.259328 -2.870843 -0.409116
66.000000 1.230430 -2.908189 -0.409116
66.010000 1.201164 -2.944663 -0.409117
66.020000 1.171537 -2.980254 -0.409118
66.030000 1.141559 -3.014950 -0.409118
66.040000 1.111238 -3.048742 -0.409119
66.050000 1.080584 -3.081619 -0.409120
66.060000 1.049606 -3.113572 -0.409121
66.070000 1.018312 -3.144591 -0.409121
66.080000 0.986714 -3.174666 -0.409122
66.090000 0.954819 -3.203789 -0.409122
66.100000 0.922638 -3.231951 -0.409123
66.110000 0.890180 -3.259144 -0.409124
66.120000 0.857455 -3.285358 -0.409124
66.130000 0.824473 -3.310587 -0.409125
66.140000 0.791243 -3.334823 -0.409125
66.150000 0.757776 -3.358058 -0.409126
66.160000 0.724082 -3.380286 -0.409126
66.170000 0.690171 -3.401500 -0.409127
66.180000 0.656052 -3.421693 -0.409127
66.190000 0.621737 -3.440860 -0.409128
66.200000 0.587235 -3.458994 -0.409128
66.210000 0.552557 -3.476091 -0.409129
66.220000 0.517713 -3.492145 -0.409129
66.230000 0.482714 -3.507152 -0.409129
66.240000 0.447570 -3.521106 -0.409130
66.250000 0.412292 -3.534004 -0.409130
66.260000 0.376890 -3.545842 -0.409130
66.270000 0.341375 -3.556616 -0.409131
66.280000 0.305758 -3.566323 -0.409131
66.290000 0.270049 -3.574960 -0.409131
66.300000 0.234259 -3.582524 -0.409131
66.310000 0.198398 -3.589014 -0.409131
66.320000 0.162478 -3.594427 -0.409132
66.330000 0.126510 -3.598762 -0.409132
66.340000 0.090503 -3.602017 -0.409132
66.350000 0.054469 -3.604192 -0.409132
66.360000 0.018419 -3.605285 -0.409132
66.370000 -0.017636 -3.605297 -0.409132
66.380000 -0.053687 -3.604227 -0.409132
66.390000 -0.089721 -3.602076 -0.409132
66.400000 -0.125728 -3.598844 -0.409132
66.410000 -0.161698 -3.594533 -0.409132
66.420000 -0.197619 -3.589143 -0.409131
66.430000 -0.233481 -3.582677 -0.409131
66.440000 -0.269272 -3.575135 -0.409131
66.450000 -0.304983 -3.566522 -0.409131
66.460000 -0.340603 -3.556838 -0.409131
66.470000 -0.376120 -3.546087 -0.409130
66.480000 -0.411525 -3.534272 -0.409130
66.490000 -0.446806 -3.521397 -0.409130
66.500000 -0.481953 -3.507466 -0.409129
66.510000 -0.516955 -3.492482 -0.409129
66.520000 -0.551802 -3.476451 -0.409129
66.530000 -0.586484 -3.459377 -0.409128
66.540000 -0.620990 -3.441265 -0.409128
66.550000 -0.655309 -3.422120 -0.409127
66.560000 -0.689432 -3.401949 -0.409127
66.570000 -0.723348 -3.380757 -0.409126
66.580000 -0.757047 -3.358551 -0.409126
66.590000 -0.790519 -3.335338 -0.409125
66.600000 -0.823754 -3.311124 -0.409125
66.610000 -0.856742 -3.285916 -0.409124
66.620000 -0.889472 -3.259723 -0.409124
66.630000 -0.921936 -3.232552 -0.409123
66.640000 -0.954123 -3.204411 -0.409123
66.650000 -0.986024 -3.175309 -0.409122
66.660000 -1.017630 -3.145254 -0.409121
66.670000 -1.048930 -3.114256 -0.409121
66.680000 -1.079915 -3.082323 -0.409120
66.690000 -1.110576 -3.049466 -0.409119
66.700000 -1.140904 -3.015693 -0.409119
66.710000 -1.170890 -2.981016 -0.409118
66.720000 -1.200524 -2.945445 -0.409117
66.730000 -1.229799 -2.908990 -0.409116
66.740000 -1.258704 -2.871663 -0.409116
66.750000 -1.287232 -2.833474 -0.409115
66.760000 -1.315374 -2.794435 -0.409114
66.770000 -1.343121 -2.754557 -0.409113
66.780000 -1.370465 -2.713854 -0.409113
66.790000 -1.397398 -2.672336 -0.409112
66.800000 -1.423912 -2.630016 -0.409111
66.810000 -1.449998 -2.586907 -0.409110
66.820000 -1.475650 -2.543023 -0.409110
66.830000 -1.500859 -2.498375 -0.409109
66.840000 -1.525617 -2.452978 -0.409108
66.850000 -1.549918 -2.406845 -0.409107
66.860000 -1.573754 -2.359990 -0.409106
66.870000 -1.597118 -2.312427 -0.409106
66.880000 -1.620003 -2.264170 -0.409105
66.890000 -1.642401 -2.215234 -0.409104
66.900000 -1.664307 -2.165633 -0.409103
66.910000 -1.685714 -2.115383 -0.409103
66.920000 -1.706615 -2.064498 -0.409102
66.930000 -1.727004 -2.012994 -0.409101
66.940000 -1.746875 -1.960885 -0.409101
66.950000 -1.766222 -1.908189 -0.409100
66.960000 -1.785039 -1.854920 -0.409099
66.970000 -1.803320 -1.801095 -0.409099
66.980000 -1.821060 -1.746729 -0.409098
66.990000 -1.838255 -1.691839 -0.409097
67.000000 -1.854897 -1.636442 -0.409097
67.010000 -1.870983 -1.580554 -0.409096
67.020000 -1.886508 -1.524191 -0.409095
67.030000 -1.901467 -1.467372 -0.409095
67.040000 -1.915856 -1.410112 -0.409094
67.050000 -1.929670 -1.352429 -0.409094
67.060000 -1.942904 -1.294340 -0.409093
67.070000 -1.955556 -1.235864 -0.409093
67.080000 -1.967622 -1.177016 -0.409092
67.090000 -1.979097 -1.117815 -0.409092
67.100000 -1.989978 -1.058279 -0.409091
67.110000 -2.000262 -0.998425 -0.409091
67.120000 -2.009946 -0.938272 -0.409091
67.130000 -2.019028 -0.877838 -0.409090
67.140000 -2.027503 -0.817140 -0.409090
67.150000 -2.035370 -0.756197 -0.409089
67.160000 -2.042627 -0.695027 -0.409089
67.170000 -2.049271 -0.633648 -0.409089
67.180000 -2.055300 -0.572080 -0.409089
67.190000 -2.060713 -0.510339 -0.409088
67.200000 -2.065507 -0.448446 -0.409088
67.210000 -2.069682 -0.386418 -0.409088
67.220000 -2.073235 -0.324275 -0.409088
67.230000 -2.076167 -0.262033 -0.409088
67.240000 -2.078476 -0.199714 -0.409088
67.250000 -2.080161 -0.137334 -0.409088
67.260000 -2.081223 -0.074914 -0.409088
67.270000 -2.081660 -0.012470 -0.409088
67.280000 -2.081472 0.049977 -0.409088
67.290000 -2.080660 0.112409 -0.409088
67.300000 -2.079224 0.174807 -0.409088
67.310000 -2.077164 0.237153 -0.409088
67.320000 -2.074481 0.299427 -0.409088
67.330000 -2.071175 0.361612 -0.409088
67.340000 -2.067249 0.423689 -0.409088
67.350000 -2.062702 0.485638 -0.409088
67.360000 -2.057536 0.547441 -0.409089
67.370000 -2.051753 0.609081 -0.409089
67.380000 -2.045354 0.670537 -0.409089
67.390000 -2.038342 0.731793 -0.409089
67.400000 -2.030718 0.792829 -0.409090
67.410000 -2.022485 0.853627 -0.409090
67.420000 -2.013646 0.914169 -0.409090
67.430000 -2.004202 0.974436 -0.409091
67.440000 -1.994157 1.034412 -0.409091
67.450000 -1.983514 1.094077 -0.409092
67.460000 -1.972276 1.153414 -0.409092
67.470000 -1.960446 1.212405 -0.409093
67.480000 -1.948027 1.271032 -0.409093
67.490000 -1.935025 1.329277 -0.409094
67.500000 -1.921442 1.387124 -0.409094
67.510000 -1.907282 1.444555 -0.409095
67.520000 -1.892551 1.501553 -0.409095
67.530000 -1.877251 1.558100 -0.409096
67.540000 -1.861389 1.614179 -0.409096
67.550000 -1.844968 1.669775 -0.409097
67.560000 -1.827993 1.724869 -0.409098
67.570000 -1.810470 1.779446 -0.409098
67.580000 -1.792404 1.833489 -0.409099
67.590000 -1.773801 1.886982 -0.409100
67.600000 -1.754665 1.939909 -0.409100
67.610000 -1.735002 1.992254 -0.409101
67.620000 -1.714820 2.044002 -0.409102
67.630000 -1.694122 2.095136 -0.409102
67.640000 -1.672917 2.145641 -0.409103
67.650000 -1.651210 2.195503 -0.409104
67.660000 -1.629007 2.244706 -0.409105
67.670000 -1.606315 2.293236 -0.409105
67.680000 -1.583142 2.341078 -0.409106
67.690000 -1.559494 2.388218 -0.409107
67.700000 -1.535378 2.434641 -0.409108
67.710000 -1.510801 2.480333 -0.409108
67.720000 -1.485771 2.525282 -0.409109
67.730000 -1.460295 2.569473 -0.409110
67.740000 -1.434382 2.612893 -0.409111
67.750000 -1.408038 2.655530 -0.409112
67.760000 -1.381271 2.697369 -0.409112
67.770000 -1.354090 2.738400 -0.409113
67.780000 -1.326503 2.778608 -0.409114
67.790000 -1.298518 2.817984 -0.409115
67.800000 -1.270143 2.856514 -0.409115
67.810000 -1.241388 2.894187 -0.409116
67.820000 -1.212260 2.930991 -0.409117
67.830000 -1.182768 2.966917 -0.409118
67.840000 -1.152921 3.001952 -0.409118
67.850000 -1.122729 3.036087 -0.409119
67.860000 -1.092200 3.069311 -0.409120
67.870000 -1.061343 3.101614 -0.409120
67.880000 -1.030167 3.132987 -0.409121
67.890000 -0.998683 3.163419 -0.409122
67.900000 -0.966899 3.192903 -0.409122
67.910000 -0.934825 3.221429 -0.409123
67.920000 -0.902470 3.248988 -0.409123
67.930000 -0.869845 3.275573 -0.409124
67.940000 -0.836959 3.301175 -0.409125
67.950000 -0.803822 3.325787 -0.409125
67.960000 -0.770443 3.349401 -0.409126
67.970000 -0.736834 3.372010 -0.409126
67.980000 -0.703003 3.393608 -0.409127
67.990000 -0.668961 3.414187 -0.409127
68.000000 -0.634719 3.433742 -0.409128
68.010000 -0.600287 3.452267 -0.409128
68.020000 -0.565674 3.469757 -0.409129
68.030000 -0.530891 3.486205 -0.409129
68.040000 -0.495950 3.501608 -0.409129
68.050000 -0.460859 3.515960 -0.409130
68.060000 -0.425631 3.529257 -0.409130
68.070000 -0.390274 3.541496 -0.409130
68.080000 -0.354801 3.552672 -0.409131
68.090000 -0.319221 3.562782 -0.409131
68.100000 -0.283545 3.571824 -0.409131
68.110000 -0.247784 3.579794 -0.409131
68.120000 -0.211949 3.586690 -0.409131
68.130000 -0.176050 3.592510 -0.409132
68.140000 -0.140099 3.597252 -0.409132
68.150000 -0.104105 3.600915 -0.409132
68.160000 -0.068081 3.603498 -0.409132
68.170000 -0.032035 3.605000 -0.409132
68.180000 0.004019 3.605420 -0.409132
68.190000 0.040073 3.604758 -0.409132
68.200000 0.076115 3.603016 -0.409132
68.210000 0.112133 3.600192 -0.409132
68.220000 0.148118 3.596288 -0.409132
68.230000 0.184059 3.591305 -0.409131
68.240000 0.219944 3.585245 -0.409131
68.250000 0.255764 3.578110 -0.409131
68.260000 0.291507 3.569901 -0.409131
68.270000 0.327162 3.560621 -0.409131
68.280000 0.362719 3.550272 -0.409130
68.290000 0.398167 3.538859 -0.409130
68.300000 0.433496 3.526384 -0.409130
68.310000 0.468695 3.512851 -0.409130
68.320000 0.503753 3.498265 -0.409129
68.330000 0.538660 3.482628 -0.409129
68.340000 0.573406 3.465947 -0.409128
68.350000 0.607979 3.448227 -0.409128
68.360000 0.642370 3.429471 -0.409128
68.370000 0.676569 3.409687 -0.409127
68.380000 0.710564 3.388880 -0.409127
68.390000 0.744346 3.367057 -0.409126
68.400000 0.777905 3.344223 -0.409126
68.410000 0.811231 3.320386 -0.409125
68.420000 0.844313 3.295553 -0.409125
68.430000 0.877142 3.269731 -0.409124
68.440000 0.909708 3.242928 -0.409123
68.450000 0.942000 3.215152 -0.409123
68.460000 0.974011 3.186412 -0.409122
68.470000 1.005729 3.156716 -0.409121
68.480000 1.037145 3.126073 -0.409121
68.490000 1.068250 3.094492 -0.409120
68.500000 1.099035 3.061983 -0.409119
68.510000 1.129490 3.028555 -0.409119
68.520000 1.159606 2.994219 -0.409118
68.530000 1.189374 2.958984 -0.409117
68.540000 1.218786 2.922861 -0.409117
68.550000 1.247831 2.885862 -0.409116
68.560000 1.276503 2.847997 -0.409115
68.570000 1.304791 2.809278 -0.409114
68.580000 1.332688 2.769716 -0.409114
68.590000 1.360186 2.729322 -0.409113
68.600000 1.387275 2.688111 -0.409112
68.610000 1.413948 2.646092 -0.409111
68.620000 1.440197 2.603280 -0.409111
68.630000 1.466013 2.559687 -0.409110
68.640000 1.491390 2.515326 -0.409109
68.650000 1.516320 2.470210 -0.409108
68.660000 1.540795 2.424353 -0.409108
68.670000 1.564807 2.377769 -0.409107
68.680000 1.588350 2.330472 -0.409106
68.690000 1.611417 2.282476 -0.409105
68.700000 1.634000 2.233794 -0.409105
68.710000 1.656092 2.184443 -0.409104
68.720000 1.677688 2.134436 -0.409103
68.730000 1.698781 2.083789 -0.409102
68.740000 1.719364 2.032517 -0.409102
68.750000 1.739431 1.980635 -0.409101
68.760000 1.758977 1.928159 -0.409100
68.770000 1.777995 1.875104 -0.409099
68.780000 1.796479 1.821487 -0.409099
68.790000 1.814424 1.767324 -0.409098
68.800000 1.831825 1.712630 -0.409097
68.810000 1.848677 1.657422 -0.409097
68.820000 1.864974 1.601718 -0.409096
68.830000 1.880711 1.545532 -0.409096
68.840000 1.895885 1.488883 -0.409095
68.850000 1.910489 1.431788 -0.409094
68.860000 1.924520 1.374263 -0.409094
68.870000 1.937974 1.316325 -0.409093
68.880000 1.950847 1.257993 -0.409093
68.890000 1.963134 1.199283 -0.409092
68.900000 1.974832 1.140214 -0.409092
68.910000 1.985938 1.080802 -0.409091
68.920000 1.996449 1.021066 -0.409091
68.930000 2.006360 0.961024 -0.409091
68.940000 2.015669 0.900694 -0.409090
68.950000 2.024374 0.840093 -0.409090
68.960000 2.032471 0.779241 -0.409090
68.970000 2.039958 0.718154 -0.409089
68.980000 2.046834 0.656852 -0.409089
68.990000 2.053095 0.595353 -0.409089
69.000000 2.058741 0.533676 -0.409088
69.010000 2.063769 0.471838 -0.409088
69.020000 2.068178 0.409859 -0.409088
69.030000 2.071966 0.347757 -0.409088
69.040000 2.075133 0.285550 -0.409088
69.050000 2.077677 0.223258 -0.409088
69.060000 2.079598 0.160899 -0.409088
69.070000 2.080895 0.098492 -0.409088
69.080000 2.081568 0.036055 -0.409088
69.090000 2.081616 -0.026393 -0.409088
69.100000 2.081040 -0.088833 -0.409088
69.110000 2.079840 -0.151246 -0.409088
69.120000 2.078015 -0.213614 -0.409088
69.130000 2.075567 -0.275918 -0.409088
69.140000 2.072497 -0.338139 -0.409088
69.150000 2.068805 -0.400258 -0.409088
69.160000 2.064492 -0.462258 -0.409088
69.170000 2.059559 -0.524118 -0.409088
69.180000 2.054009 -0.585822 -0.409089
69.190000 2.047843 -0.647350 -0.409089
69.200000 2.041062 -0.708683 -0.409089
69.210000 2.033669 -0.769804 -0.409090
69.220000 2.025666 -0.830694 -0.409090
69.230000 2.017055 -0.891335 -0.409090
69.240000 2.007839 -0.951709 -0.409091
69.250000 1.998021 -1.011796 -0.409091
69.260000 1.987604 -1.071581 -0.409091
69.270000 1.976590 -1.131044 -0.409092
69.280000 1.964983 -1.190167 -0.409092
69.290000 1.952786 -1.248934 -0.409093
69.300000 1.940004 -1.307326 -0.409093
69.310000 1.926640 -1.365325 -0.409094
69.320000 1.912697 -1.422915 -0.409094
69.330000 1.898181 -1.480079 -0.409095
69.340000 1.883096 -1.536798 -0.409096
69.350000 1.867445 -1.593056 -0.409096
69.360000 1.851235 -1.648836 -0.409097
69.370000 1.834469 -1.704122 -0.409097
69.380000 1.817152 -1.758896 -0.409098
69.390000 1.799291 -1.813143 -0.409099
69.400000 1.780889 -1.866845 -0.409099
69.410000 1.761954 -1.919988 -0.409100
69.420000 1.742490 -1.972555 -0.409101
69.430000 1.722503 -2.024529 -0.409101
69.440000 1.701999 -2.075897 -0.409102
69.450000 1.680985 -2.126642 -0.409103
69.460000 1.659466 -2.176749 -0.409104
69.470000 1.637450 -2.226202 -0.409104
69.480000 1.614942 -2.274988 -0.409105
69.490000 1.591950 -2.323092 -0.409106
69.500000 1.568480 -2.370498 -0.409107
69.510000 1.544540 -2.417193 -0.409107
69.520000 1.520137 -2.463163 -0.409108
69.530000 1.495277 -2.508395 -0.409109
69.540000 1.469969 -2.552873 -0.409110
69.550000 1.444219 -2.596586 -0.409110
69.560000 1.418037 -2.639520 -0.409111
69.570000 1.391429 -2.681662 -0.409112
69.580000 1.364404 -2.723000 -0.409113
69.590000 1.336969 -2.763520 -0.409114
69.600000 1.309133 -2.803212 -0.409114
69.610000 1.280905 -2.842062 -0.409115
69.620000 1.252292 -2.880060 -0.409116
69.630000 1.223304 -2.917194 -0.409117
69.640000 1.193948 -2.953453 -0.409117
69.650000 1.164235 -2.988826 -0.409118
69.660000 1.134172 -3.023302 -0.409119
69.670000 1.103769 -3.056871 -0.409119
69.680000 1.073034 -3.089523 -0.409120
69.690000 1.041978 -3.121248 -0.409121
69.700000 1.010609 -3.152037 -0.409121
69.710000 0.978937 -3.181880 -0.409122
69.720000 0.946972 -3.210769 -0.409123
69.730000 0.914722 -3.238694 -0.409123
69.740000 0.882198 -3.265648 -0.409124
69.750000 0.849409 -3.291622 -0.409124
69.760000 0.816365 -3.316609 -0.409125
69.770000 0.783077 -3.340600 -0.409126
69.780000 0.749553 -3.363590 -0.409126
69.790000 0.715805 -3.385570 -0.409127
69.800000 0.681842 -3.406535 -0.409127
69.810000 0.647674 -3.426478 -0.409128
69.820000 0.613312 -3.445392 -0.409128
69.830000 0.578766 -3.463274 -0.409128
69.840000 0.544047 -3.480116 -0.409129
69.850000 0.509164 -3.495914 -0.409129
69.860000 0.474129 -3.510663 -0.409130
69.870000 0.438951 -3.524359 -0.409130
69.880000 0.403641 -3.536998 -0.409130
69.890000 0.368211 -3.548576 -0.409130
69.900000 0.332670 -3.559089 -0.409131
69.910000 0.297029 -3.568535 -0.409131
69.920000 0.261299 -3.576910 -0.409131
69.930000 0.225491 -3.584212 -0.409131
69.940000 0.189615 -3.590438 -0.409131
69.950000 0.153682 -3.595588 -0.409132
69.960000 0.117703 -3.599658 -0.409132
69.970000 0.081689 -3.602649 -0.409132
69.980000 0.045650 -3.604559 -0.409132
69.990000 0.009598 -3.605388 -0.409132
70.000000 -0.026457 -3.605135 -0.409132
70.010000 -0.062505 -3.603801 -0.409132
70.020000 -0.098533 -3.601385 -0.409132
70.030000 -0.134533 -3.597889 -0.409132
70.040000 -0.170491 -3.593314 -0.409132
70.050000 -0.206399 -3.587661 -0.409131
70.060000 -0.242244 -3.580931 -0.409131
70.070000 -0.278017 -3.573127 -0.409131
70.080000 -0.313707 -3.564251 -0.409131
70.090000 -0.349302 -3.554306 -0.409131
70.100000 -0.384793 -3.543295 -0.409130
70.110000 -0.420168 -3.531220 -0.409130
70.120000 -0.455418 -3.518086 -0.409130
70.130000 -0.490530 -3.503897 -0.409129
70.140000 -0.525495 -3.488657 -0.409129
70.150000 -0.560303 -3.472370 -0.409129
70.160000 -0.594943 -3.455041 -0.409128
70.170000 -0.629404 -3.436676 -0.409128
70.180000 -0.663676 -3.417280 -0.409127
70.190000 -0.697750 -3.396858 -0.409127
70.200000 -0.731614 -3.375418 -0.409126
70.210000 -0.765258 -3.352965 -0.409126
70.220000 -0.798673 -3.329506 -0.409125
70.230000 -0.831848 -3.305048 -0.409125
70.240000 -0.864774 -3.279599 -0.409124
70.250000 -0.897440 -3.253165 -0.409124
70.260000 -0.929837 -3.225756 -0.409123
70.270000 -0.961955 -3.197379 -0.409122
70.280000 -0.993785 -3.168043 -0.409122
70.290000 -1.025316 -3.137757 -0.409121
70.300000 -1.056540 -3.106529 -0.409120
70.310000 -1.087447 -3.074369 -0.409120
70.320000 -1.118027 -3.041287 -0.409119
70.330000 -1.148272 -3.007292 -0.409118
70.340000 -1.178173 -2.972396 -0.409118
70.350000 -1.207720 -2.936607 -0.409117
70.360000 -1.236905 -2.899938 -0.409116
70.370000 -1.265719 -2.862399 -0.409115
70.380000 -1.294153 -2.824001 -0.409115
70.390000 -1.322199 -2.784755 -0.409114
70.400000 -1.349848 -2.744675 -0.409113
70.410000 -1.377093 -2.703770 -0.409112
70.420000 -1.403924 -2.662055 -0.409112
70.430000 -1.430334 -2.619541 -0.409111
70.440000 -1.456315 -2.576242 -0.409110
70.450000 -1.481859 -2.532169 -0.409109
70.460000 -1.506958 -2.487337 -0.409109
70.470000 -1.531605 -2.441758 -0.409108
70.480000 -1.555793 -2.395447 -0.409107
70.490000 -1.579514 -2.348418 -0.409106
70.500000 -1.602761 -2.300684 -0.409106
70.510000 -1.625528 -2.252259 -0.409105
70.520000 -1.647807 -2.203159 -0.409104
70.530000 -1.669591 -2.153398 -0.409103
70.540000 -1.690875 -2.102991 -0.409103
70.550000 -1.711651 -2.051953 -0.409102
70.560000 -1.731914 -2.000300 -0.409101
70.570000 -1.751657 -1.948046 -0.409100
70.580000 -1.770875 -1.895208 -0.409100
70.590000 -1.789561 -1.841802 -0.409099
70.600000 -1.807711 -1.787843 -0.409098
70.610000 -1.825318 -1.733347 -0.409098
70.620000 -1.842378 -1.678332 -0.409097
70.630000 -1.858885 -1.622813 -0.409096
70.640000 -1.874834 -1.566807 -0.409096
70.650000 -1.890221 -1.510331 -0.409095
70.660000 -1.905040 -1.453403 -0.409095
70.670000 -1.919289 -1.396038 -0.409094
70.680000 -1.932961 -1.338254 -0.409094
70.690000 -1.946054 -1.280069 -0.409093
70.700000 -1.958563 -1.221499 -0.409093
70.710000 -1.970484 -1.162564 -0.409092
70.720000 -1.981814 -1.103279 -0.409092
70.730000 -1.992549 -1.043664 -0.409091
70.740000 -2.002687 -0.983735 -0.409091
70.750000 -2.012224 -0.923512 -0.409090
70.760000 -2.021157 -0.863011 -0.409090
70.770000 -2.029484 -0.802251 -0.409090
70.780000 -2.037202 -0.741251 -0.409089
70.790000 -2.044309 -0.680028 -0.409089
70.800000 -2.050803 -0.618602 -0.409089
70.810000 -2.056681 -0.556989 -0.409089
70.820000 -2.061943 -0.495210 -0.409088
70.830000 -2.066586 -0.433282 -0.409088
70.840000 -2.070608 -0.371224 -0.409088
70.850000 -2.074010 -0.309055 -0.409088
70.860000 -2.076789 -0.246793 -0.409088
70.870000 -2.078946 -0.184457 -0.409088
70.880000 -2.080479 -0.122065 -0.409088
70.890000 -2.081387 -0.059637 -0.409088
70.900000 -2.081671 0.002808 -0.409087
70.910000 -2.081331 0.065253 -0.409088
70.920000 -2.080366 0.127679 -0.409088
70.930000 -2.078777 0.190066 -0.409088
70.940000 -2.076565 0.252396 -0.409088
70.950000 -2.073730 0.314651 -0.409088
70.960000 -2.070272 0.376811 -0.409088
70.970000 -2.066193 0.438858 -0.409088
70.980000 -2.061495 0.500773 -0.409088
70.990000 -2.056178 0.562538 -0.409089
71.000000 -2.050244 0.624134 -0.409089
71.010000 -2.043695 0.685543 -0.409089
71.020000 -2.036533 0.746747 -0.409089
71.030000 -2.028760 0.807726 -0.409090
71.040000 -2.020379 0.868463 -0.409090
71.050000 -2.011391 0.928940 -0.409090
71.060000 -2.001800 0.989138 -0.409091
71.070000 -1.991608 1.049039 -0.409091
71.080000 -1.980819 1.108625 -0.409092
71.090000 -1.969436 1.167879 -0.409092
71.100000 -1.957461 1.226783 -0.409093
71.110000 -1.944900 1.285318 -0.409093
71.120000 -1.931755 1.343468 -0.409094
71.130000 -1.918031 1.401215 -0.409094
71.140000 -1.903731 1.458541 -0.409095
71.150000 -1.888860 1.515430 -0.409095
71.160000 -1.873422 1.571864 -0.409096
71.170000 -1.857423 1.627827 -0.409097
71.180000 -1.840866 1.683301 -0.409097
71.190000 -1.823757 1.738271 -0.409098
71.200000 -1.806100 1.792718 -0.409098
71.210000 -1.787902 1.846628 -0.409099
71.220000 -1.769168 1.899984 -0.409100
71.230000 -1.749903 1.952771 -0.409101
71.240000 -1.730112 2.004971 -0.409101
71.250000 -1.709803 2.056569 -0.409102
71.260000 -1.688981 2.107551 -0.409103
71.270000 -1.667652 2.157901 -0.409103
71.280000 -1.645823 2.207603 -0.409104
71.290000 -1.623500 2.256643 -0.409105
71.300000 -1.600690 2.305006 -0.409106
71.310000 -1.577400 2.352677 -0.409106
71.320000 -1.553637 2.399642 -0.409107
71.330000 -1.529407 2.445888 -0.409108
71.340000 -1.504719 2.491400 -0.409109
71.350000 -1.479579 2.536164 -0.409109
71.360000 -1.453995 2.580168 -0.409110
71.370000 -1.427976 2.623398 -0.409111
71.380000 -1.401528 2.665840 -0.409112
71.390000 -1.374659 2.707483 -0.409112
71.400000 -1.347378 2.748314 -0.409113
71.410000 -1.319693 2.788320 -0.409114
71.420000 -1.291611 2.827489 -0.409115
71.430000 -1.263143 2.865810 -0.409116
71.440000 -1.234295 2.903272 -0.409116
71.450000 -1.205077 2.939863 -0.409117
71.460000 -1.175498 2.975571 -0.409118
71.470000 -1.145566 3.010387 -0.409118
71.480000 -1.115290 3.044300 -0.409119
71.490000 -1.084680 3.077300 -0.409120
71.500000 -1.053744 3.109376 -0.409120
71.510000 -1.022492 3.140520 -0.409121
71.520000 -0.990934 3.170721 -0.409122
71.530000 -0.959078 3.199971 -0.409122
71.540000 -0.926934 3.228261 -0.409123
71.550000 -0.894513 3.255583 -0.409124
71.560000 -0.861823 3.281928 -0.409124
71.570000 -0.828874 3.307288 -0.409125
71.580000 -0.795677 3.331657 -0.409125
71.590000 -0.762241 3.355026 -0.409126
71.600000 -0.728577 3.377388 -0.409126
71.610000 -0.694693 3.398737 -0.409127
71.620000 -0.660602 3.419066 -0.409127
71.630000 -0.626312 3.438370 -0.409128
71.640000 -0.591834 3.456642 -0.409128
71.650000 -0.557179 3.473877 -0.409129
71.660000 -0.522357 3.490070 -0.409129
71.670000 -0.487378 3.505216 -0.409129
71.680000 -0.452253 3.519311 -0.409130
71.690000 -0.416992 3.532350 -0.409130
71.700000 -0.381606 3.544328 -0.409130
71.710000 -0.346105 3.555244 -0.409131
71.720000 -0.310501 3.565093 -0.409131
71.730000 -0.274803 3.573873 -0.409131
71.740000 -0.239023 3.581580 -0.409131
71.750000 -0.203172 3.588213 -0.409131
71.760000 -0.167259 3.593770 -0.409132
71.770000 -0.131296 3.598248 -0.409132
71.780000 -0.095294 3.601647 -0.409132
71.790000 -0.059263 3.603965 -0.409132
71.800000 -0.023215 3.605202 -0.409132
71.810000 0.012841 3.605358 -0.409132
71.820000 0.048892 3.604432 -0.409132
71.830000 0.084929 3.602425 -0.409132
71.840000 0.120941 3.599336 -0.409132
71.850000 0.156916 3.595169 -0.409132
71.860000 0.192844 3.589922 -0.409131
71.870000 0.228715 3.583599 -0.409131
71.880000 0.264516 3.576200 -0.409131
71.890000 0.300239 3.567729 -0.409131
71.900000 0.335871 3.558187 -0.409131
71.910000 0.371402 3.547578 -0.409130
71.920000 0.406822 3.535905 -0.409130
71.930000 0.442121 3.523171 -0.409130
71.940000 0.477286 3.509380 -0.409129
71.950000 0.512308 3.494536 -0.409129
71.960000 0.547177 3.478644 -0.409129
71.970000 0.581881 3.461708 -0.409128
71.980000 0.616411 3.443733 -0.409128
71.990000 0.650756 3.424726 -0.409127
72.000000 0.684905 3.404691 -0.409127
72.010000 0.718849 3.383635 -0.409127
72.020000 0.752578 3.361563 -0.409126
72.030000 0.786081 3.338483 -0.409125
72.040000 0.819348 3.314402 -0.409125
72.050000 0.852369 3.289326 -0.409124
72.060000 0.885134 3.263264 -0.409124
72.070000 0.917634 3.236222 -0.409123
72.080000 0.949859 3.208210 -0.409123
72.090000 0.981798 3.179235 -0.409122
72.100000 1.013443 3.149306 -0.409121
72.110000 1.044784 3.118433 -0.409121
72.120000 1.075812 3.086624 -0.409120
72.130000 1.106517 3.053889 -0.409119
72.140000 1.136890 3.020238 -0.409119
72.150000 1.166922 2.985681 -0.409118
72.160000 1.196603 2.950228 -0.409117
72.170000 1.225926 2.913890 -0.409116
72.180000 1.254881 2.876678 -0.409116
72.190000 1.283460 2.838603 -0.409115
72.200000 1.311653 2.799676 -0.409114
72.210000 1.339453 2.759909 -0.409113
72.220000 1.366851 2.719315 -0.409113
72.230000 1.393839 2.677904 -0.409112
72.240000 1.420409 2.635691 -0.409111
72.250000 1.446553 2.592686 -0.409110
72.260000 1.472263 2.548904 -0.409110
72.270000 1.497531 2.504357 -0.409109
72.280000 1.522350 2.459059 -0.409108
72.290000 1.546713 2.413023 -0.409107
72.300000 1.570611 2.366263 -0.409107
72.310000 1.594038 2.318793 -0.409106
72.320000 1.616987 2.270628 -0.409105
72.330000 1.639450 2.221781 -0.409104
72.340000 1.661422 2.172268 -0.409104
72.350000 1.682896 2.122103 -0.409103
72.360000 1.703864 2.071302 -0.409102
72.370000 1.724322 2.019879 -0.409101
72.380000 1.744262 1.967851 -0.409101
72.390000 1.763679 1.915231 -0.409100
72.400000 1.782567 1.862038 -0.409099
72.410000 1.800920 1.808285 -0.409099
72.420000 1.818732 1.753991 -0.409098
72.430000 1.835999 1.699170 -0.409097
72.440000 1.852716 1.643839 -0.409097
72.450000 1.868876 1.588015 -0.409096
72.460000 1.884476 1.531715 -0.409095
72.470000 1.899510 1.474955 -0.409095
72.480000 1.913975 1.417753 -0.409094
72.490000 1.927865 1.360125 -0.409094
72.500000 1.941178 1.302089 -0.409093
72.510000 1.953907 1.243663 -0.409093
72.520000 1.966051 1.184864 -0.409092
72.530000 1.977605 1.125709 -0.409092
72.540000 1.988565 1.066216 -0.409091
72.550000 1.998929 1.006404 -0.409091
72.560000 2.008693 0.946290 -0.409091
72.570000 2.017855 0.885891 -0.409090
72.580000 2.026411 0.825227 -0.409090
72.590000 2.034359 0.764316 -0.409089
72.600000 2.041697 0.703175 -0.409089
72.610000 2.048423 0.641823 -0.409089
72.620000 2.054534 0.580279 -0.409089
72.630000 2.060028 0.518561 -0.409088
72.640000 2.064905 0.456687 -0.409088
72.650000 2.069162 0.394676 -0.409088
72.660000 2.072798 0.332546 -0.409088
72.670000 2.075813 0.270317 -0.409088
72.680000 2.078205 0.208007 -0.409088
72.690000 2.079973 0.145634 -0.409088
72.700000 2.081117 0.083218 -0.409088
72.710000 2.081637 0.020776 -0.409088
72.720000 2.081533 -0.041671 -0.409088
72.730000 2.080804 -0.104106 -0.409088
72.740000 2.079451 -0.166510 -0.409088
72.750000 2.077474 -0.228864 -0.409088
72.760000 2.074874 -0.291149 -0.409088
72.770000 2.071651 -0.353347 -0.409088
72.780000 2.067807 -0.415439 -0.409088
72.790000 2.063342 -0.477406 -0.409088
72.800000 2.058258 -0.539230 -0.409088
72.810000 2.052557 -0.600892 -0.409089
72.820000 2.046241 -0.662374 -0.409089
72.830000 2.039310 -0.723658 -0.409089
72.840000 2.031767 -0.784724 -0.409090
72.850000 2.023615 -0.845555 -0.409090
72.860000 2.014856 -0.906132 -0.409090
72.870000 2.005493 -0.966437 -0.409091
72.880000 1.995528 -1.026452 -0.409091
72.890000 1.984964 -1.086160 -0.409092
72.900000 1.973804 -1.145541 -0.409092
72.910000 1.962053 -1.204579 -0.409092
72.920000 1.949713 -1.263255 -0.409093
72.930000 1.936788 -1.321553 -0.409093
72.940000 1.923282 -1.379454 -0.409094
72.950000 1.909199 -1.436941 -0.409095
72.960000 1.894543 -1.493997 -0.409095
72.970000 1.879319 -1.550605 -0.409096
72.980000 1.863531 -1.606748 -0.409096
72.990000 1.847184 -1.662409 -0.409097
73.000000 1.830283 -1.717571 -0.409098
73.010000 1.812832 -1.772217 -0.409098
73.020000 1.794838 -1.826332 -0.409099
73.030000 1.776306 -1.879900 -0.409100
73.040000 1.757240 -1.932903 -0.409100
73.050000 1.737648 -1.985326 -0.409101
73.060000 1.717534 -2.037154 -0.409102
73.070000 1.696905 -2.088370 -0.409102
73.080000 1.675766 -2.138961 -0.409103
73.090000 1.654125 -2.188909 -0.409104
73.100000 1.631988 -2.238201 -0.409105
73.110000 1.609361 -2.286821 -0.409105
73.120000 1.586252 -2.334755 -0.409106
73.130000 1.562666 -2.381989 -0.409107
73.140000 1.538612 -2.428508 -0.409108
73.150000 1.514096 -2.474299 -0.409108
73.160000 1.489126 -2.519347 -0.409109
73.170000 1.463709 -2.563640 -0.409110
73.180000 1.437853 -2.607163 -0.409111
73.190000 1.411566 -2.649904 -0.409111
73.200000 1.384855 -2.691851 -0.409112
73.210000 1.357729 -2.732989 -0.409113
73.220000 1.330195 -2.773308 -0.409114
73.230000 1.302263 -2.812795 -0.409114
73.240000 1.273940 -2.851438 -0.409115
73.250000 1.245234 -2.889226 -0.409116
73.260000 1.216155 -2.926147 -0.409117
73.270000 1.186711 -2.962190 -0.409117
73.280000 1.156911 -2.997344 -0.409118
73.290000 1.126764 -3.031599 -0.409119
73.300000 1.096279 -3.064945 -0.409120
73.310000 1.065465 -3.097371 -0.409120
73.320000 1.034332 -3.128868 -0.409121
73.330000 1.002888 -3.159426 -0.409122
73.340000 0.971143 -3.189037 -0.409122
73.350000 0.939107 -3.217690 -0.409123
73.360000 0.906790 -3.245379 -0.409123
73.370000 0.874200 -3.272094 -0.409124
73.380000 0.841348 -3.297827 -0.409125
73.390000 0.808243 -3.322571 -0.409125
73.400000 0.774896 -3.346318 -0.409126
73.410000 0.741317 -3.369061 -0.409126
73.420000 0.707515 -3.390793 -0.409127
73.430000 0.673501 -3.411509 -0.409127
73.440000 0.639285 -3.431200 -0.409128
73.450000 0.604877 -3.449863 -0.409128
73.460000 0.570288 -3.467490 -0.409128
73.470000 0.535527 -3.484078 -0.409129
73.480000 0.500606 -3.499620 -0.409129
73.490000 0.465535 -3.514112 -0.409130
73.500000 0.430324 -3.527550 -0.409130
73.510000 0.394984 -3.539929 -0.409130
73.520000 0.359525 -3.551247 -0.409130
73.530000 0.323959 -3.561499 -0.409131
73.540000 0.288295 -3.570683 -0.409131
73.550000 0.252545 -3.578795 -0.409131
73.560000 0.216719 -3.585834 -0.409131
73.570000 0.180828 -3.591798 -0.409131
73.580000 0.144883 -3.596683 -0.409132
73.590000 0.108895 -3.600490 -0.409132
73.600000 0.072874 -3.603217 -0.409132
73.610000 0.036830 -3.604862 -0.409132
73.620000 0.000776 -3.605426 -0.409132
73.630000 -0.035278 -3.604909 -0.409132
73.640000 -0.071322 -3.603310 -0.409132
73.650000 -0.107344 -3.600630 -0.409132
73.660000 -0.143334 -3.596870 -0.409132
73.670000 -0.179282 -3.592030 -0.409131
73.680000 -0.215175 -3.586113 -0.409131
73.690000 -0.251004 -3.579121 -0.409131
73.700000 -0.286757 -3.571054 -0.409131
73.710000 -0.322425 -3.561917 -0.409131
73.720000 -0.357996 -3.551710 -0.409131
73.730000 -0.393459 -3.540438 -0.409130
73.740000 -0.428805 -3.528104 -0.409130
73.750000 -0.464021 -3.514712 -0.409130
73.760000 -0.499099 -3.500265 -0.409129
73.770000 -0.534027 -3.484768 -0.409129
73.780000 -0.568794 -3.468226 -0.409129
73.790000 -0.603391 -3.450643 -0.409128
73.800000 -0.637807 -3.432025 -0.409128
73.810000 -0.672032 -3.412378 -0.409127
73.820000 -0.706055 -3.391706 -0.409127
73.830000 -0.739866 -3.370018 -0.409126
73.840000 -0.773455 -3.347318 -0.409126
73.850000 -0.806812 -3.323614 -0.409125
73.860000 -0.839927 -3.298913 -0.409125
73.870000 -0.872790 -3.273222 -0.409124
73.880000 -0.905392 -3.246549 -0.409123
73.890000 -0.937721 -3.218903 -0.409123
73.900000 -0.969770 -3.190290 -0.409122
73.910000 -1.001527 -3.160721 -0.409122
73.920000 -1.032984 -3.130203 -0.409121
73.930000 -1.064131 -3.098746 -0.409120
73.940000 -1.094959 -3.066360 -0.409120
73.950000 -1.125458 -3.033054 -0.409119
73.960000 -1.155620 -2.998838 -0.409118
73.970000 -1.185435 -2.963722 -0.409117
73.980000 -1.214895 -2.927717 -0.409117
73.990000 -1.243989 -2.890834 -0.409116
74.000000 -1.272711 -2.853083 -0.409115
74.010000 -1.301051 -2.814477 -0.409115
74.020000 -1.329001 -2.775026 -0.409114
74.030000 -1.356552 -2.734743 -0.409113
74.040000 -1.383696 -2.693639 -0.409112
74.050000 -1.410424 -2.651727 -0.409111
74.060000 -1.436730 -2.609020 -0.409111
74.070000 -1.462605 -2.565530 -0.409110
74.080000 -1.488041 -2.521270 -0.409109
74.090000 -1.513030 -2.476254 -0.409108
74.100000 -1.537566 -2.430495 -0.409108
74.110000 -1.561640 -2.384007 -0.409107
74.120000 -1.585246 -2.336804 -0.409106
74.130000 -1.608376 -2.288899 -0.409105
74.140000 -1.631024 -2.240308 -0.409105
74.150000 -1.653182 -2.191045 -0.409104
74.160000 -1.674845 -2.141125 -0.409103
74.170000 -1.696005 -2.090562 -0.409102
74.180000 -1.716656 -2.039372 -0.409102
74.190000 -1.736792 -1.987570 -0.409101
74.200000 -1.756408 -1.935172 -0.409100
74.210000 -1.775496 -1.882194 -0.409100
74.220000 -1.794051 -1.828651 -0.409099
74.230000 -1.812069 -1.774559 -0.409098
74.240000 -1.829543 -1.719935 -0.409098
74.250000 -1.846467 -1.664795 -0.409097
74.260000 -1.862838 -1.609155 -0.409096
74.270000 -1.878651 -1.553033 -0.409096
74.280000 -1.893899 -1.496444 -0.409095
74.290000 -1.908579 -1.439407 -0.409095
74.300000 -1.922687 -1.381938 -0.409094
74.310000 -1.936218 -1.324055 -0.409093
74.320000 -1.949168 -1.265774 -0.409093
74.330000 -1.961534 -1.207113 -0.409092
74.340000 -1.973311 -1.148091 -0.409092
74.350000 -1.984496 -1.088723 -0.409092
74.360000 -1.995085 -1.029030 -0.409091
74.370000 -2.005076 -0.969027 -0.409091
74.380000 -2.014466 -0.908734 -0.409090
74.390000 -2.023251 -0.848168 -0.409090
74.400000 -2.031429 -0.787348 -0.409090
74.410000 -2.038998 -0.726292 -0.409089
74.420000 -2.045955 -0.665018 -0.409089
74.430000 -2.052298 -0.603544 -0.409089
74.440000 -2.058026 -0.541889 -0.409089
74.450000 -2.063136 -0.480072 -0.409088
74.460000 -2.067627 -0.418110 -0.409088
74.470000 -2.071498 -0.356023 -0.409088
74.480000 -2.074748 -0.293830 -0.409088
74.490000 -2.077375 -0.231548 -0.409088
74.500000 -2.079379 -0.169196 -0.409088
74.510000 -2.080759 -0.106794 -0.409088
74.520000 -2.081514 -0.044360 -0.409088
74.530000 -2.081646 0.018087 -0.409088
74.540000 -2.081153 0.080529 -0.409088
74.550000 -2.080035 0.142947 -0.409088
74.560000 -2.078294 0.205322 -0.409088
74.570000 -2.075929 0.267635 -0.409088
74.580000 -2.072941 0.329868 -0.409088
74.590000 -2.069331 0.392002 -0.409088
74.600000 -2.065101 0.454019 -0.409088
74.610000 -2.060251 0.515899 -0.409088
74.620000 -2.054783 0.577625 -0.409089
74.630000 -2.048699 0.639177 -0.409089
74.640000 -2.041999 0.700537 -0.409089
74.650000 -2.034688 0.761688 -0.409089
74.660000 -2.026766 0.822609 -0.409090
74.670000 -2.018236 0.883284 -0.409090
74.680000 -2.009100 0.943695 -0.409091
74.690000 -1.999362 1.003821 -0.409091
74.700000 -1.989024 1.063647 -0.409091
74.710000 -1.978089 1.123154 -0.409092
74.720000 -1.966561 1.182324 -0.409092
74.730000 -1.954442 1.241139 -0.409093
74.740000 -1.941738 1.299581 -0.409093
74.750000 -1.928451 1.357634 -0.409094
74.760000 -1.914585 1.415280 -0.409094
74.770000 -1.900145 1.472501 -0.409095
74.780000 -1.885135 1.529280 -0.409095
74.790000 -1.869559 1.585600 -0.409096
74.800000 -1.853423 1.641445 -0.409097
74.810000 -1.836731 1.696797 -0.409097
74.820000 -1.819487 1.751641 -0.409098
74.830000 -1.801698 1.805958 -0.409099
74.840000 -1.783368 1.859734 -0.409099
74.850000 -1.764503 1.912952 -0.409100
74.860000 -1.745109 1.965597 -0.409101
74.870000 -1.725191 2.017651 -0.409101
74.880000 -1.704756 2.069100 -0.409102
74.890000 -1.683809 2.119929 -0.409103
74.900000 -1.662357 2.170121 -0.409104
74.910000 -1.640407 2.219663 -0.409104
74.920000 -1.617964 2.268538 -0.409105
74.930000 -1.595036 2.316733 -0.409106
74.940000 -1.571629 2.364233 -0.409107
74.950000 -1.547751 2.411024 -0.409107
74.960000 -1.523409 2.457091 -0.409108
74.970000 -1.498609 2.502422 -0.409109
74.980000 -1.473360 2.547001 -0.409110
74.990000 -1.447669 2.590817 -0.409110
75.000000 -1.421544 2.633855 -0.409111
75.010000 -1.394992 2.676103 -0.409112
75.020000 -1.368022 2.717548 -0.409113
75.030000 -1.340641 2.758178 -0.409113
75.040000 -1.312858 2.797981 -0.409114
75.050000 -1.284682 2.836944 -0.409115
75.060000 -1.256120 2.875056 -0.409116
75.070000 -1.227181 2.912305 -0.409116
75.080000 -1.197874 2.948681 -0.409117
75.090000 -1.168207 2.984172 -0.409118
75.100000 -1.138190 3.018768 -0.409119
75.110000 -1.107832 3.052459 -0.409119
75.120000 -1.077141 3.085233 -0.409120
75.130000 -1.046127 3.117082 -0.409121
75.140000 -1.014799 3.147996 -0.409121
75.150000 -0.983167 3.177966 -0.409122
75.160000 -0.951240 3.206982 -0.409123
75.170000 -0.919027 3.235036 -0.409123
75.180000 -0.886539 3.262119 -0.409124
75.190000 -0.853785 3.288224 -0.409124
75.200000 -0.820775 3.313342 -0.409125
75.210000 -0.787518 3.337467 -0.409125
75.220000 -0.754025 3.360590 -0.409126
75.230000 -0.720306 3.382705 -0.409127
75.240000 -0.686371 3.403805 -0.409127
75.250000 -0.652230 3.423884 -0.409127
75.260000 -0.617894 3.442936 -0.409128
75.270000 -0.583372 3.460955 -0.409128
75.280000 -0.548675 3.477936 -0.409129
75.290000 -0.513813 3.493873 -0.409129
75.300000 -0.478797 3.508762 -0.409129
75.310000 -0.443638 3.522599 -0.409130
75.320000 -0.408345 3.535378 -0.409130
75.330000 -0.372930 3.547098 -0.409130
75.340000 -0.337403 3.557753 -0.409131
75.350000 -0.301775 3.567340 -0.409131
75.360000 -0.266056 3.575858 -0.409131
75.370000 -0.230258 3.583302 -0.409131
75.380000 -0.194390 3.589672 -0.409131
75.390000 -0.158464 3.594965 -0.409132
75.400000 -0.122491 3.599179 -0.409132
75.410000 -0.086481 3.602314 -0.409132
75.420000 -0.050445 3.604368 -0.409132
75.430000 -0.014393 3.605340 -0.409132
75.440000 0.021662 3.605231 -0.409132
75.450000 0.057711 3.604041 -0.409132
75.460000 0.093743 3.601769 -0.409132
75.470000 0.129747 3.598417 -0.409132
75.480000 0.165711 3.593985 -0.409132
75.490000 0.201626 3.588475 -0.409131
75.500000 0.237481 3.581888 -0.409131
75.510000 0.273264 3.574227 -0.409131
75.520000 0.308965 3.565493 -0.409131
75.530000 0.344574 3.555690 -0.409131
75.540000 0.380079 3.544820 -0.409130
75.550000 0.415470 3.532887 -0.409130
75.560000 0.450737 3.519894 -0.409130
75.570000 0.485868 3.505845 -0.409129
75.580000 0.520854 3.490744 -0.409129
75.590000 0.555683 3.474596 -0.409129
75.600000 0.590346 3.457406 -0.409128
75.610000 0.624831 3.439178 -0.409128
75.620000 0.659129 3.419919 -0.409127
75.630000 0.693230 3.399633 -0.409127
75.640000 0.727122 3.378328 -0.409126
75.650000 0.760796 3.356009 -0.409126
75.660000 0.794242 3.332684 -0.409125
75.670000 0.827450 3.308358 -0.409125
75.680000 0.860409 3.283040 -0.409124
75.690000 0.893111 3.256738 -0.409124
75.700000 0.925544 3.229458 -0.409123
75.710000 0.957700 3.201209 -0.409122
75.720000 0.989568 3.172000 -0.409122
75.730000 1.021140 3.141840 -0.409121
75.740000 1.052405 3.110736 -0.409120
75.750000 1.083354 3.078700 -0.409120
75.760000 1.113979 3.045740 -0.409119
75.770000 1.144269 3.011866 -0.409118
75.780000 1.174216 2.977089 -0.409118
75.790000 1.203811 2.941419 -0.409117
75.800000 1.233045 2.904866 -0.409116
75.810000 1.261908 2.867441 -0.409116
75.820000 1.290393 2.829157 -0.409115
75.830000 1.318491 2.790024 -0.409114
75.840000 1.346194 2.750053 -0.409113
75.850000 1.373493 2.709258 -0.409113
75.860000 1.400379 2.667650 -0.409112
75.870000 1.426846 2.625242 -0.409111
75.880000 1.452884 2.582046 -0.409110
75.890000 1.478486 2.538075 -0.409109
75.900000 1.503645 2.493343 -0.409109
75.910000 1.528353 2.447863 -0.409108
75.920000 1.552603 2.401649 -0.409107
75.930000 1.576386 2.354714 -0.409106
75.940000 1.599697 2.307073 -0.409106
75.950000 1.622528 2.258739 -0.409105
75.960000 1.644872 2.209728 -0.409104
75.970000 1.666722 2.160054 -0.409103
75.980000 1.688073 2.109733 -0.409103
75.990000 1.708917 2.058778 -0.409102
76.000000 1.729248 2.007205 -0.409101
76.010000 1.749061 1.955031 -0.409101
76.020000 1.768349 1.902269 -0.409100
76.030000 1.787106 1.848938 -0.409099
76.040000 1.805328 1.795051 -0.409098
76.050000 1.823007 1.740626 -0.409098
76.060000 1.840140 1.685679 -0.409097
76.070000 1.856721 1.630226 -0.409097
76.080000 1.872745 1.574284 -0.409096
76.090000 1.888207 1.517870 -0.409095
76.100000 1.903102 1.461000 -0.409095
76.110000 1.917427 1.403692 -0.409094
76.120000 1.931176 1.345963 -0.409094
76.130000 1.944346 1.287830 -0.409093
76.140000 1.956933 1.229311 -0.409093
76.150000 1.968932 1.170423 -0.409092
76.160000 1.980341 1.111184 -0.409092
76.170000 1.991156 1.051611 -0.409091
76.180000 2.001373 0.991724 -0.409091
76.190000 2.010990 0.931538 -0.409090
76.200000 2.020004 0.871073 -0.409090
76.210000 2.028412 0.810347 -0.409090
76.220000 2.036211 0.749378 -0.409089
76.230000 2.043399 0.688183 -0.409089
76.240000 2.049975 0.626783 -0.409089
76.250000 2.055935 0.565194 -0.409089
76.260000 2.061279 0.503436 -0.409088
76.270000 2.066004 0.441527 -0.409088
76.280000 2.070109 0.379485 -0.409088
76.290000 2.073593 0.317330 -0.409088
76.300000 2.076456 0.255079 -0.409088
76.310000 2.078695 0.192752 -0.409088
76.320000 2.080311 0.130366 -0.409088
76.330000 2.081302 0.067942 -0.409088
76.340000 2.081670 0.005498 -0.409087
76.350000 2.081412 -0.056949 -0.409088
76.360000 2.080531 -0.119378 -0.409088
76.370000 2.079025 -0.181771 -0.409088
76.380000 2.076895 -0.244110 -0.409088
76.390000 2.074143 -0.306375 -0.409088
76.400000 2.070768 -0.368549 -0.409088
76.410000 2.066772 -0.430612 -0.409088
76.420000 2.062155 -0.492546 -0.409088
76.430000 2.056921 -0.554332 -0.409089
76.440000 2.051069 -0.615952 -0.409089
76.450000 2.044602 -0.677387 -0.409089
76.460000 2.037521 -0.738619 -0.409089
76.470000 2.029829 -0.799629 -0.409090
76.480000 2.021528 -0.860400 -0.409090
76.490000 2.012621 -0.920912 -0.409090
76.500000 2.003110 -0.981148 -0.409091
76.510000 1.992998 -1.041089 -0.409091
76.520000 1.982288 -1.100719 -0.409092
76.530000 1.970984 -1.160018 -0.409092
76.540000 1.959088 -1.218969 -0.409093
76.550000 1.946605 -1.277554 -0.409093
76.560000 1.933537 -1.335756 -0.409094
76.570000 1.919889 -1.393558 -0.409094
76.580000 1.905666 -1.450941 -0.409095
76.590000 1.890871 -1.507889 -0.409095
76.600000 1.875508 -1.564385 -0.409096
76.610000 1.859583 -1.620411 -0.409096
76.620000 1.843100 -1.675951 -0.409097
76.630000 1.826064 -1.730989 -0.409098
76.640000 1.808480 -1.785507 -0.409098
76.650000 1.790354 -1.839490 -0.409099
76.660000 1.771690 -1.892920 -0.409100
76.670000 1.752495 -1.945783 -0.409100
76.680000 1.732775 -1.998062 -0.409101
76.690000 1.712534 -2.049742 -0.409102
76.700000 1.691780 -2.100806 -0.409103
76.710000 1.670518 -2.151241 -0.409103
76.720000 1.648755 -2.201030 -0.409104
76.730000 1.626497 -2.250159 -0.409105
76.740000 1.603752 -2.298612 -0.409106
76.750000 1.580525 -2.346377 -0.409106
76.760000 1.556824 -2.393437 -0.409107
76.770000 1.532656 -2.439779 -0.409108
76.780000 1.508029 -2.485389 -0.409109
76.790000 1.482949 -2.530254 -0.409109
76.800000 1.457424 -2.574360 -0.409110
76.810000 1.431461 -2.617693 -0.409111
76.820000 1.405070 -2.660241 -0.409112
76.830000 1.378257 -2.701991 -0.409112
76.840000 1.351030 -2.742930 -0.409113
76.850000 1.323398 -2.783046 -0.409114
76.860000 1.295369 -2.822328 -0.409115
76.870000 1.266951 -2.860763 -0.409115
76.880000 1.238154 -2.898339 -0.409116
76.890000 1.208985 -2.935046 -0.409117
76.900000 1.179453 -2.970873 -0.409118
76.910000 1.149567 -3.005808 -0.409118
76.920000 1.119337 -3.039842 -0.409119
76.930000 1.088770 -3.072963 -0.409120
76.940000 1.057877 -3.105163 -0.409120
76.950000 1.026667 -3.136431 -0.409121
76.960000 0.995149 -3.166759 -0.409122
76.970000 0.963332 -3.196136 -0.409122
76.980000 0.931226 -3.224554 -0.409123
76.990000 0.898841 -3.252005 -0.409124
77.000000 0.866186 -3.278481 -0.409124
77.010000 0.833271 -3.303972 -0.409125
77.020000 0.800106 -3.328473 -0.409125
77.030000 0.766702 -3.351975 -0.409126
77.040000 0.733067 -3.374472 -0.409126
77.050000 0.699212 -3.395956 -0.409127
77.060000 0.665148 -3.416421 -0.409127
77.070000 0.630884 -3.435862 -0.409128
77.080000 0.596431 -3.454271 -0.409128
77.090000 0.561798 -3.471645 -0.409129
77.100000 0.526998 -3.487977 -0.409129
77.110000 0.492039 -3.503262 -0.409129
77.120000 0.456932 -3.517497 -0.409130
77.130000 0.421689 -3.530676 -0.409130
77.140000 0.386319 -3.542796 -0.409130
77.150000 0.350833 -3.553854 -0.409131
77.160000 0.315242 -3.563845 -0.409131
77.170000 0.279556 -3.572767 -0.409131
77.180000 0.243787 -3.580617 -0.409131
77.190000 0.207944 -3.587393 -0.409131
77.200000 0.172039 -3.593093 -0.409132
77.210000 0.136082 -3.597714 -0.409132
77.220000 0.100084 -3.601257 -0.409132
77.230000 0.064057 -3.603719 -0.409132
77.240000 0.028010 -3.605100 -0.409132
77.250000 -0.008045 -3.605400 -0.409132
77.260000 -0.044098 -3.604617 -0.409132
77.270000 -0.080138 -3.602754 -0.409132
77.280000 -0.116153 -3.599810 -0.409132
77.290000 -0.152134 -3.595785 -0.409132
77.300000 -0.188069 -3.590682 -0.409131
77.310000 -0.223947 -3.584502 -0.409131
77.320000 -0.259759 -3.577246 -0.409131
77.330000 -0.295492 -3.568918 -0.409131
77.340000 -0.331137 -3.559518 -0.409131
77.350000 -0.366683 -3.549051 -0.409130
77.360000 -0.402118 -3.537519 -0.409130
77.370000 -0.437433 -3.524926 -0.409130
77.380000 -0.472617 -3.511275 -0.409130
77.390000 -0.507659 -3.496571 -0.409129
77.400000 -0.542548 -3.480818 -0.409129
77.410000 -0.577275 -3.464020 -0.409128
77.420000 -0.611828 -3.446184 -0.409128
77.430000 -0.646199 -3.427313 -0.409128
77.440000 -0.680375 -3.407415 -0.409127
77.450000 -0.714347 -3.386494 -0.409127
77.460000 -0.748105 -3.364557 -0.409126
77.470000 -0.781638 -3.341611 -0.409126
77.480000 -0.814937 -3.317662 -0.409125
77.490000 -0.847991 -3.292718 -0.409124
77.500000 -0.880791 -3.266787 -0.409124
77.510000 -0.913327 -3.239875 -0.409123
77.520000 -0.945589 -3.211991 -0.409123
77.530000 -0.977567 -3.183144 -0.409122
77.540000 -1.009252 -3.153342 -0.409121
77.550000 -1.040634 -3.122593 -0.409121
77.560000 -1.071703 -3.090908 -0.409120
77.570000 -1.102452 -3.058296 -0.409119
77.580000 -1.132869 -3.024766 -0.409119
77.590000 -1.162947 -2.990329 -0.409118
77.600000 -1.192676 -2.954994 -0.409117
77.610000 -1.222047 -2.918774 -0.409117
77.620000 -1.251051 -2.881677 -0.409116
77.630000 -1.279681 -2.843716 -0.409115
77.640000 -1.307926 -2.804902 -0.409114
77.650000 -1.335779 -2.765247 -0.409114
77.660000 -1.363231 -2.724761 -0.409113
77.670000 -1.390274 -2.683459 -0.409112
77.680000 -1.416900 -2.641351 -0.409111
77.690000 -1.443101 -2.598451 -0.409111
77.700000 -1.468869 -2.554772 -0.409110
77.710000 -1.494196 -2.510326 -0.409109
77.720000 -1.519075 -2.465127 -0.409108
77.730000 -1.543499 -2.419188 -0.409107
77.740000 -1.567459 -2.372524 -0.409107
77.750000 -1.590949 -2.325147 -0.409106
77.760000 -1.613962 -2.277074 -0.409105
77.770000 -1.636491 -2.228317 -0.409104
77.780000 -1.658528 -2.178892 -0.409104
77.790000 -1.680069 -2.128813 -0.409103
77.800000 -1.701105 -2.078095 -0.409102
77.810000 -1.721630 -2.026754 -0.409102
77.820000 -1.741640 -1.974805 -0.409101
77.830000 -1.761127 -1.922264 -0.409100
77.840000 -1.780085 -1.869145 -0.409099
77.850000 -1.798509 -1.815467 -0.409099
77.860000 -1.816394 -1.761243 -0.409098
77.870000 -1.833734 -1.706491 -0.409097
77.880000 -1.850524 -1.651227 -0.409097
77.890000 -1.866759 -1.595468 -0.409096
77.900000 -1.882434 -1.539230 -0.409096
77.910000 -1.897543 -1.482530 -0.409095
77.920000 -1.912084 -1.425386 -0.409094
77.930000 -1.926051 -1.367814 -0.409094
77.940000 -1.939440 -1.309832 -0.409093
77.950000 -1.952248 -1.251456 -0.409093
77.960000 -1.964470 -1.192705 -0.409092
77.970000 -1.976102 -1.133597 -0.409092
77.980000 -1.987142 -1.074148 -0.409091
77.990000 -1.997585 -1.014377 -0.409091
78.000000 -2.007429 -0.954302 -0.409091
78.010000 -2.016671 -0.893941 -0.409090
78.020000 -2.025308 -0.833311 -0.409090
78.030000 -2.033337 -0.772431 -0.409090
78.040000 -2.040756 -0.711320 -0.409089
78.050000 -2.047564 -0.649995 -0.409089
78.060000 -2.053756 -0.588475 -0.409089
78.070000 -2.059333 -0.526779 -0.409088
78.080000 -2.064292 -0.464925 -0.409088
78.090000 -2.068632 -0.402931 -0.409088
78.100000 -2.072351 -0.340816 -0.409088
78.110000 -2.075448 -0.278599 -0.409088
78.120000 -2.077923 -0.216298 -0.409088
78.130000 -2.079774 -0.153933 -0.409088
78.140000 -2.081001 -0.091521 -0.409088
78.150000 -2.081604 -0.029082 -0.409088
78.160000 -2.081583 0.033366 -0.409088
78.170000 -2.080937 0.095803 -0.409088
78.180000 -2.079667 0.158212 -0.409088
78.190000 -2.077773 0.220574 -0.409088
78.200000 -2.075255 0.282869 -0.409088
78.210000 -2.072115 0.345080 -0.409088
78.220000 -2.068354 0.407187 -0.409088
78.230000 -2.063972 0.469172 -0.409088
78.240000 -2.058970 0.531016 -0.409088
78.250000 -2.053351 0.592701 -0.409089
78.260000 -2.047116 0.654208 -0.409089
78.270000 -2.040267 0.715519 -0.409089
78.280000 -2.032806 0.776615 -0.409090
78.290000 -2.024735 0.837478 -0.409090
78.300000 -2.016056 0.898090 -0.409090
78.310000 -2.006773 0.958432 -0.409091
78.320000 -1.996888 1.018487 -0.409091
78.330000 -1.986403 1.078236 -0.409091
78.340000 -1.975323 1.137662 -0.409092
78.350000 -1.963650 1.196747 -0.409092
78.360000 -1.951388 1.255472 -0.409093
78.370000 -1.938541 1.313821 -0.409093
78.380000 -1.925112 1.371776 -0.409094
78.390000 -1.911105 1.429319 -0.409094
78.400000 -1.896525 1.486434 -0.409095
78.410000 -1.881376 1.543102 -0.409096
78.420000 -1.865663 1.599308 -0.409096
78.430000 -1.849390 1.655034 -0.409097
78.440000 -1.832562 1.710263 -0.409097
78.450000 -1.815185 1.764979 -0.409098
78.460000 -1.797263 1.819166 -0.409099
78.470000 -1.778802 1.872807 -0.409099
78.480000 -1.759807 1.925886 -0.409100
78.490000 -1.740284 1.978387 -0.409101
78.500000 -1.720239 2.030295 -0.409102
78.510000 -1.699678 2.081594 -0.409102
78.520000 -1.678607 2.132268 -0.409103
78.530000 -1.657033 2.182303 -0.409104
78.540000 -1.634961 2.231683 -0.409104
78.550000 -1.612399 2.280393 -0.409105
78.560000 -1.589353 2.328420 -0.409106
78.570000 -1.565831 2.375747 -0.409107
78.580000 -1.541838 2.422362 -0.409108
78.590000 -1.517383 2.468251 -0.409108
78.600000 -1.492473 2.513398 -0.409109
78.610000 -1.467115 2.557792 -0.409110
78.620000 -1.441317 2.601419 -0.409111
78.630000 -1.415087 2.644265 -0.409111
78.640000 -1.388432 2.686318 -0.409112
78.650000 -1.361361 2.727565 -0.409113
78.660000 -1.333881 2.767993 -0.409114
78.670000 -1.306001 2.807591 -0.409114
78.680000 -1.277729 2.846347 -0.409115
78.690000 -1.249074 2.884249 -0.409116
78.700000 -1.220044 2.921286 -0.409117
78.710000 -1.190648 2.957447 -0.409117
78.720000 -1.160895 2.992720 -0.409118
78.730000 -1.130794 3.027095 -0.409119
78.740000 -1.100353 3.060562 -0.409119
78.750000 -1.069582 3.093111 -0.409120
78.760000 -1.038491 3.124732 -0.409121
78.770000 -1.007088 3.155416 -0.409121
78.780000 -0.975383 3.185153 -0.409122
78.790000 -0.943385 3.213935 -0.409123
78.800000 -0.911104 3.241752 -0.409123
78.810000 -0.878550 3.268597 -0.409124
78.820000 -0.845732 3.294461 -0.409125
78.830000 -0.812661 3.319337 -0.409125
78.840000 -0.779345 3.343217 -0.409126
78.850000 -0.745796 3.366094 -0.409126
78.860000 -0.712023 3.387961 -0.409127
78.870000 -0.678037 3.408812 -0.409127
78.880000 -0.643847 3.428641 -0.409128
78.890000 -0.609464 3.447440 -0.409128
78.900000 -0.574898 3.465206 -0.409128
78.910000 -0.540160 3.481932 -0.409129
78.920000 -0.505260 3.497613 -0.409129
78.930000 -0.470208 3.512245 -0.409130
78.940000 -0.435015 3.525823 -0.409130
78.950000 -0.399691 3.538344 -0.409130
78.960000 -0.364248 3.549803 -0.409130
78.970000 -0.328695 3.560197 -0.409131
78.980000 -0.293044 3.569523 -0.409131
78.990000 -0.257305 3.577778 -0.409131
79.000000 -0.221488 3.584960 -0.409131
79.010000 -0.185606 3.591067 -0.409131
79.020000 -0.149667 3.596096 -0.409132
79.030000 -0.113684 3.600046 -0.409132
79.040000 -0.077666 3.602916 -0.409132
79.050000 -0.041625 3.604706 -0.409132
79.060000 -0.005572 3.605414 -0.409132
79.070000 0.030483 3.605040 -0.409132
79.080000 0.066529 3.603585 -0.409132
79.090000 0.102555 3.601048 -0.409132
79.100000 0.138550 3.597432 -0.409132
79.110000 0.174503 3.592736 -0.409132
79.120000 0.210404 3.586962 -0.409131
79.130000 0.246243 3.580113 -0.409131
79.140000 0.282007 3.572189 -0.409131
79.150000 0.317686 3.563194 -0.409131
79.160000 0.353271 3.553129 -0.409131
79.170000 0.388749 3.541999 -0.409130
79.180000 0.424111 3.529806 -0.409130
79.190000 0.459345 3.516554 -0.409130
79.200000 0.494442 3.502247 -0.409129
79.210000 0.529390 3.486890 -0.409129
79.220000 0.564179 3.470486 -0.409129
79.230000 0.598800 3.453042 -0.409128
79.240000 0.633240 3.434561 -0.409128
79.250000 0.667491 3.415050 -0.409127
79.260000 0.701541 3.394515 -0.409127
79.270000 0.735381 3.372961 -0.409126
79.280000 0.769000 3.350395 -0.409126
79.290000 0.802389 3.326824 -0.409125
79.300000 0.835537 3.302255 -0.409125
79.310000 0.868434 3.276696 -0.409124
79.320000 0.901071 3.250153 -0.409124
79.330000 0.933437 3.222636 -0.409123
79.340000 0.965524 3.194151 -0.409122
79.350000 0.997320 3.164709 -0.409122
79.360000 1.028818 3.134317 -0.409121
79.370000 1.060007 3.102984 -0.409120
79.380000 1.090877 3.070721 -0.409120
79.390000 1.121421 3.037536 -0.409119
79.400000 1.151628 3.003441 -0.409118
79.410000 1.181490 2.968444 -0.409118
79.420000 1.210997 2.932557 -0.409117
79.430000 1.240141 2.895790 -0.409116
79.440000 1.268913 2.858154 -0.409115
79.450000 1.297304 2.819660 -0.409115
79.460000 1.325306 2.780321 -0.409114
79.470000 1.352910 2.740148 -0.409113
79.480000 1.380109 2.699153 -0.409112
79.490000 1.406894 2.657348 -0.409112
79.500000 1.433256 2.614746 -0.409111
79.510000 1.459188 2.571359 -0.409110
79.520000 1.484683 2.527201 -0.409109
79.530000 1.509732 2.482285 -0.409109
79.540000 1.534329 2.436624 -0.409108
79.550000 1.558465 2.390232 -0.409107
79.560000 1.582133 2.343123 -0.409106
79.570000 1.605327 2.295311 -0.409105
79.580000 1.628040 2.246810 -0.409105
79.590000 1.650264 2.197636 -0.409104
79.600000 1.671992 2.147802 -0.409103
79.610000 1.693220 2.097324 -0.409102
79.620000 1.713939 2.046216 -0.409102
79.630000 1.734144 1.994495 -0.409101
79.640000 1.753829 1.942176 -0.409100
79.650000 1.772987 1.889273 -0.409100
79.660000 1.791614 1.835804 -0.409099
79.670000 1.809704 1.781784 -0.409098
79.680000 1.827250 1.727230 -0.409098
79.690000 1.844248 1.672158 -0.409097
79.700000 1.860693 1.616584 -0.409096
79.710000 1.876580 1.560524 -0.409096
79.720000 1.891904 1.503997 -0.409095
79.730000 1.906660 1.447019 -0.409095
79.740000 1.920844 1.389606 -0.409094
79.750000 1.934452 1.331777 -0.409094
79.760000 1.947480 1.273548 -0.409093
79.770000 1.959923 1.214937 -0.409093
79.780000 1.971778 1.155961 -0.409092
79.790000 1.983042 1.096639 -0.409092
79.800000 1.993711 1.036988 -0.409091
79.810000 2.003782 0.977025 -0.409091
79.820000 2.013252 0.916770 -0.409090
79.830000 2.022117 0.856239 -0.409090
79.840000 2.030376 0.795452 -0.409090
79.850000 2.038026 0.734426 -0.409089
79.860000 2.045065 0.673179 -0.409089
79.870000 2.051490 0.611731 -0.409089
79.880000 2.057299 0.550099 -0.409089
79.890000 2.062492 0.488302 -0.409088
79.900000 2.067065 0.426359 -0.409088
79.910000 2.071019 0.364288 -0.409088
79.920000 2.074351 0.302107 -0.409088
79.930000 2.077061 0.239836 -0.409088
79.940000 2.079148 0.177493 -0.409088
79.950000 2.080611 0.115097 -0.409088
79.960000 2.081450 0.052666 -0.409088
79.970000 2.081664 -0.009781 -0.409088
79.980000 2.081254 -0.072225 -0.409088
79.990000 2.080220 -0.134647 -0.409088
80.000000 2.078561 -0.197029 -0.409088
80.010000 2.076279 -0.259351 -0.409088
80.020000 2.073374 -0.321596 -0.409088
80.030000 2.069847 -0.383744 -0.409088
80.040000 2.065699 -0.445778 -0.409088
80.050000 2.060932 -0.507677 -0.409088
80.060000 2.055546 -0.569424 -0.409089
80.070000 2.049543 -0.631001 -0.409089
80.080000 2.042926 -0.692388 -0.409089
80.090000 2.035696 -0.753567 -0.409089
80.100000 2.027855 -0.814520 -0.409090
80.110000 2.019405 -0.875229 -0.409090
80.120000 2.010350 -0.935675 -0.409090
80.130000 2.000692 -0.995841 -0.409091
80.140000 1.990433 -1.055708 -0.409091
80.150000 1.979577 -1.115258 -0.409092
80.160000 1.968128 -1.174474 -0.409092
80.170000 1.956088 -1.233337 -0.409093
80.180000 1.943461 -1.291830 -0.409093
80.190000 1.930251 -1.349936 -0.409094
80.200000 1.916463 -1.407637 -0.409094
80.210000 1.902099 -1.464915 -0.409095
80.220000 1.887164 -1.521754 -0.409095
80.230000 1.871664 -1.578136 -0.409096
80.240000 1.855601 -1.634045 -0.409097
80.250000 1.838983 -1.689464 -0.409097
80.260000 1.821812 -1.744376 -0.409098
80.270000 1.804095 -1.798765 -0.409099
80.280000 1.785837 -1.852614 -0.409099
80.290000 1.767043 -1.905907 -0.409100
80.300000 1.747719 -1.958628 -0.409101
80.310000 1.727870 -2.010762 -0.409101
80.320000 1.707504 -2.062293 -0.409102
80.330000 1.686624 -2.113205 -0.409103
80.340000 1.665239 -2.163483 -0.409103
80.350000 1.643355 -2.213111 -0.409104
80.360000 1.620977 -2.262076 -0.409105
80.370000 1.598113 -2.310363 -0.409106
80.380000 1.574770 -2.357956 -0.409106
80.390000 1.550954 -2.404842 -0.409107
80.400000 1.526673 -2.451006 -0.409108
80.410000 1.501934 -2.496435 -0.409109
80.420000 1.476744 -2.541116 -0.409110
80.430000 1.451112 -2.585033 -0.409110
80.440000 1.425044 -2.628176 -0.409111
80.450000 1.398548 -2.670530 -0.409112
80.460000 1.371633 -2.712082 -0.409113
80.470000 1.344307 -2.752821 -0.409113
80.480000 1.316577 -2.792735 -0.409114
80.490000 1.288452 -2.831810 -0.409115
80.500000 1.259941 -2.870036 -0.409116
80.510000 1.231051 -2.907401 -0.409116
80.520000 1.201792 -2.943894 -0.409117
80.530000 1.172173 -2.979503 -0.409118
80.540000 1.142202 -3.014219 -0.409118
80.550000 1.111889 -3.048030 -0.409119
80.560000 1.081242 -3.080927 -0.409120
80.570000 1.050270 -3.112900 -0.409121
80.580000 1.018984 -3.143939 -0.409121
80.590000 0.987392 -3.174034 -0.409122
80.600000 0.955503 -3.203178 -0.409122
80.610000 0.923328 -3.231360 -0.409123
80.620000 0.890876 -3.258573 -0.409124
80.630000 0.858157 -3.284809 -0.409124
80.640000 0.825180 -3.310059 -0.409125
80.650000 0.791955 -3.334316 -0.409125
80.660000 0.758493 -3.357572 -0.409126
80.670000 0.724804 -3.379822 -0.409126
80.680000 0.690897 -3.401057 -0.409127
80.690000 0.656783 -3.421273 -0.409127
80.700000 0.622472 -3.440461 -0.409128
80.710000 0.587974 -3.458618 -0.409128
80.720000 0.553299 -3.475737 -0.409129
80.730000 0.518459 -3.491814 -0.409129
80.740000 0.483463 -3.506842 -0.409129
80.750000 0.448322 -3.520819 -0.409130
80.760000 0.413047 -3.533740 -0.409130
80.770000 0.377647 -3.545600 -0.409130
80.780000 0.342135 -3.556397 -0.409131
80.790000 0.306519 -3.566127 -0.409131
80.800000 0.270812 -3.574787 -0.409131
80.810000 0.235024 -3.582374 -0.409131
80.820000 0.199165 -3.588887 -0.409131
80.830000 0.163246 -3.594323 -0.409132
80.840000 0.127278 -3.598681 -0.409132
80.850000 0.091272 -3.601959 -0.409132
80.860000 0.055239 -3.604157 -0.409132
80.870000 0.019189 -3.605273 -0.409132
80.880000 -0.016867 -3.605308 -0.409132
80.890000 -0.052917 -3.604261 -0.409132
80.900000 -0.088952 -3.602133 -0.409132
80.910000 -0.124960 -3.598925 -0.409132
80.920000 -0.160930 -3.594636 -0.409132
80.930000 -0.196853 -3.589270 -0.409131
80.940000 -0.232716 -3.582826 -0.409131
80.950000 -0.268509 -3.575308 -0.409131
80.960000 -0.304222 -3.566717 -0.409131
80.970000 -0.339843 -3.557056 -0.409131
80.980000 -0.375363 -3.546328 -0.409130
80.990000 -0.410770 -3.534536 -0.409130
81.000000 -0.446054 -3.521683 -0.409130
81.010000 -0.481204 -3.507774 -0.409129
81.020000 -0.516209 -3.492813 -0.409129
81.030000 -0.551060 -3.476804 -0.409129
81.040000 -0.585745 -3.459752 -0.409128
81.050000 -0.620255 -3.441662 -0.409128
81.060000 -0.654578 -3.422540 -0.409127
81.070000 -0.688706 -3.402390 -0.409127
81.080000 -0.722626 -3.381220 -0.409126
81.090000 -0.756330 -3.359036 -0.409126
81.100000 -0.789807 -3.335844 -0.409125
81.110000 -0.823047 -3.311651 -0.409125
81.120000 -0.856040 -3.286465 -0.409124
81.130000 -0.888776 -3.260293 -0.409124
81.140000 -0.921246 -3.233142 -0.409123
81.150000 -0.953439 -3.205022 -0.409123
81.160000 -0.985346 -3.175940 -0.409122
81.170000 -1.016958 -3.145906 -0.409121
81.180000 -1.048264 -3.114927 -0.409121
81.190000 -1.079256 -3.083015 -0.409120
81.200000 -1.109925 -3.050177 -0.409119
81.210000 -1.140260 -3.016424 -0.409119
81.220000 -1.170253 -2.981766 -0.409118
81.230000 -1.199895 -2.946214 -0.409117
81.240000 -1.229177 -2.909778 -0.409116
81.250000 -1.258091 -2.872469 -0.409116
81.260000 -1.286627 -2.834298 -0.409115
81.270000 -1.314777 -2.795277 -0.409114
81.280000 -1.342532 -2.755418 -0.409113
81.290000 -1.369885 -2.714731 -0.409113
81.300000 -1.396827 -2.673231 -0.409112
81.310000 -1.423350 -2.630928 -0.409111
81.320000 -1.449446 -2.587836 -0.409110
81.330000 -1.475107 -2.543968 -0.409110
81.340000 -1.500325 -2.499336 -0.409109
81.350000 -1.525093 -2.453955 -0.409108
81.360000 -1.549404 -2.407838 -0.409107
81.370000 -1.573250 -2.360998 -0.409107
81.380000 -1.596624 -2.313450 -0.409106
81.390000 -1.619519 -2.265207 -0.409105
81.400000 -1.641928 -2.216286 -0.409104
81.410000 -1.663845 -2.166699 -0.409104
81.420000 -1.685262 -2.116463 -0.409103
81.430000 -1.706174 -2.065591 -0.409102
81.440000 -1.726574 -2.014100 -0.409101
81.450000 -1.746456 -1.962004 -0.409101
81.460000 -1.765814 -1.909320 -0.409100
81.470000 -1.784642 -1.856063 -0.409099
81.480000 -1.802935 -1.802250 -0.409099
81.490000 -1.820687 -1.747895 -0.409098
81.500000 -1.837893 -1.693017 -0.409097
81.510000 -1.854548 -1.637630 -0.409097
81.520000 -1.870646 -1.581752 -0.409096
81.530000 -1.886183 -1.525400 -0.409095
81.540000 -1.901154 -1.468590 -0.409095
81.550000 -1.915555 -1.411339 -0.409094
81.560000 -1.929381 -1.353665 -0.409094
81.570000 -1.942628 -1.295585 -0.409093
81.580000 -1.955292 -1.237116 -0.409093
81.590000 -1.967370 -1.178276 -0.409092
81.600000 -1.978858 -1.119083 -0.409092
81.610000 -1.989752 -1.059554 -0.409091
81.620000 -2.000049 -0.999707 -0.409091
81.630000 -2.009746 -0.939560 -0.409091
81.640000 -2.018840 -0.879131 -0.409090
81.650000 -2.027329 -0.818438 -0.409090
81.660000 -2.035209 -0.757500 -0.409089
81.670000 -2.042479 -0.696335 -0.409089
81.680000 -2.049136 -0.634961 -0.409089
81.690000 -2.055178 -0.573396 -0.409089
81.700000 -2.060603 -0.511659 -0.409088
81.710000 -2.065411 -0.449769 -0.409088
81.720000 -2.069599 -0.387744 -0.409088
81.730000 -2.073166 -0.325603 -0.409088
81.740000 -2.076111 -0.263363 -0.409088
81.750000 -2.078433 -0.201045 -0.409088
81.760000 -2.080132 -0.138667 -0.409088
81.770000 -2.081206 -0.076247 -0.409088
81.780000 -2.081657 -0.013804 -0.409088
81.790000 -2.081483 0.048643 -0.409088
81.800000 -2.080684 0.111076 -0.409088
81.810000 -2.079261 0.173475 -0.409088
81.820000 -2.077214 0.235822 -0.409088
81.830000 -2.074545 0.298099 -0.409088
81.840000 -2.071252 0.360285 -0.409088
81.850000 -2.067339 0.422364 -0.409088
81.860000 -2.062805 0.484317 -0.409088
81.870000 -2.057653 0.546123 -0.409089
81.880000 -2.051883 0.607766 -0.409089
81.890000 -2.045497 0.669227 -0.409089
81.900000 -2.038498 0.730487 -0.409089
81.910000 -2.030887 0.791528 -0.409090
81.920000 -2.022668 0.852331 -0.409090
81.930000 -2.013841 0.912879 -0.409090
81.940000 -2.004410 0.973153 -0.409091
81.950000 -1.994378 1.033134 -0.409091
81.960000 -1.983747 1.092806 -0.409092
81.970000 -1.972522 1.152150 -0.409092
81.980000 -1.960704 1.211149 -0.409093
81.990000 -1.948299 1.269784 -0.409093
82.000000 -1.935309 1.328038 -0.409094
82.010000 -1.921738 1.385893 -0.409094
82.020000 -1.907591 1.443333 -0.409095
82.030000 -1.892871 1.500340 -0.409095
82.040000 -1.877584 1.556897 -0.409096
82.050000 -1.861733 1.612987 -0.409096
82.060000 -1.845324 1.668593 -0.409097
82.070000 -1.828361 1.723698 -0.409098
82.080000 -1.810850 1.778286 -0.409098
82.090000 -1.792796 1.832341 -0.409099
82.100000 -1.774203 1.885846 -0.409100
82.110000 -1.755079 1.938785 -0.409100
82.120000 -1.735428 1.991143 -0.409101
82.130000 -1.715256 2.042903 -0.409102
82.140000 -1.694570 2.094050 -0.409102
82.150000 -1.673375 2.144570 -0.409103
82.160000 -1.651678 2.194445 -0.409104
82.170000 -1.629486 2.243663 -0.409105
82.180000 -1.606805 2.292207 -0.409105
82.190000 -1.583642 2.340064 -0.409106
82.200000 -1.560004 2.387219 -0.409107
82.210000 -1.535898 2.433657 -0.409108
82.220000 -1.511331 2.479366 -0.409108
82.230000 -1.486310 2.524330 -0.409109
82.240000 -1.460844 2.568537 -0.409110
82.250000 -1.434939 2.611974 -0.409111
82.260000 -1.408605 2.654627 -0.409112
82.270000 -1.381847 2.696484 -0.409112
82.280000 -1.354675 2.737532 -0.409113
82.290000 -1.327096 2.777759 -0.409114
82.300000 -1.299120 2.817152 -0.409115
82.310000 -1.270753 2.855700 -0.409115
82.320000 -1.242006 2.893391 -0.409116
82.330000 -1.212885 2.930215 -0.409117
82.340000 -1.183401 2.966159 -0.409117
82.350000 -1.153562 3.001213 -0.409118
82.360000 -1.123377 3.035367 -0.409119
82.370000 -1.092855 3.068611 -0.409120
82.380000 -1.062005 3.100934 -0.409120
82.390000 -1.030836 3.132326 -0.409121
82.400000 -0.999358 3.162779 -0.409122
82.410000 -0.967581 3.192283 -0.409122
82.420000 -0.935513 3.220830 -0.409123
82.430000 -0.903164 3.248410 -0.409123
82.440000 -0.870544 3.275016 -0.409124
82.450000 -0.837664 3.300639 -0.409125
82.460000 -0.804532 3.325272 -0.409125
82.470000 -0.771158 3.348907 -0.409126
82.480000 -0.737554 3.371538 -0.409126
82.490000 -0.703728 3.393157 -0.409127
82.500000 -0.669690 3.413758 -0.409127
82.510000 -0.635452 3.433335 -0.409128
82.520000 -0.601024 3.451882 -0.409128
82.530000 -0.566415 3.469394 -0.409129
82.540000 -0.531636 3.485865 -0.409129
82.550000 -0.496697 3.501290 -0.409129
82.560000 -0.461610 3.515664 -0.409130
82.570000 -0.426384 3.528984 -0.409130
82.580000 -0.391030 3.541246 -0.409130
82.590000 -0.355559 3.552444 -0.409131
82.600000 -0.319981 3.562578 -0.409131
82.610000 -0.284308 3.571642 -0.409131
82.620000 -0.248549 3.579635 -0.409131
82.630000 -0.212715 3.586554 -0.409131
82.640000 -0.176818 3.592397 -0.409131
82.650000 -0.140867 3.597162 -0.409132
82.660000 -0.104874 3.600848 -0.409132
82.670000 -0.068850 3.603454 -0.409132
82.680000 -0.032805 3.604979 -0.409132
82.690000 0.003249 3.605422 -0.409132
82.700000 0.039303 3.604784 -0.409132
82.710000 0.075345 3.603064 -0.409132
82.720000 0.111364 3.600263 -0.409132
82.730000 0.147350 3.596383 -0.409132
82.740000 0.183292 3.591423 -0.409131
82.750000 0.219179 3.585386 -0.409131
82.760000 0.255000 3.578273 -0.409131
82.770000 0.290744 3.570087 -0.409131
82.780000 0.326402 3.560830 -0.409131
82.790000 0.361961 3.550505 -0.409130
82.800000 0.397412 3.539114 -0.409130
82.810000 0.432743 3.526662 -0.409130
82.820000 0.467945 3.513151 -0.409130
82.830000 0.503006 3.498587 -0.409129
82.840000 0.537917 3.482973 -0.409129
82.850000 0.572666 3.466314 -0.409128
82.860000 0.607243 3.448616 -0.409128
82.870000 0.641638 3.429883 -0.409128
82.880000 0.675841 3.410120 -0.409127
82.890000 0.709840 3.389335 -0.409127
82.900000 0.743627 3.367533 -0.409126
82.910000 0.777191 3.344721 -0.409126
82.920000 0.810522 3.320905 -0.409125
82.930000 0.843609 3.296093 -0.409125
82.940000 0.876444 3.270292 -0.409124
82.950000 0.909015 3.243511 -0.409123
82.960000 0.941314 3.215756 -0.409123
82.970000 0.973330 3.187036 -0.409122
82.980000 1.005055 3.157360 -0.409121
82.990000 1.036477 3.126737 -0.409121
83.000000 1.067589 3.095176 -0.409120
83.010000 1.098381 3.062687 -0.409119
83.020000 1.128843 3.029278 -0.409119
83.030000 1.158966 2.994961 -0.409118
83.040000 1.188742 2.959746 -0.409117
83.050000 1.218161 2.923642 -0.409117
83.060000 1.247215 2.886661 -0.409116
83.070000 1.275895 2.848815 -0.409115
83.080000 1.304191 2.810113 -0.409114
83.090000 1.332097 2.770569 -0.409114
83.100000 1.359603 2.730194 -0.409113
83.110000 1.386701 2.688999 -0.409112
83.120000 1.413383 2.646998 -0.409111
83.130000 1.439641 2.604202 -0.409111
83.140000 1.465467 2.560626 -0.409110
83.150000 1.490853 2.516281 -0.409109
83.160000 1.515792 2.471181 -0.409108
83.170000 1.540277 2.425340 -0.409108
83.180000 1.564299 2.378772 -0.409107
83.190000 1.587852 2.331489 -0.409106
83.200000 1.610929 2.283508 -0.409105
83.210000 1.633522 2.234841 -0.409105
83.220000 1.655626 2.185504 -0.409104
83.230000 1.677233 2.135511 -0.409103
83.240000 1.698336 2.084877 -0.409102
83.250000 1.718930 2.033618 -0.409102
83.260000 1.739008 1.981749 -0.409101
83.270000 1.758565 1.929286 -0.409100
83.280000 1.777594 1.876243 -0.409100
83.290000 1.796090 1.822638 -0.409099
83.300000 1.814047 1.768486 -0.409098
83.310000 1.831460 1.713803 -0.409098
83.320000 1.848323 1.658607 -0.409097
83.330000 1.864632 1.602912 -0.409096
83.340000 1.880381 1.546737 -0.409096
83.350000 1.895566 1.490098 -0.409095
83.360000 1.910183 1.433012 -0.409095
83.370000 1.924227 1.375495 -0.409094
83.380000 1.937693 1.317567 -0.409093
83.390000 1.950578 1.259243 -0.409093
83.400000 1.962878 1.200541 -0.409092
83.410000 1.974589 1.141479 -0.409092
83.420000 1.985707 1.082074 -0.409091
83.430000 1.996230 1.022345 -0.409091
83.440000 2.006154 0.962309 -0.409091
83.450000 2.015477 0.901985 -0.409090
83.460000 2.024194 0.841390 -0.409090
83.470000 2.032304 0.780542 -0.409090
83.480000 2.039805 0.719461 -0.409089
83.490000 2.046694 0.658163 -0.409089
83.500000 2.052968 0.596668 -0.409089
83.510000 2.058627 0.534994 -0.409088
83.520000 2.063668 0.473160 -0.409088
83.530000 2.068090 0.411184 -0.409088
83.540000 2.071892 0.349084 -0.409088
83.550000 2.075072 0.286880 -0.409088
83.560000 2.077629 0.224589 -0.409088
83.570000 2.079564 0.162231 -0.409088
83.580000 2.080874 0.099825 -0.409088
83.590000 2.081560 0.037388 -0.409088
83.600000 2.081622 -0.025060 -0.409088
83.610000 2.081059 -0.087500 -0.409088
83.620000 2.079872 -0.149914 -0.409088
83.630000 2.078061 -0.212283 -0.409088
83.640000 2.075626 -0.274588 -0.409088
83.650000 2.072569 -0.336811 -0.409088
83.660000 2.068890 -0.398933 -0.409088
83.670000 2.064590 -0.460935 -0.409088
83.680000 2.059671 -0.522799 -0.409088
83.690000 2.054134 -0.584506 -0.409089
83.700000 2.047981 -0.646038 -0.409089
83.710000 2.041213 -0.707376 -0.409089
83.720000 2.033834 -0.768502 -0.409090
83.730000 2.025843 -0.829397 -0.409090
83.740000 2.017246 -0.890043 -0.409090
83.750000 2.008043 -0.950422 -0.409091
83.760000 1.998237 -1.010517 -0.409091
83.770000 1.987832 -1.070308 -0.409091
83.780000 1.976831 -1.129778 -0.409092
83.790000 1.965237 -1.188909 -0.409092
83.800000 1.953053 -1.247683 -0.409093
83.810000 1.940283 -1.306083 -0.409093
83.820000 1.926931 -1.364091 -0.409094
83.830000 1.913001 -1.421690 -0.409094
83.840000 1.898497 -1.478863 -0.409095
83.850000 1.883424 -1.535591 -0.409096
83.860000 1.867786 -1.591860 -0.409096
83.870000 1.851587 -1.647650 -0.409097
83.880000 1.834833 -1.702946 -0.409097
83.890000 1.817528 -1.757732 -0.409098
83.900000 1.799678 -1.811990 -0.409099
83.910000 1.781288 -1.865704 -0.409099
83.920000 1.762364 -1.918859 -0.409100
83.930000 1.742911 -1.971438 -0.409101
83.940000 1.722935 -2.023426 -0.409101
83.950000 1.702442 -2.074807 -0.409102
83.960000 1.681439 -2.125565 -0.409103
83.970000 1.659931 -2.175685 -0.409104
83.980000 1.637925 -2.225153 -0.409104
83.990000 1.615428 -2.273954 -0.409105
84.000000 1.592446 -2.322072 -0.409106
84.010000 1.568987 -2.369493 -0.409107
84.020000 1.545056 -2.416204 -0.409107
84.030000 1.520662 -2.462190 -0.409108
84.040000 1.495812 -2.507437 -0.409109
84.050000 1.470514 -2.551932 -0.409110
84.060000 1.444774 -2.595661 -0.409110
84.070000 1.418601 -2.638612 -0.409111
84.080000 1.392002 -2.680771 -0.409112
84.090000 1.364985 -2.722125 -0.409113
84.100000 1.337559 -2.762663 -0.409114
84.110000 1.309732 -2.802373 -0.409114
84.120000 1.281512 -2.841242 -0.409115
84.130000 1.252907 -2.879258 -0.409116
84.140000 1.223926 -2.916410 -0.409116
84.150000 1.194579 -2.952688 -0.409117
84.160000 1.164873 -2.988080 -0.409118
84.170000 1.134817 -3.022575 -0.409119
84.180000 1.104421 -3.056164 -0.409119
84.190000 1.073694 -3.088835 -0.409120
84.200000 1.042645 -3.120580 -0.409121
84.210000 1.011282 -3.151389 -0.409121
84.220000 0.979617 -3.181253 -0.409122
84.230000 0.947657 -3.210162 -0.409123
84.240000 0.915413 -3.238108 -0.409123
84.250000 0.882895 -3.265083 -0.409124
84.260000 0.850112 -3.291078 -0.409124
84.270000 0.817074 -3.316085 -0.409125
84.280000 0.783790 -3.340098 -0.409126
84.290000 0.750272 -3.363109 -0.409126
84.300000 0.716528 -3.385111 -0.409127
84.310000 0.682569 -3.406098 -0.409127
84.320000 0.648406 -3.426062 -0.409128
84.330000 0.614048 -3.444999 -0.409128
84.340000 0.579506 -3.462903 -0.409128
84.350000 0.544790 -3.479767 -0.409129
84.360000 0.509911 -3.495587 -0.409129
84.370000 0.474878 -3.510359 -0.409130
84.380000 0.439703 -3.524078 -0.409130
84.390000 0.404397 -3.536740 -0.409130
84.400000 0.368969 -3.548340 -0.409130
84.410000 0.333430 -3.558876 -0.409131
84.420000 0.297791 -3.568344 -0.409131
84.430000 0.262063 -3.576742 -0.409131
84.440000 0.226256 -3.584067 -0.409131
84.450000 0.190382 -3.590316 -0.409131
84.460000 0.154450 -3.595489 -0.409132
84.470000 0.118472 -3.599583 -0.409132
84.480000 0.082458 -3.602597 -0.409132
84.490000 0.046420 -3.604530 -0.409132
84.500000 0.010368 -3.605382 -0.409132
84.510000 -0.025688 -3.605152 -0.409132
84.520000 -0.061735 -3.603841 -0.409132
84.530000 -0.097764 -3.601448 -0.409132
84.540000 -0.133764 -3.597975 -0.409132
84.550000 -0.169724 -3.593423 -0.409132
84.560000 -0.205633 -3.587793 -0.409131
84.570000 -0.241480 -3.581086 -0.409131
84.580000 -0.277254 -3.573305 -0.409131
84.590000 -0.312946 -3.564452 -0.409131
84.600000 -0.348543 -3.554529 -0.409131
84.610000 -0.384036 -3.543541 -0.409130
84.620000 -0.419414 -3.531489 -0.409130
84.630000 -0.454666 -3.518378 -0.409130
84.640000 -0.489782 -3.504211 -0.409129
84.650000 -0.524750 -3.488993 -0.409129
84.660000 -0.559562 -3.472728 -0.409129
84.670000 -0.594205 -3.455422 -0.409128
84.680000 -0.628670 -3.437079 -0.409128
84.690000 -0.662947 -3.417705 -0.409127
84.700000 -0.697024 -3.397305 -0.409127
84.710000 -0.730893 -3.375886 -0.409126
84.720000 -0.764542 -3.353455 -0.409126
84.730000 -0.797962 -3.330017 -0.409125
84.740000 -0.831142 -3.305581 -0.409125
84.750000 -0.864073 -3.280152 -0.409124
84.760000 -0.896745 -3.253740 -0.409124
84.770000 -0.929148 -3.226352 -0.409123
84.780000 -0.961272 -3.197995 -0.409122
84.790000 -0.993108 -3.168680 -0.409122
84.800000 -1.024646 -3.138413 -0.409121
84.810000 -1.055876 -3.107205 -0.409120
84.820000 -1.086790 -3.075065 -0.409120
84.830000 -1.117378 -3.042003 -0.409119
84.840000 -1.147630 -3.008028 -0.409118
84.850000 -1.177538 -2.973150 -0.409118
84.860000 -1.207093 -2.937381 -0.409117
84.870000 -1.236286 -2.900730 -0.409116
84.880000 -1.265108 -2.863209 -0.409115
84.890000 -1.293550 -2.824829 -0.409115
84.900000 -1.321604 -2.785602 -0.409114
84.910000 -1.349262 -2.745539 -0.409113
84.920000 -1.376515 -2.704652 -0.409112
84.930000 -1.403355 -2.662954 -0.409112
84.940000 -1.429774 -2.620457 -0.409111
84.950000 -1.455764 -2.577174 -0.409110
84.960000 -1.481318 -2.533118 -0.409109
84.970000 -1.506427 -2.488302 -0.409109
84.980000 -1.531084 -2.442739 -0.409108
84.990000 -1.555281 -2.396444 -0.409107
85.000000 -1.579013 -2.349429 -0.409106
85.010000 -1.602270 -2.301710 -0.409106
85.020000 -1.625047 -2.253300 -0.409105
85.030000 -1.647336 -2.204215 -0.409104
85.040000 -1.669131 -2.154468 -0.409103
85.050000 -1.690425 -2.104074 -0.409103
85.060000 -1.711213 -2.053050 -0.409102
85.070000 -1.731486 -2.001409 -0.409101
85.080000 -1.751241 -1.949168 -0.409100
85.090000 -1.770470 -1.896343 -0.409100
85.100000 -1.789168 -1.842948 -0.409099
85.110000 -1.807329 -1.789001 -0.409098
85.120000 -1.824948 -1.734517 -0.409098
85.130000 -1.842019 -1.679512 -0.409097
85.140000 -1.858538 -1.624004 -0.409096
85.150000 -1.874499 -1.568008 -0.409096
85.160000 -1.889898 -1.511542 -0.409095
85.170000 -1.904730 -1.454623 -0.409095
85.180000 -1.918991 -1.397267 -0.409094
85.190000 -1.932675 -1.339492 -0.409094
85.200000 -1.945780 -1.281315 -0.409093
85.210000 -1.958302 -1.222754 -0.409093
85.220000 -1.970235 -1.163826 -0.409092
85.230000 -1.981578 -1.104549 -0.409092
85.240000 -1.992326 -1.044940 -0.409091
85.250000 -2.002477 -0.985018 -0.409091
85.260000 -2.012027 -0.924800 -0.409090
85.270000 -2.020973 -0.864305 -0.409090
85.280000 -2.029313 -0.803551 -0.409090
85.290000 -2.037044 -0.742556 -0.409089
85.300000 -2.044164 -0.681338 -0.409089
85.310000 -2.050671 -0.619915 -0.409089
85.320000 -2.056562 -0.558307 -0.409089
85.330000 -2.061837 -0.496531 -0.409088
85.340000 -2.066493 -0.434606 -0.409088
85.350000 -2.070529 -0.372550 -0.409088
85.360000 -2.073944 -0.310383 -0.409088
85.370000 -2.076737 -0.248123 -0.409088
85.380000 -2.078906 -0.185788 -0.409088
85.390000 -2.080452 -0.123398 -0.409088
85.400000 -2.081374 -0.060971 -0.409088
85.410000 -2.081672 0.001475 -0.409087
85.420000 -2.081345 0.063920 -0.409088
85.430000 -2.080393 0.126346 -0.409088
85.440000 -2.078818 0.188734 -0.409088
85.450000 -2.076619 0.251066 -0.409088
85.460000 -2.073797 0.313322 -0.409088
85.470000 -2.070352 0.375485 -0.409088
85.480000 -2.066287 0.437534 -0.409088
85.490000 -2.061602 0.499452 -0.409088
85.500000 -2.056298 0.561221 -0.409089
85.510000 -2.050377 0.622821 -0.409089
85.520000 -2.043841 0.684234 -0.409089
85.530000 -2.036693 0.745442 -0.409089
85.540000 -2.028933 0.806427 -0.409090
85.550000 -2.020564 0.867169 -0.409090
85.560000 -2.011589 0.927651 -0.409090
85.570000 -2.002011 0.987855 -0.409091
85.580000 -1.991832 1.047763 -0.409091
85.590000 -1.981056 1.107356 -0.409092
85.600000 -1.969685 1.166618 -0.409092
85.610000 -1.957723 1.225529 -0.409093
85.620000 -1.945174 1.284072 -0.409093
85.630000 -1.932042 1.342230 -0.409094
85.640000 -1.918330 1.399986 -0.409094
85.650000 -1.904042 1.457322 -0.409095
85.660000 -1.889183 1.514220 -0.409095
85.670000 -1.873758 1.570664 -0.409096
85.680000 -1.857770 1.626637 -0.409097
85.690000 -1.841225 1.682122 -0.409097
85.700000 -1.824128 1.737102 -0.409098
85.710000 -1.806483 1.791561 -0.409098
85.720000 -1.788296 1.845483 -0.409099
85.730000 -1.769573 1.898851 -0.409100
85.740000 -1.750319 1.951649 -0.409100
85.750000 -1.730540 2.003862 -0.409101
85.760000 -1.710242 2.055474 -0.409102
85.770000 -1.689431 2.106469 -0.409103
85.780000 -1.668113 2.156832 -0.409103
85.790000 -1.646294 2.206548 -0.409104
85.800000 -1.623982 2.255603 -0.409105
85.810000 -1.601182 2.303980 -0.409106
85.820000 -1.577902 2.351666 -0.409106
85.830000 -1.554149 2.398647 -0.409107
85.840000 -1.529929 2.444908 -0.409108
85.850000 -1.505251 2.490436 -0.409109
85.860000 -1.480121 2.535216 -0.409109
85.870000 -1.454546 2.579236 -0.409110
85.880000 -1.428536 2.622483 -0.409111
85.890000 -1.402097 2.664942 -0.409112
85.900000 -1.375237 2.706602 -0.409112
85.910000 -1.347965 2.747450 -0.409113
85.920000 -1.320288 2.787474 -0.409114
85.930000 -1.292215 2.826662 -0.409115
85.940000 -1.263755 2.865001 -0.409115
85.950000 -1.234915 2.902481 -0.409116
85.960000 -1.205705 2.939090 -0.409117
85.970000 -1.176133 2.974818 -0.409118
85.980000 -1.146209 3.009653 -0.409118
85.990000 -1.115940 3.043585 -0.409119
86.000000 -1.085337 3.076605 -0.409120
86.010000 -1.054408 3.108701 -0.409120
86.020000 -1.023163 3.139864 -0.409121
86.030000 -0.991611 3.170086 -0.409122
86.040000 -0.959761 3.199357 -0.409122
86.050000 -0.927624 3.227667 -0.409123
86.060000 -0.895208 3.255010 -0.409124
86.070000 -0.862524 3.281376 -0.409124
86.080000 -0.829580 3.306757 -0.409125
86.090000 -0.796388 3.331147 -0.409125
86.100000 -0.762957 3.354537 -0.409126
86.110000 -0.729298 3.376921 -0.409126
86.120000 -0.695419 3.398292 -0.409127
86.130000 -0.661332 3.418643 -0.409127
86.140000 -0.627046 3.437969 -0.409128
86.150000 -0.592572 3.456263 -0.409128
86.160000 -0.557921 3.473520 -0.409129
86.170000 -0.523102 3.489736 -0.409129
86.180000 -0.488126 3.504904 -0.409129
86.190000 -0.453004 3.519021 -0.409130
86.200000 -0.417746 3.532082 -0.409130
86.210000 -0.382362 3.544084 -0.409130
86.220000 -0.346864 3.555022 -0.409131
86.230000 -0.311262 3.564894 -0.409131
86.240000 -0.275566 3.573697 -0.409131
86.250000 -0.239788 3.581427 -0.409131
86.260000 -0.203938 3.588083 -0.409131
86.270000 -0.168026 3.593662 -0.409132
86.280000 -0.132064 3.598164 -0.409132
86.290000 -0.096063 3.601585 -0.409132
86.300000 -0.060033 3.603927 -0.409132
86.310000 -0.023985 3.605187 -0.409132
86.320000 0.012071 3.605366 -0.409132
86.330000 0.048123 3.604463 -0.409132
86.340000 0.084160 3.602479 -0.409132
86.350000 0.120172 3.599414 -0.409132
86.360000 0.156148 3.595269 -0.409132
86.370000 0.192078 3.590046 -0.409131
86.380000 0.227949 3.583745 -0.409131
86.390000 0.263753 3.576370 -0.409131
86.400000 0.299477 3.567921 -0.409131
86.410000 0.335111 3.558402 -0.409131
86.420000 0.370645 3.547816 -0.409130
86.430000 0.406067 3.536165 -0.409130
86.440000 0.441368 3.523454 -0.409130
86.450000 0.476536 3.509685 -0.409129
86.460000 0.511562 3.494864 -0.409129
86.470000 0.546434 3.478994 -0.409129
86.480000 0.581142 3.462080 -0.409128
86.490000 0.615675 3.444128 -0.409128
86.500000 0.650024 3.425142 -0.409127
86.510000 0.684178 3.405129 -0.409127
86.520000 0.718127 3.384095 -0.409127
86.530000 0.751860 3.362045 -0.409126
86.540000 0.785368 3.338987 -0.409126
86.550000 0.818640 3.314926 -0.409125
86.560000 0.851666 3.289872 -0.409124
86.570000 0.884437 3.263830 -0.409124
86.580000 0.916943 3.236810 -0.409123
86.590000 0.949173 3.208818 -0.409123
86.600000 0.981119 3.179863 -0.409122
86.610000 1.012771 3.149955 -0.409121
86.620000 1.044118 3.119102 -0.409121
86.630000 1.075153 3.087313 -0.409120
86.640000 1.105865 3.054597 -0.409119
86.650000 1.136245 3.020966 -0.409119
86.660000 1.166284 2.986428 -0.409118
86.670000 1.195973 2.950994 -0.409117
86.680000 1.225304 2.914675 -0.409116
86.690000 1.254267 2.877481 -0.409116
86.700000 1.282853 2.839424 -0.409115
86.710000 1.311055 2.800516 -0.409114
86.720000 1.338864 2.760767 -0.409113
86.730000 1.366271 2.720190 -0.409113
86.740000 1.393268 2.678797 -0.409112
86.750000 1.419847 2.636600 -0.409111
86.760000 1.446000 2.593613 -0.409110
86.770000 1.471719 2.549847 -0.409110
86.780000 1.496996 2.505316 -0.409109
86.790000 1.521825 2.460034 -0.409108
86.800000 1.546197 2.414013 -0.409107
86.810000 1.570105 2.367269 -0.409107
86.820000 1.593543 2.319814 -0.409106
86.830000 1.616502 2.271664 -0.409105
86.840000 1.638976 2.222831 -0.409104
86.850000 1.660958 2.173332 -0.409104
86.860000 1.682442 2.123181 -0.409103
86.870000 1.703422 2.072393 -0.409102
86.880000 1.723890 2.020984 -0.409101
86.890000 1.743842 1.968968 -0.409101
86.900000 1.763270 1.916361 -0.409100
86.910000 1.782169 1.863179 -0.409099
86.920000 1.800533 1.809439 -0.409099
86.930000 1.818358 1.755156 -0.409098
86.940000 1.835636 1.700346 -0.409097
86.950000 1.852364 1.645026 -0.409097
86.960000 1.868537 1.589212 -0.409096
86.970000 1.884149 1.532922 -0.409096
86.980000 1.899195 1.476172 -0.409095
86.990000 1.913672 1.418979 -0.409094
87.000000 1.927575 1.361360 -0.409094
87.010000 1.940899 1.303333 -0.409093
87.020000 1.953642 1.244915 -0.409093
87.030000 1.965798 1.186123 -0.409092
87.040000 1.977364 1.126976 -0.409092
87.050000 1.988337 1.067490 -0.409091
87.060000 1.998714 1.007684 -0.409091
87.070000 2.008491 0.947576 -0.409091
87.080000 2.017665 0.887184 -0.409090
87.090000 2.026235 0.826526 -0.409090
87.100000 2.034196 0.765619 -0.409089
87.110000 2.041547 0.704483 -0.409089
87.120000 2.048286 0.643135 -0.409089
87.130000 2.054410 0.581595 -0.409089
87.140000 2.059917 0.519880 -0.409088
87.150000 2.064807 0.458009 -0.409088
87.160000 2.069078 0.396001 -0.409088
87.170000 2.072727 0.333874 -0.409088
87.180000 2.075755 0.271647 -0.409088
87.190000 2.078160 0.209338 -0.409088
87.200000 2.079942 0.146966 -0.409088
87.210000 2.081100 0.084551 -0.409088
87.220000 2.081633 0.022110 -0.409088
87.230000 2.081542 -0.040338 -0.409088
87.240000 2.080826 -0.102773 -0.409088
87.250000 2.079486 -0.165178 -0.409088
87.260000 2.077523 -0.227533 -0.409088
87.270000 2.074936 -0.289820 -0.409088
87.280000 2.071726 -0.352020 -0.409088
87.290000 2.067895 -0.414114 -0.409088
87.300000 2.063444 -0.476084 -0.409088
87.310000 2.058373 -0.537912 -0.409088
87.320000 2.052686 -0.599578 -0.409089
87.330000 2.046382 -0.661064 -0.409089
87.340000 2.039464 -0.722351 -0.409089
87.350000 2.031935 -0.783422 -0.409090
87.360000 2.023796 -0.844258 -0.409090
87.370000 2.015050 -0.904841 -0.409090
87.380000 2.005699 -0.965152 -0.409091
87.390000 1.995747 -1.025174 -0.409091
87.400000 1.985196 -1.084888 -0.409092
87.410000 1.974049 -1.144277 -0.409092
87.420000 1.962310 -1.203322 -0.409092
87.430000 1.949983 -1.262006 -0.409093
87.440000 1.937070 -1.320312 -0.409093
87.450000 1.923576 -1.378222 -0.409094
87.460000 1.909506 -1.435718 -0.409095
87.470000 1.894862 -1.492784 -0.409095
87.480000 1.879650 -1.549401 -0.409096
87.490000 1.863874 -1.605554 -0.409096
87.500000 1.847539 -1.661225 -0.409097
87.510000 1.830649 -1.716398 -0.409098
87.520000 1.813211 -1.771056 -0.409098
87.530000 1.795228 -1.825183 -0.409099
87.540000 1.776707 -1.878762 -0.409100
87.550000 1.757653 -1.931777 -0.409100
87.560000 1.738072 -1.984213 -0.409101
87.570000 1.717969 -2.036054 -0.409102
87.580000 1.697351 -2.087283 -0.409102
87.590000 1.676223 -2.137887 -0.409103
87.600000 1.654593 -2.187849 -0.409104
87.610000 1.632466 -2.237155 -0.409105
87.620000 1.609850 -2.285790 -0.409105
87.630000 1.586750 -2.333739 -0.409106
87.640000 1.563175 -2.380988 -0.409107
87.650000 1.539131 -2.427522 -0.409108
87.660000 1.514624 -2.473329 -0.409108
87.670000 1.489664 -2.518393 -0.409109
87.680000 1.464257 -2.562702 -0.409110
87.690000 1.438410 -2.606242 -0.409111
87.700000 1.412132 -2.649000 -0.409111
87.710000 1.385430 -2.690963 -0.409112
87.720000 1.358313 -2.732119 -0.409113
87.730000 1.330788 -2.772456 -0.409114
87.740000 1.302863 -2.811961 -0.409114
87.750000 1.274548 -2.850622 -0.409115
87.760000 1.245851 -2.888428 -0.409116
87.770000 1.216780 -2.925367 -0.409117
87.780000 1.187344 -2.961429 -0.409117
87.790000 1.157551 -2.996603 -0.409118
87.800000 1.127412 -3.030877 -0.409119
87.810000 1.096934 -3.064242 -0.409120
87.820000 1.066127 -3.096688 -0.409120
87.830000 1.035000 -3.128205 -0.409121
87.840000 1.003563 -3.158783 -0.409122
87.850000 0.971824 -3.188414 -0.409122
87.860000 0.939794 -3.217089 -0.409123
87.870000 0.907482 -3.244798 -0.409123
87.880000 0.874898 -3.271533 -0.409124
87.890000 0.842052 -3.297288 -0.409125
87.900000 0.808953 -3.322053 -0.409125
87.910000 0.775611 -3.345821 -0.409126
87.920000 0.742036 -3.368586 -0.409126
87.930000 0.708239 -3.390340 -0.409127
87.940000 0.674229 -3.411077 -0.409127
87.950000 0.640018 -3.430791 -0.409128
87.960000 0.605614 -3.449475 -0.409128
87.970000 0.571028 -3.467125 -0.409128
87.980000 0.536271 -3.483734 -0.409129
87.990000 0.501353 -3.499299 -0.409129
88.000000 0.466285 -3.513813 -0.409130
88.010000 0.431077 -3.527274 -0.409130
88.020000 0.395740 -3.539676 -0.409130
88.030000 0.360284 -3.551016 -0.409130
88.040000 0.324719 -3.561291 -0.409131
88.050000 0.289058 -3.570498 -0.409131
88.060000 0.253309 -3.578633 -0.409131
88.070000 0.217485 -3.585695 -0.409131
88.080000 0.181595 -3.591682 -0.409131
88.090000 0.145651 -3.596590 -0.409132
88.100000 0.109664 -3.600420 -0.409132
88.110000 0.073643 -3.603170 -0.409132
88.120000 0.037600 -3.604838 -0.409132
88.130000 0.001546 -3.605425 -0.409132
88.140000 -0.034508 -3.604931 -0.409132
88.150000 -0.070552 -3.603355 -0.409132
88.160000 -0.106575 -3.600698 -0.409132
88.170000 -0.142566 -3.596961 -0.409132
88.180000 -0.178515 -3.592145 -0.409131
88.190000 -0.214409 -3.586251 -0.409131
88.200000 -0.250240 -3.579281 -0.409131
88.210000 -0.285995 -3.571238 -0.409131
88.220000 -0.321664 -3.562123 -0.409131
88.230000 -0.357237 -3.551939 -0.409131
88.240000 -0.392703 -3.540690 -0.409130
88.250000 -0.428051 -3.528379 -0.409130
88.260000 -0.463271 -3.515009 -0.409130
88.270000 -0.498351 -3.500585 -0.409129
88.280000 -0.533282 -3.485110 -0.409129
88.290000 -0.568054 -3.468590 -0.409129
88.300000 -0.602654 -3.451030 -0.409128
88.310000 -0.637074 -3.432434 -0.409128
88.320000 -0.671303 -3.412808 -0.409127
88.330000 -0.705330 -3.392159 -0.409127
88.340000 -0.739146 -3.370491 -0.409126
88.350000 -0.772740 -3.347813 -0.409126
88.360000 -0.806102 -3.324130 -0.409125
88.370000 -0.839223 -3.299451 -0.409125
88.380000 -0.872091 -3.273781 -0.409124
88.390000 -0.904698 -3.247129 -0.409123
88.400000 -0.937034 -3.219503 -0.409123
88.410000 -0.969088 -3.190911 -0.409122
88.420000 -1.000852 -3.161362 -0.409122
88.430000 -1.032316 -3.130865 -0.409121
88.440000 -1.063469 -3.099428 -0.409120
88.450000 -1.094304 -3.067061 -0.409120
88.460000 -1.124811 -3.033774 -0.409119
88.470000 -1.154980 -2.999578 -0.409118
88.480000 -1.184802 -2.964481 -0.409117
88.490000 -1.214269 -2.928495 -0.409117
88.500000 -1.243372 -2.891630 -0.409116
88.510000 -1.272102 -2.853898 -0.409115
88.520000 -1.300450 -2.815310 -0.409115
88.530000 -1.328408 -2.775877 -0.409114
88.540000 -1.355968 -2.735611 -0.409113
88.550000 -1.383120 -2.694525 -0.409112
88.560000 -1.409858 -2.652630 -0.409111
88.570000 -1.436173 -2.609940 -0.409111
88.580000 -1.462057 -2.566466 -0.409110
88.590000 -1.487502 -2.522223 -0.409109
88.600000 -1.512501 -2.477223 -0.409108
88.610000 -1.537047 -2.431480 -0.409108
88.620000 -1.561131 -2.385007 -0.409107
88.630000 -1.584747 -2.337819 -0.409106
88.640000 -1.607887 -2.289929 -0.409105
88.650000 -1.630545 -2.241353 -0.409105
88.660000 -1.652714 -2.192104 -0.409104
88.670000 -1.674388 -2.142197 -0.409103
88.680000 -1.695558 -2.091648 -0.409102
88.690000 -1.716220 -2.040472 -0.409102
88.700000 -1.736368 -1.988683 -0.409101
88.710000 -1.755994 -1.936297 -0.409100
88.720000 -1.775094 -1.883331 -0.409100
88.730000 -1.793661 -1.829800 -0.409099
88.740000 -1.811690 -1.775719 -0.409098
88.750000 -1.829175 -1.721106 -0.409098
88.760000 -1.846112 -1.665977 -0.409097
88.770000 -1.862495 -1.610348 -0.409096
88.780000 -1.878319 -1.554236 -0.409096
88.790000 -1.893579 -1.497657 -0.409095
88.800000 -1.908272 -1.440630 -0.409095
88.810000 -1.922392 -1.383170 -0.409094
88.820000 -1.935935 -1.325295 -0.409093
88.830000 -1.948898 -1.267022 -0.409093
88.840000 -1.961276 -1.208370 -0.409092
88.850000 -1.973065 -1.149355 -0.409092
88.860000 -1.984263 -1.089995 -0.409092
88.870000 -1.994865 -1.030308 -0.409091
88.880000 -2.004869 -0.970312 -0.409091
88.890000 -2.014271 -0.910025 -0.409090
88.900000 -2.023070 -0.849464 -0.409090
88.910000 -2.031261 -0.788650 -0.409090
88.920000 -2.038843 -0.727598 -0.409089
88.930000 -2.045813 -0.666328 -0.409089
88.940000 -2.052169 -0.604858 -0.409089
88.950000 -2.057910 -0.543207 -0.409089
88.960000 -2.063033 -0.481393 -0.409088
88.970000 -2.067538 -0.419435 -0.409088
88.980000 -2.071422 -0.357350 -0.409088
88.990000 -2.074685 -0.295159 -0.409088
89.000000 -2.077325 -0.232878 -0.409088
89.010000 -2.079342 -0.170528 -0.409088
89.020000 -2.080736 -0.108127 -0.409088
89.030000 -2.081505 -0.045694 -0.409088
89.040000 -2.081650 0.016754 -0.409088
89.050000 -2.081170 0.079196 -0.409088
89.060000 -2.080066 0.141615 -0.409088
89.070000 -2.078337 0.203991 -0.409088
89.080000 -2.075986 0.266305 -0.409088
89.090000 -2.073011 0.328540 -0.409088
89.100000 -2.069415 0.390677 -0.409088
89.110000 -2.065198 0.452696 -0.409088
89.120000 -2.060361 0.514579 -0.409088
89.130000 -2.054906 0.576308 -0.409089
89.140000 -2.048835 0.637864 -0.409089
89.150000 -2.042149 0.699229 -0.409089
89.160000 -2.034850 0.760384 -0.409089
89.170000 -2.026941 0.821311 -0.409090
89.180000 -2.018424 0.881992 -0.409090
89.190000 -2.009301 0.942407 -0.409091
89.200000 -1.999576 1.002541 -0.409091
89.210000 -1.989251 1.062373 -0.409091
89.220000 -1.978328 1.121887 -0.409092
89.230000 -1.966813 1.181064 -0.409092
89.240000 -1.954707 1.239887 -0.409093
89.250000 -1.942015 1.298337 -0.409093
89.260000 -1.928740 1.356399 -0.409094
89.270000 -1.914887 1.414053 -0.409094
89.280000 -1.900459 1.471283 -0.409095
89.290000 -1.885461 1.528072 -0.409095
89.300000 -1.869898 1.584403 -0.409096
89.310000 -1.853773 1.640258 -0.409097
89.320000 -1.837093 1.695621 -0.409097
89.330000 -1.819861 1.750475 -0.409098
89.340000 -1.802083 1.804804 -0.409099
89.350000 -1.783765 1.858592 -0.409099
89.360000 -1.764911 1.911822 -0.409100
89.370000 -1.745529 1.964479 -0.409101
89.380000 -1.725622 2.016546 -0.409101
89.390000 -1.705198 2.068008 -0.409102
89.400000 -1.684262 2.118850 -0.409103
89.410000 -1.662821 2.169056 -0.409104
89.420000 -1.640881 2.218612 -0.409104
89.430000 -1.618448 2.267502 -0.409105
89.440000 -1.595531 2.315711 -0.409106
89.450000 -1.572134 2.363226 -0.409107
89.460000 -1.548266 2.410032 -0.409107
89.470000 -1.523933 2.456115 -0.409108
89.480000 -1.499144 2.501462 -0.409109
89.490000 -1.473904 2.546057 -0.409110
89.500000 -1.448223 2.589889 -0.409110
89.510000 -1.422106 2.632944 -0.409111
89.520000 -1.395564 2.675209 -0.409112
89.530000 -1.368602 2.716672 -0.409113
89.540000 -1.341230 2.757319 -0.409113
89.550000 -1.313456 2.797139 -0.409114
89.560000 -1.285287 2.836121 -0.409115
89.570000 -1.256733 2.874251 -0.409116
89.580000 -1.227802 2.911519 -0.409116
89.590000 -1.198503 2.947914 -0.409117
89.600000 -1.168844 2.983424 -0.409118
89.610000 -1.138835 3.018039 -0.409119
89.620000 -1.108483 3.051749 -0.409119
89.630000 -1.077800 3.084543 -0.409120
89.640000 -1.046793 3.116412 -0.409121
89.650000 -1.015471 3.147346 -0.409121
89.660000 -0.983846 3.177336 -0.409122
89.670000 -0.951925 3.206372 -0.409123
89.680000 -0.919718 3.234447 -0.409123
89.690000 -0.887236 3.261551 -0.409124
89.700000 -0.854487 3.287677 -0.409124
89.710000 -0.821482 3.312816 -0.409125
89.720000 -0.788231 3.336962 -0.409125
89.730000 -0.754743 3.360107 -0.409126
89.740000 -0.721029 3.382243 -0.409127
89.750000 -0.687098 3.403365 -0.409127
89.760000 -0.652961 3.423466 -0.409127
89.770000 -0.618629 3.442540 -0.409128
89.780000 -0.584111 3.460581 -0.409128
89.790000 -0.549417 3.477584 -0.409129
89.800000 -0.514559 3.493544 -0.409129
89.810000 -0.479546 3.508455 -0.409129
89.820000 -0.444390 3.522314 -0.409130
89.830000 -0.409100 3.535117 -0.409130
89.840000 -0.373687 3.546858 -0.409130
89.850000 -0.338163 3.557536 -0.409131
89.860000 -0.302537 3.567147 -0.409131
89.870000 -0.266820 3.575687 -0.409131
89.880000 -0.231023 3.583155 -0.409131
89.890000 -0.195157 3.589547 -0.409131
89.900000 -0.159232 3.594863 -0.409132
89.910000 -0.123260 3.599101 -0.409132
89.920000 -0.087250 3.602258 -0.409132
89.930000 -0.051214 3.604335 -0.409132
89.940000 -0.015163 3.605331 -0.409132
89.950000 0.020892 3.605245 -0.409132
89.960000 0.056942 3.604077 -0.409132
89.970000 0.092974 3.601829 -0.409132
89.980000 0.128978 3.598499 -0.409132
89.990000 0.164944 3.594091 -0.409132
90.000000 0.200860 3.588603 -0.409131
90.010000 0.236716 3.582040 -0.409131
90.020000 0.272501 3.574402 -0.409131
90.030000 0.308204 3.565691 -0.409131
90.040000 0.343815 3.555911 -0.409131
90.050000 0.379322 3.545064 -0.409130
90.060000 0.414716 3.533153 -0.409130
90.070000 0.449985 3.520183 -0.409130
90.080000 0.485119 3.506156 -0.409129
90.090000 0.520108 3.491078 -0.409129
90.100000 0.554941 3.474952 -0.409129
90.110000 0.589607 3.457784 -0.409128
90.120000 0.624097 3.439578 -0.409128
90.130000 0.658399 3.420341 -0.409127
90.140000 0.692503 3.400077 -0.409127
90.150000 0.726400 3.378794 -0.409126
90.160000 0.760079 3.356496 -0.409126
90.170000 0.793530 3.333192 -0.409125
90.180000 0.826743 3.308888 -0.409125
90.190000 0.859708 3.283591 -0.409124
90.200000 0.892415 3.257310 -0.409124
90.210000 0.924854 3.230050 -0.409123
90.220000 0.957016 3.201822 -0.409122
90.230000 0.988891 3.172634 -0.409122
90.240000 1.020469 3.142493 -0.409121
90.250000 1.051741 3.111410 -0.409121
90.260000 1.082697 3.079394 -0.409120
90.270000 1.113328 3.046453 -0.409119
90.280000 1.143626 3.012599 -0.409118
90.290000 1.173580 2.977841 -0.409118
90.300000 1.203183 2.942189 -0.409117
90.310000 1.232424 2.905655 -0.409116
90.320000 1.261296 2.868250 -0.409116
90.330000 1.289789 2.829983 -0.409115
90.340000 1.317896 2.790868 -0.409114
90.350000 1.345607 2.750916 -0.409113
90.360000 1.372914 2.710138 -0.409113
90.370000 1.399809 2.668547 -0.409112
90.380000 1.426285 2.626155 -0.409111
90.390000 1.452332 2.582976 -0.409110
90.400000 1.477944 2.539022 -0.409109
90.410000 1.503113 2.494306 -0.409109
90.420000 1.527830 2.448842 -0.409108
90.430000 1.552090 2.402643 -0.409107
90.440000 1.575883 2.355724 -0.409106
90.450000 1.599204 2.308097 -0.409106
90.460000 1.622045 2.259779 -0.409105
90.470000 1.644400 2.210782 -0.409104
90.480000 1.666261 2.161122 -0.409103
90.490000 1.687622 2.110814 -0.409103
90.500000 1.708477 2.059872 -0.409102
90.510000 1.728820 2.008313 -0.409101
90.520000 1.748643 1.956151 -0.409101
90.530000 1.767943 1.903402 -0.409100
90.540000 1.786712 1.850082 -0.409099
90.550000 1.804944 1.796207 -0.409098
90.560000 1.822636 1.741794 -0.409098
90.570000 1.839780 1.686857 -0.409097
90.580000 1.856373 1.631415 -0.409097
90.590000 1.872408 1.575483 -0.409096
90.600000 1.887882 1.519079 -0.409095
90.610000 1.902790 1.462219 -0.409095
90.620000 1.917127 1.404920 -0.409094
90.630000 1.930888 1.347200 -0.409094
90.640000 1.944071 1.289076 -0.409093
90.650000 1.956670 1.230565 -0.409093
90.660000 1.968682 1.171684 -0.409092
90.670000 1.980104 1.112452 -0.409092
90.680000 1.990931 1.052887 -0.409091
90.690000 2.001161 0.993006 -0.409091
90.700000 2.010791 0.932826 -0.409090
90.710000 2.019818 0.872367 -0.409090
90.720000 2.028239 0.811646 -0.409090
90.730000 2.036051 0.750682 -0.409089
90.740000 2.043252 0.689492 -0.409089
90.750000 2.049841 0.628096 -0.409089
90.760000 2.055814 0.566511 -0.409089
90.770000 2.061171 0.504756 -0.409088
90.780000 2.065909 0.442850 -0.409088
90.790000 2.070028 0.380811 -0.409088
90.800000 2.073526 0.318658 -0.409088
90.810000 2.076401 0.256409 -0.409088
90.820000 2.078654 0.194083 -0.409088
90.830000 2.080283 0.131699 -0.409088
90.840000 2.081288 0.069275 -0.409088
90.850000 2.081668 0.006831 -0.409087
90.860000 2.081424 -0.055615 -0.409088
90.870000 2.080556 -0.118045 -0.409088
90.880000 2.079063 -0.180439 -0.409088
90.890000 2.076947 -0.242779 -0.409088
90.900000 2.074208 -0.305047 -0.409088
90.910000 2.070846 -0.367223 -0.409088
90.920000 2.066863 -0.429288 -0.409088
90.930000 2.062260 -0.491225 -0.409088
90.940000 2.057039 -0.553015 -0.409089
90.950000 2.051200 -0.614638 -0.409089
90.960000 2.044746 -0.676077 -0.409089
90.970000 2.037679 -0.737314 -0.409089
90.980000 2.030000 -0.798329 -0.409090
90.990000 2.021712 -0.859105 -0.409090
91.000000 2.012818 -0.919623 -0.409090
91.010000 2.003320 -0.979865 -0.409091
91.020000 1.993220 -1.039813 -0.409091
91.030000 1.982523 -1.099449 -0.409092
91.040000 1.971231 -1.158755 -0.409092
91.050000 1.959348 -1.217714 -0.409093
91.060000 1.946877 -1.276307 -0.409093
91.070000 1.933822 -1.334518 -0.409094
91.080000 1.920187 -1.392328 -0.409094
91.090000 1.905976 -1.449720 -0.409095
91.100000 1.891192 -1.506678 -0.409095
91.110000 1.875842 -1.563183 -0.409096
91.120000 1.859929 -1.619220 -0.409096
91.130000 1.843458 -1.674771 -0.409097
91.140000 1.826433 -1.729819 -0.409098
91.150000 1.808861 -1.784348 -0.409098
91.160000 1.790746 -1.838343 -0.409099
91.170000 1.772094 -1.891785 -0.409100
91.180000 1.752911 -1.944660 -0.409100
91.190000 1.733201 -1.996952 -0.409101
91.200000 1.712972 -2.048645 -0.409102
91.210000 1.692228 -2.099723 -0.409103
91.220000 1.670977 -2.150171 -0.409103
91.230000 1.649225 -2.199974 -0.409104
91.240000 1.626978 -2.249117 -0.409105
91.250000 1.604243 -2.297585 -0.409105
91.260000 1.581026 -2.345364 -0.409106
91.270000 1.557335 -2.392439 -0.409107
91.280000 1.533177 -2.438797 -0.409108
91.290000 1.508559 -2.484423 -0.409109
91.300000 1.483489 -2.529304 -0.409109
91.310000 1.457973 -2.573426 -0.409110
91.320000 1.432020 -2.616776 -0.409111
91.330000 1.405638 -2.659341 -0.409112
91.340000 1.378833 -2.701108 -0.409112
91.350000 1.351616 -2.742064 -0.409113
91.360000 1.323992 -2.782199 -0.409114
91.370000 1.295972 -2.821498 -0.409115
91.380000 1.267562 -2.859951 -0.409115
91.390000 1.238773 -2.897546 -0.409116
91.400000 1.209611 -2.934272 -0.409117
91.410000 1.180087 -2.970117 -0.409118
91.420000 1.150209 -3.005072 -0.409118
91.430000 1.119986 -3.039125 -0.409119
91.440000 1.089426 -3.072266 -0.409120
91.450000 1.058540 -3.104485 -0.409120
91.460000 1.027337 -3.135773 -0.409121
91.470000 0.995825 -3.166121 -0.409122
91.480000 0.964014 -3.195518 -0.409122
91.490000 0.931915 -3.223957 -0.409123
91.500000 0.899535 -3.251429 -0.409124
91.510000 0.866886 -3.277925 -0.409124
91.520000 0.833977 -3.303438 -0.409125
91.530000 0.800817 -3.327960 -0.409125
91.540000 0.767417 -3.351484 -0.409126
91.550000 0.733788 -3.374002 -0.409126
91.560000 0.699937 -3.395508 -0.409127
91.570000 0.665877 -3.415995 -0.409127
91.580000 0.631618 -3.435457 -0.409128
91.590000 0.597168 -3.453889 -0.409128
91.600000 0.562540 -3.471285 -0.409129
91.610000 0.527743 -3.487639 -0.409129
91.620000 0.492787 -3.502947 -0.409129
91.630000 0.457684 -3.517204 -0.409130
91.640000 0.422443 -3.530406 -0.409130
91.650000 0.387075 -3.542549 -0.409130
91.660000 0.351592 -3.553629 -0.409131
91.670000 0.316003 -3.563643 -0.409131
91.680000 0.280319 -3.572587 -0.409131
91.690000 0.244551 -3.580461 -0.409131
91.700000 0.208710 -3.587259 -0.409131
91.710000 0.172806 -3.592982 -0.409132
91.720000 0.136850 -3.597627 -0.409132
91.730000 0.100853 -3.601193 -0.409132
91.740000 0.064826 -3.603678 -0.409132
91.750000 0.028780 -3.605082 -0.409132
91.760000 -0.007275 -3.605404 -0.409132
91.770000 -0.043328 -3.604645 -0.409132
91.780000 -0.079368 -3.602805 -0.409132
91.790000 -0.115384 -3.599884 -0.409132
91.800000 -0.151366 -3.595882 -0.409132
91.810000 -0.187302 -3.590802 -0.409131
91.820000 -0.223182 -3.584645 -0.409131
91.830000 -0.258995 -3.577412 -0.409131
91.840000 -0.294730 -3.569107 -0.409131
91.850000 -0.330377 -3.559730 -0.409131
91.860000 -0.365925 -3.549285 -0.409130
91.870000 -0.401363 -3.537776 -0.409130
91.880000 -0.436680 -3.525206 -0.409130
91.890000 -0.471867 -3.511577 -0.409130
91.900000 -0.506912 -3.496896 -0.409129
91.910000 -0.541805 -3.481165 -0.409129
91.920000 -0.576535 -3.464390 -0.409128
91.930000 -0.611093 -3.446575 -0.409128
91.940000 -0.645467 -3.427727 -0.409128
91.950000 -0.679647 -3.407850 -0.409127
91.960000 -0.713624 -3.386951 -0.409127
91.970000 -0.747386 -3.365036 -0.409126
91.980000 -0.780924 -3.342111 -0.409126
91.990000 -0.814228 -3.318184 -0.409125
92.000000 -0.847288 -3.293261 -0.409124
92.010000 -0.880094 -3.267351 -0.409124
92.020000 -0.912635 -3.240460 -0.409123
92.030000 -0.944903 -3.212597 -0.409123
92.040000 -0.976887 -3.183770 -0.409122
92.050000 -1.008578 -3.153988 -0.409121
92.060000 -1.039967 -3.123260 -0.409121
92.070000 -1.071043 -3.091594 -0.409120
92.080000 -1.101799 -3.059002 -0.409119
92.090000 -1.132223 -3.025492 -0.409119
92.100000 -1.162308 -2.991074 -0.409118
92.110000 -1.192045 -2.955758 -0.409117
92.120000 -1.221424 -2.919556 -0.409117
92.130000 -1.250436 -2.882478 -0.409116
92.140000 -1.279073 -2.844536 -0.409115
92.150000 -1.307327 -2.805740 -0.409114
92.160000 -1.335188 -2.766102 -0.409114
92.170000 -1.362649 -2.725634 -0.409113
92.180000 -1.389701 -2.684349 -0.409112
92.190000 -1.416336 -2.642259 -0.409111
92.200000 -1.442546 -2.599375 -0.409111
92.210000 -1.468323 -2.555712 -0.409110
92.220000 -1.493660 -2.511283 -0.409109
92.230000 -1.518549 -2.466099 -0.409108
92.240000 -1.542982 -2.420177 -0.409107
92.250000 -1.566952 -2.373528 -0.409107
92.260000 -1.590453 -2.326166 -0.409106
92.270000 -1.613476 -2.278108 -0.409105
92.280000 -1.636015 -2.229365 -0.409104
92.290000 -1.658063 -2.179954 -0.409104
92.300000 -1.679614 -2.129889 -0.409103
92.310000 -1.700661 -2.079185 -0.409102
92.320000 -1.721198 -2.027857 -0.409102
92.330000 -1.741218 -1.975921 -0.409101
92.340000 -1.760716 -1.923392 -0.409100
92.350000 -1.779686 -1.870286 -0.409099
92.360000 -1.798122 -1.816618 -0.409099
92.370000 -1.816018 -1.762406 -0.409098
92.380000 -1.833370 -1.707666 -0.409097
92.390000 -1.850171 -1.652412 -0.409097
92.400000 -1.866418 -1.596664 -0.409096
92.410000 -1.882105 -1.540436 -0.409096
92.420000 -1.897227 -1.483746 -0.409095
92.430000 -1.911780 -1.426611 -0.409094
92.440000 -1.925759 -1.369048 -0.409094
92.450000 -1.939161 -1.311074 -0.409093
92.460000 -1.951980 -1.252707 -0.409093
92.470000 -1.964215 -1.193964 -0.409092
92.480000 -1.975860 -1.134863 -0.409092
92.490000 -1.986912 -1.075421 -0.409091
92.500000 -1.997368 -1.015657 -0.409091
92.510000 -2.007225 -0.955588 -0.409091
92.520000 -2.016480 -0.895232 -0.409090
92.530000 -2.025130 -0.834608 -0.409090
92.540000 -2.033172 -0.773734 -0.409090
92.550000 -2.040604 -0.712627 -0.409089
92.560000 -2.047425 -0.651307 -0.409089
92.570000 -2.053631 -0.589791 -0.409089
92.580000 -2.059220 -0.528098 -0.409088
92.590000 -2.064193 -0.466247 -0.409088
92.600000 -2.068545 -0.404256 -0.409088
92.610000 -2.072278 -0.342143 -0.409088
92.620000 -2.075388 -0.279928 -0.409088
92.630000 -2.077876 -0.217629 -0.409088
92.640000 -2.079741 -0.155265 -0.409088
92.650000 -2.080982 -0.092854 -0.409088
92.660000 -2.081598 -0.030416 -0.409088
92.670000 -2.081590 0.032032 -0.409088
92.680000 -2.080957 0.094470 -0.409088
92.690000 -2.079700 0.156880 -0.409088
92.700000 -2.077820 0.219243 -0.409088
92.710000 -2.075316 0.281540 -0.409088
92.720000 -2.072189 0.343753 -0.409088
92.730000 -2.068441 0.405862 -0.409088
92.740000 -2.064072 0.467850 -0.409088
92.750000 -2.059084 0.529697 -0.409088
92.760000 -2.053478 0.591385 -0.409089
92.770000 -2.047256 0.652896 -0.409089
92.780000 -2.040420 0.714212 -0.409089
92.790000 -2.032972 0.775312 -0.409090
92.800000 -2.024914 0.836181 -0.409090
92.810000 -2.016248 0.896798 -0.409090
92.820000 -2.006978 0.957147 -0.409091
92.830000 -1.997105 1.017208 -0.409091
92.840000 -1.986633 1.076964 -0.409091
92.850000 -1.975566 1.136397 -0.409092
92.860000 -1.963905 1.195489 -0.409092
92.870000 -1.951656 1.254222 -0.409093
92.880000 -1.938821 1.312580 -0.409093
92.890000 -1.925404 1.370543 -0.409094
92.900000 -1.911410 1.428095 -0.409094
92.910000 -1.896842 1.485219 -0.409095
92.920000 -1.881706 1.541897 -0.409096
92.930000 -1.866005 1.598113 -0.409096
92.940000 -1.849744 1.653849 -0.409097
92.950000 -1.832928 1.709089 -0.409097
92.960000 -1.815562 1.763816 -0.409098
92.970000 -1.797651 1.818015 -0.409099
92.980000 -1.779201 1.871667 -0.409099
92.990000 -1.760218 1.924759 -0.409100
93.000000 -1.740706 1.977273 -0.409101
93.010000 -1.720672 2.029193 -0.409102
93.020000 -1.700122 2.080505 -0.409102
93.030000 -1.679062 2.131193 -0.409103
93.040000 -1.657499 2.181241 -0.409104
93.050000 -1.635438 2.230635 -0.409104
93.060000 -1.612886 2.279360 -0.409105
93.070000 -1.589850 2.327401 -0.409106
93.080000 -1.566338 2.374744 -0.409107
93.090000 -1.542355 2.421374 -0.409107
93.100000 -1.517910 2.467278 -0.409108
93.110000 -1.493010 2.512442 -0.409109
93.120000 -1.467661 2.556852 -0.409110
93.130000 -1.441873 2.600495 -0.409111
93.140000 -1.415652 2.643358 -0.409111
93.150000 -1.389006 2.685428 -0.409112
93.160000 -1.361943 2.726692 -0.409113
93.170000 -1.334472 2.767139 -0.409114
93.180000 -1.306600 2.806755 -0.409114
93.190000 -1.278337 2.845529 -0.409115
93.200000 -1.249690 2.883449 -0.409116
93.210000 -1.220668 2.920504 -0.409117
93.220000 -1.191280 2.956684 -0.409117
93.230000 -1.161534 2.991976 -0.409118
93.240000 -1.131440 3.026370 -0.409119
93.250000 -1.101007 3.059857 -0.409119
93.260000 -1.070243 3.092426 -0.409120
93.270000 -1.039158 3.124067 -0.409121
93.280000 -1.007762 3.154771 -0.409121
93.290000 -0.976063 3.184528 -0.409122
93.300000 -0.944071 3.213330 -0.409123
93.310000 -0.911796 3.241168 -0.409123
93.320000 -0.879248 3.268034 -0.409124
93.330000 -0.846435 3.293919 -0.409124
93.340000 -0.813369 3.318816 -0.409125
93.350000 -0.780059 3.342717 -0.409126
93.360000 -0.746515 3.365616 -0.409126
93.370000 -0.712747 3.387505 -0.409127
93.380000 -0.678765 3.408378 -0.409127
93.390000 -0.644579 3.428228 -0.409128
93.400000 -0.610200 3.447050 -0.409128
93.410000 -0.575638 3.464837 -0.409128
93.420000 -0.540904 3.481585 -0.409129
93.430000 -0.506007 3.497289 -0.409129
93.440000 -0.470958 3.511943 -0.409130
93.450000 -0.435768 3.525544 -0.409130
93.460000 -0.400447 3.538087 -0.409130
93.470000 -0.365006 3.549569 -0.409130
93.480000 -0.329455 3.559986 -0.409131
93.490000 -0.293806 3.569335 -0.409131
93.500000 -0.258069 3.577613 -0.409131
93.510000 -0.222254 3.584818 -0.409131
93.520000 -0.186372 3.590947 -0.409131
93.530000 -0.150435 3.596000 -0.409132
93.540000 -0.114452 3.599973 -0.409132
93.550000 -0.078436 3.602866 -0.409132
93.560000 -0.042395 3.604679 -0.409132
93.570000 -0.006342 3.605410 -0.409132
93.580000 0.029713 3.605059 -0.409132
93.590000 0.065759 3.603627 -0.409132
93.600000 0.101786 3.601114 -0.409132
93.610000 0.137782 3.597520 -0.409132
93.620000 0.173736 3.592848 -0.409132
93.630000 0.209638 3.587097 -0.409131
93.640000 0.245478 3.580270 -0.409131
93.650000 0.281244 3.572369 -0.409131
93.660000 0.316925 3.563397 -0.409131
93.670000 0.352512 3.553355 -0.409131
93.680000 0.387992 3.542248 -0.409130
93.690000 0.423357 3.530078 -0.409130
93.700000 0.458594 3.516848 -0.409130
93.710000 0.493694 3.502564 -0.409129
93.720000 0.528645 3.487229 -0.409129
93.730000 0.563438 3.470848 -0.409129
93.740000 0.598062 3.453425 -0.409128
93.750000 0.632507 3.434967 -0.409128
93.760000 0.666762 3.415478 -0.409127
93.770000 0.700816 3.394964 -0.409127
93.780000 0.734661 3.373432 -0.409126
93.790000 0.768285 3.350888 -0.409126
93.800000 0.801679 3.327338 -0.409125
93.810000 0.834832 3.302790 -0.409125
93.820000 0.867734 3.277252 -0.409124
93.830000 0.900377 3.250730 -0.409124
93.840000 0.932749 3.223233 -0.409123
93.850000 0.964841 3.194770 -0.409122
93.860000 0.996644 3.165347 -0.409122
93.870000 1.028148 3.134975 -0.409121
93.880000 1.059344 3.103663 -0.409120
93.890000 1.090222 3.071419 -0.409120
93.900000 1.120772 3.038255 -0.409119
93.910000 1.150987 3.004178 -0.409118
93.920000 1.180856 2.969201 -0.409118
93.930000 1.210371 2.933332 -0.409117
93.940000 1.239523 2.896584 -0.409116
93.950000 1.268302 2.858966 -0.409115
93.960000 1.296702 2.820491 -0.409115
93.970000 1.324712 2.781170 -0.409114
93.980000 1.352325 2.741015 -0.409113
93.990000 1.379533 2.700037 -0.409112
94.000000 1.406326 2.658249 -0.409112
94.010000 1.432698 2.615663 -0.409111
94.020000 1.458639 2.572293 -0.409110
94.030000 1.484143 2.528152 -0.409109
94.040000 1.509202 2.483251 -0.409109
94.050000 1.533808 2.437606 -0.409108
94.060000 1.557954 2.391230 -0.409107
94.070000 1.581633 2.344136 -0.409106
94.080000 1.604837 2.296339 -0.409105
94.090000 1.627560 2.247853 -0.409105
94.100000 1.649794 2.198693 -0.409104
94.110000 1.671534 2.148873 -0.409103
94.120000 1.692772 2.098408 -0.409103
94.130000 1.713502 2.047314 -0.409102
94.140000 1.733718 1.995606 -0.409101
94.150000 1.753414 1.943299 -0.409100
94.160000 1.772584 1.890409 -0.409100
94.170000 1.791222 1.836952 -0.409099
94.180000 1.809323 1.782944 -0.409098
94.190000 1.826881 1.728401 -0.409098
94.200000 1.843891 1.673339 -0.409097
94.210000 1.860348 1.617775 -0.409096
94.220000 1.876246 1.561726 -0.409096
94.230000 1.891582 1.505209 -0.409095
94.240000 1.906351 1.448240 -0.409095
94.250000 1.920547 1.390837 -0.409094
94.260000 1.934167 1.333016 -0.409094
94.270000 1.947207 1.274795 -0.409093
94.280000 1.959663 1.216192 -0.409093
94.290000 1.971531 1.157224 -0.409092
94.300000 1.982808 1.097909 -0.409092
94.310000 1.993489 1.038265 -0.409091
94.320000 2.003573 0.978309 -0.409091
94.330000 2.013056 0.918059 -0.409090
94.340000 2.021934 0.857535 -0.409090
94.350000 2.030206 0.796752 -0.409090
94.360000 2.037869 0.735731 -0.409089
94.370000 2.044921 0.674489 -0.409089
94.380000 2.051359 0.613045 -0.409089
94.390000 2.057182 0.551417 -0.409089
94.400000 2.062387 0.489624 -0.409088
94.410000 2.066974 0.427683 -0.409088
94.420000 2.070941 0.365614 -0.409088
94.430000 2.074287 0.303436 -0.409088
94.440000 2.077010 0.241167 -0.409088
94.450000 2.079110 0.178825 -0.409088
94.460000 2.080586 0.116429 -0.409088
94.470000 2.081439 0.053999 -0.409088
94.480000 2.081666 -0.008448 -0.409087
94.490000 2.081270 -0.070892 -0.409088
94.500000 2.080248 -0.133314 -0.409088
94.510000 2.078603 -0.195697 -0.409088
94.520000 2.076335 -0.258021 -0.409088
94.530000 2.073443 -0.320268 -0.409088
94.540000 2.069929 -0.382419 -0.409088
94.550000 2.065794 -0.444454 -0.409088
94.560000 2.061040 -0.506357 -0.409088
94.570000 2.055667 -0.568108 -0.409089
94.580000 2.049678 -0.629688 -0.409089
94.590000 2.043074 -0.691079 -0.409089
94.600000 2.035856 -0.752263 -0.409089
94.610000 2.028028 -0.813221 -0.409090
94.620000 2.019592 -0.873935 -0.409090
94.630000 2.010550 -0.934388 -0.409090
94.640000 2.000904 -0.994559 -0.409091
94.650000 1.990658 -1.054433 -0.409091
94.660000 1.979816 -1.113990 -0.409092
94.670000 1.968379 -1.173213 -0.409092
94.680000 1.956351 -1.232084 -0.409093
94.690000 1.943737 -1.290585 -0.409093
94.700000 1.930540 -1.348699 -0.409094
94.710000 1.916763 -1.406409 -0.409094
94.720000 1.902411 -1.463696 -0.409095
94.730000 1.887489 -1.520545 -0.409095
94.740000 1.872000 -1.576937 -0.409096
94.750000 1.855950 -1.632857 -0.409097
94.760000 1.839343 -1.688286 -0.409097
94.770000 1.822185 -1.743209 -0.409098
94.780000 1.804479 -1.797609 -0.409099
94.790000 1.786232 -1.851470 -0.409099
94.800000 1.767450 -1.904775 -0.409100
94.810000 1.748137 -1.957509 -0.409101
94.820000 1.728300 -2.009655 -0.409101
94.830000 1.707944 -2.061199 -0.409102
94.840000 1.687076 -2.112124 -0.409103
94.850000 1.665701 -2.162416 -0.409103
94.860000 1.643827 -2.212059 -0.409104
94.870000 1.621460 -2.261038 -0.409105
94.880000 1.598607 -2.309339 -0.409106
94.890000 1.575273 -2.356947 -0.409106
94.900000 1.551468 -2.403848 -0.409107
94.910000 1.527196 -2.450028 -0.409108
94.920000 1.502467 -2.495473 -0.409109
94.930000 1.477287 -2.540169 -0.409109
94.940000 1.451664 -2.584104 -0.409110
94.950000 1.425605 -2.627263 -0.409111
94.960000 1.399118 -2.669634 -0.409112
94.970000 1.372212 -2.711204 -0.409113
94.980000 1.344894 -2.751960 -0.409113
94.990000 1.317173 -2.791891 -0.409114
95.000000 1.289057 -2.830985 -0.409115
95.010000 1.260553 -2.869229 -0.409116
95.020000 1.231672 -2.906612 -0.409116
95.030000 1.202421 -2.943124 -0.409117
95.040000 1.172809 -2.978752 -0.409118
95.050000 1.142846 -3.013487 -0.409118
95.060000 1.112540 -3.047318 -0.409119
95.070000 1.081900 -3.080234 -0.409120
95.080000 1.050935 -3.112227 -0.409121
95.090000 1.019655 -3.143286 -0.409121
95.100000 0.988069 -3.173401 -0.409122
95.110000 0.956187 -3.202565 -0.409122
95.120000 0.924018 -3.230768 -0.409123
95.130000 0.891572 -3.258002 -0.409124
95.140000 0.858858 -3.284259 -0.409124
95.150000 0.825887 -3.309530 -0.409125
95.160000 0.792667 -3.333808 -0.409125
95.170000 0.759210 -3.357086 -0.409126
95.180000 0.725526 -3.379357 -0.409126
95.190000 0.691623 -3.400615 -0.409127
95.200000 0.657513 -3.420852 -0.409127
95.210000 0.623206 -3.440062 -0.409128
95.220000 0.588712 -3.458241 -0.409128
95.230000 0.554041 -3.475382 -0.409129
95.240000 0.519204 -3.491481 -0.409129
95.250000 0.484212 -3.506532 -0.409129
95.260000 0.449074 -3.520532 -0.409130
95.270000 0.413801 -3.533475 -0.409130
95.280000 0.378404 -3.545358 -0.409130
95.290000 0.342894 -3.556177 -0.409131
95.300000 0.307281 -3.565930 -0.409131
95.310000 0.271575 -3.574613 -0.409131
95.320000 0.235789 -3.582223 -0.409131
95.330000 0.199931 -3.588759 -0.409131
95.340000 0.164013 -3.594218 -0.409132
95.350000 0.128047 -3.598599 -0.409132
95.360000 0.092041 -3.601900 -0.409132
95.370000 0.056009 -3.604121 -0.409132
95.380000 0.019959 -3.605261 -0.409132
95.390000 -0.016097 -3.605319 -0.409132
95.400000 -0.052147 -3.604295 -0.409132
95.410000 -0.088183 -3.602190 -0.409132
95.420000 -0.124191 -3.599004 -0.409132
95.430000 -0.160163 -3.594739 -0.409132
95.440000 -0.196086 -3.589395 -0.409131
95.450000 -0.231951 -3.582975 -0.409131
95.460000 -0.267746 -3.575479 -0.409131
95.470000 -0.303460 -3.566911 -0.409131
95.480000 -0.339084 -3.557273 -0.409131
95.490000 -0.374606 -3.546568 -0.409130
95.500000 -0.410015 -3.534799 -0.409130
95.510000 -0.445302 -3.521969 -0.409130
95.520000 -0.480454 -3.508082 -0.409129
95.530000 -0.515463 -3.493144 -0.409129
95.540000 -0.550317 -3.477157 -0.409129
95.550000 -0.585006 -3.460127 -0.409128
95.560000 -0.619520 -3.442059 -0.409128
95.570000 -0.653848 -3.422959 -0.409127
95.580000 -0.687979 -3.402831 -0.409127
95.590000 -0.721904 -3.381683 -0.409126
95.600000 -0.755613 -3.359520 -0.409126
95.610000 -0.789095 -3.336350 -0.409125
95.620000 -0.822340 -3.312178 -0.409125
95.630000 -0.855338 -3.287013 -0.409124
95.640000 -0.888080 -3.260862 -0.409124
95.650000 -0.920555 -3.233732 -0.409123
95.660000 -0.952755 -3.205633 -0.409123
95.670000 -0.984668 -3.176571 -0.409122
95.680000 -1.016286 -3.146557 -0.409121
95.690000 -1.047599 -3.115599 -0.409121
95.700000 -1.078598 -3.083706 -0.409120
95.710000 -1.109273 -3.050888 -0.409119
95.720000 -1.139616 -3.017154 -0.409119
95.730000 -1.169616 -2.982516 -0.409118
95.740000 -1.199266 -2.946983 -0.409117
95.750000 -1.228556 -2.910565 -0.409116
95.760000 -1.257477 -2.873275 -0.409116
95.770000 -1.286022 -2.835122 -0.409115
95.780000 -1.314180 -2.796119 -0.409114
95.790000 -1.341944 -2.756277 -0.409113
95.800000 -1.369305 -2.715609 -0.409113
95.810000 -1.396256 -2.674125 -0.409112
95.820000 -1.422788 -2.631840 -0.409111
95.830000 -1.448893 -2.588764 -0.409110
95.840000 -1.474563 -2.544912 -0.409110
95.850000 -1.499791 -2.500297 -0.409109
95.860000 -1.524569 -2.454932 -0.409108
95.870000 -1.548890 -2.408830 -0.409107
95.880000 -1.572746 -2.362005 -0.409107
95.890000 -1.596130 -2.314472 -0.409106
95.900000 -1.619035 -2.266245 -0.409105
95.910000 -1.641455 -2.217337 -0.409104
95.920000 -1.663382 -2.167765 -0.409104
95.930000 -1.684810 -2.117542 -0.409103
95.940000 -1.705733 -2.066684 -0.409102
95.950000 -1.726144 -2.015206 -0.409101
95.960000 -1.746037 -1.963123 -0.409101
95.970000 -1.765406 -1.910451 -0.409100
95.980000 -1.784246 -1.857207 -0.409099
95.990000 -1.802550 -1.803405 -0.409099
96.000000 -1.820314 -1.749062 -0.409098
96.010000 -1.837532 -1.694194 -0.409097
96.020000 -1.854198 -1.638818 -0.409097
96.030000 -1.870308 -1.582950 -0.409096
96.040000 -1.885857 -1.526608 -0.409095
96.050000 -1.900840 -1.469807 -0.409095
96.060000 -1.915253 -1.412566 -0.409094
96.070000 -1.929091 -1.354901 -0.409094
96.080000 -1.942351 -1.296829 -0.409093
96.090000 -1.955028 -1.238369 -0.409093
96.100000 -1.967118 -1.179536 -0.409092
96.110000 -1.978619 -1.120350 -0.409092
96.120000 -1.989525 -1.060828 -0.409091
96.130000 -1.999835 -1.000988 -0.409091
96.140000 -2.009545 -0.940847 -0.409091
96.150000 -2.018652 -0.880424 -0.409090
96.160000 -2.027154 -0.819737 -0.409090
96.170000 -2.035047 -0.758804 -0.409089
96.180000 -2.042330 -0.697643 -0.409089
96.190000 -2.049000 -0.636273 -0.409089
96.200000 -2.055055 -0.574713 -0.409089
96.210000 -2.060494 -0.512979 -0.409088
96.220000 -2.065315 -0.451092 -0.409088
96.230000 -2.069516 -0.389070 -0.409088
96.240000 -2.073096 -0.326931 -0.409088
96.250000 -2.076055 -0.264693 -0.409088
96.260000 -2.078390 -0.202377 -0.409088
96.270000 -2.080102 -0.139999 -0.409088
96.280000 -2.081190 -0.077580 -0.409088
96.290000 -2.081654 -0.015137 -0.409088
96.300000 -2.081493 0.047310 -0.409088
96.310000 -2.080707 0.109743 -0.409088
96.320000 -2.079298 0.172143 -0.409088
96.330000 -2.077265 0.234492 -0.409088
96.340000 -2.074608 0.296770 -0.409088
96.350000 -2.071329 0.358959 -0.409088
96.360000 -2.067429 0.421040 -0.409088
96.370000 -2.062908 0.482995 -0.409088
96.380000 -2.057769 0.544805 -0.409089
96.390000 -2.052012 0.606452 -0.409089
96.400000 -2.045640 0.667917 -0.409089
96.410000 -2.038654 0.729181 -0.409089
96.420000 -2.031056 0.790227 -0.409090
96.430000 -2.022849 0.851035 -0.409090
96.440000 -2.014036 0.911589 -0.409090
96.450000 -2.004618 0.971868 -0.409091
96.460000 -1.994598 1.031857 -0.409091
96.470000 -1.983981 1.091535 -0.409092
96.480000 -1.972768 1.150887 -0.409092
96.490000 -1.960963 1.209893 -0.409092
96.500000 -1.948570 1.268536 -0.409093
96.510000 -1.935592 1.326798 -0.409094
96.520000 -1.922034 1.384662 -0.409094
96.530000 -1.907899 1.442111 -0.409095
96.540000 -1.893192 1.499128 -0.409095
96.550000 -1.877916 1.555694 -0.409096
96.560000 -1.862078 1.611794 -0.409096
96.570000 -1.845680 1.667411 -0.409097
96.580000 -1.828729 1.722527 -0.409098
96.590000 -1.811230 1.777126 -0.409098
96.600000 -1.793187 1.831192 -0.409099
96.610000 -1.774606 1.884709 -0.409100
96.620000 -1.755493 1.937661 -0.409100
96.630000 -1.735853 1.990031 -0.409101
96.640000 -1.715692 2.041804 -0.409102
96.650000 -1.695017 2.092965 -0.409102
96.660000 -1.673833 2.143498 -0.409103
96.670000 -1.652147 2.193387 -0.409104
96.680000 -1.629965 2.242619 -0.409105
96.690000 -1.607294 2.291178 -0.409105
96.700000 -1.584142 2.339049 -0.409106
96.710000 -1.560513 2.386219 -0.409107
96.720000 -1.536417 2.432673 -0.409108
96.730000 -1.511860 2.478397 -0.409108
96.740000 -1.486849 2.523378 -0.409109
96.750000 -1.461392 2.567602 -0.409110
96.760000 -1.435497 2.611055 -0.409111
96.770000 -1.409171 2.653725 -0.409112
96.780000 -1.382423 2.695599 -0.409112
96.790000 -1.355259 2.736664 -0.409113
96.800000 -1.327689 2.776908 -0.409114
96.810000 -1.299721 2.816319 -0.409115
96.820000 -1.271363 2.854886 -0.409115
96.830000 -1.242623 2.892595 -0.409116
96.840000 -1.213511 2.929437 -0.409117
96.850000 -1.184035 2.965401 -0.409117
96.860000 -1.154203 3.000474 -0.409118
96.870000 -1.124025 3.034648 -0.409119
96.880000 -1.093510 3.067911 -0.409120
96.890000 -1.062667 3.100253 -0.409120
96.900000 -1.031505 3.131666 -0.409121
96.910000 -1.000034 3.162139 -0.409122
96.920000 -0.968262 3.191663 -0.409122
96.930000 -0.936200 3.220230 -0.409123
96.940000 -0.903858 3.247831 -0.409123
96.950000 -0.871244 3.274458 -0.409124
96.960000 -0.838368 3.300102 -0.409125
96.970000 -0.805242 3.324756 -0.409125
96.980000 -0.771873 3.348413 -0.409126
96.990000 -0.738273 3.371065 -0.409126
97.000000 -0.704452 3.392706 -0.409127
97.010000 -0.670419 3.413329 -0.409127
97.020000 -0.636185 3.432928 -0.409128
97.030000 -0.601761 3.451497 -0.409128
97.040000 -0.567156 3.469031 -0.409129
97.050000 -0.532380 3.485524 -0.409129
97.060000 -0.497445 3.500971 -0.409129
97.070000 -0.462361 3.515369 -0.409130
97.080000 -0.427138 3.528711 -0.409130
97.090000 -0.391787 3.540995 -0.409130
97.100000 -0.356318 3.552216 -0.409131
97.110000 -0.320742 3.562372 -0.409131
97.120000 -0.285070 3.571460 -0.409131
97.130000 -0.249313 3.579475 -0.409131
97.140000 -0.213481 3.586417 -0.409131
97.150000 -0.177585 3.592283 -0.409131
97.160000 -0.141635 3.597071 -0.409132
97.170000 -0.105643 3.600781 -0.409132
97.180000 -0.069620 3.603410 -0.409132
97.190000 -0.033575 3.604957 -0.409132
97.200000 0.002480 3.605424 -0.409132
97.210000 0.038533 3.604809 -0.409132
97.220000 0.074576 3.603112 -0.409132
97.230000 0.110596 3.600335 -0.409132
97.240000 0.146582 3.596477 -0.409132
97.250000 0.182525 3.591540 -0.409131
97.260000 0.218413 3.585526 -0.409131
97.270000 0.254236 3.578436 -0.409131
97.280000 0.289982 3.570273 -0.409131
97.290000 0.325641 3.561039 -0.409131
97.300000 0.361203 3.550736 -0.409130
97.310000 0.396656 3.539368 -0.409130
97.320000 0.431990 3.526939 -0.409130
97.330000 0.467195 3.513451 -0.409130
97.340000 0.502259 3.498909 -0.409129
97.350000 0.537173 3.483318 -0.409129
97.360000 0.571925 3.466681 -0.409128
97.370000 0.606507 3.449005 -0.409128
97.380000 0.640906 3.430293 -0.409128
97.390000 0.675112 3.410553 -0.409127
97.400000 0.709117 3.389790 -0.409127
97.410000 0.742908 3.368009 -0.409126
97.420000 0.776477 3.345219 -0.409126
97.430000 0.809813 3.321424 -0.409125
97.440000 0.842905 3.296633 -0.409125
97.450000 0.875745 3.270854 -0.409124
97.460000 0.908322 3.244093 -0.409123
97.470000 0.940627 3.216358 -0.409123
97.480000 0.972650 3.187659 -0.409122
97.490000 1.004380 3.158004 -0.409122
97.500000 1.035810 3.127401 -0.409121
97.510000 1.066928 3.095860 -0.409120
97.520000 1.097727 3.063390 -0.409119
97.530000 1.128196 3.030001 -0.409119
97.540000 1.158327 2.995703 -0.409118
97.550000 1.188110 2.960507 -0.409117
97.560000 1.217537 2.924422 -0.409117
97.570000 1.246599 2.887460 -0.409116
97.580000 1.275286 2.849632 -0.409115
97.590000 1.303591 2.810949 -0.409114
97.600000 1.331505 2.771422 -0.409114
97.610000 1.359020 2.731064 -0.409113
97.620000 1.386126 2.689887 -0.409112
97.630000 1.412817 2.647903 -0.409111
97.640000 1.439084 2.605124 -0.409111
97.650000 1.464920 2.561564 -0.409110
97.660000 1.490316 2.517236 -0.409109
97.670000 1.515265 2.472152 -0.409108
97.680000 1.539759 2.426327 -0.409108
97.690000 1.563791 2.379774 -0.409107
97.700000 1.587354 2.332506 -0.409106
97.710000 1.610441 2.284539 -0.409105
97.720000 1.633045 2.235887 -0.409105
97.730000 1.655159 2.186564 -0.409104
97.740000 1.676776 2.136585 -0.409103
97.750000 1.697891 2.085965 -0.409102
97.760000 1.718496 2.034719 -0.409102
97.770000 1.738585 1.982863 -0.409101
97.780000 1.758153 1.930412 -0.409100
97.790000 1.777193 1.877382 -0.409100
97.800000 1.795701 1.823788 -0.409099
97.810000 1.813669 1.769648 -0.409098
97.820000 1.831094 1.714976 -0.409098
97.830000 1.847969 1.659790 -0.409097
97.840000 1.864289 1.604107 -0.409096
97.850000 1.880051 1.547941 -0.409096
97.860000 1.895248 1.491312 -0.409095
97.870000 1.909877 1.434235 -0.409095
97.880000 1.923933 1.376728 -0.409094
97.890000 1.937412 1.318808 -0.409093
97.900000 1.950309 1.260492 -0.409093
97.910000 1.962621 1.201798 -0.409092
97.920000 1.974345 1.142744 -0.409092
97.930000 1.985476 1.083346 -0.409092
97.940000 1.996012 1.023624 -0.409091
97.950000 2.005949 0.963594 -0.409091
97.960000 2.015284 0.903276 -0.409090
97.970000 2.024014 0.842687 -0.409090
97.980000 2.032138 0.781844 -0.409090
97.990000 2.039651 0.720767 -0.409089
98.000000 2.046553 0.659474 -0.409089
98.010000 2.052841 0.597983 -0.409089
98.020000 2.058513 0.536313 -0.409088
98.030000 2.063567 0.474482 -0.409088
98.040000 2.068002 0.412508 -0.409088
98.050000 2.071817 0.350411 -0.409088
98.060000 2.075010 0.288209 -0.409088
98.070000 2.077581 0.225920 -0.409088
98.080000 2.079529 0.163563 -0.409088
98.090000 2.080853 0.101157 -0.409088
98.100000 2.081552 0.038721 -0.409088
98.110000 2.081627 -0.023726 -0.409088
98.120000 2.081077 -0.086167 -0.409088
98.130000 2.079904 -0.148582 -0.409088
98.140000 2.078106 -0.210952 -0.409088
98.150000 2.075685 -0.273259 -0.409088
98.160000 2.072641 -0.335483 -0.409088
98.170000 2.068975 -0.397608 -0.409088
98.180000 2.064688 -0.459613 -0.409088
98.190000 2.059783 -0.521480 -0.409088
98.200000 2.054259 -0.583190 -0.409089
98.210000 2.048119 -0.644726 -0.409089
98.220000 2.041364 -0.706068 -0.409089
98.230000 2.033997 -0.767199 -0.409090
98.240000 2.026020 -0.828099 -0.409090
98.250000 2.017435 -0.888751 -0.409090
98.260000 2.008245 -0.949136 -0.409091
98.270000 1.998453 -1.009236 -0.409091
98.280000 1.988061 -1.069034 -0.409091
98.290000 1.977072 -1.128511 -0.409092
98.300000 1.965490 -1.187650 -0.409092
98.310000 1.953319 -1.246432 -0.409093
98.320000 1.940562 -1.304840 -0.409093
98.330000 1.927222 -1.362857 -0.409094
98.340000 1.913305 -1.420465 -0.409094
98.350000 1.898813 -1.477646 -0.409095
98.360000 1.883752 -1.534385 -0.409096
98.370000 1.868125 -1.590663 -0.409096
98.380000 1.851938 -1.646464 -0.409097
98.390000 1.835196 -1.701771 -0.409097
98.400000 1.817903 -1.756567 -0.409098
98.410000 1.800065 -1.810837 -0.409099
98.420000 1.781686 -1.864563 -0.409099
98.430000 1.762773 -1.917730 -0.409100
98.440000 1.743332 -1.970322 -0.409101
98.450000 1.723367 -2.022322 -0.409101
98.460000 1.702885 -2.073716 -0.409102
98.470000 1.681893 -2.124488 -0.409103
98.480000 1.660396 -2.174622 -0.409104
98.490000 1.638400 -2.224104 -0.409104
98.500000 1.615913 -2.272919 -0.409105
98.510000 1.592942 -2.321051 -0.409106
98.520000 1.569492 -2.368488 -0.409107
98.530000 1.545572 -2.415214 -0.409107
98.540000 1.521188 -2.461215 -0.409108
98.550000 1.496348 -2.506478 -0.409109
98.560000 1.471059 -2.550989 -0.409110
98.570000 1.445328 -2.594735 -0.409110
98.580000 1.419164 -2.637703 -0.409111
98.590000 1.392574 -2.679879 -0.409112
98.600000 1.365566 -2.721251 -0.409113
98.610000 1.338149 -2.761807 -0.409114
98.620000 1.310330 -2.801534 -0.409114
98.630000 1.282118 -2.840420 -0.409115
98.640000 1.253522 -2.878455 -0.409116
98.650000 1.224549 -2.915626 -0.409116
98.660000 1.195209 -2.951922 -0.409117
98.670000 1.165511 -2.987333 -0.409118
98.680000 1.135463 -3.021848 -0.409119
98.690000 1.105074 -3.055456 -0.409119
98.700000 1.074353 -3.088147 -0.409120
98.710000 1.043311 -3.119912 -0.409121
98.720000 1.011955 -3.150741 -0.409121
98.730000 0.980296 -3.180625 -0.409122
98.740000 0.948343 -3.209555 -0.409123
98.750000 0.916105 -3.237521 -0.409123
98.760000 0.883592 -3.264517 -0.409124
98.770000 0.850815 -3.290533 -0.409124
98.780000 0.817782 -3.315562 -0.409125
98.790000 0.784503 -3.339596 -0.409126
98.800000 0.750990 -3.362628 -0.409126
98.810000 0.717251 -3.384652 -0.409127
98.820000 0.683297 -3.405660 -0.409127
98.830000 0.649138 -3.425647 -0.409128
98.840000 0.614784 -3.444606 -0.409128
98.850000 0.580245 -3.462531 -0.409128
98.860000 0.545533 -3.479418 -0.409129
98.870000 0.510657 -3.495261 -0.409129
98.880000 0.475628 -3.510055 -0.409130
98.890000 0.440456 -3.523796 -0.409130
98.900000 0.405152 -3.536480 -0.409130
98.910000 0.369726 -3.548103 -0.409130
98.920000 0.334190 -3.558662 -0.409131
98.930000 0.298553 -3.568153 -0.409131
98.940000 0.262827 -3.576574 -0.409131
98.950000 0.227022 -3.583922 -0.409131
98.960000 0.191148 -3.590194 -0.409131
98.970000 0.155218 -3.595390 -0.409132
98.980000 0.119241 -3.599507 -0.409132
98.990000 0.083228 -3.602544 -0.409132
99.000000 0.047190 -3.604500 -0.409132
99.010000 0.011138 -3.605375 -0.409132
99.020000 -0.024918 -3.605168 -0.409132
99.030000 -0.060966 -3.603880 -0.409132
99.040000 -0.096995 -3.601510 -0.409132
99.050000 -0.132996 -3.598061 -0.409132
99.060000 -0.168957 -3.593531 -0.409132
99.070000 -0.204867 -3.587924 -0.409131
99.080000 -0.240715 -3.581240 -0.409131
99.090000 -0.276491 -3.573482 -0.409131
99.100000 -0.312185 -3.564652 -0.409131
99.110000 -0.347784 -3.554752 -0.409131
99.120000 -0.383280 -3.543787 -0.409130
99.130000 -0.418660 -3.531757 -0.409130
99.140000 -0.453915 -3.518669 -0.409130
99.150000 -0.489034 -3.504525 -0.409129
99.160000 -0.524005 -3.489329 -0.409129
99.170000 -0.558820 -3.473087 -0.409129
99.180000 -0.593467 -3.455802 -0.409128
99.190000 -0.627936 -3.437481 -0.409128
99.200000 -0.662217 -3.418129 -0.409127
99.210000 -0.696299 -3.397751 -0.409127
99.220000 -0.730172 -3.376354 -0.409126
99.230000 -0.763826 -3.353944 -0.409126
99.240000 -0.797251 -3.330528 -0.409125
99.250000 -0.830436 -3.306113 -0.409125
99.260000 -0.863373 -3.280706 -0.409124
99.270000 -0.896050 -3.254314 -0.409124
99.280000 -0.928459 -3.226947 -0.409123
99.290000 -0.960589 -3.198611 -0.409122
99.300000 -0.992431 -3.169316 -0.409122
99.310000 -1.023976 -3.139069 -0.409121
99.320000 -1.055213 -3.107882 -0.409120
99.330000 -1.086133 -3.075761 -0.409120
99.340000 -1.116728 -3.042719 -0.409119
99.350000 -1.146988 -3.008763 -0.409118
99.360000 -1.176903 -2.973904 -0.409118
99.370000 -1.206466 -2.938154 -0.409117
99.380000 -1.235666 -2.901522 -0.409116
99.390000 -1.264496 -2.864019 -0.409115
99.400000 -1.292947 -2.825658 -0.409115
99.410000 -1.321009 -2.786448 -0.409114
99.420000 -1.348676 -2.746403 -0.409113
99.430000 -1.375937 -2.705534 -0.409112
99.440000 -1.402786 -2.663853 -0.409112
99.450000 -1.429215 -2.621373 -0.409111
99.460000 -1.455214 -2.578107 -0.409110
99.470000 -1.480777 -2.534067 -0.409109
99.480000 -1.505895 -2.489267 -0.409109
99.490000 -1.530562 -2.443720 -0.409108
99.500000 -1.554770 -2.397440 -0.409107
99.510000 -1.578511 -2.350441 -0.409106
99.520000 -1.601778 -2.302736 -0.409106
99.530000 -1.624566 -2.254341 -0.409105
99.540000 -1.646865 -2.205270 -0.409104
99.550000 -1.668671 -2.155537 -0.409103
99.560000 -1.689976 -2.105157 -0.409103
99.570000 -1.710774 -2.054146 -0.409102
99.580000 -1.731059 -2.002518 -0.409101
99.590000 -1.750824 -1.950290 -0.409100
99.600000 -1.770065 -1.897477 -0.409100
99.610000 -1.788774 -1.844094 -0.409099
99.620000 -1.806947 -1.790158 -0.409098
99.630000 -1.824577 -1.735685 -0.409098
99.640000 -1.841660 -1.680692 -0.409097
99.650000 -1.858191 -1.625194 -0.409097
99.660000 -1.874164 -1.569209 -0.409096
99.670000 -1.889575 -1.512753 -0.409095
99.680000 -1.904419 -1.455843 -0.409095
99.690000 -1.918692 -1.398496 -0.409094
99.700000 -1.932389 -1.340730 -0.409094
99.710000 -1.945507 -1.282561 -0.409093
99.720000 -1.958040 -1.224008 -0.409093
99.730000 -1.969987 -1.165088 -0.409092
99.740000 -1.981342 -1.105818 -0.409092
99.750000 -1.992103 -1.046216 -0.409091
99.760000 -2.002266 -0.986301 -0.409091
99.770000 -2.011829 -0.926089 -0.409090
99.780000 -2.020788 -0.865600 -0.409090
99.790000 -2.029141 -0.804851 -0.409090
99.800000 -2.036885 -0.743861 -0.409089
99.810000 -2.044018 -0.682647 -0.409089
99.820000 -2.050538 -0.621229 -0.409089
99.830000 -2.056443 -0.559624 -0.409089
99.840000 -2.061731 -0.497851 -0.409088
99.850000 -2.066400 -0.435929 -0.409088
99.860000 -2.070449 -0.373877 -0.409088
99.870000 -2.073877 -0.311712 -0.409088
99.880000 -2.076684 -0.249453 -0.409088
99.890000 -2.078867 -0.187120 -0.409088
99.900000 -2.080426 -0.124731 -0.409088
99.910000 -2.081361 -0.062304 -0.409088
99.920000 -2.081672 0.000142 -0.409087
99.930000 -2.081358 0.062587 -0.409088
99.940000 -2.080420 0.125014 -0.409088
99.950000 -2.078858 0.187403 -0.409088
99.960000 -2.076672 0.249736 -0.409088
99.970000 -2.073863 0.311994 -0.409088
99.980000 -2.070432 0.374158 -0.409088
99.990000 -2.066380 0.436210 -0.409088
100.000000 -2.061708 0.498132 -0.409088
