#Posizione iniziale-->2
#Velocita' iniziale-->1
#Costante elastica-->6
#Massa oscillante-->2
#Tempo massimo di integrazione-->100
#Pulsazione al quadrato-->3
#Primo passo di tempo su cui si integra-->0.01
#E' stato utilizzato l'algoritmo di Eulero
#Legenda
#1:t 2:x 3:v 4:dE/Eo 5:E
0 2 1 0 13
0.01 2.01 0.94 0.0003 13.0039
0.02 2.0194 0.8797 0.00060009 13.0078
0.03 2.0282 0.819118 0.00090027 13.0117
0.04 2.03639 0.758272 0.00120054 13.0156
0.05 2.04397 0.69718 0.0015009 13.0195
0.06 2.05094 0.635861 0.00180135 13.0234
0.07 2.0573 0.574333 0.00210189 13.0273
0.08 2.06304 0.512614 0.00240252 13.0312
0.09 2.06817 0.450723 0.00270324 13.0351
0.1 2.07268 0.388678 0.00300405 13.0391
0.11 2.07656 0.326497 0.00330495 13.043
0.12 2.07983 0.2642 0.00360595 13.0469
0.13 2.08247 0.201805 0.00390703 13.0508
0.14 2.08449 0.139331 0.0042082 13.0547
0.15 2.08588 0.0767965 0.00450946 13.0586
0.16 2.08665 0.01422 0.00481082 13.0625
0.17 2.08679 -0.0483795 0.00511226 13.0665
0.18 2.08631 -0.110983 0.00541379 13.0704
0.19 2.0852 -0.173573 0.00571542 13.0743
0.2 2.08346 -0.236129 0.00601713 13.0782
0.21 2.0811 -0.298633 0.00631894 13.0821
0.22 2.07812 -0.361066 0.00662083 13.0861
0.23 2.07451 -0.423409 0.00692282 13.09
0.24 2.07027 -0.485644 0.00722489 13.0939
0.25 2.06542 -0.547752 0.00752706 13.0979
0.26 2.05994 -0.609715 0.00782932 13.1018
0.27 2.05384 -0.671513 0.00813167 13.1057
0.28 2.04713 -0.733128 0.00843411 13.1096
0.29 2.03979 -0.794542 0.00873664 13.1136
0.3 2.03185 -0.855736 0.00903926 13.1175
0.31 2.02329 -0.916691 0.00934197 13.1214
0.32 2.01412 -0.97739 0.00964477 13.1254
0.33 2.00435 -1.03781 0.00994767 13.1293
0.34 1.99397 -1.09794 0.0102507 13.1333
0.35 1.98299 -1.15776 0.0105537 13.1372
0.36 1.97142 -1.21725 0.0108569 13.1411
0.37 1.95924 -1.2764 0.0111602 13.1451
0.38 1.94648 -1.33517 0.0114635 13.149
0.39 1.93313 -1.39357 0.0117669 13.153
0.4 1.91919 -1.45156 0.0120705 13.1569
0.41 1.90468 -1.50914 0.0123741 13.1609
0.42 1.88958 -1.56628 0.0126778 13.1648
0.43 1.87392 -1.62296 0.0129816 13.1688
0.44 1.85769 -1.67918 0.0132855 13.1727
0.45 1.8409 -1.73491 0.0135895 13.1767
0.46 1.82355 -1.79014 0.0138936 13.1806
0.47 1.80565 -1.84485 0.0141977 13.1846
0.48 1.7872 -1.89902 0.014502 13.1885
0.49 1.76821 -1.95263 0.0148063 13.1925
0.5 1.74868 -2.00568 0.0151108 13.1964
0.51 1.72863 -2.05814 0.0154153 13.2004
0.52 1.70805 -2.11 0.0157199 13.2044
0.53 1.68695 -2.16124 0.0160247 13.2083
0.54 1.66533 -2.21185 0.0163295 13.2123
0.55 1.64322 -2.26181 0.0166344 13.2162
0.56 1.6206 -2.3111 0.0169394 13.2202
0.57 1.59749 -2.35972 0.0172444 13.2242
0.58 1.57389 -2.40765 0.0175496 13.2281
0.59 1.54981 -2.45486 0.0178549 13.2321
0.6 1.52526 -2.50136 0.0181602 13.2361
0.61 1.50025 -2.54712 0.0184657 13.2401
0.62 1.47478 -2.59212 0.0187712 13.244
0.63 1.44886 -2.63637 0.0190768 13.248
0.64 1.42249 -2.67983 0.0193826 13.252
0.65 1.3957 -2.72251 0.0196884 13.2559
0.66 1.36847 -2.76438 0.0199943 13.2599
0.67 1.34083 -2.80543 0.0203003 13.2639
0.68 1.31277 -2.84566 0.0206064 13.2679
0.69 1.28432 -2.88504 0.0209126 13.2719
0.7 1.25547 -2.92357 0.0212188 13.2758
0.71 1.22623 -2.96123 0.0215252 13.2798
0.72 1.19662 -2.99802 0.0218317 13.2838
0.73 1.16664 -3.03392 0.0221382 13.2878
0.74 1.1363 -3.06892 0.0224448 13.2918
0.75 1.10561 -3.10301 0.0227516 13.2958
0.76 1.07458 -3.13618 0.0230584 13.2998
0.77 1.04322 -3.16841 0.0233653 13.3037
0.78 1.01153 -3.19971 0.0236723 13.3077
0.79 0.979536 -3.23006 0.0239794 13.3117
0.8 0.947236 -3.25944 0.0242866 13.3157
0.81 0.914641 -3.28786 0.0245939 13.3197
0.82 0.881763 -3.3153 0.0249013 13.3237
0.83 0.84861 -3.34175 0.0252088 13.3277
0.84 0.815192 -3.36721 0.0255163 13.3317
0.85 0.78152 -3.39166 0.025824 13.3357
0.86 0.747604 -3.41511 0.0261317 13.3397
0.87 0.713453 -3.43754 0.0264396 13.3437
0.88 0.679077 -3.45894 0.0267475 13.3477
0.89 0.644488 -3.47931 0.0270555 13.3517
0.9 0.609695 -3.49865 0.0273636 13.3557
0.91 0.574708 -3.51694 0.0276719 13.3597
0.92 0.539539 -3.53418 0.0279802 13.3637
0.93 0.504197 -3.55037 0.0282885 13.3678
0.94 0.468693 -3.56549 0.028597 13.3718
0.95 0.433038 -3.57955 0.0289056 13.3758
0.96 0.397243 -3.59255 0.0292143 13.3798
0.97 0.361317 -3.60446 0.029523 13.3838
0.98 0.325273 -3.6153 0.0298319 13.3878
0.99 0.28912 -3.62506 0.0301409 13.3918
1 0.252869 -3.63373 0.0304499 13.3958
1.01 0.216532 -3.64132 0.030759 13.3999
1.02 0.180119 -3.64782 0.0310683 13.4039
1.03 0.14364 -3.65322 0.0313776 13.4079
1.04 0.107108 -3.65753 0.031687 13.4119
1.05 0.0705329 -3.66074 0.0319965 13.416
1.06 0.0339255 -3.66286 0.0323061 13.42
1.07 -0.00270307 -3.66388 0.0326158 13.424
1.08 -0.0393418 -3.66379 0.0329256 13.428
1.09 -0.0759798 -3.66261 0.0332355 13.4321
1.1 -0.112606 -3.66033 0.0335454 13.4361
1.11 -0.149209 -3.65696 0.0338555 13.4401
1.12 -0.185779 -3.65248 0.0341656 13.4442
1.13 -0.222304 -3.64691 0.0344759 13.4482
1.14 -0.258773 -3.64024 0.0347862 13.4522
1.15 -0.295175 -3.63247 0.0350967 13.4563
1.16 -0.3315 -3.62362 0.0354072 13.4603
1.17 -0.367736 -3.61367 0.0357178 13.4643
1.18 -0.403873 -3.60264 0.0360285 13.4684
1.19 -0.439899 -3.59053 0.0363393 13.4724
1.2 -0.475804 -3.57733 0.0366502 13.4765
1.21 -0.511578 -3.56305 0.0369612 13.4805
1.22 -0.547208 -3.54771 0.0372723 13.4845
1.23 -0.582685 -3.53129 0.0375835 13.4886
1.24 -0.617998 -3.51381 0.0378948 13.4926
1.25 -0.653136 -3.49527 0.0382062 13.4967
1.26 -0.688089 -3.47568 0.0385176 13.5007
1.27 -0.722846 -3.45503 0.0388292 13.5048
1.28 -0.757396 -3.43335 0.0391408 13.5088
1.29 -0.79173 -3.41063 0.0394526 13.5129
1.3 -0.825836 -3.38687 0.0397644 13.5169
1.31 -0.859705 -3.3621 0.0400763 13.521
1.32 -0.893326 -3.33631 0.0403884 13.525
1.33 -0.926689 -3.30951 0.0407005 13.5291
1.34 -0.959784 -3.28171 0.0410127 13.5332
1.35 -0.992601 -3.25291 0.041325 13.5372
1.36 -1.02513 -3.22314 0.0416374 13.5413
1.37 -1.05736 -3.19238 0.0419499 13.5453
1.38 -1.08929 -3.16066 0.0422625 13.5494
1.39 -1.12089 -3.12798 0.0425751 13.5535
1.4 -1.15217 -3.09436 0.0428879 13.5575
1.41 -1.18312 -3.05979 0.0432008 13.5616
1.42 -1.21371 -3.0243 0.0435137 13.5657
1.43 -1.24396 -2.98789 0.0438268 13.5697
1.44 -1.27384 -2.95057 0.0441399 13.5738
1.45 -1.30334 -2.91235 0.0444532 13.5779
1.46 -1.33246 -2.87325 0.0447665 13.582
1.47 -1.3612 -2.83328 0.0450799 13.586
1.48 -1.38953 -2.79244 0.0453935 13.5901
1.49 -1.41745 -2.75076 0.0457071 13.5942
1.5 -1.44496 -2.70823 0.0460208 13.5983
1.51 -1.47204 -2.66488 0.0463346 13.6023
1.52 -1.49869 -2.62072 0.0466485 13.6064
1.53 -1.5249 -2.57576 0.0469625 13.6105
1.54 -1.55066 -2.53002 0.0472766 13.6146
1.55 -1.57596 -2.4835 0.0475908 13.6187
1.56 -1.60079 -2.43622 0.0479051 13.6228
1.57 -1.62515 -2.38819 0.0482194 13.6269
1.58 -1.64904 -2.33944 0.0485339 13.6309
1.59 -1.67243 -2.28997 0.0488484 13.635
1.6 -1.69533 -2.23979 0.0491631 13.6391
1.61 -1.71773 -2.18893 0.0494779 13.6432
1.62 -1.73962 -2.1374 0.0497927 13.6473
1.63 -1.76099 -2.08521 0.0501076 13.6514
1.64 -1.78184 -2.03238 0.0504227 13.6555
1.65 -1.80217 -1.97893 0.0507378 13.6596
1.66 -1.82196 -1.92486 0.051053 13.6637
1.67 -1.84121 -1.87021 0.0513683 13.6678
1.68 -1.85991 -1.81497 0.0516837 13.6719
1.69 -1.87806 -1.75917 0.0519992 13.676
1.7 -1.89565 -1.70283 0.0523148 13.6801
1.71 -1.91268 -1.64596 0.0526305 13.6842
1.72 -1.92914 -1.58858 0.0529463 13.6883
1.73 -1.94502 -1.53071 0.0532622 13.6924
1.74 -1.96033 -1.47236 0.0535782 13.6965
1.75 -1.97505 -1.41355 0.0538943 13.7006
1.76 -1.98919 -1.35429 0.0542104 13.7047
1.77 -2.00273 -1.29462 0.0545267 13.7088
1.78 -2.01568 -1.23454 0.0548431 13.713
1.79 -2.02802 -1.17407 0.0551595 13.7171
1.8 -2.03976 -1.11323 0.0554761 13.7212
1.81 -2.0509 -1.05203 0.0557927 13.7253
1.82 -2.06142 -0.990505 0.0561094 13.7294
1.83 -2.07132 -0.928663 0.0564263 13.7335
1.84 -2.08061 -0.866523 0.0567432 13.7377
1.85 -2.08927 -0.804105 0.0570602 13.7418
1.86 -2.09732 -0.741427 0.0573773 13.7459
1.87 -2.10473 -0.678507 0.0576946 13.75
1.88 -2.11151 -0.615365 0.0580119 13.7542
1.89 -2.11767 -0.55202 0.0583293 13.7583
1.9 -2.12319 -0.48849 0.0586468 13.7624
1.91 -2.12807 -0.424794 0.0589644 13.7665
1.92 -2.13232 -0.360952 0.059282 13.7707
1.93 -2.13593 -0.296982 0.0595998 13.7748
1.94 -2.1389 -0.232905 0.0599177 13.7789
1.95 -2.14123 -0.168738 0.0602357 13.7831
1.96 -2.14292 -0.104501 0.0605538 13.7872
1.97 -2.14396 -0.0402131 0.0608719 13.7913
1.98 -2.14436 0.0241057 0.0611902 13.7955
1.99 -2.14412 0.0884367 0.0615085 13.7996
2 -2.14324 0.15276 0.061827 13.8038
2.01 -2.14171 0.217058 0.0621455 13.8079
2.02 -2.13954 0.281309 0.0624642 13.812
2.03 -2.13673 0.345495 0.0627829 13.8162
2.04 -2.13327 0.409597 0.0631018 13.8203
2.05 -2.12918 0.473595 0.0634207 13.8245
2.06 -2.12444 0.53747 0.0637397 13.8286
2.07 -2.11907 0.601204 0.0640588 13.8328
2.08 -2.11305 0.664776 0.0643781 13.8369
2.09 -2.10641 0.728167 0.0646974 13.8411
2.1 -2.09912 0.791359 0.0650168 13.8452
2.11 -2.09121 0.854333 0.0653363 13.8494
2.12 -2.08267 0.917069 0.0656559 13.8535
2.13 -2.0735 0.979549 0.0659756 13.8577
2.14 -2.0637 1.04175 0.0662954 13.8618
2.15 -2.05328 1.10367 0.0666153 13.866
2.16 -2.04225 1.16526 0.0669352 13.8702
2.17 -2.03059 1.22653 0.0672553 13.8743
2.18 -2.01833 1.28745 0.0675755 13.8785
2.19 -2.00545 1.348 0.0678958 13.8826
2.2 -1.99197 1.40816 0.0682161 13.8868
2.21 -1.97789 1.46792 0.0685366 13.891
2.22 -1.96321 1.52726 0.0688572 13.8951
2.23 -1.94794 1.58616 0.0691778 13.8993
2.24 -1.93208 1.64459 0.0694986 13.9035
2.25 -1.91563 1.70256 0.0698194 13.9077
2.26 -1.89861 1.76002 0.0701404 13.9118
2.27 -1.88101 1.81698 0.0704614 13.916
2.28 -1.86284 1.87341 0.0707826 13.9202
2.29 -1.8441 1.9293 0.0711038 13.9243
2.3 -1.82481 1.98462 0.0714251 13.9285
2.31 -1.80496 2.03937 0.0717465 13.9327
2.32 -1.78457 2.09351 0.0720681 13.9369
2.33 -1.76364 2.14705 0.0723897 13.9411
2.34 -1.74217 2.19996 0.0727114 13.9452
2.35 -1.72017 2.25223 0.0730332 13.9494
2.36 -1.69764 2.30383 0.0733551 13.9536
2.37 -1.67461 2.35476 0.0736771 13.9578
2.38 -1.65106 2.405 0.0739992 13.962
2.39 -1.62701 2.45453 0.0743214 13.9662
2.4 -1.60246 2.50334 0.0746437 13.9704
2.41 -1.57743 2.55141 0.0749661 13.9746
2.42 -1.55191 2.59874 0.0752886 13.9788
2.43 -1.52593 2.64529 0.0756112 13.9829
2.44 -1.49947 2.69107 0.0759339 13.9871
2.45 -1.47256 2.73606 0.0762567 13.9913
2.46 -1.4452 2.78023 0.0765796 13.9955
2.47 -1.4174 2.82359 0.0769025 13.9997
2.48 -1.38916 2.86611 0.0772256 14.0039
2.49 -1.3605 2.90779 0.0775488 14.0081
2.5 -1.33143 2.9486 0.077872 14.0123
2.51 -1.30194 2.98854 0.0781954 14.0165
2.52 -1.27205 3.0276 0.0785188 14.0207
2.53 -1.24178 3.06576 0.0788424 14.025
2.54 -1.21112 3.10302 0.0791661 14.0292
2.55 -1.18009 3.13935 0.0794898 14.0334
2.56 -1.1487 3.17475 0.0798137 14.0376
2.57 -1.11695 3.20921 0.0801376 14.0418
2.58 -1.08486 3.24272 0.0804616 14.046
2.59 -1.05243 3.27527 0.0807858 14.0502
2.6 -1.01968 3.30684 0.08111 14.0544
2.61 -0.986609 3.33743 0.0814343 14.0586
2.62 -0.953235 3.36703 0.0817588 14.0629
2.63 -0.919564 3.39563 0.0820833 14.0671
2.64 -0.885608 3.42321 0.0824079 14.0713
2.65 -0.851376 3.44978 0.0827327 14.0755
2.66 -0.816878 3.47532 0.0830575 14.0797
2.67 -0.782125 3.49983 0.0833824 14.084
2.68 -0.747127 3.52329 0.0837074 14.0882
2.69 -0.711894 3.54571 0.0840325 14.0924
2.7 -0.676437 3.56706 0.0843577 14.0967
2.71 -0.640766 3.58736 0.084683 14.1009
2.72 -0.604892 3.60658 0.0850084 14.1051
2.73 -0.568827 3.62473 0.0853339 14.1093
2.74 -0.532579 3.64179 0.0856595 14.1136
2.75 -0.496161 3.65777 0.0859852 14.1178
2.76 -0.459584 3.67265 0.086311 14.122
2.77 -0.422857 3.68644 0.0866369 14.1263
2.78 -0.385993 3.69913 0.0869629 14.1305
2.79 -0.349002 3.71071 0.087289 14.1348
2.8 -0.311894 3.72118 0.0876152 14.139
2.81 -0.274683 3.73053 0.0879415 14.1432
2.82 -0.237377 3.73877 0.0882679 14.1475
2.83 -0.19999 3.7459 0.0885943 14.1517
2.84 -0.162531 3.7519 0.0889209 14.156
2.85 -0.125012 3.75677 0.0892476 14.1602
2.86 -0.0874439 3.76052 0.0895744 14.1645
2.87 -0.0498387 3.76315 0.0899012 14.1687
2.88 -0.0122072 3.76464 0.0902282 14.173
2.89 0.0254392 3.76501 0.0905553 14.1772
2.9 0.0630892 3.76424 0.0908824 14.1815
2.91 0.100732 3.76235 0.0912097 14.1857
2.92 0.138355 3.75933 0.0915371 14.19
2.93 0.175948 3.75518 0.0918645 14.1942
2.94 0.2135 3.7499 0.0921921 14.1985
2.95 0.250999 3.7435 0.0925198 14.2028
2.96 0.288434 3.73597 0.0928475 14.207
2.97 0.325794 3.72731 0.0931754 14.2113
2.98 0.363067 3.71754 0.0935033 14.2155
2.99 0.400242 3.70665 0.0938314 14.2198
3 0.437309 3.69464 0.0941595 14.2241
3.01 0.474255 3.68152 0.0944878 14.2283
3.02 0.51107 3.66729 0.0948161 14.2326
3.03 0.547743 3.65196 0.0951446 14.2369
3.04 0.584263 3.63553 0.0954731 14.2412
3.05 0.620618 3.618 0.0958017 14.2454
3.06 0.656798 3.59938 0.0961305 14.2497
3.07 0.692792 3.57968 0.0964593 14.254
3.08 0.728589 3.55889 0.0967883 14.2582
3.09 0.764178 3.53704 0.0971173 14.2625
3.1 0.799548 3.51411 0.0974464 14.2668
3.11 0.834689 3.49012 0.0977757 14.2711
3.12 0.86959 3.46508 0.098105 14.2754
3.13 0.904241 3.439 0.0984344 14.2796
3.14 0.938631 3.41187 0.098764 14.2839
3.15 0.97275 3.38371 0.0990936 14.2882
3.16 1.00659 3.35453 0.0994233 14.2925
3.17 1.04013 3.32433 0.0997531 14.2968
3.18 1.07338 3.29313 0.100083 14.3011
3.19 1.10631 3.26092 0.100413 14.3054
3.2 1.13892 3.22773 0.100743 14.3097
3.21 1.17119 3.19357 0.101073 14.314
3.22 1.20313 3.15843 0.101404 14.3182
3.23 1.23471 3.12234 0.101734 14.3225
3.24 1.26594 3.0853 0.102065 14.3268
3.25 1.29679 3.04732 0.102395 14.3311
3.26 1.32726 3.00841 0.102726 14.3354
3.27 1.35735 2.9686 0.103057 14.3397
3.28 1.38703 2.92788 0.103388 14.344
3.29 1.41631 2.88627 0.103719 14.3483
3.3 1.44517 2.84378 0.10405 14.3526
3.31 1.47361 2.80042 0.104381 14.357
3.32 1.50162 2.75621 0.104712 14.3613
3.33 1.52918 2.71116 0.105044 14.3656
3.34 1.55629 2.66529 0.105375 14.3699
3.35 1.58294 2.6186 0.105707 14.3742
3.36 1.60913 2.57111 0.106039 14.3785
3.37 1.63484 2.52284 0.106371 14.3828
3.38 1.66007 2.47379 0.106702 14.3871
3.39 1.68481 2.42399 0.107034 14.3914
3.4 1.70905 2.37345 0.107367 14.3958
3.41 1.73278 2.32217 0.107699 14.4001
3.42 1.756 2.27019 0.108031 14.4044
3.43 1.7787 2.21751 0.108363 14.4087
3.44 1.80088 2.16415 0.108696 14.413
3.45 1.82252 2.11012 0.109029 14.4174
3.46 1.84362 2.05545 0.109361 14.4217
3.47 1.86418 2.00014 0.109694 14.426
3.48 1.88418 1.94421 0.110027 14.4304
3.49 1.90362 1.88769 0.11036 14.4347
3.5 1.9225 1.83058 0.110693 14.439
3.51 1.9408 1.77291 0.111026 14.4433
3.52 1.95853 1.71468 0.11136 14.4477
3.53 1.97568 1.65593 0.111693 14.452
3.54 1.99224 1.59665 0.112027 14.4563
3.55 2.0082 1.53689 0.11236 14.4607
3.56 2.02357 1.47664 0.112694 14.465
3.57 2.03834 1.41593 0.113028 14.4694
3.58 2.0525 1.35478 0.113362 14.4737
3.59 2.06605 1.29321 0.113696 14.478
3.6 2.07898 1.23123 0.11403 14.4824
3.61 2.09129 1.16886 0.114364 14.4867
3.62 2.10298 1.10612 0.114698 14.4911
3.63 2.11404 1.04303 0.115033 14.4954
3.64 2.12447 0.979609 0.115367 14.4998
3.65 2.13427 0.915875 0.115702 14.5041
3.66 2.14343 0.851847 0.116036 14.5085
3.67 2.15194 0.787544 0.116371 14.5128
3.68 2.15982 0.722986 0.116706 14.5172
3.69 2.16705 0.658191 0.117041 14.5215
3.7 2.17363 0.59318 0.117376 14.5259
3.71 2.17956 0.527971 0.117712 14.5302
3.72 2.18484 0.462584 0.118047 14.5346
3.73 2.18947 0.397038 0.118382 14.539
3.74 2.19344 0.331354 0.118718 14.5433
3.75 2.19675 0.265551 0.119053 14.5477
3.76 2.19941 0.199648 0.119389 14.5521
3.77 2.20141 0.133666 0.119725 14.5564
3.78 2.20274 0.067624 0.120061 14.5608
3.79 2.20342 0.00154175 0.120397 14.5652
3.8 2.20343 -0.0645608 0.120733 14.5695
3.81 2.20279 -0.130664 0.121069 14.5739
3.82 2.20148 -0.196747 0.121406 14.5783
3.83 2.19951 -0.262792 0.121742 14.5826
3.84 2.19689 -0.328777 0.122078 14.587
3.85 2.1936 -0.394684 0.122415 14.5914
3.86 2.18965 -0.460492 0.122752 14.5958
3.87 2.18505 -0.526181 0.123089 14.6002
3.88 2.17978 -0.591733 0.123426 14.6045
3.89 2.17387 -0.657126 0.123763 14.6089
3.9 2.1673 -0.722342 0.1241 14.6133
3.91 2.16007 -0.787361 0.124437 14.6177
3.92 2.1522 -0.852163 0.124774 14.6221
3.93 2.14368 -0.916729 0.125112 14.6265
3.94 2.13451 -0.98104 0.125449 14.6308
3.95 2.1247 -1.04508 0.125787 14.6352
3.96 2.11425 -1.10882 0.126125 14.6396
3.97 2.10316 -1.17224 0.126462 14.644
3.98 2.09144 -1.23534 0.1268 14.6484
3.99 2.07909 -1.29808 0.127138 14.6528
4 2.0661 -1.36045 0.127477 14.6572
4.01 2.0525 -1.42244 0.127815 14.6616
4.02 2.03828 -1.48401 0.128153 14.666
4.03 2.02344 -1.54516 0.128492 14.6704
4.04 2.00798 -1.60586 0.12883 14.6748
4.05 1.99192 -1.6661 0.129169 14.6792
4.06 1.97526 -1.72586 0.129508 14.6836
4.07 1.95801 -1.78512 0.129846 14.688
4.08 1.94015 -1.84386 0.130185 14.6924
4.09 1.92172 -1.90206 0.130524 14.6968
4.1 1.90269 -1.95971 0.130864 14.7012
4.11 1.8831 -2.0168 0.131203 14.7056
4.12 1.86293 -2.07329 0.131542 14.71
4.13 1.8422 -2.12918 0.131882 14.7145
4.14 1.82091 -2.18444 0.132221 14.7189
4.15 1.79906 -2.23907 0.132561 14.7233
4.16 1.77667 -2.29304 0.132901 14.7277
4.17 1.75374 -2.34634 0.133241 14.7321
4.18 1.73028 -2.39895 0.13358 14.7365
4.19 1.70629 -2.45086 0.133921 14.741
4.2 1.68178 -2.50205 0.134261 14.7454
4.21 1.65676 -2.5525 0.134601 14.7498
4.22 1.63123 -2.60221 0.134941 14.7542
4.23 1.60521 -2.65114 0.135282 14.7587
4.24 1.5787 -2.6993 0.135622 14.7631
4.25 1.55171 -2.74666 0.135963 14.7675
4.26 1.52424 -2.79321 0.136304 14.772
4.27 1.49631 -2.83894 0.136645 14.7764
4.28 1.46792 -2.88383 0.136986 14.7808
4.29 1.43908 -2.92787 0.137327 14.7852
4.3 1.4098 -2.97104 0.137668 14.7897
4.31 1.38009 -3.01333 0.138009 14.7941
4.32 1.34996 -3.05474 0.138351 14.7986
4.33 1.31941 -3.09523 0.138692 14.803
4.34 1.28846 -3.13482 0.139034 14.8074
4.35 1.25711 -3.17347 0.139376 14.8119
4.36 1.22537 -3.21118 0.139717 14.8163
4.37 1.19326 -3.24794 0.140059 14.8208
4.38 1.16078 -3.28374 0.140401 14.8252
4.39 1.12795 -3.31857 0.140744 14.8297
4.4 1.09476 -3.3524 0.141086 14.8341
4.41 1.06124 -3.38525 0.141428 14.8386
4.42 1.02738 -3.41708 0.14177 14.843
4.43 0.993213 -3.44791 0.142113 14.8475
4.44 0.958734 -3.4777 0.142456 14.8519
4.45 0.923957 -3.50646 0.142798 14.8564
4.46 0.888892 -3.53418 0.143141 14.8608
4.47 0.85355 -3.56085 0.143484 14.8653
4.48 0.817942 -3.58646 0.143827 14.8698
4.49 0.782077 -3.61099 0.14417 14.8742
4.5 0.745967 -3.63446 0.144514 14.8787
4.51 0.709623 -3.65684 0.144857 14.8831
4.52 0.673054 -3.67812 0.1452 14.8876
4.53 0.636273 -3.69832 0.145544 14.8921
4.54 0.59929 -3.7174 0.145888 14.8965
4.55 0.562116 -3.73538 0.146231 14.901
4.56 0.524762 -3.75225 0.146575 14.9055
4.57 0.48724 -3.76799 0.146919 14.91
4.58 0.44956 -3.78261 0.147263 14.9144
4.59 0.411734 -3.79609 0.147608 14.9189
4.6 0.373773 -3.80845 0.147952 14.9234
4.61 0.335688 -3.81966 0.148296 14.9279
4.62 0.297492 -3.82973 0.148641 14.9323
4.63 0.259195 -3.83865 0.148985 14.9368
4.64 0.220808 -3.84643 0.14933 14.9413
4.65 0.182344 -3.85305 0.149675 14.9458
4.66 0.143813 -3.85852 0.15002 14.9503
4.67 0.105228 -3.86284 0.150365 14.9547
4.68 0.0665995 -3.866 0.15071 14.9592
4.69 0.0279396 -3.86799 0.151055 14.9637
4.7 -0.0107403 -3.86883 0.1514 14.9682
4.71 -0.0494287 -3.86851 0.151746 14.9727
4.72 -0.0881137 -3.86703 0.152091 14.9772
4.73 -0.126784 -3.86438 0.152437 14.9817
4.74 -0.165428 -3.86058 0.152783 14.9862
4.75 -0.204034 -3.85562 0.153128 14.9907
4.76 -0.24259 -3.8495 0.153474 14.9952
4.77 -0.281085 -3.84222 0.15382 14.9997
4.78 -0.319507 -3.83379 0.154167 15.0042
4.79 -0.357845 -3.8242 0.154513 15.0087
4.8 -0.396087 -3.81346 0.154859 15.0132
4.81 -0.434221 -3.80158 0.155206 15.0177
4.82 -0.472237 -3.78856 0.155552 15.0222
4.83 -0.510123 -3.77439 0.155899 15.0267
4.84 -0.547867 -3.75908 0.156246 15.0312
4.85 -0.585458 -3.74265 0.156592 15.0357
4.86 -0.622884 -3.72509 0.156939 15.0402
4.87 -0.660135 -3.7064 0.157287 15.0447
4.88 -0.697199 -3.68659 0.157634 15.0492
4.89 -0.734065 -3.66568 0.157981 15.0538
4.9 -0.770722 -3.64366 0.158328 15.0583
4.91 -0.807158 -3.62054 0.158676 15.0628
4.92 -0.843364 -3.59632 0.159024 15.0673
4.93 -0.879327 -3.57102 0.159371 15.0718
4.94 -0.915037 -3.54464 0.159719 15.0763
4.95 -0.950483 -3.51719 0.160067 15.0809
4.96 -0.985655 -3.48867 0.160415 15.0854
4.97 -1.02054 -3.4591 0.160763 15.0899
4.98 -1.05513 -3.42849 0.161111 15.0944
4.99 -1.08942 -3.39683 0.16146 15.099
5 -1.12339 -3.36415 0.161808 15.1035
5.01 -1.15703 -3.33045 0.162157 15.108
5.02 -1.19033 -3.29574 0.162505 15.1126
5.03 -1.22329 -3.26003 0.162854 15.1171
5.04 -1.25589 -3.22333 0.163203 15.1216
5.05 -1.28812 -3.18565 0.163552 15.1262
5.06 -1.31998 -3.14701 0.163901 15.1307
5.07 -1.35145 -3.10741 0.16425 15.1353
5.08 -1.38252 -3.06687 0.164599 15.1398
5.09 -1.41319 -3.02539 0.164949 15.1443
5.1 -1.44345 -2.983 0.165298 15.1489
5.11 -1.47328 -2.93969 0.165648 15.1534
5.12 -1.50267 -2.89549 0.165998 15.158
5.13 -1.53163 -2.85041 0.166347 15.1625
5.14 -1.56013 -2.80446 0.166697 15.1671
5.15 -1.58818 -2.75766 0.167047 15.1716
5.16 -1.61575 -2.71002 0.167397 15.1762
5.17 -1.64285 -2.66154 0.167748 15.1807
5.18 -1.66947 -2.61226 0.168098 15.1853
5.19 -1.69559 -2.56217 0.168448 15.1898
5.2 -1.72121 -2.51131 0.168799 15.1944
5.21 -1.74633 -2.45967 0.169149 15.1989
5.22 -1.77092 -2.40728 0.1695 15.2035
5.23 -1.795 -2.35415 0.169851 15.2081
5.24 -1.81854 -2.3003 0.170202 15.2126
5.25 -1.84154 -2.24575 0.170553 15.2172
5.26 -1.864 -2.1905 0.170904 15.2218
5.27 -1.8859 -2.13458 0.171256 15.2263
5.28 -1.90725 -2.078 0.171607 15.2309
5.29 -1.92803 -2.02078 0.171958 15.2355
5.3 -1.94824 -1.96294 0.17231 15.24
5.31 -1.96787 -1.9045 0.172662 15.2446
5.32 -1.98691 -1.84546 0.173013 15.2492
5.33 -2.00537 -1.78585 0.173365 15.2538
5.34 -2.02322 -1.72569 0.173717 15.2583
5.35 -2.04048 -1.665 0.17407 15.2629
5.36 -2.05713 -1.60378 0.174422 15.2675
5.37 -2.07317 -1.54207 0.174774 15.2721
5.38 -2.08859 -1.47987 0.175126 15.2766
5.39 -2.10339 -1.41721 0.175479 15.2812
5.4 -2.11756 -1.35411 0.175832 15.2858
5.41 -2.1311 -1.29059 0.176184 15.2904
5.42 -2.14401 -1.22665 0.176537 15.295
5.43 -2.15627 -1.16233 0.17689 15.2996
5.44 -2.1679 -1.09764 0.177243 15.3042
5.45 -2.17887 -1.03261 0.177596 15.3088
5.46 -2.1892 -0.967242 0.17795 15.3133
5.47 -2.19887 -0.901566 0.178303 15.3179
5.48 -2.20789 -0.835599 0.178657 15.3225
5.49 -2.21624 -0.769363 0.17901 15.3271
5.5 -2.22394 -0.702875 0.179364 15.3317
5.51 -2.23097 -0.636157 0.179718 15.3363
5.52 -2.23733 -0.569228 0.180072 15.3409
5.53 -2.24302 -0.502109 0.180426 15.3455
5.54 -2.24804 -0.434818 0.18078 15.3501
5.55 -2.25239 -0.367377 0.181134 15.3547
5.56 -2.25606 -0.299805 0.181488 15.3593
5.57 -2.25906 -0.232123 0.181843 15.364
5.58 -2.26138 -0.164351 0.182197 15.3686
5.59 -2.26303 -0.0965097 0.182552 15.3732
5.6 -2.26399 -0.028619 0.182907 15.3778
5.61 -2.26428 0.0393008 0.183262 15.3824
5.62 -2.26388 0.107229 0.183617 15.387
5.63 -2.26281 0.175146 0.183972 15.3916
5.64 -2.26106 0.24303 0.184327 15.3963
5.65 -2.25863 0.310862 0.184682 15.4009
5.66 -2.25552 0.378621 0.185038 15.4055
5.67 -2.25174 0.446286 0.185393 15.4101
5.68 -2.24727 0.513838 0.185749 15.4147
5.69 -2.24213 0.581257 0.186104 15.4194
5.7 -2.23632 0.648521 0.18646 15.424
5.71 -2.22984 0.71561 0.186816 15.4286
5.72 -2.22268 0.782505 0.187172 15.4332
5.73 -2.21486 0.849186 0.187528 15.4379
5.74 -2.20636 0.915632 0.187885 15.4425
5.75 -2.19721 0.981822 0.188241 15.4471
5.76 -2.18739 1.04774 0.188598 15.4518
5.77 -2.17691 1.11336 0.188954 15.4564
5.78 -2.16578 1.17867 0.189311 15.461
5.79 -2.15399 1.24364 0.189668 15.4657
5.8 -2.14155 1.30826 0.190025 15.4703
5.81 -2.12847 1.37251 0.190382 15.475
5.82 -2.11475 1.43636 0.190739 15.4796
5.83 -2.10038 1.4998 0.191096 15.4842
5.84 -2.08539 1.56282 0.191453 15.4889
5.85 -2.06976 1.62538 0.191811 15.4935
5.86 -2.0535 1.68747 0.192168 15.4982
5.87 -2.03663 1.74907 0.192526 15.5028
5.88 -2.01914 1.81017 0.192884 15.5075
5.89 -2.00104 1.87075 0.193241 15.5121
5.9 -1.98233 1.93078 0.193599 15.5168
5.91 -1.96302 1.99025 0.193957 15.5214
5.92 -1.94312 2.04914 0.194316 15.5261
5.93 -1.92263 2.10743 0.194674 15.5308
5.94 -1.90155 2.16511 0.195032 15.5354
5.95 -1.8799 2.22216 0.195391 15.5401
5.96 -1.85768 2.27856 0.195749 15.5447
5.97 -1.83489 2.33429 0.196108 15.5494
5.98 -1.81155 2.38933 0.196467 15.5541
5.99 -1.78766 2.44368 0.196826 15.5587
6 -1.76322 2.49731 0.197185 15.5634
6.01 -1.73825 2.55021 0.197544 15.5681
6.02 -1.71275 2.60235 0.197903 15.5727
6.03 -1.68672 2.65374 0.198263 15.5774
6.04 -1.66019 2.70434 0.198622 15.5821
6.05 -1.63314 2.75414 0.198982 15.5868
6.06 -1.6056 2.80314 0.199342 15.5914
6.07 -1.57757 2.85131 0.199701 15.5961
6.08 -1.54906 2.89863 0.200061 15.6008
6.09 -1.52007 2.9451 0.200421 15.6055
6.1 -1.49062 2.99071 0.200781 15.6102
6.11 -1.46071 3.03542 0.201142 15.6148
6.12 -1.43036 3.07925 0.201502 15.6195
6.13 -1.39957 3.12216 0.201862 15.6242
6.14 -1.36834 3.16414 0.202223 15.6289
6.15 -1.3367 3.20519 0.202584 15.6336
6.16 -1.30465 3.2453 0.202944 15.6383
6.17 -1.2722 3.28443 0.203305 15.643
6.18 -1.23935 3.3226 0.203666 15.6477
6.19 -1.20613 3.35978 0.204027 15.6524
6.2 -1.17253 3.39596 0.204389 15.6571
6.21 -1.13857 3.43114 0.20475 15.6617
6.22 -1.10426 3.4653 0.205111 15.6664
6.23 -1.06961 3.49843 0.205473 15.6711
6.24 -1.03462 3.53051 0.205835 15.6758
6.25 -0.999316 3.56155 0.206196 15.6806
6.26 -0.9637 3.59153 0.206558 15.6853
6.27 -0.927785 3.62044 0.20692 15.69
6.28 -0.891581 3.64828 0.207282 15.6947
6.29 -0.855098 3.67502 0.207644 15.6994
6.3 -0.818348 3.70068 0.208007 15.7041
6.31 -0.781341 3.72523 0.208369 15.7088
6.32 -0.744089 3.74867 0.208732 15.7135
6.33 -0.706602 3.77099 0.209094 15.7182
6.34 -0.668892 3.79219 0.209457 15.7229
6.35 -0.63097 3.81225 0.20982 15.7277
6.36 -0.592848 3.83118 0.210183 15.7324
6.37 -0.554536 3.84897 0.210546 15.7371
6.38 -0.516046 3.86561 0.210909 15.7418
6.39 -0.47739 3.88109 0.211272 15.7465
6.4 -0.438579 3.89541 0.211636 15.7513
6.41 -0.399625 3.90857 0.211999 15.756
6.42 -0.360539 3.92055 0.212363 15.7607
6.43 -0.321334 3.93137 0.212726 15.7654
6.44 -0.28202 3.94101 0.21309 15.7702
6.45 -0.24261 3.94947 0.213454 15.7749
6.46 -0.203115 3.95675 0.213818 15.7796
6.47 -0.163548 3.96284 0.214182 15.7844
6.48 -0.123919 3.96775 0.214547 15.7891
6.49 -0.0842419 3.97147 0.214911 15.7938
6.5 -0.0445272 3.97399 0.215275 15.7986
6.51 -0.00478723 3.97533 0.21564 15.8033
6.52 0.0349661 3.97547 0.216005 15.8081
6.53 0.0747208 3.97443 0.21637 15.8128
6.54 0.114465 3.97218 0.216734 15.8175
6.55 0.154187 3.96875 0.217099 15.8223
6.56 0.193874 3.96412 0.217465 15.827
6.57 0.233516 3.95831 0.21783 15.8318
6.58 0.273099 3.9513 0.218195 15.8365
6.59 0.312612 3.94311 0.218561 15.8413
6.6 0.352043 3.93373 0.218926 15.846
6.61 0.39138 3.92317 0.219292 15.8508
6.62 0.430612 3.91143 0.219658 15.8555
6.63 0.469726 3.89851 0.220024 15.8603
6.64 0.508711 3.88442 0.22039 15.8651
6.65 0.547555 3.86916 0.220756 15.8698
6.66 0.586247 3.85273 0.221122 15.8746
6.67 0.624774 3.83514 0.221488 15.8793
6.68 0.663126 3.8164 0.221855 15.8841
6.69 0.70129 3.79651 0.222221 15.8889
6.7 0.739255 3.77547 0.222588 15.8936
6.71 0.777009 3.75329 0.222955 15.8984
6.72 0.814542 3.72998 0.223322 15.9032
6.73 0.851842 3.70554 0.223689 15.908
6.74 0.888897 3.67999 0.224056 15.9127
6.75 0.925697 3.65332 0.224423 15.9175
6.76 0.962231 3.62555 0.22479 15.9223
6.77 0.998486 3.59668 0.225158 15.927
6.78 1.03445 3.56673 0.225525 15.9318
6.79 1.07012 3.53569 0.225893 15.9366
6.8 1.10548 3.50359 0.226261 15.9414
6.81 1.14051 3.47043 0.226629 15.9462
6.82 1.17522 3.43621 0.226997 15.951
6.83 1.20958 3.40095 0.227365 15.9557
6.84 1.24359 3.36467 0.227733 15.9605
6.85 1.27724 3.32736 0.228101 15.9653
6.86 1.31051 3.28904 0.22847 15.9701
6.87 1.3434 3.24973 0.228838 15.9749
6.88 1.3759 3.20943 0.229207 15.9797
6.89 1.40799 3.16815 0.229576 15.9845
6.9 1.43967 3.12591 0.229944 15.9893
6.91 1.47093 3.08272 0.230313 15.9941
6.92 1.50176 3.03859 0.230682 15.9989
6.93 1.53214 2.99354 0.231052 16.0037
6.94 1.56208 2.94757 0.231421 16.0085
6.95 1.59156 2.90071 0.23179 16.0133
6.96 1.62056 2.85296 0.23216 16.0181
6.97 1.64909 2.80435 0.23253 16.0229
6.98 1.67714 2.75487 0.232899 16.0277
6.99 1.70468 2.70456 0.233269 16.0325
7 1.73173 2.65342 0.233639 16.0373
7.01 1.75826 2.60147 0.234009 16.0421
7.02 1.78428 2.54872 0.23438 16.0469
7.03 1.80977 2.49519 0.23475 16.0517
7.04 1.83472 2.4409 0.23512 16.0566
7.05 1.85913 2.38586 0.235491 16.0614
7.06 1.88299 2.33008 0.235861 16.0662
7.07 1.90629 2.27359 0.236232 16.071
7.08 1.92902 2.21641 0.236603 16.0758
7.09 1.95119 2.15853 0.236974 16.0807
7.1 1.97277 2.1 0.237345 16.0855
7.11 1.99377 2.04082 0.237716 16.0903
7.12 2.01418 1.981 0.238088 16.0951
7.13 2.03399 1.92058 0.238459 16.1
7.14 2.0532 1.85956 0.238831 16.1048
7.15 2.07179 1.79796 0.239202 16.1096
7.16 2.08977 1.73581 0.239574 16.1145
7.17 2.10713 1.67311 0.239946 16.1193
7.18 2.12386 1.6099 0.240318 16.1241
7.19 2.13996 1.54618 0.24069 16.129
7.2 2.15542 1.48199 0.241062 16.1338
7.21 2.17024 1.41732 0.241434 16.1386
7.22 2.18441 1.35222 0.241807 16.1435
7.23 2.19794 1.28668 0.242179 16.1483
7.24 2.2108 1.22075 0.242552 16.1532
7.25 2.22301 1.15442 0.242925 16.158
7.26 2.23456 1.08773 0.243298 16.1629
7.27 2.24543 1.02069 0.243671 16.1677
7.28 2.25564 0.953332 0.244044 16.1726
7.29 2.26517 0.885662 0.244417 16.1774
7.3 2.27403 0.817707 0.24479 16.1823
7.31 2.28221 0.749486 0.245164 16.1871
7.32 2.2897 0.68102 0.245537 16.192
7.33 2.29651 0.612329 0.245911 16.1968
7.34 2.30263 0.543434 0.246285 16.2017
7.35 2.30807 0.474355 0.246659 16.2066
7.36 2.31281 0.405113 0.247033 16.2114
7.37 2.31686 0.335728 0.247407 16.2163
7.38 2.32022 0.266222 0.247781 16.2212
7.39 2.32288 0.196616 0.248155 16.226
7.4 2.32485 0.126929 0.24853 16.2309
7.41 2.32612 0.0571838 0.248904 16.2358
7.42 2.32669 -0.0125998 0.249279 16.2406
7.43 2.32656 -0.0824005 0.249654 16.2455
7.44 2.32574 -0.152197 0.250029 16.2504
7.45 2.32422 -0.22197 0.250404 16.2552
7.46 2.322 -0.291696 0.250779 16.2601
7.47 2.31908 -0.361356 0.251154 16.265
7.48 2.31547 -0.430929 0.251529 16.2699
7.49 2.31116 -0.500393 0.251905 16.2748
7.5 2.30616 -0.569727 0.25228 16.2796
7.51 2.30046 -0.638912 0.252656 16.2845
7.52 2.29407 -0.707926 0.253032 16.2894
7.53 2.28699 -0.776748 0.253408 16.2943
7.54 2.27922 -0.845358 0.253784 16.2992
7.55 2.27077 -0.913734 0.25416 16.3041
7.56 2.26163 -0.981857 0.254536 16.309
7.57 2.25181 -1.04971 0.254913 16.3139
7.58 2.24132 -1.11726 0.255289 16.3188
7.59 2.23014 -1.1845 0.255666 16.3237
7.6 2.2183 -1.2514 0.256042 16.3286
7.61 2.20578 -1.31795 0.256419 16.3334
7.62 2.1926 -1.38413 0.256796 16.3383
7.63 2.17876 -1.44991 0.257173 16.3433
7.64 2.16426 -1.51527 0.25755 16.3482
7.65 2.14911 -1.5802 0.257928 16.3531
7.66 2.13331 -1.64467 0.258305 16.358
7.67 2.11686 -1.70867 0.258682 16.3629
7.68 2.09978 -1.77217 0.25906 16.3678
7.69 2.08205 -1.83517 0.259438 16.3727
7.7 2.0637 -1.89763 0.259816 16.3776
7.71 2.04473 -1.95954 0.260194 16.3825
7.72 2.02513 -2.02088 0.260572 16.3874
7.73 2.00492 -2.08164 0.26095 16.3923
7.74 1.98411 -2.14178 0.261328 16.3973
7.75 1.96269 -2.20131 0.261706 16.4022
7.76 1.94067 -2.26019 0.262085 16.4071
7.77 1.91807 -2.31841 0.262464 16.412
7.78 1.89489 -2.37595 0.262842 16.417
7.79 1.87113 -2.4328 0.263221 16.4219
7.8 1.8468 -2.48893 0.2636 16.4268
7.81 1.82191 -2.54433 0.263979 16.4317
7.82 1.79647 -2.59899 0.264358 16.4367
7.83 1.77048 -2.65289 0.264738 16.4416
7.84 1.74395 -2.706 0.265117 16.4465
7.85 1.71689 -2.75832 0.265497 16.4515
7.86 1.68931 -2.80983 0.265876 16.4564
7.87 1.66121 -2.8605 0.266256 16.4613
7.88 1.6326 -2.91034 0.266636 16.4663
7.89 1.6035 -2.95932 0.267016 16.4712
7.9 1.57391 -3.00742 0.267396 16.4761
7.91 1.54383 -3.05464 0.267776 16.4811
7.92 1.51329 -3.10096 0.268157 16.486
7.93 1.48228 -3.14635 0.268537 16.491
7.94 1.45081 -3.19082 0.268918 16.4959
7.95 1.4189 -3.23435 0.269298 16.5009
7.96 1.38656 -3.27691 0.269679 16.5058
7.97 1.35379 -3.31851 0.27006 16.5108
7.98 1.32061 -3.35913 0.270441 16.5157
7.99 1.28702 -3.39874 0.270822 16.5207
8 1.25303 -3.43735 0.271203 16.5256
8.01 1.21865 -3.47494 0.271585 16.5306
8.02 1.18391 -3.5115 0.271966 16.5356
8.03 1.14879 -3.54702 0.272348 16.5405
8.04 1.11332 -3.58149 0.27273 16.5455
8.05 1.07751 -3.61489 0.273111 16.5504
8.06 1.04136 -3.64721 0.273493 16.5554
8.07 1.00488 -3.67845 0.273875 16.5604
8.08 0.9681 -3.7086 0.274257 16.5653
8.09 0.931014 -3.73764 0.27464 16.5703
8.1 0.893638 -3.76557 0.275022 16.5753
8.11 0.855982 -3.79238 0.275405 16.5803
8.12 0.818058 -3.81806 0.275787 16.5852
8.13 0.779877 -3.8426 0.27617 16.5902
8.14 0.741451 -3.866 0.276553 16.5952
8.15 0.702791 -3.88824 0.276936 16.6002
8.16 0.663909 -3.90932 0.277319 16.6051
8.17 0.624816 -3.92924 0.277702 16.6101
8.18 0.585523 -3.94799 0.278085 16.6151
8.19 0.546044 -3.96555 0.278469 16.6201
8.2 0.506388 -3.98193 0.278852 16.6251
8.21 0.466569 -3.99713 0.279236 16.6301
8.22 0.426597 -4.01112 0.27962 16.6351
8.23 0.386486 -4.02392 0.280004 16.64
8.24 0.346247 -4.03551 0.280388 16.645
8.25 0.305892 -4.0459 0.280772 16.65
8.26 0.265433 -4.05508 0.281156 16.655
8.27 0.224882 -4.06304 0.28154 16.66
8.28 0.184252 -4.06979 0.281925 16.665
8.29 0.143554 -4.07532 0.282309 16.67
8.3 0.102801 -4.07962 0.282694 16.675
8.31 0.0620043 -4.08271 0.283079 16.68
8.32 0.0211773 -4.08457 0.283464 16.685
8.33 -0.0196684 -4.0852 0.283849 16.69
8.34 -0.0605204 -4.08461 0.284234 16.695
8.35 -0.101367 -4.0828 0.284619 16.7001
8.36 -0.142194 -4.07976 0.285005 16.7051
8.37 -0.182992 -4.07549 0.28539 16.7101
8.38 -0.223747 -4.07 0.285776 16.7151
8.39 -0.264447 -4.06329 0.286162 16.7201
8.4 -0.30508 -4.05535 0.286547 16.7251
8.41 -0.345633 -4.0462 0.286933 16.7301
8.42 -0.386095 -4.03583 0.287319 16.7352
8.43 -0.426454 -4.02425 0.287706 16.7402
8.44 -0.466696 -4.01146 0.288092 16.7452
8.45 -0.506811 -3.99746 0.288478 16.7502
8.46 -0.546785 -3.98225 0.288865 16.7552
8.47 -0.586608 -3.96585 0.289252 16.7603
8.48 -0.626266 -3.94825 0.289638 16.7653
8.49 -0.665749 -3.92946 0.290025 16.7703
8.5 -0.705043 -3.90949 0.290412 16.7754
8.51 -0.744138 -3.88834 0.290799 16.7804
8.52 -0.783022 -3.86601 0.291187 16.7854
8.53 -0.821682 -3.84252 0.291574 16.7905
8.54 -0.860107 -3.81787 0.291961 16.7955
8.55 -0.898286 -3.79207 0.292349 16.8005
8.56 -0.936206 -3.76512 0.292737 16.8056
8.57 -0.973858 -3.73703 0.293125 16.8106
8.58 -1.01123 -3.70782 0.293513 16.8157
8.59 -1.04831 -3.67748 0.293901 16.8207
8.6 -1.08508 -3.64603 0.294289 16.8258
8.61 -1.12154 -3.61348 0.294677 16.8308
8.62 -1.15768 -3.57983 0.295065 16.8359
8.63 -1.19347 -3.5451 0.295454 16.8409
8.64 -1.22893 -3.5093 0.295843 16.846
8.65 -1.26402 -3.47243 0.296231 16.851
8.66 -1.29874 -3.43451 0.29662 16.8561
8.67 -1.33309 -3.39555 0.297009 16.8611
8.68 -1.36704 -3.35556 0.297398 16.8662
8.69 -1.4006 -3.31454 0.297788 16.8712
8.7 -1.43374 -3.27253 0.298177 16.8763
8.71 -1.46647 -3.22951 0.298566 16.8814
8.72 -1.49876 -3.18552 0.298956 16.8864
8.73 -1.53062 -3.14056 0.299346 16.8915
8.74 -1.56203 -3.09464 0.299735 16.8966
8.75 -1.59297 -3.04778 0.300125 16.9016
8.76 -1.62345 -2.99999 0.300515 16.9067
8.77 -1.65345 -2.95129 0.300905 16.9118
8.78 -1.68296 -2.90168 0.301296 16.9168
8.79 -1.71198 -2.85119 0.301686 16.9219
8.8 -1.74049 -2.79983 0.302077 16.927
8.81 -1.76849 -2.74762 0.302467 16.9321
8.82 -1.79597 -2.69456 0.302858 16.9372
8.83 -1.82291 -2.64069 0.303249 16.9422
8.84 -1.84932 -2.586 0.30364 16.9473
8.85 -1.87518 -2.53052 0.304031 16.9524
8.86 -1.90048 -2.47426 0.304422 16.9575
8.87 -1.92523 -2.41725 0.304813 16.9626
8.88 -1.9494 -2.35949 0.305205 16.9677
8.89 -1.97299 -2.30101 0.305596 16.9728
8.9 -1.996 -2.24182 0.305988 16.9778
8.91 -2.01842 -2.18194 0.30638 16.9829
8.92 -2.04024 -2.12139 0.306772 16.988
8.93 -2.06145 -2.06018 0.307164 16.9931
8.94 -2.08206 -1.99834 0.307556 16.9982
8.95 -2.10204 -1.93587 0.307948 17.0033
8.96 -2.1214 -1.87281 0.308341 17.0084
8.97 -2.14013 -1.80917 0.308733 17.0135
8.98 -2.15822 -1.74497 0.309126 17.0186
8.99 -2.17567 -1.68022 0.309519 17.0237
9 -2.19247 -1.61495 0.309911 17.0288
9.01 -2.20862 -1.54918 0.310304 17.034
9.02 -2.22411 -1.48292 0.310697 17.0391
9.03 -2.23894 -1.41619 0.311091 17.0442
9.04 -2.2531 -1.34903 0.311484 17.0493
9.05 -2.26659 -1.28143 0.311877 17.0544
9.06 -2.27941 -1.21344 0.312271 17.0595
9.07 -2.29154 -1.14505 0.312665 17.0646
9.08 -2.30299 -1.07631 0.313058 17.0698
9.09 -2.31376 -1.00722 0.313452 17.0749
9.1 -2.32383 -0.937805 0.313846 17.08
9.11 -2.33321 -0.86809 0.314241 17.0851
9.12 -2.34189 -0.798094 0.314635 17.0903
9.13 -2.34987 -0.727837 0.315029 17.0954
9.14 -2.35715 -0.657341 0.315424 17.1005
9.15 -2.36372 -0.586627 0.315818 17.1056
9.16 -2.36959 -0.515715 0.316213 17.1108
9.17 -2.37474 -0.444628 0.316608 17.1159
9.18 -2.37919 -0.373385 0.317003 17.121
9.19 -2.38292 -0.30201 0.317398 17.1262
9.2 -2.38594 -0.230522 0.317793 17.1313
9.21 -2.38825 -0.158944 0.318189 17.1365
9.22 -2.38984 -0.0872962 0.318584 17.1416
9.23 -2.39071 -0.0156011 0.31898 17.1467
9.24 -2.39087 0.0561202 0.319375 17.1519
9.25 -2.39031 0.127846 0.319771 17.157
9.26 -2.38903 0.199555 0.320167 17.1622
9.27 -2.38703 0.271226 0.320563 17.1673
9.28 -2.38432 0.342837 0.320959 17.1725
9.29 -2.38089 0.414367 0.321356 17.1776
9.3 -2.37675 0.485793 0.321752 17.1828
9.31 -2.37189 0.557096 0.322149 17.1879
9.32 -2.36632 0.628253 0.322545 17.1931
9.33 -2.36004 0.699242 0.322942 17.1982
9.34 -2.35304 0.770043 0.323339 17.2034
9.35 -2.34534 0.840634 0.323736 17.2086
9.36 -2.33694 0.910995 0.324133 17.2137
9.37 -2.32783 0.981103 0.32453 17.2189
9.38 -2.31802 1.05094 0.324928 17.2241
9.39 -2.30751 1.12048 0.325325 17.2292
9.4 -2.2963 1.1897 0.325723 17.2344
9.41 -2.2844 1.25859 0.32612 17.2396
9.42 -2.27182 1.32712 0.326518 17.2447
9.43 -2.25855 1.39528 0.326916 17.2499
9.44 -2.24459 1.46304 0.327314 17.2551
9.45 -2.22996 1.53037 0.327712 17.2603
9.46 -2.21466 1.59727 0.328111 17.2654
9.47 -2.19869 1.66371 0.328509 17.2706
9.48 -2.18205 1.72967 0.328908 17.2758
9.49 -2.16475 1.79513 0.329306 17.281
9.5 -2.1468 1.86008 0.329705 17.2862
9.51 -2.1282 1.92448 0.330104 17.2914
9.52 -2.10896 1.98833 0.330503 17.2965
9.53 -2.08907 2.0516 0.330902 17.3017
9.54 -2.06856 2.11427 0.331302 17.3069
9.55 -2.04741 2.17632 0.331701 17.3121
9.56 -2.02565 2.23775 0.3321 17.3173
9.57 -2.00327 2.29852 0.3325 17.3225
9.58 -1.98029 2.35861 0.3329 17.3277
9.59 -1.9567 2.41802 0.3333 17.3329
9.6 -1.93252 2.47672 0.3337 17.3381
9.61 -1.90776 2.5347 0.3341 17.3433
9.62 -1.88241 2.59193 0.3345 17.3485
9.63 -1.85649 2.64841 0.3349 17.3537
9.64 -1.83001 2.7041 0.335301 17.3589
9.65 -1.80296 2.759 0.335701 17.3641
9.66 -1.77537 2.81309 0.336102 17.3693
9.67 -1.74724 2.86635 0.336503 17.3745
9.68 -1.71858 2.91877 0.336904 17.3798
9.69 -1.68939 2.97032 0.337305 17.385
9.7 -1.65969 3.02101 0.337706 17.3902
9.71 -1.62948 3.0708 0.338108 17.3954
9.72 -1.59877 3.11968 0.338509 17.4006
9.73 -1.56757 3.16764 0.338911 17.4058
9.74 -1.5359 3.21467 0.339312 17.4111
9.75 -1.50375 3.26075 0.339714 17.4163
9.76 -1.47114 3.30586 0.340116 17.4215
9.77 -1.43808 3.35 0.340518 17.4267
9.78 -1.40458 3.39314 0.34092 17.432
9.79 -1.37065 3.43528 0.341322 17.4372
9.8 -1.3363 3.4764 0.341725 17.4424
9.81 -1.30154 3.51648 0.342127 17.4477
9.82 -1.26637 3.55553 0.34253 17.4529
9.83 -1.23082 3.59352 0.342933 17.4581
9.84 -1.19488 3.63045 0.343336 17.4634
9.85 -1.15858 3.66629 0.343739 17.4686
9.86 -1.12191 3.70105 0.344142 17.4738
9.87 -1.0849 3.73471 0.344545 17.4791
9.88 -1.04756 3.76725 0.344948 17.4843
9.89 -1.00988 3.79868 0.345352 17.4896
9.9 -0.971897 3.82898 0.345755 17.4948
9.91 -0.933607 3.85813 0.346159 17.5001
9.92 -0.895026 3.88614 0.346563 17.5053
9.93 -0.856164 3.91299 0.346967 17.5106
9.94 -0.817034 3.93868 0.347371 17.5158
9.95 -0.777648 3.96319 0.347775 17.5211
9.96 -0.738016 3.98652 0.34818 17.5263
9.97 -0.698151 4.00866 0.348584 17.5316
9.98 -0.658064 4.0296 0.348989 17.5369
9.99 -0.617768 4.04935 0.349393 17.5421
10 -0.577274 4.06788 0.349798 17.5474
10.01 -0.536596 4.0852 0.350203 17.5526
10.02 -0.495744 4.10129 0.350608 17.5579
10.03 -0.454731 4.11617 0.351013 17.5632
10.04 -0.413569 4.12981 0.351419 17.5684
10.05 -0.372271 4.14222 0.351824 17.5737
10.06 -0.330849 4.15338 0.35223 17.579
10.07 -0.289315 4.16331 0.352635 17.5843
10.08 -0.247682 4.17199 0.353041 17.5895
10.09 -0.205962 4.17942 0.353447 17.5948
10.1 -0.164168 4.1856 0.353853 17.6001
10.11 -0.122312 4.19052 0.354259 17.6054
10.12 -0.0804066 4.19419 0.354665 17.6106
10.13 -0.0384647 4.19661 0.355072 17.6159
10.14 0.00350137 4.19776 0.355478 17.6212
10.15 0.045479 4.19765 0.355885 17.6265
10.16 0.0874555 4.19629 0.356292 17.6318
10.17 0.129418 4.19367 0.356699 17.6371
10.18 0.171355 4.18978 0.357106 17.6424
10.19 0.213253 4.18464 0.357513 17.6477
10.2 0.255099 4.17825 0.35792 17.653
10.21 0.296882 4.17059 0.358327 17.6583
10.22 0.338588 4.16169 0.358735 17.6636
10.23 0.380205 4.15153 0.359142 17.6689
10.24 0.42172 4.14012 0.35955 17.6742
10.25 0.463121 4.12747 0.359958 17.6795
10.26 0.504396 4.11358 0.360366 17.6848
10.27 0.545532 4.09844 0.360774 17.6901
10.28 0.586516 4.08208 0.361182 17.6954
10.29 0.627337 4.06448 0.361591 17.7007
10.3 0.667982 4.04566 0.361999 17.706
10.31 0.708438 4.02562 0.362408 17.7113
10.32 0.748694 4.00437 0.362817 17.7166
10.33 0.788738 3.98191 0.363225 17.7219
10.34 0.828557 3.95825 0.363634 17.7272
10.35 0.86814 3.93339 0.364043 17.7326
10.36 0.907474 3.90735 0.364453 17.7379
10.37 0.946547 3.88012 0.364862 17.7432
10.38 0.985348 3.85173 0.365271 17.7485
10.39 1.02387 3.82217 0.365681 17.7539
10.4 1.06209 3.79145 0.366091 17.7592
10.41 1.1 3.75959 0.366501 17.7645
10.42 1.1376 3.72659 0.366911 17.7698
10.43 1.17486 3.69246 0.367321 17.7752
10.44 1.21179 3.65721 0.367731 17.7805
10.45 1.24836 3.62086 0.368141 17.7858
10.46 1.28457 3.58341 0.368552 17.7912
10.47 1.3204 3.54487 0.368962 17.7965
10.48 1.35585 3.50526 0.369373 17.8018
10.49 1.3909 3.46458 0.369784 17.8072
10.5 1.42555 3.42286 0.370195 17.8125
10.51 1.45978 3.38009 0.370606 17.8179
10.52 1.49358 3.3363 0.371017 17.8232
10.53 1.52694 3.29149 0.371428 17.8286
10.54 1.55986 3.24568 0.37184 17.8339
10.55 1.59231 3.19889 0.372251 17.8393
10.56 1.6243 3.15112 0.372663 17.8446
10.57 1.65581 3.10239 0.373075 17.85
10.58 1.68684 3.05271 0.373487 17.8553
10.59 1.71737 3.00211 0.373899 17.8607
10.6 1.74739 2.95059 0.374311 17.866
10.61 1.77689 2.89817 0.374723 17.8714
10.62 1.80587 2.84486 0.375135 17.8768
10.63 1.83432 2.79068 0.375548 17.8821
10.64 1.86223 2.73565 0.375961 17.8875
10.65 1.88959 2.67979 0.376373 17.8929
10.66 1.91638 2.6231 0.376786 17.8982
10.67 1.94261 2.56561 0.377199 17.9036
10.68 1.96827 2.50733 0.377613 17.909
10.69 1.99334 2.44828 0.378026 17.9143
10.7 2.01783 2.38848 0.378439 17.9197
10.71 2.04171 2.32794 0.378853 17.9251
10.72 2.06499 2.26669 0.379266 17.9305
10.73 2.08766 2.20474 0.37968 17.9358
10.74 2.10971 2.14211 0.380094 17.9412
10.75 2.13113 2.07882 0.380508 17.9466
10.76 2.15191 2.01489 0.380922 17.952
10.77 2.17206 1.95033 0.381337 17.9574
10.78 2.19157 1.88517 0.381751 17.9628
10.79 2.21042 1.81942 0.382165 17.9682
10.8 2.22861 1.75311 0.38258 17.9735
10.81 2.24614 1.68625 0.382995 17.9789
10.82 2.26301 1.61887 0.38341 17.9843
10.83 2.2792 1.55098 0.383825 17.9897
10.84 2.2947 1.4826 0.38424 17.9951
10.85 2.30953 1.41376 0.384655 18.0005
10.86 2.32367 1.34447 0.385071 18.0059
10.87 2.33711 1.27476 0.385486 18.0113
10.88 2.34986 1.20465 0.385902 18.0167
10.89 2.36191 1.13416 0.386318 18.0221
10.9 2.37325 1.0633 0.386733 18.0275
10.91 2.38388 0.9921 0.387149 18.0329
10.92 2.3938 0.920584 0.387566 18.0384
10.93 2.40301 0.84877 0.387982 18.0438
10.94 2.4115 0.77668 0.388398 18.0492
10.95 2.41926 0.704335 0.388815 18.0546
10.96 2.42631 0.631757 0.389231 18.06
10.97 2.43262 0.558968 0.389648 18.0654
10.98 2.43821 0.485989 0.390065 18.0708
10.99 2.44307 0.412842 0.390482 18.0763
11 2.4472 0.33955 0.390899 18.0817
11.01 2.4506 0.266134 0.391317 18.0871
11.02 2.45326 0.192616 0.391734 18.0925
11.03 2.45519 0.119018 0.392151 18.098
11.04 2.45638 0.0453628 0.392569 18.1034
11.05 2.45683 -0.0283284 0.392987 18.1088
11.06 2.45655 -0.102033 0.393405 18.1143
11.07 2.45553 -0.17573 0.393823 18.1197
11.08 2.45377 -0.249395 0.394241 18.1251
11.09 2.45127 -0.323008 0.394659 18.1306
11.1 2.44804 -0.396547 0.395078 18.136
11.11 2.44408 -0.469988 0.395496 18.1414
11.12 2.43938 -0.54331 0.395915 18.1469
11.13 2.43395 -0.616492 0.396334 18.1523
11.14 2.42778 -0.68951 0.396752 18.1578
11.15 2.42089 -0.762344 0.397171 18.1632
11.16 2.41326 -0.83497 0.397591 18.1687
11.17 2.40491 -0.907368 0.39801 18.1741
11.18 2.39584 -0.979515 0.398429 18.1796
11.19 2.38604 -1.05139 0.398849 18.185
11.2 2.37553 -1.12297 0.399269 18.1905
11.21 2.3643 -1.19424 0.399688 18.1959
11.22 2.35236 -1.26517 0.400108 18.2014
11.23 2.33971 -1.33574 0.400528 18.2069
11.24 2.32635 -1.40593 0.400948 18.2123
11.25 2.31229 -1.47572 0.401369 18.2178
11.26 2.29753 -1.54509 0.401789 18.2233
11.27 2.28208 -1.61401 0.40221 18.2287
11.28 2.26594 -1.68248 0.40263 18.2342
11.29 2.24912 -1.75045 0.403051 18.2397
11.3 2.23161 -1.81793 0.403472 18.2451
11.31 2.21343 -1.88488 0.403893 18.2506
11.32 2.19458 -1.95128 0.404314 18.2561
11.33 2.17507 -2.01712 0.404735 18.2616
11.34 2.1549 -2.08237 0.405157 18.267
11.35 2.13408 -2.14702 0.405578 18.2725
11.36 2.11261 -2.21104 0.406 18.278
11.37 2.0905 -2.27442 0.406422 18.2835
11.38 2.06775 -2.33713 0.406844 18.289
11.39 2.04438 -2.39916 0.407266 18.2945
11.4 2.02039 -2.4605 0.407688 18.2999
11.41 1.99578 -2.52111 0.40811 18.3054
11.42 1.97057 -2.58098 0.408533 18.3109
11.43 1.94476 -2.6401 0.408955 18.3164
11.44 1.91836 -2.69844 0.409378 18.3219
11.45 1.89138 -2.75599 0.409801 18.3274
11.46 1.86382 -2.81273 0.410224 18.3329
11.47 1.83569 -2.86865 0.410647 18.3384
11.48 1.807 -2.92372 0.41107 18.3439
11.49 1.77777 -2.97793 0.411493 18.3494
11.5 1.74799 -3.03126 0.411917 18.3549
11.51 1.71767 -3.0837 0.41234 18.3604
11.52 1.68684 -3.13523 0.412764 18.3659
11.53 1.65549 -3.18584 0.413188 18.3714
11.54 1.62363 -3.2355 0.413612 18.377
11.55 1.59127 -3.28421 0.414036 18.3825
11.56 1.55843 -3.33195 0.41446 18.388
11.57 1.52511 -3.3787 0.414885 18.3935
11.58 1.49132 -3.42445 0.415309 18.399
11.59 1.45708 -3.46919 0.415734 18.4045
11.6 1.42239 -3.51291 0.416158 18.4101
11.61 1.38726 -3.55558 0.416583 18.4156
11.62 1.3517 -3.59719 0.417008 18.4211
11.63 1.31573 -3.63775 0.417433 18.4266
11.64 1.27935 -3.67722 0.417858 18.4322
11.65 1.24258 -3.7156 0.418284 18.4377
11.66 1.20542 -3.75288 0.418709 18.4432
11.67 1.1679 -3.78904 0.419135 18.4488
11.68 1.13001 -3.82408 0.419561 18.4543
11.69 1.09176 -3.85798 0.419987 18.4598
11.7 1.05318 -3.89073 0.420413 18.4654
11.71 1.01428 -3.92232 0.420839 18.4709
11.72 0.975054 -3.95275 0.421265 18.4764
11.73 0.935527 -3.982 0.421691 18.482
11.74 0.895707 -4.01007 0.422118 18.4875
11.75 0.855606 -4.03694 0.422544 18.4931
11.76 0.815237 -4.06261 0.422971 18.4986
11.77 0.77461 -4.08707 0.423398 18.5042
11.78 0.73374 -4.1103 0.423825 18.5097
11.79 0.692637 -4.13232 0.424252 18.5153
11.8 0.651314 -4.1531 0.42468 18.5208
11.81 0.609783 -4.17264 0.425107 18.5264
11.82 0.568056 -4.19093 0.425534 18.5319
11.83 0.526147 -4.20797 0.425962 18.5375
11.84 0.484067 -4.22375 0.42639 18.5431
11.85 0.44183 -4.23828 0.426818 18.5486
11.86 0.399447 -4.25153 0.427246 18.5542
11.87 0.356932 -4.26352 0.427674 18.5598
11.88 0.314296 -4.27422 0.428102 18.5653
11.89 0.271554 -4.28365 0.428531 18.5709
11.9 0.228718 -4.2918 0.428959 18.5765
11.91 0.1858 -4.29866 0.429388 18.582
11.92 0.142813 -4.30423 0.429817 18.5876
11.93 0.0997708 -4.30852 0.430246 18.5932
11.94 0.0566856 -4.31151 0.430675 18.5988
11.95 0.0135705 -4.31321 0.431104 18.6044
11.96 -0.0295616 -4.31362 0.431533 18.6099
11.97 -0.0726978 -4.31273 0.431963 18.6155
11.98 -0.115825 -4.31055 0.432392 18.6211
11.99 -0.158931 -4.30708 0.432822 18.6267
12 -0.202001 -4.30231 0.433252 18.6323
12.01 -0.245025 -4.29625 0.433682 18.6379
12.02 -0.287987 -4.2889 0.434112 18.6435
12.03 -0.330876 -4.28026 0.434542 18.6491
12.04 -0.373679 -4.27033 0.434973 18.6546
12.05 -0.416382 -4.25912 0.435403 18.6602
12.06 -0.458973 -4.24663 0.435834 18.6658
12.07 -0.501439 -4.23286 0.436265 18.6714
12.08 -0.543768 -4.21782 0.436695 18.677
12.09 -0.585946 -4.20151 0.437126 18.6826
12.1 -0.627961 -4.18393 0.437558 18.6882
12.11 -0.669801 -4.16509 0.437989 18.6939
12.12 -0.711451 -4.14499 0.43842 18.6995
12.13 -0.752901 -4.12365 0.438852 18.7051
12.14 -0.794138 -4.10106 0.439283 18.7107
12.15 -0.835149 -4.07724 0.439715 18.7163
12.16 -0.875921 -4.05218 0.440147 18.7219
12.17 -0.916443 -4.02591 0.440579 18.7275
12.18 -0.956702 -3.99841 0.441011 18.7331
12.19 -0.996686 -3.96971 0.441444 18.7388
12.2 -1.03638 -3.93981 0.441876 18.7444
12.21 -1.07578 -3.90872 0.442309 18.75
12.22 -1.11487 -3.87645 0.442741 18.7556
12.23 -1.15363 -3.843 0.443174 18.7613
12.24 -1.19206 -3.80839 0.443607 18.7669
12.25 -1.23015 -3.77263 0.44404 18.7725
12.26 -1.26787 -3.73573 0.444473 18.7782
12.27 -1.30523 -3.69769 0.444907 18.7838
12.28 -1.34221 -3.65853 0.44534 18.7894
12.29 -1.37879 -3.61827 0.445774 18.7951
12.3 -1.41498 -3.5769 0.446208 18.8007
12.31 -1.45074 -3.53445 0.446641 18.8063
12.32 -1.48609 -3.49093 0.447075 18.812
12.33 -1.521 -3.44635 0.44751 18.8176
12.34 -1.55546 -3.40072 0.447944 18.8233
12.35 -1.58947 -3.35405 0.448378 18.8289
12.36 -1.62301 -3.30637 0.448813 18.8346
12.37 -1.65607 -3.25768 0.449247 18.8402
12.38 -1.68865 -3.208 0.449682 18.8459
12.39 -1.72073 -3.15734 0.450117 18.8515
12.4 -1.7523 -3.10572 0.450552 18.8572
12.41 -1.78336 -3.05315 0.450987 18.8628
12.42 -1.81389 -2.99965 0.451423 18.8685
12.43 -1.84389 -2.94523 0.451858 18.8742
12.44 -1.87334 -2.88991 0.452294 18.8798
12.45 -1.90224 -2.83371 0.452729 18.8855
12.46 -1.93058 -2.77665 0.453165 18.8911
12.47 -1.95834 -2.71873 0.453601 18.8968
12.48 -1.98553 -2.65998 0.454037 18.9025
12.49 -2.01213 -2.60041 0.454473 18.9082
12.5 -2.03813 -2.54005 0.45491 18.9138
12.51 -2.06354 -2.4789 0.455346 18.9195
12.52 -2.08832 -2.417 0.455783 18.9252
12.53 -2.11249 -2.35435 0.456219 18.9309
12.54 -2.13604 -2.29097 0.456656 18.9365
12.55 -2.15895 -2.22689 0.457093 18.9422
12.56 -2.18122 -2.16212 0.45753 18.9479
12.57 -2.20284 -2.09669 0.457968 18.9536
12.58 -2.2238 -2.0306 0.458405 18.9593
12.59 -2.24411 -1.96389 0.458843 18.965
12.6 -2.26375 -1.89657 0.45928 18.9706
12.61 -2.28271 -1.82865 0.459718 18.9763
12.62 -2.301 -1.76017 0.460156 18.982
12.63 -2.3186 -1.69114 0.460594 18.9877
12.64 -2.33551 -1.62158 0.461032 18.9934
12.65 -2.35173 -1.55152 0.46147 18.9991
12.66 -2.36725 -1.48097 0.461909 19.0048
12.67 -2.38206 -1.40995 0.462347 19.0105
12.68 -2.39615 -1.33849 0.462786 19.0162
12.69 -2.40954 -1.2666 0.463225 19.0219
12.7 -2.42221 -1.19432 0.463664 19.0276
12.71 -2.43415 -1.12165 0.464103 19.0333
12.72 -2.44537 -1.04863 0.464542 19.039
12.73 -2.45585 -0.975265 0.464982 19.0448
12.74 -2.4656 -0.901589 0.465421 19.0505
12.75 -2.47462 -0.827621 0.465861 19.0562
12.76 -2.4829 -0.753382 0.466301 19.0619
12.77 -2.49043 -0.678895 0.46674 19.0676
12.78 -2.49722 -0.604182 0.46718 19.0733
12.79 -2.50326 -0.529266 0.467621 19.0791
12.8 -2.50855 -0.454168 0.468061 19.0848
12.81 -2.5131 -0.378911 0.468501 19.0905
12.82 -2.51688 -0.303519 0.468942 19.0962
12.83 -2.51992 -0.228012 0.469383 19.102
12.84 -2.5222 -0.152414 0.469823 19.1077
12.85 -2.52372 -0.0767485 0.470264 19.1134
12.86 -2.52449 -0.00103676 0.470705 19.1192
12.87 -2.5245 0.074698 0.471147 19.1249
12.88 -2.52375 0.150433 0.471588 19.1306
12.89 -2.52225 0.226146 0.472029 19.1364
12.9 -2.51999 0.301813 0.472471 19.1421
12.91 -2.51697 0.377413 0.472913 19.1479
12.92 -2.5132 0.452922 0.473355 19.1536
12.93 -2.50867 0.528318 0.473797 19.1594
12.94 -2.50338 0.603578 0.474239 19.1651
12.95 -2.49735 0.678679 0.474681 19.1709
12.96 -2.49056 0.7536 0.475123 19.1766
12.97 -2.48303 0.828317 0.475566 19.1824
12.98 -2.47474 0.902807 0.476009 19.1881
12.99 -2.46571 0.97705 0.476451 19.1939
13 -2.45594 1.05102 0.476894 19.1996
13.01 -2.44543 1.1247 0.477337 19.2054
13.02 -2.43419 1.19806 0.477781 19.2111
13.03 -2.42221 1.27109 0.478224 19.2169
13.04 -2.4095 1.34375 0.478667 19.2227
13.05 -2.39606 1.41604 0.479111 19.2284
13.06 -2.3819 1.48792 0.479555 19.2342
13.07 -2.36702 1.55938 0.479999 19.24
13.08 -2.35142 1.63039 0.480443 19.2458
13.09 -2.33512 1.70093 0.480887 19.2515
13.1 -2.31811 1.77098 0.481331 19.2573
13.11 -2.3004 1.84053 0.481775 19.2631
13.12 -2.282 1.90954 0.48222 19.2689
13.13 -2.2629 1.978 0.482665 19.2746
13.14 -2.24312 2.04589 0.483109 19.2804
13.15 -2.22266 2.11318 0.483554 19.2862
13.16 -2.20153 2.17986 0.483999 19.292
13.17 -2.17973 2.24591 0.484445 19.2978
13.18 -2.15727 2.3113 0.48489 19.3036
13.19 -2.13416 2.37602 0.485335 19.3094
13.2 -2.1104 2.44004 0.485781 19.3152
13.21 -2.086 2.50335 0.486227 19.3209
13.22 -2.06097 2.56593 0.486673 19.3267
13.23 -2.03531 2.62776 0.487119 19.3325
13.24 -2.00903 2.68882 0.487565 19.3383
13.25 -1.98214 2.74909 0.488011 19.3441
13.26 -1.95465 2.80856 0.488457 19.3499
13.27 -1.92656 2.8672 0.488904 19.3558
13.28 -1.89789 2.92499 0.489351 19.3616
13.29 -1.86864 2.98193 0.489798 19.3674
13.3 -1.83882 3.03799 0.490244 19.3732
13.31 -1.80844 3.09315 0.490692 19.379
13.32 -1.77751 3.14741 0.491139 19.3848
13.33 -1.74604 3.20073 0.491586 19.3906
13.34 -1.71403 3.25311 0.492034 19.3964
13.35 -1.6815 3.30453 0.492481 19.4023
13.36 -1.64845 3.35498 0.492929 19.4081
13.37 -1.6149 3.40443 0.493377 19.4139
13.38 -1.58086 3.45288 0.493825 19.4197
13.39 -1.54633 3.50031 0.494273 19.4255
13.4 -1.51133 3.5467 0.494721 19.4314
13.41 -1.47586 3.59204 0.49517 19.4372
13.42 -1.43994 3.63631 0.495618 19.443
13.43 -1.40358 3.67951 0.496067 19.4489
13.44 -1.36678 3.72162 0.496516 19.4547
13.45 -1.32957 3.76262 0.496965 19.4605
13.46 -1.29194 3.80251 0.497414 19.4664
13.47 -1.25391 3.84126 0.497863 19.4722
13.48 -1.2155 3.87888 0.498312 19.4781
13.49 -1.17671 3.91535 0.498762 19.4839
13.5 -1.13756 3.95065 0.499211 19.4897
13.51 -1.09805 3.98478 0.499661 19.4956
13.52 -1.0582 4.01772 0.500111 19.5014
13.53 -1.01803 4.04946 0.500561 19.5073
13.54 -0.977533 4.08 0.501011 19.5131
13.55 -0.936733 4.10933 0.501462 19.519
13.56 -0.89564 4.13743 0.501912 19.5249
13.57 -0.854265 4.1643 0.502363 19.5307
13.58 -0.812622 4.18993 0.502813 19.5366
13.59 -0.770723 4.21431 0.503264 19.5424
13.6 -0.72858 4.23743 0.503715 19.5483
13.61 -0.686206 4.25929 0.504166 19.5542
13.62 -0.643613 4.27987 0.504618 19.56
13.63 -0.600814 4.29918 0.505069 19.5659
13.64 -0.557822 4.31721 0.50552 19.5718
13.65 -0.51465 4.33394 0.505972 19.5776
13.66 -0.471311 4.34938 0.506424 19.5835
13.67 -0.427817 4.36352 0.506876 19.5894
13.68 -0.384182 4.37635 0.507328 19.5953
13.69 -0.340418 4.38788 0.50778 19.6011
13.7 -0.29654 4.39809 0.508232 19.607
13.71 -0.252559 4.40699 0.508685 19.6129
13.72 -0.208489 4.41457 0.509137 19.6188
13.73 -0.164343 4.42082 0.50959 19.6247
13.74 -0.120135 4.42575 0.510043 19.6306
13.75 -0.0758774 4.42935 0.510496 19.6364
13.76 -0.0315839 4.43163 0.510949 19.6423
13.77 0.0127324 4.43258 0.511403 19.6482
13.78 0.0570582 4.4322 0.511856 19.6541
13.79 0.10138 4.43048 0.51231 19.66
13.8 0.145685 4.42744 0.512763 19.6659
13.81 0.189959 4.42307 0.513217 19.6718
13.82 0.23419 4.41737 0.513671 19.6777
13.83 0.278364 4.41035 0.514125 19.6836
13.84 0.322467 4.402 0.514579 19.6895
13.85 0.366487 4.39232 0.515034 19.6954
13.86 0.410411 4.38133 0.515488 19.7013
13.87 0.454224 4.36902 0.515943 19.7073
13.88 0.497914 4.35539 0.516398 19.7132
13.89 0.541468 4.34045 0.516853 19.7191
13.9 0.584872 4.32421 0.517308 19.725
13.91 0.628114 4.30666 0.517763 19.7309
13.92 0.671181 4.28782 0.518218 19.7368
13.93 0.714059 4.26768 0.518674 19.7428
13.94 0.756736 4.24626 0.519129 19.7487
13.95 0.799199 4.22356 0.519585 19.7546
13.96 0.841434 4.19958 0.520041 19.7605
13.97 0.88343 4.17434 0.520497 19.7665
13.98 0.925174 4.14784 0.520953 19.7724
13.99 0.966652 4.12008 0.521409 19.7783
14 1.00785 4.09108 0.521866 19.7843
14.01 1.04876 4.06085 0.522322 19.7902
14.02 1.08937 4.02938 0.522779 19.7961
14.03 1.12967 3.9967 0.523236 19.8021
14.04 1.16963 3.96281 0.523693 19.808
14.05 1.20926 3.92772 0.52415 19.8139
14.06 1.24854 3.89145 0.524607 19.8199
14.07 1.28745 3.85399 0.525064 19.8258
14.08 1.32599 3.81537 0.525522 19.8318
14.09 1.36415 3.77559 0.52598 19.8377
14.1 1.4019 3.73466 0.526437 19.8437
14.11 1.43925 3.6926 0.526895 19.8496
14.12 1.47617 3.64943 0.527353 19.8556
14.13 1.51267 3.60514 0.527812 19.8616
14.14 1.54872 3.55976 0.52827 19.8675
14.15 1.58432 3.5133 0.528728 19.8735
14.16 1.61945 3.46577 0.529187 19.8794
14.17 1.65411 3.41719 0.529646 19.8854
14.18 1.68828 3.36756 0.530105 19.8914
14.19 1.72196 3.31692 0.530564 19.8973
14.2 1.75513 3.26526 0.531023 19.9033
14.21 1.78778 3.2126 0.531482 19.9093
14.22 1.8199 3.15897 0.531942 19.9152
14.23 1.85149 3.10437 0.532401 19.9212
14.24 1.88254 3.04883 0.532861 19.9272
14.25 1.91303 2.99235 0.533321 19.9332
14.26 1.94295 2.93496 0.533781 19.9392
14.27 1.9723 2.87667 0.534241 19.9451
14.28 2.00107 2.8175 0.534701 19.9511
14.29 2.02924 2.75747 0.535162 19.9571
14.3 2.05682 2.69659 0.535622 19.9631
14.31 2.08378 2.63489 0.536083 19.9691
14.32 2.11013 2.57238 0.536544 19.9751
14.33 2.13585 2.50907 0.537005 19.9811
14.34 2.16094 2.445 0.537466 19.9871
14.35 2.18539 2.38017 0.537927 19.9931
14.36 2.2092 2.31461 0.538388 19.999
14.37 2.23234 2.24833 0.53885 20.005
14.38 2.25483 2.18136 0.539312 20.0111
14.39 2.27664 2.11372 0.539773 20.0171
14.4 2.29778 2.04542 0.540235 20.0231
14.41 2.31823 1.97648 0.540697 20.0291
14.42 2.338 1.90694 0.54116 20.0351
14.43 2.35706 1.8368 0.541622 20.0411
14.44 2.37543 1.76608 0.542084 20.0471
14.45 2.39309 1.69482 0.542547 20.0531
14.46 2.41004 1.62303 0.54301 20.0591
14.47 2.42627 1.55073 0.543473 20.0651
14.48 2.44178 1.47794 0.543936 20.0712
14.49 2.45656 1.40469 0.544399 20.0772
14.5 2.47061 1.33099 0.544862 20.0832
14.51 2.48392 1.25687 0.545326 20.0892
14.52 2.49648 1.18235 0.545789 20.0953
14.53 2.50831 1.10746 0.546253 20.1013
14.54 2.51938 1.03221 0.546717 20.1073
14.55 2.5297 0.956628 0.547181 20.1134
14.56 2.53927 0.880737 0.547645 20.1194
14.57 2.54808 0.804559 0.548109 20.1254
14.58 2.55612 0.728117 0.548574 20.1315
14.59 2.5634 0.651433 0.549038 20.1375
14.6 2.56992 0.574531 0.549503 20.1435
14.61 2.57566 0.497433 0.549968 20.1496
14.62 2.58064 0.420163 0.550433 20.1556
14.63 2.58484 0.342744 0.550898 20.1617
14.64 2.58827 0.265199 0.551363 20.1677
14.65 2.59092 0.187551 0.551829 20.1738
14.66 2.5928 0.109823 0.552294 20.1798
14.67 2.59389 0.0320395 0.55276 20.1859
14.68 2.59421 -0.0457773 0.553226 20.1919
14.69 2.59376 -0.123604 0.553692 20.198
14.7 2.59252 -0.201416 0.554158 20.2041
14.71 2.59051 -0.279192 0.554624 20.2101
14.72 2.58771 -0.356907 0.555091 20.2162
14.73 2.58415 -0.434539 0.555557 20.2222
14.74 2.5798 -0.512063 0.556024 20.2283
14.75 2.57468 -0.589457 0.556491 20.2344
14.76 2.56878 -0.666697 0.556957 20.2404
14.77 2.56212 -0.743761 0.557425 20.2465
14.78 2.55468 -0.820624 0.557892 20.2526
14.79 2.54647 -0.897265 0.558359 20.2587
14.8 2.5375 -0.973659 0.558827 20.2647
14.81 2.52776 -1.04978 0.559294 20.2708
14.82 2.51727 -1.12562 0.559762 20.2769
14.83 2.50601 -1.20114 0.56023 20.283
14.84 2.494 -1.27632 0.560698 20.2891
14.85 2.48124 -1.35114 0.561166 20.2952
14.86 2.46772 -1.42557 0.561635 20.3013
14.87 2.45347 -1.4996 0.562103 20.3073
14.88 2.43847 -1.57321 0.562572 20.3134
14.89 2.42274 -1.64636 0.563041 20.3195
14.9 2.40628 -1.71904 0.563509 20.3256
14.91 2.38909 -1.79123 0.563979 20.3317
14.92 2.37117 -1.86291 0.564448 20.3378
14.93 2.35255 -1.93404 0.564917 20.3439
14.94 2.3332 -2.00462 0.565387 20.35
14.95 2.31316 -2.07461 0.565856 20.3561
14.96 2.29241 -2.14401 0.566326 20.3622
14.97 2.27097 -2.21278 0.566796 20.3683
14.98 2.24884 -2.28091 0.567266 20.3745
14.99 2.22604 -2.34837 0.567736 20.3806
15 2.20255 -2.41516 0.568206 20.3867
15.01 2.1784 -2.48123 0.568677 20.3928
15.02 2.15359 -2.54658 0.569147 20.3989
15.03 2.12812 -2.61119 0.569618 20.405
15.04 2.10201 -2.67504 0.570089 20.4112
15.05 2.07526 -2.7381 0.57056 20.4173
15.06 2.04788 -2.80035 0.571031 20.4234
15.07 2.01988 -2.86179 0.571503 20.4295
15.08 1.99126 -2.92239 0.571974 20.4357
15.09 1.96203 -2.98212 0.572446 20.4418
15.1 1.93221 -3.04099 0.572917 20.4479
15.11 1.9018 -3.09895 0.573389 20.4541
15.12 1.87081 -3.15601 0.573861 20.4602
15.13 1.83925 -3.21213 0.574333 20.4663
15.14 1.80713 -3.26731 0.574806 20.4725
15.15 1.77446 -3.32152 0.575278 20.4786
15.16 1.74124 -3.37476 0.575751 20.4848
15.17 1.7075 -3.42699 0.576223 20.4909
15.18 1.67323 -3.47822 0.576696 20.4971
15.19 1.63844 -3.52841 0.577169 20.5032
15.2 1.60316 -3.57757 0.577642 20.5094
15.21 1.56738 -3.62566 0.578116 20.5155
15.22 1.53113 -3.67268 0.578589 20.5217
15.23 1.4944 -3.71862 0.579063 20.5278
15.24 1.45721 -3.76345 0.579536 20.534
15.25 1.41958 -3.80717 0.58001 20.5401
15.26 1.38151 -3.84975 0.580484 20.5463
15.27 1.34301 -3.8912 0.580958 20.5525
15.28 1.3041 -3.93149 0.581433 20.5586
15.29 1.26478 -3.97061 0.581907 20.5648
15.3 1.22508 -4.00856 0.582382 20.571
15.31 1.18499 -4.04531 0.582856 20.5771
15.32 1.14454 -4.08086 0.583331 20.5833
15.33 1.10373 -4.11519 0.583806 20.5895
15.34 1.06258 -4.14831 0.584281 20.5957
15.35 1.0211 -4.18018 0.584757 20.6018
15.36 0.979293 -4.21082 0.585232 20.608
15.37 0.937185 -4.24019 0.585708 20.6142
15.38 0.894783 -4.26831 0.586183 20.6204
15.39 0.8521 -4.29515 0.586659 20.6266
15.4 0.809149 -4.32072 0.587135 20.6328
15.41 0.765942 -4.34499 0.587611 20.6389
15.42 0.722492 -4.36797 0.588088 20.6451
15.43 0.678812 -4.38964 0.588564 20.6513
15.44 0.634915 -4.41001 0.589041 20.6575
15.45 0.590815 -4.42906 0.589517 20.6637
15.46 0.546525 -4.44678 0.589994 20.6699
15.47 0.502057 -4.46318 0.590471 20.6761
15.48 0.457425 -4.47824 0.590948 20.6823
15.49 0.412643 -4.49196 0.591426 20.6885
15.5 0.367723 -4.50434 0.591903 20.6947
15.51 0.32268 -4.51537 0.592381 20.7009
15.52 0.277526 -4.52505 0.592858 20.7072
15.53 0.232276 -4.53338 0.593336 20.7134
15.54 0.186942 -4.54035 0.593814 20.7196
15.55 0.141538 -4.54595 0.594292 20.7258
15.56 0.0960788 -4.5502 0.594771 20.732
15.57 0.0505768 -4.55308 0.595249 20.7382
15.58 0.00504601 -4.5546 0.595728 20.7445
15.59 -0.0405 -4.55475 0.596206 20.7507
15.6 -0.0860475 -4.55354 0.596685 20.7569
15.61 -0.131583 -4.55096 0.597164 20.7631
15.62 -0.177092 -4.54701 0.597643 20.7694
15.63 -0.222563 -4.5417 0.598123 20.7756
15.64 -0.267979 -4.53502 0.598602 20.7818
15.65 -0.31333 -4.52698 0.599082 20.7881
15.66 -0.358599 -4.51758 0.599562 20.7943
15.67 -0.403775 -4.50682 0.600041 20.8005
15.68 -0.448843 -4.49471 0.600521 20.8068
15.69 -0.493791 -4.48124 0.601002 20.813
15.7 -0.538603 -4.46643 0.601482 20.8193
15.71 -0.583267 -4.45027 0.601962 20.8255
15.72 -0.62777 -4.43277 0.602443 20.8318
15.73 -0.672098 -4.41394 0.602924 20.838
15.74 -0.716237 -4.39378 0.603405 20.8443
15.75 -0.760175 -4.37229 0.603886 20.8505
15.76 -0.803898 -4.34948 0.604367 20.8568
15.77 -0.847393 -4.32537 0.604848 20.863
15.78 -0.890646 -4.29995 0.605329 20.8693
15.79 -0.933646 -4.27323 0.605811 20.8755
15.8 -0.976378 -4.24522 0.606293 20.8818
15.81 -1.01883 -4.21593 0.606775 20.8881
15.82 -1.06099 -4.18536 0.607257 20.8943
15.83 -1.10284 -4.15353 0.607739 20.9006
15.84 -1.14438 -4.12045 0.608221 20.9069
15.85 -1.18558 -4.08611 0.608704 20.9131
15.86 -1.22644 -4.05055 0.609186 20.9194
15.87 -1.26695 -4.01375 0.609669 20.9257
15.88 -1.30709 -3.97574 0.610152 20.932
15.89 -1.34684 -3.93653 0.610635 20.9383
15.9 -1.38621 -3.89613 0.611118 20.9445
15.91 -1.42517 -3.85454 0.611602 20.9508
15.92 -1.46372 -3.81179 0.612085 20.9571
15.93 -1.50183 -3.76787 0.612569 20.9634
15.94 -1.53951 -3.72282 0.613052 20.9697
15.95 -1.57674 -3.67663 0.613536 20.976
15.96 -1.61351 -3.62933 0.61402 20.9823
15.97 -1.6498 -3.58093 0.614505 20.9886
15.98 -1.68561 -3.53143 0.614989 20.9949
15.99 -1.72092 -3.48086 0.615473 21.0012
16 -1.75573 -3.42924 0.615958 21.0075
16.01 -1.79003 -3.37656 0.616443 21.0138
16.02 -1.82379 -3.32286 0.616928 21.0201
16.03 -1.85702 -3.26815 0.617413 21.0264
16.04 -1.8897 -3.21244 0.617898 21.0327
16.05 -1.92183 -3.15575 0.618383 21.039
16.06 -1.95338 -3.09809 0.618869 21.0453
16.07 -1.98436 -3.03949 0.619355 21.0516
16.08 -2.01476 -2.97996 0.61984 21.0579
16.09 -2.04456 -2.91952 0.620326 21.0642
16.1 -2.07375 -2.85818 0.620812 21.0706
16.11 -2.10234 -2.79597 0.621299 21.0769
16.12 -2.1303 -2.7329 0.621785 21.0832
16.13 -2.15762 -2.66899 0.622272 21.0895
16.14 -2.18431 -2.60426 0.622758 21.0959
16.15 -2.21036 -2.53873 0.623245 21.1022
16.16 -2.23574 -2.47242 0.623732 21.1085
16.17 -2.26047 -2.40535 0.624219 21.1149
16.18 -2.28452 -2.33753 0.624707 21.1212
16.19 -2.3079 -2.269 0.625194 21.1275
16.2 -2.33059 -2.19976 0.625682 21.1339
16.21 -2.35258 -2.12984 0.626169 21.1402
16.22 -2.37388 -2.05927 0.626657 21.1465
16.23 -2.39448 -1.98805 0.627145 21.1529
16.24 -2.41436 -1.91622 0.627633 21.1592
16.25 -2.43352 -1.84379 0.628121 21.1656
16.26 -2.45196 -1.77078 0.62861 21.1719
16.27 -2.46966 -1.69722 0.629099 21.1783
16.28 -2.48664 -1.62313 0.629587 21.1846
16.29 -2.50287 -1.54853 0.630076 21.191
16.3 -2.51835 -1.47345 0.630565 21.1973
16.31 -2.53309 -1.3979 0.631054 21.2037
16.32 -2.54707 -1.3219 0.631544 21.2101
16.33 -2.56029 -1.24549 0.632033 21.2164
16.34 -2.57274 -1.16868 0.632523 21.2228
16.35 -2.58443 -1.0915 0.633012 21.2292
16.36 -2.59534 -1.01397 0.633502 21.2355
16.37 -2.60548 -0.936107 0.633992 21.2419
16.38 -2.61484 -0.857943 0.634483 21.2483
16.39 -2.62342 -0.779497 0.634973 21.2546
16.4 -2.63122 -0.700795 0.635463 21.261
16.41 -2.63823 -0.621858 0.635954 21.2674
16.42 -2.64444 -0.542711 0.636445 21.2738
16.43 -2.64987 -0.463378 0.636936 21.2802
16.44 -2.6545 -0.383882 0.637427 21.2865
16.45 -2.65834 -0.304247 0.637918 21.2929
16.46 -2.66139 -0.224497 0.638409 21.2993
16.47 -2.66363 -0.144655 0.638901 21.3057
16.48 -2.66508 -0.0647461 0.639393 21.3121
16.49 -2.66572 0.0152062 0.639884 21.3185
16.5 -2.66557 0.095178 0.640376 21.3249
16.51 -2.66462 0.175145 0.640869 21.3313
16.52 -2.66287 0.255084 0.641361 21.3377
16.53 -2.66032 0.33497 0.641853 21.3441
16.54 -2.65697 0.414779 0.642346 21.3505
16.55 -2.65282 0.494489 0.642839 21.3569
16.56 -2.64788 0.574073 0.643331 21.3633
16.57 -2.64214 0.653509 0.643824 21.3697
16.58 -2.6356 0.732774 0.644318 21.3761
16.59 -2.62827 0.811842 0.644811 21.3825
16.6 -2.62015 0.89069 0.645304 21.389
16.61 -2.61125 0.969294 0.645798 21.3954
16.62 -2.60155 1.04763 0.646292 21.4018
16.63 -2.59108 1.12568 0.646785 21.4082
16.64 -2.57982 1.20341 0.647279 21.4146
16.65 -2.56779 1.28081 0.647774 21.4211
16.66 -2.55498 1.35784 0.648268 21.4275
16.67 -2.5414 1.43449 0.648762 21.4339
16.68 -2.52706 1.51073 0.649257 21.4403
16.69 -2.51195 1.58654 0.649752 21.4468
16.7 -2.49608 1.6619 0.650247 21.4532
16.71 -2.47946 1.73678 0.650742 21.4596
16.72 -2.4621 1.81117 0.651237 21.4661
16.73 -2.44398 1.88503 0.651732 21.4725
16.74 -2.42513 1.95835 0.652228 21.479
16.75 -2.40555 2.0311 0.652724 21.4854
16.76 -2.38524 2.10327 0.653219 21.4919
16.77 -2.36421 2.17483 0.653715 21.4983
16.78 -2.34246 2.24575 0.654212 21.5048
16.79 -2.32 2.31603 0.654708 21.5112
16.8 -2.29684 2.38563 0.655204 21.5177
16.81 -2.27298 2.45453 0.655701 21.5241
16.82 -2.24844 2.52272 0.656198 21.5306
16.83 -2.22321 2.59018 0.656694 21.537
16.84 -2.19731 2.65687 0.657191 21.5435
16.85 -2.17074 2.72279 0.657689 21.55
16.86 -2.14351 2.78791 0.658186 21.5564
16.87 -2.11563 2.85222 0.658683 21.5629
16.88 -2.08711 2.91569 0.659181 21.5694
16.89 -2.05796 2.9783 0.659679 21.5758
16.9 -2.02817 3.04004 0.660177 21.5823
16.91 -1.99777 3.10088 0.660675 21.5888
16.92 -1.96676 3.16082 0.661173 21.5952
16.93 -1.93516 3.21982 0.661671 21.6017
16.94 -1.90296 3.27788 0.66217 21.6082
16.95 -1.87018 3.33496 0.662668 21.6147
16.96 -1.83683 3.39107 0.663167 21.6212
16.97 -1.80292 3.44617 0.663666 21.6277
16.98 -1.76846 3.50026 0.664165 21.6341
16.99 -1.73345 3.55332 0.664664 21.6406
17 -1.69792 3.60532 0.665164 21.6471
17.01 -1.66187 3.65626 0.665663 21.6536
17.02 -1.6253 3.70611 0.666163 21.6601
17.03 -1.58824 3.75487 0.666663 21.6666
17.04 -1.55069 3.80252 0.667163 21.6731
17.05 -1.51267 3.84904 0.667663 21.6796
17.06 -1.47418 3.89442 0.668163 21.6861
17.07 -1.43524 3.93865 0.668664 21.6926
17.08 -1.39585 3.9817 0.669164 21.6991
17.09 -1.35603 4.02358 0.669665 21.7056
17.1 -1.3158 4.06426 0.670166 21.7122
17.11 -1.27515 4.10373 0.670667 21.7187
17.12 -1.23412 4.14199 0.671168 21.7252
17.13 -1.1927 4.17901 0.67167 21.7317
17.14 -1.15091 4.21479 0.672171 21.7382
17.15 -1.10876 4.24932 0.672673 21.7447
17.16 -1.06626 4.28258 0.673175 21.7513
17.17 -1.02344 4.31457 0.673677 21.7578
17.18 -0.980293 4.34527 0.674179 21.7643
17.19 -0.936841 4.37468 0.674681 21.7709
17.2 -0.893094 4.40279 0.675183 21.7774
17.21 -0.849066 4.42958 0.675686 21.7839
17.22 -0.80477 4.45505 0.676189 21.7905
17.23 -0.76022 4.47919 0.676691 21.797
17.24 -0.715428 4.502 0.677194 21.8035
17.25 -0.670408 4.52346 0.677698 21.8101
17.26 -0.625173 4.54358 0.678201 21.8166
17.27 -0.579737 4.56233 0.678704 21.8232
17.28 -0.534114 4.57972 0.679208 21.8297
17.29 -0.488317 4.59575 0.679712 21.8363
17.3 -0.442359 4.6104 0.680216 21.8428
17.31 -0.396255 4.62367 0.68072 21.8494
17.32 -0.350019 4.63556 0.681224 21.8559
17.33 -0.303663 4.64606 0.681728 21.8625
17.34 -0.257202 4.65517 0.682233 21.869
17.35 -0.210651 4.66288 0.682738 21.8756
17.36 -0.164022 4.6692 0.683242 21.8822
17.37 -0.11733 4.67412 0.683747 21.8887
17.38 -0.0705887 4.67764 0.684252 21.8953
17.39 -0.0238123 4.67976 0.684758 21.9019
17.4 0.0229853 4.68047 0.685263 21.9084
17.41 0.0697901 4.67978 0.685769 21.915
17.42 0.116588 4.67769 0.686274 21.9216
17.43 0.163365 4.67419 0.68678 21.9281
17.44 0.210107 4.66929 0.687286 21.9347
17.45 0.2568 4.66299 0.687793 21.9413
17.46 0.30343 4.65528 0.688299 21.9479
17.47 0.349982 4.64618 0.688805 21.9545
17.48 0.396444 4.63568 0.689312 21.9611
17.49 0.442801 4.62379 0.689819 21.9676
17.5 0.489039 4.61051 0.690326 21.9742
17.51 0.535144 4.59583 0.690833 21.9808
17.52 0.581102 4.57978 0.69134 21.9874
17.53 0.6269 4.56235 0.691848 21.994
17.54 0.672524 4.54354 0.692355 22.0006
17.55 0.717959 4.52336 0.692863 22.0072
17.56 0.763193 4.50183 0.693371 22.0138
17.57 0.808211 4.47893 0.693879 22.0204
17.58 0.853 4.45468 0.694387 22.027
17.59 0.897547 4.42909 0.694895 22.0336
17.6 0.941838 4.40217 0.695404 22.0402
17.61 0.98586 4.37391 0.695912 22.0469
17.62 1.0296 4.34434 0.696421 22.0535
17.63 1.07304 4.31345 0.69693 22.0601
17.64 1.11618 4.28126 0.697439 22.0667
17.65 1.15899 4.24777 0.697948 22.0733
17.66 1.20147 4.213 0.698458 22.0799
17.67 1.2436 4.17696 0.698967 22.0866
17.68 1.28537 4.13965 0.699477 22.0932
17.69 1.32676 4.10109 0.699987 22.0998
17.7 1.36777 4.06129 0.700497 22.1065
17.71 1.40839 4.02025 0.701007 22.1131
17.72 1.44859 3.978 0.701517 22.1197
17.73 1.48837 3.93454 0.702028 22.1264
17.74 1.52771 3.88989 0.702538 22.133
17.75 1.56661 3.84406 0.703049 22.1396
17.76 1.60505 3.79706 0.70356 22.1463
17.77 1.64302 3.74891 0.704071 22.1529
17.78 1.68051 3.69962 0.704582 22.1596
17.79 1.71751 3.6492 0.705094 22.1662
17.8 1.754 3.59768 0.705605 22.1729
17.81 1.78998 3.54506 0.706117 22.1795
17.82 1.82543 3.49136 0.706629 22.1862
17.83 1.86034 3.4366 0.707141 22.1928
17.84 1.89471 3.38079 0.707653 22.1995
17.85 1.92852 3.32395 0.708165 22.2061
17.86 1.96176 3.26609 0.708677 22.2128
17.87 1.99442 3.20724 0.70919 22.2195
17.88 2.02649 3.1474 0.709703 22.2261
17.89 2.05796 3.08661 0.710216 22.2328
17.9 2.08883 3.02487 0.710729 22.2395
17.91 2.11908 2.96221 0.711242 22.2461
17.92 2.1487 2.89863 0.711755 22.2528
17.93 2.17769 2.83417 0.712269 22.2595
17.94 2.20603 2.76884 0.712783 22.2662
17.95 2.23372 2.70266 0.713296 22.2729
17.96 2.26074 2.63565 0.71381 22.2795
17.97 2.2871 2.56783 0.714325 22.2862
17.98 2.31278 2.49921 0.714839 22.2929
17.99 2.33777 2.42983 0.715353 22.2996
18 2.36207 2.3597 0.715868 22.3063
18.01 2.38567 2.28884 0.716383 22.313
18.02 2.40855 2.21727 0.716898 22.3197
18.03 2.43073 2.14501 0.717413 22.3264
18.04 2.45218 2.07209 0.717928 22.3331
18.05 2.4729 1.99852 0.718443 22.3398
18.06 2.49288 1.92434 0.718959 22.3465
18.07 2.51213 1.84955 0.719474 22.3532
18.08 2.53062 1.77418 0.71999 22.3599
18.09 2.54836 1.69827 0.720506 22.3666
18.1 2.56535 1.62182 0.721022 22.3733
18.11 2.58156 1.54485 0.721539 22.38
18.12 2.59701 1.46741 0.722055 22.3867
18.13 2.61169 1.3895 0.722572 22.3934
18.14 2.62558 1.31115 0.723089 22.4002
18.15 2.63869 1.23238 0.723606 22.4069
18.16 2.65102 1.15322 0.724123 22.4136
18.17 2.66255 1.07369 0.72464 22.4203
18.18 2.67329 0.993812 0.725157 22.427
18.19 2.68322 0.913613 0.725675 22.4338
18.2 2.69236 0.833116 0.726193 22.4405
18.21 2.70069 0.752346 0.72671 22.4472
18.22 2.70822 0.671325 0.727228 22.454
18.23 2.71493 0.590078 0.727747 22.4607
18.24 2.72083 0.508631 0.728265 22.4674
18.25 2.72592 0.427006 0.728783 22.4742
18.26 2.73019 0.345228 0.729302 22.4809
18.27 2.73364 0.263323 0.729821 22.4877
18.28 2.73627 0.181313 0.73034 22.4944
18.29 2.73808 0.0992253 0.730859 22.5012
18.3 2.73908 0.0170828 0.731378 22.5079
18.31 2.73925 -0.0650895 0.731897 22.5147
18.32 2.7386 -0.147267 0.732417 22.5214
18.33 2.73712 -0.229425 0.732937 22.5282
18.34 2.73483 -0.311539 0.733457 22.5349
18.35 2.73171 -0.393583 0.733977 22.5417
18.36 2.72778 -0.475535 0.734497 22.5485
18.37 2.72302 -0.557368 0.735017 22.5552
18.38 2.71745 -0.639059 0.735538 22.562
18.39 2.71106 -0.720582 0.736058 22.5688
18.4 2.70385 -0.801914 0.736579 22.5755
18.41 2.69583 -0.88303 0.7371 22.5823
18.42 2.687 -0.963905 0.737621 22.5891
18.43 2.67736 -1.04451 0.738143 22.5959
18.44 2.66692 -1.12484 0.738664 22.6026
18.45 2.65567 -1.20484 0.739186 22.6094
18.46 2.64362 -1.28451 0.739707 22.6162
18.47 2.63078 -1.36382 0.740229 22.623
18.48 2.61714 -1.44275 0.740751 22.6298
18.49 2.60271 -1.52126 0.741274 22.6366
18.5 2.5875 -1.59934 0.741796 22.6433
18.51 2.57151 -1.67697 0.742319 22.6501
18.52 2.55474 -1.75411 0.742841 22.6569
18.53 2.5372 -1.83075 0.743364 22.6637
18.54 2.51889 -1.90687 0.743887 22.6705
18.55 2.49982 -1.98244 0.74441 22.6773
18.56 2.47999 -2.05743 0.744934 22.6841
18.57 2.45942 -2.13183 0.745457 22.6909
18.58 2.4381 -2.20561 0.745981 22.6977
18.59 2.41605 -2.27876 0.746504 22.7046
18.6 2.39326 -2.35124 0.747028 22.7114
18.61 2.36975 -2.42303 0.747553 22.7182
18.62 2.34552 -2.49413 0.748077 22.725
18.63 2.32057 -2.56449 0.748601 22.7318
18.64 2.29493 -2.63411 0.749126 22.7386
18.65 2.26859 -2.70296 0.749651 22.7455
18.66 2.24156 -2.77102 0.750175 22.7523
18.67 2.21385 -2.83826 0.750701 22.7591
18.68 2.18547 -2.90468 0.751226 22.7659
18.69 2.15642 -2.97024 0.751751 22.7728
18.7 2.12672 -3.03493 0.752277 22.7796
18.71 2.09637 -3.09874 0.752802 22.7864
18.72 2.06538 -3.16163 0.753328 22.7933
18.73 2.03376 -3.22359 0.753854 22.8001
18.74 2.00153 -3.2846 0.75438 22.8069
18.75 1.96868 -3.34465 0.754907 22.8138
18.76 1.93524 -3.40371 0.755433 22.8206
18.77 1.9012 -3.46176 0.75596 22.8275
18.78 1.86658 -3.5188 0.756486 22.8343
18.79 1.83139 -3.5748 0.757013 22.8412
18.8 1.79564 -3.62974 0.757541 22.848
18.81 1.75935 -3.68361 0.758068 22.8549
18.82 1.72251 -3.73639 0.758595 22.8617
18.83 1.68515 -3.78806 0.759123 22.8686
18.84 1.64727 -3.83862 0.759651 22.8755
18.85 1.60888 -3.88804 0.760178 22.8823
18.86 1.57 -3.9363 0.760706 22.8892
18.87 1.53064 -3.9834 0.761235 22.8961
18.88 1.4908 -4.02932 0.761763 22.9029
18.89 1.45051 -4.07405 0.762292 22.9098
18.9 1.40977 -4.11756 0.76282 22.9167
18.91 1.36859 -4.15986 0.763349 22.9235
18.92 1.327 -4.20091 0.763878 22.9304
18.93 1.28499 -4.24072 0.764407 22.9373
18.94 1.24258 -4.27927 0.764937 22.9442
18.95 1.19979 -4.31655 0.765466 22.9511
18.96 1.15662 -4.35254 0.765996 22.9579
18.97 1.1131 -4.38724 0.766526 22.9648
18.98 1.06922 -4.42063 0.767056 22.9717
18.99 1.02502 -4.45271 0.767586 22.9786
19 0.980489 -4.48346 0.768116 22.9855
19.01 0.935655 -4.51288 0.768646 22.9924
19.02 0.890526 -4.54095 0.769177 22.9993
19.03 0.845116 -4.56766 0.769708 23.0062
19.04 0.79944 -4.59302 0.770239 23.0131
19.05 0.75351 -4.617 0.77077 23.02
19.06 0.70734 -4.6396 0.771301 23.0269
19.07 0.660943 -4.66082 0.771832 23.0338
19.08 0.614335 -4.68065 0.772364 23.0407
19.09 0.567529 -4.69908 0.772896 23.0476
19.1 0.520538 -4.71611 0.773427 23.0546
19.11 0.473377 -4.73172 0.773959 23.0615
19.12 0.42606 -4.74593 0.774492 23.0684
19.13 0.3786 -4.75871 0.775024 23.0753
19.14 0.331013 -4.77007 0.775556 23.0822
19.15 0.283313 -4.78 0.776089 23.0892
19.16 0.235513 -4.7885 0.776622 23.0961
19.17 0.187628 -4.79556 0.777155 23.103
19.18 0.139672 -4.80119 0.777688 23.1099
19.19 0.0916602 -4.80538 0.778221 23.1169
19.2 0.0436064 -4.80813 0.778755 23.1238
19.21 -0.00447492 -4.80944 0.779289 23.1308
19.22 -0.0525693 -4.8093 0.779822 23.1377
19.23 -0.100662 -4.80773 0.780356 23.1446
19.24 -0.14874 -4.80471 0.78089 23.1516
19.25 -0.196787 -4.80024 0.781425 23.1585
19.26 -0.244789 -4.79434 0.781959 23.1655
19.27 -0.292733 -4.787 0.782494 23.1724
19.28 -0.340602 -4.77822 0.783028 23.1794
19.29 -0.388385 -4.768 0.783563 23.1863
19.3 -0.436065 -4.75635 0.784098 23.1933
19.31 -0.483628 -4.74326 0.784634 23.2002
19.32 -0.531061 -4.72875 0.785169 23.2072
19.33 -0.578348 -4.71282 0.785705 23.2142
19.34 -0.625476 -4.69547 0.78624 23.2211
19.35 -0.672431 -4.67671 0.786776 23.2281
19.36 -0.719198 -4.65654 0.787312 23.2351
19.37 -0.765764 -4.63496 0.787848 23.242
19.38 -0.812113 -4.61199 0.788385 23.249
19.39 -0.858233 -4.58762 0.788921 23.256
19.4 -0.904109 -4.56188 0.789458 23.263
19.41 -0.949728 -4.53475 0.789995 23.2699
19.42 -0.995076 -4.50626 0.790532 23.2769
19.43 -1.04014 -4.47641 0.791069 23.2839
19.44 -1.0849 -4.4452 0.791606 23.2909
19.45 -1.12935 -4.41266 0.792144 23.2979
19.46 -1.17348 -4.37878 0.792681 23.3049
19.47 -1.21727 -4.34357 0.793219 23.3118
19.48 -1.2607 -4.30705 0.793757 23.3188
19.49 -1.30377 -4.26923 0.794295 23.3258
19.5 -1.34647 -4.23012 0.794834 23.3328
19.51 -1.38877 -4.18973 0.795372 23.3398
19.52 -1.43067 -4.14806 0.795911 23.3468
19.53 -1.47215 -4.10514 0.796449 23.3538
19.54 -1.5132 -4.06098 0.796988 23.3608
19.55 -1.55381 -4.01558 0.797527 23.3679
19.56 -1.59396 -3.96897 0.798067 23.3749
19.57 -1.63365 -3.92115 0.798606 23.3819
19.58 -1.67286 -3.87214 0.799146 23.3889
19.59 -1.71159 -3.82195 0.799685 23.3959
19.6 -1.74981 -3.77061 0.800225 23.4029
19.61 -1.78751 -3.71811 0.800765 23.4099
19.62 -1.82469 -3.66449 0.801306 23.417
19.63 -1.86134 -3.60975 0.801846 23.424
19.64 -1.89743 -3.55391 0.802387 23.431
19.65 -1.93297 -3.49698 0.802927 23.4381
19.66 -1.96794 -3.43899 0.803468 23.4451
19.67 -2.00233 -3.37996 0.804009 23.4521
19.68 -2.03613 -3.31989 0.80455 23.4592
19.69 -2.06933 -3.2588 0.805092 23.4662
19.7 -2.10192 -3.19672 0.805633 23.4732
19.71 -2.13389 -3.13366 0.806175 23.4803
19.72 -2.16522 -3.06965 0.806717 23.4873
19.73 -2.19592 -3.00469 0.807259 23.4944
19.74 -2.22597 -2.93881 0.807801 23.5014
19.75 -2.25536 -2.87203 0.808343 23.5085
19.76 -2.28408 -2.80437 0.808886 23.5155
19.77 -2.31212 -2.73585 0.809429 23.5226
19.78 -2.33948 -2.66649 0.809971 23.5296
19.79 -2.36614 -2.5963 0.810514 23.5367
19.8 -2.39211 -2.52532 0.811057 23.5437
19.81 -2.41736 -2.45356 0.811601 23.5508
19.82 -2.44189 -2.38103 0.812144 23.5579
19.83 -2.46571 -2.30778 0.812688 23.5649
19.84 -2.48878 -2.23381 0.813232 23.572
19.85 -2.51112 -2.15914 0.813776 23.5791
19.86 -2.53271 -2.08381 0.81432 23.5862
19.87 -2.55355 -2.00783 0.814864 23.5932
19.88 -2.57363 -1.93122 0.815409 23.6003
19.89 -2.59294 -1.85401 0.815953 23.6074
19.9 -2.61148 -1.77622 0.816498 23.6145
19.91 -2.62924 -1.69788 0.817043 23.6216
19.92 -2.64622 -1.619 0.817588 23.6286
19.93 -2.66241 -1.53962 0.818133 23.6357
19.94 -2.67781 -1.45974 0.818679 23.6428
19.95 -2.69241 -1.37941 0.819224 23.6499
19.96 -2.7062 -1.29864 0.81977 23.657
19.97 -2.71919 -1.21745 0.820316 23.6641
19.98 -2.73136 -1.13588 0.820862 23.6712
19.99 -2.74272 -1.05393 0.821408 23.6783
20 -2.75326 -0.971653 0.821955 23.6854
20.01 -2.76298 -0.889055 0.822501 23.6925
20.02 -2.77187 -0.806166 0.823048 23.6996
20.03 -2.77993 -0.72301 0.823595 23.7067
20.04 -2.78716 -0.639612 0.824142 23.7138
20.05 -2.79355 -0.555998 0.824689 23.721
20.06 -2.79911 -0.472191 0.825237 23.7281
20.07 -2.80384 -0.388218 0.825784 23.7352
20.08 -2.80772 -0.304103 0.826332 23.7423
20.09 -2.81076 -0.219871 0.82688 23.7494
20.1 -2.81296 -0.135548 0.827428 23.7566
20.11 -2.81431 -0.0511595 0.827976 23.7637
20.12 -2.81482 0.0332699 0.828525 23.7708
20.13 -2.81449 0.117715 0.829073 23.778
20.14 -2.81331 0.202149 0.829622 23.7851
20.15 -2.81129 0.286549 0.830171 23.7922
20.16 -2.80843 0.370888 0.83072 23.7994
20.17 -2.80472 0.45514 0.831269 23.8065
20.18 -2.80017 0.539282 0.831819 23.8136
20.19 -2.79477 0.623287 0.832368 23.8208
20.2 -2.78854 0.70713 0.832918 23.8279
20.21 -2.78147 0.790787 0.833468 23.8351
20.22 -2.77356 0.874231 0.834018 23.8422
20.23 -2.76482 0.957438 0.834568 23.8494
20.24 -2.75525 1.04038 0.835118 23.8565
20.25 -2.74484 1.12304 0.835669 23.8637
20.26 -2.73361 1.20538 0.83622 23.8709
20.27 -2.72156 1.28739 0.83677 23.878
20.28 -2.70868 1.36904 0.837321 23.8852
20.29 -2.69499 1.4503 0.837873 23.8923
20.3 -2.68049 1.53115 0.838424 23.8995
20.31 -2.66518 1.61156 0.838976 23.9067
20.32 -2.64906 1.69152 0.839527 23.9139
20.33 -2.63215 1.77099 0.840079 23.921
20.34 -2.61444 1.84996 0.840631 23.9282
20.35 -2.59594 1.92839 0.841183 23.9354
20.36 -2.57665 2.00627 0.841736 23.9426
20.37 -2.55659 2.08357 0.842288 23.9497
20.38 -2.53576 2.16027 0.842841 23.9569
20.39 -2.51415 2.23634 0.843394 23.9641
20.4 -2.49179 2.31176 0.843947 23.9713
20.41 -2.46867 2.38652 0.8445 23.9785
20.42 -2.44481 2.46058 0.845053 23.9857
20.43 -2.4202 2.53392 0.845607 23.9929
20.44 -2.39486 2.60653 0.84616 24.0001
20.45 -2.3688 2.67837 0.846714 24.0073
20.46 -2.34201 2.74944 0.847268 24.0145
20.47 -2.31452 2.8197 0.847822 24.0217
20.48 -2.28632 2.88913 0.848377 24.0289
20.49 -2.25743 2.95772 0.848931 24.0361
20.5 -2.22785 3.02545 0.849486 24.0433
20.51 -2.1976 3.09228 0.850041 24.0505
20.52 -2.16668 3.15821 0.850596 24.0577
20.53 -2.13509 3.22321 0.851151 24.065
20.54 -2.10286 3.28726 0.851706 24.0722
20.55 -2.06999 3.35035 0.852262 24.0794
20.56 -2.03649 3.41245 0.852818 24.0866
20.57 -2.00236 3.47354 0.853373 24.0939
20.58 -1.96763 3.53361 0.853929 24.1011
20.59 -1.93229 3.59264 0.854486 24.1083
20.6 -1.89636 3.65061 0.855042 24.1155
20.61 -1.85986 3.7075 0.855598 24.1228
20.62 -1.82278 3.7633 0.856155 24.13
20.63 -1.78515 3.81798 0.856712 24.1373
20.64 -1.74697 3.87154 0.857269 24.1445
20.65 -1.70825 3.92394 0.857826 24.1517
20.66 -1.66902 3.97519 0.858384 24.159
20.67 -1.62926 4.02526 0.858941 24.1662
20.68 -1.58901 4.07414 0.859499 24.1735
20.69 -1.54827 4.12181 0.860057 24.1807
20.7 -1.50705 4.16826 0.860615 24.188
20.71 -1.46537 4.21347 0.861173 24.1952
20.72 -1.42323 4.25743 0.861731 24.2025
20.73 -1.38066 4.30013 0.86229 24.2098
20.74 -1.33766 4.34155 0.862848 24.217
20.75 -1.29424 4.38168 0.863407 24.2243
20.76 -1.25043 4.42051 0.863966 24.2316
20.77 -1.20622 4.45802 0.864525 24.2388
20.78 -1.16164 4.4942 0.865085 24.2461
20.79 -1.1167 4.52905 0.865644 24.2534
20.8 -1.07141 4.56255 0.866204 24.2607
20.81 -1.02578 4.5947 0.866764 24.2679
20.82 -0.979836 4.62547 0.867324 24.2752
20.83 -0.933581 4.65487 0.867884 24.2825
20.84 -0.887032 4.68287 0.868444 24.2898
20.85 -0.840204 4.70948 0.869005 24.2971
20.86 -0.793109 4.73469 0.869566 24.3044
20.87 -0.745762 4.75848 0.870127 24.3116
20.88 -0.698177 4.78086 0.870688 24.3189
20.89 -0.650368 4.8018 0.871249 24.3262
20.9 -0.60235 4.82131 0.87181 24.3335
20.91 -0.554137 4.83938 0.872372 24.3408
20.92 -0.505743 4.85601 0.872933 24.3481
20.93 -0.457183 4.87118 0.873495 24.3554
20.94 -0.408472 4.88489 0.874057 24.3627
20.95 -0.359623 4.89715 0.87462 24.3701
20.96 -0.310651 4.90794 0.875182 24.3774
20.97 -0.261572 4.91726 0.875745 24.3847
20.98 -0.212399 4.9251 0.876307 24.392
20.99 -0.163148 4.93148 0.87687 24.3993
21 -0.113833 4.93637 0.877433 24.4066
21.01 -0.0644697 4.93979 0.877996 24.414
21.02 -0.0150718 4.94172 0.87856 24.4213
21.03 0.0343454 4.94217 0.879123 24.4286
21.04 0.0837671 4.94114 0.879687 24.4359
21.05 0.133179 4.93863 0.880251 24.4433
21.06 0.182565 4.93463 0.880815 24.4506
21.07 0.231911 4.92916 0.881379 24.4579
21.08 0.281203 4.9222 0.881944 24.4653
21.09 0.330425 4.91376 0.882508 24.4726
21.1 0.379562 4.90385 0.883073 24.48
21.11 0.428601 4.89246 0.883638 24.4873
21.12 0.477525 4.87961 0.884203 24.4946
21.13 0.526322 4.86528 0.884768 24.502
21.14 0.574974 4.84949 0.885334 24.5093
21.15 0.623469 4.83224 0.885899 24.5167
21.16 0.671792 4.81354 0.886465 24.524
21.17 0.719927 4.79338 0.887031 24.5314
21.18 0.767861 4.77179 0.887597 24.5388
21.19 0.815579 4.74875 0.888164 24.5461
21.2 0.863066 4.72428 0.88873 24.5535
21.21 0.910309 4.69839 0.889297 24.5609
21.22 0.957293 4.67108 0.889863 24.5682
21.23 1.004 4.64236 0.89043 24.5756
21.24 1.05043 4.61224 0.890997 24.583
21.25 1.09655 4.58073 0.891565 24.5903
21.26 1.14236 4.54783 0.892132 24.5977
21.27 1.18784 4.51356 0.8927 24.6051
21.28 1.23297 4.47793 0.893268 24.6125
21.29 1.27775 4.44094 0.893836 24.6199
21.3 1.32216 4.40261 0.894404 24.6272
21.31 1.36619 4.36294 0.894972 24.6346
21.32 1.40982 4.32195 0.895541 24.642
21.33 1.45303 4.27966 0.896109 24.6494
21.34 1.49583 4.23607 0.896678 24.6568
21.35 1.53819 4.19119 0.897247 24.6642
21.36 1.5801 4.14505 0.897816 24.6716
21.37 1.62155 4.09765 0.898386 24.679
21.38 1.66253 4.049 0.898955 24.6864
21.39 1.70302 3.99912 0.899525 24.6938
21.4 1.74301 3.94803 0.900095 24.7012
21.41 1.78249 3.89574 0.900665 24.7086
21.42 1.82145 3.84227 0.901235 24.7161
21.43 1.85987 3.78762 0.901805 24.7235
21.44 1.89775 3.73183 0.902376 24.7309
21.45 1.93507 3.67489 0.902947 24.7383
21.46 1.97182 3.61684 0.903517 24.7457
21.47 2.00798 3.55769 0.904088 24.7532
21.48 2.04356 3.49745 0.90466 24.7606
21.49 2.07854 3.43614 0.905231 24.768
21.5 2.1129 3.37379 0.905803 24.7754
21.51 2.14663 3.3104 0.906374 24.7829
21.52 2.17974 3.246 0.906946 24.7903
21.53 2.2122 3.18061 0.907518 24.7977
21.54 2.24401 3.11424 0.908091 24.8052
21.55 2.27515 3.04692 0.908663 24.8126
21.56 2.30562 2.97867 0.909236 24.8201
21.57 2.3354 2.9095 0.909808 24.8275
21.58 2.3645 2.83944 0.910381 24.835
21.59 2.39289 2.7685 0.910955 24.8424
21.6 2.42058 2.69672 0.911528 24.8499
21.61 2.44754 2.6241 0.912101 24.8573
21.62 2.47379 2.55067 0.912675 24.8648
21.63 2.49929 2.47646 0.913249 24.8722
21.64 2.52406 2.40148 0.913823 24.8797
21.65 2.54807 2.32576 0.914397 24.8872
21.66 2.57133 2.24932 0.914971 24.8946
21.67 2.59382 2.17218 0.915546 24.9021
21.68 2.61554 2.09436 0.91612 24.9096
21.69 2.63649 2.01589 0.916695 24.917
21.7 2.65665 1.9368 0.91727 24.9245
21.71 2.67601 1.8571 0.917845 24.932
21.72 2.69459 1.77682 0.918421 24.9395
21.73 2.71235 1.69598 0.918996 24.947
21.74 2.72931 1.61461 0.919572 24.9544
21.75 2.74546 1.53273 0.920148 24.9619
21.76 2.76079 1.45037 0.920724 24.9694
21.77 2.77529 1.36754 0.9213 24.9769
21.78 2.78897 1.28429 0.921876 24.9844
21.79 2.80181 1.20062 0.922453 24.9919
21.8 2.81382 1.11656 0.92303 24.9994
21.81 2.82498 1.03215 0.923607 25.0069
21.82 2.8353 0.947399 0.924184 25.0144
21.83 2.84478 0.86234 0.924761 25.0219
21.84 2.8534 0.776996 0.925338 25.0294
21.85 2.86117 0.691394 0.925916 25.0369
21.86 2.86808 0.605559 0.926494 25.0444
21.87 2.87414 0.519517 0.927072 25.0519
21.88 2.87933 0.433293 0.92765 25.0594
21.89 2.88367 0.346913 0.928228 25.067
21.9 2.88714 0.260403 0.928807 25.0745
21.91 2.88974 0.173788 0.929385 25.082
21.92 2.89148 0.0870962 0.929964 25.0895
21.93 2.89235 0.000351873 0.930543 25.0971
21.94 2.89235 -0.0864186 0.931122 25.1046
21.95 2.89149 -0.173189 0.931702 25.1121
21.96 2.88976 -0.259934 0.932281 25.1197
21.97 2.88716 -0.346627 0.932861 25.1272
21.98 2.88369 -0.433241 0.933441 25.1347
21.99 2.87936 -0.519752 0.934021 25.1423
22 2.87416 -0.606133 0.934601 25.1498
22.01 2.8681 -0.692358 0.935181 25.1574
22.02 2.86118 -0.778401 0.935762 25.1649
22.03 2.85339 -0.864236 0.936343 25.1725
22.04 2.84475 -0.949838 0.936923 25.18
22.05 2.83525 -1.03518 0.937504 25.1876
22.06 2.8249 -1.12024 0.938086 25.1951
22.07 2.8137 -1.20498 0.938667 25.2027
22.08 2.80165 -1.2894 0.939249 25.2102
22.09 2.78875 -1.37345 0.939831 25.2178
22.1 2.77502 -1.45711 0.940412 25.2254
22.11 2.76045 -1.54036 0.940995 25.2329
22.12 2.74504 -1.62317 0.941577 25.2405
22.13 2.72881 -1.70552 0.942159 25.2481
22.14 2.71176 -1.78739 0.942742 25.2556
22.15 2.69388 -1.86874 0.943325 25.2632
22.16 2.6752 -1.94956 0.943908 25.2708
22.17 2.6557 -2.02981 0.944491 25.2784
22.18 2.6354 -2.10948 0.945074 25.286
22.19 2.61431 -2.18855 0.945658 25.2936
22.2 2.59242 -2.26698 0.946242 25.3011
22.21 2.56975 -2.34475 0.946825 25.3087
22.22 2.54631 -2.42184 0.94741 25.3163
22.23 2.52209 -2.49823 0.947994 25.3239
22.24 2.4971 -2.57389 0.948578 25.3315
22.25 2.47137 -2.64881 0.949163 25.3391
22.26 2.44488 -2.72295 0.949747 25.3467
22.27 2.41765 -2.79629 0.950332 25.3543
22.28 2.38969 -2.86882 0.950917 25.3619
22.29 2.361 -2.94051 0.951503 25.3695
22.3 2.33159 -3.01134 0.952088 25.3771
22.31 2.30148 -3.08129 0.952674 25.3848
22.32 2.27067 -3.15033 0.95326 25.3924
22.33 2.23916 -3.21845 0.953846 25.4
22.34 2.20698 -3.28563 0.954432 25.4076
22.35 2.17412 -3.35184 0.955018 25.4152
22.36 2.1406 -3.41706 0.955605 25.4229
22.37 2.10643 -3.48128 0.956191 25.4305
22.38 2.07162 -3.54447 0.956778 25.4381
22.39 2.03617 -3.60662 0.957365 25.4457
22.4 2.00011 -3.66771 0.957952 25.4534
22.41 1.96343 -3.72771 0.95854 25.461
22.42 1.92615 -3.78661 0.959127 25.4687
22.43 1.88829 -3.8444 0.959715 25.4763
22.44 1.84984 -3.90105 0.960303 25.4839
22.45 1.81083 -3.95654 0.960891 25.4916
22.46 1.77127 -4.01087 0.961479 25.4992
22.47 1.73116 -4.06401 0.962068 25.5069
22.48 1.69052 -4.11594 0.962656 25.5145
22.49 1.64936 -4.16666 0.963245 25.5222
22.5 1.60769 -4.21614 0.963834 25.5298
22.51 1.56553 -4.26437 0.964423 25.5375
22.52 1.52289 -4.31133 0.965013 25.5452
22.53 1.47978 -4.35702 0.965602 25.5528
22.54 1.43621 -4.40141 0.966192 25.5605
22.55 1.39219 -4.4445 0.966782 25.5682
22.56 1.34775 -4.48627 0.967372 25.5758
22.57 1.30288 -4.5267 0.967962 25.5835
22.58 1.25762 -4.56578 0.968552 25.5912
22.59 1.21196 -4.60351 0.969143 25.5989
22.6 1.16592 -4.63987 0.969734 25.6065
22.61 1.11952 -4.67485 0.970325 25.6142
22.62 1.07278 -4.70843 0.970916 25.6219
22.63 1.02569 -4.74062 0.971507 25.6296
22.64 0.978286 -4.77139 0.972098 25.6373
22.65 0.930572 -4.80074 0.97269 25.645
22.66 0.882565 -4.82865 0.973282 25.6527
22.67 0.834278 -4.85513 0.973874 25.6604
22.68 0.785727 -4.88016 0.974466 25.6681
22.69 0.736925 -4.90373 0.975058 25.6758
22.7 0.687888 -4.92584 0.975651 25.6835
22.71 0.638629 -4.94648 0.976244 25.6912
22.72 0.589165 -4.96563 0.976836 25.6989
22.73 0.539508 -4.98331 0.977429 25.7066
22.74 0.489675 -4.99949 0.978023 25.7143
22.75 0.43968 -5.01419 0.978616 25.722
22.76 0.389538 -5.02738 0.97921 25.7297
22.77 0.339265 -5.03906 0.979803 25.7374
22.78 0.288874 -5.04924 0.980397 25.7452
22.79 0.238382 -5.05791 0.980991 25.7529
22.8 0.187803 -5.06506 0.981586 25.7606
22.81 0.137152 -5.07069 0.98218 25.7683
22.82 0.086445 -5.07481 0.982775 25.7761
22.83 0.035697 -5.0774 0.98337 25.7838
22.84 -0.015077 -5.07847 0.983965 25.7915
22.85 -0.0658617 -5.07802 0.98456 25.7993
22.86 -0.116642 -5.07604 0.985155 25.807
22.87 -0.167402 -5.07254 0.985751 25.8148
22.88 -0.218128 -5.06752 0.986347 25.8225
22.89 -0.268803 -5.06098 0.986942 25.8303
22.9 -0.319413 -5.05291 0.987539 25.838
22.91 -0.369942 -5.04333 0.988135 25.8458
22.92 -0.420375 -5.03223 0.988731 25.8535
22.93 -0.470697 -5.01962 0.989328 25.8613
22.94 -0.520894 -5.0055 0.989925 25.869
22.95 -0.570949 -4.98987 0.990522 25.8768
22.96 -0.620847 -4.97274 0.991119 25.8845
22.97 -0.670575 -4.95412 0.991716 25.8923
22.98 -0.720116 -4.934 0.992314 25.9001
22.99 -0.769456 -4.9124 0.992911 25.9078
23 -0.81858 -4.88931 0.993509 25.9156
23.01 -0.867473 -4.86476 0.994107 25.9234
23.02 -0.916121 -4.83873 0.994706 25.9312
23.03 -0.964508 -4.81125 0.995304 25.939
23.04 -1.01262 -4.78231 0.995903 25.9467
23.05 -1.06044 -4.75194 0.996501 25.9545
23.06 -1.10796 -4.72012 0.9971 25.9623
23.07 -1.15516 -4.68688 0.997699 25.9701
23.08 -1.20203 -4.65223 0.998299 25.9779
23.09 -1.24856 -4.61617 0.998898 25.9857
23.1 -1.29472 -4.57871 0.999498 25.9935
23.11 -1.3405 -4.53987 1.0001 26.0013
23.12 -1.3859 -4.49965 1.0007 26.0091
23.13 -1.4309 -4.45808 1.0013 26.0169
23.14 -1.47548 -4.41515 1.0019 26.0247
23.15 -1.51963 -4.37089 1.0025 26.0325
23.16 -1.56334 -4.3253 1.0031 26.0403
23.17 -1.60659 -4.2784 1.0037 26.0481
23.18 -1.64938 -4.2302 1.0043 26.0559
23.19 -1.69168 -4.18072 1.0049 26.0637
23.2 -1.73349 -4.12997 1.0055 26.0716
23.21 -1.77479 -4.07796 1.00611 26.0794
23.22 -1.81557 -4.02472 1.00671 26.0872
23.23 -1.85581 -3.97025 1.00731 26.095
23.24 -1.89552 -3.91458 1.00791 26.1029
23.25 -1.93466 -3.85771 1.00851 26.1107
23.26 -1.97324 -3.79967 1.00912 26.1185
23.27 -2.01124 -3.74048 1.00972 26.1264
23.28 -2.04864 -3.68014 1.01032 26.1342
23.29 -2.08544 -3.61868 1.01093 26.142
23.3 -2.12163 -3.55612 1.01153 26.1499
23.31 -2.15719 -3.49247 1.01213 26.1577
23.32 -2.19211 -3.42775 1.01274 26.1656
23.33 -2.22639 -3.36199 1.01334 26.1734
23.34 -2.26001 -3.2952 1.01394 26.1813
23.35 -2.29296 -3.2274 1.01455 26.1891
23.36 -2.32524 -3.15861 1.01515 26.197
23.37 -2.35682 -3.08885 1.01576 26.2048
23.38 -2.38771 -3.01814 1.01636 26.2127
23.39 -2.41789 -2.94651 1.01697 26.2206
23.4 -2.44736 -2.87398 1.01757 26.2284
23.41 -2.4761 -2.80056 1.01818 26.2363
23.42 -2.5041 -2.72627 1.01878 26.2442
23.43 -2.53137 -2.65115 1.01939 26.252
23.44 -2.55788 -2.57521 1.01999 26.2599
23.45 -2.58363 -2.49847 1.0206 26.2678
23.46 -2.60861 -2.42096 1.02121 26.2757
23.47 -2.63282 -2.34271 1.02181 26.2836
23.48 -2.65625 -2.26372 1.02242 26.2914
23.49 -2.67889 -2.18403 1.02303 26.2993
23.5 -2.70073 -2.10367 1.02363 26.3072
23.51 -2.72177 -2.02264 1.02424 26.3151
23.52 -2.74199 -1.94099 1.02485 26.323
23.53 -2.7614 -1.85873 1.02545 26.3309
23.54 -2.77999 -1.77589 1.02606 26.3388
23.55 -2.79775 -1.69249 1.02667 26.3467
23.56 -2.81467 -1.60856 1.02728 26.3546
23.57 -2.83076 -1.52412 1.02789 26.3625
23.58 -2.846 -1.43919 1.02849 26.3704
23.59 -2.86039 -1.35381 1.0291 26.3783
23.6 -2.87393 -1.268 1.02971 26.3863
23.61 -2.88661 -1.18178 1.03032 26.3942
23.62 -2.89843 -1.09519 1.03093 26.4021
23.63 -2.90938 -1.00823 1.03154 26.41
23.64 -2.91946 -0.920952 1.03215 26.4179
23.65 -2.92867 -0.833368 1.03276 26.4259
23.66 -2.93701 -0.745508 1.03337 26.4338
23.67 -2.94446 -0.657398 1.03398 26.4417
23.68 -2.95103 -0.569064 1.03459 26.4496
23.69 -2.95673 -0.480533 1.0352 26.4576
23.7 -2.96153 -0.391831 1.03581 26.4655
23.71 -2.96545 -0.302986 1.03642 26.4735
23.72 -2.96848 -0.214022 1.03703 26.4814
23.73 -2.97062 -0.124968 1.03764 26.4893
23.74 -2.97187 -0.0358492 1.03825 26.4973
23.75 -2.97223 0.0533069 1.03886 26.5052
23.76 -2.97169 0.142474 1.03948 26.5132
23.77 -2.97027 0.231624 1.04009 26.5211
23.78 -2.96795 0.320733 1.0407 26.5291
23.79 -2.96475 0.409771 1.04131 26.5371
23.8 -2.96065 0.498714 1.04192 26.545
23.81 -2.95566 0.587533 1.04254 26.553
23.82 -2.94979 0.676203 1.04315 26.561
23.83 -2.94302 0.764696 1.04376 26.5689
23.84 -2.93538 0.852987 1.04438 26.5769
23.85 -2.92685 0.941048 1.04499 26.5849
23.86 -2.91744 1.02885 1.0456 26.5928
23.87 -2.90715 1.11638 1.04622 26.6008
23.88 -2.89598 1.20359 1.04683 26.6088
23.89 -2.88395 1.29047 1.04744 26.6168
23.9 -2.87104 1.37699 1.04806 26.6248
23.91 -2.85727 1.46312 1.04867 26.6328
23.92 -2.84264 1.54884 1.04929 26.6407
23.93 -2.82715 1.63412 1.0499 26.6487
23.94 -2.81081 1.71893 1.05052 26.6567
23.95 -2.79362 1.80326 1.05113 26.6647
23.96 -2.77559 1.88707 1.05175 26.6727
23.97 -2.75672 1.97033 1.05236 26.6807
23.98 -2.73702 2.05303 1.05298 26.6887
23.99 -2.71649 2.13515 1.0536 26.6967
24 -2.69513 2.21664 1.05421 26.7047
24.01 -2.67297 2.29749 1.05483 26.7128
24.02 -2.64999 2.37768 1.05544 26.7208
24.03 -2.62622 2.45718 1.05606 26.7288
24.04 -2.60164 2.53597 1.05668 26.7368
24.05 -2.57629 2.61402 1.05729 26.7448
24.06 -2.55014 2.69131 1.05791 26.7529
24.07 -2.52323 2.76781 1.05853 26.7609
24.08 -2.49555 2.84351 1.05915 26.7689
24.09 -2.46712 2.91838 1.05976 26.7769
24.1 -2.43793 2.99239 1.06038 26.785
24.11 -2.40801 3.06553 1.061 26.793
24.12 -2.37736 3.13777 1.06162 26.801
24.13 -2.34598 3.20909 1.06224 26.8091
24.14 -2.31389 3.27947 1.06286 26.8171
24.15 -2.28109 3.34888 1.06347 26.8252
24.16 -2.2476 3.41732 1.06409 26.8332
24.17 -2.21343 3.48474 1.06471 26.8413
24.18 -2.17858 3.55115 1.06533 26.8493
24.19 -2.14307 3.61651 1.06595 26.8574
24.2 -2.10691 3.6808 1.06657 26.8654
24.21 -2.0701 3.744 1.06719 26.8735
24.22 -2.03266 3.80611 1.06781 26.8816
24.23 -1.9946 3.86709 1.06843 26.8896
24.24 -1.95593 3.92693 1.06905 26.8977
24.25 -1.91666 3.9856 1.06967 26.9058
24.26 -1.8768 4.0431 1.07029 26.9138
24.27 -1.83637 4.09941 1.07092 26.9219
24.28 -1.79538 4.1545 1.07154 26.93
24.29 -1.75383 4.20836 1.07216 26.9381
24.3 -1.71175 4.26097 1.07278 26.9461
24.31 -1.66914 4.31233 1.0734 26.9542
24.32 -1.62601 4.3624 1.07402 26.9623
24.33 -1.58239 4.41118 1.07465 26.9704
24.34 -1.53828 4.45865 1.07527 26.9785
24.35 -1.49369 4.5048 1.07589 26.9866
24.36 -1.44864 4.54961 1.07651 26.9947
24.37 -1.40315 4.59307 1.07714 27.0028
24.38 -1.35722 4.63517 1.07776 27.0109
24.39 -1.31087 4.67588 1.07838 27.019
24.4 -1.26411 4.71521 1.07901 27.0271
24.41 -1.21695 4.75313 1.07963 27.0352
24.42 -1.16942 4.78964 1.08025 27.0433
24.43 -1.12153 4.82472 1.08088 27.0514
24.44 -1.07328 4.85837 1.0815 27.0595
24.45 -1.0247 4.89057 1.08213 27.0677
24.46 -0.975791 4.92131 1.08275 27.0758
24.47 -0.926578 4.95058 1.08338 27.0839
24.48 -0.877072 4.97838 1.084 27.092
24.49 -0.827288 5.00469 1.08463 27.1001
24.5 -0.777241 5.02951 1.08525 27.1083
24.51 -0.726946 5.05283 1.08588 27.1164
24.52 -0.676418 5.07464 1.0865 27.1245
24.53 -0.625671 5.09493 1.08713 27.1327
24.54 -0.574722 5.1137 1.08776 27.1408
24.55 -0.523585 5.13094 1.08838 27.149
24.56 -0.472276 5.14665 1.08901 27.1571
24.57 -0.420809 5.16082 1.08964 27.1653
24.58 -0.369201 5.17344 1.09026 27.1734
24.59 -0.317467 5.18452 1.09089 27.1816
24.6 -0.265621 5.19404 1.09152 27.1897
24.61 -0.213681 5.20201 1.09214 27.1979
24.62 -0.161661 5.20842 1.09277 27.206
24.63 -0.109577 5.21327 1.0934 27.2142
24.64 -0.0574441 5.21656 1.09403 27.2224
24.65 -0.00527855 5.21828 1.09466 27.2305
24.66 0.0469042 5.21844 1.09528 27.2387
24.67 0.0990886 5.21703 1.09591 27.2469
24.68 0.151259 5.21406 1.09654 27.255
24.69 0.203399 5.20952 1.09717 27.2632
24.7 0.255495 5.20342 1.0978 27.2714
24.71 0.307529 5.19575 1.09843 27.2796
24.72 0.359486 5.18653 1.09906 27.2878
24.73 0.411352 5.17574 1.09969 27.2959
24.74 0.463109 5.1634 1.10032 27.3041
24.75 0.514743 5.14951 1.10095 27.3123
24.76 0.566238 5.13407 1.10158 27.3205
24.77 0.617579 5.11708 1.10221 27.3287
24.78 0.66875 5.09855 1.10284 27.3369
24.79 0.719735 5.07849 1.10347 27.3451
24.8 0.77052 5.0569 1.1041 27.3533
24.81 0.821089 5.03378 1.10473 27.3615
24.82 0.871427 5.00915 1.10536 27.3697
24.83 0.921518 4.98301 1.106 27.3779
24.84 0.971348 4.95536 1.10663 27.3862
24.85 1.0209 4.92622 1.10726 27.3944
24.86 1.07016 4.89559 1.10789 27.4026
24.87 1.11912 4.86349 1.10852 27.4108
24.88 1.16776 4.82991 1.10916 27.419
24.89 1.21605 4.79488 1.10979 27.4273
24.9 1.264 4.7584 1.11042 27.4355
24.91 1.31159 4.72048 1.11106 27.4437
24.92 1.35879 4.68113 1.11169 27.452
24.93 1.4056 4.64037 1.11232 27.4602
24.94 1.45201 4.5982 1.11296 27.4684
24.95 1.49799 4.55464 1.11359 27.4767
24.96 1.54354 4.5097 1.11422 27.4849
24.97 1.58863 4.4634 1.11486 27.4932
24.98 1.63327 4.41574 1.11549 27.5014
24.99 1.67742 4.36674 1.11613 27.5097
25 1.72109 4.31642 1.11676 27.5179
25.01 1.76426 4.26478 1.1174 27.5262
25.02 1.8069 4.21186 1.11803 27.5344
25.03 1.84902 4.15765 1.11867 27.5427
25.04 1.8906 4.10218 1.1193 27.5509
25.05 1.93162 4.04546 1.11994 27.5592
25.06 1.97207 3.98751 1.12057 27.5675
25.07 2.01195 3.92835 1.12121 27.5757
25.08 2.05123 3.86799 1.12185 27.584
25.09 2.08991 3.80645 1.12248 27.5923
25.1 2.12798 3.74376 1.12312 27.6006
25.11 2.16541 3.67992 1.12376 27.6089
25.12 2.20221 3.61495 1.12439 27.6171
25.13 2.23836 3.54889 1.12503 27.6254
25.14 2.27385 3.48174 1.12567 27.6337
25.15 2.30867 3.41352 1.12631 27.642
25.16 2.34281 3.34426 1.12695 27.6503
25.17 2.37625 3.27398 1.12758 27.6586
25.18 2.40899 3.20269 1.12822 27.6669
25.19 2.44101 3.13042 1.12886 27.6752
25.2 2.47232 3.05719 1.1295 27.6835
25.21 2.50289 2.98302 1.13014 27.6918
25.22 2.53272 2.90793 1.13078 27.7001
25.23 2.5618 2.83195 1.13142 27.7084
25.24 2.59012 2.7551 1.13206 27.7167
25.25 2.61767 2.67739 1.13269 27.725
25.26 2.64444 2.59886 1.13333 27.7334
25.27 2.67043 2.51953 1.13397 27.7417
25.28 2.69563 2.43942 1.13461 27.75
25.29 2.72002 2.35855 1.13526 27.7583
25.3 2.74361 2.27695 1.1359 27.7666
25.31 2.76638 2.19464 1.13654 27.775
25.32 2.78832 2.11165 1.13718 27.7833
25.33 2.80944 2.028 1.13782 27.7916
25.34 2.82972 1.94372 1.13846 27.8
25.35 2.84916 1.85882 1.1391 27.8083
25.36 2.86775 1.77335 1.13974 27.8167
25.37 2.88548 1.68732 1.14039 27.825
25.38 2.90235 1.60075 1.14103 27.8334
25.39 2.91836 1.51368 1.14167 27.8417
25.4 2.9335 1.42613 1.14231 27.8501
25.41 2.94776 1.33813 1.14295 27.8584
25.42 2.96114 1.24969 1.1436 27.8668
25.43 2.97364 1.16086 1.14424 27.8751
25.44 2.98524 1.07165 1.14488 27.8835
25.45 2.99596 0.982093 1.14553 27.8919
25.46 3.00578 0.892214 1.14617 27.9002
25.47 3.0147 0.80204 1.14682 27.9086
25.48 3.02272 0.711599 1.14746 27.917
25.49 3.02984 0.620917 1.1481 27.9253
25.5 3.03605 0.530022 1.14875 27.9337
25.51 3.04135 0.438941 1.14939 27.9421
25.52 3.04574 0.3477 1.15004 27.9505
25.53 3.04922 0.256328 1.15068 27.9589
25.54 3.05178 0.164852 1.15133 27.9673
25.55 3.05343 0.0732981 1.15197 27.9756
25.56 3.05416 -0.0183047 1.15262 27.984
25.57 3.05398 -0.10993 1.15326 27.9924
25.58 3.05288 -0.201549 1.15391 28.0008
25.59 3.05086 -0.293135 1.15456 28.0092
25.6 3.04793 -0.384661 1.1552 28.0176
25.61 3.04409 -0.476099 1.15585 28.026
25.62 3.03932 -0.567422 1.1565 28.0344
25.63 3.03365 -0.658601 1.15714 28.0429
25.64 3.02706 -0.749611 1.15779 28.0513
25.65 3.01957 -0.840423 1.15844 28.0597
25.66 3.01116 -0.93101 1.15909 28.0681
25.67 3.00185 -1.02134 1.15973 28.0765
25.68 2.99164 -1.1114 1.16038 28.0849
25.69 2.98053 -1.20115 1.16103 28.0934
25.7 2.96851 -1.29057 1.16168 28.1018
25.71 2.95561 -1.37962 1.16233 28.1102
25.72 2.94181 -1.46829 1.16297 28.1187
25.73 2.92713 -1.55654 1.16362 28.1271
25.74 2.91156 -1.64436 1.16427 28.1355
25.75 2.89512 -1.7317 1.16492 28.144
25.76 2.8778 -1.81856 1.16557 28.1524
25.77 2.85962 -1.90489 1.16622 28.1609
25.78 2.84057 -1.99068 1.16687 28.1693
25.79 2.82066 -2.0759 1.16752 28.1778
25.8 2.7999 -2.16052 1.16817 28.1862
25.81 2.7783 -2.24451 1.16882 28.1947
25.82 2.75585 -2.32786 1.16947 28.2031
25.83 2.73257 -2.41054 1.17012 28.2116
25.84 2.70847 -2.49252 1.17077 28.2201
25.85 2.68354 -2.57377 1.17143 28.2285
25.86 2.65781 -2.65428 1.17208 28.237
25.87 2.63126 -2.73401 1.17273 28.2455
25.88 2.60392 -2.81295 1.17338 28.2539
25.89 2.57579 -2.89107 1.17403 28.2624
25.9 2.54688 -2.96834 1.17468 28.2709
25.91 2.5172 -3.04475 1.17534 28.2794
25.92 2.48675 -3.12026 1.17599 28.2879
25.93 2.45555 -3.19487 1.17664 28.2963
25.94 2.4236 -3.26853 1.1773 28.3048
25.95 2.39092 -3.34124 1.17795 28.3133
25.96 2.3575 -3.41297 1.1786 28.3218
25.97 2.32337 -3.48369 1.17926 28.3303
25.98 2.28854 -3.55339 1.17991 28.3388
25.99 2.253 -3.62205 1.18056 28.3473
26 2.21678 -3.68964 1.18122 28.3558
26.01 2.17989 -3.75614 1.18187 28.3643
26.02 2.14232 -3.82154 1.18253 28.3728
26.03 2.10411 -3.88581 1.18318 28.3814
26.04 2.06525 -3.94893 1.18384 28.3899
26.05 2.02576 -4.01089 1.18449 28.3984
26.06 1.98565 -4.07166 1.18515 28.4069
26.07 1.94494 -4.13123 1.1858 28.4154
26.08 1.90362 -4.18958 1.18646 28.4239
26.09 1.86173 -4.24669 1.18711 28.4325
26.1 1.81926 -4.30254 1.18777 28.441
26.11 1.77624 -4.35712 1.18843 28.4495
26.12 1.73266 -4.41041 1.18908 28.4581
26.13 1.68856 -4.46239 1.18974 28.4666
26.14 1.64394 -4.51304 1.1904 28.4751
26.15 1.59881 -4.56236 1.19105 28.4837
26.16 1.55318 -4.61033 1.19171 28.4922
26.17 1.50708 -4.65692 1.19237 28.5008
26.18 1.46051 -4.70213 1.19303 28.5093
26.19 1.41349 -4.74595 1.19368 28.5179
26.2 1.36603 -4.78835 1.19434 28.5264
26.21 1.31815 -4.82933 1.195 28.535
26.22 1.26985 -4.86888 1.19566 28.5436
26.23 1.22116 -4.90697 1.19632 28.5521
26.24 1.17209 -4.94361 1.19698 28.5607
26.25 1.12266 -4.97877 1.19764 28.5693
26.26 1.07287 -5.01245 1.19829 28.5778
26.27 1.02275 -5.04464 1.19895 28.5864
26.28 0.972299 -5.07532 1.19961 28.595
26.29 0.921546 -5.10449 1.20027 28.6036
26.3 0.870501 -5.13214 1.20093 28.6121
26.31 0.81918 -5.15825 1.20159 28.6207
26.32 0.767597 -5.18283 1.20225 28.6293
26.33 0.715769 -5.20585 1.20292 28.6379
26.34 0.66371 -5.22733 1.20358 28.6465
26.35 0.611437 -5.24724 1.20424 28.6551
26.36 0.558965 -5.26558 1.2049 28.6637
26.37 0.506309 -5.28235 1.20556 28.6723
26.38 0.453485 -5.29754 1.20622 28.6809
26.39 0.40051 -5.31114 1.20688 28.6895
26.4 0.347399 -5.32316 1.20755 28.6981
26.41 0.294167 -5.33358 1.20821 28.7067
26.42 0.240831 -5.34241 1.20887 28.7153
26.43 0.187407 -5.34963 1.20953 28.7239
26.44 0.133911 -5.35525 1.2102 28.7325
26.45 0.0803583 -5.35927 1.21086 28.7412
26.46 0.0267655 -5.36168 1.21152 28.7498
26.47 -0.0268513 -5.36249 1.21219 28.7584
26.48 -0.0804761 -5.36168 1.21285 28.767
26.49 -0.134093 -5.35927 1.21351 28.7757
26.5 -0.187686 -5.35524 1.21418 28.7843
26.51 -0.241238 -5.34961 1.21484 28.7929
26.52 -0.294734 -5.34237 1.21551 28.8016
26.53 -0.348158 -5.33353 1.21617 28.8102
26.54 -0.401493 -5.32309 1.21684 28.8189
26.55 -0.454724 -5.31104 1.2175 28.8275
26.56 -0.507835 -5.2974 1.21817 28.8362
26.57 -0.560809 -5.28217 1.21883 28.8448
26.58 -0.61363 -5.26534 1.2195 28.8535
26.59 -0.666284 -5.24693 1.22016 28.8621
26.6 -0.718753 -5.22694 1.22083 28.8708
26.61 -0.771022 -5.20538 1.22149 28.8794
26.62 -0.823076 -5.18225 1.22216 28.8881
26.63 -0.874899 -5.15756 1.22283 28.8968
26.64 -0.926474 -5.13131 1.22349 28.9054
26.65 -0.977787 -5.10352 1.22416 28.9141
26.66 -1.02882 -5.07418 1.22483 28.9228
26.67 -1.07956 -5.04332 1.2255 28.9315
26.68 -1.13 -5.01093 1.22616 28.9401
26.69 -1.18011 -4.97703 1.22683 28.9488
26.7 -1.22988 -4.94163 1.2275 28.9575
26.71 -1.27929 -4.90473 1.22817 28.9662
26.72 -1.32834 -4.86635 1.22884 28.9749
26.73 -1.377 -4.8265 1.22951 28.9836
26.74 -1.42527 -4.78519 1.23017 28.9923
26.75 -1.47312 -4.74244 1.23084 29.001
26.76 -1.52055 -4.69824 1.23151 29.0097
26.77 -1.56753 -4.65263 1.23218 29.0184
26.78 -1.61405 -4.6056 1.23285 29.0271
26.79 -1.66011 -4.55718 1.23352 29.0358
26.8 -1.70568 -4.50738 1.23419 29.0445
26.81 -1.75076 -4.4562 1.23486 29.0532
26.82 -1.79532 -4.40368 1.23553 29.0619
26.83 -1.83935 -4.34982 1.2362 29.0706
26.84 -1.88285 -4.29464 1.23687 29.0794
26.85 -1.9258 -4.23816 1.23754 29.0881
26.86 -1.96818 -4.18038 1.23822 29.0968
26.87 -2.00999 -4.12134 1.23889 29.1055
26.88 -2.0512 -4.06104 1.23956 29.1143
26.89 -2.09181 -3.9995 1.24023 29.123
26.9 -2.1318 -3.93675 1.2409 29.1317
26.91 -2.17117 -3.87279 1.24158 29.1405
26.92 -2.2099 -3.80766 1.24225 29.1492
26.93 -2.24798 -3.74136 1.24292 29.158
26.94 -2.28539 -3.67392 1.24359 29.1667
26.95 -2.32213 -3.60536 1.24427 29.1755
26.96 -2.35818 -3.5357 1.24494 29.1842
26.97 -2.39354 -3.46495 1.24561 29.193
26.98 -2.42819 -3.39314 1.24629 29.2017
26.99 -2.46212 -3.3203 1.24696 29.2105
27 -2.49532 -3.24644 1.24763 29.2193
27.01 -2.52779 -3.17158 1.24831 29.228
27.02 -2.5595 -3.09574 1.24898 29.2368
27.03 -2.59046 -3.01896 1.24966 29.2456
27.04 -2.62065 -2.94124 1.25033 29.2543
27.05 -2.65006 -2.86262 1.25101 29.2631
27.06 -2.67869 -2.78312 1.25168 29.2719
27.07 -2.70652 -2.70276 1.25236 29.2807
27.08 -2.73355 -2.62157 1.25303 29.2895
27.09 -2.75976 -2.53956 1.25371 29.2982
27.1 -2.78516 -2.45677 1.25439 29.307
27.11 -2.80973 -2.37321 1.25506 29.3158
27.12 -2.83346 -2.28892 1.25574 29.3246
27.13 -2.85635 -2.20392 1.25642 29.3334
27.14 -2.87839 -2.11823 1.25709 29.3422
27.15 -2.89957 -2.03187 1.25777 29.351
27.16 -2.91989 -1.94489 1.25845 29.3598
27.17 -2.93934 -1.85729 1.25913 29.3686
27.18 -2.95791 -1.76911 1.2598 29.3774
27.19 -2.9756 -1.68037 1.26048 29.3863
27.2 -2.9924 -1.5911 1.26116 29.3951
27.21 -3.00832 -1.50133 1.26184 29.4039
27.22 -3.02333 -1.41108 1.26252 29.4127
27.23 -3.03744 -1.32038 1.26319 29.4215
27.24 -3.05064 -1.22926 1.26387 29.4304
27.25 -3.06294 -1.13774 1.26455 29.4392
27.26 -3.07431 -1.04585 1.26523 29.448
27.27 -3.08477 -0.953623 1.26591 29.4569
27.28 -3.09431 -0.86108 1.26659 29.4657
27.29 -3.10292 -0.768251 1.26727 29.4745
27.3 -3.1106 -0.675163 1.26795 29.4834
27.31 -3.11735 -0.581845 1.26863 29.4922
27.32 -3.12317 -0.488324 1.26931 29.5011
27.33 -3.12806 -0.394629 1.26999 29.5099
27.34 -3.132 -0.300788 1.27067 29.5188
27.35 -3.13501 -0.206828 1.27136 29.5276
27.36 -3.13708 -0.112777 1.27204 29.5365
27.37 -3.13821 -0.018665 1.27272 29.5453
27.38 -3.13839 0.0754812 1.2734 29.5542
27.39 -3.13764 0.169633 1.27408 29.5631
27.4 -3.13594 0.263762 1.27476 29.5719
27.41 -3.1333 0.35784 1.27545 29.5808
27.42 -3.12972 0.451839 1.27613 29.5897
27.43 -3.12521 0.545731 1.27681 29.5986
27.44 -3.11975 0.639487 1.2775 29.6074
27.45 -3.11335 0.73308 1.27818 29.6163
27.46 -3.10602 0.82648 1.27886 29.6252
27.47 -3.09776 0.919661 1.27955 29.6341
27.48 -3.08856 1.01259 1.28023 29.643
27.49 -3.07844 1.10525 1.28091 29.6519
27.5 -3.06738 1.1976 1.2816 29.6608
27.51 -3.05541 1.28963 1.28228 29.6697
27.52 -3.04251 1.38129 1.28297 29.6786
27.53 -3.0287 1.47256 1.28365 29.6875
27.54 -3.01397 1.56342 1.28434 29.6964
27.55 -2.99834 1.65384 1.28502 29.7053
27.56 -2.9818 1.74379 1.28571 29.7142
27.57 -2.96436 1.83325 1.28639 29.7231
27.58 -2.94603 1.92218 1.28708 29.732
27.59 -2.92681 2.01056 1.28777 29.741
27.6 -2.9067 2.09836 1.28845 29.7499
27.61 -2.88572 2.18556 1.28914 29.7588
27.62 -2.86386 2.27214 1.28983 29.7677
27.63 -2.84114 2.35805 1.29051 29.7767
27.64 -2.81756 2.44329 1.2912 29.7856
27.65 -2.79313 2.52781 1.29189 29.7945
27.66 -2.76785 2.61161 1.29257 29.8035
27.67 -2.74173 2.69464 1.29326 29.8124
27.68 -2.71479 2.77689 1.29395 29.8214
27.69 -2.68702 2.85834 1.29464 29.8303
27.7 -2.65844 2.93895 1.29533 29.8393
27.71 -2.62905 3.0187 1.29602 29.8482
27.72 -2.59886 3.09757 1.2967 29.8572
27.73 -2.56788 3.17554 1.29739 29.8661
27.74 -2.53613 3.25258 1.29808 29.8751
27.75 -2.5036 3.32866 1.29877 29.884
27.76 -2.47032 3.40377 1.29946 29.893
27.77 -2.43628 3.47788 1.30015 29.902
27.78 -2.4015 3.55096 1.30084 29.9109
27.79 -2.36599 3.62301 1.30153 29.9199
27.8 -2.32976 3.69399 1.30222 29.9289
27.81 -2.29282 3.76388 1.30291 29.9379
27.82 -2.25518 3.83267 1.3036 29.9469
27.83 -2.21685 3.90032 1.3043 29.9558
27.84 -2.17785 3.96683 1.30499 29.9648
27.85 -2.13818 4.03216 1.30568 29.9738
27.86 -2.09786 4.09631 1.30637 29.9828
27.87 -2.0569 4.15924 1.30706 29.9918
27.88 -2.01531 4.22095 1.30775 30.0008
27.89 -1.9731 4.28141 1.30845 30.0098
27.9 -1.93028 4.3406 1.30914 30.0188
27.91 -1.88688 4.39851 1.30983 30.0278
27.92 -1.84289 4.45512 1.31052 30.0368
27.93 -1.79834 4.5104 1.31122 30.0458
27.94 -1.75324 4.56436 1.31191 30.0548
27.95 -1.70759 4.61695 1.3126 30.0639
27.96 -1.66142 4.66818 1.3133 30.0729
27.97 -1.61474 4.71802 1.31399 30.0819
27.98 -1.56756 4.76646 1.31469 30.0909
27.99 -1.5199 4.81349 1.31538 30.0999
28 -1.47176 4.85909 1.31608 30.109
28.01 -1.42317 4.90324 1.31677 30.118
28.02 -1.37414 4.94594 1.31747 30.127
28.03 -1.32468 4.98716 1.31816 30.1361
28.04 -1.27481 5.0269 1.31886 30.1451
28.05 -1.22454 5.06514 1.31955 30.1542
28.06 -1.17389 5.10188 1.32025 30.1632
28.07 -1.12287 5.1371 1.32094 30.1723
28.08 -1.0715 5.17078 1.32164 30.1813
28.09 -1.01979 5.20293 1.32234 30.1904
28.1 -0.967759 5.23352 1.32303 30.1994
28.11 -0.915424 5.26255 1.32373 30.2085
28.12 -0.862798 5.29002 1.32443 30.2175
28.13 -0.809898 5.3159 1.32512 30.2266
28.14 -0.756739 5.3402 1.32582 30.2357
28.15 -0.703337 5.3629 1.32652 30.2448
28.16 -0.649708 5.384 1.32722 30.2538
28.17 -0.595868 5.40349 1.32792 30.2629
28.18 -0.541833 5.42137 1.32861 30.272
28.19 -0.487619 5.43762 1.32931 30.2811
28.2 -0.433243 5.45225 1.33001 30.2901
28.21 -0.378721 5.46525 1.33071 30.2992
28.22 -0.324068 5.47661 1.33141 30.3083
28.23 -0.269302 5.48633 1.33211 30.3174
28.24 -0.214439 5.49441 1.33281 30.3265
28.25 -0.159495 5.50084 1.33351 30.3356
28.26 -0.104486 5.50563 1.33421 30.3447
28.27 -0.0494298 5.50876 1.33491 30.3538
28.28 0.00565786 5.51025 1.33561 30.3629
28.29 0.0607603 5.51008 1.33631 30.372
28.3 0.115861 5.50825 1.33701 30.3811
28.31 0.170944 5.50478 1.33771 30.3903
28.32 0.225991 5.49965 1.33841 30.3994
28.33 0.280988 5.49287 1.33911 30.4085
28.34 0.335917 5.48444 1.33982 30.4176
28.35 0.390761 5.47436 1.34052 30.4267
28.36 0.445505 5.46264 1.34122 30.4359
28.37 0.500131 5.44928 1.34192 30.445
28.38 0.554624 5.43427 1.34263 30.4541
28.39 0.608967 5.41763 1.34333 30.4633
28.4 0.663143 5.39936 1.34403 30.4724
28.41 0.717137 5.37947 1.34473 30.4815
28.42 0.770931 5.35796 1.34544 30.4907
28.43 0.824511 5.33483 1.34614 30.4998
28.44 0.877859 5.31009 1.34685 30.509
28.45 0.93096 5.28376 1.34755 30.5181
28.46 0.983798 5.25583 1.34825 30.5273
28.47 1.03636 5.22631 1.34896 30.5365
28.48 1.08862 5.19522 1.34966 30.5456
28.49 1.14057 5.16256 1.35037 30.5548
28.5 1.1922 5.12835 1.35107 30.5639
28.51 1.24348 5.09258 1.35178 30.5731
28.52 1.29441 5.05528 1.35248 30.5823
28.53 1.34496 5.01644 1.35319 30.5915
28.54 1.39512 4.9761 1.3539 30.6006
28.55 1.44488 4.93424 1.3546 30.6098
28.56 1.49423 4.8909 1.35531 30.619
28.57 1.54314 4.84607 1.35601 30.6282
28.58 1.5916 4.79978 1.35672 30.6374
28.59 1.63959 4.75203 1.35743 30.6466
28.6 1.68711 4.70284 1.35814 30.6558
28.61 1.73414 4.65223 1.35884 30.665
28.62 1.78067 4.6002 1.35955 30.6742
28.63 1.82667 4.54678 1.36026 30.6834
28.64 1.87213 4.49198 1.36097 30.6926
28.65 1.91705 4.43582 1.36167 30.7018
28.66 1.96141 4.37831 1.36238 30.711
28.67 2.0052 4.31946 1.36309 30.7202
28.68 2.04839 4.25931 1.3638 30.7294
28.69 2.09098 4.19786 1.36451 30.7386
28.7 2.13296 4.13513 1.36522 30.7479
28.71 2.17431 4.07114 1.36593 30.7571
28.72 2.21502 4.00591 1.36664 30.7663
28.73 2.25508 3.93946 1.36735 30.7755
28.74 2.29448 3.8718 1.36806 30.7848
28.75 2.3332 3.80297 1.36877 30.794
28.76 2.37123 3.73297 1.36948 30.8032
28.77 2.40856 3.66184 1.37019 30.8125
28.78 2.44517 3.58958 1.3709 30.8217
28.79 2.48107 3.51623 1.37161 30.831
28.8 2.51623 3.44179 1.37232 30.8402
28.81 2.55065 3.36631 1.37304 30.8495
28.82 2.58431 3.28979 1.37375 30.8587
28.83 2.61721 3.21226 1.37446 30.868
28.84 2.64933 3.13374 1.37517 30.8772
28.85 2.68067 3.05426 1.37589 30.8865
28.86 2.71121 2.97384 1.3766 30.8958
28.87 2.74095 2.89251 1.37731 30.905
28.88 2.76988 2.81028 1.37802 30.9143
28.89 2.79798 2.72718 1.37874 30.9236
28.9 2.82525 2.64324 1.37945 30.9329
28.91 2.85168 2.55848 1.38017 30.9421
28.92 2.87727 2.47293 1.38088 30.9514
28.93 2.902 2.38661 1.38159 30.9607
28.94 2.92586 2.29955 1.38231 30.97
28.95 2.94886 2.21178 1.38302 30.9793
28.96 2.97098 2.12331 1.38374 30.9886
28.97 2.99221 2.03418 1.38445 30.9979
28.98 3.01255 1.94442 1.38517 31.0072
28.99 3.032 1.85404 1.38588 31.0165
29 3.05054 1.76308 1.3866 31.0258
29.01 3.06817 1.67156 1.38732 31.0351
29.02 3.08488 1.57952 1.38803 31.0444
29.03 3.10068 1.48697 1.38875 31.0537
29.04 3.11555 1.39395 1.38946 31.063
29.05 3.12949 1.30049 1.39018 31.0724
29.06 3.14249 1.2066 1.3909 31.0817
29.07 3.15456 1.11233 1.39162 31.091
29.08 3.16568 1.01769 1.39233 31.1003
29.09 3.17586 0.922719 1.39305 31.1097
29.1 3.18509 0.827444 1.39377 31.119
29.11 3.19336 0.731891 1.39449 31.1283
29.12 3.20068 0.63609 1.39521 31.1377
29.13 3.20704 0.54007 1.39592 31.147
29.14 3.21244 0.443859 1.39664 31.1564
29.15 3.21688 0.347485 1.39736 31.1657
29.16 3.22036 0.250979 1.39808 31.1751
29.17 3.22286 0.154368 1.3988 31.1844
29.18 3.22441 0.0576823 1.39952 31.1938
29.19 3.22499 -0.0390499 1.40024 31.2031
29.2 3.22459 -0.135799 1.40096 31.2125
29.21 3.22324 -0.232537 1.40168 31.2218
29.22 3.22091 -0.329234 1.4024 31.2312
29.23 3.21762 -0.425862 1.40312 31.2406
29.24 3.21336 -0.52239 1.40384 31.25
29.25 3.20814 -0.618791 1.40456 31.2593
29.26 3.20195 -0.715035 1.40528 31.2687
29.27 3.1948 -0.811094 1.40601 31.2781
29.28 3.18669 -0.906938 1.40673 31.2875
29.29 3.17762 -1.00254 1.40745 31.2969
29.3 3.16759 -1.09787 1.40817 31.3062
29.31 3.15661 -1.19289 1.40889 31.3156
29.32 3.14469 -1.28759 1.40962 31.325
29.33 3.13181 -1.38193 1.41034 31.3344
29.34 3.11799 -1.47589 1.41106 31.3438
29.35 3.10323 -1.56943 1.41179 31.3532
29.36 3.08754 -1.66252 1.41251 31.3626
29.37 3.07091 -1.75515 1.41323 31.372
29.38 3.05336 -1.84728 1.41396 31.3815
29.39 3.03489 -1.93888 1.41468 31.3909
29.4 3.0155 -2.02993 1.41541 31.4003
29.41 2.9952 -2.12039 1.41613 31.4097
29.42 2.974 -2.21025 1.41686 31.4191
29.43 2.95189 -2.29947 1.41758 31.4286
29.44 2.9289 -2.38802 1.41831 31.438
29.45 2.90502 -2.47589 1.41903 31.4474
29.46 2.88026 -2.56304 1.41976 31.4569
29.47 2.85463 -2.64945 1.42048 31.4663
29.48 2.82813 -2.73509 1.42121 31.4757
29.49 2.80078 -2.81993 1.42194 31.4852
29.5 2.77258 -2.90395 1.42266 31.4946
29.51 2.74354 -2.98713 1.42339 31.5041
29.52 2.71367 -3.06944 1.42412 31.5135
29.53 2.68298 -3.15085 1.42484 31.523
29.54 2.65147 -3.23134 1.42557 31.5324
29.55 2.61916 -3.31088 1.4263 31.5419
29.56 2.58605 -3.38946 1.42703 31.5513
29.57 2.55215 -3.46704 1.42775 31.5608
29.58 2.51748 -3.5436 1.42848 31.5703
29.59 2.48205 -3.61913 1.42921 31.5798
29.6 2.44586 -3.69359 1.42994 31.5892
29.61 2.40892 -3.76696 1.43067 31.5987
29.62 2.37125 -3.83923 1.4314 31.6082
29.63 2.33286 -3.91037 1.43213 31.6177
29.64 2.29375 -3.98036 1.43286 31.6272
29.65 2.25395 -4.04917 1.43359 31.6366
29.66 2.21346 -4.11679 1.43432 31.6461
29.67 2.17229 -4.18319 1.43505 31.6556
29.68 2.13046 -4.24836 1.43578 31.6651
29.69 2.08798 -4.31227 1.43651 31.6746
29.7 2.04485 -4.37491 1.43724 31.6841
29.71 2.0011 -4.43626 1.43797 31.6936
29.72 1.95674 -4.49629 1.4387 31.7031
29.73 1.91178 -4.55499 1.43943 31.7126
29.74 1.86623 -4.61235 1.44017 31.7222
29.75 1.8201 -4.66833 1.4409 31.7317
29.76 1.77342 -4.72294 1.44163 31.7412
29.77 1.72619 -4.77614 1.44236 31.7507
29.78 1.67843 -4.82792 1.4431 31.7602
29.79 1.63015 -4.87828 1.44383 31.7698
29.8 1.58137 -4.92718 1.44456 31.7793
29.81 1.5321 -4.97462 1.4453 31.7888
29.82 1.48235 -5.02059 1.44603 31.7984
29.83 1.43214 -5.06506 1.44676 31.8079
29.84 1.38149 -5.10802 1.4475 31.8175
29.85 1.33041 -5.14947 1.44823 31.827
29.86 1.27892 -5.18938 1.44897 31.8366
29.87 1.22703 -5.22775 1.4497 31.8461
29.88 1.17475 -5.26456 1.45044 31.8557
29.89 1.1221 -5.2998 1.45117 31.8652
29.9 1.0691 -5.33346 1.45191 31.8748
29.91 1.01577 -5.36554 1.45264 31.8843
29.92 0.962115 -5.39601 1.45338 31.8939
29.93 0.908155 -5.42487 1.45411 31.9035
29.94 0.853906 -5.45212 1.45485 31.913
29.95 0.799385 -5.47773 1.45559 31.9226
29.96 0.744607 -5.50172 1.45632 31.9322
29.97 0.68959 -5.52405 1.45706 31.9418
29.98 0.63435 -5.54474 1.4578 31.9514
29.99 0.578902 -5.56377 1.45853 31.9609
30 0.523265 -5.58114 1.45927 31.9705
30.01 0.467453 -5.59684 1.46001 31.9801
30.02 0.411485 -5.61086 1.46075 31.9897
30.03 0.355376 -5.6232 1.46149 31.9993
30.04 0.299144 -5.63387 1.46222 32.0089
30.05 0.242805 -5.64284 1.46296 32.0185
30.06 0.186377 -5.65012 1.4637 32.0281
30.07 0.129876 -5.65572 1.46444 32.0377
30.08 0.0733187 -5.65961 1.46518 32.0473
30.09 0.0167226 -5.66181 1.46592 32.0569
30.1 -0.0398956 -5.66231 1.46666 32.0666
30.11 -0.0965187 -5.66112 1.4674 32.0762
30.12 -0.15313 -5.65822 1.46814 32.0858
30.13 -0.209712 -5.65363 1.46888 32.0954
30.14 -0.266248 -5.64734 1.46962 32.1051
30.15 -0.322722 -5.63935 1.47036 32.1147
30.16 -0.379115 -5.62967 1.4711 32.1243
30.17 -0.435412 -5.61829 1.47184 32.134
30.18 -0.491595 -5.60523 1.47259 32.1436
30.19 -0.547647 -5.59048 1.47333 32.1532
30.2 -0.603552 -5.57405 1.47407 32.1629
30.21 -0.659292 -5.55595 1.47481 32.1725
30.22 -0.714852 -5.53617 1.47555 32.1822
30.23 -0.770214 -5.51472 1.4763 32.1919
30.24 -0.825361 -5.49162 1.47704 32.2015
30.25 -0.880277 -5.46686 1.47778 32.2112
30.26 -0.934946 -5.44045 1.47853 32.2208
30.27 -0.98935 -5.4124 1.47927 32.2305
30.28 -1.04347 -5.38272 1.48001 32.2402
30.29 -1.0973 -5.35141 1.48076 32.2498
30.3 -1.15082 -5.31849 1.4815 32.2595
30.31 -1.204 -5.28397 1.48225 32.2692
30.32 -1.25684 -5.24785 1.48299 32.2789
30.33 -1.30932 -5.21015 1.48374 32.2886
30.34 -1.36142 -5.17087 1.48448 32.2982
30.35 -1.41313 -5.13002 1.48523 32.3079
30.36 -1.46443 -5.08763 1.48597 32.3176
30.37 -1.51531 -5.0437 1.48672 32.3273
30.38 -1.56574 -4.99824 1.48746 32.337
30.39 -1.61572 -4.95126 1.48821 32.3467
30.4 -1.66524 -4.90279 1.48896 32.3564
30.41 -1.71426 -4.85284 1.4897 32.3661
30.42 -1.76279 -4.80141 1.49045 32.3758
30.43 -1.81081 -4.74852 1.4912 32.3856
30.44 -1.85829 -4.6942 1.49194 32.3953
30.45 -1.90523 -4.63845 1.49269 32.405
30.46 -1.95162 -4.58129 1.49344 32.4147
30.47 -1.99743 -4.52275 1.49419 32.4244
30.48 -2.04266 -4.46282 1.49494 32.4342
30.49 -2.08729 -4.40154 1.49568 32.4439
30.5 -2.1313 -4.33892 1.49643 32.4536
30.51 -2.17469 -4.27499 1.49718 32.4634
30.52 -2.21744 -4.20974 1.49793 32.4731
30.53 -2.25954 -4.14322 1.49868 32.4828
30.54 -2.30097 -4.07543 1.49943 32.4926
30.55 -2.34173 -4.00641 1.50018 32.5023
30.56 -2.38179 -3.93615 1.50093 32.5121
30.57 -2.42115 -3.8647 1.50168 32.5218
30.58 -2.4598 -3.79207 1.50243 32.5316
30.59 -2.49772 -3.71827 1.50318 32.5414
30.6 -2.5349 -3.64334 1.50393 32.5511
30.61 -2.57134 -3.56729 1.50468 32.5609
30.62 -2.60701 -3.49015 1.50543 32.5707
30.63 -2.64191 -3.41194 1.50619 32.5804
30.64 -2.67603 -3.33269 1.50694 32.5902
30.65 -2.70936 -3.2524 1.50769 32.6
30.66 -2.74188 -3.17112 1.50844 32.6098
30.67 -2.77359 -3.08887 1.5092 32.6195
30.68 -2.80448 -3.00566 1.50995 32.6293
30.69 -2.83454 -2.92153 1.5107 32.6391
30.7 -2.86375 -2.83649 1.51145 32.6489
30.71 -2.89212 -2.75058 1.51221 32.6587
30.72 -2.91962 -2.66381 1.51296 32.6685
30.73 -2.94626 -2.57622 1.51372 32.6783
30.74 -2.97202 -2.48784 1.51447 32.6881
30.75 -2.9969 -2.39868 1.51522 32.6979
30.76 -3.02089 -2.30877 1.51598 32.7077
30.77 -3.04398 -2.21814 1.51673 32.7175
30.78 -3.06616 -2.12682 1.51749 32.7273
30.79 -3.08743 -2.03484 1.51824 32.7372
30.8 -3.10777 -1.94222 1.519 32.747
30.81 -3.1272 -1.84898 1.51975 32.7568
30.82 -3.14569 -1.75517 1.52051 32.7666
30.83 -3.16324 -1.6608 1.52127 32.7765
30.84 -3.17985 -1.5659 1.52202 32.7863
30.85 -3.1955 -1.4705 1.52278 32.7961
30.86 -3.21021 -1.37464 1.52354 32.806
30.87 -3.22396 -1.27833 1.52429 32.8158
30.88 -3.23674 -1.18161 1.52505 32.8257
30.89 -3.24856 -1.08451 1.52581 32.8355
30.9 -3.2594 -0.987054 1.52657 32.8454
30.91 -3.26927 -0.889272 1.52732 32.8552
30.92 -3.27816 -0.791194 1.52808 32.8651
30.93 -3.28608 -0.692849 1.52884 32.8749
30.94 -3.293 -0.594267 1.5296 32.8848
30.95 -3.29895 -0.495477 1.53036 32.8947
30.96 -3.3039 -0.396508 1.53112 32.9045
30.97 -3.30787 -0.297391 1.53188 32.9144
30.98 -3.31084 -0.198155 1.53264 32.9243
30.99 -3.31282 -0.09883 1.5334 32.9341
31 -3.31381 0.000554631 1.53416 32.944
31.01 -3.31381 0.099969 1.53492 32.9539
31.02 -3.31281 0.199383 1.53568 32.9638
31.03 -3.31081 0.298767 1.53644 32.9737
31.04 -3.30782 0.398092 1.5372 32.9836
31.05 -3.30384 0.497326 1.53796 32.9935
31.06 -3.29887 0.596442 1.53872 33.0034
31.07 -3.29291 0.695408 1.53948 33.0133
31.08 -3.28595 0.794195 1.54024 33.0232
31.09 -3.27801 0.892773 1.54101 33.0331
31.1 -3.26908 0.991114 1.54177 33.043
31.11 -3.25917 1.08919 1.54253 33.0529
31.12 -3.24828 1.18696 1.54329 33.0628
31.13 -3.23641 1.28441 1.54406 33.0727
31.14 -3.22356 1.3815 1.54482 33.0827
31.15 -3.20975 1.47821 1.54558 33.0926
31.16 -3.19497 1.5745 1.54635 33.1025
31.17 -3.17922 1.67035 1.54711 33.1124
31.18 -3.16252 1.76573 1.54788 33.1224
31.19 -3.14486 1.8606 1.54864 33.1323
31.2 -3.12626 1.95495 1.5494 33.1423
31.21 -3.10671 2.04874 1.55017 33.1522
31.22 -3.08622 2.14194 1.55093 33.1621
31.23 -3.0648 2.23452 1.5517 33.1721
31.24 -3.04245 2.32647 1.55246 33.182
31.25 -3.01919 2.41774 1.55323 33.192
31.26 -2.99501 2.50832 1.554 33.202
31.27 -2.96993 2.59817 1.55476 33.2119
31.28 -2.94395 2.68727 1.55553 33.2219
31.29 -2.91707 2.77558 1.5563 33.2318
31.3 -2.88932 2.8631 1.55706 33.2418
31.31 -2.86069 2.94978 1.55783 33.2518
31.32 -2.83119 3.0356 1.5586 33.2618
31.33 -2.80083 3.12053 1.55936 33.2717
31.34 -2.76963 3.20456 1.56013 33.2817
31.35 -2.73758 3.28765 1.5609 33.2917
31.36 -2.70471 3.36977 1.56167 33.3017
31.37 -2.67101 3.45091 1.56244 33.3117
31.38 -2.6365 3.53105 1.56321 33.3217
31.39 -2.60119 3.61014 1.56397 33.3317
31.4 -2.56509 3.68818 1.56474 33.3417
31.41 -2.52821 3.76513 1.56551 33.3517
31.42 -2.49056 3.84097 1.56628 33.3617
31.43 -2.45215 3.91569 1.56705 33.3717
31.44 -2.41299 3.98926 1.56782 33.3817
31.45 -2.3731 4.06165 1.56859 33.3917
31.46 -2.33248 4.13284 1.56936 33.4017
31.47 -2.29115 4.20281 1.57013 33.4118
31.48 -2.24912 4.27155 1.57091 33.4218
31.49 -2.20641 4.33902 1.57168 33.4318
31.5 -2.16302 4.40521 1.57245 33.4418
31.51 -2.11897 4.4701 1.57322 33.4519
31.52 -2.07426 4.53367 1.57399 33.4619
31.53 -2.02893 4.5959 1.57476 33.4719
31.54 -1.98297 4.65677 1.57554 33.482
31.55 -1.9364 4.71626 1.57631 33.492
31.56 -1.88924 4.77435 1.57708 33.5021
31.57 -1.84149 4.83103 1.57786 33.5121
31.58 -1.79318 4.88627 1.57863 33.5222
31.59 -1.74432 4.94007 1.5794 33.5322
31.6 -1.69492 4.9924 1.58018 33.5423
31.61 -1.645 5.04324 1.58095 33.5524
31.62 -1.59456 5.09259 1.58172 33.5624
31.63 -1.54364 5.14043 1.5825 33.5725
31.64 -1.49223 5.18674 1.58327 33.5826
31.65 -1.44037 5.23151 1.58405 33.5926
31.66 -1.38805 5.27472 1.58482 33.6027
31.67 -1.3353 5.31636 1.5856 33.6128
31.68 -1.28214 5.35642 1.58638 33.6229
31.69 -1.22858 5.39488 1.58715 33.633
31.7 -1.17463 5.43174 1.58793 33.6431
31.71 -1.12031 5.46698 1.5887 33.6532
31.72 -1.06564 5.50059 1.58948 33.6632
31.73 -1.01064 5.53256 1.59026 33.6733
31.74 -0.95531 5.56288 1.59103 33.6834
31.75 -0.899681 5.59154 1.59181 33.6936
31.76 -0.843765 5.61853 1.59259 33.7037
31.77 -0.78758 5.64384 1.59337 33.7138
31.78 -0.731142 5.66747 1.59415 33.7239
31.79 -0.674467 5.6894 1.59492 33.734
31.8 -0.617573 5.70964 1.5957 33.7441
31.81 -0.560477 5.72816 1.59648 33.7542
31.82 -0.503195 5.74498 1.59726 33.7644
31.83 -0.445745 5.76007 1.59804 33.7745
31.84 -0.388145 5.77344 1.59882 33.7846
31.85 -0.33041 5.78509 1.5996 33.7948
31.86 -0.272559 5.795 1.60038 33.8049
31.87 -0.214609 5.80318 1.60116 33.8151
31.88 -0.156577 5.80962 1.60194 33.8252
31.89 -0.0984813 5.81431 1.60272 33.8353
31.9 -0.0403382 5.81727 1.6035 33.8455
31.91 0.0178345 5.81848 1.60428 33.8556
31.92 0.0760193 5.81794 1.60506 33.8658
31.93 0.134199 5.81566 1.60584 33.876
31.94 0.192355 5.81164 1.60663 33.8861
31.95 0.250472 5.80587 1.60741 33.8963
31.96 0.30853 5.79835 1.60819 33.9065
31.97 0.366514 5.7891 1.60897 33.9166
31.98 0.424405 5.7781 1.60975 33.9268
31.99 0.482186 5.76537 1.61054 33.937
32 0.53984 5.7509 1.61132 33.9472
32.01 0.597349 5.73471 1.6121 33.9574
32.02 0.654696 5.71679 1.61289 33.9675
32.03 0.711864 5.69715 1.61367 33.9777
32.04 0.768835 5.67579 1.61446 33.9879
32.05 0.825593 5.65273 1.61524 33.9981
32.06 0.88212 5.62796 1.61602 34.0083
32.07 0.9384 5.60149 1.61681 34.0185
32.08 0.994415 5.57334 1.61759 34.0287
32.09 1.05015 5.54351 1.61838 34.0389
32.1 1.10558 5.51201 1.61917 34.0491
32.11 1.1607 5.47884 1.61995 34.0594
32.12 1.21549 5.44402 1.62074 34.0696
32.13 1.26993 5.40755 1.62152 34.0798
32.14 1.32401 5.36945 1.62231 34.09
32.15 1.3777 5.32973 1.6231 34.1002
32.16 1.431 5.2884 1.62388 34.1105
32.17 1.48388 5.24547 1.62467 34.1207
32.18 1.53634 5.20096 1.62546 34.1309
32.19 1.58835 5.15487 1.62625 34.1412
32.2 1.6399 5.10722 1.62703 34.1514
32.21 1.69097 5.05802 1.62782 34.1617
32.22 1.74155 5.00729 1.62861 34.1719
32.23 1.79162 4.95504 1.6294 34.1822
32.24 1.84117 4.90129 1.63019 34.1924
32.25 1.89018 4.84606 1.63098 34.2027
32.26 1.93865 4.78935 1.63177 34.2129
32.27 1.98654 4.73119 1.63255 34.2232
32.28 2.03385 4.6716 1.63334 34.2335
32.29 2.08057 4.61058 1.63413 34.2438
32.3 2.12667 4.54817 1.63492 34.254
32.31 2.17215 4.48437 1.63572 34.2643
32.32 2.217 4.4192 1.63651 34.2746
32.33 2.26119 4.35269 1.6373 34.2849
32.34 2.30472 4.28486 1.63809 34.2951
32.35 2.34757 4.21571 1.63888 34.3054
32.36 2.38972 4.14529 1.63967 34.3157
32.37 2.43118 4.0736 1.64046 34.326
32.38 2.47191 4.00066 1.64126 34.3363
32.39 2.51192 3.9265 1.64205 34.3466
32.4 2.55118 3.85115 1.64284 34.3569
32.41 2.58969 3.77461 1.64363 34.3672
32.42 2.62744 3.69692 1.64443 34.3775
32.43 2.66441 3.6181 1.64522 34.3879
32.44 2.70059 3.53816 1.64601 34.3982
32.45 2.73597 3.45715 1.64681 34.4085
32.46 2.77054 3.37507 1.6476 34.4188
32.47 2.80429 3.29195 1.6484 34.4291
32.48 2.83721 3.20782 1.64919 34.4395
32.49 2.86929 3.1227 1.64998 34.4498
32.5 2.90052 3.03663 1.65078 34.4601
32.51 2.93089 2.94961 1.65157 34.4705
32.52 2.96038 2.86168 1.65237 34.4808
32.53 2.989 2.77287 1.65317 34.4912
32.54 3.01673 2.6832 1.65396 34.5015
32.55 3.04356 2.5927 1.65476 34.5119
32.56 3.06949 2.50139 1.65555 34.5222
32.57 3.0945 2.40931 1.65635 34.5326
32.58 3.11859 2.31647 1.65715 34.5429
32.59 3.14176 2.22292 1.65795 34.5533
32.6 3.16399 2.12866 1.65874 34.5637
32.61 3.18527 2.03374 1.65954 34.574
32.62 3.20561 1.93819 1.66034 34.5844
32.63 3.22499 1.84202 1.66114 34.5948
32.64 3.24341 1.74527 1.66193 34.6051
32.65 3.26087 1.64797 1.66273 34.6155
32.66 3.27735 1.55014 1.66353 34.6259
32.67 3.29285 1.45182 1.66433 34.6363
32.68 3.30737 1.35303 1.66513 34.6467
32.69 3.3209 1.25381 1.66593 34.6571
32.7 3.33343 1.15419 1.66673 34.6675
32.71 3.34498 1.05418 1.66753 34.6779
32.72 3.35552 0.953834 1.66833 34.6883
32.73 3.36506 0.853168 1.66913 34.6987
32.74 3.37359 0.752216 1.66993 34.7091
32.75 3.38111 0.651009 1.67073 34.7195
32.76 3.38762 0.549575 1.67153 34.7299
32.77 3.39312 0.447947 1.67233 34.7404
32.78 3.39759 0.346153 1.67314 34.7508
32.79 3.40106 0.244226 1.67394 34.7612
32.8 3.4035 0.142194 1.67474 34.7716
32.81 3.40492 0.0400889 1.67554 34.7821
32.82 3.40532 -0.0620587 1.67635 34.7925
32.83 3.4047 -0.164218 1.67715 34.8029
32.84 3.40306 -0.266359 1.67795 34.8134
32.85 3.4004 -0.368451 1.67876 34.8238
32.86 3.39671 -0.470463 1.67956 34.8343
32.87 3.39201 -0.572364 1.68036 34.8447
32.88 3.38628 -0.674125 1.68117 34.8552
32.89 3.37954 -0.775713 1.68197 34.8656
32.9 3.37178 -0.877099 1.68278 34.8761
32.91 3.36301 -0.978253 1.68358 34.8865
32.92 3.35323 -1.07914 1.68439 34.897
32.93 3.34244 -1.17974 1.68519 34.9075
32.94 3.33064 -1.28001 1.686 34.918
32.95 3.31784 -1.37993 1.6868 34.9284
32.96 3.30404 -1.47947 1.68761 34.9389
32.97 3.28925 -1.57859 1.68841 34.9494
32.98 3.27346 -1.67727 1.68922 34.9599
32.99 3.25669 -1.77547 1.69003 34.9704
33 3.23893 -1.87317 1.69083 34.9809
33.01 3.2202 -1.97034 1.69164 34.9913
33.02 3.2005 -2.06695 1.69245 35.0018
33.03 3.17983 -2.16296 1.69326 35.0123
33.04 3.1582 -2.25835 1.69407 35.0229
33.05 3.13562 -2.3531 1.69487 35.0334
33.06 3.11209 -2.44717 1.69568 35.0439
33.07 3.08761 -2.54053 1.69649 35.0544
33.08 3.06221 -2.63316 1.6973 35.0649
33.09 3.03588 -2.72503 1.69811 35.0754
33.1 3.00863 -2.8161 1.69892 35.0859
33.11 2.98047 -2.90636 1.69973 35.0965
33.12 2.9514 -2.99578 1.70054 35.107
33.13 2.92144 -3.08432 1.70135 35.1175
33.14 2.8906 -3.17196 1.70216 35.1281
33.15 2.85888 -3.25868 1.70297 35.1386
33.16 2.82629 -3.34445 1.70378 35.1491
33.17 2.79285 -3.42923 1.70459 35.1597
33.18 2.75856 -3.51302 1.7054 35.1702
33.19 2.72343 -3.59578 1.70621 35.1808
33.2 2.68747 -3.67748 1.70703 35.1913
33.21 2.6507 -3.7581 1.70784 35.2019
33.22 2.61311 -3.83762 1.70865 35.2125
33.23 2.57474 -3.91602 1.70946 35.223
33.24 2.53558 -3.99326 1.71028 35.2336
33.25 2.49565 -4.06933 1.71109 35.2442
33.26 2.45495 -4.1442 1.7119 35.2547
33.27 2.41351 -4.21785 1.71272 35.2653
33.28 2.37133 -4.29025 1.71353 35.2759
33.29 2.32843 -4.36139 1.71434 35.2865
33.3 2.28481 -4.43124 1.71516 35.2971
33.31 2.2405 -4.49979 1.71597 35.3076
33.32 2.1955 -4.567 1.71679 35.3182
33.33 2.14983 -4.63287 1.7176 35.3288
33.34 2.10351 -4.69736 1.71842 35.3394
33.35 2.05653 -4.76047 1.71923 35.35
33.36 2.00893 -4.82216 1.72005 35.3606
33.37 1.96071 -4.88243 1.72087 35.3712
33.38 1.91188 -4.94125 1.72168 35.3819
33.39 1.86247 -4.99861 1.7225 35.3925
33.4 1.81248 -5.05448 1.72331 35.4031
33.41 1.76194 -5.10886 1.72413 35.4137
33.42 1.71085 -5.16172 1.72495 35.4243
33.43 1.65923 -5.21304 1.72577 35.435
33.44 1.6071 -5.26282 1.72658 35.4456
33.45 1.55447 -5.31103 1.7274 35.4562
33.46 1.50136 -5.35767 1.72822 35.4669
33.47 1.44779 -5.40271 1.72904 35.4775
33.48 1.39376 -5.44614 1.72986 35.4881
33.49 1.3393 -5.48795 1.73068 35.4988
33.5 1.28442 -5.52813 1.7315 35.5094
33.51 1.22914 -5.56666 1.73231 35.5201
33.52 1.17347 -5.60354 1.73313 35.5308
33.53 1.11744 -5.63874 1.73395 35.5414
33.54 1.06105 -5.67227 1.73477 35.5521
33.55 1.00433 -5.7041 1.7356 35.5627
33.56 0.947284 -5.73423 1.73642 35.5734
33.57 0.889942 -5.76265 1.73724 35.5841
33.58 0.832316 -5.78934 1.73806 35.5948
33.59 0.774422 -5.81431 1.73888 35.6054
33.6 0.716279 -5.83755 1.7397 35.6161
33.61 0.657904 -5.85903 1.74052 35.6268
33.62 0.599313 -5.87877 1.74135 35.6375
33.63 0.540526 -5.89675 1.74217 35.6482
33.64 0.481558 -5.91297 1.74299 35.6589
33.65 0.422428 -5.92741 1.74381 35.6696
33.66 0.363154 -5.94009 1.74464 35.6803
33.67 0.303753 -5.95098 1.74546 35.691
33.68 0.244244 -5.96009 1.74628 35.7017
33.69 0.184643 -5.96742 1.74711 35.7124
33.7 0.124968 -5.97296 1.74793 35.7231
33.71 0.0652388 -5.97671 1.74876 35.7338
33.72 0.00547173 -5.97867 1.74958 35.7445
33.73 -0.0543149 -5.97883 1.75041 35.7553
33.74 -0.114103 -5.9772 1.75123 35.766
33.75 -0.173875 -5.97378 1.75206 35.7767
33.76 -0.233613 -5.96856 1.75288 35.7875
33.77 -0.293299 -5.96155 1.75371 35.7982
33.78 -0.352914 -5.95275 1.75453 35.8089
33.79 -0.412442 -5.94217 1.75536 35.8197
33.8 -0.471863 -5.92979 1.75619 35.8304
33.81 -0.531161 -5.91564 1.75701 35.8412
33.82 -0.590318 -5.8997 1.75784 35.8519
33.83 -0.649315 -5.88199 1.75867 35.8627
33.84 -0.708135 -5.86251 1.7595 35.8734
33.85 -0.76676 -5.84127 1.76032 35.8842
33.86 -0.825173 -5.81827 1.76115 35.895
33.87 -0.883355 -5.79351 1.76198 35.9057
33.88 -0.94129 -5.76701 1.76281 35.9165
33.89 -0.99896 -5.73877 1.76364 35.9273
33.9 -1.05635 -5.7088 1.76447 35.9381
33.91 -1.11344 -5.67711 1.7653 35.9488
33.92 -1.17021 -5.64371 1.76612 35.9596
33.93 -1.22664 -5.6086 1.76695 35.9704
33.94 -1.28273 -5.5718 1.76778 35.9812
33.95 -1.33845 -5.53332 1.76862 35.992
33.96 -1.39378 -5.49317 1.76945 36.0028
33.97 -1.44871 -5.45136 1.77028 36.0136
33.98 -1.50323 -5.40789 1.77111 36.0244
33.99 -1.55731 -5.3628 1.77194 36.0352
34 -1.61093 -5.31608 1.77277 36.046
34.01 -1.66409 -5.26775 1.7736 36.0568
34.02 -1.71677 -5.21783 1.77443 36.0676
34.03 -1.76895 -5.16632 1.77527 36.0785
34.04 -1.82061 -5.11326 1.7761 36.0893
34.05 -1.87175 -5.05864 1.77693 36.1001
34.06 -1.92233 -5.00249 1.77777 36.1109
34.07 -1.97236 -4.94482 1.7786 36.1218
34.08 -2.02181 -4.88564 1.77943 36.1326
34.09 -2.07066 -4.82499 1.78027 36.1435
34.1 -2.11891 -4.76287 1.7811 36.1543
34.11 -2.16654 -4.6993 1.78193 36.1651
34.12 -2.21353 -4.63431 1.78277 36.176
34.13 -2.25988 -4.5679 1.7836 36.1869
34.14 -2.30556 -4.5001 1.78444 36.1977
34.15 -2.35056 -4.43094 1.78527 36.2086
34.16 -2.39487 -4.36042 1.78611 36.2194
34.17 -2.43847 -4.28858 1.78695 36.2303
34.18 -2.48136 -4.21542 1.78778 36.2412
34.19 -2.52351 -4.14098 1.78862 36.252
34.2 -2.56492 -4.06528 1.78945 36.2629
34.21 -2.60557 -3.98833 1.79029 36.2738
34.22 -2.64546 -3.91016 1.79113 36.2847
34.23 -2.68456 -3.8308 1.79197 36.2956
34.24 -2.72287 -3.75026 1.7928 36.3064
34.25 -2.76037 -3.66857 1.79364 36.3173
34.26 -2.79705 -3.58576 1.79448 36.3282
34.27 -2.83291 -3.50185 1.79532 36.3391
34.28 -2.86793 -3.41686 1.79616 36.35
34.29 -2.9021 -3.33083 1.797 36.3609
34.3 -2.93541 -3.24376 1.79783 36.3718
34.31 -2.96784 -3.1557 1.79867 36.3828
34.32 -2.9994 -3.06667 1.79951 36.3937
34.33 -3.03007 -2.97668 1.80035 36.4046
34.34 -3.05984 -2.88578 1.80119 36.4155
34.35 -3.08869 -2.79399 1.80203 36.4264
34.36 -3.11663 -2.70133 1.80287 36.4374
34.37 -3.14365 -2.60783 1.80372 36.4483
34.38 -3.16972 -2.51352 1.80456 36.4592
34.39 -3.19486 -2.41843 1.8054 36.4702
34.4 -3.21904 -2.32258 1.80624 36.4811
34.41 -3.24227 -2.22601 1.80708 36.4921
34.42 -3.26453 -2.12874 1.80792 36.503
34.43 -3.28582 -2.0308 1.80877 36.514
34.44 -3.30613 -1.93223 1.80961 36.5249
34.45 -3.32545 -1.83305 1.81045 36.5359
34.46 -3.34378 -1.73328 1.81129 36.5468
34.47 -3.36111 -1.63297 1.81214 36.5578
34.48 -3.37744 -1.53214 1.81298 36.5688
34.49 -3.39276 -1.43081 1.81383 36.5797
34.5 -3.40707 -1.32903 1.81467 36.5907
34.51 -3.42036 -1.22682 1.81551 36.6017
34.52 -3.43263 -1.12421 1.81636 36.6127
34.53 -3.44387 -1.02123 1.8172 36.6236
34.54 -3.45408 -0.917912 1.81805 36.6346
34.55 -3.46326 -0.814289 1.81889 36.6456
34.56 -3.4714 -0.710392 1.81974 36.6566
34.57 -3.47851 -0.606249 1.82059 36.6676
34.58 -3.48457 -0.501894 1.82143 36.6786
34.59 -3.48959 -0.397357 1.82228 36.6896
34.6 -3.49356 -0.292669 1.82312 36.7006
34.61 -3.49649 -0.187862 1.82397 36.7116
34.62 -3.49837 -0.0829677 1.82482 36.7226
34.63 -3.4992 0.0219834 1.82567 36.7337
34.64 -3.49898 0.126959 1.82651 36.7447
34.65 -3.49771 0.231929 1.82736 36.7557
34.66 -3.49539 0.33686 1.82821 36.7667
34.67 -3.49202 0.441722 1.82906 36.7778
34.68 -3.4876 0.546482 1.82991 36.7888
34.69 -3.48214 0.651111 1.83076 36.7998
34.7 -3.47563 0.755575 1.83161 36.8109
34.71 -3.46807 0.859844 1.83246 36.8219
34.72 -3.45947 0.963886 1.8333 36.833
34.73 -3.44984 1.06767 1.83415 36.844
34.74 -3.43916 1.17117 1.83501 36.8551
34.75 -3.42745 1.27434 1.83586 36.8661
34.76 -3.4147 1.37716 1.83671 36.8772
34.77 -3.40093 1.4796 1.83756 36.8882
34.78 -3.38614 1.58163 1.83841 36.8993
34.79 -3.37032 1.68322 1.83926 36.9104
34.8 -3.35349 1.78433 1.84011 36.9215
34.81 -3.33564 1.88493 1.84096 36.9325
34.82 -3.31679 1.985 1.84182 36.9436
34.83 -3.29694 2.0845 1.84267 36.9547
34.84 -3.2761 2.18341 1.84352 36.9658
34.85 -3.25427 2.2817 1.84437 36.9769
34.86 -3.23145 2.37932 1.84523 36.988
34.87 -3.20766 2.47627 1.84608 36.9991
34.88 -3.18289 2.5725 1.84694 37.0102
34.89 -3.15717 2.66798 1.84779 37.0213
34.9 -3.13049 2.7627 1.84864 37.0324
34.91 -3.10286 2.85661 1.8495 37.0435
34.92 -3.0743 2.9497 1.85035 37.0546
34.93 -3.0448 3.04193 1.85121 37.0657
34.94 -3.01438 3.13327 1.85206 37.0768
34.95 -2.98305 3.2237 1.85292 37.0879
34.96 -2.95081 3.31319 1.85378 37.0991
34.97 -2.91768 3.40172 1.85463 37.1102
34.98 -2.88366 3.48925 1.85549 37.1213
34.99 -2.84877 3.57576 1.85634 37.1325
35 -2.81301 3.66122 1.8572 37.1436
35.01 -2.7764 3.74561 1.85806 37.1548
35.02 -2.73894 3.8289 1.85892 37.1659
35.03 -2.70065 3.91107 1.85977 37.1771
35.04 -2.66154 3.99209 1.86063 37.1882
35.05 -2.62162 4.07194 1.86149 37.1994
35.06 -2.5809 4.15059 1.86235 37.2105
35.07 -2.5394 4.22801 1.86321 37.2217
35.08 -2.49712 4.3042 1.86407 37.2329
35.09 -2.45407 4.37911 1.86492 37.244
35.1 -2.41028 4.45273 1.86578 37.2552
35.11 -2.36576 4.52504 1.86664 37.2664
35.12 -2.3205 4.59601 1.8675 37.2776
35.13 -2.27454 4.66563 1.86836 37.2887
35.14 -2.22789 4.73386 1.86922 37.2999
35.15 -2.18055 4.8007 1.87009 37.3111
35.16 -2.13254 4.86612 1.87095 37.3223
35.17 -2.08388 4.93009 1.87181 37.3335
35.18 -2.03458 4.99261 1.87267 37.3447
35.19 -1.98465 5.05365 1.87353 37.3559
35.2 -1.93412 5.11319 1.87439 37.3671
35.21 -1.88299 5.17121 1.87526 37.3783
35.22 -1.83127 5.2277 1.87612 37.3895
35.23 -1.779 5.28264 1.87698 37.4008
35.24 -1.72617 5.33601 1.87784 37.412
35.25 -1.67281 5.38779 1.87871 37.4232
35.26 -1.61893 5.43798 1.87957 37.4344
35.27 -1.56455 5.48655 1.88043 37.4457
35.28 -1.50969 5.53348 1.8813 37.4569
35.29 -1.45435 5.57877 1.88216 37.4681
35.3 -1.39856 5.6224 1.88303 37.4794
35.31 -1.34234 5.66436 1.88389 37.4906
35.32 -1.2857 5.70463 1.88476 37.5019
35.33 -1.22865 5.7432 1.88562 37.5131
35.34 -1.17122 5.78006 1.88649 37.5244
35.35 -1.11342 5.8152 1.88736 37.5356
35.36 -1.05527 5.8486 1.88822 37.5469
35.37 -0.99678 5.88026 1.88909 37.5581
35.38 -0.937978 5.91016 1.88995 37.5694
35.39 -0.878876 5.9383 1.89082 37.5807
35.4 -0.819493 5.96467 1.89169 37.592
35.41 -0.759847 5.98925 1.89256 37.6032
35.42 -0.699954 6.01205 1.89342 37.6145
35.43 -0.639834 6.03305 1.89429 37.6258
35.44 -0.579503 6.05224 1.89516 37.6371
35.45 -0.518981 6.06963 1.89603 37.6484
35.46 -0.458284 6.0852 1.8969 37.6597
35.47 -0.397433 6.09894 1.89777 37.671
35.48 -0.336443 6.11087 1.89864 37.6823
35.49 -0.275334 6.12096 1.89951 37.6936
35.5 -0.214125 6.12922 1.90038 37.7049
35.51 -0.152833 6.13564 1.90125 37.7162
35.52 -0.0914762 6.14023 1.90212 37.7275
35.53 -0.0300739 6.14297 1.90299 37.7388
35.54 0.0313558 6.14388 1.90386 37.7502
35.55 0.0927946 6.14293 1.90473 37.7615
35.56 0.154224 6.14015 1.9056 37.7728
35.57 0.215625 6.13552 1.90647 37.7841
35.58 0.276981 6.12906 1.90734 37.7955
35.59 0.338271 6.12075 1.90822 37.8068
35.6 0.399479 6.1106 1.90909 37.8182
35.61 0.460585 6.09861 1.90996 37.8295
35.62 0.521571 6.0848 1.91083 37.8408
35.63 0.582419 6.06915 1.91171 37.8522
35.64 0.64311 6.05168 1.91258 37.8636
35.65 0.703627 6.03238 1.91345 37.8749
35.66 0.763951 6.01127 1.91433 37.8863
35.67 0.824064 5.98836 1.9152 37.8976
35.68 0.883947 5.96363 1.91608 37.909
35.69 0.943583 5.93711 1.91695 37.9204
35.7 1.00295 5.90881 1.91783 37.9318
35.71 1.06204 5.87872 1.9187 37.9431
35.72 1.12083 5.84686 1.91958 37.9545
35.73 1.1793 5.81323 1.92045 37.9659
35.74 1.23743 5.77785 1.92133 37.9773
35.75 1.29521 5.74073 1.92221 37.9887
35.76 1.35262 5.70187 1.92308 38.0001
35.77 1.40964 5.6613 1.92396 38.0115
35.78 1.46625 5.61901 1.92484 38.0229
35.79 1.52244 5.57502 1.92572 38.0343
35.8 1.57819 5.52935 1.92659 38.0457
35.81 1.63348 5.482 1.92747 38.0571
35.82 1.6883 5.433 1.92835 38.0685
35.83 1.74263 5.38235 1.92923 38.08
35.84 1.79646 5.33007 1.93011 38.0914
35.85 1.84976 5.27617 1.93099 38.1028
35.86 1.90252 5.22068 1.93186 38.1142
35.87 1.95472 5.16361 1.93274 38.1257
35.88 2.00636 5.10496 1.93362 38.1371
35.89 2.05741 5.04477 1.9345 38.1486
35.9 2.10786 4.98305 1.93538 38.16
35.91 2.15769 4.91982 1.93627 38.1714
35.92 2.20689 4.85509 1.93715 38.1829
35.93 2.25544 4.78888 1.93803 38.1944
35.94 2.30333 4.72122 1.93891 38.2058
35.95 2.35054 4.65212 1.93979 38.2173
35.96 2.39706 4.5816 1.94067 38.2287
35.97 2.44288 4.50969 1.94155 38.2402
35.98 2.48797 4.4364 1.94244 38.2517
35.99 2.53234 4.36176 1.94332 38.2632
36 2.57595 4.28579 1.9442 38.2746
36.01 2.61881 4.20851 1.94509 38.2861
36.02 2.6609 4.12995 1.94597 38.2976
36.03 2.7022 4.05012 1.94685 38.3091
36.04 2.7427 3.96906 1.94774 38.3206
36.05 2.78239 3.88678 1.94862 38.3321
36.06 2.82126 3.8033 1.94951 38.3436
36.07 2.85929 3.71867 1.95039 38.3551
36.08 2.89648 3.63289 1.95128 38.3666
36.09 2.9328 3.54599 1.95216 38.3781
36.1 2.96826 3.45801 1.95305 38.3896
36.11 3.00284 3.36896 1.95393 38.4011
36.12 3.03653 3.27888 1.95482 38.4127
36.13 3.06932 3.18778 1.95571 38.4242
36.14 3.1012 3.0957 1.95659 38.4357
36.15 3.13216 3.00266 1.95748 38.4472
36.16 3.16218 2.9087 1.95837 38.4588
36.17 3.19127 2.81383 1.95925 38.4703
36.18 3.21941 2.7181 1.96014 38.4818
36.19 3.24659 2.62151 1.96103 38.4934
36.2 3.27281 2.52412 1.96192 38.5049
36.21 3.29805 2.42593 1.96281 38.5165
36.22 3.32231 2.32699 1.9637 38.528
36.23 3.34558 2.22732 1.96458 38.5396
36.24 3.36785 2.12695 1.96547 38.5512
36.25 3.38912 2.02592 1.96636 38.5627
36.26 3.40938 1.92424 1.96725 38.5743
36.27 3.42862 1.82196 1.96814 38.5859
36.28 3.44684 1.7191 1.96903 38.5974
36.29 3.46403 1.6157 1.96993 38.609
36.3 3.48019 1.51178 1.97082 38.6206
36.31 3.49531 1.40737 1.97171 38.6322
36.32 3.50938 1.30251 1.9726 38.6438
36.33 3.52241 1.19723 1.97349 38.6554
36.34 3.53438 1.09156 1.97438 38.667
36.35 3.54529 0.985528 1.97527 38.6786
36.36 3.55515 0.879169 1.97617 38.6902
36.37 3.56394 0.772515 1.97706 38.7018
36.38 3.57167 0.665597 1.97795 38.7134
36.39 3.57832 0.558447 1.97885 38.725
36.4 3.58391 0.451097 1.97974 38.7366
36.41 3.58842 0.34358 1.98063 38.7482
36.42 3.59185 0.235928 1.98153 38.7599
36.43 3.59421 0.128172 1.98242 38.7715
36.44 3.59549 0.0203456 1.98332 38.7831
36.45 3.5957 -0.0875192 1.98421 38.7948
36.46 3.59482 -0.19539 1.98511 38.8064
36.47 3.59287 -0.303235 1.986 38.818
36.48 3.58984 -0.411021 1.9869 38.8297
36.49 3.58573 -0.518716 1.9878 38.8413
36.5 3.58054 -0.626288 1.98869 38.853
36.51 3.57428 -0.733704 1.98959 38.8646
36.52 3.56694 -0.840932 1.99049 38.8763
36.53 3.55853 -0.94794 1.99138 38.888
36.54 3.54905 -1.0547 1.99228 38.8996
36.55 3.5385 -1.16117 1.99318 38.9113
36.56 3.52689 -1.26732 1.99408 38.923
36.57 3.51422 -1.37313 1.99497 38.9347
36.58 3.50049 -1.47856 1.99587 38.9463
36.59 3.4857 -1.58357 1.99677 38.958
36.6 3.46986 -1.68814 1.99767 38.9697
36.61 3.45298 -1.79224 1.99857 38.9814
36.62 3.43506 -1.89583 1.99947 38.9931
36.63 3.4161 -1.99888 2.00037 39.0048
36.64 3.39611 -2.10136 2.00127 39.0165
36.65 3.3751 -2.20325 2.00217 39.0282
36.66 3.35307 -2.3045 2.00307 39.0399
36.67 3.33002 -2.40509 2.00397 39.0516
36.68 3.30597 -2.50499 2.00487 39.0633
36.69 3.28092 -2.60417 2.00577 39.0751
36.7 3.25488 -2.7026 2.00668 39.0868
36.71 3.22785 -2.80024 2.00758 39.0985
36.72 3.19985 -2.89708 2.00848 39.1102
36.73 3.17088 -2.99308 2.00938 39.122
36.74 3.14095 -3.0882 2.01028 39.1337
36.75 3.11007 -3.18243 2.01119 39.1454
36.76 3.07824 -3.27573 2.01209 39.1572
36.77 3.04549 -3.36808 2.01299 39.1689
36.78 3.01181 -3.45944 2.0139 39.1807
36.79 2.97721 -3.5498 2.0148 39.1924
36.8 2.94171 -3.63911 2.01571 39.2042
36.81 2.90532 -3.72737 2.01661 39.216
36.82 2.86805 -3.81453 2.01752 39.2277
36.83 2.8299 -3.90057 2.01842 39.2395
36.84 2.7909 -3.98546 2.01933 39.2513
36.85 2.75104 -4.06919 2.02023 39.263
36.86 2.71035 -4.15172 2.02114 39.2748
36.87 2.66883 -4.23303 2.02205 39.2866
36.88 2.6265 -4.3131 2.02295 39.2984
36.89 2.58337 -4.39189 2.02386 39.3102
36.9 2.53945 -4.46939 2.02477 39.322
36.91 2.49476 -4.54558 2.02567 39.3338
36.92 2.4493 -4.62042 2.02658 39.3456
36.93 2.4031 -4.6939 2.02749 39.3574
36.94 2.35616 -4.76599 2.0284 39.3692
36.95 2.3085 -4.83668 2.02931 39.381
36.96 2.26013 -4.90593 2.03022 39.3928
36.97 2.21107 -4.97374 2.03112 39.4046
36.98 2.16134 -5.04007 2.03203 39.4164
36.99 2.11094 -5.10491 2.03294 39.4283
37 2.05989 -5.16824 2.03385 39.4401
37.01 2.00821 -5.23003 2.03476 39.4519
37.02 1.95591 -5.29028 2.03567 39.4638
37.03 1.903 -5.34896 2.03658 39.4756
37.04 1.84951 -5.40605 2.0375 39.4874
37.05 1.79545 -5.46153 2.03841 39.4993
37.06 1.74084 -5.5154 2.03932 39.5111
37.07 1.68568 -5.56762 2.04023 39.523
37.08 1.63001 -5.61819 2.04114 39.5348
37.09 1.57382 -5.66709 2.04205 39.5467
37.1 1.51715 -5.71431 2.04297 39.5586
37.11 1.46001 -5.75982 2.04388 39.5704
37.12 1.40241 -5.80362 2.04479 39.5823
37.13 1.34438 -5.84569 2.04571 39.5942
37.14 1.28592 -5.88603 2.04662 39.6061
37.15 1.22706 -5.9246 2.04753 39.6179
37.16 1.16781 -5.96142 2.04845 39.6298
37.17 1.1082 -5.99645 2.04936 39.6417
37.18 1.04823 -6.0297 2.05028 39.6536
37.19 0.987938 -6.06114 2.05119 39.6655
37.2 0.927326 -6.09078 2.05211 39.6774
37.21 0.866418 -6.1186 2.05302 39.6893
37.22 0.805232 -6.14459 2.05394 39.7012
37.23 0.743786 -6.16875 2.05486 39.7131
37.24 0.682099 -6.19106 2.05577 39.725
37.25 0.620188 -6.21153 2.05669 39.737
37.26 0.558073 -6.23013 2.05761 39.7489
37.27 0.495772 -6.24687 2.05852 39.7608
37.28 0.433303 -6.26175 2.05944 39.7727
37.29 0.370685 -6.27475 2.06036 39.7847
37.3 0.307938 -6.28587 2.06128 39.7966
37.31 0.245079 -6.29511 2.0622 39.8085
37.32 0.182128 -6.30246 2.06311 39.8205
37.33 0.119104 -6.30792 2.06403 39.8324
37.34 0.0560244 -6.31149 2.06495 39.8444
37.35 -0.00709052 -6.31318 2.06587 39.8563
37.36 -0.0702223 -6.31296 2.06679 39.8683
37.37 -0.133352 -6.31086 2.06771 39.8803
37.38 -0.19646 -6.30686 2.06863 39.8922
37.39 -0.259529 -6.30096 2.06955 39.9042
37.4 -0.322539 -6.29318 2.07047 39.9162
37.41 -0.38547 -6.2835 2.07139 39.9281
37.42 -0.448305 -6.27194 2.07232 39.9401
37.43 -0.511025 -6.25849 2.07324 39.9521
37.44 -0.57361 -6.24316 2.07416 39.9641
37.45 -0.636041 -6.22595 2.07508 39.9761
37.46 -0.698301 -6.20687 2.076 39.9881
37.47 -0.760369 -6.18592 2.07693 40.0001
37.48 -0.822228 -6.16311 2.07785 40.0121
37.49 -0.88386 -6.13844 2.07877 40.0241
37.5 -0.945244 -6.11192 2.0797 40.0361
37.51 -1.00636 -6.08357 2.08062 40.0481
37.52 -1.0672 -6.05338 2.08155 40.0601
37.53 -1.12773 -6.02136 2.08247 40.0721
37.54 -1.18795 -5.98753 2.08339 40.0841
37.55 -1.24782 -5.95189 2.08432 40.0962
37.56 -1.30734 -5.91445 2.08524 40.1082
37.57 -1.36648 -5.87523 2.08617 40.1202
37.58 -1.42524 -5.83424 2.0871 40.1323
37.59 -1.48358 -5.79148 2.08802 40.1443
37.6 -1.54149 -5.74697 2.08895 40.1563
37.61 -1.59896 -5.70073 2.08988 40.1684
37.62 -1.65597 -5.65276 2.0908 40.1804
37.63 -1.7125 -5.60308 2.09173 40.1925
37.64 -1.76853 -5.55171 2.09266 40.2045
37.65 -1.82405 -5.49865 2.09358 40.2166
37.66 -1.87903 -5.44393 2.09451 40.2287
37.67 -1.93347 -5.38756 2.09544 40.2407
37.68 -1.98735 -5.32955 2.09637 40.2528
37.69 -2.04064 -5.26993 2.0973 40.2649
37.7 -2.09334 -5.20871 2.09823 40.277
37.71 -2.14543 -5.14591 2.09916 40.289
37.72 -2.19689 -5.08155 2.10009 40.3011
37.73 -2.24771 -5.01564 2.10102 40.3132
37.74 -2.29786 -4.94821 2.10195 40.3253
37.75 -2.34734 -4.87928 2.10288 40.3374
37.76 -2.39614 -4.80886 2.10381 40.3495
37.77 -2.44422 -4.73697 2.10474 40.3616
37.78 -2.49159 -4.66365 2.10567 40.3737
37.79 -2.53823 -4.5889 2.1066 40.3858
37.8 -2.58412 -4.51275 2.10754 40.398
37.81 -2.62925 -4.43523 2.10847 40.4101
37.82 -2.6736 -4.35635 2.1094 40.4222
37.83 -2.71716 -4.27614 2.11033 40.4343
37.84 -2.75992 -4.19463 2.11127 40.4465
37.85 -2.80187 -4.11183 2.1122 40.4586
37.86 -2.84299 -4.02777 2.11313 40.4707
37.87 -2.88327 -3.94248 2.11407 40.4829
37.88 -2.92269 -3.85599 2.115 40.495
37.89 -2.96125 -3.76831 2.11594 40.5072
37.9 -2.99893 -3.67947 2.11687 40.5193
37.91 -3.03573 -3.5895 2.11781 40.5315
37.92 -3.07162 -3.49843 2.11874 40.5436
37.93 -3.10661 -3.40628 2.11968 40.5558
37.94 -3.14067 -3.31308 2.12061 40.568
37.95 -3.1738 -3.21886 2.12155 40.5801
37.96 -3.20599 -3.12365 2.12249 40.5923
37.97 -3.23723 -3.02747 2.12342 40.6045
37.98 -3.2675 -2.93035 2.12436 40.6167
37.99 -3.29681 -2.83233 2.1253 40.6289
38 -3.32513 -2.73342 2.12623 40.641
38.01 -3.35246 -2.63367 2.12717 40.6532
38.02 -3.3788 -2.53309 2.12811 40.6654
38.03 -3.40413 -2.43173 2.12905 40.6776
38.04 -3.42845 -2.32961 2.12999 40.6898
38.05 -3.45174 -2.22675 2.13093 40.702
38.06 -3.47401 -2.1232 2.13187 40.7142
38.07 -3.49524 -2.01898 2.1328 40.7265
38.08 -3.51543 -1.91412 2.13374 40.7387
38.09 -3.53457 -1.80866 2.13468 40.7509
38.1 -3.55266 -1.70262 2.13563 40.7631
38.11 -3.56969 -1.59604 2.13657 40.7754
38.12 -3.58565 -1.48895 2.13751 40.7876
38.13 -3.60054 -1.38138 2.13845 40.7998
38.14 -3.61435 -1.27337 2.13939 40.8121
38.15 -3.62708 -1.16494 2.14033 40.8243
38.16 -3.63873 -1.05612 2.14127 40.8366
38.17 -3.6493 -0.946961 2.14222 40.8488
38.18 -3.65877 -0.837482 2.14316 40.8611
38.19 -3.66714 -0.727719 2.1441 40.8733
38.2 -3.67442 -0.617705 2.14504 40.8856
38.21 -3.68059 -0.507472 2.14599 40.8978
38.22 -3.68567 -0.397054 2.14693 40.9101
38.23 -3.68964 -0.286484 2.14788 40.9224
38.24 -3.6925 -0.175795 2.14882 40.9347
38.25 -3.69426 -0.0650198 2.14977 40.9469
38.26 -3.69491 0.0458081 2.15071 40.9592
38.27 -3.69445 0.156655 2.15166 40.9715
38.28 -3.69289 0.267489 2.1526 40.9838
38.29 -3.69021 0.378276 2.15355 40.9961
38.3 -3.68643 0.488982 2.15449 41.0084
38.31 -3.68154 0.599575 2.15544 41.0207
38.32 -3.67554 0.710021 2.15639 41.033
38.33 -3.66844 0.820288 2.15733 41.0453
38.34 -3.66024 0.930341 2.15828 41.0576
38.35 -3.65094 1.04015 2.15923 41.07
38.36 -3.64054 1.14968 2.16018 41.0823
38.37 -3.62904 1.25889 2.16112 41.0946
38.38 -3.61645 1.36776 2.16207 41.1069
38.39 -3.60277 1.47626 2.16302 41.1193
38.4 -3.58801 1.58434 2.16397 41.1316
38.41 -3.57217 1.69198 2.16492 41.1439
38.42 -3.55525 1.79915 2.16587 41.1563
38.43 -3.53726 1.9058 2.16682 41.1686
38.44 -3.5182 2.01192 2.16777 41.181
38.45 -3.49808 2.11747 2.16872 41.1933
38.46 -3.4769 2.22241 2.16967 41.2057
38.47 -3.45468 2.32672 2.17062 41.2181
38.48 -3.43141 2.43036 2.17157 41.2304
38.49 -3.40711 2.5333 2.17252 41.2428
38.5 -3.38178 2.63551 2.17347 41.2552
38.51 -3.35542 2.73697 2.17443 41.2675
38.52 -3.32805 2.83763 2.17538 41.2799
38.53 -3.29968 2.93747 2.17633 41.2923
38.54 -3.2703 3.03646 2.17728 41.3047
38.55 -3.23994 3.13457 2.17824 41.3171
38.56 -3.20859 3.23177 2.17919 41.3295
38.57 -3.17627 3.32802 2.18014 41.3419
38.58 -3.14299 3.42331 2.1811 41.3543
38.59 -3.10876 3.5176 2.18205 41.3667
38.6 -3.07358 3.61087 2.18301 41.3791
38.61 -3.03747 3.70307 2.18396 41.3915
38.62 -3.00044 3.7942 2.18492 41.4039
38.63 -2.9625 3.88421 2.18587 41.4163
38.64 -2.92366 3.97309 2.18683 41.4288
38.65 -2.88393 4.0608 2.18778 41.4412
38.66 -2.84332 4.14731 2.18874 41.4536
38.67 -2.80185 4.23261 2.1897 41.4661
38.68 -2.75952 4.31667 2.19065 41.4785
38.69 -2.71635 4.39945 2.19161 41.4909
38.7 -2.67236 4.48094 2.19257 41.5034
38.71 -2.62755 4.56112 2.19353 41.5158
38.72 -2.58194 4.63994 2.19448 41.5283
38.73 -2.53554 4.7174 2.19544 41.5408
38.74 -2.48837 4.79347 2.1964 41.5532
38.75 -2.44043 4.86812 2.19736 41.5657
38.76 -2.39175 4.94133 2.19832 41.5782
38.77 -2.34234 5.01308 2.19928 41.5906
38.78 -2.29221 5.08335 2.20024 41.6031
38.79 -2.24137 5.15212 2.2012 41.6156
38.8 -2.18985 5.21936 2.20216 41.6281
38.81 -2.13766 5.28506 2.20312 41.6406
38.82 -2.08481 5.34919 2.20408 41.6531
38.83 -2.03132 5.41173 2.20504 41.6656
38.84 -1.9772 5.47267 2.206 41.6781
38.85 -1.92247 5.53199 2.20697 41.6906
38.86 -1.86715 5.58966 2.20793 41.7031
38.87 -1.81126 5.64567 2.20889 41.7156
38.88 -1.7548 5.70001 2.20985 41.7281
38.89 -1.6978 5.75266 2.21082 41.7406
38.9 -1.64027 5.80359 2.21178 41.7531
38.91 -1.58224 5.8528 2.21274 41.7657
38.92 -1.52371 5.90026 2.21371 41.7782
38.93 -1.46471 5.94598 2.21467 41.7907
38.94 -1.40525 5.98992 2.21563 41.8033
38.95 -1.34535 6.03207 2.2166 41.8158
38.96 -1.28503 6.07243 2.21756 41.8283
38.97 -1.2243 6.11099 2.21853 41.8409
38.98 -1.16319 6.14771 2.2195 41.8534
38.99 -1.10171 6.18261 2.22046 41.866
39 -1.03989 6.21566 2.22143 41.8786
39.01 -0.977732 6.24686 2.22239 41.8911
39.02 -0.915263 6.27619 2.22336 41.9037
39.03 -0.852501 6.30365 2.22433 41.9163
39.04 -0.789465 6.32922 2.22529 41.9288
39.05 -0.726172 6.35291 2.22626 41.9414
39.06 -0.662643 6.37469 2.22723 41.954
39.07 -0.598896 6.39457 2.2282 41.9666
39.08 -0.534951 6.41254 2.22917 41.9792
39.09 -0.470825 6.42859 2.23014 41.9918
39.1 -0.406539 6.44271 2.2311 42.0044
39.11 -0.342112 6.45491 2.23207 42.017
39.12 -0.277563 6.46517 2.23304 42.0296
39.13 -0.212911 6.4735 2.23401 42.0422
39.14 -0.148177 6.47989 2.23498 42.0548
39.15 -0.0833777 6.48433 2.23595 42.0674
39.16 -0.0185343 6.48683 2.23693 42.08
39.17 0.046334 6.48739 2.2379 42.0926
39.18 0.111208 6.486 2.23887 42.1053
39.19 0.176068 6.48266 2.23984 42.1179
39.2 0.240894 6.47738 2.24081 42.1305
39.21 0.305668 6.47015 2.24178 42.1432
39.22 0.37037 6.46098 2.24276 42.1558
39.23 0.43498 6.44987 2.24373 42.1685
39.24 0.499478 6.43682 2.2447 42.1811
39.25 0.563847 6.42184 2.24568 42.1938
39.26 0.628065 6.40492 2.24665 42.2064
39.27 0.692114 6.38608 2.24762 42.2191
39.28 0.755975 6.36532 2.2486 42.2318
39.29 0.819628 6.34264 2.24957 42.2444
39.3 0.883055 6.31805 2.25055 42.2571
39.31 0.946235 6.29156 2.25152 42.2698
39.32 1.00915 6.26317 2.2525 42.2825
39.33 1.07178 6.2329 2.25347 42.2951
39.34 1.13411 6.20074 2.25445 42.3078
39.35 1.19612 6.16672 2.25543 42.3205
39.36 1.25779 6.13084 2.2564 42.3332
39.37 1.31909 6.0931 2.25738 42.3459
39.38 1.38003 6.05353 2.25836 42.3586
39.39 1.44056 6.01213 2.25933 42.3713
39.4 1.50068 5.96891 2.26031 42.384
39.41 1.56037 5.92389 2.26129 42.3968
39.42 1.61961 5.87708 2.26227 42.4095
39.43 1.67838 5.82849 2.26325 42.4222
39.44 1.73667 5.77814 2.26423 42.4349
39.45 1.79445 5.72604 2.2652 42.4477
39.46 1.85171 5.67221 2.26618 42.4604
39.47 1.90843 5.61666 2.26716 42.4731
39.48 1.9646 5.5594 2.26814 42.4859
39.49 2.02019 5.50047 2.26912 42.4986
39.5 2.07519 5.43986 2.27011 42.5114
39.51 2.12959 5.3776 2.27109 42.5241
39.52 2.18337 5.31372 2.27207 42.5369
39.53 2.23651 5.24821 2.27305 42.5496
39.54 2.28899 5.18112 2.27403 42.5624
39.55 2.3408 5.11245 2.27501 42.5752
39.56 2.39192 5.04223 2.276 42.588
39.57 2.44235 4.97047 2.27698 42.6007
39.58 2.49205 4.8972 2.27796 42.6135
39.59 2.54102 4.82244 2.27895 42.6263
39.6 2.58925 4.74621 2.27993 42.6391
39.61 2.63671 4.66853 2.28091 42.6519
39.62 2.6834 4.58943 2.2819 42.6647
39.63 2.72929 4.50893 2.28288 42.6775
39.64 2.77438 4.42705 2.28387 42.6903
39.65 2.81865 4.34382 2.28485 42.7031
39.66 2.86209 4.25926 2.28584 42.7159
39.67 2.90468 4.17339 2.28682 42.7287
39.68 2.94641 4.08625 2.28781 42.7415
39.69 2.98728 3.99786 2.2888 42.7543
39.7 3.02725 3.90824 2.28978 42.7672
39.71 3.06634 3.81742 2.29077 42.78
39.72 3.10451 3.72543 2.29176 42.7928
39.73 3.14177 3.6323 2.29274 42.8057
39.74 3.17809 3.53805 2.29373 42.8185
39.75 3.21347 3.4427 2.29472 42.8314
39.76 3.2479 3.3463 2.29571 42.8442
39.77 3.28136 3.24886 2.2967 42.8571
39.78 3.31385 3.15042 2.29769 42.8699
39.79 3.34535 3.05101 2.29868 42.8828
39.8 3.37586 2.95065 2.29966 42.8956
39.81 3.40537 2.84937 2.30065 42.9085
39.82 3.43386 2.74721 2.30165 42.9214
39.83 3.46133 2.64419 2.30264 42.9343
39.84 3.48778 2.54035 2.30363 42.9471
39.85 3.51318 2.43572 2.30462 42.96
39.86 3.53754 2.33032 2.30561 42.9729
39.87 3.56084 2.2242 2.3066 42.9858
39.88 3.58308 2.11737 2.30759 42.9987
39.89 3.60426 2.00988 2.30858 43.0116
39.9 3.62435 1.90175 2.30958 43.0245
39.91 3.64337 1.79302 2.31057 43.0374
39.92 3.6613 1.68372 2.31156 43.0503
39.93 3.67814 1.57388 2.31256 43.0632
39.94 3.69388 1.46354 2.31355 43.0762
39.95 3.70851 1.35272 2.31454 43.0891
39.96 3.72204 1.24147 2.31554 43.102
39.97 3.73446 1.1298 2.31653 43.1149
39.98 3.74575 1.01777 2.31753 43.1279
39.99 3.75593 0.905398 2.31852 43.1408
40 3.76499 0.79272 2.31952 43.1538
40.01 3.77291 0.67977 2.32052 43.1667
40.02 3.77971 0.566583 2.32151 43.1796
40.03 3.78538 0.453192 2.32251 43.1926
40.04 3.78991 0.339631 2.3235 43.2056
40.05 3.7933 0.225933 2.3245 43.2185
40.06 3.79556 0.112134 2.3255 43.2315
40.07 3.79669 -0.00173279 2.3265 43.2445
40.08 3.79667 -0.115633 2.32749 43.2574
40.09 3.79551 -0.229533 2.32849 43.2704
40.1 3.79322 -0.343399 2.32949 43.2834
40.11 3.78978 -0.457195 2.33049 43.2964
40.12 3.78521 -0.570889 2.33149 43.3094
40.13 3.7795 -0.684445 2.33249 43.3224
40.14 3.77266 -0.79783 2.33349 43.3354
40.15 3.76468 -0.91101 2.33449 43.3484
40.16 3.75557 -1.02395 2.33549 43.3614
40.17 3.74533 -1.13662 2.33649 43.3744
40.18 3.73396 -1.24898 2.33749 43.3874
40.19 3.72147 -1.361 2.33849 43.4004
40.2 3.70786 -1.47264 2.33949 43.4134
40.21 3.69314 -1.58388 2.3405 43.4264
40.22 3.6773 -1.69467 2.3415 43.4395
40.23 3.66035 -1.80499 2.3425 43.4525
40.24 3.6423 -1.9148 2.3435 43.4655
40.25 3.62315 -2.02407 2.34451 43.4786
40.26 3.60291 -2.13276 2.34551 43.4916
40.27 3.58159 -2.24085 2.34651 43.5047
40.28 3.55918 -2.3483 2.34752 43.5177
40.29 3.53569 -2.45507 2.34852 43.5308
40.3 3.51114 -2.56114 2.34953 43.5438
40.31 3.48553 -2.66648 2.35053 43.5569
40.32 3.45887 -2.77104 2.35154 43.57
40.33 3.43116 -2.87481 2.35254 43.583
40.34 3.40241 -2.97775 2.35355 43.5961
40.35 3.37263 -3.07982 2.35455 43.6092
40.36 3.34183 -3.181 2.35556 43.6223
40.37 3.31002 -3.28125 2.35657 43.6354
40.38 3.27721 -3.38055 2.35757 43.6484
40.39 3.2434 -3.47887 2.35858 43.6615
40.4 3.20862 -3.57617 2.35959 43.6746
40.41 3.17285 -3.67243 2.3606 43.6877
40.42 3.13613 -3.76761 2.3616 43.7008
40.43 3.09845 -3.8617 2.36261 43.714
40.44 3.05984 -3.95465 2.36362 43.7271
40.45 3.02029 -4.04645 2.36463 43.7402
40.46 2.97983 -4.13706 2.36564 43.7533
40.47 2.93846 -4.22645 2.36665 43.7664
40.48 2.89619 -4.3146 2.36766 43.7796
40.49 2.85304 -4.40149 2.36867 43.7927
40.5 2.80903 -4.48708 2.36968 43.8058
40.51 2.76416 -4.57135 2.37069 43.819
40.52 2.71845 -4.65428 2.3717 43.8321
40.53 2.6719 -4.73583 2.37271 43.8453
40.54 2.62454 -4.81599 2.37373 43.8584
40.55 2.57638 -4.89472 2.37474 43.8716
40.56 2.52744 -4.97202 2.37575 43.8847
40.57 2.47772 -5.04784 2.37676 43.8979
40.58 2.42724 -5.12217 2.37778 43.9111
40.59 2.37602 -5.19499 2.37879 43.9243
40.6 2.32407 -5.26627 2.3798 43.9374
40.61 2.2714 -5.33599 2.38082 43.9506
40.62 2.21804 -5.40413 2.38183 43.9638
40.63 2.164 -5.47067 2.38285 43.977
40.64 2.1093 -5.53559 2.38386 43.9902
40.65 2.05394 -5.59887 2.38488 44.0034
40.66 1.99795 -5.66049 2.38589 44.0166
40.67 1.94135 -5.72043 2.38691 44.0298
40.68 1.88414 -5.77867 2.38792 44.043
40.69 1.82636 -5.83519 2.38894 44.0562
40.7 1.768 -5.88998 2.38996 44.0694
40.71 1.7091 -5.94302 2.39097 44.0826
40.72 1.64967 -5.9943 2.39199 44.0959
40.73 1.58973 -6.04379 2.39301 44.1091
40.74 1.52929 -6.09148 2.39403 44.1223
40.75 1.46838 -6.13736 2.39504 44.1356
40.76 1.407 -6.18141 2.39606 44.1488
40.77 1.34519 -6.22362 2.39708 44.1621
40.78 1.28295 -6.26398 2.3981 44.1753
40.79 1.22031 -6.30246 2.39912 44.1886
40.8 1.15729 -6.33907 2.40014 44.2018
40.81 1.0939 -6.37379 2.40116 44.2151
40.82 1.03016 -6.40661 2.40218 44.2283
40.83 0.966095 -6.43751 2.4032 44.2416
40.84 0.90172 -6.4665 2.40422 44.2549
40.85 0.837055 -6.49355 2.40524 44.2682
40.86 0.77212 -6.51866 2.40626 44.2814
40.87 0.706933 -6.54182 2.40729 44.2947
40.88 0.641515 -6.56303 2.40831 44.308
40.89 0.575884 -6.58228 2.40933 44.3213
40.9 0.510062 -6.59955 2.41035 44.3346
40.91 0.444066 -6.61486 2.41138 44.3479
40.92 0.377918 -6.62818 2.4124 44.3612
40.93 0.311636 -6.63952 2.41342 44.3745
40.94 0.245241 -6.64886 2.41445 44.3878
40.95 0.178752 -6.65622 2.41547 44.4011
40.96 0.11219 -6.66158 2.4165 44.4145
40.97 0.0455739 -6.66495 2.41752 44.4278
40.98 -0.0210755 -6.66632 2.41855 44.4411
40.99 -0.0877387 -6.66568 2.41957 44.4544
41 -0.154396 -6.66305 2.4206 44.4678
41.01 -0.221026 -6.65842 2.42162 44.4811
41.02 -0.28761 -6.65179 2.42265 44.4945
41.03 -0.354128 -6.64316 2.42368 44.5078
41.04 -0.42056 -6.63254 2.42471 44.5212
41.05 -0.486885 -6.61992 2.42573 44.5345
41.06 -0.553084 -6.60531 2.42676 44.5479
41.07 -0.619138 -6.58872 2.42779 44.5612
41.08 -0.685025 -6.57015 2.42882 44.5746
41.09 -0.750726 -6.5496 2.42985 44.588
41.1 -0.816222 -6.52708 2.43087 44.6014
41.11 -0.881493 -6.50259 2.4319 44.6147
41.12 -0.946519 -6.47614 2.43293 44.6281
41.13 -1.01128 -6.44775 2.43396 44.6415
41.14 -1.07576 -6.41741 2.43499 44.6549
41.15 -1.13993 -6.38514 2.43602 44.6683
41.16 -1.20378 -6.35094 2.43705 44.6817
41.17 -1.26729 -6.31483 2.43809 44.6951
41.18 -1.33044 -6.27681 2.43912 44.7085
41.19 -1.39321 -6.23689 2.44015 44.7219
41.2 -1.45558 -6.1951 2.44118 44.7353
41.21 -1.51753 -6.15143 2.44221 44.7488
41.22 -1.57904 -6.1059 2.44325 44.7622
41.23 -1.6401 -6.05853 2.44428 44.7756
41.24 -1.70069 -6.00933 2.44531 44.7891
41.25 -1.76078 -5.95831 2.44635 44.8025
41.26 -1.82036 -5.90549 2.44738 44.8159
41.27 -1.87942 -5.85087 2.44841 44.8294
41.28 -1.93793 -5.79449 2.44945 44.8428
41.29 -1.99587 -5.73635 2.45048 44.8563
41.3 -2.05324 -5.67648 2.45152 44.8697
41.31 -2.11 -5.61488 2.45255 44.8832
41.32 -2.16615 -5.55158 2.45359 44.8967
41.33 -2.22167 -5.4866 2.45463 44.9101
41.34 -2.27653 -5.41995 2.45566 44.9236
41.35 -2.33073 -5.35165 2.4567 44.9371
41.36 -2.38425 -5.28173 2.45774 44.9506
41.37 -2.43706 -5.2102 2.45877 44.964
41.38 -2.48917 -5.13709 2.45981 44.9775
41.39 -2.54054 -5.06241 2.46085 44.991
41.4 -2.59116 -4.9862 2.46189 45.0045
41.41 -2.64102 -4.90846 2.46293 45.018
41.42 -2.69011 -4.82923 2.46396 45.0315
41.43 -2.7384 -4.74853 2.465 45.045
41.44 -2.78589 -4.66638 2.46604 45.0586
41.45 -2.83255 -4.5828 2.46708 45.0721
41.46 -2.87838 -4.49782 2.46812 45.0856
41.47 -2.92336 -4.41147 2.46916 45.0991
41.48 -2.96747 -4.32377 2.4702 45.1127
41.49 -3.01071 -4.23475 2.47125 45.1262
41.5 -3.05306 -4.14443 2.47229 45.1397
41.51 -3.0945 -4.05284 2.47333 45.1533
41.52 -3.13503 -3.96 2.47437 45.1668
41.53 -3.17463 -3.86595 2.47541 45.1804
41.54 -3.21329 -3.77071 2.47646 45.1939
41.55 -3.251 -3.67431 2.4775 45.2075
41.56 -3.28774 -3.57678 2.47854 45.221
41.57 -3.32351 -3.47815 2.47958 45.2346
41.58 -3.35829 -3.37844 2.48063 45.2482
41.59 -3.39207 -3.2777 2.48167 45.2617
41.6 -3.42485 -3.17593 2.48272 45.2753
41.61 -3.45661 -3.07319 2.48376 45.2889
41.62 -3.48734 -2.96949 2.48481 45.3025
41.63 -3.51703 -2.86487 2.48585 45.3161
41.64 -3.54568 -2.75936 2.4869 45.3297
41.65 -3.57328 -2.65299 2.48794 45.3433
41.66 -3.59981 -2.54579 2.48899 45.3569
41.67 -3.62527 -2.4378 2.49004 45.3705
41.68 -3.64964 -2.32904 2.49108 45.3841
41.69 -3.67293 -2.21955 2.49213 45.3977
41.7 -3.69513 -2.10936 2.49318 45.4113
41.71 -3.71622 -1.99851 2.49423 45.425
41.72 -3.73621 -1.88702 2.49528 45.4386
41.73 -3.75508 -1.77493 2.49632 45.4522
41.74 -3.77283 -1.66228 2.49737 45.4659
41.75 -3.78945 -1.5491 2.49842 45.4795
41.76 -3.80494 -1.43541 2.49947 45.4931
41.77 -3.8193 -1.32127 2.50052 45.5068
41.78 -3.83251 -1.20669 2.50157 45.5204
41.79 -3.84457 -1.09171 2.50262 45.5341
41.8 -3.85549 -0.976374 2.50367 45.5478
41.81 -3.86526 -0.860709 2.50472 45.5614
41.82 -3.87386 -0.744751 2.50578 45.5751
41.83 -3.88131 -0.628535 2.50683 45.5888
41.84 -3.8876 -0.512096 2.50788 45.6024
41.85 -3.89272 -0.395468 2.50893 45.6161
41.86 -3.89667 -0.278687 2.50998 45.6298
41.87 -3.89946 -0.161787 2.51104 45.6435
41.88 -3.90108 -0.0448029 2.51209 45.6572
41.89 -3.90152 0.0722293 2.51314 45.6709
41.9 -3.9008 0.189275 2.5142 45.6846
41.91 -3.89891 0.306299 2.51525 45.6983
41.92 -3.89585 0.423266 2.51631 45.712
41.93 -3.89161 0.540142 2.51736 45.7257
41.94 -3.88621 0.65689 2.51842 45.7394
41.95 -3.87964 0.773476 2.51947 45.7531
41.96 -3.87191 0.889866 2.52053 45.7669
41.97 -3.86301 1.00602 2.52159 45.7806
41.98 -3.85295 1.12191 2.52264 45.7943
41.99 -3.84173 1.2375 2.5237 45.8081
42 -3.82935 1.35275 2.52476 45.8218
42.01 -3.81583 1.46763 2.52581 45.8356
42.02 -3.80115 1.58211 2.52687 45.8493
42.03 -3.78533 1.69614 2.52793 45.8631
42.04 -3.76837 1.8097 2.52899 45.8768
42.05 -3.75027 1.92275 2.53005 45.8906
42.06 -3.73104 2.03526 2.5311 45.9044
42.07 -3.71069 2.14719 2.53216 45.9181
42.08 -3.68922 2.25851 2.53322 45.9319
42.09 -3.66663 2.36919 2.53428 45.9457
42.1 -3.64294 2.47919 2.53534 45.9595
42.11 -3.61815 2.58848 2.5364 45.9733
42.12 -3.59227 2.69702 2.53747 45.9871
42.13 -3.5653 2.80479 2.53853 46.0008
42.14 -3.53725 2.91175 2.53959 46.0146
42.15 -3.50813 3.01787 2.54065 46.0285
42.16 -3.47795 3.12311 2.54171 46.0423
42.17 -3.44672 3.22745 2.54277 46.0561
42.18 -3.41445 3.33085 2.54384 46.0699
42.19 -3.38114 3.43328 2.5449 46.0837
42.2 -3.3468 3.53472 2.54596 46.0975
42.21 -3.31146 3.63512 2.54703 46.1114
42.22 -3.27511 3.73447 2.54809 46.1252
42.23 -3.23776 3.83272 2.54916 46.139
42.24 -3.19943 3.92985 2.55022 46.1529
42.25 -3.16014 4.02584 2.55129 46.1667
42.26 -3.11988 4.12064 2.55235 46.1806
42.27 -3.07867 4.21424 2.55342 46.1944
42.28 -3.03653 4.3066 2.55448 46.2083
42.29 -2.99346 4.39769 2.55555 46.2221
42.3 -2.94949 4.4875 2.55662 46.236
42.31 -2.90461 4.57598 2.55768 46.2499
42.32 -2.85885 4.66312 2.55875 46.2638
42.33 -2.81222 4.74888 2.55982 46.2776
42.34 -2.76473 4.83325 2.56089 46.2915
42.35 -2.7164 4.91619 2.56195 46.3054
42.36 -2.66724 4.99768 2.56302 46.3193
42.37 -2.61726 5.0777 2.56409 46.3332
42.38 -2.56648 5.15622 2.56516 46.3471
42.39 -2.51492 5.23321 2.56623 46.361
42.4 -2.46259 5.30866 2.5673 46.3749
42.41 -2.4095 5.38254 2.56837 46.3888
42.42 -2.35568 5.45482 2.56944 46.4027
42.43 -2.30113 5.52549 2.57051 46.4167
42.44 -2.24587 5.59453 2.57158 46.4306
42.45 -2.18993 5.6619 2.57265 46.4445
42.46 -2.13331 5.7276 2.57373 46.4584
42.47 -2.07603 5.7916 2.5748 46.4724
42.48 -2.01812 5.85388 2.57587 46.4863
42.49 -1.95958 5.91443 2.57694 46.5003
42.5 -1.90043 5.97321 2.57802 46.5142
42.51 -1.8407 6.03023 2.57909 46.5282
42.52 -1.7804 6.08545 2.58016 46.5421
42.53 -1.71954 6.13886 2.58124 46.5561
42.54 -1.65816 6.19045 2.58231 46.5701
42.55 -1.59625 6.24019 2.58339 46.584
42.56 -1.53385 6.28808 2.58446 46.598
42.57 -1.47097 6.33409 2.58554 46.612
42.58 -1.40763 6.37822 2.58661 46.626
42.59 -1.34385 6.42045 2.58769 46.64
42.6 -1.27964 6.46077 2.58877 46.654
42.61 -1.21503 6.49916 2.58984 46.668
42.62 -1.15004 6.53561 2.59092 46.682
42.63 -1.08469 6.57011 2.592 46.696
42.64 -1.01898 6.60265 2.59307 46.71
42.65 -0.952958 6.63322 2.59415 46.724
42.66 -0.886626 6.66181 2.59523 46.738
42.67 -0.820008 6.68841 2.59631 46.752
42.68 -0.753124 6.71301 2.59739 46.766
42.69 -0.685994 6.7356 2.59847 46.7801
42.7 -0.618638 6.75618 2.59955 46.7941
42.71 -0.551076 6.77474 2.60063 46.8081
42.72 -0.483329 6.79127 2.60171 46.8222
42.73 -0.415416 6.80577 2.60279 46.8362
42.74 -0.347358 6.81823 2.60387 46.8503
42.75 -0.279176 6.82865 2.60495 46.8643
42.76 -0.210889 6.83703 2.60603 46.8784
42.77 -0.142519 6.84336 2.60711 46.8925
42.78 -0.0740854 6.84763 2.60819 46.9065
42.79 -0.00560911 6.84985 2.60928 46.9206
42.8 0.0628894 6.85002 2.61036 46.9347
42.81 0.13139 6.84814 2.61144 46.9488
42.82 0.199871 6.84419 2.61253 46.9628
42.83 0.268313 6.8382 2.61361 46.9769
42.84 0.336695 6.83015 2.61469 46.991
42.85 0.404996 6.82005 2.61578 47.0051
42.86 0.473197 6.8079 2.61686 47.0192
42.87 0.541276 6.7937 2.61795 47.0333
42.88 0.609213 6.77746 2.61903 47.0474
42.89 0.676988 6.75919 2.62012 47.0616
42.9 0.744579 6.73888 2.62121 47.0757
42.91 0.811968 6.71654 2.62229 47.0898
42.92 0.879134 6.69218 2.62338 47.1039
42.93 0.946055 6.66581 2.62447 47.1181
42.94 1.01271 6.63743 2.62555 47.1322
42.95 1.07909 6.60704 2.62664 47.1463
42.96 1.14516 6.57467 2.62773 47.1605
42.97 1.2109 6.54032 2.62882 47.1746
42.98 1.27631 6.50399 2.62991 47.1888
42.99 1.34135 6.4657 2.63099 47.2029
43 1.40601 6.42546 2.63208 47.2171
43.01 1.47026 6.38328 2.63317 47.2313
43.02 1.53409 6.33917 2.63426 47.2454
43.03 1.59748 6.29315 2.63535 47.2596
43.04 1.66042 6.24523 2.63644 47.2738
43.05 1.72287 6.19541 2.63754 47.288
43.06 1.78482 6.14373 2.63863 47.3021
43.07 1.84626 6.09018 2.63972 47.3163
43.08 1.90716 6.03479 2.64081 47.3305
43.09 1.96751 5.97758 2.6419 47.3447
43.1 2.02728 5.91855 2.64299 47.3589
43.11 2.08647 5.85774 2.64409 47.3731
43.12 2.14505 5.79514 2.64518 47.3874
43.13 2.203 5.73079 2.64627 47.4016
43.14 2.26031 5.6647 2.64737 47.4158
43.15 2.31695 5.59689 2.64846 47.43
43.16 2.37292 5.52738 2.64956 47.4442
43.17 2.4282 5.45619 2.65065 47.4585
43.18 2.48276 5.38335 2.65175 47.4727
43.19 2.53659 5.30887 2.65284 47.487
43.2 2.58968 5.23277 2.65394 47.5012
43.21 2.64201 5.15508 2.65503 47.5155
43.22 2.69356 5.07582 2.65613 47.5297
43.23 2.74432 4.99501 2.65723 47.544
43.24 2.79427 4.91268 2.65833 47.5582
43.25 2.84339 4.82885 2.65942 47.5725
43.26 2.89168 4.74355 2.66052 47.5868
43.27 2.93912 4.6568 2.66162 47.601
43.28 2.98569 4.56863 2.66272 47.6153
43.29 3.03137 4.47906 2.66382 47.6296
43.3 3.07616 4.38812 2.66492 47.6439
43.31 3.12004 4.29583 2.66601 47.6582
43.32 3.163 4.20223 2.66711 47.6725
43.33 3.20503 4.10734 2.66821 47.6868
43.34 3.2461 4.01119 2.66932 47.7011
43.35 3.28621 3.91381 2.67042 47.7154
43.36 3.32535 3.81522 2.67152 47.7297
43.37 3.3635 3.71546 2.67262 47.744
43.38 3.40066 3.61455 2.67372 47.7584
43.39 3.4368 3.51253 2.67482 47.7727
43.4 3.47193 3.40943 2.67592 47.787
43.41 3.50602 3.30527 2.67703 47.8014
43.42 3.53907 3.20009 2.67813 47.8157
43.43 3.57107 3.09392 2.67923 47.83
43.44 3.60201 2.98679 2.68034 47.8444
43.45 3.63188 2.87873 2.68144 47.8587
43.46 3.66067 2.76977 2.68255 47.8731
43.47 3.68837 2.65995 2.68365 47.8875
43.48 3.71497 2.5493 2.68476 47.9018
43.49 3.74046 2.43785 2.68586 47.9162
43.5 3.76484 2.32564 2.68697 47.9306
43.51 3.78809 2.21269 2.68807 47.945
43.52 3.81022 2.09905 2.68918 47.9593
43.53 3.83121 1.98474 2.69029 47.9737
43.54 3.85106 1.86981 2.69139 47.9881
43.55 3.86976 1.75427 2.6925 48.0025
43.56 3.8873 1.63818 2.69361 48.0169
43.57 3.90368 1.52156 2.69472 48.0313
43.58 3.9189 1.40445 2.69583 48.0457
43.59 3.93294 1.28688 2.69693 48.0601
43.6 3.94581 1.1689 2.69804 48.0746
43.61 3.9575 1.05052 2.69915 48.089
43.62 3.968 0.931797 2.70026 48.1034
43.63 3.97732 0.812757 2.70137 48.1178
43.64 3.98545 0.693438 2.70248 48.1323
43.65 3.99238 0.573874 2.70359 48.1467
43.66 3.99812 0.454103 2.7047 48.1612
43.67 4.00266 0.334159 2.70582 48.1756
43.68 4.00601 0.214079 2.70693 48.1901
43.69 4.00815 0.0938989 2.70804 48.2045
43.7 4.00908 -0.0263455 2.70915 48.219
43.71 4.00882 -0.146618 2.71027 48.2334
43.72 4.00736 -0.266883 2.71138 48.2479
43.73 4.00469 -0.387103 2.71249 48.2624
43.74 4.00082 -0.507244 2.71361 48.2769
43.75 3.99574 -0.627268 2.71472 48.2914
43.76 3.98947 -0.747141 2.71583 48.3058
43.77 3.982 -0.866825 2.71695 48.3203
43.78 3.97333 -0.986285 2.71806 48.3348
43.79 3.96347 -1.10548 2.71918 48.3493
43.8 3.95241 -1.22439 2.72029 48.3638
43.81 3.94017 -1.34296 2.72141 48.3783
43.82 3.92674 -1.46117 2.72253 48.3929
43.83 3.91213 -1.57897 2.72364 48.4074
43.84 3.89634 -1.69633 2.72476 48.4219
43.85 3.87937 -1.81322 2.72588 48.4364
43.86 3.86124 -1.9296 2.727 48.451
43.87 3.84195 -2.04544 2.72811 48.4655
43.88 3.82149 -2.1607 2.72923 48.48
43.89 3.79989 -2.27534 2.73035 48.4946
43.9 3.77713 -2.38934 2.73147 48.5091
43.91 3.75324 -2.50265 2.73259 48.5237
43.92 3.72821 -2.61525 2.73371 48.5382
43.93 3.70206 -2.7271 2.73483 48.5528
43.94 3.67479 -2.83816 2.73595 48.5674
43.95 3.64641 -2.9484 2.73707 48.5819
43.96 3.61692 -3.0578 2.73819 48.5965
43.97 3.58634 -3.1663 2.73931 48.6111
43.98 3.55468 -3.27389 2.74044 48.6257
43.99 3.52194 -3.38053 2.74156 48.6403
44 3.48814 -3.48619 2.74268 48.6548
44.01 3.45328 -3.59084 2.7438 48.6694
44.02 3.41737 -3.69443 2.74493 48.684
44.03 3.38042 -3.79696 2.74605 48.6986
44.04 3.34245 -3.89837 2.74717 48.7133
44.05 3.30347 -3.99864 2.7483 48.7279
44.06 3.26348 -4.09775 2.74942 48.7425
44.07 3.22251 -4.19565 2.75055 48.7571
44.08 3.18055 -4.29233 2.75167 48.7717
44.09 3.13763 -4.38774 2.7528 48.7864
44.1 3.09375 -4.48187 2.75392 48.801
44.11 3.04893 -4.57468 2.75505 48.8156
44.12 3.00318 -4.66615 2.75618 48.8303
44.13 2.95652 -4.75625 2.7573 48.8449
44.14 2.90896 -4.84494 2.75843 48.8596
44.15 2.86051 -4.93221 2.75956 48.8743
44.16 2.81119 -5.01803 2.76069 48.8889
44.17 2.76101 -5.10236 2.76181 48.9036
44.18 2.70998 -5.18519 2.76294 48.9183
44.19 2.65813 -5.26649 2.76407 48.9329
44.2 2.60547 -5.34624 2.7652 48.9476
44.21 2.552 -5.4244 2.76633 48.9623
44.22 2.49776 -5.50096 2.76746 48.977
44.23 2.44275 -5.57589 2.76859 48.9917
44.24 2.38699 -5.64918 2.76972 49.0064
44.25 2.3305 -5.72079 2.77085 49.0211
44.26 2.27329 -5.7907 2.77198 49.0358
44.27 2.21539 -5.8589 2.77311 49.0505
44.28 2.1568 -5.92536 2.77425 49.0652
44.29 2.09754 -5.99006 2.77538 49.0799
44.3 2.03764 -6.05299 2.77651 49.0946
44.31 1.97711 -6.11412 2.77764 49.1094
44.32 1.91597 -6.17343 2.77878 49.1241
44.33 1.85424 -6.23091 2.77991 49.1388
44.34 1.79193 -6.28654 2.78105 49.1536
44.35 1.72906 -6.3403 2.78218 49.1683
44.36 1.66566 -6.39217 2.78331 49.1831
44.37 1.60174 -6.44214 2.78445 49.1978
44.38 1.53732 -6.49019 2.78558 49.2126
44.39 1.47241 -6.53631 2.78672 49.2274
44.4 1.40705 -6.58048 2.78786 49.2421
44.41 1.34125 -6.62269 2.78899 49.2569
44.42 1.27502 -6.66293 2.79013 49.2717
44.43 1.20839 -6.70118 2.79127 49.2865
44.44 1.14138 -6.73743 2.7924 49.3012
44.45 1.074 -6.77168 2.79354 49.316
44.46 1.00629 -6.8039 2.79468 49.3308
44.47 0.938248 -6.83408 2.79582 49.3456
44.48 0.869907 -6.86223 2.79696 49.3604
44.49 0.801285 -6.88833 2.7981 49.3752
44.5 0.732401 -6.91237 2.79924 49.3901
44.51 0.663278 -6.93434 2.80037 49.4049
44.52 0.593934 -6.95424 2.80152 49.4197
44.53 0.524392 -6.97206 2.80266 49.4345
44.54 0.454671 -6.98779 2.8038 49.4494
44.55 0.384794 -7.00143 2.80494 49.4642
44.56 0.314779 -7.01297 2.80608 49.479
44.57 0.24465 -7.02241 2.80722 49.4939
44.58 0.174425 -7.02975 2.80836 49.5087
44.59 0.104128 -7.03499 2.80951 49.5236
44.6 0.0337781 -7.03811 2.81065 49.5384
44.61 -0.036603 -7.03912 2.81179 49.5533
44.62 -0.106994 -7.03803 2.81294 49.5682
44.63 -0.177375 -7.03482 2.81408 49.583
44.64 -0.247723 -7.0295 2.81522 49.5979
44.65 -0.318018 -7.02206 2.81637 49.6128
44.66 -0.388238 -7.01252 2.81751 49.6277
44.67 -0.458364 -7.00088 2.81866 49.6426
44.68 -0.528372 -6.98712 2.8198 49.6574
44.69 -0.598244 -6.97127 2.82095 49.6723
44.7 -0.667956 -6.95333 2.8221 49.6872
44.71 -0.73749 -6.93329 2.82324 49.7022
44.72 -0.806822 -6.91116 2.82439 49.7171
44.73 -0.875934 -6.88696 2.82554 49.732
44.74 -0.944804 -6.86068 2.82668 49.7469
44.75 -1.01341 -6.83234 2.82783 49.7618
44.76 -1.08173 -6.80193 2.82898 49.7767
44.77 -1.14975 -6.76948 2.83013 49.7917
44.78 -1.21745 -6.73499 2.83128 49.8066
44.79 -1.2848 -6.69847 2.83243 49.8216
44.8 -1.35178 -6.65992 2.83358 49.8365
44.81 -1.41838 -6.61937 2.83473 49.8515
44.82 -1.48458 -6.57682 2.83588 49.8664
44.83 -1.55034 -6.53228 2.83703 49.8814
44.84 -1.61567 -6.48577 2.83818 49.8963
44.85 -1.68052 -6.4373 2.83933 49.9113
44.86 -1.7449 -6.38688 2.84048 49.9263
44.87 -1.80877 -6.33454 2.84164 49.9413
44.88 -1.87211 -6.28027 2.84279 49.9562
44.89 -1.93491 -6.22411 2.84394 49.9712
44.9 -1.99716 -6.16606 2.84509 49.9862
44.91 -2.05882 -6.10615 2.84625 50.0012
44.92 -2.11988 -6.04438 2.8474 50.0162
44.93 -2.18032 -5.98079 2.84856 50.0312
44.94 -2.24013 -5.91538 2.84971 50.0462
44.95 -2.29928 -5.84817 2.85086 50.0612
44.96 -2.35776 -5.7792 2.85202 50.0763
44.97 -2.41556 -5.70846 2.85318 50.0913
44.98 -2.47264 -5.636 2.85433 50.1063
44.99 -2.529 -5.56182 2.85549 50.1213
45 -2.58462 -5.48595 2.85664 50.1364
45.01 -2.63948 -5.40841 2.8578 50.1514
45.02 -2.69356 -5.32922 2.85896 50.1665
45.03 -2.74685 -5.24842 2.86012 50.1815
45.04 -2.79934 -5.16601 2.86127 50.1966
45.05 -2.851 -5.08203 2.86243 50.2116
45.06 -2.90182 -4.9965 2.86359 50.2267
45.07 -2.95178 -4.90945 2.86475 50.2418
45.08 -3.00088 -4.82089 2.86591 50.2568
45.09 -3.04909 -4.73087 2.86707 50.2719
45.1 -3.0964 -4.63939 2.86823 50.287
45.11 -3.14279 -4.5465 2.86939 50.3021
45.12 -3.18826 -4.45222 2.87055 50.3172
45.13 -3.23278 -4.35657 2.87171 50.3323
45.14 -3.27634 -4.25959 2.87287 50.3474
45.15 -3.31894 -4.1613 2.87404 50.3625
45.16 -3.36055 -4.06173 2.8752 50.3776
45.17 -3.40117 -3.96091 2.87636 50.3927
45.18 -3.44078 -3.85888 2.87752 50.4078
45.19 -3.47937 -3.75565 2.87869 50.4229
45.2 -3.51692 -3.65127 2.87985 50.4381
45.21 -3.55344 -3.54577 2.88101 50.4532
45.22 -3.58889 -3.43916 2.88218 50.4683
45.23 -3.62329 -3.3315 2.88334 50.4835
45.24 -3.6566 -3.2228 2.88451 50.4986
45.25 -3.68883 -3.1131 2.88567 50.5138
45.26 -3.71996 -3.00243 2.88684 50.5289
45.27 -3.74998 -2.89083 2.88801 50.5441
45.28 -3.77889 -2.77834 2.88917 50.5592
45.29 -3.80668 -2.66497 2.89034 50.5744
45.3 -3.83333 -2.55077 2.89151 50.5896
45.31 -3.85883 -2.43577 2.89267 50.6048
45.32 -3.88319 -2.32 2.89384 50.6199
45.33 -3.90639 -2.20351 2.89501 50.6351
45.34 -3.92843 -2.08632 2.89618 50.6503
45.35 -3.94929 -1.96846 2.89735 50.6655
45.36 -3.96897 -1.84998 2.89852 50.6807
45.37 -3.98747 -1.73092 2.89969 50.6959
45.38 -4.00478 -1.61129 2.90086 50.7111
45.39 -4.0209 -1.49115 2.90203 50.7263
45.4 -4.03581 -1.37052 2.9032 50.7415
45.41 -4.04951 -1.24945 2.90437 50.7568
45.42 -4.06201 -1.12796 2.90554 50.772
45.43 -4.07329 -1.0061 2.90671 50.7872
45.44 -4.08335 -0.883902 2.90788 50.8025
45.45 -4.09219 -0.761402 2.90905 50.8177
45.46 -4.0998 -0.638636 2.91023 50.833
45.47 -4.10619 -0.515642 2.9114 50.8482
45.48 -4.11134 -0.392457 2.91257 50.8635
45.49 -4.11527 -0.269116 2.91375 50.8787
45.5 -4.11796 -0.145658 2.91492 50.894
45.51 -4.11942 -0.0221196 2.9161 50.9092
45.52 -4.11964 0.101463 2.91727 50.9245
45.53 -4.11862 0.225052 2.91845 50.9398
45.54 -4.11637 0.348611 2.91962 50.9551
45.55 -4.11289 0.472102 2.9208 50.9704
45.56 -4.10816 0.595488 2.92197 50.9857
45.57 -4.10221 0.718733 2.92315 51.001
45.58 -4.09502 0.8418 2.92433 51.0163
45.59 -4.0866 0.96465 2.9255 51.0316
45.6 -4.07696 1.08725 2.92668 51.0469
45.61 -4.06609 1.20956 2.92786 51.0622
45.62 -4.05399 1.33154 2.92904 51.0775
45.63 -4.04067 1.45316 2.93022 51.0928
45.64 -4.02614 1.57438 2.9314 51.1082
45.65 -4.0104 1.69516 2.93258 51.1235
45.66 -3.99345 1.81548 2.93376 51.1388
45.67 -3.97529 1.93528 2.93494 51.1542
45.68 -3.95594 2.05454 2.93612 51.1695
45.69 -3.93539 2.17322 2.9373 51.1849
45.7 -3.91366 2.29128 2.93848 51.2002
45.71 -3.89075 2.40869 2.93966 51.2156
45.72 -3.86666 2.52541 2.94084 51.2309
45.73 -3.84141 2.64141 2.94202 51.2463
45.74 -3.81499 2.75665 2.94321 51.2617
45.75 -3.78743 2.8711 2.94439 51.2771
45.76 -3.75872 2.98473 2.94557 51.2924
45.77 -3.72887 3.09749 2.94676 51.3078
45.78 -3.69789 3.20935 2.94794 51.3232
45.79 -3.6658 3.32029 2.94912 51.3386
45.8 -3.6326 3.43026 2.95031 51.354
45.81 -3.5983 3.53924 2.95149 51.3694
45.82 -3.5629 3.64719 2.95268 51.3848
45.83 -3.52643 3.75408 2.95387 51.4003
45.84 -3.48889 3.85987 2.95505 51.4157
45.85 -3.45029 3.96454 2.95624 51.4311
45.86 -3.41065 4.06805 2.95743 51.4465
45.87 -3.36997 4.17037 2.95861 51.462
45.88 -3.32826 4.27146 2.9598 51.4774
45.89 -3.28555 4.37131 2.96099 51.4928
45.9 -3.24183 4.46988 2.96218 51.5083
45.91 -3.19714 4.56713 2.96337 51.5237
45.92 -3.15146 4.66305 2.96455 51.5392
45.93 -3.10483 4.75759 2.96574 51.5547
45.94 -3.05726 4.85074 2.96693 51.5701
45.95 -3.00875 4.94245 2.96812 51.5856
45.96 -2.95933 5.03272 2.96931 51.6011
45.97 -2.909 5.1215 2.9705 51.6166
45.98 -2.85778 5.20877 2.9717 51.632
45.99 -2.8057 5.2945 2.97289 51.6475
46 -2.75275 5.37867 2.97408 51.663
46.01 -2.69896 5.46125 2.97527 51.6785
46.02 -2.64435 5.54222 2.97646 51.694
46.03 -2.58893 5.62155 2.97766 51.7095
46.04 -2.53271 5.69922 2.97885 51.7251
46.05 -2.47572 5.7752 2.98004 51.7406
46.06 -2.41797 5.84947 2.98124 51.7561
46.07 -2.35948 5.92201 2.98243 51.7716
46.08 -2.30026 5.9928 2.98363 51.7871
46.09 -2.24033 6.06181 2.98482 51.8027
46.1 -2.17971 6.12902 2.98602 51.8182
46.11 -2.11842 6.19441 2.98721 51.8338
46.12 -2.05648 6.25796 2.98841 51.8493
46.13 -1.9939 6.31965 2.98961 51.8649
46.14 -1.9307 6.37947 2.9908 51.8804
46.15 -1.8669 6.43739 2.992 51.896
46.16 -1.80253 6.4934 2.9932 51.9116
46.17 -1.7376 6.54747 2.9944 51.9271
46.18 -1.67212 6.5996 2.99559 51.9427
46.19 -1.60613 6.64977 2.99679 51.9583
46.2 -1.53963 6.69795 2.99799 51.9739
46.21 -1.47265 6.74414 2.99919 51.9895
46.22 -1.40521 6.78832 3.00039 52.0051
46.23 -1.33732 6.83047 3.00159 52.0207
46.24 -1.26902 6.87059 3.00279 52.0363
46.25 -1.20031 6.90866 3.00399 52.0519
46.26 -1.13123 6.94467 3.00519 52.0675
46.27 -1.06178 6.97861 3.00639 52.0831
46.28 -0.991994 7.01046 3.0076 52.0988
46.29 -0.921889 7.04022 3.0088 52.1144
46.3 -0.851487 7.06788 3.01 52.13
46.31 -0.780808 7.09343 3.0112 52.1457
46.32 -0.709874 7.11685 3.01241 52.1613
46.33 -0.638705 7.13815 3.01361 52.177
46.34 -0.567324 7.15731 3.01482 52.1926
46.35 -0.495751 7.17433 3.01602 52.2083
46.36 -0.424008 7.1892 3.01723 52.2239
46.37 -0.352116 7.20192 3.01843 52.2396
46.38 -0.280096 7.21248 3.01964 52.2553
46.39 -0.207972 7.22089 3.02084 52.2709
46.4 -0.135763 7.22712 3.02205 52.2866
46.41 -0.0634914 7.2312 3.02325 52.3023
46.42 0.00882057 7.2331 3.02446 52.318
46.43 0.0811516 7.23284 3.02567 52.3337
46.44 0.15348 7.2304 3.02688 52.3494
46.45 0.225784 7.2258 3.02808 52.3651
46.46 0.298042 7.21903 3.02929 52.3808
46.47 0.370232 7.21008 3.0305 52.3965
46.48 0.442333 7.19898 3.03171 52.4122
46.49 0.514323 7.18571 3.03292 52.428
46.5 0.58618 7.17028 3.03413 52.4437
46.51 0.657883 7.15269 3.03534 52.4594
46.52 0.72941 7.13296 3.03655 52.4752
46.53 0.800739 7.11107 3.03776 52.4909
46.54 0.87185 7.08705 3.03897 52.5067
46.55 0.94272 7.0609 3.04019 52.5224
46.56 1.01333 7.03261 3.0414 52.5382
46.57 1.08366 7.00221 3.04261 52.5539
46.58 1.15368 6.9697 3.04382 52.5697
46.59 1.22337 6.93509 3.04504 52.5855
46.6 1.29273 6.89839 3.04625 52.6012
46.61 1.36171 6.85961 3.04746 52.617
46.62 1.43031 6.81876 3.04868 52.6328
46.63 1.49849 6.77585 3.04989 52.6486
46.64 1.56625 6.7309 3.05111 52.6644
46.65 1.63356 6.68391 3.05232 52.6802
46.66 1.7004 6.6349 3.05354 52.696
46.67 1.76675 6.58389 3.05475 52.7118
46.68 1.83259 6.53089 3.05597 52.7276
46.69 1.8979 6.47591 3.05719 52.7434
46.7 1.96266 6.41897 3.0584 52.7593
46.71 2.02685 6.36009 3.05962 52.7751
46.72 2.09045 6.29929 3.06084 52.7909
46.73 2.15344 6.23657 3.06206 52.8068
46.74 2.2158 6.17197 3.06328 52.8226
46.75 2.27752 6.1055 3.0645 52.8384
46.76 2.33858 6.03717 3.06572 52.8543
46.77 2.39895 5.96701 3.06693 52.8702
46.78 2.45862 5.89504 3.06815 52.886
46.79 2.51757 5.82129 3.06938 52.9019
46.8 2.57578 5.74576 3.0706 52.9177
46.81 2.63324 5.66849 3.07182 52.9336
46.82 2.68993 5.58949 3.07304 52.9495
46.83 2.74582 5.50879 3.07426 52.9654
46.84 2.80091 5.42642 3.07548 52.9813
46.85 2.85517 5.34239 3.07671 52.9972
46.86 2.9086 5.25673 3.07793 53.0131
46.87 2.96117 5.16948 3.07915 53.029
46.88 3.01286 5.08064 3.08038 53.0449
46.89 3.06367 4.99025 3.0816 53.0608
46.9 3.11357 4.89834 3.08282 53.0767
46.91 3.16255 4.80494 3.08405 53.0926
46.92 3.2106 4.71006 3.08527 53.1086
46.93 3.2577 4.61374 3.0865 53.1245
46.94 3.30384 4.51601 3.08773 53.1404
46.95 3.349 4.4169 3.08895 53.1564
46.96 3.39317 4.31643 3.09018 53.1723
46.97 3.43633 4.21463 3.09141 53.1883
46.98 3.47848 4.11154 3.09263 53.2042
46.99 3.5196 4.00719 3.09386 53.2202
47 3.55967 3.9016 3.09509 53.2362
47.01 3.59868 3.79481 3.09632 53.2521
47.02 3.63663 3.68685 3.09755 53.2681
47.03 3.6735 3.57775 3.09878 53.2841
47.04 3.70928 3.46754 3.10001 53.3001
47.05 3.74395 3.35627 3.10124 53.3161
47.06 3.77752 3.24395 3.10247 53.3321
47.07 3.80995 3.13062 3.1037 53.3481
47.08 3.84126 3.01632 3.10493 53.3641
47.09 3.87142 2.90109 3.10616 53.3801
47.1 3.90043 2.78494 3.10739 53.3961
47.11 3.92828 2.66793 3.10862 53.4121
47.12 3.95496 2.55008 3.10986 53.4281
47.13 3.98046 2.43143 3.11109 53.4442
47.14 4.00478 2.31202 3.11232 53.4602
47.15 4.0279 2.19188 3.11356 53.4762
47.16 4.04982 2.07104 3.11479 53.4923
47.17 4.07053 1.94954 3.11602 53.5083
47.18 4.09002 1.82743 3.11726 53.5244
47.19 4.1083 1.70473 3.11849 53.5404
47.2 4.12535 1.58148 3.11973 53.5565
47.21 4.14116 1.45772 3.12097 53.5726
47.22 4.15574 1.33348 3.1222 53.5886
47.23 4.16907 1.20881 3.12344 53.6047
47.24 4.18116 1.08374 3.12468 53.6208
47.25 4.192 0.958304 3.12591 53.6369
47.26 4.20158 0.832544 3.12715 53.653
47.27 4.20991 0.706497 3.12839 53.6691
47.28 4.21697 0.5802 3.12963 53.6852
47.29 4.22277 0.453691 3.13087 53.7013
47.3 4.22731 0.327008 3.13211 53.7174
47.31 4.23058 0.200188 3.13335 53.7335
47.32 4.23258 0.0732709 3.13459 53.7496
47.33 4.23331 -0.0537066 3.13583 53.7657
47.34 4.23278 -0.180706 3.13707 53.7819
47.35 4.23097 -0.307689 3.13831 53.798
47.36 4.22789 -0.434618 3.13955 53.8141
47.37 4.22355 -0.561455 3.14079 53.8303
47.38 4.21793 -0.688162 3.14203 53.8464
47.39 4.21105 -0.8147 3.14328 53.8626
47.4 4.2029 -0.941031 3.14452 53.8787
47.41 4.19349 -1.06712 3.14576 53.8949
47.42 4.18282 -1.19292 3.14701 53.9111
47.43 4.17089 -1.31841 3.14825 53.9273
47.44 4.15771 -1.44353 3.14949 53.9434
47.45 4.14327 -1.56827 3.15074 53.9596
47.46 4.12759 -1.69256 3.15198 53.9758
47.47 4.11067 -1.81639 3.15323 53.992
47.48 4.0925 -1.93971 3.15448 54.0082
47.49 4.0731 -2.06249 3.15572 54.0244
47.5 4.05248 -2.18468 3.15697 54.0406
47.51 4.03063 -2.30625 3.15822 54.0568
47.52 4.00757 -2.42717 3.15946 54.073
47.53 3.9833 -2.5474 3.16071 54.0893
47.54 3.95782 -2.6669 3.16196 54.1055
47.55 3.93116 -2.78563 3.16321 54.1217
47.56 3.9033 -2.90357 3.16446 54.1379
47.57 3.87426 -3.02067 3.16571 54.1542
47.58 3.84406 -3.1369 3.16696 54.1704
47.59 3.81269 -3.25222 3.16821 54.1867
47.6 3.78017 -3.3666 3.16946 54.2029
47.61 3.7465 -3.48 3.17071 54.2192
47.62 3.7117 -3.5924 3.17196 54.2355
47.63 3.67578 -3.70375 3.17321 54.2517
47.64 3.63874 -3.81402 3.17446 54.268
47.65 3.6006 -3.92318 3.17572 54.2843
47.66 3.56137 -4.0312 3.17697 54.3006
47.67 3.52105 -4.13804 3.17822 54.3169
47.68 3.47967 -4.24367 3.17947 54.3332
47.69 3.43724 -4.34807 3.18073 54.3495
47.7 3.39376 -4.45118 3.18198 54.3658
47.71 3.34924 -4.55299 3.18324 54.3821
47.72 3.30371 -4.65347 3.18449 54.3984
47.73 3.25718 -4.75258 3.18575 54.4147
47.74 3.20965 -4.8503 3.187 54.431
47.75 3.16115 -4.94659 3.18826 54.4474
47.76 3.11169 -5.04142 3.18952 54.4637
47.77 3.06127 -5.13477 3.19077 54.48
47.78 3.00992 -5.22661 3.19203 54.4964
47.79 2.95766 -5.31691 3.19329 54.5127
47.8 2.90449 -5.40564 3.19455 54.5291
47.81 2.85043 -5.49277 3.1958 54.5454
47.82 2.7955 -5.57829 3.19706 54.5618
47.83 2.73972 -5.66215 3.19832 54.5782
47.84 2.6831 -5.74434 3.19958 54.5946
47.85 2.62566 -5.82484 3.20084 54.6109
47.86 2.56741 -5.90361 3.2021 54.6273
47.87 2.50837 -5.98063 3.20336 54.6437
47.88 2.44857 -6.05588 3.20462 54.6601
47.89 2.38801 -6.12934 3.20588 54.6765
47.9 2.32671 -6.20098 3.20715 54.6929
47.91 2.2647 -6.27078 3.20841 54.7093
47.92 2.202 -6.33872 3.20967 54.7257
47.93 2.13861 -6.40478 3.21093 54.7421
47.94 2.07456 -6.46894 3.2122 54.7586
47.95 2.00987 -6.53117 3.21346 54.775
47.96 1.94456 -6.59147 3.21472 54.7914
47.97 1.87864 -6.64981 3.21599 54.8079
47.98 1.81215 -6.70617 3.21725 54.8243
47.99 1.74509 -6.76053 3.21852 54.8407
48 1.67748 -6.81288 3.21978 54.8572
48.01 1.60935 -6.86321 3.22105 54.8737
48.02 1.54072 -6.91149 3.22232 54.8901
48.03 1.4716 -6.95771 3.22358 54.9066
48.04 1.40203 -7.00186 3.22485 54.9231
48.05 1.33201 -7.04392 3.22612 54.9395
48.06 1.26157 -7.08388 3.22739 54.956
48.07 1.19073 -7.12173 3.22865 54.9725
48.08 1.11951 -7.15745 3.22992 54.989
48.09 1.04794 -7.19103 3.23119 55.0055
48.1 0.976028 -7.22247 3.23246 55.022
48.11 0.903803 -7.25175 3.23373 55.0385
48.12 0.831286 -7.27887 3.235 55.055
48.13 0.758497 -7.30381 3.23627 55.0715
48.14 0.685459 -7.32656 3.23754 55.088
48.15 0.612194 -7.34712 3.23881 55.1046
48.16 0.538722 -7.36549 3.24009 55.1211
48.17 0.465067 -7.38165 3.24136 55.1376
48.18 0.391251 -7.3956 3.24263 55.1542
48.19 0.317295 -7.40734 3.2439 55.1707
48.2 0.243222 -7.41686 3.24518 55.1873
48.21 0.169053 -7.42416 3.24645 55.2038
48.22 0.0948114 -7.42923 3.24772 55.2204
48.23 0.0205191 -7.43207 3.249 55.237
48.24 -0.0538017 -7.43269 3.25027 55.2535
48.25 -0.128129 -7.43107 3.25155 55.2701
48.26 -0.202439 -7.42723 3.25282 55.2867
48.27 -0.276712 -7.42116 3.2541 55.3033
48.28 -0.350923 -7.41286 3.25537 55.3199
48.29 -0.425052 -7.40233 3.25665 55.3365
48.3 -0.499075 -7.38958 3.25793 55.3531
48.31 -0.572971 -7.3746 3.25921 55.3697
48.32 -0.646717 -7.35741 3.26048 55.3863
48.33 -0.720291 -7.33801 3.26176 55.4029
48.34 -0.793671 -7.3164 3.26304 55.4195
48.35 -0.866835 -7.29259 3.26432 55.4361
48.36 -0.939761 -7.26659 3.2656 55.4528
48.37 -1.01243 -7.2384 3.26688 55.4694
48.38 -1.08481 -7.20802 3.26816 55.4861
48.39 -1.15689 -7.17548 3.26944 55.5027
48.4 -1.22865 -7.14077 3.27072 55.5193
48.41 -1.30005 -7.10391 3.272 55.536
48.42 -1.37109 -7.06491 3.27328 55.5527
48.43 -1.44174 -7.02378 3.27456 55.5693
48.44 -1.51198 -6.98053 3.27585 55.586
48.45 -1.58179 -6.93517 3.27713 55.6027
48.46 -1.65114 -6.88771 3.27841 55.6194
48.47 -1.72001 -6.83818 3.2797 55.636
48.48 -1.7884 -6.78658 3.28098 55.6527
48.49 -1.85626 -6.73293 3.28226 55.6694
48.5 -1.92359 -6.67724 3.28355 55.6861
48.51 -1.99036 -6.61953 3.28483 55.7028
48.52 -2.05656 -6.55982 3.28612 55.7195
48.53 -2.12216 -6.49812 3.28741 55.7363
48.54 -2.18714 -6.43446 3.28869 55.753
48.55 -2.25148 -6.36885 3.28998 55.7697
48.56 -2.31517 -6.3013 3.29126 55.7864
48.57 -2.37818 -6.23185 3.29255 55.8032
48.58 -2.4405 -6.1605 3.29384 55.8199
48.59 -2.50211 -6.08729 3.29513 55.8367
48.6 -2.56298 -6.01222 3.29642 55.8534
48.61 -2.6231 -5.93533 3.29771 55.8702
48.62 -2.68246 -5.85664 3.29899 55.8869
48.63 -2.74102 -5.77617 3.30028 55.9037
48.64 -2.79878 -5.69394 3.30157 55.9205
48.65 -2.85572 -5.60997 3.30287 55.9372
48.66 -2.91182 -5.5243 3.30416 55.954
48.67 -2.96707 -5.43695 3.30545 55.9708
48.68 -3.02144 -5.34793 3.30674 55.9876
48.69 -3.07491 -5.25729 3.30803 56.0044
48.7 -3.12749 -5.16504 3.30932 56.0212
48.71 -3.17914 -5.07122 3.31062 56.038
48.72 -3.22985 -4.97584 3.31191 56.0548
48.73 -3.27961 -4.87895 3.3132 56.0716
48.74 -3.3284 -4.78056 3.3145 56.0885
48.75 -3.3762 -4.68071 3.31579 56.1053
48.76 -3.42301 -4.57942 3.31709 56.1221
48.77 -3.46881 -4.47673 3.31838 56.139
48.78 -3.51357 -4.37267 3.31968 56.1558
48.79 -3.5573 -4.26726 3.32097 56.1726
48.8 -3.59997 -4.16054 3.32227 56.1895
48.81 -3.64158 -4.05254 3.32357 56.2064
48.82 -3.6821 -3.9433 3.32486 56.2232
48.83 -3.72154 -3.83283 3.32616 56.2401
48.84 -3.75986 -3.72119 3.32746 56.257
48.85 -3.79708 -3.60839 3.32876 56.2738
48.86 -3.83316 -3.49448 3.33005 56.2907
48.87 -3.8681 -3.37948 3.33135 56.3076
48.88 -3.9019 -3.26344 3.33265 56.3245
48.89 -3.93453 -3.14638 3.33395 56.3414
48.9 -3.966 -3.02835 3.33525 56.3583
48.91 -3.99628 -2.90937 3.33655 56.3752
48.92 -4.02537 -2.78948 3.33785 56.3921
48.93 -4.05327 -2.66872 3.33916 56.409
48.94 -4.07996 -2.54712 3.34046 56.426
48.95 -4.10543 -2.42472 3.34176 56.4429
48.96 -4.12967 -2.30156 3.34306 56.4598
48.97 -4.15269 -2.17767 3.34437 56.4767
48.98 -4.17447 -2.05309 3.34567 56.4937
48.99 -4.195 -1.92785 3.34697 56.5106
49 -4.21428 -1.802 3.34828 56.5276
49.01 -4.2323 -1.67557 3.34958 56.5446
49.02 -4.24905 -1.54861 3.35089 56.5615
49.03 -4.26454 -1.42113 3.35219 56.5785
49.04 -4.27875 -1.2932 3.3535 56.5955
49.05 -4.29168 -1.16484 3.3548 56.6124
49.06 -4.30333 -1.03609 3.35611 56.6294
49.07 -4.31369 -0.906985 3.35742 56.6464
49.08 -4.32276 -0.777574 3.35872 56.6634
49.09 -4.33054 -0.647892 3.36003 56.6804
49.1 -4.33702 -0.517975 3.36134 56.6974
49.11 -4.3422 -0.387865 3.36265 56.7144
49.12 -4.34607 -0.257599 3.36396 56.7314
49.13 -4.34865 -0.127217 3.36527 56.7484
49.14 -4.34992 0.00324253 3.36657 56.7655
49.15 -4.34989 0.13374 3.36788 56.7825
49.16 -4.34855 0.264237 3.3692 56.7995
49.17 -4.34591 0.394693 3.37051 56.8166
49.18 -4.34196 0.525071 3.37182 56.8336
49.19 -4.33671 0.65533 3.37313 56.8507
49.2 -4.33016 0.785431 3.37444 56.8677
49.21 -4.3223 0.915336 3.37575 56.8848
49.22 -4.31315 1.045 3.37707 56.9019
49.23 -4.3027 1.1744 3.37838 56.9189
49.24 -4.29096 1.30348 3.37969 56.936
49.25 -4.27792 1.43221 3.38101 56.9531
49.26 -4.2636 1.56055 3.38232 56.9702
49.27 -4.24799 1.68845 3.38364 56.9873
49.28 -4.23111 1.81589 3.38495 57.0044
49.29 -4.21295 1.94283 3.38627 57.0215
49.3 -4.19352 2.06922 3.38758 57.0386
49.31 -4.17283 2.19502 3.3889 57.0557
49.32 -4.15088 2.32021 3.39021 57.0728
49.33 -4.12768 2.44473 3.39153 57.0899
49.34 -4.10323 2.56856 3.39285 57.107
49.35 -4.07755 2.69166 3.39417 57.1242
49.36 -4.05063 2.81399 3.39549 57.1413
49.37 -4.02249 2.93551 3.3968 57.1585
49.38 -3.99313 3.05618 3.39812 57.1756
49.39 -3.96257 3.17597 3.39944 57.1928
49.4 -3.93081 3.29485 3.40076 57.2099
49.41 -3.89786 3.41278 3.40208 57.2271
49.42 -3.86374 3.52971 3.4034 57.2442
49.43 -3.82844 3.64562 3.40472 57.2614
49.44 -3.79198 3.76048 3.40605 57.2786
49.45 -3.75438 3.87424 3.40737 57.2958
49.46 -3.71564 3.98687 3.40869 57.313
49.47 -3.67577 4.09834 3.41001 57.3302
49.48 -3.63478 4.20861 3.41134 57.3474
49.49 -3.5927 4.31765 3.41266 57.3646
49.5 -3.54952 4.42543 3.41398 57.3818
49.51 -3.50527 4.53192 3.41531 57.399
49.52 -3.45995 4.63708 3.41663 57.4162
49.53 -3.41358 4.74088 3.41796 57.4334
49.54 -3.36617 4.84328 3.41928 57.4507
49.55 -3.31773 4.94427 3.42061 57.4679
49.56 -3.26829 5.0438 3.42193 57.4851
49.57 -3.21785 5.14185 3.42326 57.5024
49.58 -3.16644 5.23839 3.42459 57.5196
49.59 -3.11405 5.33338 3.42591 57.5369
49.6 -3.06072 5.4268 3.42724 57.5541
49.61 -3.00645 5.51862 3.42857 57.5714
49.62 -2.95126 5.60882 3.4299 57.5887
49.63 -2.89518 5.69735 3.43123 57.606
49.64 -2.8382 5.78421 3.43256 57.6232
49.65 -2.78036 5.86935 3.43389 57.6405
49.66 -2.72167 5.95277 3.43522 57.6578
49.67 -2.66214 6.03442 3.43655 57.6751
49.68 -2.60179 6.11428 3.43788 57.6924
49.69 -2.54065 6.19233 3.43921 57.7097
49.7 -2.47873 6.26855 3.44054 57.727
49.71 -2.41604 6.34291 3.44187 57.7444
49.72 -2.35261 6.4154 3.44321 57.7617
49.73 -2.28846 6.48597 3.44454 57.779
49.74 -2.2236 6.55463 3.44587 57.7963
49.75 -2.15805 6.62134 3.44721 57.8137
49.76 -2.09184 6.68608 3.44854 57.831
49.77 -2.02498 6.74883 3.44988 57.8484
49.78 -1.95749 6.80958 3.45121 57.8657
49.79 -1.8894 6.86831 3.45255 57.8831
49.8 -1.82071 6.92499 3.45388 57.9005
49.81 -1.75146 6.97961 3.45522 57.9178
49.82 -1.68167 7.03215 3.45655 57.9352
49.83 -1.61135 7.0826 3.45789 57.9526
49.84 -1.54052 7.13094 3.45923 57.97
49.85 -1.46921 7.17716 3.46057 57.9874
49.86 -1.39744 7.22124 3.4619 58.0048
49.87 -1.32523 7.26316 3.46324 58.0222
49.88 -1.25259 7.30292 3.46458 58.0396
49.89 -1.17956 7.34049 3.46592 58.057
49.9 -1.10616 7.37588 3.46726 58.0744
49.91 -1.0324 7.40907 3.4686 58.0918
49.92 -0.95831 7.44004 3.46994 58.1092
49.93 -0.88391 7.46879 3.47128 58.1267
49.94 -0.809222 7.4953 3.47262 58.1441
49.95 -0.734269 7.51958 3.47397 58.1616
49.96 -0.659073 7.54161 3.47531 58.179
49.97 -0.583657 7.56138 3.47665 58.1965
49.98 -0.508043 7.57889 3.47799 58.2139
49.99 -0.432255 7.59413 3.47934 58.2314
50 -0.356313 7.6071 3.48068 58.2489
50.01 -0.280242 7.61779 3.48203 58.2663
50.02 -0.204064 7.6262 3.48337 58.2838
50.03 -0.127802 7.63232 3.48471 58.3013
50.04 -0.0514791 7.63615 3.48606 58.3188
50.05 0.0248824 7.6377 3.48741 58.3363
50.06 0.101259 7.63695 3.48875 58.3538
50.07 0.177629 7.63391 3.4901 58.3713
50.08 0.253968 7.62858 3.49145 58.3888
50.09 0.330254 7.62097 3.49279 58.4063
50.1 0.406464 7.61106 3.49414 58.4238
50.11 0.482574 7.59886 3.49549 58.4414
50.12 0.558563 7.58439 3.49684 58.4589
50.13 0.634407 7.56763 3.49819 58.4764
50.14 0.710083 7.5486 3.49954 58.494
50.15 0.785569 7.52729 3.50089 58.5115
50.16 0.860842 7.50373 3.50224 58.5291
50.17 0.935879 7.4779 3.50359 58.5466
50.18 1.01066 7.44983 3.50494 58.5642
50.19 1.08516 7.41951 3.50629 58.5818
50.2 1.15935 7.38695 3.50764 58.5993
50.21 1.23322 7.35217 3.50899 58.6169
50.22 1.30674 7.31517 3.51035 58.6345
50.23 1.37989 7.27597 3.5117 58.6521
50.24 1.45265 7.23458 3.51305 58.6697
50.25 1.525 7.191 3.51441 58.6873
50.26 1.59691 7.14525 3.51576 58.7049
50.27 1.66836 7.09734 3.51712 58.7225
50.28 1.73934 7.04729 3.51847 58.7401
50.29 1.80981 6.99511 3.51983 58.7578
50.3 1.87976 6.94081 3.52118 58.7754
50.31 1.94917 6.88442 3.52254 58.793
50.32 2.01801 6.82595 3.5239 58.8107
50.33 2.08627 6.76541 3.52525 58.8283
50.34 2.15393 6.70282 3.52661 58.8459
50.35 2.22095 6.6382 3.52797 58.8636
50.36 2.28734 6.57157 3.52933 58.8813
50.37 2.35305 6.50295 3.53069 58.8989
50.38 2.41808 6.43236 3.53205 58.9166
50.39 2.4824 6.35982 3.5334 58.9343
50.4 2.546 6.28534 3.53476 58.9519
50.41 2.60886 6.20896 3.53613 58.9696
50.42 2.67095 6.1307 3.53749 58.9873
50.43 2.73225 6.05057 3.53885 59.005
50.44 2.79276 5.9686 3.54021 59.0227
50.45 2.85244 5.88482 3.54157 59.0404
50.46 2.91129 5.79925 3.54293 59.0581
50.47 2.96929 5.71191 3.5443 59.0759
50.48 3.0264 5.62283 3.54566 59.0936
50.49 3.08263 5.53204 3.54702 59.1113
50.5 3.13795 5.43956 3.54839 59.129
50.51 3.19235 5.34542 3.54975 59.1468
50.52 3.2458 5.24965 3.55112 59.1645
50.53 3.2983 5.15228 3.55248 59.1823
50.54 3.34982 5.05333 3.55385 59.2
50.55 3.40036 4.95283 3.55521 59.2178
50.56 3.44988 4.85082 3.55658 59.2356
50.57 3.49839 4.74732 3.55795 59.2533
50.58 3.54586 4.64237 3.55932 59.2711
50.59 3.59229 4.536 3.56068 59.2889
50.6 3.63765 4.42823 3.56205 59.3067
50.61 3.68193 4.3191 3.56342 59.3245
50.62 3.72512 4.20864 3.56479 59.3423
50.63 3.76721 4.09689 3.56616 59.3601
50.64 3.80818 3.98387 3.56753 59.3779
50.65 3.84802 3.86963 3.5689 59.3957
50.66 3.88671 3.75418 3.57027 59.4135
50.67 3.92425 3.63758 3.57164 59.4313
50.68 3.96063 3.51986 3.57301 59.4492
50.69 3.99583 3.40104 3.57438 59.467
50.7 4.02984 3.28116 3.57576 59.4848
50.71 4.06265 3.16027 3.57713 59.5027
50.72 4.09425 3.03839 3.5785 59.5205
50.73 4.12464 2.91556 3.57988 59.5384
50.74 4.15379 2.79182 3.58125 59.5562
50.75 4.18171 2.66721 3.58262 59.5741
50.76 4.20838 2.54176 3.584 59.592
50.77 4.2338 2.4155 3.58537 59.6099
50.78 4.25796 2.28849 3.58675 59.6277
50.79 4.28084 2.16075 3.58813 59.6456
50.8 4.30245 2.03233 3.5895 59.6635
50.81 4.32277 1.90325 3.59088 59.6814
50.82 4.3418 1.77357 3.59226 59.6993
50.83 4.35954 1.64332 3.59363 59.7172
50.84 4.37597 1.51253 3.59501 59.7351
50.85 4.3911 1.38125 3.59639 59.7531
50.86 4.40491 1.24952 3.59777 59.771
50.87 4.41741 1.11737 3.59915 59.7889
50.88 4.42858 0.984848 3.60053 59.8069
50.89 4.43843 0.851991 3.60191 59.8248
50.9 4.44695 0.718838 3.60329 59.8428
50.91 4.45414 0.585429 3.60467 59.8607
50.92 4.45999 0.451805 3.60605 59.8787
50.93 4.46451 0.318006 3.60743 59.8966
50.94 4.46769 0.18407 3.60882 59.9146
50.95 4.46953 0.0500396 3.6102 59.9326
50.96 4.47003 -0.0840462 3.61158 59.9506
50.97 4.46919 -0.218147 3.61296 59.9685
50.98 4.46701 -0.352223 3.61435 59.9865
50.99 4.46349 -0.486233 3.61573 60.0045
51 4.45862 -0.620138 3.61712 60.0225
51.01 4.45242 -0.753896 3.6185 60.0405
51.02 4.44488 -0.887469 3.61989 60.0585
51.03 4.43601 -1.02082 3.62127 60.0766
51.04 4.4258 -1.1539 3.62266 60.0946
51.05 4.41426 -1.28667 3.62405 60.1126
51.06 4.40139 -1.4191 3.62543 60.1306
51.07 4.3872 -1.55114 3.62682 60.1487
51.08 4.37169 -1.68276 3.62821 60.1667
51.09 4.35486 -1.81391 3.6296 60.1848
51.1 4.33673 -1.94455 3.63099 60.2028
51.11 4.31728 -2.07465 3.63238 60.2209
51.12 4.29653 -2.20417 3.63377 60.239
51.13 4.27449 -2.33307 3.63516 60.257
51.14 4.25116 -2.4613 3.63655 60.2751
51.15 4.22655 -2.58884 3.63794 60.2932
51.16 4.20066 -2.71563 3.63933 60.3113
51.17 4.1735 -2.84165 3.64072 60.3294
51.18 4.14509 -2.96686 3.64211 60.3475
51.19 4.11542 -3.09121 3.64351 60.3656
51.2 4.08451 -3.21467 3.6449 60.3837
51.21 4.05236 -3.33721 3.64629 60.4018
51.22 4.01899 -3.45878 3.64769 60.4199
51.23 3.9844 -3.57935 3.64908 60.438
51.24 3.94861 -3.69888 3.65048 60.4562
51.25 3.91162 -3.81734 3.65187 60.4743
51.26 3.87344 -3.93469 3.65327 60.4925
51.27 3.8341 -4.05089 3.65466 60.5106
51.28 3.79359 -4.16591 3.65606 60.5288
51.29 3.75193 -4.27972 3.65746 60.5469
51.3 3.70913 -4.39228 3.65885 60.5651
51.31 3.66521 -4.50355 3.66025 60.5833
51.32 3.62017 -4.61351 3.66165 60.6014
51.33 3.57404 -4.72212 3.66305 60.6196
51.34 3.52682 -4.82934 3.66445 60.6378
51.35 3.47852 -4.93514 3.66585 60.656
51.36 3.42917 -5.0395 3.66724 60.6742
51.37 3.37878 -5.14237 3.66865 60.6924
51.38 3.32735 -5.24374 3.67005 60.7106
51.39 3.27492 -5.34356 3.67145 60.7288
51.4 3.22148 -5.4418 3.67285 60.747
51.41 3.16706 -5.53845 3.67425 60.7652
51.42 3.11168 -5.63346 3.67565 60.7835
51.43 3.05534 -5.72681 3.67705 60.8017
51.44 2.99807 -5.81847 3.67846 60.82
51.45 2.93989 -5.90841 3.67986 60.8382
51.46 2.88081 -5.99661 3.68127 60.8565
51.47 2.82084 -6.08303 3.68267 60.8747
51.48 2.76001 -6.16766 3.68407 60.893
51.49 2.69833 -6.25046 3.68548 60.9112
51.5 2.63583 -6.33141 3.68689 60.9295
51.51 2.57251 -6.41048 3.68829 60.9478
51.52 2.50841 -6.48766 3.6897 60.9661
51.53 2.44353 -6.56291 3.6911 60.9844
51.54 2.3779 -6.63622 3.69251 61.0027
51.55 2.31154 -6.70755 3.69392 61.021
51.56 2.24447 -6.7769 3.69533 61.0393
51.57 2.1767 -6.84423 3.69674 61.0576
51.58 2.10825 -6.90954 3.69815 61.0759
51.59 2.03916 -6.97278 3.69956 61.0942
51.6 1.96943 -7.03396 3.70097 61.1125
51.61 1.89909 -7.09304 3.70238 61.1309
51.62 1.82816 -7.15001 3.70379 61.1492
51.63 1.75666 -7.20486 3.7052 61.1676
51.64 1.68461 -7.25756 3.70661 61.1859
51.65 1.61204 -7.3081 3.70802 61.2043
51.66 1.53896 -7.35646 3.70943 61.2226
51.67 1.46539 -7.40263 3.71085 61.241
51.68 1.39137 -7.44659 3.71226 61.2594
51.69 1.3169 -7.48833 3.71367 61.2777
51.7 1.24202 -7.52784 3.71509 61.2961
51.71 1.16674 -7.5651 3.7165 61.3145
51.72 1.09109 -7.6001 3.71792 61.3329
51.73 1.01509 -7.63283 3.71933 61.3513
51.74 0.938758 -7.66328 3.72075 61.3697
51.75 0.862125 -7.69145 3.72216 61.3881
51.76 0.78521 -7.71731 3.72358 61.4065
51.77 0.708037 -7.74087 3.725 61.425
51.78 0.630629 -7.76211 3.72642 61.4434
51.79 0.553008 -7.78103 3.72783 61.4618
51.8 0.475197 -7.79762 3.72925 61.4803
51.81 0.397221 -7.81187 3.73067 61.4987
51.82 0.319102 -7.82379 3.73209 61.5172
51.83 0.240865 -7.83336 3.73351 61.5356
51.84 0.162531 -7.84059 3.73493 61.5541
51.85 0.084125 -7.84546 3.73635 61.5725
51.86 0.00567036 -7.84799 3.73777 61.591
51.87 -0.0728095 -7.84816 3.73919 61.6095
51.88 -0.151291 -7.84597 3.74061 61.628
51.89 -0.229751 -7.84144 3.74204 61.6465
51.9 -0.308165 -7.83454 3.74346 61.665
51.91 -0.386511 -7.8253 3.74488 61.6835
51.92 -0.464764 -7.8137 3.7463 61.702
51.93 -0.542901 -7.79976 3.74773 61.7205
51.94 -0.620898 -7.78347 3.74915 61.739
51.95 -0.698733 -7.76485 3.75058 61.7575
51.96 -0.776381 -7.74388 3.752 61.776
51.97 -0.85382 -7.72059 3.75343 61.7946
51.98 -0.931026 -7.69498 3.75485 61.8131
51.99 -1.00798 -7.66705 3.75628 61.8317
52 -1.08465 -7.63681 3.75771 61.8502
52.01 -1.16101 -7.60427 3.75914 61.8688
52.02 -1.23706 -7.56944 3.76056 61.8873
52.03 -1.31275 -7.53233 3.76199 61.9059
52.04 -1.38807 -7.49294 3.76342 61.9245
52.05 -1.463 -7.4513 3.76485 61.943
52.06 -1.53752 -7.40741 3.76628 61.9616
52.07 -1.61159 -7.36129 3.76771 61.9802
52.08 -1.6852 -7.31294 3.76914 61.9988
52.09 -1.75833 -7.26238 3.77057 62.0174
52.1 -1.83096 -7.20963 3.772 62.036
52.11 -1.90305 -7.1547 3.77343 62.0546
52.12 -1.9746 -7.09761 3.77486 62.0732
52.13 -2.04558 -7.03837 3.7763 62.0919
52.14 -2.11596 -6.97701 3.77773 62.1105
52.15 -2.18573 -6.91353 3.77916 62.1291
52.16 -2.25487 -6.84796 3.7806 62.1478
52.17 -2.32335 -6.78031 3.78203 62.1664
52.18 -2.39115 -6.71061 3.78347 62.185
52.19 -2.45825 -6.63887 3.7849 62.2037
52.2 -2.52464 -6.56513 3.78634 62.2224
52.21 -2.59029 -6.48939 3.78777 62.241
52.22 -2.65519 -6.41168 3.78921 62.2597
52.23 -2.71931 -6.33202 3.79064 62.2784
52.24 -2.78263 -6.25044 3.79208 62.2971
52.25 -2.84513 -6.16697 3.79352 62.3158
52.26 -2.9068 -6.08161 3.79496 62.3344
52.27 -2.96762 -5.99441 3.7964 62.3531
52.28 -3.02756 -5.90538 3.79784 62.3719
52.29 -3.08661 -5.81455 3.79927 62.3906
52.3 -3.14476 -5.72195 3.80071 62.4093
52.31 -3.20198 -5.62761 3.80215 62.428
52.32 -3.25825 -5.53155 3.8036 62.4467
52.33 -3.31357 -5.4338 3.80504 62.4655
52.34 -3.36791 -5.3344 3.80648 62.4842
52.35 -3.42125 -5.23336 3.80792 62.503
52.36 -3.47359 -5.13072 3.80936 62.5217
52.37 -3.52489 -5.02651 3.8108 62.5405
52.38 -3.57516 -4.92077 3.81225 62.5592
52.39 -3.62437 -4.81351 3.81369 62.578
52.4 -3.6725 -4.70478 3.81514 62.5968
52.41 -3.71955 -4.59461 3.81658 62.6155
52.42 -3.7655 -4.48302 3.81803 62.6343
52.43 -3.81033 -4.37006 3.81947 62.6531
52.44 -3.85403 -4.25575 3.82092 62.6719
52.45 -3.89658 -4.14012 3.82236 62.6907
52.46 -3.93798 -4.02323 3.82381 62.7095
52.47 -3.97822 -3.90509 3.82526 62.7283
52.48 -4.01727 -3.78574 3.8267 62.7472
52.49 -4.05513 -3.66522 3.82815 62.766
52.5 -4.09178 -3.54357 3.8296 62.7848
52.51 -4.12721 -3.42082 3.83105 62.8036
52.52 -4.16142 -3.297 3.8325 62.8225
52.53 -4.19439 -3.17216 3.83395 62.8413
52.54 -4.22611 -3.04633 3.8354 62.8602
52.55 -4.25658 -2.91954 3.83685 62.879
52.56 -4.28577 -2.79184 3.8383 62.8979
52.57 -4.31369 -2.66327 3.83975 62.9168
52.58 -4.34032 -2.53386 3.8412 62.9357
52.59 -4.36566 -2.40365 3.84266 62.9545
52.6 -4.3897 -2.27268 3.84411 62.9734
52.61 -4.41242 -2.14099 3.84556 62.9923
52.62 -4.43383 -2.00862 3.84702 63.0112
52.63 -4.45392 -1.8756 3.84847 63.0301
52.64 -4.47268 -1.74199 3.84992 63.049
52.65 -4.4901 -1.6078 3.85138 63.0679
52.66 -4.50617 -1.4731 3.85284 63.0869
52.67 -4.52091 -1.33792 3.85429 63.1058
52.68 -4.53428 -1.20229 3.85575 63.1247
52.69 -4.54631 -1.06626 3.8572 63.1437
52.7 -4.55697 -0.929872 3.85866 63.1626
52.71 -4.56627 -0.793163 3.86012 63.1815
52.72 -4.5742 -0.656175 3.86158 63.2005
52.73 -4.58076 -0.518949 3.86304 63.2195
52.74 -4.58595 -0.381526 3.86449 63.2384
52.75 -4.58977 -0.243947 3.86595 63.2574
52.76 -4.59221 -0.106254 3.86741 63.2764
52.77 -4.59327 0.031512 3.86887 63.2954
52.78 -4.59295 0.16931 3.87033 63.3143
52.79 -4.59126 0.307099 3.8718 63.3333
52.8 -4.58819 0.444836 3.87326 63.3523
52.81 -4.58374 0.582482 3.87472 63.3713
52.82 -4.57792 0.719994 3.87618 63.3904
52.83 -4.57072 0.857332 3.87764 63.4094
52.84 -4.56214 0.994453 3.87911 63.4284
52.85 -4.5522 1.13132 3.88057 63.4474
52.86 -4.54089 1.26788 3.88204 63.4665
52.87 -4.52821 1.40411 3.8835 63.4855
52.88 -4.51417 1.53996 3.88496 63.5045
52.89 -4.49877 1.67538 3.88643 63.5236
52.9 -4.48201 1.81034 3.8879 63.5427
52.91 -4.46391 1.9448 3.88936 63.5617
52.92 -4.44446 2.07872 3.89083 63.5808
52.93 -4.42367 2.21206 3.8923 63.5999
52.94 -4.40155 2.34477 3.89376 63.6189
52.95 -4.37811 2.47681 3.89523 63.638
52.96 -4.35334 2.60816 3.8967 63.6571
52.97 -4.32726 2.73876 3.89817 63.6762
52.98 -4.29987 2.86857 3.89964 63.6953
52.99 -4.27118 2.99757 3.90111 63.7144
53 -4.24121 3.12571 3.90258 63.7335
53.01 -4.20995 3.25294 3.90405 63.7527
53.02 -4.17742 3.37924 3.90552 63.7718
53.03 -4.14363 3.50456 3.90699 63.7909
53.04 -4.10858 3.62887 3.90847 63.8101
53.05 -4.07229 3.75213 3.90994 63.8292
53.06 -4.03477 3.8743 3.91141 63.8483
53.07 -3.99603 3.99534 3.91288 63.8675
53.08 -3.95608 4.11522 3.91436 63.8867
53.09 -3.91492 4.2339 3.91583 63.9058
53.1 -3.87258 4.35135 3.91731 63.925
53.11 -3.82907 4.46753 3.91878 63.9442
53.12 -3.7844 4.5824 3.92026 63.9634
53.13 -3.73857 4.69593 3.92173 63.9825
53.14 -3.69161 4.80809 3.92321 64.0017
53.15 -3.64353 4.91884 3.92469 64.0209
53.16 -3.59434 5.02814 3.92617 64.0401
53.17 -3.54406 5.13597 3.92764 64.0594
53.18 -3.4927 5.2423 3.92912 64.0786
53.19 -3.44028 5.34708 3.9306 64.0978
53.2 -3.38681 5.45029 3.93208 64.117
53.21 -3.33231 5.55189 3.93356 64.1363
53.22 -3.27679 5.65186 3.93504 64.1555
53.23 -3.22027 5.75016 3.93652 64.1748
53.24 -3.16277 5.84677 3.938 64.194
53.25 -3.1043 5.94165 3.93948 64.2133
53.26 -3.04488 6.03478 3.94096 64.2325
53.27 -2.98453 6.12613 3.94245 64.2518
53.28 -2.92327 6.21567 3.94393 64.2711
53.29 -2.86112 6.30336 3.94541 64.2904
53.3 -2.79808 6.3892 3.9469 64.3096
53.31 -2.73419 6.47314 3.94838 64.3289
53.32 -2.66946 6.55517 3.94986 64.3482
53.33 -2.60391 6.63525 3.95135 64.3675
53.34 -2.53756 6.71337 3.95283 64.3868
53.35 -2.47042 6.78949 3.95432 64.4062
53.36 -2.40253 6.86361 3.95581 64.4255
53.37 -2.33389 6.93568 3.95729 64.4448
53.38 -2.26453 7.0057 3.95878 64.4641
53.39 -2.19448 7.07363 3.96027 64.4835
53.4 -2.12374 7.13947 3.96176 64.5028
53.41 -2.05235 7.20318 3.96324 64.5222
53.42 -1.98031 7.26475 3.96473 64.5415
53.43 -1.90767 7.32416 3.96622 64.5609
53.44 -1.83442 7.38139 3.96771 64.5803
53.45 -1.76061 7.43642 3.9692 64.5996
53.46 -1.68625 7.48924 3.97069 64.619
53.47 -1.61135 7.53983 3.97219 64.6384
53.48 -1.53596 7.58817 3.97368 64.6578
53.49 -1.46007 7.63425 3.97517 64.6772
53.5 -1.38373 7.67805 3.97666 64.6966
53.51 -1.30695 7.71956 3.97815 64.716
53.52 -1.22976 7.75877 3.97965 64.7354
53.53 -1.15217 7.79566 3.98114 64.7548
53.54 -1.07421 7.83023 3.98264 64.7743
53.55 -0.995909 7.86246 3.98413 64.7937
53.56 -0.917284 7.89233 3.98563 64.8131
53.57 -0.838361 7.91985 3.98712 64.8326
53.58 -0.759162 7.945 3.98862 64.852
53.59 -0.679712 7.96778 3.99011 64.8715
53.6 -0.600035 7.98817 3.99161 64.891
53.61 -0.520153 8.00617 3.99311 64.9104
53.62 -0.440091 8.02177 3.99461 64.9299
53.63 -0.359874 8.03498 3.99611 64.9494
53.64 -0.279524 8.04577 3.9976 64.9689
53.65 -0.199066 8.05416 3.9991 64.9883
53.66 -0.118524 8.06013 4.0006 65.0078
53.67 -0.0379232 8.06369 4.0021 65.0273
53.68 0.0427137 8.06482 4.0036 65.0469
53.69 0.123362 8.06354 4.00511 65.0664
53.7 0.203997 8.05984 4.00661 65.0859
53.71 0.284596 8.05372 4.00811 65.1054
53.72 0.365133 8.04518 4.00961 65.1249
53.73 0.445585 8.03423 4.01111 65.1445
53.74 0.525927 8.02086 4.01262 65.164
53.75 0.606136 8.00508 4.01412 65.1836
53.76 0.686187 7.9869 4.01563 65.2031
53.77 0.766056 7.96631 4.01713 65.2227
53.78 0.845719 7.94333 4.01864 65.2423
53.79 0.925152 7.91796 4.02014 65.2618
53.8 1.00433 7.89021 4.02165 65.2814
53.81 1.08323 7.86008 4.02315 65.301
53.82 1.16183 7.82758 4.02466 65.3206
53.83 1.24011 7.79272 4.02617 65.3402
53.84 1.31804 7.75552 4.02768 65.3598
53.85 1.39559 7.71598 4.02918 65.3794
53.86 1.47275 7.67411 4.03069 65.399
53.87 1.54949 7.62993 4.0322 65.4186
53.88 1.62579 7.58345 4.03371 65.4382
53.89 1.70163 7.53467 4.03522 65.4579
53.9 1.77697 7.48362 4.03673 65.4775
53.91 1.85181 7.43031 4.03824 65.4972
53.92 1.92611 7.37476 4.03975 65.5168
53.93 1.99986 7.31698 4.04127 65.5365
53.94 2.07303 7.25698 4.04278 65.5561
53.95 2.1456 7.19479 4.04429 65.5758
53.96 2.21755 7.13042 4.04581 65.5955
53.97 2.28885 7.06389 4.04732 65.6151
53.98 2.35949 6.99523 4.04883 65.6348
53.99 2.42944 6.92444 4.05035 65.6545
54 2.49869 6.85156 4.05186 65.6742
54.01 2.5672 6.7766 4.05338 65.6939
54.02 2.63497 6.69958 4.05489 65.7136
54.03 2.70197 6.62053 4.05641 65.7333
54.04 2.76817 6.53948 4.05793 65.7531
54.05 2.83357 6.45643 4.05945 65.7728
54.06 2.89813 6.37142 4.06096 65.7925
54.07 2.96184 6.28448 4.06248 65.8123
54.08 3.02469 6.19562 4.064 65.832
54.09 3.08665 6.10488 4.06552 65.8517
54.1 3.14769 6.01228 4.06704 65.8715
54.11 3.20782 5.91785 4.06856 65.8913
54.12 3.267 5.82162 4.07008 65.911
54.13 3.32521 5.72361 4.0716 65.9308
54.14 3.38245 5.62385 4.07312 65.9506
54.15 3.43869 5.52238 4.07464 65.9704
54.16 3.49391 5.41922 4.07617 65.9902
54.17 3.5481 5.3144 4.07769 66.01
54.18 3.60125 5.20796 4.07921 66.0298
54.19 3.65333 5.09992 4.08074 66.0496
54.2 3.70433 4.99032 4.08226 66.0694
54.21 3.75423 4.87919 4.08379 66.0892
54.22 3.80302 4.76656 4.08531 66.109
54.23 3.85069 4.65247 4.08684 66.1289
54.24 3.89721 4.53695 4.08836 66.1487
54.25 3.94258 4.42004 4.08989 66.1686
54.26 3.98678 4.30176 4.09142 66.1884
54.27 4.0298 4.18216 4.09294 66.2083
54.28 4.07162 4.06126 4.09447 66.2281
54.29 4.11223 3.93911 4.096 66.248
54.3 4.15162 3.81575 4.09753 66.2679
54.31 4.18978 3.6912 4.09906 66.2877
54.32 4.22669 3.5655 4.10059 66.3076
54.33 4.26235 3.4387 4.10212 66.3275
54.34 4.29674 3.31083 4.10365 66.3474
54.35 4.32984 3.18193 4.10518 66.3673
54.36 4.36166 3.05204 4.10671 66.3872
54.37 4.39218 2.92119 4.10824 66.4072
54.38 4.4214 2.78942 4.10977 66.4271
54.39 4.44929 2.65678 4.11131 66.447
54.4 4.47586 2.5233 4.11284 66.4669
54.41 4.50109 2.38902 4.11438 66.4869
54.42 4.52498 2.25399 4.11591 66.5068
54.43 4.54752 2.11824 4.11744 66.5268
54.44 4.5687 1.98182 4.11898 66.5467
54.45 4.58852 1.84476 4.12052 66.5667
54.46 4.60697 1.7071 4.12205 66.5867
54.47 4.62404 1.56889 4.12359 66.6066
54.48 4.63973 1.43017 4.12512 66.6266
54.49 4.65403 1.29098 4.12666 66.6466
54.5 4.66694 1.15136 4.1282 66.6666
54.51 4.67845 1.01135 4.12974 66.6866
54.52 4.68857 0.870995 4.13128 66.7066
54.53 4.69728 0.730338 4.13282 66.7266
54.54 4.70458 0.58942 4.13436 66.7466
54.55 4.71047 0.448282 4.1359 66.7667
54.56 4.71496 0.306968 4.13744 66.7867
54.57 4.71803 0.16552 4.13898 66.8067
54.58 4.71968 0.0239787 4.14052 66.8268
54.59 4.71992 -0.117612 4.14206 66.8468
54.6 4.71875 -0.259209 4.14361 66.8669
54.61 4.71615 -0.400772 4.14515 66.8869
54.62 4.71215 -0.542256 4.14669 66.907
54.63 4.70672 -0.683621 4.14824 66.9271
54.64 4.69989 -0.824822 4.14978 66.9472
54.65 4.69164 -0.965819 4.15133 66.9672
54.66 4.68198 -1.10657 4.15287 66.9873
54.67 4.67092 -1.24703 4.15442 67.0074
54.68 4.65844 -1.38716 4.15596 67.0275
54.69 4.64457 -1.52691 4.15751 67.0476
54.7 4.6293 -1.66625 4.15906 67.0677
54.71 4.61264 -1.80512 4.16061 67.0879
54.72 4.59459 -1.9435 4.16215 67.108
54.73 4.57516 -2.08134 4.1637 67.1281
54.74 4.55434 -2.2186 4.16525 67.1483
54.75 4.53216 -2.35523 4.1668 67.1684
54.76 4.5086 -2.49119 4.16835 67.1886
54.77 4.48369 -2.62645 4.1699 67.2087
54.78 4.45743 -2.76096 4.17145 67.2289
54.79 4.42982 -2.89468 4.173 67.249
54.8 4.40087 -3.02758 4.17456 67.2692
54.81 4.3706 -3.1596 4.17611 67.2894
54.82 4.339 -3.29072 4.17766 67.3096
54.83 4.30609 -3.42089 4.17921 67.3298
54.84 4.27188 -3.55007 4.18077 67.35
54.85 4.23638 -3.67823 4.18232 67.3702
54.86 4.1996 -3.80532 4.18388 67.3904
54.87 4.16155 -3.93131 4.18543 67.4106
54.88 4.12223 -4.05616 4.18699 67.4308
54.89 4.08167 -4.17982 4.18854 67.4511
54.9 4.03987 -4.30227 4.1901 67.4713
54.91 3.99685 -4.42347 4.19166 67.4915
54.92 3.95262 -4.54338 4.19321 67.5118
54.93 3.90718 -4.66195 4.19477 67.532
54.94 3.86056 -4.77917 4.19633 67.5523
54.95 3.81277 -4.89499 4.19789 67.5726
54.96 3.76382 -5.00937 4.19945 67.5928
54.97 3.71373 -5.12228 4.20101 67.6131
54.98 3.66251 -5.2337 4.20257 67.6334
54.99 3.61017 -5.34357 4.20413 67.6537
55 3.55673 -5.45188 4.20569 67.674
55.01 3.50221 -5.55858 4.20725 67.6943
55.02 3.44663 -5.66364 4.20882 67.7146
55.03 3.38999 -5.76704 4.21038 67.7349
55.04 3.33232 -5.86874 4.21194 67.7552
55.05 3.27363 -5.96871 4.2135 67.7756
55.06 3.21395 -6.06692 4.21507 67.7959
55.07 3.15328 -6.16334 4.21663 67.8162
55.08 3.09164 -6.25794 4.2182 67.8366
55.09 3.02906 -6.35069 4.21976 67.8569
55.1 2.96556 -6.44156 4.22133 67.8773
55.11 2.90114 -6.53053 4.2229 67.8976
55.12 2.83584 -6.61756 4.22446 67.918
55.13 2.76966 -6.70264 4.22603 67.9384
55.14 2.70263 -6.78573 4.2276 67.9588
55.15 2.63478 -6.8668 4.22917 67.9792
55.16 2.56611 -6.94585 4.23074 67.9996
55.17 2.49665 -7.02283 4.2323 68.02
55.18 2.42642 -7.09773 4.23387 68.0404
55.19 2.35545 -7.17052 4.23544 68.0608
55.2 2.28374 -7.24119 4.23701 68.0812
55.21 2.21133 -7.3097 4.23859 68.1016
55.22 2.13823 -7.37604 4.24016 68.122
55.23 2.06447 -7.44019 4.24173 68.1425
55.24 1.99007 -7.50212 4.2433 68.1629
55.25 1.91505 -7.56182 4.24488 68.1834
55.26 1.83943 -7.61927 4.24645 68.2038
55.27 1.76324 -7.67446 4.24802 68.2243
55.28 1.68649 -7.72735 4.2496 68.2448
55.29 1.60922 -7.77795 4.25117 68.2652
55.3 1.53144 -7.82622 4.25275 68.2857
55.31 1.45318 -7.87217 4.25432 68.3062
55.32 1.37446 -7.91576 4.2559 68.3267
55.33 1.2953 -7.957 4.25748 68.3472
55.34 1.21573 -7.99586 4.25905 68.3677
55.35 1.13577 -8.03233 4.26063 68.3882
55.36 1.05545 -8.0664 4.26221 68.4087
55.37 0.974782 -8.09806 4.26379 68.4292
55.38 0.893801 -8.12731 4.26537 68.4498
55.39 0.812528 -8.15412 4.26695 68.4703
55.4 0.730987 -8.1785 4.26853 68.4908
55.41 0.649202 -8.20043 4.27011 68.5114
55.42 0.567198 -8.2199 4.27169 68.5319
55.43 0.484999 -8.23692 4.27327 68.5525
55.44 0.402629 -8.25147 4.27485 68.5731
55.45 0.320115 -8.26355 4.27643 68.5936
55.46 0.237479 -8.27315 4.27802 68.6142
55.47 0.154748 -8.28028 4.2796 68.6348
55.48 0.0719449 -8.28492 4.28118 68.6554
55.49 -0.0109043 -8.28708 4.28277 68.676
55.5 -0.093775 -8.28675 4.28435 68.6966
55.51 -0.176643 -8.28394 4.28594 68.7172
55.52 -0.259482 -8.27864 4.28752 68.7378
55.53 -0.342268 -8.27085 4.28911 68.7584
55.54 -0.424977 -8.26058 4.2907 68.7791
55.55 -0.507583 -8.24784 4.29228 68.7997
55.56 -0.590061 -8.23261 4.29387 68.8203
55.57 -0.672387 -8.21491 4.29546 68.841
55.58 -0.754536 -8.19473 4.29705 68.8616
55.59 -0.836483 -8.1721 4.29864 68.8823
55.6 -0.918204 -8.147 4.30023 68.903
55.61 -0.999674 -8.11946 4.30182 68.9236
55.62 -1.08087 -8.08947 4.30341 68.9443
55.63 -1.16176 -8.05704 4.305 68.965
55.64 -1.24233 -8.02219 4.30659 68.9857
55.65 -1.32256 -7.98492 4.30818 69.0064
55.66 -1.40241 -7.94524 4.30978 69.0271
55.67 -1.48186 -7.90317 4.31137 69.0478
55.68 -1.56089 -7.85871 4.31296 69.0685
55.69 -1.63948 -7.81189 4.31456 69.0892
55.7 -1.7176 -7.7627 4.31615 69.11
55.71 -1.79522 -7.71117 4.31775 69.1307
55.72 -1.87233 -7.65732 4.31934 69.1514
55.73 -1.94891 -7.60115 4.32094 69.1722
55.74 -2.02492 -7.54268 4.32253 69.1929
55.75 -2.10035 -7.48193 4.32413 69.2137
55.76 -2.17516 -7.41892 4.32573 69.2344
55.77 -2.24935 -7.35367 4.32732 69.2552
55.78 -2.32289 -7.28619 4.32892 69.276
55.79 -2.39575 -7.2165 4.33052 69.2968
55.8 -2.46792 -7.14463 4.33212 69.3176
55.81 -2.53936 -7.07059 4.33372 69.3384
55.82 -2.61007 -6.99441 4.33532 69.3592
55.83 -2.68001 -6.91611 4.33692 69.38
55.84 -2.74918 -6.83571 4.33852 69.4008
55.85 -2.81753 -6.75323 4.34012 69.4216
55.86 -2.88506 -6.66871 4.34173 69.4424
55.87 -2.95175 -6.58215 4.34333 69.4633
55.88 -3.01757 -6.4936 4.34493 69.4841
55.89 -3.08251 -6.40307 4.34653 69.5049
55.9 -3.14654 -6.3106 4.34814 69.5258
55.91 -3.20965 -6.2162 4.34974 69.5467
55.92 -3.27181 -6.11991 4.35135 69.5675
55.93 -3.33301 -6.02176 4.35295 69.5884
55.94 -3.39322 -5.92177 4.35456 69.6093
55.95 -3.45244 -5.81997 4.35617 69.6301
55.96 -3.51064 -5.7164 4.35777 69.651
55.97 -3.56781 -5.61108 4.35938 69.6719
55.98 -3.62392 -5.50405 4.36099 69.6928
55.99 -3.67896 -5.39533 4.3626 69.7137
56 -3.73291 -5.28496 4.3642 69.7347
56.01 -3.78576 -5.17297 4.36581 69.7556
56.02 -3.83749 -5.0594 4.36742 69.7765
56.03 -3.88808 -4.94427 4.36903 69.7974
56.04 -3.93753 -4.82763 4.37064 69.8184
56.05 -3.9858 -4.70951 4.37226 69.8393
56.06 -4.0329 -4.58993 4.37387 69.8603
56.07 -4.0788 -4.46895 4.37548 69.8812
56.08 -4.12349 -4.34658 4.37709 69.9022
56.09 -4.16695 -4.22288 4.37871 69.9232
56.1 -4.20918 -4.09787 4.38032 69.9441
56.11 -4.25016 -3.97159 4.38193 69.9651
56.12 -4.28988 -3.84409 4.38355 69.9861
56.13 -4.32832 -3.71539 4.38516 70.0071
56.14 -4.36547 -3.58554 4.38678 70.0281
56.15 -4.40133 -3.45458 4.38839 70.0491
56.16 -4.43587 -3.32254 4.39001 70.0701
56.17 -4.4691 -3.18946 4.39163 70.0912
56.18 -4.50099 -3.05539 4.39324 70.1122
56.19 -4.53155 -2.92036 4.39486 70.1332
56.2 -4.56075 -2.78441 4.39648 70.1543
56.21 -4.58859 -2.64759 4.3981 70.1753
56.22 -4.61507 -2.50993 4.39972 70.1964
56.23 -4.64017 -2.37148 4.40134 70.2174
56.24 -4.66388 -2.23228 4.40296 70.2385
56.25 -4.68621 -2.09236 4.40458 70.2596
56.26 -4.70713 -1.95177 4.4062 70.2806
56.27 -4.72665 -1.81056 4.40782 70.3017
56.28 -4.74475 -1.66876 4.40945 70.3228
56.29 -4.76144 -1.52642 4.41107 70.3439
56.3 -4.7767 -1.38357 4.41269 70.365
56.31 -4.79054 -1.24027 4.41432 70.3861
56.32 -4.80294 -1.09656 4.41594 70.4072
56.33 -4.81391 -0.952468 4.41757 70.4284
56.34 -4.82343 -0.808051 4.41919 70.4495
56.35 -4.83151 -0.663348 4.42082 70.4706
56.36 -4.83815 -0.518402 4.42244 70.4918
56.37 -4.84333 -0.373258 4.42407 70.5129
56.38 -4.84706 -0.227958 4.4257 70.5341
56.39 -4.84934 -0.082546 4.42732 70.5552
56.4 -4.85017 0.0629343 4.42895 70.5764
56.41 -4.84954 0.208439 4.43058 70.5976
56.42 -4.84746 0.353926 4.43221 70.6187
56.43 -4.84392 0.499349 4.43384 70.6399
56.44 -4.83892 0.644667 4.43547 70.6611
56.45 -4.83248 0.789834 4.4371 70.6823
56.46 -4.82458 0.934809 4.43873 70.7035
56.47 -4.81523 1.07955 4.44036 70.7247
56.48 -4.80443 1.224 4.442 70.7459
56.49 -4.79219 1.36814 4.44363 70.7672
56.5 -4.77851 1.5119 4.44526 70.7884
56.51 -4.76339 1.65526 4.4469 70.8096
56.52 -4.74684 1.79816 4.44853 70.8309
56.53 -4.72886 1.94056 4.45016 70.8521
56.54 -4.70945 2.08243 4.4518 70.8734
56.55 -4.68863 2.22371 4.45343 70.8946
56.56 -4.66639 2.36437 4.45507 70.9159
56.57 -4.64275 2.50436 4.45671 70.9372
56.58 -4.61771 2.64365 4.45834 70.9585
56.59 -4.59127 2.78218 4.45998 70.9798
56.6 -4.56345 2.91992 4.46162 71.0011
56.61 -4.53425 3.05682 4.46326 71.0224
56.62 -4.50368 3.19285 4.4649 71.0437
56.63 -4.47175 3.32796 4.46654 71.065
56.64 -4.43847 3.46211 4.46818 71.0863
56.65 -4.40385 3.59526 4.46982 71.1076
56.66 -4.3679 3.72738 4.47146 71.129
56.67 -4.33062 3.85842 4.4731 71.1503
56.68 -4.29204 3.98834 4.47474 71.1716
56.69 -4.25216 4.1171 4.47638 71.193
56.7 -4.21099 4.24466 4.47803 71.2143
56.71 -4.16854 4.37099 4.47967 71.2357
56.72 -4.12483 4.49605 4.48131 71.2571
56.73 -4.07987 4.61979 4.48296 71.2785
56.74 -4.03367 4.74219 4.4846 71.2998
56.75 -3.98625 4.8632 4.48625 71.3212
56.76 -3.93762 4.98279 4.48789 71.3426
56.77 -3.88779 5.10091 4.48954 71.364
56.78 -3.83678 5.21755 4.49119 71.3854
56.79 -3.7846 5.33265 4.49283 71.4069
56.8 -3.73128 5.44619 4.49448 71.4283
56.81 -3.67682 5.55813 4.49613 71.4497
56.82 -3.62123 5.66843 4.49778 71.4711
56.83 -3.56455 5.77707 4.49943 71.4926
56.84 -3.50678 5.88401 4.50108 71.514
56.85 -3.44794 5.98921 4.50273 71.5355
56.86 -3.38805 6.09265 4.50438 71.5569
56.87 -3.32712 6.19429 4.50603 71.5784
56.88 -3.26518 6.2941 4.50768 71.5999
56.89 -3.20224 6.39206 4.50934 71.6214
56.9 -3.13832 6.48812 4.51099 71.6429
56.91 -3.07344 6.58227 4.51264 71.6643
56.92 -3.00761 6.67448 4.5143 71.6858
56.93 -2.94087 6.76471 4.51595 71.7073
56.94 -2.87322 6.85293 4.5176 71.7289
56.95 -2.80469 6.93913 4.51926 71.7504
56.96 -2.7353 7.02327 4.52092 71.7719
56.97 -2.66507 7.10533 4.52257 71.7934
56.98 -2.59401 7.18528 4.52423 71.815
56.99 -2.52216 7.2631 4.52589 71.8365
57 -2.44953 7.33876 4.52754 71.8581
57.01 -2.37614 7.41225 4.5292 71.8796
57.02 -2.30202 7.48354 4.53086 71.9012
57.03 -2.22718 7.5526 4.53252 71.9228
57.04 -2.15166 7.61941 4.53418 71.9443
57.05 -2.07546 7.68396 4.53584 71.9659
57.06 -1.99863 7.74623 4.5375 71.9875
57.07 -1.92116 7.80618 4.53916 72.0091
57.08 -1.8431 7.86382 4.54082 72.0307
57.09 -1.76446 7.91911 4.54249 72.0523
57.1 -1.68527 7.97205 4.54415 72.0739
57.11 -1.60555 8.0226 4.54581 72.0956
57.12 -1.52533 8.07077 4.54748 72.1172
57.13 -1.44462 8.11653 4.54914 72.1388
57.14 -1.36345 8.15987 4.5508 72.1605
57.15 -1.28185 8.20077 4.55247 72.1821
57.16 -1.19985 8.23923 4.55414 72.2038
57.17 -1.11745 8.27522 4.5558 72.2254
57.18 -1.0347 8.30875 4.55747 72.2471
57.19 -0.951614 8.33979 4.55914 72.2688
57.2 -0.868216 8.36834 4.5608 72.2904
57.21 -0.784533 8.39438 4.56247 72.3121
57.22 -0.700589 8.41792 4.56414 72.3338
57.23 -0.61641 8.43894 4.56581 72.3555
57.24 -0.53202 8.45743 4.56748 72.3772
57.25 -0.447446 8.47339 4.56915 72.3989
57.26 -0.362712 8.48681 4.57082 72.4207
57.27 -0.277844 8.49769 4.57249 72.4424
57.28 -0.192867 8.50603 4.57416 72.4641
57.29 -0.107807 8.51182 4.57584 72.4859
57.3 -0.0226887 8.51505 4.57751 72.5076
57.31 0.0624618 8.51573 4.57918 72.5294
57.32 0.147619 8.51386 4.58086 72.5511
57.33 0.232758 8.50943 4.58253 72.5729
57.34 0.317852 8.50245 4.5842 72.5947
57.35 0.402876 8.49291 4.58588 72.6164
57.36 0.487806 8.48082 4.58756 72.6382
57.37 0.572614 8.46619 4.58923 72.66
57.38 0.657276 8.44901 4.59091 72.6818
57.39 0.741766 8.42929 4.59259 72.7036
57.4 0.826059 8.40704 4.59426 72.7254
57.41 0.910129 8.38226 4.59594 72.7472
57.42 0.993952 8.35495 4.59762 72.7691
57.43 1.0775 8.32514 4.5993 72.7909
57.44 1.16075 8.29281 4.60098 72.8127
57.45 1.24368 8.25799 4.60266 72.8346
57.46 1.32626 8.22068 4.60434 72.8564
57.47 1.40847 8.18089 4.60602 72.8783
57.48 1.49028 8.13864 4.6077 72.9002
57.49 1.57166 8.09393 4.60939 72.922
57.5 1.6526 8.04678 4.61107 72.9439
57.51 1.73307 7.9972 4.61275 72.9658
57.52 1.81304 7.94521 4.61444 72.9877
57.53 1.89249 7.89082 4.61612 73.0096
57.54 1.9714 7.83404 4.61781 73.0315
57.55 2.04974 7.7749 4.61949 73.0534
57.56 2.12749 7.71341 4.62118 73.0753
57.57 2.20463 7.64958 4.62286 73.0972
57.58 2.28112 7.58344 4.62455 73.1191
57.59 2.35696 7.51501 4.62624 73.1411
57.6 2.43211 7.4443 4.62793 73.163
57.61 2.50655 7.37134 4.62961 73.185
57.62 2.58026 7.29614 4.6313 73.2069
57.63 2.65322 7.21873 4.63299 73.2289
57.64 2.72541 7.13914 4.63468 73.2509
57.65 2.7968 7.05737 4.63637 73.2728
57.66 2.86738 6.97347 4.63806 73.2948
57.67 2.93711 6.88745 4.63975 73.3168
57.68 3.00599 6.79934 4.64145 73.3388
57.69 3.07398 6.70916 4.64314 73.3608
57.7 3.14107 6.61694 4.64483 73.3828
57.71 3.20724 6.5227 4.64653 73.4048
57.72 3.27247 6.42649 4.64822 73.4268
57.73 3.33673 6.32831 4.64991 73.4489
57.74 3.40001 6.22821 4.65161 73.4709
57.75 3.4623 6.12621 4.6533 73.493
57.76 3.52356 6.02234 4.655 73.515
57.77 3.58378 5.91664 4.6567 73.5371
57.78 3.64295 5.80912 4.65839 73.5591
57.79 3.70104 5.69983 4.66009 73.5812
57.8 3.75804 5.5888 4.66179 73.6033
57.81 3.81393 5.47606 4.66349 73.6253
57.82 3.86869 5.36164 4.66519 73.6474
57.83 3.9223 5.24558 4.66689 73.6695
57.84 3.97476 5.12791 4.66859 73.6916
57.85 4.02604 5.00867 4.67029 73.7137
57.86 4.07612 4.88789 4.67199 73.7358
57.87 4.125 4.76561 4.67369 73.758
57.88 4.17266 4.64186 4.67539 73.7801
57.89 4.21908 4.51668 4.67709 73.8022
57.9 4.26424 4.3901 4.6788 73.8244
57.91 4.30815 4.26218 4.6805 73.8465
57.92 4.35077 4.13293 4.68221 73.8687
57.93 4.3921 4.00241 4.68391 73.8908
57.94 4.43212 3.87065 4.68562 73.913
57.95 4.47083 3.73768 4.68732 73.9352
57.96 4.5082 3.60356 4.68903 73.9574
57.97 4.54424 3.46831 4.69073 73.9795
57.98 4.57892 3.33198 4.69244 74.0017
57.99 4.61224 3.19462 4.69415 74.0239
58 4.64419 3.05625 4.69586 74.0461
58.01 4.67475 2.91692 4.69757 74.0684
58.02 4.70392 2.77668 4.69927 74.0906
58.03 4.73169 2.63556 4.70098 74.1128
58.04 4.75804 2.49361 4.7027 74.135
58.05 4.78298 2.35087 4.70441 74.1573
58.06 4.80649 2.20738 4.70612 74.1795
58.07 4.82856 2.06319 4.70783 74.2018
58.08 4.84919 1.91833 4.70954 74.224
58.09 4.86838 1.77285 4.71125 74.2463
58.1 4.88611 1.6268 4.71297 74.2686
58.11 4.90237 1.48022 4.71468 74.2909
58.12 4.91718 1.33315 4.7164 74.3131
58.13 4.93051 1.18563 4.71811 74.3354
58.14 4.94236 1.03772 4.71983 74.3577
58.15 4.95274 0.889448 4.72154 74.38
58.16 4.96164 0.740866 4.72326 74.4024
58.17 4.96904 0.592017 4.72498 74.4247
58.18 4.97496 0.442945 4.72669 74.447
58.19 4.97939 0.293696 4.72841 74.4693
58.2 4.98233 0.144314 4.73013 74.4917
58.21 4.98377 -0.00515546 4.73185 74.514
58.22 4.98372 -0.154669 4.73357 74.5364
58.23 4.98218 -0.30418 4.73529 74.5587
58.24 4.97913 -0.453646 4.73701 74.5811
58.25 4.9746 -0.60302 4.73873 74.6035
58.26 4.96857 -0.752258 4.74045 74.6259
58.27 4.96104 -0.901315 4.74217 74.6483
58.28 4.95203 -1.05015 4.7439 74.6707
58.29 4.94153 -1.19871 4.74562 74.6931
58.3 4.92954 -1.34695 4.74734 74.7155
58.31 4.91607 -1.49484 4.74907 74.7379
58.32 4.90113 -1.64232 4.75079 74.7603
58.33 4.8847 -1.78935 4.75252 74.7827
58.34 4.86681 -1.9359 4.75424 74.8052
58.35 4.84745 -2.0819 4.75597 74.8276
58.36 4.82663 -2.22732 4.7577 74.8501
58.37 4.80436 -2.37212 4.75942 74.8725
58.38 4.78064 -2.51625 4.76115 74.895
58.39 4.75547 -2.65967 4.76288 74.9174
58.4 4.72888 -2.80234 4.76461 74.9399
58.41 4.70085 -2.9442 4.76634 74.9624
58.42 4.67141 -3.08523 4.76807 74.9849
58.43 4.64056 -3.22537 4.7698 75.0074
58.44 4.60831 -3.36459 4.77153 75.0299
58.45 4.57466 -3.50284 4.77326 75.0524
58.46 4.53963 -3.64008 4.77499 75.0749
58.47 4.50323 -3.77627 4.77673 75.0974
58.48 4.46547 -3.91136 4.77846 75.12
58.49 4.42635 -4.04533 4.78019 75.1425
58.5 4.3859 -4.17812 4.78193 75.165
58.51 4.34412 -4.30969 4.78366 75.1876
58.52 4.30102 -4.44002 4.7854 75.2101
58.53 4.25662 -4.56905 4.78713 75.2327
58.54 4.21093 -4.69675 4.78887 75.2553
58.55 4.16396 -4.82307 4.7906 75.2779
58.56 4.11573 -4.94799 4.79234 75.3004
58.57 4.06625 -5.07147 4.79408 75.323
58.58 4.01554 -5.19345 4.79582 75.3456
58.59 3.9636 -5.31392 4.79756 75.3682
58.6 3.91047 -5.43283 4.79929 75.3908
58.61 3.85614 -5.55014 4.80103 75.4135
58.62 3.80064 -5.66583 4.80278 75.4361
58.63 3.74398 -5.77984 4.80452 75.4587
58.64 3.68618 -5.89216 4.80626 75.4813
58.65 3.62726 -6.00275 4.808 75.504
58.66 3.56723 -6.11157 4.80974 75.5266
58.67 3.50611 -6.21858 4.81148 75.5493
58.68 3.44393 -6.32377 4.81323 75.572
58.69 3.38069 -6.42709 4.81497 75.5946
58.7 3.31642 -6.52851 4.81672 75.6173
58.71 3.25113 -6.628 4.81846 75.64
58.72 3.18485 -6.72553 4.82021 75.6627
58.73 3.1176 -6.82108 4.82195 75.6854
58.74 3.04939 -6.91461 4.8237 75.7081
58.75 2.98024 -7.00609 4.82545 75.7308
58.76 2.91018 -7.0955 4.82719 75.7535
58.77 2.83923 -7.1828 4.82894 75.7763
58.78 2.7674 -7.26798 4.83069 75.799
58.79 2.69472 -7.351 4.83244 75.8217
58.8 2.62121 -7.43184 4.83419 75.8445
58.81 2.54689 -7.51048 4.83594 75.8672
58.82 2.47179 -7.58688 4.83769 75.89
58.83 2.39592 -7.66104 4.83944 75.9128
58.84 2.31931 -7.73292 4.84119 75.9355
58.85 2.24198 -7.80249 4.84295 75.9583
58.86 2.16395 -7.86975 4.8447 75.9811
58.87 2.08525 -7.93467 4.84645 76.0039
58.88 2.00591 -7.99723 4.84821 76.0267
58.89 1.92594 -8.05741 4.84996 76.0495
58.9 1.84536 -8.11519 4.85172 76.0723
58.91 1.76421 -8.17055 4.85347 76.0951
58.92 1.6825 -8.22347 4.85523 76.118
58.93 1.60027 -8.27395 4.85698 76.1408
58.94 1.51753 -8.32196 4.85874 76.1636
58.95 1.43431 -8.36748 4.8605 76.1865
58.96 1.35064 -8.41051 4.86226 76.2093
58.97 1.26653 -8.45103 4.86402 76.2322
58.98 1.18202 -8.48903 4.86578 76.2551
58.99 1.09713 -8.52449 4.86753 76.278
59 1.01189 -8.5574 4.8693 76.3008
59.01 0.926311 -8.58776 4.87106 76.3237
59.02 0.840434 -8.61555 4.87282 76.3466
59.03 0.754278 -8.64076 4.87458 76.3695
59.04 0.667871 -8.66339 4.87634 76.3924
59.05 0.581237 -8.68342 4.8781 76.4154
59.06 0.494403 -8.70086 4.87987 76.4383
59.07 0.407394 -8.71569 4.88163 76.4612
59.08 0.320237 -8.72791 4.8834 76.4842
59.09 0.232958 -8.73752 4.88516 76.5071
59.1 0.145583 -8.74451 4.88693 76.53
59.11 0.0581375 -8.74888 4.88869 76.553
59.12 -0.0293512 -8.75062 4.89046 76.576
59.13 -0.116857 -8.74974 4.89223 76.5989
59.14 -0.204355 -8.74624 4.89399 76.6219
59.15 -0.291817 -8.74011 4.89576 76.6449
59.16 -0.379218 -8.73135 4.89753 76.6679
59.17 -0.466532 -8.71997 4.8993 76.6909
59.18 -0.553732 -8.70598 4.90107 76.7139
59.19 -0.640791 -8.68937 4.90284 76.7369
59.2 -0.727685 -8.67014 4.90461 76.7599
59.21 -0.814386 -8.64831 4.90638 76.783
59.22 -0.90087 -8.62388 4.90815 76.806
59.23 -0.987108 -8.59685 4.90993 76.8291
59.24 -1.07308 -8.56724 4.9117 76.8521
59.25 -1.15875 -8.53505 4.91347 76.8752
59.26 -1.2441 -8.50029 4.91525 76.8982
59.27 -1.3291 -8.46296 4.91702 76.9213
59.28 -1.41373 -8.42309 4.9188 76.9444
59.29 -1.49796 -8.38068 4.92057 76.9675
59.3 -1.58177 -8.33574 4.92235 76.9905
59.31 -1.66513 -8.28829 4.92413 77.0136
59.32 -1.74801 -8.23833 4.9259 77.0367
59.33 -1.83039 -8.18589 4.92768 77.0599
59.34 -1.91225 -8.13098 4.92946 77.083
59.35 -1.99356 -8.07361 4.93124 77.1061
59.36 -2.0743 -8.01381 4.93302 77.1292
59.37 -2.15444 -7.95158 4.9348 77.1524
59.38 -2.23395 -7.88694 4.93658 77.1755
59.39 -2.31282 -7.81993 4.93836 77.1987
59.4 -2.39102 -7.75054 4.94014 77.2218
59.41 -2.46853 -7.67881 4.94192 77.245
59.42 -2.54531 -7.60475 4.9437 77.2682
59.43 -2.62136 -7.52839 4.94549 77.2913
59.44 -2.69665 -7.44975 4.94727 77.3145
59.45 -2.77114 -7.36885 4.94906 77.3377
59.46 -2.84483 -7.28572 4.95084 77.3609
59.47 -2.91769 -7.20038 4.95263 77.3841
59.48 -2.98969 -7.11284 4.95441 77.4074
59.49 -3.06082 -7.02315 4.9562 77.4306
59.5 -3.13105 -6.93133 4.95798 77.4538
59.51 -3.20037 -6.8374 4.95977 77.477
59.52 -3.26874 -6.74139 4.96156 77.5003
59.53 -3.33615 -6.64332 4.96335 77.5235
59.54 -3.40259 -6.54324 4.96514 77.5468
59.55 -3.46802 -6.44116 4.96693 77.5701
59.56 -3.53243 -6.33712 4.96872 77.5933
59.57 -3.5958 -6.23115 4.97051 77.6166
59.58 -3.65811 -6.12327 4.9723 77.6399
59.59 -3.71935 -6.01353 4.97409 77.6632
59.6 -3.77948 -5.90195 4.97588 77.6865
59.61 -3.8385 -5.78857 4.97768 77.7098
59.62 -3.89639 -5.67341 4.97947 77.7331
59.63 -3.95312 -5.55652 4.98126 77.7564
59.64 -4.00869 -5.43793 4.98306 77.7797
59.65 -4.06307 -5.31767 4.98485 77.8031
59.66 -4.11624 -5.19577 4.98665 77.8264
59.67 -4.1682 -5.07229 4.98844 77.8498
59.68 -4.21892 -4.94724 4.99024 77.8731
59.69 -4.2684 -4.82067 4.99204 77.8965
59.7 -4.3166 -4.69262 4.99383 77.9199
59.71 -4.36353 -4.56312 4.99563 77.9432
59.72 -4.40916 -4.43222 4.99743 77.9666
59.73 -4.45348 -4.29994 4.99923 77.99
59.74 -4.49648 -4.16634 5.00103 78.0134
59.75 -4.53814 -4.03144 5.00283 78.0368
59.76 -4.57846 -3.8953 5.00463 78.0602
59.77 -4.61741 -3.75794 5.00643 78.0836
59.78 -4.65499 -3.61942 5.00824 78.1071
59.79 -4.69119 -3.47977 5.01004 78.1305
59.8 -4.72598 -3.33904 5.01184 78.1539
59.81 -4.75937 -3.19726 5.01364 78.1774
59.82 -4.79135 -3.05448 5.01545 78.2008
59.83 -4.82189 -2.91074 5.01725 78.2243
59.84 -4.851 -2.76608 5.01906 78.2478
59.85 -4.87866 -2.62055 5.02086 78.2712
59.86 -4.90486 -2.47419 5.02267 78.2947
59.87 -4.92961 -2.32704 5.02448 78.3182
59.88 -4.95288 -2.17916 5.02628 78.3417
59.89 -4.97467 -2.03057 5.02809 78.3652
59.9 -4.99497 -1.88133 5.0299 78.3887
59.91 -5.01379 -1.73148 5.03171 78.4122
59.92 -5.0311 -1.58107 5.03352 78.4357
59.93 -5.04691 -1.43013 5.03533 78.4593
59.94 -5.06121 -1.27873 5.03714 78.4828
59.95 -5.074 -1.12689 5.03895 78.5064
59.96 -5.08527 -0.974669 5.04076 78.5299
59.97 -5.09502 -0.822111 5.04257 78.5535
59.98 -5.10324 -0.669261 5.04439 78.577
59.99 -5.10993 -0.516164 5.0462 78.6006
60 -5.11509 -0.362866 5.04801 78.6242
60.01 -5.11872 -0.209413 5.04983 78.6478
60.02 -5.12082 -0.0558512 5.05164 78.6714
60.03 -5.12137 0.0977733 5.05346 78.695
60.04 -5.1204 0.251415 5.05528 78.7186
60.05 -5.11788 0.405026 5.05709 78.7422
60.06 -5.11383 0.558563 5.05891 78.7658
60.07 -5.10825 0.711978 5.06073 78.7894
60.08 -5.10113 0.865225 5.06255 78.8131
60.09 -5.09247 1.01826 5.06436 78.8367
60.1 -5.08229 1.17103 5.06618 78.8604
60.11 -5.07058 1.3235 5.068 78.884
60.12 -5.05735 1.47562 5.06982 78.9077
60.13 -5.04259 1.62734 5.07164 78.9314
60.14 -5.02632 1.77862 5.07347 78.9551
60.15 -5.00853 1.92941 5.07529 78.9787
60.16 -4.98924 2.07966 5.07711 79.0024
60.17 -4.96844 2.22934 5.07893 79.0261
60.18 -4.94615 2.37839 5.08076 79.0498
60.19 -4.92236 2.52678 5.08258 79.0736
60.2 -4.89709 2.67445 5.08441 79.0973
60.21 -4.87035 2.82136 5.08623 79.121
60.22 -4.84214 2.96747 5.08806 79.1447
60.23 -4.81246 3.11274 5.08988 79.1685
60.24 -4.78133 3.25711 5.09171 79.1922
60.25 -4.74876 3.40055 5.09354 79.216
60.26 -4.71476 3.54301 5.09537 79.2398
60.27 -4.67933 3.68446 5.0972 79.2635
60.28 -4.64248 3.82484 5.09902 79.2873
60.29 -4.60423 3.96411 5.10085 79.3111
60.3 -4.56459 4.10224 5.10268 79.3349
60.31 -4.52357 4.23917 5.10451 79.3587
60.32 -4.48118 4.37488 5.10635 79.3825
60.33 -4.43743 4.50932 5.10818 79.4063
60.34 -4.39234 4.64244 5.11001 79.4301
60.35 -4.34591 4.77421 5.11184 79.454
60.36 -4.29817 4.90459 5.11368 79.4778
60.37 -4.24913 5.03353 5.11551 79.5016
60.38 -4.19879 5.16101 5.11735 79.5255
60.39 -4.14718 5.28697 5.11918 79.5494
60.4 -4.09431 5.41139 5.12102 79.5732
60.41 -4.0402 5.53421 5.12285 79.5971
60.42 -3.98485 5.65542 5.12469 79.621
60.43 -3.9283 5.77497 5.12653 79.6449
60.44 -3.87055 5.89282 5.12837 79.6688
60.45 -3.81162 6.00893 5.1302 79.6927
60.46 -3.75153 6.12328 5.13204 79.7166
60.47 -3.6903 6.23583 5.13388 79.7405
60.48 -3.62794 6.34654 5.13572 79.7644
60.49 -3.56448 6.45537 5.13756 79.7883
60.5 -3.49992 6.56231 5.1394 79.8123
60.51 -3.4343 6.66731 5.14125 79.8362
60.52 -3.36763 6.77033 5.14309 79.8602
60.53 -3.29992 6.87136 5.14493 79.8841
60.54 -3.23121 6.97036 5.14678 79.9081
60.55 -3.16151 7.0673 5.14862 79.9321
60.56 -3.09083 7.16214 5.15046 79.956
60.57 -3.01921 7.25487 5.15231 79.98
60.58 -2.94666 7.34544 5.15415 80.004
60.59 -2.87321 7.43384 5.156 80.028
60.6 -2.79887 7.52004 5.15785 80.052
60.61 -2.72367 7.60401 5.1597 80.076
60.62 -2.64763 7.68572 5.16154 80.1001
60.63 -2.57077 7.76515 5.16339 80.1241
60.64 -2.49312 7.84227 5.16524 80.1481
60.65 -2.4147 7.91706 5.16709 80.1722
60.66 -2.33553 7.9895 5.16894 80.1962
60.67 -2.25563 8.05957 5.17079 80.2203
60.68 -2.17504 8.12724 5.17264 80.2443
60.69 -2.09376 8.19249 5.17449 80.2684
60.7 -2.01184 8.2553 5.17635 80.2925
60.71 -1.92929 8.31566 5.1782 80.3166
60.72 -1.84613 8.37354 5.18005 80.3407
60.73 -1.76239 8.42892 5.18191 80.3648
60.74 -1.67811 8.48179 5.18376 80.3889
60.75 -1.59329 8.53213 5.18562 80.413
60.76 -1.50797 8.57993 5.18747 80.4371
60.77 -1.42217 8.62517 5.18933 80.4613
60.78 -1.33592 8.66784 5.19119 80.4854
60.79 -1.24924 8.70791 5.19304 80.5096
60.8 -1.16216 8.74539 5.1949 80.5337
60.81 -1.0747 8.78026 5.19676 80.5579
60.82 -0.986901 8.8125 5.19862 80.582
60.83 -0.898776 8.8421 5.20048 80.6062
60.84 -0.810355 8.86907 5.20234 80.6304
60.85 -0.721664 8.89338 5.2042 80.6546
60.86 -0.632731 8.91503 5.20606 80.6788
60.87 -0.54358 8.93401 5.20792 80.703
60.88 -0.45424 8.95032 5.20978 80.7272
60.89 -0.364737 8.96394 5.21165 80.7514
60.9 -0.275098 8.97489 5.21351 80.7756
60.91 -0.185349 8.98314 5.21537 80.7999
60.92 -0.0955174 8.9887 5.21724 80.8241
60.93 -0.00563035 8.99157 5.2191 80.8484
60.94 0.0842853 8.99173 5.22097 80.8726
60.95 0.174203 8.98921 5.22284 80.8969
60.96 0.264095 8.98398 5.2247 80.9211
60.97 0.353935 8.97606 5.22657 80.9454
60.98 0.443695 8.96544 5.22844 80.9697
60.99 0.533349 8.95213 5.23031 80.994
61 0.622871 8.93613 5.23218 81.0183
61.01 0.712232 8.91744 5.23405 81.0426
61.02 0.801406 8.89607 5.23592 81.0669
61.03 0.890367 8.87203 5.23779 81.0912
61.04 0.979088 8.84532 5.23966 81.1156
61.05 1.06754 8.81595 5.24153 81.1399
61.06 1.1557 8.78392 5.2434 81.1642
61.07 1.24354 8.74925 5.24528 81.1886
61.08 1.33103 8.71195 5.24715 81.2129
61.09 1.41815 8.67201 5.24902 81.2373
61.1 1.50487 8.62947 5.2509 81.2617
61.11 1.59117 8.58432 5.25277 81.2861
61.12 1.67701 8.53659 5.25465 81.3104
61.13 1.76238 8.48628 5.25653 81.3348
61.14 1.84724 8.43341 5.2584 81.3592
61.15 1.93157 8.37799 5.26028 81.3836
61.16 2.01535 8.32004 5.26216 81.4081
61.17 2.09855 8.25958 5.26404 81.4325
61.18 2.18115 8.19663 5.26592 81.4569
61.19 2.26311 8.13119 5.2678 81.4813
61.2 2.34443 8.0633 5.26968 81.5058
61.21 2.42506 7.99297 5.27156 81.5302
61.22 2.50499 7.92021 5.27344 81.5547
61.23 2.58419 7.84506 5.27532 81.5792
61.24 2.66264 7.76754 5.2772 81.6036
61.25 2.74032 7.68766 5.27909 81.6281
61.26 2.81719 7.60545 5.28097 81.6526
61.27 2.89325 7.52093 5.28285 81.6771
61.28 2.96846 7.43414 5.28474 81.7016
61.29 3.0428 7.34508 5.28662 81.7261
61.3 3.11625 7.2538 5.28851 81.7506
61.31 3.18879 7.16031 5.2904 81.7752
61.32 3.26039 7.06465 5.29228 81.7997
61.33 3.33104 6.96684 5.29417 81.8242
61.34 3.40071 6.8669 5.29606 81.8488
61.35 3.46938 6.76488 5.29795 81.8733
61.36 3.53702 6.6608 5.29984 81.8979
61.37 3.60363 6.55469 5.30173 81.9225
61.38 3.66918 6.44658 5.30362 81.947
61.39 3.73364 6.33651 5.30551 81.9716
61.4 3.79701 6.2245 5.3074 81.9962
61.41 3.85925 6.11059 5.30929 82.0208
61.42 3.92036 5.99481 5.31119 82.0454
61.43 3.98031 5.8772 5.31308 82.07
61.44 4.03908 5.75779 5.31497 82.0947
61.45 4.09666 5.63662 5.31687 82.1193
61.46 4.15302 5.51372 5.31876 82.1439
61.47 4.20816 5.38913 5.32066 82.1686
61.48 4.26205 5.26288 5.32255 82.1932
61.49 4.31468 5.13502 5.32445 82.2179
61.5 4.36603 5.00558 5.32635 82.2425
61.51 4.41609 4.8746 5.32825 82.2672
61.52 4.46483 4.74212 5.33015 82.2919
61.53 4.51226 4.60817 5.33204 82.3166
61.54 4.55834 4.4728 5.33394 82.3413
61.55 4.60306 4.33605 5.33584 82.366
61.56 4.64643 4.19796 5.33775 82.3907
61.57 4.6884 4.05857 5.33965 82.4154
61.58 4.72899 3.91792 5.34155 82.4401
61.59 4.76817 3.77605 5.34345 82.4649
61.6 4.80593 3.633 5.34535 82.4896
61.61 4.84226 3.48882 5.34726 82.5143
61.62 4.87715 3.34356 5.34916 82.5391
61.63 4.91058 3.19724 5.35107 82.5639
61.64 4.94256 3.04992 5.35297 82.5886
61.65 4.97306 2.90165 5.35488 82.6134
61.66 5.00207 2.75246 5.35678 82.6382
61.67 5.0296 2.60239 5.35869 82.663
61.68 5.05562 2.45151 5.3606 82.6878
61.69 5.08014 2.29984 5.36251 82.7126
61.7 5.10313 2.14743 5.36442 82.7374
61.71 5.12461 1.99434 5.36632 82.7622
61.72 5.14455 1.8406 5.36823 82.7871
61.73 5.16296 1.68626 5.37015 82.8119
61.74 5.17982 1.53138 5.37206 82.8367
61.75 5.19513 1.37598 5.37397 82.8616
61.76 5.20889 1.22013 5.37588 82.8864
61.77 5.2211 1.06386 5.37779 82.9113
61.78 5.23173 0.907227 5.37971 82.9362
61.79 5.24081 0.750275 5.38162 82.9611
61.8 5.24831 0.593051 5.38353 82.9859
61.81 5.25424 0.435602 5.38545 83.0108
61.82 5.2586 0.277974 5.38737 83.0357
61.83 5.26138 0.120216 5.38928 83.0607
61.84 5.26258 -0.0376248 5.3912 83.0856
61.85 5.2622 -0.195502 5.39312 83.1105
61.86 5.26025 -0.353368 5.39503 83.1354
61.87 5.25671 -0.511176 5.39695 83.1604
61.88 5.2516 -0.668877 5.39887 83.1853
61.89 5.24491 -0.826425 5.40079 83.2103
61.9 5.23665 -0.983772 5.40271 83.2352
61.91 5.22681 -1.14087 5.40463 83.2602
61.92 5.2154 -1.29768 5.40655 83.2852
61.93 5.20242 -1.45414 5.40848 83.3102
61.94 5.18788 -1.61021 5.4104 83.3352
61.95 5.17178 -1.76585 5.41232 83.3602
61.96 5.15412 -1.921 5.41424 83.3852
61.97 5.13491 -2.07562 5.41617 83.4102
61.98 5.11416 -2.22967 5.41809 83.4352
61.99 5.09186 -2.3831 5.42002 83.4602
62 5.06803 -2.53585 5.42195 83.4853
62.01 5.04267 -2.68789 5.42387 83.5103
62.02 5.01579 -2.83917 5.4258 83.5354
62.03 4.9874 -2.98965 5.42773 83.5604
62.04 4.9575 -3.13927 5.42965 83.5855
62.05 4.92611 -3.28799 5.43158 83.6106
62.06 4.89323 -3.43578 5.43351 83.6357
62.07 4.85887 -3.58257 5.43544 83.6608
62.08 4.82305 -3.72834 5.43737 83.6859
62.09 4.78576 -3.87303 5.43931 83.711
62.1 4.74703 -4.0166 5.44124 83.7361
62.11 4.70687 -4.15902 5.44317 83.7612
62.12 4.66528 -4.30022 5.4451 83.7863
62.13 4.62227 -4.44018 5.44704 83.8115
62.14 4.57787 -4.57885 5.44897 83.8366
62.15 4.53208 -4.71618 5.4509 83.8618
62.16 4.48492 -4.85215 5.45284 83.8869
62.17 4.4364 -4.98669 5.45478 83.9121
62.18 4.38653 -5.11979 5.45671 83.9373
62.19 4.33534 -5.25138 5.45865 83.9624
62.2 4.28282 -5.38144 5.46059 83.9876
62.21 4.22901 -5.50993 5.46253 84.0128
62.22 4.17391 -5.6368 5.46446 84.038
62.23 4.11754 -5.76201 5.4664 84.0632
62.24 4.05992 -5.88554 5.46834 84.0885
62.25 4.00107 -6.00734 5.47028 84.1137
62.26 3.94099 -6.12737 5.47222 84.1389
62.27 3.87972 -6.2456 5.47417 84.1642
62.28 3.81726 -6.36199 5.47611 84.1894
62.29 3.75364 -6.47651 5.47805 84.2147
62.3 3.68888 -6.58912 5.47999 84.2399
62.31 3.62299 -6.69979 5.48194 84.2652
62.32 3.55599 -6.80848 5.48388 84.2905
62.33 3.4879 -6.91515 5.48583 84.3158
62.34 3.41875 -7.01979 5.48777 84.3411
62.35 3.34855 -7.12235 5.48972 84.3664
62.36 3.27733 -7.22281 5.49167 84.3917
62.37 3.2051 -7.32113 5.49362 84.417
62.38 3.13189 -7.41728 5.49556 84.4423
62.39 3.05772 -7.51124 5.49751 84.4677
62.4 2.98261 -7.60297 5.49946 84.493
62.41 2.90658 -7.69245 5.50141 84.5183
62.42 2.82965 -7.77965 5.50336 84.5437
62.43 2.75185 -7.86454 5.50531 84.5691
62.44 2.67321 -7.94709 5.50726 84.5944
62.45 2.59374 -8.02729 5.50922 84.6198
62.46 2.51347 -8.1051 5.51117 84.6452
62.47 2.43241 -8.18051 5.51312 84.6706
62.48 2.35061 -8.25348 5.51508 84.696
62.49 2.26807 -8.324 5.51703 84.7214
62.5 2.18483 -8.39204 5.51899 84.7468
62.51 2.10091 -8.45758 5.52094 84.7722
62.52 2.01634 -8.52061 5.5229 84.7977
62.53 1.93113 -8.5811 5.52485 84.8231
62.54 1.84532 -8.63903 5.52681 84.8486
62.55 1.75893 -8.69439 5.52877 84.874
62.56 1.67199 -8.74716 5.53073 84.8995
62.57 1.58452 -8.79732 5.53269 84.9249
62.58 1.49654 -8.84486 5.53465 84.9504
62.59 1.40809 -8.88975 5.53661 84.9759
62.6 1.3192 -8.932 5.53857 85.0014
62.61 1.22988 -8.97157 5.54053 85.0269
62.62 1.14016 -9.00847 5.54249 85.0524
62.63 1.05008 -9.04267 5.54446 85.0779
62.64 0.959649 -9.07418 5.54642 85.1034
62.65 0.868907 -9.10297 5.54838 85.129
62.66 0.777878 -9.12903 5.55035 85.1545
62.67 0.686587 -9.15237 5.55231 85.1801
62.68 0.595064 -9.17297 5.55428 85.2056
62.69 0.503334 -9.19082 5.55624 85.2312
62.7 0.411426 -9.20592 5.55821 85.2567
62.71 0.319367 -9.21826 5.56018 85.2823
62.72 0.227184 -9.22784 5.56215 85.3079
62.73 0.134906 -9.23466 5.56412 85.3335
62.74 0.0425591 -9.2387 5.56608 85.3591
62.75 -0.0498279 -9.23998 5.56805 85.3847
62.76 -0.142228 -9.23849 5.57002 85.4103
62.77 -0.234613 -9.23422 5.572 85.4359
62.78 -0.326955 -9.22718 5.57397 85.4616
62.79 -0.419227 -9.21737 5.57594 85.4872
62.8 -0.5114 -9.2048 5.57791 85.5129
62.81 -0.603448 -9.18945 5.57989 85.5385
62.82 -0.695343 -9.17135 5.58186 85.5642
62.83 -0.787056 -9.15049 5.58383 85.5898
62.84 -0.878561 -9.12688 5.58581 85.6155
62.85 -0.96983 -9.10052 5.58779 85.6412
62.86 -1.06084 -9.07143 5.58976 85.6669
62.87 -1.15155 -9.0396 5.59174 85.6926
62.88 -1.24195 -9.00506 5.59372 85.7183
62.89 -1.332 -8.9678 5.59569 85.744
62.9 -1.42167 -8.92784 5.59767 85.7697
62.91 -1.51095 -8.88519 5.59965 85.7955
62.92 -1.5998 -8.83986 5.60163 85.8212
62.93 -1.6882 -8.79186 5.60361 85.847
62.94 -1.77612 -8.74122 5.60559 85.8727
62.95 -1.86353 -8.68793 5.60758 85.8985
62.96 -1.95041 -8.63203 5.60956 85.9242
62.97 -2.03673 -8.57352 5.61154 85.95
62.98 -2.12247 -8.51241 5.61352 85.9758
62.99 -2.20759 -8.44874 5.61551 86.0016
63 -2.29208 -8.38251 5.61749 86.0274
63.01 -2.37591 -8.31375 5.61948 86.0532
63.02 -2.45904 -8.24247 5.62146 86.079
63.03 -2.54147 -8.1687 5.62345 86.1049
63.04 -2.62315 -8.09246 5.62544 86.1307
63.05 -2.70408 -8.01376 5.62742 86.1565
63.06 -2.78422 -7.93264 5.62941 86.1824
63.07 -2.86354 -7.84911 5.6314 86.2082
63.08 -2.94203 -7.76321 5.63339 86.2341
63.09 -3.01967 -7.67495 5.63538 86.26
63.1 -3.09642 -7.58436 5.63737 86.2858
63.11 -3.17226 -7.49146 5.63936 86.3117
63.12 -3.24717 -7.3963 5.64136 86.3376
63.13 -3.32114 -7.29888 5.64335 86.3635
63.14 -3.39413 -7.19925 5.64534 86.3894
63.15 -3.46612 -7.09742 5.64733 86.4153
63.16 -3.53709 -6.99344 5.64933 86.4413
63.17 -3.60703 -6.88733 5.65132 86.4672
63.18 -3.6759 -6.77912 5.65332 86.4931
63.19 -3.74369 -6.66884 5.65531 86.5191
63.2 -3.81038 -6.55653 5.65731 86.545
63.21 -3.87594 -6.44222 5.65931 86.571
63.22 -3.94037 -6.32594 5.66131 86.597
63.23 -4.00363 -6.20773 5.6633 86.623
63.24 -4.0657 -6.08762 5.6653 86.6489
63.25 -4.12658 -5.96565 5.6673 86.6749
63.26 -4.18624 -5.84185 5.6693 86.7009
63.27 -4.24465 -5.71626 5.6713 86.727
63.28 -4.30182 -5.58892 5.67331 86.753
63.29 -4.35771 -5.45987 5.67531 86.779
63.3 -4.41231 -5.32914 5.67731 86.805
63.31 -4.4656 -5.19677 5.67931 86.8311
63.32 -4.51756 -5.0628 5.68132 86.8571
63.33 -4.56819 -4.92727 5.68332 86.8832
63.34 -4.61747 -4.79023 5.68533 86.9092
63.35 -4.66537 -4.6517 5.68733 86.9353
63.36 -4.71188 -4.51174 5.68934 86.9614
63.37 -4.757 -4.37039 5.69134 86.9875
63.38 -4.80071 -4.22768 5.69335 87.0136
63.39 -4.84298 -4.08366 5.69536 87.0397
63.4 -4.88382 -3.93837 5.69737 87.0658
63.41 -4.9232 -3.79185 5.69938 87.0919
63.42 -4.96112 -3.64416 5.70139 87.118
63.43 -4.99756 -3.49532 5.7034 87.1442
63.44 -5.03252 -3.34539 5.70541 87.1703
63.45 -5.06597 -3.19442 5.70742 87.1965
63.46 -5.09791 -3.04244 5.70943 87.2226
63.47 -5.12834 -2.8895 5.71145 87.2488
63.48 -5.15723 -2.73565 5.71346 87.275
63.49 -5.18459 -2.58094 5.71547 87.3012
63.5 -5.2104 -2.4254 5.71749 87.3273
63.51 -5.23465 -2.26909 5.7195 87.3535
63.52 -5.25734 -2.11205 5.72152 87.3798
63.53 -5.27846 -1.95433 5.72354 87.406
63.54 -5.29801 -1.79597 5.72555 87.4322
63.55 -5.31597 -1.63703 5.72757 87.4584
63.56 -5.33234 -1.47755 5.72959 87.4847
63.57 -5.34711 -1.31758 5.73161 87.5109
63.58 -5.36029 -1.15717 5.73363 87.5372
63.59 -5.37186 -0.99636 5.73565 87.5634
63.6 -5.38182 -0.835205 5.73767 87.5897
63.61 -5.39018 -0.67375 5.73969 87.616
63.62 -5.39691 -0.512044 5.74171 87.6422
63.63 -5.40203 -0.350137 5.74373 87.6685
63.64 -5.40554 -0.188076 5.74576 87.6948
63.65 -5.40742 -0.0259099 5.74778 87.7211
63.66 -5.40768 0.136313 5.7498 87.7475
63.67 -5.40631 0.298543 5.75183 87.7738
63.68 -5.40333 0.460732 5.75386 87.8001
63.69 -5.39872 0.622832 5.75588 87.8265
63.7 -5.39249 0.784794 5.75791 87.8528
63.71 -5.38464 0.946568 5.75994 87.8792
63.72 -5.37518 1.10811 5.76196 87.9055
63.73 -5.3641 1.26936 5.76399 87.9319
63.74 -5.3514 1.43029 5.76602 87.9583
63.75 -5.3371 1.59083 5.76805 87.9847
63.76 -5.32119 1.75094 5.77008 88.0111
63.77 -5.30368 1.91058 5.77211 88.0375
63.78 -5.28458 2.06969 5.77414 88.0639
63.79 -5.26388 2.22822 5.77618 88.0903
63.8 -5.2416 2.38614 5.77821 88.1167
63.81 -5.21774 2.54339 5.78024 88.1432
63.82 -5.1923 2.69992 5.78228 88.1696
63.83 -5.1653 2.85569 5.78431 88.1961
63.84 -5.13675 3.01065 5.78635 88.2225
63.85 -5.10664 3.16475 5.78838 88.249
63.86 -5.07499 3.31795 5.79042 88.2755
63.87 -5.04181 3.4702 5.79246 88.3019
63.88 -5.00711 3.62146 5.79449 88.3284
63.89 -4.9709 3.77167 5.79653 88.3549
63.9 -4.93318 3.9208 5.79857 88.3814
63.91 -4.89397 4.06879 5.80061 88.4079
63.92 -4.85328 4.21561 5.80265 88.4345
63.93 -4.81113 4.36121 5.80469 88.461
63.94 -4.76752 4.50554 5.80673 88.4875
63.95 -4.72246 4.64857 5.80878 88.5141
63.96 -4.67597 4.79024 5.81082 88.5406
63.97 -4.62807 4.93052 5.81286 88.5672
63.98 -4.57877 5.06936 5.81491 88.5938
63.99 -4.52807 5.20673 5.81695 88.6203
64 -4.47601 5.34257 5.81899 88.6469
64.01 -4.42258 5.47685 5.82104 88.6735
64.02 -4.36781 5.60953 5.82309 88.7001
64.03 -4.31172 5.74056 5.82513 88.7267
64.04 -4.25431 5.86991 5.82718 88.7534
64.05 -4.19561 5.99754 5.82923 88.78
64.06 -4.13564 6.12341 5.83128 88.8066
64.07 -4.0744 6.24748 5.83333 88.8333
64.08 -4.01193 6.36971 5.83538 88.8599
64.09 -3.94823 6.49007 5.83743 88.8866
64.1 -3.88333 6.60852 5.83948 88.9132
64.11 -3.81724 6.72502 5.84153 88.9399
64.12 -3.74999 6.83953 5.84358 88.9666
64.13 -3.6816 6.95203 5.84564 88.9933
64.14 -3.61208 7.06248 5.84769 89.02
64.15 -3.54145 7.17084 5.84974 89.0467
64.16 -3.46975 7.27709 5.8518 89.0734
64.17 -3.39697 7.38118 5.85386 89.1001
64.18 -3.32316 7.48309 5.85591 89.1268
64.19 -3.24833 7.58278 5.85797 89.1536
64.2 -3.1725 7.68023 5.86003 89.1803
64.21 -3.0957 7.77541 5.86208 89.2071
64.22 -3.01795 7.86828 5.86414 89.2338
64.23 -2.93927 7.95882 5.8662 89.2606
64.24 -2.85968 8.047 5.86826 89.2874
64.25 -2.77921 8.13279 5.87032 89.3142
64.26 -2.69788 8.21616 5.87238 89.341
64.27 -2.61572 8.2971 5.87444 89.3678
64.28 -2.53275 8.37557 5.87651 89.3946
64.29 -2.44899 8.45155 5.87857 89.4214
64.3 -2.36448 8.52502 5.88063 89.4482
64.31 -2.27923 8.59596 5.8827 89.4751
64.32 -2.19327 8.66433 5.88476 89.5019
64.33 -2.10662 8.73013 5.88683 89.5288
64.34 -2.01932 8.79333 5.88889 89.5556
64.35 -1.93139 8.85391 5.89096 89.5825
64.36 -1.84285 8.91185 5.89303 89.6094
64.37 -1.75373 8.96714 5.8951 89.6362
64.38 -1.66406 9.01975 5.89716 89.6631
64.39 -1.57386 9.06967 5.89923 89.69
64.4 -1.48316 9.11689 5.9013 89.7169
64.41 -1.392 9.16138 5.90337 89.7439
64.42 -1.30038 9.20314 5.90544 89.7708
64.43 -1.20835 9.24215 5.90752 89.7977
64.44 -1.11593 9.2784 5.90959 89.8246
64.45 -1.02314 9.31188 5.91166 89.8516
64.46 -0.930026 9.34257 5.91373 89.8786
64.47 -0.8366 9.37048 5.91581 89.9055
64.48 -0.742896 9.39557 5.91788 89.9325
64.49 -0.64894 9.41786 5.91996 89.9595
64.5 -0.554761 9.43733 5.92204 89.9865
64.51 -0.460388 9.45397 5.92411 90.0135
64.52 -0.365848 9.46778 5.92619 90.0405
64.53 -0.27117 9.47876 5.92827 90.0675
64.54 -0.176383 9.48689 5.93035 90.0945
64.55 -0.0815139 9.49219 5.93242 90.1215
64.56 0.0134079 9.49463 5.9345 90.1486
64.57 0.108354 9.49423 5.93658 90.1756
64.58 0.203297 9.49098 5.93867 90.2026
64.59 0.298206 9.48488 5.94075 90.2297
64.6 0.393055 9.47593 5.94283 90.2568
64.61 0.487814 9.46414 5.94491 90.2839
64.62 0.582456 9.44951 5.947 90.3109
64.63 0.676951 9.43203 5.94908 90.338
64.64 0.771271 9.41172 5.95116 90.3651
64.65 0.865388 9.38859 5.95325 90.3922
64.66 0.959274 9.36262 5.95534 90.4194
64.67 1.0529 9.33385 5.95742 90.4465
64.68 1.14624 9.30226 5.95951 90.4736
64.69 1.23926 9.26787 5.9616 90.5008
64.7 1.33194 9.23069 5.96369 90.5279
64.71 1.42425 9.19074 5.96577 90.5551
64.72 1.51615 9.14801 5.96786 90.5822
64.73 1.60763 9.10252 5.96996 90.6094
64.74 1.69866 9.0543 5.97205 90.6366
64.75 1.7892 9.00334 5.97414 90.6638
64.76 1.87924 8.94966 5.97623 90.691
64.77 1.96873 8.89328 5.97832 90.7182
64.78 2.05767 8.83422 5.98042 90.7454
64.79 2.14601 8.77249 5.98251 90.7726
64.8 2.23373 8.70811 5.98461 90.7999
64.81 2.32081 8.6411 5.9867 90.8271
64.82 2.40722 8.57147 5.9888 90.8544
64.83 2.49294 8.49926 5.99089 90.8816
64.84 2.57793 8.42447 5.99299 90.9089
64.85 2.66218 8.34713 5.99509 90.9361
64.86 2.74565 8.26727 5.99719 90.9634
64.87 2.82832 8.1849 5.99929 90.9907
64.88 2.91017 8.10005 6.00139 91.018
64.89 2.99117 8.01274 6.00349 91.0453
64.9 3.0713 7.92301 6.00559 91.0726
64.91 3.15053 7.83087 6.00769 91.1
64.92 3.22884 7.73635 6.00979 91.1273
64.93 3.3062 7.63949 6.01189 91.1546
64.94 3.38259 7.5403 6.014 91.182
64.95 3.458 7.43882 6.0161 91.2093
64.96 3.53239 7.33508 6.01821 91.2367
64.97 3.60574 7.22911 6.02031 91.2641
64.98 3.67803 7.12094 6.02242 91.2914
64.99 3.74924 7.0106 6.02453 91.3188
65 3.81934 6.89812 6.02663 91.3462
65.01 3.88832 6.78354 6.02874 91.3736
65.02 3.95616 6.66689 6.03085 91.401
65.03 4.02283 6.54821 6.03296 91.4285
65.04 4.08831 6.42752 6.03507 91.4559
65.05 4.15259 6.30487 6.03718 91.4833
65.06 4.21563 6.18029 6.03929 91.5108
65.07 4.27744 6.05383 6.0414 91.5382
65.08 4.33798 5.9255 6.04351 91.5657
65.09 4.39723 5.79536 6.04563 91.5932
65.1 4.45518 5.66345 6.04774 91.6206
65.11 4.51182 5.52979 6.04986 91.6481
65.12 4.56712 5.39444 6.05197 91.6756
65.13 4.62106 5.25742 6.05409 91.7031
65.14 4.67364 5.11879 6.0562 91.7306
65.15 4.72482 4.97858 6.05832 91.7581
65.16 4.77461 4.83684 6.06044 91.7857
65.17 4.82298 4.6936 6.06255 91.8132
65.18 4.86991 4.54891 6.06467 91.8408
65.19 4.9154 4.40281 6.06679 91.8683
65.2 4.95943 4.25535 6.06891 91.8959
65.21 5.00198 4.10657 6.07103 91.9234
65.22 5.04305 3.95651 6.07315 91.951
65.23 5.08262 3.80522 6.07528 91.9786
65.24 5.12067 3.65274 6.0774 92.0062
65.25 5.15719 3.49912 6.07952 92.0338
65.26 5.19219 3.3444 6.08165 92.0614
65.27 5.22563 3.18864 6.08377 92.089
65.28 5.25752 3.03187 6.0859 92.1166
65.29 5.28783 2.87414 6.08802 92.1443
65.3 5.31658 2.71551 6.09015 92.1719
65.31 5.34373 2.55601 6.09228 92.1996
65.32 5.36929 2.3957 6.0944 92.2272
65.33 5.39325 2.23462 6.09653 92.2549
65.34 5.41559 2.07282 6.09866 92.2826
65.35 5.43632 1.91035 6.10079 92.3103
65.36 5.45543 1.74726 6.10292 92.338
65.37 5.4729 1.5836 6.10505 92.3657
65.38 5.48873 1.41941 6.10718 92.3934
65.39 5.50293 1.25475 6.10931 92.4211
65.4 5.51548 1.08966 6.11145 92.4488
65.41 5.52637 0.924199 6.11358 92.4765
65.42 5.53562 0.758408 6.11571 92.5043
65.43 5.5432 0.59234 6.11785 92.532
65.44 5.54912 0.426044 6.11998 92.5598
65.45 5.55338 0.25957 6.12212 92.5876
65.46 5.55598 0.0929685 6.12426 92.6153
65.47 5.55691 -0.0737109 6.12639 92.6431
65.48 5.55617 -0.240418 6.12853 92.6709
65.49 5.55377 -0.407103 6.13067 92.6987
65.5 5.5497 -0.573716 6.13281 92.7265
65.51 5.54396 -0.740207 6.13495 92.7544
65.52 5.53656 -0.906526 6.13709 92.7822
65.53 5.52749 -1.07262 6.13923 92.81
65.54 5.51677 -1.23845 6.14137 92.8379
65.55 5.50438 -1.40395 6.14352 92.8657
65.56 5.49034 -1.56908 6.14566 92.8936
65.57 5.47465 -1.73379 6.1478 92.9214
65.58 5.45731 -1.89803 6.14995 92.9493
65.59 5.43833 -2.06175 6.15209 92.9772
65.6 5.41771 -2.2249 6.15424 93.0051
65.61 5.39547 -2.38743 6.15638 93.033
65.62 5.37159 -2.5493 6.15853 93.0609
65.63 5.3461 -2.71044 6.16068 93.0888
65.64 5.31899 -2.87083 6.16283 93.1167
65.65 5.29029 -3.0304 6.16498 93.1447
65.66 5.25998 -3.18911 6.16712 93.1726
65.67 5.22809 -3.3469 6.16928 93.2006
65.68 5.19462 -3.50375 6.17143 93.2285
65.69 5.15958 -3.65959 6.17358 93.2565
65.7 5.12299 -3.81437 6.17573 93.2845
65.71 5.08484 -3.96806 6.17788 93.3125
65.72 5.04516 -4.12061 6.18004 93.3405
65.73 5.00396 -4.27196 6.18219 93.3685
65.74 4.96124 -4.42208 6.18434 93.3965
65.75 4.91702 -4.57092 6.1865 93.4245
65.76 4.87131 -4.71843 6.18866 93.4525
65.77 4.82412 -4.86457 6.19081 93.4806
65.78 4.77548 -5.00929 6.19297 93.5086
65.79 4.72539 -5.15256 6.19513 93.5367
65.8 4.67386 -5.29432 6.19729 93.5647
65.81 4.62092 -5.43453 6.19944 93.5928
65.82 4.56657 -5.57316 6.2016 93.6209
65.83 4.51084 -5.71016 6.20377 93.6489
65.84 4.45374 -5.84548 6.20593 93.677
65.85 4.39528 -5.9791 6.20809 93.7051
65.86 4.33549 -6.11096 6.21025 93.7333
65.87 4.27438 -6.24102 6.21241 93.7614
65.88 4.21197 -6.36925 6.21458 93.7895
65.89 4.14828 -6.49561 6.21674 93.8176
65.9 4.08332 -6.62006 6.21891 93.8458
65.91 4.01712 -6.74256 6.22107 93.8739
65.92 3.9497 -6.86307 6.22324 93.9021
65.93 3.88107 -6.98156 6.22541 93.9303
65.94 3.81125 -7.098 6.22757 93.9585
65.95 3.74027 -7.21233 6.22974 93.9866
65.96 3.66815 -7.32454 6.23191 94.0148
65.97 3.5949 -7.43459 6.23408 94.043
65.98 3.52056 -7.54243 6.23625 94.0713
65.99 3.44513 -7.64805 6.23842 94.0995
66 3.36865 -7.7514 6.24059 94.1277
66.01 3.29114 -7.85246 6.24276 94.1559
66.02 3.21261 -7.9512 6.24494 94.1842
66.03 3.1331 -8.04758 6.24711 94.2124
66.04 3.05263 -8.14157 6.24929 94.2407
66.05 2.97121 -8.23315 6.25146 94.269
66.06 2.88888 -8.32228 6.25364 94.2973
66.07 2.80566 -8.40895 6.25581 94.3256
66.08 2.72157 -8.49312 6.25799 94.3538
66.09 2.63663 -8.57477 6.26017 94.3822
66.1 2.55089 -8.65387 6.26234 94.4105
66.11 2.46435 -8.73039 6.26452 94.4388
66.12 2.37704 -8.80432 6.2667 94.4671
66.13 2.289 -8.87563 6.26888 94.4955
66.14 2.20025 -8.9443 6.27106 94.5238
66.15 2.1108 -9.01031 6.27324 94.5522
66.16 2.0207 -9.07364 6.27543 94.5805
66.17 1.92996 -9.13426 6.27761 94.6089
66.18 1.83862 -9.19216 6.27979 94.6373
66.19 1.7467 -9.24731 6.28198 94.6657
66.2 1.65423 -9.29971 6.28416 94.6941
66.21 1.56123 -9.34934 6.28635 94.7225
66.22 1.46773 -9.39618 6.28853 94.7509
66.23 1.37377 -9.44021 6.29072 94.7793
66.24 1.27937 -9.48142 6.29291 94.8078
66.25 1.18456 -9.5198 6.29509 94.8362
66.26 1.08936 -9.55534 6.29728 94.8647
66.27 0.993805 -9.58802 6.29947 94.8931
66.28 0.897925 -9.61784 6.30166 94.9216
66.29 0.801747 -9.64477 6.30385 94.9501
66.3 0.705299 -9.66883 6.30604 94.9785
66.31 0.608611 -9.68999 6.30823 95.007
66.32 0.511711 -9.70824 6.31043 95.0355
66.33 0.414628 -9.7236 6.31262 95.0641
66.34 0.317392 -9.73603 6.31481 95.0926
66.35 0.220032 -9.74556 6.31701 95.1211
66.36 0.122576 -9.75216 6.3192 95.1496
66.37 0.0250549 -9.75583 6.3214 95.1782
66.38 -0.0725035 -9.75659 6.3236 95.2067
66.39 -0.170069 -9.75441 6.32579 95.2353
66.4 -0.267613 -9.74931 6.32799 95.2639
66.41 -0.365107 -9.74128 6.33019 95.2924
66.42 -0.462519 -9.73033 6.33239 95.321
66.43 -0.559823 -9.71645 6.33459 95.3496
66.44 -0.656987 -9.69966 6.33679 95.3782
66.45 -0.753984 -9.67995 6.33899 95.4069
66.46 -0.850783 -9.65733 6.34119 95.4355
66.47 -0.947356 -9.6318 6.34339 95.4641
66.48 -1.04367 -9.60338 6.3456 95.4927
66.49 -1.13971 -9.57207 6.3478 95.5214
66.5 -1.23543 -9.53788 6.35 95.55
66.51 -1.33081 -9.50082 6.35221 95.5787
66.52 -1.42582 -9.46089 6.35441 95.6074
66.53 -1.52042 -9.41812 6.35662 95.6361
66.54 -1.61461 -9.37251 6.35883 95.6648
66.55 -1.70833 -9.32407 6.36104 95.6935
66.56 -1.80157 -9.27282 6.36324 95.7222
66.57 -1.8943 -9.21877 6.36545 95.7509
66.58 -1.98649 -9.16194 6.36766 95.7796
66.59 -2.07811 -9.10235 6.36987 95.8083
66.6 -2.16913 -9.04001 6.37208 95.8371
66.61 -2.25953 -8.97493 6.3743 95.8658
66.62 -2.34928 -8.90715 6.37651 95.8946
66.63 -2.43835 -8.83667 6.37872 95.9234
66.64 -2.52672 -8.76352 6.38093 95.9521
66.65 -2.61435 -8.68772 6.38315 95.9809
66.66 -2.70123 -8.60928 6.38536 96.0097
66.67 -2.78732 -8.52825 6.38758 96.0385
66.68 -2.87261 -8.44463 6.3898 96.0673
66.69 -2.95705 -8.35845 6.39201 96.0962
66.7 -3.04064 -8.26974 6.39423 96.125
66.71 -3.12333 -8.17852 6.39645 96.1538
66.72 -3.20512 -8.08482 6.39867 96.1827
66.73 -3.28597 -7.98867 6.40089 96.2115
66.74 -3.36585 -7.89009 6.40311 96.2404
66.75 -3.44476 -7.78911 6.40533 96.2693
66.76 -3.52265 -7.68577 6.40755 96.2981
66.77 -3.5995 -7.58009 6.40977 96.327
66.78 -3.6753 -7.4721 6.41199 96.3559
66.79 -3.75003 -7.36184 6.41422 96.3848
66.8 -3.82364 -7.24934 6.41644 96.4137
66.81 -3.89614 -7.13463 6.41867 96.4427
66.82 -3.96748 -7.01775 6.42089 96.4716
66.83 -4.03766 -6.89873 6.42312 96.5005
66.84 -4.10665 -6.7776 6.42535 96.5295
66.85 -4.17442 -6.6544 6.42757 96.5585
66.86 -4.24097 -6.52916 6.4298 96.5874
66.87 -4.30626 -6.40193 6.43203 96.6164
66.88 -4.37028 -6.27275 6.43426 96.6454
66.89 -4.43301 -6.14164 6.43649 96.6744
66.9 -4.49442 -6.00865 6.43872 96.7034
66.91 -4.55451 -5.87382 6.44095 96.7324
66.92 -4.61325 -5.73718 6.44319 96.7614
66.93 -4.67062 -5.59878 6.44542 96.7904
66.94 -4.72661 -5.45866 6.44765 96.8195
66.95 -4.78119 -5.31687 6.44989 96.8485
66.96 -4.83436 -5.17343 6.45212 96.8776
66.97 -4.8861 -5.0284 6.45436 96.9066
66.98 -4.93638 -4.88182 6.45659 96.9357
66.99 -4.9852 -4.73372 6.45883 96.9648
67 -5.03254 -4.58417 6.46107 96.9939
67.01 -5.07838 -4.43319 6.46331 97.023
67.02 -5.12271 -4.28084 6.46555 97.0521
67.03 -5.16552 -4.12716 6.46778 97.0812
67.04 -5.20679 -3.97219 6.47003 97.1103
67.05 -5.24651 -3.81599 6.47227 97.1395
67.06 -5.28467 -3.6586 6.47451 97.1686
67.07 -5.32126 -3.50006 6.47675 97.1978
67.08 -5.35626 -3.34042 6.47899 97.2269
67.09 -5.38966 -3.17973 6.48124 97.2561
67.1 -5.42146 -3.01804 6.48348 97.2853
67.11 -5.45164 -2.8554 6.48573 97.3144
67.12 -5.48019 -2.69185 6.48797 97.3436
67.13 -5.50711 -2.52744 6.49022 97.3728
67.14 -5.53239 -2.36223 6.49247 97.4021
67.15 -5.55601 -2.19626 6.49471 97.4313
67.16 -5.57797 -2.02958 6.49696 97.4605
67.17 -5.59827 -1.86224 6.49921 97.4897
67.18 -5.61689 -1.69429 6.50146 97.519
67.19 -5.63383 -1.52578 6.50371 97.5482
67.2 -5.64909 -1.35677 6.50596 97.5775
67.21 -5.66266 -1.18729 6.50821 97.6068
67.22 -5.67453 -1.01741 6.51047 97.6361
67.23 -5.68471 -0.847178 6.51272 97.6654
67.24 -5.69318 -0.676637 6.51497 97.6947
67.25 -5.69994 -0.505842 6.51723 97.724
67.26 -5.705 -0.334844 6.51948 97.7533
67.27 -5.70835 -0.163694 6.52174 97.7826
67.28 -5.70999 0.00755702 6.524 97.8119
67.29 -5.70991 0.178857 6.52625 97.8413
67.3 -5.70812 0.350154 6.52851 97.8706
67.31 -5.70462 0.521398 6.53077 97.9
67.32 -5.69941 0.692536 6.53303 97.9294
67.33 -5.69248 0.863519 6.53529 97.9587
67.34 -5.68385 1.03429 6.53755 97.9881
67.35 -5.6735 1.20481 6.53981 98.0175
67.36 -5.66146 1.37501 6.54207 98.0469
67.37 -5.64771 1.54486 6.54433 98.0763
67.38 -5.63226 1.71429 6.5466 98.1058
67.39 -5.61512 1.88326 6.54886 98.1352
67.4 -5.59628 2.05171 6.55113 98.1646
67.41 -5.57577 2.2196 6.55339 98.1941
67.42 -5.55357 2.38687 6.55566 98.2236
67.43 -5.5297 2.55348 6.55792 98.253
67.44 -5.50417 2.71937 6.56019 98.2825
67.45 -5.47697 2.88449 6.56246 98.312
67.46 -5.44813 3.0488 6.56473 98.3415
67.47 -5.41764 3.21225 6.567 98.371
67.48 -5.38552 3.37478 6.56927 98.4005
67.49 -5.35177 3.53634 6.57154 98.43
67.5 -5.31641 3.6969 6.57381 98.4595
67.51 -5.27944 3.85639 6.57608 98.4891
67.52 -5.24087 4.01477 6.57836 98.5186
67.53 -5.20073 4.172 6.58063 98.5482
67.54 -5.15901 4.32802 6.5829 98.5777
67.55 -5.11572 4.48279 6.58518 98.6073
67.56 -5.0709 4.63626 6.58745 98.6369
67.57 -5.02453 4.78839 6.58973 98.6665
67.58 -4.97665 4.93912 6.59201 98.6961
67.59 -4.92726 5.08842 6.59428 98.7257
67.6 -4.87638 5.23624 6.59656 98.7553
67.61 -4.82401 5.38253 6.59884 98.7849
67.62 -4.77019 5.52725 6.60112 98.8146
67.63 -4.71491 5.67036 6.6034 98.8442
67.64 -4.65821 5.81181 6.60568 98.8739
67.65 -4.60009 5.95155 6.60796 98.9035
67.66 -4.54058 6.08955 6.61025 98.9332
67.67 -4.47968 6.22577 6.61253 98.9629
67.68 -4.41742 6.36016 6.61481 98.9926
67.69 -4.35382 6.49268 6.6171 99.0223
67.7 -4.2889 6.6233 6.61938 99.052
67.71 -4.22266 6.75197 6.62167 99.0817
67.72 -4.15514 6.87865 6.62396 99.1114
67.73 -4.08636 7.0033 6.62624 99.1412
67.74 -4.01632 7.12589 6.62853 99.1709
67.75 -3.94506 7.24638 6.63082 99.2006
67.76 -3.8726 7.36473 6.63311 99.2304
67.77 -3.79895 7.48091 6.6354 99.2602
67.78 -3.72414 7.59488 6.63769 99.29
67.79 -3.6482 7.7066 6.63998 99.3197
67.8 -3.57113 7.81605 6.64227 99.3495
67.81 -3.49297 7.92318 6.64456 99.3793
67.82 -3.41374 8.02797 6.64686 99.4092
67.83 -3.33346 8.13038 6.64915 99.439
67.84 -3.25215 8.23039 6.65145 99.4688
67.85 -3.16985 8.32795 6.65374 99.4987
67.86 -3.08657 8.42305 6.65604 99.5285
67.87 -3.00234 8.51565 6.65834 99.5584
67.88 -2.91718 8.60572 6.66063 99.5882
67.89 -2.83113 8.69323 6.66293 99.6181
67.9 -2.74419 8.77817 6.66523 99.648
67.91 -2.65641 8.86049 6.66753 99.6779
67.92 -2.56781 8.94018 6.66983 99.7078
67.93 -2.47841 9.01722 6.67213 99.7377
67.94 -2.38823 9.09157 6.67443 99.7676
67.95 -2.29732 9.16322 6.67673 99.7976
67.96 -2.20569 9.23214 6.67904 99.8275
67.97 -2.11336 9.29831 6.68134 99.8574
67.98 -2.02038 9.36171 6.68365 99.8874
67.99 -1.92676 9.42232 6.68595 99.9174
68 -1.83254 9.48012 6.68826 99.9473
68.01 -1.73774 9.5351 6.69056 99.9773
68.02 -1.64239 9.58723 6.69287 100.007
68.03 -1.54652 9.6365 6.69518 100.037
68.04 -1.45015 9.6829 6.69749 100.067
68.05 -1.35332 9.7264 6.6998 100.097
68.06 -1.25606 9.767 6.70211 100.127
68.07 -1.15839 9.80468 6.70442 100.157
68.08 -1.06034 9.83944 6.70673 100.187
68.09 -0.961947 9.87125 6.70904 100.218
68.1 -0.863235 9.9001 6.71135 100.248
68.11 -0.764234 9.926 6.71367 100.278
68.12 -0.664974 9.94893 6.71598 100.308
68.13 -0.565484 9.96888 6.71829 100.338
68.14 -0.465796 9.98584 6.72061 100.368
68.15 -0.365937 9.99982 6.72293 100.398
68.16 -0.265939 10.0108 6.72524 100.428
68.17 -0.165831 10.0188 6.72756 100.458
68.18 -0.0656434 10.0237 6.72988 100.488
68.19 0.0345941 10.0257 6.7322 100.519
68.2 0.134851 10.0247 6.73452 100.549
68.21 0.235098 10.0206 6.73684 100.579
68.22 0.335304 10.0136 6.73916 100.609
68.23 0.43544 10.0035 6.74148 100.639
68.24 0.535475 9.99046 6.7438 100.669
68.25 0.63538 9.97439 6.74613 100.7
68.26 0.735124 9.95533 6.74845 100.73
68.27 0.834677 9.93328 6.75078 100.76
68.28 0.93401 9.90824 6.7531 100.79
68.29 1.03309 9.88022 6.75543 100.821
68.3 1.13189 9.84922 6.75775 100.851
68.31 1.23039 9.81527 6.76008 100.881
68.32 1.32854 9.77836 6.76241 100.911
68.33 1.42632 9.7385 6.76474 100.942
68.34 1.52371 9.69571 6.76707 100.972
68.35 1.62067 9.65 6.7694 101.002
68.36 1.71717 9.60138 6.77173 101.032
68.37 1.81318 9.54986 6.77406 101.063
68.38 1.90868 9.49547 6.77639 101.093
68.39 2.00363 9.43821 6.77872 101.123
68.4 2.09801 9.3781 6.78106 101.154
68.41 2.1918 9.31516 6.78339 101.184
68.42 2.28495 9.24941 6.78573 101.214
68.43 2.37744 9.18086 6.78806 101.245
68.44 2.46925 9.10953 6.7904 101.275
68.45 2.56034 9.03546 6.79274 101.306
68.46 2.6507 8.95865 6.79507 101.336
68.47 2.74029 8.87913 6.79741 101.366
68.48 2.82908 8.79692 6.79975 101.397
68.49 2.91705 8.71204 6.80209 101.427
68.5 3.00417 8.62453 6.80443 101.458
68.51 3.09041 8.53441 6.80677 101.488
68.52 3.17576 8.4417 6.80912 101.519
68.53 3.26017 8.34642 6.81146 101.549
68.54 3.34364 8.24862 6.8138 101.579
68.55 3.42612 8.14831 6.81615 101.61
68.56 3.50761 8.04552 6.81849 101.64
68.57 3.58806 7.9403 6.82084 101.671
68.58 3.66746 7.83265 6.82318 101.701
68.59 3.74579 7.72263 6.82553 101.732
68.6 3.82302 7.61026 6.82788 101.762
68.61 3.89912 7.49557 6.83023 101.793
68.62 3.97408 7.37859 6.83257 101.823
68.63 4.04786 7.25937 6.83492 101.854
68.64 4.12046 7.13793 6.83727 101.885
68.65 4.19183 7.01432 6.83963 101.915
68.66 4.26198 6.88857 6.84198 101.946
68.67 4.33086 6.76071 6.84433 101.976
68.68 4.39847 6.63078 6.84668 102.007
68.69 4.46478 6.49883 6.84904 102.037
68.7 4.52977 6.36488 6.85139 102.068
68.71 4.59342 6.22899 6.85375 102.099
68.72 4.65571 6.09119 6.8561 102.129
68.73 4.71662 5.95152 6.85846 102.16
68.74 4.77613 5.81002 6.86082 102.191
68.75 4.83423 5.66673 6.86318 102.221
68.76 4.8909 5.52171 6.86554 102.252
68.77 4.94612 5.37498 6.8679 102.283
68.78 4.99987 5.2266 6.87026 102.313
68.79 5.05213 5.0766 6.87262 102.344
68.8 5.1029 4.92504 6.87498 102.375
68.81 5.15215 4.77195 6.87734 102.405
68.82 5.19987 4.61739 6.8797 102.436
68.83 5.24604 4.46139 6.88207 102.467
68.84 5.29066 4.30401 6.88443 102.498
68.85 5.3337 4.14529 6.8868 102.528
68.86 5.37515 3.98528 6.88916 102.559
68.87 5.415 3.82402 6.89153 102.59
68.88 5.45324 3.66157 6.8939 102.621
68.89 5.48986 3.49798 6.89627 102.651
68.9 5.52484 3.33328 6.89864 102.682
68.91 5.55817 3.16753 6.90101 102.713
68.92 5.58985 3.00079 6.90338 102.744
68.93 5.61985 2.83309 6.90575 102.775
68.94 5.64819 2.6645 6.90812 102.806
68.95 5.67483 2.49505 6.91049 102.836
68.96 5.69978 2.32481 6.91286 102.867
68.97 5.72303 2.15381 6.91524 102.898
68.98 5.74457 1.98212 6.91761 102.929
68.99 5.76439 1.80979 6.91999 102.96
69 5.78249 1.63685 6.92236 102.991
69.01 5.79885 1.46338 6.92474 103.022
69.02 5.81349 1.28941 6.92712 103.053
69.03 5.82638 1.11501 6.9295 103.083
69.04 5.83753 0.940219 6.93187 103.114
69.05 5.84693 0.765093 6.93425 103.145
69.06 5.85459 0.589685 6.93663 103.176
69.07 5.86048 0.414047 6.93902 103.207
69.08 5.86462 0.238233 6.9414 103.238
69.09 5.86701 0.0622938 6.94378 103.269
69.1 5.86763 -0.113716 6.94616 103.3
69.11 5.86649 -0.289745 6.94855 103.331
69.12 5.86359 -0.46574 6.95093 103.362
69.13 5.85894 -0.641648 6.95332 103.393
69.14 5.85252 -0.817416 6.9557 103.424
69.15 5.84435 -0.992991 6.95809 103.455
69.16 5.83442 -1.16832 6.96048 103.486
69.17 5.82273 -1.34335 6.96286 103.517
69.18 5.8093 -1.51804 6.96525 103.548
69.19 5.79412 -1.69232 6.96764 103.579
69.2 5.7772 -1.86614 6.97003 103.61
69.21 5.75853 -2.03945 6.97242 103.642
69.22 5.73814 -2.21221 6.97482 103.673
69.23 5.71602 -2.38435 6.97721 103.704
69.24 5.69217 -2.55584 6.9796 103.735
69.25 5.66662 -2.7266 6.982 103.766
69.26 5.63935 -2.8966 6.98439 103.797
69.27 5.61038 -3.06578 6.98679 103.828
69.28 5.57973 -3.23409 6.98918 103.859
69.29 5.54738 -3.40148 6.99158 103.891
69.3 5.51337 -3.5679 6.99398 103.922
69.31 5.47769 -3.73331 6.99637 103.953
69.32 5.44036 -3.89764 6.99877 103.984
69.33 5.40138 -4.06085 7.00117 104.015
69.34 5.36077 -4.22289 7.00357 104.046
69.35 5.31854 -4.38371 7.00597 104.078
69.36 5.27471 -4.54327 7.00838 104.109
69.37 5.22927 -4.70151 7.01078 104.14
69.38 5.18226 -4.85839 7.01318 104.171
69.39 5.13368 -5.01385 7.01559 104.203
69.4 5.08354 -5.16787 7.01799 104.234
69.41 5.03186 -5.32037 7.0204 104.265
69.42 4.97865 -5.47133 7.0228 104.296
69.43 4.92394 -5.62069 7.02521 104.328
69.44 4.86773 -5.7684 7.02762 104.359
69.45 4.81005 -5.91444 7.03002 104.39
69.46 4.75091 -6.05874 7.03243 104.422
69.47 4.69032 -6.20127 7.03484 104.453
69.48 4.62831 -6.34198 7.03725 104.484
69.49 4.56489 -6.48082 7.03966 104.516
69.5 4.50008 -6.61777 7.04208 104.547
69.51 4.4339 -6.75277 7.04449 104.578
69.52 4.36637 -6.88579 7.0469 104.61
69.53 4.29751 -7.01678 7.04932 104.641
69.54 4.22735 -7.14571 7.05173 104.673
69.55 4.15589 -7.27253 7.05415 104.704
69.56 4.08316 -7.3972 7.05656 104.735
69.57 4.00919 -7.5197 7.05898 104.767
69.58 3.934 -7.63997 7.0614 104.798
69.59 3.8576 -7.75799 7.06382 104.83
69.6 3.78002 -7.87372 7.06624 104.861
69.61 3.70128 -7.98712 7.06866 104.893
69.62 3.62141 -8.09816 7.07108 104.924
69.63 3.54043 -8.2068 7.0735 104.955
69.64 3.45836 -8.31302 7.07592 104.987
69.65 3.37523 -8.41677 7.07834 105.018
69.66 3.29106 -8.51802 7.08077 105.05
69.67 3.20588 -8.61676 7.08319 105.081
69.68 3.11971 -8.71293 7.08561 105.113
69.69 3.03258 -8.80652 7.08804 105.145
69.7 2.94452 -8.8975 7.09047 105.176
69.71 2.85554 -8.98584 7.09289 105.208
69.72 2.76568 -9.0715 7.09532 105.239
69.73 2.67497 -9.15447 7.09775 105.271
69.74 2.58342 -9.23472 7.10018 105.302
69.75 2.49108 -9.31222 7.10261 105.334
69.76 2.39795 -9.38696 7.10504 105.366
69.77 2.30409 -9.4589 7.10747 105.397
69.78 2.2095 -9.52802 7.1099 105.429
69.79 2.11422 -9.5943 7.11234 105.46
69.8 2.01827 -9.65773 7.11477 105.492
69.81 1.9217 -9.71828 7.11721 105.524
69.82 1.82451 -9.77593 7.11964 105.555
69.83 1.72675 -9.83066 7.12208 105.587
69.84 1.62845 -9.88247 7.12451 105.619
69.85 1.52962 -9.93132 7.12695 105.65
69.86 1.43031 -9.97721 7.12939 105.682
69.87 1.33054 -10.0201 7.13183 105.714
69.88 1.23034 -10.06 7.13427 105.745
69.89 1.12974 -10.0969 7.13671 105.777
69.9 1.02877 -10.1308 7.13915 105.809
69.91 0.927458 -10.1617 7.14159 105.841
69.92 0.825841 -10.1895 7.14403 105.872
69.93 0.723945 -10.2143 7.14648 105.904
69.94 0.621802 -10.236 7.14892 105.936
69.95 0.519442 -10.2547 7.15136 105.968
69.96 0.416896 -10.2703 7.15381 106
69.97 0.314193 -10.2828 7.15626 106.031
69.98 0.211365 -10.2922 7.1587 106.063
69.99 0.108444 -10.2985 7.16115 106.095
70 0.00545829 -10.3018 7.1636 106.127
70.01 -0.0975595 -10.3019 7.16605 106.159
70.02 -0.200579 -10.299 7.1685 106.19
70.03 -0.303569 -10.293 7.17095 106.222
70.04 -0.406499 -10.2839 7.1734 106.254
70.05 -0.509338 -10.2717 7.17585 106.286
70.06 -0.612055 -10.2564 7.1783 106.318
70.07 -0.714619 -10.2381 7.18076 106.35
70.08 -0.817 -10.2166 7.18321 106.382
70.09 -0.919166 -10.1921 7.18567 106.414
70.1 -1.02109 -10.1645 7.18812 106.446
70.11 -1.12273 -10.1339 7.19058 106.478
70.12 -1.22407 -10.1002 7.19304 106.509
70.13 -1.32507 -10.0635 7.19549 106.541
70.14 -1.42571 -10.0237 7.19795 106.573
70.15 -1.52595 -9.98097 7.20041 106.605
70.16 -1.62576 -9.93519 7.20287 106.637
70.17 -1.72511 -9.88642 7.20533 106.669
70.18 -1.82397 -9.83467 7.20779 106.701
70.19 -1.92232 -9.77995 7.21026 106.733
70.2 -2.02012 -9.72228 7.21272 106.765
70.21 -2.11734 -9.66168 7.21518 106.797
70.22 -2.21396 -9.59816 7.21765 106.829
70.23 -2.30994 -9.53174 7.22011 106.861
70.24 -2.40526 -9.46244 7.22258 106.894
70.25 -2.49988 -9.39028 7.22505 106.926
70.26 -2.59378 -9.31529 7.22751 106.958
70.27 -2.68694 -9.23747 7.22998 106.99
70.28 -2.77931 -9.15686 7.23245 107.022
70.29 -2.87088 -9.07348 7.23492 107.054
70.3 -2.96161 -8.98736 7.23739 107.086
70.31 -3.05149 -8.89851 7.23986 107.118
70.32 -3.14047 -8.80696 7.24233 107.15
70.33 -3.22854 -8.71275 7.24481 107.182
70.34 -3.31567 -8.61589 7.24728 107.215
70.35 -3.40183 -8.51642 7.24975 107.247
70.36 -3.48699 -8.41437 7.25223 107.279
70.37 -3.57114 -8.30976 7.25471 107.311
70.38 -3.65424 -8.20263 7.25718 107.343
70.39 -3.73626 -8.093 7.25966 107.376
70.4 -3.81719 -7.98091 7.26214 107.408
70.41 -3.897 -7.86639 7.26462 107.44
70.42 -3.97566 -7.74948 7.26709 107.472
70.43 -4.05316 -7.63021 7.26958 107.504
70.44 -4.12946 -7.50862 7.27206 107.537
70.45 -4.20455 -7.38474 7.27454 107.569
70.46 -4.27839 -7.2586 7.27702 107.601
70.47 -4.35098 -7.13025 7.2795 107.634
70.48 -4.42228 -6.99972 7.28199 107.666
70.49 -4.49228 -6.86705 7.28447 107.698
70.5 -4.56095 -6.73228 7.28696 107.73
70.51 -4.62827 -6.59545 7.28944 107.763
70.52 -4.69423 -6.4566 7.29193 107.795
70.53 -4.75879 -6.31578 7.29442 107.827
70.54 -4.82195 -6.17301 7.29691 107.86
70.55 -4.88368 -6.02836 7.29939 107.892
70.56 -4.94397 -5.88184 7.30188 107.924
70.57 -5.00278 -5.73353 7.30438 107.957
70.58 -5.06012 -5.58344 7.30687 107.989
70.59 -5.11595 -5.43164 7.30936 108.022
70.6 -5.17027 -5.27816 7.31185 108.054
70.61 -5.22305 -5.12305 7.31434 108.086
70.62 -5.27428 -4.96636 7.31684 108.119
70.63 -5.32395 -4.80813 7.31933 108.151
70.64 -5.37203 -4.64841 7.32183 108.184
70.65 -5.41851 -4.48725 7.32433 108.216
70.66 -5.46338 -4.3247 7.32682 108.249
70.67 -5.50663 -4.1608 7.32932 108.281
70.68 -5.54824 -3.9956 7.33182 108.314
70.69 -5.5882 -3.82915 7.33432 108.346
70.7 -5.62649 -3.6615 7.33682 108.379
70.71 -5.6631 -3.49271 7.33932 108.411
70.72 -5.69803 -3.32282 7.34182 108.444
70.73 -5.73126 -3.15188 7.34433 108.476
70.74 -5.76278 -2.97994 7.34683 108.509
70.75 -5.79258 -2.80705 7.34933 108.541
70.76 -5.82065 -2.63328 7.35184 108.574
70.77 -5.84698 -2.45866 7.35434 108.606
70.78 -5.87156 -2.28325 7.35685 108.639
70.79 -5.8944 -2.1071 7.35936 108.672
70.8 -5.91547 -1.93027 7.36186 108.704
70.81 -5.93477 -1.75281 7.36437 108.737
70.82 -5.9523 -1.57476 7.36688 108.769
70.83 -5.96805 -1.39619 7.36939 108.802
70.84 -5.98201 -1.21715 7.3719 108.835
70.85 -5.99418 -1.03769 7.37442 108.867
70.86 -6.00456 -0.857866 7.37693 108.9
70.87 -6.01314 -0.67773 7.37944 108.933
70.88 -6.01991 -0.497336 7.38195 108.965
70.89 -6.02489 -0.316738 7.38447 108.998
70.9 -6.02805 -0.135992 7.38698 109.031
70.91 -6.02941 0.04485 7.3895 109.064
70.92 -6.02897 0.225732 7.39202 109.096
70.93 -6.02671 0.406601 7.39453 109.129
70.94 -6.02264 0.587403 7.39705 109.162
70.95 -6.01677 0.768082 7.39957 109.194
70.96 -6.00909 0.948585 7.40209 109.227
70.97 -5.9996 1.12886 7.40461 109.26
70.98 -5.98831 1.30885 7.40713 109.293
70.99 -5.97522 1.48849 7.40966 109.326
71 -5.96034 1.66775 7.41218 109.358
71.01 -5.94366 1.84656 7.4147 109.391
71.02 -5.9252 2.02487 7.41723 109.424
71.03 -5.90495 2.20263 7.41975 109.457
71.04 -5.88292 2.37978 7.42228 109.49
71.05 -5.85912 2.55626 7.42481 109.522
71.06 -5.83356 2.73204 7.42733 109.555
71.07 -5.80624 2.90704 7.42986 109.588
71.08 -5.77717 3.08123 7.43239 109.621
71.09 -5.74636 3.25455 7.43492 109.654
71.1 -5.71381 3.42694 7.43745 109.687
71.11 -5.67954 3.59835 7.43998 109.72
71.12 -5.64356 3.76874 7.44251 109.753
71.13 -5.60587 3.93804 7.44505 109.786
71.14 -5.56649 4.10622 7.44758 109.819
71.15 -5.52543 4.27322 7.45011 109.851
71.16 -5.4827 4.43898 7.45265 109.884
71.17 -5.43831 4.60346 7.45518 109.917
71.18 -5.39227 4.76661 7.45772 109.95
71.19 -5.34461 4.92838 7.46026 109.983
71.2 -5.29532 5.08871 7.4628 110.016
71.21 -5.24444 5.24757 7.46534 110.049
71.22 -5.19196 5.40491 7.46787 110.082
71.23 -5.13791 5.56067 7.47042 110.115
71.24 -5.0823 5.7148 7.47296 110.148
71.25 -5.02516 5.86727 7.4755 110.181
71.26 -4.96648 6.01803 7.47804 110.215
71.27 -4.9063 6.16702 7.48058 110.248
71.28 -4.84463 6.31421 7.48313 110.281
71.29 -4.78149 6.45955 7.48567 110.314
71.3 -4.7169 6.60299 7.48822 110.347
71.31 -4.65087 6.7445 7.49077 110.38
71.32 -4.58342 6.88403 7.49331 110.413
71.33 -4.51458 7.02153 7.49586 110.446
71.34 -4.44436 7.15697 7.49841 110.479
71.35 -4.3728 7.2903 7.50096 110.512
71.36 -4.29989 7.42148 7.50351 110.546
71.37 -4.22568 7.55048 7.50606 110.579
71.38 -4.15017 7.67725 7.50861 110.612
71.39 -4.0734 7.80175 7.51116 110.645
71.4 -3.99538 7.92396 7.51372 110.678
71.41 -3.91614 8.04382 7.51627 110.712
71.42 -3.8357 8.1613 7.51883 110.745
71.43 -3.75409 8.27637 7.52138 110.778
71.44 -3.67133 8.389 7.52394 110.811
71.45 -3.58744 8.49914 7.5265 110.844
71.46 -3.50245 8.60676 7.52905 110.878
71.47 -3.41638 8.71183 7.53161 110.911
71.48 -3.32926 8.81432 7.53417 110.944
71.49 -3.24112 8.9142 7.53673 110.978
71.5 -3.15198 9.01144 7.53929 111.011
71.51 -3.06186 9.10599 7.54186 111.044
71.52 -2.9708 9.19785 7.54442 111.077
71.53 -2.87882 9.28697 7.54698 111.111
71.54 -2.78595 9.37334 7.54955 111.144
71.55 -2.69222 9.45692 7.55211 111.177
71.56 -2.59765 9.53768 7.55468 111.211
71.57 -2.50227 9.61561 7.55724 111.244
71.58 -2.40612 9.69068 7.55981 111.278
71.59 -2.30921 9.76287 7.56238 111.311
71.6 -2.21158 9.83214 7.56495 111.344
71.61 -2.11326 9.89849 7.56752 111.378
71.62 -2.01428 9.96189 7.57009 111.411
71.63 -1.91466 10.0223 7.57266 111.445
71.64 -1.81443 10.0798 7.57523 111.478
71.65 -1.71364 10.1342 7.5778 111.511
71.66 -1.61229 10.1856 7.58037 111.545
71.67 -1.51044 10.234 7.58295 111.578
71.68 -1.4081 10.2793 7.58552 111.612
71.69 -1.30531 10.3215 7.5881 111.645
71.7 -1.20209 10.3607 7.59068 111.679
71.71 -1.09848 10.3967 7.59325 111.712
71.72 -0.994516 10.4297 7.59583 111.746
71.73 -0.890219 10.4595 7.59841 111.779
71.74 -0.785624 10.4862 7.60099 111.813
71.75 -0.680761 10.5098 7.60357 111.846
71.76 -0.575663 10.5302 7.60615 111.88
71.77 -0.470361 10.5475 7.60873 111.914
71.78 -0.364886 10.5616 7.61132 111.947
71.79 -0.25927 10.5726 7.6139 111.981
71.8 -0.153544 10.5803 7.61648 112.014
71.81 -0.0477409 10.5849 7.61907 112.048
71.82 0.0581086 10.5864 7.62165 112.081
71.83 0.163972 10.5846 7.62424 112.115
71.84 0.269819 10.5797 7.62683 112.149
71.85 0.375616 10.5716 7.62942 112.182
71.86 0.481332 10.5604 7.632 112.216
71.87 0.586935 10.5459 7.63459 112.25
71.88 0.692395 10.5283 7.63718 112.283
71.89 0.797678 10.5075 7.63978 112.317
71.9 0.902753 10.4836 7.64237 112.351
71.91 1.00759 10.4565 7.64496 112.384
71.92 1.11215 10.4263 7.64755 112.418
71.93 1.21642 10.3929 7.65015 112.452
71.94 1.32035 10.3564 7.65274 112.486
71.95 1.42391 10.3168 7.65534 112.519
71.96 1.52708 10.2741 7.65794 112.553
71.97 1.62982 10.2283 7.66053 112.587
71.98 1.7321 10.1794 7.66313 112.621
71.99 1.8339 10.1274 7.66573 112.654
72 1.93517 10.0724 7.66833 112.688
72.01 2.0359 10.0144 7.67093 112.722
72.02 2.13604 9.95329 7.67353 112.756
72.03 2.23557 9.88921 7.67613 112.79
72.04 2.33446 9.82214 7.67874 112.824
72.05 2.43269 9.7521 7.68134 112.857
72.06 2.53021 9.67912 7.68394 112.891
72.07 2.627 9.60322 7.68655 112.925
72.08 2.72303 9.52441 7.68916 112.959
72.09 2.81827 9.44272 7.69176 112.993
72.1 2.9127 9.35817 7.69437 113.027
72.11 3.00628 9.27079 7.69698 113.061
72.12 3.09899 9.1806 7.69959 113.095
72.13 3.1908 9.08763 7.7022 113.129
72.14 3.28167 8.99191 7.70481 113.162
72.15 3.37159 8.89346 7.70742 113.196
72.16 3.46053 8.79231 7.71003 113.23
72.17 3.54845 8.68849 7.71264 113.264
72.18 3.63533 8.58204 7.71526 113.298
72.19 3.72115 8.47298 7.71787 113.332
72.2 3.80588 8.36134 7.72049 113.366
72.21 3.8895 8.24717 7.7231 113.4
72.22 3.97197 8.13048 7.72572 113.434
72.23 4.05327 8.01132 7.72834 113.468
72.24 4.13339 7.88972 7.73096 113.502
72.25 4.21229 7.76572 7.73358 113.536
72.26 4.28994 7.63935 7.7362 113.571
72.27 4.36634 7.51066 7.73882 113.605
72.28 4.44144 7.37967 7.74144 113.639
72.29 4.51524 7.24642 7.74406 113.673
72.3 4.5877 7.11097 7.74668 113.707
72.31 4.65881 6.97333 7.74931 113.741
72.32 4.72855 6.83357 7.75193 113.775
72.33 4.79688 6.69171 7.75456 113.809
72.34 4.8638 6.54781 7.75719 113.843
72.35 4.92928 6.40189 7.75981 113.878
72.36 4.9933 6.25402 7.76244 113.912
72.37 5.05584 6.10422 7.76507 113.946
72.38 5.11688 5.95254 7.7677 113.98
72.39 5.1764 5.79903 7.77033 114.014
72.4 5.23439 5.64374 7.77296 114.048
72.41 5.29083 5.48671 7.77559 114.083
72.42 5.3457 5.32799 7.77822 114.117
72.43 5.39898 5.16762 7.78086 114.151
72.44 5.45065 5.00565 7.78349 114.185
72.45 5.50071 4.84213 7.78613 114.22
72.46 5.54913 4.6771 7.78876 114.254
72.47 5.5959 4.51063 7.7914 114.288
72.48 5.64101 4.34275 7.79404 114.322
72.49 5.68444 4.17352 7.79668 114.357
72.5 5.72617 4.00299 7.79931 114.391
72.51 5.7662 3.8312 7.80195 114.425
72.52 5.80451 3.65822 7.80459 114.46
72.53 5.8411 3.48408 7.80724 114.494
72.54 5.87594 3.30885 7.80988 114.528
72.55 5.90903 3.13257 7.81252 114.563
72.56 5.94035 2.9553 7.81517 114.597
72.57 5.9699 2.77709 7.81781 114.632
72.58 5.99768 2.59799 7.82045 114.666
72.59 6.02366 2.41806 7.8231 114.7
72.6 6.04784 2.23735 7.82575 114.735
72.61 6.07021 2.05592 7.8284 114.769
72.62 6.09077 1.87381 7.83104 114.804
72.63 6.10951 1.69109 7.83369 114.838
72.64 6.12642 1.5078 7.83634 114.872
72.65 6.1415 1.32401 7.83899 114.907
72.66 6.15474 1.13977 7.84165 114.941
72.67 6.16613 0.955125 7.8443 114.976
72.68 6.17569 0.770141 7.84695 115.01
72.69 6.18339 0.58487 7.84961 115.045
72.7 6.18924 0.399369 7.85226 115.079
72.71 6.19323 0.213692 7.85492 115.114
72.72 6.19537 0.0278948 7.85757 115.148
72.73 6.19564 -0.157966 7.86023 115.183
72.74 6.19407 -0.343836 7.86289 115.218
72.75 6.19063 -0.529658 7.86555 115.252
72.76 6.18533 -0.715376 7.86821 115.287
72.77 6.17818 -0.900936 7.87087 115.321
72.78 6.16917 -1.08628 7.87353 115.356
72.79 6.1583 -1.27136 7.87619 115.39
72.8 6.14559 -1.45611 7.87885 115.425
72.81 6.13103 -1.64047 7.88152 115.46
72.82 6.11462 -1.8244 7.88418 115.494
72.83 6.09638 -2.00784 7.88685 115.529
72.84 6.0763 -2.19073 7.88951 115.564
72.85 6.0544 -2.37302 7.89218 115.598
72.86 6.03066 -2.55466 7.89485 115.633
72.87 6.00512 -2.73558 7.89752 115.668
72.88 5.97776 -2.91573 7.90019 115.702
72.89 5.94861 -3.09506 7.90286 115.737
72.9 5.91765 -3.27352 7.90553 115.772
72.91 5.88492 -3.45105 7.9082 115.807
72.92 5.85041 -3.6276 7.91087 115.841
72.93 5.81413 -3.80311 7.91354 115.876
72.94 5.7761 -3.97753 7.91622 115.911
72.95 5.73633 -4.15082 7.91889 115.946
72.96 5.69482 -4.32291 7.92157 115.98
72.97 5.65159 -4.49375 7.92424 116.015
72.98 5.60665 -4.6633 7.92692 116.05
72.99 5.56002 -4.8315 7.9296 116.085
73 5.5117 -4.9983 7.93228 116.12
73.01 5.46172 -5.16365 7.93496 116.154
73.02 5.41008 -5.3275 7.93764 116.189
73.03 5.35681 -5.4898 7.94032 116.224
73.04 5.30191 -5.65051 7.943 116.259
73.05 5.24541 -5.80957 7.94569 116.294
73.06 5.18731 -5.96693 7.94837 116.329
73.07 5.12764 -6.12255 7.95105 116.364
73.08 5.06642 -6.27638 7.95374 116.399
73.09 5.00365 -6.42837 7.95643 116.434
73.1 4.93937 -6.57848 7.95911 116.468
73.11 4.87358 -6.72666 7.9618 116.503
73.12 4.80632 -6.87287 7.96449 116.538
73.13 4.73759 -7.01706 7.96718 116.573
73.14 4.66742 -7.15918 7.96987 116.608
73.15 4.59583 -7.29921 7.97256 116.643
73.16 4.52283 -7.43708 7.97525 116.678
73.17 4.44846 -7.57277 7.97794 116.713
73.18 4.37274 -7.70622 7.98064 116.748
73.19 4.29567 -7.8374 7.98333 116.783
73.2 4.2173 -7.96627 7.98603 116.818
73.21 4.13764 -8.09279 7.98872 116.853
73.22 4.05671 -8.21692 7.99142 116.888
73.23 3.97454 -8.33862 7.99412 116.924
73.24 3.89115 -8.45786 7.99681 116.959
73.25 3.80657 -8.57459 7.99951 116.994
73.26 3.72083 -8.68879 8.00221 117.029
73.27 3.63394 -8.80041 8.00491 117.064
73.28 3.54594 -8.90943 8.00761 117.099
73.29 3.45684 -9.01581 8.01032 117.134
73.3 3.36668 -9.11952 8.01302 117.169
73.31 3.27549 -9.22052 8.01572 117.204
73.32 3.18328 -9.31878 8.01843 117.24
73.33 3.0901 -9.41428 8.02113 117.275
73.34 2.99595 -9.50698 8.02384 117.31
73.35 2.90088 -9.59686 8.02655 117.345
73.36 2.80491 -9.68389 8.02926 117.38
73.37 2.70808 -9.76804 8.03196 117.416
73.38 2.6104 -9.84928 8.03467 117.451
73.39 2.5119 -9.92759 8.03738 117.486
73.4 2.41263 -10.0029 8.0401 117.521
73.41 2.3126 -10.0753 8.04281 117.557
73.42 2.21184 -10.1447 8.04552 117.592
73.43 2.1104 -10.2111 8.04823 117.627
73.44 2.00829 -10.2744 8.05095 117.662
73.45 1.90554 -10.3346 8.05366 117.698
73.46 1.8022 -10.3918 8.05638 117.733
73.47 1.69828 -10.4459 8.0591 117.768
73.48 1.59382 -10.4968 8.06181 117.804
73.49 1.48885 -10.5446 8.06453 117.839
73.5 1.38341 -10.5893 8.06725 117.874
73.51 1.27751 -10.6308 8.06997 117.91
73.52 1.17121 -10.6691 8.07269 117.945
73.53 1.06451 -10.7042 8.07542 117.98
73.54 0.957472 -10.7362 8.07814 118.016
73.55 0.85011 -10.7649 8.08086 118.051
73.56 0.742461 -10.7904 8.08359 118.087
73.57 0.634557 -10.8127 8.08631 118.122
73.58 0.52643 -10.8317 8.08904 118.157
73.59 0.418113 -10.8475 8.09176 118.193
73.6 0.309638 -10.8601 8.09449 118.228
73.61 0.201037 -10.8693 8.09722 118.264
73.62 0.092344 -10.8754 8.09995 118.299
73.63 -0.0164097 -10.8781 8.10268 118.335
73.64 -0.125191 -10.8777 8.10541 118.37
73.65 -0.233968 -10.8739 8.10814 118.406
73.66 -0.342707 -10.8669 8.11087 118.441
73.67 -0.451375 -10.8566 8.11361 118.477
73.68 -0.559941 -10.8431 8.11634 118.512
73.69 -0.668372 -10.8263 8.11908 118.548
73.7 -0.776634 -10.8062 8.12181 118.584
73.71 -0.884696 -10.7829 8.12455 118.619
73.72 -0.992526 -10.7564 8.12729 118.655
73.73 -1.10009 -10.7266 8.13002 118.69
73.74 -1.20736 -10.6936 8.13276 118.726
73.75 -1.31429 -10.6574 8.1355 118.762
73.76 -1.42086 -10.6179 8.13824 118.797
73.77 -1.52704 -10.5753 8.14098 118.833
73.78 -1.6328 -10.5295 8.14373 118.868
73.79 -1.73809 -10.4805 8.14647 118.904
73.8 -1.8429 -10.4284 8.14921 118.94
73.81 -1.94718 -10.3731 8.15196 118.975
73.82 -2.05091 -10.3147 8.1547 119.011
73.83 -2.15406 -10.2531 8.15745 119.047
73.84 -2.25659 -10.1885 8.1602 119.083
73.85 -2.35848 -10.1208 8.16295 119.118
73.86 -2.45968 -10.0501 8.16569 119.154
73.87 -2.56018 -9.97628 8.16844 119.19
73.88 -2.65995 -9.89947 8.1712 119.226
73.89 -2.75894 -9.81968 8.17395 119.261
73.9 -2.85714 -9.73691 8.1767 119.297
73.91 -2.95451 -9.65119 8.17945 119.333
73.92 -3.05102 -9.56256 8.18221 119.369
73.93 -3.14665 -9.47103 8.18496 119.404
73.94 -3.24136 -9.37663 8.18772 119.44
73.95 -3.33512 -9.27939 8.19047 119.476
73.96 -3.42792 -9.17933 8.19323 119.512
73.97 -3.51971 -9.0765 8.19599 119.548
73.98 -3.61047 -8.9709 8.19875 119.584
73.99 -3.70018 -8.86259 8.20151 119.62
74 -3.78881 -8.75159 8.20427 119.655
74.01 -3.87632 -8.63792 8.20703 119.691
74.02 -3.9627 -8.52163 8.20979 119.727
74.03 -4.04792 -8.40275 8.21255 119.763
74.04 -4.13195 -8.28131 8.21532 119.799
74.05 -4.21476 -8.15735 8.21808 119.835
74.06 -4.29633 -8.03091 8.22085 119.871
74.07 -4.37664 -7.90202 8.22361 119.907
74.08 -4.45566 -7.77072 8.22638 119.943
74.09 -4.53337 -7.63705 8.22915 119.979
74.1 -4.60974 -7.50105 8.23192 120.015
74.11 -4.68475 -7.36276 8.23469 120.051
74.12 -4.75838 -7.22222 8.23746 120.087
74.13 -4.8306 -7.07946 8.24023 120.123
74.14 -4.9014 -6.93455 8.243 120.159
74.15 -4.97074 -6.7875 8.24577 120.195
74.16 -5.03862 -6.63838 8.24855 120.231
74.17 -5.105 -6.48722 8.25132 120.267
74.18 -5.16987 -6.33407 8.2541 120.303
74.19 -5.23321 -6.17898 8.25687 120.339
74.2 -5.295 -6.02198 8.25965 120.375
74.21 -5.35522 -5.86313 8.26243 120.412
74.22 -5.41385 -5.70247 8.26521 120.448
74.23 -5.47088 -5.54006 8.26799 120.484
74.24 -5.52628 -5.37593 8.27077 120.52
74.25 -5.58004 -5.21014 8.27355 120.556
74.26 -5.63214 -5.04274 8.27633 120.592
74.27 -5.68257 -4.87378 8.27911 120.628
74.28 -5.73131 -4.7033 8.2819 120.665
74.29 -5.77834 -4.53136 8.28468 120.701
74.3 -5.82365 -4.35801 8.28747 120.737
74.31 -5.86723 -4.1833 8.29025 120.773
74.32 -5.90907 -4.00729 8.29304 120.81
74.33 -5.94914 -3.83001 8.29583 120.846
74.34 -5.98744 -3.65154 8.29862 120.882
74.35 -6.02395 -3.47192 8.30141 120.918
74.36 -6.05867 -3.2912 8.3042 120.955
74.37 -6.09159 -3.10944 8.30699 120.991
74.38 -6.12268 -2.92669 8.30978 121.027
74.39 -6.15195 -2.74301 8.31257 121.063
74.4 -6.17938 -2.55845 8.31537 121.1
74.41 -6.20496 -2.37307 8.31816 121.136
74.42 -6.22869 -2.18692 8.32096 121.172
74.43 -6.25056 -2.00006 8.32375 121.209
74.44 -6.27056 -1.81254 8.32655 121.245
74.45 -6.28869 -1.62443 8.32935 121.282
74.46 -6.30493 -1.43577 8.33215 121.318
74.47 -6.31929 -1.24662 8.33495 121.354
74.48 -6.33176 -1.05704 8.33775 121.391
74.49 -6.34233 -0.867087 8.34055 121.427
74.5 -6.351 -0.676817 8.34335 121.464
74.51 -6.35776 -0.486287 8.34615 121.5
74.52 -6.36263 -0.295554 8.34896 121.536
74.53 -6.36558 -0.104676 8.35176 121.573
74.54 -6.36663 0.0862918 8.35457 121.609
74.55 -6.36577 0.277291 8.35737 121.646
74.56 -6.36299 0.468264 8.36018 121.682
74.57 -6.35831 0.659154 8.36299 121.719
74.58 -6.35172 0.849903 8.3658 121.755
74.59 -6.34322 1.04045 8.36861 121.792
74.6 -6.33282 1.23075 8.37142 121.828
74.61 -6.32051 1.42074 8.37423 121.865
74.62 -6.3063 1.61035 8.37704 121.902
74.63 -6.2902 1.79954 8.37985 121.938
74.64 -6.2722 1.98825 8.38267 121.975
74.65 -6.25232 2.17641 8.38548 122.011
74.66 -6.23056 2.36398 8.3883 122.048
74.67 -6.20692 2.5509 8.39112 122.084
74.68 -6.18141 2.73711 8.39393 122.121
74.69 -6.15404 2.92255 8.39675 122.158
74.7 -6.12481 3.10717 8.39957 122.194
74.71 -6.09374 3.29091 8.40239 122.231
74.72 -6.06083 3.47373 8.40521 122.268
74.73 -6.02609 3.65555 8.40803 122.304
74.74 -5.98954 3.83633 8.41085 122.341
74.75 -5.95117 4.01602 8.41368 122.378
74.76 -5.91101 4.19455 8.4165 122.415
74.77 -5.86907 4.37188 8.41933 122.451
74.78 -5.82535 4.54796 8.42215 122.488
74.79 -5.77987 4.72272 8.42498 122.525
74.8 -5.73264 4.89611 8.42781 122.561
74.81 -5.68368 5.06809 8.43063 122.598
74.82 -5.633 5.2386 8.43346 122.635
74.83 -5.58061 5.40759 8.43629 122.672
74.84 -5.52654 5.57501 8.43913 122.709
74.85 -5.47079 5.74081 8.44196 122.745
74.86 -5.41338 5.90493 8.44479 122.782
74.87 -5.35433 6.06733 8.44762 122.819
74.88 -5.29366 6.22796 8.45046 122.856
74.89 -5.23138 6.38677 8.45329 122.893
74.9 -5.16751 6.54371 8.45613 122.93
74.91 -5.10207 6.69874 8.45897 122.967
74.92 -5.03509 6.8518 8.4618 123.003
74.93 -4.96657 7.00285 8.46464 123.04
74.94 -4.89654 7.15185 8.46748 123.077
74.95 -4.82502 7.29875 8.47032 123.114
74.96 -4.75203 7.4435 8.47316 123.151
74.97 -4.6776 7.58606 8.476 123.188
74.98 -4.60174 7.72639 8.47885 123.225
74.99 -4.52447 7.86444 8.48169 123.262
75 -4.44583 8.00017 8.48453 123.299
75.01 -4.36583 8.13355 8.48738 123.336
75.02 -4.28449 8.26452 8.49023 123.373
75.03 -4.20185 8.39306 8.49307 123.41
75.04 -4.11792 8.51911 8.49592 123.447
75.05 -4.03273 8.64265 8.49877 123.484
75.06 -3.9463 8.76363 8.50162 123.521
75.07 -3.85866 8.88202 8.50447 123.558
75.08 -3.76984 8.99778 8.50732 123.595
75.09 -3.67986 9.11088 8.51017 123.632
75.1 -3.58876 9.22127 8.51303 123.669
75.11 -3.49654 9.32893 8.51588 123.706
75.12 -3.40325 9.43383 8.51874 123.744
75.13 -3.30892 9.53593 8.52159 123.781
75.14 -3.21356 9.6352 8.52445 123.818
75.15 -3.1172 9.7316 8.52731 123.855
75.16 -3.01989 9.82512 8.53016 123.892
75.17 -2.92164 9.91572 8.53302 123.929
75.18 -2.82248 10.0034 8.53588 123.966
75.19 -2.72245 10.088 8.53874 124.004
75.2 -2.62157 10.1697 8.5416 124.041
75.21 -2.51987 10.2484 8.54447 124.078
75.22 -2.41738 10.324 8.54733 124.115
75.23 -2.31415 10.3965 8.55019 124.153
75.24 -2.21018 10.4659 8.55306 124.19
75.25 -2.10552 10.5322 8.55593 124.227
75.26 -2.0002 10.5954 8.55879 124.264
75.27 -1.89425 10.6554 8.56166 124.302
75.28 -1.78769 10.7122 8.56453 124.339
75.29 -1.68057 10.7658 8.5674 124.376
75.3 -1.57291 10.8163 8.57027 124.413
75.31 -1.46475 10.8634 8.57314 124.451
75.32 -1.35611 10.9074 8.57601 124.488
75.33 -1.24704 10.9481 8.57888 124.525
75.34 -1.13756 10.9855 8.58176 124.563
75.35 -1.02771 11.0196 8.58463 124.6
75.36 -0.917509 11.0504 8.58751 124.638
75.37 -0.807005 11.078 8.59038 124.675
75.38 -0.696225 11.1022 8.59326 124.712
75.39 -0.585203 11.1231 8.59614 124.75
75.4 -0.473973 11.1406 8.59902 124.787
75.41 -0.362567 11.1548 8.6019 124.825
75.42 -0.251018 11.1657 8.60478 124.862
75.43 -0.139361 11.1732 8.60766 124.9
75.44 -0.0276289 11.1774 8.61054 124.937
75.45 0.0841453 11.1783 8.61342 124.975
75.46 0.195928 11.1757 8.61631 125.012
75.47 0.307685 11.1698 8.61919 125.05
75.48 0.419384 11.1606 8.62208 125.087
75.49 0.53099 11.148 8.62497 125.125
75.5 0.64247 11.1321 8.62785 125.162
75.51 0.753791 11.1128 8.63074 125.2
75.52 0.864919 11.0902 8.63363 125.237
75.53 0.975822 11.0643 8.63652 125.275
75.54 1.08646 11.035 8.63941 125.312
75.55 1.19681 11.0024 8.6423 125.35
75.56 1.30684 10.9665 8.6452 125.388
75.57 1.4165 10.9273 8.64809 125.425
75.58 1.52578 10.8848 8.65098 125.463
75.59 1.63462 10.839 8.65388 125.5
75.6 1.74301 10.79 8.65678 125.538
75.61 1.85091 10.7377 8.65967 125.576
75.62 1.95829 10.6822 8.66257 125.613
75.63 2.06511 10.6234 8.66547 125.651
75.64 2.17135 10.5615 8.66837 125.689
75.65 2.27696 10.4963 8.67127 125.727
75.66 2.38193 10.428 8.67417 125.764
75.67 2.48621 10.3566 8.67707 125.802
75.68 2.58977 10.282 8.67998 125.84
75.69 2.69259 10.2043 8.68288 125.877
75.7 2.79463 10.1235 8.68579 125.915
75.71 2.89587 10.0397 8.68869 125.953
75.72 2.99627 9.95279 8.6916 125.991
75.73 3.09579 9.8629 8.69451 126.029
75.74 3.19442 9.77002 8.69741 126.066
75.75 3.29212 9.67419 8.70032 126.104
75.76 3.38886 9.57543 8.70323 126.142
75.77 3.48462 9.47376 8.70614 126.18
75.78 3.57936 9.36922 8.70906 126.218
75.79 3.67305 9.26184 8.71197 126.256
75.8 3.76567 9.15165 8.71488 126.293
75.81 3.85718 9.03868 8.7178 126.331
75.82 3.94757 8.92297 8.72071 126.369
75.83 4.0368 8.80454 8.72363 126.407
75.84 4.12485 8.68344 8.72655 126.445
75.85 4.21168 8.55969 8.72946 126.483
75.86 4.29728 8.43334 8.73238 126.521
75.87 4.38161 8.30442 8.7353 126.559
75.88 4.46465 8.17297 8.73822 126.597
75.89 4.54638 8.03903 8.74114 126.635
75.9 4.62677 7.90264 8.74407 126.673
75.91 4.7058 7.76384 8.74699 126.711
75.92 4.78344 7.62266 8.74991 126.749
75.93 4.85967 7.47916 8.75284 126.787
75.94 4.93446 7.33337 8.75576 126.825
75.95 5.00779 7.18534 8.75869 126.863
75.96 5.07964 7.0351 8.76162 126.901
75.97 5.15 6.88271 8.76455 126.939
75.98 5.21882 6.72822 8.76748 126.977
75.99 5.2861 6.57165 8.77041 127.015
76 5.35182 6.41307 8.77334 127.053
76.01 5.41595 6.25251 8.77627 127.092
76.02 5.47848 6.09003 8.7792 127.13
76.03 5.53938 5.92568 8.78214 127.168
76.04 5.59863 5.7595 8.78507 127.206
76.05 5.65623 5.59154 8.78801 127.244
76.06 5.71214 5.42185 8.79094 127.282
76.07 5.76636 5.25049 8.79388 127.32
76.08 5.81887 5.0775 8.79682 127.359
76.09 5.86964 4.90293 8.79976 127.397
76.1 5.91867 4.72684 8.8027 127.435
76.11 5.96594 4.54928 8.80564 127.473
76.12 6.01143 4.3703 8.80858 127.512
76.13 6.05514 4.18996 8.81152 127.55
76.14 6.09704 4.00831 8.81447 127.588
76.15 6.13712 3.8254 8.81741 127.626
76.16 6.17537 3.64128 8.82036 127.665
76.17 6.21179 3.45602 8.8233 127.703
76.18 6.24635 3.26967 8.82625 127.741
76.19 6.27904 3.08228 8.8292 127.78
76.2 6.30987 2.89391 8.83215 127.818
76.21 6.3388 2.70461 8.8351 127.856
76.22 6.36585 2.51445 8.83805 127.895
76.23 6.39099 2.32347 8.841 127.933
76.24 6.41423 2.13174 8.84395 127.971
76.25 6.43555 1.93931 8.8469 128.01
76.26 6.45494 1.74625 8.84986 128.048
76.27 6.4724 1.5526 8.85281 128.087
76.28 6.48793 1.35843 8.85577 128.125
76.29 6.50151 1.16379 8.85872 128.163
76.3 6.51315 0.968743 8.86168 128.202
76.31 6.52284 0.773349 8.86464 128.24
76.32 6.53057 0.577664 8.8676 128.279
76.33 6.53635 0.381746 8.87056 128.317
76.34 6.54017 0.185656 8.87352 128.356
76.35 6.54202 -0.010549 8.87648 128.394
76.36 6.54192 -0.20681 8.87945 128.433
76.37 6.53985 -0.403067 8.88241 128.471
76.38 6.53582 -0.599263 8.88537 128.51
76.39 6.52983 -0.795337 8.88834 128.548
76.4 6.52187 -0.991232 8.89131 128.587
76.41 6.51196 -1.18689 8.89427 128.626
76.42 6.50009 -1.38225 8.89724 128.664
76.43 6.48627 -1.57725 8.90021 128.703
76.44 6.4705 -1.77184 8.90318 128.741
76.45 6.45278 -1.96595 8.90615 128.78
76.46 6.43312 -2.15954 8.90912 128.819
76.47 6.41152 -2.35253 8.9121 128.857
76.48 6.388 -2.54488 8.91507 128.896
76.49 6.36255 -2.73652 8.91805 128.935
76.5 6.33518 -2.92739 8.92102 128.973
76.51 6.30591 -3.11745 8.924 129.012
76.52 6.27474 -3.30662 8.92697 129.051
76.53 6.24167 -3.49487 8.92995 129.089
76.54 6.20672 -3.68212 8.93293 129.128
76.55 6.1699 -3.86832 8.93591 129.167
76.56 6.13122 -4.05341 8.93889 129.206
76.57 6.09068 -4.23735 8.94187 129.244
76.58 6.04831 -4.42007 8.94486 129.283
76.59 6.00411 -4.60152 8.94784 129.322
76.6 5.95809 -4.78164 8.95082 129.361
76.61 5.91028 -4.96039 8.95381 129.4
76.62 5.86067 -5.1377 8.9568 129.438
76.63 5.80929 -5.31352 8.95978 129.477
76.64 5.75616 -5.48779 8.96277 129.516
76.65 5.70128 -5.66048 8.96576 129.555
76.66 5.64468 -5.83152 8.96875 129.594
76.67 5.58636 -6.00086 8.97174 129.633
76.68 5.52635 -6.16845 8.97473 129.672
76.69 5.46467 -6.33424 8.97772 129.71
76.7 5.40133 -6.49818 8.98072 129.749
76.71 5.33634 -6.66022 8.98371 129.788
76.72 5.26974 -6.82031 8.98671 129.827
76.73 5.20154 -6.9784 8.9897 129.866
76.74 5.13176 -7.13445 8.9927 129.905
76.75 5.06041 -7.2884 8.9957 129.944
76.76 4.98753 -7.44021 8.9987 129.983
76.77 4.91312 -7.58984 9.0017 130.022
76.78 4.83723 -7.73723 9.0047 130.061
76.79 4.75985 -7.88235 9.0077 130.1
76.8 4.68103 -8.02515 9.0107 130.139
76.81 4.60078 -8.16558 9.0137 130.178
76.82 4.51912 -8.3036 9.01671 130.217
76.83 4.43609 -8.43917 9.01971 130.256
76.84 4.3517 -8.57226 9.02272 130.295
76.85 4.26597 -8.70281 9.02572 130.334
76.86 4.17894 -8.83079 9.02873 130.374
76.87 4.09064 -8.95615 9.03174 130.413
76.88 4.00108 -9.07887 9.03475 130.452
76.89 3.91029 -9.19891 9.03776 130.491
76.9 3.8183 -9.31621 9.04077 130.53
76.91 3.72514 -9.43076 9.04378 130.569
76.92 3.63083 -9.54252 9.0468 130.608
76.93 3.5354 -9.65144 9.04981 130.648
76.94 3.43889 -9.7575 9.05283 130.687
76.95 3.34131 -9.86067 9.05584 130.726
76.96 3.24271 -9.96091 9.05886 130.765
76.97 3.1431 -10.0582 9.06188 130.804
76.98 3.04252 -10.1525 9.0649 130.844
76.99 2.94099 -10.2438 9.06791 130.883
77 2.83855 -10.332 9.07094 130.922
77.01 2.73523 -10.4171 9.07396 130.961
77.02 2.63106 -10.4992 9.07698 131.001
77.03 2.52607 -10.5781 9.08 131.04
77.04 2.42029 -10.6539 9.08303 131.079
77.05 2.31375 -10.7265 9.08605 131.119
77.06 2.20648 -10.7959 9.08908 131.158
77.07 2.09852 -10.8621 9.0921 131.197
77.08 1.9899 -10.9251 9.09513 131.237
77.09 1.88065 -10.9848 9.09816 131.276
77.1 1.7708 -11.0412 9.10119 131.315
77.11 1.66039 -11.0943 9.10422 131.355
77.12 1.54945 -11.1441 9.10725 131.394
77.13 1.43801 -11.1906 9.11028 131.434
77.14 1.3261 -11.2338 9.11332 131.473
77.15 1.21376 -11.2735 9.11635 131.513
77.16 1.10103 -11.31 9.11938 131.552
77.17 0.987929 -11.343 9.12242 131.591
77.18 0.874499 -11.3726 9.12546 131.631
77.19 0.760773 -11.3989 9.12849 131.67
77.2 0.646784 -11.4217 9.13153 131.71
77.21 0.532567 -11.4411 9.13457 131.749
77.22 0.418156 -11.4571 9.13761 131.789
77.23 0.303586 -11.4696 9.14065 131.829
77.24 0.188889 -11.4787 9.1437 131.868
77.25 0.0741023 -11.4844 9.14674 131.908
77.26 -0.0407416 -11.4866 9.14978 131.947
77.27 -0.155608 -11.4854 9.15283 131.987
77.28 -0.270462 -11.4807 9.15587 132.026
77.29 -0.385269 -11.4726 9.15892 132.066
77.3 -0.499995 -11.461 9.16197 132.106
77.31 -0.614605 -11.446 9.16502 132.145
77.32 -0.729066 -11.4276 9.16807 132.185
77.33 -0.843342 -11.4057 9.17112 132.225
77.34 -0.957399 -11.3804 9.17417 132.264
77.35 -1.0712 -11.3517 9.17722 132.304
77.36 -1.18472 -11.3196 9.18027 132.344
77.37 -1.29792 -11.284 9.18333 132.383
77.38 -1.41076 -11.2451 9.18638 132.423
77.39 -1.52321 -11.2028 9.18944 132.463
77.4 -1.63524 -11.1571 9.1925 132.502
77.41 -1.74681 -11.108 9.19555 132.542
77.42 -1.85789 -11.0556 9.19861 132.582
77.43 -1.96844 -10.9999 9.20167 132.622
77.44 -2.07844 -10.9408 9.20473 132.662
77.45 -2.18785 -10.8785 9.20779 132.701
77.46 -2.29663 -10.8128 9.21086 132.741
77.47 -2.40476 -10.7439 9.21392 132.781
77.48 -2.5122 -10.6718 9.21698 132.821
77.49 -2.61892 -10.5964 9.22005 132.861
77.5 -2.72489 -10.5179 9.22311 132.9
77.51 -2.83006 -10.4361 9.22618 132.94
77.52 -2.93442 -10.3512 9.22925 132.98
77.53 -3.03794 -10.2632 9.23232 133.02
77.54 -3.14057 -10.172 9.23539 133.06
77.55 -3.24229 -10.0778 9.23846 133.1
77.56 -3.34307 -9.98056 9.24153 133.14
77.57 -3.44287 -9.88027 9.2446 133.18
77.58 -3.54168 -9.77698 9.24768 133.22
77.59 -3.63945 -9.67073 9.25075 133.26
77.6 -3.73615 -9.56155 9.25383 133.3
77.61 -3.83177 -9.44946 9.2569 133.34
77.62 -3.92626 -9.33451 9.25998 133.38
77.63 -4.01961 -9.21672 9.26306 133.42
77.64 -4.11178 -9.09613 9.26614 133.46
77.65 -4.20274 -8.97278 9.26922 133.5
77.66 -4.29246 -8.8467 9.2723 133.54
77.67 -4.38093 -8.71793 9.27538 133.58
77.68 -4.46811 -8.5865 9.27846 133.62
77.69 -4.55398 -8.45245 9.28154 133.66
77.7 -4.6385 -8.31584 9.28463 133.7
77.71 -4.72166 -8.17668 9.28771 133.74
77.72 -4.80343 -8.03503 9.2908 133.78
77.73 -4.88378 -7.89093 9.29389 133.821
77.74 -4.96269 -7.74441 9.29698 133.861
77.75 -5.04013 -7.59553 9.30006 133.901
77.76 -5.11608 -7.44433 9.30315 133.941
77.77 -5.19053 -7.29085 9.30625 133.981
77.78 -5.26344 -7.13513 9.30934 134.021
77.79 -5.33479 -6.97723 9.31243 134.062
77.8 -5.40456 -6.81718 9.31552 134.102
77.81 -5.47273 -6.65505 9.31862 134.142
77.82 -5.53928 -6.49087 9.32171 134.182
77.83 -5.60419 -6.32469 9.32481 134.223
77.84 -5.66744 -6.15656 9.32791 134.263
77.85 -5.729 -5.98654 9.33101 134.303
77.86 -5.78887 -5.81467 9.33411 134.343
77.87 -5.84702 -5.641 9.33721 134.384
77.88 -5.90343 -5.46559 9.34031 134.424
77.89 -5.95808 -5.28849 9.34341 134.464
77.9 -6.01097 -5.10975 9.34651 134.505
77.91 -6.06206 -4.92942 9.34962 134.545
77.92 -6.11136 -4.74756 9.35272 134.585
77.93 -6.15883 -4.56422 9.35583 134.626
77.94 -6.20448 -4.37945 9.35893 134.666
77.95 -6.24827 -4.19332 9.36204 134.707
77.96 -6.2902 -4.00587 9.36515 134.747
77.97 -6.33026 -3.81716 9.36826 134.787
77.98 -6.36843 -3.62725 9.37137 134.828
77.99 -6.40471 -3.4362 9.37448 134.868
78 -6.43907 -3.24406 9.37759 134.909
78.01 -6.47151 -3.05089 9.38071 134.949
78.02 -6.50202 -2.85674 9.38382 134.99
78.03 -6.53059 -2.66168 9.38694 135.03
78.04 -6.5572 -2.46576 9.39005 135.071
78.05 -6.58186 -2.26905 9.39317 135.111
78.06 -6.60455 -2.07159 9.39629 135.152
78.07 -6.62527 -1.87346 9.39941 135.192
78.08 -6.644 -1.6747 9.40253 135.233
78.09 -6.66075 -1.47538 9.40565 135.273
78.1 -6.6755 -1.27556 9.40877 135.314
78.11 -6.68826 -1.07529 9.41189 135.355
78.12 -6.69901 -0.874643 9.41502 135.395
78.13 -6.70776 -0.673672 9.41814 135.436
78.14 -6.71449 -0.47244 9.42127 135.476
78.15 -6.71922 -0.271005 9.42439 135.517
78.16 -6.72193 -0.0694282 9.42752 135.558
78.17 -6.72262 0.13223 9.43065 135.598
78.18 -6.7213 0.333908 9.43378 135.639
78.19 -6.71796 0.535547 9.43691 135.68
78.2 -6.7126 0.737086 9.44004 135.72
78.21 -6.70523 0.938464 9.44317 135.761
78.22 -6.69585 1.13962 9.4463 135.802
78.23 -6.68445 1.3405 9.44944 135.843
78.24 -6.67105 1.54103 9.45257 135.883
78.25 -6.65564 1.74116 9.45571 135.924
78.26 -6.63823 1.94083 9.45884 135.965
78.27 -6.61882 2.13998 9.46198 136.006
78.28 -6.59742 2.33854 9.46512 136.047
78.29 -6.57403 2.53646 9.46826 136.087
78.3 -6.54867 2.73369 9.4714 136.128
78.31 -6.52133 2.93015 9.47454 136.169
78.32 -6.49203 3.12579 9.47768 136.21
78.33 -6.46077 3.32055 9.48083 136.251
78.34 -6.42757 3.51437 9.48397 136.292
78.35 -6.39242 3.7072 9.48712 136.333
78.36 -6.35535 3.89897 9.49026 136.373
78.37 -6.31636 4.08963 9.49341 136.414
78.38 -6.27546 4.27912 9.49656 136.455
78.39 -6.23267 4.46738 9.49971 136.496
78.4 -6.188 4.65436 9.50286 136.537
78.41 -6.14146 4.84 9.50601 136.578
78.42 -6.09306 5.02425 9.50916 136.619
78.43 -6.04281 5.20704 9.51231 136.66
78.44 -5.99074 5.38832 9.51547 136.701
78.45 -5.93686 5.56805 9.51862 136.742
78.46 -5.88118 5.74615 9.52178 136.783
78.47 -5.82372 5.92259 9.52493 136.824
78.48 -5.76449 6.0973 9.52809 136.865
78.49 -5.70352 6.27023 9.53125 136.906
78.5 -5.64082 6.44134 9.53441 136.947
78.51 -5.5764 6.61056 9.53757 136.988
78.52 -5.5103 6.77786 9.54073 137.029
78.53 -5.44252 6.94317 9.54389 137.071
78.54 -5.37309 7.10644 9.54705 137.112
78.55 -5.30202 7.26763 9.55022 137.153
78.56 -5.22935 7.42669 9.55338 137.194
78.57 -5.15508 7.58357 9.55655 137.235
78.58 -5.07924 7.73823 9.55972 137.276
78.59 -5.00186 7.8906 9.56288 137.318
78.6 -4.92296 8.04066 9.56605 137.359
78.61 -4.84255 8.18835 9.56922 137.4
78.62 -4.76067 8.33363 9.57239 137.441
78.63 -4.67733 8.47645 9.57557 137.482
78.64 -4.59256 8.61677 9.57874 137.524
78.65 -4.5064 8.75454 9.58191 137.565
78.66 -4.41885 8.88973 9.58509 137.606
78.67 -4.32995 9.0223 9.58826 137.647
78.68 -4.23973 9.1522 9.59144 137.689
78.69 -4.14821 9.27939 9.59462 137.73
78.7 -4.05542 9.40384 9.59779 137.771
78.71 -3.96138 9.5255 9.60097 137.813
78.72 -3.86612 9.64434 9.60415 137.854
78.73 -3.76968 9.76032 9.60734 137.895
78.74 -3.67208 9.87341 9.61052 137.937
78.75 -3.57334 9.98358 9.6137 137.978
78.76 -3.47351 10.0908 9.61688 138.02
78.77 -3.3726 10.195 9.62007 138.061
78.78 -3.27065 10.2962 9.62326 138.102
78.79 -3.16769 10.3943 9.62644 138.144
78.8 -3.06374 10.4893 9.62963 138.185
78.81 -2.95885 10.5812 9.63282 138.227
78.82 -2.85304 10.67 9.63601 138.268
78.83 -2.74634 10.7556 9.6392 138.31
78.84 -2.63878 10.838 9.64239 138.351
78.85 -2.5304 10.9171 9.64558 138.393
78.86 -2.42123 10.993 9.64878 138.434
78.87 -2.3113 11.0657 9.65197 138.476
78.88 -2.20064 11.135 9.65517 138.517
78.89 -2.08929 11.201 9.65837 138.559
78.9 -1.97728 11.2637 9.66156 138.6
78.91 -1.86465 11.323 9.66476 138.642
78.92 -1.75142 11.379 9.66796 138.683
78.93 -1.63763 11.4315 9.67116 138.725
78.94 -1.52331 11.4806 9.67436 138.767
78.95 -1.4085 11.5263 9.67756 138.808
78.96 -1.29324 11.5686 9.68077 138.85
78.97 -1.17756 11.6074 9.68397 138.892
78.98 -1.06148 11.6427 9.68718 138.933
78.99 -0.945054 11.6746 9.69038 138.975
79 -0.828308 11.7029 9.69359 139.017
79.01 -0.711279 11.7278 9.6968 139.058
79.02 -0.594001 11.7491 9.70001 139.1
79.03 -0.47651 11.7669 9.70322 139.142
79.04 -0.358841 11.7812 9.70643 139.184
79.05 -0.241029 11.792 9.70964 139.225
79.06 -0.123109 11.7992 9.71285 139.267
79.07 -0.00511653 11.8029 9.71607 139.309
79.08 0.112913 11.8031 9.71928 139.351
79.09 0.230943 11.7997 9.7225 139.392
79.1 0.34894 11.7928 9.72571 139.434
79.11 0.466868 11.7823 9.72893 139.476
79.12 0.58469 11.7683 9.73215 139.518
79.13 0.702373 11.7507 9.73537 139.56
79.14 0.819881 11.7297 9.73859 139.602
79.15 0.937177 11.7051 9.74181 139.644
79.16 1.05423 11.677 9.74504 139.685
79.17 1.171 11.6453 9.74826 139.727
79.18 1.28745 11.6102 9.75148 139.769
79.19 1.40355 11.5716 9.75471 139.811
79.2 1.51927 11.5295 9.75794 139.853
79.21 1.63456 11.4839 9.76116 139.895
79.22 1.7494 11.4349 9.76439 139.937
79.23 1.86375 11.3824 9.76762 139.979
79.24 1.97757 11.3265 9.77085 140.021
79.25 2.09084 11.2671 9.77408 140.063
79.26 2.20351 11.2044 9.77731 140.105
79.27 2.31555 11.1383 9.78055 140.147
79.28 2.42694 11.0688 9.78378 140.189
79.29 2.53763 10.996 9.78702 140.231
79.3 2.64759 10.9199 9.79025 140.273
79.31 2.75678 10.8405 9.79349 140.315
79.32 2.86519 10.7578 9.79673 140.357
79.33 2.97277 10.6718 9.79997 140.4
79.34 3.07949 10.5826 9.80321 140.442
79.35 3.18531 10.4902 9.80645 140.484
79.36 3.29021 10.3947 9.80969 140.526
79.37 3.39416 10.296 9.81293 140.568
79.38 3.49712 10.1942 9.81618 140.61
79.39 3.59906 10.0892 9.81942 140.652
79.4 3.69995 9.98127 9.82267 140.695
79.41 3.79977 9.87027 9.82591 140.737
79.42 3.89847 9.75628 9.82916 140.779
79.43 3.99603 9.63932 9.83241 140.821
79.44 4.09243 9.51944 9.83566 140.864
79.45 4.18762 9.39667 9.83891 140.906
79.46 4.28159 9.27104 9.84216 140.948
79.47 4.3743 9.14259 9.84542 140.99
79.48 4.46572 9.01136 9.84867 141.033
79.49 4.55584 8.87739 9.85192 141.075
79.5 4.64461 8.74072 9.85518 141.117
79.51 4.73202 8.60138 9.85844 141.16
79.52 4.81803 8.45942 9.86169 141.202
79.53 4.90263 8.31488 9.86495 141.244
79.54 4.98577 8.1678 9.86821 141.287
79.55 5.06745 8.01822 9.87147 141.329
79.56 5.14763 7.8662 9.87473 141.372
79.57 5.2263 7.71177 9.878 141.414
79.58 5.30341 7.55498 9.88126 141.456
79.59 5.37896 7.39588 9.88452 141.499
79.6 5.45292 7.23451 9.88779 141.541
79.61 5.52527 7.07092 9.89106 141.584
79.62 5.59598 6.90516 9.89432 141.626
79.63 5.66503 6.73729 9.89759 141.669
79.64 5.7324 6.56733 9.90086 141.711
79.65 5.79808 6.39536 9.90413 141.754
79.66 5.86203 6.22142 9.9074 141.796
79.67 5.92424 6.04556 9.91067 141.839
79.68 5.9847 5.86783 9.91395 141.881
79.69 6.04338 5.68829 9.91722 141.924
79.7 6.10026 5.50699 9.9205 141.966
79.71 6.15533 5.32398 9.92377 142.009
79.72 6.20857 5.13932 9.92705 142.052
79.73 6.25996 4.95307 9.93033 142.094
79.74 6.30949 4.76527 9.93361 142.137
79.75 6.35715 4.57598 9.93689 142.18
79.76 6.40291 4.38527 9.94017 142.222
79.77 6.44676 4.19318 9.94345 142.265
79.78 6.48869 3.99978 9.94673 142.308
79.79 6.52869 3.80512 9.95002 142.35
79.8 6.56674 3.60926 9.9533 142.393
79.81 6.60283 3.41225 9.95659 142.436
79.82 6.63695 3.21417 9.95988 142.478
79.83 6.6691 3.01506 9.96316 142.521
79.84 6.69925 2.81499 9.96645 142.564
79.85 6.7274 2.61401 9.96974 142.607
79.86 6.75354 2.41219 9.97303 142.649
79.87 6.77766 2.20958 9.97632 142.692
79.88 6.79975 2.00625 9.97962 142.735
79.89 6.81982 1.80226 9.98291 142.778
79.9 6.83784 1.59766 9.98621 142.821
79.91 6.85382 1.39253 9.9895 142.864
79.92 6.86774 1.18691 9.9928 142.906
79.93 6.87961 0.980883 9.9961 142.949
79.94 6.88942 0.774494 9.9994 142.992
79.95 6.89716 0.567812 10.0027 143.035
79.96 6.90284 0.360897 10.006 143.078
79.97 6.90645 0.153812 10.0093 143.121
79.98 6.90799 -0.0533819 10.0126 143.164
79.99 6.90746 -0.260622 10.0159 143.207
80 6.90485 -0.467845 10.0192 143.25
80.01 6.90017 -0.674991 10.0225 143.293
80.02 6.89342 -0.881996 10.0258 143.336
80.03 6.8846 -1.0888 10.0291 143.379
80.04 6.87371 -1.29534 10.0324 143.422
80.05 6.86076 -1.50155 10.0357 143.465
80.06 6.84574 -1.70737 10.0391 143.508
80.07 6.82867 -1.91274 10.0424 143.551
80.08 6.80954 -2.1176 10.0457 143.594
80.09 6.78837 -2.32189 10.049 143.637
80.1 6.76515 -2.52554 10.0523 143.68
80.11 6.73989 -2.7285 10.0556 143.723
80.12 6.71261 -2.93069 10.0589 143.766
80.13 6.6833 -3.13207 10.0623 143.809
80.14 6.65198 -3.33257 10.0656 143.853
80.15 6.61865 -3.53213 10.0689 143.896
80.16 6.58333 -3.73069 10.0722 143.939
80.17 6.54603 -3.92819 10.0755 143.982
80.18 6.50674 -4.12457 10.0789 144.025
80.19 6.4655 -4.31977 10.0822 144.068
80.2 6.4223 -4.51374 10.0855 144.112
80.21 6.37716 -4.70641 10.0888 144.155
80.22 6.3301 -4.89772 10.0922 144.198
80.23 6.28112 -5.08762 10.0955 144.241
80.24 6.23025 -5.27606 10.0988 144.285
80.25 6.17749 -5.46296 10.1022 144.328
80.26 6.12286 -5.64829 10.1055 144.371
80.27 6.06637 -5.83197 10.1088 144.415
80.28 6.00805 -6.01397 10.1121 144.458
80.29 5.94791 -6.19421 10.1155 144.501
80.3 5.88597 -6.37264 10.1188 144.545
80.31 5.82225 -6.54922 10.1222 144.588
80.32 5.75675 -6.72389 10.1255 144.631
80.33 5.68951 -6.89659 10.1288 144.675
80.34 5.62055 -7.06728 10.1322 144.718
80.35 5.54988 -7.2359 10.1355 144.762
80.36 5.47752 -7.40239 10.1388 144.805
80.37 5.40349 -7.56672 10.1422 144.848
80.38 5.32783 -7.72882 10.1455 144.892
80.39 5.25054 -7.88866 10.1489 144.935
80.4 5.17165 -8.04617 10.1522 144.979
80.41 5.09119 -8.20132 10.1556 145.022
80.42 5.00918 -8.35406 10.1589 145.066
80.43 4.92564 -8.50433 10.1623 145.109
80.44 4.84059 -8.6521 10.1656 145.153
80.45 4.75407 -8.79732 10.169 145.196
80.46 4.6661 -8.93994 10.1723 145.24
80.47 4.5767 -9.07993 10.1757 145.284
80.48 4.4859 -9.21723 10.179 145.327
80.49 4.39373 -9.3518 10.1824 145.371
80.5 4.30021 -9.48362 10.1857 145.414
80.51 4.20537 -9.61262 10.1891 145.458
80.52 4.10925 -9.73878 10.1924 145.502
80.53 4.01186 -9.86206 10.1958 145.545
80.54 3.91324 -9.98242 10.1991 145.589
80.55 3.81341 -10.0998 10.2025 145.633
80.56 3.71242 -10.2142 10.2059 145.676
80.57 3.61027 -10.3256 10.2092 145.72
80.58 3.50702 -10.4339 10.2126 145.764
80.59 3.40268 -10.5391 10.216 145.807
80.6 3.29729 -10.6412 10.2193 145.851
80.61 3.19088 -10.7401 10.2227 145.895
80.62 3.08347 -10.8358 10.2261 145.939
80.63 2.97512 -10.9283 10.2294 145.982
80.64 2.86583 -11.0176 10.2328 146.026
80.65 2.75566 -11.1036 10.2362 146.07
80.66 2.64462 -11.1862 10.2395 146.114
80.67 2.53276 -11.2656 10.2429 146.158
80.68 2.4201 -11.3416 10.2463 146.202
80.69 2.30669 -11.4142 10.2496 146.245
80.7 2.19255 -11.4834 10.253 146.289
80.71 2.07771 -11.5491 10.2564 146.333
80.72 1.96222 -11.6115 10.2598 146.377
80.73 1.84611 -11.6703 10.2632 146.421
80.74 1.7294 -11.7257 10.2665 146.465
80.75 1.61215 -11.7776 10.2699 146.509
80.76 1.49437 -11.826 10.2733 146.553
80.77 1.37611 -11.8708 10.2767 146.597
80.78 1.2574 -11.9121 10.2801 146.641
80.79 1.13828 -11.9498 10.2834 146.685
80.8 1.01878 -11.9839 10.2868 146.729
80.81 0.898944 -12.0145 10.2902 146.773
80.82 0.778799 -12.0415 10.2936 146.817
80.83 0.658384 -12.0648 10.297 146.861
80.84 0.537736 -12.0846 10.3004 146.905
80.85 0.41689 -12.1007 10.3038 146.949
80.86 0.295883 -12.1132 10.3072 146.993
80.87 0.17475 -12.1221 10.3106 147.037
80.88 0.0535291 -12.1274 10.3139 147.081
80.89 -0.0677444 -12.129 10.3173 147.125
80.9 -0.189034 -12.1269 10.3207 147.17
80.91 -0.310303 -12.1213 10.3241 147.214
80.92 -0.431516 -12.1119 10.3275 147.258
80.93 -0.552635 -12.099 10.3309 147.302
80.94 -0.673625 -12.0824 10.3343 147.346
80.95 -0.79445 -12.0622 10.3377 147.39
80.96 -0.915072 -12.0384 10.3411 147.435
80.97 -1.03546 -12.0109 10.3445 147.479
80.98 -1.15556 -11.9799 10.3479 147.523
80.99 -1.27536 -11.9452 10.3513 147.567
81 -1.39482 -11.9069 10.3547 147.612
81.01 -1.51388 -11.8651 10.3581 147.656
81.02 -1.63254 -11.8197 10.3616 147.7
81.03 -1.75073 -11.7707 10.365 147.745
81.04 -1.86844 -11.7182 10.3684 147.789
81.05 -1.98562 -11.6621 10.3718 147.833
81.06 -2.10224 -11.6026 10.3752 147.878
81.07 -2.21827 -11.5395 10.3786 147.922
81.08 -2.33366 -11.4729 10.382 147.966
81.09 -2.44839 -11.4029 10.3854 148.011
81.1 -2.56242 -11.3295 10.3889 148.055
81.11 -2.67572 -11.2526 10.3923 148.1
81.12 -2.78824 -11.1723 10.3957 148.144
81.13 -2.89997 -11.0887 10.3991 148.188
81.14 -3.01085 -11.0017 10.4025 148.233
81.15 -3.12087 -10.9114 10.4059 148.277
81.16 -3.22998 -10.8177 10.4094 148.322
81.17 -3.33816 -10.7208 10.4128 148.366
81.18 -3.44537 -10.6207 10.4162 148.411
81.19 -3.55158 -10.5173 10.4196 148.455
81.2 -3.65675 -10.4108 10.4231 148.5
81.21 -3.76086 -10.3011 10.4265 148.544
81.22 -3.86387 -10.1883 10.4299 148.589
81.23 -3.96575 -10.0723 10.4334 148.634
81.24 -4.06647 -9.95337 10.4368 148.678
81.25 -4.16601 -9.83137 10.4402 148.723
81.26 -4.26432 -9.70639 10.4436 148.767
81.27 -4.36139 -9.57846 10.4471 148.812
81.28 -4.45717 -9.44762 10.4505 148.857
81.29 -4.55165 -9.31391 10.4539 148.901
81.3 -4.64478 -9.17736 10.4574 148.946
81.31 -4.73656 -9.03801 10.4608 148.991
81.32 -4.82694 -8.89592 10.4643 149.035
81.33 -4.9159 -8.75111 10.4677 149.08
81.34 -5.00341 -8.60363 10.4711 149.125
81.35 -5.08945 -8.45353 10.4746 149.17
81.36 -5.17398 -8.30085 10.478 149.214
81.37 -5.25699 -8.14563 10.4815 149.259
81.38 -5.33845 -7.98792 10.4849 149.304
81.39 -5.41832 -7.82776 10.4884 149.349
81.4 -5.4966 -7.66521 10.4918 149.393
81.41 -5.57325 -7.50032 10.4952 149.438
81.42 -5.64826 -7.33312 10.4987 149.483
81.43 -5.72159 -7.16367 10.5021 149.528
81.44 -5.79323 -6.99202 10.5056 149.573
81.45 -5.86315 -6.81823 10.509 149.618
81.46 -5.93133 -6.64233 10.5125 149.663
81.47 -5.99775 -6.46439 10.516 149.707
81.48 -6.06239 -6.28446 10.5194 149.752
81.49 -6.12524 -6.10259 10.5229 149.797
81.5 -6.18627 -5.91883 10.5263 149.842
81.51 -6.24545 -5.73324 10.5298 149.887
81.52 -6.30279 -5.54588 10.5332 149.932
81.53 -6.35824 -5.3568 10.5367 149.977
81.54 -6.41181 -5.16605 10.5402 150.022
81.55 -6.46347 -4.97369 10.5436 150.067
81.56 -6.51321 -4.77979 10.5471 150.112
81.57 -6.56101 -4.58439 10.5505 150.157
81.58 -6.60685 -4.38756 10.554 150.202
81.59 -6.65073 -4.18936 10.5575 150.247
81.6 -6.69262 -3.98984 10.5609 150.292
81.61 -6.73252 -3.78906 10.5644 150.337
81.62 -6.77041 -3.58708 10.5679 150.383
81.63 -6.80628 -3.38397 10.5714 150.428
81.64 -6.84012 -3.17978 10.5748 150.473
81.65 -6.87192 -2.97458 10.5783 150.518
81.66 -6.90166 -2.76842 10.5818 150.563
81.67 -6.92935 -2.56137 10.5852 150.608
81.68 -6.95496 -2.35349 10.5887 150.653
81.69 -6.9785 -2.14484 10.5922 150.699
81.7 -6.99995 -1.93548 10.5957 150.744
81.71 -7.0193 -1.72549 10.5992 150.789
81.72 -7.03656 -1.51491 10.6026 150.834
81.73 -7.0517 -1.30381 10.6061 150.88
81.74 -7.06474 -1.09226 10.6096 150.925
81.75 -7.07566 -0.880317 10.6131 150.97
81.76 -7.08447 -0.668048 10.6166 151.015
81.77 -7.09115 -0.455513 10.6201 151.061
81.78 -7.0957 -0.242779 10.6235 151.106
81.79 -7.09813 -0.0299079 10.627 151.151
81.8 -7.09843 0.183036 10.6305 151.197
81.81 -7.0966 0.395989 10.634 151.242
81.82 -7.09264 0.608887 10.6375 151.287
81.83 -7.08655 0.821666 10.641 151.333
81.84 -7.07833 1.03426 10.6445 151.378
81.85 -7.06799 1.24661 10.648 151.424
81.86 -7.05553 1.45865 10.6515 151.469
81.87 -7.04094 1.67032 10.655 151.514
81.88 -7.02424 1.88155 10.6585 151.56
81.89 -7.00542 2.09227 10.662 151.605
81.9 -6.9845 2.30244 10.6655 151.651
81.91 -6.96147 2.51197 10.669 151.696
81.92 -6.93635 2.72082 10.6725 151.742
81.93 -6.90915 2.92891 10.676 151.787
81.94 -6.87986 3.13618 10.6795 151.833
81.95 -6.8485 3.34258 10.683 151.878
81.96 -6.81507 3.54803 10.6865 151.924
81.97 -6.77959 3.75248 10.69 151.97
81.98 -6.74206 3.95587 10.6935 152.015
81.99 -6.70251 4.15813 10.697 152.061
82 -6.66092 4.35921 10.7005 152.106
82.01 -6.61733 4.55904 10.704 152.152
82.02 -6.57174 4.75756 10.7075 152.198
82.03 -6.52417 4.95471 10.711 152.243
82.04 -6.47462 5.15043 10.7145 152.289
82.05 -6.42311 5.34467 10.7181 152.335
82.06 -6.36967 5.53736 10.7216 152.38
82.07 -6.31429 5.72845 10.7251 152.426
82.08 -6.25701 5.91788 10.7286 152.472
82.09 -6.19783 6.10559 10.7321 152.518
82.1 -6.13678 6.29153 10.7356 152.563
82.11 -6.07386 6.47563 10.7392 152.609
82.12 -6.0091 6.65785 10.7427 152.655
82.13 -5.94252 6.83812 10.7462 152.701
82.14 -5.87414 7.0164 10.7497 152.747
82.15 -5.80398 7.19262 10.7533 152.792
82.16 -5.73205 7.36674 10.7568 152.838
82.17 -5.65839 7.5387 10.7603 152.884
82.18 -5.583 7.70845 10.7638 152.93
82.19 -5.50591 7.87594 10.7674 152.976
82.2 -5.42716 8.04112 10.7709 153.022
82.21 -5.34674 8.20394 10.7744 153.068
82.22 -5.2647 8.36434 10.778 153.113
82.23 -5.18106 8.52228 10.7815 153.159
82.24 -5.09584 8.67771 10.785 153.205
82.25 -5.00906 8.83059 10.7886 153.251
82.26 -4.92076 8.98086 10.7921 153.297
82.27 -4.83095 9.12848 10.7956 153.343
82.28 -4.73966 9.27341 10.7992 153.389
82.29 -4.64693 9.4156 10.8027 153.435
82.3 -4.55277 9.55501 10.8063 153.481
82.31 -4.45722 9.69159 10.8098 153.527
82.32 -4.36031 9.82531 10.8133 153.573
82.33 -4.26205 9.95612 10.8169 153.62
82.34 -4.16249 10.084 10.8204 153.666
82.35 -4.06165 10.2089 10.824 153.712
82.36 -3.95956 10.3307 10.8275 153.758
82.37 -3.85626 10.4495 10.8311 153.804
82.38 -3.75176 10.5652 10.8346 153.85
82.39 -3.64611 10.6777 10.8382 153.896
82.4 -3.53933 10.7871 10.8417 153.942
82.41 -3.43146 10.8933 10.8453 153.989
82.42 -3.32253 10.9962 10.8488 154.035
82.43 -3.21257 11.0959 10.8524 154.081
82.44 -3.10161 11.1923 10.8559 154.127
82.45 -2.98968 11.2853 10.8595 154.173
82.46 -2.87683 11.375 10.8631 154.22
82.47 -2.76308 11.4613 10.8666 154.266
82.48 -2.64847 11.5442 10.8702 154.312
82.49 -2.53302 11.6237 10.8737 154.359
82.5 -2.41679 11.6997 10.8773 154.405
82.51 -2.29979 11.7722 10.8809 154.451
82.52 -2.18207 11.8412 10.8844 154.498
82.53 -2.06366 11.9066 10.888 154.544
82.54 -1.94459 11.9685 10.8916 154.59
82.55 -1.82491 12.0269 10.8951 154.637
82.56 -1.70464 12.0816 10.8987 154.683
82.57 -1.58382 12.1328 10.9023 154.729
82.58 -1.46249 12.1803 10.9058 154.776
82.59 -1.34069 12.2242 10.9094 154.822
82.6 -1.21845 12.2644 10.913 154.869
82.61 -1.09581 12.3009 10.9166 154.915
82.62 -0.972796 12.3338 10.9201 154.962
82.63 -0.849458 12.363 10.9237 155.008
82.64 -0.725829 12.3885 10.9273 155.055
82.65 -0.601944 12.4102 10.9309 155.101
82.66 -0.477841 12.4283 10.9344 155.148
82.67 -0.353558 12.4426 10.938 155.194
82.68 -0.229132 12.4532 10.9416 155.241
82.69 -0.1046 12.4601 10.9452 155.287
82.7 0.0200016 12.4633 10.9488 155.334
82.71 0.144634 12.4627 10.9523 155.381
82.72 0.269261 12.4583 10.9559 155.427
82.73 0.393844 12.4502 10.9595 155.474
82.74 0.518346 12.4384 10.9631 155.52
82.75 0.64273 12.4229 10.9667 155.567
82.76 0.766959 12.4036 10.9703 155.614
82.77 0.890995 12.3806 10.9739 155.66
82.78 1.0148 12.3539 10.9775 155.707
82.79 1.13834 12.3234 10.9811 155.754
82.8 1.26157 12.2893 10.9847 155.801
82.81 1.38447 12.2514 10.9883 155.847
82.82 1.50698 12.2099 10.9919 155.894
82.83 1.62908 12.1647 10.9954 155.941
82.84 1.75073 12.1158 10.999 155.988
82.85 1.87188 12.0633 11.0026 156.034
82.86 1.99252 12.0071 11.0062 156.081
82.87 2.11259 11.9473 11.0099 156.128
82.88 2.23206 11.884 11.0135 156.175
82.89 2.3509 11.817 11.0171 156.222
82.9 2.46907 11.7465 11.0207 156.269
82.91 2.58654 11.6724 11.0243 156.315
82.92 2.70326 11.5948 11.0279 156.362
82.93 2.81921 11.5137 11.0315 156.409
82.94 2.93434 11.4291 11.0351 156.456
82.95 3.04864 11.3411 11.0387 156.503
82.96 3.16205 11.2496 11.0423 156.55
82.97 3.27454 11.1548 11.0459 156.597
82.98 3.38609 11.0565 11.0495 156.644
82.99 3.49666 10.955 11.0532 156.691
83 3.60621 10.8501 11.0568 156.738
83.01 3.71471 10.7419 11.0604 156.785
83.02 3.82213 10.6304 11.064 156.832
83.03 3.92843 10.5158 11.0676 156.879
83.04 4.03359 10.3979 11.0712 156.926
83.05 4.13757 10.2769 11.0749 156.973
83.06 4.24034 10.1528 11.0785 157.02
83.07 4.34186 10.0256 11.0821 157.067
83.08 4.44212 9.89532 11.0857 157.115
83.09 4.54107 9.76206 11.0894 157.162
83.1 4.63869 9.62582 11.093 157.209
83.11 4.73495 9.48666 11.0966 157.256
83.12 4.82982 9.34461 11.1002 157.303
83.13 4.92326 9.19972 11.1039 157.35
83.14 5.01526 9.05202 11.1075 157.398
83.15 5.10578 8.90156 11.1111 157.445
83.16 5.1948 8.74839 11.1148 157.492
83.17 5.28228 8.59255 11.1184 157.539
83.18 5.36821 8.43408 11.122 157.587
83.19 5.45255 8.27303 11.1257 157.634
83.2 5.53528 8.10945 11.1293 157.681
83.21 5.61637 7.9434 11.133 157.728
83.22 5.69581 7.77491 11.1366 157.776
83.23 5.77356 7.60403 11.1402 157.823
83.24 5.8496 7.43082 11.1439 157.87
83.25 5.9239 7.25534 11.1475 157.918
83.26 5.99646 7.07762 11.1512 157.965
83.27 6.06723 6.89773 11.1548 158.013
83.28 6.13621 6.71571 11.1585 158.06
83.29 6.20337 6.53162 11.1621 158.107
83.3 6.26868 6.34552 11.1658 158.155
83.31 6.33214 6.15746 11.1694 158.202
83.32 6.39371 5.9675 11.1731 158.25
83.33 6.45339 5.77569 11.1767 158.297
83.34 6.51115 5.58208 11.1804 158.345
83.35 6.56697 5.38675 11.184 158.392
83.36 6.62083 5.18974 11.1877 158.44
83.37 6.67273 4.99112 11.1913 158.487
83.38 6.72264 4.79093 11.195 158.535
83.39 6.77055 4.58925 11.1986 158.582
83.4 6.81644 4.38614 11.2023 158.63
83.41 6.86031 4.18164 11.206 158.678
83.42 6.90212 3.97583 11.2096 158.725
83.43 6.94188 3.76877 11.2133 158.773
83.44 6.97957 3.56051 11.217 158.82
83.45 7.01517 3.35113 11.2206 158.868
83.46 7.04868 3.14067 11.2243 158.916
83.47 7.08009 2.92921 11.228 158.963
83.48 7.10938 2.71681 11.2316 159.011
83.49 7.13655 2.50353 11.2353 159.059
83.5 7.16159 2.28943 11.239 159.106
83.51 7.18448 2.07458 11.2426 159.154
83.52 7.20523 1.85905 11.2463 159.202
83.53 7.22382 1.64289 11.25 159.25
83.54 7.24025 1.42618 11.2537 159.297
83.55 7.25451 1.20897 11.2573 159.345
83.56 7.2666 0.991335 11.261 159.393
83.57 7.27651 0.773337 11.2647 159.441
83.58 7.28424 0.555042 11.2684 159.489
83.59 7.2898 0.336514 11.272 159.537
83.6 7.29316 0.117821 11.2757 159.584
83.61 7.29434 -0.100974 11.2794 159.632
83.62 7.29333 -0.319804 11.2831 159.68
83.63 7.29013 -0.538604 11.2868 159.728
83.64 7.28474 -0.757308 11.2905 159.776
83.65 7.27717 -0.97585 11.2942 159.824
83.66 7.26741 -1.19417 11.2978 159.872
83.67 7.25547 -1.41219 11.3015 159.92
83.68 7.24135 -1.62985 11.3052 159.968
83.69 7.22505 -1.84709 11.3089 160.016
83.7 7.20658 -2.06384 11.3126 160.064
83.71 7.18594 -2.28004 11.3163 160.112
83.72 7.16314 -2.49562 11.32 160.16
83.73 7.13819 -2.71051 11.3237 160.208
83.74 7.11108 -2.92466 11.3274 160.256
83.75 7.08183 -3.13799 11.3311 160.304
83.76 7.05045 -3.35045 11.3348 160.352
83.77 7.01695 -3.56196 11.3385 160.4
83.78 6.98133 -3.77247 11.3422 160.448
83.79 6.9436 -3.98191 11.3459 160.497
83.8 6.90379 -4.19022 11.3496 160.545
83.81 6.86188 -4.39733 11.3533 160.593
83.82 6.81791 -4.60319 11.357 160.641
83.83 6.77188 -4.80772 11.3607 160.689
83.84 6.7238 -5.01088 11.3644 160.737
83.85 6.67369 -5.21259 11.3681 160.786
83.86 6.62157 -5.41281 11.3718 160.834
83.87 6.56744 -5.61145 11.3755 160.882
83.88 6.51132 -5.80848 11.3793 160.93
83.89 6.45324 -6.00382 11.383 160.979
83.9 6.3932 -6.19741 11.3867 161.027
83.91 6.33123 -6.38921 11.3904 161.075
83.92 6.26733 -6.57915 11.3941 161.124
83.93 6.20154 -6.76717 11.3978 161.172
83.94 6.13387 -6.95321 11.4016 161.22
83.95 6.06434 -7.13723 11.4053 161.269
83.96 5.99297 -7.31916 11.409 161.317
83.97 5.91978 -7.49895 11.4127 161.365
83.98 5.84479 -7.67654 11.4164 161.414
83.99 5.76802 -7.85188 11.4202 161.462
84 5.6895 -8.02492 11.4239 161.511
84.01 5.60925 -8.19561 11.4276 161.559
84.02 5.5273 -8.36389 11.4314 161.608
84.03 5.44366 -8.52971 11.4351 161.656
84.04 5.35836 -8.69302 11.4388 161.705
84.05 5.27143 -8.85377 11.4425 161.753
84.06 5.18289 -9.01191 11.4463 161.802
84.07 5.09277 -9.1674 11.45 161.85
84.08 5.0011 -9.32018 11.4537 161.899
84.09 4.9079 -9.47021 11.4575 161.947
84.1 4.8132 -9.61745 11.4612 161.996
84.11 4.71702 -9.76185 11.465 162.044
84.12 4.6194 -9.90336 11.4687 162.093
84.13 4.52037 -10.0419 11.4724 162.142
84.14 4.41995 -10.1775 11.4762 162.19
84.15 4.31817 -10.3101 11.4799 162.239
84.16 4.21507 -10.4397 11.4837 162.288
84.17 4.11068 -10.5661 11.4874 162.336
84.18 4.00501 -10.6895 11.4912 162.385
84.19 3.89812 -10.8096 11.4949 162.434
84.2 3.79002 -10.9266 11.4987 162.483
84.21 3.68076 -11.0403 11.5024 162.531
84.22 3.57036 -11.1507 11.5062 162.58
84.23 3.45885 -11.2578 11.5099 162.629
84.24 3.34627 -11.3616 11.5137 162.678
84.25 3.23266 -11.4619 11.5174 162.726
84.26 3.11804 -11.5589 11.5212 162.775
84.27 3.00245 -11.6525 11.5249 162.824
84.28 2.88592 -11.7425 11.5287 162.873
84.29 2.7685 -11.8291 11.5324 162.922
84.3 2.65021 -11.9122 11.5362 162.971
84.31 2.53108 -11.9917 11.54 163.02
84.32 2.41117 -12.0676 11.5437 163.068
84.33 2.29049 -12.1399 11.5475 163.117
84.34 2.16909 -12.2087 11.5513 163.166
84.35 2.047 -12.2737 11.555 163.215
84.36 1.92427 -12.3351 11.5588 163.264
84.37 1.80092 -12.3929 11.5626 163.313
84.38 1.67699 -12.4469 11.5663 163.362
84.39 1.55252 -12.4972 11.5701 163.411
84.4 1.42755 -12.5438 11.5739 163.46
84.41 1.30211 -12.5866 11.5776 163.509
84.42 1.17624 -12.6257 11.5814 163.558
84.43 1.04998 -12.661 11.5852 163.607
84.44 0.923375 -12.6925 11.589 163.656
84.45 0.796451 -12.7202 11.5927 163.706
84.46 0.669249 -12.7441 11.5965 163.755
84.47 0.541809 -12.7641 11.6003 163.804
84.48 0.414167 -12.7804 11.6041 163.853
84.49 0.286363 -12.7928 11.6079 163.902
84.5 0.158435 -12.8014 11.6116 163.951
84.51 0.0304211 -12.8062 11.6154 164
84.52 -0.0976405 -12.8071 11.6192 164.05
84.53 -0.225711 -12.8041 11.623 164.099
84.54 -0.353753 -12.7974 11.6268 164.148
84.55 -0.481726 -12.7868 11.6306 164.197
84.56 -0.609594 -12.7723 11.6344 164.247
84.57 -0.737317 -12.754 11.6381 164.296
84.58 -0.864857 -12.7319 11.6419 164.345
84.59 -0.992176 -12.706 11.6457 164.394
84.6 -1.11924 -12.6762 11.6495 164.444
84.61 -1.246 -12.6426 11.6533 164.493
84.62 -1.37242 -12.6052 11.6571 164.542
84.63 -1.49848 -12.5641 11.6609 164.592
84.64 -1.62412 -12.5191 11.6647 164.641
84.65 -1.74931 -12.4704 11.6685 164.691
84.66 -1.87401 -12.4179 11.6723 164.74
84.67 -1.99819 -12.3617 11.6761 164.789
84.68 -2.12181 -12.3017 11.6799 164.839
84.69 -2.24482 -12.2381 11.6837 164.888
84.7 -2.36721 -12.1707 11.6875 164.938
84.71 -2.48891 -12.0997 11.6913 164.987
84.72 -2.60991 -12.0251 11.6951 165.037
84.73 -2.73016 -11.9468 11.6989 165.086
84.74 -2.84963 -11.8648 11.7028 165.136
84.75 -2.96828 -11.7794 11.7066 165.185
84.76 -3.08607 -11.6903 11.7104 165.235
84.77 -3.20297 -11.5977 11.7142 165.284
84.78 -3.31895 -11.5016 11.718 165.334
84.79 -3.43397 -11.4021 11.7218 165.384
84.8 -3.54799 -11.2991 11.7256 165.433
84.81 -3.66098 -11.1926 11.7295 165.483
84.82 -3.7729 -11.0828 11.7333 165.533
84.83 -3.88373 -10.9696 11.7371 165.582
84.84 -3.99343 -10.8531 11.7409 165.632
84.85 -4.10196 -10.7333 11.7447 165.682
84.86 -4.20929 -10.6102 11.7486 165.731
84.87 -4.31539 -10.4839 11.7524 165.781
84.88 -4.42023 -10.3545 11.7562 165.831
84.89 -4.52378 -10.2219 11.76 165.88
84.9 -4.626 -10.0862 11.7639 165.93
84.91 -4.72686 -9.94738 11.7677 165.98
84.92 -4.82633 -9.80558 11.7715 166.03
84.93 -4.92439 -9.66079 11.7754 166.08
84.94 -5.021 -9.51306 11.7792 166.129
84.95 -5.11613 -9.36243 11.783 166.179
84.96 -5.20975 -9.20894 11.7869 166.229
84.97 -5.30184 -9.05265 11.7907 166.279
84.98 -5.39237 -8.89359 11.7945 166.329
84.99 -5.4813 -8.73182 11.7984 166.379
85 -5.56862 -8.56738 11.8022 166.429
85.01 -5.65429 -8.40033 11.806 166.479
85.02 -5.7383 -8.2307 11.8099 166.529
85.03 -5.82061 -8.05855 11.8137 166.579
85.04 -5.90119 -7.88393 11.8176 166.628
85.05 -5.98003 -7.70689 11.8214 166.678
85.06 -6.0571 -7.52749 11.8253 166.728
85.07 -6.13237 -7.34578 11.8291 166.779
85.08 -6.20583 -7.16181 11.833 166.829
85.09 -6.27745 -6.97563 11.8368 166.879
85.1 -6.34721 -6.78731 11.8407 166.929
85.11 -6.41508 -6.59689 11.8445 166.979
85.12 -6.48105 -6.40444 11.8484 167.029
85.13 -6.54509 -6.21001 11.8522 167.079
85.14 -6.60719 -6.01366 11.8561 167.129
85.15 -6.66733 -5.81544 11.8599 167.179
85.16 -6.72548 -5.61542 11.8638 167.229
85.17 -6.78164 -5.41366 11.8677 167.28
85.18 -6.83577 -5.21021 11.8715 167.33
85.19 -6.88788 -5.00514 11.8754 167.38
85.2 -6.93793 -4.7985 11.8792 167.43
85.21 -6.98591 -4.59036 11.8831 167.48
85.22 -7.03182 -4.38078 11.887 167.531
85.23 -7.07562 -4.16983 11.8908 167.581
85.24 -7.11732 -3.95756 11.8947 167.631
85.25 -7.1569 -3.74404 11.8986 167.681
85.26 -7.19434 -3.52933 11.9024 167.732
85.27 -7.22963 -3.3135 11.9063 167.782
85.28 -7.26277 -3.09661 11.9102 167.832
85.29 -7.29373 -2.87873 11.9141 167.883
85.3 -7.32252 -2.65992 11.9179 167.933
85.31 -7.34912 -2.44024 11.9218 167.983
85.32 -7.37352 -2.21977 11.9257 168.034
85.33 -7.39572 -1.99856 11.9296 168.084
85.34 -7.41571 -1.77669 11.9334 168.135
85.35 -7.43347 -1.55422 11.9373 168.185
85.36 -7.44901 -1.33122 11.9412 168.236
85.37 -7.46233 -1.10775 11.9451 168.286
85.38 -7.4734 -0.883878 11.949 168.337
85.39 -7.48224 -0.659676 11.9528 168.387
85.4 -7.48884 -0.435208 11.9567 168.438
85.41 -7.49319 -0.210543 11.9606 168.488
85.42 -7.4953 0.0142525 11.9645 168.539
85.43 -7.49515 0.239111 11.9684 168.589
85.44 -7.49276 0.463966 11.9723 168.64
85.45 -7.48812 0.688749 11.9762 168.69
85.46 -7.48124 0.913393 11.9801 168.741
85.47 -7.4721 1.13783 11.984 168.792
85.48 -7.46072 1.36199 11.9879 168.842
85.49 -7.4471 1.58581 11.9918 168.893
85.5 -7.43125 1.80923 11.9957 168.944
85.51 -7.41315 2.03217 11.9996 168.994
85.52 -7.39283 2.25456 12.0035 169.045
85.53 -7.37029 2.47634 12.0074 169.096
85.54 -7.34552 2.69745 12.0113 169.146
85.55 -7.31855 2.91782 12.0152 169.197
85.56 -7.28937 3.13738 12.0191 169.248
85.57 -7.258 3.35606 12.023 169.299
85.58 -7.22444 3.5738 12.0269 169.349
85.59 -7.1887 3.79053 12.0308 169.4
85.6 -7.15079 4.00619 12.0347 169.451
85.61 -7.11073 4.22071 12.0386 169.502
85.62 -7.06852 4.43404 12.0425 169.553
85.63 -7.02418 4.64609 12.0464 169.604
85.64 -6.97772 4.85682 12.0503 169.655
85.65 -6.92915 5.06615 12.0543 169.705
85.66 -6.87849 5.27402 12.0582 169.756
85.67 -6.82575 5.48038 12.0621 169.807
85.68 -6.77095 5.68515 12.066 169.858
85.69 -6.7141 5.88828 12.0699 169.909
85.7 -6.65521 6.0897 12.0739 169.96
85.71 -6.59432 6.28936 12.0778 170.011
85.72 -6.53142 6.48719 12.0817 170.062
85.73 -6.46655 6.68313 12.0856 170.113
85.74 -6.39972 6.87713 12.0896 170.164
85.75 -6.33095 7.06912 12.0935 170.215
85.76 -6.26026 7.25905 12.0974 170.266
85.77 -6.18767 7.44686 12.1013 170.317
85.78 -6.1132 7.63249 12.1053 170.368
85.79 -6.03687 7.81588 12.1092 170.42
85.8 -5.95872 7.99699 12.1131 170.471
85.81 -5.87875 8.17575 12.1171 170.522
85.82 -5.79699 8.35211 12.121 170.573
85.83 -5.71347 8.52602 12.1249 170.624
85.84 -5.62821 8.69743 12.1289 170.675
85.85 -5.54123 8.86627 12.1328 170.727
85.86 -5.45257 9.03251 12.1368 170.778
85.87 -5.36224 9.19609 12.1407 170.829
85.88 -5.27028 9.35695 12.1446 170.88
85.89 -5.17671 9.51506 12.1486 170.932
85.9 -5.08156 9.67036 12.1525 170.983
85.91 -4.98486 9.82281 12.1565 171.034
85.92 -4.88663 9.97236 12.1604 171.085
85.93 -4.78691 10.119 12.1644 171.137
85.94 -4.68572 10.2626 12.1683 171.188
85.95 -4.58309 10.4031 12.1723 171.239
85.96 -4.47906 10.5406 12.1762 171.291
85.97 -4.37366 10.675 12.1802 171.342
85.98 -4.26691 10.8062 12.1841 171.394
85.99 -4.15884 10.9342 12.1881 171.445
86 -4.0495 11.059 12.192 171.496
86.01 -3.93891 11.1805 12.196 171.548
86.02 -3.82711 11.2986 12.1999 171.599
86.03 -3.71412 11.4134 12.2039 171.651
86.04 -3.59999 11.5249 12.2079 171.702
86.05 -3.48474 11.6329 12.2118 171.754
86.06 -3.36841 11.7374 12.2158 171.805
86.07 -3.25103 11.8385 12.2198 171.857
86.08 -3.13265 11.936 12.2237 171.908
86.09 -3.01329 12.03 12.2277 171.96
86.1 -2.89299 12.1204 12.2317 172.012
86.11 -2.77179 12.2072 12.2356 172.063
86.12 -2.64972 12.2903 12.2396 172.115
86.13 -2.52681 12.3698 12.2436 172.166
86.14 -2.40311 12.4456 12.2475 172.218
86.15 -2.27866 12.5177 12.2515 172.27
86.16 -2.15348 12.5861 12.2555 172.321
86.17 -2.02762 12.6507 12.2595 172.373
86.18 -1.90111 12.7115 12.2635 172.425
86.19 -1.774 12.7685 12.2674 172.477
86.2 -1.64631 12.8218 12.2714 172.528
86.21 -1.5181 12.8711 12.2754 172.58
86.22 -1.38938 12.9167 12.2794 172.632
86.23 -1.26022 12.9584 12.2834 172.684
86.24 -1.13063 12.9962 12.2873 172.735
86.25 -1.00067 13.0301 12.2913 172.787
86.26 -0.870371 13.0601 12.2953 172.839
86.27 -0.73977 13.0862 12.2993 172.891
86.28 -0.608908 13.1084 12.3033 172.943
86.29 -0.477824 13.1267 12.3073 172.995
86.3 -0.346557 13.141 12.3113 173.047
86.31 -0.215147 13.1514 12.3153 173.099
86.32 -0.0836325 13.1579 12.3193 173.15
86.33 0.0479462 13.1604 12.3233 173.202
86.34 0.17955 13.1589 12.3273 173.254
86.35 0.311139 13.1536 12.3313 173.306
86.36 0.442675 13.1442 12.3353 173.358
86.37 0.574117 13.1309 12.3393 173.41
86.38 0.705426 13.1137 12.3433 173.462
86.39 0.836564 13.0926 12.3473 173.514
86.4 0.967489 13.0675 12.3513 173.566
86.41 1.09816 13.0384 12.3553 173.619
86.42 1.22855 13.0055 12.3593 173.671
86.43 1.3586 12.9686 12.3633 173.723
86.44 1.48829 12.9279 12.3673 173.775
86.45 1.61757 12.8832 12.3713 173.827
86.46 1.7464 12.8347 12.3753 173.879
86.47 1.87475 12.7823 12.3793 173.931
86.48 2.00257 12.7261 12.3833 173.983
86.49 2.12983 12.666 12.3874 174.036
86.5 2.25649 12.6021 12.3914 174.088
86.51 2.38251 12.5344 12.3954 174.14
86.52 2.50786 12.4629 12.3994 174.192
86.53 2.63248 12.3877 12.4034 174.245
86.54 2.75636 12.3087 12.4075 174.297
86.55 2.87945 12.226 12.4115 174.349
86.56 3.00171 12.1396 12.4155 174.401
86.57 3.1231 12.0496 12.4195 174.454
86.58 3.2436 11.9559 12.4235 174.506
86.59 3.36316 11.8586 12.4276 174.558
86.6 3.48175 11.7577 12.4316 174.611
86.61 3.59932 11.6532 12.4356 174.663
86.62 3.71585 11.5453 12.4397 174.716
86.63 3.83131 11.4338 12.4437 174.768
86.64 3.94564 11.3188 12.4477 174.82
86.65 4.05883 11.2005 12.4518 174.873
86.66 4.17084 11.0787 12.4558 174.925
86.67 4.28163 10.9536 12.4598 174.978
86.68 4.39116 10.8251 12.4639 175.03
86.69 4.49941 10.6934 12.4679 175.083
86.7 4.60635 10.5584 12.472 175.135
86.71 4.71193 10.4202 12.476 175.188
86.72 4.81613 10.2789 12.48 175.24
86.73 4.91892 10.1344 12.4841 175.293
86.74 5.02026 9.98681 12.4881 175.346
86.75 5.12013 9.83621 12.4922 175.398
86.76 5.2185 9.6826 12.4962 175.451
86.77 5.31532 9.52605 12.5003 175.503
86.78 5.41058 9.36659 12.5043 175.556
86.79 5.50425 9.20427 12.5084 175.609
86.8 5.59629 9.03914 12.5124 175.661
86.81 5.68668 8.87125 12.5165 175.714
86.82 5.77539 8.70065 12.5205 175.767
86.83 5.8624 8.52739 12.5246 175.82
86.84 5.94767 8.35152 12.5286 175.872
86.85 6.03119 8.17309 12.5327 175.925
86.86 6.11292 7.99215 12.5368 175.978
86.87 6.19284 7.80877 12.5408 176.031
86.88 6.27093 7.62298 12.5449 176.084
86.89 6.34716 7.43485 12.549 176.136
86.9 6.42151 7.24444 12.553 176.189
86.91 6.49395 7.05179 12.5571 176.242
86.92 6.56447 6.85697 12.5611 176.295
86.93 6.63304 6.66004 12.5652 176.348
86.94 6.69964 6.46105 12.5693 176.401
86.95 6.76425 6.26006 12.5734 176.454
86.96 6.82685 6.05713 12.5774 176.507
86.97 6.88742 5.85233 12.5815 176.56
86.98 6.94595 5.6457 12.5856 176.612
86.99 7.0024 5.43733 12.5897 176.665
87 7.05678 5.22725 12.5937 176.718
87.01 7.10905 5.01555 12.5978 176.771
87.02 7.1592 4.80228 12.6019 176.825
87.03 7.20723 4.5875 12.606 176.878
87.04 7.2531 4.37129 12.61 176.931
87.05 7.29682 4.15369 12.6141 176.984
87.06 7.33835 3.93479 12.6182 177.037
87.07 7.3777 3.71464 12.6223 177.09
87.08 7.41485 3.49331 12.6264 177.143
87.09 7.44978 3.27086 12.6305 177.196
87.1 7.48249 3.04737 12.6346 177.249
87.11 7.51296 2.82289 12.6387 177.303
87.12 7.54119 2.5975 12.6427 177.356
87.13 7.56717 2.37127 12.6468 177.409
87.14 7.59088 2.14425 12.6509 177.462
87.15 7.61232 1.91653 12.655 177.515
87.16 7.63149 1.68816 12.6591 177.569
87.17 7.64837 1.45921 12.6632 177.622
87.18 7.66296 1.22976 12.6673 177.675
87.19 7.67526 0.999873 12.6714 177.728
87.2 7.68526 0.769616 12.6755 177.782
87.21 7.69295 0.539058 12.6796 177.835
87.22 7.69834 0.308269 12.6837 177.888
87.23 7.70143 0.0773191 12.6878 177.942
87.24 7.7022 -0.153724 12.6919 177.995
87.25 7.70066 -0.38479 12.696 178.049
87.26 7.69681 -0.61581 12.7002 178.102
87.27 7.69066 -0.846714 12.7043 178.155
87.28 7.68219 -1.07743 12.7084 178.209
87.29 7.67141 -1.3079 12.7125 178.262
87.3 7.65834 -1.53804 12.7166 178.316
87.31 7.64296 -1.76779 12.7207 178.369
87.32 7.62528 -1.99708 12.7248 178.423
87.33 7.60531 -2.22584 12.729 178.476
87.34 7.58305 -2.454 12.7331 178.53
87.35 7.55851 -2.68149 12.7372 178.584
87.36 7.53169 -2.90824 12.7413 178.637
87.37 7.50261 -3.1342 12.7454 178.691
87.38 7.47127 -3.35927 12.7496 178.744
87.39 7.43768 -3.58341 12.7537 178.798
87.4 7.40184 -3.80654 12.7578 178.852
87.41 7.36378 -4.0286 12.7619 178.905
87.42 7.32349 -4.24951 12.7661 178.959
87.43 7.281 -4.46922 12.7702 179.013
87.44 7.2363 -4.68765 12.7743 179.066
87.45 7.18943 -4.90473 12.7785 179.12
87.46 7.14038 -5.12042 12.7826 179.174
87.47 7.08918 -5.33463 12.7867 179.227
87.48 7.03583 -5.5473 12.7909 179.281
87.49 6.98036 -5.75838 12.795 179.335
87.5 6.92277 -5.96779 12.7991 179.389
87.51 6.86309 -6.17547 12.8033 179.443
87.52 6.80134 -6.38137 12.8074 179.496
87.53 6.73753 -6.58541 12.8116 179.55
87.54 6.67167 -6.78753 12.8157 179.604
87.55 6.6038 -6.98768 12.8199 179.658
87.56 6.53392 -7.1858 12.824 179.712
87.57 6.46206 -7.38181 12.8281 179.766
87.58 6.38824 -7.57567 12.8323 179.82
87.59 6.31249 -7.76732 12.8364 179.874
87.6 6.23481 -7.9567 12.8406 179.928
87.61 6.15525 -8.14374 12.8447 179.982
87.62 6.07381 -8.3284 12.8489 180.036
87.63 5.99053 -8.51061 12.8531 180.09
87.64 5.90542 -8.69033 12.8572 180.144
87.65 5.81852 -8.86749 12.8614 180.198
87.66 5.72984 -9.04205 12.8655 180.252
87.67 5.63942 -9.21394 12.8697 180.306
87.68 5.54728 -9.38312 12.8738 180.36
87.69 5.45345 -9.54954 12.878 180.414
87.7 5.35795 -9.71315 12.8822 180.468
87.71 5.26082 -9.87388 12.8863 180.522
87.72 5.16208 -10.0317 12.8905 180.577
87.73 5.06177 -10.1866 12.8947 180.631
87.74 4.9599 -10.3384 12.8988 180.685
87.75 4.85652 -10.4872 12.903 180.739
87.76 4.75164 -10.6329 12.9072 180.793
87.77 4.64532 -10.7755 12.9114 180.848
87.78 4.53756 -10.9148 12.9155 180.902
87.79 4.42841 -11.051 12.9197 180.956
87.8 4.3179 -11.1838 12.9239 181.01
87.81 4.20607 -11.3133 12.9281 181.065
87.82 4.09293 -11.4395 12.9322 181.119
87.83 3.97854 -11.5623 12.9364 181.173
87.84 3.86291 -11.6817 12.9406 181.228
87.85 3.7461 -11.7976 12.9448 181.282
87.86 3.62812 -11.9099 12.949 181.336
87.87 3.50902 -12.0188 12.9531 181.391
87.88 3.38883 -12.1241 12.9573 181.445
87.89 3.26759 -12.2257 12.9615 181.5
87.9 3.14534 -12.3237 12.9657 181.554
87.91 3.0221 -12.4181 12.9699 181.609
87.92 2.89792 -12.5088 12.9741 181.663
87.93 2.77283 -12.5957 12.9783 181.718
87.94 2.64687 -12.6789 12.9825 181.772
87.95 2.52008 -12.7583 12.9867 181.827
87.96 2.3925 -12.8339 12.9909 181.881
87.97 2.26416 -12.9057 12.9951 181.936
87.98 2.13511 -12.9736 12.9993 181.99
87.99 2.00537 -13.0377 13.0035 182.045
88 1.87499 -13.0978 13.0077 182.1
88.01 1.74401 -13.1541 13.0119 182.154
88.02 1.61247 -13.2064 13.0161 182.209
88.03 1.48041 -13.2548 13.0203 182.263
88.04 1.34786 -13.2992 13.0245 182.318
88.05 1.21487 -13.3396 13.0287 182.373
88.06 1.08147 -13.3761 13.0329 182.428
88.07 0.947714 -13.4085 13.0371 182.482
88.08 0.813629 -13.4369 13.0413 182.537
88.09 0.67926 -13.4613 13.0455 182.592
88.1 0.544646 -13.4817 13.0497 182.647
88.11 0.409829 -13.4981 13.054 182.701
88.12 0.274849 -13.5103 13.0582 182.756
88.13 0.139745 -13.5186 13.0624 182.811
88.14 0.00455928 -13.5228 13.0666 182.866
88.15 -0.130669 -13.5229 13.0708 182.921
88.16 -0.265898 -13.519 13.075 182.976
88.17 -0.401088 -13.511 13.0793 183.03
88.18 -0.536198 -13.499 13.0835 183.085
88.19 -0.671188 -13.4829 13.0877 183.14
88.2 -0.806017 -13.4628 13.0919 183.195
88.21 -0.940645 -13.4386 13.0962 183.25
88.22 -1.07503 -13.4104 13.1004 183.305
88.23 -1.20913 -13.3781 13.1046 183.36
88.24 -1.34292 -13.3418 13.1089 183.415
88.25 -1.47633 -13.3016 13.1131 183.47
88.26 -1.60935 -13.2573 13.1173 183.525
88.27 -1.74192 -13.209 13.1216 183.58
88.28 -1.87401 -13.1567 13.1258 183.635
88.29 -2.00558 -13.1005 13.13 183.69
88.3 -2.13658 -13.0403 13.1343 183.746
88.31 -2.26699 -12.9762 13.1385 183.801
88.32 -2.39675 -12.9082 13.1428 183.856
88.33 -2.52583 -12.8363 13.147 183.911
88.34 -2.6542 -12.7606 13.1512 183.966
88.35 -2.7818 -12.6809 13.1555 184.021
88.36 -2.90861 -12.5975 13.1597 184.077
88.37 -3.03459 -12.5102 13.164 184.132
88.38 -3.15969 -12.4192 13.1682 184.187
88.39 -3.28388 -12.3244 13.1725 184.242
88.4 -3.40712 -12.2259 13.1767 184.298
88.41 -3.52938 -12.1237 13.181 184.353
88.42 -3.65062 -12.0178 13.1852 184.408
88.43 -3.7708 -11.9083 13.1895 184.463
88.44 -3.88988 -11.7951 13.1938 184.519
88.45 -4.00783 -11.6784 13.198 184.574
88.46 -4.12462 -11.5582 13.2023 184.63
88.47 -4.2402 -11.4345 13.2065 184.685
88.48 -4.35454 -11.3073 13.2108 184.74
88.49 -4.46762 -11.1766 13.2151 184.796
88.5 -4.57938 -11.0426 13.2193 184.851
88.51 -4.68981 -10.9052 13.2236 184.907
88.52 -4.79886 -10.7645 13.2279 184.962
88.53 -4.90651 -10.6206 13.2321 185.018
88.54 -5.01271 -10.4734 13.2364 185.073
88.55 -5.11744 -10.323 13.2407 185.129
88.56 -5.22067 -10.1695 13.2449 185.184
88.57 -5.32237 -10.0128 13.2492 185.24
88.58 -5.4225 -9.85317 13.2535 185.295
88.59 -5.52103 -9.69049 13.2578 185.351
88.6 -5.61793 -9.52486 13.262 185.407
88.61 -5.71318 -9.35632 13.2663 185.462
88.62 -5.80675 -9.18493 13.2706 185.518
88.63 -5.89859 -9.01072 13.2749 185.573
88.64 -5.9887 -8.83377 13.2792 185.629
88.65 -6.07704 -8.65411 13.2834 185.685
88.66 -6.16358 -8.47179 13.2877 185.74
88.67 -6.2483 -8.28689 13.292 185.796
88.68 -6.33117 -8.09944 13.2963 185.852
88.69 -6.41216 -7.9095 13.3006 185.908
88.7 -6.49126 -7.71714 13.3049 185.963
88.71 -6.56843 -7.5224 13.3092 186.019
88.72 -6.64365 -7.32535 13.3135 186.075
88.73 -6.71691 -7.12604 13.3178 186.131
88.74 -6.78817 -6.92453 13.3221 186.187
88.75 -6.85741 -6.72089 13.3264 186.243
88.76 -6.92462 -6.51516 13.3307 186.298
88.77 -6.98977 -6.30743 13.335 186.354
88.78 -7.05285 -6.09773 13.3393 186.41
88.79 -7.11382 -5.88615 13.3436 186.466
88.8 -7.17269 -5.67273 13.3479 186.522
88.81 -7.22941 -5.45755 13.3522 186.578
88.82 -7.28399 -5.24067 13.3565 186.634
88.83 -7.33639 -5.02215 13.3608 186.69
88.84 -7.38662 -4.80206 13.3651 186.746
88.85 -7.43464 -4.58046 13.3694 186.802
88.86 -7.48044 -4.35742 13.3737 186.858
88.87 -7.52402 -4.13301 13.378 186.914
88.88 -7.56535 -3.90729 13.3823 186.97
88.89 -7.60442 -3.68033 13.3866 187.026
88.9 -7.64122 -3.45219 13.391 187.082
88.91 -7.67574 -3.22296 13.3953 187.139
88.92 -7.70797 -2.99268 13.3996 187.195
88.93 -7.7379 -2.76145 13.4039 187.251
88.94 -7.76551 -2.52931 13.4082 187.307
88.95 -7.79081 -2.29634 13.4126 187.363
88.96 -7.81377 -2.06262 13.4169 187.419
88.97 -7.8344 -1.82821 13.4212 187.476
88.98 -7.85268 -1.59317 13.4255 187.532
88.99 -7.86861 -1.35759 13.4299 187.588
89 -7.88219 -1.12153 13.4342 187.644
89.01 -7.8934 -0.885069 13.4385 187.701
89.02 -7.90225 -0.648267 13.4429 187.757
89.03 -7.90874 -0.411199 13.4472 187.813
89.04 -7.91285 -0.173937 13.4515 187.87
89.05 -7.91459 0.063448 13.4559 187.926
89.06 -7.91395 0.300886 13.4602 187.982
89.07 -7.91094 0.538304 13.4645 188.039
89.08 -7.90556 0.775633 13.4689 188.095
89.09 -7.8978 1.0128 13.4732 188.152
89.1 -7.88768 1.24973 13.4775 188.208
89.11 -7.87518 1.48636 13.4819 188.265
89.12 -7.86032 1.72262 13.4862 188.321
89.13 -7.84309 1.95843 13.4906 188.378
89.14 -7.8235 2.19372 13.4949 188.434
89.15 -7.80157 2.42843 13.4993 188.491
89.16 -7.77728 2.66247 13.5036 188.547
89.17 -7.75066 2.89579 13.508 188.604
89.18 -7.7217 3.12831 13.5123 188.66
89.19 -7.69042 3.35996 13.5167 188.717
89.2 -7.65682 3.59068 13.521 188.774
89.21 -7.62091 3.82038 13.5254 188.83
89.22 -7.58271 4.04901 13.5298 188.887
89.23 -7.54222 4.27649 13.5341 188.943
89.24 -7.49945 4.50275 13.5385 189
89.25 -7.45442 4.72774 13.5428 189.057
89.26 -7.40715 4.95137 13.5472 189.114
89.27 -7.35763 5.17359 13.5516 189.17
89.28 -7.3059 5.39431 13.5559 189.227
89.29 -7.25195 5.61349 13.5603 189.284
89.3 -7.19582 5.83105 13.5647 189.341
89.31 -7.13751 6.04692 13.569 189.397
89.32 -7.07704 6.26105 13.5734 189.454
89.33 -7.01443 6.47336 13.5778 189.511
89.34 -6.9497 6.68379 13.5821 189.568
89.35 -6.88286 6.89228 13.5865 189.625
89.36 -6.81394 7.09877 13.5909 189.682
89.37 -6.74295 7.30319 13.5953 189.739
89.38 -6.66992 7.50548 13.5997 189.796
89.39 -6.59486 7.70557 13.604 189.852
89.4 -6.51781 7.90342 13.6084 189.909
89.41 -6.43877 8.09895 13.6128 189.966
89.42 -6.35778 8.29212 13.6172 190.023
89.43 -6.27486 8.48285 13.6216 190.08
89.44 -6.19003 8.6711 13.626 190.137
89.45 -6.10332 8.8568 13.6303 190.194
89.46 -6.01475 9.0399 13.6347 190.251
89.47 -5.92435 9.22034 13.6391 190.309
89.48 -5.83215 9.39807 13.6435 190.366
89.49 -5.73817 9.57304 13.6479 190.423
89.5 -5.64244 9.74518 13.6523 190.48
89.51 -5.54499 9.91445 13.6567 190.537
89.52 -5.44584 10.0808 13.6611 190.594
89.53 -5.34503 10.2442 13.6655 190.651
89.54 -5.24259 10.4045 13.6699 190.709
89.55 -5.13855 10.5618 13.6743 190.766
89.56 -5.03293 10.716 13.6787 190.823
89.57 -4.92577 10.867 13.6831 190.88
89.58 -4.8171 11.0147 13.6875 190.938
89.59 -4.70695 11.1592 13.6919 190.995
89.6 -4.59536 11.3004 13.6963 191.052
89.61 -4.48236 11.4383 13.7007 191.109
89.62 -4.36797 11.5728 13.7051 191.167
89.63 -4.25225 11.7038 13.7095 191.224
89.64 -4.13521 11.8314 13.714 191.281
89.65 -4.01689 11.9554 13.7184 191.339
89.66 -3.89734 12.0759 13.7228 191.396
89.67 -3.77658 12.1929 13.7272 191.454
89.68 -3.65465 12.3062 13.7316 191.511
89.69 -3.53159 12.4158 13.736 191.569
89.7 -3.40743 12.5218 13.7405 191.626
89.71 -3.28221 12.624 13.7449 191.684
89.72 -3.15597 12.7224 13.7493 191.741
89.73 -3.02875 12.8171 13.7537 191.799
89.74 -2.90058 12.908 13.7582 191.856
89.75 -2.7715 12.995 13.7626 191.914
89.76 -2.64155 13.0781 13.767 191.971
89.77 -2.51077 13.1574 13.7714 192.029
89.78 -2.37919 13.2327 13.7759 192.086
89.79 -2.24687 13.3041 13.7803 192.144
89.8 -2.11383 13.3715 13.7847 192.202
89.81 -1.98011 13.4349 13.7892 192.259
89.82 -1.84576 13.4943 13.7936 192.317
89.83 -1.71082 13.5497 13.7981 192.375
89.84 -1.57532 13.601 13.8025 192.432
89.85 -1.43931 13.6483 13.8069 192.49
89.86 -1.30283 13.6915 13.8114 192.548
89.87 -1.16591 13.7305 13.8158 192.606
89.88 -1.02861 13.7655 13.8203 192.663
89.89 -0.890953 13.7964 13.8247 192.721
89.9 -0.752989 13.8231 13.8292 192.779
89.91 -0.614758 13.8457 13.8336 192.837
89.92 -0.476302 13.8641 13.8381 192.895
89.93 -0.33766 13.8784 13.8425 192.953
89.94 -0.198876 13.8886 13.847 193.011
89.95 -0.0599905 13.8945 13.8514 193.068
89.96 0.0789547 13.8963 13.8559 193.126
89.97 0.217918 13.8939 13.8603 193.184
89.98 0.356857 13.8874 13.8648 193.242
89.99 0.495731 13.8767 13.8692 193.3
90 0.634499 13.8618 13.8737 193.358
90.01 0.773117 13.8428 13.8782 193.416
90.02 0.911545 13.8196 13.8826 193.474
90.03 1.04974 13.7923 13.8871 193.532
90.04 1.18766 13.7608 13.8916 193.59
90.05 1.32527 13.7251 13.896 193.648
90.06 1.46252 13.6854 13.9005 193.707
90.07 1.59938 13.6415 13.905 193.765
90.08 1.73579 13.5935 13.9094 193.823
90.09 1.87173 13.5414 13.9139 193.881
90.1 2.00714 13.4853 13.9184 193.939
90.11 2.14199 13.4251 13.9229 193.997
90.12 2.27624 13.3608 13.9273 194.055
90.13 2.40985 13.2925 13.9318 194.114
90.14 2.54278 13.2202 13.9363 194.172
90.15 2.67498 13.144 13.9408 194.23
90.16 2.80642 13.0637 13.9453 194.288
90.17 2.93706 12.9795 13.9497 194.347
90.18 3.06685 12.8914 13.9542 194.405
90.19 3.19577 12.7994 13.9587 194.463
90.2 3.32376 12.7035 13.9632 194.522
90.21 3.4508 12.6038 13.9677 194.58
90.22 3.57683 12.5003 13.9722 194.638
90.23 3.70184 12.393 13.9767 194.697
90.24 3.82577 12.2819 13.9812 194.755
90.25 3.94859 12.1672 13.9857 194.814
90.26 4.07026 12.0487 13.9902 194.872
90.27 4.19074 11.9266 13.9947 194.931
90.28 4.31001 11.8009 13.9992 194.989
90.29 4.42802 11.6716 14.0037 195.048
90.3 4.54473 11.5387 14.0082 195.106
90.31 4.66012 11.4024 14.0127 195.165
90.32 4.77415 11.2626 14.0172 195.223
90.33 4.88677 11.1194 14.0217 195.282
90.34 4.99796 10.9728 14.0262 195.34
90.35 5.10769 10.8228 14.0307 195.399
90.36 5.21592 10.6696 14.0352 195.457
90.37 5.32262 10.5131 14.0397 195.516
90.38 5.42775 10.3534 14.0442 195.575
90.39 5.53128 10.1906 14.0487 195.633
90.4 5.63319 10.0247 14.0532 195.692
90.41 5.73343 9.85566 14.0578 195.751
90.42 5.83199 9.68366 14.0623 195.81
90.43 5.92883 9.5087 14.0668 195.868
90.44 6.02391 9.33083 14.0713 195.927
90.45 6.11722 9.15011 14.0758 195.986
90.46 6.20872 8.9666 14.0804 196.045
90.47 6.29839 8.78034 14.0849 196.103
90.48 6.38619 8.59138 14.0894 196.162
90.49 6.47211 8.3998 14.0939 196.221
90.5 6.55611 8.20564 14.0985 196.28
90.51 6.63816 8.00895 14.103 196.339
90.52 6.71825 7.80981 14.1075 196.398
90.53 6.79635 7.60826 14.1121 196.457
90.54 6.87243 7.40437 14.1166 196.516
90.55 6.94648 7.1982 14.1211 196.575
90.56 7.01846 6.9898 14.1257 196.634
90.57 7.08836 6.77925 14.1302 196.693
90.58 7.15615 6.5666 14.1347 196.752
90.59 7.22181 6.35191 14.1393 196.811
90.6 7.28533 6.13526 14.1438 196.87
90.61 7.34669 5.9167 14.1484 196.929
90.62 7.40585 5.6963 14.1529 196.988
90.63 7.46282 5.47412 14.1575 197.047
90.64 7.51756 5.25024 14.162 197.106
90.65 7.57006 5.02471 14.1665 197.165
90.66 7.62031 4.79761 14.1711 197.224
90.67 7.66828 4.569 14.1756 197.283
90.68 7.71397 4.33895 14.1802 197.343
90.69 7.75736 4.10753 14.1848 197.402
90.7 7.79844 3.87481 14.1893 197.461
90.71 7.83719 3.64086 14.1939 197.52
90.72 7.87359 3.40574 14.1984 197.58
90.73 7.90765 3.16954 14.203 197.639
90.74 7.93935 2.93231 14.2075 197.698
90.75 7.96867 2.69413 14.2121 197.757
90.76 7.99561 2.45507 14.2167 197.817
90.77 8.02016 2.2152 14.2212 197.876
90.78 8.04231 1.97459 14.2258 197.935
90.79 8.06206 1.73332 14.2304 197.995
90.8 8.07939 1.49146 14.2349 198.054
90.81 8.09431 1.24908 14.2395 198.114
90.82 8.1068 1.00625 14.2441 198.173
90.83 8.11686 0.763047 14.2487 198.233
90.84 8.12449 0.519541 14.2532 198.292
90.85 8.12969 0.275806 14.2578 198.351
90.86 8.13244 0.0319155 14.2624 198.411
90.87 8.13276 -0.212058 14.267 198.471
90.88 8.13064 -0.456041 14.2715 198.53
90.89 8.12608 -0.69996 14.2761 198.59
90.9 8.11908 -0.943743 14.2807 198.649
90.91 8.10965 -1.18732 14.2853 198.709
90.92 8.09777 -1.4306 14.2899 198.768
90.93 8.08347 -1.67354 14.2945 198.828
90.94 8.06673 -1.91604 14.2991 198.888
90.95 8.04757 -2.15804 14.3036 198.947
90.96 8.02599 -2.39947 14.3082 199.007
90.97 8.002 -2.64025 14.3128 199.067
90.98 7.97559 -2.88031 14.3174 199.126
90.99 7.94679 -3.11958 14.322 199.186
91 7.91559 -3.35798 14.3266 199.246
91.01 7.88201 -3.59545 14.3312 199.306
91.02 7.84606 -3.83191 14.3358 199.366
91.03 7.80774 -4.06729 14.3404 199.425
91.04 7.76707 -4.30152 14.345 199.485
91.05 7.72405 -4.53454 14.3496 199.545
91.06 7.67871 -4.76626 14.3542 199.605
91.07 7.63104 -4.99662 14.3588 199.665
91.08 7.58108 -5.22555 14.3634 199.725
91.09 7.52882 -5.45298 14.368 199.785
91.1 7.47429 -5.67885 14.3727 199.844
91.11 7.4175 -5.90308 14.3773 199.904
91.12 7.35847 -6.1256 14.3819 199.964
91.13 7.29722 -6.34636 14.3865 200.024
91.14 7.23375 -6.56527 14.3911 200.084
91.15 7.1681 -6.78228 14.3957 200.144
91.16 7.10028 -6.99733 14.4003 200.204
91.17 7.03031 -7.21034 14.405 200.265
91.18 6.9582 -7.42125 14.4096 200.325
91.19 6.88399 -7.62999 14.4142 200.385
91.2 6.80769 -7.83651 14.4188 200.445
91.21 6.72932 -8.04074 14.4235 200.505
91.22 6.64892 -8.24262 14.4281 200.565
91.23 6.56649 -8.44209 14.4327 200.625
91.24 6.48207 -8.63908 14.4373 200.685
91.25 6.39568 -8.83355 14.442 200.746
91.26 6.30734 -9.02542 14.4466 200.806
91.27 6.21709 -9.21464 14.4512 200.866
91.28 6.12494 -9.40115 14.4559 200.926
91.29 6.03093 -9.5849 14.4605 200.987
91.3 5.93508 -9.76583 14.4652 201.047
91.31 5.83742 -9.94388 14.4698 201.107
91.32 5.73799 -10.119 14.4744 201.168
91.33 5.6368 -10.2911 14.4791 201.228
91.34 5.53388 -10.4602 14.4837 201.288
91.35 5.42928 -10.6263 14.4884 201.349
91.36 5.32302 -10.7891 14.493 201.409
91.37 5.21513 -10.9488 14.4977 201.47
91.38 5.10564 -11.1053 14.5023 201.53
91.39 4.99459 -11.2585 14.507 201.59
91.4 4.882 -11.4083 14.5116 201.651
91.41 4.76792 -11.5548 14.5163 201.711
91.42 4.65237 -11.6978 14.5209 201.772
91.43 4.53539 -11.8374 14.5256 201.832
91.44 4.41702 -11.9734 14.5302 201.893
91.45 4.29729 -12.1059 14.5349 201.954
91.46 4.17623 -12.2349 14.5396 202.014
91.47 4.05388 -12.3601 14.5442 202.075
91.48 3.93028 -12.4818 14.5489 202.135
91.49 3.80546 -12.5997 14.5535 202.196
91.5 3.67946 -12.7138 14.5582 202.257
91.51 3.55232 -12.8242 14.5629 202.317
91.52 3.42408 -12.9308 14.5675 202.378
91.53 3.29477 -13.0335 14.5722 202.439
91.54 3.16444 -13.1323 14.5769 202.5
91.55 3.03312 -13.2273 14.5816 202.56
91.56 2.90084 -13.3183 14.5862 202.621
91.57 2.76766 -13.4053 14.5909 202.682
91.58 2.63361 -13.4883 14.5956 202.743
91.59 2.49872 -13.5673 14.6003 202.803
91.6 2.36305 -13.6423 14.6049 202.864
91.61 2.22663 -13.7132 14.6096 202.925
91.62 2.0895 -13.78 14.6143 202.986
91.63 1.9517 -13.8427 14.619 203.047
91.64 1.81327 -13.9012 14.6237 203.108
91.65 1.67426 -13.9556 14.6284 203.169
91.66 1.5347 -14.0058 14.6331 203.23
91.67 1.39464 -14.0519 14.6377 203.291
91.68 1.25412 -14.0937 14.6424 203.352
91.69 1.11319 -14.1314 14.6471 203.413
91.7 0.971873 -14.1647 14.6518 203.474
91.71 0.830226 -14.1939 14.6565 203.535
91.72 0.688287 -14.2188 14.6612 203.596
91.73 0.546099 -14.2395 14.6659 203.657
91.74 0.403704 -14.2558 14.6706 203.718
91.75 0.261146 -14.268 14.6753 203.779
91.76 0.118466 -14.2758 14.68 203.84
91.77 -0.0242918 -14.2793 14.6847 203.901
91.78 -0.167085 -14.2786 14.6894 203.963
91.79 -0.309871 -14.2736 14.6941 204.024
91.8 -0.452607 -14.2643 14.6988 204.085
91.81 -0.59525 -14.2507 14.7036 204.146
91.82 -0.737758 -14.2329 14.7083 204.207
91.83 -0.880086 -14.2107 14.713 204.269
91.84 -1.02219 -14.1843 14.7177 204.33
91.85 -1.16404 -14.1537 14.7224 204.391
91.86 -1.30557 -14.1187 14.7271 204.453
91.87 -1.44676 -14.0796 14.7318 204.514
91.88 -1.58756 -14.0362 14.7366 204.575
91.89 -1.72792 -13.9886 14.7413 204.637
91.9 -1.8678 -13.9367 14.746 204.698
91.91 -2.00717 -13.8807 14.7507 204.759
91.92 -2.14598 -13.8205 14.7555 204.821
91.93 -2.28418 -13.7561 14.7602 204.882
91.94 -2.42174 -13.6876 14.7649 204.944
91.95 -2.55862 -13.6149 14.7696 205.005
91.96 -2.69477 -13.5381 14.7744 205.067
91.97 -2.83015 -13.4573 14.7791 205.128
91.98 -2.96472 -13.3724 14.7838 205.19
91.99 -3.09845 -13.2835 14.7886 205.251
92 -3.23128 -13.1905 14.7933 205.313
92.01 -3.36319 -13.0936 14.798 205.375
92.02 -3.49412 -12.9927 14.8028 205.436
92.03 -3.62405 -12.8878 14.8075 205.498
92.04 -3.75293 -12.7791 14.8123 205.559
92.05 -3.88072 -12.6665 14.817 205.621
92.06 -4.00738 -12.5501 14.8218 205.683
92.07 -4.13289 -12.4299 14.8265 205.745
92.08 -4.25718 -12.3059 14.8312 205.806
92.09 -4.38024 -12.1782 14.836 205.868
92.1 -4.50203 -12.0468 14.8407 205.93
92.11 -4.62249 -11.9117 14.8455 205.992
92.12 -4.74161 -11.773 14.8503 206.053
92.13 -4.85934 -11.6308 14.855 206.115
92.14 -4.97565 -11.485 14.8598 206.177
92.15 -5.0905 -11.3358 14.8645 206.239
92.16 -5.20386 -11.183 14.8693 206.301
92.17 -5.31569 -11.0269 14.874 206.363
92.18 -5.42596 -10.8675 14.8788 206.424
92.19 -5.53463 -10.7047 14.8836 206.486
92.2 -5.64168 -10.5386 14.8883 206.548
92.21 -5.74706 -10.3694 14.8931 206.61
92.22 -5.85076 -10.197 14.8979 206.672
92.23 -5.95273 -10.0214 14.9026 206.734
92.24 -6.05294 -9.84287 14.9074 206.796
92.25 -6.15137 -9.66128 14.9122 206.858
92.26 -6.24798 -9.47674 14.917 206.92
92.27 -6.34275 -9.2893 14.9217 206.982
92.28 -6.43564 -9.09901 14.9265 207.045
92.29 -6.52663 -8.90595 14.9313 207.107
92.3 -6.61569 -8.71015 14.9361 207.169
92.31 -6.70279 -8.51168 14.9408 207.231
92.32 -6.78791 -8.31059 14.9456 207.293
92.33 -6.87102 -8.10695 14.9504 207.355
92.34 -6.95209 -7.90082 14.9552 207.418
92.35 -7.03109 -7.69226 14.96 207.48
92.36 -7.10802 -7.48133 14.9648 207.542
92.37 -7.18283 -7.26809 14.9696 207.604
92.38 -7.25551 -7.0526 14.9744 207.667
92.39 -7.32604 -6.83494 14.9791 207.729
92.4 -7.39439 -6.61516 14.9839 207.791
92.41 -7.46054 -6.39333 14.9887 207.854
92.42 -7.52447 -6.16951 14.9935 207.916
92.43 -7.58617 -5.94377 14.9983 207.978
92.44 -7.6456 -5.71619 15.0031 208.041
92.45 -7.70277 -5.48682 15.0079 208.103
92.46 -7.75763 -5.25574 15.0127 208.165
92.47 -7.81019 -5.02301 15.0175 208.228
92.48 -7.86042 -4.7887 15.0223 208.29
92.49 -7.90831 -4.55289 15.0271 208.353
92.5 -7.95384 -4.31564 15.032 208.415
92.51 -7.99699 -4.07703 15.0368 208.478
92.52 -8.03777 -3.83712 15.0416 208.54
92.53 -8.07614 -3.59598 15.0464 208.603
92.54 -8.1121 -3.3537 15.0512 208.666
92.55 -8.14563 -3.11034 15.056 208.728
92.56 -8.17674 -2.86597 15.0608 208.791
92.57 -8.2054 -2.62067 15.0657 208.853
92.58 -8.2316 -2.3745 15.0705 208.916
92.59 -8.25535 -2.12756 15.0753 208.979
92.6 -8.27662 -1.8799 15.0801 209.041
92.61 -8.29542 -1.6316 15.0849 209.104
92.62 -8.31174 -1.38273 15.0898 209.167
92.63 -8.32557 -1.13338 15.0946 209.23
92.64 -8.3369 -0.883615 15.0994 209.292
92.65 -8.34574 -0.633508 15.1042 209.355
92.66 -8.35207 -0.383136 15.1091 209.418
92.67 -8.3559 -0.132574 15.1139 209.481
92.68 -8.35723 0.118103 15.1187 209.544
92.69 -8.35605 0.36882 15.1236 209.607
92.7 -8.35236 0.619501 15.1284 209.669
92.71 -8.34616 0.870072 15.1333 209.732
92.72 -8.33746 1.12046 15.1381 209.795
92.73 -8.32626 1.37058 15.1429 209.858
92.74 -8.31255 1.62037 15.1478 209.921
92.75 -8.29635 1.86975 15.1526 209.984
92.76 -8.27765 2.11864 15.1575 210.047
92.77 -8.25646 2.36697 15.1623 210.11
92.78 -8.2328 2.61466 15.1672 210.173
92.79 -8.20665 2.86164 15.172 210.236
92.8 -8.17803 3.10784 15.1769 210.299
92.81 -8.14695 3.35318 15.1817 210.362
92.82 -8.11342 3.59759 15.1866 210.426
92.83 -8.07745 3.84099 15.1914 210.489
92.84 -8.03904 4.08332 15.1963 210.552
92.85 -7.9982 4.32449 15.2012 210.615
92.86 -7.95496 4.56444 15.206 210.678
92.87 -7.90931 4.80308 15.2109 210.741
92.88 -7.86128 5.04036 15.2157 210.805
92.89 -7.81088 5.2762 15.2206 210.868
92.9 -7.75812 5.51053 15.2255 210.931
92.91 -7.70301 5.74327 15.2303 210.994
92.92 -7.64558 5.97436 15.2352 211.058
92.93 -7.58584 6.20373 15.2401 211.121
92.94 -7.5238 6.4313 15.2449 211.184
92.95 -7.45949 6.65702 15.2498 211.248
92.96 -7.39292 6.8808 15.2547 211.311
92.97 -7.32411 7.10259 15.2596 211.374
92.98 -7.25308 7.32231 15.2644 211.438
92.99 -7.17986 7.53991 15.2693 211.501
93 -7.10446 7.7553 15.2742 211.565
93.01 -7.02691 7.96844 15.2791 211.628
93.02 -6.94722 8.17924 15.284 211.692
93.03 -6.86543 8.38766 15.2889 211.755
93.04 -6.78155 8.59362 15.2937 211.819
93.05 -6.69562 8.79707 15.2986 211.882
93.06 -6.60765 8.99794 15.3035 211.946
93.07 -6.51767 9.19617 15.3084 212.009
93.08 -6.4257 9.3917 15.3133 212.073
93.09 -6.33179 9.58447 15.3182 212.137
93.1 -6.23594 9.77442 15.3231 212.2
93.11 -6.1382 9.9615 15.328 212.264
93.12 -6.03858 10.1456 15.3329 212.328
93.13 -5.93713 10.3268 15.3378 212.391
93.14 -5.83386 10.5049 15.3427 212.455
93.15 -5.72881 10.6799 15.3476 212.519
93.16 -5.62201 10.8518 15.3525 212.583
93.17 -5.51349 11.0205 15.3574 212.646
93.18 -5.40329 11.1859 15.3623 212.71
93.19 -5.29143 11.348 15.3672 212.774
93.2 -5.17795 11.5067 15.3721 212.838
93.21 -5.06288 11.662 15.377 212.902
93.22 -4.94626 11.8139 15.382 212.965
93.23 -4.82812 11.9623 15.3869 213.029
93.24 -4.7085 12.1072 15.3918 213.093
93.25 -4.58743 12.2484 15.3967 213.157
93.26 -4.46494 12.386 15.4016 213.221
93.27 -4.34108 12.52 15.4065 213.285
93.28 -4.21588 12.6502 15.4115 213.349
93.29 -4.08938 12.7767 15.4164 213.413
93.3 -3.96161 12.8994 15.4213 213.477
93.31 -3.83262 13.0182 15.4262 213.541
93.32 -3.70244 13.1332 15.4312 213.605
93.33 -3.57111 13.2443 15.4361 213.669
93.34 -3.43866 13.3514 15.441 213.733
93.35 -3.30515 13.4546 15.446 213.798
93.36 -3.1706 13.5537 15.4509 213.862
93.37 -3.03507 13.6488 15.4558 213.926
93.38 -2.89858 13.7399 15.4608 213.99
93.39 -2.76118 13.8269 15.4657 214.054
93.4 -2.62291 13.9097 15.4706 214.118
93.41 -2.48381 13.9884 15.4756 214.183
93.42 -2.34393 14.0629 15.4805 214.247
93.43 -2.2033 14.1332 15.4855 214.311
93.44 -2.06197 14.1993 15.4904 214.375
93.45 -1.91998 14.2612 15.4954 214.44
93.46 -1.77736 14.3188 15.5003 214.504
93.47 -1.63418 14.3721 15.5053 214.568
93.48 -1.49046 14.4211 15.5102 214.633
93.49 -1.34625 14.4658 15.5152 214.697
93.5 -1.20159 14.5062 15.5201 214.762
93.51 -1.05652 14.5423 15.5251 214.826
93.52 -0.911102 14.574 15.53 214.891
93.53 -0.765363 14.6013 15.535 214.955
93.54 -0.61935 14.6242 15.54 215.019
93.55 -0.473107 14.6428 15.5449 215.084
93.56 -0.326679 14.657 15.5499 215.148
93.57 -0.180109 14.6668 15.5548 215.213
93.58 -0.0334404 14.6722 15.5598 215.278
93.59 0.113282 14.6732 15.5648 215.342
93.6 0.260014 14.6698 15.5698 215.407
93.61 0.406713 14.662 15.5747 215.471
93.62 0.553333 14.6498 15.5797 215.536
93.63 0.699831 14.6332 15.5847 215.601
93.64 0.846163 14.6122 15.5896 215.665
93.65 0.992286 14.5868 15.5946 215.73
93.66 1.13815 14.5571 15.5996 215.795
93.67 1.28373 14.5229 15.6046 215.86
93.68 1.42895 14.4844 15.6096 215.924
93.69 1.5738 14.4416 15.6145 215.989
93.7 1.71821 14.3943 15.6195 216.054
93.71 1.86216 14.3428 15.6245 216.119
93.72 2.00559 14.2869 15.6295 216.184
93.73 2.14845 14.2268 15.6345 216.248
93.74 2.29072 14.1623 15.6395 216.313
93.75 2.43235 14.0936 15.6445 216.378
93.76 2.57328 14.0206 15.6495 216.443
93.77 2.71349 13.9434 15.6545 216.508
93.78 2.85292 13.862 15.6595 216.573
93.79 2.99154 13.7764 15.6645 216.638
93.8 3.12931 13.6867 15.6695 216.703
93.81 3.26617 13.5928 15.6745 216.768
93.82 3.4021 13.4948 15.6795 216.833
93.83 3.53705 13.3928 15.6845 216.898
93.84 3.67098 13.2866 15.6895 216.963
93.85 3.80384 13.1765 15.6945 217.028
93.86 3.93561 13.0624 15.6995 217.093
93.87 4.06623 12.9443 15.7045 217.158
93.88 4.19568 12.8223 15.7095 217.224
93.89 4.3239 12.6965 15.7145 217.289
93.9 4.45086 12.5668 15.7195 217.354
93.91 4.57653 12.4332 15.7245 217.419
93.92 4.70086 12.2959 15.7296 217.484
93.93 4.82382 12.1549 15.7346 217.55
93.94 4.94537 12.0102 15.7396 217.615
93.95 5.06547 11.8618 15.7446 217.68
93.96 5.18409 11.7099 15.7496 217.745
93.97 5.30119 11.5543 15.7547 217.811
93.98 5.41673 11.3953 15.7597 217.876
93.99 5.53069 11.2328 15.7647 217.941
94 5.64302 11.0669 15.7698 218.007
94.01 5.75368 10.8976 15.7748 218.072
94.02 5.86266 10.725 15.7798 218.138
94.03 5.96991 10.5491 15.7849 218.203
94.04 6.0754 10.37 15.7899 218.269
94.05 6.1791 10.1877 15.7949 218.334
94.06 6.28098 10.0024 15.8 218.4
94.07 6.381 9.81394 15.805 218.465
94.08 6.47914 9.62251 15.81 218.531
94.09 6.57537 9.42814 15.8151 218.596
94.1 6.66965 9.23088 15.8201 218.662
94.11 6.76196 9.03079 15.8252 218.727
94.12 6.85227 8.82793 15.8302 218.793
94.13 6.94054 8.62236 15.8353 218.859
94.14 7.02677 8.41415 15.8403 218.924
94.15 7.11091 8.20334 15.8454 218.99
94.16 7.19294 7.99002 15.8504 219.056
94.17 7.27284 7.77423 15.8555 219.121
94.18 7.35059 7.55604 15.8605 219.187
94.19 7.42615 7.33552 15.8656 219.253
94.2 7.4995 7.11274 15.8707 219.319
94.21 7.57063 6.88775 15.8757 219.384
94.22 7.63951 6.66064 15.8808 219.45
94.23 7.70611 6.43145 15.8859 219.516
94.24 7.77043 6.20027 15.8909 219.582
94.25 7.83243 5.96715 15.896 219.648
94.26 7.8921 5.73218 15.9011 219.714
94.27 7.94942 5.49542 15.9061 219.78
94.28 8.00438 5.25694 15.9112 219.846
94.29 8.05695 5.0168 15.9163 219.911
94.3 8.10711 4.7751 15.9213 219.977
94.31 8.15487 4.53188 15.9264 220.043
94.32 8.20018 4.28724 15.9315 220.109
94.33 8.24306 4.04123 15.9366 220.176
94.34 8.28347 3.79394 15.9417 220.242
94.35 8.32141 3.54544 15.9467 220.308
94.36 8.35686 3.29579 15.9518 220.374
94.37 8.38982 3.04509 15.9569 220.44
94.38 8.42027 2.79339 15.962 220.506
94.39 8.44821 2.54078 15.9671 220.572
94.4 8.47361 2.28734 15.9722 220.638
94.41 8.49649 2.03313 15.9773 220.704
94.42 8.51682 1.77824 15.9824 220.771
94.43 8.5346 1.52273 15.9875 220.837
94.44 8.54983 1.26669 15.9926 220.903
94.45 8.56249 1.0102 15.9976 220.969
94.46 8.5726 0.753323 16.0027 221.036
94.47 8.58013 0.496145 16.0078 221.102
94.48 8.58509 0.238741 16.013 221.168
94.49 8.58748 -0.0188113 16.0181 221.235
94.5 8.58729 -0.276436 16.0232 221.301
94.51 8.58453 -0.534054 16.0283 221.367
94.52 8.57919 -0.79159 16.0334 221.434
94.53 8.57127 -1.04897 16.0385 221.5
94.54 8.56078 -1.3061 16.0436 221.567
94.55 8.54772 -1.56293 16.0487 221.633
94.56 8.53209 -1.81936 16.0538 221.7
94.57 8.5139 -2.07532 16.0589 221.766
94.58 8.49314 -2.33074 16.0641 221.833
94.59 8.46984 -2.58553 16.0692 221.899
94.6 8.44398 -2.83963 16.0743 221.966
94.61 8.41558 -3.09295 16.0794 222.032
94.62 8.38465 -3.34541 16.0845 222.099
94.63 8.3512 -3.59695 16.0897 222.166
94.64 8.31523 -3.84749 16.0948 222.232
94.65 8.27676 -4.09695 16.0999 222.299
94.66 8.23579 -4.34525 16.1051 222.366
94.67 8.19233 -4.59232 16.1102 222.432
94.68 8.14641 -4.83809 16.1153 222.499
94.69 8.09803 -5.08249 16.1205 222.566
94.7 8.0472 -5.32543 16.1256 222.633
94.71 7.99395 -5.56684 16.1307 222.699
94.72 7.93828 -5.80666 16.1359 222.766
94.73 7.88022 -6.04481 16.141 222.833
94.74 7.81977 -6.28122 16.1462 222.9
94.75 7.75696 -6.51581 16.1513 222.967
94.76 7.6918 -6.74852 16.1564 223.034
94.77 7.62431 -6.97927 16.1616 223.101
94.78 7.55452 -7.208 16.1667 223.168
94.79 7.48244 -7.43464 16.1719 223.235
94.8 7.40809 -7.65911 16.177 223.301
94.81 7.3315 -7.88135 16.1822 223.368
94.82 7.25269 -8.1013 16.1873 223.435
94.83 7.17168 -8.31888 16.1925 223.503
94.84 7.08849 -8.53403 16.1977 223.57
94.85 7.00315 -8.74668 16.2028 223.637
94.86 6.91568 -8.95678 16.208 223.704
94.87 6.82611 -9.16425 16.2131 223.771
94.88 6.73447 -9.36903 16.2183 223.838
94.89 6.64078 -9.57107 16.2235 223.905
94.9 6.54507 -9.77029 16.2286 223.972
94.91 6.44737 -9.96664 16.2338 224.039
94.92 6.3477 -10.1601 16.239 224.107
94.93 6.2461 -10.3505 16.2441 224.174
94.94 6.14259 -10.5379 16.2493 224.241
94.95 6.03721 -10.7222 16.2545 224.308
94.96 5.92999 -10.9033 16.2597 224.376
94.97 5.82096 -11.0812 16.2649 224.443
94.98 5.71015 -11.2558 16.27 224.51
94.99 5.59759 -11.4271 16.2752 224.578
95 5.48332 -11.595 16.2804 224.645
95.01 5.36737 -11.7595 16.2856 224.713
95.02 5.24977 -11.9206 16.2908 224.78
95.03 5.13057 -12.078 16.296 224.847
95.04 5.00979 -12.232 16.3011 224.915
95.05 4.88747 -12.3823 16.3063 224.982
95.06 4.76365 -12.5289 16.3115 225.05
95.07 4.63836 -12.6718 16.3167 225.117
95.08 4.51164 -12.8109 16.3219 225.185
95.09 4.38353 -12.9463 16.3271 225.252
95.1 4.25407 -13.0778 16.3323 225.32
95.11 4.12329 -13.2054 16.3375 225.388
95.12 3.99123 -13.3291 16.3427 225.455
95.13 3.85794 -13.4489 16.3479 225.523
95.14 3.72346 -13.5646 16.3531 225.59
95.15 3.58781 -13.6763 16.3583 225.658
95.16 3.45105 -13.7839 16.3635 225.726
95.17 3.31321 -13.8875 16.3687 225.794
95.18 3.17433 -13.9869 16.3739 225.861
95.19 3.03446 -14.0821 16.3792 225.929
95.2 2.89364 -14.1731 16.3844 225.997
95.21 2.75191 -14.2599 16.3896 226.065
95.22 2.60931 -14.3425 16.3948 226.132
95.23 2.46589 -14.4208 16.4 226.2
95.24 2.32168 -14.4947 16.4052 226.268
95.25 2.17673 -14.5644 16.4105 226.336
95.26 2.03109 -14.6297 16.4157 226.404
95.27 1.88479 -14.6906 16.4209 226.472
95.28 1.73789 -14.7472 16.4261 226.54
95.29 1.59041 -14.7993 16.4314 226.608
95.3 1.44242 -14.847 16.4366 226.676
95.31 1.29395 -14.8903 16.4418 226.744
95.32 1.14505 -14.9291 16.4471 226.812
95.33 0.995756 -14.9635 16.4523 226.88
95.34 0.846122 -14.9933 16.4575 226.948
95.35 0.696188 -15.0187 16.4628 227.016
95.36 0.546001 -15.0396 16.468 227.084
95.37 0.395605 -15.056 16.4732 227.152
95.38 0.245045 -15.0679 16.4785 227.22
95.39 0.0943667 -15.0752 16.4837 227.289
95.4 -0.0563854 -15.078 16.489 227.357
95.41 -0.207166 -15.0763 16.4942 227.425
95.42 -0.357929 -15.0701 16.4995 227.493
95.43 -0.50863 -15.0594 16.5047 227.561
95.44 -0.659224 -15.0441 16.51 227.63
95.45 -0.809666 -15.0244 16.5152 227.698
95.46 -0.959909 -15.0001 16.5205 227.766
95.47 -1.10991 -14.9713 16.5257 227.835
95.48 -1.25962 -14.938 16.531 227.903
95.49 -1.409 -14.9002 16.5363 227.971
95.5 -1.558 -14.8579 16.5415 228.04
95.51 -1.70658 -14.8112 16.5468 228.108
95.52 -1.85469 -14.76 16.552 228.177
95.53 -2.00229 -14.7043 16.5573 228.245
95.54 -2.14934 -14.6443 16.5626 228.313
95.55 -2.29578 -14.5798 16.5678 228.382
95.56 -2.44158 -14.5109 16.5731 228.45
95.57 -2.58669 -14.4377 16.5784 228.519
95.58 -2.73106 -14.3601 16.5837 228.588
95.59 -2.87466 -14.2781 16.5889 228.656
95.6 -3.01745 -14.1919 16.5942 228.725
95.61 -3.15937 -14.1014 16.5995 228.793
95.62 -3.30038 -14.0066 16.6048 228.862
95.63 -3.44044 -13.9076 16.61 228.931
95.64 -3.57952 -13.8044 16.6153 228.999
95.65 -3.71756 -13.697 16.6206 229.068
95.66 -3.85453 -13.5855 16.6259 229.137
95.67 -3.99039 -13.4698 16.6312 229.205
95.68 -4.12509 -13.3501 16.6365 229.274
95.69 -4.25859 -13.2263 16.6418 229.343
95.7 -4.39085 -13.0986 16.6471 229.412
95.71 -4.52184 -12.9669 16.6524 229.481
95.72 -4.65151 -12.8312 16.6577 229.55
95.73 -4.77982 -12.6917 16.663 229.618
95.74 -4.90673 -12.5483 16.6683 229.687
95.75 -5.03222 -12.4011 16.6736 229.756
95.76 -5.15623 -12.2501 16.6789 229.825
95.77 -5.27873 -12.0954 16.6842 229.894
95.78 -5.39968 -11.9371 16.6895 229.963
95.79 -5.51905 -11.7751 16.6948 230.032
95.8 -5.6368 -11.6095 16.7001 230.101
95.81 -5.7529 -11.4404 16.7054 230.17
95.82 -5.8673 -11.2678 16.7107 230.239
95.83 -5.97998 -11.0918 16.716 230.308
95.84 -6.0909 -10.9124 16.7213 230.377
95.85 -6.20002 -10.7297 16.7266 230.446
95.86 -6.30732 -10.5437 16.732 230.515
95.87 -6.41276 -10.3544 16.7373 230.585
95.88 -6.5163 -10.1621 16.7426 230.654
95.89 -6.61792 -9.96656 16.7479 230.723
95.9 -6.71759 -9.76803 16.7532 230.792
95.91 -6.81527 -9.5665 16.7586 230.861
95.92 -6.91093 -9.36204 16.7639 230.931
95.93 -7.00455 -9.15471 16.7692 231
95.94 -7.0961 -8.94458 16.7746 231.069
95.95 -7.18554 -8.73169 16.7799 231.139
95.96 -7.27286 -8.51613 16.7852 231.208
95.97 -7.35802 -8.29794 16.7906 231.277
95.98 -7.441 -8.0772 16.7959 231.347
95.99 -7.52177 -7.85397 16.8012 231.416
96 -7.60031 -7.62832 16.8066 231.486
96.01 -7.6766 -7.40031 16.8119 231.555
96.02 -7.7506 -7.17001 16.8173 231.624
96.03 -7.8223 -6.93749 16.8226 231.694
96.04 -7.89168 -6.70282 16.828 231.763
96.05 -7.9587 -6.46607 16.8333 231.833
96.06 -8.02336 -6.22731 16.8387 231.903
96.07 -8.08564 -5.98661 16.844 231.972
96.08 -8.1455 -5.74404 16.8494 232.042
96.09 -8.20294 -5.49968 16.8547 232.111
96.1 -8.25794 -5.25359 16.8601 232.181
96.11 -8.31048 -5.00585 16.8654 232.251
96.12 -8.36054 -4.75654 16.8708 232.32
96.13 -8.4081 -4.50572 16.8762 232.39
96.14 -8.45316 -4.25348 16.8815 232.46
96.15 -8.49569 -3.99988 16.8869 232.529
96.16 -8.53569 -3.74501 16.8922 232.599
96.17 -8.57314 -3.48894 16.8976 232.669
96.18 -8.60803 -3.23175 16.903 232.739
96.19 -8.64035 -2.9735 16.9084 232.809
96.2 -8.67008 -2.71429 16.9137 232.878
96.21 -8.69723 -2.45419 16.9191 232.948
96.22 -8.72177 -2.19328 16.9245 233.018
96.23 -8.7437 -1.93162 16.9299 233.088
96.24 -8.76302 -1.66931 16.9352 233.158
96.25 -8.77971 -1.40642 16.9406 233.228
96.26 -8.79377 -1.14303 16.946 233.298
96.27 -8.8052 -0.879216 16.9514 233.368
96.28 -8.814 -0.61506 16.9568 233.438
96.29 -8.82015 -0.35064 16.9622 233.508
96.3 -8.82365 -0.0860354 16.9675 233.578
96.31 -8.82451 0.178674 16.9729 233.648
96.32 -8.82273 0.44341 16.9783 233.718
96.33 -8.81829 0.708091 16.9837 233.788
96.34 -8.81121 0.97264 16.9891 233.858
96.35 -8.80149 1.23698 16.9945 233.929
96.36 -8.78912 1.50102 16.9999 233.999
96.37 -8.77411 1.76469 17.0053 234.069
96.38 -8.75646 2.02792 17.0107 234.139
96.39 -8.73618 2.29061 17.0161 234.209
96.4 -8.71327 2.5527 17.0215 234.28
96.41 -8.68775 2.8141 17.0269 234.35
96.42 -8.65961 3.07473 17.0323 234.42
96.43 -8.62886 3.33452 17.0377 234.491
96.44 -8.59551 3.59338 17.0431 234.561
96.45 -8.55958 3.85125 17.0486 234.631
96.46 -8.52107 4.10803 17.054 234.702
96.47 -8.47999 4.36367 17.0594 234.772
96.48 -8.43635 4.61807 17.0648 234.843
96.49 -8.39017 4.87116 17.0702 234.913
96.5 -8.34146 5.12286 17.0757 234.983
96.51 -8.29023 5.37311 17.0811 235.054
96.52 -8.2365 5.62181 17.0865 235.124
96.53 -8.18028 5.86891 17.0919 235.195
96.54 -8.12159 6.11432 17.0974 235.266
96.55 -8.06045 6.35796 17.1028 235.336
96.56 -7.99687 6.59978 17.1082 235.407
96.57 -7.93087 6.83968 17.1136 235.477
96.58 -7.86247 7.07761 17.1191 235.548
96.59 -7.7917 7.31348 17.1245 235.619
96.6 -7.71856 7.54723 17.13 235.689
96.61 -7.64309 7.77879 17.1354 235.76
96.62 -7.5653 8.00808 17.1408 235.831
96.63 -7.48522 8.23504 17.1463 235.902
96.64 -7.40287 8.4596 17.1517 235.972
96.65 -7.31828 8.68169 17.1572 236.043
96.66 -7.23146 8.90123 17.1626 236.114
96.67 -7.14245 9.11818 17.1681 236.185
96.68 -7.05126 9.33245 17.1735 236.256
96.69 -6.95794 9.54399 17.179 236.327
96.7 -6.8625 9.75273 17.1844 236.397
96.71 -6.76497 9.9586 17.1899 236.468
96.72 -6.66539 10.1616 17.1953 236.539
96.73 -6.56377 10.3615 17.2008 236.61
96.74 -6.46016 10.5584 17.2062 236.681
96.75 -6.35457 10.7522 17.2117 236.752
96.76 -6.24705 10.9429 17.2172 236.823
96.77 -6.13762 11.1303 17.2226 236.894
96.78 -6.02632 11.3144 17.2281 236.965
96.79 -5.91317 11.4952 17.2336 237.036
96.8 -5.79822 11.6726 17.239 237.108
96.81 -5.6815 11.8465 17.2445 237.179
96.82 -5.56303 12.017 17.25 237.25
96.83 -5.44286 12.1839 17.2555 237.321
96.84 -5.32102 12.3472 17.2609 237.392
96.85 -5.19755 12.5068 17.2664 237.463
96.86 -5.07248 12.6627 17.2719 237.535
96.87 -4.94586 12.8149 17.2774 237.606
96.88 -4.81771 12.9633 17.2829 237.677
96.89 -4.68807 13.1078 17.2883 237.749
96.9 -4.557 13.2484 17.2938 237.82
96.91 -4.42451 13.3852 17.2993 237.891
96.92 -4.29066 13.5179 17.3048 237.963
96.93 -4.15548 13.6466 17.3103 238.034
96.94 -4.01901 13.7713 17.3158 238.105
96.95 -3.8813 13.8918 17.3213 238.177
96.96 -3.74238 14.0083 17.3268 238.248
96.97 -3.6023 14.1206 17.3323 238.32
96.98 -3.4611 14.2286 17.3378 238.391
96.99 -3.31881 14.3325 17.3433 238.463
97 -3.17548 14.432 17.3488 238.534
97.01 -3.03116 14.5273 17.3543 238.606
97.02 -2.88589 14.6182 17.3598 238.677
97.03 -2.73971 14.7048 17.3653 238.749
97.04 -2.59266 14.787 17.3708 238.821
97.05 -2.44479 14.8648 17.3763 238.892
97.06 -2.29614 14.9381 17.3818 238.964
97.07 -2.14676 15.007 17.3874 239.036
97.08 -1.99669 15.0714 17.3929 239.107
97.09 -1.84598 15.1313 17.3984 239.179
97.1 -1.69467 15.1867 17.4039 239.251
97.11 -1.5428 15.2375 17.4094 239.323
97.12 -1.39042 15.2838 17.415 239.394
97.13 -1.23759 15.3255 17.4205 239.466
97.14 -1.08433 15.3626 17.426 239.538
97.15 -0.930705 15.3952 17.4315 239.61
97.16 -0.776753 15.4231 17.4371 239.682
97.17 -0.622522 15.4464 17.4426 239.754
97.18 -0.468058 15.4651 17.4481 239.826
97.19 -0.313407 15.4791 17.4537 239.898
97.2 -0.158616 15.4885 17.4592 239.97
97.21 -0.00373098 15.4933 17.4647 240.042
97.22 0.151202 15.4934 17.4703 240.114
97.23 0.306136 15.4888 17.4758 240.186
97.24 0.461024 15.4797 17.4814 240.258
97.25 0.615821 15.4658 17.4869 240.33
97.26 0.770479 15.4474 17.4924 240.402
97.27 0.924953 15.4242 17.498 240.474
97.28 1.0792 15.3965 17.5035 240.546
97.29 1.23316 15.3641 17.5091 240.618
97.3 1.3868 15.3271 17.5146 240.69
97.31 1.54007 15.2855 17.5202 240.763
97.32 1.69293 15.2393 17.5258 240.835
97.33 1.84532 15.1885 17.5313 240.907
97.34 1.99721 15.1332 17.5369 240.979
97.35 2.14854 15.0733 17.5424 241.052
97.36 2.29927 15.0088 17.548 241.124
97.37 2.44936 14.9398 17.5536 241.196
97.38 2.59876 14.8663 17.5591 241.269
97.39 2.74742 14.7884 17.5647 241.341
97.4 2.8953 14.706 17.5703 241.413
97.41 3.04236 14.6191 17.5758 241.486
97.42 3.18855 14.5278 17.5814 241.558
97.43 3.33383 14.4322 17.587 241.631
97.44 3.47815 14.3322 17.5926 241.703
97.45 3.62148 14.2278 17.5981 241.776
97.46 3.76375 14.1192 17.6037 241.848
97.47 3.90495 14.0063 17.6093 241.921
97.48 4.04501 13.8891 17.6149 241.993
97.49 4.1839 13.7678 17.6205 242.066
97.5 4.32158 13.6422 17.6261 242.139
97.51 4.458 13.5126 17.6316 242.211
97.52 4.59313 13.3788 17.6372 242.284
97.53 4.72691 13.2411 17.6428 242.357
97.54 4.85932 13.0992 17.6484 242.429
97.55 4.99032 12.9535 17.654 242.502
97.56 5.11985 12.8038 17.6596 242.575
97.57 5.24789 12.6502 17.6652 242.648
97.58 5.37439 12.4927 17.6708 242.72
97.59 5.49932 12.3315 17.6764 242.793
97.6 5.62263 12.1665 17.682 242.866
97.61 5.7443 11.9978 17.6876 242.939
97.62 5.86428 11.8255 17.6932 243.012
97.63 5.98253 11.6496 17.6988 243.085
97.64 6.09903 11.4701 17.7044 243.158
97.65 6.21373 11.2871 17.71 243.231
97.66 6.3266 11.1007 17.7157 243.304
97.67 6.43761 10.9109 17.7213 243.377
97.68 6.54672 10.7178 17.7269 243.45
97.69 6.65389 10.5214 17.7325 243.523
97.7 6.75911 10.3218 17.7381 243.596
97.71 6.86233 10.119 17.7438 243.669
97.72 6.96352 9.91313 17.7494 243.742
97.73 7.06265 9.70423 17.755 243.815
97.74 7.15969 9.49235 17.7606 243.888
97.75 7.25461 9.27756 17.7663 243.961
97.76 7.34739 9.05992 17.7719 244.034
97.77 7.43799 8.8395 17.7775 244.108
97.78 7.52638 8.61636 17.7831 244.181
97.79 7.61255 8.39057 17.7888 244.254
97.8 7.69645 8.16219 17.7944 244.327
97.81 7.77807 7.9313 17.8001 244.401
97.82 7.85739 7.69795 17.8057 244.474
97.83 7.93437 7.46223 17.8113 244.547
97.84 8.00899 7.2242 17.817 244.621
97.85 8.08123 6.98393 17.8226 244.694
97.86 8.15107 6.7415 17.8283 244.768
97.87 8.21848 6.49696 17.8339 244.841
97.88 8.28345 6.25041 17.8396 244.914
97.89 8.34596 6.00191 17.8452 244.988
97.9 8.40598 5.75153 17.8509 245.061
97.91 8.46349 5.49935 17.8565 245.135
97.92 8.51849 5.24544 17.8622 245.208
97.93 8.57094 4.98989 17.8678 245.282
97.94 8.62084 4.73276 17.8735 245.356
97.95 8.66817 4.47413 17.8792 245.429
97.96 8.71291 4.21409 17.8848 245.503
97.97 8.75505 3.9527 17.8905 245.577
97.98 8.79458 3.69005 17.8962 245.65
97.99 8.83148 3.42621 17.9018 245.724
98 8.86574 3.16127 17.9075 245.798
98.01 8.89735 2.8953 17.9132 245.871
98.02 8.9263 2.62838 17.9189 245.945
98.03 8.95259 2.36059 17.9245 246.019
98.04 8.97619 2.09201 17.9302 246.093
98.05 8.99711 1.82272 17.9359 246.167
98.06 9.01534 1.55281 17.9416 246.24
98.07 9.03087 1.28235 17.9472 246.314
98.08 9.04369 1.01142 17.9529 246.388
98.09 9.05381 0.740113 17.9586 246.462
98.1 9.06121 0.468499 17.9643 246.536
98.11 9.06589 0.196663 17.97 246.61
98.12 9.06786 -0.0753143 17.9757 246.684
98.13 9.06711 -0.34735 17.9814 246.758
98.14 9.06363 -0.619363 17.9871 246.832
98.15 9.05744 -0.891272 17.9928 246.906
98.16 9.04853 -1.163 17.9985 246.98
98.17 9.0369 -1.43445 18.0042 247.054
98.18 9.02255 -1.70556 18.0099 247.128
98.19 9.0055 -1.97623 18.0156 247.202
98.2 8.98573 -2.2464 18.0213 247.277
98.21 8.96327 -2.51597 18.027 247.351
98.22 8.93811 -2.78487 18.0327 247.425
98.23 8.91026 -3.05301 18.0384 247.499
98.24 8.87973 -3.32032 18.0441 247.573
98.25 8.84653 -3.58671 18.0498 247.648
98.26 8.81066 -3.85211 18.0555 247.722
98.27 8.77214 -4.11643 18.0613 247.796
98.28 8.73098 -4.37959 18.067 247.871
98.29 8.68718 -4.64152 18.0727 247.945
98.3 8.64077 -4.90214 18.0784 248.019
98.31 8.59174 -5.16136 18.0841 248.094
98.32 8.54013 -5.41911 18.0899 248.168
98.33 8.48594 -5.67532 18.0956 248.243
98.34 8.42919 -5.9299 18.1013 248.317
98.35 8.36989 -6.18277 18.1071 248.392
98.36 8.30806 -6.43387 18.1128 248.466
98.37 8.24372 -6.68311 18.1185 248.541
98.38 8.17689 -6.93042 18.1243 248.615
98.39 8.10759 -7.17573 18.13 248.69
98.4 8.03583 -7.41895 18.1357 248.764
98.41 7.96164 -7.66003 18.1415 248.839
98.42 7.88504 -7.89888 18.1472 248.914
98.43 7.80605 -8.13543 18.153 248.988
98.44 7.7247 -8.36961 18.1587 249.063
98.45 7.641 -8.60135 18.1645 249.138
98.46 7.55499 -8.83058 18.1702 249.213
98.47 7.46668 -9.05723 18.176 249.287
98.48 7.37611 -9.28123 18.1817 249.362
98.49 7.2833 -9.50252 18.1875 249.437
98.5 7.18827 -9.72101 18.1932 249.512
98.51 7.09106 -9.93666 18.199 249.587
98.52 6.99169 -10.1494 18.2047 249.662
98.53 6.8902 -10.3591 18.2105 249.736
98.54 6.78661 -10.5659 18.2163 249.811
98.55 6.68095 -10.7694 18.222 249.886
98.56 6.57325 -10.9699 18.2278 249.961
98.57 6.46356 -11.1671 18.2336 250.036
98.58 6.35189 -11.361 18.2393 250.111
98.59 6.23828 -11.5515 18.2451 250.186
98.6 6.12276 -11.7387 18.2509 250.261
98.61 6.00537 -11.9224 18.2566 250.336
98.62 5.88615 -12.1025 18.2624 250.412
98.63 5.76512 -12.2791 18.2682 250.487
98.64 5.64233 -12.4521 18.274 250.562
98.65 5.51781 -12.6213 18.2798 250.637
98.66 5.3916 -12.7869 18.2856 250.712
98.67 5.26373 -12.9486 18.2913 250.787
98.68 5.13424 -13.1065 18.2971 250.863
98.69 5.00318 -13.2606 18.3029 250.938
98.7 4.87057 -13.4107 18.3087 251.013
98.71 4.73647 -13.5568 18.3145 251.088
98.72 4.6009 -13.6989 18.3203 251.164
98.73 4.46391 -13.8369 18.3261 251.239
98.74 4.32554 -13.9708 18.3319 251.314
98.75 4.18583 -14.1006 18.3377 251.39
98.76 4.04483 -14.2262 18.3435 251.465
98.77 3.90257 -14.3475 18.3493 251.541
98.78 3.75909 -14.4646 18.3551 251.616
98.79 3.61445 -14.5773 18.3609 251.692
98.8 3.46867 -14.6858 18.3667 251.767
98.81 3.32181 -14.7898 18.3725 251.843
98.82 3.17392 -14.8895 18.3783 251.918
98.83 3.02502 -14.9847 18.3841 251.994
98.84 2.87517 -15.0755 18.39 252.069
98.85 2.72442 -15.1617 18.3958 252.145
98.86 2.5728 -15.2435 18.4016 252.221
98.87 2.42037 -15.3206 18.4074 252.296
98.88 2.26716 -15.3932 18.4132 252.372
98.89 2.11323 -15.4613 18.4191 252.448
98.9 1.95862 -15.5247 18.4249 252.524
98.91 1.80337 -15.5834 18.4307 252.599
98.92 1.64753 -15.6375 18.4365 252.675
98.93 1.49116 -15.6869 18.4424 252.751
98.94 1.33429 -15.7317 18.4482 252.827
98.95 1.17697 -15.7717 18.454 252.903
98.96 1.01926 -15.807 18.4599 252.978
98.97 0.861186 -15.8376 18.4657 253.054
98.98 0.70281 -15.8634 18.4716 253.13
98.99 0.544176 -15.8845 18.4774 253.206
99 0.385331 -15.9008 18.4832 253.282
99.01 0.226322 -15.9124 18.4891 253.358
99.02 0.0671984 -15.9192 18.4949 253.434
99.03 -0.0919935 -15.9212 18.5008 253.51
99.04 -0.251206 -15.9184 18.5066 253.586
99.05 -0.41039 -15.9109 18.5125 253.662
99.06 -0.569499 -15.8986 18.5183 253.738
99.07 -0.728485 -15.8815 18.5242 253.814
99.08 -0.8873 -15.8597 18.53 253.891
99.09 -1.0459 -15.833 18.5359 253.967
99.1 -1.20423 -15.8017 18.5418 254.043
99.11 -1.36224 -15.7655 18.5476 254.119
99.12 -1.5199 -15.7247 18.5535 254.195
99.13 -1.67715 -15.6791 18.5594 254.272
99.14 -1.83394 -15.6288 18.5652 254.348
99.15 -1.99022 -15.5737 18.5711 254.424
99.16 -2.14596 -15.514 18.577 254.501
99.17 -2.3011 -15.4497 18.5828 254.577
99.18 -2.4556 -15.3806 18.5887 254.653
99.19 -2.6094 -15.307 18.5946 254.73
99.2 -2.76247 -15.2287 18.6005 254.806
99.21 -2.91476 -15.1458 18.6064 254.883
99.22 -3.06622 -15.0584 18.6122 254.959
99.23 -3.2168 -14.9664 18.6181 255.036
99.24 -3.36647 -14.8699 18.624 255.112
99.25 -3.51516 -14.7689 18.6299 255.189
99.26 -3.66285 -14.6634 18.6358 255.265
99.27 -3.80949 -14.5535 18.6417 255.342
99.28 -3.95502 -14.4392 18.6476 255.418
99.29 -4.09941 -14.3206 18.6535 255.495
99.3 -4.24262 -14.1976 18.6594 255.572
99.31 -4.3846 -14.0703 18.6653 255.648
99.32 -4.5253 -13.9388 18.6712 255.725
99.33 -4.66469 -13.803 18.6771 255.802
99.34 -4.80272 -13.6631 18.683 255.878
99.35 -4.93935 -13.519 18.6889 255.955
99.36 -5.07454 -13.3708 18.6948 256.032
99.37 -5.20825 -13.2186 18.7007 256.109
99.38 -5.34043 -13.0623 18.7066 256.186
99.39 -5.47106 -12.9021 18.7125 256.262
99.4 -5.60008 -12.738 18.7184 256.339
99.41 -5.72746 -12.57 18.7243 256.416
99.42 -5.85316 -12.3982 18.7302 256.493
99.43 -5.97714 -12.2226 18.7362 256.57
99.44 -6.09937 -12.0433 18.7421 256.647
99.45 -6.2198 -11.8603 18.748 256.724
99.46 -6.3384 -11.6737 18.7539 256.801
99.47 -6.45514 -11.4835 18.7599 256.878
99.48 -6.56997 -11.2899 18.7658 256.955
99.49 -6.68287 -11.0928 18.7717 257.032
99.5 -6.7938 -10.8923 18.7776 257.109
99.51 -6.90272 -10.6885 18.7836 257.187
99.52 -7.00961 -10.4814 18.7895 257.264
99.53 -7.11442 -10.2711 18.7955 257.341
99.54 -7.21713 -10.0577 18.8014 257.418
99.55 -7.31771 -9.84117 18.8073 257.495
99.56 -7.41612 -9.62164 18.8133 257.573
99.57 -7.51234 -9.39916 18.8192 257.65
99.58 -7.60633 -9.17379 18.8252 257.727
99.59 -7.69807 -8.9456 18.8311 257.804
99.6 -7.78752 -8.71465 18.8371 257.882
99.61 -7.87467 -8.48103 18.843 257.959
99.62 -7.95948 -8.24479 18.849 258.037
99.63 -8.04193 -8.006 18.8549 258.114
99.64 -8.12199 -7.76475 18.8609 258.191
99.65 -8.19964 -7.52109 18.8668 258.269
99.66 -8.27485 -7.2751 18.8728 258.346
99.67 -8.3476 -7.02685 18.8788 258.424
99.68 -8.41787 -6.77642 18.8847 258.501
99.69 -8.48563 -6.52389 18.8907 258.579
99.7 -8.55087 -6.26932 18.8967 258.656
99.71 -8.61356 -6.01279 18.9026 258.734
99.72 -8.67369 -5.75439 18.9086 258.812
99.73 -8.73123 -5.49417 18.9146 258.889
99.74 -8.78618 -5.23224 18.9205 258.967
99.75 -8.8385 -4.96865 18.9265 259.045
99.76 -8.88819 -4.7035 18.9325 259.122
99.77 -8.93522 -4.43685 18.9385 259.2
99.78 -8.97959 -4.16879 18.9445 259.278
99.79 -9.02128 -3.89941 18.9504 259.356
99.8 -9.06027 -3.62877 18.9564 259.433
99.81 -9.09656 -3.35696 18.9624 259.511
99.82 -9.13013 -3.08406 18.9684 259.589
99.83 -9.16097 -2.81016 18.9744 259.667
99.84 -9.18907 -2.53533 18.9804 259.745
99.85 -9.21442 -2.25966 18.9864 259.823
99.86 -9.23702 -1.98323 18.9924 259.901
99.87 -9.25685 -1.70612 18.9984 259.979
99.88 -9.27391 -1.42841 19.0044 260.057
99.89 -9.2882 -1.15019 19.0104 260.135
99.9 -9.2997 -0.871547 19.0164 260.213
99.91 -9.30842 -0.592556 19.0224 260.291
99.92 -9.31434 -0.313303 19.0284 260.369
99.93 -9.31747 -0.0338731 19.0344 260.447
99.94 -9.31781 0.245651 19.0404 260.525
99.95 -9.31536 0.525185 19.0464 260.603
99.96 -9.3101 0.804646 19.0524 260.682
99.97 -9.30206 1.08395 19.0584 260.76
99.98 -9.29122 1.36301 19.0645 260.838
99.99 -9.27759 1.64175 19.0705 260.916
100 -9.26117 1.92008 19.0765 260.995 0.01 LAST

