#Numero traiettorie utilizzate-> 1000 
#Tempo massimo-> 10000
#Potenza utilizzata-> 2
#Larghezza del bin-> 4
2 0 0.18525


4 -4 0.07975
4 0 0.151
4 4 0.01925


8 -8 0.01075
8 -4 0.07975
8 0 0.1195
8 4 0.03925
8 8 0.00075


16 -16 0
16 -12 0.00175
16 -8 0.02325
16 -4 0.071
16 0 0.10025
16 4 0.044
16 8 0.009
16 12 0.00075
16 16 0


32 -32 0
32 -28 0
32 -24 0
32 -20 0.00025
32 -16 0.00225
32 -12 0.01025
32 -8 0.03425
32 -4 0.06225
32 0 0.06175
32 4 0.049
32 8 0.02275
32 12 0.006
32 16 0.00125
32 20 0
32 24 0
32 28 0
32 32 0


64 -64 0
64 -60 0
64 -56 0
64 -52 0
64 -48 0
64 -44 0
64 -40 0
64 -36 0
64 -32 0
64 -28 0.00025
64 -24 0.0005
64 -20 0.00125
64 -16 0.00825
64 -12 0.0235
64 -8 0.03525
64 -4 0.0455
64 0 0.044
64 4 0.0415
64 8 0.029
64 12 0.01175
64 16 0.00725
64 20 0.0015
64 24 0.0005
64 28 0
64 32 0
64 36 0
64 40 0
64 44 0
64 48 0
64 52 0
64 56 0
64 60 0
64 64 0


128 -128 0
128 -124 0
128 -120 0
128 -116 0
128 -112 0
128 -108 0
128 -104 0
128 -100 0
128 -96 0
128 -92 0
128 -88 0
128 -84 0
128 -80 0
128 -76 0
128 -72 0
128 -68 0
128 -64 0
128 -60 0
128 -56 0
128 -52 0
128 -48 0
128 -44 0
128 -40 0
128 -36 0
128 -32 0.0005
128 -28 0.00225
128 -24 0.00525
128 -20 0.0075
128 -16 0.0165
128 -12 0.0215
128 -8 0.02875
128 -4 0.034
128 0 0.02975
128 4 0.03675
128 8 0.02475
128 12 0.01675
128 16 0.0125
128 20 0.0055
128 24 0.0055
128 28 0.00125
128 32 0.00075
128 36 0.00025
128 40 0
128 44 0
128 48 0
128 52 0
128 56 0
128 60 0
128 64 0
128 68 0
128 72 0
128 76 0
128 80 0
128 84 0
128 88 0
128 92 0
128 96 0
128 100 0
128 104 0
128 108 0
128 112 0
128 116 0
128 120 0
128 124 0
128 128 0


256 -256 0
256 -252 0
256 -248 0
256 -244 0
256 -240 0
256 -236 0
256 -232 0
256 -228 0
256 -224 0
256 -220 0
256 -216 0
256 -212 0
256 -208 0
256 -204 0
256 -200 0
256 -196 0
256 -192 0
256 -188 0
256 -184 0
256 -180 0
256 -176 0
256 -172 0
256 -168 0
256 -164 0
256 -160 0
256 -156 0
256 -152 0
256 -148 0
256 -144 0
256 -140 0
256 -136 0
256 -132 0
256 -128 0
256 -124 0
256 -120 0
256 -116 0
256 -112 0
256 -108 0
256 -104 0
256 -100 0
256 -96 0
256 -92 0
256 -88 0
256 -84 0
256 -80 0
256 -76 0
256 -72 0
256 -68 0
256 -64 0
256 -60 0
256 -56 0
256 -52 0
256 -48 0
256 -44 0.00025
256 -40 0.002
256 -36 0.00125
256 -32 0.003
256 -28 0.00625
256 -24 0.00675
256 -20 0.01125
256 -16 0.015
256 -12 0.0245
256 -8 0.01975
256 -4 0.023
256 0 0.0215
256 4 0.02575
256 8 0.01975
256 12 0.02075
256 16 0.01575
256 20 0.01225
256 24 0.009
256 28 0.00475
256 32 0.002
256 36 0.00275
256 40 0.0025
256 44 0
256 48 0
256 52 0
256 56 0
256 60 0.00025
256 64 0
256 68 0
256 72 0
256 76 0
256 80 0
256 84 0
256 88 0
256 92 0
256 96 0
256 100 0
256 104 0
256 108 0
256 112 0
256 116 0
256 120 0
256 124 0
256 128 0
256 132 0
256 136 0
256 140 0
256 144 0
256 148 0
256 152 0
256 156 0
256 160 0
256 164 0
256 168 0
256 172 0
256 176 0
256 180 0
256 184 0
256 188 0
256 192 0
256 196 0
256 200 0
256 204 0
256 208 0
256 212 0
256 216 0
256 220 0
256 224 0
256 228 0
256 232 0
256 236 0
256 240 0
256 244 0
256 248 0
256 252 0
256 256 0


512 -512 0
512 -508 0
512 -504 0
512 -500 0
512 -496 0
512 -492 0
512 -488 0
512 -484 0
512 -480 0
512 -476 0
512 -472 0
512 -468 0
512 -464 0
512 -460 0
512 -456 0
512 -452 0
512 -448 0
512 -444 0
512 -440 0
512 -436 0
512 -432 0
512 -428 0
512 -424 0
512 -420 0
512 -416 0
512 -412 0
512 -408 0
512 -404 0
512 -400 0
512 -396 0
512 -392 0
512 -388 0
512 -384 0
512 -380 0
512 -376 0
512 -372 0
512 -368 0
512 -364 0
512 -360 0
512 -356 0
512 -352 0
512 -348 0
512 -344 0
512 -340 0
512 -336 0
512 -332 0
512 -328 0
512 -324 0
512 -320 0
512 -316 0
512 -312 0
512 -308 0
512 -304 0
512 -300 0
512 -296 0
512 -292 0
512 -288 0
512 -284 0
512 -280 0
512 -276 0
512 -272 0
512 -268 0
512 -264 0
512 -260 0
512 -256 0
512 -252 0
512 -248 0
512 -244 0
512 -240 0
512 -236 0
512 -232 0
512 -228 0
512 -224 0
512 -220 0
512 -216 0
512 -212 0
512 -208 0
512 -204 0
512 -200 0
512 -196 0
512 -192 0
512 -188 0
512 -184 0
512 -180 0
512 -176 0
512 -172 0
512 -168 0
512 -164 0
512 -160 0
512 -156 0
512 -152 0
512 -148 0
512 -144 0
512 -140 0
512 -136 0
512 -132 0
512 -128 0
512 -124 0
512 -120 0
512 -116 0
512 -112 0
512 -108 0
512 -104 0
512 -100 0
512 -96 0
512 -92 0
512 -88 0
512 -84 0
512 -80 0.00025
512 -76 0
512 -72 0
512 -68 0.00025
512 -64 0
512 -60 0.0005
512 -56 0.00075
512 -52 0.00125
512 -48 0.00175
512 -44 0.004
512 -40 0.00275
512 -36 0.0045
512 -32 0.00675
512 -28 0.00725
512 -24 0.012
512 -20 0.01475
512 -16 0.01375
512 -12 0.0135
512 -8 0.01525
512 -4 0.01525
512 0 0.01325
512 4 0.0205
512 8 0.02075
512 12 0.01625
512 16 0.015
512 20 0.01075
512 24 0.01
512 28 0.00875
512 32 0.00475
512 36 0.00425
512 40 0.003
512 44 0.003
512 48 0.0025
512 52 0.0005
512 56 0.0005
512 60 0.00025
512 64 0.001
512 68 0.00025
512 72 0.00025
512 76 0
512 80 0
512 84 0
512 88 0
512 92 0
512 96 0
512 100 0
512 104 0
512 108 0
512 112 0
512 116 0
512 120 0
512 124 0
512 128 0
512 132 0
512 136 0
512 140 0
512 144 0
512 148 0
512 152 0
512 156 0
512 160 0
512 164 0
512 168 0
512 172 0
512 176 0
512 180 0
512 184 0
512 188 0
512 192 0
512 196 0
512 200 0
512 204 0
512 208 0
512 212 0
512 216 0
512 220 0
512 224 0
512 228 0
512 232 0
512 236 0
512 240 0
512 244 0
512 248 0
512 252 0
512 256 0
512 260 0
512 264 0
512 268 0
512 272 0
512 276 0
512 280 0
512 284 0
512 288 0
512 292 0
512 296 0
512 300 0
512 304 0
512 308 0
512 312 0
512 316 0
512 320 0
512 324 0
512 328 0
512 332 0
512 336 0
512 340 0
512 344 0
512 348 0
512 352 0
512 356 0
512 360 0
512 364 0
512 368 0
512 372 0
512 376 0
512 380 0
512 384 0
512 388 0
512 392 0
512 396 0
512 400 0
512 404 0
512 408 0
512 412 0
512 416 0
512 420 0
512 424 0
512 428 0
512 432 0
512 436 0
512 440 0
512 444 0
512 448 0
512 452 0
512 456 0
512 460 0
512 464 0
512 468 0
512 472 0
512 476 0
512 480 0
512 484 0
512 488 0
512 492 0
512 496 0
512 500 0
512 504 0
512 508 0
512 512 0


1024 -1024 0
1024 -1020 0
1024 -1016 0
1024 -1012 0
1024 -1008 0
1024 -1004 0
1024 -1000 0
1024 -996 0
1024 -992 0
1024 -988 0
1024 -984 0
1024 -980 0
1024 -976 0
1024 -972 0
1024 -968 0
1024 -964 0
1024 -960 0
1024 -956 0
1024 -952 0
1024 -948 0
1024 -944 0
1024 -940 0
1024 -936 0
1024 -932 0
1024 -928 0
1024 -924 0
1024 -920 0
1024 -916 0
1024 -912 0
1024 -908 0
1024 -904 0
1024 -900 0
1024 -896 0
1024 -892 0
1024 -888 0
1024 -884 0
1024 -880 0
1024 -876 0
1024 -872 0
1024 -868 0
1024 -864 0
1024 -860 0
1024 -856 0
1024 -852 0
1024 -848 0
1024 -844 0
1024 -840 0
1024 -836 0
1024 -832 0
1024 -828 0
1024 -824 0
1024 -820 0
1024 -816 0
1024 -812 0
1024 -808 0
1024 -804 0
1024 -800 0
1024 -796 0
1024 -792 0
1024 -788 0
1024 -784 0
1024 -780 0
1024 -776 0
1024 -772 0
1024 -768 0
1024 -764 0
1024 -760 0
1024 -756 0
1024 -752 0
1024 -748 0
1024 -744 0
1024 -740 0
1024 -736 0
1024 -732 0
1024 -728 0
1024 -724 0
1024 -720 0
1024 -716 0
1024 -712 0
1024 -708 0
1024 -704 0
1024 -700 0
1024 -696 0
1024 -692 0
1024 -688 0
1024 -684 0
1024 -680 0
1024 -676 0
1024 -672 0
1024 -668 0
1024 -664 0
1024 -660 0
1024 -656 0
1024 -652 0
1024 -648 0
1024 -644 0
1024 -640 0
1024 -636 0
1024 -632 0
1024 -628 0
1024 -624 0
1024 -620 0
1024 -616 0
1024 -612 0
1024 -608 0
1024 -604 0
1024 -600 0
1024 -596 0
1024 -592 0
1024 -588 0
1024 -584 0
1024 -580 0
1024 -576 0
1024 -572 0
1024 -568 0
1024 -564 0
1024 -560 0
1024 -556 0
1024 -552 0
1024 -548 0
1024 -544 0
1024 -540 0
1024 -536 0
1024 -532 0
1024 -528 0
1024 -524 0
1024 -520 0
1024 -516 0
1024 -512 0
1024 -508 0
1024 -504 0
1024 -500 0
1024 -496 0
1024 -492 0
1024 -488 0
1024 -484 0
1024 -480 0
1024 -476 0
1024 -472 0
1024 -468 0
1024 -464 0
1024 -460 0
1024 -456 0
1024 -452 0
1024 -448 0
1024 -444 0
1024 -440 0
1024 -436 0
1024 -432 0
1024 -428 0
1024 -424 0
1024 -420 0
1024 -416 0
1024 -412 0
1024 -408 0
1024 -404 0
1024 -400 0
1024 -396 0
1024 -392 0
1024 -388 0
1024 -384 0
1024 -380 0
1024 -376 0
1024 -372 0
1024 -368 0
1024 -364 0
1024 -360 0
1024 -356 0
1024 -352 0
1024 -348 0
1024 -344 0
1024 -340 0
1024 -336 0
1024 -332 0
1024 -328 0
1024 -324 0
1024 -320 0
1024 -316 0
1024 -312 0
1024 -308 0
1024 -304 0
1024 -300 0
1024 -296 0
1024 -292 0
1024 -288 0
1024 -284 0
1024 -280 0
1024 -276 0
1024 -272 0
1024 -268 0
1024 -264 0
1024 -260 0
1024 -256 0
1024 -252 0
1024 -248 0
1024 -244 0
1024 -240 0
1024 -236 0
1024 -232 0
1024 -228 0
1024 -224 0
1024 -220 0
1024 -216 0
1024 -212 0
1024 -208 0
1024 -204 0
1024 -200 0
1024 -196 0
1024 -192 0
1024 -188 0
1024 -184 0
1024 -180 0
1024 -176 0
1024 -172 0
1024 -168 0
1024 -164 0
1024 -160 0
1024 -156 0
1024 -152 0
1024 -148 0
1024 -144 0
1024 -140 0
1024 -136 0
1024 -132 0
1024 -128 0
1024 -124 0
1024 -120 0
1024 -116 0
1024 -112 0
1024 -108 0.0005
1024 -104 0
1024 -100 0.00025
1024 -96 0.00025
1024 -92 0.0005
1024 -88 0
1024 -84 0.0005
1024 -80 0.00025
1024 -76 0.0005
1024 -72 0.00025
1024 -68 0.00225
1024 -64 0.00075
1024 -60 0.00325
1024 -56 0.002
1024 -52 0.00275
1024 -48 0.00375
1024 -44 0.0065
1024 -40 0.00525
1024 -36 0.005
1024 -32 0.0075
1024 -28 0.00775
1024 -24 0.01025
1024 -20 0.008
1024 -16 0.014
1024 -12 0.0105
1024 -8 0.0115
1024 -4 0.014
1024 0 0.012
1024 4 0.01275
1024 8 0.0135
1024 12 0.01125
1024 16 0.00875
1024 20 0.014
1024 24 0.0105
1024 28 0.0085
1024 32 0.00525
1024 36 0.006
1024 40 0.005
1024 44 0.00575
1024 48 0.004
1024 52 0.00425
1024 56 0.0035
1024 60 0.0025
1024 64 0.00125
1024 68 0.00025
1024 72 0.00075
1024 76 0.00075
1024 80 0.0005
1024 84 0
1024 88 0.0005
1024 92 0
1024 96 0.0005
1024 100 0
1024 104 0
1024 108 0
1024 112 0
1024 116 0
1024 120 0
1024 124 0
1024 128 0
1024 132 0
1024 136 0
1024 140 0
1024 144 0
1024 148 0
1024 152 0
1024 156 0
1024 160 0
1024 164 0
1024 168 0
1024 172 0
1024 176 0
1024 180 0
1024 184 0
1024 188 0
1024 192 0
1024 196 0
1024 200 0
1024 204 0
1024 208 0
1024 212 0
1024 216 0
1024 220 0
1024 224 0
1024 228 0
1024 232 0
1024 236 0
1024 240 0
1024 244 0
1024 248 0
1024 252 0
1024 256 0
1024 260 0
1024 264 0
1024 268 0
1024 272 0
1024 276 0
1024 280 0
1024 284 0
1024 288 0
1024 292 0
1024 296 0
1024 300 0
1024 304 0
1024 308 0
1024 312 0
1024 316 0
1024 320 0
1024 324 0
1024 328 0
1024 332 0
1024 336 0
1024 340 0
1024 344 0
1024 348 0
1024 352 0
1024 356 0
1024 360 0
1024 364 0
1024 368 0
1024 372 0
1024 376 0
1024 380 0
1024 384 0
1024 388 0
1024 392 0
1024 396 0
1024 400 0
1024 404 0
1024 408 0
1024 412 0
1024 416 0
1024 420 0
1024 424 0
1024 428 0
1024 432 0
1024 436 0
1024 440 0
1024 444 0
1024 448 0
1024 452 0
1024 456 0
1024 460 0
1024 464 0
1024 468 0
1024 472 0
1024 476 0
1024 480 0
1024 484 0
1024 488 0
1024 492 0
1024 496 0
1024 500 0
1024 504 0
1024 508 0
1024 512 0
1024 516 0
1024 520 0
1024 524 0
1024 528 0
1024 532 0
1024 536 0
1024 540 0
1024 544 0
1024 548 0
1024 552 0
1024 556 0
1024 560 0
1024 564 0
1024 568 0
1024 572 0
1024 576 0
1024 580 0
1024 584 0
1024 588 0
1024 592 0
1024 596 0
1024 600 0
1024 604 0
1024 608 0
1024 612 0
1024 616 0
1024 620 0
1024 624 0
1024 628 0
1024 632 0
1024 636 0
1024 640 0
1024 644 0
1024 648 0
1024 652 0
1024 656 0
1024 660 0
1024 664 0
1024 668 0
1024 672 0
1024 676 0
1024 680 0
1024 684 0
1024 688 0
1024 692 0
1024 696 0
1024 700 0
1024 704 0
1024 708 0
1024 712 0
1024 716 0
1024 720 0
1024 724 0
1024 728 0
1024 732 0
1024 736 0
1024 740 0
1024 744 0
1024 748 0
1024 752 0
1024 756 0
1024 760 0
1024 764 0
1024 768 0
1024 772 0
1024 776 0
1024 780 0
1024 784 0
1024 788 0
1024 792 0
1024 796 0
1024 800 0
1024 804 0
1024 808 0
1024 812 0
1024 816 0
1024 820 0
1024 824 0
1024 828 0
1024 832 0
1024 836 0
1024 840 0
1024 844 0
1024 848 0
1024 852 0
1024 856 0
1024 860 0
1024 864 0
1024 868 0
1024 872 0
1024 876 0
1024 880 0
1024 884 0
1024 888 0
1024 892 0
1024 896 0
1024 900 0
1024 904 0
1024 908 0
1024 912 0
1024 916 0
1024 920 0
1024 924 0
1024 928 0
1024 932 0
1024 936 0
1024 940 0
1024 944 0
1024 948 0
1024 952 0
1024 956 0
1024 960 0
1024 964 0
1024 968 0
1024 972 0
1024 976 0
1024 980 0
1024 984 0
1024 988 0
1024 992 0
1024 996 0
1024 1000 0
1024 1004 0
1024 1008 0
1024 1012 0
1024 1016 0
1024 1020 0
1024 1024 0


2048 -2048 0
2048 -2044 0
2048 -2040 0
2048 -2036 0
2048 -2032 0
2048 -2028 0
2048 -2024 0
2048 -2020 0
2048 -2016 0
2048 -2012 0
2048 -2008 0
2048 -2004 0
2048 -2000 0
2048 -1996 0
2048 -1992 0
2048 -1988 0
2048 -1984 0
2048 -1980 0
2048 -1976 0
2048 -1972 0
2048 -1968 0
2048 -1964 0
2048 -1960 0
2048 -1956 0
2048 -1952 0
2048 -1948 0
2048 -1944 0
2048 -1940 0
2048 -1936 0
2048 -1932 0
2048 -1928 0
2048 -1924 0
2048 -1920 0
2048 -1916 0
2048 -1912 0
2048 -1908 0
2048 -1904 0
2048 -1900 0
2048 -1896 0
2048 -1892 0
2048 -1888 0
2048 -1884 0
2048 -1880 0
2048 -1876 0
2048 -1872 0
2048 -1868 0
2048 -1864 0
2048 -1860 0
2048 -1856 0
2048 -1852 0
2048 -1848 0
2048 -1844 0
2048 -1840 0
2048 -1836 0
2048 -1832 0
2048 -1828 0
2048 -1824 0
2048 -1820 0
2048 -1816 0
2048 -1812 0
2048 -1808 0
2048 -1804 0
2048 -1800 0
2048 -1796 0
2048 -1792 0
2048 -1788 0
2048 -1784 0
2048 -1780 0
2048 -1776 0
2048 -1772 0
2048 -1768 0
2048 -1764 0
2048 -1760 0
2048 -1756 0
2048 -1752 0
2048 -1748 0
2048 -1744 0
2048 -1740 0
2048 -1736 0
2048 -1732 0
2048 -1728 0
2048 -1724 0
2048 -1720 0
2048 -1716 0
2048 -1712 0
2048 -1708 0
2048 -1704 0
2048 -1700 0
2048 -1696 0
2048 -1692 0
2048 -1688 0
2048 -1684 0
2048 -1680 0
2048 -1676 0
2048 -1672 0
2048 -1668 0
2048 -1664 0
2048 -1660 0
2048 -1656 0
2048 -1652 0
2048 -1648 0
2048 -1644 0
2048 -1640 0
2048 -1636 0
2048 -1632 0
2048 -1628 0
2048 -1624 0
2048 -1620 0
2048 -1616 0
2048 -1612 0
2048 -1608 0
2048 -1604 0
2048 -1600 0
2048 -1596 0
2048 -1592 0
2048 -1588 0
2048 -1584 0
2048 -1580 0
2048 -1576 0
2048 -1572 0
2048 -1568 0
2048 -1564 0
2048 -1560 0
2048 -1556 0
2048 -1552 0
2048 -1548 0
2048 -1544 0
2048 -1540 0
2048 -1536 0
2048 -1532 0
2048 -1528 0
2048 -1524 0
2048 -1520 0
2048 -1516 0
2048 -1512 0
2048 -1508 0
2048 -1504 0
2048 -1500 0
2048 -1496 0
2048 -1492 0
2048 -1488 0
2048 -1484 0
2048 -1480 0
2048 -1476 0
2048 -1472 0
2048 -1468 0
2048 -1464 0
2048 -1460 0
2048 -1456 0
2048 -1452 0
2048 -1448 0
2048 -1444 0
2048 -1440 0
2048 -1436 0
2048 -1432 0
2048 -1428 0
2048 -1424 0
2048 -1420 0
2048 -1416 0
2048 -1412 0
2048 -1408 0
2048 -1404 0
2048 -1400 0
2048 -1396 0
2048 -1392 0
2048 -1388 0
2048 -1384 0
2048 -1380 0
2048 -1376 0
2048 -1372 0
2048 -1368 0
2048 -1364 0
2048 -1360 0
2048 -1356 0
2048 -1352 0
2048 -1348 0
2048 -1344 0
2048 -1340 0
2048 -1336 0
2048 -1332 0
2048 -1328 0
2048 -1324 0
2048 -1320 0
2048 -1316 0
2048 -1312 0
2048 -1308 0
2048 -1304 0
2048 -1300 0
2048 -1296 0
2048 -1292 0
2048 -1288 0
2048 -1284 0
2048 -1280 0
2048 -1276 0
2048 -1272 0
2048 -1268 0
2048 -1264 0
2048 -1260 0
2048 -1256 0
2048 -1252 0
2048 -1248 0
2048 -1244 0
2048 -1240 0
2048 -1236 0
2048 -1232 0
2048 -1228 0
2048 -1224 0
2048 -1220 0
2048 -1216 0
2048 -1212 0
2048 -1208 0
2048 -1204 0
2048 -1200 0
2048 -1196 0
2048 -1192 0
2048 -1188 0
2048 -1184 0
2048 -1180 0
2048 -1176 0
2048 -1172 0
2048 -1168 0
2048 -1164 0
2048 -1160 0
2048 -1156 0
2048 -1152 0
2048 -1148 0
2048 -1144 0
2048 -1140 0
2048 -1136 0
2048 -1132 0
2048 -1128 0
2048 -1124 0
2048 -1120 0
2048 -1116 0
2048 -1112 0
2048 -1108 0
2048 -1104 0
2048 -1100 0
2048 -1096 0
2048 -1092 0
2048 -1088 0
2048 -1084 0
2048 -1080 0
2048 -1076 0
2048 -1072 0
2048 -1068 0
2048 -1064 0
2048 -1060 0
2048 -1056 0
2048 -1052 0
2048 -1048 0
2048 -1044 0
2048 -1040 0
2048 -1036 0
2048 -1032 0
2048 -1028 0
2048 -1024 0
2048 -1020 0
2048 -1016 0
2048 -1012 0
2048 -1008 0
2048 -1004 0
2048 -1000 0
2048 -996 0
2048 -992 0
2048 -988 0
2048 -984 0
2048 -980 0
2048 -976 0
2048 -972 0
2048 -968 0
2048 -964 0
2048 -960 0
2048 -956 0
2048 -952 0
2048 -948 0
2048 -944 0
2048 -940 0
2048 -936 0
2048 -932 0
2048 -928 0
2048 -924 0
2048 -920 0
2048 -916 0
2048 -912 0
2048 -908 0
2048 -904 0
2048 -900 0
2048 -896 0
2048 -892 0
2048 -888 0
2048 -884 0
2048 -880 0
2048 -876 0
2048 -872 0
2048 -868 0
2048 -864 0
2048 -860 0
2048 -856 0
2048 -852 0
2048 -848 0
2048 -844 0
2048 -840 0
2048 -836 0
2048 -832 0
2048 -828 0
2048 -824 0
2048 -820 0
2048 -816 0
2048 -812 0
2048 -808 0
2048 -804 0
2048 -800 0
2048 -796 0
2048 -792 0
2048 -788 0
2048 -784 0
2048 -780 0
2048 -776 0
2048 -772 0
2048 -768 0
2048 -764 0
2048 -760 0
2048 -756 0
2048 -752 0
2048 -748 0
2048 -744 0
2048 -740 0
2048 -736 0
2048 -732 0
2048 -728 0
2048 -724 0
2048 -720 0
2048 -716 0
2048 -712 0
2048 -708 0
2048 -704 0
2048 -700 0
2048 -696 0
2048 -692 0
2048 -688 0
2048 -684 0
2048 -680 0
2048 -676 0
2048 -672 0
2048 -668 0
2048 -664 0
2048 -660 0
2048 -656 0
2048 -652 0
2048 -648 0
2048 -644 0
2048 -640 0
2048 -636 0
2048 -632 0
2048 -628 0
2048 -624 0
2048 -620 0
2048 -616 0
2048 -612 0
2048 -608 0
2048 -604 0
2048 -600 0
2048 -596 0
2048 -592 0
2048 -588 0
2048 -584 0
2048 -580 0
2048 -576 0
2048 -572 0
2048 -568 0
2048 -564 0
2048 -560 0
2048 -556 0
2048 -552 0
2048 -548 0
2048 -544 0
2048 -540 0
2048 -536 0
2048 -532 0
2048 -528 0
2048 -524 0
2048 -520 0
2048 -516 0
2048 -512 0
2048 -508 0
2048 -504 0
2048 -500 0
2048 -496 0
2048 -492 0
2048 -488 0
2048 -484 0
2048 -480 0
2048 -476 0
2048 -472 0
2048 -468 0
2048 -464 0
2048 -460 0
2048 -456 0
2048 -452 0
2048 -448 0
2048 -444 0
2048 -440 0
2048 -436 0
2048 -432 0
2048 -428 0
2048 -424 0
2048 -420 0
2048 -416 0
2048 -412 0
2048 -408 0
2048 -404 0
2048 -400 0
2048 -396 0
2048 -392 0
2048 -388 0
2048 -384 0
2048 -380 0
2048 -376 0
2048 -372 0
2048 -368 0
2048 -364 0
2048 -360 0
2048 -356 0
2048 -352 0
2048 -348 0
2048 -344 0
2048 -340 0
2048 -336 0
2048 -332 0
2048 -328 0
2048 -324 0
2048 -320 0
2048 -316 0
2048 -312 0
2048 -308 0
2048 -304 0
2048 -300 0
2048 -296 0
2048 -292 0
2048 -288 0
2048 -284 0
2048 -280 0
2048 -276 0
2048 -272 0
2048 -268 0
2048 -264 0
2048 -260 0
2048 -256 0
2048 -252 0
2048 -248 0
2048 -244 0
2048 -240 0
2048 -236 0
2048 -232 0
2048 -228 0
2048 -224 0
2048 -220 0
2048 -216 0
2048 -212 0
2048 -208 0
2048 -204 0
2048 -200 0
2048 -196 0
2048 -192 0
2048 -188 0
2048 -184 0
2048 -180 0
2048 -176 0
2048 -172 0
2048 -168 0
2048 -164 0
2048 -160 0
2048 -156 0
2048 -152 0.00025
2048 -148 0
2048 -144 0
2048 -140 0
2048 -136 0.00025
2048 -132 0
2048 -128 0.00025
2048 -124 0
2048 -120 0.0005
2048 -116 0.0005
2048 -112 0.0005
2048 -108 0.001
2048 -104 0.00075
2048 -100 0.001
2048 -96 0.00075
2048 -92 0.00075
2048 -88 0.00125
2048 -84 0.0015
2048 -80 0.00325
2048 -76 0.00225
2048 -72 0.0035
2048 -68 0.0025
2048 -64 0.004
2048 -60 0.002
2048 -56 0.003
2048 -52 0.00225
2048 -48 0.00525
2048 -44 0.00525
2048 -40 0.005
2048 -36 0.0055
2048 -32 0.00875
2048 -28 0.007
2048 -24 0.00925
2048 -20 0.006
2048 -16 0.00775
2048 -12 0.00875
2048 -8 0.0085
2048 -4 0.00775
2048 0 0.00775
2048 4 0.0095
2048 8 0.0085
2048 12 0.00925
2048 16 0.00975
2048 20 0.01
2048 24 0.00775
2048 28 0.00625
2048 32 0.005
2048 36 0.0075
2048 40 0.006
2048 44 0.007
2048 48 0.00475
2048 52 0.00425
2048 56 0.00475
2048 60 0.005
2048 64 0.0035
2048 68 0.00225
2048 72 0.00225
2048 76 0.002
2048 80 0.0025
2048 84 0.00125
2048 88 0.0005
2048 92 0.0005
2048 96 0.0015
2048 100 0.00125
2048 104 0.00075
2048 108 0.0005
2048 112 0
2048 116 0.00025
2048 120 0
2048 124 0.00025
2048 128 0.00025
2048 132 0
2048 136 0.00025
2048 140 0.00025
2048 144 0
2048 148 0
2048 152 0
2048 156 0
2048 160 0
2048 164 0
2048 168 0.00025
2048 172 0
2048 176 0
2048 180 0
2048 184 0
2048 188 0
2048 192 0
2048 196 0
2048 200 0
2048 204 0
2048 208 0
2048 212 0
2048 216 0
2048 220 0
2048 224 0
2048 228 0
2048 232 0
2048 236 0
2048 240 0
2048 244 0
2048 248 0
2048 252 0
2048 256 0
2048 260 0
2048 264 0
2048 268 0
2048 272 0
2048 276 0
2048 280 0
2048 284 0
2048 288 0
2048 292 0
2048 296 0
2048 300 0
2048 304 0
2048 308 0
2048 312 0
2048 316 0
2048 320 0
2048 324 0
2048 328 0
2048 332 0
2048 336 0
2048 340 0
2048 344 0
2048 348 0
2048 352 0
2048 356 0
2048 360 0
2048 364 0
2048 368 0
2048 372 0
2048 376 0
2048 380 0
2048 384 0
2048 388 0
2048 392 0
2048 396 0
2048 400 0
2048 404 0
2048 408 0
2048 412 0
2048 416 0
2048 420 0
2048 424 0
2048 428 0
2048 432 0
2048 436 0
2048 440 0
2048 444 0
2048 448 0
2048 452 0
2048 456 0
2048 460 0
2048 464 0
2048 468 0
2048 472 0
2048 476 0
2048 480 0
2048 484 0
2048 488 0
2048 492 0
2048 496 0
2048 500 0
2048 504 0
2048 508 0
2048 512 0
2048 516 0
2048 520 0
2048 524 0
2048 528 0
2048 532 0
2048 536 0
2048 540 0
2048 544 0
2048 548 0
2048 552 0
2048 556 0
2048 560 0
2048 564 0
2048 568 0
2048 572 0
2048 576 0
2048 580 0
2048 584 0
2048 588 0
2048 592 0
2048 596 0
2048 600 0
2048 604 0
2048 608 0
2048 612 0
2048 616 0
2048 620 0
2048 624 0
2048 628 0
2048 632 0
2048 636 0
2048 640 0
2048 644 0
2048 648 0
2048 652 0
2048 656 0
2048 660 0
2048 664 0
2048 668 0
2048 672 0
2048 676 0
2048 680 0
2048 684 0
2048 688 0
2048 692 0
2048 696 0
2048 700 0
2048 704 0
2048 708 0
2048 712 0
2048 716 0
2048 720 0
2048 724 0
2048 728 0
2048 732 0
2048 736 0
2048 740 0
2048 744 0
2048 748 0
2048 752 0
2048 756 0
2048 760 0
2048 764 0
2048 768 0
2048 772 0
2048 776 0
2048 780 0
2048 784 0
2048 788 0
2048 792 0
2048 796 0
2048 800 0
2048 804 0
2048 808 0
2048 812 0
2048 816 0
2048 820 0
2048 824 0
2048 828 0
2048 832 0
2048 836 0
2048 840 0
2048 844 0
2048 848 0
2048 852 0
2048 856 0
2048 860 0
2048 864 0
2048 868 0
2048 872 0
2048 876 0
2048 880 0
2048 884 0
2048 888 0
2048 892 0
2048 896 0
2048 900 0
2048 904 0
2048 908 0
2048 912 0
2048 916 0
2048 920 0
2048 924 0
2048 928 0
2048 932 0
2048 936 0
2048 940 0
2048 944 0
2048 948 0
2048 952 0
2048 956 0
2048 960 0
2048 964 0
2048 968 0
2048 972 0
2048 976 0
2048 980 0
2048 984 0
2048 988 0
2048 992 0
2048 996 0
2048 1000 0
2048 1004 0
2048 1008 0
2048 1012 0
2048 1016 0
2048 1020 0
2048 1024 0
2048 1028 0
2048 1032 0
2048 1036 0
2048 1040 0
2048 1044 0
2048 1048 0
2048 1052 0
2048 1056 0
2048 1060 0
2048 1064 0
2048 1068 0
2048 1072 0
2048 1076 0
2048 1080 0
2048 1084 0
2048 1088 0
2048 1092 0
2048 1096 0
2048 1100 0
2048 1104 0
2048 1108 0
2048 1112 0
2048 1116 0
2048 1120 0
2048 1124 0
2048 1128 0
2048 1132 0
2048 1136 0
2048 1140 0
2048 1144 0
2048 1148 0
2048 1152 0
2048 1156 0
2048 1160 0
2048 1164 0
2048 1168 0
2048 1172 0
2048 1176 0
2048 1180 0
2048 1184 0
2048 1188 0
2048 1192 0
2048 1196 0
2048 1200 0
2048 1204 0
2048 1208 0
2048 1212 0
2048 1216 0
2048 1220 0
2048 1224 0
2048 1228 0
2048 1232 0
2048 1236 0
2048 1240 0
2048 1244 0
2048 1248 0
2048 1252 0
2048 1256 0
2048 1260 0
2048 1264 0
2048 1268 0
2048 1272 0
2048 1276 0
2048 1280 0
2048 1284 0
2048 1288 0
2048 1292 0
2048 1296 0
2048 1300 0
2048 1304 0
2048 1308 0
2048 1312 0
2048 1316 0
2048 1320 0
2048 1324 0
2048 1328 0
2048 1332 0
2048 1336 0
2048 1340 0
2048 1344 0
2048 1348 0
2048 1352 0
2048 1356 0
2048 1360 0
2048 1364 0
2048 1368 0
2048 1372 0
2048 1376 0
2048 1380 0
2048 1384 0
2048 1388 0
2048 1392 0
2048 1396 0
2048 1400 0
2048 1404 0
2048 1408 0
2048 1412 0
2048 1416 0
2048 1420 0
2048 1424 0
2048 1428 0
2048 1432 0
2048 1436 0
2048 1440 0
2048 1444 0
2048 1448 0
2048 1452 0
2048 1456 0
2048 1460 0
2048 1464 0
2048 1468 0
2048 1472 0
2048 1476 0
2048 1480 0
2048 1484 0
2048 1488 0
2048 1492 0
2048 1496 0
2048 1500 0
2048 1504 0
2048 1508 0
2048 1512 0
2048 1516 0
2048 1520 0
2048 1524 0
2048 1528 0
2048 1532 0
2048 1536 0
2048 1540 0
2048 1544 0
2048 1548 0
2048 1552 0
2048 1556 0
2048 1560 0
2048 1564 0
2048 1568 0
2048 1572 0
2048 1576 0
2048 1580 0
2048 1584 0
2048 1588 0
2048 1592 0
2048 1596 0
2048 1600 0
2048 1604 0
2048 1608 0
2048 1612 0
2048 1616 0
2048 1620 0
2048 1624 0
2048 1628 0
2048 1632 0
2048 1636 0
2048 1640 0
2048 1644 0
2048 1648 0
2048 1652 0
2048 1656 0
2048 1660 0
2048 1664 0
2048 1668 0
2048 1672 0
2048 1676 0
2048 1680 0
2048 1684 0
2048 1688 0
2048 1692 0
2048 1696 0
2048 1700 0
2048 1704 0
2048 1708 0
2048 1712 0
2048 1716 0
2048 1720 0
2048 1724 0
2048 1728 0
2048 1732 0
2048 1736 0
2048 1740 0
2048 1744 0
2048 1748 0
2048 1752 0
2048 1756 0
2048 1760 0
2048 1764 0
2048 1768 0
2048 1772 0
2048 1776 0
2048 1780 0
2048 1784 0
2048 1788 0
2048 1792 0
2048 1796 0
2048 1800 0
2048 1804 0
2048 1808 0
2048 1812 0
2048 1816 0
2048 1820 0
2048 1824 0
2048 1828 0
2048 1832 0
2048 1836 0
2048 1840 0
2048 1844 0
2048 1848 0
2048 1852 0
2048 1856 0
2048 1860 0
2048 1864 0
2048 1868 0
2048 1872 0
2048 1876 0
2048 1880 0
2048 1884 0
2048 1888 0
2048 1892 0
2048 1896 0
2048 1900 0
2048 1904 0
2048 1908 0
2048 1912 0
2048 1916 0
2048 1920 0
2048 1924 0
2048 1928 0
2048 1932 0
2048 1936 0
2048 1940 0
2048 1944 0
2048 1948 0
2048 1952 0
2048 1956 0
2048 1960 0
2048 1964 0
2048 1968 0
2048 1972 0
2048 1976 0
2048 1980 0
2048 1984 0
2048 1988 0
2048 1992 0
2048 1996 0
2048 2000 0
2048 2004 0
2048 2008 0
2048 2012 0
2048 2016 0
2048 2020 0
2048 2024 0
2048 2028 0
2048 2032 0
2048 2036 0
2048 2040 0
2048 2044 0
2048 2048 0


4096 -4096 0
4096 -4092 0
4096 -4088 0
4096 -4084 0
4096 -4080 0
4096 -4076 0
4096 -4072 0
4096 -4068 0
4096 -4064 0
4096 -4060 0
4096 -4056 0
4096 -4052 0
4096 -4048 0
4096 -4044 0
4096 -4040 0
4096 -4036 0
4096 -4032 0
4096 -4028 0
4096 -4024 0
4096 -4020 0
4096 -4016 0
4096 -4012 0
4096 -4008 0
4096 -4004 0
4096 -4000 0
4096 -3996 0
4096 -3992 0
4096 -3988 0
4096 -3984 0
4096 -3980 0
4096 -3976 0
4096 -3972 0
4096 -3968 0
4096 -3964 0
4096 -3960 0
4096 -3956 0
4096 -3952 0
4096 -3948 0
4096 -3944 0
4096 -3940 0
4096 -3936 0
4096 -3932 0
4096 -3928 0
4096 -3924 0
4096 -3920 0
4096 -3916 0
4096 -3912 0
4096 -3908 0
4096 -3904 0
4096 -3900 0
4096 -3896 0
4096 -3892 0
4096 -3888 0
4096 -3884 0
4096 -3880 0
4096 -3876 0
4096 -3872 0
4096 -3868 0
4096 -3864 0
4096 -3860 0
4096 -3856 0
4096 -3852 0
4096 -3848 0
4096 -3844 0
4096 -3840 0
4096 -3836 0
4096 -3832 0
4096 -3828 0
4096 -3824 0
4096 -3820 0
4096 -3816 0
4096 -3812 0
4096 -3808 0
4096 -3804 0
4096 -3800 0
4096 -3796 0
4096 -3792 0
4096 -3788 0
4096 -3784 0
4096 -3780 0
4096 -3776 0
4096 -3772 0
4096 -3768 0
4096 -3764 0
4096 -3760 0
4096 -3756 0
4096 -3752 0
4096 -3748 0
4096 -3744 0
4096 -3740 0
4096 -3736 0
4096 -3732 0
4096 -3728 0
4096 -3724 0
4096 -3720 0
4096 -3716 0
4096 -3712 0
4096 -3708 0
4096 -3704 0
4096 -3700 0
4096 -3696 0
4096 -3692 0
4096 -3688 0
4096 -3684 0
4096 -3680 0
4096 -3676 0
4096 -3672 0
4096 -3668 0
4096 -3664 0
4096 -3660 0
4096 -3656 0
4096 -3652 0
4096 -3648 0
4096 -3644 0
4096 -3640 0
4096 -3636 0
4096 -3632 0
4096 -3628 0
4096 -3624 0
4096 -3620 0
4096 -3616 0
4096 -3612 0
4096 -3608 0
4096 -3604 0
4096 -3600 0
4096 -3596 0
4096 -3592 0
4096 -3588 0
4096 -3584 0
4096 -3580 0
4096 -3576 0
4096 -3572 0
4096 -3568 0
4096 -3564 0
4096 -3560 0
4096 -3556 0
4096 -3552 0
4096 -3548 0
4096 -3544 0
4096 -3540 0
4096 -3536 0
4096 -3532 0
4096 -3528 0
4096 -3524 0
4096 -3520 0
4096 -3516 0
4096 -3512 0
4096 -3508 0
4096 -3504 0
4096 -3500 0
4096 -3496 0
4096 -3492 0
4096 -3488 0
4096 -3484 0
4096 -3480 0
4096 -3476 0
4096 -3472 0
4096 -3468 0
4096 -3464 0
4096 -3460 0
4096 -3456 0
4096 -3452 0
4096 -3448 0
4096 -3444 0
4096 -3440 0
4096 -3436 0
4096 -3432 0
4096 -3428 0
4096 -3424 0
4096 -3420 0
4096 -3416 0
4096 -3412 0
4096 -3408 0
4096 -3404 0
4096 -3400 0
4096 -3396 0
4096 -3392 0
4096 -3388 0
4096 -3384 0
4096 -3380 0
4096 -3376 0
4096 -3372 0
4096 -3368 0
4096 -3364 0
4096 -3360 0
4096 -3356 0
4096 -3352 0
4096 -3348 0
4096 -3344 0
4096 -3340 0
4096 -3336 0
4096 -3332 0
4096 -3328 0
4096 -3324 0
4096 -3320 0
4096 -3316 0
4096 -3312 0
4096 -3308 0
4096 -3304 0
4096 -3300 0
4096 -3296 0
4096 -3292 0
4096 -3288 0
4096 -3284 0
4096 -3280 0
4096 -3276 0
4096 -3272 0
4096 -3268 0
4096 -3264 0
4096 -3260 0
4096 -3256 0
4096 -3252 0
4096 -3248 0
4096 -3244 0
4096 -3240 0
4096 -3236 0
4096 -3232 0
4096 -3228 0
4096 -3224 0
4096 -3220 0
4096 -3216 0
4096 -3212 0
4096 -3208 0
4096 -3204 0
4096 -3200 0
4096 -3196 0
4096 -3192 0
4096 -3188 0
4096 -3184 0
4096 -3180 0
4096 -3176 0
4096 -3172 0
4096 -3168 0
4096 -3164 0
4096 -3160 0
4096 -3156 0
4096 -3152 0
4096 -3148 0
4096 -3144 0
4096 -3140 0
4096 -3136 0
4096 -3132 0
4096 -3128 0
4096 -3124 0
4096 -3120 0
4096 -3116 0
4096 -3112 0
4096 -3108 0
4096 -3104 0
4096 -3100 0
4096 -3096 0
4096 -3092 0
4096 -3088 0
4096 -3084 0
4096 -3080 0
4096 -3076 0
4096 -3072 0
4096 -3068 0
4096 -3064 0
4096 -3060 0
4096 -3056 0
4096 -3052 0
4096 -3048 0
4096 -3044 0
4096 -3040 0
4096 -3036 0
4096 -3032 0
4096 -3028 0
4096 -3024 0
4096 -3020 0
4096 -3016 0
4096 -3012 0
4096 -3008 0
4096 -3004 0
4096 -3000 0
4096 -2996 0
4096 -2992 0
4096 -2988 0
4096 -2984 0
4096 -2980 0
4096 -2976 0
4096 -2972 0
4096 -2968 0
4096 -2964 0
4096 -2960 0
4096 -2956 0
4096 -2952 0
4096 -2948 0
4096 -2944 0
4096 -2940 0
4096 -2936 0
4096 -2932 0
4096 -2928 0
4096 -2924 0
4096 -2920 0
4096 -2916 0
4096 -2912 0
4096 -2908 0
4096 -2904 0
4096 -2900 0
4096 -2896 0
4096 -2892 0
4096 -2888 0
4096 -2884 0
4096 -2880 0
4096 -2876 0
4096 -2872 0
4096 -2868 0
4096 -2864 0
4096 -2860 0
4096 -2856 0
4096 -2852 0
4096 -2848 0
4096 -2844 0
4096 -2840 0
4096 -2836 0
4096 -2832 0
4096 -2828 0
4096 -2824 0
4096 -2820 0
4096 -2816 0
4096 -2812 0
4096 -2808 0
4096 -2804 0
4096 -2800 0
4096 -2796 0
4096 -2792 0
4096 -2788 0
4096 -2784 0
4096 -2780 0
4096 -2776 0
4096 -2772 0
4096 -2768 0
4096 -2764 0
4096 -2760 0
4096 -2756 0
4096 -2752 0
4096 -2748 0
4096 -2744 0
4096 -2740 0
4096 -2736 0
4096 -2732 0
4096 -2728 0
4096 -2724 0
4096 -2720 0
4096 -2716 0
4096 -2712 0
4096 -2708 0
4096 -2704 0
4096 -2700 0
4096 -2696 0
4096 -2692 0
4096 -2688 0
4096 -2684 0
4096 -2680 0
4096 -2676 0
4096 -2672 0
4096 -2668 0
4096 -2664 0
4096 -2660 0
4096 -2656 0
4096 -2652 0
4096 -2648 0
4096 -2644 0
4096 -2640 0
4096 -2636 0
4096 -2632 0
4096 -2628 0
4096 -2624 0
4096 -2620 0
4096 -2616 0
4096 -2612 0
4096 -2608 0
4096 -2604 0
4096 -2600 0
4096 -2596 0
4096 -2592 0
4096 -2588 0
4096 -2584 0
4096 -2580 0
4096 -2576 0
4096 -2572 0
4096 -2568 0
4096 -2564 0
4096 -2560 0
4096 -2556 0
4096 -2552 0
4096 -2548 0
4096 -2544 0
4096 -2540 0
4096 -2536 0
4096 -2532 0
4096 -2528 0
4096 -2524 0
4096 -2520 0
4096 -2516 0
4096 -2512 0
4096 -2508 0
4096 -2504 0
4096 -2500 0
4096 -2496 0
4096 -2492 0
4096 -2488 0
4096 -2484 0
4096 -2480 0
4096 -2476 0
4096 -2472 0
4096 -2468 0
4096 -2464 0
4096 -2460 0
4096 -2456 0
4096 -2452 0
4096 -2448 0
4096 -2444 0
4096 -2440 0
4096 -2436 0
4096 -2432 0
4096 -2428 0
4096 -2424 0
4096 -2420 0
4096 -2416 0
4096 -2412 0
4096 -2408 0
4096 -2404 0
4096 -2400 0
4096 -2396 0
4096 -2392 0
4096 -2388 0
4096 -2384 0
4096 -2380 0
4096 -2376 0
4096 -2372 0
4096 -2368 0
4096 -2364 0
4096 -2360 0
4096 -2356 0
4096 -2352 0
4096 -2348 0
4096 -2344 0
4096 -2340 0
4096 -2336 0
4096 -2332 0
4096 -2328 0
4096 -2324 0
4096 -2320 0
4096 -2316 0
4096 -2312 0
4096 -2308 0
4096 -2304 0
4096 -2300 0
4096 -2296 0
4096 -2292 0
4096 -2288 0
4096 -2284 0
4096 -2280 0
4096 -2276 0
4096 -2272 0
4096 -2268 0
4096 -2264 0
4096 -2260 0
4096 -2256 0
4096 -2252 0
4096 -2248 0
4096 -2244 0
4096 -2240 0
4096 -2236 0
4096 -2232 0
4096 -2228 0
4096 -2224 0
4096 -2220 0
4096 -2216 0
4096 -2212 0
4096 -2208 0
4096 -2204 0
4096 -2200 0
4096 -2196 0
4096 -2192 0
4096 -2188 0
4096 -2184 0
4096 -2180 0
4096 -2176 0
4096 -2172 0
4096 -2168 0
4096 -2164 0
4096 -2160 0
4096 -2156 0
4096 -2152 0
4096 -2148 0
4096 -2144 0
4096 -2140 0
4096 -2136 0
4096 -2132 0
4096 -2128 0
4096 -2124 0
4096 -2120 0
4096 -2116 0
4096 -2112 0
4096 -2108 0
4096 -2104 0
4096 -2100 0
4096 -2096 0
4096 -2092 0
4096 -2088 0
4096 -2084 0
4096 -2080 0
4096 -2076 0
4096 -2072 0
4096 -2068 0
4096 -2064 0
4096 -2060 0
4096 -2056 0
4096 -2052 0
4096 -2048 0
4096 -2044 0
4096 -2040 0
4096 -2036 0
4096 -2032 0
4096 -2028 0
4096 -2024 0
4096 -2020 0
4096 -2016 0
4096 -2012 0
4096 -2008 0
4096 -2004 0
4096 -2000 0
4096 -1996 0
4096 -1992 0
4096 -1988 0
4096 -1984 0
4096 -1980 0
4096 -1976 0
4096 -1972 0
4096 -1968 0
4096 -1964 0
4096 -1960 0
4096 -1956 0
4096 -1952 0
4096 -1948 0
4096 -1944 0
4096 -1940 0
4096 -1936 0
4096 -1932 0
4096 -1928 0
4096 -1924 0
4096 -1920 0
4096 -1916 0
4096 -1912 0
4096 -1908 0
4096 -1904 0
4096 -1900 0
4096 -1896 0
4096 -1892 0
4096 -1888 0
4096 -1884 0
4096 -1880 0
4096 -1876 0
4096 -1872 0
4096 -1868 0
4096 -1864 0
4096 -1860 0
4096 -1856 0
4096 -1852 0
4096 -1848 0
4096 -1844 0
4096 -1840 0
4096 -1836 0
4096 -1832 0
4096 -1828 0
4096 -1824 0
4096 -1820 0
4096 -1816 0
4096 -1812 0
4096 -1808 0
4096 -1804 0
4096 -1800 0
4096 -1796 0
4096 -1792 0
4096 -1788 0
4096 -1784 0
4096 -1780 0
4096 -1776 0
4096 -1772 0
4096 -1768 0
4096 -1764 0
4096 -1760 0
4096 -1756 0
4096 -1752 0
4096 -1748 0
4096 -1744 0
4096 -1740 0
4096 -1736 0
4096 -1732 0
4096 -1728 0
4096 -1724 0
4096 -1720 0
4096 -1716 0
4096 -1712 0
4096 -1708 0
4096 -1704 0
4096 -1700 0
4096 -1696 0
4096 -1692 0
4096 -1688 0
4096 -1684 0
4096 -1680 0
4096 -1676 0
4096 -1672 0
4096 -1668 0
4096 -1664 0
4096 -1660 0
4096 -1656 0
4096 -1652 0
4096 -1648 0
4096 -1644 0
4096 -1640 0
4096 -1636 0
4096 -1632 0
4096 -1628 0
4096 -1624 0
4096 -1620 0
4096 -1616 0
4096 -1612 0
4096 -1608 0
4096 -1604 0
4096 -1600 0
4096 -1596 0
4096 -1592 0
4096 -1588 0
4096 -1584 0
4096 -1580 0
4096 -1576 0
4096 -1572 0
4096 -1568 0
4096 -1564 0
4096 -1560 0
4096 -1556 0
4096 -1552 0
4096 -1548 0
4096 -1544 0
4096 -1540 0
4096 -1536 0
4096 -1532 0
4096 -1528 0
4096 -1524 0
4096 -1520 0
4096 -1516 0
4096 -1512 0
4096 -1508 0
4096 -1504 0
4096 -1500 0
4096 -1496 0
4096 -1492 0
4096 -1488 0
4096 -1484 0
4096 -1480 0
4096 -1476 0
4096 -1472 0
4096 -1468 0
4096 -1464 0
4096 -1460 0
4096 -1456 0
4096 -1452 0
4096 -1448 0
4096 -1444 0
4096 -1440 0
4096 -1436 0
4096 -1432 0
4096 -1428 0
4096 -1424 0
4096 -1420 0
4096 -1416 0
4096 -1412 0
4096 -1408 0
4096 -1404 0
4096 -1400 0
4096 -1396 0
4096 -1392 0
4096 -1388 0
4096 -1384 0
4096 -1380 0
4096 -1376 0
4096 -1372 0
4096 -1368 0
4096 -1364 0
4096 -1360 0
4096 -1356 0
4096 -1352 0
4096 -1348 0
4096 -1344 0
4096 -1340 0
4096 -1336 0
4096 -1332 0
4096 -1328 0
4096 -1324 0
4096 -1320 0
4096 -1316 0
4096 -1312 0
4096 -1308 0
4096 -1304 0
4096 -1300 0
4096 -1296 0
4096 -1292 0
4096 -1288 0
4096 -1284 0
4096 -1280 0
4096 -1276 0
4096 -1272 0
4096 -1268 0
4096 -1264 0
4096 -1260 0
4096 -1256 0
4096 -1252 0
4096 -1248 0
4096 -1244 0
4096 -1240 0
4096 -1236 0
4096 -1232 0
4096 -1228 0
4096 -1224 0
4096 -1220 0
4096 -1216 0
4096 -1212 0
4096 -1208 0
4096 -1204 0
4096 -1200 0
4096 -1196 0
4096 -1192 0
4096 -1188 0
4096 -1184 0
4096 -1180 0
4096 -1176 0
4096 -1172 0
4096 -1168 0
4096 -1164 0
4096 -1160 0
4096 -1156 0
4096 -1152 0
4096 -1148 0
4096 -1144 0
4096 -1140 0
4096 -1136 0
4096 -1132 0
4096 -1128 0
4096 -1124 0
4096 -1120 0
4096 -1116 0
4096 -1112 0
4096 -1108 0
4096 -1104 0
4096 -1100 0
4096 -1096 0
4096 -1092 0
4096 -1088 0
4096 -1084 0
4096 -1080 0
4096 -1076 0
4096 -1072 0
4096 -1068 0
4096 -1064 0
4096 -1060 0
4096 -1056 0
4096 -1052 0
4096 -1048 0
4096 -1044 0
4096 -1040 0
4096 -1036 0
4096 -1032 0
4096 -1028 0
4096 -1024 0
4096 -1020 0
4096 -1016 0
4096 -1012 0
4096 -1008 0
4096 -1004 0
4096 -1000 0
4096 -996 0
4096 -992 0
4096 -988 0
4096 -984 0
4096 -980 0
4096 -976 0
4096 -972 0
4096 -968 0
4096 -964 0
4096 -960 0
4096 -956 0
4096 -952 0
4096 -948 0
4096 -944 0
4096 -940 0
4096 -936 0
4096 -932 0
4096 -928 0
4096 -924 0
4096 -920 0
4096 -916 0
4096 -912 0
4096 -908 0
4096 -904 0
4096 -900 0
4096 -896 0
4096 -892 0
4096 -888 0
4096 -884 0
4096 -880 0
4096 -876 0
4096 -872 0
4096 -868 0
4096 -864 0
4096 -860 0
4096 -856 0
4096 -852 0
4096 -848 0
4096 -844 0
4096 -840 0
4096 -836 0
4096 -832 0
4096 -828 0
4096 -824 0
4096 -820 0
4096 -816 0
4096 -812 0
4096 -808 0
4096 -804 0
4096 -800 0
4096 -796 0
4096 -792 0
4096 -788 0
4096 -784 0
4096 -780 0
4096 -776 0
4096 -772 0
4096 -768 0
4096 -764 0
4096 -760 0
4096 -756 0
4096 -752 0
4096 -748 0
4096 -744 0
4096 -740 0
4096 -736 0
4096 -732 0
4096 -728 0
4096 -724 0
4096 -720 0
4096 -716 0
4096 -712 0
4096 -708 0
4096 -704 0
4096 -700 0
4096 -696 0
4096 -692 0
4096 -688 0
4096 -684 0
4096 -680 0
4096 -676 0
4096 -672 0
4096 -668 0
4096 -664 0
4096 -660 0
4096 -656 0
4096 -652 0
4096 -648 0
4096 -644 0
4096 -640 0
4096 -636 0
4096 -632 0
4096 -628 0
4096 -624 0
4096 -620 0
4096 -616 0
4096 -612 0
4096 -608 0
4096 -604 0
4096 -600 0
4096 -596 0
4096 -592 0
4096 -588 0
4096 -584 0
4096 -580 0
4096 -576 0
4096 -572 0
4096 -568 0
4096 -564 0
4096 -560 0
4096 -556 0
4096 -552 0
4096 -548 0
4096 -544 0
4096 -540 0
4096 -536 0
4096 -532 0
4096 -528 0
4096 -524 0
4096 -520 0
4096 -516 0
4096 -512 0
4096 -508 0
4096 -504 0
4096 -500 0
4096 -496 0
4096 -492 0
4096 -488 0
4096 -484 0
4096 -480 0
4096 -476 0
4096 -472 0
4096 -468 0
4096 -464 0
4096 -460 0
4096 -456 0
4096 -452 0
4096 -448 0
4096 -444 0
4096 -440 0
4096 -436 0
4096 -432 0
4096 -428 0
4096 -424 0
4096 -420 0
4096 -416 0
4096 -412 0
4096 -408 0
4096 -404 0
4096 -400 0
4096 -396 0
4096 -392 0
4096 -388 0
4096 -384 0
4096 -380 0
4096 -376 0
4096 -372 0
4096 -368 0
4096 -364 0
4096 -360 0
4096 -356 0
4096 -352 0
4096 -348 0
4096 -344 0
4096 -340 0
4096 -336 0
4096 -332 0
4096 -328 0
4096 -324 0
4096 -320 0
4096 -316 0
4096 -312 0
4096 -308 0
4096 -304 0
4096 -300 0
4096 -296 0
4096 -292 0
4096 -288 0
4096 -284 0
4096 -280 0
4096 -276 0
4096 -272 0
4096 -268 0
4096 -264 0
4096 -260 0
4096 -256 0
4096 -252 0
4096 -248 0
4096 -244 0
4096 -240 0
4096 -236 0
4096 -232 0
4096 -228 0
4096 -224 0.00025
4096 -220 0
4096 -216 0
4096 -212 0
4096 -208 0.00025
4096 -204 0.00025
4096 -200 0
4096 -196 0
4096 -192 0
4096 -188 0.00025
4096 -184 0
4096 -180 0
4096 -176 0
4096 -172 0
4096 -168 0
4096 -164 0.0005
4096 -160 0.00025
4096 -156 0.0005
4096 -152 0
4096 -148 0.00075
4096 -144 0.00125
4096 -140 0.0005
4096 -136 0.001
4096 -132 0.0015
4096 -128 0.0005
4096 -124 0.00175
4096 -120 0.00225
4096 -116 0.001
4096 -112 0.002
4096 -108 0.0015
4096 -104 0.00125
4096 -100 0.0025
4096 -96 0.00225
4096 -92 0.002
4096 -88 0.003
4096 -84 0.0025
4096 -80 0.0035
4096 -76 0.0025
4096 -72 0.00525
4096 -68 0.004
4096 -64 0.00375
4096 -60 0.0035
4096 -56 0.00575
4096 -52 0.00425
4096 -48 0.0025
4096 -44 0.00375
4096 -40 0.005
4096 -36 0.00425
4096 -32 0.00475
4096 -28 0.00825
4096 -24 0.0055
4096 -20 0.004
4096 -16 0.006
4096 -12 0.00625
4096 -8 0.00625
4096 -4 0.00575
4096 0 0.0055
4096 4 0.00575
4096 8 0.00475
4096 12 0.0085
4096 16 0.00575
4096 20 0.00475
4096 24 0.00625
4096 28 0.00575
4096 32 0.00525
4096 36 0.00625
4096 40 0.00475
4096 44 0.005
4096 48 0.0035
4096 52 0.00425
4096 56 0.00525
4096 60 0.00325
4096 64 0.004
4096 68 0.00275
4096 72 0.00275
4096 76 0.00475
4096 80 0.00275
4096 84 0.003
4096 88 0.002
4096 92 0.00225
4096 96 0.002
4096 100 0.00125
4096 104 0.002
4096 108 0.00125
4096 112 0.0015
4096 116 0.00175
4096 120 0.00075
4096 124 0.00125
4096 128 0.00025
4096 132 0.001
4096 136 0
4096 140 0.0005
4096 144 0.0005
4096 148 0.00025
4096 152 0.0005
4096 156 0
4096 160 0.00025
4096 164 0.00025
4096 168 0.00025
4096 172 0
4096 176 0.00025
4096 180 0.0005
4096 184 0
4096 188 0.00025
4096 192 0
4096 196 0
4096 200 0.00025
4096 204 0
4096 208 0
4096 212 0
4096 216 0
4096 220 0
4096 224 0
4096 228 0
4096 232 0
4096 236 0
4096 240 0
4096 244 0
4096 248 0
4096 252 0
4096 256 0
4096 260 0
4096 264 0
4096 268 0
4096 272 0
4096 276 0
4096 280 0
4096 284 0
4096 288 0
4096 292 0
4096 296 0
4096 300 0
4096 304 0
4096 308 0
4096 312 0
4096 316 0
4096 320 0
4096 324 0
4096 328 0
4096 332 0
4096 336 0
4096 340 0
4096 344 0
4096 348 0
4096 352 0
4096 356 0
4096 360 0
4096 364 0
4096 368 0
4096 372 0
4096 376 0
4096 380 0
4096 384 0
4096 388 0
4096 392 0
4096 396 0
4096 400 0
4096 404 0
4096 408 0
4096 412 0
4096 416 0
4096 420 0
4096 424 0
4096 428 0
4096 432 0
4096 436 0
4096 440 0
4096 444 0
4096 448 0
4096 452 0
4096 456 0
4096 460 0
4096 464 0
4096 468 0
4096 472 0
4096 476 0
4096 480 0
4096 484 0
4096 488 0
4096 492 0
4096 496 0
4096 500 0
4096 504 0
4096 508 0
4096 512 0
4096 516 0
4096 520 0
4096 524 0
4096 528 0
4096 532 0
4096 536 0
4096 540 0
4096 544 0
4096 548 0
4096 552 0
4096 556 0
4096 560 0
4096 564 0
4096 568 0
4096 572 0
4096 576 0
4096 580 0
4096 584 0
4096 588 0
4096 592 0
4096 596 0
4096 600 0
4096 604 0
4096 608 0
4096 612 0
4096 616 0
4096 620 0
4096 624 0
4096 628 0
4096 632 0
4096 636 0
4096 640 0
4096 644 0
4096 648 0
4096 652 0
4096 656 0
4096 660 0
4096 664 0
4096 668 0
4096 672 0
4096 676 0
4096 680 0
4096 684 0
4096 688 0
4096 692 0
4096 696 0
4096 700 0
4096 704 0
4096 708 0
4096 712 0
4096 716 0
4096 720 0
4096 724 0
4096 728 0
4096 732 0
4096 736 0
4096 740 0
4096 744 0
4096 748 0
4096 752 0
4096 756 0
4096 760 0
4096 764 0
4096 768 0
4096 772 0
4096 776 0
4096 780 0
4096 784 0
4096 788 0
4096 792 0
4096 796 0
4096 800 0
4096 804 0
4096 808 0
4096 812 0
4096 816 0
4096 820 0
4096 824 0
4096 828 0
4096 832 0
4096 836 0
4096 840 0
4096 844 0
4096 848 0
4096 852 0
4096 856 0
4096 860 0
4096 864 0
4096 868 0
4096 872 0
4096 876 0
4096 880 0
4096 884 0
4096 888 0
4096 892 0
4096 896 0
4096 900 0
4096 904 0
4096 908 0
4096 912 0
4096 916 0
4096 920 0
4096 924 0
4096 928 0
4096 932 0
4096 936 0
4096 940 0
4096 944 0
4096 948 0
4096 952 0
4096 956 0
4096 960 0
4096 964 0
4096 968 0
4096 972 0
4096 976 0
4096 980 0
4096 984 0
4096 988 0
4096 992 0
4096 996 0
4096 1000 0
4096 1004 0
4096 1008 0
4096 1012 0
4096 1016 0
4096 1020 0
4096 1024 0
4096 1028 0
4096 1032 0
4096 1036 0
4096 1040 0
4096 1044 0
4096 1048 0
4096 1052 0
4096 1056 0
4096 1060 0
4096 1064 0
4096 1068 0
4096 1072 0
4096 1076 0
4096 1080 0
4096 1084 0
4096 1088 0
4096 1092 0
4096 1096 0
4096 1100 0
4096 1104 0
4096 1108 0
4096 1112 0
4096 1116 0
4096 1120 0
4096 1124 0
4096 1128 0
4096 1132 0
4096 1136 0
4096 1140 0
4096 1144 0
4096 1148 0
4096 1152 0
4096 1156 0
4096 1160 0
4096 1164 0
4096 1168 0
4096 1172 0
4096 1176 0
4096 1180 0
4096 1184 0
4096 1188 0
4096 1192 0
4096 1196 0
4096 1200 0
4096 1204 0
4096 1208 0
4096 1212 0
4096 1216 0
4096 1220 0
4096 1224 0
4096 1228 0
4096 1232 0
4096 1236 0
4096 1240 0
4096 1244 0
4096 1248 0
4096 1252 0
4096 1256 0
4096 1260 0
4096 1264 0
4096 1268 0
4096 1272 0
4096 1276 0
4096 1280 0
4096 1284 0
4096 1288 0
4096 1292 0
4096 1296 0
4096 1300 0
4096 1304 0
4096 1308 0
4096 1312 0
4096 1316 0
4096 1320 0
4096 1324 0
4096 1328 0
4096 1332 0
4096 1336 0
4096 1340 0
4096 1344 0
4096 1348 0
4096 1352 0
4096 1356 0
4096 1360 0
4096 1364 0
4096 1368 0
4096 1372 0
4096 1376 0
4096 1380 0
4096 1384 0
4096 1388 0
4096 1392 0
4096 1396 0
4096 1400 0
4096 1404 0
4096 1408 0
4096 1412 0
4096 1416 0
4096 1420 0
4096 1424 0
4096 1428 0
4096 1432 0
4096 1436 0
4096 1440 0
4096 1444 0
4096 1448 0
4096 1452 0
4096 1456 0
4096 1460 0
4096 1464 0
4096 1468 0
4096 1472 0
4096 1476 0
4096 1480 0
4096 1484 0
4096 1488 0
4096 1492 0
4096 1496 0
4096 1500 0
4096 1504 0
4096 1508 0
4096 1512 0
4096 1516 0
4096 1520 0
4096 1524 0
4096 1528 0
4096 1532 0
4096 1536 0
4096 1540 0
4096 1544 0
4096 1548 0
4096 1552 0
4096 1556 0
4096 1560 0
4096 1564 0
4096 1568 0
4096 1572 0
4096 1576 0
4096 1580 0
4096 1584 0
4096 1588 0
4096 1592 0
4096 1596 0
4096 1600 0
4096 1604 0
4096 1608 0
4096 1612 0
4096 1616 0
4096 1620 0
4096 1624 0
4096 1628 0
4096 1632 0
4096 1636 0
4096 1640 0
4096 1644 0
4096 1648 0
4096 1652 0
4096 1656 0
4096 1660 0
4096 1664 0
4096 1668 0
4096 1672 0
4096 1676 0
4096 1680 0
4096 1684 0
4096 1688 0
4096 1692 0
4096 1696 0
4096 1700 0
4096 1704 0
4096 1708 0
4096 1712 0
4096 1716 0
4096 1720 0
4096 1724 0
4096 1728 0
4096 1732 0
4096 1736 0
4096 1740 0
4096 1744 0
4096 1748 0
4096 1752 0
4096 1756 0
4096 1760 0
4096 1764 0
4096 1768 0
4096 1772 0
4096 1776 0
4096 1780 0
4096 1784 0
4096 1788 0
4096 1792 0
4096 1796 0
4096 1800 0
4096 1804 0
4096 1808 0
4096 1812 0
4096 1816 0
4096 1820 0
4096 1824 0
4096 1828 0
4096 1832 0
4096 1836 0
4096 1840 0
4096 1844 0
4096 1848 0
4096 1852 0
4096 1856 0
4096 1860 0
4096 1864 0
4096 1868 0
4096 1872 0
4096 1876 0
4096 1880 0
4096 1884 0
4096 1888 0
4096 1892 0
4096 1896 0
4096 1900 0
4096 1904 0
4096 1908 0
4096 1912 0
4096 1916 0
4096 1920 0
4096 1924 0
4096 1928 0
4096 1932 0
4096 1936 0
4096 1940 0
4096 1944 0
4096 1948 0
4096 1952 0
4096 1956 0
4096 1960 0
4096 1964 0
4096 1968 0
4096 1972 0
4096 1976 0
4096 1980 0
4096 1984 0
4096 1988 0
4096 1992 0
4096 1996 0
4096 2000 0
4096 2004 0
4096 2008 0
4096 2012 0
4096 2016 0
4096 2020 0
4096 2024 0
4096 2028 0
4096 2032 0
4096 2036 0
4096 2040 0
4096 2044 0
4096 2048 0
4096 2052 0
4096 2056 0
4096 2060 0
4096 2064 0
4096 2068 0
4096 2072 0
4096 2076 0
4096 2080 0
4096 2084 0
4096 2088 0
4096 2092 0
4096 2096 0
4096 2100 0
4096 2104 0
4096 2108 0
4096 2112 0
4096 2116 0
4096 2120 0
4096 2124 0
4096 2128 0
4096 2132 0
4096 2136 0
4096 2140 0
4096 2144 0
4096 2148 0
4096 2152 0
4096 2156 0
4096 2160 0
4096 2164 0
4096 2168 0
4096 2172 0
4096 2176 0
4096 2180 0
4096 2184 0
4096 2188 0
4096 2192 0
4096 2196 0
4096 2200 0
4096 2204 0
4096 2208 0
4096 2212 0
4096 2216 0
4096 2220 0
4096 2224 0
4096 2228 0
4096 2232 0
4096 2236 0
4096 2240 0
4096 2244 0
4096 2248 0
4096 2252 0
4096 2256 0
4096 2260 0
4096 2264 0
4096 2268 0
4096 2272 0
4096 2276 0
4096 2280 0
4096 2284 0
4096 2288 0
4096 2292 0
4096 2296 0
4096 2300 0
4096 2304 0
4096 2308 0
4096 2312 0
4096 2316 0
4096 2320 0
4096 2324 0
4096 2328 0
4096 2332 0
4096 2336 0
4096 2340 0
4096 2344 0
4096 2348 0
4096 2352 0
4096 2356 0
4096 2360 0
4096 2364 0
4096 2368 0
4096 2372 0
4096 2376 0
4096 2380 0
4096 2384 0
4096 2388 0
4096 2392 0
4096 2396 0
4096 2400 0
4096 2404 0
4096 2408 0
4096 2412 0
4096 2416 0
4096 2420 0
4096 2424 0
4096 2428 0
4096 2432 0
4096 2436 0
4096 2440 0
4096 2444 0
4096 2448 0
4096 2452 0
4096 2456 0
4096 2460 0
4096 2464 0
4096 2468 0
4096 2472 0
4096 2476 0
4096 2480 0
4096 2484 0
4096 2488 0
4096 2492 0
4096 2496 0
4096 2500 0
4096 2504 0
4096 2508 0
4096 2512 0
4096 2516 0
4096 2520 0
4096 2524 0
4096 2528 0
4096 2532 0
4096 2536 0
4096 2540 0
4096 2544 0
4096 2548 0
4096 2552 0
4096 2556 0
4096 2560 0
4096 2564 0
4096 2568 0
4096 2572 0
4096 2576 0
4096 2580 0
4096 2584 0
4096 2588 0
4096 2592 0
4096 2596 0
4096 2600 0
4096 2604 0
4096 2608 0
4096 2612 0
4096 2616 0
4096 2620 0
4096 2624 0
4096 2628 0
4096 2632 0
4096 2636 0
4096 2640 0
4096 2644 0
4096 2648 0
4096 2652 0
4096 2656 0
4096 2660 0
4096 2664 0
4096 2668 0
4096 2672 0
4096 2676 0
4096 2680 0
4096 2684 0
4096 2688 0
4096 2692 0
4096 2696 0
4096 2700 0
4096 2704 0
4096 2708 0
4096 2712 0
4096 2716 0
4096 2720 0
4096 2724 0
4096 2728 0
4096 2732 0
4096 2736 0
4096 2740 0
4096 2744 0
4096 2748 0
4096 2752 0
4096 2756 0
4096 2760 0
4096 2764 0
4096 2768 0
4096 2772 0
4096 2776 0
4096 2780 0
4096 2784 0
4096 2788 0
4096 2792 0
4096 2796 0
4096 2800 0
4096 2804 0
4096 2808 0
4096 2812 0
4096 2816 0
4096 2820 0
4096 2824 0
4096 2828 0
4096 2832 0
4096 2836 0
4096 2840 0
4096 2844 0
4096 2848 0
4096 2852 0
4096 2856 0
4096 2860 0
4096 2864 0
4096 2868 0
4096 2872 0
4096 2876 0
4096 2880 0
4096 2884 0
4096 2888 0
4096 2892 0
4096 2896 0
4096 2900 0
4096 2904 0
4096 2908 0
4096 2912 0
4096 2916 0
4096 2920 0
4096 2924 0
4096 2928 0
4096 2932 0
4096 2936 0
4096 2940 0
4096 2944 0
4096 2948 0
4096 2952 0
4096 2956 0
4096 2960 0
4096 2964 0
4096 2968 0
4096 2972 0
4096 2976 0
4096 2980 0
4096 2984 0
4096 2988 0
4096 2992 0
4096 2996 0
4096 3000 0
4096 3004 0
4096 3008 0
4096 3012 0
4096 3016 0
4096 3020 0
4096 3024 0
4096 3028 0
4096 3032 0
4096 3036 0
4096 3040 0
4096 3044 0
4096 3048 0
4096 3052 0
4096 3056 0
4096 3060 0
4096 3064 0
4096 3068 0
4096 3072 0
4096 3076 0
4096 3080 0
4096 3084 0
4096 3088 0
4096 3092 0
4096 3096 0
4096 3100 0
4096 3104 0
4096 3108 0
4096 3112 0
4096 3116 0
4096 3120 0
4096 3124 0
4096 3128 0
4096 3132 0
4096 3136 0
4096 3140 0
4096 3144 0
4096 3148 0
4096 3152 0
4096 3156 0
4096 3160 0
4096 3164 0
4096 3168 0
4096 3172 0
4096 3176 0
4096 3180 0
4096 3184 0
4096 3188 0
4096 3192 0
4096 3196 0
4096 3200 0
4096 3204 0
4096 3208 0
4096 3212 0
4096 3216 0
4096 3220 0
4096 3224 0
4096 3228 0
4096 3232 0
4096 3236 0
4096 3240 0
4096 3244 0
4096 3248 0
4096 3252 0
4096 3256 0
4096 3260 0
4096 3264 0
4096 3268 0
4096 3272 0
4096 3276 0
4096 3280 0
4096 3284 0
4096 3288 0
4096 3292 0
4096 3296 0
4096 3300 0
4096 3304 0
4096 3308 0
4096 3312 0
4096 3316 0
4096 3320 0
4096 3324 0
4096 3328 0
4096 3332 0
4096 3336 0
4096 3340 0
4096 3344 0
4096 3348 0
4096 3352 0
4096 3356 0
4096 3360 0
4096 3364 0
4096 3368 0
4096 3372 0
4096 3376 0
4096 3380 0
4096 3384 0
4096 3388 0
4096 3392 0
4096 3396 0
4096 3400 0
4096 3404 0
4096 3408 0
4096 3412 0
4096 3416 0
4096 3420 0
4096 3424 0
4096 3428 0
4096 3432 0
4096 3436 0
4096 3440 0
4096 3444 0
4096 3448 0
4096 3452 0
4096 3456 0
4096 3460 0
4096 3464 0
4096 3468 0
4096 3472 0
4096 3476 0
4096 3480 0
4096 3484 0
4096 3488 0
4096 3492 0
4096 3496 0
4096 3500 0
4096 3504 0
4096 3508 0
4096 3512 0
4096 3516 0
4096 3520 0
4096 3524 0
4096 3528 0
4096 3532 0
4096 3536 0
4096 3540 0
4096 3544 0
4096 3548 0
4096 3552 0
4096 3556 0
4096 3560 0
4096 3564 0
4096 3568 0
4096 3572 0
4096 3576 0
4096 3580 0
4096 3584 0
4096 3588 0
4096 3592 0
4096 3596 0
4096 3600 0
4096 3604 0
4096 3608 0
4096 3612 0
4096 3616 0
4096 3620 0
4096 3624 0
4096 3628 0
4096 3632 0
4096 3636 0
4096 3640 0
4096 3644 0
4096 3648 0
4096 3652 0
4096 3656 0
4096 3660 0
4096 3664 0
4096 3668 0
4096 3672 0
4096 3676 0
4096 3680 0
4096 3684 0
4096 3688 0
4096 3692 0
4096 3696 0
4096 3700 0
4096 3704 0
4096 3708 0
4096 3712 0
4096 3716 0
4096 3720 0
4096 3724 0
4096 3728 0
4096 3732 0
4096 3736 0
4096 3740 0
4096 3744 0
4096 3748 0
4096 3752 0
4096 3756 0
4096 3760 0
4096 3764 0
4096 3768 0
4096 3772 0
4096 3776 0
4096 3780 0
4096 3784 0
4096 3788 0
4096 3792 0
4096 3796 0
4096 3800 0
4096 3804 0
4096 3808 0
4096 3812 0
4096 3816 0
4096 3820 0
4096 3824 0
4096 3828 0
4096 3832 0
4096 3836 0
4096 3840 0
4096 3844 0
4096 3848 0
4096 3852 0
4096 3856 0
4096 3860 0
4096 3864 0
4096 3868 0
4096 3872 0
4096 3876 0
4096 3880 0
4096 3884 0
4096 3888 0
4096 3892 0
4096 3896 0
4096 3900 0
4096 3904 0
4096 3908 0
4096 3912 0
4096 3916 0
4096 3920 0
4096 3924 0
4096 3928 0
4096 3932 0
4096 3936 0
4096 3940 0
4096 3944 0
4096 3948 0
4096 3952 0
4096 3956 0
4096 3960 0
4096 3964 0
4096 3968 0
4096 3972 0
4096 3976 0
4096 3980 0
4096 3984 0
4096 3988 0
4096 3992 0
4096 3996 0
4096 4000 0
4096 4004 0
4096 4008 0
4096 4012 0
4096 4016 0
4096 4020 0
4096 4024 0
4096 4028 0
4096 4032 0
4096 4036 0
4096 4040 0
4096 4044 0
4096 4048 0
4096 4052 0
4096 4056 0
4096 4060 0
4096 4064 0
4096 4068 0
4096 4072 0
4096 4076 0
4096 4080 0
4096 4084 0
4096 4088 0
4096 4092 0
4096 4096 0


8192 -8192 0
8192 -8188 0
8192 -8184 0
8192 -8180 0
8192 -8176 0
8192 -8172 0
8192 -8168 0
8192 -8164 0
8192 -8160 0
8192 -8156 0
8192 -8152 0
8192 -8148 0
8192 -8144 0
8192 -8140 0
8192 -8136 0
8192 -8132 0
8192 -8128 0
8192 -8124 0
8192 -8120 0
8192 -8116 0
8192 -8112 0
8192 -8108 0
8192 -8104 0
8192 -8100 0
8192 -8096 0
8192 -8092 0
8192 -8088 0
8192 -8084 0
8192 -8080 0
8192 -8076 0
8192 -8072 0
8192 -8068 0
8192 -8064 0
8192 -8060 0
8192 -8056 0
8192 -8052 0
8192 -8048 0
8192 -8044 0
8192 -8040 0
8192 -8036 0
8192 -8032 0
8192 -8028 0
8192 -8024 0
8192 -8020 0
8192 -8016 0
8192 -8012 0
8192 -8008 0
8192 -8004 0
8192 -8000 0
8192 -7996 0
8192 -7992 0
8192 -7988 0
8192 -7984 0
8192 -7980 0
8192 -7976 0
8192 -7972 0
8192 -7968 0
8192 -7964 0
8192 -7960 0
8192 -7956 0
8192 -7952 0
8192 -7948 0
8192 -7944 0
8192 -7940 0
8192 -7936 0
8192 -7932 0
8192 -7928 0
8192 -7924 0
8192 -7920 0
8192 -7916 0
8192 -7912 0
8192 -7908 0
8192 -7904 0
8192 -7900 0
8192 -7896 0
8192 -7892 0
8192 -7888 0
8192 -7884 0
8192 -7880 0
8192 -7876 0
8192 -7872 0
8192 -7868 0
8192 -7864 0
8192 -7860 0
8192 -7856 0
8192 -7852 0
8192 -7848 0
8192 -7844 0
8192 -7840 0
8192 -7836 0
8192 -7832 0
8192 -7828 0
8192 -7824 0
8192 -7820 0
8192 -7816 0
8192 -7812 0
8192 -7808 0
8192 -7804 0
8192 -7800 0
8192 -7796 0
8192 -7792 0
8192 -7788 0
8192 -7784 0
8192 -7780 0
8192 -7776 0
8192 -7772 0
8192 -7768 0
8192 -7764 0
8192 -7760 0
8192 -7756 0
8192 -7752 0
8192 -7748 0
8192 -7744 0
8192 -7740 0
8192 -7736 0
8192 -7732 0
8192 -7728 0
8192 -7724 0
8192 -7720 0
8192 -7716 0
8192 -7712 0
8192 -7708 0
8192 -7704 0
8192 -7700 0
8192 -7696 0
8192 -7692 0
8192 -7688 0
8192 -7684 0
8192 -7680 0
8192 -7676 0
8192 -7672 0
8192 -7668 0
8192 -7664 0
8192 -7660 0
8192 -7656 0
8192 -7652 0
8192 -7648 0
8192 -7644 0
8192 -7640 0
8192 -7636 0
8192 -7632 0
8192 -7628 0
8192 -7624 0
8192 -7620 0
8192 -7616 0
8192 -7612 0
8192 -7608 0
8192 -7604 0
8192 -7600 0
8192 -7596 0
8192 -7592 0
8192 -7588 0
8192 -7584 0
8192 -7580 0
8192 -7576 0
8192 -7572 0
8192 -7568 0
8192 -7564 0
8192 -7560 0
8192 -7556 0
8192 -7552 0
8192 -7548 0
8192 -7544 0
8192 -7540 0
8192 -7536 0
8192 -7532 0
8192 -7528 0
8192 -7524 0
8192 -7520 0
8192 -7516 0
8192 -7512 0
8192 -7508 0
8192 -7504 0
8192 -7500 0
8192 -7496 0
8192 -7492 0
8192 -7488 0
8192 -7484 0
8192 -7480 0
8192 -7476 0
8192 -7472 0
8192 -7468 0
8192 -7464 0
8192 -7460 0
8192 -7456 0
8192 -7452 0
8192 -7448 0
8192 -7444 0
8192 -7440 0
8192 -7436 0
8192 -7432 0
8192 -7428 0
8192 -7424 0
8192 -7420 0
8192 -7416 0
8192 -7412 0
8192 -7408 0
8192 -7404 0
8192 -7400 0
8192 -7396 0
8192 -7392 0
8192 -7388 0
8192 -7384 0
8192 -7380 0
8192 -7376 0
8192 -7372 0
8192 -7368 0
8192 -7364 0
8192 -7360 0
8192 -7356 0
8192 -7352 0
8192 -7348 0
8192 -7344 0
8192 -7340 0
8192 -7336 0
8192 -7332 0
8192 -7328 0
8192 -7324 0
8192 -7320 0
8192 -7316 0
8192 -7312 0
8192 -7308 0
8192 -7304 0
8192 -7300 0
8192 -7296 0
8192 -7292 0
8192 -7288 0
8192 -7284 0
8192 -7280 0
8192 -7276 0
8192 -7272 0
8192 -7268 0
8192 -7264 0
8192 -7260 0
8192 -7256 0
8192 -7252 0
8192 -7248 0
8192 -7244 0
8192 -7240 0
8192 -7236 0
8192 -7232 0
8192 -7228 0
8192 -7224 0
8192 -7220 0
8192 -7216 0
8192 -7212 0
8192 -7208 0
8192 -7204 0
8192 -7200 0
8192 -7196 0
8192 -7192 0
8192 -7188 0
8192 -7184 0
8192 -7180 0
8192 -7176 0
8192 -7172 0
8192 -7168 0
8192 -7164 0
8192 -7160 0
8192 -7156 0
8192 -7152 0
8192 -7148 0
8192 -7144 0
8192 -7140 0
8192 -7136 0
8192 -7132 0
8192 -7128 0
8192 -7124 0
8192 -7120 0
8192 -7116 0
8192 -7112 0
8192 -7108 0
8192 -7104 0
8192 -7100 0
8192 -7096 0
8192 -7092 0
8192 -7088 0
8192 -7084 0
8192 -7080 0
8192 -7076 0
8192 -7072 0
8192 -7068 0
8192 -7064 0
8192 -7060 0
8192 -7056 0
8192 -7052 0
8192 -7048 0
8192 -7044 0
8192 -7040 0
8192 -7036 0
8192 -7032 0
8192 -7028 0
8192 -7024 0
8192 -7020 0
8192 -7016 0
8192 -7012 0
8192 -7008 0
8192 -7004 0
8192 -7000 0
8192 -6996 0
8192 -6992 0
8192 -6988 0
8192 -6984 0
8192 -6980 0
8192 -6976 0
8192 -6972 0
8192 -6968 0
8192 -6964 0
8192 -6960 0
8192 -6956 0
8192 -6952 0
8192 -6948 0
8192 -6944 0
8192 -6940 0
8192 -6936 0
8192 -6932 0
8192 -6928 0
8192 -6924 0
8192 -6920 0
8192 -6916 0
8192 -6912 0
8192 -6908 0
8192 -6904 0
8192 -6900 0
8192 -6896 0
8192 -6892 0
8192 -6888 0
8192 -6884 0
8192 -6880 0
8192 -6876 0
8192 -6872 0
8192 -6868 0
8192 -6864 0
8192 -6860 0
8192 -6856 0
8192 -6852 0
8192 -6848 0
8192 -6844 0
8192 -6840 0
8192 -6836 0
8192 -6832 0
8192 -6828 0
8192 -6824 0
8192 -6820 0
8192 -6816 0
8192 -6812 0
8192 -6808 0
8192 -6804 0
8192 -6800 0
8192 -6796 0
8192 -6792 0
8192 -6788 0
8192 -6784 0
8192 -6780 0
8192 -6776 0
8192 -6772 0
8192 -6768 0
8192 -6764 0
8192 -6760 0
8192 -6756 0
8192 -6752 0
8192 -6748 0
8192 -6744 0
8192 -6740 0
8192 -6736 0
8192 -6732 0
8192 -6728 0
8192 -6724 0
8192 -6720 0
8192 -6716 0
8192 -6712 0
8192 -6708 0
8192 -6704 0
8192 -6700 0
8192 -6696 0
8192 -6692 0
8192 -6688 0
8192 -6684 0
8192 -6680 0
8192 -6676 0
8192 -6672 0
8192 -6668 0
8192 -6664 0
8192 -6660 0
8192 -6656 0
8192 -6652 0
8192 -6648 0
8192 -6644 0
8192 -6640 0
8192 -6636 0
8192 -6632 0
8192 -6628 0
8192 -6624 0
8192 -6620 0
8192 -6616 0
8192 -6612 0
8192 -6608 0
8192 -6604 0
8192 -6600 0
8192 -6596 0
8192 -6592 0
8192 -6588 0
8192 -6584 0
8192 -6580 0
8192 -6576 0
8192 -6572 0
8192 -6568 0
8192 -6564 0
8192 -6560 0
8192 -6556 0
8192 -6552 0
8192 -6548 0
8192 -6544 0
8192 -6540 0
8192 -6536 0
8192 -6532 0
8192 -6528 0
8192 -6524 0
8192 -6520 0
8192 -6516 0
8192 -6512 0
8192 -6508 0
8192 -6504 0
8192 -6500 0
8192 -6496 0
8192 -6492 0
8192 -6488 0
8192 -6484 0
8192 -6480 0
8192 -6476 0
8192 -6472 0
8192 -6468 0
8192 -6464 0
8192 -6460 0
8192 -6456 0
8192 -6452 0
8192 -6448 0
8192 -6444 0
8192 -6440 0
8192 -6436 0
8192 -6432 0
8192 -6428 0
8192 -6424 0
8192 -6420 0
8192 -6416 0
8192 -6412 0
8192 -6408 0
8192 -6404 0
8192 -6400 0
8192 -6396 0
8192 -6392 0
8192 -6388 0
8192 -6384 0
8192 -6380 0
8192 -6376 0
8192 -6372 0
8192 -6368 0
8192 -6364 0
8192 -6360 0
8192 -6356 0
8192 -6352 0
8192 -6348 0
8192 -6344 0
8192 -6340 0
8192 -6336 0
8192 -6332 0
8192 -6328 0
8192 -6324 0
8192 -6320 0
8192 -6316 0
8192 -6312 0
8192 -6308 0
8192 -6304 0
8192 -6300 0
8192 -6296 0
8192 -6292 0
8192 -6288 0
8192 -6284 0
8192 -6280 0
8192 -6276 0
8192 -6272 0
8192 -6268 0
8192 -6264 0
8192 -6260 0
8192 -6256 0
8192 -6252 0
8192 -6248 0
8192 -6244 0
8192 -6240 0
8192 -6236 0
8192 -6232 0
8192 -6228 0
8192 -6224 0
8192 -6220 0
8192 -6216 0
8192 -6212 0
8192 -6208 0
8192 -6204 0
8192 -6200 0
8192 -6196 0
8192 -6192 0
8192 -6188 0
8192 -6184 0
8192 -6180 0
8192 -6176 0
8192 -6172 0
8192 -6168 0
8192 -6164 0
8192 -6160 0
8192 -6156 0
8192 -6152 0
8192 -6148 0
8192 -6144 0
8192 -6140 0
8192 -6136 0
8192 -6132 0
8192 -6128 0
8192 -6124 0
8192 -6120 0
8192 -6116 0
8192 -6112 0
8192 -6108 0
8192 -6104 0
8192 -6100 0
8192 -6096 0
8192 -6092 0
8192 -6088 0
8192 -6084 0
8192 -6080 0
8192 -6076 0
8192 -6072 0
8192 -6068 0
8192 -6064 0
8192 -6060 0
8192 -6056 0
8192 -6052 0
8192 -6048 0
8192 -6044 0
8192 -6040 0
8192 -6036 0
8192 -6032 0
8192 -6028 0
8192 -6024 0
8192 -6020 0
8192 -6016 0
8192 -6012 0
8192 -6008 0
8192 -6004 0
8192 -6000 0
8192 -5996 0
8192 -5992 0
8192 -5988 0
8192 -5984 0
8192 -5980 0
8192 -5976 0
8192 -5972 0
8192 -5968 0
8192 -5964 0
8192 -5960 0
8192 -5956 0
8192 -5952 0
8192 -5948 0
8192 -5944 0
8192 -5940 0
8192 -5936 0
8192 -5932 0
8192 -5928 0
8192 -5924 0
8192 -5920 0
8192 -5916 0
8192 -5912 0
8192 -5908 0
8192 -5904 0
8192 -5900 0
8192 -5896 0
8192 -5892 0
8192 -5888 0
8192 -5884 0
8192 -5880 0
8192 -5876 0
8192 -5872 0
8192 -5868 0
8192 -5864 0
8192 -5860 0
8192 -5856 0
8192 -5852 0
8192 -5848 0
8192 -5844 0
8192 -5840 0
8192 -5836 0
8192 -5832 0
8192 -5828 0
8192 -5824 0
8192 -5820 0
8192 -5816 0
8192 -5812 0
8192 -5808 0
8192 -5804 0
8192 -5800 0
8192 -5796 0
8192 -5792 0
8192 -5788 0
8192 -5784 0
8192 -5780 0
8192 -5776 0
8192 -5772 0
8192 -5768 0
8192 -5764 0
8192 -5760 0
8192 -5756 0
8192 -5752 0
8192 -5748 0
8192 -5744 0
8192 -5740 0
8192 -5736 0
8192 -5732 0
8192 -5728 0
8192 -5724 0
8192 -5720 0
8192 -5716 0
8192 -5712 0
8192 -5708 0
8192 -5704 0
8192 -5700 0
8192 -5696 0
8192 -5692 0
8192 -5688 0
8192 -5684 0
8192 -5680 0
8192 -5676 0
8192 -5672 0
8192 -5668 0
8192 -5664 0
8192 -5660 0
8192 -5656 0
8192 -5652 0
8192 -5648 0
8192 -5644 0
8192 -5640 0
8192 -5636 0
8192 -5632 0
8192 -5628 0
8192 -5624 0
8192 -5620 0
8192 -5616 0
8192 -5612 0
8192 -5608 0
8192 -5604 0
8192 -5600 0
8192 -5596 0
8192 -5592 0
8192 -5588 0
8192 -5584 0
8192 -5580 0
8192 -5576 0
8192 -5572 0
8192 -5568 0
8192 -5564 0
8192 -5560 0
8192 -5556 0
8192 -5552 0
8192 -5548 0
8192 -5544 0
8192 -5540 0
8192 -5536 0
8192 -5532 0
8192 -5528 0
8192 -5524 0
8192 -5520 0
8192 -5516 0
8192 -5512 0
8192 -5508 0
8192 -5504 0
8192 -5500 0
8192 -5496 0
8192 -5492 0
8192 -5488 0
8192 -5484 0
8192 -5480 0
8192 -5476 0
8192 -5472 0
8192 -5468 0
8192 -5464 0
8192 -5460 0
8192 -5456 0
8192 -5452 0
8192 -5448 0
8192 -5444 0
8192 -5440 0
8192 -5436 0
8192 -5432 0
8192 -5428 0
8192 -5424 0
8192 -5420 0
8192 -5416 0
8192 -5412 0
8192 -5408 0
8192 -5404 0
8192 -5400 0
8192 -5396 0
8192 -5392 0
8192 -5388 0
8192 -5384 0
8192 -5380 0
8192 -5376 0
8192 -5372 0
8192 -5368 0
8192 -5364 0
8192 -5360 0
8192 -5356 0
8192 -5352 0
8192 -5348 0
8192 -5344 0
8192 -5340 0
8192 -5336 0
8192 -5332 0
8192 -5328 0
8192 -5324 0
8192 -5320 0
8192 -5316 0
8192 -5312 0
8192 -5308 0
8192 -5304 0
8192 -5300 0
8192 -5296 0
8192 -5292 0
8192 -5288 0
8192 -5284 0
8192 -5280 0
8192 -5276 0
8192 -5272 0
8192 -5268 0
8192 -5264 0
8192 -5260 0
8192 -5256 0
8192 -5252 0
8192 -5248 0
8192 -5244 0
8192 -5240 0
8192 -5236 0
8192 -5232 0
8192 -5228 0
8192 -5224 0
8192 -5220 0
8192 -5216 0
8192 -5212 0
8192 -5208 0
8192 -5204 0
8192 -5200 0
8192 -5196 0
8192 -5192 0
8192 -5188 0
8192 -5184 0
8192 -5180 0
8192 -5176 0
8192 -5172 0
8192 -5168 0
8192 -5164 0
8192 -5160 0
8192 -5156 0
8192 -5152 0
8192 -5148 0
8192 -5144 0
8192 -5140 0
8192 -5136 0
8192 -5132 0
8192 -5128 0
8192 -5124 0
8192 -5120 0
8192 -5116 0
8192 -5112 0
8192 -5108 0
8192 -5104 0
8192 -5100 0
8192 -5096 0
8192 -5092 0
8192 -5088 0
8192 -5084 0
8192 -5080 0
8192 -5076 0
8192 -5072 0
8192 -5068 0
8192 -5064 0
8192 -5060 0
8192 -5056 0
8192 -5052 0
8192 -5048 0
8192 -5044 0
8192 -5040 0
8192 -5036 0
8192 -5032 0
8192 -5028 0
8192 -5024 0
8192 -5020 0
8192 -5016 0
8192 -5012 0
8192 -5008 0
8192 -5004 0
8192 -5000 0
8192 -4996 0
8192 -4992 0
8192 -4988 0
8192 -4984 0
8192 -4980 0
8192 -4976 0
8192 -4972 0
8192 -4968 0
8192 -4964 0
8192 -4960 0
8192 -4956 0
8192 -4952 0
8192 -4948 0
8192 -4944 0
8192 -4940 0
8192 -4936 0
8192 -4932 0
8192 -4928 0
8192 -4924 0
8192 -4920 0
8192 -4916 0
8192 -4912 0
8192 -4908 0
8192 -4904 0
8192 -4900 0
8192 -4896 0
8192 -4892 0
8192 -4888 0
8192 -4884 0
8192 -4880 0
8192 -4876 0
8192 -4872 0
8192 -4868 0
8192 -4864 0
8192 -4860 0
8192 -4856 0
8192 -4852 0
8192 -4848 0
8192 -4844 0
8192 -4840 0
8192 -4836 0
8192 -4832 0
8192 -4828 0
8192 -4824 0
8192 -4820 0
8192 -4816 0
8192 -4812 0
8192 -4808 0
8192 -4804 0
8192 -4800 0
8192 -4796 0
8192 -4792 0
8192 -4788 0
8192 -4784 0
8192 -4780 0
8192 -4776 0
8192 -4772 0
8192 -4768 0
8192 -4764 0
8192 -4760 0
8192 -4756 0
8192 -4752 0
8192 -4748 0
8192 -4744 0
8192 -4740 0
8192 -4736 0
8192 -4732 0
8192 -4728 0
8192 -4724 0
8192 -4720 0
8192 -4716 0
8192 -4712 0
8192 -4708 0
8192 -4704 0
8192 -4700 0
8192 -4696 0
8192 -4692 0
8192 -4688 0
8192 -4684 0
8192 -4680 0
8192 -4676 0
8192 -4672 0
8192 -4668 0
8192 -4664 0
8192 -4660 0
8192 -4656 0
8192 -4652 0
8192 -4648 0
8192 -4644 0
8192 -4640 0
8192 -4636 0
8192 -4632 0
8192 -4628 0
8192 -4624 0
8192 -4620 0
8192 -4616 0
8192 -4612 0
8192 -4608 0
8192 -4604 0
8192 -4600 0
8192 -4596 0
8192 -4592 0
8192 -4588 0
8192 -4584 0
8192 -4580 0
8192 -4576 0
8192 -4572 0
8192 -4568 0
8192 -4564 0
8192 -4560 0
8192 -4556 0
8192 -4552 0
8192 -4548 0
8192 -4544 0
8192 -4540 0
8192 -4536 0
8192 -4532 0
8192 -4528 0
8192 -4524 0
8192 -4520 0
8192 -4516 0
8192 -4512 0
8192 -4508 0
8192 -4504 0
8192 -4500 0
8192 -4496 0
8192 -4492 0
8192 -4488 0
8192 -4484 0
8192 -4480 0
8192 -4476 0
8192 -4472 0
8192 -4468 0
8192 -4464 0
8192 -4460 0
8192 -4456 0
8192 -4452 0
8192 -4448 0
8192 -4444 0
8192 -4440 0
8192 -4436 0
8192 -4432 0
8192 -4428 0
8192 -4424 0
8192 -4420 0
8192 -4416 0
8192 -4412 0
8192 -4408 0
8192 -4404 0
8192 -4400 0
8192 -4396 0
8192 -4392 0
8192 -4388 0
8192 -4384 0
8192 -4380 0
8192 -4376 0
8192 -4372 0
8192 -4368 0
8192 -4364 0
8192 -4360 0
8192 -4356 0
8192 -4352 0
8192 -4348 0
8192 -4344 0
8192 -4340 0
8192 -4336 0
8192 -4332 0
8192 -4328 0
8192 -4324 0
8192 -4320 0
8192 -4316 0
8192 -4312 0
8192 -4308 0
8192 -4304 0
8192 -4300 0
8192 -4296 0
8192 -4292 0
8192 -4288 0
8192 -4284 0
8192 -4280 0
8192 -4276 0
8192 -4272 0
8192 -4268 0
8192 -4264 0
8192 -4260 0
8192 -4256 0
8192 -4252 0
8192 -4248 0
8192 -4244 0
8192 -4240 0
8192 -4236 0
8192 -4232 0
8192 -4228 0
8192 -4224 0
8192 -4220 0
8192 -4216 0
8192 -4212 0
8192 -4208 0
8192 -4204 0
8192 -4200 0
8192 -4196 0
8192 -4192 0
8192 -4188 0
8192 -4184 0
8192 -4180 0
8192 -4176 0
8192 -4172 0
8192 -4168 0
8192 -4164 0
8192 -4160 0
8192 -4156 0
8192 -4152 0
8192 -4148 0
8192 -4144 0
8192 -4140 0
8192 -4136 0
8192 -4132 0
8192 -4128 0
8192 -4124 0
8192 -4120 0
8192 -4116 0
8192 -4112 0
8192 -4108 0
8192 -4104 0
8192 -4100 0
8192 -4096 0
8192 -4092 0
8192 -4088 0
8192 -4084 0
8192 -4080 0
8192 -4076 0
8192 -4072 0
8192 -4068 0
8192 -4064 0
8192 -4060 0
8192 -4056 0
8192 -4052 0
8192 -4048 0
8192 -4044 0
8192 -4040 0
8192 -4036 0
8192 -4032 0
8192 -4028 0
8192 -4024 0
8192 -4020 0
8192 -4016 0
8192 -4012 0
8192 -4008 0
8192 -4004 0
8192 -4000 0
8192 -3996 0
8192 -3992 0
8192 -3988 0
8192 -3984 0
8192 -3980 0
8192 -3976 0
8192 -3972 0
8192 -3968 0
8192 -3964 0
8192 -3960 0
8192 -3956 0
8192 -3952 0
8192 -3948 0
8192 -3944 0
8192 -3940 0
8192 -3936 0
8192 -3932 0
8192 -3928 0
8192 -3924 0
8192 -3920 0
8192 -3916 0
8192 -3912 0
8192 -3908 0
8192 -3904 0
8192 -3900 0
8192 -3896 0
8192 -3892 0
8192 -3888 0
8192 -3884 0
8192 -3880 0
8192 -3876 0
8192 -3872 0
8192 -3868 0
8192 -3864 0
8192 -3860 0
8192 -3856 0
8192 -3852 0
8192 -3848 0
8192 -3844 0
8192 -3840 0
8192 -3836 0
8192 -3832 0
8192 -3828 0
8192 -3824 0
8192 -3820 0
8192 -3816 0
8192 -3812 0
8192 -3808 0
8192 -3804 0
8192 -3800 0
8192 -3796 0
8192 -3792 0
8192 -3788 0
8192 -3784 0
8192 -3780 0
8192 -3776 0
8192 -3772 0
8192 -3768 0
8192 -3764 0
8192 -3760 0
8192 -3756 0
8192 -3752 0
8192 -3748 0
8192 -3744 0
8192 -3740 0
8192 -3736 0
8192 -3732 0
8192 -3728 0
8192 -3724 0
8192 -3720 0
8192 -3716 0
8192 -3712 0
8192 -3708 0
8192 -3704 0
8192 -3700 0
8192 -3696 0
8192 -3692 0
8192 -3688 0
8192 -3684 0
8192 -3680 0
8192 -3676 0
8192 -3672 0
8192 -3668 0
8192 -3664 0
8192 -3660 0
8192 -3656 0
8192 -3652 0
8192 -3648 0
8192 -3644 0
8192 -3640 0
8192 -3636 0
8192 -3632 0
8192 -3628 0
8192 -3624 0
8192 -3620 0
8192 -3616 0
8192 -3612 0
8192 -3608 0
8192 -3604 0
8192 -3600 0
8192 -3596 0
8192 -3592 0
8192 -3588 0
8192 -3584 0
8192 -3580 0
8192 -3576 0
8192 -3572 0
8192 -3568 0
8192 -3564 0
8192 -3560 0
8192 -3556 0
8192 -3552 0
8192 -3548 0
8192 -3544 0
8192 -3540 0
8192 -3536 0
8192 -3532 0
8192 -3528 0
8192 -3524 0
8192 -3520 0
8192 -3516 0
8192 -3512 0
8192 -3508 0
8192 -3504 0
8192 -3500 0
8192 -3496 0
8192 -3492 0
8192 -3488 0
8192 -3484 0
8192 -3480 0
8192 -3476 0
8192 -3472 0
8192 -3468 0
8192 -3464 0
8192 -3460 0
8192 -3456 0
8192 -3452 0
8192 -3448 0
8192 -3444 0
8192 -3440 0
8192 -3436 0
8192 -3432 0
8192 -3428 0
8192 -3424 0
8192 -3420 0
8192 -3416 0
8192 -3412 0
8192 -3408 0
8192 -3404 0
8192 -3400 0
8192 -3396 0
8192 -3392 0
8192 -3388 0
8192 -3384 0
8192 -3380 0
8192 -3376 0
8192 -3372 0
8192 -3368 0
8192 -3364 0
8192 -3360 0
8192 -3356 0
8192 -3352 0
8192 -3348 0
8192 -3344 0
8192 -3340 0
8192 -3336 0
8192 -3332 0
8192 -3328 0
8192 -3324 0
8192 -3320 0
8192 -3316 0
8192 -3312 0
8192 -3308 0
8192 -3304 0
8192 -3300 0
8192 -3296 0
8192 -3292 0
8192 -3288 0
8192 -3284 0
8192 -3280 0
8192 -3276 0
8192 -3272 0
8192 -3268 0
8192 -3264 0
8192 -3260 0
8192 -3256 0
8192 -3252 0
8192 -3248 0
8192 -3244 0
8192 -3240 0
8192 -3236 0
8192 -3232 0
8192 -3228 0
8192 -3224 0
8192 -3220 0
8192 -3216 0
8192 -3212 0
8192 -3208 0
8192 -3204 0
8192 -3200 0
8192 -3196 0
8192 -3192 0
8192 -3188 0
8192 -3184 0
8192 -3180 0
8192 -3176 0
8192 -3172 0
8192 -3168 0
8192 -3164 0
8192 -3160 0
8192 -3156 0
8192 -3152 0
8192 -3148 0
8192 -3144 0
8192 -3140 0
8192 -3136 0
8192 -3132 0
8192 -3128 0
8192 -3124 0
8192 -3120 0
8192 -3116 0
8192 -3112 0
8192 -3108 0
8192 -3104 0
8192 -3100 0
8192 -3096 0
8192 -3092 0
8192 -3088 0
8192 -3084 0
8192 -3080 0
8192 -3076 0
8192 -3072 0
8192 -3068 0
8192 -3064 0
8192 -3060 0
8192 -3056 0
8192 -3052 0
8192 -3048 0
8192 -3044 0
8192 -3040 0
8192 -3036 0
8192 -3032 0
8192 -3028 0
8192 -3024 0
8192 -3020 0
8192 -3016 0
8192 -3012 0
8192 -3008 0
8192 -3004 0
8192 -3000 0
8192 -2996 0
8192 -2992 0
8192 -2988 0
8192 -2984 0
8192 -2980 0
8192 -2976 0
8192 -2972 0
8192 -2968 0
8192 -2964 0
8192 -2960 0
8192 -2956 0
8192 -2952 0
8192 -2948 0
8192 -2944 0
8192 -2940 0
8192 -2936 0
8192 -2932 0
8192 -2928 0
8192 -2924 0
8192 -2920 0
8192 -2916 0
8192 -2912 0
8192 -2908 0
8192 -2904 0
8192 -2900 0
8192 -2896 0
8192 -2892 0
8192 -2888 0
8192 -2884 0
8192 -2880 0
8192 -2876 0
8192 -2872 0
8192 -2868 0
8192 -2864 0
8192 -2860 0
8192 -2856 0
8192 -2852 0
8192 -2848 0
8192 -2844 0
8192 -2840 0
8192 -2836 0
8192 -2832 0
8192 -2828 0
8192 -2824 0
8192 -2820 0
8192 -2816 0
8192 -2812 0
8192 -2808 0
8192 -2804 0
8192 -2800 0
8192 -2796 0
8192 -2792 0
8192 -2788 0
8192 -2784 0
8192 -2780 0
8192 -2776 0
8192 -2772 0
8192 -2768 0
8192 -2764 0
8192 -2760 0
8192 -2756 0
8192 -2752 0
8192 -2748 0
8192 -2744 0
8192 -2740 0
8192 -2736 0
8192 -2732 0
8192 -2728 0
8192 -2724 0
8192 -2720 0
8192 -2716 0
8192 -2712 0
8192 -2708 0
8192 -2704 0
8192 -2700 0
8192 -2696 0
8192 -2692 0
8192 -2688 0
8192 -2684 0
8192 -2680 0
8192 -2676 0
8192 -2672 0
8192 -2668 0
8192 -2664 0
8192 -2660 0
8192 -2656 0
8192 -2652 0
8192 -2648 0
8192 -2644 0
8192 -2640 0
8192 -2636 0
8192 -2632 0
8192 -2628 0
8192 -2624 0
8192 -2620 0
8192 -2616 0
8192 -2612 0
8192 -2608 0
8192 -2604 0
8192 -2600 0
8192 -2596 0
8192 -2592 0
8192 -2588 0
8192 -2584 0
8192 -2580 0
8192 -2576 0
8192 -2572 0
8192 -2568 0
8192 -2564 0
8192 -2560 0
8192 -2556 0
8192 -2552 0
8192 -2548 0
8192 -2544 0
8192 -2540 0
8192 -2536 0
8192 -2532 0
8192 -2528 0
8192 -2524 0
8192 -2520 0
8192 -2516 0
8192 -2512 0
8192 -2508 0
8192 -2504 0
8192 -2500 0
8192 -2496 0
8192 -2492 0
8192 -2488 0
8192 -2484 0
8192 -2480 0
8192 -2476 0
8192 -2472 0
8192 -2468 0
8192 -2464 0
8192 -2460 0
8192 -2456 0
8192 -2452 0
8192 -2448 0
8192 -2444 0
8192 -2440 0
8192 -2436 0
8192 -2432 0
8192 -2428 0
8192 -2424 0
8192 -2420 0
8192 -2416 0
8192 -2412 0
8192 -2408 0
8192 -2404 0
8192 -2400 0
8192 -2396 0
8192 -2392 0
8192 -2388 0
8192 -2384 0
8192 -2380 0
8192 -2376 0
8192 -2372 0
8192 -2368 0
8192 -2364 0
8192 -2360 0
8192 -2356 0
8192 -2352 0
8192 -2348 0
8192 -2344 0
8192 -2340 0
8192 -2336 0
8192 -2332 0
8192 -2328 0
8192 -2324 0
8192 -2320 0
8192 -2316 0
8192 -2312 0
8192 -2308 0
8192 -2304 0
8192 -2300 0
8192 -2296 0
8192 -2292 0
8192 -2288 0
8192 -2284 0
8192 -2280 0
8192 -2276 0
8192 -2272 0
8192 -2268 0
8192 -2264 0
8192 -2260 0
8192 -2256 0
8192 -2252 0
8192 -2248 0
8192 -2244 0
8192 -2240 0
8192 -2236 0
8192 -2232 0
8192 -2228 0
8192 -2224 0
8192 -2220 0
8192 -2216 0
8192 -2212 0
8192 -2208 0
8192 -2204 0
8192 -2200 0
8192 -2196 0
8192 -2192 0
8192 -2188 0
8192 -2184 0
8192 -2180 0
8192 -2176 0
8192 -2172 0
8192 -2168 0
8192 -2164 0
8192 -2160 0
8192 -2156 0
8192 -2152 0
8192 -2148 0
8192 -2144 0
8192 -2140 0
8192 -2136 0
8192 -2132 0
8192 -2128 0
8192 -2124 0
8192 -2120 0
8192 -2116 0
8192 -2112 0
8192 -2108 0
8192 -2104 0
8192 -2100 0
8192 -2096 0
8192 -2092 0
8192 -2088 0
8192 -2084 0
8192 -2080 0
8192 -2076 0
8192 -2072 0
8192 -2068 0
8192 -2064 0
8192 -2060 0
8192 -2056 0
8192 -2052 0
8192 -2048 0
8192 -2044 0
8192 -2040 0
8192 -2036 0
8192 -2032 0
8192 -2028 0
8192 -2024 0
8192 -2020 0
8192 -2016 0
8192 -2012 0
8192 -2008 0
8192 -2004 0
8192 -2000 0
8192 -1996 0
8192 -1992 0
8192 -1988 0
8192 -1984 0
8192 -1980 0
8192 -1976 0
8192 -1972 0
8192 -1968 0
8192 -1964 0
8192 -1960 0
8192 -1956 0
8192 -1952 0
8192 -1948 0
8192 -1944 0
8192 -1940 0
8192 -1936 0
8192 -1932 0
8192 -1928 0
8192 -1924 0
8192 -1920 0
8192 -1916 0
8192 -1912 0
8192 -1908 0
8192 -1904 0
8192 -1900 0
8192 -1896 0
8192 -1892 0
8192 -1888 0
8192 -1884 0
8192 -1880 0
8192 -1876 0
8192 -1872 0
8192 -1868 0
8192 -1864 0
8192 -1860 0
8192 -1856 0
8192 -1852 0
8192 -1848 0
8192 -1844 0
8192 -1840 0
8192 -1836 0
8192 -1832 0
8192 -1828 0
8192 -1824 0
8192 -1820 0
8192 -1816 0
8192 -1812 0
8192 -1808 0
8192 -1804 0
8192 -1800 0
8192 -1796 0
8192 -1792 0
8192 -1788 0
8192 -1784 0
8192 -1780 0
8192 -1776 0
8192 -1772 0
8192 -1768 0
8192 -1764 0
8192 -1760 0
8192 -1756 0
8192 -1752 0
8192 -1748 0
8192 -1744 0
8192 -1740 0
8192 -1736 0
8192 -1732 0
8192 -1728 0
8192 -1724 0
8192 -1720 0
8192 -1716 0
8192 -1712 0
8192 -1708 0
8192 -1704 0
8192 -1700 0
8192 -1696 0
8192 -1692 0
8192 -1688 0
8192 -1684 0
8192 -1680 0
8192 -1676 0
8192 -1672 0
8192 -1668 0
8192 -1664 0
8192 -1660 0
8192 -1656 0
8192 -1652 0
8192 -1648 0
8192 -1644 0
8192 -1640 0
8192 -1636 0
8192 -1632 0
8192 -1628 0
8192 -1624 0
8192 -1620 0
8192 -1616 0
8192 -1612 0
8192 -1608 0
8192 -1604 0
8192 -1600 0
8192 -1596 0
8192 -1592 0
8192 -1588 0
8192 -1584 0
8192 -1580 0
8192 -1576 0
8192 -1572 0
8192 -1568 0
8192 -1564 0
8192 -1560 0
8192 -1556 0
8192 -1552 0
8192 -1548 0
8192 -1544 0
8192 -1540 0
8192 -1536 0
8192 -1532 0
8192 -1528 0
8192 -1524 0
8192 -1520 0
8192 -1516 0
8192 -1512 0
8192 -1508 0
8192 -1504 0
8192 -1500 0
8192 -1496 0
8192 -1492 0
8192 -1488 0
8192 -1484 0
8192 -1480 0
8192 -1476 0
8192 -1472 0
8192 -1468 0
8192 -1464 0
8192 -1460 0
8192 -1456 0
8192 -1452 0
8192 -1448 0
8192 -1444 0
8192 -1440 0
8192 -1436 0
8192 -1432 0
8192 -1428 0
8192 -1424 0
8192 -1420 0
8192 -1416 0
8192 -1412 0
8192 -1408 0
8192 -1404 0
8192 -1400 0
8192 -1396 0
8192 -1392 0
8192 -1388 0
8192 -1384 0
8192 -1380 0
8192 -1376 0
8192 -1372 0
8192 -1368 0
8192 -1364 0
8192 -1360 0
8192 -1356 0
8192 -1352 0
8192 -1348 0
8192 -1344 0
8192 -1340 0
8192 -1336 0
8192 -1332 0
8192 -1328 0
8192 -1324 0
8192 -1320 0
8192 -1316 0
8192 -1312 0
8192 -1308 0
8192 -1304 0
8192 -1300 0
8192 -1296 0
8192 -1292 0
8192 -1288 0
8192 -1284 0
8192 -1280 0
8192 -1276 0
8192 -1272 0
8192 -1268 0
8192 -1264 0
8192 -1260 0
8192 -1256 0
8192 -1252 0
8192 -1248 0
8192 -1244 0
8192 -1240 0
8192 -1236 0
8192 -1232 0
8192 -1228 0
8192 -1224 0
8192 -1220 0
8192 -1216 0
8192 -1212 0
8192 -1208 0
8192 -1204 0
8192 -1200 0
8192 -1196 0
8192 -1192 0
8192 -1188 0
8192 -1184 0
8192 -1180 0
8192 -1176 0
8192 -1172 0
8192 -1168 0
8192 -1164 0
8192 -1160 0
8192 -1156 0
8192 -1152 0
8192 -1148 0
8192 -1144 0
8192 -1140 0
8192 -1136 0
8192 -1132 0
8192 -1128 0
8192 -1124 0
8192 -1120 0
8192 -1116 0
8192 -1112 0
8192 -1108 0
8192 -1104 0
8192 -1100 0
8192 -1096 0
8192 -1092 0
8192 -1088 0
8192 -1084 0
8192 -1080 0
8192 -1076 0
8192 -1072 0
8192 -1068 0
8192 -1064 0
8192 -1060 0
8192 -1056 0
8192 -1052 0
8192 -1048 0
8192 -1044 0
8192 -1040 0
8192 -1036 0
8192 -1032 0
8192 -1028 0
8192 -1024 0
8192 -1020 0
8192 -1016 0
8192 -1012 0
8192 -1008 0
8192 -1004 0
8192 -1000 0
8192 -996 0
8192 -992 0
8192 -988 0
8192 -984 0
8192 -980 0
8192 -976 0
8192 -972 0
8192 -968 0
8192 -964 0
8192 -960 0
8192 -956 0
8192 -952 0
8192 -948 0
8192 -944 0
8192 -940 0
8192 -936 0
8192 -932 0
8192 -928 0
8192 -924 0
8192 -920 0
8192 -916 0
8192 -912 0
8192 -908 0
8192 -904 0
8192 -900 0
8192 -896 0
8192 -892 0
8192 -888 0
8192 -884 0
8192 -880 0
8192 -876 0
8192 -872 0
8192 -868 0
8192 -864 0
8192 -860 0
8192 -856 0
8192 -852 0
8192 -848 0
8192 -844 0
8192 -840 0
8192 -836 0
8192 -832 0
8192 -828 0
8192 -824 0
8192 -820 0
8192 -816 0
8192 -812 0
8192 -808 0
8192 -804 0
8192 -800 0
8192 -796 0
8192 -792 0
8192 -788 0
8192 -784 0
8192 -780 0
8192 -776 0
8192 -772 0
8192 -768 0
8192 -764 0
8192 -760 0
8192 -756 0
8192 -752 0
8192 -748 0
8192 -744 0
8192 -740 0
8192 -736 0
8192 -732 0
8192 -728 0
8192 -724 0
8192 -720 0
8192 -716 0
8192 -712 0
8192 -708 0
8192 -704 0
8192 -700 0
8192 -696 0
8192 -692 0
8192 -688 0
8192 -684 0
8192 -680 0
8192 -676 0
8192 -672 0
8192 -668 0
8192 -664 0
8192 -660 0
8192 -656 0
8192 -652 0
8192 -648 0
8192 -644 0
8192 -640 0
8192 -636 0
8192 -632 0
8192 -628 0
8192 -624 0
8192 -620 0
8192 -616 0
8192 -612 0
8192 -608 0
8192 -604 0
8192 -600 0
8192 -596 0
8192 -592 0
8192 -588 0
8192 -584 0
8192 -580 0
8192 -576 0
8192 -572 0
8192 -568 0
8192 -564 0
8192 -560 0
8192 -556 0
8192 -552 0
8192 -548 0
8192 -544 0
8192 -540 0
8192 -536 0
8192 -532 0
8192 -528 0
8192 -524 0
8192 -520 0
8192 -516 0
8192 -512 0
8192 -508 0
8192 -504 0
8192 -500 0
8192 -496 0
8192 -492 0
8192 -488 0
8192 -484 0
8192 -480 0
8192 -476 0
8192 -472 0
8192 -468 0
8192 -464 0
8192 -460 0
8192 -456 0
8192 -452 0
8192 -448 0
8192 -444 0
8192 -440 0
8192 -436 0
8192 -432 0
8192 -428 0
8192 -424 0
8192 -420 0
8192 -416 0
8192 -412 0
8192 -408 0
8192 -404 0
8192 -400 0
8192 -396 0
8192 -392 0
8192 -388 0
8192 -384 0
8192 -380 0
8192 -376 0
8192 -372 0
8192 -368 0
8192 -364 0
8192 -360 0
8192 -356 0
8192 -352 0
8192 -348 0
8192 -344 0
8192 -340 0
8192 -336 0
8192 -332 0
8192 -328 0
8192 -324 0
8192 -320 0
8192 -316 0
8192 -312 0
8192 -308 0
8192 -304 0
8192 -300 0
8192 -296 0
8192 -292 0
8192 -288 0.00025
8192 -284 0
8192 -280 0
8192 -276 0
8192 -272 0
8192 -268 0
8192 -264 0
8192 -260 0
8192 -256 0
8192 -252 0.00025
8192 -248 0
8192 -244 0
8192 -240 0.00075
8192 -236 0
8192 -232 0.00025
8192 -228 0
8192 -224 0.00025
8192 -220 0
8192 -216 0.00025
8192 -212 0.00025
8192 -208 0.00075
8192 -204 0
8192 -200 0
8192 -196 0
8192 -192 0.00075
8192 -188 0.00075
8192 -184 0.001
8192 -180 0.0005
8192 -176 0.001
8192 -172 0.001
8192 -168 0.0005
8192 -164 0.00125
8192 -160 0.00025
8192 -156 0.00075
8192 -152 0.0015
8192 -148 0.00075
8192 -144 0.002
8192 -140 0.0005
8192 -136 0.00125
8192 -132 0.00125
8192 -128 0.001
8192 -124 0.00225
8192 -120 0.0025
8192 -116 0.00225
8192 -112 0.0025
8192 -108 0.00175
8192 -104 0.00225
8192 -100 0.00225
8192 -96 0.00175
8192 -92 0.00275
8192 -88 0.00325
8192 -84 0.00325
8192 -80 0.0025
8192 -76 0.00275
8192 -72 0.00325
8192 -68 0.004
8192 -64 0.0045
8192 -60 0.0035
8192 -56 0.00425
8192 -52 0.004
8192 -48 0.00425
8192 -44 0.00575
8192 -40 0.00425
8192 -36 0.0035
8192 -32 0.00475
8192 -28 0.00475
8192 -24 0.0045
8192 -20 0.00425
8192 -16 0.005
8192 -12 0.00425
8192 -8 0.005
8192 -4 0.004
8192 0 0.004
8192 4 0.00475
8192 8 0.0045
8192 12 0.0025
8192 16 0.00325
8192 20 0.0045
8192 24 0.00475
8192 28 0.00475
8192 32 0.00475
8192 36 0.004
8192 40 0.0045
8192 44 0.00425
8192 48 0.00075
8192 52 0.004
8192 56 0.00375
8192 60 0.00325
8192 64 0.00325
8192 68 0.0035
8192 72 0.00225
8192 76 0.0025
8192 80 0.003
8192 84 0.00375
8192 88 0.0025
8192 92 0.00225
8192 96 0.00175
8192 100 0.00125
8192 104 0.00225
8192 108 0.0015
8192 112 0.00225
8192 116 0.00225
8192 120 0.0015
8192 124 0.0025
8192 128 0.00075
8192 132 0.00125
8192 136 0.002
8192 140 0.00125
8192 144 0.001
8192 148 0.0005
8192 152 0.00175
8192 156 0.00125
8192 160 0.0005
8192 164 0.00125
8192 168 0.0015
8192 172 0.00075
8192 176 0.00125
8192 180 0.0005
8192 184 0.00125
8192 188 0.001
8192 192 0.00025
8192 196 0.00025
8192 200 0
8192 204 0.0005
8192 208 0
8192 212 0
8192 216 0
8192 220 0
8192 224 0.00025
8192 228 0
8192 232 0.0005
8192 236 0
8192 240 0
8192 244 0
8192 248 0
8192 252 0
8192 256 0.00025
8192 260 0.0005
8192 264 0
8192 268 0
8192 272 0
8192 276 0
8192 280 0
8192 284 0.00025
8192 288 0
8192 292 0
8192 296 0.00025
8192 300 0
8192 304 0
8192 308 0
8192 312 0
8192 316 0
8192 320 0
8192 324 0
8192 328 0
8192 332 0
8192 336 0
8192 340 0
8192 344 0
8192 348 0
8192 352 0
8192 356 0
8192 360 0
8192 364 0
8192 368 0
8192 372 0
8192 376 0
8192 380 0
8192 384 0
8192 388 0
8192 392 0
8192 396 0
8192 400 0
8192 404 0
8192 408 0
8192 412 0
8192 416 0
8192 420 0
8192 424 0
8192 428 0
8192 432 0
8192 436 0
8192 440 0
8192 444 0
8192 448 0
8192 452 0
8192 456 0
8192 460 0
8192 464 0
8192 468 0
8192 472 0
8192 476 0
8192 480 0
8192 484 0
8192 488 0
8192 492 0
8192 496 0
8192 500 0
8192 504 0
8192 508 0
8192 512 0
8192 516 0
8192 520 0
8192 524 0
8192 528 0
8192 532 0
8192 536 0
8192 540 0
8192 544 0
8192 548 0
8192 552 0
8192 556 0
8192 560 0
8192 564 0
8192 568 0
8192 572 0
8192 576 0
8192 580 0
8192 584 0
8192 588 0
8192 592 0
8192 596 0
8192 600 0
8192 604 0
8192 608 0
8192 612 0
8192 616 0
8192 620 0
8192 624 0
8192 628 0
8192 632 0
8192 636 0
8192 640 0
8192 644 0
8192 648 0
8192 652 0
8192 656 0
8192 660 0
8192 664 0
8192 668 0
8192 672 0
8192 676 0
8192 680 0
8192 684 0
8192 688 0
8192 692 0
8192 696 0
8192 700 0
8192 704 0
8192 708 0
8192 712 0
8192 716 0
8192 720 0
8192 724 0
8192 728 0
8192 732 0
8192 736 0
8192 740 0
8192 744 0
8192 748 0
8192 752 0
8192 756 0
8192 760 0
8192 764 0
8192 768 0
8192 772 0
8192 776 0
8192 780 0
8192 784 0
8192 788 0
8192 792 0
8192 796 0
8192 800 0
8192 804 0
8192 808 0
8192 812 0
8192 816 0
8192 820 0
8192 824 0
8192 828 0
8192 832 0
8192 836 0
8192 840 0
8192 844 0
8192 848 0
8192 852 0
8192 856 0
8192 860 0
8192 864 0
8192 868 0
8192 872 0
8192 876 0
8192 880 0
8192 884 0
8192 888 0
8192 892 0
8192 896 0
8192 900 0
8192 904 0
8192 908 0
8192 912 0
8192 916 0
8192 920 0
8192 924 0
8192 928 0
8192 932 0
8192 936 0
8192 940 0
8192 944 0
8192 948 0
8192 952 0
8192 956 0
8192 960 0
8192 964 0
8192 968 0
8192 972 0
8192 976 0
8192 980 0
8192 984 0
8192 988 0
8192 992 0
8192 996 0
8192 1000 0
8192 1004 0
8192 1008 0
8192 1012 0
8192 1016 0
8192 1020 0
8192 1024 0
8192 1028 0
8192 1032 0
8192 1036 0
8192 1040 0
8192 1044 0
8192 1048 0
8192 1052 0
8192 1056 0
8192 1060 0
8192 1064 0
8192 1068 0
8192 1072 0
8192 1076 0
8192 1080 0
8192 1084 0
8192 1088 0
8192 1092 0
8192 1096 0
8192 1100 0
8192 1104 0
8192 1108 0
8192 1112 0
8192 1116 0
8192 1120 0
8192 1124 0
8192 1128 0
8192 1132 0
8192 1136 0
8192 1140 0
8192 1144 0
8192 1148 0
8192 1152 0
8192 1156 0
8192 1160 0
8192 1164 0
8192 1168 0
8192 1172 0
8192 1176 0
8192 1180 0
8192 1184 0
8192 1188 0
8192 1192 0
8192 1196 0
8192 1200 0
8192 1204 0
8192 1208 0
8192 1212 0
8192 1216 0
8192 1220 0
8192 1224 0
8192 1228 0
8192 1232 0
8192 1236 0
8192 1240 0
8192 1244 0
8192 1248 0
8192 1252 0
8192 1256 0
8192 1260 0
8192 1264 0
8192 1268 0
8192 1272 0
8192 1276 0
8192 1280 0
8192 1284 0
8192 1288 0
8192 1292 0
8192 1296 0
8192 1300 0
8192 1304 0
8192 1308 0
8192 1312 0
8192 1316 0
8192 1320 0
8192 1324 0
8192 1328 0
8192 1332 0
8192 1336 0
8192 1340 0
8192 1344 0
8192 1348 0
8192 1352 0
8192 1356 0
8192 1360 0
8192 1364 0
8192 1368 0
8192 1372 0
8192 1376 0
8192 1380 0
8192 1384 0
8192 1388 0
8192 1392 0
8192 1396 0
8192 1400 0
8192 1404 0
8192 1408 0
8192 1412 0
8192 1416 0
8192 1420 0
8192 1424 0
8192 1428 0
8192 1432 0
8192 1436 0
8192 1440 0
8192 1444 0
8192 1448 0
8192 1452 0
8192 1456 0
8192 1460 0
8192 1464 0
8192 1468 0
8192 1472 0
8192 1476 0
8192 1480 0
8192 1484 0
8192 1488 0
8192 1492 0
8192 1496 0
8192 1500 0
8192 1504 0
8192 1508 0
8192 1512 0
8192 1516 0
8192 1520 0
8192 1524 0
8192 1528 0
8192 1532 0
8192 1536 0
8192 1540 0
8192 1544 0
8192 1548 0
8192 1552 0
8192 1556 0
8192 1560 0
8192 1564 0
8192 1568 0
8192 1572 0
8192 1576 0
8192 1580 0
8192 1584 0
8192 1588 0
8192 1592 0
8192 1596 0
8192 1600 0
8192 1604 0
8192 1608 0
8192 1612 0
8192 1616 0
8192 1620 0
8192 1624 0
8192 1628 0
8192 1632 0
8192 1636 0
8192 1640 0
8192 1644 0
8192 1648 0
8192 1652 0
8192 1656 0
8192 1660 0
8192 1664 0
8192 1668 0
8192 1672 0
8192 1676 0
8192 1680 0
8192 1684 0
8192 1688 0
8192 1692 0
8192 1696 0
8192 1700 0
8192 1704 0
8192 1708 0
8192 1712 0
8192 1716 0
8192 1720 0
8192 1724 0
8192 1728 0
8192 1732 0
8192 1736 0
8192 1740 0
8192 1744 0
8192 1748 0
8192 1752 0
8192 1756 0
8192 1760 0
8192 1764 0
8192 1768 0
8192 1772 0
8192 1776 0
8192 1780 0
8192 1784 0
8192 1788 0
8192 1792 0
8192 1796 0
8192 1800 0
8192 1804 0
8192 1808 0
8192 1812 0
8192 1816 0
8192 1820 0
8192 1824 0
8192 1828 0
8192 1832 0
8192 1836 0
8192 1840 0
8192 1844 0
8192 1848 0
8192 1852 0
8192 1856 0
8192 1860 0
8192 1864 0
8192 1868 0
8192 1872 0
8192 1876 0
8192 1880 0
8192 1884 0
8192 1888 0
8192 1892 0
8192 1896 0
8192 1900 0
8192 1904 0
8192 1908 0
8192 1912 0
8192 1916 0
8192 1920 0
8192 1924 0
8192 1928 0
8192 1932 0
8192 1936 0
8192 1940 0
8192 1944 0
8192 1948 0
8192 1952 0
8192 1956 0
8192 1960 0
8192 1964 0
8192 1968 0
8192 1972 0
8192 1976 0
8192 1980 0
8192 1984 0
8192 1988 0
8192 1992 0
8192 1996 0
8192 2000 0
8192 2004 0
8192 2008 0
8192 2012 0
8192 2016 0
8192 2020 0
8192 2024 0
8192 2028 0
8192 2032 0
8192 2036 0
8192 2040 0
8192 2044 0
8192 2048 0
8192 2052 0
8192 2056 0
8192 2060 0
8192 2064 0
8192 2068 0
8192 2072 0
8192 2076 0
8192 2080 0
8192 2084 0
8192 2088 0
8192 2092 0
8192 2096 0
8192 2100 0
8192 2104 0
8192 2108 0
8192 2112 0
8192 2116 0
8192 2120 0
8192 2124 0
8192 2128 0
8192 2132 0
8192 2136 0
8192 2140 0
8192 2144 0
8192 2148 0
8192 2152 0
8192 2156 0
8192 2160 0
8192 2164 0
8192 2168 0
8192 2172 0
8192 2176 0
8192 2180 0
8192 2184 0
8192 2188 0
8192 2192 0
8192 2196 0
8192 2200 0
8192 2204 0
8192 2208 0
8192 2212 0
8192 2216 0
8192 2220 0
8192 2224 0
8192 2228 0
8192 2232 0
8192 2236 0
8192 2240 0
8192 2244 0
8192 2248 0
8192 2252 0
8192 2256 0
8192 2260 0
8192 2264 0
8192 2268 0
8192 2272 0
8192 2276 0
8192 2280 0
8192 2284 0
8192 2288 0
8192 2292 0
8192 2296 0
8192 2300 0
8192 2304 0
8192 2308 0
8192 2312 0
8192 2316 0
8192 2320 0
8192 2324 0
8192 2328 0
8192 2332 0
8192 2336 0
8192 2340 0
8192 2344 0
8192 2348 0
8192 2352 0
8192 2356 0
8192 2360 0
8192 2364 0
8192 2368 0
8192 2372 0
8192 2376 0
8192 2380 0
8192 2384 0
8192 2388 0
8192 2392 0
8192 2396 0
8192 2400 0
8192 2404 0
8192 2408 0
8192 2412 0
8192 2416 0
8192 2420 0
8192 2424 0
8192 2428 0
8192 2432 0
8192 2436 0
8192 2440 0
8192 2444 0
8192 2448 0
8192 2452 0
8192 2456 0
8192 2460 0
8192 2464 0
8192 2468 0
8192 2472 0
8192 2476 0
8192 2480 0
8192 2484 0
8192 2488 0
8192 2492 0
8192 2496 0
8192 2500 0
8192 2504 0
8192 2508 0
8192 2512 0
8192 2516 0
8192 2520 0
8192 2524 0
8192 2528 0
8192 2532 0
8192 2536 0
8192 2540 0
8192 2544 0
8192 2548 0
8192 2552 0
8192 2556 0
8192 2560 0
8192 2564 0
8192 2568 0
8192 2572 0
8192 2576 0
8192 2580 0
8192 2584 0
8192 2588 0
8192 2592 0
8192 2596 0
8192 2600 0
8192 2604 0
8192 2608 0
8192 2612 0
8192 2616 0
8192 2620 0
8192 2624 0
8192 2628 0
8192 2632 0
8192 2636 0
8192 2640 0
8192 2644 0
8192 2648 0
8192 2652 0
8192 2656 0
8192 2660 0
8192 2664 0
8192 2668 0
8192 2672 0
8192 2676 0
8192 2680 0
8192 2684 0
8192 2688 0
8192 2692 0
8192 2696 0
8192 2700 0
8192 2704 0
8192 2708 0
8192 2712 0
8192 2716 0
8192 2720 0
8192 2724 0
8192 2728 0
8192 2732 0
8192 2736 0
8192 2740 0
8192 2744 0
8192 2748 0
8192 2752 0
8192 2756 0
8192 2760 0
8192 2764 0
8192 2768 0
8192 2772 0
8192 2776 0
8192 2780 0
8192 2784 0
8192 2788 0
8192 2792 0
8192 2796 0
8192 2800 0
8192 2804 0
8192 2808 0
8192 2812 0
8192 2816 0
8192 2820 0
8192 2824 0
8192 2828 0
8192 2832 0
8192 2836 0
8192 2840 0
8192 2844 0
8192 2848 0
8192 2852 0
8192 2856 0
8192 2860 0
8192 2864 0
8192 2868 0
8192 2872 0
8192 2876 0
8192 2880 0
8192 2884 0
8192 2888 0
8192 2892 0
8192 2896 0
8192 2900 0
8192 2904 0
8192 2908 0
8192 2912 0
8192 2916 0
8192 2920 0
8192 2924 0
8192 2928 0
8192 2932 0
8192 2936 0
8192 2940 0
8192 2944 0
8192 2948 0
8192 2952 0
8192 2956 0
8192 2960 0
8192 2964 0
8192 2968 0
8192 2972 0
8192 2976 0
8192 2980 0
8192 2984 0
8192 2988 0
8192 2992 0
8192 2996 0
8192 3000 0
8192 3004 0
8192 3008 0
8192 3012 0
8192 3016 0
8192 3020 0
8192 3024 0
8192 3028 0
8192 3032 0
8192 3036 0
8192 3040 0
8192 3044 0
8192 3048 0
8192 3052 0
8192 3056 0
8192 3060 0
8192 3064 0
8192 3068 0
8192 3072 0
8192 3076 0
8192 3080 0
8192 3084 0
8192 3088 0
8192 3092 0
8192 3096 0
8192 3100 0
8192 3104 0
8192 3108 0
8192 3112 0
8192 3116 0
8192 3120 0
8192 3124 0
8192 3128 0
8192 3132 0
8192 3136 0
8192 3140 0
8192 3144 0
8192 3148 0
8192 3152 0
8192 3156 0
8192 3160 0
8192 3164 0
8192 3168 0
8192 3172 0
8192 3176 0
8192 3180 0
8192 3184 0
8192 3188 0
8192 3192 0
8192 3196 0
8192 3200 0
8192 3204 0
8192 3208 0
8192 3212 0
8192 3216 0
8192 3220 0
8192 3224 0
8192 3228 0
8192 3232 0
8192 3236 0
8192 3240 0
8192 3244 0
8192 3248 0
8192 3252 0
8192 3256 0
8192 3260 0
8192 3264 0
8192 3268 0
8192 3272 0
8192 3276 0
8192 3280 0
8192 3284 0
8192 3288 0
8192 3292 0
8192 3296 0
8192 3300 0
8192 3304 0
8192 3308 0
8192 3312 0
8192 3316 0
8192 3320 0
8192 3324 0
8192 3328 0
8192 3332 0
8192 3336 0
8192 3340 0
8192 3344 0
8192 3348 0
8192 3352 0
8192 3356 0
8192 3360 0
8192 3364 0
8192 3368 0
8192 3372 0
8192 3376 0
8192 3380 0
8192 3384 0
8192 3388 0
8192 3392 0
8192 3396 0
8192 3400 0
8192 3404 0
8192 3408 0
8192 3412 0
8192 3416 0
8192 3420 0
8192 3424 0
8192 3428 0
8192 3432 0
8192 3436 0
8192 3440 0
8192 3444 0
8192 3448 0
8192 3452 0
8192 3456 0
8192 3460 0
8192 3464 0
8192 3468 0
8192 3472 0
8192 3476 0
8192 3480 0
8192 3484 0
8192 3488 0
8192 3492 0
8192 3496 0
8192 3500 0
8192 3504 0
8192 3508 0
8192 3512 0
8192 3516 0
8192 3520 0
8192 3524 0
8192 3528 0
8192 3532 0
8192 3536 0
8192 3540 0
8192 3544 0
8192 3548 0
8192 3552 0
8192 3556 0
8192 3560 0
8192 3564 0
8192 3568 0
8192 3572 0
8192 3576 0
8192 3580 0
8192 3584 0
8192 3588 0
8192 3592 0
8192 3596 0
8192 3600 0
8192 3604 0
8192 3608 0
8192 3612 0
8192 3616 0
8192 3620 0
8192 3624 0
8192 3628 0
8192 3632 0
8192 3636 0
8192 3640 0
8192 3644 0
8192 3648 0
8192 3652 0
8192 3656 0
8192 3660 0
8192 3664 0
8192 3668 0
8192 3672 0
8192 3676 0
8192 3680 0
8192 3684 0
8192 3688 0
8192 3692 0
8192 3696 0
8192 3700 0
8192 3704 0
8192 3708 0
8192 3712 0
8192 3716 0
8192 3720 0
8192 3724 0
8192 3728 0
8192 3732 0
8192 3736 0
8192 3740 0
8192 3744 0
8192 3748 0
8192 3752 0
8192 3756 0
8192 3760 0
8192 3764 0
8192 3768 0
8192 3772 0
8192 3776 0
8192 3780 0
8192 3784 0
8192 3788 0
8192 3792 0
8192 3796 0
8192 3800 0
8192 3804 0
8192 3808 0
8192 3812 0
8192 3816 0
8192 3820 0
8192 3824 0
8192 3828 0
8192 3832 0
8192 3836 0
8192 3840 0
8192 3844 0
8192 3848 0
8192 3852 0
8192 3856 0
8192 3860 0
8192 3864 0
8192 3868 0
8192 3872 0
8192 3876 0
8192 3880 0
8192 3884 0
8192 3888 0
8192 3892 0
8192 3896 0
8192 3900 0
8192 3904 0
8192 3908 0
8192 3912 0
8192 3916 0
8192 3920 0
8192 3924 0
8192 3928 0
8192 3932 0
8192 3936 0
8192 3940 0
8192 3944 0
8192 3948 0
8192 3952 0
8192 3956 0
8192 3960 0
8192 3964 0
8192 3968 0
8192 3972 0
8192 3976 0
8192 3980 0
8192 3984 0
8192 3988 0
8192 3992 0
8192 3996 0
8192 4000 0
8192 4004 0
8192 4008 0
8192 4012 0
8192 4016 0
8192 4020 0
8192 4024 0
8192 4028 0
8192 4032 0
8192 4036 0
8192 4040 0
8192 4044 0
8192 4048 0
8192 4052 0
8192 4056 0
8192 4060 0
8192 4064 0
8192 4068 0
8192 4072 0
8192 4076 0
8192 4080 0
8192 4084 0
8192 4088 0
8192 4092 0
8192 4096 0
8192 4100 0
8192 4104 0
8192 4108 0
8192 4112 0
8192 4116 0
8192 4120 0
8192 4124 0
8192 4128 0
8192 4132 0
8192 4136 0
8192 4140 0
8192 4144 0
8192 4148 0
8192 4152 0
8192 4156 0
8192 4160 0
8192 4164 0
8192 4168 0
8192 4172 0
8192 4176 0
8192 4180 0
8192 4184 0
8192 4188 0
8192 4192 0
8192 4196 0
8192 4200 0
8192 4204 0
8192 4208 0
8192 4212 0
8192 4216 0
8192 4220 0
8192 4224 0
8192 4228 0
8192 4232 0
8192 4236 0
8192 4240 0
8192 4244 0
8192 4248 0
8192 4252 0
8192 4256 0
8192 4260 0
8192 4264 0
8192 4268 0
8192 4272 0
8192 4276 0
8192 4280 0
8192 4284 0
8192 4288 0
8192 4292 0
8192 4296 0
8192 4300 0
8192 4304 0
8192 4308 0
8192 4312 0
8192 4316 0
8192 4320 0
8192 4324 0
8192 4328 0
8192 4332 0
8192 4336 0
8192 4340 0
8192 4344 0
8192 4348 0
8192 4352 0
8192 4356 0
8192 4360 0
8192 4364 0
8192 4368 0
8192 4372 0
8192 4376 0
8192 4380 0
8192 4384 0
8192 4388 0
8192 4392 0
8192 4396 0
8192 4400 0
8192 4404 0
8192 4408 0
8192 4412 0
8192 4416 0
8192 4420 0
8192 4424 0
8192 4428 0
8192 4432 0
8192 4436 0
8192 4440 0
8192 4444 0
8192 4448 0
8192 4452 0
8192 4456 0
8192 4460 0
8192 4464 0
8192 4468 0
8192 4472 0
8192 4476 0
8192 4480 0
8192 4484 0
8192 4488 0
8192 4492 0
8192 4496 0
8192 4500 0
8192 4504 0
8192 4508 0
8192 4512 0
8192 4516 0
8192 4520 0
8192 4524 0
8192 4528 0
8192 4532 0
8192 4536 0
8192 4540 0
8192 4544 0
8192 4548 0
8192 4552 0
8192 4556 0
8192 4560 0
8192 4564 0
8192 4568 0
8192 4572 0
8192 4576 0
8192 4580 0
8192 4584 0
8192 4588 0
8192 4592 0
8192 4596 0
8192 4600 0
8192 4604 0
8192 4608 0
8192 4612 0
8192 4616 0
8192 4620 0
8192 4624 0
8192 4628 0
8192 4632 0
8192 4636 0
8192 4640 0
8192 4644 0
8192 4648 0
8192 4652 0
8192 4656 0
8192 4660 0
8192 4664 0
8192 4668 0
8192 4672 0
8192 4676 0
8192 4680 0
8192 4684 0
8192 4688 0
8192 4692 0
8192 4696 0
8192 4700 0
8192 4704 0
8192 4708 0
8192 4712 0
8192 4716 0
8192 4720 0
8192 4724 0
8192 4728 0
8192 4732 0
8192 4736 0
8192 4740 0
8192 4744 0
8192 4748 0
8192 4752 0
8192 4756 0
8192 4760 0
8192 4764 0
8192 4768 0
8192 4772 0
8192 4776 0
8192 4780 0
8192 4784 0
8192 4788 0
8192 4792 0
8192 4796 0
8192 4800 0
8192 4804 0
8192 4808 0
8192 4812 0
8192 4816 0
8192 4820 0
8192 4824 0
8192 4828 0
8192 4832 0
8192 4836 0
8192 4840 0
8192 4844 0
8192 4848 0
8192 4852 0
8192 4856 0
8192 4860 0
8192 4864 0
8192 4868 0
8192 4872 0
8192 4876 0
8192 4880 0
8192 4884 0
8192 4888 0
8192 4892 0
8192 4896 0
8192 4900 0
8192 4904 0
8192 4908 0
8192 4912 0
8192 4916 0
8192 4920 0
8192 4924 0
8192 4928 0
8192 4932 0
8192 4936 0
8192 4940 0
8192 4944 0
8192 4948 0
8192 4952 0
8192 4956 0
8192 4960 0
8192 4964 0
8192 4968 0
8192 4972 0
8192 4976 0
8192 4980 0
8192 4984 0
8192 4988 0
8192 4992 0
8192 4996 0
8192 5000 0
8192 5004 0
8192 5008 0
8192 5012 0
8192 5016 0
8192 5020 0
8192 5024 0
8192 5028 0
8192 5032 0
8192 5036 0
8192 5040 0
8192 5044 0
8192 5048 0
8192 5052 0
8192 5056 0
8192 5060 0
8192 5064 0
8192 5068 0
8192 5072 0
8192 5076 0
8192 5080 0
8192 5084 0
8192 5088 0
8192 5092 0
8192 5096 0
8192 5100 0
8192 5104 0
8192 5108 0
8192 5112 0
8192 5116 0
8192 5120 0
8192 5124 0
8192 5128 0
8192 5132 0
8192 5136 0
8192 5140 0
8192 5144 0
8192 5148 0
8192 5152 0
8192 5156 0
8192 5160 0
8192 5164 0
8192 5168 0
8192 5172 0
8192 5176 0
8192 5180 0
8192 5184 0
8192 5188 0
8192 5192 0
8192 5196 0
8192 5200 0
8192 5204 0
8192 5208 0
8192 5212 0
8192 5216 0
8192 5220 0
8192 5224 0
8192 5228 0
8192 5232 0
8192 5236 0
8192 5240 0
8192 5244 0
8192 5248 0
8192 5252 0
8192 5256 0
8192 5260 0
8192 5264 0
8192 5268 0
8192 5272 0
8192 5276 0
8192 5280 0
8192 5284 0
8192 5288 0
8192 5292 0
8192 5296 0
8192 5300 0
8192 5304 0
8192 5308 0
8192 5312 0
8192 5316 0
8192 5320 0
8192 5324 0
8192 5328 0
8192 5332 0
8192 5336 0
8192 5340 0
8192 5344 0
8192 5348 0
8192 5352 0
8192 5356 0
8192 5360 0
8192 5364 0
8192 5368 0
8192 5372 0
8192 5376 0
8192 5380 0
8192 5384 0
8192 5388 0
8192 5392 0
8192 5396 0
8192 5400 0
8192 5404 0
8192 5408 0
8192 5412 0
8192 5416 0
8192 5420 0
8192 5424 0
8192 5428 0
8192 5432 0
8192 5436 0
8192 5440 0
8192 5444 0
8192 5448 0
8192 5452 0
8192 5456 0
8192 5460 0
8192 5464 0
8192 5468 0
8192 5472 0
8192 5476 0
8192 5480 0
8192 5484 0
8192 5488 0
8192 5492 0
8192 5496 0
8192 5500 0
8192 5504 0
8192 5508 0
8192 5512 0
8192 5516 0
8192 5520 0
8192 5524 0
8192 5528 0
8192 5532 0
8192 5536 0
8192 5540 0
8192 5544 0
8192 5548 0
8192 5552 0
8192 5556 0
8192 5560 0
8192 5564 0
8192 5568 0
8192 5572 0
8192 5576 0
8192 5580 0
8192 5584 0
8192 5588 0
8192 5592 0
8192 5596 0
8192 5600 0
8192 5604 0
8192 5608 0
8192 5612 0
8192 5616 0
8192 5620 0
8192 5624 0
8192 5628 0
8192 5632 0
8192 5636 0
8192 5640 0
8192 5644 0
8192 5648 0
8192 5652 0
8192 5656 0
8192 5660 0
8192 5664 0
8192 5668 0
8192 5672 0
8192 5676 0
8192 5680 0
8192 5684 0
8192 5688 0
8192 5692 0
8192 5696 0
8192 5700 0
8192 5704 0
8192 5708 0
8192 5712 0
8192 5716 0
8192 5720 0
8192 5724 0
8192 5728 0
8192 5732 0
8192 5736 0
8192 5740 0
8192 5744 0
8192 5748 0
8192 5752 0
8192 5756 0
8192 5760 0
8192 5764 0
8192 5768 0
8192 5772 0
8192 5776 0
8192 5780 0
8192 5784 0
8192 5788 0
8192 5792 0
8192 5796 0
8192 5800 0
8192 5804 0
8192 5808 0
8192 5812 0
8192 5816 0
8192 5820 0
8192 5824 0
8192 5828 0
8192 5832 0
8192 5836 0
8192 5840 0
8192 5844 0
8192 5848 0
8192 5852 0
8192 5856 0
8192 5860 0
8192 5864 0
8192 5868 0
8192 5872 0
8192 5876 0
8192 5880 0
8192 5884 0
8192 5888 0
8192 5892 0
8192 5896 0
8192 5900 0
8192 5904 0
8192 5908 0
8192 5912 0
8192 5916 0
8192 5920 0
8192 5924 0
8192 5928 0
8192 5932 0
8192 5936 0
8192 5940 0
8192 5944 0
8192 5948 0
8192 5952 0
8192 5956 0
8192 5960 0
8192 5964 0
8192 5968 0
8192 5972 0
8192 5976 0
8192 5980 0
8192 5984 0
8192 5988 0
8192 5992 0
8192 5996 0
8192 6000 0
8192 6004 0
8192 6008 0
8192 6012 0
8192 6016 0
8192 6020 0
8192 6024 0
8192 6028 0
8192 6032 0
8192 6036 0
8192 6040 0
8192 6044 0
8192 6048 0
8192 6052 0
8192 6056 0
8192 6060 0
8192 6064 0
8192 6068 0
8192 6072 0
8192 6076 0
8192 6080 0
8192 6084 0
8192 6088 0
8192 6092 0
8192 6096 0
8192 6100 0
8192 6104 0
8192 6108 0
8192 6112 0
8192 6116 0
8192 6120 0
8192 6124 0
8192 6128 0
8192 6132 0
8192 6136 0
8192 6140 0
8192 6144 0
8192 6148 0
8192 6152 0
8192 6156 0
8192 6160 0
8192 6164 0
8192 6168 0
8192 6172 0
8192 6176 0
8192 6180 0
8192 6184 0
8192 6188 0
8192 6192 0
8192 6196 0
8192 6200 0
8192 6204 0
8192 6208 0
8192 6212 0
8192 6216 0
8192 6220 0
8192 6224 0
8192 6228 0
8192 6232 0
8192 6236 0
8192 6240 0
8192 6244 0
8192 6248 0
8192 6252 0
8192 6256 0
8192 6260 0
8192 6264 0
8192 6268 0
8192 6272 0
8192 6276 0
8192 6280 0
8192 6284 0
8192 6288 0
8192 6292 0
8192 6296 0
8192 6300 0
8192 6304 0
8192 6308 0
8192 6312 0
8192 6316 0
8192 6320 0
8192 6324 0
8192 6328 0
8192 6332 0
8192 6336 0
8192 6340 0
8192 6344 0
8192 6348 0
8192 6352 0
8192 6356 0
8192 6360 0
8192 6364 0
8192 6368 0
8192 6372 0
8192 6376 0
8192 6380 0
8192 6384 0
8192 6388 0
8192 6392 0
8192 6396 0
8192 6400 0
8192 6404 0
8192 6408 0
8192 6412 0
8192 6416 0
8192 6420 0
8192 6424 0
8192 6428 0
8192 6432 0
8192 6436 0
8192 6440 0
8192 6444 0
8192 6448 0
8192 6452 0
8192 6456 0
8192 6460 0
8192 6464 0
8192 6468 0
8192 6472 0
8192 6476 0
8192 6480 0
8192 6484 0
8192 6488 0
8192 6492 0
8192 6496 0
8192 6500 0
8192 6504 0
8192 6508 0
8192 6512 0
8192 6516 0
8192 6520 0
8192 6524 0
8192 6528 0
8192 6532 0
8192 6536 0
8192 6540 0
8192 6544 0
8192 6548 0
8192 6552 0
8192 6556 0
8192 6560 0
8192 6564 0
8192 6568 0
8192 6572 0
8192 6576 0
8192 6580 0
8192 6584 0
8192 6588 0
8192 6592 0
8192 6596 0
8192 6600 0
8192 6604 0
8192 6608 0
8192 6612 0
8192 6616 0
8192 6620 0
8192 6624 0
8192 6628 0
8192 6632 0
8192 6636 0
8192 6640 0
8192 6644 0
8192 6648 0
8192 6652 0
8192 6656 0
8192 6660 0
8192 6664 0
8192 6668 0
8192 6672 0
8192 6676 0
8192 6680 0
8192 6684 0
8192 6688 0
8192 6692 0
8192 6696 0
8192 6700 0
8192 6704 0
8192 6708 0
8192 6712 0
8192 6716 0
8192 6720 0
8192 6724 0
8192 6728 0
8192 6732 0
8192 6736 0
8192 6740 0
8192 6744 0
8192 6748 0
8192 6752 0
8192 6756 0
8192 6760 0
8192 6764 0
8192 6768 0
8192 6772 0
8192 6776 0
8192 6780 0
8192 6784 0
8192 6788 0
8192 6792 0
8192 6796 0
8192 6800 0
8192 6804 0
8192 6808 0
8192 6812 0
8192 6816 0
8192 6820 0
8192 6824 0
8192 6828 0
8192 6832 0
8192 6836 0
8192 6840 0
8192 6844 0
8192 6848 0
8192 6852 0
8192 6856 0
8192 6860 0
8192 6864 0
8192 6868 0
8192 6872 0
8192 6876 0
8192 6880 0
8192 6884 0
8192 6888 0
8192 6892 0
8192 6896 0
8192 6900 0
8192 6904 0
8192 6908 0
8192 6912 0
8192 6916 0
8192 6920 0
8192 6924 0
8192 6928 0
8192 6932 0
8192 6936 0
8192 6940 0
8192 6944 0
8192 6948 0
8192 6952 0
8192 6956 0
8192 6960 0
8192 6964 0
8192 6968 0
8192 6972 0
8192 6976 0
8192 6980 0
8192 6984 0
8192 6988 0
8192 6992 0
8192 6996 0
8192 7000 0
8192 7004 0
8192 7008 0
8192 7012 0
8192 7016 0
8192 7020 0
8192 7024 0
8192 7028 0
8192 7032 0
8192 7036 0
8192 7040 0
8192 7044 0
8192 7048 0
8192 7052 0
8192 7056 0
8192 7060 0
8192 7064 0
8192 7068 0
8192 7072 0
8192 7076 0
8192 7080 0
8192 7084 0
8192 7088 0
8192 7092 0
8192 7096 0
8192 7100 0
8192 7104 0
8192 7108 0
8192 7112 0
8192 7116 0
8192 7120 0
8192 7124 0
8192 7128 0
8192 7132 0
8192 7136 0
8192 7140 0
8192 7144 0
8192 7148 0
8192 7152 0
8192 7156 0
8192 7160 0
8192 7164 0
8192 7168 0
8192 7172 0
8192 7176 0
8192 7180 0
8192 7184 0
8192 7188 0
8192 7192 0
8192 7196 0
8192 7200 0
8192 7204 0
8192 7208 0
8192 7212 0
8192 7216 0
8192 7220 0
8192 7224 0
8192 7228 0
8192 7232 0
8192 7236 0
8192 7240 0
8192 7244 0
8192 7248 0
8192 7252 0
8192 7256 0
8192 7260 0
8192 7264 0
8192 7268 0
8192 7272 0
8192 7276 0
8192 7280 0
8192 7284 0
8192 7288 0
8192 7292 0
8192 7296 0
8192 7300 0
8192 7304 0
8192 7308 0
8192 7312 0
8192 7316 0
8192 7320 0
8192 7324 0
8192 7328 0
8192 7332 0
8192 7336 0
8192 7340 0
8192 7344 0
8192 7348 0
8192 7352 0
8192 7356 0
8192 7360 0
8192 7364 0
8192 7368 0
8192 7372 0
8192 7376 0
8192 7380 0
8192 7384 0
8192 7388 0
8192 7392 0
8192 7396 0
8192 7400 0
8192 7404 0
8192 7408 0
8192 7412 0
8192 7416 0
8192 7420 0
8192 7424 0
8192 7428 0
8192 7432 0
8192 7436 0
8192 7440 0
8192 7444 0
8192 7448 0
8192 7452 0
8192 7456 0
8192 7460 0
8192 7464 0
8192 7468 0
8192 7472 0
8192 7476 0
8192 7480 0
8192 7484 0
8192 7488 0
8192 7492 0
8192 7496 0
8192 7500 0
8192 7504 0
8192 7508 0
8192 7512 0
8192 7516 0
8192 7520 0
8192 7524 0
8192 7528 0
8192 7532 0
8192 7536 0
8192 7540 0
8192 7544 0
8192 7548 0
8192 7552 0
8192 7556 0
8192 7560 0
8192 7564 0
8192 7568 0
8192 7572 0
8192 7576 0
8192 7580 0
8192 7584 0
8192 7588 0
8192 7592 0
8192 7596 0
8192 7600 0
8192 7604 0
8192 7608 0
8192 7612 0
8192 7616 0
8192 7620 0
8192 7624 0
8192 7628 0
8192 7632 0
8192 7636 0
8192 7640 0
8192 7644 0
8192 7648 0
8192 7652 0
8192 7656 0
8192 7660 0
8192 7664 0
8192 7668 0
8192 7672 0
8192 7676 0
8192 7680 0
8192 7684 0
8192 7688 0
8192 7692 0
8192 7696 0
8192 7700 0
8192 7704 0
8192 7708 0
8192 7712 0
8192 7716 0
8192 7720 0
8192 7724 0
8192 7728 0
8192 7732 0
8192 7736 0
8192 7740 0
8192 7744 0
8192 7748 0
8192 7752 0
8192 7756 0
8192 7760 0
8192 7764 0
8192 7768 0
8192 7772 0
8192 7776 0
8192 7780 0
8192 7784 0
8192 7788 0
8192 7792 0
8192 7796 0
8192 7800 0
8192 7804 0
8192 7808 0
8192 7812 0
8192 7816 0
8192 7820 0
8192 7824 0
8192 7828 0
8192 7832 0
8192 7836 0
8192 7840 0
8192 7844 0
8192 7848 0
8192 7852 0
8192 7856 0
8192 7860 0
8192 7864 0
8192 7868 0
8192 7872 0
8192 7876 0
8192 7880 0
8192 7884 0
8192 7888 0
8192 7892 0
8192 7896 0
8192 7900 0
8192 7904 0
8192 7908 0
8192 7912 0
8192 7916 0
8192 7920 0
8192 7924 0
8192 7928 0
8192 7932 0
8192 7936 0
8192 7940 0
8192 7944 0
8192 7948 0
8192 7952 0
8192 7956 0
8192 7960 0
8192 7964 0
8192 7968 0
8192 7972 0
8192 7976 0
8192 7980 0
8192 7984 0
8192 7988 0
8192 7992 0
8192 7996 0
8192 8000 0
8192 8004 0
8192 8008 0
8192 8012 0
8192 8016 0
8192 8020 0
8192 8024 0
8192 8028 0
8192 8032 0
8192 8036 0
8192 8040 0
8192 8044 0
8192 8048 0
8192 8052 0
8192 8056 0
8192 8060 0
8192 8064 0
8192 8068 0
8192 8072 0
8192 8076 0
8192 8080 0
8192 8084 0
8192 8088 0
8192 8092 0
8192 8096 0
8192 8100 0
8192 8104 0
8192 8108 0
8192 8112 0
8192 8116 0
8192 8120 0
8192 8124 0
8192 8128 0
8192 8132 0
8192 8136 0
8192 8140 0
8192 8144 0
8192 8148 0
8192 8152 0
8192 8156 0
8192 8160 0
8192 8164 0
8192 8168 0
8192 8172 0
8192 8176 0
8192 8180 0
8192 8184 0
8192 8188 0
8192 8192 0


